state,district,date,fire_count,frp_sum,horizon,target_fire_count,actual_elevated,probability,prediction
Haryana,Ambala,2025-10-15,0,0.0,1,2.0,0,0.020685463783195846,0
Haryana,Ambala,2025-10-16,2,3.1,1,0.0,0,0.11779108722158575,0
Haryana,Ambala,2025-10-17,0,0.0,1,0.0,0,0.07334334851346552,0
Haryana,Ambala,2025-10-18,0,0.0,1,1.0,0,0.07110243440666361,0
Haryana,Ambala,2025-10-19,1,7.36,1,3.0,1,0.23606341957439828,0
Haryana,Ambala,2025-10-20,3,8.36,1,2.0,0,0.2015610715729108,0
Haryana,Ambala,2025-10-21,2,5.03,1,1.0,0,0.3464699426857593,0
Haryana,Ambala,2025-10-22,1,3.08,1,0.0,0,0.3708069613502639,0
Haryana,Ambala,2025-10-23,0,0.0,1,0.0,0,0.17227292917564288,0
Haryana,Ambala,2025-10-24,0,0.0,1,1.0,0,0.07885951888123709,0
Haryana,Ambala,2025-10-25,1,2.44,1,4.0,1,0.1832645831456521,0
Haryana,Ambala,2025-10-26,4,14.37,1,2.0,0,0.46369013793192015,1
Haryana,Ambala,2025-10-27,2,3.93,1,0.0,0,0.35343208887007554,0
Haryana,Ambala,2025-10-28,0,0.0,1,2.0,0,0.38761250594543534,0
Haryana,Ambala,2025-10-29,2,5.92,1,0.0,0,0.29409360096561415,0
Haryana,Ambala,2025-10-30,0,0.0,1,3.0,1,0.050497488422650234,0
Haryana,Ambala,2025-10-31,3,11.989999999999998,1,0.0,0,0.5616127028630766,1
Haryana,Ambala,2025-11-01,0,0.0,1,4.0,1,0.16291242222895805,0
Haryana,Ambala,2025-11-02,4,11.68,1,0.0,0,0.4146535119429497,1
Haryana,Ambala,2025-11-03,0,0.0,1,0.0,0,0.2612837364230867,0
Haryana,Ambala,2025-11-04,0,0.0,1,0.0,0,0.0938985183195787,0
Haryana,Ambala,2025-11-05,0,0.0,1,0.0,0,0.1914576942579928,0
Haryana,Ambala,2025-11-06,0,0.0,1,1.0,0,0.004592378507027988,0
Haryana,Ambala,2025-11-07,1,1.65,1,1.0,0,0.2376836629748144,0
Haryana,Ambala,2025-11-08,1,2.63,1,0.0,0,0.060486966012522195,0
Haryana,Ambala,2025-11-09,0,0.0,1,0.0,0,0.2197243007158536,0
Haryana,Ambala,2025-11-10,0,0.0,1,0.0,0,0.02060711971140777,0
Haryana,Ambala,2025-11-11,0,0.0,1,0.0,0,0.02287557909174511,0
Haryana,Ambala,2025-11-12,0,0.0,1,2.0,0,0.006171794081599784,0
Haryana,Ambala,2025-11-13,2,8.79,1,0.0,0,0.0856009048989033,0
Haryana,Ambala,2025-11-14,0,0.0,1,0.0,0,0.047255095905227994,0
Haryana,Ambala,2025-11-15,0,0.0,1,0.0,0,0.07834824389812384,0
Haryana,Ambala,2025-11-16,0,0.0,1,0.0,0,0.01922174732732829,0
Haryana,Ambala,2025-11-17,0,0.0,1,0.0,0,4.2968519284153396e-05,0
Haryana,Ambala,2025-11-18,0,0.0,1,0.0,0,0.04246374379642712,0
Haryana,Ambala,2025-11-19,0,0.0,1,0.0,0,0.0020884117693378136,0
Haryana,Ambala,2025-11-20,0,0.0,1,0.0,0,0.16468838609713987,0
Haryana,Ambala,2025-11-21,0,0.0,1,0.0,0,0.0002712117185250644,0
Haryana,Ambala,2025-11-22,0,0.0,1,1.0,0,0.0044340707016315905,0
Haryana,Ambala,2025-11-23,1,5.52,1,0.0,0,0.08979226522908926,0
Haryana,Bhiwani,2025-10-15,0,0.0,1,1.0,0,0.00429218462273393,0
Haryana,Bhiwani,2025-10-16,1,1.3,1,0.0,0,0.024309555090195976,0
Haryana,Bhiwani,2025-10-17,0,0.0,1,2.0,0,0.04838920427241154,0
Haryana,Bhiwani,2025-10-18,2,7.77,1,0.0,0,0.18730714258029216,0
Haryana,Bhiwani,2025-10-19,0,0.0,1,2.0,0,0.0265356147390376,0
Haryana,Bhiwani,2025-10-20,2,8.27,1,1.0,0,0.2724536065489945,0
Haryana,Bhiwani,2025-10-21,1,2.59,1,6.0,1,0.22256579330067727,0
Haryana,Bhiwani,2025-10-22,6,11.41,1,0.0,0,0.2668352069664387,0
Haryana,Bhiwani,2025-10-23,0,0.0,1,0.0,0,0.2593596895981239,0
Haryana,Bhiwani,2025-10-24,0,0.0,1,0.0,0,0.27839101284149037,0
Haryana,Bhiwani,2025-10-25,0,0.0,1,1.0,0,0.27180058581120536,0
Haryana,Bhiwani,2025-10-26,1,2.52,1,0.0,0,0.03383127161086982,0
Haryana,Bhiwani,2025-10-27,0,0.0,1,0.0,0,0.31885134069674037,0
Haryana,Bhiwani,2025-10-28,0,0.0,1,0.0,0,0.11769351203258063,0
Haryana,Bhiwani,2025-10-29,0,0.0,1,0.0,0,0.3409900184297653,0
Haryana,Bhiwani,2025-10-30,0,0.0,1,0.0,0,0.012679310714973477,0
Haryana,Bhiwani,2025-10-31,0,0.0,1,0.0,0,0.024089114921539714,0
Haryana,Bhiwani,2025-11-01,0,0.0,1,0.0,0,0.019472146418298097,0
Haryana,Bhiwani,2025-11-02,0,0.0,1,0.0,0,0.04360038781808064,0
Haryana,Bhiwani,2025-11-03,0,0.0,1,0.0,0,0.021208388854744763,0
Haryana,Bhiwani,2025-11-04,0,0.0,1,1.0,0,0.017885880531449978,0
Haryana,Bhiwani,2025-11-05,1,12.65,1,2.0,0,0.14391616015311873,0
Haryana,Bhiwani,2025-11-06,2,6.279999999999999,1,4.0,1,0.11962377481504291,0
Haryana,Bhiwani,2025-11-07,4,11.12,1,0.0,0,0.23605092682914205,0
Haryana,Bhiwani,2025-11-08,0,0.0,1,0.0,0,0.09693942999193189,0
Haryana,Bhiwani,2025-11-09,0,0.0,1,0.0,0,0.1483233787058309,0
Haryana,Bhiwani,2025-11-10,0,0.0,1,7.0,1,0.13087715889781484,0
Haryana,Bhiwani,2025-11-11,7,24.64,1,0.0,0,0.3777161948367316,0
Haryana,Bhiwani,2025-11-12,0,0.0,1,0.0,0,0.3561605105658769,0
Haryana,Bhiwani,2025-11-13,0,0.0,1,0.0,0,0.2522272603109848,0
Haryana,Bhiwani,2025-11-14,0,0.0,1,1.0,0,0.305492860968796,0
Haryana,Bhiwani,2025-11-15,1,2.09,1,3.0,1,0.0169751765153888,0
Haryana,Bhiwani,2025-11-16,3,11.48,1,3.0,1,0.45559180413229766,1
Haryana,Bhiwani,2025-11-17,3,19.94,1,0.0,0,0.27925922218022636,0
Haryana,Bhiwani,2025-11-18,0,0.0,1,0.0,0,0.34247639144025505,0
Haryana,Bhiwani,2025-11-19,0,0.0,1,0.0,0,0.16695780755448722,0
Haryana,Bhiwani,2025-11-20,0,0.0,1,0.0,0,0.16585686140940437,0
Haryana,Bhiwani,2025-11-21,0,0.0,1,3.0,1,0.07418804698432391,0
Haryana,Bhiwani,2025-11-22,3,16.310000000000002,1,1.0,0,0.32430711653184524,0
Haryana,Bhiwani,2025-11-23,1,2.64,1,0.0,0,0.29032374559539553,0
Haryana,Charkhi Dadri,2025-10-15,0,0.0,1,0.0,0,0.010232950723182794,0
Haryana,Charkhi Dadri,2025-10-16,0,0.0,1,0.0,0,0.005964513022458874,0
Haryana,Charkhi Dadri,2025-10-17,0,0.0,1,0.0,0,0.06731606987039994,0
Haryana,Charkhi Dadri,2025-10-18,0,0.0,1,0.0,0,0.008219099200749506,0
Haryana,Charkhi Dadri,2025-10-19,0,0.0,1,0.0,0,0.0001951423300491678,0
Haryana,Charkhi Dadri,2025-10-20,0,0.0,1,0.0,0,0.009308547474879319,0
Haryana,Charkhi Dadri,2025-10-21,0,0.0,1,0.0,0,0.006044824324521323,0
Haryana,Charkhi Dadri,2025-10-22,0,0.0,1,0.0,0,0.012052090122859887,0
Haryana,Charkhi Dadri,2025-10-23,0,0.0,1,0.0,0,0.04825737363706409,0
Haryana,Charkhi Dadri,2025-10-24,0,0.0,1,0.0,0,0.03328647228575405,0
Haryana,Charkhi Dadri,2025-10-25,0,0.0,1,0.0,0,0.0005259976987529394,0
Haryana,Charkhi Dadri,2025-10-26,0,0.0,1,0.0,0,0.011165741595933533,0
Haryana,Charkhi Dadri,2025-10-27,0,0.0,1,0.0,0,0.013203123370775123,0
Haryana,Charkhi Dadri,2025-10-28,0,0.0,1,0.0,0,0.05247286747368359,0
Haryana,Charkhi Dadri,2025-10-29,0,0.0,1,0.0,0,0.02454365460203864,0
Haryana,Charkhi Dadri,2025-10-30,0,0.0,1,0.0,0,0.03781252670444274,0
Haryana,Charkhi Dadri,2025-10-31,0,0.0,1,1.0,0,0.007276871701656595,0
Haryana,Charkhi Dadri,2025-11-01,1,2.49,1,0.0,0,0.007055521887930846,0
Haryana,Charkhi Dadri,2025-11-02,0,0.0,1,0.0,0,0.026522471704995443,0
Haryana,Charkhi Dadri,2025-11-03,0,0.0,1,0.0,0,0.03674506633828822,0
Haryana,Charkhi Dadri,2025-11-04,0,0.0,1,0.0,0,0.03281639035626746,0
Haryana,Charkhi Dadri,2025-11-05,0,0.0,1,0.0,0,0.012689038933130826,0
Haryana,Charkhi Dadri,2025-11-06,0,0.0,1,0.0,0,0.008892277179972465,0
Haryana,Charkhi Dadri,2025-11-07,0,0.0,1,0.0,0,0.00311491580835243,0
Haryana,Charkhi Dadri,2025-11-08,0,0.0,1,0.0,0,0.05144331971886633,0
Haryana,Charkhi Dadri,2025-11-09,0,0.0,1,0.0,0,0.003963270691144398,0
Haryana,Charkhi Dadri,2025-11-10,0,0.0,1,0.0,0,0.0021985240748397085,0
Haryana,Charkhi Dadri,2025-11-11,0,0.0,1,0.0,0,0.0032763018526174863,0
Haryana,Charkhi Dadri,2025-11-12,0,0.0,1,0.0,0,0.0021985240748397085,0
Haryana,Charkhi Dadri,2025-11-13,0,0.0,1,2.0,0,0.004354079630395264,0
Haryana,Charkhi Dadri,2025-11-14,2,11.48,1,0.0,0,0.10995490002180876,0
Haryana,Charkhi Dadri,2025-11-15,0,0.0,1,1.0,0,0.07303248521077382,0
Haryana,Charkhi Dadri,2025-11-16,1,2.21,1,0.0,0,0.12905489665124745,0
Haryana,Charkhi Dadri,2025-11-17,0,0.0,1,0.0,0,0.07976072014718619,0
Haryana,Charkhi Dadri,2025-11-18,0,0.0,1,0.0,0,0.04158578292912637,0
Haryana,Charkhi Dadri,2025-11-19,0,0.0,1,0.0,0,0.04768323602905362,0
Haryana,Charkhi Dadri,2025-11-20,0,0.0,1,0.0,0,0.0044714475989166905,0
Haryana,Charkhi Dadri,2025-11-21,0,0.0,1,0.0,0,0.1521112261917667,0
Haryana,Charkhi Dadri,2025-11-22,0,0.0,1,0.0,0,0.004391704093490844,0
Haryana,Charkhi Dadri,2025-11-23,0,0.0,1,0.0,0,0.03687816903080623,0
Haryana,Faridabad,2025-10-15,3,2.53,1,0.0,0,0.31330596202989097,0
Haryana,Faridabad,2025-10-16,0,0.0,1,2.0,0,0.127519941222827,0
Haryana,Faridabad,2025-10-17,2,3.04,1,1.0,0,0.19626459685614425,0
Haryana,Faridabad,2025-10-18,1,0.31,1,0.0,0,0.2047259975069212,0
Haryana,Faridabad,2025-10-19,0,0.0,1,1.0,0,0.11463620708722867,0
Haryana,Faridabad,2025-10-20,1,0.53,1,0.0,0,0.20078327664599704,0
Haryana,Faridabad,2025-10-21,0,0.0,1,1.0,0,0.1357175567182346,0
Haryana,Faridabad,2025-10-22,1,0.74,1,0.0,0,0.22510314112796942,0
Haryana,Faridabad,2025-10-23,0,0.0,1,0.0,0,0.07590263085801234,0
Haryana,Faridabad,2025-10-24,0,0.0,1,0.0,0,0.12538131198399796,0
Haryana,Faridabad,2025-10-25,0,0.0,1,4.0,1,0.07873850699026531,0
Haryana,Faridabad,2025-10-26,4,4.0600000000000005,1,0.0,0,0.08615593960938206,0
Haryana,Faridabad,2025-10-27,0,0.0,1,0.0,0,0.14120485059292573,0
Haryana,Faridabad,2025-10-28,0,0.0,1,0.0,0,0.14613806028174528,0
Haryana,Faridabad,2025-10-29,0,0.0,1,0.0,0,0.13393814194769724,0
Haryana,Faridabad,2025-10-30,0,0.0,1,1.0,0,0.08471896532168455,0
Haryana,Faridabad,2025-10-31,1,0.79,1,5.0,1,0.12130468651409121,0
Haryana,Faridabad,2025-11-01,5,3.69,1,2.0,0,0.17773144720082856,0
Haryana,Faridabad,2025-11-02,2,1.52,1,3.0,1,0.2778472588631442,0
Haryana,Faridabad,2025-11-03,3,1.28,1,0.0,0,0.23017532507369703,0
Haryana,Faridabad,2025-11-04,0,0.0,1,8.0,1,0.15081354770656305,0
Haryana,Faridabad,2025-11-05,8,4.37,1,2.0,0,0.2626811886316413,0
Haryana,Faridabad,2025-11-06,2,0.7,1,3.0,1,0.303162758206042,0
Haryana,Faridabad,2025-11-07,3,6.02,1,4.0,1,0.24353051336093576,0
Haryana,Faridabad,2025-11-08,4,2.47,1,4.0,1,0.35876335563932776,0
Haryana,Faridabad,2025-11-09,4,1.91,1,1.0,0,0.28593411518589795,0
Haryana,Faridabad,2025-11-10,1,0.54,1,1.0,0,0.2720625782185539,0
Haryana,Faridabad,2025-11-11,1,1.92,1,6.0,1,0.18057910861387808,0
Haryana,Faridabad,2025-11-12,6,5.140000000000001,1,5.0,1,0.42013554512298135,1
Haryana,Faridabad,2025-11-13,5,4.54,1,1.0,0,0.46015236534363346,1
Haryana,Faridabad,2025-11-14,1,0.65,1,5.0,1,0.31290560329618144,0
Haryana,Faridabad,2025-11-15,5,5.64,1,2.0,0,0.4340884199831154,1
Haryana,Faridabad,2025-11-16,2,0.6799999999999999,1,6.0,1,0.2891768418505226,0
Haryana,Faridabad,2025-11-17,6,5.33,1,3.0,1,0.45292360660717557,1
Haryana,Faridabad,2025-11-18,3,1.33,1,0.0,0,0.3833708334565448,0
Haryana,Faridabad,2025-11-19,0,0.0,1,7.0,1,0.2543861992574383,0
Haryana,Faridabad,2025-11-20,7,18.13,1,0.0,0,0.5397031800236062,1
Haryana,Faridabad,2025-11-21,0,0.0,1,7.0,1,0.3333860307178885,0
Haryana,Faridabad,2025-11-22,7,3.93,1,3.0,1,0.5013463741777674,1
Haryana,Faridabad,2025-11-23,3,1.81,1,0.0,0,0.4529511061205415,1
Haryana,Fatehabad,2025-10-15,1,2.28,1,0.0,0,0.13884786852807987,0
Haryana,Fatehabad,2025-10-16,0,0.0,1,0.0,0,0.09883081867448906,0
Haryana,Fatehabad,2025-10-17,0,0.0,1,2.0,0,0.04367726598591116,0
Haryana,Fatehabad,2025-10-18,2,11.56,1,4.0,1,0.3255773801719485,0
Haryana,Fatehabad,2025-10-19,4,16.08,1,10.0,1,0.3864909635653963,0
Haryana,Fatehabad,2025-10-20,10,49.02,1,0.0,0,0.6598337441500768,1
Haryana,Fatehabad,2025-10-21,0,0.0,1,0.0,0,0.6530281209572376,1
Haryana,Fatehabad,2025-10-22,0,0.0,1,0.0,0,0.32878575361312284,0
Haryana,Fatehabad,2025-10-23,0,0.0,1,0.0,0,0.29933705133851024,0
Haryana,Fatehabad,2025-10-24,0,0.0,1,4.0,1,0.1193705035549904,0
Haryana,Fatehabad,2025-10-25,4,21.46,1,6.0,1,0.6870968468279642,1
Haryana,Fatehabad,2025-10-26,6,43.48,1,3.0,1,0.5681416349098183,1
Haryana,Fatehabad,2025-10-27,3,6.8100000000000005,1,1.0,0,0.6297052674117367,1
Haryana,Fatehabad,2025-10-28,1,1.11,1,1.0,0,0.5439245916893688,1
Haryana,Fatehabad,2025-10-29,1,1.54,1,5.0,1,0.3837633833212049,0
Haryana,Fatehabad,2025-10-30,5,25.38,1,4.0,1,0.7814380200045208,1
Haryana,Fatehabad,2025-10-31,4,15.740000000000002,1,11.0,1,0.7284809818301397,1
Haryana,Fatehabad,2025-11-01,11,42.61,1,8.0,1,0.7410969708154036,1
Haryana,Fatehabad,2025-11-02,8,37.09,1,4.0,1,0.7385224458147275,1
Haryana,Fatehabad,2025-11-03,4,14.37,1,8.0,1,0.6855754409002727,1
Haryana,Fatehabad,2025-11-04,8,89.26,1,0.0,0,0.788112934643437,1
Haryana,Fatehabad,2025-11-05,0,0.0,1,7.0,1,0.4147977977554902,1
Haryana,Fatehabad,2025-11-06,7,22.13,1,15.0,1,0.6556184806974976,1
Haryana,Fatehabad,2025-11-07,15,49.98,1,10.0,1,0.7989153214432656,1
Haryana,Fatehabad,2025-11-08,10,51.46,1,13.0,1,0.7497108692795446,1
Haryana,Fatehabad,2025-11-09,13,77.01,1,14.0,1,0.8244034805222313,1
Haryana,Fatehabad,2025-11-10,14,68.96000000000001,1,15.0,1,0.8292051731824857,1
Haryana,Fatehabad,2025-11-11,15,85.03999999999999,1,3.0,1,0.9116347341229158,1
Haryana,Fatehabad,2025-11-12,3,10.77,1,4.0,1,0.8511521883728622,1
Haryana,Fatehabad,2025-11-13,4,12.82,1,1.0,0,0.7922647984489174,1
Haryana,Fatehabad,2025-11-14,1,1.65,1,8.0,1,0.6912833063387542,1
Haryana,Fatehabad,2025-11-15,8,22.52,1,5.0,1,0.5783476232906374,1
Haryana,Fatehabad,2025-11-16,5,12.47,1,3.0,1,0.6131583067532257,1
Haryana,Fatehabad,2025-11-17,3,8.370000000000001,1,2.0,0,0.4789509799220519,1
Haryana,Fatehabad,2025-11-18,2,9.18,1,1.0,0,0.42956660208227754,1
Haryana,Fatehabad,2025-11-19,1,4.06,1,0.0,0,0.2771539053040551,0
Haryana,Fatehabad,2025-11-20,0,0.0,1,0.0,0,0.28844369933428005,0
Haryana,Fatehabad,2025-11-21,0,0.0,1,2.0,0,0.3050266834115338,0
Haryana,Fatehabad,2025-11-22,2,4.6,1,1.0,0,0.30141848253759157,0
Haryana,Fatehabad,2025-11-23,1,1.94,1,2.0,0,0.37260043253655545,0
Haryana,Gurugram,2025-10-15,0,0.0,1,0.0,0,0.12248296609342947,0
Haryana,Gurugram,2025-10-16,0,0.0,1,0.0,0,0.0389293194205038,0
Haryana,Gurugram,2025-10-17,0,0.0,1,0.0,0,0.03421621800058114,0
Haryana,Gurugram,2025-10-18,0,0.0,1,0.0,0,0.014152708560204922,0
Haryana,Gurugram,2025-10-19,0,0.0,1,1.0,0,0.018446449116336062,0
Haryana,Gurugram,2025-10-20,1,1.22,1,0.0,0,0.04408460998671557,0
Haryana,Gurugram,2025-10-21,0,0.0,1,0.0,0,0.1342942937531924,0
Haryana,Gurugram,2025-10-22,0,0.0,1,0.0,0,0.07341811873748585,0
Haryana,Gurugram,2025-10-23,0,0.0,1,0.0,0,0.051864334592087745,0
Haryana,Gurugram,2025-10-24,0,0.0,1,0.0,0,0.03589473659052862,0
Haryana,Gurugram,2025-10-25,0,0.0,1,0.0,0,0.02072111597528416,0
Haryana,Gurugram,2025-10-26,0,0.0,1,0.0,0,0.01973973077240049,0
Haryana,Gurugram,2025-10-27,0,0.0,1,0.0,0,0.03430903937257732,0
Haryana,Gurugram,2025-10-28,0,0.0,1,0.0,0,0.05756365693937227,0
Haryana,Gurugram,2025-10-29,0,0.0,1,0.0,0,0.06421745534827243,0
Haryana,Gurugram,2025-10-30,0,0.0,1,0.0,0,0.05942987927253404,0
Haryana,Gurugram,2025-10-31,0,0.0,1,0.0,0,0.04043074567465342,0
Haryana,Gurugram,2025-11-01,0,0.0,1,1.0,0,0.006871566797024833,0
Haryana,Gurugram,2025-11-02,1,3.29,1,0.0,0,0.03831257684514887,0
Haryana,Gurugram,2025-11-03,0,0.0,1,1.0,0,0.08211592852181494,0
Haryana,Gurugram,2025-11-04,1,5.38,1,0.0,0,0.09175148692540441,0
Haryana,Gurugram,2025-11-05,0,0.0,1,0.0,0,0.031047102464657,0
Haryana,Gurugram,2025-11-06,0,0.0,1,0.0,0,0.06599523332602154,0
Haryana,Gurugram,2025-11-07,0,0.0,1,0.0,0,0.01380062225890253,0
Haryana,Gurugram,2025-11-08,0,0.0,1,0.0,0,0.003938688261718826,0
Haryana,Gurugram,2025-11-09,0,0.0,1,0.0,0,0.03244652211438454,0
Haryana,Gurugram,2025-11-10,0,0.0,1,0.0,0,0.00544489944184305,0
Haryana,Gurugram,2025-11-11,0,0.0,1,0.0,0,0.06575380336611557,0
Haryana,Gurugram,2025-11-12,0,0.0,1,0.0,0,0.005674322336828859,0
Haryana,Gurugram,2025-11-13,0,0.0,1,0.0,0,0.007600454997398606,0
Haryana,Gurugram,2025-11-14,0,0.0,1,0.0,0,0.004329497200969692,0
Haryana,Gurugram,2025-11-15,0,0.0,1,0.0,0,0.004329497200969692,0
Haryana,Gurugram,2025-11-16,0,0.0,1,1.0,0,0.019657188676487258,0
Haryana,Gurugram,2025-11-17,1,0.35,1,0.0,0,0.006094243817274382,0
Haryana,Gurugram,2025-11-18,0,0.0,1,0.0,0,0.05688928971331774,0
Haryana,Gurugram,2025-11-19,0,0.0,1,0.0,0,0.018577555714597863,0
Haryana,Gurugram,2025-11-20,0,0.0,1,1.0,0,0.010349401753469472,0
Haryana,Gurugram,2025-11-21,1,2.73,1,0.0,0,0.04238395781275198,0
Haryana,Gurugram,2025-11-22,0,0.0,1,0.0,0,0.07890049882584829,0
Haryana,Gurugram,2025-11-23,0,0.0,1,0.0,0,0.04443346597631978,0
Haryana,Hisar,2025-10-15,3,4.12,1,3.0,1,0.22833283812291708,0
Haryana,Hisar,2025-10-16,3,8.1,1,1.0,0,0.2766827350335079,0
Haryana,Hisar,2025-10-17,1,1.87,1,2.0,0,0.35808588587388146,0
Haryana,Hisar,2025-10-18,2,13.93,1,10.0,1,0.4584684928965554,1
Haryana,Hisar,2025-10-19,10,32.46,1,13.0,1,0.6631914838456429,1
Haryana,Hisar,2025-10-20,13,45.58,1,5.0,1,0.7238907214952292,1
Haryana,Hisar,2025-10-21,5,14.52,1,1.0,0,0.6979018906769118,1
Haryana,Hisar,2025-10-22,1,1.65,1,0.0,0,0.6503262692051485,1
Haryana,Hisar,2025-10-23,0,0.0,1,2.0,0,0.39344327656900874,0
Haryana,Hisar,2025-10-24,2,9.28,1,2.0,0,0.567525479524997,1
Haryana,Hisar,2025-10-25,2,2.14,1,15.0,1,0.6154805916292794,1
Haryana,Hisar,2025-10-26,15,30.63,1,6.0,1,0.6616267723465522,1
Haryana,Hisar,2025-10-27,6,30.36,1,0.0,0,0.790341763877666,1
Haryana,Hisar,2025-10-28,0,0.0,1,1.0,0,0.6514947754829141,1
Haryana,Hisar,2025-10-29,1,2.46,1,3.0,1,0.526347398982671,1
Haryana,Hisar,2025-10-30,3,17.19,1,5.0,1,0.6111572287283438,1
Haryana,Hisar,2025-10-31,5,12.87,1,11.0,1,0.6157526587926223,1
Haryana,Hisar,2025-11-01,11,27.73,1,6.0,1,0.5245028667579973,1
Haryana,Hisar,2025-11-02,6,24.24,1,5.0,1,0.6523514894810757,1
Haryana,Hisar,2025-11-03,5,19.47,1,4.0,1,0.5690049736191627,1
Haryana,Hisar,2025-11-04,4,13.71,1,5.0,1,0.5362271596656484,1
Haryana,Hisar,2025-11-05,5,25.56,1,15.0,1,0.6787406711438366,1
Haryana,Hisar,2025-11-06,15,31.7,1,13.0,1,0.5689288493920814,1
Haryana,Hisar,2025-11-07,13,41.03,1,16.0,1,0.7357222449632546,1
Haryana,Hisar,2025-11-08,16,69.92,1,16.0,1,0.797167561889779,1
Haryana,Hisar,2025-11-09,16,83.35,1,12.0,1,0.8070153525213268,1
Haryana,Hisar,2025-11-10,12,48.03,1,21.0,1,0.8392292959212442,1
Haryana,Hisar,2025-11-11,21,87.96,1,4.0,1,0.92320210481361,1
Haryana,Hisar,2025-11-12,4,13.57,1,6.0,1,0.8270327264437775,1
Haryana,Hisar,2025-11-13,6,31.13,1,8.0,1,0.8509364048827197,1
Haryana,Hisar,2025-11-14,8,23.57,1,10.0,1,0.6846008600946577,1
Haryana,Hisar,2025-11-15,10,26.08,1,11.0,1,0.6855339167954189,1
Haryana,Hisar,2025-11-16,11,41.57,1,7.0,1,0.8017974954585143,1
Haryana,Hisar,2025-11-17,7,20.77,1,5.0,1,0.7498140001197826,1
Haryana,Hisar,2025-11-18,5,13.92,1,0.0,0,0.6873122711695869,1
Haryana,Hisar,2025-11-19,0,0.0,1,6.0,1,0.38953601233362734,0
Haryana,Hisar,2025-11-20,6,27.23,1,6.0,1,0.47406095981805424,1
Haryana,Hisar,2025-11-21,6,11.72,1,4.0,1,0.47643196165306223,1
Haryana,Hisar,2025-11-22,4,10.48,1,2.0,0,0.5226699301700234,1
Haryana,Hisar,2025-11-23,2,8.99,1,1.0,0,0.3828547896044011,0
Haryana,Jhajjar,2025-10-15,2,6.04,1,2.0,0,0.2557644032095051,0
Haryana,Jhajjar,2025-10-16,2,3.12,1,1.0,0,0.3636732349274677,0
Haryana,Jhajjar,2025-10-17,1,0.82,1,0.0,0,0.2067068252507043,0
Haryana,Jhajjar,2025-10-18,0,0.0,1,0.0,0,0.2501138519537143,0
Haryana,Jhajjar,2025-10-19,0,0.0,1,0.0,0,0.14775222365602667,0
Haryana,Jhajjar,2025-10-20,0,0.0,1,0.0,0,0.12536436346710733,0
Haryana,Jhajjar,2025-10-21,0,0.0,1,3.0,1,0.073628811320508,0
Haryana,Jhajjar,2025-10-22,3,6.94,1,1.0,0,0.17179992107199735,0
Haryana,Jhajjar,2025-10-23,1,1.15,1,1.0,0,0.20951696453069996,0
Haryana,Jhajjar,2025-10-24,1,1.13,1,2.0,0,0.14318461064588567,0
Haryana,Jhajjar,2025-10-25,2,4.25,1,2.0,0,0.13688098642392302,0
Haryana,Jhajjar,2025-10-26,2,1.12,1,0.0,0,0.14231182465873154,0
Haryana,Jhajjar,2025-10-27,0,0.0,1,0.0,0,0.16098091980756501,0
Haryana,Jhajjar,2025-10-28,0,0.0,1,0.0,0,0.060305009273280065,0
Haryana,Jhajjar,2025-10-29,0,0.0,1,1.0,0,0.12498510861728299,0
Haryana,Jhajjar,2025-10-30,1,0.91,1,1.0,0,0.09012571388807053,0
Haryana,Jhajjar,2025-10-31,1,0.57,1,1.0,0,0.14665054390651533,0
Haryana,Jhajjar,2025-11-01,1,0.77,1,0.0,0,0.11355547041425014,0
Haryana,Jhajjar,2025-11-02,0,0.0,1,3.0,1,0.11896401227632347,0
Haryana,Jhajjar,2025-11-03,3,8.49,1,4.0,1,0.1703168866966981,0
Haryana,Jhajjar,2025-11-04,4,2.5,1,3.0,1,0.17381180216333356,0
Haryana,Jhajjar,2025-11-05,3,6.62,1,2.0,0,0.27214177382752,0
Haryana,Jhajjar,2025-11-06,2,1.1,1,6.0,1,0.24237366367123372,0
Haryana,Jhajjar,2025-11-07,6,8.28,1,5.0,1,0.2838095806941273,0
Haryana,Jhajjar,2025-11-08,5,6.8,1,4.0,1,0.4612517271583173,1
Haryana,Jhajjar,2025-11-09,4,7.279999999999999,1,2.0,0,0.4218582628402281,1
Haryana,Jhajjar,2025-11-10,2,1.23,1,1.0,0,0.29785443942556394,0
Haryana,Jhajjar,2025-11-11,1,3.82,1,2.0,0,0.243170261124533,0
Haryana,Jhajjar,2025-11-12,2,3.26,1,3.0,1,0.313029898536819,0
Haryana,Jhajjar,2025-11-13,3,6.0600000000000005,1,1.0,0,0.32354323315656075,0
Haryana,Jhajjar,2025-11-14,1,0.54,1,1.0,0,0.3041383335227595,0
Haryana,Jhajjar,2025-11-15,1,4.74,1,5.0,1,0.22836721256788106,0
Haryana,Jhajjar,2025-11-16,5,13.74,1,7.0,1,0.3069355611653465,0
Haryana,Jhajjar,2025-11-17,7,15.0,1,6.0,1,0.4391025919238,1
Haryana,Jhajjar,2025-11-18,6,14.7,1,4.0,1,0.6339269484463264,1
Haryana,Jhajjar,2025-11-19,4,8.95,1,0.0,0,0.5765574120173607,1
Haryana,Jhajjar,2025-11-20,0,0.0,1,3.0,1,0.28219562707809354,0
Haryana,Jhajjar,2025-11-21,3,8.0,1,2.0,0,0.42865809585561576,1
Haryana,Jhajjar,2025-11-22,2,1.39,1,6.0,1,0.40949461265212883,0
Haryana,Jhajjar,2025-11-23,6,11.22,1,2.0,0,0.5178650851717077,1
Haryana,Jind,2025-10-15,5,15.27,1,0.0,0,0.4841840735125462,1
Haryana,Jind,2025-10-16,0,0.0,1,0.0,0,0.2613996307811194,0
Haryana,Jind,2025-10-17,0,0.0,1,0.0,0,0.1933200740542111,0
Haryana,Jind,2025-10-18,0,0.0,1,4.0,1,0.26391398574703706,0
Haryana,Jind,2025-10-19,4,11.75,1,13.0,1,0.570374096619359,1
Haryana,Jind,2025-10-20,13,46.29,1,5.0,1,0.7163743252913214,1
Haryana,Jind,2025-10-21,5,15.15,1,5.0,1,0.5687930261358594,1
Haryana,Jind,2025-10-22,5,12.64,1,0.0,0,0.6403411567262749,1
Haryana,Jind,2025-10-23,0,0.0,1,0.0,0,0.4875768863544591,1
Haryana,Jind,2025-10-24,0,0.0,1,6.0,1,0.29952172384324877,0
Haryana,Jind,2025-10-25,6,44.53,1,5.0,1,0.7507098335196589,1
Haryana,Jind,2025-10-26,5,11.43,1,6.0,1,0.5107375459424139,1
Haryana,Jind,2025-10-27,6,37.02,1,0.0,0,0.8173490129831026,1
Haryana,Jind,2025-10-28,0,0.0,1,2.0,0,0.6790162008444098,1
Haryana,Jind,2025-10-29,2,15.7,1,0.0,0,0.5729446330756545,1
Haryana,Jind,2025-10-30,0,0.0,1,1.0,0,0.42509190483487586,1
Haryana,Jind,2025-10-31,1,8.84,1,7.0,1,0.4858795824102937,1
Haryana,Jind,2025-11-01,7,25.89,1,8.0,1,0.7224189593671551,1
Haryana,Jind,2025-11-02,8,34.84,1,4.0,1,0.705319669792346,1
Haryana,Jind,2025-11-03,4,43.44,1,3.0,1,0.6821530620313215,1
Haryana,Jind,2025-11-04,3,11.98,1,7.0,1,0.577929100449558,1
Haryana,Jind,2025-11-05,7,21.12,1,15.0,1,0.5615013715999467,1
Haryana,Jind,2025-11-06,15,59.03,1,15.0,1,0.8391859869742072,1
Haryana,Jind,2025-11-07,15,46.17,1,25.0,1,0.8100155734251306,1
Haryana,Jind,2025-11-08,25,135.33,1,39.0,1,0.882686790177248,1
Haryana,Jind,2025-11-09,39,183.54,1,38.0,1,0.8223502493300302,1
Haryana,Jind,2025-11-10,38,135.94,1,28.0,1,0.8737994025212878,1
Haryana,Jind,2025-11-11,28,146.05,1,14.0,1,0.958869694317272,1
Haryana,Jind,2025-11-12,14,55.67,1,12.0,1,0.9072292507790332,1
Haryana,Jind,2025-11-13,12,60.45,1,2.0,0,0.9174215173386553,1
Haryana,Jind,2025-11-14,2,9.46,1,13.0,1,0.86313807335158,1
Haryana,Jind,2025-11-15,13,65.2,1,17.0,1,0.8998618954173427,1
Haryana,Jind,2025-11-16,17,91.54,1,6.0,1,0.8670543277121219,1
Haryana,Jind,2025-11-17,6,23.5,1,3.0,1,0.9350573121971921,1
Haryana,Jind,2025-11-18,3,20.93,1,2.0,0,0.8539985247388888,1
Haryana,Jind,2025-11-19,2,10.02,1,6.0,1,0.6075302097279818,1
Haryana,Jind,2025-11-20,6,9.34,1,6.0,1,0.5363210998128993,1
Haryana,Jind,2025-11-21,6,16.43,1,3.0,1,0.5687624605877505,1
Haryana,Jind,2025-11-22,3,7.59,1,2.0,0,0.4343769178346883,1
Haryana,Jind,2025-11-23,2,6.34,1,2.0,0,0.4614306292958188,1
Haryana,Kaithal,2025-10-15,0,0.0,1,1.0,0,0.05109096868842273,0
Haryana,Kaithal,2025-10-16,1,4.43,1,0.0,0,0.13461404775445854,0
Haryana,Kaithal,2025-10-17,0,0.0,1,1.0,0,0.08081368683668776,0
Haryana,Kaithal,2025-10-18,1,2.39,1,2.0,0,0.23444413918248178,0
Haryana,Kaithal,2025-10-19,2,17.11,1,2.0,0,0.28485668999474356,0
Haryana,Kaithal,2025-10-20,2,8.18,1,9.0,1,0.4556114406228414,1
Haryana,Kaithal,2025-10-21,9,38.37,1,1.0,0,0.6530732960274218,1
Haryana,Kaithal,2025-10-22,1,7.84,1,0.0,0,0.6945880332195451,1
Haryana,Kaithal,2025-10-23,0,0.0,1,0.0,0,0.35702641738993507,0
Haryana,Kaithal,2025-10-24,0,0.0,1,1.0,0,0.2628777342155857,0
Haryana,Kaithal,2025-10-25,1,4.02,1,9.0,1,0.2438278628530965,0
Haryana,Kaithal,2025-10-26,9,23.36,1,5.0,1,0.5732311183427178,1
Haryana,Kaithal,2025-10-27,5,13.84,1,0.0,0,0.5315491184455859,1
Haryana,Kaithal,2025-10-28,0,0.0,1,2.0,0,0.5949296713925069,1
Haryana,Kaithal,2025-10-29,2,10.18,1,2.0,0,0.5212101140655988,1
Haryana,Kaithal,2025-10-30,2,4.83,1,1.0,0,0.33326377370358157,0
Haryana,Kaithal,2025-10-31,1,3.67,1,7.0,1,0.4538073136705378,1
Haryana,Kaithal,2025-11-01,7,31.16,1,6.0,1,0.8193075228861325,1
Haryana,Kaithal,2025-11-02,6,42.95,1,3.0,1,0.7361672773369814,1
Haryana,Kaithal,2025-11-03,3,14.52,1,1.0,0,0.5499792421768652,1
Haryana,Kaithal,2025-11-04,1,4.24,1,3.0,1,0.48172525418316015,1
Haryana,Kaithal,2025-11-05,3,14.22,1,7.0,1,0.45704509168710183,1
Haryana,Kaithal,2025-11-06,7,18.85,1,4.0,1,0.6591368565733187,1
Haryana,Kaithal,2025-11-07,4,15.5,1,7.0,1,0.5870048152866664,1
Haryana,Kaithal,2025-11-08,7,42.07,1,8.0,1,0.722035260790732,1
Haryana,Kaithal,2025-11-09,8,29.88,1,5.0,1,0.6852829819804213,1
Haryana,Kaithal,2025-11-10,5,17.439999999999998,1,13.0,1,0.6744944724552998,1
Haryana,Kaithal,2025-11-11,13,45.1,1,4.0,1,0.7682355656858553,1
Haryana,Kaithal,2025-11-12,4,7.75,1,4.0,1,0.5559627033946393,1
Haryana,Kaithal,2025-11-13,4,9.64,1,1.0,0,0.5955014421951337,1
Haryana,Kaithal,2025-11-14,1,2.79,1,1.0,0,0.49716511440622335,1
Haryana,Kaithal,2025-11-15,1,3.79,1,1.0,0,0.28380800585343524,0
Haryana,Kaithal,2025-11-16,1,2.22,1,0.0,0,0.3187299284767732,0
Haryana,Kaithal,2025-11-17,0,0.0,1,4.0,1,0.31456541898966944,0
Haryana,Kaithal,2025-11-18,4,9.01,1,0.0,0,0.4612320328240742,1
Haryana,Kaithal,2025-11-19,0,0.0,1,1.0,0,0.39107709187831924,0
Haryana,Kaithal,2025-11-20,1,0.59,1,0.0,0,0.30634049446024714,0
Haryana,Kaithal,2025-11-21,0,0.0,1,0.0,0,0.1577337748317494,0
Haryana,Kaithal,2025-11-22,0,0.0,1,2.0,0,0.08754151659647345,0
Haryana,Kaithal,2025-11-23,2,2.01,1,8.0,1,0.30219403255729954,0
Haryana,Karnal,2025-10-15,0,0.0,1,0.0,0,0.014347800912936113,0
Haryana,Karnal,2025-10-16,0,0.0,1,0.0,0,0.01142265254191422,0
Haryana,Karnal,2025-10-17,0,0.0,1,0.0,0,0.03926616335322173,0
Haryana,Karnal,2025-10-18,0,0.0,1,3.0,1,0.025552645359070546,0
Haryana,Karnal,2025-10-19,3,12.39,1,4.0,1,0.33181823525218657,0
Haryana,Karnal,2025-10-20,4,14.71,1,4.0,1,0.37287729669050357,0
Haryana,Karnal,2025-10-21,4,12.98,1,2.0,0,0.44330619994384285,1
Haryana,Karnal,2025-10-22,2,3.56,1,1.0,0,0.47276017668526277,1
Haryana,Karnal,2025-10-23,1,5.09,1,0.0,0,0.47556504562684476,1
Haryana,Karnal,2025-10-24,0,0.0,1,1.0,0,0.18389826669326545,0
Haryana,Karnal,2025-10-25,1,1.91,1,2.0,0,0.2561090308177137,0
Haryana,Karnal,2025-10-26,2,4.8,1,1.0,0,0.36611670654933903,0
Haryana,Karnal,2025-10-27,1,0.54,1,0.0,0,0.41818523067756563,1
Haryana,Karnal,2025-10-28,0,0.0,1,0.0,0,0.31779551136668815,0
Haryana,Karnal,2025-10-29,0,0.0,1,0.0,0,0.10991078351639391,0
Haryana,Karnal,2025-10-30,0,0.0,1,2.0,0,0.0850416566338218,0
Haryana,Karnal,2025-10-31,2,7.67,1,1.0,0,0.26946368982001495,0
Haryana,Karnal,2025-11-01,1,4.13,1,1.0,0,0.2262934629726858,0
Haryana,Karnal,2025-11-02,1,3.3,1,0.0,0,0.1541392230884804,0
Haryana,Karnal,2025-11-03,0,0.0,1,2.0,0,0.10818662611135682,0
Haryana,Karnal,2025-11-04,2,8.219999999999999,1,3.0,1,0.1523948016893473,0
Haryana,Karnal,2025-11-05,3,7.050000000000001,1,9.0,1,0.140193510740247,0
Haryana,Karnal,2025-11-06,9,21.36,1,6.0,1,0.3273224766503167,0
Haryana,Karnal,2025-11-07,6,20.0,1,6.0,1,0.6423859718488842,1
Haryana,Karnal,2025-11-08,6,30.8,1,1.0,0,0.6997034362676129,1
Haryana,Karnal,2025-11-09,1,5.56,1,2.0,0,0.5290608024628302,1
Haryana,Karnal,2025-11-10,2,9.34,1,0.0,0,0.3855232098127212,0
Haryana,Karnal,2025-11-11,0,0.0,1,1.0,0,0.30666777948231094,0
Haryana,Karnal,2025-11-12,1,3.08,1,2.0,0,0.29208059306583256,0
Haryana,Karnal,2025-11-13,2,13.18,1,0.0,0,0.4071287161878194,0
Haryana,Karnal,2025-11-14,0,0.0,1,0.0,0,0.29792026412733497,0
Haryana,Karnal,2025-11-15,0,0.0,1,0.0,0,0.25487490169841687,0
Haryana,Karnal,2025-11-16,0,0.0,1,1.0,0,0.11897206813560784,0
Haryana,Karnal,2025-11-17,1,1.76,1,0.0,0,0.11412920838236972,0
Haryana,Karnal,2025-11-18,0,0.0,1,0.0,0,0.10380318544211034,0
Haryana,Karnal,2025-11-19,0,0.0,1,0.0,0,0.06412396008343667,0
Haryana,Karnal,2025-11-20,0,0.0,1,0.0,0,0.2222003249853628,0
Haryana,Karnal,2025-11-21,0,0.0,1,1.0,0,0.024911239933185628,0
Haryana,Karnal,2025-11-22,1,2.4,1,0.0,0,0.058948814352436096,0
Haryana,Karnal,2025-11-23,0,0.0,1,0.0,0,0.16973682239296814,0
Haryana,Kurukshetra,2025-10-15,2,4.220000000000001,1,2.0,0,0.11564899216218871,0
Haryana,Kurukshetra,2025-10-16,2,1.68,1,1.0,0,0.19812481701764356,0
Haryana,Kurukshetra,2025-10-17,1,3.6,1,1.0,0,0.30973609855109296,0
Haryana,Kurukshetra,2025-10-18,1,2.98,1,3.0,1,0.2547048648450039,0
Haryana,Kurukshetra,2025-10-19,3,7.859999999999999,1,3.0,1,0.3144446301741006,0
Haryana,Kurukshetra,2025-10-20,3,7.65,1,4.0,1,0.32962659827123386,0
Haryana,Kurukshetra,2025-10-21,4,27.3,1,2.0,0,0.6863646250481465,1
Haryana,Kurukshetra,2025-10-22,2,3.28,1,1.0,0,0.5501310740311411,1
Haryana,Kurukshetra,2025-10-23,1,3.28,1,0.0,0,0.34435130793766816,0
Haryana,Kurukshetra,2025-10-24,0,0.0,1,4.0,1,0.23619567786249562,0
Haryana,Kurukshetra,2025-10-25,4,24.44,1,5.0,1,0.5622545511812919,1
Haryana,Kurukshetra,2025-10-26,5,11.87,1,5.0,1,0.5069265001667828,1
Haryana,Kurukshetra,2025-10-27,5,17.99,1,0.0,0,0.7302234627205861,1
Haryana,Kurukshetra,2025-10-28,0,0.0,1,0.0,0,0.5918286466682009,1
Haryana,Kurukshetra,2025-10-29,0,0.0,1,0.0,0,0.30806873408174806,0
Haryana,Kurukshetra,2025-10-30,0,0.0,1,1.0,0,0.29313636497125584,0
Haryana,Kurukshetra,2025-10-31,1,1.69,1,3.0,1,0.20913324546641426,0
Haryana,Kurukshetra,2025-11-01,3,14.97,1,1.0,0,0.593847561781478,1
Haryana,Kurukshetra,2025-11-02,1,2.76,1,0.0,0,0.3618289591839926,0
Haryana,Kurukshetra,2025-11-03,0,0.0,1,0.0,0,0.23590347046659654,0
Haryana,Kurukshetra,2025-11-04,0,0.0,1,0.0,0,0.1295848502789793,0
Haryana,Kurukshetra,2025-11-05,0,0.0,1,0.0,0,0.032322966999677225,0
Haryana,Kurukshetra,2025-11-06,0,0.0,1,0.0,0,0.0655811022012324,0
Haryana,Kurukshetra,2025-11-07,0,0.0,1,0.0,0,0.03304473437957317,0
Haryana,Kurukshetra,2025-11-08,0,0.0,1,3.0,1,0.15899623588647294,0
Haryana,Kurukshetra,2025-11-09,3,2.71,1,0.0,0,0.12254096796689337,0
Haryana,Kurukshetra,2025-11-10,0,0.0,1,0.0,0,0.07583361527775724,0
Haryana,Kurukshetra,2025-11-11,0,0.0,1,0.0,0,0.03221758852640832,0
Haryana,Kurukshetra,2025-11-12,0,0.0,1,0.0,0,0.03542327953111205,0
Haryana,Kurukshetra,2025-11-13,0,0.0,1,0.0,0,0.013158145658885168,0
Haryana,Kurukshetra,2025-11-14,0,0.0,1,0.0,0,0.03981051740171326,0
Haryana,Kurukshetra,2025-11-15,0,0.0,1,0.0,0,0.024206239254443315,0
Haryana,Kurukshetra,2025-11-16,0,0.0,1,0.0,0,0.06411301679266251,0
Haryana,Kurukshetra,2025-11-17,0,0.0,1,7.0,1,0.010247584414081946,0
Haryana,Kurukshetra,2025-11-18,7,10.6,1,0.0,0,0.15154305694759734,0
Haryana,Kurukshetra,2025-11-19,0,0.0,1,0.0,0,0.10675606488425399,0
Haryana,Kurukshetra,2025-11-20,0,0.0,1,0.0,0,0.1589727298616659,0
Haryana,Kurukshetra,2025-11-21,0,0.0,1,0.0,0,0.1546248115511782,0
Haryana,Kurukshetra,2025-11-22,0,0.0,1,1.0,0,0.013539163140151897,0
Haryana,Kurukshetra,2025-11-23,1,5.1,1,0.0,0,0.28490855202735116,0
Haryana,Mahendragarh,2025-10-15,0,0.0,1,0.0,0,0.02053702895475131,0
Haryana,Mahendragarh,2025-10-16,0,0.0,1,0.0,0,0.0001951423300491678,0
Haryana,Mahendragarh,2025-10-17,0,0.0,1,0.0,0,0.018541459723350043,0
Haryana,Mahendragarh,2025-10-18,0,0.0,1,0.0,0,0.0001951423300491678,0
Haryana,Mahendragarh,2025-10-19,0,0.0,1,0.0,0,0.01119913768406866,0
Haryana,Mahendragarh,2025-10-20,0,0.0,1,0.0,0,0.008177528531647124,0
Haryana,Mahendragarh,2025-10-21,0,0.0,1,0.0,0,0.006688824643764082,0
Haryana,Mahendragarh,2025-10-22,0,0.0,1,0.0,0,0.037676435494717705,0
Haryana,Mahendragarh,2025-10-23,0,0.0,1,0.0,0,0.046636655412541604,0
Haryana,Mahendragarh,2025-10-24,0,0.0,1,0.0,0,0.003025997698752939,0
Haryana,Mahendragarh,2025-10-25,0,0.0,1,0.0,0,0.0061530712511786035,0
Haryana,Mahendragarh,2025-10-26,0,0.0,1,0.0,0,0.02175113844276539,0
Haryana,Mahendragarh,2025-10-27,0,0.0,1,0.0,0,0.05268200542124112,0
Haryana,Mahendragarh,2025-10-28,0,0.0,1,0.0,0,0.053993727617872,0
Haryana,Mahendragarh,2025-10-29,0,0.0,1,0.0,0,0.04217906477906921,0
Haryana,Mahendragarh,2025-10-30,0,0.0,1,0.0,0,0.06180739242110343,0
Haryana,Mahendragarh,2025-10-31,0,0.0,1,2.0,0,0.014568903490577191,0
Haryana,Mahendragarh,2025-11-01,2,5.1,1,0.0,0,0.021719439808612354,0
Haryana,Mahendragarh,2025-11-02,0,0.0,1,0.0,0,0.02579085288291018,0
Haryana,Mahendragarh,2025-11-03,0,0.0,1,0.0,0,0.0716298076959318,0
Haryana,Mahendragarh,2025-11-04,0,0.0,1,0.0,0,0.016593961433410517,0
Haryana,Mahendragarh,2025-11-05,0,0.0,1,0.0,0,0.005510702331874504,0
Haryana,Mahendragarh,2025-11-06,0,0.0,1,0.0,0,0.009366846310973011,0
Haryana,Mahendragarh,2025-11-07,0,0.0,1,0.0,0,0.002037138030574652,0
Haryana,Mahendragarh,2025-11-08,0,0.0,1,0.0,0,0.04261029570528687,0
Haryana,Mahendragarh,2025-11-09,0,0.0,1,0.0,0,0.0018077151355888432,0
Haryana,Mahendragarh,2025-11-10,0,0.0,1,0.0,0,0.004305158169227677,0
Haryana,Mahendragarh,2025-11-11,0,0.0,1,0.0,0,0.0018077151355888432,0
Haryana,Mahendragarh,2025-11-12,0,0.0,1,0.0,0,0.0021985240748397085,0
Haryana,Mahendragarh,2025-11-13,0,0.0,1,1.0,0,0.0032763018526174863,0
Haryana,Mahendragarh,2025-11-14,1,3.35,1,2.0,0,0.053451399019231675,0
Haryana,Mahendragarh,2025-11-15,2,8.9,1,1.0,0,0.07867549069971057,0
Haryana,Mahendragarh,2025-11-16,1,2.3,1,0.0,0,0.12164683263215217,0
Haryana,Mahendragarh,2025-11-17,0,0.0,1,0.0,0,0.10653750990261736,0
Haryana,Mahendragarh,2025-11-18,0,0.0,1,0.0,0,0.03160365664501174,0
Haryana,Mahendragarh,2025-11-19,0,0.0,1,1.0,0,0.03231584300158958,0
Haryana,Mahendragarh,2025-11-20,1,0.61,1,0.0,0,0.07947976023975065,0
Haryana,Mahendragarh,2025-11-21,0,0.0,1,0.0,0,0.05510414026813046,0
Haryana,Mahendragarh,2025-11-22,0,0.0,1,0.0,0,0.19269406331548164,0
Haryana,Mahendragarh,2025-11-23,0,0.0,1,0.0,0,0.058885758671633016,0
Haryana,Nuh,2025-10-15,0,0.0,1,0.0,0,0.09284742738377397,0
Haryana,Nuh,2025-10-16,0,0.0,1,0.0,0,0.04973311477438726,0
Haryana,Nuh,2025-10-17,0,0.0,1,0.0,0,0.038787017593095496,0
Haryana,Nuh,2025-10-18,0,0.0,1,1.0,0,0.003400713470436895,0
Haryana,Nuh,2025-10-19,1,5.29,1,1.0,0,0.15018663194054604,0
Haryana,Nuh,2025-10-20,1,3.84,1,0.0,0,0.19588291292793336,0
Haryana,Nuh,2025-10-21,0,0.0,1,0.0,0,0.10190081448760177,0
Haryana,Nuh,2025-10-22,0,0.0,1,0.0,0,0.09742500307987054,0
Haryana,Nuh,2025-10-23,0,0.0,1,0.0,0,0.10690164093496048,0
Haryana,Nuh,2025-10-24,0,0.0,1,0.0,0,0.03954467034067416,0
Haryana,Nuh,2025-10-25,0,0.0,1,0.0,0,0.06501103064633022,0
Haryana,Nuh,2025-10-26,0,0.0,1,0.0,0,0.06742164331217125,0
Haryana,Nuh,2025-10-27,0,0.0,1,0.0,0,0.07492658156306484,0
Haryana,Nuh,2025-10-28,0,0.0,1,0.0,0,0.02885476066128696,0
Haryana,Nuh,2025-10-29,0,0.0,1,0.0,0,0.04052955446942279,0
Haryana,Nuh,2025-10-30,0,0.0,1,0.0,0,0.057844225867528326,0
Haryana,Nuh,2025-10-31,0,0.0,1,0.0,0,0.04001488650721433,0
Haryana,Nuh,2025-11-01,0,0.0,1,0.0,0,0.00592016290699439,0
Haryana,Nuh,2025-11-02,0,0.0,1,0.0,0,0.012156335403835596,0
Haryana,Nuh,2025-11-03,0,0.0,1,0.0,0,0.021568378709025574,0
Haryana,Nuh,2025-11-04,0,0.0,1,0.0,0,0.004117549424929202,0
Haryana,Nuh,2025-11-05,0,0.0,1,0.0,0,0.013079847872381692,0
Haryana,Nuh,2025-11-06,0,0.0,1,0.0,0,0.00311491580835243,0
Haryana,Nuh,2025-11-07,0,0.0,1,0.0,0,0.0009593602527968744,0
Haryana,Nuh,2025-11-08,0,0.0,1,0.0,0,0.0007299373578110654,0
Haryana,Nuh,2025-11-09,0,0.0,1,0.0,0,0.0018077151355888432,0
Haryana,Nuh,2025-11-10,0,0.0,1,2.0,0,4.2968519284153396e-05,0
Haryana,Nuh,2025-11-11,2,6.26,1,0.0,0,0.05853483751845419,0
Haryana,Nuh,2025-11-12,0,0.0,1,0.0,0,0.028411730406961194,0
Haryana,Nuh,2025-11-13,0,0.0,1,0.0,0,0.01433487067626073,0
Haryana,Nuh,2025-11-14,0,0.0,1,0.0,0,0.013097942383546259,0
Haryana,Nuh,2025-11-15,0,0.0,1,0.0,0,0.001120746297061931,0
Haryana,Nuh,2025-11-16,0,0.0,1,0.0,0,0.0167750590323653,0
Haryana,Nuh,2025-11-17,0,0.0,1,0.0,0,0.001120746297061931,0
Haryana,Nuh,2025-11-18,0,0.0,1,0.0,0,0.03937411470630024,0
Haryana,Nuh,2025-11-19,0,0.0,1,0.0,0,4.2968519284153396e-05,0
Haryana,Nuh,2025-11-20,0,0.0,1,0.0,0,0.0003521349196958091,0
Haryana,Nuh,2025-11-21,0,0.0,1,0.0,0,0.0002294228949858089,0
Haryana,Nuh,2025-11-22,0,0.0,1,0.0,0,0.00012271202471000016,0
Haryana,Nuh,2025-11-23,0,0.0,1,0.0,0,0.0008784370516261297,0
Haryana,Palwal,2025-10-15,0,0.0,1,1.0,0,0.012310125793905408,0
Haryana,Palwal,2025-10-16,1,4.47,1,0.0,0,0.09772843617689157,0
Haryana,Palwal,2025-10-17,0,0.0,1,1.0,0,0.0871939334952238,0
Haryana,Palwal,2025-10-18,1,5.34,1,0.0,0,0.2642599413811318,0
Haryana,Palwal,2025-10-19,0,0.0,1,4.0,1,0.031135461861340964,0
Haryana,Palwal,2025-10-20,4,13.01,1,1.0,0,0.37158693046634683,0
Haryana,Palwal,2025-10-21,1,3.63,1,5.0,1,0.4428470538158003,1
Haryana,Palwal,2025-10-22,5,14.67,1,0.0,0,0.41085248908620875,0
Haryana,Palwal,2025-10-23,0,0.0,1,2.0,0,0.3198778911491265,0
Haryana,Palwal,2025-10-24,2,3.73,1,0.0,0,0.26774344849444065,0
Haryana,Palwal,2025-10-25,0,0.0,1,3.0,1,0.30294793487385374,0
Haryana,Palwal,2025-10-26,3,6.22,1,0.0,0,0.14616112610278523,0
Haryana,Palwal,2025-10-27,0,0.0,1,0.0,0,0.31493587557689073,0
Haryana,Palwal,2025-10-28,0,0.0,1,0.0,0,0.09226196384564904,0
Haryana,Palwal,2025-10-29,0,0.0,1,0.0,0,0.2659120617819464,0
Haryana,Palwal,2025-10-30,0,0.0,1,0.0,0,0.07655513932676597,0
Haryana,Palwal,2025-10-31,0,0.0,1,2.0,0,0.06311606475072408,0
Haryana,Palwal,2025-11-01,2,4.73,1,6.0,1,0.049628297435655444,0
Haryana,Palwal,2025-11-02,6,27.17,1,6.0,1,0.3974197620736899,0
Haryana,Palwal,2025-11-03,6,38.2,1,0.0,0,0.6624877001099208,1
Haryana,Palwal,2025-11-04,0,0.0,1,2.0,0,0.569418196725477,1
Haryana,Palwal,2025-11-05,2,5.569999999999999,1,2.0,0,0.37718447333109995,0
Haryana,Palwal,2025-11-06,2,9.58,1,1.0,0,0.4104182398104357,0
Haryana,Palwal,2025-11-07,1,4.13,1,0.0,0,0.3319488439993418,0
Haryana,Palwal,2025-11-08,0,0.0,1,0.0,0,0.2616012061356804,0
Haryana,Palwal,2025-11-09,0,0.0,1,5.0,1,0.2451134916345297,0
Haryana,Palwal,2025-11-10,5,21.46,1,1.0,0,0.4366874755039293,1
Haryana,Palwal,2025-11-11,1,3.68,1,0.0,0,0.2637560030375526,0
Haryana,Palwal,2025-11-12,0,0.0,1,0.0,0,0.2270191999292686,0
Haryana,Palwal,2025-11-13,0,0.0,1,2.0,0,0.21145890677172852,0
Haryana,Palwal,2025-11-14,2,5.72,1,0.0,0,0.09508120667875603,0
Haryana,Palwal,2025-11-15,0,0.0,1,0.0,0,0.15661269514127282,0
Haryana,Palwal,2025-11-16,0,0.0,1,0.0,0,0.015354931483949,0
Haryana,Palwal,2025-11-17,0,0.0,1,0.0,0,0.24360307345719698,0
Haryana,Palwal,2025-11-18,0,0.0,1,0.0,0,0.05150332934336893,0
Haryana,Palwal,2025-11-19,0,0.0,1,1.0,0,0.024383968830245614,0
Haryana,Palwal,2025-11-20,1,3.08,1,0.0,0,0.07596965455534202,0
Haryana,Palwal,2025-11-21,0,0.0,1,0.0,0,0.10004086480045662,0
Haryana,Palwal,2025-11-22,0,0.0,1,0.0,0,0.03561675975848091,0
Haryana,Palwal,2025-11-23,0,0.0,1,0.0,0,0.03717711853793531,0
Haryana,Panchkula,2025-10-15,0,0.0,1,0.0,0,0.030247442260995693,0
Haryana,Panchkula,2025-10-16,0,0.0,1,0.0,0,0.02310726817433352,0
Haryana,Panchkula,2025-10-17,0,0.0,1,0.0,0,0.030471489960833154,0
Haryana,Panchkula,2025-10-18,0,0.0,1,0.0,0,0.04255634841029182,0
Haryana,Panchkula,2025-10-19,0,0.0,1,2.0,0,0.03995804640908676,0
Haryana,Panchkula,2025-10-20,2,9.82,1,1.0,0,0.22698331426825485,0
Haryana,Panchkula,2025-10-21,1,0.5,1,0.0,0,0.1394839619270751,0
Haryana,Panchkula,2025-10-22,0,0.0,1,0.0,0,0.1879836024499533,0
Haryana,Panchkula,2025-10-23,0,0.0,1,0.0,0,0.045768778264863294,0
Haryana,Panchkula,2025-10-24,0,0.0,1,0.0,0,0.050126467605901066,0
Haryana,Panchkula,2025-10-25,0,0.0,1,0.0,0,0.05928388642241975,0
Haryana,Panchkula,2025-10-26,0,0.0,1,0.0,0,0.040914125340013215,0
Haryana,Panchkula,2025-10-27,0,0.0,1,1.0,0,0.17296206081449847,0
Haryana,Panchkula,2025-10-28,1,3.76,1,0.0,0,0.16519816105893587,0
Haryana,Panchkula,2025-10-29,0,0.0,1,0.0,0,0.14518411398256142,0
Haryana,Panchkula,2025-10-30,0,0.0,1,2.0,0,0.14310914855464854,0
Haryana,Panchkula,2025-10-31,2,6.43,1,0.0,0,0.18663831834561329,0
Haryana,Panchkula,2025-11-01,0,0.0,1,0.0,0,0.05743989550367707,0
Haryana,Panchkula,2025-11-02,0,0.0,1,0.0,0,0.0341815479231996,0
Haryana,Panchkula,2025-11-03,0,0.0,1,0.0,0,0.02263667238969869,0
Haryana,Panchkula,2025-11-04,0,0.0,1,0.0,0,0.044662143224465246,0
Haryana,Panchkula,2025-11-05,0,0.0,1,0.0,0,0.015462937334727025,0
Haryana,Panchkula,2025-11-06,0,0.0,1,0.0,0,0.004592378507027988,0
Haryana,Panchkula,2025-11-07,0,0.0,1,0.0,0,0.03314012290722651,0
Haryana,Panchkula,2025-11-08,0,0.0,1,0.0,0,0.0007299373578110654,0
Haryana,Panchkula,2025-11-09,0,0.0,1,0.0,0,0.003459360252796875,0
Haryana,Panchkula,2025-11-10,0,0.0,1,0.0,0,0.0007299373578110654,0
Haryana,Panchkula,2025-11-11,0,0.0,1,0.0,0,0.013520004370233048,0
Haryana,Panchkula,2025-11-12,0,0.0,1,0.0,0,0.0005018143092557712,0
Haryana,Panchkula,2025-11-13,0,0.0,1,0.0,0,0.005453529764087373,0
Haryana,Panchkula,2025-11-14,0,0.0,1,0.0,0,0.005268832663768189,0
Haryana,Panchkula,2025-11-15,0,0.0,1,0.0,0,0.001120746297061931,0
Haryana,Panchkula,2025-11-16,0,0.0,1,0.0,0,0.0002723914142699623,0
Haryana,Panchkula,2025-11-17,0,0.0,1,0.0,0,4.2968519284153396e-05,0
Haryana,Panchkula,2025-11-18,0,0.0,1,0.0,0,0.00262271202471,0
Haryana,Panchkula,2025-11-19,0,0.0,1,0.0,0,0.0003521349196958091,0
Haryana,Panchkula,2025-11-20,0,0.0,1,0.0,0,0.0002712117185250644,0
Haryana,Panchkula,2025-11-21,0,0.0,1,0.0,0,0.0002712117185250644,0
Haryana,Panchkula,2025-11-22,0,0.0,1,0.0,0,0.002852134919695809,0
Haryana,Panchkula,2025-11-23,0,0.0,1,0.0,0,0.002852134919695809,0
Haryana,Panipat,2025-10-15,1,1.45,1,2.0,0,0.13507520451731517,0
Haryana,Panipat,2025-10-16,2,8.879999999999999,1,0.0,0,0.2151569208705839,0
Haryana,Panipat,2025-10-17,0,0.0,1,2.0,0,0.13228096898405975,0
Haryana,Panipat,2025-10-18,2,2.96,1,4.0,1,0.26280249277027296,0
Haryana,Panipat,2025-10-19,4,7.12,1,0.0,0,0.20114253083655803,0
Haryana,Panipat,2025-10-20,0,0.0,1,0.0,0,0.2656353913548682,0
Haryana,Panipat,2025-10-21,0,0.0,1,3.0,1,0.32761596091954054,0
Haryana,Panipat,2025-10-22,3,3.89,1,0.0,0,0.24041593808151088,0
Haryana,Panipat,2025-10-23,0,0.0,1,0.0,0,0.26626954685420734,0
Haryana,Panipat,2025-10-24,0,0.0,1,0.0,0,0.13059962474752104,0
Haryana,Panipat,2025-10-25,0,0.0,1,1.0,0,0.12410159779948976,0
Haryana,Panipat,2025-10-26,1,3.35,1,0.0,0,0.17008748428945122,0
Haryana,Panipat,2025-10-27,0,0.0,1,0.0,0,0.06728440676700874,0
Haryana,Panipat,2025-10-28,0,0.0,1,0.0,0,0.1740395364695237,0
Haryana,Panipat,2025-10-29,0,0.0,1,0.0,0,0.11398401643641776,0
Haryana,Panipat,2025-10-30,0,0.0,1,0.0,0,0.0736018647271951,0
Haryana,Panipat,2025-10-31,0,0.0,1,0.0,0,0.07566386567413685,0
Haryana,Panipat,2025-11-01,0,0.0,1,1.0,0,0.05514609254023561,0
Haryana,Panipat,2025-11-02,1,2.87,1,0.0,0,0.10946777263191285,0
Haryana,Panipat,2025-11-03,0,0.0,1,0.0,0,0.08277174213342452,0
Haryana,Panipat,2025-11-04,0,0.0,1,0.0,0,0.058631562284184646,0
Haryana,Panipat,2025-11-05,0,0.0,1,2.0,0,0.05575164098754792,0
Haryana,Panipat,2025-11-06,2,4.41,1,4.0,1,0.06626586876151117,0
Haryana,Panipat,2025-11-07,4,8.63,1,0.0,0,0.1587433843706516,0
Haryana,Panipat,2025-11-08,0,0.0,1,6.0,1,0.10802928898995008,0
Haryana,Panipat,2025-11-09,6,16.25,1,0.0,0,0.3602027682588237,0
Haryana,Panipat,2025-11-10,0,0.0,1,1.0,0,0.19936677195727945,0
Haryana,Panipat,2025-11-11,1,2.43,1,2.0,0,0.23580071199384586,0
Haryana,Panipat,2025-11-12,2,6.6,1,2.0,0,0.335933169576509,0
Haryana,Panipat,2025-11-13,2,11.62,1,0.0,0,0.2170513170292599,0
Haryana,Panipat,2025-11-14,0,0.0,1,0.0,0,0.29868835600100535,0
Haryana,Panipat,2025-11-15,0,0.0,1,2.0,0,0.1269901236441288,0
Haryana,Panipat,2025-11-16,2,4.29,1,0.0,0,0.27689249737463384,0
Haryana,Panipat,2025-11-17,0,0.0,1,2.0,0,0.08021386856570639,0
Haryana,Panipat,2025-11-18,2,5.7,1,1.0,0,0.2434506181288477,0
Haryana,Panipat,2025-11-19,1,5.3,1,5.0,1,0.1983871904591623,0
Haryana,Panipat,2025-11-20,5,9.45,1,0.0,0,0.278242747116529,0
Haryana,Panipat,2025-11-21,0,0.0,1,3.0,1,0.2685121426699622,0
Haryana,Panipat,2025-11-22,3,8.56,1,0.0,0,0.22334237212890648,0
Haryana,Panipat,2025-11-23,0,0.0,1,1.0,0,0.37155199447867,0
Haryana,Rewari,2025-10-15,0,0.0,1,0.0,0,0.006849111203980951,0
Haryana,Rewari,2025-10-16,0,0.0,1,0.0,0,0.03309972387048248,0
Haryana,Rewari,2025-10-17,0,0.0,1,0.0,0,0.00583079415486225,0
Haryana,Rewari,2025-10-18,0,0.0,1,0.0,0,0.05740618712317298,0
Haryana,Rewari,2025-10-19,0,0.0,1,0.0,0,0.03102484558258266,0
Haryana,Rewari,2025-10-20,0,0.0,1,0.0,0,0.010111536526936162,0
Haryana,Rewari,2025-10-21,0,0.0,1,1.0,0,0.049330661019647476,0
Haryana,Rewari,2025-10-22,1,2.17,1,0.0,0,0.05423133006272505,0
Haryana,Rewari,2025-10-23,0,0.0,1,0.0,0,0.08687899061965605,0
Haryana,Rewari,2025-10-24,0,0.0,1,0.0,0,0.06447724755517047,0
Haryana,Rewari,2025-10-25,0,0.0,1,0.0,0,0.07924897660939326,0
Haryana,Rewari,2025-10-26,0,0.0,1,0.0,0,0.02055898189006095,0
Haryana,Rewari,2025-10-27,0,0.0,1,0.0,0,0.053744018887829814,0
Haryana,Rewari,2025-10-28,0,0.0,1,0.0,0,0.04908432272947889,0
Haryana,Rewari,2025-10-29,0,0.0,1,0.0,0,0.06746351482740595,0
Haryana,Rewari,2025-10-30,0,0.0,1,0.0,0,0.06481081304209618,0
Haryana,Rewari,2025-10-31,0,0.0,1,0.0,0,0.048255905074551436,0
Haryana,Rewari,2025-11-01,0,0.0,1,0.0,0,0.013045328645525283,0
Haryana,Rewari,2025-11-02,0,0.0,1,0.0,0,0.004161194491026437,0
Haryana,Rewari,2025-11-03,0,0.0,1,0.0,0,0.0070028337079120154,0
Haryana,Rewari,2025-11-04,0,0.0,1,0.0,0,0.01243384200614501,0
Haryana,Rewari,2025-11-05,0,0.0,1,2.0,0,0.024429704509150593,0
Haryana,Rewari,2025-11-06,2,1.1800000000000002,1,0.0,0,0.08953239598075119,0
Haryana,Rewari,2025-11-07,0,0.0,1,0.0,0,0.07967521454228346,0
Haryana,Rewari,2025-11-08,0,0.0,1,0.0,0,0.014164970845281743,0
Haryana,Rewari,2025-11-09,0,0.0,1,0.0,0,0.013865643826508393,0
Haryana,Rewari,2025-11-10,0,0.0,1,0.0,0,0.003313926315713067,0
Haryana,Rewari,2025-11-11,0,0.0,1,0.0,0,0.010720083101326225,0
Haryana,Rewari,2025-11-12,0,0.0,1,0.0,0,0.004219903899772842,0
Haryana,Rewari,2025-11-13,0,0.0,1,0.0,0,0.03175677707639541,0
Haryana,Rewari,2025-11-14,0,0.0,1,0.0,0,0.00529768167755062,0
Haryana,Rewari,2025-11-15,0,0.0,1,0.0,0,0.00529768167755062,0
Haryana,Rewari,2025-11-16,0,0.0,1,0.0,0,0.004219903899772842,0
Haryana,Rewari,2025-11-17,0,0.0,1,0.0,0,0.00529768167755062,0
Haryana,Rewari,2025-11-18,0,0.0,1,0.0,0,0.0027136927196486195,0
Haryana,Rewari,2025-11-19,0,0.0,1,0.0,0,0.0007299373578110654,0
Haryana,Rewari,2025-11-20,0,0.0,1,0.0,0,0.013229964627302353,0
Haryana,Rewari,2025-11-21,0,0.0,1,0.0,0,0.007715416210619389,0
Haryana,Rewari,2025-11-22,0,0.0,1,0.0,0,0.0034693944229504713,0
Haryana,Rewari,2025-11-23,0,0.0,1,0.0,0,0.0015654058901530417,0
Haryana,Rohtak,2025-10-15,0,0.0,1,0.0,0,0.0566513021650207,0
Haryana,Rohtak,2025-10-16,0,0.0,1,0.0,0,0.0399562941269954,0
Haryana,Rohtak,2025-10-17,0,0.0,1,0.0,0,0.04995829198052238,0
Haryana,Rohtak,2025-10-18,0,0.0,1,0.0,0,0.04474475468638472,0
Haryana,Rohtak,2025-10-19,0,0.0,1,0.0,0,0.04565368782351449,0
Haryana,Rohtak,2025-10-20,0,0.0,1,0.0,0,0.05625516518784981,0
Haryana,Rohtak,2025-10-21,0,0.0,1,1.0,0,0.10387832279843924,0
Haryana,Rohtak,2025-10-22,1,1.71,1,0.0,0,0.08634288430971856,0
Haryana,Rohtak,2025-10-23,0,0.0,1,0.0,0,0.1265885957160453,0
Haryana,Rohtak,2025-10-24,0,0.0,1,0.0,0,0.09202261286976401,0
Haryana,Rohtak,2025-10-25,0,0.0,1,0.0,0,0.09454545591527934,0
Haryana,Rohtak,2025-10-26,0,0.0,1,0.0,0,0.06638124329962833,0
Haryana,Rohtak,2025-10-27,0,0.0,1,0.0,0,0.06330699310685457,0
Haryana,Rohtak,2025-10-28,0,0.0,1,0.0,0,0.11689492020900576,0
Haryana,Rohtak,2025-10-29,0,0.0,1,0.0,0,0.06735587881747317,0
Haryana,Rohtak,2025-10-30,0,0.0,1,1.0,0,0.11229851118003442,0
Haryana,Rohtak,2025-10-31,1,3.1,1,0.0,0,0.17908824032860415,0
Haryana,Rohtak,2025-11-01,0,0.0,1,2.0,0,0.1017022887214556,0
Haryana,Rohtak,2025-11-02,2,34.44,1,3.0,1,0.2833753826958196,0
Haryana,Rohtak,2025-11-03,3,9.02,1,1.0,0,0.28143094142153485,0
Haryana,Rohtak,2025-11-04,1,3.79,1,5.0,1,0.3243091516576927,0
Haryana,Rohtak,2025-11-05,5,8.76,1,5.0,1,0.3281250762253933,0
Haryana,Rohtak,2025-11-06,5,21.52,1,5.0,1,0.6239715114938081,1
Haryana,Rohtak,2025-11-07,5,31.38,1,6.0,1,0.7668959460573926,1
Haryana,Rohtak,2025-11-08,6,25.07,1,4.0,1,0.7984208003806629,1
Haryana,Rohtak,2025-11-09,4,16.03,1,5.0,1,0.5752931353412312,1
Haryana,Rohtak,2025-11-10,5,16.18,1,12.0,1,0.5419401492588078,1
Haryana,Rohtak,2025-11-11,12,46.3,1,6.0,1,0.7694970122929159,1
Haryana,Rohtak,2025-11-12,6,14.11,1,10.0,1,0.519891906010614,1
Haryana,Rohtak,2025-11-13,10,37.13,1,4.0,1,0.7279918706789604,1
Haryana,Rohtak,2025-11-14,4,18.22,1,6.0,1,0.6717378248357394,1
Haryana,Rohtak,2025-11-15,6,16.89,1,23.0,1,0.5773930879519392,1
Haryana,Rohtak,2025-11-16,23,79.53999999999999,1,6.0,1,0.705765828885552,1
Haryana,Rohtak,2025-11-17,6,12.26,1,1.0,0,0.6732460285920105,1
Haryana,Rohtak,2025-11-18,1,3.2,1,2.0,0,0.6201344671103522,1
Haryana,Rohtak,2025-11-19,2,5.550000000000001,1,3.0,1,0.6304912286533667,1
Haryana,Rohtak,2025-11-20,3,9.87,1,5.0,1,0.38909417352481973,0
Haryana,Rohtak,2025-11-21,5,7.93,1,9.0,1,0.5616765130222585,1
Haryana,Rohtak,2025-11-22,9,27.74,1,7.0,1,0.5526433637312799,1
Haryana,Rohtak,2025-11-23,7,12.76,1,2.0,0,0.6230815461159885,1
Haryana,Sirsa,2025-10-15,3,2.92,1,2.0,0,0.2748669462992312,0
Haryana,Sirsa,2025-10-16,2,4.93,1,8.0,1,0.23494840854571208,0
Haryana,Sirsa,2025-10-17,8,24.57,1,0.0,0,0.5064571730826087,1
Haryana,Sirsa,2025-10-18,0,0.0,1,1.0,0,0.32571141123366415,0
Haryana,Sirsa,2025-10-19,1,4.81,1,0.0,0,0.5181741384483967,1
Haryana,Sirsa,2025-10-20,0,0.0,1,2.0,0,0.291177766287816,0
Haryana,Sirsa,2025-10-21,2,4.77,1,14.0,1,0.3345355548181477,0
Haryana,Sirsa,2025-10-22,14,61.32,1,1.0,0,0.6316869383539387,1
Haryana,Sirsa,2025-10-23,1,2.2,1,2.0,0,0.7262767307515239,1
Haryana,Sirsa,2025-10-24,2,4.15,1,3.0,1,0.5772280680079208,1
Haryana,Sirsa,2025-10-25,3,5.359999999999999,1,17.0,1,0.5994277201653552,1
Haryana,Sirsa,2025-10-26,17,62.18,1,6.0,1,0.6589943058311145,1
Haryana,Sirsa,2025-10-27,6,6.94,1,0.0,0,0.6277102838729504,1
Haryana,Sirsa,2025-10-28,0,0.0,1,2.0,0,0.48843885683626054,1
Haryana,Sirsa,2025-10-29,2,9.95,1,5.0,1,0.6521261028505492,1
Haryana,Sirsa,2025-10-30,5,16.400000000000002,1,4.0,1,0.5677101429170885,1
Haryana,Sirsa,2025-10-31,4,10.83,1,10.0,1,0.5311878142517947,1
Haryana,Sirsa,2025-11-01,10,24.6,1,9.0,1,0.6360953399172492,1
Haryana,Sirsa,2025-11-02,9,18.49,1,8.0,1,0.5329747659806262,1
Haryana,Sirsa,2025-11-03,8,35.480000000000004,1,7.0,1,0.7568566808342909,1
Haryana,Sirsa,2025-11-04,7,19.47,1,7.0,1,0.7083374847879793,1
Haryana,Sirsa,2025-11-05,7,8.85,1,5.0,1,0.5516962120209012,1
Haryana,Sirsa,2025-11-06,5,8.040000000000001,1,4.0,1,0.5045885856352059,1
Haryana,Sirsa,2025-11-07,4,14.38,1,4.0,1,0.57312347174252,1
Haryana,Sirsa,2025-11-08,4,10.9,1,9.0,1,0.3001642982029928,0
Haryana,Sirsa,2025-11-09,9,18.64,1,8.0,1,0.5508383977937903,1
Haryana,Sirsa,2025-11-10,8,15.43,1,5.0,1,0.5716403902076543,1
Haryana,Sirsa,2025-11-11,5,15.95,1,4.0,1,0.5236912765196278,1
Haryana,Sirsa,2025-11-12,4,5.46,1,4.0,1,0.559060468718605,1
Haryana,Sirsa,2025-11-13,4,15.64,1,7.0,1,0.554871421042116,1
Haryana,Sirsa,2025-11-14,7,33.77,1,5.0,1,0.6874115117544948,1
Haryana,Sirsa,2025-11-15,5,19.81,1,7.0,1,0.5862143358613741,1
Haryana,Sirsa,2025-11-16,7,13.23,1,8.0,1,0.5332483215279451,1
Haryana,Sirsa,2025-11-17,8,17.540000000000003,1,7.0,1,0.6195122233733322,1
Haryana,Sirsa,2025-11-18,7,16.15,1,12.0,1,0.5883774821033257,1
Haryana,Sirsa,2025-11-19,12,27.95,1,3.0,1,0.6339820025372817,1
Haryana,Sirsa,2025-11-20,3,11.03,1,2.0,0,0.5737874389600969,1
Haryana,Sirsa,2025-11-21,2,5.75,1,1.0,0,0.39561960910569083,0
Haryana,Sirsa,2025-11-22,1,2.12,1,1.0,0,0.31629134981704476,0
Haryana,Sirsa,2025-11-23,1,0.68,1,0.0,0,0.39663906399478177,0
Haryana,Sonipat,2025-10-15,1,1.64,1,0.0,0,0.11637443592159666,0
Haryana,Sonipat,2025-10-16,0,0.0,1,0.0,0,0.13851595922597437,0
Haryana,Sonipat,2025-10-17,0,0.0,1,0.0,0,0.09010763636935927,0
Haryana,Sonipat,2025-10-18,0,0.0,1,0.0,0,0.10344912806356626,0
Haryana,Sonipat,2025-10-19,0,0.0,1,0.0,0,0.08184730751780198,0
Haryana,Sonipat,2025-10-20,0,0.0,1,0.0,0,0.03299169326515971,0
Haryana,Sonipat,2025-10-21,0,0.0,1,0.0,0,0.09179214986790309,0
Haryana,Sonipat,2025-10-22,0,0.0,1,0.0,0,0.07399160340745879,0
Haryana,Sonipat,2025-10-23,0,0.0,1,0.0,0,0.06862058335085715,0
Haryana,Sonipat,2025-10-24,0,0.0,1,0.0,0,0.053151311544080954,0
Haryana,Sonipat,2025-10-25,0,0.0,1,1.0,0,0.03899527356081254,0
Haryana,Sonipat,2025-10-26,1,0.67,1,0.0,0,0.04920516687943267,0
Haryana,Sonipat,2025-10-27,0,0.0,1,0.0,0,0.10908666684249926,0
Haryana,Sonipat,2025-10-28,0,0.0,1,0.0,0,0.12190267439548012,0
Haryana,Sonipat,2025-10-29,0,0.0,1,0.0,0,0.06832722628316731,0
Haryana,Sonipat,2025-10-30,0,0.0,1,1.0,0,0.08972166800441596,0
Haryana,Sonipat,2025-10-31,1,2.27,1,2.0,0,0.11971273145407337,0
Haryana,Sonipat,2025-11-01,2,7.83,1,3.0,1,0.10455698674442834,0
Haryana,Sonipat,2025-11-02,3,13.86,1,1.0,0,0.27426203591913967,0
Haryana,Sonipat,2025-11-03,1,0.82,1,5.0,1,0.2167550507743087,0
Haryana,Sonipat,2025-11-04,5,17.57,1,4.0,1,0.45053945930280953,1
Haryana,Sonipat,2025-11-05,4,2.64,1,7.0,1,0.33808061832092606,0
Haryana,Sonipat,2025-11-06,7,23.87,1,6.0,1,0.599895510400203,1
Haryana,Sonipat,2025-11-07,6,25.61,1,2.0,0,0.7300347499039315,1
Haryana,Sonipat,2025-11-08,2,7.57,1,12.0,1,0.40742152737030274,0
Haryana,Sonipat,2025-11-09,12,53.510000000000005,1,1.0,0,0.7329114434497042,1
Haryana,Sonipat,2025-11-10,1,3.09,1,12.0,1,0.5286928301472114,1
Haryana,Sonipat,2025-11-11,12,27.05,1,6.0,1,0.5559411391034095,1
Haryana,Sonipat,2025-11-12,6,22.36,1,4.0,1,0.7872514338389621,1
Haryana,Sonipat,2025-11-13,4,10.65,1,10.0,1,0.5148457162446276,1
Haryana,Sonipat,2025-11-14,10,36.19,1,11.0,1,0.7103001929484469,1
Haryana,Sonipat,2025-11-15,11,34.99,1,16.0,1,0.7468464122406488,1
Haryana,Sonipat,2025-11-16,16,63.61,1,8.0,1,0.7738050734987829,1
Haryana,Sonipat,2025-11-17,8,27.08,1,2.0,0,0.8530380802492297,1
Haryana,Sonipat,2025-11-18,2,7.31,1,4.0,1,0.7540037239482824,1
Haryana,Sonipat,2025-11-19,4,20.27,1,2.0,0,0.6710639866208195,1
Haryana,Sonipat,2025-11-20,2,1.2400000000000002,1,0.0,0,0.4567117703178112,1
Haryana,Sonipat,2025-11-21,0,0.0,1,5.0,1,0.31281052330391396,0
Haryana,Sonipat,2025-11-22,5,14.0,1,12.0,1,0.4722895328099236,1
Haryana,Sonipat,2025-11-23,12,33.33,1,1.0,0,0.6357293802512222,1
Haryana,Yamunanagar,2025-10-15,0,0.0,1,4.0,1,0.06564413004884086,0
Haryana,Yamunanagar,2025-10-16,4,15.06,1,0.0,0,0.34738986687031626,0
Haryana,Yamunanagar,2025-10-17,0,0.0,1,2.0,0,0.28259013612139494,0
Haryana,Yamunanagar,2025-10-18,2,2.39,1,1.0,0,0.29097826656467785,0
Haryana,Yamunanagar,2025-10-19,1,3.86,1,2.0,0,0.41690395885147213,1
Haryana,Yamunanagar,2025-10-20,2,7.58,1,0.0,0,0.2872877968272183,0
Haryana,Yamunanagar,2025-10-21,0,0.0,1,1.0,0,0.25414425591305034,0
Haryana,Yamunanagar,2025-10-22,1,1.44,1,0.0,0,0.25360192536048454,0
Haryana,Yamunanagar,2025-10-23,0,0.0,1,0.0,0,0.26440181379016287,0
Haryana,Yamunanagar,2025-10-24,0,0.0,1,0.0,0,0.075901487527429,0
Haryana,Yamunanagar,2025-10-25,0,0.0,1,0.0,0,0.1448183577227549,0
Haryana,Yamunanagar,2025-10-26,0,0.0,1,0.0,0,0.08398222832929517,0
Haryana,Yamunanagar,2025-10-27,0,0.0,1,0.0,0,0.17330244353118893,0
Haryana,Yamunanagar,2025-10-28,0,0.0,1,1.0,0,0.08137518960019634,0
Haryana,Yamunanagar,2025-10-29,1,0.38,1,0.0,0,0.09798381089254674,0
Haryana,Yamunanagar,2025-10-30,0,0.0,1,0.0,0,0.09815066588772055,0
Haryana,Yamunanagar,2025-10-31,0,0.0,1,1.0,0,0.07429855210080794,0
Haryana,Yamunanagar,2025-11-01,1,5.48,1,5.0,1,0.18986158011875298,0
Haryana,Yamunanagar,2025-11-02,5,8.93,1,3.0,1,0.2028780317805236,0
Haryana,Yamunanagar,2025-11-03,3,9.27,1,0.0,0,0.41942084406358604,1
Haryana,Yamunanagar,2025-11-04,0,0.0,1,0.0,0,0.2576197528339253,0
Haryana,Yamunanagar,2025-11-05,0,0.0,1,0.0,0,0.3445637587457005,0
Haryana,Yamunanagar,2025-11-06,0,0.0,1,0.0,0,0.06325494094612812,0
Haryana,Yamunanagar,2025-11-07,0,0.0,1,0.0,0,0.0784220831456739,0
Haryana,Yamunanagar,2025-11-08,0,0.0,1,0.0,0,0.10726646998686906,0
Haryana,Yamunanagar,2025-11-09,0,0.0,1,0.0,0,0.24148450375353253,0
Haryana,Yamunanagar,2025-11-10,0,0.0,1,0.0,0,0.18893857192723476,0
Haryana,Yamunanagar,2025-11-11,0,0.0,1,0.0,0,0.013544068780707831,0
Haryana,Yamunanagar,2025-11-12,0,0.0,1,0.0,0,0.011807791931065827,0
Haryana,Yamunanagar,2025-11-13,0,0.0,1,0.0,0,0.015995784235539434,0
Haryana,Yamunanagar,2025-11-14,0,0.0,1,2.0,0,0.015479077422924495,0
Haryana,Yamunanagar,2025-11-15,2,4.6,1,0.0,0,0.06176578426479016,0
Haryana,Yamunanagar,2025-11-16,0,0.0,1,0.0,0,0.05670543477603928,0
Haryana,Yamunanagar,2025-11-17,0,0.0,1,0.0,0,0.08754807260323169,0
Haryana,Yamunanagar,2025-11-18,0,0.0,1,0.0,0,0.06297845511439283,0
Haryana,Yamunanagar,2025-11-19,0,0.0,1,0.0,0,0.013501100261423678,0
Haryana,Yamunanagar,2025-11-20,0,0.0,1,0.0,0,0.04317710195086124,0
Haryana,Yamunanagar,2025-11-21,0,0.0,1,0.0,0,0.01552086624646375,0
Haryana,Yamunanagar,2025-11-22,0,0.0,1,1.0,0,0.06104762318473652,0
Haryana,Yamunanagar,2025-11-23,1,1.39,1,0.0,0,0.04571704243034059,0
Punjab,Amritsar,2025-10-15,12,35.05,1,16.0,1,0.5290700058671745,1
Punjab,Amritsar,2025-10-16,16,68.16,1,8.0,1,0.5571262446727667,1
Punjab,Amritsar,2025-10-17,8,32.87,1,6.0,1,0.7147324110131941,1
Punjab,Amritsar,2025-10-18,6,21.91,1,45.0,1,0.8561857980499478,1
Punjab,Amritsar,2025-10-19,45,240.68,1,20.0,1,0.8810974579727809,1
Punjab,Amritsar,2025-10-20,20,92.65,1,19.0,1,0.9522061490600952,1
Punjab,Amritsar,2025-10-21,19,88.28,1,22.0,1,0.9725687487855109,1
Punjab,Amritsar,2025-10-22,22,118.74,1,16.0,1,0.9877519668737059,1
Punjab,Amritsar,2025-10-23,16,66.03,1,1.0,0,0.9776557606235146,1
Punjab,Amritsar,2025-10-24,1,2.08,1,13.0,1,0.8282721009129373,1
Punjab,Amritsar,2025-10-25,13,47.41,1,22.0,1,0.9209288686377122,1
Punjab,Amritsar,2025-10-26,22,98.56,1,24.0,1,0.9571046727695861,1
Punjab,Amritsar,2025-10-27,24,90.37,1,6.0,1,0.9297731324807894,1
Punjab,Amritsar,2025-10-28,6,33.58,1,7.0,1,0.951347802100406,1
Punjab,Amritsar,2025-10-29,7,37.73,1,23.0,1,0.9351325495483556,1
Punjab,Amritsar,2025-10-30,23,143.86,1,27.0,1,0.9387883233504875,1
Punjab,Amritsar,2025-10-31,27,94.06,1,37.0,1,0.9637333939064995,1
Punjab,Amritsar,2025-11-01,37,118.21,1,28.0,1,0.9711435083811133,1
Punjab,Amritsar,2025-11-02,28,109.47,1,9.0,1,0.9777664940621464,1
Punjab,Amritsar,2025-11-03,9,30.4,1,26.0,1,0.911415888414328,1
Punjab,Amritsar,2025-11-04,26,112.51,1,29.0,1,0.7337283079787571,1
Punjab,Amritsar,2025-11-05,29,131.59,1,23.0,1,0.8131115314787452,1
Punjab,Amritsar,2025-11-06,23,109.0,1,8.0,1,0.96943892946816,1
Punjab,Amritsar,2025-11-07,8,31.31,1,13.0,1,0.9277209072986481,1
Punjab,Amritsar,2025-11-08,13,70.85,1,15.0,1,0.93201952063145,1
Punjab,Amritsar,2025-11-09,15,46.38,1,9.0,1,0.7874889263198678,1
Punjab,Amritsar,2025-11-10,9,34.5,1,7.0,1,0.8333389184121991,1
Punjab,Amritsar,2025-11-11,7,14.15,1,4.0,1,0.8164967510308743,1
Punjab,Amritsar,2025-11-12,4,9.57,1,2.0,0,0.6945354172987653,1
Punjab,Amritsar,2025-11-13,2,5.67,1,2.0,0,0.526447452261197,1
Punjab,Amritsar,2025-11-14,2,10.12,1,2.0,0,0.42392635216978947,1
Punjab,Amritsar,2025-11-15,2,8.0,1,6.0,1,0.4202350745866449,1
Punjab,Amritsar,2025-11-16,6,30.14,1,0.0,0,0.6964878549291506,1
Punjab,Amritsar,2025-11-17,0,0.0,1,0.0,0,0.5153754056107634,1
Punjab,Amritsar,2025-11-18,0,0.0,1,0.0,0,0.3371181487706549,0
Punjab,Amritsar,2025-11-19,0,0.0,1,0.0,0,0.36970711783006766,0
Punjab,Amritsar,2025-11-20,0,0.0,1,0.0,0,0.1883078911097494,0
Punjab,Amritsar,2025-11-21,0,0.0,1,1.0,0,0.3885909816964883,0
Punjab,Amritsar,2025-11-22,1,3.81,1,4.0,1,0.1568176355962448,0
Punjab,Amritsar,2025-11-23,4,13.1,1,0.0,0,0.4057922983679089,0
Punjab,Barnala,2025-10-15,0,0.0,1,0.0,0,0.014775143972125444,0
Punjab,Barnala,2025-10-16,0,0.0,1,0.0,0,0.03231192165440417,0
Punjab,Barnala,2025-10-17,0,0.0,1,0.0,0,0.039000990701079236,0
Punjab,Barnala,2025-10-18,0,0.0,1,0.0,0,0.06266997425055808,0
Punjab,Barnala,2025-10-19,0,0.0,1,0.0,0,0.025647617589317814,0
Punjab,Barnala,2025-10-20,0,0.0,1,0.0,0,0.03492683025891137,0
Punjab,Barnala,2025-10-21,0,0.0,1,0.0,0,0.030752056556245667,0
Punjab,Barnala,2025-10-22,0,0.0,1,0.0,0,0.06835420825671053,0
Punjab,Barnala,2025-10-23,0,0.0,1,0.0,0,0.10646771905899255,0
Punjab,Barnala,2025-10-24,0,0.0,1,0.0,0,0.059584768392525626,0
Punjab,Barnala,2025-10-25,0,0.0,1,3.0,1,0.09211959203382734,0
Punjab,Barnala,2025-10-26,3,7.86,1,2.0,0,0.13663641019214584,0
Punjab,Barnala,2025-10-27,2,7.640000000000001,1,1.0,0,0.29565359439305844,0
Punjab,Barnala,2025-10-28,1,4.59,1,3.0,1,0.4691069657832795,1
Punjab,Barnala,2025-10-29,3,16.8,1,3.0,1,0.5744489683278335,1
Punjab,Barnala,2025-10-30,3,18.94,1,6.0,1,0.6195087979756729,1
Punjab,Barnala,2025-10-31,6,37.17,1,10.0,1,0.872714526914671,1
Punjab,Barnala,2025-11-01,10,56.52,1,8.0,1,0.8842945025983763,1
Punjab,Barnala,2025-11-02,8,45.7,1,6.0,1,0.9089783913236018,1
Punjab,Barnala,2025-11-03,6,37.37,1,12.0,1,0.949352953163123,1
Punjab,Barnala,2025-11-04,12,124.62,1,2.0,0,0.9218285176250718,1
Punjab,Barnala,2025-11-05,2,10.62,1,1.0,0,0.6854390552274738,1
Punjab,Barnala,2025-11-06,1,1.65,1,0.0,0,0.5518313071923129,1
Punjab,Barnala,2025-11-07,0,0.0,1,2.0,0,0.38620143450869426,0
Punjab,Barnala,2025-11-08,2,4.4,1,4.0,1,0.3111598066280725,0
Punjab,Barnala,2025-11-09,4,11.85,1,8.0,1,0.5976274451066871,1
Punjab,Barnala,2025-11-10,8,38.44,1,2.0,0,0.6684921309278189,1
Punjab,Barnala,2025-11-11,2,5.19,1,2.0,0,0.4475199330764745,1
Punjab,Barnala,2025-11-12,2,39.4,1,2.0,0,0.6086147666195031,1
Punjab,Barnala,2025-11-13,2,15.18,1,1.0,0,0.5140955711931859,1
Punjab,Barnala,2025-11-14,1,3.39,1,5.0,1,0.3956512174859953,0
Punjab,Barnala,2025-11-15,5,33.09,1,1.0,0,0.6533636306174538,1
Punjab,Barnala,2025-11-16,1,1.66,1,0.0,0,0.40370752503040847,0
Punjab,Barnala,2025-11-17,0,0.0,1,0.0,0,0.3049321769637854,0
Punjab,Barnala,2025-11-18,0,0.0,1,0.0,0,0.2649106403714634,0
Punjab,Barnala,2025-11-19,0,0.0,1,0.0,0,0.22482352969732972,0
Punjab,Barnala,2025-11-20,0,0.0,1,0.0,0,0.2232962704330064,0
Punjab,Barnala,2025-11-21,0,0.0,1,0.0,0,0.03825266966642561,0
Punjab,Barnala,2025-11-22,0,0.0,1,0.0,0,0.20056917804335733,0
Punjab,Barnala,2025-11-23,0,0.0,1,0.0,0,0.019229748787718947,0
Punjab,Bathinda,2025-10-15,1,1.18,1,0.0,0,0.1872716725118392,0
Punjab,Bathinda,2025-10-16,0,0.0,1,4.0,1,0.10822412303034261,0
Punjab,Bathinda,2025-10-17,4,63.8,1,0.0,0,0.49089630389948574,1
Punjab,Bathinda,2025-10-18,0,0.0,1,0.0,0,0.2745904501763842,0
Punjab,Bathinda,2025-10-19,0,0.0,1,5.0,1,0.27234910239287496,0
Punjab,Bathinda,2025-10-20,5,17.72,1,2.0,0,0.5688361525805562,1
Punjab,Bathinda,2025-10-21,2,4.890000000000001,1,17.0,1,0.4160333666986713,1
Punjab,Bathinda,2025-10-22,17,87.66,1,3.0,1,0.6847716403983932,1
Punjab,Bathinda,2025-10-23,3,19.55,1,4.0,1,0.8019838823833632,1
Punjab,Bathinda,2025-10-24,4,28.48,1,7.0,1,0.7871590316592983,1
Punjab,Bathinda,2025-10-25,7,29.89,1,13.0,1,0.8821040942055568,1
Punjab,Bathinda,2025-10-26,13,74.64,1,8.0,1,0.8631416970521327,1
Punjab,Bathinda,2025-10-27,8,43.22,1,9.0,1,0.8903815976204441,1
Punjab,Bathinda,2025-10-28,9,58.940000000000005,1,13.0,1,0.93353119845502,1
Punjab,Bathinda,2025-10-29,13,140.1,1,18.0,1,0.9527521937671105,1
Punjab,Bathinda,2025-10-30,18,127.21,1,41.0,1,0.9768844399869403,1
Punjab,Bathinda,2025-10-31,41,315.65000000000003,1,26.0,1,0.9758861707254289,1
Punjab,Bathinda,2025-11-01,26,202.89,1,30.0,1,0.9608517997627417,1
Punjab,Bathinda,2025-11-02,30,221.48,1,17.0,1,0.9675073870075999,1
Punjab,Bathinda,2025-11-03,17,79.41,1,27.0,1,0.925796796480158,1
Punjab,Bathinda,2025-11-04,27,125.34,1,12.0,1,0.9944042547654461,1
Punjab,Bathinda,2025-11-05,12,44.44,1,24.0,1,0.8210122184127635,1
Punjab,Bathinda,2025-11-06,24,116.88,1,41.0,1,0.9777036823285375,1
Punjab,Bathinda,2025-11-07,41,237.32,1,20.0,1,0.978649186603245,1
Punjab,Bathinda,2025-11-08,20,100.05,1,18.0,1,0.9685704820417537,1
Punjab,Bathinda,2025-11-09,18,112.56,1,35.0,1,0.7910548779957147,1
Punjab,Bathinda,2025-11-10,35,228.03,1,32.0,1,0.864008582354285,1
Punjab,Bathinda,2025-11-11,32,118.04,1,15.0,1,0.9705466367827786,1
Punjab,Bathinda,2025-11-12,15,44.18,1,14.0,1,0.9419506590761307,1
Punjab,Bathinda,2025-11-13,14,69.72,1,20.0,1,0.973943093716391,1
Punjab,Bathinda,2025-11-14,20,112.79,1,11.0,1,0.9562327845119236,1
Punjab,Bathinda,2025-11-15,11,34.54,1,37.0,1,0.8544882512527926,1
Punjab,Bathinda,2025-11-16,37,147.55,1,13.0,1,0.9615396898123714,1
Punjab,Bathinda,2025-11-17,13,55.79,1,6.0,1,0.9619563323351771,1
Punjab,Bathinda,2025-11-18,6,25.15,1,6.0,1,0.9379488026602388,1
Punjab,Bathinda,2025-11-19,6,39.8,1,7.0,1,0.9092668076823412,1
Punjab,Bathinda,2025-11-20,7,21.46,1,8.0,1,0.6810943809383917,1
Punjab,Bathinda,2025-11-21,8,30.63,1,7.0,1,0.7919992327104723,1
Punjab,Bathinda,2025-11-22,7,37.75,1,1.0,0,0.6020878793910712,1
Punjab,Bathinda,2025-11-23,1,1.89,1,1.0,0,0.6125113035674254,1
Punjab,Faridkot,2025-10-15,0,0.0,1,1.0,0,0.03353218965438013,0
Punjab,Faridkot,2025-10-16,1,2.22,1,1.0,0,0.08606944455932317,0
Punjab,Faridkot,2025-10-17,1,5.47,1,0.0,0,0.32296878709838717,0
Punjab,Faridkot,2025-10-18,0,0.0,1,1.0,0,0.08560195100037657,0
Punjab,Faridkot,2025-10-19,1,5.6,1,0.0,0,0.3517828129319511,0
Punjab,Faridkot,2025-10-20,0,0.0,1,2.0,0,0.0784649091779848,0
Punjab,Faridkot,2025-10-21,2,7.15,1,5.0,1,0.2675564493758702,0
Punjab,Faridkot,2025-10-22,5,24.04,1,1.0,0,0.5535776822375109,1
Punjab,Faridkot,2025-10-23,1,6.57,1,2.0,0,0.6192956951053609,1
Punjab,Faridkot,2025-10-24,2,5.51,1,5.0,1,0.4484444571553398,1
Punjab,Faridkot,2025-10-25,5,26.76,1,5.0,1,0.7624783956463713,1
Punjab,Faridkot,2025-10-26,5,17.33,1,3.0,1,0.7064629725804188,1
Punjab,Faridkot,2025-10-27,3,11.5,1,2.0,0,0.7029332267558653,1
Punjab,Faridkot,2025-10-28,2,8.79,1,9.0,1,0.6358264098598547,1
Punjab,Faridkot,2025-10-29,9,88.17,1,5.0,1,0.7239937060411725,1
Punjab,Faridkot,2025-10-30,5,17.3,1,9.0,1,0.8739875637062978,1
Punjab,Faridkot,2025-10-31,9,39.27,1,4.0,1,0.9248091606305816,1
Punjab,Faridkot,2025-11-01,4,28.95,1,8.0,1,0.8541907337794455,1
Punjab,Faridkot,2025-11-02,8,50.22,1,0.0,0,0.796294222335917,1
Punjab,Faridkot,2025-11-03,0,0.0,1,11.0,1,0.5416771925045082,1
Punjab,Faridkot,2025-11-04,11,61.760000000000005,1,12.0,1,0.8481243733932845,1
Punjab,Faridkot,2025-11-05,12,48.12,1,19.0,1,0.8455621986211493,1
Punjab,Faridkot,2025-11-06,19,138.35,1,8.0,1,0.8571655648593967,1
Punjab,Faridkot,2025-11-07,8,23.32,1,15.0,1,0.8606431549488065,1
Punjab,Faridkot,2025-11-08,15,90.21,1,20.0,1,0.9095424688789414,1
Punjab,Faridkot,2025-11-09,20,190.47,1,3.0,1,0.7736615882838309,1
Punjab,Faridkot,2025-11-10,3,10.91,1,9.0,1,0.7970979463905646,1
Punjab,Faridkot,2025-11-11,9,65.49,1,3.0,1,0.9134377479904566,1
Punjab,Faridkot,2025-11-12,3,11.0,1,4.0,1,0.7560418054427304,1
Punjab,Faridkot,2025-11-13,4,12.6,1,0.0,0,0.783467859702943,1
Punjab,Faridkot,2025-11-14,0,0.0,1,2.0,0,0.6057733626702082,1
Punjab,Faridkot,2025-11-15,2,6.69,1,7.0,1,0.297476873287369,0
Punjab,Faridkot,2025-11-16,7,34.44,1,4.0,1,0.7740499869741133,1
Punjab,Faridkot,2025-11-17,4,30.05,1,0.0,0,0.6909143678723183,1
Punjab,Faridkot,2025-11-18,0,0.0,1,2.0,0,0.4875958589122957,1
Punjab,Faridkot,2025-11-19,2,17.740000000000002,1,2.0,0,0.461936162694427,1
Punjab,Faridkot,2025-11-20,2,11.43,1,0.0,0,0.4292498130209846,1
Punjab,Faridkot,2025-11-21,0,0.0,1,0.0,0,0.410902394277311,0
Punjab,Faridkot,2025-11-22,0,0.0,1,0.0,0,0.2649959003958651,0
Punjab,Faridkot,2025-11-23,0,0.0,1,0.0,0,0.366013660966404,0
Punjab,Fatehgarh Sahib,2025-10-15,0,0.0,1,0.0,0,0.06810018239978165,0
Punjab,Fatehgarh Sahib,2025-10-16,0,0.0,1,0.0,0,0.11224398224500158,0
Punjab,Fatehgarh Sahib,2025-10-17,0,0.0,1,0.0,0,0.03279864784630526,0
Punjab,Fatehgarh Sahib,2025-10-18,0,0.0,1,4.0,1,0.08364975691112136,0
Punjab,Fatehgarh Sahib,2025-10-19,4,20.89,1,1.0,0,0.540059775581585,1
Punjab,Fatehgarh Sahib,2025-10-20,1,1.79,1,6.0,1,0.4053383379083876,0
Punjab,Fatehgarh Sahib,2025-10-21,6,26.86,1,2.0,0,0.6623987544277807,1
Punjab,Fatehgarh Sahib,2025-10-22,2,12.03,1,0.0,0,0.676358389975747,1
Punjab,Fatehgarh Sahib,2025-10-23,0,0.0,1,0.0,0,0.33864641314908467,0
Punjab,Fatehgarh Sahib,2025-10-24,0,0.0,1,0.0,0,0.3045154726687302,0
Punjab,Fatehgarh Sahib,2025-10-25,0,0.0,1,14.0,1,0.1024559194546541,0
Punjab,Fatehgarh Sahib,2025-10-26,14,44.94,1,3.0,1,0.7390687133675917,1
Punjab,Fatehgarh Sahib,2025-10-27,3,49.03,1,4.0,1,0.7802052035647453,1
Punjab,Fatehgarh Sahib,2025-10-28,4,19.14,1,3.0,1,0.8089383211762013,1
Punjab,Fatehgarh Sahib,2025-10-29,3,33.61,1,0.0,0,0.818406157698988,1
Punjab,Fatehgarh Sahib,2025-10-30,0,0.0,1,5.0,1,0.45249908231578717,1
Punjab,Fatehgarh Sahib,2025-10-31,5,28.4,1,8.0,1,0.8430577895229014,1
Punjab,Fatehgarh Sahib,2025-11-01,8,57.0,1,5.0,1,0.8524461673735617,1
Punjab,Fatehgarh Sahib,2025-11-02,5,30.47,1,1.0,0,0.8195418354790043,1
Punjab,Fatehgarh Sahib,2025-11-03,1,4.68,1,3.0,1,0.6533909314420486,1
Punjab,Fatehgarh Sahib,2025-11-04,3,19.16,1,6.0,1,0.6658924830537043,1
Punjab,Fatehgarh Sahib,2025-11-05,6,19.16,1,6.0,1,0.5828036453747191,1
Punjab,Fatehgarh Sahib,2025-11-06,6,9.41,1,8.0,1,0.5440656587297739,1
Punjab,Fatehgarh Sahib,2025-11-07,8,23.52,1,8.0,1,0.5503806505543563,1
Punjab,Fatehgarh Sahib,2025-11-08,8,33.71,1,5.0,1,0.6529824750088093,1
Punjab,Fatehgarh Sahib,2025-11-09,5,24.72,1,1.0,0,0.6840548002219248,1
Punjab,Fatehgarh Sahib,2025-11-10,1,3.45,1,3.0,1,0.48959954665257216,1
Punjab,Fatehgarh Sahib,2025-11-11,3,7.37,1,1.0,0,0.359694716088851,0
Punjab,Fatehgarh Sahib,2025-11-12,1,7.2,1,0.0,0,0.31082426238419547,0
Punjab,Fatehgarh Sahib,2025-11-13,0,0.0,1,2.0,0,0.27584688291026693,0
Punjab,Fatehgarh Sahib,2025-11-14,2,4.34,1,3.0,1,0.3627490655888601,0
Punjab,Fatehgarh Sahib,2025-11-15,3,6.069999999999999,1,4.0,1,0.4027557472843279,0
Punjab,Fatehgarh Sahib,2025-11-16,4,6.75,1,1.0,0,0.37789466294234364,0
Punjab,Fatehgarh Sahib,2025-11-17,1,3.37,1,1.0,0,0.2116392855875501,0
Punjab,Fatehgarh Sahib,2025-11-18,1,3.68,1,6.0,1,0.2062911992170883,0
Punjab,Fatehgarh Sahib,2025-11-19,6,22.45,1,3.0,1,0.5444628913965729,1
Punjab,Fatehgarh Sahib,2025-11-20,3,3.65,1,0.0,0,0.49520439039420255,1
Punjab,Fatehgarh Sahib,2025-11-21,0,0.0,1,0.0,0,0.3355729615919907,0
Punjab,Fatehgarh Sahib,2025-11-22,0,0.0,1,0.0,0,0.25308646123980805,0
Punjab,Fatehgarh Sahib,2025-11-23,0,0.0,1,0.0,0,0.24966205811895129,0
Punjab,Fazilka,2025-10-15,0,0.0,1,2.0,0,0.18166421608932054,0
Punjab,Fazilka,2025-10-16,2,8.14,1,3.0,1,0.40400418529852333,0
Punjab,Fazilka,2025-10-17,3,11.59,1,0.0,0,0.48430152852588937,1
Punjab,Fazilka,2025-10-18,0,0.0,1,4.0,1,0.197826181535046,0
Punjab,Fazilka,2025-10-19,4,18.04,1,7.0,1,0.5346713758893551,1
Punjab,Fazilka,2025-10-20,7,33.6,1,4.0,1,0.6764643694392914,1
Punjab,Fazilka,2025-10-21,4,18.44,1,2.0,0,0.6507017344733477,1
Punjab,Fazilka,2025-10-22,2,40.43,1,0.0,0,0.7253532670239428,1
Punjab,Fazilka,2025-10-23,0,0.0,1,4.0,1,0.5464652969114757,1
Punjab,Fazilka,2025-10-24,4,27.34,1,0.0,0,0.6455082804850464,1
Punjab,Fazilka,2025-10-25,0,0.0,1,7.0,1,0.4515584690509619,1
Punjab,Fazilka,2025-10-26,7,29.8,1,1.0,0,0.7597906746784285,1
Punjab,Fazilka,2025-10-27,1,3.99,1,2.0,0,0.6622993583245936,1
Punjab,Fazilka,2025-10-28,2,11.98,1,4.0,1,0.6103411459179077,1
Punjab,Fazilka,2025-10-29,4,27.86,1,5.0,1,0.7248734304775967,1
Punjab,Fazilka,2025-10-30,5,24.56,1,10.0,1,0.6945058403992691,1
Punjab,Fazilka,2025-10-31,10,44.28,1,12.0,1,0.7643287437956537,1
Punjab,Fazilka,2025-11-01,12,57.93,1,13.0,1,0.8454288808463964,1
Punjab,Fazilka,2025-11-02,13,84.34,1,13.0,1,0.8646213794215037,1
Punjab,Fazilka,2025-11-03,13,134.76,1,16.0,1,0.8887349261585971,1
Punjab,Fazilka,2025-11-04,16,119.84,1,18.0,1,0.8955511607260871,1
Punjab,Fazilka,2025-11-05,18,102.75,1,25.0,1,0.8787287500055153,1
Punjab,Fazilka,2025-11-06,25,259.03000000000003,1,20.0,1,0.9629575526308457,1
Punjab,Fazilka,2025-11-07,20,154.25,1,24.0,1,0.985148706071492,1
Punjab,Fazilka,2025-11-08,24,119.77,1,46.0,1,0.9687276475139561,1
Punjab,Fazilka,2025-11-09,46,255.47,1,17.0,1,0.79422305066555,1
Punjab,Fazilka,2025-11-10,17,96.81,1,23.0,1,0.8451738747730103,1
Punjab,Fazilka,2025-11-11,23,189.2,1,14.0,1,0.9402439794004743,1
Punjab,Fazilka,2025-11-12,14,117.91,1,19.0,1,0.9479646583191541,1
Punjab,Fazilka,2025-11-13,19,143.35,1,29.0,1,0.9762857999747169,1
Punjab,Fazilka,2025-11-14,29,271.5,1,18.0,1,0.9753087670373543,1
Punjab,Fazilka,2025-11-15,18,61.9,1,29.0,1,0.9791940471003516,1
Punjab,Fazilka,2025-11-16,29,117.8,1,7.0,1,0.9786375758623123,1
Punjab,Fazilka,2025-11-17,7,33.87,1,3.0,1,0.9547880845576531,1
Punjab,Fazilka,2025-11-18,3,15.489999999999998,1,10.0,1,0.8623382315105226,1
Punjab,Fazilka,2025-11-19,10,25.72,1,1.0,0,0.7716195862473125,1
Punjab,Fazilka,2025-11-20,1,6.82,1,10.0,1,0.6444824697839888,1
Punjab,Fazilka,2025-11-21,10,59.63,1,4.0,1,0.7799297048989223,1
Punjab,Fazilka,2025-11-22,4,25.17,1,3.0,1,0.6738393041852219,1
Punjab,Fazilka,2025-11-23,3,33.96,1,0.0,0,0.6803592835398922,1
Punjab,Ferozepur,2025-10-15,3,12.61,1,9.0,1,0.48097915746622016,1
Punjab,Ferozepur,2025-10-16,9,81.17999999999999,1,7.0,1,0.5059100424968735,1
Punjab,Ferozepur,2025-10-17,7,33.97,1,10.0,1,0.7002093606352802,1
Punjab,Ferozepur,2025-10-18,10,29.47,1,7.0,1,0.742190352027412,1
Punjab,Ferozepur,2025-10-19,7,76.3,1,18.0,1,0.8140847806544607,1
Punjab,Ferozepur,2025-10-20,18,144.3,1,31.0,1,0.8146817439661297,1
Punjab,Ferozepur,2025-10-21,31,177.18,1,18.0,1,0.9558104127036521,1
Punjab,Ferozepur,2025-10-22,18,137.65,1,5.0,1,0.9928425243940825,1
Punjab,Ferozepur,2025-10-23,5,19.84,1,7.0,1,0.872346361325588,1
Punjab,Ferozepur,2025-10-24,7,31.76,1,12.0,1,0.8939088346527848,1
Punjab,Ferozepur,2025-10-25,12,88.68,1,25.0,1,0.8914300794951909,1
Punjab,Ferozepur,2025-10-26,25,167.95,1,14.0,1,0.9664658273646234,1
Punjab,Ferozepur,2025-10-27,14,99.84,1,10.0,1,0.9781891643998207,1
Punjab,Ferozepur,2025-10-28,10,50.78,1,27.0,1,0.9793772417666026,1
Punjab,Ferozepur,2025-10-29,27,342.41,1,43.0,1,0.9689340913814868,1
Punjab,Ferozepur,2025-10-30,43,284.75,1,35.0,1,0.9843864883067741,1
Punjab,Ferozepur,2025-10-31,35,223.29,1,33.0,1,0.9888918324051977,1
Punjab,Ferozepur,2025-11-01,33,243.13,1,47.0,1,0.9731541662029202,1
Punjab,Ferozepur,2025-11-02,47,320.26,1,26.0,1,0.9953980435853219,1
Punjab,Ferozepur,2025-11-03,26,130.48,1,69.0,1,0.9704337479980555,1
Punjab,Ferozepur,2025-11-04,69,518.02,1,5.0,1,0.8199454145780075,1
Punjab,Ferozepur,2025-11-05,5,39.5,1,20.0,1,0.8983776151397168,1
Punjab,Ferozepur,2025-11-06,20,166.86,1,48.0,1,0.9632981729133909,1
Punjab,Ferozepur,2025-11-07,48,253.48,1,46.0,1,0.9722580737680566,1
Punjab,Ferozepur,2025-11-08,46,301.38,1,77.0,1,0.9697740219849638,1
Punjab,Ferozepur,2025-11-09,77,484.15,1,39.0,1,0.7982690717769249,1
Punjab,Ferozepur,2025-11-10,39,197.49,1,23.0,1,0.8643837802257285,1
Punjab,Ferozepur,2025-11-11,23,143.03,1,22.0,1,0.9513123553589317,1
Punjab,Ferozepur,2025-11-12,22,96.13,1,21.0,1,0.9755046847180776,1
Punjab,Ferozepur,2025-11-13,21,122.98,1,12.0,1,0.9738948091712225,1
Punjab,Ferozepur,2025-11-14,12,70.94,1,20.0,1,0.9542552282934489,1
Punjab,Ferozepur,2025-11-15,20,267.89,1,19.0,1,0.9599592515514535,1
Punjab,Ferozepur,2025-11-16,19,94.6,1,2.0,0,0.9792572985187518,1
Punjab,Ferozepur,2025-11-17,2,7.55,1,4.0,1,0.9024144633187202,1
Punjab,Ferozepur,2025-11-18,4,10.27,1,1.0,0,0.7892257526590223,1
Punjab,Ferozepur,2025-11-19,1,4.64,1,1.0,0,0.7093806929519966,1
Punjab,Ferozepur,2025-11-20,1,3.39,1,1.0,0,0.6064770350689295,1
Punjab,Ferozepur,2025-11-21,1,3.06,1,3.0,1,0.4928403024811791,1
Punjab,Ferozepur,2025-11-22,3,9.88,1,0.0,0,0.5419932779839711,1
Punjab,Ferozepur,2025-11-23,0,0.0,1,2.0,0,0.5640874738496592,1
Punjab,Gurdaspur,2025-10-15,0,0.0,1,1.0,0,0.185835607004889,0
Punjab,Gurdaspur,2025-10-16,1,3.49,1,2.0,0,0.430491447285982,1
Punjab,Gurdaspur,2025-10-17,2,6.96,1,3.0,1,0.4265996697495052,1
Punjab,Gurdaspur,2025-10-18,3,11.97,1,4.0,1,0.5506652818455087,1
Punjab,Gurdaspur,2025-10-19,4,9.85,1,10.0,1,0.5456199884809089,1
Punjab,Gurdaspur,2025-10-20,10,38.04,1,11.0,1,0.8220082188614188,1
Punjab,Gurdaspur,2025-10-21,11,53.23,1,18.0,1,0.8161272596057637,1
Punjab,Gurdaspur,2025-10-22,18,68.9,1,5.0,1,0.9317360214420672,1
Punjab,Gurdaspur,2025-10-23,5,11.48,1,4.0,1,0.8079530543760696,1
Punjab,Gurdaspur,2025-10-24,4,15.14,1,7.0,1,0.9004814520291272,1
Punjab,Gurdaspur,2025-10-25,7,20.9,1,23.0,1,0.7948681976582944,1
Punjab,Gurdaspur,2025-10-26,23,92.27,1,9.0,1,0.8472006746172487,1
Punjab,Gurdaspur,2025-10-27,9,22.0,1,5.0,1,0.7836635128786414,1
Punjab,Gurdaspur,2025-10-28,5,21.13,1,0.0,0,0.914066042390038,1
Punjab,Gurdaspur,2025-10-29,0,0.0,1,5.0,1,0.629809206378621,1
Punjab,Gurdaspur,2025-10-30,5,31.75,1,10.0,1,0.7554378045501629,1
Punjab,Gurdaspur,2025-10-31,10,31.14,1,10.0,1,0.7984179196364348,1
Punjab,Gurdaspur,2025-11-01,10,37.7,1,6.0,1,0.8421237437546467,1
Punjab,Gurdaspur,2025-11-02,6,26.83,1,3.0,1,0.904143971861074,1
Punjab,Gurdaspur,2025-11-03,3,10.03,1,5.0,1,0.5635455461944082,1
Punjab,Gurdaspur,2025-11-04,5,22.94,1,2.0,0,0.6179534326581262,1
Punjab,Gurdaspur,2025-11-05,2,4.93,1,6.0,1,0.48638118731297014,1
Punjab,Gurdaspur,2025-11-06,6,27.17,1,6.0,1,0.6763321919918459,1
Punjab,Gurdaspur,2025-11-07,6,15.24,1,5.0,1,0.4358274073380794,1
Punjab,Gurdaspur,2025-11-08,5,17.650000000000002,1,4.0,1,0.533761480139588,1
Punjab,Gurdaspur,2025-11-09,4,15.5,1,12.0,1,0.5283636777134207,1
Punjab,Gurdaspur,2025-11-10,12,49.24,1,6.0,1,0.7285214253288853,1
Punjab,Gurdaspur,2025-11-11,6,18.61,1,2.0,0,0.5720805314737296,1
Punjab,Gurdaspur,2025-11-12,2,4.21,1,0.0,0,0.5072859883308882,1
Punjab,Gurdaspur,2025-11-13,0,0.0,1,0.0,0,0.34462699457950174,0
Punjab,Gurdaspur,2025-11-14,0,0.0,1,0.0,0,0.30944345429371145,0
Punjab,Gurdaspur,2025-11-15,0,0.0,1,1.0,0,0.4245644220633186,1
Punjab,Gurdaspur,2025-11-16,1,3.47,1,0.0,0,0.29604476420790016,0
Punjab,Gurdaspur,2025-11-17,0,0.0,1,0.0,0,0.46312559234071654,1
Punjab,Gurdaspur,2025-11-18,0,0.0,1,0.0,0,0.2453249806585345,0
Punjab,Gurdaspur,2025-11-19,0,0.0,1,0.0,0,0.06250226982663393,0
Punjab,Gurdaspur,2025-11-20,0,0.0,1,0.0,0,0.028786271026905386,0
Punjab,Gurdaspur,2025-11-21,0,0.0,1,1.0,0,0.04037257246334349,0
Punjab,Gurdaspur,2025-11-22,1,3.23,1,0.0,0,0.07599127317972897,0
Punjab,Gurdaspur,2025-11-23,0,0.0,1,0.0,0,0.09284870616433871,0
Punjab,Hoshiarpur,2025-10-15,0,0.0,1,0.0,0,0.05307629688657766,0
Punjab,Hoshiarpur,2025-10-16,0,0.0,1,0.0,0,0.05703472445217168,0
Punjab,Hoshiarpur,2025-10-17,0,0.0,1,0.0,0,0.06393174457154678,0
Punjab,Hoshiarpur,2025-10-18,0,0.0,1,0.0,0,0.08872940416872513,0
Punjab,Hoshiarpur,2025-10-19,0,0.0,1,0.0,0,0.07535983118414,0
Punjab,Hoshiarpur,2025-10-20,0,0.0,1,1.0,0,0.05142928337855877,0
Punjab,Hoshiarpur,2025-10-21,1,2.05,1,1.0,0,0.07518102540627808,0
Punjab,Hoshiarpur,2025-10-22,1,1.95,1,0.0,0,0.23228308958878774,0
Punjab,Hoshiarpur,2025-10-23,0,0.0,1,3.0,1,0.2018152169777234,0
Punjab,Hoshiarpur,2025-10-24,3,8.99,1,1.0,0,0.2777975577963376,0
Punjab,Hoshiarpur,2025-10-25,1,3.5,1,3.0,1,0.4390675647144495,1
Punjab,Hoshiarpur,2025-10-26,3,8.4,1,1.0,0,0.4652391167205419,1
Punjab,Hoshiarpur,2025-10-27,1,1.99,1,1.0,0,0.35770626801951266,0
Punjab,Hoshiarpur,2025-10-28,1,1.76,1,2.0,0,0.3530723612364378,0
Punjab,Hoshiarpur,2025-10-29,2,9.41,1,1.0,0,0.6073504250047658,1
Punjab,Hoshiarpur,2025-10-30,1,4.77,1,7.0,1,0.47425540931303933,1
Punjab,Hoshiarpur,2025-10-31,7,13.48,1,11.0,1,0.5256549398881231,1
Punjab,Hoshiarpur,2025-11-01,11,59.01,1,2.0,0,0.8920294508043525,1
Punjab,Hoshiarpur,2025-11-02,2,4.35,1,0.0,0,0.6277789455428614,1
Punjab,Hoshiarpur,2025-11-03,0,0.0,1,3.0,1,0.28921649140230454,0
Punjab,Hoshiarpur,2025-11-04,3,9.78,1,1.0,0,0.5365313793167331,1
Punjab,Hoshiarpur,2025-11-05,1,0.53,1,0.0,0,0.3750035046496821,0
Punjab,Hoshiarpur,2025-11-06,0,0.0,1,0.0,0,0.35087252609959707,0
Punjab,Hoshiarpur,2025-11-07,0,0.0,1,0.0,0,0.26974605885199465,0
Punjab,Hoshiarpur,2025-11-08,0,0.0,1,0.0,0,0.30441411225800985,0
Punjab,Hoshiarpur,2025-11-09,0,0.0,1,1.0,0,0.08822999533026529,0
Punjab,Hoshiarpur,2025-11-10,1,3.59,1,4.0,1,0.05734996179360634,0
Punjab,Hoshiarpur,2025-11-11,4,13.02,1,1.0,0,0.2646116696045725,0
Punjab,Hoshiarpur,2025-11-12,1,2.58,1,1.0,0,0.27962197697463625,0
Punjab,Hoshiarpur,2025-11-13,1,4.07,1,0.0,0,0.24419707745052105,0
Punjab,Hoshiarpur,2025-11-14,0,0.0,1,1.0,0,0.1501900644754507,0
Punjab,Hoshiarpur,2025-11-15,1,5.82,1,0.0,0,0.1849516967420378,0
Punjab,Hoshiarpur,2025-11-16,0,0.0,1,1.0,0,0.12890933128225934,0
Punjab,Hoshiarpur,2025-11-17,1,2.83,1,1.0,0,0.16696673942925971,0
Punjab,Hoshiarpur,2025-11-18,1,3.42,1,1.0,0,0.19266323554090917,0
Punjab,Hoshiarpur,2025-11-19,1,3.11,1,0.0,0,0.17355886061823417,0
Punjab,Hoshiarpur,2025-11-20,0,0.0,1,0.0,0,0.11984837319023908,0
Punjab,Hoshiarpur,2025-11-21,0,0.0,1,0.0,0,0.062508403072537,0
Punjab,Hoshiarpur,2025-11-22,0,0.0,1,0.0,0,0.08862801118894943,0
Punjab,Hoshiarpur,2025-11-23,0,0.0,1,2.0,0,0.06152574052661131,0
Punjab,Jalandhar,2025-10-15,0,0.0,1,0.0,0,0.04966183083060166,0
Punjab,Jalandhar,2025-10-16,0,0.0,1,4.0,1,0.02942394344608855,0
Punjab,Jalandhar,2025-10-17,4,14.38,1,2.0,0,0.4432601630757004,1
Punjab,Jalandhar,2025-10-18,2,9.96,1,0.0,0,0.5454503917087157,1
Punjab,Jalandhar,2025-10-19,0,0.0,1,2.0,0,0.29636379861519413,0
Punjab,Jalandhar,2025-10-20,2,9.15,1,3.0,1,0.5722006284796338,1
Punjab,Jalandhar,2025-10-21,3,16.41,1,4.0,1,0.4662398477652524,1
Punjab,Jalandhar,2025-10-22,4,15.63,1,1.0,0,0.672400094020234,1
Punjab,Jalandhar,2025-10-23,1,2.67,1,0.0,0,0.5810419875981055,1
Punjab,Jalandhar,2025-10-24,0,0.0,1,8.0,1,0.35140656956107885,0
Punjab,Jalandhar,2025-10-25,8,94.87,1,12.0,1,0.8144783502146111,1
Punjab,Jalandhar,2025-10-26,12,45.35,1,8.0,1,0.8788841401252008,1
Punjab,Jalandhar,2025-10-27,8,36.98,1,6.0,1,0.9479541994901635,1
Punjab,Jalandhar,2025-10-28,6,29.52,1,12.0,1,0.9332865516107768,1
Punjab,Jalandhar,2025-10-29,12,42.22,1,5.0,1,0.8771947064100744,1
Punjab,Jalandhar,2025-10-30,5,25.29,1,13.0,1,0.8900403926901119,1
Punjab,Jalandhar,2025-10-31,13,70.91,1,18.0,1,0.9397732341904066,1
Punjab,Jalandhar,2025-11-01,18,79.67999999999999,1,15.0,1,0.9614986561335479,1
Punjab,Jalandhar,2025-11-02,15,97.69,1,5.0,1,0.9861932452284925,1
Punjab,Jalandhar,2025-11-03,5,47.65,1,9.0,1,0.9689699860388713,1
Punjab,Jalandhar,2025-11-04,9,61.24,1,8.0,1,0.8012735462260528,1
Punjab,Jalandhar,2025-11-05,8,5.93,1,11.0,1,0.6941439747587627,1
Punjab,Jalandhar,2025-11-06,11,34.28,1,16.0,1,0.7845932423864832,1
Punjab,Jalandhar,2025-11-07,16,78.03,1,5.0,1,0.8990808000135379,1
Punjab,Jalandhar,2025-11-08,5,17.88,1,9.0,1,0.8612954402809473,1
Punjab,Jalandhar,2025-11-09,9,30.61,1,16.0,1,0.77948102718216,1
Punjab,Jalandhar,2025-11-10,16,64.49,1,19.0,1,0.8179886770403033,1
Punjab,Jalandhar,2025-11-11,19,152.87,1,10.0,1,0.8878615430474744,1
Punjab,Jalandhar,2025-11-12,10,33.88,1,4.0,1,0.9108941617436414,1
Punjab,Jalandhar,2025-11-13,4,17.48,1,1.0,0,0.9093740070500147,1
Punjab,Jalandhar,2025-11-14,1,1.66,1,2.0,0,0.6640142616915693,1
Punjab,Jalandhar,2025-11-15,2,7.02,1,4.0,1,0.3653518357787553,0
Punjab,Jalandhar,2025-11-16,4,21.23,1,1.0,0,0.6850168707649951,1
Punjab,Jalandhar,2025-11-17,1,1.76,1,1.0,0,0.4519024237198369,1
Punjab,Jalandhar,2025-11-18,1,2.9,1,1.0,0,0.390617304919949,0
Punjab,Jalandhar,2025-11-19,1,4.82,1,0.0,0,0.2926179349716867,0
Punjab,Jalandhar,2025-11-20,0,0.0,1,1.0,0,0.3498996372363039,0
Punjab,Jalandhar,2025-11-21,1,3.67,1,0.0,0,0.264523481832043,0
Punjab,Jalandhar,2025-11-22,0,0.0,1,0.0,0,0.1422593563533932,0
Punjab,Jalandhar,2025-11-23,0,0.0,1,7.0,1,0.2976270416239887,0
Punjab,Kapurthala,2025-10-15,0,0.0,1,2.0,0,0.11041706046716333,0
Punjab,Kapurthala,2025-10-16,2,19.36,1,0.0,0,0.44019515292802425,1
Punjab,Kapurthala,2025-10-17,0,0.0,1,1.0,0,0.12760818447165995,0
Punjab,Kapurthala,2025-10-18,1,2.11,1,0.0,0,0.33886122447013706,0
Punjab,Kapurthala,2025-10-19,0,0.0,1,0.0,0,0.26062162474448675,0
Punjab,Kapurthala,2025-10-20,0,0.0,1,18.0,1,0.15078280368405997,0
Punjab,Kapurthala,2025-10-21,18,162.19,1,6.0,1,0.6436492169596019,1
Punjab,Kapurthala,2025-10-22,6,27.200000000000003,1,5.0,1,0.8802899386703765,1
Punjab,Kapurthala,2025-10-23,5,18.61,1,2.0,0,0.8790297331114308,1
Punjab,Kapurthala,2025-10-24,2,13.5,1,8.0,1,0.8398626376420743,1
Punjab,Kapurthala,2025-10-25,8,66.05,1,13.0,1,0.8399721469389949,1
Punjab,Kapurthala,2025-10-26,13,79.31,1,14.0,1,0.9255140843524629,1
Punjab,Kapurthala,2025-10-27,14,51.09,1,3.0,1,0.9447740521762094,1
Punjab,Kapurthala,2025-10-28,3,15.39,1,18.0,1,0.8792451152231904,1
Punjab,Kapurthala,2025-10-29,18,131.55,1,12.0,1,0.9455476803885757,1
Punjab,Kapurthala,2025-10-30,12,41.96,1,31.0,1,0.9397054783537105,1
Punjab,Kapurthala,2025-10-31,31,101.58,1,35.0,1,0.9767938824665641,1
Punjab,Kapurthala,2025-11-01,35,154.07,1,26.0,1,0.9985777777777778,1
Punjab,Kapurthala,2025-11-02,26,154.72,1,11.0,1,0.9943487355742069,1
Punjab,Kapurthala,2025-11-03,11,44.88,1,11.0,1,0.9774991193790025,1
Punjab,Kapurthala,2025-11-04,11,57.36,1,0.0,0,0.7783459459911917,1
Punjab,Kapurthala,2025-11-05,0,0.0,1,5.0,1,0.649507046652623,1
Punjab,Kapurthala,2025-11-06,5,15.38,1,14.0,1,0.7446628849108307,1
Punjab,Kapurthala,2025-11-07,14,53.81,1,10.0,1,0.8662310839891549,1
Punjab,Kapurthala,2025-11-08,10,44.3,1,9.0,1,0.8881920765016861,1
Punjab,Kapurthala,2025-11-09,9,34.25,1,6.0,1,0.8293574208668136,1
Punjab,Kapurthala,2025-11-10,6,32.980000000000004,1,8.0,1,0.8289536238485852,1
Punjab,Kapurthala,2025-11-11,8,22.67,1,2.0,0,0.665907979440024,1
Punjab,Kapurthala,2025-11-12,2,11.84,1,2.0,0,0.5792074332826297,1
Punjab,Kapurthala,2025-11-13,2,4.36,1,0.0,0,0.3908933853209397,0
Punjab,Kapurthala,2025-11-14,0,0.0,1,2.0,0,0.3153710937611947,0
Punjab,Kapurthala,2025-11-15,2,10.1,1,4.0,1,0.44173600326746587,1
Punjab,Kapurthala,2025-11-16,4,17.630000000000003,1,0.0,0,0.6591455299843344,1
Punjab,Kapurthala,2025-11-17,0,0.0,1,1.0,0,0.5199506258946133,1
Punjab,Kapurthala,2025-11-18,1,3.46,1,1.0,0,0.2470653232501415,0
Punjab,Kapurthala,2025-11-19,1,0.67,1,0.0,0,0.24687237416161664,0
Punjab,Kapurthala,2025-11-20,0,0.0,1,1.0,0,0.1860468233528665,0
Punjab,Kapurthala,2025-11-21,1,1.36,1,0.0,0,0.2831942127979588,0
Punjab,Kapurthala,2025-11-22,0,0.0,1,0.0,0,0.24787475124914515,0
Punjab,Kapurthala,2025-11-23,0,0.0,1,0.0,0,0.3276967582851287,0
Punjab,Ludhiana,2025-10-15,2,4.0200000000000005,1,0.0,0,0.32652969489964,0
Punjab,Ludhiana,2025-10-16,0,0.0,1,0.0,0,0.06757481483495593,0
Punjab,Ludhiana,2025-10-17,0,0.0,1,0.0,0,0.10225338289692315,0
Punjab,Ludhiana,2025-10-18,0,0.0,1,1.0,0,0.06956294970082151,0
Punjab,Ludhiana,2025-10-19,1,1.78,1,0.0,0,0.11217718840317978,0
Punjab,Ludhiana,2025-10-20,0,0.0,1,0.0,0,0.23386857383633244,0
Punjab,Ludhiana,2025-10-21,0,0.0,1,1.0,0,0.09671024575551972,0
Punjab,Ludhiana,2025-10-22,1,2.57,1,0.0,0,0.16112366899364505,0
Punjab,Ludhiana,2025-10-23,0,0.0,1,1.0,0,0.125894541301015,0
Punjab,Ludhiana,2025-10-24,1,1.54,1,6.0,1,0.19137059512619356,0
Punjab,Ludhiana,2025-10-25,6,21.11,1,4.0,1,0.5426943547927383,1
Punjab,Ludhiana,2025-10-26,4,15.24,1,7.0,1,0.6983306539381485,1
Punjab,Ludhiana,2025-10-27,7,13.43,1,8.0,1,0.5239680859218648,1
Punjab,Ludhiana,2025-10-28,8,36.38,1,7.0,1,0.8229237978567551,1
Punjab,Ludhiana,2025-10-29,7,41.97,1,2.0,0,0.8499974180841195,1
Punjab,Ludhiana,2025-10-30,2,12.87,1,21.0,1,0.8053391115193775,1
Punjab,Ludhiana,2025-10-31,21,66.55,1,19.0,1,0.8897526882048714,1
Punjab,Ludhiana,2025-11-01,19,87.58,1,33.0,1,0.950421861028347,1
Punjab,Ludhiana,2025-11-02,33,183.02,1,13.0,1,0.9850429390588047,1
Punjab,Ludhiana,2025-11-03,13,65.13,1,31.0,1,0.9914068144127846,1
Punjab,Ludhiana,2025-11-04,31,162.89,1,33.0,1,0.8672709048008985,1
Punjab,Ludhiana,2025-11-05,33,192.2,1,39.0,1,0.8292992129695509,1
Punjab,Ludhiana,2025-11-06,39,178.28,1,50.0,1,0.9749513518284085,1
Punjab,Ludhiana,2025-11-07,50,245.07,1,33.0,1,0.9769863236729863,1
Punjab,Ludhiana,2025-11-08,33,173.89,1,32.0,1,0.9736496166634037,1
Punjab,Ludhiana,2025-11-09,32,147.52,1,34.0,1,0.7731256440586519,1
Punjab,Ludhiana,2025-11-10,34,117.03,1,21.0,1,0.8389841103583366,1
Punjab,Ludhiana,2025-11-11,21,76.25,1,8.0,1,0.9547798356025676,1
Punjab,Ludhiana,2025-11-12,8,21.61,1,21.0,1,0.8492247727143453,1
Punjab,Ludhiana,2025-11-13,21,102.31,1,5.0,1,0.9211582035178147,1
Punjab,Ludhiana,2025-11-14,5,24.01,1,15.0,1,0.7914685759125384,1
Punjab,Ludhiana,2025-11-15,15,41.52,1,13.0,1,0.8642181460451,1
Punjab,Ludhiana,2025-11-16,13,48.39,1,6.0,1,0.8294362150401902,1
Punjab,Ludhiana,2025-11-17,6,20.63,1,1.0,0,0.8291317857045764,1
Punjab,Ludhiana,2025-11-18,1,2.8,1,0.0,0,0.6905629659525797,1
Punjab,Ludhiana,2025-11-19,0,0.0,1,6.0,1,0.4031187357166125,0
Punjab,Ludhiana,2025-11-20,6,36.79,1,1.0,0,0.7264076632251887,1
Punjab,Ludhiana,2025-11-21,1,0.59,1,1.0,0,0.502529845374343,1
Punjab,Ludhiana,2025-11-22,1,2.19,1,1.0,0,0.350785025653915,0
Punjab,Ludhiana,2025-11-23,1,3.43,1,0.0,0,0.3717947770117995,0
Punjab,Malerkotla,2025-10-15,0,0.0,1,0.0,0,0.05613941601049078,0
Punjab,Malerkotla,2025-10-16,0,0.0,1,0.0,0,0.055601868656999516,0
Punjab,Malerkotla,2025-10-17,0,0.0,1,0.0,0,0.09787915562656764,0
Punjab,Malerkotla,2025-10-18,0,0.0,1,0.0,0,0.08573454260344279,0
Punjab,Malerkotla,2025-10-19,0,0.0,1,0.0,0,0.06069885912977851,0
Punjab,Malerkotla,2025-10-20,0,0.0,1,0.0,0,0.07264604971517608,0
Punjab,Malerkotla,2025-10-21,0,0.0,1,0.0,0,0.07092538615832406,0
Punjab,Malerkotla,2025-10-22,0,0.0,1,0.0,0,0.11349906809212629,0
Punjab,Malerkotla,2025-10-23,0,0.0,1,0.0,0,0.1480492381618242,0
Punjab,Malerkotla,2025-10-24,0,0.0,1,0.0,0,0.11582407057150666,0
Punjab,Malerkotla,2025-10-25,0,0.0,1,2.0,0,0.10834400250742167,0
Punjab,Malerkotla,2025-10-26,2,5.55,1,1.0,0,0.14192270976087934,0
Punjab,Malerkotla,2025-10-27,1,6.63,1,1.0,0,0.3401424385447065,0
Punjab,Malerkotla,2025-10-28,1,4.08,1,6.0,1,0.3461432307381067,0
Punjab,Malerkotla,2025-10-29,6,34.94,1,4.0,1,0.6070465208547081,1
Punjab,Malerkotla,2025-10-30,4,23.77,1,11.0,1,0.8124972617165888,1
Punjab,Malerkotla,2025-10-31,11,36.73,1,8.0,1,0.8610452209514015,1
Punjab,Malerkotla,2025-11-01,8,34.84,1,14.0,1,0.902385140878624,1
Punjab,Malerkotla,2025-11-02,14,95.62,1,7.0,1,0.9116489706855693,1
Punjab,Malerkotla,2025-11-03,7,24.62,1,12.0,1,0.9035344863209244,1
Punjab,Malerkotla,2025-11-04,12,73.54,1,4.0,1,0.944726813160377,1
Punjab,Malerkotla,2025-11-05,4,25.35,1,6.0,1,0.7646362997464514,1
Punjab,Malerkotla,2025-11-06,6,14.16,1,10.0,1,0.5972871665308438,1
Punjab,Malerkotla,2025-11-07,10,37.27,1,7.0,1,0.7448012488359471,1
Punjab,Malerkotla,2025-11-08,7,21.61,1,6.0,1,0.6197150018631131,1
Punjab,Malerkotla,2025-11-09,6,21.06,1,11.0,1,0.6984039256832485,1
Punjab,Malerkotla,2025-11-10,11,41.59,1,3.0,1,0.7523992135319013,1
Punjab,Malerkotla,2025-11-11,3,6.94,1,6.0,1,0.5005558381663288,1
Punjab,Malerkotla,2025-11-12,6,40.16,1,1.0,0,0.7406005700246157,1
Punjab,Malerkotla,2025-11-13,1,1.8,1,1.0,0,0.46904674646921585,1
Punjab,Malerkotla,2025-11-14,1,3.34,1,1.0,0,0.2703941439186084,0
Punjab,Malerkotla,2025-11-15,1,8.85,1,1.0,0,0.38991255598556535,0
Punjab,Malerkotla,2025-11-16,1,1.52,1,0.0,0,0.2852534230643048,0
Punjab,Malerkotla,2025-11-17,0,0.0,1,0.0,0,0.3696534559616438,0
Punjab,Malerkotla,2025-11-18,0,0.0,1,0.0,0,0.1833678601074669,0
Punjab,Malerkotla,2025-11-19,0,0.0,1,0.0,0,0.3172739781481886,0
Punjab,Malerkotla,2025-11-20,0,0.0,1,0.0,0,0.05190936170228059,0
Punjab,Malerkotla,2025-11-21,0,0.0,1,1.0,0,0.0799553824234575,0
Punjab,Malerkotla,2025-11-22,1,4.83,1,0.0,0,0.11506947183134215,0
Punjab,Malerkotla,2025-11-23,0,0.0,1,0.0,0,0.06509115416429372,0
Punjab,Mansa,2025-10-15,0,0.0,1,0.0,0,0.05079161486277261,0
Punjab,Mansa,2025-10-16,0,0.0,1,0.0,0,0.02365362157681762,0
Punjab,Mansa,2025-10-17,0,0.0,1,0.0,0,0.04842215413836741,0
Punjab,Mansa,2025-10-18,0,0.0,1,0.0,0,0.027980547644411154,0
Punjab,Mansa,2025-10-19,0,0.0,1,5.0,1,0.0502071338171782,0
Punjab,Mansa,2025-10-20,5,22.81,1,5.0,1,0.4889883647849713,1
Punjab,Mansa,2025-10-21,5,23.85,1,2.0,0,0.43982691728577467,1
Punjab,Mansa,2025-10-22,2,3.5900000000000003,1,6.0,1,0.5043723041864987,1
Punjab,Mansa,2025-10-23,6,58.6,1,0.0,0,0.6730351342174826,1
Punjab,Mansa,2025-10-24,0,0.0,1,0.0,0,0.5717405675726495,1
Punjab,Mansa,2025-10-25,0,0.0,1,1.0,0,0.33845674162192646,0
Punjab,Mansa,2025-10-26,1,3.98,1,2.0,0,0.5283571866193073,1
Punjab,Mansa,2025-10-27,2,9.69,1,2.0,0,0.5549100873309772,1
Punjab,Mansa,2025-10-28,2,14.45,1,9.0,1,0.7131279535159729,1
Punjab,Mansa,2025-10-29,9,116.13,1,19.0,1,0.606791618413061,1
Punjab,Mansa,2025-10-30,19,117.26,1,19.0,1,0.8507243076208644,1
Punjab,Mansa,2025-10-31,19,106.16,1,22.0,1,0.9641084967227124,1
Punjab,Mansa,2025-11-01,22,190.03,1,10.0,1,0.9649818699149051,1
Punjab,Mansa,2025-11-02,10,102.98,1,17.0,1,0.9604837006496423,1
Punjab,Mansa,2025-11-03,17,74.22,1,31.0,1,0.96374146981104,1
Punjab,Mansa,2025-11-04,31,273.45,1,8.0,1,0.9720355417844148,1
Punjab,Mansa,2025-11-05,8,52.7,1,15.0,1,0.8065747377602364,1
Punjab,Mansa,2025-11-06,15,77.31,1,15.0,1,0.9551155140516246,1
Punjab,Mansa,2025-11-07,15,79.3,1,22.0,1,0.9569561450448626,1
Punjab,Mansa,2025-11-08,22,151.06,1,36.0,1,0.9392445997418024,1
Punjab,Mansa,2025-11-09,36,283.91,1,20.0,1,0.7934660192270693,1
Punjab,Mansa,2025-11-10,20,99.55,1,29.0,1,0.8595379744126889,1
Punjab,Mansa,2025-11-11,29,184.88,1,8.0,1,0.9638249793558845,1
Punjab,Mansa,2025-11-12,8,31.23,1,12.0,1,0.9541945640777341,1
Punjab,Mansa,2025-11-13,12,64.41,1,9.0,1,0.9630652910550694,1
Punjab,Mansa,2025-11-14,9,70.73,1,3.0,1,0.8711617358892738,1
Punjab,Mansa,2025-11-15,3,8.5,1,7.0,1,0.8122379391213599,1
Punjab,Mansa,2025-11-16,7,26.28,1,6.0,1,0.8457206705475457,1
Punjab,Mansa,2025-11-17,6,44.58,1,1.0,0,0.7644268290032439,1
Punjab,Mansa,2025-11-18,1,2.46,1,4.0,1,0.608337898910426,1
Punjab,Mansa,2025-11-19,4,46.84,1,3.0,1,0.6118916147896545,1
Punjab,Mansa,2025-11-20,3,9.329999999999998,1,2.0,0,0.5612055190046642,1
Punjab,Mansa,2025-11-21,2,3.75,1,2.0,0,0.4292829281427933,1
Punjab,Mansa,2025-11-22,2,5.38,1,1.0,0,0.3737501034122267,0
Punjab,Mansa,2025-11-23,1,2.02,1,0.0,0,0.3613799265660366,0
Punjab,Moga,2025-10-15,0,0.0,1,1.0,0,0.03291567492364502,0
Punjab,Moga,2025-10-16,1,2.06,1,0.0,0,0.10079268292269566,0
Punjab,Moga,2025-10-17,0,0.0,1,0.0,0,0.07207814743925861,0
Punjab,Moga,2025-10-18,0,0.0,1,1.0,0,0.05864116678477444,0
Punjab,Moga,2025-10-19,1,2.61,1,0.0,0,0.20845918718999779,0
Punjab,Moga,2025-10-20,0,0.0,1,2.0,0,0.08194731963281099,0
Punjab,Moga,2025-10-21,2,1.66,1,2.0,0,0.1913450001143913,0
Punjab,Moga,2025-10-22,2,5.529999999999999,1,3.0,1,0.25116426152116683,0
Punjab,Moga,2025-10-23,3,10.66,1,1.0,0,0.3721998106244229,0
Punjab,Moga,2025-10-24,1,3.21,1,4.0,1,0.3827610571878434,0
Punjab,Moga,2025-10-25,4,23.72,1,3.0,1,0.7032342451421526,1
Punjab,Moga,2025-10-26,3,20.72,1,4.0,1,0.7620066202713055,1
Punjab,Moga,2025-10-27,4,15.97,1,2.0,0,0.6739076818513294,1
Punjab,Moga,2025-10-28,2,12.66,1,5.0,1,0.7215523856029649,1
Punjab,Moga,2025-10-29,5,13.23,1,5.0,1,0.5515877330479384,1
Punjab,Moga,2025-10-30,5,15.63,1,21.0,1,0.7195157841488566,1
Punjab,Moga,2025-10-31,21,81.03,1,16.0,1,0.8946986677000858,1
Punjab,Moga,2025-11-01,16,58.99,1,20.0,1,0.9149618607415181,1
Punjab,Moga,2025-11-02,20,72.94,1,18.0,1,0.9563923142299879,1
Punjab,Moga,2025-11-03,18,95.04,1,44.0,1,0.9755405503505749,1
Punjab,Moga,2025-11-04,44,500.31,1,35.0,1,0.8342253158881177,1
Punjab,Moga,2025-11-05,35,215.97,1,36.0,1,0.8518057058751424,1
Punjab,Moga,2025-11-06,36,178.56,1,47.0,1,0.9840206804722662,1
Punjab,Moga,2025-11-07,47,249.28,1,42.0,1,0.9767938824665641,1
Punjab,Moga,2025-11-08,42,260.68,1,44.0,1,0.9660776075522135,1
Punjab,Moga,2025-11-09,44,261.92,1,42.0,1,0.7914095569077771,1
Punjab,Moga,2025-11-10,42,255.84,1,43.0,1,0.830364937153235,1
Punjab,Moga,2025-11-11,43,211.15,1,6.0,1,0.9483954937034826,1
Punjab,Moga,2025-11-12,6,35.96,1,19.0,1,0.9366089038071748,1
Punjab,Moga,2025-11-13,19,121.15,1,5.0,1,0.9664105107488185,1
Punjab,Moga,2025-11-14,5,37.97,1,13.0,1,0.8744777819669284,1
Punjab,Moga,2025-11-15,13,134.83,1,8.0,1,0.8820497024673597,1
Punjab,Moga,2025-11-16,8,74.97,1,0.0,0,0.8779168708804321,1
Punjab,Moga,2025-11-17,0,0.0,1,1.0,0,0.6068953905024089,1
Punjab,Moga,2025-11-18,1,2.11,1,1.0,0,0.6628882186774012,1
Punjab,Moga,2025-11-19,1,3.99,1,1.0,0,0.4859234190545641,1
Punjab,Moga,2025-11-20,1,3.84,1,3.0,1,0.5768663302755409,1
Punjab,Moga,2025-11-21,3,8.82,1,1.0,0,0.5072519730389242,1
Punjab,Moga,2025-11-22,1,2.94,1,0.0,0,0.4302849744499978,1
Punjab,Moga,2025-11-23,0,0.0,1,2.0,0,0.4632378753769148,1
Punjab,Pathankot,2025-10-15,0,0.0,1,1.0,0,0.02471533792543209,0
Punjab,Pathankot,2025-10-16,1,2.9,1,0.0,0,0.15822308809487087,0
Punjab,Pathankot,2025-10-17,0,0.0,1,0.0,0,0.08604729677575498,0
Punjab,Pathankot,2025-10-18,0,0.0,1,0.0,0,0.06039285254651785,0
Punjab,Pathankot,2025-10-19,0,0.0,1,0.0,0,0.05350304162757175,0
Punjab,Pathankot,2025-10-20,0,0.0,1,0.0,0,0.0049114093172400045,0
Punjab,Pathankot,2025-10-21,0,0.0,1,0.0,0,0.016748176003908443,0
Punjab,Pathankot,2025-10-22,0,0.0,1,0.0,0,0.05698142860149627,0
Punjab,Pathankot,2025-10-23,0,0.0,1,0.0,0,0.08360858188905552,0
Punjab,Pathankot,2025-10-24,0,0.0,1,0.0,0,0.018787058294641227,0
Punjab,Pathankot,2025-10-25,0,0.0,1,0.0,0,0.01148733074296175,0
Punjab,Pathankot,2025-10-26,0,0.0,1,0.0,0,0.010787508678288775,0
Punjab,Pathankot,2025-10-27,0,0.0,1,0.0,0,0.007171236923513351,0
Punjab,Pathankot,2025-10-28,0,0.0,1,0.0,0,0.02456772748475431,0
Punjab,Pathankot,2025-10-29,0,0.0,1,0.0,0,0.005988140059731512,0
Punjab,Pathankot,2025-10-30,0,0.0,1,0.0,0,0.006902572270293167,0
Punjab,Pathankot,2025-10-31,0,0.0,1,0.0,0,0.004196968856393309,0
Punjab,Pathankot,2025-11-01,0,0.0,1,1.0,0,0.0018493796906933779,0
Punjab,Pathankot,2025-11-02,1,3.28,1,0.0,0,0.025851685077520288,0
Punjab,Pathankot,2025-11-03,0,0.0,1,2.0,0,0.03695882716967139,0
Punjab,Pathankot,2025-11-04,2,5.140000000000001,1,0.0,0,0.1010511355215475,0
Punjab,Pathankot,2025-11-05,0,0.0,1,0.0,0,0.031250569502189476,0
Punjab,Pathankot,2025-11-06,0,0.0,1,0.0,0,0.019771293954534627,0
Punjab,Pathankot,2025-11-07,0,0.0,1,1.0,0,0.027834707150015684,0
Punjab,Pathankot,2025-11-08,1,2.62,1,0.0,0,0.01777629626567821,0
Punjab,Pathankot,2025-11-09,0,0.0,1,0.0,0,0.04143172065712525,0
Punjab,Pathankot,2025-11-10,0,0.0,1,0.0,0,0.009708304602056204,0
Punjab,Pathankot,2025-11-11,0,0.0,1,0.0,0,0.05182049937556897,0
Punjab,Pathankot,2025-11-12,0,0.0,1,0.0,0,0.001489052796191149,0
Punjab,Pathankot,2025-11-13,0,0.0,1,0.0,0,0.004720740728497628,0
Punjab,Pathankot,2025-11-14,0,0.0,1,2.0,0,0.0009848947920331448,0
Punjab,Pathankot,2025-11-15,2,14.14,1,0.0,0,0.2256370763549953,0
Punjab,Pathankot,2025-11-16,0,0.0,1,0.0,0,0.09460353344105099,0
Punjab,Pathankot,2025-11-17,0,0.0,1,0.0,0,0.12883211758355093,0
Punjab,Pathankot,2025-11-18,0,0.0,1,0.0,0,0.06658787375946625,0
Punjab,Pathankot,2025-11-19,0,0.0,1,0.0,0,0.006180443388472312,0
Punjab,Pathankot,2025-11-20,0,0.0,1,0.0,0,0.03723845527083115,0
Punjab,Pathankot,2025-11-21,0,0.0,1,0.0,0,0.0010646382974589918,0
Punjab,Pathankot,2025-11-22,0,0.0,1,0.0,0,0.15840235979067743,0
Punjab,Pathankot,2025-11-23,0,0.0,1,0.0,0,0.0017516071359859036,0
Punjab,Patiala,2025-10-15,3,12.0,1,3.0,1,0.4292726637763039,1
Punjab,Patiala,2025-10-16,3,11.35,1,4.0,1,0.42301876562010904,1
Punjab,Patiala,2025-10-17,4,7.54,1,2.0,0,0.3671374227488253,0
Punjab,Patiala,2025-10-18,2,6.69,1,6.0,1,0.5295654671606752,1
Punjab,Patiala,2025-10-19,6,32.99,1,14.0,1,0.7418489045119057,1
Punjab,Patiala,2025-10-20,14,55.83,1,18.0,1,0.7424753093409605,1
Punjab,Patiala,2025-10-21,18,67.72,1,11.0,1,0.8334912120289469,1
Punjab,Patiala,2025-10-22,11,39.35,1,2.0,0,0.9300130107174682,1
Punjab,Patiala,2025-10-23,2,7.77,1,1.0,0,0.8496240330453572,1
Punjab,Patiala,2025-10-24,1,4.24,1,10.0,1,0.733166448539341,1
Punjab,Patiala,2025-10-25,10,45.56,1,4.0,1,0.8454615324016017,1
Punjab,Patiala,2025-10-26,4,12.28,1,11.0,1,0.73812842939049,1
Punjab,Patiala,2025-10-27,11,46.69,1,6.0,1,0.8705667340720954,1
Punjab,Patiala,2025-10-28,6,21.41,1,18.0,1,0.8069604048699908,1
Punjab,Patiala,2025-10-29,18,70.32,1,13.0,1,0.8389064549052572,1
Punjab,Patiala,2025-10-30,13,65.51,1,41.0,1,0.9483156189555126,1
Punjab,Patiala,2025-10-31,41,264.78,1,44.0,1,0.9463718867267281,1
Punjab,Patiala,2025-11-01,44,278.56,1,27.0,1,0.9980124223602485,1
Punjab,Patiala,2025-11-02,27,170.95,1,11.0,1,0.9628531786765716,1
Punjab,Patiala,2025-11-03,11,56.78,1,20.0,1,0.9566495000306153,1
Punjab,Patiala,2025-11-04,20,118.09,1,10.0,1,0.9766793588609229,1
Punjab,Patiala,2025-11-05,10,30.91,1,24.0,1,0.7837781594765199,1
Punjab,Patiala,2025-11-06,24,97.21,1,12.0,1,0.9410052601928285,1
Punjab,Patiala,2025-11-07,12,65.89,1,21.0,1,0.8774117175152647,1
Punjab,Patiala,2025-11-08,21,243.72,1,30.0,1,0.8822525921228018,1
Punjab,Patiala,2025-11-09,30,182.96,1,6.0,1,0.7819828832151177,1
Punjab,Patiala,2025-11-10,6,24.25,1,11.0,1,0.8417304890385817,1
Punjab,Patiala,2025-11-11,11,77.24000000000001,1,1.0,0,0.9155391126661309,1
Punjab,Patiala,2025-11-12,1,2.2,1,3.0,1,0.6769270270146006,1
Punjab,Patiala,2025-11-13,3,15.05,1,1.0,0,0.736538520202007,1
Punjab,Patiala,2025-11-14,1,1.7,1,4.0,1,0.6110609602583496,1
Punjab,Patiala,2025-11-15,4,46.42,1,2.0,0,0.6929492868344002,1
Punjab,Patiala,2025-11-16,2,1.79,1,0.0,0,0.6123405790604468,1
Punjab,Patiala,2025-11-17,0,0.0,1,3.0,1,0.29959501405552885,0
Punjab,Patiala,2025-11-18,3,17.46,1,0.0,0,0.5289366372271519,1
Punjab,Patiala,2025-11-19,0,0.0,1,0.0,0,0.2914140350592335,0
Punjab,Patiala,2025-11-20,0,0.0,1,2.0,0,0.35507078941593145,0
Punjab,Patiala,2025-11-21,2,1.69,1,0.0,0,0.2865652941387788,0
Punjab,Patiala,2025-11-22,0,0.0,1,0.0,0,0.3653110629582821,0
Punjab,Patiala,2025-11-23,0,0.0,1,0.0,0,0.29553949142180197,0
Punjab,Rupnagar,2025-10-15,0,0.0,1,0.0,0,0.07364891403521344,0
Punjab,Rupnagar,2025-10-16,0,0.0,1,0.0,0,0.06383413026631811,0
Punjab,Rupnagar,2025-10-17,0,0.0,1,0.0,0,0.0707311503856932,0
Punjab,Rupnagar,2025-10-18,0,0.0,1,0.0,0,0.0988465805611564,0
Punjab,Rupnagar,2025-10-19,0,0.0,1,0.0,0,0.08577718628535758,0
Punjab,Rupnagar,2025-10-20,0,0.0,1,1.0,0,0.06420496552836794,0
Punjab,Rupnagar,2025-10-21,1,4.11,1,1.0,0,0.15201727379196928,0
Punjab,Rupnagar,2025-10-22,1,2.34,1,0.0,0,0.1813402764874491,0
Punjab,Rupnagar,2025-10-23,0,0.0,1,0.0,0,0.1478347920639278,0
Punjab,Rupnagar,2025-10-24,0,0.0,1,0.0,0,0.1349899312122278,0
Punjab,Rupnagar,2025-10-25,0,0.0,1,1.0,0,0.1647072214826242,0
Punjab,Rupnagar,2025-10-26,1,2.98,1,0.0,0,0.1703691863744132,0
Punjab,Rupnagar,2025-10-27,0,0.0,1,0.0,0,0.09695286191719871,0
Punjab,Rupnagar,2025-10-28,0,0.0,1,0.0,0,0.14469536087534607,0
Punjab,Rupnagar,2025-10-29,0,0.0,1,0.0,0,0.09942360168614783,0
Punjab,Rupnagar,2025-10-30,0,0.0,1,2.0,0,0.11212249294017046,0
Punjab,Rupnagar,2025-10-31,2,5.83,1,0.0,0,0.25350491191244234,0
Punjab,Rupnagar,2025-11-01,0,0.0,1,2.0,0,0.07613250777469453,0
Punjab,Rupnagar,2025-11-02,2,4.390000000000001,1,0.0,0,0.17552063787210204,0
Punjab,Rupnagar,2025-11-03,0,0.0,1,0.0,0,0.05722309559810048,0
Punjab,Rupnagar,2025-11-04,0,0.0,1,0.0,0,0.07109295166475534,0
Punjab,Rupnagar,2025-11-05,0,0.0,1,0.0,0,0.028188628712273477,0
Punjab,Rupnagar,2025-11-06,0,0.0,1,0.0,0,0.01865281168909743,0
Punjab,Rupnagar,2025-11-07,0,0.0,1,1.0,0,0.05825504196561538,0
Punjab,Rupnagar,2025-11-08,1,4.05,1,0.0,0,0.033034201171224,0
Punjab,Rupnagar,2025-11-09,0,0.0,1,0.0,0,0.0574113759982139,0
Punjab,Rupnagar,2025-11-10,0,0.0,1,1.0,0,0.06887057399411757,0
Punjab,Rupnagar,2025-11-11,1,1.61,1,0.0,0,0.062089741586514695,0
Punjab,Rupnagar,2025-11-12,0,0.0,1,0.0,0,0.06840343290950272,0
Punjab,Rupnagar,2025-11-13,0,0.0,1,0.0,0,0.03785183071582164,0
Punjab,Rupnagar,2025-11-14,0,0.0,1,0.0,0,0.0167902265665547,0
Punjab,Rupnagar,2025-11-15,0,0.0,1,0.0,0,0.04690114358794705,0
Punjab,Rupnagar,2025-11-16,0,0.0,1,0.0,0,0.00776818220086841,0
Punjab,Rupnagar,2025-11-17,0,0.0,1,0.0,0,0.012352943786028503,0
Punjab,Rupnagar,2025-11-18,0,0.0,1,0.0,0,0.018967309221760955,0
Punjab,Rupnagar,2025-11-19,0,0.0,1,0.0,0,0.0158011810743236,0
Punjab,Rupnagar,2025-11-20,0,0.0,1,0.0,0,0.015715402690051627,0
Punjab,Rupnagar,2025-11-21,0,0.0,1,0.0,0,0.01243268729145435,0
Punjab,Rupnagar,2025-11-22,0,0.0,1,0.0,0,0.014941786389846506,0
Punjab,Rupnagar,2025-11-23,0,0.0,1,0.0,0,0.01822442676249252,0
Punjab,S A S Nagar,2025-10-15,0,0.0,1,1.0,0,0.06906230207336873,0
Punjab,S A S Nagar,2025-10-16,1,2.96,1,0.0,0,0.23659639307771765,0
Punjab,S A S Nagar,2025-10-17,0,0.0,1,1.0,0,0.04729455932467992,0
Punjab,S A S Nagar,2025-10-18,1,3.32,1,2.0,0,0.25546255383580263,0
Punjab,S A S Nagar,2025-10-19,2,7.34,1,4.0,1,0.46965896539530005,1
Punjab,S A S Nagar,2025-10-20,4,12.04,1,7.0,1,0.38404112894696607,0
Punjab,S A S Nagar,2025-10-21,7,30.56,1,5.0,1,0.7890515164259518,1
Punjab,S A S Nagar,2025-10-22,5,14.5,1,1.0,0,0.7559875300092211,1
Punjab,S A S Nagar,2025-10-23,1,2.81,1,3.0,1,0.6982877072812425,1
Punjab,S A S Nagar,2025-10-24,3,13.09,1,5.0,1,0.6462058742405347,1
Punjab,S A S Nagar,2025-10-25,5,15.55,1,6.0,1,0.762151615705002,1
Punjab,S A S Nagar,2025-10-26,6,17.49,1,2.0,0,0.8153753870305698,1
Punjab,S A S Nagar,2025-10-27,2,5.050000000000001,1,2.0,0,0.6562590189463419,1
Punjab,S A S Nagar,2025-10-28,2,5.97,1,6.0,1,0.5280966676036403,1
Punjab,S A S Nagar,2025-10-29,6,13.11,1,1.0,0,0.5260571127605136,1
Punjab,S A S Nagar,2025-10-30,1,4.68,1,8.0,1,0.6847533530530903,1
Punjab,S A S Nagar,2025-10-31,8,37.49,1,1.0,0,0.8771111958331678,1
Punjab,S A S Nagar,2025-11-01,1,3.44,1,1.0,0,0.5329475968151555,1
Punjab,S A S Nagar,2025-11-02,1,6.12,1,2.0,0,0.4831620268538596,1
Punjab,S A S Nagar,2025-11-03,2,9.99,1,0.0,0,0.5026204154170598,1
Punjab,S A S Nagar,2025-11-04,0,0.0,1,2.0,0,0.18724088671763903,0
Punjab,S A S Nagar,2025-11-05,2,4.29,1,0.0,0,0.3356544673943857,0
Punjab,S A S Nagar,2025-11-06,0,0.0,1,1.0,0,0.1337363472853723,0
Punjab,S A S Nagar,2025-11-07,1,9.43,1,2.0,0,0.33155534864685365,0
Punjab,S A S Nagar,2025-11-08,2,7.57,1,0.0,0,0.2908815728264271,0
Punjab,S A S Nagar,2025-11-09,0,0.0,1,0.0,0,0.14079995568988837,0
Punjab,S A S Nagar,2025-11-10,0,0.0,1,0.0,0,0.18788626363697922,0
Punjab,S A S Nagar,2025-11-11,0,0.0,1,1.0,0,0.013964520486542602,0
Punjab,S A S Nagar,2025-11-12,1,1.59,1,1.0,0,0.07367853116621956,0
Punjab,S A S Nagar,2025-11-13,1,8.49,1,0.0,0,0.19652235609861632,0
Punjab,S A S Nagar,2025-11-14,0,0.0,1,0.0,0,0.19860528638507538,0
Punjab,S A S Nagar,2025-11-15,0,0.0,1,0.0,0,0.2218435346704643,0
Punjab,S A S Nagar,2025-11-16,0,0.0,1,0.0,0,0.03361585090802357,0
Punjab,S A S Nagar,2025-11-17,0,0.0,1,0.0,0,0.00675018148931656,0
Punjab,S A S Nagar,2025-11-18,0,0.0,1,0.0,0,0.03376098505794823,0
Punjab,S A S Nagar,2025-11-19,0,0.0,1,0.0,0,0.02365298622010186,0
Punjab,S A S Nagar,2025-11-20,0,0.0,1,0.0,0,0.19725206010575128,0
Punjab,S A S Nagar,2025-11-21,0,0.0,1,0.0,0,0.00834905261567821,0
Punjab,S A S Nagar,2025-11-22,0,0.0,1,0.0,0,0.009123572290887302,0
Punjab,S A S Nagar,2025-11-23,0,0.0,1,1.0,0,0.008394673820798055,0
Punjab,Sangrur,2025-10-15,1,3.06,1,1.0,0,0.2368639167868699,0
Punjab,Sangrur,2025-10-16,1,2.95,1,4.0,1,0.19256613046763074,0
Punjab,Sangrur,2025-10-17,4,43.34,1,0.0,0,0.5171924587389016,1
Punjab,Sangrur,2025-10-18,0,0.0,1,2.0,0,0.27188089386108816,0
Punjab,Sangrur,2025-10-19,2,8.45,1,4.0,1,0.535068487264772,1
Punjab,Sangrur,2025-10-20,4,19.33,1,10.0,1,0.6882395406427652,1
Punjab,Sangrur,2025-10-21,10,67.47,1,4.0,1,0.6771718493748132,1
Punjab,Sangrur,2025-10-22,4,19.44,1,6.0,1,0.8776525711183513,1
Punjab,Sangrur,2025-10-23,6,55.41,1,11.0,1,0.8383527516702024,1
Punjab,Sangrur,2025-10-24,11,77.94,1,19.0,1,0.8062660222323682,1
Punjab,Sangrur,2025-10-25,19,200.61,1,27.0,1,0.9156786435403221,1
Punjab,Sangrur,2025-10-26,27,227.44,1,21.0,1,0.9703659820222099,1
Punjab,Sangrur,2025-10-27,21,116.16,1,13.0,1,0.980104860452071,1
Punjab,Sangrur,2025-10-28,13,91.69,1,48.0,1,0.9463889478656773,1
Punjab,Sangrur,2025-10-29,48,383.99,1,65.0,1,0.9947689046204627,1
Punjab,Sangrur,2025-10-30,65,519.6,1,127.0,1,0.9896857319210981,1
Punjab,Sangrur,2025-10-31,127,802.9,1,69.0,1,0.9776752125618751,1
Punjab,Sangrur,2025-11-01,69,385.86,1,65.0,1,0.9808463349920917,1
Punjab,Sangrur,2025-11-02,65,496.09,1,38.0,1,0.9990062111801242,1
Punjab,Sangrur,2025-11-03,38,224.56,1,62.0,1,0.9809250854126532,1
Punjab,Sangrur,2025-11-04,62,456.91,1,22.0,1,0.9767645331648225,1
Punjab,Sangrur,2025-11-05,22,212.23,1,24.0,1,0.7583353178702095,1
Punjab,Sangrur,2025-11-06,24,185.22,1,50.0,1,0.9444283961240756,1
Punjab,Sangrur,2025-11-07,50,258.85,1,41.0,1,0.9586363487943846,1
Punjab,Sangrur,2025-11-08,41,163.3,1,37.0,1,0.9652583219846984,1
Punjab,Sangrur,2025-11-09,37,240.81,1,24.0,1,0.7889699145305302,1
Punjab,Sangrur,2025-11-10,24,156.23,1,19.0,1,0.8505351118190165,1
Punjab,Sangrur,2025-11-11,19,108.34,1,3.0,1,0.9779959064583023,1
Punjab,Sangrur,2025-11-12,3,5.16,1,7.0,1,0.8318593302376682,1
Punjab,Sangrur,2025-11-13,7,33.92,1,6.0,1,0.9279550489407498,1
Punjab,Sangrur,2025-11-14,6,51.3,1,2.0,0,0.7637750659582352,1
Punjab,Sangrur,2025-11-15,2,4.51,1,0.0,0,0.7284351213270205,1
Punjab,Sangrur,2025-11-16,0,0.0,1,3.0,1,0.5968909464168884,1
Punjab,Sangrur,2025-11-17,3,8.42,1,0.0,0,0.5258003592042276,1
Punjab,Sangrur,2025-11-18,0,0.0,1,0.0,0,0.4999940829604417,1
Punjab,Sangrur,2025-11-19,0,0.0,1,1.0,0,0.4174928120867078,1
Punjab,Sangrur,2025-11-20,1,3.44,1,0.0,0,0.320065934148084,0
Punjab,Sangrur,2025-11-21,0,0.0,1,0.0,0,0.43642756086284284,1
Punjab,Sangrur,2025-11-22,0,0.0,1,0.0,0,0.22634654158355713,0
Punjab,Sangrur,2025-11-23,0,0.0,1,0.0,0,0.22190739175469962,0
Punjab,Shahid Bhagat Singh Nagar,2025-10-15,0,0.0,1,0.0,0,0.1422084625438903,0
Punjab,Shahid Bhagat Singh Nagar,2025-10-16,0,0.0,1,1.0,0,0.08501687485235714,0
Punjab,Shahid Bhagat Singh Nagar,2025-10-17,1,3.94,1,0.0,0,0.26055305128248557,0
Punjab,Shahid Bhagat Singh Nagar,2025-10-18,0,0.0,1,0.0,0,0.10884812837332408,0
Punjab,Shahid Bhagat Singh Nagar,2025-10-19,0,0.0,1,0.0,0,0.13111657721359168,0
Punjab,Shahid Bhagat Singh Nagar,2025-10-20,0,0.0,1,5.0,1,0.11636127799845056,0
Punjab,Shahid Bhagat Singh Nagar,2025-10-21,5,28.2,1,3.0,1,0.5558783291383983,1
Punjab,Shahid Bhagat Singh Nagar,2025-10-22,3,9.35,1,0.0,0,0.5404998976005776,1
Punjab,Shahid Bhagat Singh Nagar,2025-10-23,0,0.0,1,0.0,0,0.3179708940502684,0
Punjab,Shahid Bhagat Singh Nagar,2025-10-24,0,0.0,1,0.0,0,0.30470329678586827,0
Punjab,Shahid Bhagat Singh Nagar,2025-10-25,0,0.0,1,1.0,0,0.12829408966074182,0
Punjab,Shahid Bhagat Singh Nagar,2025-10-26,1,1.55,1,3.0,1,0.3041197974871215,0
Punjab,Shahid Bhagat Singh Nagar,2025-10-27,3,11.89,1,0.0,0,0.4714375592113547,1
Punjab,Shahid Bhagat Singh Nagar,2025-10-28,0,0.0,1,1.0,0,0.42222000589592723,1
Punjab,Shahid Bhagat Singh Nagar,2025-10-29,1,7.58,1,0.0,0,0.5357222492282111,1
Punjab,Shahid Bhagat Singh Nagar,2025-10-30,0,0.0,1,1.0,0,0.13303918261671252,0
Punjab,Shahid Bhagat Singh Nagar,2025-10-31,1,2.69,1,6.0,1,0.2093398845465907,0
Punjab,Shahid Bhagat Singh Nagar,2025-11-01,6,25.75,1,9.0,1,0.6119447747994802,1
Punjab,Shahid Bhagat Singh Nagar,2025-11-02,9,46.72,1,3.0,1,0.7865367266295401,1
Punjab,Shahid Bhagat Singh Nagar,2025-11-03,3,7.68,1,3.0,1,0.5663416163312879,1
Punjab,Shahid Bhagat Singh Nagar,2025-11-04,3,13.45,1,1.0,0,0.6223498306552482,1
Punjab,Shahid Bhagat Singh Nagar,2025-11-05,1,0.97,1,4.0,1,0.47976894397974085,1
Punjab,Shahid Bhagat Singh Nagar,2025-11-06,4,11.08,1,3.0,1,0.48892485120406803,1
Punjab,Shahid Bhagat Singh Nagar,2025-11-07,3,11.85,1,4.0,1,0.5152261896868569,1
Punjab,Shahid Bhagat Singh Nagar,2025-11-08,4,15.3,1,0.0,0,0.582178480853023,1
Punjab,Shahid Bhagat Singh Nagar,2025-11-09,0,0.0,1,0.0,0,0.3331091968661135,0
Punjab,Shahid Bhagat Singh Nagar,2025-11-10,0,0.0,1,1.0,0,0.23730871760850444,0
Punjab,Shahid Bhagat Singh Nagar,2025-11-11,1,3.51,1,3.0,1,0.2570121168929463,0
Punjab,Shahid Bhagat Singh Nagar,2025-11-12,3,10.78,1,3.0,1,0.26411261753321114,0
Punjab,Shahid Bhagat Singh Nagar,2025-11-13,3,15.14,1,0.0,0,0.5386278391048334,1
Punjab,Shahid Bhagat Singh Nagar,2025-11-14,0,0.0,1,2.0,0,0.2661659531228833,0
Punjab,Shahid Bhagat Singh Nagar,2025-11-15,2,5.73,1,2.0,0,0.22869602542986303,0
Punjab,Shahid Bhagat Singh Nagar,2025-11-16,2,5.65,1,0.0,0,0.20023530698303957,0
Punjab,Shahid Bhagat Singh Nagar,2025-11-17,0,0.0,1,0.0,0,0.12419321760169684,0
Punjab,Shahid Bhagat Singh Nagar,2025-11-18,0,0.0,1,3.0,1,0.19952625340533509,0
Punjab,Shahid Bhagat Singh Nagar,2025-11-19,3,9.82,1,0.0,0,0.29764401397468254,0
Punjab,Shahid Bhagat Singh Nagar,2025-11-20,0,0.0,1,0.0,0,0.36643296214916943,0
Punjab,Shahid Bhagat Singh Nagar,2025-11-21,0,0.0,1,0.0,0,0.11850408704406185,0
Punjab,Shahid Bhagat Singh Nagar,2025-11-22,0,0.0,1,0.0,0,0.13052892696984103,0
Punjab,Shahid Bhagat Singh Nagar,2025-11-23,0,0.0,1,0.0,0,0.056835846801128194,0
Punjab,Sri Muktsar Sahib,2025-10-15,0,0.0,1,1.0,0,0.16528619021938154,0
Punjab,Sri Muktsar Sahib,2025-10-16,1,5.86,1,0.0,0,0.23266461656058485,0
Punjab,Sri Muktsar Sahib,2025-10-17,0,0.0,1,2.0,0,0.2812819248168912,0
Punjab,Sri Muktsar Sahib,2025-10-18,2,8.21,1,2.0,0,0.3438560063409956,0
Punjab,Sri Muktsar Sahib,2025-10-19,2,8.68,1,0.0,0,0.34458208842237914,0
Punjab,Sri Muktsar Sahib,2025-10-20,0,0.0,1,4.0,1,0.21950986548126522,0
Punjab,Sri Muktsar Sahib,2025-10-21,4,17.89,1,10.0,1,0.5331165479741826,1
Punjab,Sri Muktsar Sahib,2025-10-22,10,37.72,1,1.0,0,0.6306768570882985,1
Punjab,Sri Muktsar Sahib,2025-10-23,1,3.49,1,2.0,0,0.6826114151070096,1
Punjab,Sri Muktsar Sahib,2025-10-24,2,16.65,1,2.0,0,0.6948274044888456,1
Punjab,Sri Muktsar Sahib,2025-10-25,2,7.71,1,13.0,1,0.6514973971935163,1
Punjab,Sri Muktsar Sahib,2025-10-26,13,86.17,1,0.0,0,0.7248997634691347,1
Punjab,Sri Muktsar Sahib,2025-10-27,0,0.0,1,2.0,0,0.5645750349265407,1
Punjab,Sri Muktsar Sahib,2025-10-28,2,11.65,1,7.0,1,0.6692636489201428,1
Punjab,Sri Muktsar Sahib,2025-10-29,7,33.11,1,12.0,1,0.8673448196138023,1
Punjab,Sri Muktsar Sahib,2025-10-30,12,70.77,1,17.0,1,0.8371618399474428,1
Punjab,Sri Muktsar Sahib,2025-10-31,17,171.26,1,21.0,1,0.9087909188899921,1
Punjab,Sri Muktsar Sahib,2025-11-01,21,102.23,1,41.0,1,0.935660437256793,1
Punjab,Sri Muktsar Sahib,2025-11-02,41,334.81,1,12.0,1,0.9502628813152953,1
Punjab,Sri Muktsar Sahib,2025-11-03,12,70.67999999999999,1,15.0,1,0.9548790958885168,1
Punjab,Sri Muktsar Sahib,2025-11-04,15,124.78,1,29.0,1,0.9172029184143696,1
Punjab,Sri Muktsar Sahib,2025-11-05,29,173.99,1,48.0,1,0.8470178768165165,1
Punjab,Sri Muktsar Sahib,2025-11-06,48,331.47,1,37.0,1,0.9833876192512883,1
Punjab,Sri Muktsar Sahib,2025-11-07,37,200.69,1,25.0,1,0.9794138000939455,1
Punjab,Sri Muktsar Sahib,2025-11-08,25,149.07999999999998,1,28.0,1,0.9655606808276315,1
Punjab,Sri Muktsar Sahib,2025-11-09,28,136.62,1,31.0,1,0.7760120341291393,1
Punjab,Sri Muktsar Sahib,2025-11-10,31,131.89,1,39.0,1,0.8402618741286182,1
Punjab,Sri Muktsar Sahib,2025-11-11,39,236.67,1,14.0,1,0.9472417414466783,1
Punjab,Sri Muktsar Sahib,2025-11-12,14,71.45,1,21.0,1,0.9499492924431372,1
Punjab,Sri Muktsar Sahib,2025-11-13,21,114.28,1,20.0,1,0.9808549467543309,1
Punjab,Sri Muktsar Sahib,2025-11-14,20,110.72,1,32.0,1,0.9843487355742068,1
Punjab,Sri Muktsar Sahib,2025-11-15,32,161.38,1,28.0,1,0.9842450409734101,1
Punjab,Sri Muktsar Sahib,2025-11-16,28,148.9,1,9.0,1,0.9720817780097495,1
Punjab,Sri Muktsar Sahib,2025-11-17,9,21.88,1,10.0,1,0.9163440118149739,1
Punjab,Sri Muktsar Sahib,2025-11-18,10,38.26,1,9.0,1,0.9596460608481985,1
Punjab,Sri Muktsar Sahib,2025-11-19,9,38.03,1,8.0,1,0.826963707290783,1
Punjab,Sri Muktsar Sahib,2025-11-20,8,34.36,1,4.0,1,0.8114582722411228,1
Punjab,Sri Muktsar Sahib,2025-11-21,4,16.88,1,4.0,1,0.7636185316495634,1
Punjab,Sri Muktsar Sahib,2025-11-22,4,12.72,1,12.0,1,0.6475796096200839,1
Punjab,Sri Muktsar Sahib,2025-11-23,12,164.88,1,0.0,0,0.6424901194394805,1
Punjab,Tarn Taran,2025-10-15,16,63.69,1,28.0,1,0.5541184912933654,1
Punjab,Tarn Taran,2025-10-16,28,119.02,1,21.0,1,0.5066313402145662,1
Punjab,Tarn Taran,2025-10-17,21,79.39,1,30.0,1,0.7820506423655664,1
Punjab,Tarn Taran,2025-10-18,30,124.33,1,45.0,1,0.9232254973666457,1
Punjab,Tarn Taran,2025-10-19,45,228.67,1,34.0,1,0.9528322177288718,1
Punjab,Tarn Taran,2025-10-20,34,139.39,1,36.0,1,0.9618516435678859,1
Punjab,Tarn Taran,2025-10-21,36,129.44,1,35.0,1,0.9593895538990259,1
Punjab,Tarn Taran,2025-10-22,35,183.31,1,21.0,1,0.9885758577274157,1
Punjab,Tarn Taran,2025-10-23,21,99.69,1,18.0,1,0.9819619138687804,1
Punjab,Tarn Taran,2025-10-24,18,109.0,1,45.0,1,0.9249134678130017,1
Punjab,Tarn Taran,2025-10-25,45,224.23,1,62.0,1,0.991228580535447,1
Punjab,Tarn Taran,2025-10-26,62,283.48,1,39.0,1,0.9898063583132248,1
Punjab,Tarn Taran,2025-10-27,39,154.78,1,22.0,1,0.9799636761469563,1
Punjab,Tarn Taran,2025-10-28,22,130.01,1,54.0,1,0.9958264769876684,1
Punjab,Tarn Taran,2025-10-29,54,438.06,1,48.0,1,0.986614612962338,1
Punjab,Tarn Taran,2025-10-30,48,232.45,1,87.0,1,0.9926205631155856,1
Punjab,Tarn Taran,2025-10-31,87,391.43,1,71.0,1,0.9891949108181396,1
Punjab,Tarn Taran,2025-11-01,71,330.73,1,59.0,1,0.9904557026886561,1
Punjab,Tarn Taran,2025-11-02,59,307.36,1,33.0,1,0.9897469293344695,1
Punjab,Tarn Taran,2025-11-03,33,138.16,1,63.0,1,0.9872469293344694,1
Punjab,Tarn Taran,2025-11-04,63,392.89,1,5.0,1,0.7348467915136894,1
Punjab,Tarn Taran,2025-11-05,5,15.96,1,44.0,1,0.8597372521509696,1
Punjab,Tarn Taran,2025-11-06,44,172.83,1,29.0,1,0.948867248965388,1
Punjab,Tarn Taran,2025-11-07,29,157.01,1,31.0,1,0.9594652060842752,1
Punjab,Tarn Taran,2025-11-08,31,146.95,1,41.0,1,0.9579686614159288,1
Punjab,Tarn Taran,2025-11-09,41,243.63,1,58.0,1,0.7951358522542163,1
Punjab,Tarn Taran,2025-11-10,58,351.23,1,48.0,1,0.8723895650434474,1
Punjab,Tarn Taran,2025-11-11,48,221.82,1,18.0,1,0.9715079874657964,1
Punjab,Tarn Taran,2025-11-12,18,70.46000000000001,1,17.0,1,0.9793651553649007,1
Punjab,Tarn Taran,2025-11-13,17,79.45,1,23.0,1,0.9652243938576368,1
Punjab,Tarn Taran,2025-11-14,23,97.54,1,12.0,1,0.9649250219738407,1
Punjab,Tarn Taran,2025-11-15,12,45.89,1,12.0,1,0.9566078626677812,1
Punjab,Tarn Taran,2025-11-16,12,50.37,1,5.0,1,0.9354080633960221,1
Punjab,Tarn Taran,2025-11-17,5,19.08,1,3.0,1,0.863674613642358,1
Punjab,Tarn Taran,2025-11-18,3,8.22,1,0.0,0,0.7273346054779369,1
Punjab,Tarn Taran,2025-11-19,0,0.0,1,3.0,1,0.64961950628421,1
Punjab,Tarn Taran,2025-11-20,3,13.18,1,4.0,1,0.5296274140267064,1
Punjab,Tarn Taran,2025-11-21,4,29.09,1,2.0,0,0.6708190051553916,1
Punjab,Tarn Taran,2025-11-22,2,6.27,1,0.0,0,0.3436601270931534,0
Punjab,Tarn Taran,2025-11-23,0,0.0,1,0.0,0,0.4557549324092709,1
