state,district,date,fire_count,frp_sum,horizon,target_fire_count,actual_elevated,probability,prediction
Haryana,Ambala,2025-10-15,0,0.0,2,0.0,0,0.07682520718528782,0
Haryana,Ambala,2025-10-16,2,3.1,2,0.0,0,0.20293893606393604,0
Haryana,Ambala,2025-10-17,0,0.0,2,1.0,0,0.07326585546806134,0
Haryana,Ambala,2025-10-18,0,0.0,2,3.0,1,0.07673539960856136,0
Haryana,Ambala,2025-10-19,1,7.36,2,2.0,0,0.1748695818070818,0
Haryana,Ambala,2025-10-20,3,8.36,2,1.0,0,0.2587242965367964,0
Haryana,Ambala,2025-10-21,2,5.03,2,0.0,0,0.42348511904761904,1
Haryana,Ambala,2025-10-22,1,3.08,2,0.0,0,0.47396726190476196,1
Haryana,Ambala,2025-10-23,0,0.0,2,1.0,0,0.27706168831168837,0
Haryana,Ambala,2025-10-24,0,0.0,2,4.0,1,0.2100125313283209,0
Haryana,Ambala,2025-10-25,1,2.44,2,2.0,0,0.2182313566936208,0
Haryana,Ambala,2025-10-26,4,14.37,2,0.0,0,0.4103769841269842,1
Haryana,Ambala,2025-10-27,2,3.93,2,2.0,0,0.4700803571428572,1
Haryana,Ambala,2025-10-28,0,0.0,2,0.0,0,0.4768153305028305,1
Haryana,Ambala,2025-10-29,2,5.92,2,3.0,1,0.47170754716981145,1
Haryana,Ambala,2025-10-30,0,0.0,2,0.0,0,0.1870982142857143,0
Haryana,Ambala,2025-10-31,3,11.989999999999998,2,4.0,1,0.5180049603174604,1
Haryana,Ambala,2025-11-01,0,0.0,2,0.0,0,0.24451488095238097,0
Haryana,Ambala,2025-11-02,4,11.68,2,0.0,0,0.4821190476190476,1
Haryana,Ambala,2025-11-03,0,0.0,2,0.0,0,0.376422619047619,1
Haryana,Ambala,2025-11-04,0,0.0,2,0.0,0,0.12153038847117799,0
Haryana,Ambala,2025-11-05,0,0.0,2,1.0,0,0.2989444776714513,0
Haryana,Ambala,2025-11-06,0,0.0,2,1.0,0,0.04312668802667315,0
Haryana,Ambala,2025-11-07,1,1.65,2,0.0,0,0.24242695933659192,0
Haryana,Ambala,2025-11-08,1,2.63,2,0.0,0,0.13614207097933514,0
Haryana,Ambala,2025-11-09,0,0.0,2,0.0,0,0.1141030726519857,0
Haryana,Ambala,2025-11-10,0,0.0,2,0.0,0,0.009545558608058608,0
Haryana,Ambala,2025-11-11,0,0.0,2,2.0,0,0.015402701465201465,0
Haryana,Ambala,2025-11-12,0,0.0,2,0.0,0,0.025063492063492062,0
Haryana,Ambala,2025-11-13,2,8.79,2,0.0,0,0.13018992345365818,0
Haryana,Ambala,2025-11-14,0,0.0,2,0.0,0,0.05625245098039215,0
Haryana,Ambala,2025-11-15,0,0.0,2,0.0,0,0.05409469696969697,0
Haryana,Ambala,2025-11-16,0,0.0,2,0.0,0,0.06852976190476189,0
Haryana,Ambala,2025-11-17,0,0.0,2,0.0,0,0.0010021366182188368,0
Haryana,Ambala,2025-11-18,0,0.0,2,0.0,0,0.006833333333333334,0
Haryana,Ambala,2025-11-19,0,0.0,2,0.0,0,0.0008632477293299481,0
Haryana,Ambala,2025-11-20,0,0.0,2,0.0,0,0.017589974937343357,0
Haryana,Ambala,2025-11-21,0,0.0,2,1.0,0,0.0012801204819277109,0
Haryana,Ambala,2025-11-22,0,0.0,2,0.0,0,0.012113453815261044,0
Haryana,Ambala,2025-11-23,1,5.52,2,0.0,0,0.14963603625319177,0
Haryana,Bhiwani,2025-10-15,0,0.0,2,0.0,0,0.03796987189361306,0
Haryana,Bhiwani,2025-10-16,1,1.3,2,2.0,0,0.17832539682539686,0
Haryana,Bhiwani,2025-10-17,0,0.0,2,0.0,0,0.04596855158730159,0
Haryana,Bhiwani,2025-10-18,2,7.77,2,2.0,0,0.10761904761904764,0
Haryana,Bhiwani,2025-10-19,0,0.0,2,1.0,0,0.1803584087481147,0
Haryana,Bhiwani,2025-10-20,2,8.27,2,6.0,1,0.14789285714285716,0
Haryana,Bhiwani,2025-10-21,1,2.59,2,0.0,0,0.26826785714285706,0
Haryana,Bhiwani,2025-10-22,6,11.41,2,0.0,0,0.32638194444444435,0
Haryana,Bhiwani,2025-10-23,0,0.0,2,0.0,0,0.3608224553224552,0
Haryana,Bhiwani,2025-10-24,0,0.0,2,1.0,0,0.32086051448551456,0
Haryana,Bhiwani,2025-10-25,0,0.0,2,0.0,0,0.2811992590742591,0
Haryana,Bhiwani,2025-10-26,1,2.52,2,0.0,0,0.05664343317972351,0
Haryana,Bhiwani,2025-10-27,0,0.0,2,0.0,0,0.2564034123064258,0
Haryana,Bhiwani,2025-10-28,0,0.0,2,0.0,0,0.04335509172921515,0
Haryana,Bhiwani,2025-10-29,0,0.0,2,0.0,0,0.29573618705855553,0
Haryana,Bhiwani,2025-10-30,0,0.0,2,0.0,0,0.06351175452847467,0
Haryana,Bhiwani,2025-10-31,0,0.0,2,0.0,0,0.03179075091575091,0
Haryana,Bhiwani,2025-11-01,0,0.0,2,0.0,0,0.10676488095238096,0
Haryana,Bhiwani,2025-11-02,0,0.0,2,0.0,0,0.03675,0
Haryana,Bhiwani,2025-11-03,0,0.0,2,1.0,0,0.12668154761904765,0
Haryana,Bhiwani,2025-11-04,0,0.0,2,2.0,0,0.0806660711540626,0
Haryana,Bhiwani,2025-11-05,1,12.65,2,4.0,1,0.15041345482474514,0
Haryana,Bhiwani,2025-11-06,2,6.279999999999999,2,0.0,0,0.19227302336028754,0
Haryana,Bhiwani,2025-11-07,4,11.12,2,0.0,0,0.30727955177810623,0
Haryana,Bhiwani,2025-11-08,0,0.0,2,0.0,0,0.15562770562770564,0
Haryana,Bhiwani,2025-11-09,0,0.0,2,7.0,1,0.23336958874458869,0
Haryana,Bhiwani,2025-11-10,0,0.0,2,0.0,0,0.14287335581085583,0
Haryana,Bhiwani,2025-11-11,7,24.64,2,0.0,0,0.2080504844617748,0
Haryana,Bhiwani,2025-11-12,0,0.0,2,0.0,0,0.29877406832298137,0
Haryana,Bhiwani,2025-11-13,0,0.0,2,1.0,0,0.35861324092574065,0
Haryana,Bhiwani,2025-11-14,0,0.0,2,3.0,1,0.37258158508158506,1
Haryana,Bhiwani,2025-11-15,1,2.09,2,3.0,1,0.10070661600024206,0
Haryana,Bhiwani,2025-11-16,3,11.48,2,0.0,0,0.3853239887352791,1
Haryana,Bhiwani,2025-11-17,3,19.94,2,0.0,0,0.3408828463203464,0
Haryana,Bhiwani,2025-11-18,0,0.0,2,0.0,0,0.2576847826086956,0
Haryana,Bhiwani,2025-11-19,0,0.0,2,0.0,0,0.1987440476190476,0
Haryana,Bhiwani,2025-11-20,0,0.0,2,3.0,1,0.17221142399267403,0
Haryana,Bhiwani,2025-11-21,0,0.0,2,1.0,0,0.09206109022556394,0
Haryana,Bhiwani,2025-11-22,3,16.310000000000002,2,0.0,0,0.30639186507936506,0
Haryana,Bhiwani,2025-11-23,1,2.64,2,0.0,0,0.30039264701620155,0
Haryana,Charkhi Dadri,2025-10-15,0,0.0,2,0.0,0,0.01634630647130647,0
Haryana,Charkhi Dadri,2025-10-16,0,0.0,2,0.0,0,0.0077002290364701995,0
Haryana,Charkhi Dadri,2025-10-17,0,0.0,2,0.0,0,0.04108000957375957,0
Haryana,Charkhi Dadri,2025-10-18,0,0.0,2,0.0,0,0.0086377290364702,0
Haryana,Charkhi Dadri,2025-10-19,0,0.0,2,0.0,0,0.004854585097076261,0
Haryana,Charkhi Dadri,2025-10-20,0,0.0,2,0.0,0,0.008951807319298483,0
Haryana,Charkhi Dadri,2025-10-21,0,0.0,2,0.0,0,0.02735819260068376,0
Haryana,Charkhi Dadri,2025-10-22,0,0.0,2,0.0,0,0.021749336179327342,0
Haryana,Charkhi Dadri,2025-10-23,0,0.0,2,0.0,0,0.04518725228493986,0
Haryana,Charkhi Dadri,2025-10-24,0,0.0,2,0.0,0,0.040972084767642,0
Haryana,Charkhi Dadri,2025-10-25,0,0.0,2,0.0,0,0.0017710987701361107,0
Haryana,Charkhi Dadri,2025-10-26,0,0.0,2,0.0,0,0.007288955912993253,0
Haryana,Charkhi Dadri,2025-10-27,0,0.0,2,0.0,0,0.05295912069139571,0
Haryana,Charkhi Dadri,2025-10-28,0,0.0,2,0.0,0,0.060842398303238676,0
Haryana,Charkhi Dadri,2025-10-29,0,0.0,2,0.0,0,0.03506237277321314,0
Haryana,Charkhi Dadri,2025-10-30,0,0.0,2,1.0,0,0.060293083147068695,0
Haryana,Charkhi Dadri,2025-10-31,0,0.0,2,0.0,0,0.03529749182083219,0
Haryana,Charkhi Dadri,2025-11-01,1,2.49,2,0.0,0,0.08723108849014644,0
Haryana,Charkhi Dadri,2025-11-02,0,0.0,2,0.0,0,0.03277968559218559,0
Haryana,Charkhi Dadri,2025-11-03,0,0.0,2,0.0,0,0.006137820512820512,0
Haryana,Charkhi Dadri,2025-11-04,0,0.0,2,0.0,0,0.02637385414528878,0
Haryana,Charkhi Dadri,2025-11-05,0,0.0,2,0.0,0,0.024018030018712097,0
Haryana,Charkhi Dadri,2025-11-06,0,0.0,2,0.0,0,0.00972718253968254,0
Haryana,Charkhi Dadri,2025-11-07,0,0.0,2,0.0,0,0.0250197008624882,0
Haryana,Charkhi Dadri,2025-11-08,0,0.0,2,0.0,0,0.011923611111111112,0
Haryana,Charkhi Dadri,2025-11-09,0,0.0,2,0.0,0,0.05984401543680277,0
Haryana,Charkhi Dadri,2025-11-10,0,0.0,2,0.0,0,0.031110983143425662,0
Haryana,Charkhi Dadri,2025-11-11,0,0.0,2,0.0,0,0.028712173619616137,0
Haryana,Charkhi Dadri,2025-11-12,0,0.0,2,2.0,0,0.07058516296687017,0
Haryana,Charkhi Dadri,2025-11-13,0,0.0,2,0.0,0,0.003462800953883173,0
Haryana,Charkhi Dadri,2025-11-14,2,11.48,2,1.0,0,0.1118326648841355,0
Haryana,Charkhi Dadri,2025-11-15,0,0.0,2,0.0,0,0.09137211399711401,0
Haryana,Charkhi Dadri,2025-11-16,1,2.21,2,0.0,0,0.26613305222031636,0
Haryana,Charkhi Dadri,2025-11-17,0,0.0,2,0.0,0,0.14862500000000003,0
Haryana,Charkhi Dadri,2025-11-18,0,0.0,2,0.0,0,0.007958333333333333,0
Haryana,Charkhi Dadri,2025-11-19,0,0.0,2,0.0,0,0.0904702380952381,0
Haryana,Charkhi Dadri,2025-11-20,0,0.0,2,0.0,0,0.0007670938831761021,0
Haryana,Charkhi Dadri,2025-11-21,0,0.0,2,0.0,0,0.1098820203918888,0
Haryana,Charkhi Dadri,2025-11-22,0,0.0,2,0.0,0,0.0007670938831761021,0
Haryana,Charkhi Dadri,2025-11-23,0,0.0,2,0.0,0,0.016698484848484848,0
Haryana,Faridabad,2025-10-15,3,2.53,2,2.0,0,0.28226785714285707,0
Haryana,Faridabad,2025-10-16,0,0.0,2,1.0,0,0.1122769396861309,0
Haryana,Faridabad,2025-10-17,2,3.04,2,0.0,0,0.25860714285714287,0
Haryana,Faridabad,2025-10-18,1,0.31,2,1.0,0,0.2577178342490844,0
Haryana,Faridabad,2025-10-19,0,0.0,2,0.0,0,0.08621088980463981,0
Haryana,Faridabad,2025-10-20,1,0.53,2,1.0,0,0.22073122710622717,0
Haryana,Faridabad,2025-10-21,0,0.0,2,0.0,0,0.1205515213952714,0
Haryana,Faridabad,2025-10-22,1,0.74,2,0.0,0,0.3877264610389609,1
Haryana,Faridabad,2025-10-23,0,0.0,2,0.0,0,0.055259018759018765,0
Haryana,Faridabad,2025-10-24,0,0.0,2,4.0,1,0.050401167582417576,0
Haryana,Faridabad,2025-10-25,0,0.0,2,0.0,0,0.04306485805860806,0
Haryana,Faridabad,2025-10-26,4,4.0600000000000005,2,0.0,0,0.21550595238095238,0
Haryana,Faridabad,2025-10-27,0,0.0,2,0.0,0,0.13745631886194465,0
Haryana,Faridabad,2025-10-28,0,0.0,2,0.0,0,0.10271655785970304,0
Haryana,Faridabad,2025-10-29,0,0.0,2,1.0,0,0.13061912393162398,0
Haryana,Faridabad,2025-10-30,0,0.0,2,5.0,1,0.11552193415716971,0
Haryana,Faridabad,2025-10-31,1,0.79,2,2.0,0,0.2978363095238096,0
Haryana,Faridabad,2025-11-01,5,3.69,2,3.0,1,0.19837500000000005,0
Haryana,Faridabad,2025-11-02,2,1.52,2,0.0,0,0.2920744047619048,0
Haryana,Faridabad,2025-11-03,3,1.28,2,8.0,1,0.19094086673130792,0
Haryana,Faridabad,2025-11-04,0,0.0,2,2.0,0,0.19891715057817996,0
Haryana,Faridabad,2025-11-05,8,4.37,2,3.0,1,0.15102472527472532,0
Haryana,Faridabad,2025-11-06,2,0.7,2,4.0,1,0.20969880323924442,0
Haryana,Faridabad,2025-11-07,3,6.02,2,4.0,1,0.22074632352941184,0
Haryana,Faridabad,2025-11-08,4,2.47,2,1.0,0,0.2887172619047618,0
Haryana,Faridabad,2025-11-09,4,1.91,2,1.0,0,0.19037447478991595,0
Haryana,Faridabad,2025-11-10,1,0.54,2,6.0,1,0.24361183261183256,0
Haryana,Faridabad,2025-11-11,1,1.92,2,5.0,1,0.17032858848667673,0
Haryana,Faridabad,2025-11-12,6,5.140000000000001,2,1.0,0,0.26545238095238094,0
Haryana,Faridabad,2025-11-13,5,4.54,2,5.0,1,0.1823965336134454,0
Haryana,Faridabad,2025-11-14,1,0.65,2,2.0,0,0.2684320728291317,0
Haryana,Faridabad,2025-11-15,5,5.64,2,6.0,1,0.29706967787114835,0
Haryana,Faridabad,2025-11-16,2,0.6799999999999999,2,3.0,1,0.3085558473389355,0
Haryana,Faridabad,2025-11-17,6,5.33,2,0.0,0,0.1925654761904762,0
Haryana,Faridabad,2025-11-18,3,1.33,2,7.0,1,0.24447429653679653,0
Haryana,Faridabad,2025-11-19,0,0.0,2,0.0,0,0.19160346638655457,0
Haryana,Faridabad,2025-11-20,7,18.13,2,7.0,1,0.4317083333333332,1
Haryana,Faridabad,2025-11-21,0,0.0,2,3.0,1,0.32282668067226894,0
Haryana,Faridabad,2025-11-22,7,3.93,2,0.0,0,0.25176190476190474,0
Haryana,Faridabad,2025-11-23,3,1.81,2,9.0,1,0.3209081200662083,0
Haryana,Fatehabad,2025-10-15,1,2.28,2,0.0,0,0.14549404761904763,0
Haryana,Fatehabad,2025-10-16,0,0.0,2,2.0,0,0.1848690476190476,0
Haryana,Fatehabad,2025-10-17,0,0.0,2,4.0,1,0.08927410714285713,0
Haryana,Fatehabad,2025-10-18,2,11.56,2,10.0,1,0.21873214285714276,0
Haryana,Fatehabad,2025-10-19,4,16.08,2,0.0,0,0.5104308608058608,1
Haryana,Fatehabad,2025-10-20,10,49.02,2,0.0,0,0.7208531746031746,1
Haryana,Fatehabad,2025-10-21,0,0.0,2,0.0,0,0.42412778887778885,1
Haryana,Fatehabad,2025-10-22,0,0.0,2,0.0,0,0.33479891983016974,0
Haryana,Fatehabad,2025-10-23,0,0.0,2,4.0,1,0.47649440143190147,1
Haryana,Fatehabad,2025-10-24,0,0.0,2,6.0,1,0.23036525974025973,0
Haryana,Fatehabad,2025-10-25,4,21.46,2,3.0,1,0.41438152841781895,1
Haryana,Fatehabad,2025-10-26,6,43.48,2,1.0,0,0.6783517665130571,1
Haryana,Fatehabad,2025-10-27,3,6.8100000000000005,2,1.0,0,0.5818551587301589,1
Haryana,Fatehabad,2025-10-28,1,1.11,2,5.0,1,0.543811348781937,1
Haryana,Fatehabad,2025-10-29,1,1.54,2,4.0,1,0.6690667600373484,1
Haryana,Fatehabad,2025-10-30,5,25.38,2,11.0,1,0.6862222222222223,1
Haryana,Fatehabad,2025-10-31,4,15.740000000000002,2,8.0,1,0.624872474747475,1
Haryana,Fatehabad,2025-11-01,11,42.61,2,4.0,1,0.7265460858585859,1
Haryana,Fatehabad,2025-11-02,8,37.09,2,8.0,1,0.744800595238095,1
Haryana,Fatehabad,2025-11-03,4,14.37,2,0.0,0,0.5797619047619049,1
Haryana,Fatehabad,2025-11-04,8,89.26,2,7.0,1,0.795827380952381,1
Haryana,Fatehabad,2025-11-05,0,0.0,2,15.0,1,0.475125,1
Haryana,Fatehabad,2025-11-06,7,22.13,2,10.0,1,0.49571875000000004,1
Haryana,Fatehabad,2025-11-07,15,49.98,2,13.0,1,0.7353750000000001,1
Haryana,Fatehabad,2025-11-08,10,51.46,2,14.0,1,0.7834374999999999,1
Haryana,Fatehabad,2025-11-09,13,77.01,2,15.0,1,0.8609583333333332,1
Haryana,Fatehabad,2025-11-10,14,68.96000000000001,2,3.0,1,0.8920198412698411,1
Haryana,Fatehabad,2025-11-11,15,85.03999999999999,2,4.0,1,0.9051865079365082,1
Haryana,Fatehabad,2025-11-12,3,10.77,2,1.0,0,0.7251025981338483,1
Haryana,Fatehabad,2025-11-13,4,12.82,2,8.0,1,0.6603333333333334,1
Haryana,Fatehabad,2025-11-14,1,1.65,2,5.0,1,0.6351845238095238,1
Haryana,Fatehabad,2025-11-15,8,22.52,2,3.0,1,0.551625,1
Haryana,Fatehabad,2025-11-16,5,12.47,2,2.0,0,0.5844270833333333,1
Haryana,Fatehabad,2025-11-17,3,8.370000000000001,2,1.0,0,0.3044583333333334,0
Haryana,Fatehabad,2025-11-18,2,9.18,2,0.0,0,0.30645833333333333,0
Haryana,Fatehabad,2025-11-19,1,4.06,2,0.0,0,0.30896713766151623,0
Haryana,Fatehabad,2025-11-20,0,0.0,2,2.0,0,0.1260578886693017,0
Haryana,Fatehabad,2025-11-21,0,0.0,2,1.0,0,0.19531060606060613,0
Haryana,Fatehabad,2025-11-22,2,4.6,2,2.0,0,0.30721428571428583,0
Haryana,Fatehabad,2025-11-23,1,1.94,2,0.0,0,0.2951597222222222,0
Haryana,Gurugram,2025-10-15,0,0.0,2,0.0,0,0.07706604853479854,0
Haryana,Gurugram,2025-10-16,0,0.0,2,0.0,0,0.04471726814851817,0
Haryana,Gurugram,2025-10-17,0,0.0,2,0.0,0,0.02287537393162393,0
Haryana,Gurugram,2025-10-18,0,0.0,2,1.0,0,0.042774904891660775,0
Haryana,Gurugram,2025-10-19,0,0.0,2,0.0,0,0.03575314269064269,0
Haryana,Gurugram,2025-10-20,1,1.22,2,0.0,0,0.21539763708513704,0
Haryana,Gurugram,2025-10-21,0,0.0,2,0.0,0,0.12322612456987456,0
Haryana,Gurugram,2025-10-22,0,0.0,2,0.0,0,0.08665901071967247,0
Haryana,Gurugram,2025-10-23,0,0.0,2,0.0,0,0.03921465964590965,0
Haryana,Gurugram,2025-10-24,0,0.0,2,0.0,0,0.04688250841769598,0
Haryana,Gurugram,2025-10-25,0,0.0,2,0.0,0,0.01637020618270618,0
Haryana,Gurugram,2025-10-26,0,0.0,2,0.0,0,0.028913460460662427,0
Haryana,Gurugram,2025-10-27,0,0.0,2,0.0,0,0.05968733806475097,0
Haryana,Gurugram,2025-10-28,0,0.0,2,0.0,0,0.08123639216917765,0
Haryana,Gurugram,2025-10-29,0,0.0,2,0.0,0,0.09129338134797171,0
Haryana,Gurugram,2025-10-30,0,0.0,2,0.0,0,0.12622490132888686,0
Haryana,Gurugram,2025-10-31,0,0.0,2,1.0,0,0.09959196482095037,0
Haryana,Gurugram,2025-11-01,0,0.0,2,0.0,0,0.03665890303458512,0
Haryana,Gurugram,2025-11-02,1,3.29,2,1.0,0,0.11062470752815332,0
Haryana,Gurugram,2025-11-03,0,0.0,2,0.0,0,0.04151217532467532,0
Haryana,Gurugram,2025-11-04,1,5.38,2,0.0,0,0.08974086130191575,0
Haryana,Gurugram,2025-11-05,0,0.0,2,0.0,0,0.10891675685425688,0
Haryana,Gurugram,2025-11-06,0,0.0,2,0.0,0,0.020071608946608945,0
Haryana,Gurugram,2025-11-07,0,0.0,2,0.0,0,0.03128670634920635,0
Haryana,Gurugram,2025-11-08,0,0.0,2,0.0,0,0.07116093462872197,0
Haryana,Gurugram,2025-11-09,0,0.0,2,0.0,0,0.03697934704184704,0
Haryana,Gurugram,2025-11-10,0,0.0,2,0.0,0,0.05586711589955839,0
Haryana,Gurugram,2025-11-11,0,0.0,2,0.0,0,0.019068632756132756,0
Haryana,Gurugram,2025-11-12,0,0.0,2,0.0,0,0.10959733829154553,0
Haryana,Gurugram,2025-11-13,0,0.0,2,0.0,0,0.04540553183411404,0
Haryana,Gurugram,2025-11-14,0,0.0,2,0.0,0,0.0338580029740852,0
Haryana,Gurugram,2025-11-15,0,0.0,2,1.0,0,0.03904649503757727,0
Haryana,Gurugram,2025-11-16,0,0.0,2,0.0,0,0.0380592510735583,0
Haryana,Gurugram,2025-11-17,1,0.35,2,0.0,0,0.03601607105938247,0
Haryana,Gurugram,2025-11-18,0,0.0,2,0.0,0,0.020760010822510822,0
Haryana,Gurugram,2025-11-19,0,0.0,2,1.0,0,0.016812680375180373,0
Haryana,Gurugram,2025-11-20,0,0.0,2,0.0,0,0.02950505050505051,0
Haryana,Gurugram,2025-11-21,1,2.73,2,0.0,0,0.15370436321197564,0
Haryana,Gurugram,2025-11-22,0,0.0,2,0.0,0,0.019896915584415583,0
Haryana,Gurugram,2025-11-23,0,0.0,2,0.0,0,0.00805770202020202,0
Haryana,Hisar,2025-10-15,3,4.12,2,1.0,0,0.33076785714285717,0
Haryana,Hisar,2025-10-16,3,8.1,2,2.0,0,0.37654960317460323,1
Haryana,Hisar,2025-10-17,1,1.87,2,10.0,1,0.3499702380952382,0
Haryana,Hisar,2025-10-18,2,13.93,2,13.0,1,0.42456746031746034,1
Haryana,Hisar,2025-10-19,10,32.46,2,5.0,1,0.6649136904761903,1
Haryana,Hisar,2025-10-20,13,45.58,2,1.0,0,0.7380476190476191,1
Haryana,Hisar,2025-10-21,5,14.52,2,0.0,0,0.7007321428571429,1
Haryana,Hisar,2025-10-22,1,1.65,2,2.0,0,0.6332803030303029,1
Haryana,Hisar,2025-10-23,0,0.0,2,2.0,0,0.41936546786546786,1
Haryana,Hisar,2025-10-24,2,9.28,2,15.0,1,0.5125178571428571,1
Haryana,Hisar,2025-10-25,2,2.14,2,6.0,1,0.4250476190476191,1
Haryana,Hisar,2025-10-26,15,30.63,2,0.0,0,0.5894784798534798,1
Haryana,Hisar,2025-10-27,6,30.36,2,1.0,0,0.709583333333333,1
Haryana,Hisar,2025-10-28,0,0.0,2,3.0,1,0.5008721369210499,1
Haryana,Hisar,2025-10-29,1,2.46,2,5.0,1,0.6447435897435898,1
Haryana,Hisar,2025-10-30,3,17.19,2,11.0,1,0.6912103174603178,1
Haryana,Hisar,2025-10-31,5,12.87,2,6.0,1,0.4664067460317461,1
Haryana,Hisar,2025-11-01,11,27.73,2,5.0,1,0.5644308608058608,1
Haryana,Hisar,2025-11-02,6,24.24,2,4.0,1,0.5809107142857143,1
Haryana,Hisar,2025-11-03,5,19.47,2,5.0,1,0.5435768398268399,1
Haryana,Hisar,2025-11-04,4,13.71,2,15.0,1,0.5228809523809523,1
Haryana,Hisar,2025-11-05,5,25.56,2,13.0,1,0.5526904761904763,1
Haryana,Hisar,2025-11-06,15,31.7,2,16.0,1,0.5674285714285713,1
Haryana,Hisar,2025-11-07,13,41.03,2,16.0,1,0.7172886904761904,1
Haryana,Hisar,2025-11-08,16,69.92,2,12.0,1,0.7977127525252528,1
Haryana,Hisar,2025-11-09,16,83.35,2,21.0,1,0.8840119047619048,1
Haryana,Hisar,2025-11-10,12,48.03,2,4.0,1,0.8749791666666669,1
Haryana,Hisar,2025-11-11,21,87.96,2,6.0,1,0.9004424603174606,1
Haryana,Hisar,2025-11-12,4,13.57,2,8.0,1,0.7347187500000003,1
Haryana,Hisar,2025-11-13,6,31.13,2,10.0,1,0.7062916666666665,1
Haryana,Hisar,2025-11-14,8,23.57,2,11.0,1,0.7544999999999998,1
Haryana,Hisar,2025-11-15,10,26.08,2,7.0,1,0.6652782738095238,1
Haryana,Hisar,2025-11-16,11,41.57,2,5.0,1,0.80325,1
Haryana,Hisar,2025-11-17,7,20.77,2,0.0,0,0.6297949929971989,1
Haryana,Hisar,2025-11-18,5,13.92,2,6.0,1,0.5392261904761905,1
Haryana,Hisar,2025-11-19,0,0.0,2,6.0,1,0.30477994026635324,0
Haryana,Hisar,2025-11-20,6,27.23,2,4.0,1,0.46036255411255395,1
Haryana,Hisar,2025-11-21,6,11.72,2,2.0,0,0.40329166666666666,1
Haryana,Hisar,2025-11-22,4,10.48,2,1.0,0,0.3501666666666667,0
Haryana,Hisar,2025-11-23,2,8.99,2,5.0,1,0.22345039682539689,0
Haryana,Jhajjar,2025-10-15,2,6.04,2,1.0,0,0.35957072829131653,0
Haryana,Jhajjar,2025-10-16,2,3.12,2,0.0,0,0.25041369047619044,0
Haryana,Jhajjar,2025-10-17,1,0.82,2,0.0,0,0.2060416666666666,0
Haryana,Jhajjar,2025-10-18,0,0.0,2,0.0,0,0.2792937742082478,0
Haryana,Jhajjar,2025-10-19,0,0.0,2,0.0,0,0.17285821123321124,0
Haryana,Jhajjar,2025-10-20,0,0.0,2,3.0,1,0.15727338980463976,0
Haryana,Jhajjar,2025-10-21,0,0.0,2,1.0,0,0.12729223901098904,0
Haryana,Jhajjar,2025-10-22,3,6.94,2,1.0,0,0.26357638888888885,0
Haryana,Jhajjar,2025-10-23,1,1.15,2,2.0,0,0.34038988095238104,0
Haryana,Jhajjar,2025-10-24,1,1.13,2,2.0,0,0.268327380952381,0
Haryana,Jhajjar,2025-10-25,2,4.25,2,0.0,0,0.255828373015873,0
Haryana,Jhajjar,2025-10-26,2,1.12,2,0.0,0,0.33413591269841275,0
Haryana,Jhajjar,2025-10-27,0,0.0,2,0.0,0,0.19483597725374044,0
Haryana,Jhajjar,2025-10-28,0,0.0,2,1.0,0,0.10795642551892554,0
Haryana,Jhajjar,2025-10-29,0,0.0,2,1.0,0,0.19715086996337,0
Haryana,Jhajjar,2025-10-30,1,0.91,2,1.0,0,0.30154166666666665,0
Haryana,Jhajjar,2025-10-31,1,0.57,2,0.0,0,0.20728163503163508,0
Haryana,Jhajjar,2025-11-01,1,0.77,2,3.0,1,0.2668306277056277,0
Haryana,Jhajjar,2025-11-02,0,0.0,2,4.0,1,0.06881150793650793,0
Haryana,Jhajjar,2025-11-03,3,8.49,2,3.0,1,0.11439802336028752,0
Haryana,Jhajjar,2025-11-04,4,2.5,2,2.0,0,0.24541729323308267,0
Haryana,Jhajjar,2025-11-05,3,6.62,2,6.0,1,0.3379555630428272,0
Haryana,Jhajjar,2025-11-06,2,1.1,2,5.0,1,0.3004186720142602,0
Haryana,Jhajjar,2025-11-07,6,8.28,2,4.0,1,0.3234285714285713,0
Haryana,Jhajjar,2025-11-08,5,6.8,2,2.0,0,0.46079166666666665,1
Haryana,Jhajjar,2025-11-09,4,7.279999999999999,2,1.0,0,0.35236309523809534,0
Haryana,Jhajjar,2025-11-10,2,1.23,2,2.0,0,0.30569913419913425,0
Haryana,Jhajjar,2025-11-11,1,3.82,2,3.0,1,0.35313918067226896,0
Haryana,Jhajjar,2025-11-12,2,3.26,2,1.0,0,0.33614285714285713,0
Haryana,Jhajjar,2025-11-13,3,6.0600000000000005,2,1.0,0,0.21222741596638658,0
Haryana,Jhajjar,2025-11-14,1,0.54,2,5.0,1,0.2580010822510823,0
Haryana,Jhajjar,2025-11-15,1,4.74,2,7.0,1,0.24728991596638658,0
Haryana,Jhajjar,2025-11-16,5,13.74,2,6.0,1,0.37682211538461535,1
Haryana,Jhajjar,2025-11-17,7,15.0,2,4.0,1,0.4190905830280831,1
Haryana,Jhajjar,2025-11-18,6,14.7,2,0.0,0,0.4310766941391942,1
Haryana,Jhajjar,2025-11-19,4,8.95,2,3.0,1,0.4148343253968255,1
Haryana,Jhajjar,2025-11-20,0,0.0,2,2.0,0,0.21680059523809514,0
Haryana,Jhajjar,2025-11-21,3,8.0,2,6.0,1,0.48238988095238106,1
Haryana,Jhajjar,2025-11-22,2,1.39,2,2.0,0,0.27700351731601736,0
Haryana,Jhajjar,2025-11-23,6,11.22,2,2.0,0,0.26546726190476194,0
Haryana,Jind,2025-10-15,5,15.27,2,0.0,0,0.5189648617511522,1
Haryana,Jind,2025-10-16,0,0.0,2,0.0,0,0.1503817085692086,0
Haryana,Jind,2025-10-17,0,0.0,2,4.0,1,0.28253908591408594,0
Haryana,Jind,2025-10-18,0,0.0,2,13.0,1,0.3376798791486293,0
Haryana,Jind,2025-10-19,4,11.75,2,5.0,1,0.48517548446177483,1
Haryana,Jind,2025-10-20,13,46.29,2,5.0,1,0.6594722222222222,1
Haryana,Jind,2025-10-21,5,15.15,2,0.0,0,0.679026785714286,1
Haryana,Jind,2025-10-22,5,12.64,2,0.0,0,0.6583458141321047,1
Haryana,Jind,2025-10-23,0,0.0,2,6.0,1,0.45844284881784886,1
Haryana,Jind,2025-10-24,0,0.0,2,5.0,1,0.3622323460530697,0
Haryana,Jind,2025-10-25,6,44.53,2,6.0,1,0.5597678571428572,1
Haryana,Jind,2025-10-26,5,11.43,2,0.0,0,0.5776934523809524,1
Haryana,Jind,2025-10-27,6,37.02,2,2.0,0,0.6784107142857142,1
Haryana,Jind,2025-10-28,0,0.0,2,0.0,0,0.549449059997973,1
Haryana,Jind,2025-10-29,2,15.7,2,1.0,0,0.6567612044817928,1
Haryana,Jind,2025-10-30,0,0.0,2,7.0,1,0.5326452922077921,1
Haryana,Jind,2025-10-31,1,8.84,2,8.0,1,0.40135970302099316,1
Haryana,Jind,2025-11-01,7,25.89,2,4.0,1,0.5656805555555555,1
Haryana,Jind,2025-11-02,8,34.84,2,3.0,1,0.661084977746268,1
Haryana,Jind,2025-11-03,4,43.44,2,7.0,1,0.5746994047619048,1
Haryana,Jind,2025-11-04,3,11.98,2,15.0,1,0.6167261904761905,1
Haryana,Jind,2025-11-05,7,21.12,2,15.0,1,0.5194960317460319,1
Haryana,Jind,2025-11-06,15,59.03,2,25.0,1,0.7264101731601731,1
Haryana,Jind,2025-11-07,15,46.17,2,39.0,1,0.8010208333333334,1
Haryana,Jind,2025-11-08,25,135.33,2,38.0,1,0.8159285714285714,1
Haryana,Jind,2025-11-09,39,183.54,2,28.0,1,0.8837847222222224,1
Haryana,Jind,2025-11-10,38,135.94,2,14.0,1,0.9152500000000002,1
Haryana,Jind,2025-11-11,28,146.05,2,12.0,1,0.9426031746031746,1
Haryana,Jind,2025-11-12,14,55.67,2,2.0,0,0.9209375,1
Haryana,Jind,2025-11-13,12,60.45,2,13.0,1,0.8946269841269842,1
Haryana,Jind,2025-11-14,2,9.46,2,17.0,1,0.7692008928571429,1
Haryana,Jind,2025-11-15,13,65.2,2,6.0,1,0.8470535714285711,1
Haryana,Jind,2025-11-16,17,91.54,2,3.0,1,0.9028095238095236,1
Haryana,Jind,2025-11-17,6,23.5,2,2.0,0,0.7517098214285715,1
Haryana,Jind,2025-11-18,3,20.93,2,6.0,1,0.5627409909909911,1
Haryana,Jind,2025-11-19,2,10.02,2,6.0,1,0.46580009920634935,1
Haryana,Jind,2025-11-20,6,9.34,2,3.0,1,0.31231547619047617,0
Haryana,Jind,2025-11-21,6,16.43,2,2.0,0,0.4916249999999999,1
Haryana,Jind,2025-11-22,3,7.59,2,2.0,0,0.26177678571428564,0
Haryana,Jind,2025-11-23,2,6.34,2,0.0,0,0.2393482142857142,0
Haryana,Kaithal,2025-10-15,0,0.0,2,0.0,0,0.013684821428571428,0
Haryana,Kaithal,2025-10-16,1,4.43,2,1.0,0,0.10219700460829496,0
Haryana,Kaithal,2025-10-17,0,0.0,2,2.0,0,0.11224889122315596,0
Haryana,Kaithal,2025-10-18,1,2.39,2,2.0,0,0.1767351190476191,0
Haryana,Kaithal,2025-10-19,2,17.11,2,9.0,1,0.266375,0
Haryana,Kaithal,2025-10-20,2,8.18,2,1.0,0,0.37519998079877104,1
Haryana,Kaithal,2025-10-21,9,38.37,2,0.0,0,0.7287606421356422,1
Haryana,Kaithal,2025-10-22,1,7.84,2,0.0,0,0.6345481950844852,1
Haryana,Kaithal,2025-10-23,0,0.0,2,1.0,0,0.3372907925407926,0
Haryana,Kaithal,2025-10-24,0,0.0,2,9.0,1,0.45193113136863133,1
Haryana,Kaithal,2025-10-25,1,4.02,2,5.0,1,0.1901196236559139,0
Haryana,Kaithal,2025-10-26,9,23.36,2,0.0,0,0.5704225082712985,1
Haryana,Kaithal,2025-10-27,5,13.84,2,2.0,0,0.6705802463665365,1
Haryana,Kaithal,2025-10-28,0,0.0,2,2.0,0,0.4162519311464327,1
Haryana,Kaithal,2025-10-29,2,10.18,2,1.0,0,0.7172135854341736,1
Haryana,Kaithal,2025-10-30,2,4.83,2,7.0,1,0.5190119047619048,1
Haryana,Kaithal,2025-10-31,1,3.67,2,6.0,1,0.375198988735279,1
Haryana,Kaithal,2025-11-01,7,31.16,2,3.0,1,0.5798100998463902,1
Haryana,Kaithal,2025-11-02,6,42.95,2,1.0,0,0.7009053379416281,1
Haryana,Kaithal,2025-11-03,3,14.52,2,3.0,1,0.5118511904761907,1
Haryana,Kaithal,2025-11-04,1,4.24,2,7.0,1,0.5624940476190478,1
Haryana,Kaithal,2025-11-05,3,14.22,2,4.0,1,0.5977440476190476,1
Haryana,Kaithal,2025-11-06,7,18.85,2,7.0,1,0.5554642857142855,1
Haryana,Kaithal,2025-11-07,4,15.5,2,8.0,1,0.42822069966324,1
Haryana,Kaithal,2025-11-08,7,42.07,2,5.0,1,0.5046249999999999,1
Haryana,Kaithal,2025-11-09,8,29.88,2,13.0,1,0.640595238095238,1
Haryana,Kaithal,2025-11-10,5,17.439999999999998,2,4.0,1,0.6092410714285714,1
Haryana,Kaithal,2025-11-11,13,45.1,2,4.0,1,0.7466612103174605,1
Haryana,Kaithal,2025-11-12,4,7.75,2,1.0,0,0.5185684523809525,1
Haryana,Kaithal,2025-11-13,4,9.64,2,1.0,0,0.48542261904761913,1
Haryana,Kaithal,2025-11-14,1,2.79,2,1.0,0,0.4714493243243243,1
Haryana,Kaithal,2025-11-15,1,3.79,2,0.0,0,0.33287920168067225,0
Haryana,Kaithal,2025-11-16,1,2.22,2,4.0,1,0.401172619047619,1
Haryana,Kaithal,2025-11-17,0,0.0,2,0.0,0,0.1437615654749522,0
Haryana,Kaithal,2025-11-18,4,9.01,2,1.0,0,0.3364375000000001,0
Haryana,Kaithal,2025-11-19,0,0.0,2,0.0,0,0.21833441558441552,0
Haryana,Kaithal,2025-11-20,1,0.59,2,0.0,0,0.2203152056277056,0
Haryana,Kaithal,2025-11-21,0,0.0,2,2.0,0,0.18884036796536796,0
Haryana,Kaithal,2025-11-22,0,0.0,2,8.0,1,0.037227272727272734,0
Haryana,Kaithal,2025-11-23,2,2.01,2,5.0,1,0.17243452380952382,0
Haryana,Karnal,2025-10-15,0,0.0,2,0.0,0,0.020108264750755916,0
Haryana,Karnal,2025-10-16,0,0.0,2,0.0,0,0.02031659808408925,0
Haryana,Karnal,2025-10-17,0,0.0,2,3.0,1,0.06140331812663406,0
Haryana,Karnal,2025-10-18,0,0.0,2,4.0,1,0.05686885536717132,0
Haryana,Karnal,2025-10-19,3,12.39,2,4.0,1,0.21226893939393926,0
Haryana,Karnal,2025-10-20,4,14.71,2,2.0,0,0.47543452380952395,1
Haryana,Karnal,2025-10-21,4,12.98,2,1.0,0,0.6920297619047617,1
Haryana,Karnal,2025-10-22,2,3.56,2,0.0,0,0.5735277777777779,1
Haryana,Karnal,2025-10-23,1,5.09,2,1.0,0,0.5417981950844855,1
Haryana,Karnal,2025-10-24,0,0.0,2,2.0,0,0.31322415084915095,0
Haryana,Karnal,2025-10-25,1,1.91,2,1.0,0,0.3175357142857142,0
Haryana,Karnal,2025-10-26,2,4.8,2,0.0,0,0.4050000000000001,1
Haryana,Karnal,2025-10-27,1,0.54,2,0.0,0,0.4160238731856378,1
Haryana,Karnal,2025-10-28,0,0.0,2,0.0,0,0.41538229343120664,1
Haryana,Karnal,2025-10-29,0,0.0,2,2.0,0,0.13721634615384617,0
Haryana,Karnal,2025-10-30,0,0.0,2,1.0,0,0.08087437226751744,0
Haryana,Karnal,2025-10-31,2,7.67,2,1.0,0,0.20185317460317465,0
Haryana,Karnal,2025-11-01,1,4.13,2,0.0,0,0.20564802336028745,0
Haryana,Karnal,2025-11-02,1,3.3,2,2.0,0,0.2689575471698113,0
Haryana,Karnal,2025-11-03,0,0.0,2,3.0,1,0.19185119047619043,0
Haryana,Karnal,2025-11-04,2,8.219999999999999,2,9.0,1,0.16428492812219228,0
Haryana,Karnal,2025-11-05,3,7.050000000000001,2,6.0,1,0.2503781820904462,0
Haryana,Karnal,2025-11-06,9,21.36,2,6.0,1,0.3963204365079365,1
Haryana,Karnal,2025-11-07,6,20.0,2,1.0,0,0.4865511675824175,1
Haryana,Karnal,2025-11-08,6,30.8,2,2.0,0,0.5508749999999999,1
Haryana,Karnal,2025-11-09,1,5.56,2,0.0,0,0.4785109927035329,1
Haryana,Karnal,2025-11-10,2,9.34,2,1.0,0,0.45173271889400923,1
Haryana,Karnal,2025-11-11,0,0.0,2,2.0,0,0.3526202651515151,0
Haryana,Karnal,2025-11-12,1,3.08,2,0.0,0,0.346619623655914,0
Haryana,Karnal,2025-11-13,2,13.18,2,0.0,0,0.40836962365591384,1
Haryana,Karnal,2025-11-14,0,0.0,2,0.0,0,0.2185578886693018,0
Haryana,Karnal,2025-11-15,0,0.0,2,1.0,0,0.20682682806324112,0
Haryana,Karnal,2025-11-16,0,0.0,2,0.0,0,0.170136498917749,0
Haryana,Karnal,2025-11-17,1,1.76,2,0.0,0,0.15306278184741445,0
Haryana,Karnal,2025-11-18,0,0.0,2,0.0,0,0.12202054195804196,0
Haryana,Karnal,2025-11-19,0,0.0,2,0.0,0,0.056471212121212117,0
Haryana,Karnal,2025-11-20,0,0.0,2,1.0,0,0.15207251082251083,0
Haryana,Karnal,2025-11-21,0,0.0,2,0.0,0,0.025315476190476187,0
Haryana,Karnal,2025-11-22,1,2.4,2,0.0,0,0.12831559190285602,0
Haryana,Karnal,2025-11-23,0,0.0,2,0.0,0,0.035133820346320344,0
Haryana,Kurukshetra,2025-10-15,2,4.220000000000001,2,1.0,0,0.16880438311688317,0
Haryana,Kurukshetra,2025-10-16,2,1.68,2,1.0,0,0.2446220238095238,0
Haryana,Kurukshetra,2025-10-17,1,3.6,2,3.0,1,0.21541964285714282,0
Haryana,Kurukshetra,2025-10-18,1,2.98,2,3.0,1,0.2658809523809523,0
Haryana,Kurukshetra,2025-10-19,3,7.859999999999999,2,4.0,1,0.358484126984127,0
Haryana,Kurukshetra,2025-10-20,3,7.65,2,2.0,0,0.38863152841781884,1
Haryana,Kurukshetra,2025-10-21,4,27.3,2,1.0,0,0.6828591269841269,1
Haryana,Kurukshetra,2025-10-22,2,3.28,2,0.0,0,0.5312400793650793,1
Haryana,Kurukshetra,2025-10-23,1,3.28,2,4.0,1,0.4355948220686124,1
Haryana,Kurukshetra,2025-10-24,0,0.0,2,5.0,1,0.36354409132534143,0
Haryana,Kurukshetra,2025-10-25,4,24.44,2,5.0,1,0.5576746031746032,1
Haryana,Kurukshetra,2025-10-26,5,11.87,2,0.0,0,0.5475892857142857,1
Haryana,Kurukshetra,2025-10-27,5,17.99,2,0.0,0,0.7108339093701995,1
Haryana,Kurukshetra,2025-10-28,0,0.0,2,0.0,0,0.3929633998248129,1
Haryana,Kurukshetra,2025-10-29,0,0.0,2,1.0,0,0.4709327412783298,1
Haryana,Kurukshetra,2025-10-30,0,0.0,2,3.0,1,0.4266566511792804,1
Haryana,Kurukshetra,2025-10-31,1,1.69,2,1.0,0,0.26469564240790644,0
Haryana,Kurukshetra,2025-11-01,3,14.97,2,0.0,0,0.5004424603174604,1
Haryana,Kurukshetra,2025-11-02,1,2.76,2,0.0,0,0.4201458333333333,1
Haryana,Kurukshetra,2025-11-03,0,0.0,2,0.0,0,0.3077275315264447,0
Haryana,Kurukshetra,2025-11-04,0,0.0,2,0.0,0,0.2011294642857143,0
Haryana,Kurukshetra,2025-11-05,0,0.0,2,0.0,0,0.05084833320760095,0
Haryana,Kurukshetra,2025-11-06,0,0.0,2,0.0,0,0.14233054993252367,0
Haryana,Kurukshetra,2025-11-07,0,0.0,2,3.0,1,0.012423611111111113,0
Haryana,Kurukshetra,2025-11-08,0,0.0,2,0.0,0,0.13353138528138525,0
Haryana,Kurukshetra,2025-11-09,3,2.71,2,0.0,0,0.15223214285714284,0
Haryana,Kurukshetra,2025-11-10,0,0.0,2,0.0,0,0.04681289054083172,0
Haryana,Kurukshetra,2025-11-11,0,0.0,2,0.0,0,0.025067384004884,0
Haryana,Kurukshetra,2025-11-12,0,0.0,2,0.0,0,0.04197512210012211,0
Haryana,Kurukshetra,2025-11-13,0,0.0,2,0.0,0,0.021939005305087526,0
Haryana,Kurukshetra,2025-11-14,0,0.0,2,0.0,0,0.013333333333333332,0
Haryana,Kurukshetra,2025-11-15,0,0.0,2,0.0,0,0.028779761904761905,0
Haryana,Kurukshetra,2025-11-16,0,0.0,2,7.0,1,0.030652777777777772,0
Haryana,Kurukshetra,2025-11-17,0,0.0,2,0.0,0,0.008002136618218835,0
Haryana,Kurukshetra,2025-11-18,7,10.6,2,0.0,0,0.12051984126984129,0
Haryana,Kurukshetra,2025-11-19,0,0.0,2,0.0,0,0.15541614145658264,0
Haryana,Kurukshetra,2025-11-20,0,0.0,2,0.0,0,0.2206719696969697,0
Haryana,Kurukshetra,2025-11-21,0,0.0,2,1.0,0,0.210272619047619,0
Haryana,Kurukshetra,2025-11-22,0,0.0,2,0.0,0,0.009506661552349034,0
Haryana,Kurukshetra,2025-11-23,1,5.1,2,0.0,0,0.25851409478885895,0
Haryana,Mahendragarh,2025-10-15,0,0.0,2,0.0,0,0.0639486108649415,0
Haryana,Mahendragarh,2025-10-16,0,0.0,2,0.0,0,0.0015320742745654383,0
Haryana,Mahendragarh,2025-10-17,0,0.0,2,0.0,0,0.047853758202983585,0
Haryana,Mahendragarh,2025-10-18,0,0.0,2,0.0,0,0.006219574274565437,0
Haryana,Mahendragarh,2025-10-19,0,0.0,2,0.0,0,0.032965549475436624,0
Haryana,Mahendragarh,2025-10-20,0,0.0,2,0.0,0,0.0056482358907270535,0
Haryana,Mahendragarh,2025-10-21,0,0.0,2,0.0,0,0.04547150688232282,0
Haryana,Mahendragarh,2025-10-22,0,0.0,2,0.0,0,0.03781630046504163,0
Haryana,Mahendragarh,2025-10-23,0,0.0,2,0.0,0,0.04459201418970177,0
Haryana,Mahendragarh,2025-10-24,0,0.0,2,0.0,0,0.007086981722169297,0
Haryana,Mahendragarh,2025-10-25,0,0.0,2,0.0,0,0.0009675273415646821,0
Haryana,Mahendragarh,2025-10-26,0,0.0,2,0.0,0,0.018235384484421826,0
Haryana,Mahendragarh,2025-10-27,0,0.0,2,0.0,0,0.06828821301719855,0
Haryana,Mahendragarh,2025-10-28,0,0.0,2,0.0,0,0.095982213461199,0
Haryana,Mahendragarh,2025-10-29,0,0.0,2,0.0,0,0.07238832124230679,0
Haryana,Mahendragarh,2025-10-30,0,0.0,2,2.0,0,0.0867536711701567,0
Haryana,Mahendragarh,2025-10-31,0,0.0,2,0.0,0,0.03832103078187116,0
Haryana,Mahendragarh,2025-11-01,2,5.1,2,0.0,0,0.09132787464405627,0
Haryana,Mahendragarh,2025-11-02,0,0.0,2,0.0,0,0.05887151247445366,0
Haryana,Mahendragarh,2025-11-03,0,0.0,2,0.0,0,0.006762820512820512,0
Haryana,Mahendragarh,2025-11-04,0,0.0,2,0.0,0,0.017768771727706363,0
Haryana,Mahendragarh,2025-11-05,0,0.0,2,0.0,0,0.021275876339058412,0
Haryana,Mahendragarh,2025-11-06,0,0.0,2,0.0,0,0.009643849206349206,0
Haryana,Mahendragarh,2025-11-07,0,0.0,2,0.0,0,0.024067319910107247,0
Haryana,Mahendragarh,2025-11-08,0,0.0,2,0.0,0,0.006631944444444444,0
Haryana,Mahendragarh,2025-11-09,0,0.0,2,0.0,0,0.055091129433916766,0
Haryana,Mahendragarh,2025-11-10,0,0.0,2,0.0,0,0.047438977740608845,0
Haryana,Mahendragarh,2025-11-11,0,0.0,2,0.0,0,0.029862065394507913,0
Haryana,Mahendragarh,2025-11-12,0,0.0,2,1.0,0,0.05595222645893366,0
Haryana,Mahendragarh,2025-11-13,0,0.0,2,2.0,0,0.004657335585917805,0
Haryana,Mahendragarh,2025-11-14,1,3.35,2,1.0,0,0.1032152187326351,0
Haryana,Mahendragarh,2025-11-15,2,8.9,2,0.0,0,0.10218553917306426,0
Haryana,Mahendragarh,2025-11-16,1,2.3,2,0.0,0,0.17336230907457323,0
Haryana,Mahendragarh,2025-11-17,0,0.0,2,0.0,0,0.15540934065934064,0
Haryana,Mahendragarh,2025-11-18,0,0.0,2,1.0,0,0.0725892857142857,0
Haryana,Mahendragarh,2025-11-19,0,0.0,2,0.0,0,0.00369047619047619,0
Haryana,Mahendragarh,2025-11-20,1,0.61,2,0.0,0,0.06001190476190477,0
Haryana,Mahendragarh,2025-11-21,0,0.0,2,0.0,0,0.02844949494949495,0
Haryana,Mahendragarh,2025-11-22,0,0.0,2,0.0,0,0.019228070175438598,0
Haryana,Mahendragarh,2025-11-23,0,0.0,2,0.0,0,0.018055627705627703,0
Haryana,Nuh,2025-10-15,0,0.0,2,0.0,0,0.048484010270774994,0
Haryana,Nuh,2025-10-16,0,0.0,2,0.0,0,0.004751488095238096,0
Haryana,Nuh,2025-10-17,0,0.0,2,1.0,0,0.023057115800865797,0
Haryana,Nuh,2025-10-18,0,0.0,2,1.0,0,0.00985739478738595,0
Haryana,Nuh,2025-10-19,1,5.29,2,0.0,0,0.13147619047619047,0
Haryana,Nuh,2025-10-20,1,3.84,2,0.0,0,0.12512557603686636,0
Haryana,Nuh,2025-10-21,0,0.0,2,0.0,0,0.23701981474407938,0
Haryana,Nuh,2025-10-22,0,0.0,2,0.0,0,0.11831079227145405,0
Haryana,Nuh,2025-10-23,0,0.0,2,0.0,0,0.041060091991341995,0
Haryana,Nuh,2025-10-24,0,0.0,2,0.0,0,0.02539938186813187,0
Haryana,Nuh,2025-10-25,0,0.0,2,0.0,0,0.010441048534798533,0
Haryana,Nuh,2025-10-26,0,0.0,2,0.0,0,0.036701465201465194,0
Haryana,Nuh,2025-10-27,0,0.0,2,0.0,0,0.07602076633238974,0
Haryana,Nuh,2025-10-28,0,0.0,2,0.0,0,0.09384814153092699,0
Haryana,Nuh,2025-10-29,0,0.0,2,0.0,0,0.09937137985036541,0
Haryana,Nuh,2025-10-30,0,0.0,2,0.0,0,0.08855409990808544,0
Haryana,Nuh,2025-10-31,0,0.0,2,0.0,0,0.0907225703265559,0
Haryana,Nuh,2025-11-01,0,0.0,2,0.0,0,0.008291673042355117,0
Haryana,Nuh,2025-11-02,0,0.0,2,0.0,0,0.023557219479421444,0
Haryana,Nuh,2025-11-03,0,0.0,2,0.0,0,0.026807219479421444,0
Haryana,Nuh,2025-11-04,0,0.0,2,0.0,0,0.04727671461133132,0
Haryana,Nuh,2025-11-05,0,0.0,2,0.0,0,0.014958339709021783,0
Haryana,Nuh,2025-11-06,0,0.0,2,0.0,0,0.02017537851816586,0
Haryana,Nuh,2025-11-07,0,0.0,2,0.0,0,0.020194317912105252,0
Haryana,Nuh,2025-11-08,0,0.0,2,0.0,0,0.03165265124543858,0
Haryana,Nuh,2025-11-09,0,0.0,2,2.0,0,0.05418529915308648,0
Haryana,Nuh,2025-11-10,0,0.0,2,0.0,0,0.025868933526376044,0
Haryana,Nuh,2025-11-11,2,6.26,2,0.0,0,0.08121994562339138,0
Haryana,Nuh,2025-11-12,0,0.0,2,0.0,0,0.05447964739508857,0
Haryana,Nuh,2025-11-13,0,0.0,2,0.0,0,0.01004166666666667,0
Haryana,Nuh,2025-11-14,0,0.0,2,0.0,0,0.024972943722943723,0
Haryana,Nuh,2025-11-15,0,0.0,2,0.0,0,0.0011076560987383175,0
Haryana,Nuh,2025-11-16,0,0.0,2,0.0,0,0.011111111111111112,0
Haryana,Nuh,2025-11-17,0,0.0,2,0.0,0,0.00424528236136458,0
Haryana,Nuh,2025-11-18,0,0.0,2,0.0,0,0.010249999999999999,0
Haryana,Nuh,2025-11-19,0,0.0,2,0.0,0,0.0006846763007585196,0
Haryana,Nuh,2025-11-20,0,0.0,2,0.0,0,0.006184676300758518,0
Haryana,Nuh,2025-11-21,0,0.0,2,0.0,0,0.022543002403782403,0
Haryana,Nuh,2025-11-22,0,0.0,2,0.0,0,0.0006846763007585196,0
Haryana,Nuh,2025-11-23,0,0.0,2,0.0,0,0.003325384496071978,0
Haryana,Palwal,2025-10-15,0,0.0,2,0.0,0,0.016786469780219776,0
Haryana,Palwal,2025-10-16,1,4.47,2,1.0,0,0.11864037464405634,0
Haryana,Palwal,2025-10-17,0,0.0,2,0.0,0,0.12289133713508717,0
Haryana,Palwal,2025-10-18,1,5.34,2,4.0,1,0.15152240143369175,0
Haryana,Palwal,2025-10-19,0,0.0,2,1.0,0,0.1871588840081487,0
Haryana,Palwal,2025-10-20,4,13.01,2,5.0,1,0.3476517857142856,0
Haryana,Palwal,2025-10-21,1,3.63,2,0.0,0,0.4515833333333334,1
Haryana,Palwal,2025-10-22,5,14.67,2,2.0,0,0.5670297619047621,1
Haryana,Palwal,2025-10-23,0,0.0,2,0.0,0,0.4027639235764235,1
Haryana,Palwal,2025-10-24,2,3.73,2,3.0,1,0.34768253968253965,0
Haryana,Palwal,2025-10-25,0,0.0,2,0.0,0,0.49835794413919415,1
Haryana,Palwal,2025-10-26,3,6.22,2,0.0,0,0.15337797619047622,0
Haryana,Palwal,2025-10-27,0,0.0,2,0.0,0,0.40386335403726714,1
Haryana,Palwal,2025-10-28,0,0.0,2,0.0,0,0.07877310547875062,0
Haryana,Palwal,2025-10-29,0,0.0,2,0.0,0,0.3541131009301591,0
Haryana,Palwal,2025-10-30,0,0.0,2,2.0,0,0.09114449101477652,0
Haryana,Palwal,2025-10-31,0,0.0,2,6.0,1,0.10452814210878728,0
Haryana,Palwal,2025-11-01,2,4.73,2,6.0,1,0.1123580525754439,0
Haryana,Palwal,2025-11-02,6,27.17,2,0.0,0,0.34862557603686645,0
Haryana,Palwal,2025-11-03,6,38.2,2,2.0,0,0.6957490842490841,1
Haryana,Palwal,2025-11-04,0,0.0,2,2.0,0,0.41834705613014445,1
Haryana,Palwal,2025-11-05,2,5.569999999999999,2,1.0,0,0.5253570186138973,1
Haryana,Palwal,2025-11-06,2,9.58,2,0.0,0,0.5315243855606758,1
Haryana,Palwal,2025-11-07,1,4.13,2,0.0,0,0.3663587872700775,0
Haryana,Palwal,2025-11-08,0,0.0,2,5.0,1,0.29391477272727273,0
Haryana,Palwal,2025-11-09,0,0.0,2,1.0,0,0.18481735836627144,0
Haryana,Palwal,2025-11-10,5,21.46,2,0.0,0,0.35906009984639004,0
Haryana,Palwal,2025-11-11,1,3.68,2,0.0,0,0.28212387412242856,0
Haryana,Palwal,2025-11-12,0,0.0,2,2.0,0,0.29692330586080584,0
Haryana,Palwal,2025-11-13,0,0.0,2,0.0,0,0.19988177447552452,0
Haryana,Palwal,2025-11-14,2,5.72,2,0.0,0,0.12447464567588044,0
Haryana,Palwal,2025-11-15,0,0.0,2,0.0,0,0.11368282265979636,0
Haryana,Palwal,2025-11-16,0,0.0,2,0.0,0,0.0451082251082251,0
Haryana,Palwal,2025-11-17,0,0.0,2,0.0,0,0.13318207698099,0
Haryana,Palwal,2025-11-18,0,0.0,2,1.0,0,0.006083333333333333,0
Haryana,Palwal,2025-11-19,0,0.0,2,0.0,0,0.010958333333333332,0
Haryana,Palwal,2025-11-20,1,3.08,2,0.0,0,0.17779269209734758,0
Haryana,Palwal,2025-11-21,0,0.0,2,0.0,0,0.058789772727272746,0
Haryana,Palwal,2025-11-22,0,0.0,2,0.0,0,0.013559092477570738,0
Haryana,Palwal,2025-11-23,0,0.0,2,0.0,0,0.00045714285714285713,0
Haryana,Panchkula,2025-10-15,0,0.0,2,0.0,0,0.1085938309226616,0
Haryana,Panchkula,2025-10-16,0,0.0,2,0.0,0,0.06413087304720368,0
Haryana,Panchkula,2025-10-17,0,0.0,2,0.0,0,0.05756314441146034,0
Haryana,Panchkula,2025-10-18,0,0.0,2,2.0,0,0.0987115342161002,0
Haryana,Panchkula,2025-10-19,0,0.0,2,1.0,0,0.06699103943310539,0
Haryana,Panchkula,2025-10-20,2,9.82,2,0.0,0,0.14870635704874835,0
Haryana,Panchkula,2025-10-21,1,0.5,2,0.0,0,0.3308545572074983,0
Haryana,Panchkula,2025-10-22,0,0.0,2,0.0,0,0.21101200882450877,0
Haryana,Panchkula,2025-10-23,0,0.0,2,0.0,0,0.0981180716213611,0
Haryana,Panchkula,2025-10-24,0,0.0,2,0.0,0,0.07845954553723018,0
Haryana,Panchkula,2025-10-25,0,0.0,2,0.0,0,0.10413375392723219,0
Haryana,Panchkula,2025-10-26,0,0.0,2,1.0,0,0.058536614955093214,0
Haryana,Panchkula,2025-10-27,0,0.0,2,0.0,0,0.13249507626717297,0
Haryana,Panchkula,2025-10-28,1,3.76,2,0.0,0,0.1651092357589999,0
Haryana,Panchkula,2025-10-29,0,0.0,2,2.0,0,0.06420889406487232,0
Haryana,Panchkula,2025-10-30,0,0.0,2,0.0,0,0.043854727398205645,0
Haryana,Panchkula,2025-10-31,2,6.43,2,0.0,0,0.17994275640502055,0
Haryana,Panchkula,2025-11-01,0,0.0,2,0.0,0,0.08783329254221199,0
Haryana,Panchkula,2025-11-02,0,0.0,2,0.0,0,0.05638782051282051,0
Haryana,Panchkula,2025-11-03,0,0.0,2,0.0,0,0.09897023809523807,0
Haryana,Panchkula,2025-11-04,0,0.0,2,0.0,0,0.018317943570356463,0
Haryana,Panchkula,2025-11-05,0,0.0,2,0.0,0,0.025850681665594562,0
Haryana,Panchkula,2025-11-06,0,0.0,2,0.0,0,0.03771002136000647,0
Haryana,Panchkula,2025-11-07,0,0.0,2,0.0,0,0.0134375,0
Haryana,Panchkula,2025-11-08,0,0.0,2,0.0,0,0.027180248648035987,0
Haryana,Panchkula,2025-11-09,0,0.0,2,0.0,0,0.052509613727401074,0
Haryana,Panchkula,2025-11-10,0,0.0,2,0.0,0,0.026554359211801725,0
Haryana,Panchkula,2025-11-11,0,0.0,2,0.0,0,0.014482501434308664,0
Haryana,Panchkula,2025-11-12,0,0.0,2,0.0,0,0.06266742792413514,0
Haryana,Panchkula,2025-11-13,0,0.0,2,0.0,0,0.013439005305087523,0
Haryana,Panchkula,2025-11-14,0,0.0,2,0.0,0,0.006071787148594377,0
Haryana,Panchkula,2025-11-15,0,0.0,2,0.0,0,0.01010567197175419,0
Haryana,Panchkula,2025-11-16,0,0.0,2,0.0,0,0.01185567197175419,0
Haryana,Panchkula,2025-11-17,0,0.0,2,0.0,0,0.0010021366182188368,0
Haryana,Panchkula,2025-11-18,0,0.0,2,0.0,0,0.002363247729329948,0
Haryana,Panchkula,2025-11-19,0,0.0,2,0.0,0,0.0008632477293299481,0
Haryana,Panchkula,2025-11-20,0,0.0,2,0.0,0,0.003506661552349034,0
Haryana,Panchkula,2025-11-21,0,0.0,2,0.0,0,0.002017093883176102,0
Haryana,Panchkula,2025-11-22,0,0.0,2,0.0,0,0.0027382477293299485,0
Haryana,Panchkula,2025-11-23,0,0.0,2,0.0,0,0.0027382477293299485,0
Haryana,Panipat,2025-10-15,1,1.45,2,0.0,0,0.17289285714285715,0
Haryana,Panipat,2025-10-16,2,8.879999999999999,2,2.0,0,0.23065674603174602,0
Haryana,Panipat,2025-10-17,0,0.0,2,4.0,1,0.25508928571428574,0
Haryana,Panipat,2025-10-18,2,2.96,2,0.0,0,0.32596428571428576,0
Haryana,Panipat,2025-10-19,4,7.12,2,0.0,0,0.26679365079365086,0
Haryana,Panipat,2025-10-20,0,0.0,2,3.0,1,0.2575826465201465,0
Haryana,Panipat,2025-10-21,0,0.0,2,0.0,0,0.2914285714285715,0
Haryana,Panipat,2025-10-22,3,3.89,2,0.0,0,0.27556475468975467,0
Haryana,Panipat,2025-10-23,0,0.0,2,0.0,0,0.3342707166199814,0
Haryana,Panipat,2025-10-24,0,0.0,2,1.0,0,0.15934318609022552,0
Haryana,Panipat,2025-10-25,0,0.0,2,0.0,0,0.14093715243090243,0
Haryana,Panipat,2025-10-26,1,3.35,2,0.0,0,0.17153896103896102,0
Haryana,Panipat,2025-10-27,0,0.0,2,0.0,0,0.21731043238667072,0
Haryana,Panipat,2025-10-28,0,0.0,2,0.0,0,0.07180466634814461,0
Haryana,Panipat,2025-10-29,0,0.0,2,0.0,0,0.17665086996336996,0
Haryana,Panipat,2025-10-30,0,0.0,2,0.0,0,0.12584279609279614,0
Haryana,Panipat,2025-10-31,0,0.0,2,1.0,0,0.07167099446447271,0
Haryana,Panipat,2025-11-01,0,0.0,2,0.0,0,0.07971276302054851,0
Haryana,Panipat,2025-11-02,1,2.87,2,0.0,0,0.19108907558763008,0
Haryana,Panipat,2025-11-03,0,0.0,2,0.0,0,0.07068444749694752,0
Haryana,Panipat,2025-11-04,0,0.0,2,2.0,0,0.055474613289526194,0
Haryana,Panipat,2025-11-05,0,0.0,2,4.0,1,0.07711463755542704,0
Haryana,Panipat,2025-11-06,2,4.41,2,0.0,0,0.1513146978693533,0
Haryana,Panipat,2025-11-07,4,8.63,2,6.0,1,0.21292679320155736,0
Haryana,Panipat,2025-11-08,0,0.0,2,0.0,0,0.13897619047619048,0
Haryana,Panipat,2025-11-09,6,16.25,2,1.0,0,0.3952996031746034,1
Haryana,Panipat,2025-11-10,0,0.0,2,2.0,0,0.3372382066462948,0
Haryana,Panipat,2025-11-11,1,2.43,2,2.0,0,0.30983254716981123,0
Haryana,Panipat,2025-11-12,2,6.6,2,0.0,0,0.4853472222222221,1
Haryana,Panipat,2025-11-13,2,11.62,2,0.0,0,0.3132204715219421,0
Haryana,Panipat,2025-11-14,0,0.0,2,2.0,0,0.26649810606060603,0
Haryana,Panipat,2025-11-15,0,0.0,2,0.0,0,0.1872893564768565,0
Haryana,Panipat,2025-11-16,2,4.29,2,2.0,0,0.3526220238095238,0
Haryana,Panipat,2025-11-17,0,0.0,2,1.0,0,0.08228924751718868,0
Haryana,Panipat,2025-11-18,2,5.7,2,5.0,1,0.3090266863639506,0
Haryana,Panipat,2025-11-19,1,5.3,2,0.0,0,0.31828492812219217,0
Haryana,Panipat,2025-11-20,5,9.45,2,3.0,1,0.3402690551063193,0
Haryana,Panipat,2025-11-21,0,0.0,2,0.0,0,0.26838095238095233,0
Haryana,Panipat,2025-11-22,3,8.56,2,1.0,0,0.4280349281221921,1
Haryana,Panipat,2025-11-23,0,0.0,2,2.0,0,0.27486607142857133,0
Haryana,Rewari,2025-10-15,0,0.0,2,0.0,0,0.013085950953442114,0
Haryana,Rewari,2025-10-16,0,0.0,2,0.0,0,0.020085889804639802,0
Haryana,Rewari,2025-10-17,0,0.0,2,0.0,0,0.030189613957105125,0
Haryana,Rewari,2025-10-18,0,0.0,2,0.0,0,0.02771109405300581,0
Haryana,Rewari,2025-10-19,0,0.0,2,0.0,0,0.14265918460492708,0
Haryana,Rewari,2025-10-20,0,0.0,2,1.0,0,0.03679493345574939,0
Haryana,Rewari,2025-10-21,0,0.0,2,0.0,0,0.10306792435374032,0
Haryana,Rewari,2025-10-22,1,2.17,2,0.0,0,0.1097280020703934,0
Haryana,Rewari,2025-10-23,0,0.0,2,0.0,0,0.07926823107448105,0
Haryana,Rewari,2025-10-24,0,0.0,2,0.0,0,0.01797973901098901,0
Haryana,Rewari,2025-10-25,0,0.0,2,0.0,0,0.07337286671661672,0
Haryana,Rewari,2025-10-26,0,0.0,2,0.0,0,0.023628165314702656,0
Haryana,Rewari,2025-10-27,0,0.0,2,0.0,0,0.07531964106876447,0
Haryana,Rewari,2025-10-28,0,0.0,2,0.0,0,0.07993442791341343,0
Haryana,Rewari,2025-10-29,0,0.0,2,0.0,0,0.05616884741797084,0
Haryana,Rewari,2025-10-30,0,0.0,2,0.0,0,0.0938545147710003,0
Haryana,Rewari,2025-10-31,0,0.0,2,0.0,0,0.09756086397734952,0
Haryana,Rewari,2025-11-01,0,0.0,2,0.0,0,0.015609133359815439,0
Haryana,Rewari,2025-11-02,0,0.0,2,0.0,0,0.019136911137593214,0
Haryana,Rewari,2025-11-03,0,0.0,2,0.0,0,0.024364183864865944,0
Haryana,Rewari,2025-11-04,0,0.0,2,2.0,0,0.06534417492879165,0
Haryana,Rewari,2025-11-05,0,0.0,2,0.0,0,0.022397497257199226,0
Haryana,Rewari,2025-11-06,2,1.1800000000000002,2,0.0,0,0.09728294499618029,0
Haryana,Rewari,2025-11-07,0,0.0,2,0.0,0,0.02420690624734742,0
Haryana,Rewari,2025-11-08,0,0.0,2,0.0,0,0.015435515873015872,0
Haryana,Rewari,2025-11-09,0,0.0,2,0.0,0,0.03908432539682539,0
Haryana,Rewari,2025-11-10,0,0.0,2,0.0,0,0.0526774652724078,0
Haryana,Rewari,2025-11-11,0,0.0,2,0.0,0,0.01744940476190476,0
Haryana,Rewari,2025-11-12,0,0.0,2,0.0,0,0.08404937236857958,0
Haryana,Rewari,2025-11-13,0,0.0,2,0.0,0,0.011000000000000001,0
Haryana,Rewari,2025-11-14,0,0.0,2,0.0,0,0.013570949749531968,0
Haryana,Rewari,2025-11-15,0,0.0,2,0.0,0,0.013570949749531968,0
Haryana,Rewari,2025-11-16,0,0.0,2,0.0,0,0.022687111365693582,0
Haryana,Rewari,2025-11-17,0,0.0,2,0.0,0,0.015041909345491562,0
Haryana,Rewari,2025-11-18,0,0.0,2,0.0,0,0.01209746490104712,0
Haryana,Rewari,2025-11-19,0,0.0,2,0.0,0,0.0074535255071077255,0
Haryana,Rewari,2025-11-20,0,0.0,2,0.0,0,0.005655120481927711,0
Haryana,Rewari,2025-11-21,0,0.0,2,0.0,0,0.02572851827679827,0
Haryana,Rewari,2025-11-22,0,0.0,2,0.0,0,0.006203525507107725,0
Haryana,Rewari,2025-11-23,0,0.0,2,0.0,0,0.02027280513099261,0
Haryana,Rohtak,2025-10-15,0,0.0,2,0.0,0,0.025632873376623375,0
Haryana,Rohtak,2025-10-16,0,0.0,2,0.0,0,0.023560529054279057,0
Haryana,Rohtak,2025-10-17,0,0.0,2,0.0,0,0.02314386238761239,0
Haryana,Rohtak,2025-10-18,0,0.0,2,0.0,0,0.06514485445110446,0
Haryana,Rohtak,2025-10-19,0,0.0,2,0.0,0,0.06464485445110447,0
Haryana,Rohtak,2025-10-20,0,0.0,2,1.0,0,0.06145351445808041,0
Haryana,Rohtak,2025-10-21,0,0.0,2,0.0,0,0.14052944547151142,0
Haryana,Rohtak,2025-10-22,1,1.71,2,0.0,0,0.15774071852060984,0
Haryana,Rohtak,2025-10-23,0,0.0,2,0.0,0,0.09049100829725827,0
Haryana,Rohtak,2025-10-24,0,0.0,2,0.0,0,0.04997513528138528,0
Haryana,Rohtak,2025-10-25,0,0.0,2,0.0,0,0.03126352813852813,0
Haryana,Rohtak,2025-10-26,0,0.0,2,0.0,0,0.02466300952271149,0
Haryana,Rohtak,2025-10-27,0,0.0,2,0.0,0,0.030507574591509226,0
Haryana,Rohtak,2025-10-28,0,0.0,2,0.0,0,0.08248787088621125,0
Haryana,Rohtak,2025-10-29,0,0.0,2,1.0,0,0.060718061286539546,0
Haryana,Rohtak,2025-10-30,0,0.0,2,0.0,0,0.1234703017617873,0
Haryana,Rohtak,2025-10-31,1,3.1,2,2.0,0,0.1804331719005632,0
Haryana,Rohtak,2025-11-01,0,0.0,2,3.0,1,0.041951512557490814,0
Haryana,Rohtak,2025-11-02,2,34.44,2,1.0,0,0.1565303379416283,0
Haryana,Rohtak,2025-11-03,3,9.02,2,5.0,1,0.4273182422542968,1
Haryana,Rohtak,2025-11-04,1,3.79,2,5.0,1,0.3669084400269542,1
Haryana,Rohtak,2025-11-05,5,8.76,2,5.0,1,0.4545508011380653,1
Haryana,Rohtak,2025-11-06,5,21.52,2,6.0,1,0.5787261904761906,1
Haryana,Rohtak,2025-11-07,5,31.38,2,4.0,1,0.5663800366300366,1
Haryana,Rohtak,2025-11-08,6,25.07,2,5.0,1,0.5633794955044955,1
Haryana,Rohtak,2025-11-09,4,16.03,2,12.0,1,0.5317380952380955,1
Haryana,Rohtak,2025-11-10,5,16.18,2,6.0,1,0.4203735119047618,1
Haryana,Rohtak,2025-11-11,12,46.3,2,10.0,1,0.742923611111111,1
Haryana,Rohtak,2025-11-12,6,14.11,2,4.0,1,0.5538883928571428,1
Haryana,Rohtak,2025-11-13,10,37.13,2,6.0,1,0.6919553571428572,1
Haryana,Rohtak,2025-11-14,4,18.22,2,23.0,1,0.6412678571428573,1
Haryana,Rohtak,2025-11-15,6,16.89,2,6.0,1,0.46667708333333335,1
Haryana,Rohtak,2025-11-16,23,79.53999999999999,2,1.0,0,0.8149523809523808,1
Haryana,Rohtak,2025-11-17,6,12.26,2,2.0,0,0.5547592787114844,1
Haryana,Rohtak,2025-11-18,1,3.2,2,3.0,1,0.49154307432432454,1
Haryana,Rohtak,2025-11-19,2,5.550000000000001,2,5.0,1,0.44305803571428576,1
Haryana,Rohtak,2025-11-20,3,9.87,2,9.0,1,0.40223214285714287,1
Haryana,Rohtak,2025-11-21,5,7.93,2,7.0,1,0.4557499999999999,1
Haryana,Rohtak,2025-11-22,9,27.74,2,2.0,0,0.48993749999999975,1
Haryana,Rohtak,2025-11-23,7,12.76,2,3.0,1,0.35142261904761896,0
Haryana,Sirsa,2025-10-15,3,2.92,2,8.0,1,0.2683353174603174,0
Haryana,Sirsa,2025-10-16,2,4.93,2,0.0,0,0.33952380952380956,0
Haryana,Sirsa,2025-10-17,8,24.57,2,1.0,0,0.583154761904762,1
Haryana,Sirsa,2025-10-18,0,0.0,2,0.0,0,0.3618971306471307,0
Haryana,Sirsa,2025-10-19,1,4.81,2,2.0,0,0.45540732206861245,1
Haryana,Sirsa,2025-10-20,0,0.0,2,14.0,1,0.4281675685425686,1
Haryana,Sirsa,2025-10-21,2,4.77,2,1.0,0,0.27981060606060604,0
Haryana,Sirsa,2025-10-22,14,61.32,2,2.0,0,0.6428809523809526,1
Haryana,Sirsa,2025-10-23,1,2.2,2,3.0,1,0.5088809523809522,1
Haryana,Sirsa,2025-10-24,2,4.15,2,17.0,1,0.5390868437118439,1
Haryana,Sirsa,2025-10-25,3,5.359999999999999,2,6.0,1,0.5808452380952381,1
Haryana,Sirsa,2025-10-26,17,62.18,2,0.0,0,0.6342460317460317,1
Haryana,Sirsa,2025-10-27,6,6.94,2,2.0,0,0.6038809523809525,1
Haryana,Sirsa,2025-10-28,0,0.0,2,5.0,1,0.4355861638361638,1
Haryana,Sirsa,2025-10-29,2,9.95,2,4.0,1,0.7008958333333334,1
Haryana,Sirsa,2025-10-30,5,16.400000000000002,2,10.0,1,0.6864226190476193,1
Haryana,Sirsa,2025-10-31,4,10.83,2,9.0,1,0.4859583333333336,1
Haryana,Sirsa,2025-11-01,10,24.6,2,8.0,1,0.5426428571428571,1
Haryana,Sirsa,2025-11-02,9,18.49,2,7.0,1,0.5931289682539682,1
Haryana,Sirsa,2025-11-03,8,35.480000000000004,2,7.0,1,0.6710887445887447,1
Haryana,Sirsa,2025-11-04,7,19.47,2,5.0,1,0.6239226190476191,1
Haryana,Sirsa,2025-11-05,7,8.85,2,4.0,1,0.46437500000000015,1
Haryana,Sirsa,2025-11-06,5,8.040000000000001,2,4.0,1,0.4034851190476192,1
Haryana,Sirsa,2025-11-07,4,14.38,2,9.0,1,0.48004166666666664,1
Haryana,Sirsa,2025-11-08,4,10.9,2,8.0,1,0.2823988095238095,0
Haryana,Sirsa,2025-11-09,9,18.64,2,5.0,1,0.4724940476190478,1
Haryana,Sirsa,2025-11-10,8,15.43,2,4.0,1,0.4402430555555555,1
Haryana,Sirsa,2025-11-11,5,15.95,2,4.0,1,0.43847916666666664,1
Haryana,Sirsa,2025-11-12,4,5.46,2,7.0,1,0.41285714285714287,1
Haryana,Sirsa,2025-11-13,4,15.64,2,5.0,1,0.4813268398268399,1
Haryana,Sirsa,2025-11-14,7,33.77,2,7.0,1,0.6080416666666665,1
Haryana,Sirsa,2025-11-15,5,19.81,2,8.0,1,0.531281934364655,1
Haryana,Sirsa,2025-11-16,7,13.23,2,7.0,1,0.39091666666666675,1
Haryana,Sirsa,2025-11-17,8,17.540000000000003,2,12.0,1,0.4884166666666665,1
Haryana,Sirsa,2025-11-18,7,16.15,2,3.0,1,0.4562113095238093,1
Haryana,Sirsa,2025-11-19,12,27.95,2,2.0,0,0.538362103174603,1
Haryana,Sirsa,2025-11-20,3,11.03,2,1.0,0,0.39068898809523817,1
Haryana,Sirsa,2025-11-21,2,5.75,2,1.0,0,0.28852083333333334,0
Haryana,Sirsa,2025-11-22,1,2.12,2,0.0,0,0.29291666666666666,0
Haryana,Sirsa,2025-11-23,1,0.68,2,0.0,0,0.18864419819311123,0
Haryana,Sonipat,2025-10-15,1,1.64,2,0.0,0,0.2184166666666665,0
Haryana,Sonipat,2025-10-16,0,0.0,2,0.0,0,0.08750840062715065,0
Haryana,Sonipat,2025-10-17,0,0.0,2,0.0,0,0.042131249999999995,0
Haryana,Sonipat,2025-10-18,0,0.0,2,0.0,0,0.07294353452919629,0
Haryana,Sonipat,2025-10-19,0,0.0,2,0.0,0,0.11986962579903757,0
Haryana,Sonipat,2025-10-20,0,0.0,2,0.0,0,0.06058859543234543,0
Haryana,Sonipat,2025-10-21,0,0.0,2,0.0,0,0.15123169114250706,0
Haryana,Sonipat,2025-10-22,0,0.0,2,0.0,0,0.14105633214824392,0
Haryana,Sonipat,2025-10-23,0,0.0,2,0.0,0,0.06567327524383247,0
Haryana,Sonipat,2025-10-24,0,0.0,2,1.0,0,0.06170869040564268,0
Haryana,Sonipat,2025-10-25,0,0.0,2,0.0,0,0.03491138614608811,0
Haryana,Sonipat,2025-10-26,1,0.67,2,0.0,0,0.27414484126984134,0
Haryana,Sonipat,2025-10-27,0,0.0,2,0.0,0,0.06061599394992859,0
Haryana,Sonipat,2025-10-28,0,0.0,2,0.0,0,0.07277364181712008,0
Haryana,Sonipat,2025-10-29,0,0.0,2,1.0,0,0.061497115565593834,0
Haryana,Sonipat,2025-10-30,0,0.0,2,2.0,0,0.13159901802101825,0
Haryana,Sonipat,2025-10-31,1,2.27,2,3.0,1,0.14058269508269514,0
Haryana,Sonipat,2025-11-01,2,7.83,2,1.0,0,0.08797974270353302,0
Haryana,Sonipat,2025-11-02,3,13.86,2,5.0,1,0.3028888888888888,0
Haryana,Sonipat,2025-11-03,1,0.82,2,4.0,1,0.2926458333333334,0
Haryana,Sonipat,2025-11-04,5,17.57,2,7.0,1,0.5957916666666668,1
Haryana,Sonipat,2025-11-05,4,2.64,2,6.0,1,0.412621753246753,1
Haryana,Sonipat,2025-11-06,7,23.87,2,2.0,0,0.45942292429792453,1
Haryana,Sonipat,2025-11-07,6,25.61,2,12.0,1,0.4850164039589444,1
Haryana,Sonipat,2025-11-08,2,7.57,2,1.0,0,0.39761834733893564,1
Haryana,Sonipat,2025-11-09,12,53.510000000000005,2,12.0,1,0.7790734126984128,1
Haryana,Sonipat,2025-11-10,1,3.09,2,6.0,1,0.4913691657804562,1
Haryana,Sonipat,2025-11-11,12,27.05,2,4.0,1,0.5876607142857142,1
Haryana,Sonipat,2025-11-12,6,22.36,2,10.0,1,0.6609107142857144,1
Haryana,Sonipat,2025-11-13,4,10.65,2,11.0,1,0.44668128501400584,1
Haryana,Sonipat,2025-11-14,10,36.19,2,16.0,1,0.7323928571428572,1
Haryana,Sonipat,2025-11-15,11,34.99,2,8.0,1,0.7158144841269841,1
Haryana,Sonipat,2025-11-16,16,63.61,2,2.0,0,0.8189186507936506,1
Haryana,Sonipat,2025-11-17,8,27.08,2,4.0,1,0.7148035714285713,1
Haryana,Sonipat,2025-11-18,2,7.31,2,2.0,0,0.48879166666666685,1
Haryana,Sonipat,2025-11-19,4,20.27,2,0.0,0,0.43138690476190467,1
Haryana,Sonipat,2025-11-20,2,1.2400000000000002,2,5.0,1,0.3285564671814673,0
Haryana,Sonipat,2025-11-21,0,0.0,2,12.0,1,0.29642261904761896,0
Haryana,Sonipat,2025-11-22,5,14.0,2,1.0,0,0.42765773809523805,1
Haryana,Sonipat,2025-11-23,12,33.33,2,0.0,0,0.5056517857142857,1
Haryana,Yamunanagar,2025-10-15,0,0.0,2,0.0,0,0.07102625152625153,0
Haryana,Yamunanagar,2025-10-16,4,15.06,2,2.0,0,0.3196513278388278,0
Haryana,Yamunanagar,2025-10-17,0,0.0,2,1.0,0,0.2812053571428572,0
Haryana,Yamunanagar,2025-10-18,2,2.39,2,2.0,0,0.4018070887445887,1
Haryana,Yamunanagar,2025-10-19,1,3.86,2,0.0,0,0.40451785714285726,1
Haryana,Yamunanagar,2025-10-20,2,7.58,2,1.0,0,0.19260416666666663,0
Haryana,Yamunanagar,2025-10-21,0,0.0,2,0.0,0,0.31044940476190486,0
Haryana,Yamunanagar,2025-10-22,1,1.44,2,0.0,0,0.3544156746031746,0
Haryana,Yamunanagar,2025-10-23,0,0.0,2,0.0,0,0.3361755834744966,0
Haryana,Yamunanagar,2025-10-24,0,0.0,2,0.0,0,0.13326220238095243,0
Haryana,Yamunanagar,2025-10-25,0,0.0,2,0.0,0,0.18011366758241756,0
Haryana,Yamunanagar,2025-10-26,0,0.0,2,0.0,0,0.08895629180602008,0
Haryana,Yamunanagar,2025-10-27,0,0.0,2,1.0,0,0.14812259615384615,0
Haryana,Yamunanagar,2025-10-28,0,0.0,2,0.0,0,0.1080597642706047,0
Haryana,Yamunanagar,2025-10-29,1,0.38,2,0.0,0,0.24701233488733487,0
Haryana,Yamunanagar,2025-10-30,0,0.0,2,1.0,0,0.17199801587301594,0
Haryana,Yamunanagar,2025-10-31,0,0.0,2,5.0,1,0.06257919737267563,0
Haryana,Yamunanagar,2025-11-01,1,5.48,2,3.0,1,0.16629141469117886,0
Haryana,Yamunanagar,2025-11-02,5,8.93,2,0.0,0,0.22821945193171608,0
Haryana,Yamunanagar,2025-11-03,3,9.27,2,0.0,0,0.5011837376460019,1
Haryana,Yamunanagar,2025-11-04,0,0.0,2,0.0,0,0.4072731092436973,1
Haryana,Yamunanagar,2025-11-05,0,0.0,2,0.0,0,0.45165070346320346,1
Haryana,Yamunanagar,2025-11-06,0,0.0,2,0.0,0,0.16225953907203908,0
Haryana,Yamunanagar,2025-11-07,0,0.0,2,0.0,0,0.05688988095238094,0
Haryana,Yamunanagar,2025-11-08,0,0.0,2,0.0,0,0.12455357142857139,0
Haryana,Yamunanagar,2025-11-09,0,0.0,2,0.0,0,0.12590346700083546,0
Haryana,Yamunanagar,2025-11-10,0,0.0,2,0.0,0,0.061610808270676685,0
Haryana,Yamunanagar,2025-11-11,0,0.0,2,0.0,0,0.04354317595061847,0
Haryana,Yamunanagar,2025-11-12,0,0.0,2,0.0,0,0.07949604917883465,0
Haryana,Yamunanagar,2025-11-13,0,0.0,2,2.0,0,0.04173546272124271,0
Haryana,Yamunanagar,2025-11-14,0,0.0,2,0.0,0,0.040068796054576056,0
Haryana,Yamunanagar,2025-11-15,2,4.6,2,0.0,0,0.1443355842542103,0
Haryana,Yamunanagar,2025-11-16,0,0.0,2,0.0,0,0.09416614145658263,0
Haryana,Yamunanagar,2025-11-17,0,0.0,2,0.0,0,0.06910714285714284,0
Haryana,Yamunanagar,2025-11-18,0,0.0,2,0.0,0,0.02200595238095238,0
Haryana,Yamunanagar,2025-11-19,0,0.0,2,0.0,0,0.03324240716568717,0
Haryana,Yamunanagar,2025-11-20,0,0.0,2,0.0,0,0.013766666666666667,0
Haryana,Yamunanagar,2025-11-21,0,0.0,2,1.0,0,0.012197137742825225,0
Haryana,Yamunanagar,2025-11-22,0,0.0,2,0.0,0,0.029195238095238097,0
Haryana,Yamunanagar,2025-11-23,1,1.39,2,2.0,0,0.16014705918088132,0
Punjab,Amritsar,2025-10-15,12,35.05,2,8.0,1,0.5076250000000001,1
Punjab,Amritsar,2025-10-16,16,68.16,2,6.0,1,0.5816363636363637,1
Punjab,Amritsar,2025-10-17,8,32.87,2,45.0,1,0.8974374999999998,1
Punjab,Amritsar,2025-10-18,6,21.91,2,20.0,1,0.8788809523809522,1
Punjab,Amritsar,2025-10-19,45,240.68,2,19.0,1,0.8907023809523806,1
Punjab,Amritsar,2025-10-20,20,92.65,2,22.0,1,0.9733333333333333,1
Punjab,Amritsar,2025-10-21,19,88.28,2,16.0,1,0.99075,1
Punjab,Amritsar,2025-10-22,22,118.74,2,1.0,0,0.9764583333333334,1
Punjab,Amritsar,2025-10-23,16,66.03,2,13.0,1,0.9716190476190476,1
Punjab,Amritsar,2025-10-24,1,2.08,2,22.0,1,0.8848461538461538,1
Punjab,Amritsar,2025-10-25,13,47.41,2,24.0,1,0.9450416666666667,1
Punjab,Amritsar,2025-10-26,22,98.56,2,6.0,1,0.9449166666666667,1
Punjab,Amritsar,2025-10-27,24,90.37,2,7.0,1,0.9452916666666669,1
Punjab,Amritsar,2025-10-28,6,33.58,2,23.0,1,0.9076794871794871,1
Punjab,Amritsar,2025-10-29,7,37.73,2,27.0,1,0.8672529761904763,1
Punjab,Amritsar,2025-10-30,23,143.86,2,37.0,1,0.949875,1
Punjab,Amritsar,2025-10-31,27,94.06,2,28.0,1,0.9792083333333335,1
Punjab,Amritsar,2025-11-01,37,118.21,2,9.0,1,0.9719761904761904,1
Punjab,Amritsar,2025-11-02,28,109.47,2,26.0,1,0.95825,1
Punjab,Amritsar,2025-11-03,9,30.4,2,29.0,1,0.9339583333333331,1
Punjab,Amritsar,2025-11-04,26,112.51,2,23.0,1,0.8209166666666667,1
Punjab,Amritsar,2025-11-05,29,131.59,2,8.0,1,0.8601666666666666,1
Punjab,Amritsar,2025-11-06,23,109.0,2,13.0,1,0.9690833333333333,1
Punjab,Amritsar,2025-11-07,8,31.31,2,15.0,1,0.845357142857143,1
Punjab,Amritsar,2025-11-08,13,70.85,2,9.0,1,0.772827380952381,1
Punjab,Amritsar,2025-11-09,15,46.38,2,7.0,1,0.7805833333333334,1
Punjab,Amritsar,2025-11-10,9,34.5,2,4.0,1,0.8480208333333331,1
Punjab,Amritsar,2025-11-11,7,14.15,2,2.0,0,0.6354791666666665,1
Punjab,Amritsar,2025-11-12,4,9.57,2,2.0,0,0.5467723214285715,1
Punjab,Amritsar,2025-11-13,2,5.67,2,2.0,0,0.44236450289575296,1
Punjab,Amritsar,2025-11-14,2,10.12,2,6.0,1,0.4015863095238095,1
Punjab,Amritsar,2025-11-15,2,8.0,2,0.0,0,0.4332857142857143,1
Punjab,Amritsar,2025-11-16,6,30.14,2,0.0,0,0.6545892857142855,1
Punjab,Amritsar,2025-11-17,0,0.0,2,0.0,0,0.20071408663799967,0
Punjab,Amritsar,2025-11-18,0,0.0,2,0.0,0,0.22922942546583844,0
Punjab,Amritsar,2025-11-19,0,0.0,2,0.0,0,0.3109940476190476,0
Punjab,Amritsar,2025-11-20,0,0.0,2,1.0,0,0.15198809523809526,0
Punjab,Amritsar,2025-11-21,0,0.0,2,4.0,1,0.18484978070175434,0
Punjab,Amritsar,2025-11-22,1,3.81,2,0.0,0,0.2086115875738517,0
Punjab,Amritsar,2025-11-23,4,13.1,2,0.0,0,0.3654209401709402,0
Punjab,Barnala,2025-10-15,0,0.0,2,0.0,0,0.04897972097347099,0
Punjab,Barnala,2025-10-16,0,0.0,2,0.0,0,0.0663878483989933,0
Punjab,Barnala,2025-10-17,0,0.0,2,0.0,0,0.10104446135434911,0
Punjab,Barnala,2025-10-18,0,0.0,2,0.0,0,0.12654763795584167,0
Punjab,Barnala,2025-10-19,0,0.0,2,0.0,0,0.05292811503935621,0
Punjab,Barnala,2025-10-20,0,0.0,2,0.0,0,0.0665233531345943,0
Punjab,Barnala,2025-10-21,0,0.0,2,0.0,0,0.09408579485953603,0
Punjab,Barnala,2025-10-22,0,0.0,2,0.0,0,0.13032526372400488,0
Punjab,Barnala,2025-10-23,0,0.0,2,0.0,0,0.1572331710591481,0
Punjab,Barnala,2025-10-24,0,0.0,2,3.0,1,0.177993659537901,0
Punjab,Barnala,2025-10-25,0,0.0,2,2.0,0,0.08365716062494796,0
Punjab,Barnala,2025-10-26,3,7.86,2,1.0,0,0.2258238162024978,0
Punjab,Barnala,2025-10-27,2,7.640000000000001,2,3.0,1,0.255731636642927,0
Punjab,Barnala,2025-10-28,1,4.59,2,3.0,1,0.47257738095238105,1
Punjab,Barnala,2025-10-29,3,16.8,2,6.0,1,0.7037440476190477,1
Punjab,Barnala,2025-10-30,3,18.94,2,10.0,1,0.7870941558441561,1
Punjab,Barnala,2025-10-31,6,37.17,2,8.0,1,0.7539199483312388,1
Punjab,Barnala,2025-11-01,10,56.52,2,6.0,1,0.8307291666666667,1
Punjab,Barnala,2025-11-02,8,45.7,2,12.0,1,0.8956780303030303,1
Punjab,Barnala,2025-11-03,6,37.37,2,2.0,0,0.7831488095238096,1
Punjab,Barnala,2025-11-04,12,124.62,2,1.0,0,0.9165833333333334,1
Punjab,Barnala,2025-11-05,2,10.62,2,0.0,0,0.689615990990991,1
Punjab,Barnala,2025-11-06,1,1.65,2,2.0,0,0.5844790862290864,1
Punjab,Barnala,2025-11-07,0,0.0,2,4.0,1,0.5567762474012475,1
Punjab,Barnala,2025-11-08,2,4.4,2,8.0,1,0.3415267857142857,0
Punjab,Barnala,2025-11-09,4,11.85,2,2.0,0,0.5392976190476193,1
Punjab,Barnala,2025-11-10,8,38.44,2,2.0,0,0.5295829936192838,1
Punjab,Barnala,2025-11-11,2,5.19,2,2.0,0,0.44714136904761914,1
Punjab,Barnala,2025-11-12,2,39.4,2,1.0,0,0.5433570186138972,1
Punjab,Barnala,2025-11-13,2,15.18,2,5.0,1,0.5992788461538462,1
Punjab,Barnala,2025-11-14,1,3.39,2,1.0,0,0.3471446549773755,0
Punjab,Barnala,2025-11-15,5,33.09,2,0.0,0,0.5507797619047617,1
Punjab,Barnala,2025-11-16,1,1.66,2,0.0,0,0.4228813025210084,1
Punjab,Barnala,2025-11-17,0,0.0,2,0.0,0,0.25258928571428574,0
Punjab,Barnala,2025-11-18,0,0.0,2,0.0,0,0.2794445346320346,0
Punjab,Barnala,2025-11-19,0,0.0,2,0.0,0,0.16450108225108231,0
Punjab,Barnala,2025-11-20,0,0.0,2,0.0,0,0.1840773667122352,0
Punjab,Barnala,2025-11-21,0,0.0,2,0.0,0,0.017604166666666664,0
Punjab,Barnala,2025-11-22,0,0.0,2,0.0,0,0.17599963924963924,0
Punjab,Barnala,2025-11-23,0,0.0,2,0.0,0,0.021773809523809525,0
Punjab,Bathinda,2025-10-15,1,1.18,2,4.0,1,0.310467261904762,0
Punjab,Bathinda,2025-10-16,0,0.0,2,0.0,0,0.15494780844155848,0
Punjab,Bathinda,2025-10-17,4,63.8,2,0.0,0,0.4848005952380954,1
Punjab,Bathinda,2025-10-18,0,0.0,2,5.0,1,0.3589464285714287,0
Punjab,Bathinda,2025-10-19,0,0.0,2,2.0,0,0.3434404761904763,0
Punjab,Bathinda,2025-10-20,5,17.72,2,17.0,1,0.6197083333333336,1
Punjab,Bathinda,2025-10-21,2,4.890000000000001,2,3.0,1,0.5360238095238096,1
Punjab,Bathinda,2025-10-22,17,87.66,2,4.0,1,0.7764583333333338,1
Punjab,Bathinda,2025-10-23,3,19.55,2,7.0,1,0.7493031135531136,1
Punjab,Bathinda,2025-10-24,4,28.48,2,13.0,1,0.6873943833943834,1
Punjab,Bathinda,2025-10-25,7,29.89,2,8.0,1,0.8400694444444443,1
Punjab,Bathinda,2025-10-26,13,74.64,2,9.0,1,0.9126224747474752,1
Punjab,Bathinda,2025-10-27,8,43.22,2,13.0,1,0.904602106227106,1
Punjab,Bathinda,2025-10-28,9,58.940000000000005,2,18.0,1,0.9708194444444446,1
Punjab,Bathinda,2025-10-29,13,140.1,2,41.0,1,0.94875,1
Punjab,Bathinda,2025-10-30,18,127.21,2,26.0,1,0.9934166666666665,1
Punjab,Bathinda,2025-10-31,41,315.65000000000003,2,30.0,1,0.9882142857142857,1
Punjab,Bathinda,2025-11-01,26,202.89,2,17.0,1,0.9641666666666666,1
Punjab,Bathinda,2025-11-02,30,221.48,2,27.0,1,0.9700833333333333,1
Punjab,Bathinda,2025-11-03,17,79.41,2,12.0,1,0.9579166666666667,1
Punjab,Bathinda,2025-11-04,27,125.34,2,24.0,1,0.9770833333333334,1
Punjab,Bathinda,2025-11-05,12,44.44,2,41.0,1,0.8427440476190476,1
Punjab,Bathinda,2025-11-06,24,116.88,2,20.0,1,0.9575,1
Punjab,Bathinda,2025-11-07,41,237.32,2,18.0,1,0.9346666666666666,1
Punjab,Bathinda,2025-11-08,20,100.05,2,35.0,1,0.7683750000000003,1
Punjab,Bathinda,2025-11-09,18,112.56,2,32.0,1,0.860875,1
Punjab,Bathinda,2025-11-10,35,228.03,2,15.0,1,0.9040000000000002,1
Punjab,Bathinda,2025-11-11,32,118.04,2,14.0,1,0.9304702380952381,1
Punjab,Bathinda,2025-11-12,15,44.18,2,20.0,1,0.9066785714285716,1
Punjab,Bathinda,2025-11-13,14,69.72,2,11.0,1,0.9243154761904762,1
Punjab,Bathinda,2025-11-14,20,112.79,2,37.0,1,0.9564583333333333,1
Punjab,Bathinda,2025-11-15,11,34.54,2,13.0,1,0.8354583333333333,1
Punjab,Bathinda,2025-11-16,37,147.55,2,6.0,1,0.8804702380952381,1
Punjab,Bathinda,2025-11-17,13,55.79,2,6.0,1,0.9352619047619046,1
Punjab,Bathinda,2025-11-18,6,25.15,2,7.0,1,0.7046473214285713,1
Punjab,Bathinda,2025-11-19,6,39.8,2,8.0,1,0.5875119047619048,1
Punjab,Bathinda,2025-11-20,7,21.46,2,7.0,1,0.5659285714285713,1
Punjab,Bathinda,2025-11-21,8,30.63,2,1.0,0,0.5718333333333333,1
Punjab,Bathinda,2025-11-22,7,37.75,2,1.0,0,0.5097142857142858,1
Punjab,Bathinda,2025-11-23,1,1.89,2,0.0,0,0.24282738095238088,0
Punjab,Faridkot,2025-10-15,0,0.0,2,1.0,0,0.06577781742030861,0
Punjab,Faridkot,2025-10-16,1,2.22,2,0.0,0,0.18317740683229813,0
Punjab,Faridkot,2025-10-17,1,5.47,2,1.0,0,0.18305357142857137,0
Punjab,Faridkot,2025-10-18,0,0.0,2,0.0,0,0.20391764069264073,0
Punjab,Faridkot,2025-10-19,1,5.6,2,2.0,0,0.21307738095238096,0
Punjab,Faridkot,2025-10-20,0,0.0,2,5.0,1,0.2525322240259741,0
Punjab,Faridkot,2025-10-21,2,7.15,2,1.0,0,0.16379761904761903,0
Punjab,Faridkot,2025-10-22,5,24.04,2,2.0,0,0.6509692460317461,1
Punjab,Faridkot,2025-10-23,1,6.57,2,5.0,1,0.6221190476190476,1
Punjab,Faridkot,2025-10-24,2,5.51,2,5.0,1,0.5281329365079364,1
Punjab,Faridkot,2025-10-25,5,26.76,2,3.0,1,0.8279340175953079,1
Punjab,Faridkot,2025-10-26,5,17.33,2,2.0,0,0.7556765528378431,1
Punjab,Faridkot,2025-10-27,3,11.5,2,9.0,1,0.6507446236559141,1
Punjab,Faridkot,2025-10-28,2,8.79,2,5.0,1,0.609079365079365,1
Punjab,Faridkot,2025-10-29,9,88.17,2,9.0,1,0.7994640151515152,1
Punjab,Faridkot,2025-10-30,5,17.3,2,4.0,1,0.8539861111111111,1
Punjab,Faridkot,2025-10-31,9,39.27,2,8.0,1,0.8178069985569982,1
Punjab,Faridkot,2025-11-01,4,28.95,2,0.0,0,0.7354935897435898,1
Punjab,Faridkot,2025-11-02,8,50.22,2,11.0,1,0.8045416666666665,1
Punjab,Faridkot,2025-11-03,0,0.0,2,12.0,1,0.5437469433719435,1
Punjab,Faridkot,2025-11-04,11,61.760000000000005,2,19.0,1,0.8567554112554112,1
Punjab,Faridkot,2025-11-05,12,48.12,2,8.0,1,0.8069107142857144,1
Punjab,Faridkot,2025-11-06,19,138.35,2,15.0,1,0.9039166666666667,1
Punjab,Faridkot,2025-11-07,8,23.32,2,20.0,1,0.8091785714285713,1
Punjab,Faridkot,2025-11-08,15,90.21,2,3.0,1,0.771839285714286,1
Punjab,Faridkot,2025-11-09,20,190.47,2,9.0,1,0.884513888888889,1
Punjab,Faridkot,2025-11-10,3,10.91,2,3.0,1,0.6686383124195626,1
Punjab,Faridkot,2025-11-11,9,65.49,2,4.0,1,0.8149707341269844,1
Punjab,Faridkot,2025-11-12,3,11.0,2,0.0,0,0.6638869047619049,1
Punjab,Faridkot,2025-11-13,4,12.6,2,2.0,0,0.5691175595238096,1
Punjab,Faridkot,2025-11-14,0,0.0,2,7.0,1,0.49384813384813386,1
Punjab,Faridkot,2025-11-15,2,6.69,2,4.0,1,0.31550595238095236,0
Punjab,Faridkot,2025-11-16,7,34.44,2,0.0,0,0.6685833333333335,1
Punjab,Faridkot,2025-11-17,4,30.05,2,2.0,0,0.5956116175688638,1
Punjab,Faridkot,2025-11-18,0,0.0,2,2.0,0,0.2526540217029347,0
Punjab,Faridkot,2025-11-19,2,17.740000000000002,2,0.0,0,0.49599929971988793,1
Punjab,Faridkot,2025-11-20,2,11.43,2,0.0,0,0.4677604166666666,1
Punjab,Faridkot,2025-11-21,0,0.0,2,0.0,0,0.20784929653679649,0
Punjab,Faridkot,2025-11-22,0,0.0,2,0.0,0,0.22130952380952384,0
Punjab,Faridkot,2025-11-23,0,0.0,2,0.0,0,0.22654896009787315,0
Punjab,Fatehgarh Sahib,2025-10-15,0,0.0,2,0.0,0,0.1730887716450217,0
Punjab,Fatehgarh Sahib,2025-10-16,0,0.0,2,0.0,0,0.10276523220931115,0
Punjab,Fatehgarh Sahib,2025-10-17,0,0.0,2,4.0,1,0.10567892268550161,0
Punjab,Fatehgarh Sahib,2025-10-18,0,0.0,2,1.0,0,0.15413809610879986,0
Punjab,Fatehgarh Sahib,2025-10-19,4,20.89,2,6.0,1,0.363997023809524,0
Punjab,Fatehgarh Sahib,2025-10-20,1,1.79,2,2.0,0,0.4485238095238097,1
Punjab,Fatehgarh Sahib,2025-10-21,6,26.86,2,0.0,0,0.7306136712749618,1
Punjab,Fatehgarh Sahib,2025-10-22,2,12.03,2,0.0,0,0.7818333333333335,1
Punjab,Fatehgarh Sahib,2025-10-23,0,0.0,2,0.0,0,0.43217012373591324,1
Punjab,Fatehgarh Sahib,2025-10-24,0,0.0,2,14.0,1,0.48027569305694295,1
Punjab,Fatehgarh Sahib,2025-10-25,0,0.0,2,3.0,1,0.29731250000000004,0
Punjab,Fatehgarh Sahib,2025-10-26,14,44.94,2,4.0,1,0.652684523809524,1
Punjab,Fatehgarh Sahib,2025-10-27,3,49.03,2,3.0,1,0.7012117953730858,1
Punjab,Fatehgarh Sahib,2025-10-28,4,19.14,2,0.0,0,0.8064751914751916,1
Punjab,Fatehgarh Sahib,2025-10-29,3,33.61,2,5.0,1,0.8236959706959707,1
Punjab,Fatehgarh Sahib,2025-10-30,0,0.0,2,8.0,1,0.5278334165834166,1
Punjab,Fatehgarh Sahib,2025-10-31,5,28.4,2,5.0,1,0.7491066017316018,1
Punjab,Fatehgarh Sahib,2025-11-01,8,57.0,2,1.0,0,0.793892857142857,1
Punjab,Fatehgarh Sahib,2025-11-02,5,30.47,2,3.0,1,0.6716517857142857,1
Punjab,Fatehgarh Sahib,2025-11-03,1,4.68,2,6.0,1,0.5657409909909912,1
Punjab,Fatehgarh Sahib,2025-11-04,3,19.16,2,6.0,1,0.6375416666666666,1
Punjab,Fatehgarh Sahib,2025-11-05,6,19.16,2,8.0,1,0.4798397817460318,1
Punjab,Fatehgarh Sahib,2025-11-06,6,9.41,2,8.0,1,0.45183333333333353,1
Punjab,Fatehgarh Sahib,2025-11-07,8,23.52,2,5.0,1,0.4440580357142857,1
Punjab,Fatehgarh Sahib,2025-11-08,8,33.71,2,1.0,0,0.6165059523809525,1
Punjab,Fatehgarh Sahib,2025-11-09,5,24.72,2,3.0,1,0.5411750541125542,1
Punjab,Fatehgarh Sahib,2025-11-10,1,3.45,2,1.0,0,0.4111354166666667,1
Punjab,Fatehgarh Sahib,2025-11-11,3,7.37,2,0.0,0,0.40467708333333335,1
Punjab,Fatehgarh Sahib,2025-11-12,1,7.2,2,2.0,0,0.4616338481338482,1
Punjab,Fatehgarh Sahib,2025-11-13,0,0.0,2,3.0,1,0.2622034632034631,0
Punjab,Fatehgarh Sahib,2025-11-14,2,4.34,2,4.0,1,0.3091838553603259,0
Punjab,Fatehgarh Sahib,2025-11-15,3,6.069999999999999,2,1.0,0,0.3449744397759103,0
Punjab,Fatehgarh Sahib,2025-11-16,4,6.75,2,1.0,0,0.307310606060606,0
Punjab,Fatehgarh Sahib,2025-11-17,1,3.37,2,6.0,1,0.2957371031746032,0
Punjab,Fatehgarh Sahib,2025-11-18,1,3.68,2,3.0,1,0.32687500000000014,0
Punjab,Fatehgarh Sahib,2025-11-19,6,22.45,2,0.0,0,0.45483333333333337,1
Punjab,Fatehgarh Sahib,2025-11-20,3,3.65,2,0.0,0,0.33783333333333326,0
Punjab,Fatehgarh Sahib,2025-11-21,0,0.0,2,0.0,0,0.15428219696969697,0
Punjab,Fatehgarh Sahib,2025-11-22,0,0.0,2,0.0,0,0.24903125000000007,0
Punjab,Fatehgarh Sahib,2025-11-23,0,0.0,2,0.0,0,0.12584226190476192,0
Punjab,Fazilka,2025-10-15,0,0.0,2,3.0,1,0.3090049603174603,0
Punjab,Fazilka,2025-10-16,2,8.14,2,0.0,0,0.19044700460829492,0
Punjab,Fazilka,2025-10-17,3,11.59,2,4.0,1,0.4858160522273426,1
Punjab,Fazilka,2025-10-18,0,0.0,2,7.0,1,0.355670183982684,0
Punjab,Fazilka,2025-10-19,4,18.04,2,4.0,1,0.6302049411162316,1
Punjab,Fazilka,2025-10-20,7,33.6,2,2.0,0,0.6682565284178189,1
Punjab,Fazilka,2025-10-21,4,18.44,2,0.0,0,0.712465728715729,1
Punjab,Fazilka,2025-10-22,2,40.43,2,4.0,1,0.6389946236559139,1
Punjab,Fazilka,2025-10-23,0,0.0,2,0.0,0,0.46154999167499156,1
Punjab,Fazilka,2025-10-24,4,27.34,2,7.0,1,0.6398105158730157,1
Punjab,Fazilka,2025-10-25,0,0.0,2,1.0,0,0.5002999084249083,1
Punjab,Fazilka,2025-10-26,7,29.8,2,2.0,0,0.6483075745938652,1
Punjab,Fazilka,2025-10-27,1,3.99,2,4.0,1,0.6003362290862291,1
Punjab,Fazilka,2025-10-28,2,11.98,2,5.0,1,0.5719722222222222,1
Punjab,Fazilka,2025-10-29,4,27.86,2,10.0,1,0.6920863858363857,1
Punjab,Fazilka,2025-10-30,5,24.56,2,12.0,1,0.8301547619047619,1
Punjab,Fazilka,2025-10-31,10,44.28,2,13.0,1,0.7347956349206348,1
Punjab,Fazilka,2025-11-01,12,57.93,2,13.0,1,0.8262980699855699,1
Punjab,Fazilka,2025-11-02,13,84.34,2,16.0,1,0.9328749999999999,1
Punjab,Fazilka,2025-11-03,13,134.76,2,18.0,1,0.9384107142857142,1
Punjab,Fazilka,2025-11-04,16,119.84,2,25.0,1,0.9469166666666666,1
Punjab,Fazilka,2025-11-05,18,102.75,2,20.0,1,0.9218333333333333,1
Punjab,Fazilka,2025-11-06,25,259.03000000000003,2,24.0,1,0.9525416666666666,1
Punjab,Fazilka,2025-11-07,20,154.25,2,46.0,1,0.9517083333333334,1
Punjab,Fazilka,2025-11-08,24,119.77,2,17.0,1,0.7798472222222226,1
Punjab,Fazilka,2025-11-09,46,255.47,2,23.0,1,0.8609166666666667,1
Punjab,Fazilka,2025-11-10,17,96.81,2,14.0,1,0.8669722222222225,1
Punjab,Fazilka,2025-11-11,23,189.2,2,19.0,1,0.9167638888888889,1
Punjab,Fazilka,2025-11-12,14,117.91,2,29.0,1,0.9059285714285714,1
Punjab,Fazilka,2025-11-13,19,143.35,2,18.0,1,0.92175,1
Punjab,Fazilka,2025-11-14,29,271.5,2,29.0,1,0.9356249999999998,1
Punjab,Fazilka,2025-11-15,18,61.9,2,7.0,1,0.9195833333333333,1
Punjab,Fazilka,2025-11-16,29,117.8,2,3.0,1,0.933720238095238,1
Punjab,Fazilka,2025-11-17,7,33.87,2,10.0,1,0.8191785714285713,1
Punjab,Fazilka,2025-11-18,3,15.489999999999998,2,1.0,0,0.6434646358543418,1
Punjab,Fazilka,2025-11-19,10,25.72,2,10.0,1,0.6856428571428572,1
Punjab,Fazilka,2025-11-20,1,6.82,2,4.0,1,0.3870430743243243,1
Punjab,Fazilka,2025-11-21,10,59.63,2,3.0,1,0.7228888888888889,1
Punjab,Fazilka,2025-11-22,4,25.17,2,0.0,0,0.5680717787114844,1
Punjab,Fazilka,2025-11-23,3,33.96,2,5.0,1,0.3994904295051354,1
Punjab,Ferozepur,2025-10-15,3,12.61,2,7.0,1,0.5144285714285716,1
Punjab,Ferozepur,2025-10-16,9,81.17999999999999,2,10.0,1,0.5022202380952383,1
Punjab,Ferozepur,2025-10-17,7,33.97,2,7.0,1,0.7808611111111111,1
Punjab,Ferozepur,2025-10-18,10,29.47,2,18.0,1,0.7804345238095238,1
Punjab,Ferozepur,2025-10-19,7,76.3,2,31.0,1,0.7727619047619051,1
Punjab,Ferozepur,2025-10-20,18,144.3,2,18.0,1,0.8046666666666665,1
Punjab,Ferozepur,2025-10-21,31,177.18,2,5.0,1,0.9742976190476189,1
Punjab,Ferozepur,2025-10-22,18,137.65,2,7.0,1,0.9850416666666668,1
Punjab,Ferozepur,2025-10-23,5,19.84,2,12.0,1,0.8066527777777778,1
Punjab,Ferozepur,2025-10-24,7,31.76,2,25.0,1,0.7895961538461538,1
Punjab,Ferozepur,2025-10-25,12,88.68,2,14.0,1,0.8987083333333332,1
Punjab,Ferozepur,2025-10-26,25,167.95,2,10.0,1,0.9839583333333333,1
Punjab,Ferozepur,2025-10-27,14,99.84,2,27.0,1,0.9831249999999998,1
Punjab,Ferozepur,2025-10-28,10,50.78,2,43.0,1,0.9285694444444443,1
Punjab,Ferozepur,2025-10-29,27,342.41,2,35.0,1,0.9666666666666666,1
Punjab,Ferozepur,2025-10-30,43,284.75,2,33.0,1,0.9966666666666667,1
Punjab,Ferozepur,2025-10-31,35,223.29,2,47.0,1,0.9991666666666665,1
Punjab,Ferozepur,2025-11-01,33,243.13,2,26.0,1,0.9939583333333333,1
Punjab,Ferozepur,2025-11-02,47,320.26,2,69.0,1,0.9920833333333333,1
Punjab,Ferozepur,2025-11-03,26,130.48,2,5.0,1,0.9707083333333333,1
Punjab,Ferozepur,2025-11-04,69,518.02,2,20.0,1,0.898625,1
Punjab,Ferozepur,2025-11-05,5,39.5,2,48.0,1,0.8530416666666666,1
Punjab,Ferozepur,2025-11-06,20,166.86,2,46.0,1,0.925970238095238,1
Punjab,Ferozepur,2025-11-07,48,253.48,2,77.0,1,0.9417500000000001,1
Punjab,Ferozepur,2025-11-08,46,301.38,2,39.0,1,0.8185416666666666,1
Punjab,Ferozepur,2025-11-09,77,484.15,2,23.0,1,0.8651666666666668,1
Punjab,Ferozepur,2025-11-10,39,197.49,2,22.0,1,0.9086369047619048,1
Punjab,Ferozepur,2025-11-11,23,143.03,2,21.0,1,0.9114285714285714,1
Punjab,Ferozepur,2025-11-12,22,96.13,2,12.0,1,0.95675,1
Punjab,Ferozepur,2025-11-13,21,122.98,2,20.0,1,0.952375,1
Punjab,Ferozepur,2025-11-14,12,70.94,2,19.0,1,0.9170238095238095,1
Punjab,Ferozepur,2025-11-15,20,267.89,2,2.0,0,0.9477499999999999,1
Punjab,Ferozepur,2025-11-16,19,94.6,2,4.0,1,0.9624999999999999,1
Punjab,Ferozepur,2025-11-17,2,7.55,2,1.0,0,0.6645255673215231,1
Punjab,Ferozepur,2025-11-18,4,10.27,2,1.0,0,0.6383333333333335,1
Punjab,Ferozepur,2025-11-19,1,4.64,2,1.0,0,0.501892857142857,1
Punjab,Ferozepur,2025-11-20,1,3.39,2,3.0,1,0.38005952380952385,1
Punjab,Ferozepur,2025-11-21,1,3.06,2,0.0,0,0.43104166666666666,1
Punjab,Ferozepur,2025-11-22,3,9.88,2,2.0,0,0.48927976190476213,1
Punjab,Ferozepur,2025-11-23,0,0.0,2,1.0,0,0.3648925748164879,0
Punjab,Gurdaspur,2025-10-15,0,0.0,2,2.0,0,0.27737431318681305,0
Punjab,Gurdaspur,2025-10-16,1,3.49,2,3.0,1,0.4623035714285714,1
Punjab,Gurdaspur,2025-10-17,2,6.96,2,4.0,1,0.5022619047619049,1
Punjab,Gurdaspur,2025-10-18,3,11.97,2,10.0,1,0.5547916666666667,1
Punjab,Gurdaspur,2025-10-19,4,9.85,2,11.0,1,0.6584821428571429,1
Punjab,Gurdaspur,2025-10-20,10,38.04,2,18.0,1,0.8318181818181819,1
Punjab,Gurdaspur,2025-10-21,11,53.23,2,5.0,1,0.9017500000000003,1
Punjab,Gurdaspur,2025-10-22,18,68.9,2,4.0,1,0.9795738636363638,1
Punjab,Gurdaspur,2025-10-23,5,11.48,2,7.0,1,0.8174226190476189,1
Punjab,Gurdaspur,2025-10-24,4,15.14,2,23.0,1,0.8514642857142857,1
Punjab,Gurdaspur,2025-10-25,7,20.9,2,9.0,1,0.8233333333333331,1
Punjab,Gurdaspur,2025-10-26,23,92.27,2,5.0,1,0.9360768398268396,1
Punjab,Gurdaspur,2025-10-27,9,22.0,2,0.0,0,0.84591163003663,1
Punjab,Gurdaspur,2025-10-28,5,21.13,2,5.0,1,0.8539424603174602,1
Punjab,Gurdaspur,2025-10-29,0,0.0,2,10.0,1,0.7128931159420291,1
Punjab,Gurdaspur,2025-10-30,5,31.75,2,10.0,1,0.7144861111111109,1
Punjab,Gurdaspur,2025-10-31,10,31.14,2,6.0,1,0.8595544871794872,1
Punjab,Gurdaspur,2025-11-01,10,37.7,2,3.0,1,0.8653065476190475,1
Punjab,Gurdaspur,2025-11-02,6,26.83,2,5.0,1,0.7688720238095237,1
Punjab,Gurdaspur,2025-11-03,3,10.03,2,2.0,0,0.4610148809523811,1
Punjab,Gurdaspur,2025-11-04,5,22.94,2,6.0,1,0.5686984126984126,1
Punjab,Gurdaspur,2025-11-05,2,4.93,2,6.0,1,0.4310906933719435,1
Punjab,Gurdaspur,2025-11-06,6,27.17,2,5.0,1,0.47483130411255403,1
Punjab,Gurdaspur,2025-11-07,6,15.24,2,4.0,1,0.40285565476190477,1
Punjab,Gurdaspur,2025-11-08,5,17.650000000000002,2,12.0,1,0.4401666666666666,1
Punjab,Gurdaspur,2025-11-09,4,15.5,2,6.0,1,0.4274642857142858,1
Punjab,Gurdaspur,2025-11-10,12,49.24,2,2.0,0,0.7276190025252528,1
Punjab,Gurdaspur,2025-11-11,6,18.61,2,0.0,0,0.6208973214285713,1
Punjab,Gurdaspur,2025-11-12,2,4.21,2,0.0,0,0.44135416666666666,1
Punjab,Gurdaspur,2025-11-13,0,0.0,2,0.0,0,0.30019073498964804,0
Punjab,Gurdaspur,2025-11-14,0,0.0,2,1.0,0,0.20713175230566544,0
Punjab,Gurdaspur,2025-11-15,0,0.0,2,0.0,0,0.23266666666666663,0
Punjab,Gurdaspur,2025-11-16,1,3.47,2,0.0,0,0.24771080330959358,0
Punjab,Gurdaspur,2025-11-17,0,0.0,2,0.0,0,0.18403382034632032,0
Punjab,Gurdaspur,2025-11-18,0,0.0,2,0.0,0,0.12987256493506494,0
Punjab,Gurdaspur,2025-11-19,0,0.0,2,0.0,0,0.08292142857142858,0
Punjab,Gurdaspur,2025-11-20,0,0.0,2,1.0,0,0.027838095238095235,0
Punjab,Gurdaspur,2025-11-21,0,0.0,2,0.0,0,0.034635714285714284,0
Punjab,Gurdaspur,2025-11-22,1,3.23,2,0.0,0,0.17381541937007483,0
Punjab,Gurdaspur,2025-11-23,0,0.0,2,0.0,0,0.06983809523809524,0
Punjab,Hoshiarpur,2025-10-15,0,0.0,2,0.0,0,0.1384221980362841,0
Punjab,Hoshiarpur,2025-10-16,0,0.0,2,0.0,0,0.10378813265850743,0
Punjab,Hoshiarpur,2025-10-17,0,0.0,2,0.0,0,0.12031914769610146,0
Punjab,Hoshiarpur,2025-10-18,0,0.0,2,0.0,0,0.15268628750074123,0
Punjab,Hoshiarpur,2025-10-19,0,0.0,2,1.0,0,0.13023074998270373,0
Punjab,Hoshiarpur,2025-10-20,0,0.0,2,1.0,0,0.08271592605963676,0
Punjab,Hoshiarpur,2025-10-21,1,2.05,2,0.0,0,0.19804851489090625,0
Punjab,Hoshiarpur,2025-10-22,1,1.95,2,3.0,1,0.286649877899878,0
Punjab,Hoshiarpur,2025-10-23,0,0.0,2,1.0,0,0.16606814515893467,0
Punjab,Hoshiarpur,2025-10-24,3,8.99,2,3.0,1,0.3282348007384773,0
Punjab,Hoshiarpur,2025-10-25,1,3.5,2,1.0,0,0.4625546792044435,1
Punjab,Hoshiarpur,2025-10-26,3,8.4,2,1.0,0,0.5304158805031446,1
Punjab,Hoshiarpur,2025-10-27,1,1.99,2,2.0,0,0.4272310606060607,1
Punjab,Hoshiarpur,2025-10-28,1,1.76,2,1.0,0,0.4692254043126686,1
Punjab,Hoshiarpur,2025-10-29,2,9.41,2,7.0,1,0.6311091269841271,1
Punjab,Hoshiarpur,2025-10-30,1,4.77,2,11.0,1,0.44288582251082254,1
Punjab,Hoshiarpur,2025-10-31,7,13.48,2,2.0,0,0.590299603174603,1
Punjab,Hoshiarpur,2025-11-01,11,59.01,2,0.0,0,0.9062727272727272,1
Punjab,Hoshiarpur,2025-11-02,2,4.35,2,3.0,1,0.4740634920634921,1
Punjab,Hoshiarpur,2025-11-03,0,0.0,2,1.0,0,0.38150224775224795,1
Punjab,Hoshiarpur,2025-11-04,3,9.78,2,0.0,0,0.6228824404761906,1
Punjab,Hoshiarpur,2025-11-05,1,0.53,2,0.0,0,0.37793993506493484,1
Punjab,Hoshiarpur,2025-11-06,0,0.0,2,0.0,0,0.36981959706959705,1
Punjab,Hoshiarpur,2025-11-07,0,0.0,2,0.0,0,0.2519263951628082,0
Punjab,Hoshiarpur,2025-11-08,0,0.0,2,1.0,0,0.24842370129870137,0
Punjab,Hoshiarpur,2025-11-09,0,0.0,2,4.0,1,0.12683192355889722,0
Punjab,Hoshiarpur,2025-11-10,1,3.59,2,1.0,0,0.08758453129679547,0
Punjab,Hoshiarpur,2025-11-11,4,13.02,2,1.0,0,0.28917292429792435,0
Punjab,Hoshiarpur,2025-11-12,1,2.58,2,0.0,0,0.2800269916142557,0
Punjab,Hoshiarpur,2025-11-13,1,4.07,2,1.0,0,0.3405694677444928,0
Punjab,Hoshiarpur,2025-11-14,0,0.0,2,0.0,0,0.20783143939393942,0
Punjab,Hoshiarpur,2025-11-15,1,5.82,2,1.0,0,0.20368454710957212,0
Punjab,Hoshiarpur,2025-11-16,0,0.0,2,1.0,0,0.17194905642603014,0
Punjab,Hoshiarpur,2025-11-17,1,2.83,2,1.0,0,0.21104584082060496,0
Punjab,Hoshiarpur,2025-11-18,1,3.42,2,0.0,0,0.26678393605870016,0
Punjab,Hoshiarpur,2025-11-19,1,3.11,2,0.0,0,0.18856261571237987,0
Punjab,Hoshiarpur,2025-11-20,0,0.0,2,0.0,0,0.1828518772893773,0
Punjab,Hoshiarpur,2025-11-21,0,0.0,2,0.0,0,0.044553571428571435,0
Punjab,Hoshiarpur,2025-11-22,0,0.0,2,2.0,0,0.07693452380952381,0
Punjab,Hoshiarpur,2025-11-23,0,0.0,2,0.0,0,0.021314285714285713,0
Punjab,Jalandhar,2025-10-15,0,0.0,2,4.0,1,0.16131007058040672,0
Punjab,Jalandhar,2025-10-16,0,0.0,2,2.0,0,0.10245329751947396,0
Punjab,Jalandhar,2025-10-17,4,14.38,2,0.0,0,0.3464489468864469,0
Punjab,Jalandhar,2025-10-18,2,9.96,2,2.0,0,0.5807023809523809,1
Punjab,Jalandhar,2025-10-19,0,0.0,2,3.0,1,0.4547647352647353,1
Punjab,Jalandhar,2025-10-20,2,9.15,2,4.0,1,0.5840362903225808,1
Punjab,Jalandhar,2025-10-21,3,16.41,2,1.0,0,0.6610357142857144,1
Punjab,Jalandhar,2025-10-22,4,15.63,2,0.0,0,0.876361111111111,1
Punjab,Jalandhar,2025-10-23,1,2.67,2,8.0,1,0.6236474014336917,1
Punjab,Jalandhar,2025-10-24,0,0.0,2,12.0,1,0.46877541073057377,1
Punjab,Jalandhar,2025-10-25,8,94.87,2,8.0,1,0.7035446428571429,1
Punjab,Jalandhar,2025-10-26,12,45.35,2,6.0,1,0.909298611111111,1
Punjab,Jalandhar,2025-10-27,8,36.98,2,12.0,1,0.9001111111111112,1
Punjab,Jalandhar,2025-10-28,6,29.52,2,5.0,1,0.9130000000000001,1
Punjab,Jalandhar,2025-10-29,12,42.22,2,13.0,1,0.8987291666666668,1
Punjab,Jalandhar,2025-10-30,5,25.29,2,18.0,1,0.8640544871794873,1
Punjab,Jalandhar,2025-10-31,13,70.91,2,15.0,1,0.9380119047619049,1
Punjab,Jalandhar,2025-11-01,18,79.67999999999999,2,5.0,1,0.9444583333333334,1
Punjab,Jalandhar,2025-11-02,15,97.69,2,9.0,1,0.97875,1
Punjab,Jalandhar,2025-11-03,5,47.65,2,8.0,1,0.8979166666666665,1
Punjab,Jalandhar,2025-11-04,9,61.24,2,11.0,1,0.8787916666666666,1
Punjab,Jalandhar,2025-11-05,8,5.93,2,16.0,1,0.8453333333333335,1
Punjab,Jalandhar,2025-11-06,11,34.28,2,5.0,1,0.762200892857143,1
Punjab,Jalandhar,2025-11-07,16,78.03,2,9.0,1,0.8849166666666666,1
Punjab,Jalandhar,2025-11-08,5,17.88,2,16.0,1,0.7238988095238096,1
Punjab,Jalandhar,2025-11-09,9,30.61,2,19.0,1,0.7565595238095237,1
Punjab,Jalandhar,2025-11-10,16,64.49,2,10.0,1,0.8995119047619049,1
Punjab,Jalandhar,2025-11-11,19,152.87,2,4.0,1,0.9430833333333333,1
Punjab,Jalandhar,2025-11-12,10,33.88,2,1.0,0,0.8510580357142855,1
Punjab,Jalandhar,2025-11-13,4,17.48,2,2.0,0,0.7316294642857146,1
Punjab,Jalandhar,2025-11-14,1,1.66,2,4.0,1,0.6024047619047619,1
Punjab,Jalandhar,2025-11-15,2,7.02,2,1.0,0,0.41264724099099104,1
Punjab,Jalandhar,2025-11-16,4,21.23,2,1.0,0,0.6786666666666666,1
Punjab,Jalandhar,2025-11-17,1,1.76,2,1.0,0,0.3626190476190476,0
Punjab,Jalandhar,2025-11-18,1,2.9,2,0.0,0,0.38602380952380955,1
Punjab,Jalandhar,2025-11-19,1,4.82,2,1.0,0,0.35407398873527895,0
Punjab,Jalandhar,2025-11-20,0,0.0,2,0.0,0,0.15273348390739697,0
Punjab,Jalandhar,2025-11-21,1,3.67,2,0.0,0,0.38214703129679534,1
Punjab,Jalandhar,2025-11-22,0,0.0,2,7.0,1,0.11015178571428574,0
Punjab,Jalandhar,2025-11-23,0,0.0,2,0.0,0,0.14675405844155845,0
Punjab,Kapurthala,2025-10-15,0,0.0,2,0.0,0,0.1738082611832612,0
Punjab,Kapurthala,2025-10-16,2,19.36,2,1.0,0,0.27110370879120876,0
Punjab,Kapurthala,2025-10-17,0,0.0,2,0.0,0,0.36744642857142856,1
Punjab,Kapurthala,2025-10-18,1,2.11,2,0.0,0,0.47013988095238113,1
Punjab,Kapurthala,2025-10-19,0,0.0,2,18.0,1,0.3477725802277433,0
Punjab,Kapurthala,2025-10-20,0,0.0,2,6.0,1,0.10277556014247188,0
Punjab,Kapurthala,2025-10-21,18,162.19,2,5.0,1,0.6055763888888888,1
Punjab,Kapurthala,2025-10-22,6,27.200000000000003,2,2.0,0,0.8941121794871795,1
Punjab,Kapurthala,2025-10-23,5,18.61,2,8.0,1,0.8661249999999999,1
Punjab,Kapurthala,2025-10-24,2,13.5,2,13.0,1,0.8726488095238096,1
Punjab,Kapurthala,2025-10-25,8,66.05,2,14.0,1,0.9022876984126985,1
Punjab,Kapurthala,2025-10-26,13,79.31,2,3.0,1,0.9325833333333332,1
Punjab,Kapurthala,2025-10-27,14,51.09,2,18.0,1,0.9393452380952381,1
Punjab,Kapurthala,2025-10-28,3,15.39,2,12.0,1,0.8326111111111111,1
Punjab,Kapurthala,2025-10-29,18,131.55,2,31.0,1,0.9636666666666664,1
Punjab,Kapurthala,2025-10-30,12,41.96,2,35.0,1,0.9470336538461539,1
Punjab,Kapurthala,2025-10-31,31,101.58,2,26.0,1,0.9826666666666668,1
Punjab,Kapurthala,2025-11-01,35,154.07,2,11.0,1,0.989875,1
Punjab,Kapurthala,2025-11-02,26,154.72,2,11.0,1,0.9861250000000001,1
Punjab,Kapurthala,2025-11-03,11,44.88,2,0.0,0,0.9208333333333333,1
Punjab,Kapurthala,2025-11-04,11,57.36,2,5.0,1,0.8387440476190475,1
Punjab,Kapurthala,2025-11-05,0,0.0,2,14.0,1,0.9057767857142858,1
Punjab,Kapurthala,2025-11-06,5,15.38,2,10.0,1,0.7439538690476192,1
Punjab,Kapurthala,2025-11-07,14,53.81,2,9.0,1,0.7701250000000001,1
Punjab,Kapurthala,2025-11-08,10,44.3,2,6.0,1,0.7764285714285716,1
Punjab,Kapurthala,2025-11-09,9,34.25,2,8.0,1,0.8167291666666666,1
Punjab,Kapurthala,2025-11-10,6,32.980000000000004,2,2.0,0,0.7165119047619051,1
Punjab,Kapurthala,2025-11-11,8,22.67,2,2.0,0,0.6332678571428569,1
Punjab,Kapurthala,2025-11-12,2,11.84,2,0.0,0,0.49641158081783066,1
Punjab,Kapurthala,2025-11-13,2,4.36,2,2.0,0,0.3727469433719434,1
Punjab,Kapurthala,2025-11-14,0,0.0,2,4.0,1,0.31432160693301986,0
Punjab,Kapurthala,2025-11-15,2,10.1,2,0.0,0,0.42475595238095243,1
Punjab,Kapurthala,2025-11-16,4,17.630000000000003,2,1.0,0,0.5880476190476187,1
Punjab,Kapurthala,2025-11-17,0,0.0,2,1.0,0,0.25104490165631466,0
Punjab,Kapurthala,2025-11-18,1,3.46,2,0.0,0,0.35356547619047624,0
Punjab,Kapurthala,2025-11-19,1,0.67,2,1.0,0,0.27357048024439323,0
Punjab,Kapurthala,2025-11-20,0,0.0,2,0.0,0,0.13748511904761906,0
Punjab,Kapurthala,2025-11-21,1,1.36,2,0.0,0,0.26231439393939404,0
Punjab,Kapurthala,2025-11-22,0,0.0,2,0.0,0,0.10314880952380952,0
Punjab,Kapurthala,2025-11-23,0,0.0,2,0.0,0,0.147575487012987,0
Punjab,Ludhiana,2025-10-15,2,4.0200000000000005,2,0.0,0,0.41519047619047633,1
Punjab,Ludhiana,2025-10-16,0,0.0,2,0.0,0,0.2276904761904762,0
Punjab,Ludhiana,2025-10-17,0,0.0,2,1.0,0,0.08458309133676782,0
Punjab,Ludhiana,2025-10-18,0,0.0,2,0.0,0,0.2749117063492063,0
Punjab,Ludhiana,2025-10-19,1,1.78,2,0.0,0,0.2697603316688994,0
Punjab,Ludhiana,2025-10-20,0,0.0,2,1.0,0,0.36829751461988325,1
Punjab,Ludhiana,2025-10-21,0,0.0,2,0.0,0,0.13529857295482292,0
Punjab,Ludhiana,2025-10-22,1,2.57,2,1.0,0,0.24049687834566869,0
Punjab,Ludhiana,2025-10-23,0,0.0,2,6.0,1,0.1718111922262465,0
Punjab,Ludhiana,2025-10-24,1,1.54,2,4.0,1,0.31949215367965367,0
Punjab,Ludhiana,2025-10-25,6,21.11,2,7.0,1,0.469932123655914,1
Punjab,Ludhiana,2025-10-26,4,15.24,2,8.0,1,0.8040709223572127,1
Punjab,Ludhiana,2025-10-27,7,13.43,2,7.0,1,0.5791372100122101,1
Punjab,Ludhiana,2025-10-28,8,36.38,2,2.0,0,0.8901488095238095,1
Punjab,Ludhiana,2025-10-29,7,41.97,2,21.0,1,0.8658571428571428,1
Punjab,Ludhiana,2025-10-30,2,12.87,2,19.0,1,0.7169797008547009,1
Punjab,Ludhiana,2025-10-31,21,66.55,2,33.0,1,0.9047083333333333,1
Punjab,Ludhiana,2025-11-01,19,87.58,2,13.0,1,0.968,1
Punjab,Ludhiana,2025-11-02,33,183.02,2,31.0,1,0.9829166666666665,1
Punjab,Ludhiana,2025-11-03,13,65.13,2,33.0,1,0.9800416666666666,1
Punjab,Ludhiana,2025-11-04,31,162.89,2,39.0,1,0.9266666666666667,1
Punjab,Ludhiana,2025-11-05,33,192.2,2,50.0,1,0.8504583333333333,1
Punjab,Ludhiana,2025-11-06,39,178.28,2,33.0,1,0.9732916666666668,1
Punjab,Ludhiana,2025-11-07,50,245.07,2,32.0,1,0.9602083333333333,1
Punjab,Ludhiana,2025-11-08,33,173.89,2,34.0,1,0.7870972222222224,1
Punjab,Ludhiana,2025-11-09,32,147.52,2,21.0,1,0.8015972222222223,1
Punjab,Ludhiana,2025-11-10,34,117.03,2,8.0,1,0.8948472222222221,1
Punjab,Ludhiana,2025-11-11,21,76.25,2,21.0,1,0.9270000000000002,1
Punjab,Ludhiana,2025-11-12,8,21.61,2,5.0,1,0.845232142857143,1
Punjab,Ludhiana,2025-11-13,21,102.31,2,15.0,1,0.8700555555555557,1
Punjab,Ludhiana,2025-11-14,5,24.01,2,13.0,1,0.7914166666666667,1
Punjab,Ludhiana,2025-11-15,15,41.52,2,6.0,1,0.7142261904761905,1
Punjab,Ludhiana,2025-11-16,13,48.39,2,1.0,0,0.9101666666666667,1
Punjab,Ludhiana,2025-11-17,6,20.63,2,0.0,0,0.7078288690476191,1
Punjab,Ludhiana,2025-11-18,1,2.8,2,6.0,1,0.5516830357142859,1
Punjab,Ludhiana,2025-11-19,0,0.0,2,1.0,0,0.2645954164568295,0
Punjab,Ludhiana,2025-11-20,6,36.79,2,1.0,0,0.5165892857142859,1
Punjab,Ludhiana,2025-11-21,1,0.59,2,1.0,0,0.477967612044818,1
Punjab,Ludhiana,2025-11-22,1,2.19,2,0.0,0,0.42189285714285724,1
Punjab,Ludhiana,2025-11-23,1,3.43,2,3.0,1,0.3741636904761904,1
Punjab,Malerkotla,2025-10-15,0,0.0,2,0.0,0,0.12149322199122782,0
Punjab,Malerkotla,2025-10-16,0,0.0,2,0.0,0,0.13240929300962195,0
Punjab,Malerkotla,2025-10-17,0,0.0,2,0.0,0,0.17556286700783538,0
Punjab,Malerkotla,2025-10-18,0,0.0,2,0.0,0,0.21110446691251647,0
Punjab,Malerkotla,2025-10-19,0,0.0,2,0.0,0,0.13459590056265638,0
Punjab,Malerkotla,2025-10-20,0,0.0,2,0.0,0,0.15694113865789447,0
Punjab,Malerkotla,2025-10-21,0,0.0,2,0.0,0,0.18694733038283623,0
Punjab,Malerkotla,2025-10-22,0,0.0,2,0.0,0,0.20865703734254318,0
Punjab,Malerkotla,2025-10-23,0,0.0,2,0.0,0,0.23881418680874936,0
Punjab,Malerkotla,2025-10-24,0,0.0,2,2.0,0,0.2612427582373208,0
Punjab,Malerkotla,2025-10-25,0,0.0,2,1.0,0,0.16833603441448639,0
Punjab,Malerkotla,2025-10-26,2,5.55,2,1.0,0,0.16216364304232467,0
Punjab,Malerkotla,2025-10-27,1,6.63,2,6.0,1,0.2077083682446586,0
Punjab,Malerkotla,2025-10-28,1,4.08,2,4.0,1,0.28468618209747243,0
Punjab,Malerkotla,2025-10-29,6,34.94,2,11.0,1,0.688372023809524,1
Punjab,Malerkotla,2025-10-30,4,23.77,2,8.0,1,0.8704810606060605,1
Punjab,Malerkotla,2025-10-31,11,36.73,2,14.0,1,0.8012797619047619,1
Punjab,Malerkotla,2025-11-01,8,34.84,2,7.0,1,0.8551720779220777,1
Punjab,Malerkotla,2025-11-02,14,95.62,2,12.0,1,0.9230119047619048,1
Punjab,Malerkotla,2025-11-03,7,24.62,2,4.0,1,0.8071428571428574,1
Punjab,Malerkotla,2025-11-04,12,73.54,2,6.0,1,0.9219702380952381,1
Punjab,Malerkotla,2025-11-05,4,25.35,2,10.0,1,0.8184464285714286,1
Punjab,Malerkotla,2025-11-06,6,14.16,2,7.0,1,0.543200892857143,1
Punjab,Malerkotla,2025-11-07,10,37.27,2,6.0,1,0.676357142857143,1
Punjab,Malerkotla,2025-11-08,7,21.61,2,11.0,1,0.533720238095238,1
Punjab,Malerkotla,2025-11-09,6,21.06,2,3.0,1,0.606654761904762,1
Punjab,Malerkotla,2025-11-10,11,41.59,2,6.0,1,0.7614702380952382,1
Punjab,Malerkotla,2025-11-11,3,6.94,2,1.0,0,0.4070208333333334,1
Punjab,Malerkotla,2025-11-12,6,40.16,2,1.0,0,0.6124761904761905,1
Punjab,Malerkotla,2025-11-13,1,1.8,2,1.0,0,0.46211309523809535,1
Punjab,Malerkotla,2025-11-14,1,3.34,2,1.0,0,0.3242306547619047,0
Punjab,Malerkotla,2025-11-15,1,8.85,2,0.0,0,0.4687916666666666,1
Punjab,Malerkotla,2025-11-16,1,1.52,2,0.0,0,0.3273809523809524,0
Punjab,Malerkotla,2025-11-17,0,0.0,2,0.0,0,0.21853382034632035,0
Punjab,Malerkotla,2025-11-18,0,0.0,2,0.0,0,0.12539691558441565,0
Punjab,Malerkotla,2025-11-19,0,0.0,2,0.0,0,0.14642072510822512,0
Punjab,Malerkotla,2025-11-20,0,0.0,2,1.0,0,0.10007007575757575,0
Punjab,Malerkotla,2025-11-21,0,0.0,2,0.0,0,0.06613257575757575,0
Punjab,Malerkotla,2025-11-22,1,4.83,2,0.0,0,0.13960079997435443,0
Punjab,Malerkotla,2025-11-23,0,0.0,2,0.0,0,0.07132792207792209,0
Punjab,Mansa,2025-10-15,0,0.0,2,0.0,0,0.06927355214230213,0
Punjab,Mansa,2025-10-16,0,0.0,2,0.0,0,0.08350055430680432,0
Punjab,Mansa,2025-10-17,0,0.0,2,0.0,0,0.08134033605283603,0
Punjab,Mansa,2025-10-18,0,0.0,2,5.0,1,0.07725472297178891,0
Punjab,Mansa,2025-10-19,0,0.0,2,5.0,1,0.16257516331707503,0
Punjab,Mansa,2025-10-20,5,22.81,2,2.0,0,0.2645124807987711,0
Punjab,Mansa,2025-10-21,5,23.85,2,6.0,1,0.6096726190476189,1
Punjab,Mansa,2025-10-22,2,3.5900000000000003,2,0.0,0,0.5519623015873016,1
Punjab,Mansa,2025-10-23,6,58.6,2,0.0,0,0.7813571428571429,1
Punjab,Mansa,2025-10-24,0,0.0,2,1.0,0,0.5155940934065932,1
Punjab,Mansa,2025-10-25,0,0.0,2,2.0,0,0.3832582417582418,1
Punjab,Mansa,2025-10-26,1,3.98,2,2.0,0,0.5755462109575014,1
Punjab,Mansa,2025-10-27,2,9.69,2,9.0,1,0.39646386968765995,1
Punjab,Mansa,2025-10-28,2,14.45,2,19.0,1,0.6158035714285713,1
Punjab,Mansa,2025-10-29,9,116.13,2,19.0,1,0.8019402056277055,1
Punjab,Mansa,2025-10-30,19,117.26,2,22.0,1,0.9088333333333332,1
Punjab,Mansa,2025-10-31,19,106.16,2,10.0,1,0.9872083333333334,1
Punjab,Mansa,2025-11-01,22,190.03,2,17.0,1,0.98775,1
Punjab,Mansa,2025-11-02,10,102.98,2,31.0,1,0.9584999999999998,1
Punjab,Mansa,2025-11-03,17,74.22,2,8.0,1,0.9483333333333333,1
Punjab,Mansa,2025-11-04,31,273.45,2,15.0,1,0.9858333333333331,1
Punjab,Mansa,2025-11-05,8,52.7,2,15.0,1,0.8733690476190474,1
Punjab,Mansa,2025-11-06,15,77.31,2,22.0,1,0.9340952380952381,1
Punjab,Mansa,2025-11-07,15,79.3,2,36.0,1,0.8977916666666667,1
Punjab,Mansa,2025-11-08,22,151.06,2,20.0,1,0.7598174603174606,1
Punjab,Mansa,2025-11-09,36,283.91,2,29.0,1,0.8585555555555558,1
Punjab,Mansa,2025-11-10,20,99.55,2,8.0,1,0.8904722222222224,1
Punjab,Mansa,2025-11-11,29,184.88,2,12.0,1,0.9229424603174604,1
Punjab,Mansa,2025-11-12,8,31.23,2,9.0,1,0.8732440476190475,1
Punjab,Mansa,2025-11-13,12,64.41,2,3.0,1,0.8733571428571429,1
Punjab,Mansa,2025-11-14,9,70.73,2,7.0,1,0.8877916666666664,1
Punjab,Mansa,2025-11-15,3,8.5,2,6.0,1,0.5858231863691422,1
Punjab,Mansa,2025-11-16,7,26.28,2,1.0,0,0.6904702380952382,1
Punjab,Mansa,2025-11-17,6,44.58,2,4.0,1,0.6482023809523809,1
Punjab,Mansa,2025-11-18,1,2.46,2,3.0,1,0.4124691001400562,1
Punjab,Mansa,2025-11-19,4,46.84,2,2.0,0,0.5138273809523808,1
Punjab,Mansa,2025-11-20,3,9.329999999999998,2,2.0,0,0.399095588235294,1
Punjab,Mansa,2025-11-21,2,3.75,2,1.0,0,0.25278869047619046,0
Punjab,Mansa,2025-11-22,2,5.38,2,0.0,0,0.413836229086229,1
Punjab,Mansa,2025-11-23,1,2.02,2,1.0,0,0.33821428571428575,0
Punjab,Moga,2025-10-15,0,0.0,2,0.0,0,0.043361150753641914,0
Punjab,Moga,2025-10-16,1,2.06,2,0.0,0,0.2203708592132505,0
Punjab,Moga,2025-10-17,0,0.0,2,1.0,0,0.1160874379039433,0
Punjab,Moga,2025-10-18,0,0.0,2,0.0,0,0.08427585192585192,0
Punjab,Moga,2025-10-19,1,2.61,2,2.0,0,0.20086367127496157,0
Punjab,Moga,2025-10-20,0,0.0,2,2.0,0,0.10375592046842046,0
Punjab,Moga,2025-10-21,2,1.66,2,3.0,1,0.22839245129870137,0
Punjab,Moga,2025-10-22,2,5.529999999999999,2,1.0,0,0.23930357142857134,0
Punjab,Moga,2025-10-23,3,10.66,2,4.0,1,0.42825,1
Punjab,Moga,2025-10-24,1,3.21,2,3.0,1,0.4745059523809523,1
Punjab,Moga,2025-10-25,4,23.72,2,4.0,1,0.7791845238095237,1
Punjab,Moga,2025-10-26,3,20.72,2,2.0,0,0.7738506842619745,1
Punjab,Moga,2025-10-27,4,15.97,2,5.0,1,0.7970995115995118,1
Punjab,Moga,2025-10-28,2,12.66,2,5.0,1,0.6545730729843633,1
Punjab,Moga,2025-10-29,5,13.23,2,21.0,1,0.7586071428571429,1
Punjab,Moga,2025-10-30,5,15.63,2,16.0,1,0.7800119047619044,1
Punjab,Moga,2025-10-31,21,81.03,2,20.0,1,0.8621388888888888,1
Punjab,Moga,2025-11-01,16,58.99,2,18.0,1,0.949125,1
Punjab,Moga,2025-11-02,20,72.94,2,44.0,1,0.9451190476190479,1
Punjab,Moga,2025-11-03,18,95.04,2,35.0,1,0.9804166666666667,1
Punjab,Moga,2025-11-04,44,500.31,2,36.0,1,0.9051666666666668,1
Punjab,Moga,2025-11-05,35,215.97,2,47.0,1,0.91425,1
Punjab,Moga,2025-11-06,36,178.56,2,42.0,1,0.9754999999999999,1
Punjab,Moga,2025-11-07,47,249.28,2,44.0,1,0.9481250000000001,1
Punjab,Moga,2025-11-08,42,260.68,2,42.0,1,0.7670833333333335,1
Punjab,Moga,2025-11-09,44,261.92,2,43.0,1,0.8501805555555556,1
Punjab,Moga,2025-11-10,42,255.84,2,6.0,1,0.9023055555555557,1
Punjab,Moga,2025-11-11,43,211.15,2,19.0,1,0.9296805555555556,1
Punjab,Moga,2025-11-12,6,35.96,2,5.0,1,0.8001666666666671,1
Punjab,Moga,2025-11-13,19,121.15,2,13.0,1,0.920138888888889,1
Punjab,Moga,2025-11-14,5,37.97,2,8.0,1,0.7444999999999999,1
Punjab,Moga,2025-11-15,13,134.83,2,0.0,0,0.8642321428571428,1
Punjab,Moga,2025-11-16,8,74.97,2,1.0,0,0.8698749999999998,1
Punjab,Moga,2025-11-17,0,0.0,2,1.0,0,0.5332469433719433,1
Punjab,Moga,2025-11-18,1,2.11,2,1.0,0,0.5641993243243246,1
Punjab,Moga,2025-11-19,1,3.99,2,3.0,1,0.3996234314671814,1
Punjab,Moga,2025-11-20,1,3.84,2,1.0,0,0.4839107142857144,1
Punjab,Moga,2025-11-21,3,8.82,2,0.0,0,0.42513690476190474,1
Punjab,Moga,2025-11-22,1,2.94,2,2.0,0,0.4829285714285716,1
Punjab,Moga,2025-11-23,0,0.0,2,1.0,0,0.25847644927536234,0
Punjab,Pathankot,2025-10-15,0,0.0,2,0.0,0,0.05533468931822198,0
Punjab,Pathankot,2025-10-16,1,2.9,2,0.0,0,0.21642375977127934,0
Punjab,Pathankot,2025-10-17,0,0.0,2,0.0,0,0.09056224002176012,0
Punjab,Pathankot,2025-10-18,0,0.0,2,0.0,0,0.05974636329228047,0
Punjab,Pathankot,2025-10-19,0,0.0,2,0.0,0,0.03355992391466463,0
Punjab,Pathankot,2025-10-20,0,0.0,2,0.0,0,0.012828996613921988,0
Punjab,Pathankot,2025-10-21,0,0.0,2,0.0,0,0.07556481449192361,0
Punjab,Pathankot,2025-10-22,0,0.0,2,0.0,0,0.11093822820924154,0
Punjab,Pathankot,2025-10-23,0,0.0,2,0.0,0,0.06920452774564617,0
Punjab,Pathankot,2025-10-24,0,0.0,2,0.0,0,0.059762308405719666,0
Punjab,Pathankot,2025-10-25,0,0.0,2,0.0,0,0.019652144291451523,0
Punjab,Pathankot,2025-10-26,0,0.0,2,0.0,0,0.009714883056025659,0
Punjab,Pathankot,2025-10-27,0,0.0,2,0.0,0,0.01892916877031137,0
Punjab,Pathankot,2025-10-28,0,0.0,2,0.0,0,0.03170197162894978,0
Punjab,Pathankot,2025-10-29,0,0.0,2,0.0,0,0.015101570503587349,0
Punjab,Pathankot,2025-10-30,0,0.0,2,0.0,0,0.019131310958118188,0
Punjab,Pathankot,2025-10-31,0,0.0,2,1.0,0,0.010256549722692325,0
Punjab,Pathankot,2025-11-01,0,0.0,2,0.0,0,0.011387502103644706,0
Punjab,Pathankot,2025-11-02,1,3.28,2,2.0,0,0.07451648241992818,0
Punjab,Pathankot,2025-11-03,0,0.0,2,0.0,0,0.028280753968253965,0
Punjab,Pathankot,2025-11-04,2,5.140000000000001,2,0.0,0,0.09500641935026245,0
Punjab,Pathankot,2025-11-05,0,0.0,2,0.0,0,0.10638664062116077,0
Punjab,Pathankot,2025-11-06,0,0.0,2,1.0,0,0.0,0
Punjab,Pathankot,2025-11-07,0,0.0,2,0.0,0,0.012440476190476191,0
Punjab,Pathankot,2025-11-08,1,2.62,2,0.0,0,0.07130825931587177,0
Punjab,Pathankot,2025-11-09,0,0.0,2,0.0,0,0.07001893939393938,0
Punjab,Pathankot,2025-11-10,0,0.0,2,0.0,0,0.0025,0
Punjab,Pathankot,2025-11-11,0,0.0,2,0.0,0,0.017648809523809525,0
Punjab,Pathankot,2025-11-12,0,0.0,2,0.0,0,0.03541634804641053,0
Punjab,Pathankot,2025-11-13,0,0.0,2,2.0,0,0.0016666666666666666,0
Punjab,Pathankot,2025-11-14,0,0.0,2,0.0,0,0.00327919526863275,0
Punjab,Pathankot,2025-11-15,2,14.14,2,0.0,0,0.1507177658942365,0
Punjab,Pathankot,2025-11-16,0,0.0,2,0.0,0,0.1818103146853147,0
Punjab,Pathankot,2025-11-17,0,0.0,2,0.0,0,0.2088081501831503,0
Punjab,Pathankot,2025-11-18,0,0.0,2,0.0,0,0.16403393481518486,0
Punjab,Pathankot,2025-11-19,0,0.0,2,0.0,0,0.0038585464729839554,0
Punjab,Pathankot,2025-11-20,0,0.0,2,0.0,0,0.10536767399267397,0
Punjab,Pathankot,2025-11-21,0,0.0,2,0.0,0,0.002913033652471134,0
Punjab,Pathankot,2025-11-22,0,0.0,2,0.0,0,0.12523564593301434,0
Punjab,Pathankot,2025-11-23,0,0.0,2,0.0,0,0.0030797003191378007,0
Punjab,Patiala,2025-10-15,3,12.0,2,4.0,1,0.3550088177951081,0
Punjab,Patiala,2025-10-16,3,11.35,2,2.0,0,0.5353874807987712,1
Punjab,Patiala,2025-10-17,4,7.54,2,6.0,1,0.5136458333333335,1
Punjab,Patiala,2025-10-18,2,6.69,2,14.0,1,0.5912500000000002,1
Punjab,Patiala,2025-10-19,6,32.99,2,18.0,1,0.6767202380952384,1
Punjab,Patiala,2025-10-20,14,55.83,2,11.0,1,0.7583799603174605,1
Punjab,Patiala,2025-10-21,18,67.72,2,2.0,0,0.9095029761904763,1
Punjab,Patiala,2025-10-22,11,39.35,2,1.0,0,0.9559166666666666,1
Punjab,Patiala,2025-10-23,2,7.77,2,10.0,1,0.775791666666667,1
Punjab,Patiala,2025-10-24,1,4.24,2,4.0,1,0.7159503968253967,1
Punjab,Patiala,2025-10-25,10,45.56,2,11.0,1,0.8680654761904759,1
Punjab,Patiala,2025-10-26,4,12.28,2,6.0,1,0.654596153846154,1
Punjab,Patiala,2025-10-27,11,46.69,2,18.0,1,0.8310773809523808,1
Punjab,Patiala,2025-10-28,6,21.41,2,13.0,1,0.807095238095238,1
Punjab,Patiala,2025-10-29,18,70.32,2,41.0,1,0.9203095238095238,1
Punjab,Patiala,2025-10-30,13,65.51,2,44.0,1,0.97175,1
Punjab,Patiala,2025-10-31,41,264.78,2,27.0,1,0.9785,1
Punjab,Patiala,2025-11-01,44,278.56,2,11.0,1,0.9945833333333333,1
Punjab,Patiala,2025-11-02,27,170.95,2,20.0,1,0.9864583333333333,1
Punjab,Patiala,2025-11-03,11,56.78,2,10.0,1,0.9447916666666665,1
Punjab,Patiala,2025-11-04,20,118.09,2,24.0,1,0.9667916666666666,1
Punjab,Patiala,2025-11-05,10,30.91,2,12.0,1,0.8681249999999998,1
Punjab,Patiala,2025-11-06,24,97.21,2,21.0,1,0.8104583333333332,1
Punjab,Patiala,2025-11-07,12,65.89,2,30.0,1,0.846363095238095,1
Punjab,Patiala,2025-11-08,21,243.72,2,6.0,1,0.7590833333333336,1
Punjab,Patiala,2025-11-09,30,182.96,2,11.0,1,0.8391388888888892,1
Punjab,Patiala,2025-11-10,6,24.25,2,1.0,0,0.8063988095238095,1
Punjab,Patiala,2025-11-11,11,77.24000000000001,2,3.0,1,0.8365178571428573,1
Punjab,Patiala,2025-11-12,1,2.2,2,1.0,0,0.6876666666666668,1
Punjab,Patiala,2025-11-13,3,15.05,2,4.0,1,0.6467409909909911,1
Punjab,Patiala,2025-11-14,1,1.7,2,2.0,0,0.6222886100386102,1
Punjab,Patiala,2025-11-15,4,46.42,2,0.0,0,0.6892559523809525,1
Punjab,Patiala,2025-11-16,2,1.79,2,3.0,1,0.5620952380952383,1
Punjab,Patiala,2025-11-17,0,0.0,2,0.0,0,0.2690776397515528,0
Punjab,Patiala,2025-11-18,3,17.46,2,0.0,0,0.49544047619047604,1
Punjab,Patiala,2025-11-19,0,0.0,2,2.0,0,0.21481655844155845,0
Punjab,Patiala,2025-11-20,0,0.0,2,0.0,0,0.2701220238095239,0
Punjab,Patiala,2025-11-21,2,1.69,2,0.0,0,0.2759385822510822,0
Punjab,Patiala,2025-11-22,0,0.0,2,0.0,0,0.20916205533596838,0
Punjab,Patiala,2025-11-23,0,0.0,2,0.0,0,0.20151190476190478,0
Punjab,Rupnagar,2025-10-15,0,0.0,2,0.0,0,0.09214238001933371,0
Punjab,Rupnagar,2025-10-16,0,0.0,2,0.0,0,0.08949738174275651,0
Punjab,Rupnagar,2025-10-17,0,0.0,2,0.0,0,0.0989331586851124,0
Punjab,Rupnagar,2025-10-18,0,0.0,2,0.0,0,0.14935386991832364,0
Punjab,Rupnagar,2025-10-19,0,0.0,2,1.0,0,0.11315130859076232,0
Punjab,Rupnagar,2025-10-20,0,0.0,2,1.0,0,0.10233565418797558,0
Punjab,Rupnagar,2025-10-21,1,4.11,2,0.0,0,0.1435266131815045,0
Punjab,Rupnagar,2025-10-22,1,2.34,2,0.0,0,0.21134821428571435,0
Punjab,Rupnagar,2025-10-23,0,0.0,2,0.0,0,0.15434683868762822,0
Punjab,Rupnagar,2025-10-24,0,0.0,2,1.0,0,0.15869221297708141,0
Punjab,Rupnagar,2025-10-25,0,0.0,2,0.0,0,0.1233504556229393,0
Punjab,Rupnagar,2025-10-26,1,2.98,2,0.0,0,0.1731623801035565,0
Punjab,Rupnagar,2025-10-27,0,0.0,2,0.0,0,0.0885153466959186,0
Punjab,Rupnagar,2025-10-28,0,0.0,2,0.0,0,0.09586507560263283,0
Punjab,Rupnagar,2025-10-29,0,0.0,2,2.0,0,0.0660350409571957,0
Punjab,Rupnagar,2025-10-30,0,0.0,2,0.0,0,0.11656689490012308,0
Punjab,Rupnagar,2025-10-31,2,5.83,2,2.0,0,0.19104208844552908,0
Punjab,Rupnagar,2025-11-01,0,0.0,2,0.0,0,0.11848871432631025,0
Punjab,Rupnagar,2025-11-02,2,4.390000000000001,2,0.0,0,0.19271259767486182,0
Punjab,Rupnagar,2025-11-03,0,0.0,2,0.0,0,0.16772837089381207,0
Punjab,Rupnagar,2025-11-04,0,0.0,2,0.0,0,0.0525835285677963,0
Punjab,Rupnagar,2025-11-05,0,0.0,2,0.0,0,0.093859022556391,0
Punjab,Rupnagar,2025-11-06,0,0.0,2,1.0,0,0.05091812894514581,0
Punjab,Rupnagar,2025-11-07,0,0.0,2,0.0,0,0.04375,0
Punjab,Rupnagar,2025-11-08,1,4.05,2,0.0,0,0.09366826813421394,0
Punjab,Rupnagar,2025-11-09,0,0.0,2,1.0,0,0.07947727272727274,0
Punjab,Rupnagar,2025-11-10,0,0.0,2,0.0,0,0.009666666666666665,0
Punjab,Rupnagar,2025-11-11,1,1.61,2,0.0,0,0.11212520589997005,0
Punjab,Rupnagar,2025-11-12,0,0.0,2,0.0,0,0.06200694444444444,0
Punjab,Rupnagar,2025-11-13,0,0.0,2,0.0,0,0.004375,0
Punjab,Rupnagar,2025-11-14,0,0.0,2,0.0,0,0.007166666666666667,0
Punjab,Rupnagar,2025-11-15,0,0.0,2,0.0,0,0.019000000000000003,0
Punjab,Rupnagar,2025-11-16,0,0.0,2,0.0,0,0.01830952380952381,0
Punjab,Rupnagar,2025-11-17,0,0.0,2,0.0,0,0.01178108920802669,0
Punjab,Rupnagar,2025-11-18,0,0.0,2,0.0,0,0.017160714285714286,0
Punjab,Rupnagar,2025-11-19,0,0.0,2,0.0,0,0.013225533652471136,0
Punjab,Rupnagar,2025-11-20,0,0.0,2,0.0,0,0.017445153615841095,0
Punjab,Rupnagar,2025-11-21,0,0.0,2,0.0,0,0.011642200319137801,0
Punjab,Rupnagar,2025-11-22,0,0.0,2,0.0,0,0.012649168100975328,0
Punjab,Rupnagar,2025-11-23,0,0.0,2,0.0,0,0.013225533652471136,0
Punjab,S A S Nagar,2025-10-15,0,0.0,2,0.0,0,0.16367090219292238,0
Punjab,S A S Nagar,2025-10-16,1,2.96,2,1.0,0,0.20464496696114343,0
Punjab,S A S Nagar,2025-10-17,0,0.0,2,2.0,0,0.1558745346715548,0
Punjab,S A S Nagar,2025-10-18,1,3.32,2,4.0,1,0.3718101975638739,1
Punjab,S A S Nagar,2025-10-19,2,7.34,2,7.0,1,0.37424107142857144,1
Punjab,S A S Nagar,2025-10-20,4,12.04,2,5.0,1,0.5690863095238097,1
Punjab,S A S Nagar,2025-10-21,7,30.56,2,1.0,0,0.8513888888888888,1
Punjab,S A S Nagar,2025-10-22,5,14.5,2,3.0,1,0.8809464285714287,1
Punjab,S A S Nagar,2025-10-23,1,2.81,2,5.0,1,0.5848954173067078,1
Punjab,S A S Nagar,2025-10-24,3,13.09,2,6.0,1,0.7509608934971836,1
Punjab,S A S Nagar,2025-10-25,5,15.55,2,2.0,0,0.8397667748917751,1
Punjab,S A S Nagar,2025-10-26,6,17.49,2,2.0,0,0.7668571428571427,1
Punjab,S A S Nagar,2025-10-27,2,5.050000000000001,2,6.0,1,0.5279638278388279,1
Punjab,S A S Nagar,2025-10-28,2,5.97,2,1.0,0,0.527892156862745,1
Punjab,S A S Nagar,2025-10-29,6,13.11,2,8.0,1,0.609107142857143,1
Punjab,S A S Nagar,2025-10-30,1,4.68,2,1.0,0,0.6671785714285717,1
Punjab,S A S Nagar,2025-10-31,8,37.49,2,1.0,0,0.6874682539682537,1
Punjab,S A S Nagar,2025-11-01,1,3.44,2,2.0,0,0.5228798701298701,1
Punjab,S A S Nagar,2025-11-02,1,6.12,2,0.0,0,0.47189285714285717,1
Punjab,S A S Nagar,2025-11-03,2,9.99,2,2.0,0,0.5521845238095238,1
Punjab,S A S Nagar,2025-11-04,0,0.0,2,0.0,0,0.22189697802197803,0
Punjab,S A S Nagar,2025-11-05,2,4.29,2,1.0,0,0.3624129412254415,0
Punjab,S A S Nagar,2025-11-06,0,0.0,2,2.0,0,0.19831845238095236,0
Punjab,S A S Nagar,2025-11-07,1,9.43,2,0.0,0,0.33255522971651996,0
Punjab,S A S Nagar,2025-11-08,2,7.57,2,0.0,0,0.3114317535190177,0
Punjab,S A S Nagar,2025-11-09,0,0.0,2,0.0,0,0.14233928571428575,0
Punjab,S A S Nagar,2025-11-10,0,0.0,2,1.0,0,0.16209767316017318,0
Punjab,S A S Nagar,2025-11-11,0,0.0,2,1.0,0,0.05936607142857143,0
Punjab,S A S Nagar,2025-11-12,1,1.59,2,0.0,0,0.12444861859838277,0
Punjab,S A S Nagar,2025-11-13,1,8.49,2,0.0,0,0.17375539964413433,0
Punjab,S A S Nagar,2025-11-14,0,0.0,2,0.0,0,0.07986850649350649,0
Punjab,S A S Nagar,2025-11-15,0,0.0,2,0.0,0,0.11748214285714288,0
Punjab,S A S Nagar,2025-11-16,0,0.0,2,0.0,0,0.05399404761904761,0
Punjab,S A S Nagar,2025-11-17,0,0.0,2,0.0,0,0.013851190476190475,0
Punjab,S A S Nagar,2025-11-18,0,0.0,2,0.0,0,0.008875000000000001,0
Punjab,S A S Nagar,2025-11-19,0,0.0,2,0.0,0,0.005559523809523809,0
Punjab,S A S Nagar,2025-11-20,0,0.0,2,0.0,0,0.021319141604010022,0
Punjab,S A S Nagar,2025-11-21,0,0.0,2,0.0,0,0.007994047619047618,0
Punjab,S A S Nagar,2025-11-22,0,0.0,2,1.0,0,0.008660714285714285,0
Punjab,S A S Nagar,2025-11-23,0,0.0,2,0.0,0,0.009207989792822011,0
Punjab,Sangrur,2025-10-15,1,3.06,2,4.0,1,0.33904563492063494,0
Punjab,Sangrur,2025-10-16,1,2.95,2,0.0,0,0.26438798701298705,0
Punjab,Sangrur,2025-10-17,4,43.34,2,2.0,0,0.43999462365591396,1
Punjab,Sangrur,2025-10-18,0,0.0,2,4.0,1,0.4052760989010988,1
Punjab,Sangrur,2025-10-19,2,8.45,2,10.0,1,0.49344898873527926,1
Punjab,Sangrur,2025-10-20,4,19.33,2,4.0,1,0.6330714634827541,1
Punjab,Sangrur,2025-10-21,10,67.47,2,6.0,1,0.7682152777777778,1
Punjab,Sangrur,2025-10-22,4,19.44,2,11.0,1,0.7884161255411256,1
Punjab,Sangrur,2025-10-23,6,55.41,2,19.0,1,0.7828452380952382,1
Punjab,Sangrur,2025-10-24,11,77.94,2,27.0,1,0.8001785714285714,1
Punjab,Sangrur,2025-10-25,19,200.61,2,21.0,1,0.9681666666666666,1
Punjab,Sangrur,2025-10-26,27,227.44,2,13.0,1,0.973422619047619,1
Punjab,Sangrur,2025-10-27,21,116.16,2,48.0,1,0.9866666666666668,1
Punjab,Sangrur,2025-10-28,13,91.69,2,65.0,1,0.9633749999999999,1
Punjab,Sangrur,2025-10-29,48,383.99,2,127.0,1,0.9945833333333333,1
Punjab,Sangrur,2025-10-30,65,519.6,2,69.0,1,0.9869642857142855,1
Punjab,Sangrur,2025-10-31,127,802.9,2,65.0,1,0.9916666666666666,1
Punjab,Sangrur,2025-11-01,69,385.86,2,38.0,1,0.9954166666666667,1
Punjab,Sangrur,2025-11-02,65,496.09,2,62.0,1,0.9845833333333331,1
Punjab,Sangrur,2025-11-03,38,224.56,2,22.0,1,0.9614583333333333,1
Punjab,Sangrur,2025-11-04,62,456.91,2,24.0,1,0.9866666666666667,1
Punjab,Sangrur,2025-11-05,22,212.23,2,50.0,1,0.8457440476190474,1
Punjab,Sangrur,2025-11-06,24,185.22,2,41.0,1,0.9664880952380951,1
Punjab,Sangrur,2025-11-07,50,258.85,2,37.0,1,0.9306666666666666,1
Punjab,Sangrur,2025-11-08,41,163.3,2,24.0,1,0.75625,1
Punjab,Sangrur,2025-11-09,37,240.81,2,19.0,1,0.8672083333333334,1
Punjab,Sangrur,2025-11-10,24,156.23,2,3.0,1,0.929,1
Punjab,Sangrur,2025-11-11,19,108.34,2,7.0,1,0.9360952380952381,1
Punjab,Sangrur,2025-11-12,3,5.16,2,6.0,1,0.7413392857142856,1
Punjab,Sangrur,2025-11-13,7,33.92,2,2.0,0,0.708119047619048,1
Punjab,Sangrur,2025-11-14,6,51.3,2,0.0,0,0.7339999999999999,1
Punjab,Sangrur,2025-11-15,2,4.51,2,3.0,1,0.5180003501400561,1
Punjab,Sangrur,2025-11-16,0,0.0,2,0.0,0,0.5281576576576577,1
Punjab,Sangrur,2025-11-17,3,8.42,2,0.0,0,0.4400907738095239,1
Punjab,Sangrur,2025-11-18,0,0.0,2,1.0,0,0.481125258799172,1
Punjab,Sangrur,2025-11-19,0,0.0,2,0.0,0,0.27485416666666673,0
Punjab,Sangrur,2025-11-20,1,3.44,2,0.0,0,0.3452678571428571,0
Punjab,Sangrur,2025-11-21,0,0.0,2,0.0,0,0.25010227272727276,0
Punjab,Sangrur,2025-11-22,0,0.0,2,0.0,0,0.16705357142857147,0
Punjab,Sangrur,2025-11-23,0,0.0,2,0.0,0,0.130887987012987,0
Punjab,Shahid Bhagat Singh Nagar,2025-10-15,0,0.0,2,1.0,0,0.18972637870170772,0
Punjab,Shahid Bhagat Singh Nagar,2025-10-16,0,0.0,2,0.0,0,0.09669397269397266,0
Punjab,Shahid Bhagat Singh Nagar,2025-10-17,1,3.94,2,0.0,0,0.1833151085026085,0
Punjab,Shahid Bhagat Singh Nagar,2025-10-18,0,0.0,2,0.0,0,0.23783972491431865,0
Punjab,Shahid Bhagat Singh Nagar,2025-10-19,0,0.0,2,5.0,1,0.10354973896072966,0
Punjab,Shahid Bhagat Singh Nagar,2025-10-20,0,0.0,2,3.0,1,0.11658552539651612,0
Punjab,Shahid Bhagat Singh Nagar,2025-10-21,5,28.2,2,0.0,0,0.3161930363543266,0
Punjab,Shahid Bhagat Singh Nagar,2025-10-22,3,9.35,2,0.0,0,0.6978160522273427,1
Punjab,Shahid Bhagat Singh Nagar,2025-10-23,0,0.0,2,0.0,0,0.37127696134275084,1
Punjab,Shahid Bhagat Singh Nagar,2025-10-24,0,0.0,2,1.0,0,0.48135686188811194,1
Punjab,Shahid Bhagat Singh Nagar,2025-10-25,0,0.0,2,3.0,1,0.23536665764790776,0
Punjab,Shahid Bhagat Singh Nagar,2025-10-26,1,1.55,2,0.0,0,0.4090928030303032,1
Punjab,Shahid Bhagat Singh Nagar,2025-10-27,3,11.89,2,1.0,0,0.3796245839733743,1
Punjab,Shahid Bhagat Singh Nagar,2025-10-28,0,0.0,2,0.0,0,0.5025319146433275,1
Punjab,Shahid Bhagat Singh Nagar,2025-10-29,1,7.58,2,1.0,0,0.5421033805031447,1
Punjab,Shahid Bhagat Singh Nagar,2025-10-30,0,0.0,2,6.0,1,0.30937887806637804,0
Punjab,Shahid Bhagat Singh Nagar,2025-10-31,1,2.69,2,9.0,1,0.23794762653489065,0
Punjab,Shahid Bhagat Singh Nagar,2025-11-01,6,25.75,2,3.0,1,0.6154484126984127,1
Punjab,Shahid Bhagat Singh Nagar,2025-11-02,9,46.72,2,3.0,1,0.8239185606060603,1
Punjab,Shahid Bhagat Singh Nagar,2025-11-03,3,7.68,2,1.0,0,0.48963392857142884,1
Punjab,Shahid Bhagat Singh Nagar,2025-11-04,3,13.45,2,4.0,1,0.6646064425770308,1
Punjab,Shahid Bhagat Singh Nagar,2025-11-05,1,0.97,2,3.0,1,0.5540826330532213,1
Punjab,Shahid Bhagat Singh Nagar,2025-11-06,4,11.08,2,4.0,1,0.5089648617511522,1
Punjab,Shahid Bhagat Singh Nagar,2025-11-07,3,11.85,2,0.0,0,0.5062794221907125,1
Punjab,Shahid Bhagat Singh Nagar,2025-11-08,4,15.3,2,0.0,0,0.528120421245421,1
Punjab,Shahid Bhagat Singh Nagar,2025-11-09,0,0.0,2,1.0,0,0.2393595661584792,0
Punjab,Shahid Bhagat Singh Nagar,2025-11-10,0,0.0,2,3.0,1,0.3154875541125541,0
Punjab,Shahid Bhagat Singh Nagar,2025-11-11,1,3.51,2,3.0,1,0.3396850998463901,0
Punjab,Shahid Bhagat Singh Nagar,2025-11-12,3,10.78,2,0.0,0,0.23131923431778875,0
Punjab,Shahid Bhagat Singh Nagar,2025-11-13,3,15.14,2,2.0,0,0.4627121952999562,1
Punjab,Shahid Bhagat Singh Nagar,2025-11-14,0,0.0,2,2.0,0,0.2693931159420291,0
Punjab,Shahid Bhagat Singh Nagar,2025-11-15,2,5.73,2,0.0,0,0.2959226190476191,0
Punjab,Shahid Bhagat Singh Nagar,2025-11-16,2,5.65,2,0.0,0,0.33326211066187467,0
Punjab,Shahid Bhagat Singh Nagar,2025-11-17,0,0.0,2,3.0,1,0.15144716248663617,0
Punjab,Shahid Bhagat Singh Nagar,2025-11-18,0,0.0,2,0.0,0,0.18676942355889725,0
Punjab,Shahid Bhagat Singh Nagar,2025-11-19,3,9.82,2,0.0,0,0.32230476939203356,0
Punjab,Shahid Bhagat Singh Nagar,2025-11-20,0,0.0,2,0.0,0,0.1549466873706004,0
Punjab,Shahid Bhagat Singh Nagar,2025-11-21,0,0.0,2,0.0,0,0.1480124458874459,0
Punjab,Shahid Bhagat Singh Nagar,2025-11-22,0,0.0,2,0.0,0,0.1341210317460318,0
Punjab,Shahid Bhagat Singh Nagar,2025-11-23,0,0.0,2,0.0,0,0.039588293650793645,0
Punjab,Sri Muktsar Sahib,2025-10-15,0,0.0,2,0.0,0,0.34416865079365083,0
Punjab,Sri Muktsar Sahib,2025-10-16,1,5.86,2,2.0,0,0.14059762572630738,0
Punjab,Sri Muktsar Sahib,2025-10-17,0,0.0,2,2.0,0,0.3605297619047619,0
Punjab,Sri Muktsar Sahib,2025-10-18,2,8.21,2,0.0,0,0.17547676651305683,0
Punjab,Sri Muktsar Sahib,2025-10-19,2,8.68,2,4.0,1,0.40434581413210435,1
Punjab,Sri Muktsar Sahib,2025-10-20,0,0.0,2,10.0,1,0.30018614718614717,0
Punjab,Sri Muktsar Sahib,2025-10-21,4,17.89,2,1.0,0,0.6091388888888889,1
Punjab,Sri Muktsar Sahib,2025-10-22,10,37.72,2,2.0,0,0.7441359126984126,1
Punjab,Sri Muktsar Sahib,2025-10-23,1,3.49,2,2.0,0,0.5484727982590883,1
Punjab,Sri Muktsar Sahib,2025-10-24,2,16.65,2,13.0,1,0.6207916666666666,1
Punjab,Sri Muktsar Sahib,2025-10-25,2,7.71,2,0.0,0,0.6246145731508634,1
Punjab,Sri Muktsar Sahib,2025-10-26,13,86.17,2,2.0,0,0.7688541666666668,1
Punjab,Sri Muktsar Sahib,2025-10-27,0,0.0,2,7.0,1,0.593385409072909,1
Punjab,Sri Muktsar Sahib,2025-10-28,2,11.65,2,12.0,1,0.5591279761904764,1
Punjab,Sri Muktsar Sahib,2025-10-29,7,33.11,2,17.0,1,0.7662361111111109,1
Punjab,Sri Muktsar Sahib,2025-10-30,12,70.77,2,21.0,1,0.8665890151515153,1
Punjab,Sri Muktsar Sahib,2025-10-31,17,171.26,2,41.0,1,0.9471249999999999,1
Punjab,Sri Muktsar Sahib,2025-11-01,21,102.23,2,12.0,1,0.94125,1
Punjab,Sri Muktsar Sahib,2025-11-02,41,334.81,2,15.0,1,0.96625,1
Punjab,Sri Muktsar Sahib,2025-11-03,12,70.67999999999999,2,29.0,1,0.9558749999999999,1
Punjab,Sri Muktsar Sahib,2025-11-04,15,124.78,2,48.0,1,0.9532499999999997,1
Punjab,Sri Muktsar Sahib,2025-11-05,29,173.99,2,37.0,1,0.9137916666666668,1
Punjab,Sri Muktsar Sahib,2025-11-06,48,331.47,2,25.0,1,0.9629166666666664,1
Punjab,Sri Muktsar Sahib,2025-11-07,37,200.69,2,28.0,1,0.9497619047619048,1
Punjab,Sri Muktsar Sahib,2025-11-08,25,149.07999999999998,2,31.0,1,0.750513888888889,1
Punjab,Sri Muktsar Sahib,2025-11-09,28,136.62,2,39.0,1,0.8530416666666666,1
Punjab,Sri Muktsar Sahib,2025-11-10,31,131.89,2,14.0,1,0.8692222222222225,1
Punjab,Sri Muktsar Sahib,2025-11-11,39,236.67,2,21.0,1,0.9210674603174605,1
Punjab,Sri Muktsar Sahib,2025-11-12,14,71.45,2,20.0,1,0.8968869047619047,1
Punjab,Sri Muktsar Sahib,2025-11-13,21,114.28,2,32.0,1,0.962375,1
Punjab,Sri Muktsar Sahib,2025-11-14,20,110.72,2,28.0,1,0.9604166666666667,1
Punjab,Sri Muktsar Sahib,2025-11-15,32,161.38,2,9.0,1,0.9562499999999998,1
Punjab,Sri Muktsar Sahib,2025-11-16,28,148.9,2,10.0,1,0.9480119047619049,1
Punjab,Sri Muktsar Sahib,2025-11-17,9,21.88,2,9.0,1,0.8196354166666666,1
Punjab,Sri Muktsar Sahib,2025-11-18,10,38.26,2,8.0,1,0.7630119047619046,1
Punjab,Sri Muktsar Sahib,2025-11-19,9,38.03,2,4.0,1,0.7710535714285716,1
Punjab,Sri Muktsar Sahib,2025-11-20,8,34.36,2,4.0,1,0.6645833333333334,1
Punjab,Sri Muktsar Sahib,2025-11-21,4,16.88,2,12.0,1,0.4740122549019608,1
Punjab,Sri Muktsar Sahib,2025-11-22,4,12.72,2,0.0,0,0.3770416666666667,1
Punjab,Sri Muktsar Sahib,2025-11-23,12,164.88,2,2.0,0,0.5873237628384687,1
Punjab,Tarn Taran,2025-10-15,16,63.69,2,21.0,1,0.44288690476190484,1
Punjab,Tarn Taran,2025-10-16,28,119.02,2,30.0,1,0.6365416666666668,1
Punjab,Tarn Taran,2025-10-17,21,79.39,2,45.0,1,0.8938333333333333,1
Punjab,Tarn Taran,2025-10-18,30,124.33,2,34.0,1,0.9550059523809523,1
Punjab,Tarn Taran,2025-10-19,45,228.67,2,36.0,1,0.947375,1
Punjab,Tarn Taran,2025-10-20,34,139.39,2,35.0,1,0.9699166666666666,1
Punjab,Tarn Taran,2025-10-21,36,129.44,2,21.0,1,0.9778333333333333,1
Punjab,Tarn Taran,2025-10-22,35,183.31,2,18.0,1,0.9880000000000001,1
Punjab,Tarn Taran,2025-10-23,21,99.69,2,45.0,1,0.972125,1
Punjab,Tarn Taran,2025-10-24,18,109.0,2,62.0,1,0.9325416666666666,1
Punjab,Tarn Taran,2025-10-25,45,224.23,2,39.0,1,0.9879166666666666,1
Punjab,Tarn Taran,2025-10-26,62,283.48,2,22.0,1,0.9860833333333333,1
Punjab,Tarn Taran,2025-10-27,39,154.78,2,54.0,1,0.9734583333333333,1
Punjab,Tarn Taran,2025-10-28,22,130.01,2,48.0,1,0.9893750000000001,1
Punjab,Tarn Taran,2025-10-29,54,438.06,2,87.0,1,0.9406904761904762,1
Punjab,Tarn Taran,2025-10-30,48,232.45,2,71.0,1,0.9734583333333334,1
Punjab,Tarn Taran,2025-10-31,87,391.43,2,59.0,1,0.995,1
Punjab,Tarn Taran,2025-11-01,71,330.73,2,33.0,1,0.9790416666666667,1
Punjab,Tarn Taran,2025-11-02,59,307.36,2,63.0,1,0.9848333333333333,1
Punjab,Tarn Taran,2025-11-03,33,138.16,2,5.0,1,0.9856666666666666,1
Punjab,Tarn Taran,2025-11-04,63,392.89,2,44.0,1,0.870125,1
Punjab,Tarn Taran,2025-11-05,5,15.96,2,29.0,1,0.8722425595238095,1
Punjab,Tarn Taran,2025-11-06,44,172.83,2,31.0,1,0.9001666666666667,1
Punjab,Tarn Taran,2025-11-07,29,157.01,2,41.0,1,0.9620833333333334,1
Punjab,Tarn Taran,2025-11-08,31,146.95,2,58.0,1,0.778375,1
Punjab,Tarn Taran,2025-11-09,41,243.63,2,48.0,1,0.861375,1
Punjab,Tarn Taran,2025-11-10,58,351.23,2,18.0,1,0.9338333333333333,1
Punjab,Tarn Taran,2025-11-11,48,221.82,2,17.0,1,0.9542916666666668,1
Punjab,Tarn Taran,2025-11-12,18,70.46000000000001,2,23.0,1,0.9772708333333333,1
Punjab,Tarn Taran,2025-11-13,17,79.45,2,12.0,1,0.9424166666666666,1
Punjab,Tarn Taran,2025-11-14,23,97.54,2,12.0,1,0.9647708333333334,1
Punjab,Tarn Taran,2025-11-15,12,45.89,2,5.0,1,0.9036666666666667,1
Punjab,Tarn Taran,2025-11-16,12,50.37,2,3.0,1,0.8863988095238097,1
Punjab,Tarn Taran,2025-11-17,5,19.08,2,0.0,0,0.692599702380952,1
Punjab,Tarn Taran,2025-11-18,3,8.22,2,3.0,1,0.50188236003861,1
Punjab,Tarn Taran,2025-11-19,0,0.0,2,4.0,1,0.42213087194337207,1
Punjab,Tarn Taran,2025-11-20,3,13.18,2,2.0,0,0.42757440476190484,1
Punjab,Tarn Taran,2025-11-21,4,29.09,2,0.0,0,0.507281746031746,1
Punjab,Tarn Taran,2025-11-22,2,6.27,2,0.0,0,0.4170744047619048,1
Punjab,Tarn Taran,2025-11-23,0,0.0,2,0.0,0,0.23785640265531566,0
