state,district,date,fire_count,frp_sum,horizon,target_fire_count,actual_elevated,probability,prediction
Haryana,Ambala,2025-10-15,0,0.0,3,0.0,0,0.11545370662445725,0
Haryana,Ambala,2025-10-16,2,3.1,3,1.0,0,0.14460994151444115,0
Haryana,Ambala,2025-10-17,0,0.0,3,3.0,1,0.0808010727759083,0
Haryana,Ambala,2025-10-18,0,0.0,3,2.0,0,0.16122145495647028,0
Haryana,Ambala,2025-10-19,1,7.36,3,1.0,0,0.48134427772919475,1
Haryana,Ambala,2025-10-20,3,8.36,3,0.0,0,0.38818443756935467,1
Haryana,Ambala,2025-10-21,2,5.03,3,0.0,0,0.40340662287867324,1
Haryana,Ambala,2025-10-22,1,3.08,3,1.0,0,0.4333628857284837,1
Haryana,Ambala,2025-10-23,0,0.0,3,4.0,1,0.21041210178710176,0
Haryana,Ambala,2025-10-24,0,0.0,3,2.0,0,0.2805678535301176,0
Haryana,Ambala,2025-10-25,1,2.44,3,0.0,0,0.3569653416958019,1
Haryana,Ambala,2025-10-26,4,14.37,3,2.0,0,0.6570899201164131,1
Haryana,Ambala,2025-10-27,2,3.93,3,0.0,0,0.5160535673703827,1
Haryana,Ambala,2025-10-28,0,0.0,3,3.0,1,0.33142897727272697,0
Haryana,Ambala,2025-10-29,2,5.92,3,0.0,0,0.3768660810625613,1
Haryana,Ambala,2025-10-30,0,0.0,3,4.0,1,0.18865651634110936,0
Haryana,Ambala,2025-10-31,3,11.989999999999998,3,0.0,0,0.5849105104048143,1
Haryana,Ambala,2025-11-01,0,0.0,3,0.0,0,0.3215238758185635,0
Haryana,Ambala,2025-11-02,4,11.68,3,0.0,0,0.43123473387893896,1
Haryana,Ambala,2025-11-03,0,0.0,3,0.0,0,0.4908885259066073,1
Haryana,Ambala,2025-11-04,0,0.0,3,1.0,0,0.1434786255411256,0
Haryana,Ambala,2025-11-05,0,0.0,3,1.0,0,0.4086903856769107,1
Haryana,Ambala,2025-11-06,0,0.0,3,0.0,0,0.028198761104649032,0
Haryana,Ambala,2025-11-07,1,1.65,3,0.0,0,0.30541019769474803,0
Haryana,Ambala,2025-11-08,1,2.63,3,0.0,0,0.05094953990624534,0
Haryana,Ambala,2025-11-09,0,0.0,3,0.0,0,0.05160017066267067,0
Haryana,Ambala,2025-11-10,0,0.0,3,2.0,0,0.027401190476190468,0
Haryana,Ambala,2025-11-11,0,0.0,3,0.0,0,0.026122335666045552,0
Haryana,Ambala,2025-11-12,0,0.0,3,0.0,0,0.056096848984348975,0
Haryana,Ambala,2025-11-13,2,8.79,3,0.0,0,0.09316500349322596,0
Haryana,Ambala,2025-11-14,0,0.0,3,0.0,0,0.06013689052175895,0
Haryana,Ambala,2025-11-15,0,0.0,3,0.0,0,0.08338701375286957,0
Haryana,Ambala,2025-11-16,0,0.0,3,0.0,0,0.07689487800528991,0
Haryana,Ambala,2025-11-17,0,0.0,3,0.0,0,0.006067830483509289,0
Haryana,Ambala,2025-11-18,0,0.0,3,0.0,0,0.1330291640767687,0
Haryana,Ambala,2025-11-19,0,0.0,3,0.0,0,0.006225298015976822,0
Haryana,Ambala,2025-11-20,0,0.0,3,1.0,0,0.02689965867465868,0
Haryana,Ambala,2025-11-21,0,0.0,3,0.0,0,0.005654775515221764,0
Haryana,Ambala,2025-11-22,0,0.0,3,0.0,0,0.020088383573829822,0
Haryana,Ambala,2025-11-23,1,5.52,3,1.0,0,0.09093767566283048,0
Haryana,Bhiwani,2025-10-15,0,0.0,3,2.0,0,0.04007996489610072,0
Haryana,Bhiwani,2025-10-16,1,1.3,3,0.0,0,0.06483029166573792,0
Haryana,Bhiwani,2025-10-17,0,0.0,3,2.0,0,0.06977450429189297,0
Haryana,Bhiwani,2025-10-18,2,7.77,3,1.0,0,0.35086729610515455,1
Haryana,Bhiwani,2025-10-19,0,0.0,3,6.0,1,0.06842991374488085,0
Haryana,Bhiwani,2025-10-20,2,8.27,3,0.0,0,0.35824813277507767,1
Haryana,Bhiwani,2025-10-21,1,2.59,3,0.0,0,0.18958151581395652,0
Haryana,Bhiwani,2025-10-22,6,11.41,3,0.0,0,0.4427698975216386,1
Haryana,Bhiwani,2025-10-23,0,0.0,3,1.0,0,0.5045531032796983,1
Haryana,Bhiwani,2025-10-24,0,0.0,3,0.0,0,0.2163732219577807,0
Haryana,Bhiwani,2025-10-25,0,0.0,3,0.0,0,0.3690333059613242,1
Haryana,Bhiwani,2025-10-26,1,2.52,3,0.0,0,0.11067922175725077,0
Haryana,Bhiwani,2025-10-27,0,0.0,3,0.0,0,0.2805493368696979,0
Haryana,Bhiwani,2025-10-28,0,0.0,3,0.0,0,0.09974519570341946,0
Haryana,Bhiwani,2025-10-29,0,0.0,3,0.0,0,0.11250342157842161,0
Haryana,Bhiwani,2025-10-30,0,0.0,3,0.0,0,0.0637717813790956,0
Haryana,Bhiwani,2025-10-31,0,0.0,3,0.0,0,0.12207004821374025,0
Haryana,Bhiwani,2025-11-01,0,0.0,3,0.0,0,0.1292986824224414,0
Haryana,Bhiwani,2025-11-02,0,0.0,3,1.0,0,0.05543496682196372,0
Haryana,Bhiwani,2025-11-03,0,0.0,3,2.0,0,0.15479837931676177,0
Haryana,Bhiwani,2025-11-04,0,0.0,3,4.0,1,0.08930891857110901,0
Haryana,Bhiwani,2025-11-05,1,12.65,3,0.0,0,0.1880705201661084,0
Haryana,Bhiwani,2025-11-06,2,6.279999999999999,3,0.0,0,0.13207383840186743,0
Haryana,Bhiwani,2025-11-07,4,11.12,3,0.0,0,0.2518584430275606,0
Haryana,Bhiwani,2025-11-08,0,0.0,3,7.0,1,0.2882233783091069,0
Haryana,Bhiwani,2025-11-09,0,0.0,3,0.0,0,0.126796405037134,0
Haryana,Bhiwani,2025-11-10,0,0.0,3,0.0,0,0.2259596587029154,0
Haryana,Bhiwani,2025-11-11,7,24.64,3,0.0,0,0.2412606596190188,0
Haryana,Bhiwani,2025-11-12,0,0.0,3,1.0,0,0.4702036647140465,1
Haryana,Bhiwani,2025-11-13,0,0.0,3,3.0,1,0.23698317969328184,0
Haryana,Bhiwani,2025-11-14,0,0.0,3,3.0,1,0.3775597231715649,1
Haryana,Bhiwani,2025-11-15,1,2.09,3,0.0,0,0.04194488891997672,0
Haryana,Bhiwani,2025-11-16,3,11.48,3,0.0,0,0.35003924464282477,1
Haryana,Bhiwani,2025-11-17,3,19.94,3,0.0,0,0.24869058397513452,0
Haryana,Bhiwani,2025-11-18,0,0.0,3,0.0,0,0.3502834348676154,1
Haryana,Bhiwani,2025-11-19,0,0.0,3,3.0,1,0.1913914614796968,0
Haryana,Bhiwani,2025-11-20,0,0.0,3,1.0,0,0.16427926712293733,0
Haryana,Bhiwani,2025-11-21,0,0.0,3,0.0,0,0.12632374243403663,0
Haryana,Bhiwani,2025-11-22,3,16.310000000000002,3,0.0,0,0.2613034996087054,0
Haryana,Bhiwani,2025-11-23,1,2.64,3,0.0,0,0.2043926724972205,0
Haryana,Charkhi Dadri,2025-10-15,0,0.0,3,0.0,0,0.09744797733433211,0
Haryana,Charkhi Dadri,2025-10-16,0,0.0,3,0.0,0,0.011898118722950197,0
Haryana,Charkhi Dadri,2025-10-17,0,0.0,3,0.0,0,0.1040848950162619,0
Haryana,Charkhi Dadri,2025-10-18,0,0.0,3,0.0,0,0.019454757855876095,0
Haryana,Charkhi Dadri,2025-10-19,0,0.0,3,0.0,0,0.004775504406307978,0
Haryana,Charkhi Dadri,2025-10-20,0,0.0,3,0.0,0,0.015472474103277673,0
Haryana,Charkhi Dadri,2025-10-21,0,0.0,3,0.0,0,0.04713672364683756,0
Haryana,Charkhi Dadri,2025-10-22,0,0.0,3,0.0,0,0.00908289000316726,0
Haryana,Charkhi Dadri,2025-10-23,0,0.0,3,0.0,0,0.04647586407578401,0
Haryana,Charkhi Dadri,2025-10-24,0,0.0,3,0.0,0,0.052950205091378884,0
Haryana,Charkhi Dadri,2025-10-25,0,0.0,3,0.0,0,0.0035201238390092883,0
Haryana,Charkhi Dadri,2025-10-26,0,0.0,3,0.0,0,0.02825861440947002,0
Haryana,Charkhi Dadri,2025-10-27,0,0.0,3,0.0,0,0.04558410945717999,0
Haryana,Charkhi Dadri,2025-10-28,0,0.0,3,0.0,0,0.06442580257653213,0
Haryana,Charkhi Dadri,2025-10-29,0,0.0,3,1.0,0,0.08622095676301819,0
Haryana,Charkhi Dadri,2025-10-30,0,0.0,3,0.0,0,0.045408105725064284,0
Haryana,Charkhi Dadri,2025-10-31,0,0.0,3,0.0,0,0.037012021531100475,0
Haryana,Charkhi Dadri,2025-11-01,1,2.49,3,0.0,0,0.012053402697221143,0
Haryana,Charkhi Dadri,2025-11-02,0,0.0,3,0.0,0,0.04216406751143593,0
Haryana,Charkhi Dadri,2025-11-03,0,0.0,3,0.0,0,0.038159867544735965,0
Haryana,Charkhi Dadri,2025-11-04,0,0.0,3,0.0,0,0.04321012101933155,0
Haryana,Charkhi Dadri,2025-11-05,0,0.0,3,0.0,0,0.022015274746262133,0
Haryana,Charkhi Dadri,2025-11-06,0,0.0,3,0.0,0,0.12593038992051706,0
Haryana,Charkhi Dadri,2025-11-07,0,0.0,3,0.0,0,0.03566841246988305,0
Haryana,Charkhi Dadri,2025-11-08,0,0.0,3,0.0,0,0.05712819370119925,0
Haryana,Charkhi Dadri,2025-11-09,0,0.0,3,0.0,0,0.03815943299117361,0
Haryana,Charkhi Dadri,2025-11-10,0,0.0,3,0.0,0,0.041661597493338115,0
Haryana,Charkhi Dadri,2025-11-11,0,0.0,3,2.0,0,0.0461377879695286,0
Haryana,Charkhi Dadri,2025-11-12,0,0.0,3,0.0,0,0.03678335074009136,0
Haryana,Charkhi Dadri,2025-11-13,0,0.0,3,1.0,0,0.03678335074009136,0
Haryana,Charkhi Dadri,2025-11-14,2,11.48,3,0.0,0,0.08097253052501768,0
Haryana,Charkhi Dadri,2025-11-15,0,0.0,3,0.0,0,0.10364209197665081,0
Haryana,Charkhi Dadri,2025-11-16,1,2.21,3,0.0,0,0.13948378262431163,0
Haryana,Charkhi Dadri,2025-11-17,0,0.0,3,0.0,0,0.0901470171984878,0
Haryana,Charkhi Dadri,2025-11-18,0,0.0,3,0.0,0,0.041233919022154314,0
Haryana,Charkhi Dadri,2025-11-19,0,0.0,3,0.0,0,0.1495605342370049,0
Haryana,Charkhi Dadri,2025-11-20,0,0.0,3,0.0,0,0.04443010448401858,0
Haryana,Charkhi Dadri,2025-11-21,0,0.0,3,0.0,0,0.07582012448335979,0
Haryana,Charkhi Dadri,2025-11-22,0,0.0,3,0.0,0,0.050029993333907424,0
Haryana,Charkhi Dadri,2025-11-23,0,0.0,3,0.0,0,0.04912090745687347,0
Haryana,Faridabad,2025-10-15,3,2.53,3,1.0,0,0.1664857138475561,0
Haryana,Faridabad,2025-10-16,0,0.0,3,0.0,0,0.12105053407802778,0
Haryana,Faridabad,2025-10-17,2,3.04,3,1.0,0,0.18549796065135826,0
Haryana,Faridabad,2025-10-18,1,0.31,3,0.0,0,0.33346797423518376,0
Haryana,Faridabad,2025-10-19,0,0.0,3,1.0,0,0.1764952858425652,0
Haryana,Faridabad,2025-10-20,1,0.53,3,0.0,0,0.21813646735308517,0
Haryana,Faridabad,2025-10-21,0,0.0,3,0.0,0,0.15920327848755395,0
Haryana,Faridabad,2025-10-22,1,0.74,3,0.0,0,0.28221780934900403,0
Haryana,Faridabad,2025-10-23,0,0.0,3,4.0,1,0.06272357642357643,0
Haryana,Faridabad,2025-10-24,0,0.0,3,0.0,0,0.11195725337613888,0
Haryana,Faridabad,2025-10-25,0,0.0,3,0.0,0,0.08086058110528838,0
Haryana,Faridabad,2025-10-26,4,4.0600000000000005,3,0.0,0,0.1294223853628046,0
Haryana,Faridabad,2025-10-27,0,0.0,3,0.0,0,0.13891574332530224,0
Haryana,Faridabad,2025-10-28,0,0.0,3,1.0,0,0.16511982358990082,0
Haryana,Faridabad,2025-10-29,0,0.0,3,5.0,1,0.18099618099332615,0
Haryana,Faridabad,2025-10-30,0,0.0,3,2.0,0,0.14421413598620914,0
Haryana,Faridabad,2025-10-31,1,0.79,3,3.0,1,0.29134265740796605,0
Haryana,Faridabad,2025-11-01,5,3.69,3,0.0,0,0.10131682263814618,0
Haryana,Faridabad,2025-11-02,2,1.52,3,8.0,1,0.24761019470725337,0
Haryana,Faridabad,2025-11-03,3,1.28,3,2.0,0,0.15511505651211543,0
Haryana,Faridabad,2025-11-04,0,0.0,3,3.0,1,0.19073576015487778,0
Haryana,Faridabad,2025-11-05,8,4.37,3,4.0,1,0.09136216634842347,0
Haryana,Faridabad,2025-11-06,2,0.7,3,4.0,1,0.31691899869995827,0
Haryana,Faridabad,2025-11-07,3,6.02,3,1.0,0,0.26863866844765705,0
Haryana,Faridabad,2025-11-08,4,2.47,3,1.0,0,0.32104611327336435,0
Haryana,Faridabad,2025-11-09,4,1.91,3,6.0,1,0.3009025572679663,0
Haryana,Faridabad,2025-11-10,1,0.54,3,5.0,1,0.312403366314441,0
Haryana,Faridabad,2025-11-11,1,1.92,3,1.0,0,0.23663761238761222,0
Haryana,Faridabad,2025-11-12,6,5.140000000000001,3,5.0,1,0.3357076781577552,0
Haryana,Faridabad,2025-11-13,5,4.54,3,2.0,0,0.25767680565048967,0
Haryana,Faridabad,2025-11-14,1,0.65,3,6.0,1,0.3434240286231467,1
Haryana,Faridabad,2025-11-15,5,5.64,3,3.0,1,0.374644616679143,1
Haryana,Faridabad,2025-11-16,2,0.6799999999999999,3,0.0,0,0.3063143121797212,0
Haryana,Faridabad,2025-11-17,6,5.33,3,7.0,1,0.2971716945335364,0
Haryana,Faridabad,2025-11-18,3,1.33,3,0.0,0,0.3356820410710568,0
Haryana,Faridabad,2025-11-19,0,0.0,3,7.0,1,0.3143542864514225,0
Haryana,Faridabad,2025-11-20,7,18.13,3,3.0,1,0.478039283180587,1
Haryana,Faridabad,2025-11-21,0,0.0,3,0.0,0,0.456040529592789,1
Haryana,Faridabad,2025-11-22,7,3.93,3,9.0,1,0.34809139444147164,1
Haryana,Faridabad,2025-11-23,3,1.81,3,1.0,0,0.2893050391301163,0
Haryana,Fatehabad,2025-10-15,1,2.28,3,2.0,0,0.14240611712996393,0
Haryana,Fatehabad,2025-10-16,0,0.0,3,4.0,1,0.10591002481474425,0
Haryana,Fatehabad,2025-10-17,0,0.0,3,10.0,1,0.09529683169074163,0
Haryana,Fatehabad,2025-10-18,2,11.56,3,0.0,0,0.5303489525180697,1
Haryana,Fatehabad,2025-10-19,4,16.08,3,0.0,0,0.4946675390022158,1
Haryana,Fatehabad,2025-10-20,10,49.02,3,0.0,0,0.6911999295638998,1
Haryana,Fatehabad,2025-10-21,0,0.0,3,0.0,0,0.5795751797222382,1
Haryana,Fatehabad,2025-10-22,0,0.0,3,4.0,1,0.6235746965097984,1
Haryana,Fatehabad,2025-10-23,0,0.0,3,6.0,1,0.6248858850306003,1
Haryana,Fatehabad,2025-10-24,0,0.0,3,3.0,1,0.2504539222989298,0
Haryana,Fatehabad,2025-10-25,4,21.46,3,1.0,0,0.6055838311701228,1
Haryana,Fatehabad,2025-10-26,6,43.48,3,1.0,0,0.667664170044781,1
Haryana,Fatehabad,2025-10-27,3,6.8100000000000005,3,5.0,1,0.6969925595238089,1
Haryana,Fatehabad,2025-10-28,1,1.11,3,4.0,1,0.8006342549555623,1
Haryana,Fatehabad,2025-10-29,1,1.54,3,11.0,1,0.5972735142824146,1
Haryana,Fatehabad,2025-10-30,5,25.38,3,8.0,1,0.719844171548414,1
Haryana,Fatehabad,2025-10-31,4,15.740000000000002,3,4.0,1,0.632674768700622,1
Haryana,Fatehabad,2025-11-01,11,42.61,3,8.0,1,0.7261986138861137,1
Haryana,Fatehabad,2025-11-02,8,37.09,3,0.0,0,0.6478827131330998,1
Haryana,Fatehabad,2025-11-03,4,14.37,3,7.0,1,0.49830159950876024,1
Haryana,Fatehabad,2025-11-04,8,89.26,3,15.0,1,0.7207703309117777,1
Haryana,Fatehabad,2025-11-05,0,0.0,3,10.0,1,0.596952114878585,1
Haryana,Fatehabad,2025-11-06,7,22.13,3,13.0,1,0.5198133192916469,1
Haryana,Fatehabad,2025-11-07,15,49.98,3,14.0,1,0.6521176286907213,1
Haryana,Fatehabad,2025-11-08,10,51.46,3,15.0,1,0.727594097208261,1
Haryana,Fatehabad,2025-11-09,13,77.01,3,3.0,1,0.8336297021435846,1
Haryana,Fatehabad,2025-11-10,14,68.96000000000001,3,4.0,1,0.7903994423363123,1
Haryana,Fatehabad,2025-11-11,15,85.03999999999999,3,1.0,0,0.8521900584539412,1
Haryana,Fatehabad,2025-11-12,3,10.77,3,8.0,1,0.6658385297300734,1
Haryana,Fatehabad,2025-11-13,4,12.82,3,5.0,1,0.6075462233844585,1
Haryana,Fatehabad,2025-11-14,1,1.65,3,3.0,1,0.5506554036778494,1
Haryana,Fatehabad,2025-11-15,8,22.52,3,2.0,0,0.5423624953477888,1
Haryana,Fatehabad,2025-11-16,5,12.47,3,1.0,0,0.4647243712170179,1
Haryana,Fatehabad,2025-11-17,3,8.370000000000001,3,0.0,0,0.32596321588516014,0
Haryana,Fatehabad,2025-11-18,2,9.18,3,0.0,0,0.29992166044739565,0
Haryana,Fatehabad,2025-11-19,1,4.06,3,2.0,0,0.35045980202661753,1
Haryana,Fatehabad,2025-11-20,0,0.0,3,1.0,0,0.2427186723130995,0
Haryana,Fatehabad,2025-11-21,0,0.0,3,2.0,0,0.2507126061390934,0
Haryana,Fatehabad,2025-11-22,2,4.6,3,0.0,0,0.1923173334018922,0
Haryana,Fatehabad,2025-11-23,1,1.94,3,2.0,0,0.18452974109224113,0
Haryana,Gurugram,2025-10-15,0,0.0,3,0.0,0,0.05260546536796537,0
Haryana,Gurugram,2025-10-16,0,0.0,3,0.0,0,0.07508615726167213,0
Haryana,Gurugram,2025-10-17,0,0.0,3,1.0,0,0.09122970536009349,0
Haryana,Gurugram,2025-10-18,0,0.0,3,0.0,0,0.036977048496270176,0
Haryana,Gurugram,2025-10-19,0,0.0,3,0.0,0,0.055327666721719126,0
Haryana,Gurugram,2025-10-20,1,1.22,3,0.0,0,0.1011791834472705,0
Haryana,Gurugram,2025-10-21,0,0.0,3,0.0,0,0.0764560593525839,0
Haryana,Gurugram,2025-10-22,0,0.0,3,0.0,0,0.1369282524544227,0
Haryana,Gurugram,2025-10-23,0,0.0,3,0.0,0,0.03180996503496505,0
Haryana,Gurugram,2025-10-24,0,0.0,3,0.0,0,0.022872484771797284,0
Haryana,Gurugram,2025-10-25,0,0.0,3,0.0,0,0.031342575305730536,0
Haryana,Gurugram,2025-10-26,0,0.0,3,0.0,0,0.0482696938768146,0
Haryana,Gurugram,2025-10-27,0,0.0,3,0.0,0,0.055457547656050134,0
Haryana,Gurugram,2025-10-28,0,0.0,3,0.0,0,0.07083512629544889,0
Haryana,Gurugram,2025-10-29,0,0.0,3,0.0,0,0.09756286901130735,0
Haryana,Gurugram,2025-10-30,0,0.0,3,1.0,0,0.091573452307672,0
Haryana,Gurugram,2025-10-31,0,0.0,3,0.0,0,0.05585977982355743,0
Haryana,Gurugram,2025-11-01,0,0.0,3,1.0,0,0.005040058702907001,0
Haryana,Gurugram,2025-11-02,1,3.29,3,0.0,0,0.03665195774629107,0
Haryana,Gurugram,2025-11-03,0,0.0,3,0.0,0,0.038962262613435376,0
Haryana,Gurugram,2025-11-04,1,5.38,3,0.0,0,0.14453306826042897,0
Haryana,Gurugram,2025-11-05,0,0.0,3,0.0,0,0.07358426736307172,0
Haryana,Gurugram,2025-11-06,0,0.0,3,0.0,0,0.06091897094133935,0
Haryana,Gurugram,2025-11-07,0,0.0,3,0.0,0,0.10396263376531138,0
Haryana,Gurugram,2025-11-08,0,0.0,3,0.0,0,0.03517736323778523,0
Haryana,Gurugram,2025-11-09,0,0.0,3,0.0,0,0.09879463046639375,0
Haryana,Gurugram,2025-11-10,0,0.0,3,0.0,0,0.01502414602204518,0
Haryana,Gurugram,2025-11-11,0,0.0,3,0.0,0,0.030854264270557555,0
Haryana,Gurugram,2025-11-12,0,0.0,3,0.0,0,0.018772269382061123,0
Haryana,Gurugram,2025-11-13,0,0.0,3,0.0,0,0.0095725940573858,0
Haryana,Gurugram,2025-11-14,0,0.0,3,1.0,0,0.012195588709792215,0
Haryana,Gurugram,2025-11-15,0,0.0,3,0.0,0,0.011767017281220789,0
Haryana,Gurugram,2025-11-16,0,0.0,3,0.0,0,0.033644906880481,0
Haryana,Gurugram,2025-11-17,1,0.35,3,0.0,0,0.02016147668660456,0
Haryana,Gurugram,2025-11-18,0,0.0,3,1.0,0,0.007050700280112045,0
Haryana,Gurugram,2025-11-19,0,0.0,3,0.0,0,0.0014847662141779787,0
Haryana,Gurugram,2025-11-20,0,0.0,3,0.0,0,0.013804488158899923,0
Haryana,Gurugram,2025-11-21,1,2.73,3,0.0,0,0.053648421874660554,0
Haryana,Gurugram,2025-11-22,0,0.0,3,0.0,0,0.009276190476190476,0
Haryana,Gurugram,2025-11-23,0,0.0,3,0.0,0,0.019022282423901568,0
Haryana,Hisar,2025-10-15,3,4.12,3,2.0,0,0.25396146481395826,0
Haryana,Hisar,2025-10-16,3,8.1,3,10.0,1,0.355983657327327,1
Haryana,Hisar,2025-10-17,1,1.87,3,13.0,1,0.5110047966739139,1
Haryana,Hisar,2025-10-18,2,13.93,3,5.0,1,0.5246322411803935,1
Haryana,Hisar,2025-10-19,10,32.46,3,1.0,0,0.6966326527713161,1
Haryana,Hisar,2025-10-20,13,45.58,3,0.0,0,0.8141641581457758,1
Haryana,Hisar,2025-10-21,5,14.52,3,2.0,0,0.7804680735930737,1
Haryana,Hisar,2025-10-22,1,1.65,3,2.0,0,0.6405907425907418,1
Haryana,Hisar,2025-10-23,0,0.0,3,15.0,1,0.652477728014122,1
Haryana,Hisar,2025-10-24,2,9.28,3,6.0,1,0.5628899128735037,1
Haryana,Hisar,2025-10-25,2,2.14,3,0.0,0,0.44934923409923366,1
Haryana,Hisar,2025-10-26,15,30.63,3,1.0,0,0.6933723939888796,1
Haryana,Hisar,2025-10-27,6,30.36,3,3.0,1,0.6790365772428459,1
Haryana,Hisar,2025-10-28,0,0.0,3,5.0,1,0.7693947718947713,1
Haryana,Hisar,2025-10-29,1,2.46,3,11.0,1,0.6854122848004799,1
Haryana,Hisar,2025-10-30,3,17.19,3,6.0,1,0.5956685552275435,1
Haryana,Hisar,2025-10-31,5,12.87,3,5.0,1,0.5526900336183421,1
Haryana,Hisar,2025-11-01,11,27.73,3,4.0,1,0.5297162829672883,1
Haryana,Hisar,2025-11-02,6,24.24,3,5.0,1,0.44773700234122193,1
Haryana,Hisar,2025-11-03,5,19.47,3,15.0,1,0.3875613397685007,1
Haryana,Hisar,2025-11-04,4,13.71,3,13.0,1,0.45309032634032603,1
Haryana,Hisar,2025-11-05,5,25.56,3,16.0,1,0.4726834880805464,1
Haryana,Hisar,2025-11-06,15,31.7,3,16.0,1,0.48913059328031117,1
Haryana,Hisar,2025-11-07,13,41.03,3,12.0,1,0.6447419346468015,1
Haryana,Hisar,2025-11-08,16,69.92,3,21.0,1,0.7415775777973427,1
Haryana,Hisar,2025-11-09,16,83.35,3,4.0,1,0.8483660393358043,1
Haryana,Hisar,2025-11-10,12,48.03,3,6.0,1,0.8511252963831045,1
Haryana,Hisar,2025-11-11,21,87.96,3,8.0,1,0.8899149846541488,1
Haryana,Hisar,2025-11-12,4,13.57,3,10.0,1,0.6193793118646055,1
Haryana,Hisar,2025-11-13,6,31.13,3,11.0,1,0.6751031517502102,1
Haryana,Hisar,2025-11-14,8,23.57,3,7.0,1,0.5878946262071257,1
Haryana,Hisar,2025-11-15,10,26.08,3,5.0,1,0.5114905927405923,1
Haryana,Hisar,2025-11-16,11,41.57,3,0.0,0,0.7547629234800288,1
Haryana,Hisar,2025-11-17,7,20.77,3,6.0,1,0.49539881442087286,1
Haryana,Hisar,2025-11-18,5,13.92,3,6.0,1,0.4290843360071299,1
Haryana,Hisar,2025-11-19,0,0.0,3,4.0,1,0.4078888618734204,1
Haryana,Hisar,2025-11-20,6,27.23,3,2.0,0,0.374096687626099,1
Haryana,Hisar,2025-11-21,6,11.72,3,1.0,0,0.36535349944173445,1
Haryana,Hisar,2025-11-22,4,10.48,3,5.0,1,0.2586089250779282,0
Haryana,Hisar,2025-11-23,2,8.99,3,2.0,0,0.10214473516679401,0
Haryana,Jhajjar,2025-10-15,2,6.04,3,0.0,0,0.30893940852173474,0
Haryana,Jhajjar,2025-10-16,2,3.12,3,0.0,0,0.2543434531155118,0
Haryana,Jhajjar,2025-10-17,1,0.82,3,0.0,0,0.20313129517541284,0
Haryana,Jhajjar,2025-10-18,0,0.0,3,0.0,0,0.3162226374433776,0
Haryana,Jhajjar,2025-10-19,0,0.0,3,3.0,1,0.11424735145155113,0
Haryana,Jhajjar,2025-10-20,0,0.0,3,1.0,0,0.18468673237254332,0
Haryana,Jhajjar,2025-10-21,0,0.0,3,1.0,0,0.15639490282474777,0
Haryana,Jhajjar,2025-10-22,3,6.94,3,2.0,0,0.24729461032731806,0
Haryana,Jhajjar,2025-10-23,1,1.15,3,2.0,0,0.1924692023662612,0
Haryana,Jhajjar,2025-10-24,1,1.13,3,0.0,0,0.1618619460249896,0
Haryana,Jhajjar,2025-10-25,2,4.25,3,0.0,0,0.192357017982018,0
Haryana,Jhajjar,2025-10-26,2,1.12,3,0.0,0,0.1622636088549133,0
Haryana,Jhajjar,2025-10-27,0,0.0,3,1.0,0,0.2446471257575375,0
Haryana,Jhajjar,2025-10-28,0,0.0,3,1.0,0,0.12366467531296504,0
Haryana,Jhajjar,2025-10-29,0,0.0,3,1.0,0,0.12755724592673126,0
Haryana,Jhajjar,2025-10-30,1,0.91,3,0.0,0,0.2329056070072395,0
Haryana,Jhajjar,2025-10-31,1,0.57,3,3.0,1,0.14939567723942732,0
Haryana,Jhajjar,2025-11-01,1,0.77,3,4.0,1,0.08422735695676872,0
Haryana,Jhajjar,2025-11-02,0,0.0,3,3.0,1,0.07002752904989745,0
Haryana,Jhajjar,2025-11-03,3,8.49,3,2.0,0,0.14411423563363462,0
Haryana,Jhajjar,2025-11-04,4,2.5,3,6.0,1,0.2225573923169852,0
Haryana,Jhajjar,2025-11-05,3,6.62,3,5.0,1,0.29833114019159945,0
Haryana,Jhajjar,2025-11-06,2,1.1,3,4.0,1,0.311954630336983,0
Haryana,Jhajjar,2025-11-07,6,8.28,3,2.0,0,0.29936189462823254,0
Haryana,Jhajjar,2025-11-08,5,6.8,3,1.0,0,0.41896640859140816,1
Haryana,Jhajjar,2025-11-09,4,7.279999999999999,3,2.0,0,0.36817192224699924,1
Haryana,Jhajjar,2025-11-10,2,1.23,3,3.0,1,0.38653358754248807,1
Haryana,Jhajjar,2025-11-11,1,3.82,3,1.0,0,0.366805990578049,1
Haryana,Jhajjar,2025-11-12,2,3.26,3,1.0,0,0.32916841594937535,0
Haryana,Jhajjar,2025-11-13,3,6.0600000000000005,3,5.0,1,0.32214259586713806,0
Haryana,Jhajjar,2025-11-14,1,0.54,3,7.0,1,0.35322175984378135,1
Haryana,Jhajjar,2025-11-15,1,4.74,3,6.0,1,0.36997546475263826,1
Haryana,Jhajjar,2025-11-16,5,13.74,3,4.0,1,0.3931822995844731,1
Haryana,Jhajjar,2025-11-17,7,15.0,3,0.0,0,0.42285900404420107,1
Haryana,Jhajjar,2025-11-18,6,14.7,3,3.0,1,0.4164318639811298,1
Haryana,Jhajjar,2025-11-19,4,8.95,3,2.0,0,0.42638103024426505,1
Haryana,Jhajjar,2025-11-20,0,0.0,3,6.0,1,0.4347932944506469,1
Haryana,Jhajjar,2025-11-21,3,8.0,3,2.0,0,0.41632454310395445,1
Haryana,Jhajjar,2025-11-22,2,1.39,3,2.0,0,0.2700994383583392,0
Haryana,Jhajjar,2025-11-23,6,11.22,3,4.0,1,0.227844604956447,0
Haryana,Jind,2025-10-15,5,15.27,3,0.0,0,0.4115284858357031,1
Haryana,Jind,2025-10-16,0,0.0,3,4.0,1,0.35987472301039014,1
Haryana,Jind,2025-10-17,0,0.0,3,13.0,1,0.6243854054087425,1
Haryana,Jind,2025-10-18,0,0.0,3,5.0,1,0.5089951196861611,1
Haryana,Jind,2025-10-19,4,11.75,3,5.0,1,0.5695099351326551,1
Haryana,Jind,2025-10-20,13,46.29,3,0.0,0,0.7590510534861555,1
Haryana,Jind,2025-10-21,5,15.15,3,0.0,0,0.7096440087690086,1
Haryana,Jind,2025-10-22,5,12.64,3,6.0,1,0.6734393523143521,1
Haryana,Jind,2025-10-23,0,0.0,3,5.0,1,0.5651470941339358,1
Haryana,Jind,2025-10-24,0,0.0,3,6.0,1,0.5753366123045879,1
Haryana,Jind,2025-10-25,6,44.53,3,0.0,0,0.7343254081444873,1
Haryana,Jind,2025-10-26,5,11.43,3,2.0,0,0.7052358576516518,1
Haryana,Jind,2025-10-27,6,37.02,3,0.0,0,0.7045617073060195,1
Haryana,Jind,2025-10-28,0,0.0,3,1.0,0,0.7461089792560377,1
Haryana,Jind,2025-10-29,2,15.7,3,7.0,1,0.7335989892460478,1
Haryana,Jind,2025-10-30,0,0.0,3,8.0,1,0.5262699442818338,1
Haryana,Jind,2025-10-31,1,8.84,3,4.0,1,0.47338354328819743,1
Haryana,Jind,2025-11-01,7,25.89,3,3.0,1,0.6584288885134469,1
Haryana,Jind,2025-11-02,8,34.84,3,7.0,1,0.6750882548823721,1
Haryana,Jind,2025-11-03,4,43.44,3,15.0,1,0.5324694548311872,1
Haryana,Jind,2025-11-04,3,11.98,3,15.0,1,0.567383915858055,1
Haryana,Jind,2025-11-05,7,21.12,3,25.0,1,0.4844017240929002,1
Haryana,Jind,2025-11-06,15,59.03,3,39.0,1,0.7616807662755309,1
Haryana,Jind,2025-11-07,15,46.17,3,38.0,1,0.65781205655388,1
Haryana,Jind,2025-11-08,25,135.33,3,28.0,1,0.8124647788316025,1
Haryana,Jind,2025-11-09,39,183.54,3,14.0,1,0.8654536543178186,1
Haryana,Jind,2025-11-10,38,135.94,3,12.0,1,0.9043262400654044,1
Haryana,Jind,2025-11-11,28,146.05,3,2.0,0,0.8774735673757748,1
Haryana,Jind,2025-11-12,14,55.67,3,13.0,1,0.8567983880154935,1
Haryana,Jind,2025-11-13,12,60.45,3,17.0,1,0.8639445751616804,1
Haryana,Jind,2025-11-14,2,9.46,3,6.0,1,0.6869857746420245,1
Haryana,Jind,2025-11-15,13,65.2,3,3.0,1,0.8970962836183429,1
Haryana,Jind,2025-11-16,17,91.54,3,2.0,0,0.8921508869097882,1
Haryana,Jind,2025-11-17,6,23.5,3,6.0,1,0.5406925035748561,1
Haryana,Jind,2025-11-18,3,20.93,3,6.0,1,0.5332625110396846,1
Haryana,Jind,2025-11-19,2,10.02,3,3.0,1,0.3491714217155391,1
Haryana,Jind,2025-11-20,6,9.34,3,2.0,0,0.340423929012164,1
Haryana,Jind,2025-11-21,6,16.43,3,2.0,0,0.39097077922077894,1
Haryana,Jind,2025-11-22,3,7.59,3,0.0,0,0.16954981208050268,0
Haryana,Jind,2025-11-23,2,6.34,3,4.0,1,0.14754680613504154,0
Haryana,Kaithal,2025-10-15,0,0.0,3,1.0,0,0.09676471983544906,0
Haryana,Kaithal,2025-10-16,1,4.43,3,2.0,0,0.38998471789904693,1
Haryana,Kaithal,2025-10-17,0,0.0,3,2.0,0,0.08830144751082251,0
Haryana,Kaithal,2025-10-18,1,2.39,3,9.0,1,0.2382966074570666,0
Haryana,Kaithal,2025-10-19,2,17.11,3,1.0,0,0.48375510776633024,1
Haryana,Kaithal,2025-10-20,2,8.18,3,0.0,0,0.4519129902748319,1
Haryana,Kaithal,2025-10-21,9,38.37,3,0.0,0,0.6897673543599052,1
Haryana,Kaithal,2025-10-22,1,7.84,3,1.0,0,0.6701012261105822,1
Haryana,Kaithal,2025-10-23,0,0.0,3,9.0,1,0.6398160222130805,1
Haryana,Kaithal,2025-10-24,0,0.0,3,5.0,1,0.5606972341420812,1
Haryana,Kaithal,2025-10-25,1,4.02,3,0.0,0,0.37048395509203486,1
Haryana,Kaithal,2025-10-26,9,23.36,3,2.0,0,0.6315879395488441,1
Haryana,Kaithal,2025-10-27,5,13.84,3,2.0,0,0.733624803541271,1
Haryana,Kaithal,2025-10-28,0,0.0,3,1.0,0,0.61242455505199,1
Haryana,Kaithal,2025-10-29,2,10.18,3,7.0,1,0.6781739297549769,1
Haryana,Kaithal,2025-10-30,2,4.83,3,6.0,1,0.4328228139848311,1
Haryana,Kaithal,2025-10-31,1,3.67,3,3.0,1,0.45026255809407933,1
Haryana,Kaithal,2025-11-01,7,31.16,3,1.0,0,0.6912219490352066,1
Haryana,Kaithal,2025-11-02,6,42.95,3,3.0,1,0.5857842463908634,1
Haryana,Kaithal,2025-11-03,3,14.52,3,7.0,1,0.4804829914570909,1
Haryana,Kaithal,2025-11-04,1,4.24,3,4.0,1,0.4604834309263202,1
Haryana,Kaithal,2025-11-05,3,14.22,3,7.0,1,0.4890227804656697,1
Haryana,Kaithal,2025-11-06,7,18.85,3,8.0,1,0.5091196522484467,1
Haryana,Kaithal,2025-11-07,4,15.5,3,5.0,1,0.4056587446564653,1
Haryana,Kaithal,2025-11-08,7,42.07,3,13.0,1,0.5224319843211479,1
Haryana,Kaithal,2025-11-09,8,29.88,3,4.0,1,0.5846532096644321,1
Haryana,Kaithal,2025-11-10,5,17.439999999999998,3,4.0,1,0.5221813796626488,1
Haryana,Kaithal,2025-11-11,13,45.1,3,1.0,0,0.7365072084736837,1
Haryana,Kaithal,2025-11-12,4,7.75,3,1.0,0,0.5678658557129139,1
Haryana,Kaithal,2025-11-13,4,9.64,3,1.0,0,0.42915034088718274,1
Haryana,Kaithal,2025-11-14,1,2.79,3,0.0,0,0.38898317428185814,1
Haryana,Kaithal,2025-11-15,1,3.79,3,4.0,1,0.3465012952733539,1
Haryana,Kaithal,2025-11-16,1,2.22,3,0.0,0,0.29255906348553407,0
Haryana,Kaithal,2025-11-17,0,0.0,3,1.0,0,0.24944679667841413,0
Haryana,Kaithal,2025-11-18,4,9.01,3,0.0,0,0.3140544153988425,0
Haryana,Kaithal,2025-11-19,0,0.0,3,0.0,0,0.3053008646816569,0
Haryana,Kaithal,2025-11-20,1,0.59,3,2.0,0,0.27271620160922205,0
Haryana,Kaithal,2025-11-21,0,0.0,3,8.0,1,0.11995749327559677,0
Haryana,Kaithal,2025-11-22,0,0.0,3,5.0,1,0.03230503663003663,0
Haryana,Kaithal,2025-11-23,2,2.01,3,0.0,0,0.16478129898137653,0
Haryana,Karnal,2025-10-15,0,0.0,3,0.0,0,0.09500524813718386,0
Haryana,Karnal,2025-10-16,0,0.0,3,3.0,1,0.04500024837723946,0
Haryana,Karnal,2025-10-17,0,0.0,3,4.0,1,0.11967512027421512,0
Haryana,Karnal,2025-10-18,0,0.0,3,4.0,1,0.181068512875447,0
Haryana,Karnal,2025-10-19,3,12.39,3,2.0,0,0.5156515016734801,1
Haryana,Karnal,2025-10-20,4,14.71,3,1.0,0,0.5241080644501693,1
Haryana,Karnal,2025-10-21,4,12.98,3,0.0,0,0.6249426300582279,1
Haryana,Karnal,2025-10-22,2,3.56,3,1.0,0,0.6476825412415295,1
Haryana,Karnal,2025-10-23,1,5.09,3,2.0,0,0.6123950981242302,1
Haryana,Karnal,2025-10-24,0,0.0,3,1.0,0,0.35615152494564234,1
Haryana,Karnal,2025-10-25,1,1.91,3,0.0,0,0.39388658670964316,1
Haryana,Karnal,2025-10-26,2,4.8,3,0.0,0,0.5068519069690318,1
Haryana,Karnal,2025-10-27,1,0.54,3,0.0,0,0.3122936230436229,0
Haryana,Karnal,2025-10-28,0,0.0,3,2.0,0,0.28478221203349063,0
Haryana,Karnal,2025-10-29,0,0.0,3,1.0,0,0.14486078917933154,0
Haryana,Karnal,2025-10-30,0,0.0,3,1.0,0,0.12519768652244184,0
Haryana,Karnal,2025-10-31,2,7.67,3,0.0,0,0.2980014613485974,0
Haryana,Karnal,2025-11-01,1,4.13,3,2.0,0,0.27033600500290855,0
Haryana,Karnal,2025-11-02,1,3.3,3,3.0,1,0.1837332670053259,0
Haryana,Karnal,2025-11-03,0,0.0,3,9.0,1,0.1139458038306723,0
Haryana,Karnal,2025-11-04,2,8.219999999999999,3,6.0,1,0.2142212042007438,0
Haryana,Karnal,2025-11-05,3,7.050000000000001,3,6.0,1,0.2580250362875281,0
Haryana,Karnal,2025-11-06,9,21.36,3,1.0,0,0.4440530942466413,1
Haryana,Karnal,2025-11-07,6,20.0,3,2.0,0,0.46451718453940816,1
Haryana,Karnal,2025-11-08,6,30.8,3,0.0,0,0.5063149766899762,1
Haryana,Karnal,2025-11-09,1,5.56,3,1.0,0,0.42759675190006036,1
Haryana,Karnal,2025-11-10,2,9.34,3,2.0,0,0.49626631041353425,1
Haryana,Karnal,2025-11-11,0,0.0,3,0.0,0,0.5005960705960699,1
Haryana,Karnal,2025-11-12,1,3.08,3,0.0,0,0.31907296483186554,0
Haryana,Karnal,2025-11-13,2,13.18,3,0.0,0,0.3824689389557808,1
Haryana,Karnal,2025-11-14,0,0.0,3,1.0,0,0.25447313116847686,0
Haryana,Karnal,2025-11-15,0,0.0,3,0.0,0,0.2948618058927655,0
Haryana,Karnal,2025-11-16,0,0.0,3,0.0,0,0.09995040219124889,0
Haryana,Karnal,2025-11-17,1,1.76,3,0.0,0,0.10421560062515135,0
Haryana,Karnal,2025-11-18,0,0.0,3,0.0,0,0.13424351731859477,0
Haryana,Karnal,2025-11-19,0,0.0,3,1.0,0,0.022082717282717285,0
Haryana,Karnal,2025-11-20,0,0.0,3,0.0,0,0.10333317340554184,0
Haryana,Karnal,2025-11-21,0,0.0,3,0.0,0,0.031562147166558925,0
Haryana,Karnal,2025-11-22,1,2.4,3,0.0,0,0.052267335734441006,0
Haryana,Karnal,2025-11-23,0,0.0,3,1.0,0,0.03218408630842841,0
Haryana,Kurukshetra,2025-10-15,2,4.220000000000001,3,1.0,0,0.2366969994320135,0
Haryana,Kurukshetra,2025-10-16,2,1.68,3,3.0,1,0.160215054783525,0
Haryana,Kurukshetra,2025-10-17,1,3.6,3,3.0,1,0.29835379889523783,0
Haryana,Kurukshetra,2025-10-18,1,2.98,3,4.0,1,0.3099776323136535,0
Haryana,Kurukshetra,2025-10-19,3,7.859999999999999,3,2.0,0,0.4757237545879184,1
Haryana,Kurukshetra,2025-10-20,3,7.65,3,1.0,0,0.4179486119531111,1
Haryana,Kurukshetra,2025-10-21,4,27.3,3,0.0,0,0.6483927550915959,1
Haryana,Kurukshetra,2025-10-22,2,3.28,3,4.0,1,0.6409489539875439,1
Haryana,Kurukshetra,2025-10-23,1,3.28,3,5.0,1,0.5885669485009367,1
Haryana,Kurukshetra,2025-10-24,0,0.0,3,5.0,1,0.4103092838534012,1
Haryana,Kurukshetra,2025-10-25,4,24.44,3,0.0,0,0.61371146999603,1
Haryana,Kurukshetra,2025-10-26,5,11.87,3,0.0,0,0.6429575840825836,1
Haryana,Kurukshetra,2025-10-27,5,17.99,3,0.0,0,0.764982458151694,1
Haryana,Kurukshetra,2025-10-28,0,0.0,3,1.0,0,0.6702106604695609,1
Haryana,Kurukshetra,2025-10-29,0,0.0,3,3.0,1,0.6200024570873433,1
Haryana,Kurukshetra,2025-10-30,0,0.0,3,1.0,0,0.5386750733286896,1
Haryana,Kurukshetra,2025-10-31,1,1.69,3,0.0,0,0.41867428744131857,1
Haryana,Kurukshetra,2025-11-01,3,14.97,3,0.0,0,0.524416441263139,1
Haryana,Kurukshetra,2025-11-02,1,2.76,3,0.0,0,0.32647183025308,0
Haryana,Kurukshetra,2025-11-03,0,0.0,3,0.0,0,0.2346144266272942,0
Haryana,Kurukshetra,2025-11-04,0,0.0,3,0.0,0,0.18019206472874952,0
Haryana,Kurukshetra,2025-11-05,0,0.0,3,0.0,0,0.0916708362715716,0
Haryana,Kurukshetra,2025-11-06,0,0.0,3,3.0,1,0.3555778857511222,1
Haryana,Kurukshetra,2025-11-07,0,0.0,3,0.0,0,0.0884485836849569,0
Haryana,Kurukshetra,2025-11-08,0,0.0,3,0.0,0,0.06354071586308425,0
Haryana,Kurukshetra,2025-11-09,3,2.71,3,0.0,0,0.10065347259024915,0
Haryana,Kurukshetra,2025-11-10,0,0.0,3,0.0,0,0.05901594728800613,0
Haryana,Kurukshetra,2025-11-11,0,0.0,3,0.0,0,0.034744249829118244,0
Haryana,Kurukshetra,2025-11-12,0,0.0,3,0.0,0,0.03522799525036367,0
Haryana,Kurukshetra,2025-11-13,0,0.0,3,0.0,0,0.004449013263842122,0
Haryana,Kurukshetra,2025-11-14,0,0.0,3,0.0,0,0.05284494671994671,0
Haryana,Kurukshetra,2025-11-15,0,0.0,3,7.0,1,0.04614580517521695,0
Haryana,Kurukshetra,2025-11-16,0,0.0,3,0.0,0,0.033614325586694006,0
Haryana,Kurukshetra,2025-11-17,0,0.0,3,0.0,0,0.008916182131860937,0
Haryana,Kurukshetra,2025-11-18,7,10.6,3,0.0,0,0.09938655553682646,0
Haryana,Kurukshetra,2025-11-19,0,0.0,3,0.0,0,0.19331805646376982,0
Haryana,Kurukshetra,2025-11-20,0,0.0,3,1.0,0,0.15190652606983265,0
Haryana,Kurukshetra,2025-11-21,0,0.0,3,0.0,0,0.1376074630638731,0
Haryana,Kurukshetra,2025-11-22,0,0.0,3,0.0,0,0.014572401343683594,0
Haryana,Kurukshetra,2025-11-23,1,5.1,3,1.0,0,0.26241430546951117,0
Haryana,Mahendragarh,2025-10-15,0,0.0,3,0.0,0,0.10743164293887716,0
Haryana,Mahendragarh,2025-10-16,0,0.0,3,0.0,0,0.0009626687562502315,0
Haryana,Mahendragarh,2025-10-17,0,0.0,3,0.0,0,0.10920321040796102,0
Haryana,Mahendragarh,2025-10-18,0,0.0,3,0.0,0,0.003981970226838467,0
Haryana,Mahendragarh,2025-10-19,0,0.0,3,0.0,0,0.06468987661912391,0
Haryana,Mahendragarh,2025-10-20,0,0.0,3,0.0,0,0.016722474103277676,0
Haryana,Mahendragarh,2025-10-21,0,0.0,3,0.0,0,0.05914181289120948,0
Haryana,Mahendragarh,2025-10-22,0,0.0,3,0.0,0,0.033689839447401185,0
Haryana,Mahendragarh,2025-10-23,0,0.0,3,0.0,0,0.045361681978099755,0
Haryana,Mahendragarh,2025-10-24,0,0.0,3,0.0,0,0.007783996629504796,0
Haryana,Mahendragarh,2025-10-25,0,0.0,3,0.0,0,7.894736842105263e-05,0
Haryana,Mahendragarh,2025-10-26,0,0.0,3,0.0,0,0.04063659059994621,0
Haryana,Mahendragarh,2025-10-27,0,0.0,3,0.0,0,0.05896858536089326,0
Haryana,Mahendragarh,2025-10-28,0,0.0,3,0.0,0,0.09272996797337883,0
Haryana,Mahendragarh,2025-10-29,0,0.0,3,2.0,0,0.04596064151210637,0
Haryana,Mahendragarh,2025-10-30,0,0.0,3,0.0,0,0.09114973019644987,0
Haryana,Mahendragarh,2025-10-31,0,0.0,3,0.0,0,0.03956658388905715,0
Haryana,Mahendragarh,2025-11-01,2,5.1,3,0.0,0,0.033166251664559276,0
Haryana,Mahendragarh,2025-11-02,0,0.0,3,0.0,0,0.022178113553113547,0
Haryana,Mahendragarh,2025-11-03,0,0.0,3,0.0,0,0.03848697793434635,0
Haryana,Mahendragarh,2025-11-04,0,0.0,3,0.0,0,0.03823369130869131,0
Haryana,Mahendragarh,2025-11-05,0,0.0,3,0.0,0,0.017649723630711024,0
Haryana,Mahendragarh,2025-11-06,0,0.0,3,0.0,0,0.10904481322940633,0
Haryana,Mahendragarh,2025-11-07,0,0.0,3,0.0,0,0.018842925456896045,0
Haryana,Mahendragarh,2025-11-08,0,0.0,3,0.0,0,0.04508779133663033,0
Haryana,Mahendragarh,2025-11-09,0,0.0,3,0.0,0,0.013373739517980139,0
Haryana,Mahendragarh,2025-11-10,0,0.0,3,0.0,0,0.018948383470087145,0
Haryana,Mahendragarh,2025-11-11,0,0.0,3,1.0,0,0.017441884017159123,0
Haryana,Mahendragarh,2025-11-12,0,0.0,3,2.0,0,0.010400254669495292,0
Haryana,Mahendragarh,2025-11-13,0,0.0,3,1.0,0,0.008900254669495294,0
Haryana,Mahendragarh,2025-11-14,1,3.35,3,0.0,0,0.05560017555973437,0
Haryana,Mahendragarh,2025-11-15,2,8.9,3,0.0,0,0.08003473547692852,0
Haryana,Mahendragarh,2025-11-16,1,2.3,3,0.0,0,0.1344767277333373,0
Haryana,Mahendragarh,2025-11-17,0,0.0,3,1.0,0,0.11754263791763797,0
Haryana,Mahendragarh,2025-11-18,0,0.0,3,0.0,0,0.058674137137372455,0
Haryana,Mahendragarh,2025-11-19,0,0.0,3,0.0,0,0.03317803642435995,0
Haryana,Mahendragarh,2025-11-20,1,0.61,3,0.0,0,0.1756758180408779,0
Haryana,Mahendragarh,2025-11-21,0,0.0,3,0.0,0,0.023603191912127036,0
Haryana,Mahendragarh,2025-11-22,0,0.0,3,0.0,0,0.018390367965367964,0
Haryana,Mahendragarh,2025-11-23,0,0.0,3,0.0,0,0.026755905747839294,0
Haryana,Nuh,2025-10-15,0,0.0,3,0.0,0,0.08500535737467349,0
Haryana,Nuh,2025-10-16,0,0.0,3,1.0,0,0.0656950906549591,0
Haryana,Nuh,2025-10-17,0,0.0,3,1.0,0,0.05428836405754051,0
Haryana,Nuh,2025-10-18,0,0.0,3,0.0,0,0.02105549494773161,0
Haryana,Nuh,2025-10-19,1,5.29,3,0.0,0,0.5302854608483966,1
Haryana,Nuh,2025-10-20,1,3.84,3,0.0,0,0.4227519018388314,1
Haryana,Nuh,2025-10-21,0,0.0,3,0.0,0,0.20351041759652144,0
Haryana,Nuh,2025-10-22,0,0.0,3,0.0,0,0.22612826018538126,0
Haryana,Nuh,2025-10-23,0,0.0,3,0.0,0,0.09071880692836576,0
Haryana,Nuh,2025-10-24,0,0.0,3,0.0,0,0.10520379454988231,0
Haryana,Nuh,2025-10-25,0,0.0,3,0.0,0,0.08394730163627225,0
Haryana,Nuh,2025-10-26,0,0.0,3,0.0,0,0.10267292145419087,0
Haryana,Nuh,2025-10-27,0,0.0,3,0.0,0,0.12257466329420223,0
Haryana,Nuh,2025-10-28,0,0.0,3,0.0,0,0.11602232991350198,0
Haryana,Nuh,2025-10-29,0,0.0,3,0.0,0,0.05262957020937809,0
Haryana,Nuh,2025-10-30,0,0.0,3,0.0,0,0.08360754321676289,0
Haryana,Nuh,2025-10-31,0,0.0,3,0.0,0,0.05133440327896956,0
Haryana,Nuh,2025-11-01,0,0.0,3,0.0,0,0.010327937490785788,0
Haryana,Nuh,2025-11-02,0,0.0,3,0.0,0,0.05223950314391491,0
Haryana,Nuh,2025-11-03,0,0.0,3,0.0,0,0.049590831962155475,0
Haryana,Nuh,2025-11-04,0,0.0,3,0.0,0,0.02328773889196002,0
Haryana,Nuh,2025-11-05,0,0.0,3,0.0,0,0.010189787733275127,0
Haryana,Nuh,2025-11-06,0,0.0,3,0.0,0,0.017208567168125993,0
Haryana,Nuh,2025-11-07,0,0.0,3,0.0,0,0.02213838000235059,0
Haryana,Nuh,2025-11-08,0,0.0,3,2.0,0,0.03206060062605973,0
Haryana,Nuh,2025-11-09,0,0.0,3,0.0,0,0.014097765492006116,0
Haryana,Nuh,2025-11-10,0,0.0,3,0.0,0,0.0128856442798849,0
Haryana,Nuh,2025-11-11,2,6.26,3,0.0,0,0.07396248340153139,0
Haryana,Nuh,2025-11-12,0,0.0,3,0.0,0,0.014577559971356962,0
Haryana,Nuh,2025-11-13,0,0.0,3,0.0,0,0.035633039579468145,0
Haryana,Nuh,2025-11-14,0,0.0,3,0.0,0,0.011012631975867273,0
Haryana,Nuh,2025-11-15,0,0.0,3,0.0,0,0.010832072851313473,0
Haryana,Nuh,2025-11-16,0,0.0,3,0.0,0,0.08089341097650143,0
Haryana,Nuh,2025-11-17,0,0.0,3,0.0,0,0.007052263436086965,0
Haryana,Nuh,2025-11-18,0,0.0,3,0.0,0,0.010248211102622867,0
Haryana,Nuh,2025-11-19,0,0.0,3,0.0,0,0.002940808600452923,0
Haryana,Nuh,2025-11-20,0,0.0,3,0.0,0,0.007292258721670487,0
Haryana,Nuh,2025-11-21,0,0.0,3,0.0,0,0.017508226630573175,0
Haryana,Nuh,2025-11-22,0,0.0,3,0.0,0,0.0016666773263216493,0
Haryana,Nuh,2025-11-23,0,0.0,3,0.0,0,0.032246437380957935,0
Haryana,Palwal,2025-10-15,0,0.0,3,1.0,0,0.08600321029078518,0
Haryana,Palwal,2025-10-16,1,4.47,3,0.0,0,0.3975745962617957,1
Haryana,Palwal,2025-10-17,0,0.0,3,4.0,1,0.10268906539794244,0
Haryana,Palwal,2025-10-18,1,5.34,3,1.0,0,0.5717515681157052,1
Haryana,Palwal,2025-10-19,0,0.0,3,5.0,1,0.17078047889610393,0
Haryana,Palwal,2025-10-20,4,13.01,3,0.0,0,0.5274523480260705,1
Haryana,Palwal,2025-10-21,1,3.63,3,2.0,0,0.4138843677072307,1
Haryana,Palwal,2025-10-22,5,14.67,3,0.0,0,0.5983681600932474,1
Haryana,Palwal,2025-10-23,0,0.0,3,3.0,1,0.5540574655840609,1
Haryana,Palwal,2025-10-24,2,3.73,3,0.0,0,0.29128145735293764,0
Haryana,Palwal,2025-10-25,0,0.0,3,0.0,0,0.6200473299807827,1
Haryana,Palwal,2025-10-26,3,6.22,3,0.0,0,0.23434894139606943,0
Haryana,Palwal,2025-10-27,0,0.0,3,0.0,0,0.5744327667946083,1
Haryana,Palwal,2025-10-28,0,0.0,3,0.0,0,0.10875803599446715,0
Haryana,Palwal,2025-10-29,0,0.0,3,2.0,0,0.38836255436508177,1
Haryana,Palwal,2025-10-30,0,0.0,3,6.0,1,0.1351102979285249,0
Haryana,Palwal,2025-10-31,0,0.0,3,6.0,1,0.20173734587935135,0
Haryana,Palwal,2025-11-01,2,4.73,3,0.0,0,0.10929306410793525,0
Haryana,Palwal,2025-11-02,6,27.17,3,2.0,0,0.3896154649266691,1
Haryana,Palwal,2025-11-03,6,38.2,3,2.0,0,0.5914845093631853,1
Haryana,Palwal,2025-11-04,0,0.0,3,1.0,0,0.6154698081434624,1
Haryana,Palwal,2025-11-05,2,5.569999999999999,3,0.0,0,0.534203248475472,1
Haryana,Palwal,2025-11-06,2,9.58,3,0.0,0,0.39579091571019814,1
Haryana,Palwal,2025-11-07,1,4.13,3,5.0,1,0.28350263278388255,0
Haryana,Palwal,2025-11-08,0,0.0,3,1.0,0,0.3297165157254164,0
Haryana,Palwal,2025-11-09,0,0.0,3,0.0,0,0.16132319523012253,0
Haryana,Palwal,2025-11-10,5,21.46,3,0.0,0,0.42639258889002174,1
Haryana,Palwal,2025-11-11,1,3.68,3,2.0,0,0.3042697039779387,0
Haryana,Palwal,2025-11-12,0,0.0,3,0.0,0,0.1795421360115633,0
Haryana,Palwal,2025-11-13,0,0.0,3,0.0,0,0.19190650139334345,0
Haryana,Palwal,2025-11-14,2,5.72,3,0.0,0,0.10966921245678991,0
Haryana,Palwal,2025-11-15,0,0.0,3,0.0,0,0.25151349051734706,0
Haryana,Palwal,2025-11-16,0,0.0,3,0.0,0,0.06078767723504566,0
Haryana,Palwal,2025-11-17,0,0.0,3,1.0,0,0.14756605409722426,0
Haryana,Palwal,2025-11-18,0,0.0,3,0.0,0,0.00930266830870279,0
Haryana,Palwal,2025-11-19,0,0.0,3,0.0,0,0.03314716492657669,0
Haryana,Palwal,2025-11-20,1,3.08,3,0.0,0,0.07886976090546419,0
Haryana,Palwal,2025-11-21,0,0.0,3,0.0,0,0.03888554129693836,0
Haryana,Palwal,2025-11-22,0,0.0,3,0.0,0,0.024573214285714285,0
Haryana,Palwal,2025-11-23,0,0.0,3,0.0,0,0.011812499999999998,0
Haryana,Panchkula,2025-10-15,0,0.0,3,0.0,0,0.15631999008906156,0
Haryana,Panchkula,2025-10-16,0,0.0,3,0.0,0,0.11221182578959292,0
Haryana,Panchkula,2025-10-17,0,0.0,3,2.0,0,0.06292884254988254,0
Haryana,Panchkula,2025-10-18,0,0.0,3,1.0,0,0.13487380006425734,0
Haryana,Panchkula,2025-10-19,0,0.0,3,0.0,0,0.05134470895568952,0
Haryana,Panchkula,2025-10-20,2,9.82,3,0.0,0,0.49486594883583357,1
Haryana,Panchkula,2025-10-21,1,0.5,3,0.0,0,0.2779688409101883,0
Haryana,Panchkula,2025-10-22,0,0.0,3,0.0,0,0.22984525394513952,0
Haryana,Panchkula,2025-10-23,0,0.0,3,0.0,0,0.1829852938727939,0
Haryana,Panchkula,2025-10-24,0,0.0,3,0.0,0,0.10142570543427495,0
Haryana,Panchkula,2025-10-25,0,0.0,3,1.0,0,0.27897265990803116,0
Haryana,Panchkula,2025-10-26,0,0.0,3,0.0,0,0.07652226004063668,0
Haryana,Panchkula,2025-10-27,0,0.0,3,0.0,0,0.12918865316718628,0
Haryana,Panchkula,2025-10-28,1,3.76,3,2.0,0,0.21697576018896886,0
Haryana,Panchkula,2025-10-29,0,0.0,3,0.0,0,0.13481976705134321,0
Haryana,Panchkula,2025-10-30,0,0.0,3,0.0,0,0.13045308462822017,0
Haryana,Panchkula,2025-10-31,2,6.43,3,0.0,0,0.1970294528198674,0
Haryana,Panchkula,2025-11-01,0,0.0,3,0.0,0,0.046180088661338645,0
Haryana,Panchkula,2025-11-02,0,0.0,3,0.0,0,0.12771589231372074,0
Haryana,Panchkula,2025-11-03,0,0.0,3,0.0,0,0.09913047957477311,0
Haryana,Panchkula,2025-11-04,0,0.0,3,0.0,0,0.06335376924417173,0
Haryana,Panchkula,2025-11-05,0,0.0,3,0.0,0,0.137409139316079,0
Haryana,Panchkula,2025-11-06,0,0.0,3,0.0,0,0.027365427771315697,0
Haryana,Panchkula,2025-11-07,0,0.0,3,0.0,0,0.020793665648077414,0
Haryana,Panchkula,2025-11-08,0,0.0,3,0.0,0,0.01884201680672269,0
Haryana,Panchkula,2025-11-09,0,0.0,3,0.0,0,0.004660025828513223,0
Haryana,Panchkula,2025-11-10,0,0.0,3,0.0,0,0.004879181672669067,0
Haryana,Panchkula,2025-11-11,0,0.0,3,0.0,0,0.018602731582143348,0
Haryana,Panchkula,2025-11-12,0,0.0,3,0.0,0,0.010226022332009728,0
Haryana,Panchkula,2025-11-13,0,0.0,3,0.0,0,0.0019327531012404964,0
Haryana,Panchkula,2025-11-14,0,0.0,3,0.0,0,0.016335956690368456,0
Haryana,Panchkula,2025-11-15,0,0.0,3,0.0,0,0.0030041816726690674,0
Haryana,Panchkula,2025-11-16,0,0.0,3,0.0,0,0.03699564462148495,0
Haryana,Panchkula,2025-11-17,0,0.0,3,0.0,0,0.005127391612035934,0
Haryana,Panchkula,2025-11-18,0,0.0,3,0.0,0,0.001966677326321649,0
Haryana,Panchkula,2025-11-19,0,0.0,3,0.0,0,0.001966677326321649,0
Haryana,Panchkula,2025-11-20,0,0.0,3,0.0,0,0.003752204299348622,0
Haryana,Panchkula,2025-11-21,0,0.0,3,0.0,0,0.0069461978058421294,0
Haryana,Panchkula,2025-11-22,0,0.0,3,0.0,0,0.001966677326321649,0
Haryana,Panchkula,2025-11-23,0,0.0,3,0.0,0,0.001966677326321649,0
Haryana,Panipat,2025-10-15,1,1.45,3,2.0,0,0.1595500403382676,0
Haryana,Panipat,2025-10-16,2,8.879999999999999,3,4.0,1,0.4241070058287081,1
Haryana,Panipat,2025-10-17,0,0.0,3,0.0,0,0.22571725864865722,0
Haryana,Panipat,2025-10-18,2,2.96,3,0.0,0,0.3561238063517472,1
Haryana,Panipat,2025-10-19,4,7.12,3,3.0,1,0.28703673341439556,0
Haryana,Panipat,2025-10-20,0,0.0,3,0.0,0,0.250465747697936,0
Haryana,Panipat,2025-10-21,0,0.0,3,0.0,0,0.3669142422128687,1
Haryana,Panipat,2025-10-22,3,3.89,3,0.0,0,0.23305183639889507,0
Haryana,Panipat,2025-10-23,0,0.0,3,1.0,0,0.21948494115095923,0
Haryana,Panipat,2025-10-24,0,0.0,3,0.0,0,0.22814771526439118,0
Haryana,Panipat,2025-10-25,0,0.0,3,0.0,0,0.10619604660045838,0
Haryana,Panipat,2025-10-26,1,3.35,3,0.0,0,0.2877004948099391,0
Haryana,Panipat,2025-10-27,0,0.0,3,0.0,0,0.15474751438609646,0
Haryana,Panipat,2025-10-28,0,0.0,3,0.0,0,0.19006243360287997,0
Haryana,Panipat,2025-10-29,0,0.0,3,0.0,0,0.16791360817406237,0
Haryana,Panipat,2025-10-30,0,0.0,3,1.0,0,0.1830098894761502,0
Haryana,Panipat,2025-10-31,0,0.0,3,0.0,0,0.1683896044220258,0
Haryana,Panipat,2025-11-01,0,0.0,3,0.0,0,0.11028393214545712,0
Haryana,Panipat,2025-11-02,1,2.87,3,0.0,0,0.21666639211366653,0
Haryana,Panipat,2025-11-03,0,0.0,3,2.0,0,0.07615469355206197,0
Haryana,Panipat,2025-11-04,0,0.0,3,4.0,1,0.08441876281613128,0
Haryana,Panipat,2025-11-05,0,0.0,3,0.0,0,0.11261441679982875,0
Haryana,Panipat,2025-11-06,2,4.41,3,6.0,1,0.08051850261278545,0
Haryana,Panipat,2025-11-07,4,8.63,3,0.0,0,0.19546870102118824,0
Haryana,Panipat,2025-11-08,0,0.0,3,1.0,0,0.18035937881777667,0
Haryana,Panipat,2025-11-09,6,16.25,3,2.0,0,0.35675466303603165,1
Haryana,Panipat,2025-11-10,0,0.0,3,2.0,0,0.41984826302191697,1
Haryana,Panipat,2025-11-11,1,2.43,3,0.0,0,0.28878322779524523,0
Haryana,Panipat,2025-11-12,2,6.6,3,0.0,0,0.44457590203913694,1
Haryana,Panipat,2025-11-13,2,11.62,3,2.0,0,0.27981528868448363,0
Haryana,Panipat,2025-11-14,0,0.0,3,0.0,0,0.4105228438901337,1
Haryana,Panipat,2025-11-15,0,0.0,3,2.0,0,0.1539052415051036,0
Haryana,Panipat,2025-11-16,2,4.29,3,1.0,0,0.37823868560041823,1
Haryana,Panipat,2025-11-17,0,0.0,3,5.0,1,0.08837356930652528,0
Haryana,Panipat,2025-11-18,2,5.7,3,0.0,0,0.3145364344358642,0
Haryana,Panipat,2025-11-19,1,5.3,3,3.0,1,0.25040235852669246,0
Haryana,Panipat,2025-11-20,5,9.45,3,0.0,0,0.32443231645805154,0
Haryana,Panipat,2025-11-21,0,0.0,3,1.0,0,0.40897986878317716,1
Haryana,Panipat,2025-11-22,3,8.56,3,2.0,0,0.2804441315760341,0
Haryana,Panipat,2025-11-23,0,0.0,3,1.0,0,0.28591921661929387,0
Haryana,Rewari,2025-10-15,0,0.0,3,0.0,0,0.03595997795780484,0
Haryana,Rewari,2025-10-16,0,0.0,3,0.0,0,0.13063139701130427,0
Haryana,Rewari,2025-10-17,0,0.0,3,0.0,0,0.07392819636158893,0
Haryana,Rewari,2025-10-18,0,0.0,3,0.0,0,0.11934386126389411,0
Haryana,Rewari,2025-10-19,0,0.0,3,1.0,0,0.17107788251153758,0
Haryana,Rewari,2025-10-20,0,0.0,3,0.0,0,0.03776807507472849,0
Haryana,Rewari,2025-10-21,0,0.0,3,0.0,0,0.07834022114207922,0
Haryana,Rewari,2025-10-22,1,2.17,3,0.0,0,0.23640524691697593,0
Haryana,Rewari,2025-10-23,0,0.0,3,0.0,0,0.0662700903578303,0
Haryana,Rewari,2025-10-24,0,0.0,3,0.0,0,0.04870958563562648,0
Haryana,Rewari,2025-10-25,0,0.0,3,0.0,0,0.11471172555302996,0
Haryana,Rewari,2025-10-26,0,0.0,3,0.0,0,0.04152804305296583,0
Haryana,Rewari,2025-10-27,0,0.0,3,0.0,0,0.15157219891154355,0
Haryana,Rewari,2025-10-28,0,0.0,3,0.0,0,0.08105370811420079,0
Haryana,Rewari,2025-10-29,0,0.0,3,0.0,0,0.08081888675072804,0
Haryana,Rewari,2025-10-30,0,0.0,3,0.0,0,0.09052900732479417,0
Haryana,Rewari,2025-10-31,0,0.0,3,0.0,0,0.05666269968513749,0
Haryana,Rewari,2025-11-01,0,0.0,3,0.0,0,0.01366172840244821,0
Haryana,Rewari,2025-11-02,0,0.0,3,0.0,0,0.015460127810058146,0
Haryana,Rewari,2025-11-03,0,0.0,3,2.0,0,0.024769789961632066,0
Haryana,Rewari,2025-11-04,0,0.0,3,0.0,0,0.0276194594102477,0
Haryana,Rewari,2025-11-05,0,0.0,3,0.0,0,0.03149113610270326,0
Haryana,Rewari,2025-11-06,2,1.1800000000000002,3,0.0,0,0.035715092048718027,0
Haryana,Rewari,2025-11-07,0,0.0,3,0.0,0,0.031616970529470524,0
Haryana,Rewari,2025-11-08,0,0.0,3,0.0,0,0.038872966527180745,0
Haryana,Rewari,2025-11-09,0,0.0,3,0.0,0,0.02718363303363303,0
Haryana,Rewari,2025-11-10,0,0.0,3,0.0,0,0.02026663219743998,0
Haryana,Rewari,2025-11-11,0,0.0,3,0.0,0,0.064829744017816,0
Haryana,Rewari,2025-11-12,0,0.0,3,0.0,0,0.013459814015621803,0
Haryana,Rewari,2025-11-13,0,0.0,3,0.0,0,0.018478472365879864,0
Haryana,Rewari,2025-11-14,0,0.0,3,0.0,0,0.015236870292678078,0
Haryana,Rewari,2025-11-15,0,0.0,3,0.0,0,0.013736870292678078,0
Haryana,Rewari,2025-11-16,0,0.0,3,0.0,0,0.043372827629522846,0
Haryana,Rewari,2025-11-17,0,0.0,3,0.0,0,0.011708538709963886,0
Haryana,Rewari,2025-11-18,0,0.0,3,0.0,0,0.009580291956717132,0
Haryana,Rewari,2025-11-19,0,0.0,3,0.0,0,0.006097083874329844,0
Haryana,Rewari,2025-11-20,0,0.0,3,0.0,0,0.010343135084114014,0
Haryana,Rewari,2025-11-21,0,0.0,3,0.0,0,0.018950216190164383,0
Haryana,Rewari,2025-11-22,0,0.0,3,0.0,0,0.0033229526001985693,0
Haryana,Rewari,2025-11-23,0,0.0,3,0.0,0,0.039426064303186514,0
Haryana,Rohtak,2025-10-15,0,0.0,3,0.0,0,0.09571933080932983,0
Haryana,Rohtak,2025-10-16,0,0.0,3,0.0,0,0.11800969530549298,0
Haryana,Rohtak,2025-10-17,0,0.0,3,0.0,0,0.1318233569914811,0
Haryana,Rohtak,2025-10-18,0,0.0,3,0.0,0,0.173580178664568,0
Haryana,Rohtak,2025-10-19,0,0.0,3,1.0,0,0.11717767973374711,0
Haryana,Rohtak,2025-10-20,0,0.0,3,0.0,0,0.11007553039497014,0
Haryana,Rohtak,2025-10-21,0,0.0,3,0.0,0,0.19581453614464653,0
Haryana,Rohtak,2025-10-22,1,1.71,3,0.0,0,0.21467948805385764,0
Haryana,Rohtak,2025-10-23,0,0.0,3,0.0,0,0.08646229603729604,0
Haryana,Rohtak,2025-10-24,0,0.0,3,0.0,0,0.10935752834273131,0
Haryana,Rohtak,2025-10-25,0,0.0,3,0.0,0,0.10476505455328994,0
Haryana,Rohtak,2025-10-26,0,0.0,3,0.0,0,0.08928702773343421,0
Haryana,Rohtak,2025-10-27,0,0.0,3,0.0,0,0.08702088528686377,0
Haryana,Rohtak,2025-10-28,0,0.0,3,1.0,0,0.1455850770664102,0
Haryana,Rohtak,2025-10-29,0,0.0,3,0.0,0,0.17523333126705531,0
Haryana,Rohtak,2025-10-30,0,0.0,3,2.0,0,0.11771101129316638,0
Haryana,Rohtak,2025-10-31,1,3.1,3,3.0,1,0.1121208208312028,0
Haryana,Rohtak,2025-11-01,0,0.0,3,1.0,0,0.09676521493212674,0
Haryana,Rohtak,2025-11-02,2,34.44,3,5.0,1,0.20957396205272627,0
Haryana,Rohtak,2025-11-03,3,9.02,3,5.0,1,0.3347060414492209,0
Haryana,Rohtak,2025-11-04,1,3.79,3,5.0,1,0.32351605794702776,0
Haryana,Rohtak,2025-11-05,5,8.76,3,6.0,1,0.37690603098707826,1
Haryana,Rohtak,2025-11-06,5,21.52,3,4.0,1,0.5533034237004817,1
Haryana,Rohtak,2025-11-07,5,31.38,3,5.0,1,0.5084677991995349,1
Haryana,Rohtak,2025-11-08,6,25.07,3,12.0,1,0.4929706459904251,1
Haryana,Rohtak,2025-11-09,4,16.03,3,6.0,1,0.486732938629997,1
Haryana,Rohtak,2025-11-10,5,16.18,3,10.0,1,0.5201203626095261,1
Haryana,Rohtak,2025-11-11,12,46.3,3,4.0,1,0.7398905042326094,1
Haryana,Rohtak,2025-11-12,6,14.11,3,6.0,1,0.5944368658431345,1
Haryana,Rohtak,2025-11-13,10,37.13,3,23.0,1,0.6060352147852142,1
Haryana,Rohtak,2025-11-14,4,18.22,3,6.0,1,0.4747025224775219,1
Haryana,Rohtak,2025-11-15,6,16.89,3,1.0,0,0.42738749846644525,1
Haryana,Rohtak,2025-11-16,23,79.53999999999999,3,2.0,0,0.6958876100679504,1
Haryana,Rohtak,2025-11-17,6,12.26,3,3.0,1,0.5411438610409194,1
Haryana,Rohtak,2025-11-18,1,3.2,3,5.0,1,0.4646012369982955,1
Haryana,Rohtak,2025-11-19,2,5.550000000000001,3,9.0,1,0.3781362128583489,1
Haryana,Rohtak,2025-11-20,3,9.87,3,7.0,1,0.32895991508491484,0
Haryana,Rohtak,2025-11-21,5,7.93,3,2.0,0,0.3818702063867502,1
Haryana,Rohtak,2025-11-22,9,27.74,3,3.0,1,0.3634183071830128,1
Haryana,Rohtak,2025-11-23,7,12.76,3,6.0,1,0.2723688394938393,0
Haryana,Sirsa,2025-10-15,3,2.92,3,0.0,0,0.26977576735772624,0
Haryana,Sirsa,2025-10-16,2,4.93,3,1.0,0,0.2479434530785808,0
Haryana,Sirsa,2025-10-17,8,24.57,3,0.0,0,0.5938271834374771,1
Haryana,Sirsa,2025-10-18,0,0.0,3,2.0,0,0.4695218844984798,1
Haryana,Sirsa,2025-10-19,1,4.81,3,14.0,1,0.5697632722669481,1
Haryana,Sirsa,2025-10-20,0,0.0,3,1.0,0,0.5959565714786293,1
Haryana,Sirsa,2025-10-21,2,4.77,3,2.0,0,0.27665235404573624,0
Haryana,Sirsa,2025-10-22,14,61.32,3,3.0,1,0.7315312718756989,1
Haryana,Sirsa,2025-10-23,1,2.2,3,17.0,1,0.6080040979853475,1
Haryana,Sirsa,2025-10-24,2,4.15,3,6.0,1,0.6505025431729391,1
Haryana,Sirsa,2025-10-25,3,5.359999999999999,3,0.0,0,0.5711489914579799,1
Haryana,Sirsa,2025-10-26,17,62.18,3,2.0,0,0.6742628286568499,1
Haryana,Sirsa,2025-10-27,6,6.94,3,5.0,1,0.5890280372813455,1
Haryana,Sirsa,2025-10-28,0,0.0,3,4.0,1,0.752145128789398,1
Haryana,Sirsa,2025-10-29,2,9.95,3,10.0,1,0.632504969102105,1
Haryana,Sirsa,2025-10-30,5,16.400000000000002,3,9.0,1,0.6286047896707937,1
Haryana,Sirsa,2025-10-31,4,10.83,3,8.0,1,0.509697515719574,1
Haryana,Sirsa,2025-11-01,10,24.6,3,7.0,1,0.48814043727058554,1
Haryana,Sirsa,2025-11-02,9,18.49,3,7.0,1,0.4590943802574233,1
Haryana,Sirsa,2025-11-03,8,35.480000000000004,3,5.0,1,0.5743752644414404,1
Haryana,Sirsa,2025-11-04,7,19.47,3,4.0,1,0.5441630719353651,1
Haryana,Sirsa,2025-11-05,7,8.85,3,4.0,1,0.49153658841158815,1
Haryana,Sirsa,2025-11-06,5,8.040000000000001,3,9.0,1,0.34688043623043596,1
Haryana,Sirsa,2025-11-07,4,14.38,3,8.0,1,0.3465746851188025,1
Haryana,Sirsa,2025-11-08,4,10.9,3,5.0,1,0.24652168419815473,0
Haryana,Sirsa,2025-11-09,9,18.64,3,4.0,1,0.4258426320056751,1
Haryana,Sirsa,2025-11-10,8,15.43,3,4.0,1,0.4506036096256682,1
Haryana,Sirsa,2025-11-11,5,15.95,3,7.0,1,0.365208645893748,1
Haryana,Sirsa,2025-11-12,4,5.46,3,5.0,1,0.4767966832187416,1
Haryana,Sirsa,2025-11-13,4,15.64,3,7.0,1,0.48177627029832865,1
Haryana,Sirsa,2025-11-14,7,33.77,3,8.0,1,0.5377323804936028,1
Haryana,Sirsa,2025-11-15,5,19.81,3,7.0,1,0.43498373440285193,1
Haryana,Sirsa,2025-11-16,7,13.23,3,12.0,1,0.48623893263599105,1
Haryana,Sirsa,2025-11-17,8,17.540000000000003,3,3.0,1,0.3780974025974024,1
Haryana,Sirsa,2025-11-18,7,16.15,3,2.0,0,0.39965433047344784,1
Haryana,Sirsa,2025-11-19,12,27.95,3,1.0,0,0.4335645044671636,1
Haryana,Sirsa,2025-11-20,3,11.03,3,1.0,0,0.3714153292785643,1
Haryana,Sirsa,2025-11-21,2,5.75,3,0.0,0,0.33559677773207164,0
Haryana,Sirsa,2025-11-22,1,2.12,3,0.0,0,0.2352993305713894,0
Haryana,Sirsa,2025-11-23,1,0.68,3,0.0,0,0.13657296483186582,0
Haryana,Sonipat,2025-10-15,1,1.64,3,0.0,0,0.13934698798521525,0
Haryana,Sonipat,2025-10-16,0,0.0,3,0.0,0,0.06168467777878285,0
Haryana,Sonipat,2025-10-17,0,0.0,3,0.0,0,0.12020177245161408,0
Haryana,Sonipat,2025-10-18,0,0.0,3,0.0,0,0.14979734395504068,0
Haryana,Sonipat,2025-10-19,0,0.0,3,0.0,0,0.14915945002634423,0
Haryana,Sonipat,2025-10-20,0,0.0,3,0.0,0,0.1031203604260305,0
Haryana,Sonipat,2025-10-21,0,0.0,3,0.0,0,0.17282781453292506,0
Haryana,Sonipat,2025-10-22,0,0.0,3,0.0,0,0.15423251259751383,0
Haryana,Sonipat,2025-10-23,0,0.0,3,1.0,0,0.058430108850617,0
Haryana,Sonipat,2025-10-24,0,0.0,3,0.0,0,0.10844735412937835,0
Haryana,Sonipat,2025-10-25,0,0.0,3,0.0,0,0.03484974313789836,0
Haryana,Sonipat,2025-10-26,1,0.67,3,0.0,0,0.09184482279061632,0
Haryana,Sonipat,2025-10-27,0,0.0,3,0.0,0,0.022426550620248103,0
Haryana,Sonipat,2025-10-28,0,0.0,3,1.0,0,0.10554020037447462,0
Haryana,Sonipat,2025-10-29,0,0.0,3,2.0,0,0.14374080394353758,0
Haryana,Sonipat,2025-10-30,0,0.0,3,3.0,1,0.09318262301477809,0
Haryana,Sonipat,2025-10-31,1,2.27,3,1.0,0,0.0951243674268546,0
Haryana,Sonipat,2025-11-01,2,7.83,3,5.0,1,0.18924854604716326,0
Haryana,Sonipat,2025-11-02,3,13.86,3,4.0,1,0.3429535599204715,1
Haryana,Sonipat,2025-11-03,1,0.82,3,7.0,1,0.31552131867847955,0
Haryana,Sonipat,2025-11-04,5,17.57,3,6.0,1,0.5337802355023713,1
Haryana,Sonipat,2025-11-05,4,2.64,3,2.0,0,0.46884095000006326,1
Haryana,Sonipat,2025-11-06,7,23.87,3,12.0,1,0.580432464436259,1
Haryana,Sonipat,2025-11-07,6,25.61,3,1.0,0,0.4265090030936802,1
Haryana,Sonipat,2025-11-08,2,7.57,3,12.0,1,0.48030144806174185,1
Haryana,Sonipat,2025-11-09,12,53.510000000000005,3,6.0,1,0.6884851595772643,1
Haryana,Sonipat,2025-11-10,1,3.09,3,4.0,1,0.43708421567467587,1
Haryana,Sonipat,2025-11-11,12,27.05,3,10.0,1,0.5514875110013928,1
Haryana,Sonipat,2025-11-12,6,22.36,3,11.0,1,0.538945429570429,1
Haryana,Sonipat,2025-11-13,4,10.65,3,16.0,1,0.4890364018334601,1
Haryana,Sonipat,2025-11-14,10,36.19,3,8.0,1,0.5420605545770012,1
Haryana,Sonipat,2025-11-15,11,34.99,3,2.0,0,0.6237827149630549,1
Haryana,Sonipat,2025-11-16,16,63.61,3,4.0,1,0.765871569735734,1
Haryana,Sonipat,2025-11-17,8,27.08,3,2.0,0,0.5112431148572782,1
Haryana,Sonipat,2025-11-18,2,7.31,3,0.0,0,0.4124519267497206,1
Haryana,Sonipat,2025-11-19,4,20.27,3,5.0,1,0.39104880536130515,1
Haryana,Sonipat,2025-11-20,2,1.2400000000000002,3,12.0,1,0.35488296286256404,1
Haryana,Sonipat,2025-11-21,0,0.0,3,1.0,0,0.35494284250321373,1
Haryana,Sonipat,2025-11-22,5,14.0,3,0.0,0,0.2709501748251747,0
Haryana,Sonipat,2025-11-23,12,33.33,3,8.0,1,0.3766290420709428,1
Haryana,Yamunanagar,2025-10-15,0,0.0,3,2.0,0,0.23555814639084255,0
Haryana,Yamunanagar,2025-10-16,4,15.06,3,1.0,0,0.4971447951476495,1
Haryana,Yamunanagar,2025-10-17,0,0.0,3,2.0,0,0.289668553179921,0
Haryana,Yamunanagar,2025-10-18,2,2.39,3,0.0,0,0.3176458635429222,0
Haryana,Yamunanagar,2025-10-19,1,3.86,3,1.0,0,0.4004000421350284,1
Haryana,Yamunanagar,2025-10-20,2,7.58,3,0.0,0,0.44912890199239963,1
Haryana,Yamunanagar,2025-10-21,0,0.0,3,0.0,0,0.3653169795890382,1
Haryana,Yamunanagar,2025-10-22,1,1.44,3,0.0,0,0.35421426862381905,1
Haryana,Yamunanagar,2025-10-23,0,0.0,3,0.0,0,0.2797403429903429,0
Haryana,Yamunanagar,2025-10-24,0,0.0,3,0.0,0,0.18457738894038844,0
Haryana,Yamunanagar,2025-10-25,0,0.0,3,0.0,0,0.2419153519739219,0
Haryana,Yamunanagar,2025-10-26,0,0.0,3,1.0,0,0.16543170861535011,0
Haryana,Yamunanagar,2025-10-27,0,0.0,3,0.0,0,0.20017550625305933,0
Haryana,Yamunanagar,2025-10-28,0,0.0,3,0.0,0,0.09640164311196575,0
Haryana,Yamunanagar,2025-10-29,1,0.38,3,1.0,0,0.20057209948578059,0
Haryana,Yamunanagar,2025-10-30,0,0.0,3,5.0,1,0.20966631749057005,0
Haryana,Yamunanagar,2025-10-31,0,0.0,3,3.0,1,0.09153928488196045,0
Haryana,Yamunanagar,2025-11-01,1,5.48,3,0.0,0,0.22731207806972406,0
Haryana,Yamunanagar,2025-11-02,5,8.93,3,0.0,0,0.22156693907227962,0
Haryana,Yamunanagar,2025-11-03,3,9.27,3,0.0,0,0.47564239878594594,1
Haryana,Yamunanagar,2025-11-04,0,0.0,3,0.0,0,0.3897387759299519,1
Haryana,Yamunanagar,2025-11-05,0,0.0,3,0.0,0,0.222541168443662,0
Haryana,Yamunanagar,2025-11-06,0,0.0,3,0.0,0,0.20425939784980596,0
Haryana,Yamunanagar,2025-11-07,0,0.0,3,0.0,0,0.2765662326008254,0
Haryana,Yamunanagar,2025-11-08,0,0.0,3,0.0,0,0.24070962810009458,0
Haryana,Yamunanagar,2025-11-09,0,0.0,3,0.0,0,0.04504986583130959,0
Haryana,Yamunanagar,2025-11-10,0,0.0,3,0.0,0,0.03559595264679298,0
Haryana,Yamunanagar,2025-11-11,0,0.0,3,0.0,0,0.012107021921850782,0
Haryana,Yamunanagar,2025-11-12,0,0.0,3,2.0,0,0.01797824995851999,0
Haryana,Yamunanagar,2025-11-13,0,0.0,3,0.0,0,0.013799180306943947,0
Haryana,Yamunanagar,2025-11-14,0,0.0,3,0.0,0,0.01727208671088483,0
Haryana,Yamunanagar,2025-11-15,2,4.6,3,0.0,0,0.08502581945922504,0
Haryana,Yamunanagar,2025-11-16,0,0.0,3,0.0,0,0.06789427031302032,0
Haryana,Yamunanagar,2025-11-17,0,0.0,3,0.0,0,0.1124750721071286,0
Haryana,Yamunanagar,2025-11-18,0,0.0,3,0.0,0,0.01800695181255526,0
Haryana,Yamunanagar,2025-11-19,0,0.0,3,0.0,0,0.017114003857261764,0
Haryana,Yamunanagar,2025-11-20,0,0.0,3,1.0,0,0.08656788213677513,0
Haryana,Yamunanagar,2025-11-21,0,0.0,3,0.0,0,0.07459035211665653,0
Haryana,Yamunanagar,2025-11-22,0,0.0,3,2.0,0,0.03988620961615517,0
Haryana,Yamunanagar,2025-11-23,1,1.39,3,1.0,0,0.04656483160838725,0
Punjab,Amritsar,2025-10-15,12,35.05,3,6.0,1,0.6364620672043436,1
Punjab,Amritsar,2025-10-16,16,68.16,3,45.0,1,0.7929684482184485,1
Punjab,Amritsar,2025-10-17,8,32.87,3,20.0,1,0.9093197684668276,1
Punjab,Amritsar,2025-10-18,6,21.91,3,19.0,1,0.8164263918842504,1
Punjab,Amritsar,2025-10-19,45,240.68,3,22.0,1,0.9064061649732382,1
Punjab,Amritsar,2025-10-20,20,92.65,3,16.0,1,0.9740070346320345,1
Punjab,Amritsar,2025-10-21,19,88.28,3,1.0,0,0.9824204545454546,1
Punjab,Amritsar,2025-10-22,22,118.74,3,13.0,1,0.9880373376623378,1
Punjab,Amritsar,2025-10-23,16,66.03,3,22.0,1,0.9717202380952379,1
Punjab,Amritsar,2025-10-24,1,2.08,3,24.0,1,0.914486556754649,1
Punjab,Amritsar,2025-10-25,13,47.41,3,6.0,1,0.9477247335997337,1
Punjab,Amritsar,2025-10-26,22,98.56,3,7.0,1,0.9574722601959444,1
Punjab,Amritsar,2025-10-27,24,90.37,3,23.0,1,0.969570054945055,1
Punjab,Amritsar,2025-10-28,6,33.58,3,27.0,1,0.9181223457914632,1
Punjab,Amritsar,2025-10-29,7,37.73,3,37.0,1,0.9066785714285716,1
Punjab,Amritsar,2025-10-30,23,143.86,3,28.0,1,0.9849810606060606,1
Punjab,Amritsar,2025-10-31,27,94.06,3,9.0,1,0.9850714285714287,1
Punjab,Amritsar,2025-11-01,37,118.21,3,26.0,1,0.930954834910952,1
Punjab,Amritsar,2025-11-02,28,109.47,3,29.0,1,0.9441264152514155,1
Punjab,Amritsar,2025-11-03,9,30.4,3,23.0,1,0.7316003124842132,1
Punjab,Amritsar,2025-11-04,26,112.51,3,8.0,1,0.8759351114571704,1
Punjab,Amritsar,2025-11-05,29,131.59,3,13.0,1,0.9170069979040569,1
Punjab,Amritsar,2025-11-06,23,109.0,3,15.0,1,0.9095843837535017,1
Punjab,Amritsar,2025-11-07,8,31.31,3,9.0,1,0.5727713228463999,1
Punjab,Amritsar,2025-11-08,13,70.85,3,7.0,1,0.8668289407960461,1
Punjab,Amritsar,2025-11-09,15,46.38,3,4.0,1,0.8070342694586117,1
Punjab,Amritsar,2025-11-10,9,34.5,3,2.0,0,0.7261855644355641,1
Punjab,Amritsar,2025-11-11,7,14.15,3,2.0,0,0.6503414918414913,1
Punjab,Amritsar,2025-11-12,4,9.57,3,2.0,0,0.5469675740925738,1
Punjab,Amritsar,2025-11-13,2,5.67,3,6.0,1,0.5634389776889771,1
Punjab,Amritsar,2025-11-14,2,10.12,3,0.0,0,0.3895288388082503,1
Punjab,Amritsar,2025-11-15,2,8.0,3,0.0,0,0.420965255332902,1
Punjab,Amritsar,2025-11-16,6,30.14,3,0.0,0,0.47559946774072115,1
Punjab,Amritsar,2025-11-17,0,0.0,3,0.0,0,0.42035603630003904,1
Punjab,Amritsar,2025-11-18,0,0.0,3,0.0,0,0.46292412244618064,1
Punjab,Amritsar,2025-11-19,0,0.0,3,1.0,0,0.4126687638881908,1
Punjab,Amritsar,2025-11-20,0,0.0,3,4.0,1,0.1860341394902186,0
Punjab,Amritsar,2025-11-21,0,0.0,3,0.0,0,0.20814036234663164,0
Punjab,Amritsar,2025-11-22,1,3.81,3,0.0,0,0.07510974858474857,0
Punjab,Amritsar,2025-11-23,4,13.1,3,0.0,0,0.2212456304015901,0
Punjab,Barnala,2025-10-15,0,0.0,3,0.0,0,0.1386695351321013,0
Punjab,Barnala,2025-10-16,0,0.0,3,0.0,0,0.09485580626008103,0
Punjab,Barnala,2025-10-17,0,0.0,3,0.0,0,0.09677647075459045,0
Punjab,Barnala,2025-10-18,0,0.0,3,0.0,0,0.1720834011132172,0
Punjab,Barnala,2025-10-19,0,0.0,3,0.0,0,0.17966219033330827,0
Punjab,Barnala,2025-10-20,0,0.0,3,0.0,0,0.15927872425600342,0
Punjab,Barnala,2025-10-21,0,0.0,3,0.0,0,0.11136734811596645,0
Punjab,Barnala,2025-10-22,0,0.0,3,0.0,0,0.09050333963071737,0
Punjab,Barnala,2025-10-23,0,0.0,3,3.0,1,0.1007523746160969,0
Punjab,Barnala,2025-10-24,0,0.0,3,2.0,0,0.22116383438114795,0
Punjab,Barnala,2025-10-25,0,0.0,3,1.0,0,0.09156325199402955,0
Punjab,Barnala,2025-10-26,3,7.86,3,3.0,1,0.32383522574472573,0
Punjab,Barnala,2025-10-27,2,7.640000000000001,3,3.0,1,0.3662270450018405,1
Punjab,Barnala,2025-10-28,1,4.59,3,6.0,1,0.5947341191436695,1
Punjab,Barnala,2025-10-29,3,16.8,3,10.0,1,0.7220137023012713,1
Punjab,Barnala,2025-10-30,3,18.94,3,8.0,1,0.7006001854775377,1
Punjab,Barnala,2025-10-31,6,37.17,3,6.0,1,0.8097723942723941,1
Punjab,Barnala,2025-11-01,10,56.52,3,12.0,1,0.8361755328005327,1
Punjab,Barnala,2025-11-02,8,45.7,3,2.0,0,0.8466402898357233,1
Punjab,Barnala,2025-11-03,6,37.37,3,1.0,0,0.6700105883968105,1
Punjab,Barnala,2025-11-04,12,124.62,3,0.0,0,0.8713612940810589,1
Punjab,Barnala,2025-11-05,2,10.62,3,2.0,0,0.6414060318873587,1
Punjab,Barnala,2025-11-06,1,1.65,3,4.0,1,0.5646369858211958,1
Punjab,Barnala,2025-11-07,0,0.0,3,8.0,1,0.47889455771266887,1
Punjab,Barnala,2025-11-08,2,4.4,3,2.0,0,0.25945862470862463,0
Punjab,Barnala,2025-11-09,4,11.85,3,2.0,0,0.4284625335964342,1
Punjab,Barnala,2025-11-10,8,38.44,3,2.0,0,0.569482708403567,1
Punjab,Barnala,2025-11-11,2,5.19,3,1.0,0,0.4815177975211058,1
Punjab,Barnala,2025-11-12,2,39.4,3,5.0,1,0.5637742920134557,1
Punjab,Barnala,2025-11-13,2,15.18,3,1.0,0,0.5616789969254168,1
Punjab,Barnala,2025-11-14,1,3.39,3,0.0,0,0.46401373626373593,1
Punjab,Barnala,2025-11-15,5,33.09,3,0.0,0,0.5221637183765663,1
Punjab,Barnala,2025-11-16,1,1.66,3,0.0,0,0.4521434919247415,1
Punjab,Barnala,2025-11-17,0,0.0,3,0.0,0,0.3753779553779549,1
Punjab,Barnala,2025-11-18,0,0.0,3,0.0,0,0.36361464683407374,1
Punjab,Barnala,2025-11-19,0,0.0,3,0.0,0,0.11366219419502892,0
Punjab,Barnala,2025-11-20,0,0.0,3,0.0,0,0.15656479037336046,0
Punjab,Barnala,2025-11-21,0,0.0,3,0.0,0,0.02424648268398269,0
Punjab,Barnala,2025-11-22,0,0.0,3,0.0,0,0.058288365710212356,0
Punjab,Barnala,2025-11-23,0,0.0,3,0.0,0,0.045655602730602735,0
Punjab,Bathinda,2025-10-15,1,1.18,3,0.0,0,0.30484391820685786,0
Punjab,Bathinda,2025-10-16,0,0.0,3,0.0,0,0.13924912582547586,0
Punjab,Bathinda,2025-10-17,4,63.8,3,5.0,1,0.5901013583374494,1
Punjab,Bathinda,2025-10-18,0,0.0,3,2.0,0,0.362974188917737,1
Punjab,Bathinda,2025-10-19,0,0.0,3,17.0,1,0.3466341169150764,1
Punjab,Bathinda,2025-10-20,5,17.72,3,3.0,1,0.6418728918140679,1
Punjab,Bathinda,2025-10-21,2,4.890000000000001,3,4.0,1,0.5352089871185455,1
Punjab,Bathinda,2025-10-22,17,87.66,3,7.0,1,0.8473135822510823,1
Punjab,Bathinda,2025-10-23,3,19.55,3,13.0,1,0.6809442744755242,1
Punjab,Bathinda,2025-10-24,4,28.48,3,8.0,1,0.6648673512327986,1
Punjab,Bathinda,2025-10-25,7,29.89,3,9.0,1,0.7159899316369899,1
Punjab,Bathinda,2025-10-26,13,74.64,3,13.0,1,0.9324128787878786,1
Punjab,Bathinda,2025-10-27,8,43.22,3,18.0,1,0.8522175570817211,1
Punjab,Bathinda,2025-10-28,9,58.940000000000005,3,41.0,1,0.9611368509539243,1
Punjab,Bathinda,2025-10-29,13,140.1,3,26.0,1,0.9779277389277388,1
Punjab,Bathinda,2025-10-30,18,127.21,3,30.0,1,0.9893246753246754,1
Punjab,Bathinda,2025-10-31,41,315.65000000000003,3,17.0,1,0.9775054112554112,1
Punjab,Bathinda,2025-11-01,26,202.89,3,27.0,1,0.9591597618068205,1
Punjab,Bathinda,2025-11-02,30,221.48,3,12.0,1,0.9588450299700301,1
Punjab,Bathinda,2025-11-03,17,79.41,3,24.0,1,0.955554612054612,1
Punjab,Bathinda,2025-11-04,27,125.34,3,41.0,1,0.9709226190476191,1
Punjab,Bathinda,2025-11-05,12,44.44,3,20.0,1,0.8864276544533898,1
Punjab,Bathinda,2025-11-06,24,116.88,3,18.0,1,0.9603438693659285,1
Punjab,Bathinda,2025-11-07,41,237.32,3,35.0,1,0.7610192723942721,1
Punjab,Bathinda,2025-11-08,20,100.05,3,32.0,1,0.8468527771248359,1
Punjab,Bathinda,2025-11-09,18,112.56,3,15.0,1,0.9087710671681262,1
Punjab,Bathinda,2025-11-10,35,228.03,3,14.0,1,0.9299260936431992,1
Punjab,Bathinda,2025-11-11,32,118.04,3,20.0,1,0.9296313883484939,1
Punjab,Bathinda,2025-11-12,15,44.18,3,11.0,1,0.8506360919781976,1
Punjab,Bathinda,2025-11-13,14,69.72,3,37.0,1,0.9366975305396359,1
Punjab,Bathinda,2025-11-14,20,112.79,3,13.0,1,0.9525500333000333,1
Punjab,Bathinda,2025-11-15,11,34.54,3,6.0,1,0.7395131365023002,1
Punjab,Bathinda,2025-11-16,37,147.55,3,6.0,1,0.9090489707660762,1
Punjab,Bathinda,2025-11-17,13,55.79,3,7.0,1,0.9214921377641968,1
Punjab,Bathinda,2025-11-18,6,25.15,3,8.0,1,0.5415102838338129,1
Punjab,Bathinda,2025-11-19,6,39.8,3,7.0,1,0.6439476799000791,1
Punjab,Bathinda,2025-11-20,7,21.46,3,1.0,0,0.3933447581829932,1
Punjab,Bathinda,2025-11-21,8,30.63,3,1.0,0,0.4943794514309216,1
Punjab,Bathinda,2025-11-22,7,37.75,3,0.0,0,0.24285280161015443,0
Punjab,Bathinda,2025-11-23,1,1.89,3,1.0,0,0.14713600859924397,0
Punjab,Faridkot,2025-10-15,0,0.0,3,0.0,0,0.1521414546126683,0
Punjab,Faridkot,2025-10-16,1,2.22,3,1.0,0,0.30175009306178213,0
Punjab,Faridkot,2025-10-17,1,5.47,3,0.0,0,0.5770564515979095,1
Punjab,Faridkot,2025-10-18,0,0.0,3,2.0,0,0.23536501476112598,0
Punjab,Faridkot,2025-10-19,1,5.6,3,5.0,1,0.5825226355886592,1
Punjab,Faridkot,2025-10-20,0,0.0,3,1.0,0,0.21124255255166183,0
Punjab,Faridkot,2025-10-21,2,7.15,3,2.0,0,0.5112710543155303,1
Punjab,Faridkot,2025-10-22,5,24.04,3,5.0,1,0.642511203089435,1
Punjab,Faridkot,2025-10-23,1,6.57,3,5.0,1,0.6401614385348045,1
Punjab,Faridkot,2025-10-24,2,5.51,3,3.0,1,0.5635057672930838,1
Punjab,Faridkot,2025-10-25,5,26.76,3,2.0,0,0.7252712428684965,1
Punjab,Faridkot,2025-10-26,5,17.33,3,9.0,1,0.8012697767918355,1
Punjab,Faridkot,2025-10-27,3,11.5,3,5.0,1,0.6858631088983255,1
Punjab,Faridkot,2025-10-28,2,8.79,3,9.0,1,0.7441581680288025,1
Punjab,Faridkot,2025-10-29,9,88.17,3,4.0,1,0.8562807658028245,1
Punjab,Faridkot,2025-10-30,5,17.3,3,8.0,1,0.8634788159410918,1
Punjab,Faridkot,2025-10-31,9,39.27,3,0.0,0,0.8966591741591745,1
Punjab,Faridkot,2025-11-01,4,28.95,3,11.0,1,0.5265496957200966,1
Punjab,Faridkot,2025-11-02,8,50.22,3,12.0,1,0.7544719396100972,1
Punjab,Faridkot,2025-11-03,0,0.0,3,19.0,1,0.5293630857017074,1
Punjab,Faridkot,2025-11-04,11,61.760000000000005,3,8.0,1,0.762570455898773,1
Punjab,Faridkot,2025-11-05,12,48.12,3,15.0,1,0.8495142561860334,1
Punjab,Faridkot,2025-11-06,19,138.35,3,20.0,1,0.8588147648878581,1
Punjab,Faridkot,2025-11-07,8,23.32,3,3.0,1,0.5138033106599278,1
Punjab,Faridkot,2025-11-08,15,90.21,3,9.0,1,0.7520096090014324,1
Punjab,Faridkot,2025-11-09,20,190.47,3,3.0,1,0.8773943802585444,1
Punjab,Faridkot,2025-11-10,3,10.91,3,4.0,1,0.6712834818367902,1
Punjab,Faridkot,2025-11-11,9,65.49,3,0.0,0,0.8198083155879209,1
Punjab,Faridkot,2025-11-12,3,11.0,3,2.0,0,0.5670602614297464,1
Punjab,Faridkot,2025-11-13,4,12.6,3,7.0,1,0.5601318708381398,1
Punjab,Faridkot,2025-11-14,0,0.0,3,4.0,1,0.58573787834972,1
Punjab,Faridkot,2025-11-15,2,6.69,3,0.0,0,0.3339984182484182,0
Punjab,Faridkot,2025-11-16,7,34.44,3,2.0,0,0.5982191974691972,1
Punjab,Faridkot,2025-11-17,4,30.05,3,2.0,0,0.44977864168742776,1
Punjab,Faridkot,2025-11-18,0,0.0,3,0.0,0,0.5097679664751269,1
Punjab,Faridkot,2025-11-19,2,17.740000000000002,3,0.0,0,0.4232778677720623,1
Punjab,Faridkot,2025-11-20,2,11.43,3,0.0,0,0.3704465863084282,1
Punjab,Faridkot,2025-11-21,0,0.0,3,0.0,0,0.35973022204833316,1
Punjab,Faridkot,2025-11-22,0,0.0,3,0.0,0,0.25897702078623114,0
Punjab,Faridkot,2025-11-23,0,0.0,3,0.0,0,0.1536118492015232,0
Punjab,Fatehgarh Sahib,2025-10-15,0,0.0,3,0.0,0,0.16058390858842092,0
Punjab,Fatehgarh Sahib,2025-10-16,0,0.0,3,4.0,1,0.11044986730460808,0
Punjab,Fatehgarh Sahib,2025-10-17,0,0.0,3,1.0,0,0.11678560349823901,0
Punjab,Fatehgarh Sahib,2025-10-18,0,0.0,3,6.0,1,0.24981899089063656,0
Punjab,Fatehgarh Sahib,2025-10-19,4,20.89,3,2.0,0,0.68533525770451,1
Punjab,Fatehgarh Sahib,2025-10-20,1,1.79,3,0.0,0,0.53999312445147,1
Punjab,Fatehgarh Sahib,2025-10-21,6,26.86,3,0.0,0,0.6836662010197813,1
Punjab,Fatehgarh Sahib,2025-10-22,2,12.03,3,0.0,0,0.7523905426054911,1
Punjab,Fatehgarh Sahib,2025-10-23,0,0.0,3,14.0,1,0.5478874738111279,1
Punjab,Fatehgarh Sahib,2025-10-24,0,0.0,3,3.0,1,0.5650256957486757,1
Punjab,Fatehgarh Sahib,2025-10-25,0,0.0,3,4.0,1,0.34399912884894646,1
Punjab,Fatehgarh Sahib,2025-10-26,14,44.94,3,3.0,1,0.7845562305748729,1
Punjab,Fatehgarh Sahib,2025-10-27,3,49.03,3,0.0,0,0.7973252892940392,1
Punjab,Fatehgarh Sahib,2025-10-28,4,19.14,3,5.0,1,0.773831481018981,1
Punjab,Fatehgarh Sahib,2025-10-29,3,33.61,3,8.0,1,0.7600091729431614,1
Punjab,Fatehgarh Sahib,2025-10-30,0,0.0,3,5.0,1,0.5031793572165139,1
Punjab,Fatehgarh Sahib,2025-10-31,5,28.4,3,1.0,0,0.7363703428924019,1
Punjab,Fatehgarh Sahib,2025-11-01,8,57.0,3,3.0,1,0.7815906275097452,1
Punjab,Fatehgarh Sahib,2025-11-02,5,30.47,3,6.0,1,0.6235596628061506,1
Punjab,Fatehgarh Sahib,2025-11-03,1,4.68,3,6.0,1,0.42111710360054666,1
Punjab,Fatehgarh Sahib,2025-11-04,3,19.16,3,8.0,1,0.49775961912184796,1
Punjab,Fatehgarh Sahib,2025-11-05,6,19.16,3,8.0,1,0.42523330835830797,1
Punjab,Fatehgarh Sahib,2025-11-06,6,9.41,3,5.0,1,0.4666222235441673,1
Punjab,Fatehgarh Sahib,2025-11-07,8,23.52,3,1.0,0,0.47804550596462314,1
Punjab,Fatehgarh Sahib,2025-11-08,8,33.71,3,3.0,1,0.6153901147871729,1
Punjab,Fatehgarh Sahib,2025-11-09,5,24.72,3,1.0,0,0.42765148981453294,1
Punjab,Fatehgarh Sahib,2025-11-10,1,3.45,3,0.0,0,0.5219267448238031,1
Punjab,Fatehgarh Sahib,2025-11-11,3,7.37,3,2.0,0,0.4139130546440143,1
Punjab,Fatehgarh Sahib,2025-11-12,1,7.2,3,3.0,1,0.395078671328671,1
Punjab,Fatehgarh Sahib,2025-11-13,0,0.0,3,4.0,1,0.30562557492660264,0
Punjab,Fatehgarh Sahib,2025-11-14,2,4.34,3,1.0,0,0.280567474192474,0
Punjab,Fatehgarh Sahib,2025-11-15,3,6.069999999999999,3,1.0,0,0.3251376782744107,0
Punjab,Fatehgarh Sahib,2025-11-16,4,6.75,3,6.0,1,0.36624473056613127,1
Punjab,Fatehgarh Sahib,2025-11-17,1,3.37,3,3.0,1,0.3787986334826219,1
Punjab,Fatehgarh Sahib,2025-11-18,1,3.68,3,0.0,0,0.33453621378621357,0
Punjab,Fatehgarh Sahib,2025-11-19,6,22.45,3,0.0,0,0.4231376057848295,1
Punjab,Fatehgarh Sahib,2025-11-20,3,3.65,3,0.0,0,0.3397125423596008,1
Punjab,Fatehgarh Sahib,2025-11-21,0,0.0,3,0.0,0,0.4161384293455901,1
Punjab,Fatehgarh Sahib,2025-11-22,0,0.0,3,0.0,0,0.28903693120604873,0
Punjab,Fatehgarh Sahib,2025-11-23,0,0.0,3,0.0,0,0.11653713610950456,0
Punjab,Fazilka,2025-10-15,0,0.0,3,0.0,0,0.2916520677010054,0
Punjab,Fazilka,2025-10-16,2,8.14,3,4.0,1,0.47267116106764745,1
Punjab,Fazilka,2025-10-17,3,11.59,3,7.0,1,0.5405269691608695,1
Punjab,Fazilka,2025-10-18,0,0.0,3,4.0,1,0.3248229849040159,0
Punjab,Fazilka,2025-10-19,4,18.04,3,2.0,0,0.5800757673698845,1
Punjab,Fazilka,2025-10-20,7,33.6,3,0.0,0,0.6802355695774813,1
Punjab,Fazilka,2025-10-21,4,18.44,3,4.0,1,0.7403906975377563,1
Punjab,Fazilka,2025-10-22,2,40.43,3,0.0,0,0.7129899475524478,1
Punjab,Fazilka,2025-10-23,0,0.0,3,7.0,1,0.5677948531964484,1
Punjab,Fazilka,2025-10-24,4,27.34,3,1.0,0,0.6972022702529667,1
Punjab,Fazilka,2025-10-25,0,0.0,3,2.0,0,0.5314811898989618,1
Punjab,Fazilka,2025-10-26,7,29.8,3,4.0,1,0.7228501596442771,1
Punjab,Fazilka,2025-10-27,1,3.99,3,5.0,1,0.5348008658008654,1
Punjab,Fazilka,2025-10-28,2,11.98,3,10.0,1,0.63387834366356,1
Punjab,Fazilka,2025-10-29,4,27.86,3,12.0,1,0.6721625874125874,1
Punjab,Fazilka,2025-10-30,5,24.56,3,13.0,1,0.6946795200413618,1
Punjab,Fazilka,2025-10-31,10,44.28,3,13.0,1,0.8230739260739258,1
Punjab,Fazilka,2025-11-01,12,57.93,3,16.0,1,0.803960286424102,1
Punjab,Fazilka,2025-11-02,13,84.34,3,18.0,1,0.8568915235862559,1
Punjab,Fazilka,2025-11-03,13,134.76,3,25.0,1,0.911092709595369,1
Punjab,Fazilka,2025-11-04,16,119.84,3,20.0,1,0.8990540399316997,1
Punjab,Fazilka,2025-11-05,18,102.75,3,24.0,1,0.9574420995670998,1
Punjab,Fazilka,2025-11-06,25,259.03000000000003,3,46.0,1,0.9401560401672633,1
Punjab,Fazilka,2025-11-07,20,154.25,3,17.0,1,0.6855805340170664,1
Punjab,Fazilka,2025-11-08,24,119.77,3,23.0,1,0.8044400959452445,1
Punjab,Fazilka,2025-11-09,46,255.47,3,14.0,1,0.925962973430079,1
Punjab,Fazilka,2025-11-10,17,96.81,3,19.0,1,0.9001542207792208,1
Punjab,Fazilka,2025-11-11,23,189.2,3,29.0,1,0.9115420356721845,1
Punjab,Fazilka,2025-11-12,14,117.91,3,18.0,1,0.9208887192528833,1
Punjab,Fazilka,2025-11-13,19,143.35,3,29.0,1,0.9438416746297185,1
Punjab,Fazilka,2025-11-14,29,271.5,3,7.0,1,0.9687440476190479,1
Punjab,Fazilka,2025-11-15,18,61.9,3,3.0,1,0.9131660252801894,1
Punjab,Fazilka,2025-11-16,29,117.8,3,10.0,1,0.9165804989644002,1
Punjab,Fazilka,2025-11-17,7,33.87,3,1.0,0,0.6942650879821928,1
Punjab,Fazilka,2025-11-18,3,15.489999999999998,3,10.0,1,0.6267580724635549,1
Punjab,Fazilka,2025-11-19,10,25.72,3,4.0,1,0.5930974025974021,1
Punjab,Fazilka,2025-11-20,1,6.82,3,3.0,1,0.350903038138332,1
Punjab,Fazilka,2025-11-21,10,59.63,3,0.0,0,0.7836711583050591,1
Punjab,Fazilka,2025-11-22,4,25.17,3,5.0,1,0.18019181308887194,0
Punjab,Fazilka,2025-11-23,3,33.96,3,1.0,0,0.206222707941092,0
Punjab,Ferozepur,2025-10-15,3,12.61,3,10.0,1,0.5160686764878621,1
Punjab,Ferozepur,2025-10-16,9,81.17999999999999,3,7.0,1,0.712589409494015,1
Punjab,Ferozepur,2025-10-17,7,33.97,3,18.0,1,0.8119867964805337,1
Punjab,Ferozepur,2025-10-18,10,29.47,3,31.0,1,0.8353177545493723,1
Punjab,Ferozepur,2025-10-19,7,76.3,3,18.0,1,0.8164994845840432,1
Punjab,Ferozepur,2025-10-20,18,144.3,3,5.0,1,0.9000559526855259,1
Punjab,Ferozepur,2025-10-21,31,177.18,3,7.0,1,0.9806466450216449,1
Punjab,Ferozepur,2025-10-22,18,137.65,3,12.0,1,0.9869918831168831,1
Punjab,Ferozepur,2025-10-23,5,19.84,3,25.0,1,0.7401354667733214,1
Punjab,Ferozepur,2025-10-24,7,31.76,3,14.0,1,0.7618828747362028,1
Punjab,Ferozepur,2025-10-25,12,88.68,3,10.0,1,0.9033730436230436,1
Punjab,Ferozepur,2025-10-26,25,167.95,3,27.0,1,0.9860487012987014,1
Punjab,Ferozepur,2025-10-27,14,99.84,3,43.0,1,0.9787085194217547,1
Punjab,Ferozepur,2025-10-28,10,50.78,3,35.0,1,0.9334688008070364,1
Punjab,Ferozepur,2025-10-29,27,342.41,3,33.0,1,0.990414502164502,1
Punjab,Ferozepur,2025-10-30,43,284.75,3,47.0,1,0.9973750000000001,1
Punjab,Ferozepur,2025-10-31,35,223.29,3,26.0,1,0.9965714285714286,1
Punjab,Ferozepur,2025-11-01,33,243.13,3,69.0,1,0.9894726523476524,1
Punjab,Ferozepur,2025-11-02,47,320.26,3,5.0,1,0.99425,1
Punjab,Ferozepur,2025-11-03,26,130.48,3,20.0,1,0.9860032467532467,1
Punjab,Ferozepur,2025-11-04,69,518.02,3,48.0,1,0.9578365800865802,1
Punjab,Ferozepur,2025-11-05,5,39.5,3,46.0,1,0.7734705392646569,1
Punjab,Ferozepur,2025-11-06,20,166.86,3,77.0,1,0.9228235196176374,1
Punjab,Ferozepur,2025-11-07,48,253.48,3,39.0,1,0.7624905094905094,1
Punjab,Ferozepur,2025-11-08,46,301.38,3,23.0,1,0.8556816100566101,1
Punjab,Ferozepur,2025-11-09,77,484.15,3,22.0,1,0.9434837662337664,1
Punjab,Ferozepur,2025-11-10,39,197.49,3,21.0,1,0.954926406926407,1
Punjab,Ferozepur,2025-11-11,23,143.03,3,12.0,1,0.9609145021645022,1
Punjab,Ferozepur,2025-11-12,22,96.13,3,20.0,1,0.9602629283770926,1
Punjab,Ferozepur,2025-11-13,21,122.98,3,19.0,1,0.9613154761904762,1
Punjab,Ferozepur,2025-11-14,12,70.94,3,2.0,0,0.9388832833832832,1
Punjab,Ferozepur,2025-11-15,20,267.89,3,4.0,1,0.9560030435251023,1
Punjab,Ferozepur,2025-11-16,19,94.6,3,1.0,0,0.9587951680672269,1
Punjab,Ferozepur,2025-11-17,2,7.55,3,1.0,0,0.6339908504485707,1
Punjab,Ferozepur,2025-11-18,4,10.27,3,1.0,0,0.6193996628371623,1
Punjab,Ferozepur,2025-11-19,1,4.64,3,3.0,1,0.43684520136725985,1
Punjab,Ferozepur,2025-11-20,1,3.39,3,0.0,0,0.3850032467532465,1
Punjab,Ferozepur,2025-11-21,1,3.06,3,2.0,0,0.40867445054945023,1
Punjab,Ferozepur,2025-11-22,3,9.88,3,1.0,0,0.24834420726332482,0
Punjab,Ferozepur,2025-11-23,0,0.0,3,0.0,0,0.2566938061938061,0
Punjab,Gurdaspur,2025-10-15,0,0.0,3,3.0,1,0.2569880735179754,0
Punjab,Gurdaspur,2025-10-16,1,3.49,3,4.0,1,0.4036968062104201,1
Punjab,Gurdaspur,2025-10-17,2,6.96,3,10.0,1,0.605758304439274,1
Punjab,Gurdaspur,2025-10-18,3,11.97,3,11.0,1,0.757206768424513,1
Punjab,Gurdaspur,2025-10-19,4,9.85,3,18.0,1,0.6954134450038677,1
Punjab,Gurdaspur,2025-10-20,10,38.04,3,5.0,1,0.8727551953587763,1
Punjab,Gurdaspur,2025-10-21,11,53.23,3,4.0,1,0.933590367965368,1
Punjab,Gurdaspur,2025-10-22,18,68.9,3,7.0,1,0.9598384115884115,1
Punjab,Gurdaspur,2025-10-23,5,11.48,3,23.0,1,0.8559668871458025,1
Punjab,Gurdaspur,2025-10-24,4,15.14,3,9.0,1,0.8741558441558444,1
Punjab,Gurdaspur,2025-10-25,7,20.9,3,5.0,1,0.7879544534412957,1
Punjab,Gurdaspur,2025-10-26,23,92.27,3,0.0,0,0.9277152786583903,1
Punjab,Gurdaspur,2025-10-27,9,22.0,3,5.0,1,0.8101563436563437,1
Punjab,Gurdaspur,2025-10-28,5,21.13,3,10.0,1,0.8515322275763453,1
Punjab,Gurdaspur,2025-10-29,0,0.0,3,10.0,1,0.8136578005328002,1
Punjab,Gurdaspur,2025-10-30,5,31.75,3,6.0,1,0.7540905393625983,1
Punjab,Gurdaspur,2025-10-31,10,31.14,3,3.0,1,0.811362855281973,1
Punjab,Gurdaspur,2025-11-01,10,37.7,3,5.0,1,0.7738182332373507,1
Punjab,Gurdaspur,2025-11-02,6,26.83,3,2.0,0,0.6394059910322692,1
Punjab,Gurdaspur,2025-11-03,3,10.03,3,6.0,1,0.370370865245865,1
Punjab,Gurdaspur,2025-11-04,5,22.94,3,6.0,1,0.39499667489373347,1
Punjab,Gurdaspur,2025-11-05,2,4.93,3,5.0,1,0.4606481900452484,1
Punjab,Gurdaspur,2025-11-06,6,27.17,3,4.0,1,0.47953355957767685,1
Punjab,Gurdaspur,2025-11-07,6,15.24,3,12.0,1,0.3704588744588742,1
Punjab,Gurdaspur,2025-11-08,5,17.650000000000002,3,6.0,1,0.37698219200707733,1
Punjab,Gurdaspur,2025-11-09,4,15.5,3,2.0,0,0.3312714368964368,0
Punjab,Gurdaspur,2025-11-10,12,49.24,3,0.0,0,0.7630026629072678,1
Punjab,Gurdaspur,2025-11-11,6,18.61,3,0.0,0,0.647624767647213,1
Punjab,Gurdaspur,2025-11-12,2,4.21,3,0.0,0,0.4911917276479966,1
Punjab,Gurdaspur,2025-11-13,0,0.0,3,1.0,0,0.4703382548823719,1
Punjab,Gurdaspur,2025-11-14,0,0.0,3,0.0,0,0.3448303736922155,1
Punjab,Gurdaspur,2025-11-15,0,0.0,3,0.0,0,0.3185703561144736,0
Punjab,Gurdaspur,2025-11-16,1,3.47,3,0.0,0,0.34523291292041264,1
Punjab,Gurdaspur,2025-11-17,0,0.0,3,0.0,0,0.25194957621912617,0
Punjab,Gurdaspur,2025-11-18,0,0.0,3,0.0,0,0.11425160384159748,0
Punjab,Gurdaspur,2025-11-19,0,0.0,3,1.0,0,0.0687950714325158,0
Punjab,Gurdaspur,2025-11-20,0,0.0,3,0.0,0,0.08424537206347552,0
Punjab,Gurdaspur,2025-11-21,0,0.0,3,0.0,0,0.0768367524967677,0
Punjab,Gurdaspur,2025-11-22,1,3.23,3,0.0,0,0.05991753300094261,0
Punjab,Gurdaspur,2025-11-23,0,0.0,3,0.0,0,0.05097736322816968,0
Punjab,Hoshiarpur,2025-10-15,0,0.0,3,0.0,0,0.2632306866858183,0
Punjab,Hoshiarpur,2025-10-16,0,0.0,3,0.0,0,0.13688550508529612,0
Punjab,Hoshiarpur,2025-10-17,0,0.0,3,0.0,0,0.15119141408857353,0
Punjab,Hoshiarpur,2025-10-18,0,0.0,3,1.0,0,0.23469284757333797,0
Punjab,Hoshiarpur,2025-10-19,0,0.0,3,1.0,0,0.22931398493605504,0
Punjab,Hoshiarpur,2025-10-20,0,0.0,3,0.0,0,0.2530210973572696,0
Punjab,Hoshiarpur,2025-10-21,1,2.05,3,3.0,1,0.3162509705328996,0
Punjab,Hoshiarpur,2025-10-22,1,1.95,3,1.0,0,0.3906575153884788,1
Punjab,Hoshiarpur,2025-10-23,0,0.0,3,3.0,1,0.31257969817555337,0
Punjab,Hoshiarpur,2025-10-24,3,8.99,3,1.0,0,0.5156444585369304,1
Punjab,Hoshiarpur,2025-10-25,1,3.5,3,1.0,0,0.5384191193866227,1
Punjab,Hoshiarpur,2025-10-26,3,8.4,3,2.0,0,0.7125810464462545,1
Punjab,Hoshiarpur,2025-10-27,1,1.99,3,1.0,0,0.575362665610451,1
Punjab,Hoshiarpur,2025-10-28,1,1.76,3,7.0,1,0.5175413386502237,1
Punjab,Hoshiarpur,2025-10-29,2,9.41,3,11.0,1,0.7673418995232842,1
Punjab,Hoshiarpur,2025-10-30,1,4.77,3,2.0,0,0.5574149694968014,1
Punjab,Hoshiarpur,2025-10-31,7,13.48,3,0.0,0,0.6029684645065074,1
Punjab,Hoshiarpur,2025-11-01,11,59.01,3,3.0,1,0.8425247387428882,1
Punjab,Hoshiarpur,2025-11-02,2,4.35,3,1.0,0,0.6034770244053328,1
Punjab,Hoshiarpur,2025-11-03,0,0.0,3,0.0,0,0.5787380617748261,1
Punjab,Hoshiarpur,2025-11-04,3,9.78,3,0.0,0,0.5599580439300292,1
Punjab,Hoshiarpur,2025-11-05,1,0.53,3,0.0,0,0.5189443832007578,1
Punjab,Hoshiarpur,2025-11-06,0,0.0,3,0.0,0,0.40741920311382346,1
Punjab,Hoshiarpur,2025-11-07,0,0.0,3,1.0,0,0.2882850244176749,0
Punjab,Hoshiarpur,2025-11-08,0,0.0,3,4.0,1,0.25712273056276597,0
Punjab,Hoshiarpur,2025-11-09,0,0.0,3,1.0,0,0.1910116203680254,0
Punjab,Hoshiarpur,2025-11-10,1,3.59,3,1.0,0,0.05910196543479315,0
Punjab,Hoshiarpur,2025-11-11,4,13.02,3,0.0,0,0.37367852518948674,1
Punjab,Hoshiarpur,2025-11-12,1,2.58,3,1.0,0,0.22067193860969248,0
Punjab,Hoshiarpur,2025-11-13,1,4.07,3,0.0,0,0.24446634837485567,0
Punjab,Hoshiarpur,2025-11-14,0,0.0,3,1.0,0,0.18827310694343555,0
Punjab,Hoshiarpur,2025-11-15,1,5.82,3,1.0,0,0.15329264098904202,0
Punjab,Hoshiarpur,2025-11-16,0,0.0,3,1.0,0,0.28999135583835495,0
Punjab,Hoshiarpur,2025-11-17,1,2.83,3,0.0,0,0.1644106871799628,0
Punjab,Hoshiarpur,2025-11-18,1,3.42,3,0.0,0,0.15004544400214948,0
Punjab,Hoshiarpur,2025-11-19,1,3.11,3,0.0,0,0.12046973926257175,0
Punjab,Hoshiarpur,2025-11-20,0,0.0,3,0.0,0,0.16652862631041013,0
Punjab,Hoshiarpur,2025-11-21,0,0.0,3,2.0,0,0.0699609255206139,0
Punjab,Hoshiarpur,2025-11-22,0,0.0,3,0.0,0,0.08080909122022273,0
Punjab,Hoshiarpur,2025-11-23,0,0.0,3,2.0,0,0.11088194721888696,0
Punjab,Jalandhar,2025-10-15,0,0.0,3,2.0,0,0.26316360648744447,0
Punjab,Jalandhar,2025-10-16,0,0.0,3,0.0,0,0.17055135247467582,0
Punjab,Jalandhar,2025-10-17,4,14.38,3,2.0,0,0.6489876436340475,1
Punjab,Jalandhar,2025-10-18,2,9.96,3,3.0,1,0.710882448198143,1
Punjab,Jalandhar,2025-10-19,0,0.0,3,4.0,1,0.41821043877869657,1
Punjab,Jalandhar,2025-10-20,2,9.15,3,1.0,0,0.7361195618177852,1
Punjab,Jalandhar,2025-10-21,3,16.41,3,0.0,0,0.7939015469528456,1
Punjab,Jalandhar,2025-10-22,4,15.63,3,8.0,1,0.8444859974514205,1
Punjab,Jalandhar,2025-10-23,1,2.67,3,12.0,1,0.7470335914085914,1
Punjab,Jalandhar,2025-10-24,0,0.0,3,8.0,1,0.5701137255417436,1
Punjab,Jalandhar,2025-10-25,8,94.87,3,6.0,1,0.8564274814060621,1
Punjab,Jalandhar,2025-10-26,12,45.35,3,12.0,1,0.9276212033580455,1
Punjab,Jalandhar,2025-10-27,8,36.98,3,5.0,1,0.8886607975357976,1
Punjab,Jalandhar,2025-10-28,6,29.52,3,13.0,1,0.8479577016718338,1
Punjab,Jalandhar,2025-10-29,12,42.22,3,18.0,1,0.9027238227458817,1
Punjab,Jalandhar,2025-10-30,5,25.29,3,15.0,1,0.766297389014494,1
Punjab,Jalandhar,2025-10-31,13,70.91,3,5.0,1,0.9321082251082252,1
Punjab,Jalandhar,2025-11-01,18,79.67999999999999,3,9.0,1,0.9389779664779667,1
Punjab,Jalandhar,2025-11-02,15,97.69,3,8.0,1,0.9415019531296128,1
Punjab,Jalandhar,2025-11-03,5,47.65,3,11.0,1,0.8433676421617597,1
Punjab,Jalandhar,2025-11-04,9,61.24,3,16.0,1,0.848284715284715,1
Punjab,Jalandhar,2025-11-05,8,5.93,3,5.0,1,0.8194962953712955,1
Punjab,Jalandhar,2025-11-06,11,34.28,3,9.0,1,0.7275056477964756,1
Punjab,Jalandhar,2025-11-07,16,78.03,3,16.0,1,0.7209173840865016,1
Punjab,Jalandhar,2025-11-08,5,17.88,3,19.0,1,0.5380662613175397,1
Punjab,Jalandhar,2025-11-09,9,30.61,3,10.0,1,0.6676981768231762,1
Punjab,Jalandhar,2025-11-10,16,64.49,3,4.0,1,0.8242976224585639,1
Punjab,Jalandhar,2025-11-11,19,152.87,3,1.0,0,0.8915094644091833,1
Punjab,Jalandhar,2025-11-12,10,33.88,3,2.0,0,0.7634565018315016,1
Punjab,Jalandhar,2025-11-13,4,17.48,3,4.0,1,0.6505601310454248,1
Punjab,Jalandhar,2025-11-14,1,1.66,3,1.0,0,0.6391916833166829,1
Punjab,Jalandhar,2025-11-15,2,7.02,3,1.0,0,0.4576335331335327,1
Punjab,Jalandhar,2025-11-16,4,21.23,3,1.0,0,0.4650380012144716,1
Punjab,Jalandhar,2025-11-17,1,1.76,3,0.0,0,0.4484179566047981,1
Punjab,Jalandhar,2025-11-18,1,2.9,3,1.0,0,0.36369694191145574,1
Punjab,Jalandhar,2025-11-19,1,4.82,3,0.0,0,0.3419425990675989,1
Punjab,Jalandhar,2025-11-20,0,0.0,3,0.0,0,0.17511951967862088,0
Punjab,Jalandhar,2025-11-21,1,3.67,3,7.0,1,0.21505171595482317,0
Punjab,Jalandhar,2025-11-22,0,0.0,3,0.0,0,0.09391845338406063,0
Punjab,Jalandhar,2025-11-23,0,0.0,3,1.0,0,0.10389076782518872,0
Punjab,Kapurthala,2025-10-15,0,0.0,3,1.0,0,0.12908956711130629,0
Punjab,Kapurthala,2025-10-16,2,19.36,3,0.0,0,0.6048984970109899,1
Punjab,Kapurthala,2025-10-17,0,0.0,3,0.0,0,0.4333033574036257,1
Punjab,Kapurthala,2025-10-18,1,2.11,3,18.0,1,0.4865954698460569,1
Punjab,Kapurthala,2025-10-19,0,0.0,3,6.0,1,0.288167430950785,0
Punjab,Kapurthala,2025-10-20,0,0.0,3,5.0,1,0.19761094592086167,0
Punjab,Kapurthala,2025-10-21,18,162.19,3,2.0,0,0.7817696121210643,1
Punjab,Kapurthala,2025-10-22,6,27.200000000000003,3,8.0,1,0.8848901147871736,1
Punjab,Kapurthala,2025-10-23,5,18.61,3,13.0,1,0.8579391604304663,1
Punjab,Kapurthala,2025-10-24,2,13.5,3,14.0,1,0.7961453995214618,1
Punjab,Kapurthala,2025-10-25,8,66.05,3,3.0,1,0.8349931328990925,1
Punjab,Kapurthala,2025-10-26,13,79.31,3,18.0,1,0.9669677822177823,1
Punjab,Kapurthala,2025-10-27,14,51.09,3,12.0,1,0.9497020895770896,1
Punjab,Kapurthala,2025-10-28,3,15.39,3,31.0,1,0.832104988761239,1
Punjab,Kapurthala,2025-10-29,18,131.55,3,35.0,1,0.9467069475240208,1
Punjab,Kapurthala,2025-10-30,12,41.96,3,26.0,1,0.9183939393939395,1
Punjab,Kapurthala,2025-10-31,31,101.58,3,11.0,1,0.9691409423909424,1
Punjab,Kapurthala,2025-11-01,35,154.07,3,11.0,1,0.9818710039960039,1
Punjab,Kapurthala,2025-11-02,26,154.72,3,0.0,0,0.9640550976800977,1
Punjab,Kapurthala,2025-11-03,11,44.88,3,5.0,1,0.8774245133596155,1
Punjab,Kapurthala,2025-11-04,11,57.36,3,14.0,1,0.891888324910384,1
Punjab,Kapurthala,2025-11-05,0,0.0,3,10.0,1,0.914962307300543,1
Punjab,Kapurthala,2025-11-06,5,15.38,3,9.0,1,0.6599029943224985,1
Punjab,Kapurthala,2025-11-07,14,53.81,3,6.0,1,0.7396568847818844,1
Punjab,Kapurthala,2025-11-08,10,44.3,3,8.0,1,0.7253739177489174,1
Punjab,Kapurthala,2025-11-09,9,34.25,3,2.0,0,0.6908469030969028,1
Punjab,Kapurthala,2025-11-10,6,32.980000000000004,3,2.0,0,0.6270965106090117,1
Punjab,Kapurthala,2025-11-11,8,22.67,3,0.0,0,0.48528438228438175,1
Punjab,Kapurthala,2025-11-12,2,11.84,3,2.0,0,0.4402334748584745,1
Punjab,Kapurthala,2025-11-13,2,4.36,3,4.0,1,0.4549538892480065,1
Punjab,Kapurthala,2025-11-14,0,0.0,3,0.0,0,0.4933535053697588,1
Punjab,Kapurthala,2025-11-15,2,10.1,3,1.0,0,0.3719554661025245,1
Punjab,Kapurthala,2025-11-16,4,17.630000000000003,3,1.0,0,0.39784053059943125,1
Punjab,Kapurthala,2025-11-17,0,0.0,3,0.0,0,0.37678125227699505,1
Punjab,Kapurthala,2025-11-18,1,3.46,3,1.0,0,0.3659769397269396,1
Punjab,Kapurthala,2025-11-19,1,0.67,3,0.0,0,0.23513407485756865,0
Punjab,Kapurthala,2025-11-20,0,0.0,3,0.0,0,0.17461779531134375,0
Punjab,Kapurthala,2025-11-21,1,1.36,3,0.0,0,0.21452675385963801,0
Punjab,Kapurthala,2025-11-22,0,0.0,3,0.0,0,0.06047473211564892,0
Punjab,Kapurthala,2025-11-23,0,0.0,3,0.0,0,0.07600631404367605,0
Punjab,Ludhiana,2025-10-15,2,4.0200000000000005,3,0.0,0,0.47742919679168827,1
Punjab,Ludhiana,2025-10-16,0,0.0,3,1.0,0,0.20116979469351462,0
Punjab,Ludhiana,2025-10-17,0,0.0,3,0.0,0,0.15849999645822024,0
Punjab,Ludhiana,2025-10-18,0,0.0,3,0.0,0,0.4420823861853318,1
Punjab,Ludhiana,2025-10-19,1,1.78,3,1.0,0,0.3511020292364583,1
Punjab,Ludhiana,2025-10-20,0,0.0,3,0.0,0,0.20301876949277006,0
Punjab,Ludhiana,2025-10-21,0,0.0,3,1.0,0,0.16470438073316618,0
Punjab,Ludhiana,2025-10-22,1,2.57,3,6.0,1,0.3636896858432818,1
Punjab,Ludhiana,2025-10-23,0,0.0,3,4.0,1,0.18603073035668072,0
Punjab,Ludhiana,2025-10-24,1,1.54,3,7.0,1,0.30983625891454913,0
Punjab,Ludhiana,2025-10-25,6,21.11,3,8.0,1,0.6582743276768546,1
Punjab,Ludhiana,2025-10-26,4,15.24,3,7.0,1,0.8456792154417074,1
Punjab,Ludhiana,2025-10-27,7,13.43,3,2.0,0,0.7913270600014021,1
Punjab,Ludhiana,2025-10-28,8,36.38,3,21.0,1,0.8583734182484183,1
Punjab,Ludhiana,2025-10-29,7,41.97,3,19.0,1,0.9048163503163505,1
Punjab,Ludhiana,2025-10-30,2,12.87,3,33.0,1,0.6832392442845099,1
Punjab,Ludhiana,2025-10-31,21,66.55,3,13.0,1,0.9173754995004993,1
Punjab,Ludhiana,2025-11-01,19,87.58,3,31.0,1,0.9081401539281974,1
Punjab,Ludhiana,2025-11-02,33,183.02,3,33.0,1,0.954563120032885,1
Punjab,Ludhiana,2025-11-03,13,65.13,3,39.0,1,0.9577232767232766,1
Punjab,Ludhiana,2025-11-04,31,162.89,3,50.0,1,0.9634975187855627,1
Punjab,Ludhiana,2025-11-05,33,192.2,3,33.0,1,0.858802841766077,1
Punjab,Ludhiana,2025-11-06,39,178.28,3,32.0,1,0.9017357275077866,1
Punjab,Ludhiana,2025-11-07,50,245.07,3,34.0,1,0.6519147519147515,1
Punjab,Ludhiana,2025-11-08,33,173.89,3,21.0,1,0.8039241698423625,1
Punjab,Ludhiana,2025-11-09,32,147.52,3,8.0,1,0.874876873126873,1
Punjab,Ludhiana,2025-11-10,34,117.03,3,21.0,1,0.865332933370977,1
Punjab,Ludhiana,2025-11-11,21,76.25,3,5.0,1,0.8972772692993283,1
Punjab,Ludhiana,2025-11-12,8,21.61,3,15.0,1,0.6937166079534497,1
Punjab,Ludhiana,2025-11-13,21,102.31,3,13.0,1,0.8878200549450551,1
Punjab,Ludhiana,2025-11-14,5,24.01,3,6.0,1,0.6353493589743586,1
Punjab,Ludhiana,2025-11-15,15,41.52,3,1.0,0,0.7547078338328336,1
Punjab,Ludhiana,2025-11-16,13,48.39,3,0.0,0,0.7838472777222776,1
Punjab,Ludhiana,2025-11-17,6,20.63,3,6.0,1,0.5263153254124613,1
Punjab,Ludhiana,2025-11-18,1,2.8,3,1.0,0,0.4920326952459302,1
Punjab,Ludhiana,2025-11-19,0,0.0,3,1.0,0,0.37472912504162464,1
Punjab,Ludhiana,2025-11-20,6,36.79,3,1.0,0,0.5166764428027212,1
Punjab,Ludhiana,2025-11-21,1,0.59,3,0.0,0,0.4380992718581726,1
Punjab,Ludhiana,2025-11-22,1,2.19,3,3.0,1,0.2468118759969783,0
Punjab,Ludhiana,2025-11-23,1,3.43,3,0.0,0,0.2443614302364302,0
Punjab,Malerkotla,2025-10-15,0,0.0,3,0.0,0,0.1611350612884015,0
Punjab,Malerkotla,2025-10-16,0,0.0,3,0.0,0,0.16226882116028796,0
Punjab,Malerkotla,2025-10-17,0,0.0,3,0.0,0,0.09306479202679865,0
Punjab,Malerkotla,2025-10-18,0,0.0,3,0.0,0,0.3043327422217102,0
Punjab,Malerkotla,2025-10-19,0,0.0,3,0.0,0,0.2147836996719228,0
Punjab,Malerkotla,2025-10-20,0,0.0,3,0.0,0,0.19832880502318936,0
Punjab,Malerkotla,2025-10-21,0,0.0,3,0.0,0,0.13636006957579322,0
Punjab,Malerkotla,2025-10-22,0,0.0,3,0.0,0,0.1172222515667346,0
Punjab,Malerkotla,2025-10-23,0,0.0,3,2.0,0,0.12847128655211415,0
Punjab,Malerkotla,2025-10-24,0,0.0,3,1.0,0,0.20382611640662873,0
Punjab,Malerkotla,2025-10-25,0,0.0,3,1.0,0,0.17422493995226193,0
Punjab,Malerkotla,2025-10-26,2,5.55,3,6.0,1,0.2941263664051152,0
Punjab,Malerkotla,2025-10-27,1,6.63,3,4.0,1,0.3204483498756438,0
Punjab,Malerkotla,2025-10-28,1,4.08,3,11.0,1,0.4232757978318377,1
Punjab,Malerkotla,2025-10-29,6,34.94,3,8.0,1,0.7642369684876077,1
Punjab,Malerkotla,2025-10-30,4,23.77,3,14.0,1,0.8007144719315772,1
Punjab,Malerkotla,2025-10-31,11,36.73,3,7.0,1,0.8891930530769543,1
Punjab,Malerkotla,2025-11-01,8,34.84,3,12.0,1,0.7727811659874351,1
Punjab,Malerkotla,2025-11-02,14,95.62,3,4.0,1,0.8954598461138216,1
Punjab,Malerkotla,2025-11-03,7,24.62,3,6.0,1,0.6649043627585824,1
Punjab,Malerkotla,2025-11-04,12,73.54,3,10.0,1,0.8647777265645646,1
Punjab,Malerkotla,2025-11-05,4,25.35,3,7.0,1,0.7871815984260837,1
Punjab,Malerkotla,2025-11-06,6,14.16,3,6.0,1,0.5054941752004439,1
Punjab,Malerkotla,2025-11-07,10,37.27,3,11.0,1,0.5160943912898245,1
Punjab,Malerkotla,2025-11-08,7,21.61,3,3.0,1,0.3956732532173705,1
Punjab,Malerkotla,2025-11-09,6,21.06,3,6.0,1,0.47043885281385245,1
Punjab,Malerkotla,2025-11-10,11,41.59,3,1.0,0,0.6332333830344168,1
Punjab,Malerkotla,2025-11-11,3,6.94,3,1.0,0,0.46720828007776477,1
Punjab,Malerkotla,2025-11-12,6,40.16,3,1.0,0,0.5479328281367752,1
Punjab,Malerkotla,2025-11-13,1,1.8,3,1.0,0,0.49044028607486384,1
Punjab,Malerkotla,2025-11-14,1,3.34,3,0.0,0,0.45067542911053093,1
Punjab,Malerkotla,2025-11-15,1,8.85,3,0.0,0,0.37309570086775934,1
Punjab,Malerkotla,2025-11-16,1,1.52,3,0.0,0,0.28649585830835816,0
Punjab,Malerkotla,2025-11-17,0,0.0,3,0.0,0,0.24784744872244865,0
Punjab,Malerkotla,2025-11-18,0,0.0,3,0.0,0,0.13416593190051884,0
Punjab,Malerkotla,2025-11-19,0,0.0,3,1.0,0,0.15562614124381377,0
Punjab,Malerkotla,2025-11-20,0,0.0,3,0.0,0,0.12443091592782381,0
Punjab,Malerkotla,2025-11-21,0,0.0,3,0.0,0,0.0732100881574566,0
Punjab,Malerkotla,2025-11-22,1,4.83,3,0.0,0,0.1361815587663112,0
Punjab,Malerkotla,2025-11-23,0,0.0,3,0.0,0,0.06305989843489845,0
Punjab,Mansa,2025-10-15,0,0.0,3,0.0,0,0.10809726069349292,0
Punjab,Mansa,2025-10-16,0,0.0,3,0.0,0,0.12399771534743062,0
Punjab,Mansa,2025-10-17,0,0.0,3,5.0,1,0.16975108305044467,0
Punjab,Mansa,2025-10-18,0,0.0,3,5.0,1,0.1807530283576108,0
Punjab,Mansa,2025-10-19,0,0.0,3,2.0,0,0.2391813551418719,0
Punjab,Mansa,2025-10-20,5,22.81,3,6.0,1,0.5776168928624501,1
Punjab,Mansa,2025-10-21,5,23.85,3,0.0,0,0.5935237673940954,1
Punjab,Mansa,2025-10-22,2,3.5900000000000003,3,0.0,0,0.6073707745768216,1
Punjab,Mansa,2025-10-23,6,58.6,3,1.0,0,0.8227976655697244,1
Punjab,Mansa,2025-10-24,0,0.0,3,2.0,0,0.600683427857082,1
Punjab,Mansa,2025-10-25,0,0.0,3,2.0,0,0.5882337675112603,1
Punjab,Mansa,2025-10-26,1,3.98,3,9.0,1,0.5800904539217228,1
Punjab,Mansa,2025-10-27,2,9.69,3,19.0,1,0.4720069031441421,1
Punjab,Mansa,2025-10-28,2,14.45,3,19.0,1,0.688734479007834,1
Punjab,Mansa,2025-10-29,9,116.13,3,22.0,1,0.7726088919073252,1
Punjab,Mansa,2025-10-30,19,117.26,3,10.0,1,0.9403321899286751,1
Punjab,Mansa,2025-10-31,19,106.16,3,17.0,1,0.9756742424242424,1
Punjab,Mansa,2025-11-01,22,190.03,3,31.0,1,0.9669397269397271,1
Punjab,Mansa,2025-11-02,10,102.98,3,8.0,1,0.9388157259407258,1
Punjab,Mansa,2025-11-03,17,74.22,3,15.0,1,0.932702380952381,1
Punjab,Mansa,2025-11-04,31,273.45,3,15.0,1,0.9876883116883115,1
Punjab,Mansa,2025-11-05,8,52.7,3,22.0,1,0.8757151843254788,1
Punjab,Mansa,2025-11-06,15,77.31,3,36.0,1,0.9334241788912844,1
Punjab,Mansa,2025-11-07,15,79.3,3,20.0,1,0.6757899797570847,1
Punjab,Mansa,2025-11-08,22,151.06,3,29.0,1,0.8186682533153119,1
Punjab,Mansa,2025-11-09,36,283.91,3,8.0,1,0.8673933413078149,1
Punjab,Mansa,2025-11-10,20,99.55,3,12.0,1,0.9143967275489352,1
Punjab,Mansa,2025-11-11,29,184.88,3,9.0,1,0.8945558770939205,1
Punjab,Mansa,2025-11-12,8,31.23,3,3.0,1,0.7475382117882119,1
Punjab,Mansa,2025-11-13,12,64.41,3,7.0,1,0.932647122614228,1
Punjab,Mansa,2025-11-14,9,70.73,3,6.0,1,0.8559777503198555,1
Punjab,Mansa,2025-11-15,3,8.5,3,1.0,0,0.5827180839993334,1
Punjab,Mansa,2025-11-16,7,26.28,3,4.0,1,0.624183599295441,1
Punjab,Mansa,2025-11-17,6,44.58,3,3.0,1,0.6041745844959094,1
Punjab,Mansa,2025-11-18,1,2.46,3,2.0,0,0.4625615371148455,1
Punjab,Mansa,2025-11-19,4,46.84,3,2.0,0,0.4732553942445579,1
Punjab,Mansa,2025-11-20,3,9.329999999999998,3,1.0,0,0.29993629287379275,0
Punjab,Mansa,2025-11-21,2,3.75,3,0.0,0,0.33197325138629474,0
Punjab,Mansa,2025-11-22,2,5.38,3,1.0,0,0.26116186264715674,0
Punjab,Mansa,2025-11-23,1,2.02,3,1.0,0,0.21404299866799864,0
Punjab,Moga,2025-10-15,0,0.0,3,0.0,0,0.14667291342164837,0
Punjab,Moga,2025-10-16,1,2.06,3,1.0,0,0.26822879402693406,0
Punjab,Moga,2025-10-17,0,0.0,3,0.0,0,0.11708368189309976,0
Punjab,Moga,2025-10-18,0,0.0,3,2.0,0,0.22291733957331417,0
Punjab,Moga,2025-10-19,1,2.61,3,2.0,0,0.39228342618279255,1
Punjab,Moga,2025-10-20,0,0.0,3,3.0,1,0.17826200235316822,0
Punjab,Moga,2025-10-21,2,1.66,3,1.0,0,0.22948451506842826,0
Punjab,Moga,2025-10-22,2,5.529999999999999,3,4.0,1,0.4316765511218982,1
Punjab,Moga,2025-10-23,3,10.66,3,3.0,1,0.6322232976065321,1
Punjab,Moga,2025-10-24,1,3.21,3,4.0,1,0.5138940300875692,1
Punjab,Moga,2025-10-25,4,23.72,3,2.0,0,0.7576276089863383,1
Punjab,Moga,2025-10-26,3,20.72,3,5.0,1,0.7728745772756709,1
Punjab,Moga,2025-10-27,4,15.97,3,5.0,1,0.7165158120728655,1
Punjab,Moga,2025-10-28,2,12.66,3,21.0,1,0.7729714145503617,1
Punjab,Moga,2025-10-29,5,13.23,3,16.0,1,0.8125003570990417,1
Punjab,Moga,2025-10-30,5,15.63,3,20.0,1,0.7624558774558775,1
Punjab,Moga,2025-10-31,21,81.03,3,18.0,1,0.9210170662670663,1
Punjab,Moga,2025-11-01,16,58.99,3,44.0,1,0.9078083607214044,1
Punjab,Moga,2025-11-02,20,72.94,3,35.0,1,0.876707626565403,1
Punjab,Moga,2025-11-03,18,95.04,3,36.0,1,0.954781635031635,1
Punjab,Moga,2025-11-04,44,500.31,3,47.0,1,0.9433457792207794,1
Punjab,Moga,2025-11-05,35,215.97,3,42.0,1,0.9457278334410688,1
Punjab,Moga,2025-11-06,36,178.56,3,44.0,1,0.9013556606437043,1
Punjab,Moga,2025-11-07,47,249.28,3,42.0,1,0.6736917495559135,1
Punjab,Moga,2025-11-08,42,260.68,3,43.0,1,0.8280444499245987,1
Punjab,Moga,2025-11-09,44,261.92,3,6.0,1,0.9064536910457964,1
Punjab,Moga,2025-11-10,42,255.84,3,19.0,1,0.9118522140913784,1
Punjab,Moga,2025-11-11,43,211.15,3,5.0,1,0.9438546918767505,1
Punjab,Moga,2025-11-12,6,35.96,3,13.0,1,0.7556907357348536,1
Punjab,Moga,2025-11-13,19,121.15,3,8.0,1,0.945343182925344,1
Punjab,Moga,2025-11-14,5,37.97,3,0.0,0,0.7238279872301611,1
Punjab,Moga,2025-11-15,13,134.83,3,1.0,0,0.9175622122975065,1
Punjab,Moga,2025-11-16,8,74.97,3,1.0,0,0.8334189144189139,1
Punjab,Moga,2025-11-17,0,0.0,3,1.0,0,0.6385205627705625,1
Punjab,Moga,2025-11-18,1,2.11,3,3.0,1,0.6022841741591735,1
Punjab,Moga,2025-11-19,1,3.99,3,1.0,0,0.43630179360113547,1
Punjab,Moga,2025-11-20,1,3.84,3,0.0,0,0.4156463497802504,1
Punjab,Moga,2025-11-21,3,8.82,3,2.0,0,0.3650749299719884,1
Punjab,Moga,2025-11-22,1,2.94,3,1.0,0,0.22970791708291707,0
Punjab,Moga,2025-11-23,0,0.0,3,2.0,0,0.22847395844609455,0
Punjab,Pathankot,2025-10-15,0,0.0,3,0.0,0,0.07351537737459848,0
Punjab,Pathankot,2025-10-16,1,2.9,3,0.0,0,0.30449307246936996,0
Punjab,Pathankot,2025-10-17,0,0.0,3,0.0,0,0.08885501013255177,0
Punjab,Pathankot,2025-10-18,0,0.0,3,0.0,0,0.19388010689400567,0
Punjab,Pathankot,2025-10-19,0,0.0,3,0.0,0,0.08916799558992135,0
Punjab,Pathankot,2025-10-20,0,0.0,3,0.0,0,0.0441614685707302,0
Punjab,Pathankot,2025-10-21,0,0.0,3,0.0,0,0.13212712877872446,0
Punjab,Pathankot,2025-10-22,0,0.0,3,0.0,0,0.06018241156504309,0
Punjab,Pathankot,2025-10-23,0,0.0,3,0.0,0,0.13625699144110304,0
Punjab,Pathankot,2025-10-24,0,0.0,3,0.0,0,0.03105326924830952,0
Punjab,Pathankot,2025-10-25,0,0.0,3,0.0,0,0.03935840479684537,0
Punjab,Pathankot,2025-10-26,0,0.0,3,0.0,0,0.009574495929730375,0
Punjab,Pathankot,2025-10-27,0,0.0,3,0.0,0,0.01707023186747866,0
Punjab,Pathankot,2025-10-28,0,0.0,3,0.0,0,0.01712183884747996,0
Punjab,Pathankot,2025-10-29,0,0.0,3,0.0,0,0.012253461681143253,0
Punjab,Pathankot,2025-10-30,0,0.0,3,1.0,0,0.047467620973399,0
Punjab,Pathankot,2025-10-31,0,0.0,3,0.0,0,0.007614349514537485,0
Punjab,Pathankot,2025-11-01,0,0.0,3,2.0,0,0.00205297281074592,0
Punjab,Pathankot,2025-11-02,1,3.28,3,0.0,0,0.048481622284651256,0
Punjab,Pathankot,2025-11-03,0,0.0,3,0.0,0,0.007642532467532468,0
Punjab,Pathankot,2025-11-04,2,5.140000000000001,3,0.0,0,0.12752966199004398,0
Punjab,Pathankot,2025-11-05,0,0.0,3,1.0,0,0.05709357779901257,0
Punjab,Pathankot,2025-11-06,0,0.0,3,0.0,0,0.01764015151515151,0
Punjab,Pathankot,2025-11-07,0,0.0,3,0.0,0,0.04508242145451447,0
Punjab,Pathankot,2025-11-08,1,2.62,3,0.0,0,0.036752496018760274,0
Punjab,Pathankot,2025-11-09,0,0.0,3,0.0,0,0.05145094144531214,0
Punjab,Pathankot,2025-11-10,0,0.0,3,0.0,0,0.007872841444270015,0
Punjab,Pathankot,2025-11-11,0,0.0,3,0.0,0,0.03035297300738477,0
Punjab,Pathankot,2025-11-12,0,0.0,3,2.0,0,0.008872394412310379,0
Punjab,Pathankot,2025-11-13,0,0.0,3,0.0,0,0.0483922293665737,0
Punjab,Pathankot,2025-11-14,0,0.0,3,0.0,0,0.005497394412310378,0
Punjab,Pathankot,2025-11-15,2,14.14,3,0.0,0,0.1946609234418832,0
Punjab,Pathankot,2025-11-16,0,0.0,3,0.0,0,0.15789285419824473,0
Punjab,Pathankot,2025-11-17,0,0.0,3,0.0,0,0.13350054694409536,0
Punjab,Pathankot,2025-11-18,0,0.0,3,0.0,0,0.10349982229884738,0
Punjab,Pathankot,2025-11-19,0,0.0,3,0.0,0,0.0005571717058916591,0
Punjab,Pathankot,2025-11-20,0,0.0,3,0.0,0,0.1639803994658277,0
Punjab,Pathankot,2025-11-21,0,0.0,3,0.0,0,0.0010598744085943616,0
Punjab,Pathankot,2025-11-22,0,0.0,3,0.0,0,0.06856651699441203,0
Punjab,Pathankot,2025-11-23,0,0.0,3,0.0,0,0.0005571717058916591,0
Punjab,Patiala,2025-10-15,3,12.0,3,2.0,0,0.5834522599900507,1
Punjab,Patiala,2025-10-16,3,11.35,3,6.0,1,0.5655601678226592,1
Punjab,Patiala,2025-10-17,4,7.54,3,14.0,1,0.5760020531432211,1
Punjab,Patiala,2025-10-18,2,6.69,3,18.0,1,0.6399105089260189,1
Punjab,Patiala,2025-10-19,6,32.99,3,11.0,1,0.7783355027325615,1
Punjab,Patiala,2025-10-20,14,55.83,3,2.0,0,0.8176284438600616,1
Punjab,Patiala,2025-10-21,18,67.72,3,1.0,0,0.9328869452915505,1
Punjab,Patiala,2025-10-22,11,39.35,3,10.0,1,0.9411332623439526,1
Punjab,Patiala,2025-10-23,2,7.77,3,4.0,1,0.8242937817102161,1
Punjab,Patiala,2025-10-24,1,4.24,3,11.0,1,0.6125402820863342,1
Punjab,Patiala,2025-10-25,10,45.56,3,6.0,1,0.8548062452253626,1
Punjab,Patiala,2025-10-26,4,12.28,3,18.0,1,0.6946813707126204,1
Punjab,Patiala,2025-10-27,11,46.69,3,13.0,1,0.8367921294391882,1
Punjab,Patiala,2025-10-28,6,21.41,3,41.0,1,0.7557766607055758,1
Punjab,Patiala,2025-10-29,18,70.32,3,44.0,1,0.9159016816516818,1
Punjab,Patiala,2025-10-30,13,65.51,3,27.0,1,0.9635189393939395,1
Punjab,Patiala,2025-10-31,41,264.78,3,11.0,1,0.9738654973075704,1
Punjab,Patiala,2025-11-01,44,278.56,3,20.0,1,0.983725899100899,1
Punjab,Patiala,2025-11-02,27,170.95,3,10.0,1,0.9603820346320348,1
Punjab,Patiala,2025-11-03,11,56.78,3,24.0,1,0.9324981733952322,1
Punjab,Patiala,2025-11-04,20,118.09,3,12.0,1,0.9602123758594345,1
Punjab,Patiala,2025-11-05,10,30.91,3,21.0,1,0.7606393704334878,1
Punjab,Patiala,2025-11-06,24,97.21,3,30.0,1,0.9294758991008993,1
Punjab,Patiala,2025-11-07,12,65.89,3,6.0,1,0.6736810689310687,1
Punjab,Patiala,2025-11-08,21,243.72,3,11.0,1,0.7715116133866136,1
Punjab,Patiala,2025-11-09,30,182.96,3,1.0,0,0.8374856393606396,1
Punjab,Patiala,2025-11-10,6,24.25,3,3.0,1,0.6755146764999702,1
Punjab,Patiala,2025-11-11,11,77.24000000000001,3,1.0,0,0.8898565347695785,1
Punjab,Patiala,2025-11-12,1,2.2,3,4.0,1,0.6414679787124635,1
Punjab,Patiala,2025-11-13,3,15.05,3,2.0,0,0.6226426490176488,1
Punjab,Patiala,2025-11-14,1,1.7,3,0.0,0,0.6219038657421004,1
Punjab,Patiala,2025-11-15,4,46.42,3,3.0,1,0.5903453591042594,1
Punjab,Patiala,2025-11-16,2,1.79,3,0.0,0,0.5487062520812516,1
Punjab,Patiala,2025-11-17,0,0.0,3,0.0,0,0.4070739966947392,1
Punjab,Patiala,2025-11-18,3,17.46,3,2.0,0,0.4224453879453875,1
Punjab,Patiala,2025-11-19,0,0.0,3,0.0,0,0.2607331123010333,0
Punjab,Patiala,2025-11-20,0,0.0,3,0.0,0,0.30021750681193377,0
Punjab,Patiala,2025-11-21,2,1.69,3,0.0,0,0.2202964788768008,0
Punjab,Patiala,2025-11-22,0,0.0,3,0.0,0,0.11587336238323086,0
Punjab,Patiala,2025-11-23,0,0.0,3,0.0,0,0.1741574952906891,0
Punjab,Rupnagar,2025-10-15,0,0.0,3,0.0,0,0.12213849349547105,0
Punjab,Rupnagar,2025-10-16,0,0.0,3,0.0,0,0.10728419275850587,0
Punjab,Rupnagar,2025-10-17,0,0.0,3,0.0,0,0.11491730964162276,0
Punjab,Rupnagar,2025-10-18,0,0.0,3,1.0,0,0.22858014411574867,0
Punjab,Rupnagar,2025-10-19,0,0.0,3,1.0,0,0.1486584199683133,0
Punjab,Rupnagar,2025-10-20,0,0.0,3,0.0,0,0.19957732816266505,0
Punjab,Rupnagar,2025-10-21,1,4.11,3,0.0,0,0.457768290458988,1
Punjab,Rupnagar,2025-10-22,1,2.34,3,0.0,0,0.313625018016829,0
Punjab,Rupnagar,2025-10-23,0,0.0,3,1.0,0,0.22323227056054276,0
Punjab,Rupnagar,2025-10-24,0,0.0,3,0.0,0,0.17264039551398067,0
Punjab,Rupnagar,2025-10-25,0,0.0,3,0.0,0,0.14452450684670112,0
Punjab,Rupnagar,2025-10-26,1,2.98,3,0.0,0,0.24778080836306382,0
Punjab,Rupnagar,2025-10-27,0,0.0,3,0.0,0,0.14698692904334767,0
Punjab,Rupnagar,2025-10-28,0,0.0,3,2.0,0,0.1586750364403367,0
Punjab,Rupnagar,2025-10-29,0,0.0,3,0.0,0,0.09288565702828028,0
Punjab,Rupnagar,2025-10-30,0,0.0,3,2.0,0,0.20672004034466923,0
Punjab,Rupnagar,2025-10-31,2,5.83,3,0.0,0,0.2732469989681494,0
Punjab,Rupnagar,2025-11-01,0,0.0,3,0.0,0,0.08185832599418125,0
Punjab,Rupnagar,2025-11-02,2,4.390000000000001,3,0.0,0,0.260801419619252,0
Punjab,Rupnagar,2025-11-03,0,0.0,3,0.0,0,0.1472776057276058,0
Punjab,Rupnagar,2025-11-04,0,0.0,3,0.0,0,0.08705314146637677,0
Punjab,Rupnagar,2025-11-05,0,0.0,3,1.0,0,0.14102107433359978,0
Punjab,Rupnagar,2025-11-06,0,0.0,3,0.0,0,0.025866559312540307,0
Punjab,Rupnagar,2025-11-07,0,0.0,3,0.0,0,0.07361065673002742,0
Punjab,Rupnagar,2025-11-08,1,4.05,3,1.0,0,0.06578476032308343,0
Punjab,Rupnagar,2025-11-09,0,0.0,3,0.0,0,0.04338518455228982,0
Punjab,Rupnagar,2025-11-10,0,0.0,3,0.0,0,0.033182498453927026,0
Punjab,Rupnagar,2025-11-11,1,1.61,3,0.0,0,0.06389321412418426,0
Punjab,Rupnagar,2025-11-12,0,0.0,3,0.0,0,0.012955006351434923,0
Punjab,Rupnagar,2025-11-13,0,0.0,3,0.0,0,0.026087639439144227,0
Punjab,Rupnagar,2025-11-14,0,0.0,3,0.0,0,0.04645401265401265,0
Punjab,Rupnagar,2025-11-15,0,0.0,3,0.0,0,0.012868776314353491,0
Punjab,Rupnagar,2025-11-16,0,0.0,3,0.0,0,0.02720805028305028,0
Punjab,Rupnagar,2025-11-17,0,0.0,3,0.0,0,0.0054681724698335986,0
Punjab,Rupnagar,2025-11-18,0,0.0,3,0.0,0,0.005119585819585819,0
Punjab,Rupnagar,2025-11-19,0,0.0,3,0.0,0,0.004899446601107731,0
Punjab,Rupnagar,2025-11-20,0,0.0,3,0.0,0,0.010119226820887952,0
Punjab,Rupnagar,2025-11-21,0,0.0,3,0.0,0,0.004899446601107731,0
Punjab,Rupnagar,2025-11-22,0,0.0,3,0.0,0,0.009697810522810523,0
Punjab,Rupnagar,2025-11-23,0,0.0,3,0.0,0,0.004899446601107731,0
Punjab,S A S Nagar,2025-10-15,0,0.0,3,1.0,0,0.18991043516483042,0
Punjab,S A S Nagar,2025-10-16,1,2.96,3,2.0,0,0.3169348016954021,0
Punjab,S A S Nagar,2025-10-17,0,0.0,3,4.0,1,0.16513516940090764,0
Punjab,S A S Nagar,2025-10-18,1,3.32,3,7.0,1,0.46078496220188436,1
Punjab,S A S Nagar,2025-10-19,2,7.34,3,5.0,1,0.5863028188020848,1
Punjab,S A S Nagar,2025-10-20,4,12.04,3,1.0,0,0.767571445073101,1
Punjab,S A S Nagar,2025-10-21,7,30.56,3,3.0,1,0.8458888998895392,1
Punjab,S A S Nagar,2025-10-22,5,14.5,3,5.0,1,0.870546500068559,1
Punjab,S A S Nagar,2025-10-23,1,2.81,3,6.0,1,0.7909456947546833,1
Punjab,S A S Nagar,2025-10-24,3,13.09,3,2.0,0,0.7416774421094956,1
Punjab,S A S Nagar,2025-10-25,5,15.55,3,2.0,0,0.8194019711835705,1
Punjab,S A S Nagar,2025-10-26,6,17.49,3,6.0,1,0.8385805493526084,1
Punjab,S A S Nagar,2025-10-27,2,5.050000000000001,3,1.0,0,0.6911314310689307,1
Punjab,S A S Nagar,2025-10-28,2,5.97,3,8.0,1,0.7087586492454914,1
Punjab,S A S Nagar,2025-10-29,6,13.11,3,1.0,0,0.6538205028767294,1
Punjab,S A S Nagar,2025-10-30,1,4.68,3,1.0,0,0.6709044994860208,1
Punjab,S A S Nagar,2025-10-31,8,37.49,3,2.0,0,0.8350517599053408,1
Punjab,S A S Nagar,2025-11-01,1,3.44,3,0.0,0,0.48444819212650053,1
Punjab,S A S Nagar,2025-11-02,1,6.12,3,2.0,0,0.5291850559571143,1
Punjab,S A S Nagar,2025-11-03,2,9.99,3,0.0,0,0.43473810013515857,1
Punjab,S A S Nagar,2025-11-04,0,0.0,3,1.0,0,0.24328694785151916,0
Punjab,S A S Nagar,2025-11-05,2,4.29,3,2.0,0,0.27964976445123496,0
Punjab,S A S Nagar,2025-11-06,0,0.0,3,0.0,0,0.22392642938482138,0
Punjab,S A S Nagar,2025-11-07,1,9.43,3,0.0,0,0.340425787447846,1
Punjab,S A S Nagar,2025-11-08,2,7.57,3,0.0,0,0.2791340207114699,0
Punjab,S A S Nagar,2025-11-09,0,0.0,3,1.0,0,0.1161008830115367,0
Punjab,S A S Nagar,2025-11-10,0,0.0,3,1.0,0,0.14767946764025747,0
Punjab,S A S Nagar,2025-11-11,0,0.0,3,0.0,0,0.04645988835725677,0
Punjab,S A S Nagar,2025-11-12,1,1.59,3,0.0,0,0.19631429219754815,0
Punjab,S A S Nagar,2025-11-13,1,8.49,3,0.0,0,0.2694957683474545,0
Punjab,S A S Nagar,2025-11-14,0,0.0,3,0.0,0,0.08767682169273851,0
Punjab,S A S Nagar,2025-11-15,0,0.0,3,0.0,0,0.13217447486527548,0
Punjab,S A S Nagar,2025-11-16,0,0.0,3,0.0,0,0.060894607442519316,0
Punjab,S A S Nagar,2025-11-17,0,0.0,3,0.0,0,0.03229950049950049,0
Punjab,S A S Nagar,2025-11-18,0,0.0,3,0.0,0,0.13511635727572657,0
Punjab,S A S Nagar,2025-11-19,0,0.0,3,0.0,0,0.013977259144364412,0
Punjab,S A S Nagar,2025-11-20,0,0.0,3,0.0,0,0.020426789876789878,0
Punjab,S A S Nagar,2025-11-21,0,0.0,3,1.0,0,0.018061988011988012,0
Punjab,S A S Nagar,2025-11-22,0,0.0,3,0.0,0,0.006600407925407927,0
Punjab,S A S Nagar,2025-11-23,0,0.0,3,0.0,0,0.004899446601107731,0
Punjab,Sangrur,2025-10-15,1,3.06,3,0.0,0,0.3251998168235314,0
Punjab,Sangrur,2025-10-16,1,2.95,3,2.0,0,0.34535913954022973,1
Punjab,Sangrur,2025-10-17,4,43.34,3,4.0,1,0.6859806529077627,1
Punjab,Sangrur,2025-10-18,0,0.0,3,10.0,1,0.4753900530366674,1
Punjab,Sangrur,2025-10-19,2,8.45,3,4.0,1,0.5660892877240122,1
Punjab,Sangrur,2025-10-20,4,19.33,3,6.0,1,0.7280795968737145,1
Punjab,Sangrur,2025-10-21,10,67.47,3,11.0,1,0.7659337361806987,1
Punjab,Sangrur,2025-10-22,4,19.44,3,19.0,1,0.7485988391852237,1
Punjab,Sangrur,2025-10-23,6,55.41,3,27.0,1,0.8439321928071929,1
Punjab,Sangrur,2025-10-24,11,77.94,3,21.0,1,0.8790658594454327,1
Punjab,Sangrur,2025-10-25,19,200.61,3,13.0,1,0.9856011366682097,1
Punjab,Sangrur,2025-10-26,27,227.44,3,48.0,1,0.9683496503496504,1
Punjab,Sangrur,2025-10-27,21,116.16,3,65.0,1,0.9835551948051947,1
Punjab,Sangrur,2025-10-28,13,91.69,3,127.0,1,0.9521168463889051,1
Punjab,Sangrur,2025-10-29,48,383.99,3,69.0,1,0.9878035347005936,1
Punjab,Sangrur,2025-10-30,65,519.6,3,65.0,1,0.9950714285714287,1
Punjab,Sangrur,2025-10-31,127,802.9,3,38.0,1,0.9905151515151515,1
Punjab,Sangrur,2025-11-01,69,385.86,3,62.0,1,0.9876809856809858,1
Punjab,Sangrur,2025-11-02,65,496.09,3,22.0,1,0.9911964285714285,1
Punjab,Sangrur,2025-11-03,38,224.56,3,24.0,1,0.9790000000000001,1
Punjab,Sangrur,2025-11-04,62,456.91,3,50.0,1,0.9871663752913753,1
Punjab,Sangrur,2025-11-05,22,212.23,3,41.0,1,0.9386098264480619,1
Punjab,Sangrur,2025-11-06,24,185.22,3,37.0,1,0.9159699467199469,1
Punjab,Sangrur,2025-11-07,50,258.85,3,24.0,1,0.7292521228771227,1
Punjab,Sangrur,2025-11-08,41,163.3,3,19.0,1,0.8019836829836829,1
Punjab,Sangrur,2025-11-09,37,240.81,3,3.0,1,0.9371647519147521,1
Punjab,Sangrur,2025-11-10,24,156.23,3,7.0,1,0.9521263368983958,1
Punjab,Sangrur,2025-11-11,19,108.34,3,6.0,1,0.9297226156196746,1
Punjab,Sangrur,2025-11-12,3,5.16,3,2.0,0,0.6848784236596732,1
Punjab,Sangrur,2025-11-13,7,33.92,3,0.0,0,0.7596368631368631,1
Punjab,Sangrur,2025-11-14,6,51.3,3,3.0,1,0.7559988344988346,1
Punjab,Sangrur,2025-11-15,2,4.51,3,0.0,0,0.577551292457542,1
Punjab,Sangrur,2025-11-16,0,0.0,3,0.0,0,0.6258634282384277,1
Punjab,Sangrur,2025-11-17,3,8.42,3,1.0,0,0.46460168997668944,1
Punjab,Sangrur,2025-11-18,0,0.0,3,0.0,0,0.44215114502614467,1
Punjab,Sangrur,2025-11-19,0,0.0,3,0.0,0,0.3428691709372821,1
Punjab,Sangrur,2025-11-20,1,3.44,3,0.0,0,0.2582751699494026,0
Punjab,Sangrur,2025-11-21,0,0.0,3,0.0,0,0.18863446969696973,0
Punjab,Sangrur,2025-11-22,0,0.0,3,0.0,0,0.16735442187033878,0
Punjab,Sangrur,2025-11-23,0,0.0,3,0.0,0,0.0967998317472002,0
Punjab,Shahid Bhagat Singh Nagar,2025-10-15,0,0.0,3,0.0,0,0.1960825426131263,0
Punjab,Shahid Bhagat Singh Nagar,2025-10-16,0,0.0,3,0.0,0,0.09031434827886878,0
Punjab,Shahid Bhagat Singh Nagar,2025-10-17,1,3.94,3,0.0,0,0.45489188568265493,1
Punjab,Shahid Bhagat Singh Nagar,2025-10-18,0,0.0,3,5.0,1,0.3054673789113813,0
Punjab,Shahid Bhagat Singh Nagar,2025-10-19,0,0.0,3,3.0,1,0.21907746195408115,0
Punjab,Shahid Bhagat Singh Nagar,2025-10-20,0,0.0,3,0.0,0,0.2358470142039894,0
Punjab,Shahid Bhagat Singh Nagar,2025-10-21,5,28.2,3,0.0,0,0.6794750547477526,1
Punjab,Shahid Bhagat Singh Nagar,2025-10-22,3,9.35,3,0.0,0,0.7263725412481804,1
Punjab,Shahid Bhagat Singh Nagar,2025-10-23,0,0.0,3,1.0,0,0.47862580066991794,1
Punjab,Shahid Bhagat Singh Nagar,2025-10-24,0,0.0,3,3.0,1,0.4609879405584272,1
Punjab,Shahid Bhagat Singh Nagar,2025-10-25,0,0.0,3,0.0,0,0.26997370236187945,0
Punjab,Shahid Bhagat Singh Nagar,2025-10-26,1,1.55,3,1.0,0,0.5040874851245805,1
Punjab,Shahid Bhagat Singh Nagar,2025-10-27,3,11.89,3,0.0,0,0.6703180227392517,1
Punjab,Shahid Bhagat Singh Nagar,2025-10-28,0,0.0,3,1.0,0,0.4228927059777254,1
Punjab,Shahid Bhagat Singh Nagar,2025-10-29,1,7.58,3,6.0,1,0.6411033450784922,1
Punjab,Shahid Bhagat Singh Nagar,2025-10-30,0,0.0,3,9.0,1,0.2703022175701193,0
Punjab,Shahid Bhagat Singh Nagar,2025-10-31,1,2.69,3,3.0,1,0.3531051152702301,1
Punjab,Shahid Bhagat Singh Nagar,2025-11-01,6,25.75,3,3.0,1,0.7347595127552203,1
Punjab,Shahid Bhagat Singh Nagar,2025-11-02,9,46.72,3,1.0,0,0.8022389664896056,1
Punjab,Shahid Bhagat Singh Nagar,2025-11-03,3,7.68,3,4.0,1,0.5469678318005521,1
Punjab,Shahid Bhagat Singh Nagar,2025-11-04,3,13.45,3,3.0,1,0.5245876600305492,1
Punjab,Shahid Bhagat Singh Nagar,2025-11-05,1,0.97,3,4.0,1,0.5520151060240063,1
Punjab,Shahid Bhagat Singh Nagar,2025-11-06,4,11.08,3,0.0,0,0.5156968388602015,1
Punjab,Shahid Bhagat Singh Nagar,2025-11-07,3,11.85,3,0.0,0,0.3948715867465863,1
Punjab,Shahid Bhagat Singh Nagar,2025-11-08,4,15.3,3,1.0,0,0.45405359343173957,1
Punjab,Shahid Bhagat Singh Nagar,2025-11-09,0,0.0,3,3.0,1,0.42429571940314703,1
Punjab,Shahid Bhagat Singh Nagar,2025-11-10,0,0.0,3,3.0,1,0.3714398614586306,1
Punjab,Shahid Bhagat Singh Nagar,2025-11-11,1,3.51,3,0.0,0,0.3822953059834451,1
Punjab,Shahid Bhagat Singh Nagar,2025-11-12,3,10.78,3,2.0,0,0.34768130936227915,1
Punjab,Shahid Bhagat Singh Nagar,2025-11-13,3,15.14,3,2.0,0,0.47622008200133153,1
Punjab,Shahid Bhagat Singh Nagar,2025-11-14,0,0.0,3,0.0,0,0.29029131952681597,0
Punjab,Shahid Bhagat Singh Nagar,2025-11-15,2,5.73,3,0.0,0,0.4442713120213117,1
Punjab,Shahid Bhagat Singh Nagar,2025-11-16,2,5.65,3,3.0,1,0.24447749238427594,0
Punjab,Shahid Bhagat Singh Nagar,2025-11-17,0,0.0,3,0.0,0,0.23239265029093997,0
Punjab,Shahid Bhagat Singh Nagar,2025-11-18,0,0.0,3,0.0,0,0.2138281971406971,0
Punjab,Shahid Bhagat Singh Nagar,2025-11-19,3,9.82,3,0.0,0,0.33667589089131333,1
Punjab,Shahid Bhagat Singh Nagar,2025-11-20,0,0.0,3,0.0,0,0.2413672977475119,0
Punjab,Shahid Bhagat Singh Nagar,2025-11-21,0,0.0,3,0.0,0,0.17802311465416312,0
Punjab,Shahid Bhagat Singh Nagar,2025-11-22,0,0.0,3,0.0,0,0.11270582324991517,0
Punjab,Shahid Bhagat Singh Nagar,2025-11-23,0,0.0,3,0.0,0,0.03386841075591075,0
Punjab,Sri Muktsar Sahib,2025-10-15,0,0.0,3,2.0,0,0.21216113261699768,0
Punjab,Sri Muktsar Sahib,2025-10-16,1,5.86,3,2.0,0,0.5074133643059907,1
Punjab,Sri Muktsar Sahib,2025-10-17,0,0.0,3,0.0,0,0.23187082574288442,0
Punjab,Sri Muktsar Sahib,2025-10-18,2,8.21,3,4.0,1,0.53078973735624,1
Punjab,Sri Muktsar Sahib,2025-10-19,2,8.68,3,10.0,1,0.5836759270504452,1
Punjab,Sri Muktsar Sahib,2025-10-20,0,0.0,3,1.0,0,0.2710792201935239,0
Punjab,Sri Muktsar Sahib,2025-10-21,4,17.89,3,2.0,0,0.6343982116562035,1
Punjab,Sri Muktsar Sahib,2025-10-22,10,37.72,3,2.0,0,0.7333179500060895,1
Punjab,Sri Muktsar Sahib,2025-10-23,1,3.49,3,13.0,1,0.6286780906593402,1
Punjab,Sri Muktsar Sahib,2025-10-24,2,16.65,3,0.0,0,0.7112333773038109,1
Punjab,Sri Muktsar Sahib,2025-10-25,2,7.71,3,2.0,0,0.6043572567783088,1
Punjab,Sri Muktsar Sahib,2025-10-26,13,86.17,3,7.0,1,0.8541087535652753,1
Punjab,Sri Muktsar Sahib,2025-10-27,0,0.0,3,12.0,1,0.6123378053319224,1
Punjab,Sri Muktsar Sahib,2025-10-28,2,11.65,3,17.0,1,0.6394737996781334,1
Punjab,Sri Muktsar Sahib,2025-10-29,7,33.11,3,21.0,1,0.7948790425261012,1
Punjab,Sri Muktsar Sahib,2025-10-30,12,70.77,3,41.0,1,0.9301652930402932,1
Punjab,Sri Muktsar Sahib,2025-10-31,17,171.26,3,12.0,1,0.9417165959040961,1
Punjab,Sri Muktsar Sahib,2025-11-01,21,102.23,3,15.0,1,0.9132917329058968,1
Punjab,Sri Muktsar Sahib,2025-11-02,41,334.81,3,29.0,1,0.9757681068931069,1
Punjab,Sri Muktsar Sahib,2025-11-03,12,70.67999999999999,3,48.0,1,0.9149278221778222,1
Punjab,Sri Muktsar Sahib,2025-11-04,15,124.78,3,37.0,1,0.9330719696969697,1
Punjab,Sri Muktsar Sahib,2025-11-05,29,173.99,3,25.0,1,0.9681322892793485,1
Punjab,Sri Muktsar Sahib,2025-11-06,48,331.47,3,28.0,1,0.938417435634541,1
Punjab,Sri Muktsar Sahib,2025-11-07,37,200.69,3,31.0,1,0.6914147519147518,1
Punjab,Sri Muktsar Sahib,2025-11-08,25,149.07999999999998,3,39.0,1,0.7716463286359493,1
Punjab,Sri Muktsar Sahib,2025-11-09,28,136.62,3,14.0,1,0.9313885281385282,1
Punjab,Sri Muktsar Sahib,2025-11-10,31,131.89,3,21.0,1,0.88676631139646,1
Punjab,Sri Muktsar Sahib,2025-11-11,39,236.67,3,20.0,1,0.9171739291410345,1
Punjab,Sri Muktsar Sahib,2025-11-12,14,71.45,3,32.0,1,0.9335151515151516,1
Punjab,Sri Muktsar Sahib,2025-11-13,21,114.28,3,28.0,1,0.9608130252100844,1
Punjab,Sri Muktsar Sahib,2025-11-14,20,110.72,3,9.0,1,0.9735892857142858,1
Punjab,Sri Muktsar Sahib,2025-11-15,32,161.38,3,10.0,1,0.9744859307359307,1
Punjab,Sri Muktsar Sahib,2025-11-16,28,148.9,3,9.0,1,0.9436309156529745,1
Punjab,Sri Muktsar Sahib,2025-11-17,9,21.88,3,8.0,1,0.6413466582437165,1
Punjab,Sri Muktsar Sahib,2025-11-18,10,38.26,3,4.0,1,0.7714604890723309,1
Punjab,Sri Muktsar Sahib,2025-11-19,9,38.03,3,4.0,1,0.6646782997704048,1
Punjab,Sri Muktsar Sahib,2025-11-20,8,34.36,3,12.0,1,0.5912133456069208,1
Punjab,Sri Muktsar Sahib,2025-11-21,4,16.88,3,0.0,0,0.37253165461988963,1
Punjab,Sri Muktsar Sahib,2025-11-22,4,12.72,3,2.0,0,0.1366976381461676,0
Punjab,Sri Muktsar Sahib,2025-11-23,12,164.88,3,3.0,1,0.30740285204991075,0
Punjab,Tarn Taran,2025-10-15,16,63.69,3,30.0,1,0.8079011699682432,1
Punjab,Tarn Taran,2025-10-16,28,119.02,3,45.0,1,0.9031297781166207,1
Punjab,Tarn Taran,2025-10-17,21,79.39,3,34.0,1,0.9397215333685922,1
Punjab,Tarn Taran,2025-10-18,30,124.33,3,36.0,1,0.9625227272727277,1
Punjab,Tarn Taran,2025-10-19,45,228.67,3,35.0,1,0.9638161005661007,1
Punjab,Tarn Taran,2025-10-20,34,139.39,3,21.0,1,0.9750216450216452,1
Punjab,Tarn Taran,2025-10-21,36,129.44,3,18.0,1,0.9818132749603339,1
Punjab,Tarn Taran,2025-10-22,35,183.31,3,45.0,1,0.9932773109243698,1
Punjab,Tarn Taran,2025-10-23,21,99.69,3,62.0,1,0.9914737394957984,1
Punjab,Tarn Taran,2025-10-24,18,109.0,3,39.0,1,0.9917237394957982,1
Punjab,Tarn Taran,2025-10-25,45,224.23,3,22.0,1,0.99725,1
Punjab,Tarn Taran,2025-10-26,62,283.48,3,54.0,1,1.0,1
Punjab,Tarn Taran,2025-10-27,39,154.78,3,48.0,1,0.9659261155511156,1
Punjab,Tarn Taran,2025-10-28,22,130.01,3,87.0,1,0.9905808823529412,1
Punjab,Tarn Taran,2025-10-29,54,438.06,3,71.0,1,0.9939383116883118,1
Punjab,Tarn Taran,2025-10-30,48,232.45,3,59.0,1,0.9905151515151515,1
Punjab,Tarn Taran,2025-10-31,87,391.43,3,33.0,1,0.9923214285714286,1
Punjab,Tarn Taran,2025-11-01,71,330.73,3,63.0,1,0.9904242424242424,1
Punjab,Tarn Taran,2025-11-02,59,307.36,3,5.0,1,0.9831742424242423,1
Punjab,Tarn Taran,2025-11-03,33,138.16,3,44.0,1,0.9697835497835497,1
Punjab,Tarn Taran,2025-11-04,63,392.89,3,29.0,1,0.9234510269142624,1
Punjab,Tarn Taran,2025-11-05,5,15.96,3,31.0,1,0.820261290180408,1
Punjab,Tarn Taran,2025-11-06,44,172.83,3,41.0,1,0.8274126706626709,1
Punjab,Tarn Taran,2025-11-07,29,157.01,3,58.0,1,0.7691327634428654,1
Punjab,Tarn Taran,2025-11-08,31,146.95,3,48.0,1,0.8516258741258743,1
Punjab,Tarn Taran,2025-11-09,41,243.63,3,18.0,1,0.9402386363636365,1
Punjab,Tarn Taran,2025-11-10,58,351.23,3,17.0,1,0.9687835497835497,1
Punjab,Tarn Taran,2025-11-11,48,221.82,3,23.0,1,0.9630500333000335,1
Punjab,Tarn Taran,2025-11-12,18,70.46000000000001,3,12.0,1,0.8862353896103897,1
Punjab,Tarn Taran,2025-11-13,17,79.45,3,12.0,1,0.857247252747253,1
Punjab,Tarn Taran,2025-11-14,23,97.54,3,5.0,1,0.8849358607079197,1
Punjab,Tarn Taran,2025-11-15,12,45.89,3,3.0,1,0.8485484011602433,1
Punjab,Tarn Taran,2025-11-16,12,50.37,3,0.0,0,0.813477055838898,1
Punjab,Tarn Taran,2025-11-17,5,19.08,3,3.0,1,0.5756875820258167,1
Punjab,Tarn Taran,2025-11-18,3,8.22,3,4.0,1,0.5078847806605155,1
Punjab,Tarn Taran,2025-11-19,0,0.0,3,2.0,0,0.46093025601849097,1
Punjab,Tarn Taran,2025-11-20,3,13.18,3,0.0,0,0.3870429986679983,1
Punjab,Tarn Taran,2025-11-21,4,29.09,3,0.0,0,0.39061349104859316,1
Punjab,Tarn Taran,2025-11-22,2,6.27,3,0.0,0,0.25570852820624906,0
Punjab,Tarn Taran,2025-11-23,0,0.0,3,0.0,0,0.2324913332281753,0
