state,district,date,fire_count,frp_sum,horizon,target_fire_count,actual_elevated,probability,prediction
Haryana,Ambala,2025-10-15,0,0.0,1,2.0,0,0.05495171495171497,0
Haryana,Ambala,2025-10-16,2,3.1,1,0.0,0,0.1574146358027936,0
Haryana,Ambala,2025-10-17,0,0.0,1,0.0,0,0.11816869241869232,0
Haryana,Ambala,2025-10-18,0,0.0,1,1.0,0,0.10204614135864132,0
Haryana,Ambala,2025-10-19,1,7.36,1,3.0,1,0.27689434937251656,0
Haryana,Ambala,2025-10-20,3,8.36,1,2.0,0,0.2599443274434693,0
Haryana,Ambala,2025-10-21,2,5.03,1,1.0,0,0.4282340340818602,0
Haryana,Ambala,2025-10-22,1,3.08,1,0.0,0,0.469339532749859,0
Haryana,Ambala,2025-10-23,0,0.0,1,0.0,0,0.23299868021850778,0
Haryana,Ambala,2025-10-24,0,0.0,1,1.0,0,0.10683820346320344,0
Haryana,Ambala,2025-10-25,1,2.44,1,4.0,1,0.23352705721369912,0
Haryana,Ambala,2025-10-26,4,14.37,1,2.0,0,0.521945384991487,1
Haryana,Ambala,2025-10-27,2,3.93,1,0.0,0,0.3933229995810641,0
Haryana,Ambala,2025-10-28,0,0.0,1,2.0,0,0.46066753342412575,0
Haryana,Ambala,2025-10-29,2,5.92,1,0.0,0,0.37364051226551226,0
Haryana,Ambala,2025-10-30,0,0.0,1,3.0,1,0.12401546250684171,0
Haryana,Ambala,2025-10-31,3,11.989999999999998,1,0.0,0,0.5928636697652716,1
Haryana,Ambala,2025-11-01,0,0.0,1,4.0,1,0.21225663034283726,0
Haryana,Ambala,2025-11-02,4,11.68,1,0.0,0,0.5099791597291596,1
Haryana,Ambala,2025-11-03,0,0.0,1,0.0,0,0.3748653152243417,0
Haryana,Ambala,2025-11-04,0,0.0,1,0.0,0,0.08323824786324786,0
Haryana,Ambala,2025-11-05,0,0.0,1,0.0,0,0.2883539295013887,0
Haryana,Ambala,2025-11-06,0,0.0,1,1.0,0,0.010666666666666666,0
Haryana,Ambala,2025-11-07,1,1.65,1,1.0,0,0.23859673704431775,0
Haryana,Ambala,2025-11-08,1,2.63,1,0.0,0,0.09196104683518871,0
Haryana,Ambala,2025-11-09,0,0.0,1,0.0,0,0.2906923969423969,0
Haryana,Ambala,2025-11-10,0,0.0,1,0.0,0,0.03418635531135531,0
Haryana,Ambala,2025-11-11,0,0.0,1,0.0,0,0.020566159717475507,0
Haryana,Ambala,2025-11-12,0,0.0,1,2.0,0,0.019023268398268397,0
Haryana,Ambala,2025-11-13,2,8.79,1,0.0,0,0.120631025978852,0
Haryana,Ambala,2025-11-14,0,0.0,1,0.0,0,0.06319444444444444,0
Haryana,Ambala,2025-11-15,0,0.0,1,0.0,0,0.10203628038628036,0
Haryana,Ambala,2025-11-16,0,0.0,1,0.0,0,0.018666666666666668,0
Haryana,Ambala,2025-11-17,0,0.0,1,0.0,0,0.004375,0
Haryana,Ambala,2025-11-18,0,0.0,1,0.0,0,0.04946615190365191,0
Haryana,Ambala,2025-11-19,0,0.0,1,0.0,0,0.006517857142857143,0
Haryana,Ambala,2025-11-20,0,0.0,1,0.0,0,0.22453830442433378,0
Haryana,Ambala,2025-11-21,0,0.0,1,0.0,0,0.005291979949874686,0
Haryana,Ambala,2025-11-22,0,0.0,1,1.0,0,0.010559523809523807,0
Haryana,Ambala,2025-11-23,1,5.52,1,0.0,0,0.0902479090957352,0
Haryana,Bhiwani,2025-10-15,0,0.0,1,1.0,0,0.006978527511136206,0
Haryana,Bhiwani,2025-10-16,1,1.3,1,0.0,0,0.014180735930735931,0
Haryana,Bhiwani,2025-10-17,0,0.0,1,2.0,0,0.03192676767676768,0
Haryana,Bhiwani,2025-10-18,2,7.77,1,0.0,0,0.22115020794630985,0
Haryana,Bhiwani,2025-10-19,0,0.0,1,2.0,0,0.05723899711399711,0
Haryana,Bhiwani,2025-10-20,2,8.27,1,1.0,0,0.2839960775939037,0
Haryana,Bhiwani,2025-10-21,1,2.59,1,6.0,1,0.2621118710648864,0
Haryana,Bhiwani,2025-10-22,6,11.41,1,0.0,0,0.26705743290525896,0
Haryana,Bhiwani,2025-10-23,0,0.0,1,0.0,0,0.3065104617604619,0
Haryana,Bhiwani,2025-10-24,0,0.0,1,0.0,0,0.32745023767082587,0
Haryana,Bhiwani,2025-10-25,0,0.0,1,1.0,0,0.30581253303236067,0
Haryana,Bhiwani,2025-10-26,1,2.52,1,0.0,0,0.03926883261665871,0
Haryana,Bhiwani,2025-10-27,0,0.0,1,0.0,0,0.32534118493601255,0
Haryana,Bhiwani,2025-10-28,0,0.0,1,0.0,0,0.21017405927405922,0
Haryana,Bhiwani,2025-10-29,0,0.0,1,0.0,0,0.3998109390609394,0
Haryana,Bhiwani,2025-10-30,0,0.0,1,0.0,0,0.0216497113997114,0
Haryana,Bhiwani,2025-10-31,0,0.0,1,0.0,0,0.020899711399711397,0
Haryana,Bhiwani,2025-11-01,0,0.0,1,0.0,0,0.0276906144036562,0
Haryana,Bhiwani,2025-11-02,0,0.0,1,0.0,0,0.04992976190476191,0
Haryana,Bhiwani,2025-11-03,0,0.0,1,0.0,0,0.03376470588235294,0
Haryana,Bhiwani,2025-11-04,0,0.0,1,1.0,0,0.015312629399585925,0
Haryana,Bhiwani,2025-11-05,1,12.65,1,2.0,0,0.18046211562708744,0
Haryana,Bhiwani,2025-11-06,2,6.279999999999999,1,4.0,1,0.14189870274652872,0
Haryana,Bhiwani,2025-11-07,4,11.12,1,0.0,0,0.259872626698394,0
Haryana,Bhiwani,2025-11-08,0,0.0,1,0.0,0,0.1494850288600288,0
Haryana,Bhiwani,2025-11-09,0,0.0,1,0.0,0,0.18100467587967578,0
Haryana,Bhiwani,2025-11-10,0,0.0,1,7.0,1,0.13663597513597506,0
Haryana,Bhiwani,2025-11-11,7,24.64,1,0.0,0,0.29113688123470743,0
Haryana,Bhiwani,2025-11-12,0,0.0,1,0.0,0,0.41025177527151224,0
Haryana,Bhiwani,2025-11-13,0,0.0,1,0.0,0,0.26988513208793186,0
Haryana,Bhiwani,2025-11-14,0,0.0,1,1.0,0,0.3331250892500892,0
Haryana,Bhiwani,2025-11-15,1,2.09,1,3.0,1,0.018216787439613528,0
Haryana,Bhiwani,2025-11-16,3,11.48,1,3.0,1,0.45384659565580643,0
Haryana,Bhiwani,2025-11-17,3,19.94,1,0.0,0,0.236692867363274,0
Haryana,Bhiwani,2025-11-18,0,0.0,1,0.0,0,0.3554625933706817,0
Haryana,Bhiwani,2025-11-19,0,0.0,1,0.0,0,0.21612877400377395,0
Haryana,Bhiwani,2025-11-20,0,0.0,1,0.0,0,0.19839987789987784,0
Haryana,Bhiwani,2025-11-21,0,0.0,1,3.0,1,0.06332554945054945,0
Haryana,Bhiwani,2025-11-22,3,16.310000000000002,1,1.0,0,0.2974012956309129,0
Haryana,Bhiwani,2025-11-23,1,2.64,1,0.0,0,0.2658734229188296,0
Haryana,Charkhi Dadri,2025-10-15,0,0.0,1,0.0,0,0.01564231846584788,0
Haryana,Charkhi Dadri,2025-10-16,0,0.0,1,0.0,0,0.008825569358178053,0
Haryana,Charkhi Dadri,2025-10-17,0,0.0,1,0.0,0,0.03422294494720965,0
Haryana,Charkhi Dadri,2025-10-18,0,0.0,1,0.0,0,0.011242236024844721,0
Haryana,Charkhi Dadri,2025-10-19,0,0.0,1,0.0,0,0.005831529581529581,0
Haryana,Charkhi Dadri,2025-10-20,0,0.0,1,0.0,0,0.004382034632034632,0
Haryana,Charkhi Dadri,2025-10-21,0,0.0,1,0.0,0,0.00913172938172938,0
Haryana,Charkhi Dadri,2025-10-22,0,0.0,1,0.0,0,0.029683011433011438,0
Haryana,Charkhi Dadri,2025-10-23,0,0.0,1,0.0,0,0.06382556935817804,0
Haryana,Charkhi Dadri,2025-10-24,0,0.0,1,0.0,0,0.05228509132485946,0
Haryana,Charkhi Dadri,2025-10-25,0,0.0,1,0.0,0,0.003571428571428571,0
Haryana,Charkhi Dadri,2025-10-26,0,0.0,1,0.0,0,0.026844155844155847,0
Haryana,Charkhi Dadri,2025-10-27,0,0.0,1,0.0,0,0.03174891774891775,0
Haryana,Charkhi Dadri,2025-10-28,0,0.0,1,0.0,0,0.08966363378001307,0
Haryana,Charkhi Dadri,2025-10-29,0,0.0,1,0.0,0,0.03941161616161617,0
Haryana,Charkhi Dadri,2025-10-30,0,0.0,1,0.0,0,0.06248033097171026,0
Haryana,Charkhi Dadri,2025-10-31,0,0.0,1,1.0,0,0.013998917748917747,0
Haryana,Charkhi Dadri,2025-11-01,1,2.49,1,0.0,0,0.013505530129672006,0
Haryana,Charkhi Dadri,2025-11-02,0,0.0,1,0.0,0,0.04767855755355755,0
Haryana,Charkhi Dadri,2025-11-03,0,0.0,1,0.0,0,0.04268649406149406,0
Haryana,Charkhi Dadri,2025-11-04,0,0.0,1,0.0,0,0.04566432178932179,0
Haryana,Charkhi Dadri,2025-11-05,0,0.0,1,0.0,0,0.02676280663780664,0
Haryana,Charkhi Dadri,2025-11-06,0,0.0,1,0.0,0,0.018583333333333334,0
Haryana,Charkhi Dadri,2025-11-07,0,0.0,1,0.0,0,0.003916666666666666,0
Haryana,Charkhi Dadri,2025-11-08,0,0.0,1,0.0,0,0.05519072681704262,0
Haryana,Charkhi Dadri,2025-11-09,0,0.0,1,0.0,0,0.004969298245614035,0
Haryana,Charkhi Dadri,2025-11-10,0,0.0,1,0.0,0,0.004916666666666667,0
Haryana,Charkhi Dadri,2025-11-11,0,0.0,1,0.0,0,0.004541666666666667,0
Haryana,Charkhi Dadri,2025-11-12,0,0.0,1,0.0,0,0.0035416666666666665,0
Haryana,Charkhi Dadri,2025-11-13,0,0.0,1,2.0,0,0.0035416666666666665,0
Haryana,Charkhi Dadri,2025-11-14,2,11.48,1,0.0,0,0.14663535498318098,0
Haryana,Charkhi Dadri,2025-11-15,0,0.0,1,1.0,0,0.07816437157613629,0
Haryana,Charkhi Dadri,2025-11-16,1,2.21,1,0.0,0,0.15078411716870782,0
Haryana,Charkhi Dadri,2025-11-17,0,0.0,1,0.0,0,0.08805793561443717,0
Haryana,Charkhi Dadri,2025-11-18,0,0.0,1,0.0,0,0.04956439393939394,0
Haryana,Charkhi Dadri,2025-11-19,0,0.0,1,0.0,0,0.08469504923181394,0
Haryana,Charkhi Dadri,2025-11-20,0,0.0,1,0.0,0,0.0055833333333333325,0
Haryana,Charkhi Dadri,2025-11-21,0,0.0,1,0.0,0,0.20462918698948104,0
Haryana,Charkhi Dadri,2025-11-22,0,0.0,1,0.0,0,0.003333333333333333,0
Haryana,Charkhi Dadri,2025-11-23,0,0.0,1,0.0,0,0.03462896825396826,0
Haryana,Faridabad,2025-10-15,3,2.53,1,0.0,0,0.33252248352248354,0
Haryana,Faridabad,2025-10-16,0,0.0,1,2.0,0,0.1783612477560752,0
Haryana,Faridabad,2025-10-17,2,3.04,1,1.0,0,0.30337207237207237,0
Haryana,Faridabad,2025-10-18,1,0.31,1,0.0,0,0.2613383900582178,0
Haryana,Faridabad,2025-10-19,0,0.0,1,1.0,0,0.1588301282051281,0
Haryana,Faridabad,2025-10-20,1,0.53,1,0.0,0,0.22272527472527476,0
Haryana,Faridabad,2025-10-21,0,0.0,1,1.0,0,0.1370864413364413,0
Haryana,Faridabad,2025-10-22,1,0.74,1,0.0,0,0.27767429792429804,0
Haryana,Faridabad,2025-10-23,0,0.0,1,0.0,0,0.08096245421245422,0
Haryana,Faridabad,2025-10-24,0,0.0,1,0.0,0,0.17147312409812404,0
Haryana,Faridabad,2025-10-25,0,0.0,1,4.0,1,0.09274404761904764,0
Haryana,Faridabad,2025-10-26,4,4.0600000000000005,1,0.0,0,0.11870541958041957,0
Haryana,Faridabad,2025-10-27,0,0.0,1,0.0,0,0.19121461087221953,0
Haryana,Faridabad,2025-10-28,0,0.0,1,0.0,0,0.20760610223110215,0
Haryana,Faridabad,2025-10-29,0,0.0,1,0.0,0,0.19572702991452984,0
Haryana,Faridabad,2025-10-30,0,0.0,1,1.0,0,0.1439322407823551,0
Haryana,Faridabad,2025-10-31,1,0.79,1,5.0,1,0.13832615995115988,0
Haryana,Faridabad,2025-11-01,5,3.69,1,2.0,0,0.19142241092241083,0
Haryana,Faridabad,2025-11-02,2,1.52,1,3.0,1,0.3004559112059113,0
Haryana,Faridabad,2025-11-03,3,1.28,1,0.0,0,0.24262739874504574,0
Haryana,Faridabad,2025-11-04,0,0.0,1,8.0,1,0.20556402553385314,0
Haryana,Faridabad,2025-11-05,8,4.37,1,2.0,0,0.34171713009213006,0
Haryana,Faridabad,2025-11-06,2,0.7,1,3.0,1,0.2730587174263645,0
Haryana,Faridabad,2025-11-07,3,6.02,1,4.0,1,0.297032764621,0
Haryana,Faridabad,2025-11-08,4,2.47,1,4.0,1,0.3118884753737696,0
Haryana,Faridabad,2025-11-09,4,1.91,1,1.0,0,0.25135113696334926,0
Haryana,Faridabad,2025-11-10,1,0.54,1,1.0,0,0.22737879318394025,0
Haryana,Faridabad,2025-11-11,1,1.92,1,6.0,1,0.218810881928529,0
Haryana,Faridabad,2025-11-12,6,5.140000000000001,1,5.0,1,0.403288361843509,0
Haryana,Faridabad,2025-11-13,5,4.54,1,1.0,0,0.4013368559545032,0
Haryana,Faridabad,2025-11-14,1,0.65,1,5.0,1,0.3459421369899311,0
Haryana,Faridabad,2025-11-15,5,5.64,1,2.0,0,0.37982014985515633,0
Haryana,Faridabad,2025-11-16,2,0.6799999999999999,1,6.0,1,0.2907640425637549,0
Haryana,Faridabad,2025-11-17,6,5.33,1,3.0,1,0.40421598213877646,0
Haryana,Faridabad,2025-11-18,3,1.33,1,0.0,0,0.3436076044053988,0
Haryana,Faridabad,2025-11-19,0,0.0,1,7.0,1,0.2984746894048365,0
Haryana,Faridabad,2025-11-20,7,18.13,1,0.0,0,0.5253578119908766,1
Haryana,Faridabad,2025-11-21,0,0.0,1,7.0,1,0.4364216583537238,0
Haryana,Faridabad,2025-11-22,7,3.93,1,3.0,1,0.45428232216427117,0
Haryana,Faridabad,2025-11-23,3,1.81,1,0.0,0,0.41072473033502455,0
Haryana,Fatehabad,2025-10-15,1,2.28,1,0.0,0,0.15134235996650178,0
Haryana,Fatehabad,2025-10-16,0,0.0,1,0.0,0,0.12916865079365075,0
Haryana,Fatehabad,2025-10-17,0,0.0,1,2.0,0,0.05254319985569984,0
Haryana,Fatehabad,2025-10-18,2,11.56,1,4.0,1,0.329310554783381,0
Haryana,Fatehabad,2025-10-19,4,16.08,1,10.0,1,0.3941564244001071,0
Haryana,Fatehabad,2025-10-20,10,49.02,1,0.0,0,0.609072142895419,1
Haryana,Fatehabad,2025-10-21,0,0.0,1,0.0,0,0.6969704184704187,1
Haryana,Fatehabad,2025-10-22,0,0.0,1,0.0,0,0.3428297258297258,0
Haryana,Fatehabad,2025-10-23,0,0.0,1,0.0,0,0.3435960860755034,0
Haryana,Fatehabad,2025-10-24,0,0.0,1,4.0,1,0.1282797619047618,0
Haryana,Fatehabad,2025-10-25,4,21.46,1,6.0,1,0.6991027167277168,1
Haryana,Fatehabad,2025-10-26,6,43.48,1,3.0,1,0.6153862624031359,1
Haryana,Fatehabad,2025-10-27,3,6.8100000000000005,1,1.0,0,0.6783897907647908,1
Haryana,Fatehabad,2025-10-28,1,1.11,1,1.0,0,0.6429391062369004,1
Haryana,Fatehabad,2025-10-29,1,1.54,1,5.0,1,0.409613095238095,0
Haryana,Fatehabad,2025-10-30,5,25.38,1,4.0,1,0.8002412726162728,1
Haryana,Fatehabad,2025-10-31,4,15.740000000000002,1,11.0,1,0.7368425032175034,1
Haryana,Fatehabad,2025-11-01,11,42.61,1,8.0,1,0.8069371387375917,1
Haryana,Fatehabad,2025-11-02,8,37.09,1,4.0,1,0.763358278239376,1
Haryana,Fatehabad,2025-11-03,4,14.37,1,8.0,1,0.6931041934791935,1
Haryana,Fatehabad,2025-11-04,8,89.26,1,0.0,0,0.8120640623201599,1
Haryana,Fatehabad,2025-11-05,0,0.0,1,7.0,1,0.5216669302919305,1
Haryana,Fatehabad,2025-11-06,7,22.13,1,15.0,1,0.6145852102102105,1
Haryana,Fatehabad,2025-11-07,15,49.98,1,10.0,1,0.7728997113997115,1
Haryana,Fatehabad,2025-11-08,10,51.46,1,13.0,1,0.7776702530292923,1
Haryana,Fatehabad,2025-11-09,13,77.01,1,14.0,1,0.773800505050505,1
Haryana,Fatehabad,2025-11-10,14,68.96000000000001,1,15.0,1,0.8283501082251082,1
Haryana,Fatehabad,2025-11-11,15,85.03999999999999,1,3.0,1,0.913560425685426,1
Haryana,Fatehabad,2025-11-12,3,10.77,1,4.0,1,0.8422936507936509,1
Haryana,Fatehabad,2025-11-13,4,12.82,1,1.0,0,0.7579264971139976,1
Haryana,Fatehabad,2025-11-14,1,1.65,1,8.0,1,0.6889908061709533,1
Haryana,Fatehabad,2025-11-15,8,22.52,1,5.0,1,0.5290535714285715,1
Haryana,Fatehabad,2025-11-16,5,12.47,1,3.0,1,0.5934076479076478,1
Haryana,Fatehabad,2025-11-17,3,8.370000000000001,1,2.0,0,0.48764637445887443,1
Haryana,Fatehabad,2025-11-18,2,9.18,1,1.0,0,0.4220335497835497,0
Haryana,Fatehabad,2025-11-19,1,4.06,1,0.0,0,0.29405357142857147,0
Haryana,Fatehabad,2025-11-20,0,0.0,1,0.0,0,0.38969444444444457,0
Haryana,Fatehabad,2025-11-21,0,0.0,1,2.0,0,0.3522248207070322,0
Haryana,Fatehabad,2025-11-22,2,4.6,1,1.0,0,0.36132554945054957,0
Haryana,Fatehabad,2025-11-23,1,1.94,1,2.0,0,0.36767307529072246,0
Haryana,Gurugram,2025-10-15,0,0.0,1,0.0,0,0.15931218551979412,0
Haryana,Gurugram,2025-10-16,0,0.0,1,0.0,0,0.049257936507936514,0
Haryana,Gurugram,2025-10-17,0,0.0,1,0.0,0,0.02625793650793651,0
Haryana,Gurugram,2025-10-18,0,0.0,1,0.0,0,0.021095410628019326,0
Haryana,Gurugram,2025-10-19,0,0.0,1,1.0,0,0.04365781440781441,0
Haryana,Gurugram,2025-10-20,1,1.22,1,0.0,0,0.07101891164391165,0
Haryana,Gurugram,2025-10-21,0,0.0,1,0.0,0,0.18021159999420852,0
Haryana,Gurugram,2025-10-22,0,0.0,1,0.0,0,0.11287302390591862,0
Haryana,Gurugram,2025-10-23,0,0.0,1,0.0,0,0.07302596618357488,0
Haryana,Gurugram,2025-10-24,0,0.0,1,0.0,0,0.05313509316770187,0
Haryana,Gurugram,2025-10-25,0,0.0,1,0.0,0,0.04354181929181929,0
Haryana,Gurugram,2025-10-26,0,0.0,1,0.0,0,0.06479256854256854,0
Haryana,Gurugram,2025-10-27,0,0.0,1,0.0,0,0.07877759740259743,0
Haryana,Gurugram,2025-10-28,0,0.0,1,0.0,0,0.1214263237044677,0
Haryana,Gurugram,2025-10-29,0,0.0,1,0.0,0,0.12307726484042268,0
Haryana,Gurugram,2025-10-30,0,0.0,1,0.0,0,0.10879294138443506,0
Haryana,Gurugram,2025-10-31,0,0.0,1,0.0,0,0.06295165131803061,0
Haryana,Gurugram,2025-11-01,0,0.0,1,1.0,0,0.02218344155844156,0
Haryana,Gurugram,2025-11-02,1,3.29,1,0.0,0,0.059600143849285726,0
Haryana,Gurugram,2025-11-03,0,0.0,1,1.0,0,0.13399222999222993,0
Haryana,Gurugram,2025-11-04,1,5.38,1,0.0,0,0.1201485223713484,0
Haryana,Gurugram,2025-11-05,0,0.0,1,0.0,0,0.0443409090909091,0
Haryana,Gurugram,2025-11-06,0,0.0,1,0.0,0,0.11688247700012397,0
Haryana,Gurugram,2025-11-07,0,0.0,1,0.0,0,0.03579761904761904,0
Haryana,Gurugram,2025-11-08,0,0.0,1,0.0,0,0.010830409356725145,0
Haryana,Gurugram,2025-11-09,0,0.0,1,0.0,0,0.05518874269005848,0
Haryana,Gurugram,2025-11-10,0,0.0,1,0.0,0,0.010694444444444444,0
Haryana,Gurugram,2025-11-11,0,0.0,1,0.0,0,0.10098717873114152,0
Haryana,Gurugram,2025-11-12,0,0.0,1,0.0,0,0.017444444444444443,0
Haryana,Gurugram,2025-11-13,0,0.0,1,0.0,0,0.011152777777777775,0
Haryana,Gurugram,2025-11-14,0,0.0,1,0.0,0,0.008444444444444444,0
Haryana,Gurugram,2025-11-15,0,0.0,1,0.0,0,0.011583333333333334,0
Haryana,Gurugram,2025-11-16,0,0.0,1,1.0,0,0.035791666666666666,0
Haryana,Gurugram,2025-11-17,1,0.35,1,0.0,0,0.01711111111111111,0
Haryana,Gurugram,2025-11-18,0,0.0,1,0.0,0,0.06301820401820402,0
Haryana,Gurugram,2025-11-19,0,0.0,1,0.0,0,0.013920634920634922,0
Haryana,Gurugram,2025-11-20,0,0.0,1,1.0,0,0.013339285714285712,0
Haryana,Gurugram,2025-11-21,1,2.73,1,0.0,0,0.05699502309284919,0
Haryana,Gurugram,2025-11-22,0,0.0,1,0.0,0,0.10189087301587298,0
Haryana,Gurugram,2025-11-23,0,0.0,1,0.0,0,0.048526695526695536,0
Haryana,Hisar,2025-10-15,3,4.12,1,3.0,1,0.2757361111111113,0
Haryana,Hisar,2025-10-16,3,8.1,1,1.0,0,0.2951507104007105,0
Haryana,Hisar,2025-10-17,1,1.87,1,2.0,0,0.3855889249639249,0
Haryana,Hisar,2025-10-18,2,13.93,1,10.0,1,0.47918969918969934,1
Haryana,Hisar,2025-10-19,10,32.46,1,13.0,1,0.7301484313177863,1
Haryana,Hisar,2025-10-20,13,45.58,1,5.0,1,0.7830972222222227,1
Haryana,Hisar,2025-10-21,5,14.52,1,1.0,0,0.6990032467532469,1
Haryana,Hisar,2025-10-22,1,1.65,1,0.0,0,0.6913361344537816,1
Haryana,Hisar,2025-10-23,0,0.0,1,2.0,0,0.3868345959595959,0
Haryana,Hisar,2025-10-24,2,9.28,1,2.0,0,0.5230937950937952,1
Haryana,Hisar,2025-10-25,2,2.14,1,15.0,1,0.5839023709741793,1
Haryana,Hisar,2025-10-26,15,30.63,1,6.0,1,0.6755429118372668,1
Haryana,Hisar,2025-10-27,6,30.36,1,0.0,0,0.786690975412281,1
Haryana,Hisar,2025-10-28,0,0.0,1,1.0,0,0.6792089475839478,1
Haryana,Hisar,2025-10-29,1,2.46,1,3.0,1,0.5754318181818181,1
Haryana,Hisar,2025-10-30,3,17.19,1,5.0,1,0.6747635106828654,1
Haryana,Hisar,2025-10-31,5,12.87,1,11.0,1,0.6300677356269461,1
Haryana,Hisar,2025-11-01,11,27.73,1,6.0,1,0.540907738095238,1
Haryana,Hisar,2025-11-02,6,24.24,1,5.0,1,0.6426243756243757,1
Haryana,Hisar,2025-11-03,5,19.47,1,4.0,1,0.5704562858312858,1
Haryana,Hisar,2025-11-04,4,13.71,1,5.0,1,0.6090080891330889,1
Haryana,Hisar,2025-11-05,5,25.56,1,15.0,1,0.7652322792383768,1
Haryana,Hisar,2025-11-06,15,31.7,1,13.0,1,0.5863188769225354,1
Haryana,Hisar,2025-11-07,13,41.03,1,16.0,1,0.716455289808231,1
Haryana,Hisar,2025-11-08,16,69.92,1,16.0,1,0.8283736933797912,1
Haryana,Hisar,2025-11-09,16,83.35,1,12.0,1,0.7913745952556926,1
Haryana,Hisar,2025-11-10,12,48.03,1,21.0,1,0.8268642023685128,1
Haryana,Hisar,2025-11-11,21,87.96,1,4.0,1,0.9189294733044736,1
Haryana,Hisar,2025-11-12,4,13.57,1,6.0,1,0.8599027777777777,1
Haryana,Hisar,2025-11-13,6,31.13,1,8.0,1,0.8470793650793651,1
Haryana,Hisar,2025-11-14,8,23.57,1,10.0,1,0.7103194444444446,1
Haryana,Hisar,2025-11-15,10,26.08,1,11.0,1,0.6429568452380954,1
Haryana,Hisar,2025-11-16,11,41.57,1,7.0,1,0.797867784992785,1
Haryana,Hisar,2025-11-17,7,20.77,1,5.0,1,0.7302838827838828,1
Haryana,Hisar,2025-11-18,5,13.92,1,0.0,0,0.6968591269841272,1
Haryana,Hisar,2025-11-19,0,0.0,1,6.0,1,0.4642948909750381,0
Haryana,Hisar,2025-11-20,6,27.23,1,6.0,1,0.4618795093795094,0
Haryana,Hisar,2025-11-21,6,11.72,1,4.0,1,0.48099134199134186,1
Haryana,Hisar,2025-11-22,4,10.48,1,2.0,0,0.5121385281385282,1
Haryana,Hisar,2025-11-23,2,8.99,1,1.0,0,0.44306150793650795,0
Haryana,Jhajjar,2025-10-15,2,6.04,1,2.0,0,0.3153046112384349,0
Haryana,Jhajjar,2025-10-16,2,3.12,1,1.0,0,0.38791912854412863,0
Haryana,Jhajjar,2025-10-17,1,0.82,1,0.0,0,0.20381132756132747,0
Haryana,Jhajjar,2025-10-18,0,0.0,1,0.0,0,0.2612395719895721,0
Haryana,Jhajjar,2025-10-19,0,0.0,1,0.0,0,0.1944775763224038,0
Haryana,Jhajjar,2025-10-20,0,0.0,1,0.0,0,0.16624232434232422,0
Haryana,Jhajjar,2025-10-21,0,0.0,1,3.0,1,0.09096340097100968,0
Haryana,Jhajjar,2025-10-22,3,6.94,1,1.0,0,0.20945522113914547,0
Haryana,Jhajjar,2025-10-23,1,1.15,1,1.0,0,0.230680182800078,0
Haryana,Jhajjar,2025-10-24,1,1.13,1,2.0,0,0.19681166794674848,0
Haryana,Jhajjar,2025-10-25,2,4.25,1,2.0,0,0.1770725528951335,0
Haryana,Jhajjar,2025-10-26,2,1.12,1,0.0,0,0.19337298812298806,0
Haryana,Jhajjar,2025-10-27,0,0.0,1,0.0,0,0.22125613897596658,0
Haryana,Jhajjar,2025-10-28,0,0.0,1,0.0,0,0.10635406834544764,0
Haryana,Jhajjar,2025-10-29,0,0.0,1,1.0,0,0.16541628416628407,0
Haryana,Jhajjar,2025-10-30,1,0.91,1,1.0,0,0.09799293761793759,0
Haryana,Jhajjar,2025-10-31,1,0.57,1,1.0,0,0.19056271506271497,0
Haryana,Jhajjar,2025-11-01,1,0.77,1,0.0,0,0.15722054334554325,0
Haryana,Jhajjar,2025-11-02,0,0.0,1,3.0,1,0.1669023754023753,0
Haryana,Jhajjar,2025-11-03,3,8.49,1,4.0,1,0.22521525458396158,0
Haryana,Jhajjar,2025-11-04,4,2.5,1,3.0,1,0.20620713314463315,0
Haryana,Jhajjar,2025-11-05,3,6.62,1,2.0,0,0.2823278044419349,0
Haryana,Jhajjar,2025-11-06,2,1.1,1,6.0,1,0.2626436741363211,0
Haryana,Jhajjar,2025-11-07,6,8.28,1,5.0,1,0.2806220984897455,0
Haryana,Jhajjar,2025-11-08,5,6.8,1,4.0,1,0.4551418185040307,0
Haryana,Jhajjar,2025-11-09,4,7.279999999999999,1,2.0,0,0.3827600283703225,0
Haryana,Jhajjar,2025-11-10,2,1.23,1,1.0,0,0.30006830412345126,0
Haryana,Jhajjar,2025-11-11,1,3.82,1,2.0,0,0.2571199494949495,0
Haryana,Jhajjar,2025-11-12,2,3.26,1,3.0,1,0.3786282589959062,0
Haryana,Jhajjar,2025-11-13,3,6.0600000000000005,1,1.0,0,0.3502726423902896,0
Haryana,Jhajjar,2025-11-14,1,0.54,1,1.0,0,0.3606315873314712,0
Haryana,Jhajjar,2025-11-15,1,4.74,1,5.0,1,0.27357828282828295,0
Haryana,Jhajjar,2025-11-16,5,13.74,1,7.0,1,0.3708487345987347,0
Haryana,Jhajjar,2025-11-17,7,15.0,1,6.0,1,0.5226368512490636,1
Haryana,Jhajjar,2025-11-18,6,14.7,1,4.0,1,0.6306782420478071,1
Haryana,Jhajjar,2025-11-19,4,8.95,1,0.0,0,0.5591007170933642,1
Haryana,Jhajjar,2025-11-20,0,0.0,1,3.0,1,0.28471158539173247,0
Haryana,Jhajjar,2025-11-21,3,8.0,1,2.0,0,0.42316919191919183,0
Haryana,Jhajjar,2025-11-22,2,1.39,1,6.0,1,0.3833822863694988,0
Haryana,Jhajjar,2025-11-23,6,11.22,1,2.0,0,0.502658050079473,1
Haryana,Jind,2025-10-15,5,15.27,1,0.0,0,0.4102896825396827,0
Haryana,Jind,2025-10-16,0,0.0,1,0.0,0,0.24031980519480522,0
Haryana,Jind,2025-10-17,0,0.0,1,0.0,0,0.1907110959216222,0
Haryana,Jind,2025-10-18,0,0.0,1,4.0,1,0.2926439270907358,0
Haryana,Jind,2025-10-19,4,11.75,1,13.0,1,0.567656250182566,1
Haryana,Jind,2025-10-20,13,46.29,1,5.0,1,0.710246933621934,1
Haryana,Jind,2025-10-21,5,15.15,1,5.0,1,0.6188548670761727,1
Haryana,Jind,2025-10-22,5,12.64,1,0.0,0,0.6614081947545003,1
Haryana,Jind,2025-10-23,0,0.0,1,0.0,0,0.5497243867243866,1
Haryana,Jind,2025-10-24,0,0.0,1,6.0,1,0.3518054653679655,0
Haryana,Jind,2025-10-25,6,44.53,1,5.0,1,0.7945535714285714,1
Haryana,Jind,2025-10-26,5,11.43,1,6.0,1,0.5183318070818068,1
Haryana,Jind,2025-10-27,6,37.02,1,0.0,0,0.8636693445443444,1
Haryana,Jind,2025-10-28,0,0.0,1,2.0,0,0.7892550334425337,1
Haryana,Jind,2025-10-29,2,15.7,1,0.0,0,0.626881105006105,1
Haryana,Jind,2025-10-30,0,0.0,1,1.0,0,0.48392112999293835,1
Haryana,Jind,2025-10-31,1,8.84,1,7.0,1,0.5101918498168501,1
Haryana,Jind,2025-11-01,7,25.89,1,8.0,1,0.7089529054315642,1
Haryana,Jind,2025-11-02,8,34.84,1,4.0,1,0.7496824929768477,1
Haryana,Jind,2025-11-03,4,43.44,1,3.0,1,0.7180913319503709,1
Haryana,Jind,2025-11-04,3,11.98,1,7.0,1,0.6433899286987522,1
Haryana,Jind,2025-11-05,7,21.12,1,15.0,1,0.609712454212454,1
Haryana,Jind,2025-11-06,15,59.03,1,15.0,1,0.7983634987164401,1
Haryana,Jind,2025-11-07,15,46.17,1,25.0,1,0.7984349816849817,1
Haryana,Jind,2025-11-08,25,135.33,1,39.0,1,0.8762921245421245,1
Haryana,Jind,2025-11-09,39,183.54,1,38.0,1,0.8148750000000001,1
Haryana,Jind,2025-11-10,38,135.94,1,28.0,1,0.8414404761904761,1
Haryana,Jind,2025-11-11,28,146.05,1,14.0,1,0.963138888888889,1
Haryana,Jind,2025-11-12,14,55.67,1,12.0,1,0.8978670634920637,1
Haryana,Jind,2025-11-13,12,60.45,1,2.0,0,0.9371150793650793,1
Haryana,Jind,2025-11-14,2,9.46,1,13.0,1,0.8837804834054834,1
Haryana,Jind,2025-11-15,13,65.2,1,17.0,1,0.8752464896214899,1
Haryana,Jind,2025-11-16,17,91.54,1,6.0,1,0.8514570267131245,1
Haryana,Jind,2025-11-17,6,23.5,1,3.0,1,0.9048115079365081,1
Haryana,Jind,2025-11-18,3,20.93,1,2.0,0,0.8625773809523811,1
Haryana,Jind,2025-11-19,2,10.02,1,6.0,1,0.6345338827838827,1
Haryana,Jind,2025-11-20,6,9.34,1,6.0,1,0.5484729098161006,1
Haryana,Jind,2025-11-21,6,16.43,1,3.0,1,0.5865110028860028,1
Haryana,Jind,2025-11-22,3,7.59,1,2.0,0,0.4967251082251082,1
Haryana,Jind,2025-11-23,2,6.34,1,2.0,0,0.4734205447330448,1
Haryana,Kaithal,2025-10-15,0,0.0,1,1.0,0,0.058458569208569205,0
Haryana,Kaithal,2025-10-16,1,4.43,1,0.0,0,0.16704287801570403,0
Haryana,Kaithal,2025-10-17,0,0.0,1,1.0,0,0.09375532555679611,0
Haryana,Kaithal,2025-10-18,1,2.39,1,2.0,0,0.2690001290979553,0
Haryana,Kaithal,2025-10-19,2,17.11,1,2.0,0,0.30400067022349636,0
Haryana,Kaithal,2025-10-20,2,8.18,1,9.0,1,0.4027659116870136,0
Haryana,Kaithal,2025-10-21,9,38.37,1,1.0,0,0.6129476604937626,1
Haryana,Kaithal,2025-10-22,1,7.84,1,0.0,0,0.7247239410915881,1
Haryana,Kaithal,2025-10-23,0,0.0,1,0.0,0,0.3983787046287046,0
Haryana,Kaithal,2025-10-24,0,0.0,1,1.0,0,0.29195923520923533,0
Haryana,Kaithal,2025-10-25,1,4.02,1,9.0,1,0.26663483376526853,0
Haryana,Kaithal,2025-10-26,9,23.36,1,5.0,1,0.6064934779063469,1
Haryana,Kaithal,2025-10-27,5,13.84,1,0.0,0,0.6104256021756023,1
Haryana,Kaithal,2025-10-28,0,0.0,1,2.0,0,0.6287808441558442,1
Haryana,Kaithal,2025-10-29,2,10.18,1,2.0,0,0.6080570940497412,1
Haryana,Kaithal,2025-10-30,2,4.83,1,1.0,0,0.35936948139579733,0
Haryana,Kaithal,2025-10-31,1,3.67,1,7.0,1,0.47823666392087444,1
Haryana,Kaithal,2025-11-01,7,31.16,1,6.0,1,0.7941695864195865,1
Haryana,Kaithal,2025-11-02,6,42.95,1,3.0,1,0.7716179083679084,1
Haryana,Kaithal,2025-11-03,3,14.52,1,1.0,0,0.6032937568966982,1
Haryana,Kaithal,2025-11-04,1,4.24,1,3.0,1,0.5709711399711399,1
Haryana,Kaithal,2025-11-05,3,14.22,1,7.0,1,0.5798985483179032,1
Haryana,Kaithal,2025-11-06,7,18.85,1,4.0,1,0.6318863358863358,1
Haryana,Kaithal,2025-11-07,4,15.5,1,7.0,1,0.5800006179785593,1
Haryana,Kaithal,2025-11-08,7,42.07,1,8.0,1,0.7279989375461937,1
Haryana,Kaithal,2025-11-09,8,29.88,1,5.0,1,0.7145101001939237,1
Haryana,Kaithal,2025-11-10,5,17.439999999999998,1,13.0,1,0.6990151541677275,1
Haryana,Kaithal,2025-11-11,13,45.1,1,4.0,1,0.7892268679829655,1
Haryana,Kaithal,2025-11-12,4,7.75,1,4.0,1,0.6008017399267399,1
Haryana,Kaithal,2025-11-13,4,9.64,1,1.0,0,0.585623917748918,1
Haryana,Kaithal,2025-11-14,1,2.79,1,1.0,0,0.48883116883116867,1
Haryana,Kaithal,2025-11-15,1,3.79,1,1.0,0,0.293914411976912,0
Haryana,Kaithal,2025-11-16,1,2.22,1,0.0,0,0.35053850153114874,0
Haryana,Kaithal,2025-11-17,0,0.0,1,4.0,1,0.4100564895491366,0
Haryana,Kaithal,2025-11-18,4,9.01,1,0.0,0,0.5213454026843555,1
Haryana,Kaithal,2025-11-19,0,0.0,1,1.0,0,0.426002775334815,0
Haryana,Kaithal,2025-11-20,1,0.59,1,0.0,0,0.36915136689401395,0
Haryana,Kaithal,2025-11-21,0,0.0,1,0.0,0,0.17667752054708566,0
Haryana,Kaithal,2025-11-22,0,0.0,1,2.0,0,0.12252727827727825,0
Haryana,Kaithal,2025-11-23,2,2.01,1,8.0,1,0.30510051060051063,0
Haryana,Karnal,2025-10-15,0,0.0,1,0.0,0,0.006710317460317461,0
Haryana,Karnal,2025-10-16,0,0.0,1,0.0,0,0.011618742368742371,0
Haryana,Karnal,2025-10-17,0,0.0,1,0.0,0,0.057775289038446934,0
Haryana,Karnal,2025-10-18,0,0.0,1,3.0,1,0.019283947047104944,0
Haryana,Karnal,2025-10-19,3,12.39,1,4.0,1,0.39322235132017735,0
Haryana,Karnal,2025-10-20,4,14.71,1,4.0,1,0.41114442924225547,0
Haryana,Karnal,2025-10-21,4,12.98,1,2.0,0,0.5577588383838387,1
Haryana,Karnal,2025-10-22,2,3.56,1,1.0,0,0.5738321123321124,1
Haryana,Karnal,2025-10-23,1,5.09,1,0.0,0,0.5555366161616161,1
Haryana,Karnal,2025-10-24,0,0.0,1,1.0,0,0.23171068443051207,0
Haryana,Karnal,2025-10-25,1,1.91,1,2.0,0,0.2360668498168498,0
Haryana,Karnal,2025-10-26,2,4.8,1,1.0,0,0.4112766219605465,0
Haryana,Karnal,2025-10-27,1,0.54,1,0.0,0,0.46696945321945316,0
Haryana,Karnal,2025-10-28,0,0.0,1,0.0,0,0.43584135143617897,0
Haryana,Karnal,2025-10-29,0,0.0,1,0.0,0,0.15335889804639793,0
Haryana,Karnal,2025-10-30,0,0.0,1,2.0,0,0.11660699023199021,0
Haryana,Karnal,2025-10-31,2,7.67,1,1.0,0,0.28229542076281217,0
Haryana,Karnal,2025-11-01,1,4.13,1,1.0,0,0.280173226833553,0
Haryana,Karnal,2025-11-02,1,3.3,1,0.0,0,0.22407101654384254,0
Haryana,Karnal,2025-11-03,0,0.0,1,2.0,0,0.12084018759018754,0
Haryana,Karnal,2025-11-04,2,8.219999999999999,1,3.0,1,0.2110573074268727,0
Haryana,Karnal,2025-11-05,3,7.050000000000001,1,9.0,1,0.14676024431645135,0
Haryana,Karnal,2025-11-06,9,21.36,1,6.0,1,0.3345734050866724,0
Haryana,Karnal,2025-11-07,6,20.0,1,6.0,1,0.6773984540786013,1
Haryana,Karnal,2025-11-08,6,30.8,1,1.0,0,0.7009093086298971,1
Haryana,Karnal,2025-11-09,1,5.56,1,2.0,0,0.5705762987012988,1
Haryana,Karnal,2025-11-10,2,9.34,1,0.0,0,0.4499424603174602,0
Haryana,Karnal,2025-11-11,0,0.0,1,1.0,0,0.34509812940327655,0
Haryana,Karnal,2025-11-12,1,3.08,1,2.0,0,0.28791537629037633,0
Haryana,Karnal,2025-11-13,2,13.18,1,0.0,0,0.47937545135410986,1
Haryana,Karnal,2025-11-14,0,0.0,1,0.0,0,0.3853716958047588,0
Haryana,Karnal,2025-11-15,0,0.0,1,0.0,0,0.31692475562792904,0
Haryana,Karnal,2025-11-16,0,0.0,1,1.0,0,0.15212279314252994,0
Haryana,Karnal,2025-11-17,1,1.76,1,0.0,0,0.12729190921326464,0
Haryana,Karnal,2025-11-18,0,0.0,1,0.0,0,0.11039281551781548,0
Haryana,Karnal,2025-11-19,0,0.0,1,0.0,0,0.08279265873015873,0
Haryana,Karnal,2025-11-20,0,0.0,1,0.0,0,0.2653079921315216,0
Haryana,Karnal,2025-11-21,0,0.0,1,1.0,0,0.03469349510138984,0
Haryana,Karnal,2025-11-22,1,2.4,1,0.0,0,0.06529928133460744,0
Haryana,Karnal,2025-11-23,0,0.0,1,0.0,0,0.2259294429770436,0
Haryana,Kurukshetra,2025-10-15,2,4.220000000000001,1,2.0,0,0.17087750172532776,0
Haryana,Kurukshetra,2025-10-16,2,1.68,1,1.0,0,0.2418241583295931,0
Haryana,Kurukshetra,2025-10-17,1,3.6,1,1.0,0,0.33916543601326227,0
Haryana,Kurukshetra,2025-10-18,1,2.98,1,3.0,1,0.2819418956647218,0
Haryana,Kurukshetra,2025-10-19,3,7.859999999999999,1,3.0,1,0.35750883838383857,0
Haryana,Kurukshetra,2025-10-20,3,7.65,1,4.0,1,0.3677324342324343,0
Haryana,Kurukshetra,2025-10-21,4,27.3,1,2.0,0,0.675290404040404,1
Haryana,Kurukshetra,2025-10-22,2,3.28,1,1.0,0,0.6104628843378842,1
Haryana,Kurukshetra,2025-10-23,1,3.28,1,0.0,0,0.44403841991341986,0
Haryana,Kurukshetra,2025-10-24,0,0.0,1,4.0,1,0.32513979076479094,0
Haryana,Kurukshetra,2025-10-25,4,24.44,1,5.0,1,0.5715044391882627,1
Haryana,Kurukshetra,2025-10-26,5,11.87,1,5.0,1,0.5887660256410254,1
Haryana,Kurukshetra,2025-10-27,5,17.99,1,0.0,0,0.7333101929432576,1
Haryana,Kurukshetra,2025-10-28,0,0.0,1,0.0,0,0.6711013708513711,1
Haryana,Kurukshetra,2025-10-29,0,0.0,1,0.0,0,0.41616958641958635,0
Haryana,Kurukshetra,2025-10-30,0,0.0,1,1.0,0,0.31117046076528854,0
Haryana,Kurukshetra,2025-10-31,1,1.69,1,3.0,1,0.21039055117587718,0
Haryana,Kurukshetra,2025-11-01,3,14.97,1,1.0,0,0.6538609424590729,1
Haryana,Kurukshetra,2025-11-02,1,2.76,1,0.0,0,0.39248611111111126,0
Haryana,Kurukshetra,2025-11-03,0,0.0,1,0.0,0,0.3313282570426499,0
Haryana,Kurukshetra,2025-11-04,0,0.0,1,0.0,0,0.16621789321789313,0
Haryana,Kurukshetra,2025-11-05,0,0.0,1,0.0,0,0.0356011766011766,0
Haryana,Kurukshetra,2025-11-06,0,0.0,1,0.0,0,0.07913725737863671,0
Haryana,Kurukshetra,2025-11-07,0,0.0,1,0.0,0,0.053093975468975464,0
Haryana,Kurukshetra,2025-11-08,0,0.0,1,3.0,1,0.21664772727272727,0
Haryana,Kurukshetra,2025-11-09,3,2.71,1,0.0,0,0.11761796536796534,0
Haryana,Kurukshetra,2025-11-10,0,0.0,1,0.0,0,0.07573106060606061,0
Haryana,Kurukshetra,2025-11-11,0,0.0,1,0.0,0,0.04298772061272062,0
Haryana,Kurukshetra,2025-11-12,0,0.0,1,0.0,0,0.038662323787323795,0
Haryana,Kurukshetra,2025-11-13,0,0.0,1,0.0,0,0.012416666666666666,0
Haryana,Kurukshetra,2025-11-14,0,0.0,1,0.0,0,0.05183982683982684,0
Haryana,Kurukshetra,2025-11-15,0,0.0,1,0.0,0,0.037365800865800866,0
Haryana,Kurukshetra,2025-11-16,0,0.0,1,0.0,0,0.07754285714285715,0
Haryana,Kurukshetra,2025-11-17,0,0.0,1,7.0,1,0.009916666666666666,0
Haryana,Kurukshetra,2025-11-18,7,10.6,1,0.0,0,0.17858082930141744,0
Haryana,Kurukshetra,2025-11-19,0,0.0,1,0.0,0,0.1302357503607503,0
Haryana,Kurukshetra,2025-11-20,0,0.0,1,0.0,0,0.13394040722349537,0
Haryana,Kurukshetra,2025-11-21,0,0.0,1,0.0,0,0.16170734126984118,0
Haryana,Kurukshetra,2025-11-22,0,0.0,1,1.0,0,0.01288095238095238,0
Haryana,Kurukshetra,2025-11-23,1,5.1,1,0.0,0,0.20072679513468988,0
Haryana,Mahendragarh,2025-10-15,0,0.0,1,0.0,0,0.017745726495726498,0
Haryana,Mahendragarh,2025-10-16,0,0.0,1,0.0,0,0.0002380952380952381,0
Haryana,Mahendragarh,2025-10-17,0,0.0,1,0.0,0,0.024943452380952386,0
Haryana,Mahendragarh,2025-10-18,0,0.0,1,0.0,0,0.0002380952380952381,0
Haryana,Mahendragarh,2025-10-19,0,0.0,1,0.0,0,0.010428571428571428,0
Haryana,Mahendragarh,2025-10-20,0,0.0,1,0.0,0,0.007523060273060274,0
Haryana,Mahendragarh,2025-10-21,0,0.0,1,0.0,0,0.015298396048396048,0
Haryana,Mahendragarh,2025-10-22,0,0.0,1,0.0,0,0.0672526284102371,0
Haryana,Mahendragarh,2025-10-23,0,0.0,1,0.0,0,0.061200569358178046,0
Haryana,Mahendragarh,2025-10-24,0,0.0,1,0.0,0,0.005238095238095239,0
Haryana,Mahendragarh,2025-10-25,0,0.0,1,0.0,0,0.005879120879120878,0
Haryana,Mahendragarh,2025-10-26,0,0.0,1,0.0,0,0.04690169552669553,0
Haryana,Mahendragarh,2025-10-27,0,0.0,1,0.0,0,0.08288102508436092,0
Haryana,Mahendragarh,2025-10-28,0,0.0,1,0.0,0,0.06943888630526562,0
Haryana,Mahendragarh,2025-10-29,0,0.0,1,0.0,0,0.08077564676702609,0
Haryana,Mahendragarh,2025-10-30,0,0.0,1,0.0,0,0.10391543511877092,0
Haryana,Mahendragarh,2025-10-31,0,0.0,1,2.0,0,0.027056979570137467,0
Haryana,Mahendragarh,2025-11-01,2,5.1,1,0.0,0,0.03388936851351039,0
Haryana,Mahendragarh,2025-11-02,0,0.0,1,0.0,0,0.05261380286380286,0
Haryana,Mahendragarh,2025-11-03,0,0.0,1,0.0,0,0.09959008883273586,0
Haryana,Mahendragarh,2025-11-04,0,0.0,1,0.0,0,0.03094598293863,0
Haryana,Mahendragarh,2025-11-05,0,0.0,1,0.0,0,0.01834613997113997,0
Haryana,Mahendragarh,2025-11-06,0,0.0,1,0.0,0,0.025388888888888888,0
Haryana,Mahendragarh,2025-11-07,0,0.0,1,0.0,0,0.00125,0
Haryana,Mahendragarh,2025-11-08,0,0.0,1,0.0,0,0.057158828160143955,0
Haryana,Mahendragarh,2025-11-09,0,0.0,1,0.0,0,0.002302631578947368,0
Haryana,Mahendragarh,2025-11-10,0,0.0,1,0.0,0,0.005583333333333333,0
Haryana,Mahendragarh,2025-11-11,0,0.0,1,0.0,0,0.001875,0
Haryana,Mahendragarh,2025-11-12,0,0.0,1,0.0,0,0.001875,0
Haryana,Mahendragarh,2025-11-13,0,0.0,1,1.0,0,0.001875,0
Haryana,Mahendragarh,2025-11-14,1,3.35,1,2.0,0,0.07404705439488052,0
Haryana,Mahendragarh,2025-11-15,2,8.9,1,1.0,0,0.10228677300959908,0
Haryana,Mahendragarh,2025-11-16,1,2.3,1,0.0,0,0.15387136896919493,0
Haryana,Mahendragarh,2025-11-17,0,0.0,1,0.0,0,0.12323193400167078,0
Haryana,Mahendragarh,2025-11-18,0,0.0,1,0.0,0,0.05014682539682541,0
Haryana,Mahendragarh,2025-11-19,0,0.0,1,1.0,0,0.06437968975468976,0
Haryana,Mahendragarh,2025-11-20,1,0.61,1,0.0,0,0.0886464785214785,0
Haryana,Mahendragarh,2025-11-21,0,0.0,1,0.0,0,0.07347738095238095,0
Haryana,Mahendragarh,2025-11-22,0,0.0,1,0.0,0,0.23171432701285638,0
Haryana,Mahendragarh,2025-11-23,0,0.0,1,0.0,0,0.09407557720057716,0
Haryana,Nuh,2025-10-15,0,0.0,1,0.0,0,0.0919977106227106,0
Haryana,Nuh,2025-10-16,0,0.0,1,0.0,0,0.059393093018093014,0
Haryana,Nuh,2025-10-17,0,0.0,1,0.0,0,0.03561507936507937,0
Haryana,Nuh,2025-10-18,0,0.0,1,1.0,0,0.005821123321123321,0
Haryana,Nuh,2025-10-19,1,5.29,1,1.0,0,0.1995291207002226,0
Haryana,Nuh,2025-10-20,1,3.84,1,0.0,0,0.2526974107435127,0
Haryana,Nuh,2025-10-21,0,0.0,1,0.0,0,0.16175066600066593,0
Haryana,Nuh,2025-10-22,0,0.0,1,0.0,0,0.1587940168491638,0
Haryana,Nuh,2025-10-23,0,0.0,1,0.0,0,0.14328497106757973,0
Haryana,Nuh,2025-10-24,0,0.0,1,0.0,0,0.059676454584063274,0
Haryana,Nuh,2025-10-25,0,0.0,1,0.0,0,0.08798933614694483,0
Haryana,Nuh,2025-10-26,0,0.0,1,0.0,0,0.10475943060207761,0
Haryana,Nuh,2025-10-27,0,0.0,1,0.0,0,0.13897313522627916,0
Haryana,Nuh,2025-10-28,0,0.0,1,0.0,0,0.04806659193297125,0
Haryana,Nuh,2025-10-29,0,0.0,1,0.0,0,0.09577616890570612,0
Haryana,Nuh,2025-10-30,0,0.0,1,0.0,0,0.11105683027332397,0
Haryana,Nuh,2025-10-31,0,0.0,1,0.0,0,0.06494712295166015,0
Haryana,Nuh,2025-11-01,0,0.0,1,0.0,0,0.015238997113997113,0
Haryana,Nuh,2025-11-02,0,0.0,1,0.0,0,0.01693137254901961,0
Haryana,Nuh,2025-11-03,0,0.0,1,0.0,0,0.03826443001443001,0
Haryana,Nuh,2025-11-04,0,0.0,1,0.0,0,0.01696320346320346,0
Haryana,Nuh,2025-11-05,0,0.0,1,0.0,0,0.02888780663780664,0
Haryana,Nuh,2025-11-06,0,0.0,1,0.0,0,0.00625,0
Haryana,Nuh,2025-11-07,0,0.0,1,0.0,0,0.00125,0
Haryana,Nuh,2025-11-08,0,0.0,1,0.0,0,0.002302631578947368,0
Haryana,Nuh,2025-11-09,0,0.0,1,0.0,0,0.002302631578947368,0
Haryana,Nuh,2025-11-10,0,0.0,1,2.0,0,0.0022500000000000003,0
Haryana,Nuh,2025-11-11,2,6.26,1,0.0,0,0.10017860705274895,0
Haryana,Nuh,2025-11-12,0,0.0,1,0.0,0,0.04598376623376623,0
Haryana,Nuh,2025-11-13,0,0.0,1,0.0,0,0.04109497283761989,0
Haryana,Nuh,2025-11-14,0,0.0,1,0.0,0,0.021011904761904763,0
Haryana,Nuh,2025-11-15,0,0.0,1,0.0,0,0.001,0
Haryana,Nuh,2025-11-16,0,0.0,1,0.0,0,0.029557692307692313,0
Haryana,Nuh,2025-11-17,0,0.0,1,0.0,0,0.0025,0
Haryana,Nuh,2025-11-18,0,0.0,1,0.0,0,0.07247142857142858,0
Haryana,Nuh,2025-11-19,0,0.0,1,0.0,0,0.0,0
Haryana,Nuh,2025-11-20,0,0.0,1,0.0,0,0.0,0
Haryana,Nuh,2025-11-21,0,0.0,1,0.0,0,0.0015,0
Haryana,Nuh,2025-11-22,0,0.0,1,0.0,0,0.0,0
Haryana,Nuh,2025-11-23,0,0.0,1,0.0,0,0.002416666666666667,0
Haryana,Palwal,2025-10-15,0,0.0,1,1.0,0,0.01794827998088868,0
Haryana,Palwal,2025-10-16,1,4.47,1,0.0,0,0.12942527339809948,0
Haryana,Palwal,2025-10-17,0,0.0,1,1.0,0,0.09843208180708178,0
Haryana,Palwal,2025-10-18,1,5.34,1,0.0,0,0.354843604827207,0
Haryana,Palwal,2025-10-19,0,0.0,1,4.0,1,0.056726073762838475,0
Haryana,Palwal,2025-10-20,4,13.01,1,1.0,0,0.44509897469680093,0
Haryana,Palwal,2025-10-21,1,3.63,1,5.0,1,0.48846760148774215,1
Haryana,Palwal,2025-10-22,5,14.67,1,0.0,0,0.5291001468962491,1
Haryana,Palwal,2025-10-23,0,0.0,1,2.0,0,0.4223235653235652,0
Haryana,Palwal,2025-10-24,2,3.73,1,0.0,0,0.33495542380324994,0
Haryana,Palwal,2025-10-25,0,0.0,1,3.0,1,0.38825432116192987,0
Haryana,Palwal,2025-10-26,3,6.22,1,0.0,0,0.19078453913236515,0
Haryana,Palwal,2025-10-27,0,0.0,1,0.0,0,0.42039491221672093,0
Haryana,Palwal,2025-10-28,0,0.0,1,0.0,0,0.1538876678876678,0
Haryana,Palwal,2025-10-29,0,0.0,1,0.0,0,0.3187092196790473,0
Haryana,Palwal,2025-10-30,0,0.0,1,0.0,0,0.14126735764235757,0
Haryana,Palwal,2025-10-31,0,0.0,1,2.0,0,0.10264966164104093,0
Haryana,Palwal,2025-11-01,2,4.73,1,6.0,1,0.11142995292909476,0
Haryana,Palwal,2025-11-02,6,27.17,1,6.0,1,0.36302818482359167,0
Haryana,Palwal,2025-11-03,6,38.2,1,0.0,0,0.6827560583004132,1
Haryana,Palwal,2025-11-04,0,0.0,1,2.0,0,0.6512044382044383,1
Haryana,Palwal,2025-11-05,2,5.569999999999999,1,2.0,0,0.4653527012203482,0
Haryana,Palwal,2025-11-06,2,9.58,1,1.0,0,0.4306633565383565,0
Haryana,Palwal,2025-11-07,1,4.13,1,0.0,0,0.32909298815219884,0
Haryana,Palwal,2025-11-08,0,0.0,1,0.0,0,0.2662102325778796,0
Haryana,Palwal,2025-11-09,0,0.0,1,5.0,1,0.3379339040213787,0
Haryana,Palwal,2025-11-10,5,21.46,1,1.0,0,0.47279770229770235,1
Haryana,Palwal,2025-11-11,1,3.68,1,0.0,0,0.24130472350230414,0
Haryana,Palwal,2025-11-12,0,0.0,1,0.0,0,0.2500775924053922,0
Haryana,Palwal,2025-11-13,0,0.0,1,2.0,0,0.28899298983046456,0
Haryana,Palwal,2025-11-14,2,5.72,1,0.0,0,0.14728905816405805,0
Haryana,Palwal,2025-11-15,0,0.0,1,0.0,0,0.16758368020868009,0
Haryana,Palwal,2025-11-16,0,0.0,1,0.0,0,0.045645562770562774,0
Haryana,Palwal,2025-11-17,0,0.0,1,0.0,0,0.32145249795249803,0
Haryana,Palwal,2025-11-18,0,0.0,1,0.0,0,0.06999722222222225,0
Haryana,Palwal,2025-11-19,0,0.0,1,1.0,0,0.040790598290598286,0
Haryana,Palwal,2025-11-20,1,3.08,1,0.0,0,0.0923742965971227,0
Haryana,Palwal,2025-11-21,0,0.0,1,0.0,0,0.14488598901098887,0
Haryana,Palwal,2025-11-22,0,0.0,1,0.0,0,0.052095959595959605,0
Haryana,Palwal,2025-11-23,0,0.0,1,0.0,0,0.06847023809523808,0
Haryana,Panchkula,2025-10-15,0,0.0,1,0.0,0,0.04441203241203241,0
Haryana,Panchkula,2025-10-16,0,0.0,1,0.0,0,0.03148941336441336,0
Haryana,Panchkula,2025-10-17,0,0.0,1,0.0,0,0.046904618042775945,0
Haryana,Panchkula,2025-10-18,0,0.0,1,0.0,0,0.07320403299979959,0
Haryana,Panchkula,2025-10-19,0,0.0,1,2.0,0,0.0641407213114879,0
Haryana,Panchkula,2025-10-20,2,9.82,1,1.0,0,0.2828563423291684,0
Haryana,Panchkula,2025-10-21,1,0.5,1,0.0,0,0.18773023740255193,0
Haryana,Panchkula,2025-10-22,0,0.0,1,0.0,0,0.2492666708291708,0
Haryana,Panchkula,2025-10-23,0,0.0,1,0.0,0,0.0615433524808525,0
Haryana,Panchkula,2025-10-24,0,0.0,1,0.0,0,0.07818822602518254,0
Haryana,Panchkula,2025-10-25,0,0.0,1,0.0,0,0.10268976043113973,0
Haryana,Panchkula,2025-10-26,0,0.0,1,0.0,0,0.08754023816977538,0
Haryana,Panchkula,2025-10-27,0,0.0,1,1.0,0,0.26590093933843945,0
Haryana,Panchkula,2025-10-28,1,3.76,1,0.0,0,0.21394275896550766,0
Haryana,Panchkula,2025-10-29,0,0.0,1,0.0,0,0.21873202451143622,0
Haryana,Panchkula,2025-10-30,0,0.0,1,2.0,0,0.23016897318367907,0
Haryana,Panchkula,2025-10-31,2,6.43,1,0.0,0,0.2598916126144389,0
Haryana,Panchkula,2025-11-01,0,0.0,1,0.0,0,0.10522415659053587,0
Haryana,Panchkula,2025-11-02,0,0.0,1,0.0,0,0.05796626984126984,0
Haryana,Panchkula,2025-11-03,0,0.0,1,0.0,0,0.043531182897562214,0
Haryana,Panchkula,2025-11-04,0,0.0,1,0.0,0,0.0745475468975469,0
Haryana,Panchkula,2025-11-05,0,0.0,1,0.0,0,0.019227272727272728,0
Haryana,Panchkula,2025-11-06,0,0.0,1,0.0,0,0.010666666666666666,0
Haryana,Panchkula,2025-11-07,0,0.0,1,0.0,0,0.08079640220890222,0
Haryana,Panchkula,2025-11-08,0,0.0,1,0.0,0,0.00125,0
Haryana,Panchkula,2025-11-09,0,0.0,1,0.0,0,0.0025,0
Haryana,Panchkula,2025-11-10,0,0.0,1,0.0,0,0.004125,0
Haryana,Panchkula,2025-11-11,0,0.0,1,0.0,0,0.02829220779220779,0
Haryana,Panchkula,2025-11-12,0,0.0,1,0.0,0,0.0,0
Haryana,Panchkula,2025-11-13,0,0.0,1,0.0,0,0.0025,0
Haryana,Panchkula,2025-11-14,0,0.0,1,0.0,0,0.009042207792207792,0
Haryana,Panchkula,2025-11-15,0,0.0,1,0.0,0,0.0,0
Haryana,Panchkula,2025-11-16,0,0.0,1,0.0,0,0.0,0
Haryana,Panchkula,2025-11-17,0,0.0,1,0.0,0,0.004375,0
Haryana,Panchkula,2025-11-18,0,0.0,1,0.0,0,0.001875,0
Haryana,Panchkula,2025-11-19,0,0.0,1,0.0,0,0.004375,0
Haryana,Panchkula,2025-11-20,0,0.0,1,0.0,0,0.0020714285714285713,0
Haryana,Panchkula,2025-11-21,0,0.0,1,0.0,0,0.0030238095238095237,0
Haryana,Panchkula,2025-11-22,0,0.0,1,0.0,0,0.0,0
Haryana,Panchkula,2025-11-23,0,0.0,1,0.0,0,0.00125,0
Haryana,Panipat,2025-10-15,1,1.45,1,2.0,0,0.1389748765727026,0
Haryana,Panipat,2025-10-16,2,8.879999999999999,1,0.0,0,0.24635966810966803,0
Haryana,Panipat,2025-10-17,0,0.0,1,2.0,0,0.14558194583194578,0
Haryana,Panipat,2025-10-18,2,2.96,1,4.0,1,0.2811834415584416,0
Haryana,Panipat,2025-10-19,4,7.12,1,0.0,0,0.2061893874099756,0
Haryana,Panipat,2025-10-20,0,0.0,1,0.0,0,0.3270488245186521,0
Haryana,Panipat,2025-10-21,0,0.0,1,3.0,1,0.3525227334925611,0
Haryana,Panipat,2025-10-22,3,3.89,1,0.0,0,0.2617482864357865,0
Haryana,Panipat,2025-10-23,0,0.0,1,0.0,0,0.36144588744588746,0
Haryana,Panipat,2025-10-24,0,0.0,1,0.0,0,0.2075569846819846,0
Haryana,Panipat,2025-10-25,0,0.0,1,1.0,0,0.17182584776334775,0
Haryana,Panipat,2025-10-26,1,3.35,1,0.0,0,0.2308211266390613,0
Haryana,Panipat,2025-10-27,0,0.0,1,0.0,0,0.10463256188256188,0
Haryana,Panipat,2025-10-28,0,0.0,1,0.0,0,0.254180198069904,0
Haryana,Panipat,2025-10-29,0,0.0,1,0.0,0,0.1795596556221555,0
Haryana,Panipat,2025-10-30,0,0.0,1,0.0,0,0.11589727049266524,0
Haryana,Panipat,2025-10-31,0,0.0,1,0.0,0,0.0978630871044664,0
Haryana,Panipat,2025-11-01,0,0.0,1,1.0,0,0.07100269749407681,0
Haryana,Panipat,2025-11-02,1,2.87,1,0.0,0,0.13974849549763735,0
Haryana,Panipat,2025-11-03,0,0.0,1,0.0,0,0.10015492840492843,0
Haryana,Panipat,2025-11-04,0,0.0,1,0.0,0,0.06574346486846488,0
Haryana,Panipat,2025-11-05,0,0.0,1,2.0,0,0.0631608669108669,0
Haryana,Panipat,2025-11-06,2,4.41,1,4.0,1,0.12213695060977661,0
Haryana,Panipat,2025-11-07,4,8.63,1,0.0,0,0.18062863525363518,0
Haryana,Panipat,2025-11-08,0,0.0,1,6.0,1,0.10066609779109777,0
Haryana,Panipat,2025-11-09,6,16.25,1,0.0,0,0.3713411800617684,0
Haryana,Panipat,2025-11-10,0,0.0,1,1.0,0,0.23947634932117698,0
Haryana,Panipat,2025-11-11,1,2.43,1,2.0,0,0.27316509226068053,0
Haryana,Panipat,2025-11-12,2,6.6,1,2.0,0,0.33232524420024445,0
Haryana,Panipat,2025-11-13,2,11.62,1,0.0,0,0.24002370274652873,0
Haryana,Panipat,2025-11-14,0,0.0,1,0.0,0,0.353902934977819,0
Haryana,Panipat,2025-11-15,0,0.0,1,2.0,0,0.18220827710301385,0
Haryana,Panipat,2025-11-16,2,4.29,1,0.0,0,0.3170807631910574,0
Haryana,Panipat,2025-11-17,0,0.0,1,2.0,0,0.1089837107337107,0
Haryana,Panipat,2025-11-18,2,5.7,1,1.0,0,0.27819283539041606,0
Haryana,Panipat,2025-11-19,1,5.3,1,5.0,1,0.18513962893503566,0
Haryana,Panipat,2025-11-20,5,9.45,1,0.0,0,0.31286938106696177,0
Haryana,Panipat,2025-11-21,0,0.0,1,3.0,1,0.37177163168590854,0
Haryana,Panipat,2025-11-22,3,8.56,1,0.0,0,0.22191228638511235,0
Haryana,Panipat,2025-11-23,0,0.0,1,1.0,0,0.4572774213950685,0
Haryana,Rewari,2025-10-15,0,0.0,1,0.0,0,0.014292263292263291,0
Haryana,Rewari,2025-10-16,0,0.0,1,0.0,0,0.02978053106313976,0
Haryana,Rewari,2025-10-17,0,0.0,1,0.0,0,0.004757936507936508,0
Haryana,Rewari,2025-10-18,0,0.0,1,0.0,0,0.06296381935058405,0
Haryana,Rewari,2025-10-19,0,0.0,1,0.0,0,0.027610028860028862,0
Haryana,Rewari,2025-10-20,0,0.0,1,0.0,0,0.016924575424575424,0
Haryana,Rewari,2025-10-21,0,0.0,1,1.0,0,0.07426431964385684,0
Haryana,Rewari,2025-10-22,1,2.17,1,0.0,0,0.07414641336923947,0
Haryana,Rewari,2025-10-23,0,0.0,1,0.0,0,0.11251837981569436,0
Haryana,Rewari,2025-10-24,0,0.0,1,0.0,0,0.10761333111333105,0
Haryana,Rewari,2025-10-25,0,0.0,1,0.0,0,0.11976221550786594,0
Haryana,Rewari,2025-10-26,0,0.0,1,0.0,0,0.05052759740259741,0
Haryana,Rewari,2025-10-27,0,0.0,1,0.0,0,0.09857655177988761,0
Haryana,Rewari,2025-10-28,0,0.0,1,0.0,0,0.07526789063426993,0
Haryana,Rewari,2025-10-29,0,0.0,1,0.0,0,0.12091864266002193,0
Haryana,Rewari,2025-10-30,0,0.0,1,0.0,0,0.11469066865716232,0
Haryana,Rewari,2025-10-31,0,0.0,1,0.0,0,0.06946985022438742,0
Haryana,Rewari,2025-11-01,0,0.0,1,0.0,0,0.01976172438672439,0
Haryana,Rewari,2025-11-02,0,0.0,1,0.0,0,0.0037499999999999994,0
Haryana,Rewari,2025-11-03,0,0.0,1,0.0,0,0.009083333333333334,0
Haryana,Rewari,2025-11-04,0,0.0,1,0.0,0,0.021485930735930737,0
Haryana,Rewari,2025-11-05,0,0.0,1,2.0,0,0.04124386724386726,0
Haryana,Rewari,2025-11-06,2,1.1800000000000002,1,0.0,0,0.0921419275169275,0
Haryana,Rewari,2025-11-07,0,0.0,1,0.0,0,0.07267550505050507,0
Haryana,Rewari,2025-11-08,0,0.0,1,0.0,0,0.016621212121212123,0
Haryana,Rewari,2025-11-09,0,0.0,1,0.0,0,0.01262121212121212,0
Haryana,Rewari,2025-11-10,0,0.0,1,0.0,0,0.0022500000000000003,0
Haryana,Rewari,2025-11-11,0,0.0,1,0.0,0,0.016525034176349963,0
Haryana,Rewari,2025-11-12,0,0.0,1,0.0,0,0.001875,0
Haryana,Rewari,2025-11-13,0,0.0,1,0.0,0,0.029180735930735932,0
Haryana,Rewari,2025-11-14,0,0.0,1,0.0,0,0.0022500000000000003,0
Haryana,Rewari,2025-11-15,0,0.0,1,0.0,0,0.001,0
Haryana,Rewari,2025-11-16,0,0.0,1,0.0,0,0.00425,0
Haryana,Rewari,2025-11-17,0,0.0,1,0.0,0,0.0025,0
Haryana,Rewari,2025-11-18,0,0.0,1,0.0,0,0.0025,0
Haryana,Rewari,2025-11-19,0,0.0,1,0.0,0,0.0,0
Haryana,Rewari,2025-11-20,0,0.0,1,0.0,0,0.011833333333333333,0
Haryana,Rewari,2025-11-21,0,0.0,1,0.0,0,0.005750000000000001,0
Haryana,Rewari,2025-11-22,0,0.0,1,0.0,0,0.002,0
Haryana,Rewari,2025-11-23,0,0.0,1,0.0,0,0.0022500000000000003,0
Haryana,Rohtak,2025-10-15,0,0.0,1,0.0,0,0.05729722222222223,0
Haryana,Rohtak,2025-10-16,0,0.0,1,0.0,0,0.04417857142857143,0
Haryana,Rohtak,2025-10-17,0,0.0,1,0.0,0,0.04111874236874237,0
Haryana,Rohtak,2025-10-18,0,0.0,1,0.0,0,0.04612271062271063,0
Haryana,Rohtak,2025-10-19,0,0.0,1,0.0,0,0.048414377289377294,0
Haryana,Rohtak,2025-10-20,0,0.0,1,0.0,0,0.06373706064466936,0
Haryana,Rohtak,2025-10-21,0,0.0,1,1.0,0,0.13211123087438867,0
Haryana,Rohtak,2025-10-22,1,1.71,1,0.0,0,0.11760084271182666,0
Haryana,Rohtak,2025-10-23,0,0.0,1,0.0,0,0.15226914294145738,0
Haryana,Rohtak,2025-10-24,0,0.0,1,0.0,0,0.10130265567765565,0
Haryana,Rohtak,2025-10-25,0,0.0,1,0.0,0,0.09644062881562883,0
Haryana,Rohtak,2025-10-26,0,0.0,1,0.0,0,0.09069137806637809,0
Haryana,Rohtak,2025-10-27,0,0.0,1,0.0,0,0.07558333333333336,0
Haryana,Rohtak,2025-10-28,0,0.0,1,0.0,0,0.1853162619544197,0
Haryana,Rohtak,2025-10-29,0,0.0,1,0.0,0,0.09846013708513707,0
Haryana,Rohtak,2025-10-30,0,0.0,1,1.0,0,0.14189905174916606,0
Haryana,Rohtak,2025-10-31,1,3.1,1,0.0,0,0.17101858229489802,0
Haryana,Rohtak,2025-11-01,0,0.0,1,2.0,0,0.13513851426351414,0
Haryana,Rohtak,2025-11-02,2,34.44,1,3.0,1,0.2770952598126512,0
Haryana,Rohtak,2025-11-03,3,9.02,1,1.0,0,0.30377694289565016,0
Haryana,Rohtak,2025-11-04,1,3.79,1,5.0,1,0.324483624768951,0
Haryana,Rohtak,2025-11-05,5,8.76,1,5.0,1,0.3708112373737372,0
Haryana,Rohtak,2025-11-06,5,21.52,1,5.0,1,0.5796175213675214,1
Haryana,Rohtak,2025-11-07,5,31.38,1,6.0,1,0.7403676097266484,1
Haryana,Rohtak,2025-11-08,6,25.07,1,4.0,1,0.7738301597051597,1
Haryana,Rohtak,2025-11-09,4,16.03,1,5.0,1,0.5802542865631102,1
Haryana,Rohtak,2025-11-10,5,16.18,1,12.0,1,0.6463224830724831,1
Haryana,Rohtak,2025-11-11,12,46.3,1,6.0,1,0.7989241706802681,1
Haryana,Rohtak,2025-11-12,6,14.11,1,10.0,1,0.5592008408258407,1
Haryana,Rohtak,2025-11-13,10,37.13,1,4.0,1,0.7755166676416679,1
Haryana,Rohtak,2025-11-14,4,18.22,1,6.0,1,0.6912797619047619,1
Haryana,Rohtak,2025-11-15,6,16.89,1,23.0,1,0.5747309533559535,1
Haryana,Rohtak,2025-11-16,23,79.53999999999999,1,6.0,1,0.7260138888888885,1
Haryana,Rohtak,2025-11-17,6,12.26,1,1.0,0,0.7085624098124101,1
Haryana,Rohtak,2025-11-18,1,3.2,1,2.0,0,0.6856047702297705,1
Haryana,Rohtak,2025-11-19,2,5.550000000000001,1,3.0,1,0.5870673701298702,1
Haryana,Rohtak,2025-11-20,3,9.87,1,5.0,1,0.46060983102918607,0
Haryana,Rohtak,2025-11-21,5,7.93,1,9.0,1,0.5759059959293334,1
Haryana,Rohtak,2025-11-22,9,27.74,1,7.0,1,0.6191349206349206,1
Haryana,Rohtak,2025-11-23,7,12.76,1,2.0,0,0.6306753663003662,1
Haryana,Sirsa,2025-10-15,3,2.92,1,2.0,0,0.30345634920634923,0
Haryana,Sirsa,2025-10-16,2,4.93,1,8.0,1,0.20939935064935067,0
Haryana,Sirsa,2025-10-17,8,24.57,1,0.0,0,0.4348636099672685,0
Haryana,Sirsa,2025-10-18,0,0.0,1,1.0,0,0.38381995781995776,0
Haryana,Sirsa,2025-10-19,1,4.81,1,0.0,0,0.5106148989898991,1
Haryana,Sirsa,2025-10-20,0,0.0,1,2.0,0,0.29628873461054317,0
Haryana,Sirsa,2025-10-21,2,4.77,1,14.0,1,0.4008076095051901,0
Haryana,Sirsa,2025-10-22,14,61.32,1,1.0,0,0.6416095848595847,1
Haryana,Sirsa,2025-10-23,1,2.2,1,2.0,0,0.7125323826500302,1
Haryana,Sirsa,2025-10-24,2,4.15,1,3.0,1,0.5393593975468974,1
Haryana,Sirsa,2025-10-25,3,5.359999999999999,1,17.0,1,0.5793608458534929,1
Haryana,Sirsa,2025-10-26,17,62.18,1,6.0,1,0.6305099206349207,1
Haryana,Sirsa,2025-10-27,6,6.94,1,0.0,0,0.6566694139194142,1
Haryana,Sirsa,2025-10-28,0,0.0,1,2.0,0,0.5541896645021648,1
Haryana,Sirsa,2025-10-29,2,9.95,1,5.0,1,0.7088179043179045,1
Haryana,Sirsa,2025-10-30,5,16.400000000000002,1,4.0,1,0.6306695526695529,1
Haryana,Sirsa,2025-10-31,4,10.83,1,10.0,1,0.5509292504880741,1
Haryana,Sirsa,2025-11-01,10,24.6,1,9.0,1,0.606766074611663,1
Haryana,Sirsa,2025-11-02,9,18.49,1,8.0,1,0.4777996031746031,1
Haryana,Sirsa,2025-11-03,8,35.480000000000004,1,7.0,1,0.7241409351249741,1
Haryana,Sirsa,2025-11-04,7,19.47,1,7.0,1,0.7592705350205351,1
Haryana,Sirsa,2025-11-05,7,8.85,1,5.0,1,0.6070093795093794,1
Haryana,Sirsa,2025-11-06,5,8.040000000000001,1,4.0,1,0.48964923937054516,1
Haryana,Sirsa,2025-11-07,4,14.38,1,4.0,1,0.5719363275613276,1
Haryana,Sirsa,2025-11-08,4,10.9,1,9.0,1,0.3133179750466337,0
Haryana,Sirsa,2025-11-09,9,18.64,1,8.0,1,0.5239892729819199,1
Haryana,Sirsa,2025-11-10,8,15.43,1,5.0,1,0.570456475435134,1
Haryana,Sirsa,2025-11-11,5,15.95,1,4.0,1,0.5714477416543413,1
Haryana,Sirsa,2025-11-12,4,5.46,1,4.0,1,0.5721933621933621,1
Haryana,Sirsa,2025-11-13,4,15.64,1,7.0,1,0.5351215728715729,1
Haryana,Sirsa,2025-11-14,7,33.77,1,5.0,1,0.6843872215183192,1
Haryana,Sirsa,2025-11-15,5,19.81,1,7.0,1,0.5648888888888888,1
Haryana,Sirsa,2025-11-16,7,13.23,1,8.0,1,0.49828968253968253,1
Haryana,Sirsa,2025-11-17,8,17.540000000000003,1,7.0,1,0.5963955627705629,1
Haryana,Sirsa,2025-11-18,7,16.15,1,12.0,1,0.5600501165501166,1
Haryana,Sirsa,2025-11-19,12,27.95,1,3.0,1,0.6525932539682539,1
Haryana,Sirsa,2025-11-20,3,11.03,1,2.0,0,0.581258991008991,1
Haryana,Sirsa,2025-11-21,2,5.75,1,1.0,0,0.4631349206349207,0
Haryana,Sirsa,2025-11-22,1,2.12,1,1.0,0,0.3029789014090486,0
Haryana,Sirsa,2025-11-23,1,0.68,1,0.0,0,0.4333104032405503,0
Haryana,Sonipat,2025-10-15,1,1.64,1,0.0,0,0.13477647125937797,0
Haryana,Sonipat,2025-10-16,0,0.0,1,0.0,0,0.12335839487310075,0
Haryana,Sonipat,2025-10-17,0,0.0,1,0.0,0,0.08728881167851756,0
Haryana,Sonipat,2025-10-18,0,0.0,1,0.0,0,0.0971628787878788,0
Haryana,Sonipat,2025-10-19,0,0.0,1,0.0,0,0.08161561355311356,0
Haryana,Sonipat,2025-10-20,0,0.0,1,0.0,0,0.03252169267930138,0
Haryana,Sonipat,2025-10-21,0,0.0,1,0.0,0,0.10868265944581727,0
Haryana,Sonipat,2025-10-22,0,0.0,1,0.0,0,0.06241497391497391,0
Haryana,Sonipat,2025-10-23,0,0.0,1,0.0,0,0.07506854275904618,0
Haryana,Sonipat,2025-10-24,0,0.0,1,0.0,0,0.040781746031746044,0
Haryana,Sonipat,2025-10-25,0,0.0,1,1.0,0,0.041950549450549456,0
Haryana,Sonipat,2025-10-26,1,0.67,1,0.0,0,0.07812391774891775,0
Haryana,Sonipat,2025-10-27,0,0.0,1,0.0,0,0.12576875901875895,0
Haryana,Sonipat,2025-10-28,0,0.0,1,0.0,0,0.1723463429845008,0
Haryana,Sonipat,2025-10-29,0,0.0,1,0.0,0,0.09437224690514162,0
Haryana,Sonipat,2025-10-30,0,0.0,1,1.0,0,0.12223238508249945,0
Haryana,Sonipat,2025-10-31,1,2.27,1,2.0,0,0.12143580453363058,0
Haryana,Sonipat,2025-11-01,2,7.83,1,3.0,1,0.1806058880732793,0
Haryana,Sonipat,2025-11-02,3,13.86,1,1.0,0,0.2959063264633917,0
Haryana,Sonipat,2025-11-03,1,0.82,1,5.0,1,0.2560685425685426,0
Haryana,Sonipat,2025-11-04,5,17.57,1,4.0,1,0.528462217662985,1
Haryana,Sonipat,2025-11-05,4,2.64,1,7.0,1,0.39472395659895665,0
Haryana,Sonipat,2025-11-06,7,23.87,1,6.0,1,0.6729412482941893,1
Haryana,Sonipat,2025-11-07,6,25.61,1,2.0,0,0.7311444171444174,1
Haryana,Sonipat,2025-11-08,2,7.57,1,12.0,1,0.42914414098972925,0
Haryana,Sonipat,2025-11-09,12,53.510000000000005,1,1.0,0,0.7420704633204633,1
Haryana,Sonipat,2025-11-10,1,3.09,1,12.0,1,0.5511225702402174,1
Haryana,Sonipat,2025-11-11,12,27.05,1,6.0,1,0.5836223634686692,1
Haryana,Sonipat,2025-11-12,6,22.36,1,4.0,1,0.7927246642246647,1
Haryana,Sonipat,2025-11-13,4,10.65,1,10.0,1,0.5655293470080054,1
Haryana,Sonipat,2025-11-14,10,36.19,1,11.0,1,0.7566454971454972,1
Haryana,Sonipat,2025-11-15,11,34.99,1,16.0,1,0.7839524263274263,1
Haryana,Sonipat,2025-11-16,16,63.61,1,8.0,1,0.7773632385568358,1
Haryana,Sonipat,2025-11-17,8,27.08,1,2.0,0,0.8396178581178583,1
Haryana,Sonipat,2025-11-18,2,7.31,1,4.0,1,0.7287321428571432,1
Haryana,Sonipat,2025-11-19,4,20.27,1,2.0,0,0.7389236735486736,1
Haryana,Sonipat,2025-11-20,2,1.2400000000000002,1,0.0,0,0.4875962301587301,1
Haryana,Sonipat,2025-11-21,0,0.0,1,5.0,1,0.34781140917905623,0
Haryana,Sonipat,2025-11-22,5,14.0,1,12.0,1,0.5364054556554557,1
Haryana,Sonipat,2025-11-23,12,33.33,1,1.0,0,0.6577334532297769,1
Haryana,Yamunanagar,2025-10-15,0,0.0,1,4.0,1,0.07305939893439894,0
Haryana,Yamunanagar,2025-10-16,4,15.06,1,0.0,0,0.38115305950088557,0
Haryana,Yamunanagar,2025-10-17,0,0.0,1,2.0,0,0.26777414252414267,0
Haryana,Yamunanagar,2025-10-18,2,2.39,1,1.0,0,0.277813825063825,0
Haryana,Yamunanagar,2025-10-19,1,3.86,1,2.0,0,0.43226169024922234,0
Haryana,Yamunanagar,2025-10-20,2,7.58,1,0.0,0,0.3948081888542908,0
Haryana,Yamunanagar,2025-10-21,0,0.0,1,1.0,0,0.2829271656616993,0
Haryana,Yamunanagar,2025-10-22,1,1.44,1,0.0,0,0.28452186430719045,0
Haryana,Yamunanagar,2025-10-23,0,0.0,1,0.0,0,0.2992908880107157,0
Haryana,Yamunanagar,2025-10-24,0,0.0,1,0.0,0,0.1393452322531269,0
Haryana,Yamunanagar,2025-10-25,0,0.0,1,0.0,0,0.19708354749115614,0
Haryana,Yamunanagar,2025-10-26,0,0.0,1,0.0,0,0.11224569874569867,0
Haryana,Yamunanagar,2025-10-27,0,0.0,1,0.0,0,0.24610160672660675,0
Haryana,Yamunanagar,2025-10-28,0,0.0,1,1.0,0,0.14648330327460507,0
Haryana,Yamunanagar,2025-10-29,1,0.38,1,0.0,0,0.13578719891219884,0
Haryana,Yamunanagar,2025-10-30,0,0.0,1,0.0,0,0.17635407063696534,0
Haryana,Yamunanagar,2025-10-31,0,0.0,1,1.0,0,0.12907428745382457,0
Haryana,Yamunanagar,2025-11-01,1,5.48,1,5.0,1,0.19301959574242178,0
Haryana,Yamunanagar,2025-11-02,5,8.93,1,3.0,1,0.22296193430752248,0
Haryana,Yamunanagar,2025-11-03,3,9.27,1,0.0,0,0.5189253560449214,1
Haryana,Yamunanagar,2025-11-04,0,0.0,1,0.0,0,0.2972459743040372,0
Haryana,Yamunanagar,2025-11-05,0,0.0,1,0.0,0,0.3609170650064579,0
Haryana,Yamunanagar,2025-11-06,0,0.0,1,0.0,0,0.0998405402069195,0
Haryana,Yamunanagar,2025-11-07,0,0.0,1,0.0,0,0.07032341269841272,0
Haryana,Yamunanagar,2025-11-08,0,0.0,1,0.0,0,0.10802272727272723,0
Haryana,Yamunanagar,2025-11-09,0,0.0,1,0.0,0,0.2863840367965369,0
Haryana,Yamunanagar,2025-11-10,0,0.0,1,0.0,0,0.2632607461982463,0
Haryana,Yamunanagar,2025-11-11,0,0.0,1,0.0,0,0.01317654932786512,0
Haryana,Yamunanagar,2025-11-12,0,0.0,1,0.0,0,0.008106060606060606,0
Haryana,Yamunanagar,2025-11-13,0,0.0,1,0.0,0,0.01462391774891775,0
Haryana,Yamunanagar,2025-11-14,0,0.0,1,2.0,0,0.01024891774891775,0
Haryana,Yamunanagar,2025-11-15,2,4.6,1,0.0,0,0.1006045466102674,0
Haryana,Yamunanagar,2025-11-16,0,0.0,1,0.0,0,0.07419691993829929,0
Haryana,Yamunanagar,2025-11-17,0,0.0,1,0.0,0,0.10747601010101006,0
Haryana,Yamunanagar,2025-11-18,0,0.0,1,0.0,0,0.09096506965256963,0
Haryana,Yamunanagar,2025-11-19,0,0.0,1,0.0,0,0.011748917748917748,0
Haryana,Yamunanagar,2025-11-20,0,0.0,1,0.0,0,0.07288215950715952,0
Haryana,Yamunanagar,2025-11-21,0,0.0,1,0.0,0,0.011963203463203464,0
Haryana,Yamunanagar,2025-11-22,0,0.0,1,1.0,0,0.09200105450105447,0
Haryana,Yamunanagar,2025-11-23,1,1.39,1,0.0,0,0.0444512987012987,0
Punjab,Amritsar,2025-10-15,12,35.05,1,16.0,1,0.4200415834165834,0
Punjab,Amritsar,2025-10-16,16,68.16,1,8.0,1,0.47469748307248316,1
Punjab,Amritsar,2025-10-17,8,32.87,1,6.0,1,0.7091642687377981,1
Punjab,Amritsar,2025-10-18,6,21.91,1,45.0,1,0.8749642857142859,1
Punjab,Amritsar,2025-10-19,45,240.68,1,20.0,1,0.9223571428571431,1
Punjab,Amritsar,2025-10-20,20,92.65,1,19.0,1,0.970124458874459,1
Punjab,Amritsar,2025-10-21,19,88.28,1,22.0,1,0.979220238095238,1
Punjab,Amritsar,2025-10-22,22,118.74,1,16.0,1,0.9905257936507935,1
Punjab,Amritsar,2025-10-23,16,66.03,1,1.0,0,0.9850297619047617,1
Punjab,Amritsar,2025-10-24,1,2.08,1,13.0,1,0.8316179653679656,1
Punjab,Amritsar,2025-10-25,13,47.41,1,22.0,1,0.9408571428571431,1
Punjab,Amritsar,2025-10-26,22,98.56,1,24.0,1,0.979751984126984,1
Punjab,Amritsar,2025-10-27,24,90.37,1,6.0,1,0.9555257242757245,1
Punjab,Amritsar,2025-10-28,6,33.58,1,7.0,1,0.9797740147783253,1
Punjab,Amritsar,2025-10-29,7,37.73,1,23.0,1,0.9418062186855292,1
Punjab,Amritsar,2025-10-30,23,143.86,1,27.0,1,0.9380430402930401,1
Punjab,Amritsar,2025-10-31,27,94.06,1,37.0,1,0.9739702380952379,1
Punjab,Amritsar,2025-11-01,37,118.21,1,28.0,1,0.982017857142857,1
Punjab,Amritsar,2025-11-02,28,109.47,1,9.0,1,0.9840833333333333,1
Punjab,Amritsar,2025-11-03,9,30.4,1,26.0,1,0.9462310606060607,1
Punjab,Amritsar,2025-11-04,26,112.51,1,29.0,1,0.766798520923521,1
Punjab,Amritsar,2025-11-05,29,131.59,1,23.0,1,0.8704484126984126,1
Punjab,Amritsar,2025-11-06,23,109.0,1,8.0,1,0.9836845238095238,1
Punjab,Amritsar,2025-11-07,8,31.31,1,13.0,1,0.9646924603174605,1
Punjab,Amritsar,2025-11-08,13,70.85,1,15.0,1,0.9409259878052985,1
Punjab,Amritsar,2025-11-09,15,46.38,1,9.0,1,0.7774493145743147,1
Punjab,Amritsar,2025-11-10,9,34.5,1,7.0,1,0.8358919413919415,1
Punjab,Amritsar,2025-11-11,7,14.15,1,4.0,1,0.8464016563146997,1
Punjab,Amritsar,2025-11-12,4,9.57,1,2.0,0,0.7487442973692976,1
Punjab,Amritsar,2025-11-13,2,5.67,1,2.0,0,0.590704152429696,1
Punjab,Amritsar,2025-11-14,2,10.12,1,2.0,0,0.48027669552669555,1
Punjab,Amritsar,2025-11-15,2,8.0,1,6.0,1,0.43783134920634914,0
Punjab,Amritsar,2025-11-16,6,30.14,1,0.0,0,0.690810515873016,1
Punjab,Amritsar,2025-11-17,0,0.0,1,0.0,0,0.5989285714285715,1
Punjab,Amritsar,2025-11-18,0,0.0,1,0.0,0,0.39963516327583676,0
Punjab,Amritsar,2025-11-19,0,0.0,1,0.0,0,0.42615202835520166,0
Punjab,Amritsar,2025-11-20,0,0.0,1,0.0,0,0.1795376984126984,0
Punjab,Amritsar,2025-11-21,0,0.0,1,1.0,0,0.45959117730365195,0
Punjab,Amritsar,2025-11-22,1,3.81,1,4.0,1,0.16569153069153061,0
Punjab,Amritsar,2025-11-23,4,13.1,1,0.0,0,0.47943964413722484,1
Punjab,Barnala,2025-10-15,0,0.0,1,0.0,0,0.01232407463226429,0
Punjab,Barnala,2025-10-16,0,0.0,1,0.0,0,0.031150636053934404,0
Punjab,Barnala,2025-10-17,0,0.0,1,0.0,0,0.05598326592406428,0
Punjab,Barnala,2025-10-18,0,0.0,1,0.0,0,0.08658496050141672,0
Punjab,Barnala,2025-10-19,0,0.0,1,0.0,0,0.022188342309031966,0
Punjab,Barnala,2025-10-20,0,0.0,1,0.0,0,0.03421024856369684,0
Punjab,Barnala,2025-10-21,0,0.0,1,0.0,0,0.0368668142202625,0
Punjab,Barnala,2025-10-22,0,0.0,1,0.0,0,0.12112064372409195,0
Punjab,Barnala,2025-10-23,0,0.0,1,0.0,0,0.1843318552179121,0
Punjab,Barnala,2025-10-24,0,0.0,1,0.0,0,0.09622310485944789,0
Punjab,Barnala,2025-10-25,0,0.0,1,3.0,1,0.11835205723811422,0
Punjab,Barnala,2025-10-26,3,7.86,1,2.0,0,0.14804599147991587,0
Punjab,Barnala,2025-10-27,2,7.640000000000001,1,1.0,0,0.2610524891774892,0
Punjab,Barnala,2025-10-28,1,4.59,1,3.0,1,0.5265427833660593,1
Punjab,Barnala,2025-10-29,3,16.8,1,3.0,1,0.6526250313695965,1
Punjab,Barnala,2025-10-30,3,18.94,1,6.0,1,0.576868686868687,1
Punjab,Barnala,2025-10-31,6,37.17,1,10.0,1,0.8648694484944484,1
Punjab,Barnala,2025-11-01,10,56.52,1,8.0,1,0.8935799954549953,1
Punjab,Barnala,2025-11-02,8,45.7,1,6.0,1,0.9383715728715729,1
Punjab,Barnala,2025-11-03,6,37.37,1,12.0,1,0.9412380952380954,1
Punjab,Barnala,2025-11-04,12,124.62,1,2.0,0,0.9167666361416361,1
Punjab,Barnala,2025-11-05,2,10.62,1,1.0,0,0.7400000000000004,1
Punjab,Barnala,2025-11-06,1,1.65,1,0.0,0,0.5700927944604411,1
Punjab,Barnala,2025-11-07,0,0.0,1,2.0,0,0.3900983097784569,0
Punjab,Barnala,2025-11-08,2,4.4,1,4.0,1,0.33727486385303734,0
Punjab,Barnala,2025-11-09,4,11.85,1,8.0,1,0.5788360936449172,1
Punjab,Barnala,2025-11-10,8,38.44,1,2.0,0,0.6579284617821203,1
Punjab,Barnala,2025-11-11,2,5.19,1,2.0,0,0.5190587280366692,1
Punjab,Barnala,2025-11-12,2,39.4,1,2.0,0,0.5915294055220526,1
Punjab,Barnala,2025-11-13,2,15.18,1,1.0,0,0.5528550953550956,1
Punjab,Barnala,2025-11-14,1,3.39,1,5.0,1,0.4121722582972583,0
Punjab,Barnala,2025-11-15,5,33.09,1,1.0,0,0.6793090164340163,1
Punjab,Barnala,2025-11-16,1,1.66,1,0.0,0,0.4386183473389358,0
Punjab,Barnala,2025-11-17,0,0.0,1,0.0,0,0.3860862246413717,0
Punjab,Barnala,2025-11-18,0,0.0,1,0.0,0,0.3477277921507931,0
Punjab,Barnala,2025-11-19,0,0.0,1,0.0,0,0.22976146320999263,0
Punjab,Barnala,2025-11-20,0,0.0,1,0.0,0,0.235845584970585,0
Punjab,Barnala,2025-11-21,0,0.0,1,0.0,0,0.033098412698412696,0
Punjab,Barnala,2025-11-22,0,0.0,1,0.0,0,0.23948448773448783,0
Punjab,Barnala,2025-11-23,0,0.0,1,0.0,0,0.02983035714285714,0
Punjab,Bathinda,2025-10-15,1,1.18,1,0.0,0,0.20555167099925167,0
Punjab,Bathinda,2025-10-16,0,0.0,1,4.0,1,0.12961737567987563,0
Punjab,Bathinda,2025-10-17,4,63.8,1,0.0,0,0.4470234626484626,0
Punjab,Bathinda,2025-10-18,0,0.0,1,0.0,0,0.2752608280608282,0
Punjab,Bathinda,2025-10-19,0,0.0,1,5.0,1,0.28608614230596996,0
Punjab,Bathinda,2025-10-20,5,17.72,1,2.0,0,0.5868593138068945,1
Punjab,Bathinda,2025-10-21,2,4.890000000000001,1,17.0,1,0.4673695507708666,0
Punjab,Bathinda,2025-10-22,17,87.66,1,3.0,1,0.7386893939393938,1
Punjab,Bathinda,2025-10-23,3,19.55,1,4.0,1,0.7940381122942104,1
Punjab,Bathinda,2025-10-24,4,28.48,1,7.0,1,0.8036625180375182,1
Punjab,Bathinda,2025-10-25,7,29.89,1,13.0,1,0.903482142857143,1
Punjab,Bathinda,2025-10-26,13,74.64,1,8.0,1,0.8718032836843814,1
Punjab,Bathinda,2025-10-27,8,43.22,1,9.0,1,0.9306255942566919,1
Punjab,Bathinda,2025-10-28,9,58.940000000000005,1,13.0,1,0.9371755715548821,1
Punjab,Bathinda,2025-10-29,13,140.1,1,18.0,1,0.959037087912088,1
Punjab,Bathinda,2025-10-30,18,127.21,1,41.0,1,0.9958690476190477,1
Punjab,Bathinda,2025-10-31,41,315.65000000000003,1,26.0,1,0.9814787157287155,1
Punjab,Bathinda,2025-11-01,26,202.89,1,30.0,1,0.959560064935065,1
Punjab,Bathinda,2025-11-02,30,221.48,1,17.0,1,0.9649648268398269,1
Punjab,Bathinda,2025-11-03,17,79.41,1,27.0,1,0.9310124458874459,1
Punjab,Bathinda,2025-11-04,27,125.34,1,12.0,1,0.9950833333333332,1
Punjab,Bathinda,2025-11-05,12,44.44,1,24.0,1,0.8882341269841273,1
Punjab,Bathinda,2025-11-06,24,116.88,1,41.0,1,0.9854999999999999,1
Punjab,Bathinda,2025-11-07,41,237.32,1,20.0,1,0.9600919913419914,1
Punjab,Bathinda,2025-11-08,20,100.05,1,18.0,1,0.950952380952381,1
Punjab,Bathinda,2025-11-09,18,112.56,1,35.0,1,0.7833690476190476,1
Punjab,Bathinda,2025-11-10,35,228.03,1,32.0,1,0.8490555555555557,1
Punjab,Bathinda,2025-11-11,32,118.04,1,15.0,1,0.9556666666666669,1
Punjab,Bathinda,2025-11-12,15,44.18,1,14.0,1,0.9312777777777781,1
Punjab,Bathinda,2025-11-13,14,69.72,1,20.0,1,0.951851395730706,1
Punjab,Bathinda,2025-11-14,20,112.79,1,11.0,1,0.937779761904762,1
Punjab,Bathinda,2025-11-15,11,34.54,1,37.0,1,0.8527559385059389,1
Punjab,Bathinda,2025-11-16,37,147.55,1,13.0,1,0.9472797619047618,1
Punjab,Bathinda,2025-11-17,13,55.79,1,6.0,1,0.9364867886178863,1
Punjab,Bathinda,2025-11-18,6,25.15,1,6.0,1,0.9276726190476191,1
Punjab,Bathinda,2025-11-19,6,39.8,1,7.0,1,0.8961946496989603,1
Punjab,Bathinda,2025-11-20,7,21.46,1,8.0,1,0.6764146825396824,1
Punjab,Bathinda,2025-11-21,8,30.63,1,7.0,1,0.7628728216228218,1
Punjab,Bathinda,2025-11-22,7,37.75,1,1.0,0,0.6333399632210608,1
Punjab,Bathinda,2025-11-23,1,1.89,1,1.0,0,0.6331647796647798,1
Punjab,Faridkot,2025-10-15,0,0.0,1,1.0,0,0.020910384156073807,0
Punjab,Faridkot,2025-10-16,1,2.22,1,1.0,0,0.0884878618113912,0
Punjab,Faridkot,2025-10-17,1,5.47,1,0.0,0,0.3444634532134534,0
Punjab,Faridkot,2025-10-18,0,0.0,1,1.0,0,0.07935034410034411,0
Punjab,Faridkot,2025-10-19,1,5.6,1,0.0,0,0.38217932761682766,0
Punjab,Faridkot,2025-10-20,0,0.0,1,2.0,0,0.09367917495924814,0
Punjab,Faridkot,2025-10-21,2,7.15,1,5.0,1,0.3198517074712728,0
Punjab,Faridkot,2025-10-22,5,24.04,1,1.0,0,0.5579696486155054,1
Punjab,Faridkot,2025-10-23,1,6.57,1,2.0,0,0.6611979337712097,1
Punjab,Faridkot,2025-10-24,2,5.51,1,5.0,1,0.5088730370936253,1
Punjab,Faridkot,2025-10-25,5,26.76,1,5.0,1,0.7770853512103512,1
Punjab,Faridkot,2025-10-26,5,17.33,1,3.0,1,0.8140045772545773,1
Punjab,Faridkot,2025-10-27,3,11.5,1,2.0,0,0.7669711399711399,1
Punjab,Faridkot,2025-10-28,2,8.79,1,9.0,1,0.687843795093795,1
Punjab,Faridkot,2025-10-29,9,88.17,1,5.0,1,0.7841255147291732,1
Punjab,Faridkot,2025-10-30,5,17.3,1,9.0,1,0.914516052574876,1
Punjab,Faridkot,2025-10-31,9,39.27,1,4.0,1,0.9212238455988455,1
Punjab,Faridkot,2025-11-01,4,28.95,1,8.0,1,0.8590349487910467,1
Punjab,Faridkot,2025-11-02,8,50.22,1,0.0,0,0.8247455992516969,1
Punjab,Faridkot,2025-11-03,0,0.0,1,11.0,1,0.5854833291708291,1
Punjab,Faridkot,2025-11-04,11,61.760000000000005,1,12.0,1,0.8387722763347766,1
Punjab,Faridkot,2025-11-05,12,48.12,1,19.0,1,0.860852564102564,1
Punjab,Faridkot,2025-11-06,19,138.35,1,8.0,1,0.8929121572871572,1
Punjab,Faridkot,2025-11-07,8,23.32,1,15.0,1,0.8821309523809526,1
Punjab,Faridkot,2025-11-08,15,90.21,1,20.0,1,0.8909684592227696,1
Punjab,Faridkot,2025-11-09,20,190.47,1,3.0,1,0.7968677409988385,1
Punjab,Faridkot,2025-11-10,3,10.91,1,9.0,1,0.8004603174603175,1
Punjab,Faridkot,2025-11-11,9,65.49,1,3.0,1,0.9229107142857146,1
Punjab,Faridkot,2025-11-12,3,11.0,1,4.0,1,0.7771944444444443,1
Punjab,Faridkot,2025-11-13,4,12.6,1,0.0,0,0.7151239177489175,1
Punjab,Faridkot,2025-11-14,0,0.0,1,2.0,0,0.6294590209272115,1
Punjab,Faridkot,2025-11-15,2,6.69,1,7.0,1,0.35164971139971146,0
Punjab,Faridkot,2025-11-16,7,34.44,1,4.0,1,0.7353044733044735,1
Punjab,Faridkot,2025-11-17,4,30.05,1,0.0,0,0.6857215246026221,1
Punjab,Faridkot,2025-11-18,0,0.0,1,2.0,0,0.5241755952380953,1
Punjab,Faridkot,2025-11-19,2,17.740000000000002,1,2.0,0,0.4581029031029032,0
Punjab,Faridkot,2025-11-20,2,11.43,1,0.0,0,0.40588049450549446,0
Punjab,Faridkot,2025-11-21,0,0.0,1,0.0,0,0.4486057051608523,0
Punjab,Faridkot,2025-11-22,0,0.0,1,0.0,0,0.35112064929365033,0
Punjab,Faridkot,2025-11-23,0,0.0,1,0.0,0,0.40052162331962443,0
Punjab,Fatehgarh Sahib,2025-10-15,0,0.0,1,0.0,0,0.07409691697191698,0
Punjab,Fatehgarh Sahib,2025-10-16,0,0.0,1,0.0,0,0.1424398738516385,0
Punjab,Fatehgarh Sahib,2025-10-17,0,0.0,1,0.0,0,0.059431160342925046,0
Punjab,Fatehgarh Sahib,2025-10-18,0,0.0,1,4.0,1,0.12203770220415835,0
Punjab,Fatehgarh Sahib,2025-10-19,4,20.89,1,1.0,0,0.5740018382001142,1
Punjab,Fatehgarh Sahib,2025-10-20,1,1.79,1,6.0,1,0.41962389571213093,0
Punjab,Fatehgarh Sahib,2025-10-21,6,26.86,1,2.0,0,0.7230337923570683,1
Punjab,Fatehgarh Sahib,2025-10-22,2,12.03,1,0.0,0,0.7379540356986009,1
Punjab,Fatehgarh Sahib,2025-10-23,0,0.0,1,0.0,0,0.3994678374082535,0
Punjab,Fatehgarh Sahib,2025-10-24,0,0.0,1,0.0,0,0.3453331529581531,0
Punjab,Fatehgarh Sahib,2025-10-25,0,0.0,1,14.0,1,0.15699925438962165,0
Punjab,Fatehgarh Sahib,2025-10-26,14,44.94,1,3.0,1,0.7699810082390727,1
Punjab,Fatehgarh Sahib,2025-10-27,3,49.03,1,4.0,1,0.8181568431568431,1
Punjab,Fatehgarh Sahib,2025-10-28,4,19.14,1,3.0,1,0.8482276334776339,1
Punjab,Fatehgarh Sahib,2025-10-29,3,33.61,1,0.0,0,0.8418777056277058,1
Punjab,Fatehgarh Sahib,2025-10-30,0,0.0,1,5.0,1,0.5177674304622579,1
Punjab,Fatehgarh Sahib,2025-10-31,5,28.4,1,8.0,1,0.8249540935790936,1
Punjab,Fatehgarh Sahib,2025-11-01,8,57.0,1,5.0,1,0.8551072954822956,1
Punjab,Fatehgarh Sahib,2025-11-02,5,30.47,1,1.0,0,0.8805760905760904,1
Punjab,Fatehgarh Sahib,2025-11-03,1,4.68,1,3.0,1,0.7096468253968256,1
Punjab,Fatehgarh Sahib,2025-11-04,3,19.16,1,6.0,1,0.652963924963925,1
Punjab,Fatehgarh Sahib,2025-11-05,6,19.16,1,6.0,1,0.5169379501217736,1
Punjab,Fatehgarh Sahib,2025-11-06,6,9.41,1,8.0,1,0.5160325091575091,1
Punjab,Fatehgarh Sahib,2025-11-07,8,23.52,1,8.0,1,0.6065194968510964,1
Punjab,Fatehgarh Sahib,2025-11-08,8,33.71,1,5.0,1,0.7263518679829657,1
Punjab,Fatehgarh Sahib,2025-11-09,5,24.72,1,1.0,0,0.7204662698412698,1
Punjab,Fatehgarh Sahib,2025-11-10,1,3.45,1,3.0,1,0.5393192640692641,1
Punjab,Fatehgarh Sahib,2025-11-11,3,7.37,1,1.0,0,0.41662599206349216,0
Punjab,Fatehgarh Sahib,2025-11-12,1,7.2,1,0.0,0,0.37176388888888895,0
Punjab,Fatehgarh Sahib,2025-11-13,0,0.0,1,2.0,0,0.30153860559375273,0
Punjab,Fatehgarh Sahib,2025-11-14,2,4.34,1,3.0,1,0.41193077575159626,0
Punjab,Fatehgarh Sahib,2025-11-15,3,6.069999999999999,1,4.0,1,0.4731017144620084,1
Punjab,Fatehgarh Sahib,2025-11-16,4,6.75,1,1.0,0,0.46931719505984204,0
Punjab,Fatehgarh Sahib,2025-11-17,1,3.37,1,1.0,0,0.2537209595959597,0
Punjab,Fatehgarh Sahib,2025-11-18,1,3.68,1,6.0,1,0.273617784992785,0
Punjab,Fatehgarh Sahib,2025-11-19,6,22.45,1,3.0,1,0.6205097125097124,1
Punjab,Fatehgarh Sahib,2025-11-20,3,3.65,1,0.0,0,0.5545425721621376,1
Punjab,Fatehgarh Sahib,2025-11-21,0,0.0,1,0.0,0,0.4311088930961053,0
Punjab,Fatehgarh Sahib,2025-11-22,0,0.0,1,0.0,0,0.3020439836221572,0
Punjab,Fatehgarh Sahib,2025-11-23,0,0.0,1,0.0,0,0.3350707454082201,0
Punjab,Fazilka,2025-10-15,0,0.0,1,2.0,0,0.1918154761904761,0
Punjab,Fazilka,2025-10-16,2,8.14,1,3.0,1,0.35344728164555755,0
Punjab,Fazilka,2025-10-17,3,11.59,1,0.0,0,0.4779976287262873,1
Punjab,Fazilka,2025-10-18,0,0.0,1,4.0,1,0.20844520757020757,0
Punjab,Fazilka,2025-10-19,4,18.04,1,7.0,1,0.5438124724583292,1
Punjab,Fazilka,2025-10-20,7,33.6,1,4.0,1,0.645142881794836,1
Punjab,Fazilka,2025-10-21,4,18.44,1,2.0,0,0.7137211399711402,1
Punjab,Fazilka,2025-10-22,2,40.43,1,0.0,0,0.7321762995573975,1
Punjab,Fazilka,2025-10-23,0,0.0,1,4.0,1,0.5976626082251082,1
Punjab,Fazilka,2025-10-24,4,27.34,1,0.0,0,0.6466058627752179,1
Punjab,Fazilka,2025-10-25,0,0.0,1,7.0,1,0.5420575644619815,1
Punjab,Fazilka,2025-10-26,7,29.8,1,1.0,0,0.753364234342893,1
Punjab,Fazilka,2025-10-27,1,3.99,1,2.0,0,0.6733050021594194,1
Punjab,Fazilka,2025-10-28,2,11.98,1,4.0,1,0.6889445984232571,1
Punjab,Fazilka,2025-10-29,4,27.86,1,5.0,1,0.7444651875901878,1
Punjab,Fazilka,2025-10-30,5,24.56,1,10.0,1,0.7612951164644716,1
Punjab,Fazilka,2025-10-31,10,44.28,1,12.0,1,0.815922619047619,1
Punjab,Fazilka,2025-11-01,12,57.93,1,13.0,1,0.8447723031473032,1
Punjab,Fazilka,2025-11-02,13,84.34,1,13.0,1,0.8861277305070411,1
Punjab,Fazilka,2025-11-03,13,134.76,1,16.0,1,0.9045240147783251,1
Punjab,Fazilka,2025-11-04,16,119.84,1,18.0,1,0.9051634199134202,1
Punjab,Fazilka,2025-11-05,18,102.75,1,25.0,1,0.9040892857142859,1
Punjab,Fazilka,2025-11-06,25,259.03000000000003,1,20.0,1,0.9429880952380951,1
Punjab,Fazilka,2025-11-07,20,154.25,1,24.0,1,0.9653571428571428,1
Punjab,Fazilka,2025-11-08,24,119.77,1,46.0,1,0.941452380952381,1
Punjab,Fazilka,2025-11-09,46,255.47,1,17.0,1,0.7744166666666666,1
Punjab,Fazilka,2025-11-10,17,96.81,1,23.0,1,0.8331309523809525,1
Punjab,Fazilka,2025-11-11,23,189.2,1,14.0,1,0.9272976190476192,1
Punjab,Fazilka,2025-11-12,14,117.91,1,19.0,1,0.9314761904761906,1
Punjab,Fazilka,2025-11-13,19,143.35,1,29.0,1,0.9521872294372296,1
Punjab,Fazilka,2025-11-14,29,271.5,1,18.0,1,0.938904761904762,1
Punjab,Fazilka,2025-11-15,18,61.9,1,29.0,1,0.9507976190476191,1
Punjab,Fazilka,2025-11-16,29,117.8,1,7.0,1,0.9582380952380953,1
Punjab,Fazilka,2025-11-17,7,33.87,1,3.0,1,0.9382683150183152,1
Punjab,Fazilka,2025-11-18,3,15.489999999999998,1,10.0,1,0.8882916666666668,1
Punjab,Fazilka,2025-11-19,10,25.72,1,1.0,0,0.7533442945942949,1
Punjab,Fazilka,2025-11-20,1,6.82,1,10.0,1,0.6460523088023089,1
Punjab,Fazilka,2025-11-21,10,59.63,1,4.0,1,0.7630305805305808,1
Punjab,Fazilka,2025-11-22,4,25.17,1,3.0,1,0.7014867886178863,1
Punjab,Fazilka,2025-11-23,3,33.96,1,0.0,0,0.6776246392496391,1
Punjab,Ferozepur,2025-10-15,3,12.61,1,9.0,1,0.4502625307698838,0
Punjab,Ferozepur,2025-10-16,9,81.17999999999999,1,7.0,1,0.43900955988456014,0
Punjab,Ferozepur,2025-10-17,7,33.97,1,10.0,1,0.6573832442067736,1
Punjab,Ferozepur,2025-10-18,10,29.47,1,7.0,1,0.7455198412698416,1
Punjab,Ferozepur,2025-10-19,7,76.3,1,18.0,1,0.8148738460049436,1
Punjab,Ferozepur,2025-10-20,18,144.3,1,31.0,1,0.8253080368141346,1
Punjab,Ferozepur,2025-10-21,31,177.18,1,18.0,1,0.9630436507936507,1
Punjab,Ferozepur,2025-10-22,18,137.65,1,5.0,1,0.9849231601731604,1
Punjab,Ferozepur,2025-10-23,5,19.84,1,7.0,1,0.8793129509379513,1
Punjab,Ferozepur,2025-10-24,7,31.76,1,12.0,1,0.9250793650793655,1
Punjab,Ferozepur,2025-10-25,12,88.68,1,25.0,1,0.910105836236934,1
Punjab,Ferozepur,2025-10-26,25,167.95,1,14.0,1,0.961841947348045,1
Punjab,Ferozepur,2025-10-27,14,99.84,1,10.0,1,0.9845543178086283,1
Punjab,Ferozepur,2025-10-28,10,50.78,1,27.0,1,0.9807388416181521,1
Punjab,Ferozepur,2025-10-29,27,342.41,1,43.0,1,0.9714404761904764,1
Punjab,Ferozepur,2025-10-30,43,284.75,1,35.0,1,0.9895833333333333,1
Punjab,Ferozepur,2025-10-31,35,223.29,1,33.0,1,0.9923219696969697,1
Punjab,Ferozepur,2025-11-01,33,243.13,1,47.0,1,0.9798338744588745,1
Punjab,Ferozepur,2025-11-02,47,320.26,1,26.0,1,0.9923333333333335,1
Punjab,Ferozepur,2025-11-03,26,130.48,1,69.0,1,0.9533809523809523,1
Punjab,Ferozepur,2025-11-04,69,518.02,1,5.0,1,0.8659543650793653,1
Punjab,Ferozepur,2025-11-05,5,39.5,1,20.0,1,0.9358755411255413,1
Punjab,Ferozepur,2025-11-06,20,166.86,1,48.0,1,0.9750000000000003,1
Punjab,Ferozepur,2025-11-07,48,253.48,1,46.0,1,0.9491594076655053,1
Punjab,Ferozepur,2025-11-08,46,301.38,1,77.0,1,0.9593273809523811,1
Punjab,Ferozepur,2025-11-09,77,484.15,1,39.0,1,0.7783928571428571,1
Punjab,Ferozepur,2025-11-10,39,197.49,1,23.0,1,0.8403520923520925,1
Punjab,Ferozepur,2025-11-11,23,143.03,1,22.0,1,0.9229145021645023,1
Punjab,Ferozepur,2025-11-12,22,96.13,1,21.0,1,0.9593055555555555,1
Punjab,Ferozepur,2025-11-13,21,122.98,1,12.0,1,0.9596309523809525,1
Punjab,Ferozepur,2025-11-14,12,70.94,1,20.0,1,0.9284669329712433,1
Punjab,Ferozepur,2025-11-15,20,267.89,1,19.0,1,0.9268214285714287,1
Punjab,Ferozepur,2025-11-16,19,94.6,1,2.0,0,0.9612261904761905,1
Punjab,Ferozepur,2025-11-17,2,7.55,1,4.0,1,0.8889980158730159,1
Punjab,Ferozepur,2025-11-18,4,10.27,1,1.0,0,0.7999706890331896,1
Punjab,Ferozepur,2025-11-19,1,4.64,1,1.0,0,0.7238286545829651,1
Punjab,Ferozepur,2025-11-20,1,3.39,1,1.0,0,0.5999691558441559,1
Punjab,Ferozepur,2025-11-21,1,3.06,1,3.0,1,0.4857270392650826,1
Punjab,Ferozepur,2025-11-22,3,9.88,1,0.0,0,0.56617615635998,1
Punjab,Ferozepur,2025-11-23,0,0.0,1,2.0,0,0.534175059417706,1
Punjab,Gurdaspur,2025-10-15,0,0.0,1,1.0,0,0.1320925324675324,0
Punjab,Gurdaspur,2025-10-16,1,3.49,1,2.0,0,0.43692549811299825,0
Punjab,Gurdaspur,2025-10-17,2,6.96,1,3.0,1,0.47628105590062103,1
Punjab,Gurdaspur,2025-10-18,3,11.97,1,4.0,1,0.5970778039010798,1
Punjab,Gurdaspur,2025-10-19,4,9.85,1,10.0,1,0.594334235209235,1
Punjab,Gurdaspur,2025-10-20,10,38.04,1,11.0,1,0.7772350288600292,1
Punjab,Gurdaspur,2025-10-21,11,53.23,1,18.0,1,0.8484499463036052,1
Punjab,Gurdaspur,2025-10-22,18,68.9,1,5.0,1,0.9521993145743148,1
Punjab,Gurdaspur,2025-10-23,5,11.48,1,4.0,1,0.8278501082251087,1
Punjab,Gurdaspur,2025-10-24,4,15.14,1,7.0,1,0.929279581529582,1
Punjab,Gurdaspur,2025-10-25,7,20.9,1,23.0,1,0.7998084415584421,1
Punjab,Gurdaspur,2025-10-26,23,92.27,1,9.0,1,0.8627540962621607,1
Punjab,Gurdaspur,2025-10-27,9,22.0,1,5.0,1,0.7908253968253973,1
Punjab,Gurdaspur,2025-10-28,5,21.13,1,0.0,0,0.9355811688311693,1
Punjab,Gurdaspur,2025-10-29,0,0.0,1,5.0,1,0.6559036796536799,1
Punjab,Gurdaspur,2025-10-30,5,31.75,1,10.0,1,0.8059310333060336,1
Punjab,Gurdaspur,2025-10-31,10,31.14,1,10.0,1,0.7896309385059388,1
Punjab,Gurdaspur,2025-11-01,10,37.7,1,6.0,1,0.8956011904761902,1
Punjab,Gurdaspur,2025-11-02,6,26.83,1,3.0,1,0.9411709262959264,1
Punjab,Gurdaspur,2025-11-03,3,10.03,1,5.0,1,0.6622142857142859,1
Punjab,Gurdaspur,2025-11-04,5,22.94,1,2.0,0,0.6744961597542241,1
Punjab,Gurdaspur,2025-11-05,2,4.93,1,6.0,1,0.5272052669552668,1
Punjab,Gurdaspur,2025-11-06,6,27.17,1,6.0,1,0.7068383095662507,1
Punjab,Gurdaspur,2025-11-07,6,15.24,1,5.0,1,0.4899397546897545,1
Punjab,Gurdaspur,2025-11-08,5,17.650000000000002,1,4.0,1,0.6687040811820224,1
Punjab,Gurdaspur,2025-11-09,4,15.5,1,12.0,1,0.6181962481962483,1
Punjab,Gurdaspur,2025-11-10,12,49.24,1,6.0,1,0.7978617252428226,1
Punjab,Gurdaspur,2025-11-11,6,18.61,1,2.0,0,0.6251269008769008,1
Punjab,Gurdaspur,2025-11-12,2,4.21,1,0.0,0,0.5353322510822509,1
Punjab,Gurdaspur,2025-11-13,0,0.0,1,0.0,0,0.36200310637075356,0
Punjab,Gurdaspur,2025-11-14,0,0.0,1,0.0,0,0.37062028232345573,0
Punjab,Gurdaspur,2025-11-15,0,0.0,1,1.0,0,0.44084510012579076,0
Punjab,Gurdaspur,2025-11-16,1,3.47,1,0.0,0,0.30589754689754706,0
Punjab,Gurdaspur,2025-11-17,0,0.0,1,0.0,0,0.4908078155504625,1
Punjab,Gurdaspur,2025-11-18,0,0.0,1,0.0,0,0.3251705715455717,0
Punjab,Gurdaspur,2025-11-19,0,0.0,1,0.0,0,0.10616241397491394,0
Punjab,Gurdaspur,2025-11-20,0,0.0,1,0.0,0,0.04813721804511279,0
Punjab,Gurdaspur,2025-11-21,0,0.0,1,1.0,0,0.06101633892423368,0
Punjab,Gurdaspur,2025-11-22,1,3.23,1,0.0,0,0.10234097152847153,0
Punjab,Gurdaspur,2025-11-23,0,0.0,1,0.0,0,0.12997820561791137,0
Punjab,Hoshiarpur,2025-10-15,0,0.0,1,0.0,0,0.08453584203153167,0
Punjab,Hoshiarpur,2025-10-16,0,0.0,1,0.0,0,0.1015529586868062,0
Punjab,Hoshiarpur,2025-10-17,0,0.0,1,0.0,0,0.10238629202013953,0
Punjab,Hoshiarpur,2025-10-18,0,0.0,1,0.0,0,0.13025930005075625,0
Punjab,Hoshiarpur,2025-10-19,0,0.0,1,0.0,0,0.11715541178925927,0
Punjab,Hoshiarpur,2025-10-20,0,0.0,1,1.0,0,0.06863800739906435,0
Punjab,Hoshiarpur,2025-10-21,1,2.05,1,1.0,0,0.13350942358295295,0
Punjab,Hoshiarpur,2025-10-22,1,1.95,1,0.0,0,0.30254889709253535,0
Punjab,Hoshiarpur,2025-10-23,0,0.0,1,3.0,1,0.2650892621014324,0
Punjab,Hoshiarpur,2025-10-24,3,8.99,1,1.0,0,0.39107849095349123,0
Punjab,Hoshiarpur,2025-10-25,1,3.5,1,3.0,1,0.47249716491947974,1
Punjab,Hoshiarpur,2025-10-26,3,8.4,1,1.0,0,0.5376946212624624,1
Punjab,Hoshiarpur,2025-10-27,1,1.99,1,1.0,0,0.37478369179839777,0
Punjab,Hoshiarpur,2025-10-28,1,1.76,1,2.0,0,0.4568746429224371,0
Punjab,Hoshiarpur,2025-10-29,2,9.41,1,1.0,0,0.658531055900621,1
Punjab,Hoshiarpur,2025-10-30,1,4.77,1,7.0,1,0.4944892884892885,1
Punjab,Hoshiarpur,2025-10-31,7,13.48,1,11.0,1,0.5345172327672328,1
Punjab,Hoshiarpur,2025-11-01,11,59.01,1,2.0,0,0.8573950816450818,1
Punjab,Hoshiarpur,2025-11-02,2,4.35,1,0.0,0,0.6080075325001795,1
Punjab,Hoshiarpur,2025-11-03,0,0.0,1,3.0,1,0.3205133200133201,0
Punjab,Hoshiarpur,2025-11-04,3,9.78,1,1.0,0,0.5999620363296835,1
Punjab,Hoshiarpur,2025-11-05,1,0.53,1,0.0,0,0.42736257434243363,0
Punjab,Hoshiarpur,2025-11-06,0,0.0,1,0.0,0,0.41266061552826266,0
Punjab,Hoshiarpur,2025-11-07,0,0.0,1,0.0,0,0.3577176062102533,0
Punjab,Hoshiarpur,2025-11-08,0,0.0,1,0.0,0,0.36308514239028944,0
Punjab,Hoshiarpur,2025-11-09,0,0.0,1,1.0,0,0.08342807192807193,0
Punjab,Hoshiarpur,2025-11-10,1,3.59,1,4.0,1,0.0675619658119658,0
Punjab,Hoshiarpur,2025-11-11,4,13.02,1,1.0,0,0.3120461760461761,0
Punjab,Hoshiarpur,2025-11-12,1,2.58,1,1.0,0,0.29697505966255977,0
Punjab,Hoshiarpur,2025-11-13,1,4.07,1,0.0,0,0.27513988095238096,0
Punjab,Hoshiarpur,2025-11-14,0,0.0,1,1.0,0,0.17032827589077587,0
Punjab,Hoshiarpur,2025-11-15,1,5.82,1,0.0,0,0.17310721267979326,0
Punjab,Hoshiarpur,2025-11-16,0,0.0,1,1.0,0,0.1420869685869685,0
Punjab,Hoshiarpur,2025-11-17,1,2.83,1,1.0,0,0.19188354700854696,0
Punjab,Hoshiarpur,2025-11-18,1,3.42,1,1.0,0,0.1918864052614052,0
Punjab,Hoshiarpur,2025-11-19,1,3.11,1,0.0,0,0.21477934936663587,0
Punjab,Hoshiarpur,2025-11-20,0,0.0,1,0.0,0,0.15526770778241356,0
Punjab,Hoshiarpur,2025-11-21,0,0.0,1,0.0,0,0.0735344585969586,0
Punjab,Hoshiarpur,2025-11-22,0,0.0,1,0.0,0,0.10236517649017647,0
Punjab,Hoshiarpur,2025-11-23,0,0.0,1,2.0,0,0.08754338716838715,0
Punjab,Jalandhar,2025-10-15,0,0.0,1,0.0,0,0.0720290404040404,0
Punjab,Jalandhar,2025-10-16,0,0.0,1,4.0,1,0.046247349872349866,0
Punjab,Jalandhar,2025-10-17,4,14.38,1,2.0,0,0.4998946053946057,1
Punjab,Jalandhar,2025-10-18,2,9.96,1,0.0,0,0.634017589960431,1
Punjab,Jalandhar,2025-10-19,0,0.0,1,2.0,0,0.3521741036741038,0
Punjab,Jalandhar,2025-10-20,2,9.15,1,3.0,1,0.6287191558441559,1
Punjab,Jalandhar,2025-10-21,3,16.41,1,4.0,1,0.5312408738604393,1
Punjab,Jalandhar,2025-10-22,4,15.63,1,1.0,0,0.7151307720057719,1
Punjab,Jalandhar,2025-10-23,1,2.67,1,0.0,0,0.6241161616161617,1
Punjab,Jalandhar,2025-10-24,0,0.0,1,8.0,1,0.43761284271284284,0
Punjab,Jalandhar,2025-10-25,8,94.87,1,12.0,1,0.855256346881347,1
Punjab,Jalandhar,2025-10-26,12,45.35,1,8.0,1,0.8699067460317458,1
Punjab,Jalandhar,2025-10-27,8,36.98,1,6.0,1,0.9458060966810965,1
Punjab,Jalandhar,2025-10-28,6,29.52,1,12.0,1,0.9365822510822513,1
Punjab,Jalandhar,2025-10-29,12,42.22,1,5.0,1,0.9312110805860807,1
Punjab,Jalandhar,2025-10-30,5,25.29,1,13.0,1,0.923656426906427,1
Punjab,Jalandhar,2025-10-31,13,70.91,1,18.0,1,0.9406891858141858,1
Punjab,Jalandhar,2025-11-01,18,79.67999999999999,1,15.0,1,0.97231684981685,1
Punjab,Jalandhar,2025-11-02,15,97.69,1,5.0,1,0.9946984126984126,1
Punjab,Jalandhar,2025-11-03,5,47.65,1,9.0,1,0.982677489177489,1
Punjab,Jalandhar,2025-11-04,9,61.24,1,8.0,1,0.8225019841269847,1
Punjab,Jalandhar,2025-11-05,8,5.93,1,11.0,1,0.7574507783882783,1
Punjab,Jalandhar,2025-11-06,11,34.28,1,16.0,1,0.7877481438812086,1
Punjab,Jalandhar,2025-11-07,16,78.03,1,5.0,1,0.8959793099854079,1
Punjab,Jalandhar,2025-11-08,5,17.88,1,9.0,1,0.8553223304473309,1
Punjab,Jalandhar,2025-11-09,9,30.61,1,16.0,1,0.7745024420024422,1
Punjab,Jalandhar,2025-11-10,16,64.49,1,19.0,1,0.8198975029036003,1
Punjab,Jalandhar,2025-11-11,19,152.87,1,10.0,1,0.9026147602397603,1
Punjab,Jalandhar,2025-11-12,10,33.88,1,4.0,1,0.8963700986513488,1
Punjab,Jalandhar,2025-11-13,4,17.48,1,1.0,0,0.8982824675324675,1
Punjab,Jalandhar,2025-11-14,1,1.66,1,2.0,0,0.6455095598845598,1
Punjab,Jalandhar,2025-11-15,2,7.02,1,4.0,1,0.43323791486291485,0
Punjab,Jalandhar,2025-11-16,4,21.23,1,1.0,0,0.7148183621933626,1
Punjab,Jalandhar,2025-11-17,1,1.76,1,1.0,0,0.5040956012586446,1
Punjab,Jalandhar,2025-11-18,1,2.9,1,1.0,0,0.42184884559884567,0
Punjab,Jalandhar,2025-11-19,1,4.82,1,0.0,0,0.3477321428571429,0
Punjab,Jalandhar,2025-11-20,0,0.0,1,1.0,0,0.4716115735740483,1
Punjab,Jalandhar,2025-11-21,1,3.67,1,0.0,0,0.2749332611832612,0
Punjab,Jalandhar,2025-11-22,0,0.0,1,0.0,0,0.1533958601458601,0
Punjab,Jalandhar,2025-11-23,0,0.0,1,7.0,1,0.36501868176868185,0
Punjab,Kapurthala,2025-10-15,0,0.0,1,2.0,0,0.1209884615384615,0
Punjab,Kapurthala,2025-10-16,2,19.36,1,0.0,0,0.43474565356349487,0
Punjab,Kapurthala,2025-10-17,0,0.0,1,1.0,0,0.16488528138528127,0
Punjab,Kapurthala,2025-10-18,1,2.11,1,0.0,0,0.3693980349715647,0
Punjab,Kapurthala,2025-10-19,0,0.0,1,0.0,0,0.2988571067821068,0
Punjab,Kapurthala,2025-10-20,0,0.0,1,18.0,1,0.22013476724987874,0
Punjab,Kapurthala,2025-10-21,18,162.19,1,6.0,1,0.6358419841652602,1
Punjab,Kapurthala,2025-10-22,6,27.200000000000003,1,5.0,1,0.8945637695637697,1
Punjab,Kapurthala,2025-10-23,5,18.61,1,2.0,0,0.9101289682539685,1
Punjab,Kapurthala,2025-10-24,2,13.5,1,8.0,1,0.8680095598845605,1
Punjab,Kapurthala,2025-10-25,8,66.05,1,13.0,1,0.8421567460317462,1
Punjab,Kapurthala,2025-10-26,13,79.31,1,14.0,1,0.9296567460317462,1
Punjab,Kapurthala,2025-10-27,14,51.09,1,3.0,1,0.9528894300144298,1
Punjab,Kapurthala,2025-10-28,3,15.39,1,18.0,1,0.894753357753358,1
Punjab,Kapurthala,2025-10-29,18,131.55,1,12.0,1,0.9561199494949497,1
Punjab,Kapurthala,2025-10-30,12,41.96,1,31.0,1,0.9450059523809524,1
Punjab,Kapurthala,2025-10-31,31,101.58,1,35.0,1,0.9665496031746034,1
Punjab,Kapurthala,2025-11-01,35,154.07,1,26.0,1,0.9953525641025642,1
Punjab,Kapurthala,2025-11-02,26,154.72,1,11.0,1,0.99875,1
Punjab,Kapurthala,2025-11-03,11,44.88,1,11.0,1,0.9795555555555556,1
Punjab,Kapurthala,2025-11-04,11,57.36,1,0.0,0,0.8137420634920639,1
Punjab,Kapurthala,2025-11-05,0,0.0,1,5.0,1,0.7376720085470087,1
Punjab,Kapurthala,2025-11-06,5,15.38,1,14.0,1,0.7477600177600177,1
Punjab,Kapurthala,2025-11-07,14,53.81,1,10.0,1,0.8585540293040291,1
Punjab,Kapurthala,2025-11-08,10,44.3,1,9.0,1,0.893172619047619,1
Punjab,Kapurthala,2025-11-09,9,34.25,1,6.0,1,0.8015857753357755,1
Punjab,Kapurthala,2025-11-10,6,32.980000000000004,1,8.0,1,0.8290775335775338,1
Punjab,Kapurthala,2025-11-11,8,22.67,1,2.0,0,0.7466933621933624,1
Punjab,Kapurthala,2025-11-12,2,11.84,1,2.0,0,0.6166170634920637,1
Punjab,Kapurthala,2025-11-13,2,4.36,1,0.0,0,0.41167709452028506,0
Punjab,Kapurthala,2025-11-14,0,0.0,1,2.0,0,0.34248990429505144,0
Punjab,Kapurthala,2025-11-15,2,10.1,1,4.0,1,0.43969311844311854,0
Punjab,Kapurthala,2025-11-16,4,17.630000000000003,1,0.0,0,0.6210306637806638,1
Punjab,Kapurthala,2025-11-17,0,0.0,1,1.0,0,0.59112520159579,1
Punjab,Kapurthala,2025-11-18,1,3.46,1,1.0,0,0.34208603896103895,0
Punjab,Kapurthala,2025-11-19,1,0.67,1,0.0,0,0.26852795815295816,0
Punjab,Kapurthala,2025-11-20,0,0.0,1,1.0,0,0.20795433271903854,0
Punjab,Kapurthala,2025-11-21,1,1.36,1,0.0,0,0.27415975935828885,0
Punjab,Kapurthala,2025-11-22,0,0.0,1,0.0,0,0.24716171928671937,0
Punjab,Kapurthala,2025-11-23,0,0.0,1,0.0,0,0.3686880956880959,0
Punjab,Ludhiana,2025-10-15,2,4.0200000000000005,1,0.0,0,0.3869000884736179,0
Punjab,Ludhiana,2025-10-16,0,0.0,1,0.0,0,0.10013853368853369,0
Punjab,Ludhiana,2025-10-17,0,0.0,1,0.0,0,0.14422877449348034,0
Punjab,Ludhiana,2025-10-18,0,0.0,1,1.0,0,0.0963834697910785,0
Punjab,Ludhiana,2025-10-19,1,1.78,1,0.0,0,0.0939209236326109,0
Punjab,Ludhiana,2025-10-20,0,0.0,1,0.0,0,0.33741396103896115,0
Punjab,Ludhiana,2025-10-21,0,0.0,1,1.0,0,0.12816028463873289,0
Punjab,Ludhiana,2025-10-22,1,2.57,1,0.0,0,0.20396569074200652,0
Punjab,Ludhiana,2025-10-23,0,0.0,1,1.0,0,0.21934357025408363,0
Punjab,Ludhiana,2025-10-24,1,1.54,1,6.0,1,0.26440686751329173,0
Punjab,Ludhiana,2025-10-25,6,21.11,1,4.0,1,0.5426329154561913,1
Punjab,Ludhiana,2025-10-26,4,15.24,1,7.0,1,0.7989888496871257,1
Punjab,Ludhiana,2025-10-27,7,13.43,1,8.0,1,0.5990523504273504,1
Punjab,Ludhiana,2025-10-28,8,36.38,1,7.0,1,0.8466257215007218,1
Punjab,Ludhiana,2025-10-29,7,41.97,1,2.0,0,0.8681031746031748,1
Punjab,Ludhiana,2025-10-30,2,12.87,1,21.0,1,0.8358174603174611,1
Punjab,Ludhiana,2025-10-31,21,66.55,1,19.0,1,0.9054907731157733,1
Punjab,Ludhiana,2025-11-01,19,87.58,1,33.0,1,0.9655842352092354,1
Punjab,Ludhiana,2025-11-02,33,183.02,1,13.0,1,0.9892012987012987,1
Punjab,Ludhiana,2025-11-03,13,65.13,1,31.0,1,0.9895897435897436,1
Punjab,Ludhiana,2025-11-04,31,162.89,1,33.0,1,0.8795813492063494,1
Punjab,Ludhiana,2025-11-05,33,192.2,1,39.0,1,0.8696726190476193,1
Punjab,Ludhiana,2025-11-06,39,178.28,1,50.0,1,0.9785833333333335,1
Punjab,Ludhiana,2025-11-07,50,245.07,1,33.0,1,0.9805000000000001,1
Punjab,Ludhiana,2025-11-08,33,173.89,1,32.0,1,0.98775,1
Punjab,Ludhiana,2025-11-09,32,147.52,1,34.0,1,0.8140198412698415,1
Punjab,Ludhiana,2025-11-10,34,117.03,1,21.0,1,0.8524285714285714,1
Punjab,Ludhiana,2025-11-11,21,76.25,1,8.0,1,0.9693809523809525,1
Punjab,Ludhiana,2025-11-12,8,21.61,1,21.0,1,0.8504361471861474,1
Punjab,Ludhiana,2025-11-13,21,102.31,1,5.0,1,0.9468809523809525,1
Punjab,Ludhiana,2025-11-14,5,24.01,1,15.0,1,0.8524945696299777,1
Punjab,Ludhiana,2025-11-15,15,41.52,1,13.0,1,0.8821865079365082,1
Punjab,Ludhiana,2025-11-16,13,48.39,1,6.0,1,0.8328556166056167,1
Punjab,Ludhiana,2025-11-17,6,20.63,1,1.0,0,0.8469555444555448,1
Punjab,Ludhiana,2025-11-18,1,2.8,1,0.0,0,0.7437192137572574,1
Punjab,Ludhiana,2025-11-19,0,0.0,1,6.0,1,0.44734214927229643,0
Punjab,Ludhiana,2025-11-20,6,36.79,1,1.0,0,0.7407476551226556,1
Punjab,Ludhiana,2025-11-21,1,0.59,1,1.0,0,0.4839321813452247,1
Punjab,Ludhiana,2025-11-22,1,2.19,1,1.0,0,0.3729937546114017,0
Punjab,Ludhiana,2025-11-23,1,3.43,1,0.0,0,0.3636220862470862,0
Punjab,Malerkotla,2025-10-15,0,0.0,1,0.0,0,0.06535356597425564,0
Punjab,Malerkotla,2025-10-16,0,0.0,1,0.0,0,0.07195205398466271,0
Punjab,Malerkotla,2025-10-17,0,0.0,1,0.0,0,0.12915494607140224,0
Punjab,Malerkotla,2025-10-18,0,0.0,1,0.0,0,0.12280435446196308,0
Punjab,Malerkotla,2025-10-19,0,0.0,1,0.0,0,0.06961366698435664,0
Punjab,Malerkotla,2025-10-20,0,0.0,1,0.0,0,0.08163557323902153,0
Punjab,Malerkotla,2025-10-21,0,0.0,1,0.0,0,0.08999055159399985,0
Punjab,Malerkotla,2025-10-22,0,0.0,1,0.0,0,0.17257771443116263,0
Punjab,Malerkotla,2025-10-23,0,0.0,1,0.0,0,0.22745559259164952,0
Punjab,Malerkotla,2025-10-24,0,0.0,1,0.0,0,0.1577909733944216,0
Punjab,Malerkotla,2025-10-25,0,0.0,1,2.0,0,0.14281569435660338,0
Punjab,Malerkotla,2025-10-26,2,5.55,1,1.0,0,0.17994402400294834,0
Punjab,Malerkotla,2025-10-27,1,6.63,1,1.0,0,0.2694714174714175,0
Punjab,Malerkotla,2025-10-28,1,4.08,1,6.0,1,0.3905423604173604,0
Punjab,Malerkotla,2025-10-29,6,34.94,1,4.0,1,0.6226554834054834,1
Punjab,Malerkotla,2025-10-30,4,23.77,1,11.0,1,0.8463654730637492,1
Punjab,Malerkotla,2025-10-31,11,36.73,1,8.0,1,0.8946978715728716,1
Punjab,Malerkotla,2025-11-01,8,34.84,1,14.0,1,0.9109677128427129,1
Punjab,Malerkotla,2025-11-02,14,95.62,1,7.0,1,0.9206842523092524,1
Punjab,Malerkotla,2025-11-03,7,24.62,1,12.0,1,0.9161826923076923,1
Punjab,Malerkotla,2025-11-04,12,73.54,1,4.0,1,0.9460523504273505,1
Punjab,Malerkotla,2025-11-05,4,25.35,1,6.0,1,0.8386408730158733,1
Punjab,Malerkotla,2025-11-06,6,14.16,1,10.0,1,0.6190689033189031,1
Punjab,Malerkotla,2025-11-07,10,37.27,1,7.0,1,0.7772916666666667,1
Punjab,Malerkotla,2025-11-08,7,21.61,1,6.0,1,0.6329407626687038,1
Punjab,Malerkotla,2025-11-09,6,21.06,1,11.0,1,0.7454616772116774,1
Punjab,Malerkotla,2025-11-10,11,41.59,1,3.0,1,0.7803240902051879,1
Punjab,Malerkotla,2025-11-11,3,6.94,1,6.0,1,0.5259908008658009,1
Punjab,Malerkotla,2025-11-12,6,40.16,1,1.0,0,0.7676601014161989,1
Punjab,Malerkotla,2025-11-13,1,1.8,1,1.0,0,0.5251928626928625,1
Punjab,Malerkotla,2025-11-14,1,3.34,1,1.0,0,0.32969237012987024,0
Punjab,Malerkotla,2025-11-15,1,8.85,1,1.0,0,0.4005427350427351,0
Punjab,Malerkotla,2025-11-16,1,1.52,1,0.0,0,0.37215756302521014,0
Punjab,Malerkotla,2025-11-17,0,0.0,1,0.0,0,0.43674197860962566,0
Punjab,Malerkotla,2025-11-18,0,0.0,1,0.0,0,0.17054473304473297,0
Punjab,Malerkotla,2025-11-19,0,0.0,1,0.0,0,0.3500331103705851,0
Punjab,Malerkotla,2025-11-20,0,0.0,1,0.0,0,0.09167078754578756,0
Punjab,Malerkotla,2025-11-21,0,0.0,1,1.0,0,0.09451587301587303,0
Punjab,Malerkotla,2025-11-22,1,4.83,1,0.0,0,0.20325857720710658,0
Punjab,Malerkotla,2025-11-23,0,0.0,1,0.0,0,0.08759600122100122,0
Punjab,Mansa,2025-10-15,0,0.0,1,0.0,0,0.04115674603174604,0
Punjab,Mansa,2025-10-16,0,0.0,1,0.0,0,0.026814153997343645,0
Punjab,Mansa,2025-10-17,0,0.0,1,0.0,0,0.03664773053033923,0
Punjab,Mansa,2025-10-18,0,0.0,1,0.0,0,0.02778141590210556,0
Punjab,Mansa,2025-10-19,0,0.0,1,5.0,1,0.05589339133089132,0
Punjab,Mansa,2025-10-20,5,22.81,1,5.0,1,0.49937459044786636,1
Punjab,Mansa,2025-10-21,5,23.85,1,2.0,0,0.45922929811070234,0
Punjab,Mansa,2025-10-22,2,3.5900000000000003,1,6.0,1,0.5554751082251085,1
Punjab,Mansa,2025-10-23,6,58.6,1,0.0,0,0.7133696842373313,1
Punjab,Mansa,2025-10-24,0,0.0,1,0.0,0,0.6211315305565305,1
Punjab,Mansa,2025-10-25,0,0.0,1,1.0,0,0.3466735209235211,0
Punjab,Mansa,2025-10-26,1,3.98,1,2.0,0,0.49275847763347774,1
Punjab,Mansa,2025-10-27,2,9.69,1,2.0,0,0.5463813963813963,1
Punjab,Mansa,2025-10-28,2,14.45,1,9.0,1,0.7276689851476439,1
Punjab,Mansa,2025-10-29,9,116.13,1,19.0,1,0.6450826797076796,1
Punjab,Mansa,2025-10-30,19,117.26,1,19.0,1,0.8239768426018429,1
Punjab,Mansa,2025-10-31,19,106.16,1,22.0,1,0.977119588744589,1
Punjab,Mansa,2025-11-01,22,190.03,1,10.0,1,0.9844543650793652,1
Punjab,Mansa,2025-11-02,10,102.98,1,17.0,1,0.9670976800976802,1
Punjab,Mansa,2025-11-03,17,74.22,1,31.0,1,0.9542976190476192,1
Punjab,Mansa,2025-11-04,31,273.45,1,8.0,1,0.966559523809524,1
Punjab,Mansa,2025-11-05,8,52.7,1,15.0,1,0.8569206349206353,1
Punjab,Mansa,2025-11-06,15,77.31,1,15.0,1,0.9609166666666666,1
Punjab,Mansa,2025-11-07,15,79.3,1,22.0,1,0.9393293650793652,1
Punjab,Mansa,2025-11-08,22,151.06,1,36.0,1,0.9365654761904765,1
Punjab,Mansa,2025-11-09,36,283.91,1,20.0,1,0.7861190476190477,1
Punjab,Mansa,2025-11-10,20,99.55,1,29.0,1,0.8597261904761905,1
Punjab,Mansa,2025-11-11,29,184.88,1,8.0,1,0.9699253246753249,1
Punjab,Mansa,2025-11-12,8,31.23,1,12.0,1,0.9763035714285718,1
Punjab,Mansa,2025-11-13,12,64.41,1,9.0,1,0.956458538587849,1
Punjab,Mansa,2025-11-14,9,70.73,1,3.0,1,0.8730734907088987,1
Punjab,Mansa,2025-11-15,3,8.5,1,7.0,1,0.8568351370851373,1
Punjab,Mansa,2025-11-16,7,26.28,1,6.0,1,0.8197994089244091,1
Punjab,Mansa,2025-11-17,6,44.58,1,1.0,0,0.74539245239855,1
Punjab,Mansa,2025-11-18,1,2.46,1,4.0,1,0.6553379838760275,1
Punjab,Mansa,2025-11-19,4,46.84,1,3.0,1,0.6623630952380956,1
Punjab,Mansa,2025-11-20,3,9.329999999999998,1,2.0,0,0.5222081529581531,1
Punjab,Mansa,2025-11-21,2,3.75,1,2.0,0,0.46496104426619117,0
Punjab,Mansa,2025-11-22,2,5.38,1,1.0,0,0.3650078463203461,0
Punjab,Mansa,2025-11-23,1,2.02,1,0.0,0,0.41427261464026166,0
Punjab,Moga,2025-10-15,0,0.0,1,1.0,0,0.020011574632264287,0
Punjab,Moga,2025-10-16,1,2.06,1,0.0,0,0.10279358989972795,0
Punjab,Moga,2025-10-17,0,0.0,1,0.0,0,0.07767724139303973,0
Punjab,Moga,2025-10-18,0,0.0,1,1.0,0,0.053089947648137306,0
Punjab,Moga,2025-10-19,1,2.61,1,0.0,0,0.20283041629423207,0
Punjab,Moga,2025-10-20,0,0.0,1,2.0,0,0.11656151861717273,0
Punjab,Moga,2025-10-21,2,1.66,1,2.0,0,0.2659953853899087,0
Punjab,Moga,2025-10-22,2,5.529999999999999,1,3.0,1,0.2734657878671037,0
Punjab,Moga,2025-10-23,3,10.66,1,1.0,0,0.4120238095238098,0
Punjab,Moga,2025-10-24,1,3.21,1,4.0,1,0.4836491008991009,1
Punjab,Moga,2025-10-25,4,23.72,1,3.0,1,0.7438686658169417,1
Punjab,Moga,2025-10-26,3,20.72,1,4.0,1,0.7949185874185877,1
Punjab,Moga,2025-10-27,4,15.97,1,2.0,0,0.708397546897547,1
Punjab,Moga,2025-10-28,2,12.66,1,5.0,1,0.791482620607621,1
Punjab,Moga,2025-10-29,5,13.23,1,5.0,1,0.6129027777777779,1
Punjab,Moga,2025-10-30,5,15.63,1,21.0,1,0.7894997498021691,1
Punjab,Moga,2025-10-31,21,81.03,1,16.0,1,0.9330335636585638,1
Punjab,Moga,2025-11-01,16,58.99,1,20.0,1,0.9405133477633479,1
Punjab,Moga,2025-11-02,20,72.94,1,18.0,1,0.9764760101010104,1
Punjab,Moga,2025-11-03,18,95.04,1,44.0,1,0.9759036796536796,1
Punjab,Moga,2025-11-04,44,500.31,1,35.0,1,0.871906746031746,1
Punjab,Moga,2025-11-05,35,215.97,1,36.0,1,0.8969285714285715,1
Punjab,Moga,2025-11-06,36,178.56,1,47.0,1,0.9748095238095239,1
Punjab,Moga,2025-11-07,47,249.28,1,42.0,1,0.9652142857142859,1
Punjab,Moga,2025-11-08,42,260.68,1,44.0,1,0.9525238095238096,1
Punjab,Moga,2025-11-09,44,261.92,1,42.0,1,0.8012380952380954,1
Punjab,Moga,2025-11-10,42,255.84,1,43.0,1,0.8309285714285716,1
Punjab,Moga,2025-11-11,43,211.15,1,6.0,1,0.9656536796536799,1
Punjab,Moga,2025-11-12,6,35.96,1,19.0,1,0.9540346320346325,1
Punjab,Moga,2025-11-13,19,121.15,1,5.0,1,0.9596071428571429,1
Punjab,Moga,2025-11-14,5,37.97,1,13.0,1,0.8852899409253489,1
Punjab,Moga,2025-11-15,13,134.83,1,8.0,1,0.8688283077076184,1
Punjab,Moga,2025-11-16,8,74.97,1,0.0,0,0.8918977081581161,1
Punjab,Moga,2025-11-17,0,0.0,1,1.0,0,0.6804919455544456,1
Punjab,Moga,2025-11-18,1,2.11,1,1.0,0,0.6903073228156431,1
Punjab,Moga,2025-11-19,1,3.99,1,1.0,0,0.4574226190476191,0
Punjab,Moga,2025-11-20,1,3.84,1,3.0,1,0.5875070207570208,1
Punjab,Moga,2025-11-21,3,8.82,1,1.0,0,0.5364969336219336,1
Punjab,Moga,2025-11-22,1,2.94,1,0.0,0,0.4874335664335664,1
Punjab,Moga,2025-11-23,0,0.0,1,2.0,0,0.5299492296918765,1
Punjab,Pathankot,2025-10-15,0,0.0,1,1.0,0,0.0365899633488109,0
Punjab,Pathankot,2025-10-16,1,2.9,1,0.0,0,0.1742937654450812,0
Punjab,Pathankot,2025-10-17,0,0.0,1,0.0,0,0.10033448089267052,0
Punjab,Pathankot,2025-10-18,0,0.0,1,0.0,0,0.1013339136353842,0
Punjab,Pathankot,2025-10-19,0,0.0,1,0.0,0,0.05066475885225885,0
Punjab,Pathankot,2025-10-20,0,0.0,1,0.0,0,0.007527819881268157,0
Punjab,Pathankot,2025-10-21,0,0.0,1,0.0,0,0.027914854042758844,0
Punjab,Pathankot,2025-10-22,0,0.0,1,0.0,0,0.08251785520825998,0
Punjab,Pathankot,2025-10-23,0,0.0,1,0.0,0,0.10308839994130466,0
Punjab,Pathankot,2025-10-24,0,0.0,1,0.0,0,0.030973082951531228,0
Punjab,Pathankot,2025-10-25,0,0.0,1,0.0,0,0.021914474892923176,0
Punjab,Pathankot,2025-10-26,0,0.0,1,0.0,0,0.015785811889260162,0
Punjab,Pathankot,2025-10-27,0,0.0,1,0.0,0,0.009273907127355405,0
Punjab,Pathankot,2025-10-28,0,0.0,1,0.0,0,0.05198081196379742,0
Punjab,Pathankot,2025-10-29,0,0.0,1,0.0,0,0.010982240460688736,0
Punjab,Pathankot,2025-10-30,0,0.0,1,0.0,0,0.011726288079736356,0
Punjab,Pathankot,2025-10-31,0,0.0,1,0.0,0,0.009273907127355404,0
Punjab,Pathankot,2025-11-01,0,0.0,1,1.0,0,0.006339285714285714,0
Punjab,Pathankot,2025-11-02,1,3.28,1,0.0,0,0.05266510244141826,0
Punjab,Pathankot,2025-11-03,0,0.0,1,2.0,0,0.045300029627235505,0
Punjab,Pathankot,2025-11-04,2,5.140000000000001,1,0.0,0,0.15621745374191018,0
Punjab,Pathankot,2025-11-05,0,0.0,1,0.0,0,0.0465380094043887,0
Punjab,Pathankot,2025-11-06,0,0.0,1,0.0,0,0.04253759965524671,0
Punjab,Pathankot,2025-11-07,0,0.0,1,1.0,0,0.024249999999999997,0
Punjab,Pathankot,2025-11-08,1,2.62,1,0.0,0,0.04083974358974359,0
Punjab,Pathankot,2025-11-09,0,0.0,1,0.0,0,0.05418174603174603,0
Punjab,Pathankot,2025-11-10,0,0.0,1,0.0,0,0.015782738095238096,0
Punjab,Pathankot,2025-11-11,0,0.0,1,0.0,0,0.056431503219003226,0
Punjab,Pathankot,2025-11-12,0,0.0,1,0.0,0,0.00425595238095238,0
Punjab,Pathankot,2025-11-13,0,0.0,1,0.0,0,0.005479166666666666,0
Punjab,Pathankot,2025-11-14,0,0.0,1,2.0,0,0.0007142857142857143,0
Punjab,Pathankot,2025-11-15,2,14.14,1,0.0,0,0.23394201631701633,0
Punjab,Pathankot,2025-11-16,0,0.0,1,0.0,0,0.1111148851148851,0
Punjab,Pathankot,2025-11-17,0,0.0,1,0.0,0,0.1437335026085025,0
Punjab,Pathankot,2025-11-18,0,0.0,1,0.0,0,0.10227361527361527,0
Punjab,Pathankot,2025-11-19,0,0.0,1,0.0,0,0.0069466089466089466,0
Punjab,Pathankot,2025-11-20,0,0.0,1,0.0,0,0.06561401098901098,0
Punjab,Pathankot,2025-11-21,0,0.0,1,0.0,0,0.0007142857142857143,0
Punjab,Pathankot,2025-11-22,0,0.0,1,0.0,0,0.20551472383825314,0
Punjab,Pathankot,2025-11-23,0,0.0,1,0.0,0,0.0019642857142857144,0
Punjab,Patiala,2025-10-15,3,12.0,1,3.0,1,0.4404178111160872,0
Punjab,Patiala,2025-10-16,3,11.35,1,4.0,1,0.45415277777777774,0
Punjab,Patiala,2025-10-17,4,7.54,1,2.0,0,0.37298966556319507,0
Punjab,Patiala,2025-10-18,2,6.69,1,6.0,1,0.5347240259740258,1
Punjab,Patiala,2025-10-19,6,32.99,1,14.0,1,0.7682208787652336,1
Punjab,Patiala,2025-10-20,14,55.83,1,18.0,1,0.7541889499389501,1
Punjab,Patiala,2025-10-21,18,67.72,1,11.0,1,0.8669410173160176,1
Punjab,Patiala,2025-10-22,11,39.35,1,2.0,0,0.9477227633477635,1
Punjab,Patiala,2025-10-23,2,7.77,1,1.0,0,0.8644552669552671,1
Punjab,Patiala,2025-10-24,1,4.24,1,10.0,1,0.6915930735930738,1
Punjab,Patiala,2025-10-25,10,45.56,1,4.0,1,0.851438492063492,1
Punjab,Patiala,2025-10-26,4,12.28,1,11.0,1,0.7251978715728715,1
Punjab,Patiala,2025-10-27,11,46.69,1,6.0,1,0.8765465367965369,1
Punjab,Patiala,2025-10-28,6,21.41,1,18.0,1,0.8567721167721173,1
Punjab,Patiala,2025-10-29,18,70.32,1,13.0,1,0.9056011904761906,1
Punjab,Patiala,2025-10-30,13,65.51,1,41.0,1,0.931573634698635,1
Punjab,Patiala,2025-10-31,41,264.78,1,44.0,1,0.9561130952380953,1
Punjab,Patiala,2025-11-01,44,278.56,1,27.0,1,1.0,1
Punjab,Patiala,2025-11-02,27,170.95,1,11.0,1,0.963392857142857,1
Punjab,Patiala,2025-11-03,11,56.78,1,20.0,1,0.9418657424950527,1
Punjab,Patiala,2025-11-04,20,118.09,1,10.0,1,0.9848095238095236,1
Punjab,Patiala,2025-11-05,10,30.91,1,24.0,1,0.8189425990675988,1
Punjab,Patiala,2025-11-06,24,97.21,1,12.0,1,0.934400793650794,1
Punjab,Patiala,2025-11-07,12,65.89,1,21.0,1,0.9126332532643512,1
Punjab,Patiala,2025-11-08,21,243.72,1,30.0,1,0.8906062132312133,1
Punjab,Patiala,2025-11-09,30,182.96,1,6.0,1,0.8028333333333336,1
Punjab,Patiala,2025-11-10,6,24.25,1,11.0,1,0.8481688560481666,1
Punjab,Patiala,2025-11-11,11,77.24000000000001,1,1.0,0,0.9304565544608653,1
Punjab,Patiala,2025-11-12,1,2.2,1,3.0,1,0.7007822177822176,1
Punjab,Patiala,2025-11-13,3,15.05,1,1.0,0,0.7920368936618938,1
Punjab,Patiala,2025-11-14,1,1.7,1,4.0,1,0.61223268639573,1
Punjab,Patiala,2025-11-15,4,46.42,1,2.0,0,0.7020187590187591,1
Punjab,Patiala,2025-11-16,2,1.79,1,0.0,0,0.6205115047995481,1
Punjab,Patiala,2025-11-17,0,0.0,1,3.0,1,0.3480822563874035,0
Punjab,Patiala,2025-11-18,3,17.46,1,0.0,0,0.5889097222222224,1
Punjab,Patiala,2025-11-19,0,0.0,1,0.0,0,0.2697700530146182,0
Punjab,Patiala,2025-11-20,0,0.0,1,2.0,0,0.4265097185577196,0
Punjab,Patiala,2025-11-21,2,1.69,1,0.0,0,0.33722781385281386,0
Punjab,Patiala,2025-11-22,0,0.0,1,0.0,0,0.34025112387612383,0
Punjab,Patiala,2025-11-23,0,0.0,1,0.0,0,0.28535786435786453,0
Punjab,Rupnagar,2025-10-15,0,0.0,1,0.0,0,0.10117455146600766,0
Punjab,Rupnagar,2025-10-16,0,0.0,1,0.0,0,0.08855154343539098,0
Punjab,Rupnagar,2025-10-17,0,0.0,1,0.0,0,0.08855154343539098,0
Punjab,Rupnagar,2025-10-18,0,0.0,1,0.0,0,0.14021062650208266,0
Punjab,Rupnagar,2025-10-19,0,0.0,1,0.0,0,0.1150874302538864,0
Punjab,Rupnagar,2025-10-20,0,0.0,1,1.0,0,0.08052025015630714,0
Punjab,Rupnagar,2025-10-21,1,4.11,1,1.0,0,0.23185711510711504,0
Punjab,Rupnagar,2025-10-22,1,2.34,1,0.0,0,0.27251599011583527,0
Punjab,Rupnagar,2025-10-23,0,0.0,1,0.0,0,0.24154370716617163,0
Punjab,Rupnagar,2025-10-24,0,0.0,1,0.0,0,0.199143569313828,0
Punjab,Rupnagar,2025-10-25,0,0.0,1,1.0,0,0.24676417696704425,0
Punjab,Rupnagar,2025-10-26,1,2.98,1,0.0,0,0.2185681577194735,0
Punjab,Rupnagar,2025-10-27,0,0.0,1,0.0,0,0.15862938814475538,0
Punjab,Rupnagar,2025-10-28,0,0.0,1,0.0,0,0.2535203702906289,0
Punjab,Rupnagar,2025-10-29,0,0.0,1,0.0,0,0.18016009325923116,0
Punjab,Rupnagar,2025-10-30,0,0.0,1,2.0,0,0.16067003366163973,0
Punjab,Rupnagar,2025-10-31,2,5.83,1,0.0,0,0.299883932222748,0
Punjab,Rupnagar,2025-11-01,0,0.0,1,2.0,0,0.12777772801910728,0
Punjab,Rupnagar,2025-11-02,2,4.390000000000001,1,0.0,0,0.27719039538892487,0
Punjab,Rupnagar,2025-11-03,0,0.0,1,0.0,0,0.08044322344322347,0
Punjab,Rupnagar,2025-11-04,0,0.0,1,0.0,0,0.11223112834877533,0
Punjab,Rupnagar,2025-11-05,0,0.0,1,0.0,0,0.058858211233211256,0
Punjab,Rupnagar,2025-11-06,0,0.0,1,0.0,0,0.0299047619047619,0
Punjab,Rupnagar,2025-11-07,0,0.0,1,1.0,0,0.07161031746031749,0
Punjab,Rupnagar,2025-11-08,1,4.05,1,0.0,0,0.06295021645021646,0
Punjab,Rupnagar,2025-11-09,0,0.0,1,0.0,0,0.09006773504273506,0
Punjab,Rupnagar,2025-11-10,0,0.0,1,1.0,0,0.11324323919544503,0
Punjab,Rupnagar,2025-11-11,1,1.61,1,0.0,0,0.09296590825325346,0
Punjab,Rupnagar,2025-11-12,0,0.0,1,0.0,0,0.060966269841269856,0
Punjab,Rupnagar,2025-11-13,0,0.0,1,0.0,0,0.06301900183150184,0
Punjab,Rupnagar,2025-11-14,0,0.0,1,0.0,0,0.02483241758241758,0
Punjab,Rupnagar,2025-11-15,0,0.0,1,0.0,0,0.0682700396825397,0
Punjab,Rupnagar,2025-11-16,0,0.0,1,0.0,0,0.011845238095238096,0
Punjab,Rupnagar,2025-11-17,0,0.0,1,0.0,0,0.01598809523809524,0
Punjab,Rupnagar,2025-11-18,0,0.0,1,0.0,0,0.02760714285714285,0
Punjab,Rupnagar,2025-11-19,0,0.0,1,0.0,0,0.022035714285714283,0
Punjab,Rupnagar,2025-11-20,0,0.0,1,0.0,0,0.02329184704184704,0
Punjab,Rupnagar,2025-11-21,0,0.0,1,0.0,0,0.017654761904761906,0
Punjab,Rupnagar,2025-11-22,0,0.0,1,0.0,0,0.033833333333333326,0
Punjab,Rupnagar,2025-11-23,0,0.0,1,0.0,0,0.025428571428571425,0
Punjab,S A S Nagar,2025-10-15,0,0.0,1,1.0,0,0.11085521423021419,0
Punjab,S A S Nagar,2025-10-16,1,2.96,1,0.0,0,0.26325631313131315,0
Punjab,S A S Nagar,2025-10-17,0,0.0,1,1.0,0,0.055827741702741705,0
Punjab,S A S Nagar,2025-10-18,1,3.32,1,2.0,0,0.28666756854256864,0
Punjab,S A S Nagar,2025-10-19,2,7.34,1,4.0,1,0.48220547152331256,1
Punjab,S A S Nagar,2025-10-20,4,12.04,1,7.0,1,0.45624618437118447,0
Punjab,S A S Nagar,2025-10-21,7,30.56,1,5.0,1,0.7947393286143287,1
Punjab,S A S Nagar,2025-10-22,5,14.5,1,1.0,0,0.7580985803412272,1
Punjab,S A S Nagar,2025-10-23,1,2.81,1,3.0,1,0.7278511055937527,1
Punjab,S A S Nagar,2025-10-24,3,13.09,1,5.0,1,0.6984656653406651,1
Punjab,S A S Nagar,2025-10-25,5,15.55,1,6.0,1,0.7950306637806638,1
Punjab,S A S Nagar,2025-10-26,6,17.49,1,2.0,0,0.8078750000000002,1
Punjab,S A S Nagar,2025-10-27,2,5.050000000000001,1,2.0,0,0.6836509216589861,1
Punjab,S A S Nagar,2025-10-28,2,5.97,1,6.0,1,0.581804001275307,1
Punjab,S A S Nagar,2025-10-29,6,13.11,1,1.0,0,0.5677565673682906,1
Punjab,S A S Nagar,2025-10-30,1,4.68,1,8.0,1,0.7402200577200575,1
Punjab,S A S Nagar,2025-10-31,8,37.49,1,1.0,0,0.8859350649350649,1
Punjab,S A S Nagar,2025-11-01,1,3.44,1,1.0,0,0.5796337535014005,1
Punjab,S A S Nagar,2025-11-02,1,6.12,1,2.0,0,0.5073733502270086,1
Punjab,S A S Nagar,2025-11-03,2,9.99,1,0.0,0,0.5716963651963652,1
Punjab,S A S Nagar,2025-11-04,0,0.0,1,2.0,0,0.2760954633204635,0
Punjab,S A S Nagar,2025-11-05,2,4.29,1,0.0,0,0.3368543675508996,0
Punjab,S A S Nagar,2025-11-06,0,0.0,1,1.0,0,0.19063476800976797,0
Punjab,S A S Nagar,2025-11-07,1,9.43,1,2.0,0,0.36708161283161284,0
Punjab,S A S Nagar,2025-11-08,2,7.57,1,0.0,0,0.3671102790578598,0
Punjab,S A S Nagar,2025-11-09,0,0.0,1,0.0,0,0.14969688644688633,0
Punjab,S A S Nagar,2025-11-10,0,0.0,1,0.0,0,0.25999089011589027,0
Punjab,S A S Nagar,2025-11-11,0,0.0,1,1.0,0,0.0230467032967033,0
Punjab,S A S Nagar,2025-11-12,1,1.59,1,1.0,0,0.11331232901085839,0
Punjab,S A S Nagar,2025-11-13,1,8.49,1,0.0,0,0.23443545343545352,0
Punjab,S A S Nagar,2025-11-14,0,0.0,1,0.0,0,0.23958003352856294,0
Punjab,S A S Nagar,2025-11-15,0,0.0,1,0.0,0,0.23783551415904347,0
Punjab,S A S Nagar,2025-11-16,0,0.0,1,0.0,0,0.034974192474192464,0
Punjab,S A S Nagar,2025-11-17,0,0.0,1,0.0,0,0.013458333333333333,0
Punjab,S A S Nagar,2025-11-18,0,0.0,1,0.0,0,0.04279356060606061,0
Punjab,S A S Nagar,2025-11-19,0,0.0,1,0.0,0,0.020660714285714286,0
Punjab,S A S Nagar,2025-11-20,0,0.0,1,0.0,0,0.2378833621443915,0
Punjab,S A S Nagar,2025-11-21,0,0.0,1,0.0,0,0.022144162489557227,0
Punjab,S A S Nagar,2025-11-22,0,0.0,1,0.0,0,0.017677489177489177,0
Punjab,S A S Nagar,2025-11-23,0,0.0,1,1.0,0,0.010452380952380953,0
Punjab,Sangrur,2025-10-15,1,3.06,1,1.0,0,0.25718935276193344,0
Punjab,Sangrur,2025-10-16,1,2.95,1,4.0,1,0.22538199665831243,0
Punjab,Sangrur,2025-10-17,4,43.34,1,0.0,0,0.5278503507986269,1
Punjab,Sangrur,2025-10-18,0,0.0,1,2.0,0,0.3059073593073595,0
Punjab,Sangrur,2025-10-19,2,8.45,1,4.0,1,0.5026188672438673,1
Punjab,Sangrur,2025-10-20,4,19.33,1,10.0,1,0.6667579563829564,1
Punjab,Sangrur,2025-10-21,10,67.47,1,4.0,1,0.6720990593699158,1
Punjab,Sangrur,2025-10-22,4,19.44,1,6.0,1,0.8666390252701228,1
Punjab,Sangrur,2025-10-23,6,55.41,1,11.0,1,0.8638789682539685,1
Punjab,Sangrur,2025-10-24,11,77.94,1,19.0,1,0.8001639170450148,1
Punjab,Sangrur,2025-10-25,19,200.61,1,27.0,1,0.9413501082251079,1
Punjab,Sangrur,2025-10-26,27,227.44,1,21.0,1,0.9706845238095237,1
Punjab,Sangrur,2025-10-27,21,116.16,1,13.0,1,0.983780303030303,1
Punjab,Sangrur,2025-10-28,13,91.69,1,48.0,1,0.9658690476190475,1
Punjab,Sangrur,2025-10-29,48,383.99,1,65.0,1,0.9941666666666668,1
Punjab,Sangrur,2025-10-30,65,519.6,1,127.0,1,0.9804999999999999,1
Punjab,Sangrur,2025-10-31,127,802.9,1,69.0,1,0.9892594696969698,1
Punjab,Sangrur,2025-11-01,69,385.86,1,65.0,1,0.985717803030303,1
Punjab,Sangrur,2025-11-02,65,496.09,1,38.0,1,0.9966666666666667,1
Punjab,Sangrur,2025-11-03,38,224.56,1,62.0,1,0.9716309523809524,1
Punjab,Sangrur,2025-11-04,62,456.91,1,22.0,1,0.9850357142857143,1
Punjab,Sangrur,2025-11-05,22,212.23,1,24.0,1,0.7986746031746033,1
Punjab,Sangrur,2025-11-06,24,185.22,1,50.0,1,0.9540119047619049,1
Punjab,Sangrur,2025-11-07,50,258.85,1,41.0,1,0.9579642857142858,1
Punjab,Sangrur,2025-11-08,41,163.3,1,37.0,1,0.9550535714285715,1
Punjab,Sangrur,2025-11-09,37,240.81,1,24.0,1,0.7853511904761905,1
Punjab,Sangrur,2025-11-10,24,156.23,1,19.0,1,0.8531865079365079,1
Punjab,Sangrur,2025-11-11,19,108.34,1,3.0,1,0.9914523809523809,1
Punjab,Sangrur,2025-11-12,3,5.16,1,7.0,1,0.8138951326451328,1
Punjab,Sangrur,2025-11-13,7,33.92,1,6.0,1,0.9335467032967035,1
Punjab,Sangrur,2025-11-14,6,51.3,1,2.0,0,0.7925913478517559,1
Punjab,Sangrur,2025-11-15,2,4.51,1,0.0,0,0.6859543650793654,1
Punjab,Sangrur,2025-11-16,0,0.0,1,3.0,1,0.6028777480334386,1
Punjab,Sangrur,2025-11-17,3,8.42,1,0.0,0,0.5336419275169276,1
Punjab,Sangrur,2025-11-18,0,0.0,1,0.0,0,0.5145035226211694,1
Punjab,Sangrur,2025-11-19,0,0.0,1,1.0,0,0.49807969790787127,1
Punjab,Sangrur,2025-11-20,1,3.44,1,0.0,0,0.27549404761904767,0
Punjab,Sangrur,2025-11-21,0,0.0,1,0.0,0,0.39673124098124113,0
Punjab,Sangrur,2025-11-22,0,0.0,1,0.0,0,0.22094642857142857,0
Punjab,Sangrur,2025-11-23,0,0.0,1,0.0,0,0.12954365079365077,0
Punjab,Shahid Bhagat Singh Nagar,2025-10-15,0,0.0,1,0.0,0,0.1654606564932651,0
Punjab,Shahid Bhagat Singh Nagar,2025-10-16,0,0.0,1,1.0,0,0.10797543022111984,0
Punjab,Shahid Bhagat Singh Nagar,2025-10-17,1,3.94,1,0.0,0,0.26586322681150276,0
Punjab,Shahid Bhagat Singh Nagar,2025-10-18,0,0.0,1,0.0,0,0.1281482328058414,0
Punjab,Shahid Bhagat Singh Nagar,2025-10-19,0,0.0,1,0.0,0,0.16186272061272056,0
Punjab,Shahid Bhagat Singh Nagar,2025-10-20,0,0.0,1,5.0,1,0.15743307057343775,0
Punjab,Shahid Bhagat Singh Nagar,2025-10-21,5,28.2,1,3.0,1,0.5598504201736961,1
Punjab,Shahid Bhagat Singh Nagar,2025-10-22,3,9.35,1,0.0,0,0.5909318044009614,1
Punjab,Shahid Bhagat Singh Nagar,2025-10-23,0,0.0,1,0.0,0,0.40561058355099944,0
Punjab,Shahid Bhagat Singh Nagar,2025-10-24,0,0.0,1,0.0,0,0.31649243046225817,0
Punjab,Shahid Bhagat Singh Nagar,2025-10-25,0,0.0,1,1.0,0,0.20453805586592322,0
Punjab,Shahid Bhagat Singh Nagar,2025-10-26,1,1.55,1,3.0,1,0.3601508515993811,0
Punjab,Shahid Bhagat Singh Nagar,2025-10-27,3,11.89,1,0.0,0,0.5217143099071512,1
Punjab,Shahid Bhagat Singh Nagar,2025-10-28,0,0.0,1,1.0,0,0.5381163537611813,1
Punjab,Shahid Bhagat Singh Nagar,2025-10-29,1,7.58,1,0.0,0,0.5727745623941277,1
Punjab,Shahid Bhagat Singh Nagar,2025-10-30,0,0.0,1,1.0,0,0.21276067315037903,0
Punjab,Shahid Bhagat Singh Nagar,2025-10-31,1,2.69,1,6.0,1,0.2624452491952492,0
Punjab,Shahid Bhagat Singh Nagar,2025-11-01,6,25.75,1,9.0,1,0.6230477300477301,1
Punjab,Shahid Bhagat Singh Nagar,2025-11-02,9,46.72,1,3.0,1,0.8251402748902749,1
Punjab,Shahid Bhagat Singh Nagar,2025-11-03,3,7.68,1,3.0,1,0.5450828705608115,1
Punjab,Shahid Bhagat Singh Nagar,2025-11-04,3,13.45,1,1.0,0,0.7288849206349206,1
Punjab,Shahid Bhagat Singh Nagar,2025-11-05,1,0.97,1,4.0,1,0.4938745959922428,1
Punjab,Shahid Bhagat Singh Nagar,2025-11-06,4,11.08,1,3.0,1,0.5780724365503777,1
Punjab,Shahid Bhagat Singh Nagar,2025-11-07,3,11.85,1,4.0,1,0.5668793627543628,1
Punjab,Shahid Bhagat Singh Nagar,2025-11-08,4,15.3,1,0.0,0,0.6432917463733459,1
Punjab,Shahid Bhagat Singh Nagar,2025-11-09,0,0.0,1,0.0,0,0.3500236503692388,0
Punjab,Shahid Bhagat Singh Nagar,2025-11-10,0,0.0,1,1.0,0,0.32569736256500975,0
Punjab,Shahid Bhagat Singh Nagar,2025-11-11,1,3.51,1,3.0,1,0.2527807682083998,0
Punjab,Shahid Bhagat Singh Nagar,2025-11-12,3,10.78,1,3.0,1,0.32116269841269857,0
Punjab,Shahid Bhagat Singh Nagar,2025-11-13,3,15.14,1,0.0,0,0.5876013431013434,1
Punjab,Shahid Bhagat Singh Nagar,2025-11-14,0,0.0,1,2.0,0,0.34663606169604294,0
Punjab,Shahid Bhagat Singh Nagar,2025-11-15,2,5.73,1,2.0,0,0.336086038961039,0
Punjab,Shahid Bhagat Singh Nagar,2025-11-16,2,5.65,1,0.0,0,0.28340789810547884,0
Punjab,Shahid Bhagat Singh Nagar,2025-11-17,0,0.0,1,0.0,0,0.13393369130869126,0
Punjab,Shahid Bhagat Singh Nagar,2025-11-18,0,0.0,1,3.0,1,0.2649189328814075,0
Punjab,Shahid Bhagat Singh Nagar,2025-11-19,3,9.82,1,0.0,0,0.35026494383752454,0
Punjab,Shahid Bhagat Singh Nagar,2025-11-20,0,0.0,1,0.0,0,0.5038182201556949,1
Punjab,Shahid Bhagat Singh Nagar,2025-11-21,0,0.0,1,0.0,0,0.12498748473748471,0
Punjab,Shahid Bhagat Singh Nagar,2025-11-22,0,0.0,1,0.0,0,0.14932803907803904,0
Punjab,Shahid Bhagat Singh Nagar,2025-11-23,0,0.0,1,0.0,0,0.0765114926739927,0
Punjab,Sri Muktsar Sahib,2025-10-15,0,0.0,1,1.0,0,0.18906458053440808,0
Punjab,Sri Muktsar Sahib,2025-10-16,1,5.86,1,0.0,0,0.21632140751968343,0
Punjab,Sri Muktsar Sahib,2025-10-17,0,0.0,1,2.0,0,0.3155416728865006,0
Punjab,Sri Muktsar Sahib,2025-10-18,2,8.21,1,2.0,0,0.3559059690309691,0
Punjab,Sri Muktsar Sahib,2025-10-19,2,8.68,1,0.0,0,0.3489305278055279,0
Punjab,Sri Muktsar Sahib,2025-10-20,0,0.0,1,4.0,1,0.2557027833277834,0
Punjab,Sri Muktsar Sahib,2025-10-21,4,17.89,1,10.0,1,0.5511108823817389,1
Punjab,Sri Muktsar Sahib,2025-10-22,10,37.72,1,1.0,0,0.6184158346134154,1
Punjab,Sri Muktsar Sahib,2025-10-23,1,3.49,1,2.0,0,0.6749393939393944,1
Punjab,Sri Muktsar Sahib,2025-10-24,2,16.65,1,2.0,0,0.6688602984852986,1
Punjab,Sri Muktsar Sahib,2025-10-25,2,7.71,1,13.0,1,0.6665172311348784,1
Punjab,Sri Muktsar Sahib,2025-10-26,13,86.17,1,0.0,0,0.7753498168498166,1
Punjab,Sri Muktsar Sahib,2025-10-27,0,0.0,1,2.0,0,0.6001125957375957,1
Punjab,Sri Muktsar Sahib,2025-10-28,2,11.65,1,7.0,1,0.6891475468975473,1
Punjab,Sri Muktsar Sahib,2025-10-29,7,33.11,1,12.0,1,0.8797059884559889,1
Punjab,Sri Muktsar Sahib,2025-10-30,12,70.77,1,17.0,1,0.8735464900908451,1
Punjab,Sri Muktsar Sahib,2025-10-31,17,171.26,1,21.0,1,0.9212228997289971,1
Punjab,Sri Muktsar Sahib,2025-11-01,21,102.23,1,41.0,1,0.9410957792207791,1
Punjab,Sri Muktsar Sahib,2025-11-02,41,334.81,1,12.0,1,0.9411805555555557,1
Punjab,Sri Muktsar Sahib,2025-11-03,12,70.67999999999999,1,15.0,1,0.9357261904761904,1
Punjab,Sri Muktsar Sahib,2025-11-04,15,124.78,1,29.0,1,0.897764346764347,1
Punjab,Sri Muktsar Sahib,2025-11-05,29,173.99,1,48.0,1,0.8849702380952381,1
Punjab,Sri Muktsar Sahib,2025-11-06,48,331.47,1,37.0,1,0.9641071428571428,1
Punjab,Sri Muktsar Sahib,2025-11-07,37,200.69,1,25.0,1,0.9602976190476191,1
Punjab,Sri Muktsar Sahib,2025-11-08,25,149.07999999999998,1,28.0,1,0.9557500000000002,1
Punjab,Sri Muktsar Sahib,2025-11-09,28,136.62,1,31.0,1,0.7749253246753247,1
Punjab,Sri Muktsar Sahib,2025-11-10,31,131.89,1,39.0,1,0.8437817460317462,1
Punjab,Sri Muktsar Sahib,2025-11-11,39,236.67,1,14.0,1,0.934654761904762,1
Punjab,Sri Muktsar Sahib,2025-11-12,14,71.45,1,21.0,1,0.9371428571428575,1
Punjab,Sri Muktsar Sahib,2025-11-13,21,114.28,1,20.0,1,0.9614642857142858,1
Punjab,Sri Muktsar Sahib,2025-11-14,20,110.72,1,32.0,1,0.9681071428571429,1
Punjab,Sri Muktsar Sahib,2025-11-15,32,161.38,1,28.0,1,0.9620595238095239,1
Punjab,Sri Muktsar Sahib,2025-11-16,28,148.9,1,9.0,1,0.9624404761904762,1
Punjab,Sri Muktsar Sahib,2025-11-17,9,21.88,1,10.0,1,0.9059343434343439,1
Punjab,Sri Muktsar Sahib,2025-11-18,10,38.26,1,9.0,1,0.9405317460317463,1
Punjab,Sri Muktsar Sahib,2025-11-19,9,38.03,1,8.0,1,0.824422824302135,1
Punjab,Sri Muktsar Sahib,2025-11-20,8,34.36,1,4.0,1,0.801529925534236,1
Punjab,Sri Muktsar Sahib,2025-11-21,4,16.88,1,4.0,1,0.762680624930625,1
Punjab,Sri Muktsar Sahib,2025-11-22,4,12.72,1,12.0,1,0.6735179542679544,1
Punjab,Sri Muktsar Sahib,2025-11-23,12,164.88,1,0.0,0,0.6280097933908911,1
Punjab,Tarn Taran,2025-10-15,16,63.69,1,28.0,1,0.4364615270350566,0
Punjab,Tarn Taran,2025-10-16,28,119.02,1,21.0,1,0.4355620490620491,0
Punjab,Tarn Taran,2025-10-17,21,79.39,1,30.0,1,0.7674945887445891,1
Punjab,Tarn Taran,2025-10-18,30,124.33,1,45.0,1,0.9474891774891777,1
Punjab,Tarn Taran,2025-10-19,45,228.67,1,34.0,1,0.9719971139971143,1
Punjab,Tarn Taran,2025-10-20,34,139.39,1,36.0,1,0.9697233044733047,1
Punjab,Tarn Taran,2025-10-21,36,129.44,1,35.0,1,0.9658398268398272,1
Punjab,Tarn Taran,2025-10-22,35,183.31,1,21.0,1,0.9921666666666669,1
Punjab,Tarn Taran,2025-10-23,21,99.69,1,18.0,1,0.9934999999999999,1
Punjab,Tarn Taran,2025-10-24,18,109.0,1,45.0,1,0.9410892857142856,1
Punjab,Tarn Taran,2025-10-25,45,224.23,1,62.0,1,0.9939166666666667,1
Punjab,Tarn Taran,2025-10-26,62,283.48,1,39.0,1,0.9932500000000001,1
Punjab,Tarn Taran,2025-10-27,39,154.78,1,22.0,1,0.9722049062049062,1
Punjab,Tarn Taran,2025-10-28,22,130.01,1,54.0,1,0.9961388888888889,1
Punjab,Tarn Taran,2025-10-29,54,438.06,1,48.0,1,0.993388888888889,1
Punjab,Tarn Taran,2025-10-30,48,232.45,1,87.0,1,0.9897539682539684,1
Punjab,Tarn Taran,2025-10-31,87,391.43,1,71.0,1,0.9938174603174604,1
Punjab,Tarn Taran,2025-11-01,71,330.73,1,59.0,1,0.9993650793650795,1
Punjab,Tarn Taran,2025-11-02,59,307.36,1,33.0,1,0.9914960317460318,1
Punjab,Tarn Taran,2025-11-03,33,138.16,1,63.0,1,0.9927817460317461,1
Punjab,Tarn Taran,2025-11-04,63,392.89,1,5.0,1,0.7867678571428576,1
Punjab,Tarn Taran,2025-11-05,5,15.96,1,44.0,1,0.8913340548340553,1
Punjab,Tarn Taran,2025-11-06,44,172.83,1,29.0,1,0.9655257936507937,1
Punjab,Tarn Taran,2025-11-07,29,157.01,1,31.0,1,0.9733379790940766,1
Punjab,Tarn Taran,2025-11-08,31,146.95,1,41.0,1,0.9718869047619049,1
Punjab,Tarn Taran,2025-11-09,41,243.63,1,58.0,1,0.7902261904761907,1
Punjab,Tarn Taran,2025-11-10,58,351.23,1,48.0,1,0.8767261904761905,1
Punjab,Tarn Taran,2025-11-11,48,221.82,1,18.0,1,0.9777996031746035,1
Punjab,Tarn Taran,2025-11-12,18,70.46000000000001,1,17.0,1,0.9764433621933624,1
Punjab,Tarn Taran,2025-11-13,17,79.45,1,23.0,1,0.972967171717172,1
Punjab,Tarn Taran,2025-11-14,23,97.54,1,12.0,1,0.970186507936508,1
Punjab,Tarn Taran,2025-11-15,12,45.89,1,12.0,1,0.9578560606060607,1
Punjab,Tarn Taran,2025-11-16,12,50.37,1,5.0,1,0.9288620129870131,1
Punjab,Tarn Taran,2025-11-17,5,19.08,1,3.0,1,0.9088012265512267,1
Punjab,Tarn Taran,2025-11-18,3,8.22,1,0.0,0,0.7423413277543713,1
Punjab,Tarn Taran,2025-11-19,0,0.0,1,3.0,1,0.6407101007652477,1
Punjab,Tarn Taran,2025-11-20,3,13.18,1,4.0,1,0.5332487373737375,1
Punjab,Tarn Taran,2025-11-21,4,29.09,1,2.0,0,0.6795030371280375,1
Punjab,Tarn Taran,2025-11-22,2,6.27,1,0.0,0,0.4271239316239317,0
Punjab,Tarn Taran,2025-11-23,0,0.0,1,0.0,0,0.4790445579747052,1
