state,district,date,fire_count,frp_sum,horizon,target_fire_count,actual_elevated,probability,prediction
Haryana,Ambala,2025-10-15,0,0.0,5,3.0,1,0.15410769213579878,0
Haryana,Ambala,2025-10-16,2,3.1,5,2.0,0,0.31623777161514327,0
Haryana,Ambala,2025-10-17,0,0.0,5,1.0,0,0.08269810648008324,0
Haryana,Ambala,2025-10-18,0,0.0,5,0.0,0,0.14458046230085694,0
Haryana,Ambala,2025-10-19,1,7.36,5,0.0,0,0.5555865020396272,1
Haryana,Ambala,2025-10-20,3,8.36,5,1.0,0,0.5747094155844156,1
Haryana,Ambala,2025-10-21,2,5.03,5,4.0,1,0.507762302425038,1
Haryana,Ambala,2025-10-22,1,3.08,5,2.0,0,0.5679576178734786,1
Haryana,Ambala,2025-10-23,0,0.0,5,0.0,0,0.32846261623680995,0
Haryana,Ambala,2025-10-24,0,0.0,5,2.0,0,0.2215992562992563,0
Haryana,Ambala,2025-10-25,1,2.44,5,0.0,0,0.43109738843028333,1
Haryana,Ambala,2025-10-26,4,14.37,5,3.0,1,0.5645695970695972,1
Haryana,Ambala,2025-10-27,2,3.93,5,0.0,0,0.4834668685333577,1
Haryana,Ambala,2025-10-28,0,0.0,5,4.0,1,0.3931809483476737,1
Haryana,Ambala,2025-10-29,2,5.92,5,0.0,0,0.4657444092071451,1
Haryana,Ambala,2025-10-30,0,0.0,5,0.0,0,0.17979916139939714,0
Haryana,Ambala,2025-10-31,3,11.989999999999998,5,0.0,0,0.4684125455397779,1
Haryana,Ambala,2025-11-01,0,0.0,5,0.0,0,0.3624972929073692,0
Haryana,Ambala,2025-11-02,4,11.68,5,1.0,0,0.5073252164502167,1
Haryana,Ambala,2025-11-03,0,0.0,5,1.0,0,0.49409228271728284,1
Haryana,Ambala,2025-11-04,0,0.0,5,0.0,0,0.09406041440078183,0
Haryana,Ambala,2025-11-05,0,0.0,5,0.0,0,0.427924126711863,1
Haryana,Ambala,2025-11-06,0,0.0,5,0.0,0,0.034796866685472425,0
Haryana,Ambala,2025-11-07,1,1.65,5,0.0,0,0.24663588819572874,0
Haryana,Ambala,2025-11-08,1,2.63,5,2.0,0,0.06038997113997113,0
Haryana,Ambala,2025-11-09,0,0.0,5,0.0,0,0.1436747451720855,0
Haryana,Ambala,2025-11-10,0,0.0,5,0.0,0,0.016475430597771026,0
Haryana,Ambala,2025-11-11,0,0.0,5,0.0,0,0.0901728524743231,0
Haryana,Ambala,2025-11-12,0,0.0,5,0.0,0,0.01220238095238095,0
Haryana,Ambala,2025-11-13,2,8.79,5,0.0,0,0.1291007554536966,0
Haryana,Ambala,2025-11-14,0,0.0,5,0.0,0,0.08905587792821837,0
Haryana,Ambala,2025-11-15,0,0.0,5,0.0,0,0.04464101501335544,0
Haryana,Ambala,2025-11-16,0,0.0,5,0.0,0,0.14307229206963237,0
Haryana,Ambala,2025-11-17,0,0.0,5,0.0,0,0.02044933217189315,0
Haryana,Ambala,2025-11-18,0,0.0,5,1.0,0,0.04002541982423084,0
Haryana,Ambala,2025-11-19,0,0.0,5,0.0,0,0.017580284552845528,0
Haryana,Ambala,2025-11-20,0,0.0,5,0.0,0,0.08220062504545264,0
Haryana,Ambala,2025-11-21,0,0.0,5,1.0,0,0.01899404761904762,0
Haryana,Ambala,2025-11-22,0,0.0,5,4.0,1,0.011458333333333333,0
Haryana,Ambala,2025-11-23,1,5.52,5,1.0,0,0.08383885069179188,0
Haryana,Bhiwani,2025-10-15,0,0.0,5,2.0,0,0.04671717027600123,0
Haryana,Bhiwani,2025-10-16,1,1.3,5,1.0,0,0.055555373739204716,0
Haryana,Bhiwani,2025-10-17,0,0.0,5,6.0,1,0.07251610792308467,0
Haryana,Bhiwani,2025-10-18,2,7.77,5,0.0,0,0.39404129668108245,1
Haryana,Bhiwani,2025-10-19,0,0.0,5,0.0,0,0.12653654678654674,0
Haryana,Bhiwani,2025-10-20,2,8.27,5,0.0,0,0.42431992241826805,1
Haryana,Bhiwani,2025-10-21,1,2.59,5,1.0,0,0.4685778492340994,1
Haryana,Bhiwani,2025-10-22,6,11.41,5,0.0,0,0.3911024496336995,1
Haryana,Bhiwani,2025-10-23,0,0.0,5,0.0,0,0.5244115910273696,1
Haryana,Bhiwani,2025-10-24,0,0.0,5,0.0,0,0.22008970999760472,0
Haryana,Bhiwani,2025-10-25,0,0.0,5,0.0,0,0.3537187281804218,0
Haryana,Bhiwani,2025-10-26,1,2.52,5,0.0,0,0.11123613396407508,0
Haryana,Bhiwani,2025-10-27,0,0.0,5,0.0,0,0.29667656279890336,0
Haryana,Bhiwani,2025-10-28,0,0.0,5,0.0,0,0.1033020622994027,0
Haryana,Bhiwani,2025-10-29,0,0.0,5,0.0,0,0.2567207029082029,0
Haryana,Bhiwani,2025-10-30,0,0.0,5,0.0,0,0.04622776539381017,0
Haryana,Bhiwani,2025-10-31,0,0.0,5,1.0,0,0.057447876165391557,0
Haryana,Bhiwani,2025-11-01,0,0.0,5,2.0,0,0.07228097607202087,0
Haryana,Bhiwani,2025-11-02,0,0.0,5,4.0,1,0.13154797296401763,0
Haryana,Bhiwani,2025-11-03,0,0.0,5,0.0,0,0.06190002369106848,0
Haryana,Bhiwani,2025-11-04,0,0.0,5,0.0,0,0.04865597607202086,0
Haryana,Bhiwani,2025-11-05,1,12.65,5,0.0,0,0.16052139037433144,0
Haryana,Bhiwani,2025-11-06,2,6.279999999999999,5,7.0,1,0.19625396825396824,0
Haryana,Bhiwani,2025-11-07,4,11.12,5,0.0,0,0.24440692640692646,0
Haryana,Bhiwani,2025-11-08,0,0.0,5,0.0,0,0.19037996392993584,0
Haryana,Bhiwani,2025-11-09,0,0.0,5,0.0,0,0.22576582481845642,0
Haryana,Bhiwani,2025-11-10,0,0.0,5,1.0,0,0.3172371933621934,0
Haryana,Bhiwani,2025-11-11,7,24.64,5,3.0,1,0.2093675303454716,0
Haryana,Bhiwani,2025-11-12,0,0.0,5,3.0,1,0.3958149003774006,1
Haryana,Bhiwani,2025-11-13,0,0.0,5,0.0,0,0.24527837440337436,0
Haryana,Bhiwani,2025-11-14,0,0.0,5,0.0,0,0.3457304015429014,0
Haryana,Bhiwani,2025-11-15,1,2.09,5,0.0,0,0.07442902930402932,0
Haryana,Bhiwani,2025-11-16,3,11.48,5,0.0,0,0.33327092352092363,0
Haryana,Bhiwani,2025-11-17,3,19.94,5,3.0,1,0.2996640581640584,0
Haryana,Bhiwani,2025-11-18,0,0.0,5,1.0,0,0.2947708888333889,0
Haryana,Bhiwani,2025-11-19,0,0.0,5,0.0,0,0.20055738705738704,0
Haryana,Bhiwani,2025-11-20,0,0.0,5,0.0,0,0.24542063492063496,0
Haryana,Bhiwani,2025-11-21,0,0.0,5,0.0,0,0.1349054834054833,0
Haryana,Bhiwani,2025-11-22,3,16.310000000000002,5,0.0,0,0.30638421481899764,0
Haryana,Bhiwani,2025-11-23,1,2.64,5,1.0,0,0.2131646825396826,0
Haryana,Charkhi Dadri,2025-10-15,0,0.0,5,0.0,0,0.07947004736599472,0
Haryana,Charkhi Dadri,2025-10-16,0,0.0,5,0.0,0,0.02461796392679489,0
Haryana,Charkhi Dadri,2025-10-17,0,0.0,5,0.0,0,0.13747762485442913,0
Haryana,Charkhi Dadri,2025-10-18,0,0.0,5,0.0,0,0.03584236921678441,0
Haryana,Charkhi Dadri,2025-10-19,0,0.0,5,0.0,0,0.07651378734543937,0
Haryana,Charkhi Dadri,2025-10-20,0,0.0,5,0.0,0,0.060437713157952155,0
Haryana,Charkhi Dadri,2025-10-21,0,0.0,5,0.0,0,0.09114966275805964,0
Haryana,Charkhi Dadri,2025-10-22,0,0.0,5,0.0,0,0.025643169251566136,0
Haryana,Charkhi Dadri,2025-10-23,0,0.0,5,0.0,0,0.021077718874219366,0
Haryana,Charkhi Dadri,2025-10-24,0,0.0,5,0.0,0,0.025977195787977404,0
Haryana,Charkhi Dadri,2025-10-25,0,0.0,5,0.0,0,0.007387271164034811,0
Haryana,Charkhi Dadri,2025-10-26,0,0.0,5,0.0,0,0.032874067262673015,0
Haryana,Charkhi Dadri,2025-10-27,0,0.0,5,1.0,0,0.03124473825834401,0
Haryana,Charkhi Dadri,2025-10-28,0,0.0,5,0.0,0,0.07379091430452006,0
Haryana,Charkhi Dadri,2025-10-29,0,0.0,5,0.0,0,0.035614063377669126,0
Haryana,Charkhi Dadri,2025-10-30,0,0.0,5,0.0,0,0.0518792981429039,0
Haryana,Charkhi Dadri,2025-10-31,0,0.0,5,0.0,0,0.017797768561374314,0
Haryana,Charkhi Dadri,2025-11-01,1,2.49,5,0.0,0,0.06680176798283417,0
Haryana,Charkhi Dadri,2025-11-02,0,0.0,5,0.0,0,0.0518511002886003,0
Haryana,Charkhi Dadri,2025-11-03,0,0.0,5,0.0,0,0.054388081793097155,0
Haryana,Charkhi Dadri,2025-11-04,0,0.0,5,0.0,0,0.09299107602109141,0
Haryana,Charkhi Dadri,2025-11-05,0,0.0,5,0.0,0,0.0037824366710424227,0
Haryana,Charkhi Dadri,2025-11-06,0,0.0,5,0.0,0,0.030596685689201052,0
Haryana,Charkhi Dadri,2025-11-07,0,0.0,5,0.0,0,0.009832268679829656,0
Haryana,Charkhi Dadri,2025-11-08,0,0.0,5,0.0,0,0.03070634920634921,0
Haryana,Charkhi Dadri,2025-11-09,0,0.0,5,2.0,0,0.0033957607433217187,0
Haryana,Charkhi Dadri,2025-11-10,0,0.0,5,0.0,0,0.004824332171893147,0
Haryana,Charkhi Dadri,2025-11-11,0,0.0,5,1.0,0,0.0033957607433217187,0
Haryana,Charkhi Dadri,2025-11-12,0,0.0,5,0.0,0,0.0019076655052264807,0
Haryana,Charkhi Dadri,2025-11-13,0,0.0,5,0.0,0,0.00024099883855981417,0
Haryana,Charkhi Dadri,2025-11-14,2,11.48,5,0.0,0,0.12431900942195054,0
Haryana,Charkhi Dadri,2025-11-15,0,0.0,5,0.0,0,0.10400970188204228,0
Haryana,Charkhi Dadri,2025-11-16,1,2.21,5,0.0,0,0.09836356209150324,0
Haryana,Charkhi Dadri,2025-11-17,0,0.0,5,0.0,0,0.2665042906266313,0
Haryana,Charkhi Dadri,2025-11-18,0,0.0,5,0.0,0,0.021515873015873016,0
Haryana,Charkhi Dadri,2025-11-19,0,0.0,5,0.0,0,0.1782808164058163,0
Haryana,Charkhi Dadri,2025-11-20,0,0.0,5,0.0,0,0.00012195121951219512,0
Haryana,Charkhi Dadri,2025-11-21,0,0.0,5,0.0,0,0.18921764274997027,0
Haryana,Charkhi Dadri,2025-11-22,0,0.0,5,0.0,0,0.00024099883855981417,0
Haryana,Charkhi Dadri,2025-11-23,0,0.0,5,0.0,0,0.008910714285714286,0
Haryana,Faridabad,2025-10-15,3,2.53,5,1.0,0,0.21033771686969355,0
Haryana,Faridabad,2025-10-16,0,0.0,5,0.0,0,0.16899698815396488,0
Haryana,Faridabad,2025-10-17,2,3.04,5,1.0,0,0.1912388920833687,0
Haryana,Faridabad,2025-10-18,1,0.31,5,0.0,0,0.30720120851370863,0
Haryana,Faridabad,2025-10-19,0,0.0,5,0.0,0,0.18685268435268426,0
Haryana,Faridabad,2025-10-20,1,0.53,5,0.0,0,0.22904700854700852,0
Haryana,Faridabad,2025-10-21,0,0.0,5,4.0,1,0.20450938644688635,0
Haryana,Faridabad,2025-10-22,1,0.74,5,0.0,0,0.26633144414065474,0
Haryana,Faridabad,2025-10-23,0,0.0,5,0.0,0,0.04431746031746032,0
Haryana,Faridabad,2025-10-24,0,0.0,5,0.0,0,0.14218120768120762,0
Haryana,Faridabad,2025-10-25,0,0.0,5,0.0,0,0.07885660173160176,0
Haryana,Faridabad,2025-10-26,4,4.0600000000000005,5,1.0,0,0.12865752517651108,0
Haryana,Faridabad,2025-10-27,0,0.0,5,5.0,1,0.13052507215007209,0
Haryana,Faridabad,2025-10-28,0,0.0,5,2.0,0,0.11566901154401153,0
Haryana,Faridabad,2025-10-29,0,0.0,5,3.0,1,0.15165954184704175,0
Haryana,Faridabad,2025-10-30,0,0.0,5,0.0,0,0.05974285125645701,0
Haryana,Faridabad,2025-10-31,1,0.79,5,8.0,1,0.11022071309305348,0
Haryana,Faridabad,2025-11-01,5,3.69,5,2.0,0,0.07887103174603177,0
Haryana,Faridabad,2025-11-02,2,1.52,5,3.0,1,0.15749924012158042,0
Haryana,Faridabad,2025-11-03,3,1.28,5,4.0,1,0.0698791102514507,0
Haryana,Faridabad,2025-11-04,0,0.0,5,4.0,1,0.12984126984126979,0
Haryana,Faridabad,2025-11-05,8,4.37,5,1.0,0,0.1418682877406281,0
Haryana,Faridabad,2025-11-06,2,0.7,5,1.0,0,0.20315216143505613,0
Haryana,Faridabad,2025-11-07,3,6.02,5,6.0,1,0.232666638916639,0
Haryana,Faridabad,2025-11-08,4,2.47,5,5.0,1,0.33767277167277165,0
Haryana,Faridabad,2025-11-09,4,1.91,5,1.0,0,0.19249296536796542,0
Haryana,Faridabad,2025-11-10,1,0.54,5,5.0,1,0.3358695332445333,0
Haryana,Faridabad,2025-11-11,1,1.92,5,2.0,0,0.18076800976800966,0
Haryana,Faridabad,2025-11-12,6,5.140000000000001,5,6.0,1,0.3368215811965812,0
Haryana,Faridabad,2025-11-13,5,4.54,5,3.0,1,0.21858348595848598,0
Haryana,Faridabad,2025-11-14,1,0.65,5,0.0,0,0.3243679376179378,0
Haryana,Faridabad,2025-11-15,5,5.64,5,7.0,1,0.26848310717060714,0
Haryana,Faridabad,2025-11-16,2,0.6799999999999999,5,0.0,0,0.3403391053391055,0
Haryana,Faridabad,2025-11-17,6,5.33,5,7.0,1,0.22968485680985676,0
Haryana,Faridabad,2025-11-18,3,1.33,5,3.0,1,0.33654990842490856,0
Haryana,Faridabad,2025-11-19,0,0.0,5,0.0,0,0.22867748917748923,0
Haryana,Faridabad,2025-11-20,7,18.13,5,9.0,1,0.3199128510378513,0
Haryana,Faridabad,2025-11-21,0,0.0,5,1.0,0,0.24175123487623484,0
Haryana,Faridabad,2025-11-22,7,3.93,5,5.0,1,0.15287499999999993,0
Haryana,Faridabad,2025-11-23,3,1.81,5,5.0,1,0.18426852314352316,0
Haryana,Fatehabad,2025-10-15,1,2.28,5,10.0,1,0.3304679165311433,0
Haryana,Fatehabad,2025-10-16,0,0.0,5,0.0,0,0.14728002456200118,0
Haryana,Fatehabad,2025-10-17,0,0.0,5,0.0,0,0.16605634547648626,0
Haryana,Fatehabad,2025-10-18,2,11.56,5,0.0,0,0.5507326919404127,1
Haryana,Fatehabad,2025-10-19,4,16.08,5,0.0,0,0.6103377837440336,1
Haryana,Fatehabad,2025-10-20,10,49.02,5,4.0,1,0.7487847442412662,1
Haryana,Fatehabad,2025-10-21,0,0.0,5,6.0,1,0.5813098941131727,1
Haryana,Fatehabad,2025-10-22,0,0.0,5,3.0,1,0.4847422628197351,1
Haryana,Fatehabad,2025-10-23,0,0.0,5,1.0,0,0.4394683742083465,1
Haryana,Fatehabad,2025-10-24,0,0.0,5,1.0,0,0.1877935606060606,0
Haryana,Fatehabad,2025-10-25,4,21.46,5,5.0,1,0.6592150210900212,1
Haryana,Fatehabad,2025-10-26,6,43.48,5,4.0,1,0.6976840243090247,1
Haryana,Fatehabad,2025-10-27,3,6.8100000000000005,5,11.0,1,0.70571165559247,1
Haryana,Fatehabad,2025-10-28,1,1.11,5,8.0,1,0.57528798978799,1
Haryana,Fatehabad,2025-10-29,1,1.54,5,4.0,1,0.47877128427128424,1
Haryana,Fatehabad,2025-10-30,5,25.38,5,8.0,1,0.7383538675782466,1
Haryana,Fatehabad,2025-10-31,4,15.740000000000002,5,0.0,0,0.6228728354978355,1
Haryana,Fatehabad,2025-11-01,11,42.61,5,7.0,1,0.7333330999066292,1
Haryana,Fatehabad,2025-11-02,8,37.09,5,15.0,1,0.4915743145743145,1
Haryana,Fatehabad,2025-11-03,4,14.37,5,10.0,1,0.5030019563769563,1
Haryana,Fatehabad,2025-11-04,8,89.26,5,13.0,1,0.6859696331446332,1
Haryana,Fatehabad,2025-11-05,0,0.0,5,14.0,1,0.46393732110330466,1
Haryana,Fatehabad,2025-11-06,7,22.13,5,15.0,1,0.4307007215007214,1
Haryana,Fatehabad,2025-11-07,15,49.98,5,3.0,1,0.5139441586191588,1
Haryana,Fatehabad,2025-11-08,10,51.46,5,4.0,1,0.635740945165945,1
Haryana,Fatehabad,2025-11-09,13,77.01,5,1.0,0,0.697331501831502,1
Haryana,Fatehabad,2025-11-10,14,68.96000000000001,5,8.0,1,0.7017916666666665,1
Haryana,Fatehabad,2025-11-11,15,85.03999999999999,5,5.0,1,0.6314404761904762,1
Haryana,Fatehabad,2025-11-12,3,10.77,5,3.0,1,0.6659376803751804,1
Haryana,Fatehabad,2025-11-13,4,12.82,5,2.0,0,0.5664645285270287,1
Haryana,Fatehabad,2025-11-14,1,1.65,5,1.0,0,0.35779409479409474,0
Haryana,Fatehabad,2025-11-15,8,22.52,5,0.0,0,0.45046212121212115,1
Haryana,Fatehabad,2025-11-16,5,12.47,5,0.0,0,0.4115786435786437,1
Haryana,Fatehabad,2025-11-17,3,8.370000000000001,5,2.0,0,0.3709264824322964,0
Haryana,Fatehabad,2025-11-18,2,9.18,5,1.0,0,0.22418636363636363,0
Haryana,Fatehabad,2025-11-19,1,4.06,5,2.0,0,0.29609906204906217,0
Haryana,Fatehabad,2025-11-20,0,0.0,5,0.0,0,0.16171028138528126,0
Haryana,Fatehabad,2025-11-21,0,0.0,5,2.0,0,0.1607642496392495,0
Haryana,Fatehabad,2025-11-22,2,4.6,5,5.0,1,0.15917821067821056,0
Haryana,Fatehabad,2025-11-23,1,1.94,5,1.0,0,0.14615079365079353,0
Haryana,Gurugram,2025-10-15,0,0.0,5,1.0,0,0.1170842064911832,0
Haryana,Gurugram,2025-10-16,0,0.0,5,0.0,0,0.04377278180475855,0
Haryana,Gurugram,2025-10-17,0,0.0,5,0.0,0,0.07351259060706736,0
Haryana,Gurugram,2025-10-18,0,0.0,5,0.0,0,0.09817550136241657,0
Haryana,Gurugram,2025-10-19,0,0.0,5,0.0,0,0.1125384740358144,0
Haryana,Gurugram,2025-10-20,1,1.22,5,0.0,0,0.1400791374518154,0
Haryana,Gurugram,2025-10-21,0,0.0,5,0.0,0,0.16015719696969685,0
Haryana,Gurugram,2025-10-22,0,0.0,5,0.0,0,0.07853252997002999,0
Haryana,Gurugram,2025-10-23,0,0.0,5,0.0,0,0.026907960199004974,0
Haryana,Gurugram,2025-10-24,0,0.0,5,0.0,0,0.03077090069240118,0
Haryana,Gurugram,2025-10-25,0,0.0,5,0.0,0,0.02141821310399472,0
Haryana,Gurugram,2025-10-26,0,0.0,5,0.0,0,0.05184735413839892,0
Haryana,Gurugram,2025-10-27,0,0.0,5,0.0,0,0.03854324158428636,0
Haryana,Gurugram,2025-10-28,0,0.0,5,1.0,0,0.06796694288298767,0
Haryana,Gurugram,2025-10-29,0,0.0,5,0.0,0,0.06902946741807318,0
Haryana,Gurugram,2025-10-30,0,0.0,5,1.0,0,0.04602323753684329,0
Haryana,Gurugram,2025-10-31,0,0.0,5,0.0,0,0.05615202541563118,0
Haryana,Gurugram,2025-11-01,0,0.0,5,0.0,0,0.027237342875948634,0
Haryana,Gurugram,2025-11-02,1,3.29,5,0.0,0,0.062431341534282724,0
Haryana,Gurugram,2025-11-03,0,0.0,5,0.0,0,0.025659722222222223,0
Haryana,Gurugram,2025-11-04,1,5.38,5,0.0,0,0.08296159600203719,0
Haryana,Gurugram,2025-11-05,0,0.0,5,0.0,0,0.04220558932792975,0
Haryana,Gurugram,2025-11-06,0,0.0,5,0.0,0,0.021438947593962962,0
Haryana,Gurugram,2025-11-07,0,0.0,5,0.0,0,0.090428044976856,0
Haryana,Gurugram,2025-11-08,0,0.0,5,0.0,0,0.0019076655052264807,0
Haryana,Gurugram,2025-11-09,0,0.0,5,0.0,0,0.03977404170888212,0
Haryana,Gurugram,2025-11-10,0,0.0,5,0.0,0,0.0024076655052264807,0
Haryana,Gurugram,2025-11-11,0,0.0,5,0.0,0,0.032543206075533654,0
Haryana,Gurugram,2025-11-12,0,0.0,5,1.0,0,0.0011775067750677507,0
Haryana,Gurugram,2025-11-13,0,0.0,5,0.0,0,0.0006219512195121951,0
Haryana,Gurugram,2025-11-14,0,0.0,5,0.0,0,0.004074332171893147,0
Haryana,Gurugram,2025-11-15,0,0.0,5,0.0,0,0.0024076655052264807,0
Haryana,Gurugram,2025-11-16,0,0.0,5,1.0,0,0.005202380952380953,0
Haryana,Gurugram,2025-11-17,1,0.35,5,0.0,0,0.0022857142857142855,0
Haryana,Gurugram,2025-11-18,0,0.0,5,0.0,0,0.00761904761904762,0
Haryana,Gurugram,2025-11-19,0,0.0,5,0.0,0,0.005535714285714286,0
Haryana,Gurugram,2025-11-20,0,0.0,5,0.0,0,0.010875,0
Haryana,Gurugram,2025-11-21,1,2.73,5,0.0,0,0.02813401875901876,0
Haryana,Gurugram,2025-11-22,0,0.0,5,0.0,0,0.01957034632034632,0
Haryana,Gurugram,2025-11-23,0,0.0,5,0.0,0,0.024789645403615994,0
Haryana,Hisar,2025-10-15,3,4.12,5,13.0,1,0.45615256965256934,1
Haryana,Hisar,2025-10-16,3,8.1,5,5.0,1,0.4901983849483847,1
Haryana,Hisar,2025-10-17,1,1.87,5,1.0,0,0.4724402609685394,1
Haryana,Hisar,2025-10-18,2,13.93,5,0.0,0,0.5721147602397604,1
Haryana,Hisar,2025-10-19,10,32.46,5,2.0,0,0.8753218832201394,1
Haryana,Hisar,2025-10-20,13,45.58,5,2.0,0,0.8949682539682543,1
Haryana,Hisar,2025-10-21,5,14.52,5,15.0,1,0.7388244671994674,1
Haryana,Hisar,2025-10-22,1,1.65,5,6.0,1,0.5510369889137973,1
Haryana,Hisar,2025-10-23,0,0.0,5,0.0,0,0.3917738284763008,1
Haryana,Hisar,2025-10-24,2,9.28,5,1.0,0,0.5204652680652682,1
Haryana,Hisar,2025-10-25,2,2.14,5,3.0,1,0.43836309523809525,1
Haryana,Hisar,2025-10-26,15,30.63,5,5.0,1,0.7736005494505498,1
Haryana,Hisar,2025-10-27,6,30.36,5,11.0,1,0.7887618770118773,1
Haryana,Hisar,2025-10-28,0,0.0,5,6.0,1,0.6413907224572118,1
Haryana,Hisar,2025-10-29,1,2.46,5,5.0,1,0.5182496392496392,1
Haryana,Hisar,2025-10-30,3,17.19,5,4.0,1,0.6966211670274169,1
Haryana,Hisar,2025-10-31,5,12.87,5,5.0,1,0.5873739177489178,1
Haryana,Hisar,2025-11-01,11,27.73,5,15.0,1,0.6422866161616162,1
Haryana,Hisar,2025-11-02,6,24.24,5,13.0,1,0.5261654040404037,1
Haryana,Hisar,2025-11-03,5,19.47,5,16.0,1,0.482161616161616,1
Haryana,Hisar,2025-11-04,4,13.71,5,16.0,1,0.5983044733044731,1
Haryana,Hisar,2025-11-05,5,25.56,5,12.0,1,0.6030695005437531,1
Haryana,Hisar,2025-11-06,15,31.7,5,21.0,1,0.4687344516594517,1
Haryana,Hisar,2025-11-07,13,41.03,5,4.0,1,0.6067132034632035,1
Haryana,Hisar,2025-11-08,16,69.92,5,6.0,1,0.6879404761904762,1
Haryana,Hisar,2025-11-09,16,83.35,5,8.0,1,0.8398630952380952,1
Haryana,Hisar,2025-11-10,12,48.03,5,10.0,1,0.8281104797979799,1
Haryana,Hisar,2025-11-11,21,87.96,5,11.0,1,0.7253488095238096,1
Haryana,Hisar,2025-11-12,4,13.57,5,7.0,1,0.7129040404040405,1
Haryana,Hisar,2025-11-13,6,31.13,5,5.0,1,0.64718633286648,1
Haryana,Hisar,2025-11-14,8,23.57,5,0.0,0,0.5600926157176156,1
Haryana,Hisar,2025-11-15,10,26.08,5,6.0,1,0.5233551587301587,1
Haryana,Hisar,2025-11-16,11,41.57,5,6.0,1,0.5822580891330891,1
Haryana,Hisar,2025-11-17,7,20.77,5,4.0,1,0.46515916641498056,1
Haryana,Hisar,2025-11-18,5,13.92,5,2.0,0,0.4390476945535086,1
Haryana,Hisar,2025-11-19,0,0.0,5,1.0,0,0.3285263902763904,0
Haryana,Hisar,2025-11-20,6,27.23,5,5.0,1,0.32697746878725154,0
Haryana,Hisar,2025-11-21,6,11.72,5,2.0,0,0.28414836250705816,0
Haryana,Hisar,2025-11-22,4,10.48,5,1.0,0,0.217871847355543,0
Haryana,Hisar,2025-11-23,2,8.99,5,3.0,1,0.09948553261884462,0
Haryana,Jhajjar,2025-10-15,2,6.04,5,0.0,0,0.4417407572525137,1
Haryana,Jhajjar,2025-10-16,2,3.12,5,0.0,0,0.4076069624819626,1
Haryana,Jhajjar,2025-10-17,1,0.82,5,3.0,1,0.23444624819624818,0
Haryana,Jhajjar,2025-10-18,0,0.0,5,1.0,0,0.43168310408229765,1
Haryana,Jhajjar,2025-10-19,0,0.0,5,1.0,0,0.2517964232016584,0
Haryana,Jhajjar,2025-10-20,0,0.0,5,2.0,0,0.22640453049397619,0
Haryana,Jhajjar,2025-10-21,0,0.0,5,2.0,0,0.21153829516000563,0
Haryana,Jhajjar,2025-10-22,3,6.94,5,0.0,0,0.33475468903701683,0
Haryana,Jhajjar,2025-10-23,1,1.15,5,0.0,0,0.19755681818181803,0
Haryana,Jhajjar,2025-10-24,1,1.13,5,0.0,0,0.10635617160617157,0
Haryana,Jhajjar,2025-10-25,2,4.25,5,1.0,0,0.24183240726449565,0
Haryana,Jhajjar,2025-10-26,2,1.12,5,1.0,0,0.09200336100070143,0
Haryana,Jhajjar,2025-10-27,0,0.0,5,1.0,0,0.23830390212624258,0
Haryana,Jhajjar,2025-10-28,0,0.0,5,0.0,0,0.1141529197752602,0
Haryana,Jhajjar,2025-10-29,0,0.0,5,3.0,1,0.1910712780127673,0
Haryana,Jhajjar,2025-10-30,1,0.91,5,4.0,1,0.08863895132645133,0
Haryana,Jhajjar,2025-10-31,1,0.57,5,3.0,1,0.10527017427017422,0
Haryana,Jhajjar,2025-11-01,1,0.77,5,2.0,0,0.11077205758189795,0
Haryana,Jhajjar,2025-11-02,0,0.0,5,6.0,1,0.11356579856313892,0
Haryana,Jhajjar,2025-11-03,3,8.49,5,5.0,1,0.14509083481877588,0
Haryana,Jhajjar,2025-11-04,4,2.5,5,4.0,1,0.104084557581898,0
Haryana,Jhajjar,2025-11-05,3,6.62,5,2.0,0,0.3053354218880535,0
Haryana,Jhajjar,2025-11-06,2,1.1,5,1.0,0,0.38820802808302823,1
Haryana,Jhajjar,2025-11-07,6,8.28,5,2.0,0,0.29230862193362195,0
Haryana,Jhajjar,2025-11-08,5,6.8,5,3.0,1,0.42155004717504724,1
Haryana,Jhajjar,2025-11-09,4,7.279999999999999,5,1.0,0,0.39533348595848605,1
Haryana,Jhajjar,2025-11-10,2,1.23,5,1.0,0,0.3417803585303587,0
Haryana,Jhajjar,2025-11-11,1,3.82,5,5.0,1,0.45006130813630835,1
Haryana,Jhajjar,2025-11-12,2,3.26,5,7.0,1,0.4103626789876791,1
Haryana,Jhajjar,2025-11-13,3,6.0600000000000005,5,6.0,1,0.325965700965701,0
Haryana,Jhajjar,2025-11-14,1,0.54,5,4.0,1,0.35170614108114123,0
Haryana,Jhajjar,2025-11-15,1,4.74,5,0.0,0,0.4075337384837384,1
Haryana,Jhajjar,2025-11-16,5,13.74,5,3.0,1,0.41412788600288614,1
Haryana,Jhajjar,2025-11-17,7,15.0,5,2.0,0,0.34462842712842723,0
Haryana,Jhajjar,2025-11-18,6,14.7,5,6.0,1,0.4349092712842711,1
Haryana,Jhajjar,2025-11-19,4,8.95,5,2.0,0,0.4118636363636364,1
Haryana,Jhajjar,2025-11-20,0,0.0,5,2.0,0,0.1022682178932179,0
Haryana,Jhajjar,2025-11-21,3,8.0,5,4.0,1,0.132313492063492,0
Haryana,Jhajjar,2025-11-22,2,1.39,5,6.0,1,0.17698051948051943,0
Haryana,Jhajjar,2025-11-23,6,11.22,5,1.0,0,0.24519043637521892,0
Haryana,Jind,2025-10-15,5,15.27,5,13.0,1,0.7168194444444448,1
Haryana,Jind,2025-10-16,0,0.0,5,5.0,1,0.5178651999184785,1
Haryana,Jind,2025-10-17,0,0.0,5,5.0,1,0.49600596855844103,1
Haryana,Jind,2025-10-18,0,0.0,5,0.0,0,0.6204998080522802,1
Haryana,Jind,2025-10-19,4,11.75,5,0.0,0,0.6442762376512374,1
Haryana,Jind,2025-10-20,13,46.29,5,6.0,1,0.862935413016935,1
Haryana,Jind,2025-10-21,5,15.15,5,5.0,1,0.804559315684316,1
Haryana,Jind,2025-10-22,5,12.64,5,6.0,1,0.7459332611832614,1
Haryana,Jind,2025-10-23,0,0.0,5,0.0,0,0.4545755198273278,1
Haryana,Jind,2025-10-24,0,0.0,5,2.0,0,0.4291083765670989,1
Haryana,Jind,2025-10-25,6,44.53,5,0.0,0,0.7666903096903102,1
Haryana,Jind,2025-10-26,5,11.43,5,1.0,0,0.660928391053391,1
Haryana,Jind,2025-10-27,6,37.02,5,7.0,1,0.8471576479076482,1
Haryana,Jind,2025-10-28,0,0.0,5,8.0,1,0.5849966304381197,1
Haryana,Jind,2025-10-29,2,15.7,5,4.0,1,0.724307178932179,1
Haryana,Jind,2025-10-30,0,0.0,5,3.0,1,0.45585686226855593,1
Haryana,Jind,2025-10-31,1,8.84,5,7.0,1,0.39850790875790887,1
Haryana,Jind,2025-11-01,7,25.89,5,15.0,1,0.6138519099947669,1
Haryana,Jind,2025-11-02,8,34.84,5,15.0,1,0.6350571258806553,1
Haryana,Jind,2025-11-03,4,43.44,5,25.0,1,0.4264923881673881,1
Haryana,Jind,2025-11-04,3,11.98,5,39.0,1,0.6142950105450106,1
Haryana,Jind,2025-11-05,7,21.12,5,38.0,1,0.6021376262626262,1
Haryana,Jind,2025-11-06,15,59.03,5,28.0,1,0.4925759230965111,1
Haryana,Jind,2025-11-07,15,46.17,5,14.0,1,0.5556740259740262,1
Haryana,Jind,2025-11-08,25,135.33,5,12.0,1,0.7045000000000001,1
Haryana,Jind,2025-11-09,39,183.54,5,2.0,0,0.8486884920634924,1
Haryana,Jind,2025-11-10,38,135.94,5,13.0,1,0.9096735209235213,1
Haryana,Jind,2025-11-11,28,146.05,5,17.0,1,0.6191126984126983,1
Haryana,Jind,2025-11-12,14,55.67,5,6.0,1,0.6617757936507936,1
Haryana,Jind,2025-11-13,12,60.45,5,3.0,1,0.6761642857142856,1
Haryana,Jind,2025-11-14,2,9.46,5,2.0,0,0.6841381673881674,1
Haryana,Jind,2025-11-15,13,65.2,5,6.0,1,0.5826636002886004,1
Haryana,Jind,2025-11-16,17,91.54,5,6.0,1,0.5351451326451326,1
Haryana,Jind,2025-11-17,6,23.5,5,3.0,1,0.5703740079365079,1
Haryana,Jind,2025-11-18,3,20.93,5,2.0,0,0.48780727442492156,1
Haryana,Jind,2025-11-19,2,10.02,5,2.0,0,0.2932370129870131,0
Haryana,Jind,2025-11-20,6,9.34,5,0.0,0,0.16333631052690703,0
Haryana,Jind,2025-11-21,6,16.43,5,4.0,1,0.21109182665160922,0
Haryana,Jind,2025-11-22,3,7.59,5,1.0,0,0.1753653381642511,0
Haryana,Jind,2025-11-23,2,6.34,5,0.0,0,0.16125849673202602,0
Haryana,Kaithal,2025-10-15,0,0.0,5,2.0,0,0.07376854298801974,0
Haryana,Kaithal,2025-10-16,1,4.43,5,9.0,1,0.424414954582961,1
Haryana,Kaithal,2025-10-17,0,0.0,5,1.0,0,0.07853799685286834,0
Haryana,Kaithal,2025-10-18,1,2.39,5,0.0,0,0.42246805798368314,1
Haryana,Kaithal,2025-10-19,2,17.11,5,0.0,0,0.5917616435851731,1
Haryana,Kaithal,2025-10-20,2,8.18,5,1.0,0,0.5143370657120656,1
Haryana,Kaithal,2025-10-21,9,38.37,5,9.0,1,0.8002827739892959,1
Haryana,Kaithal,2025-10-22,1,7.84,5,5.0,1,0.6569812132312134,1
Haryana,Kaithal,2025-10-23,0,0.0,5,0.0,0,0.5416533350808074,1
Haryana,Kaithal,2025-10-24,0,0.0,5,2.0,0,0.40977555938428184,1
Haryana,Kaithal,2025-10-25,1,4.02,5,2.0,0,0.4725467587967589,1
Haryana,Kaithal,2025-10-26,9,23.36,5,1.0,0,0.7093212176712178,1
Haryana,Kaithal,2025-10-27,5,13.84,5,7.0,1,0.7217886002886003,1
Haryana,Kaithal,2025-10-28,0,0.0,5,6.0,1,0.6394846171246359,1
Haryana,Kaithal,2025-10-29,2,10.18,5,3.0,1,0.6316307720057722,1
Haryana,Kaithal,2025-10-30,2,4.83,5,1.0,0,0.4948482350982352,1
Haryana,Kaithal,2025-10-31,1,3.67,5,3.0,1,0.455480258303788,1
Haryana,Kaithal,2025-11-01,7,31.16,5,7.0,1,0.6766412892662893,1
Haryana,Kaithal,2025-11-02,6,42.95,5,4.0,1,0.674295791181998,1
Haryana,Kaithal,2025-11-03,3,14.52,5,7.0,1,0.5714592352092353,1
Haryana,Kaithal,2025-11-04,1,4.24,5,8.0,1,0.48510422910422923,1
Haryana,Kaithal,2025-11-05,3,14.22,5,5.0,1,0.5467911003724958,1
Haryana,Kaithal,2025-11-06,7,18.85,5,13.0,1,0.5622050865800865,1
Haryana,Kaithal,2025-11-07,4,15.5,5,4.0,1,0.4346964285714286,1
Haryana,Kaithal,2025-11-08,7,42.07,5,4.0,1,0.4652359307359308,1
Haryana,Kaithal,2025-11-09,8,29.88,5,1.0,0,0.5473710317460317,1
Haryana,Kaithal,2025-11-10,5,17.439999999999998,5,1.0,0,0.579561507936508,1
Haryana,Kaithal,2025-11-11,13,45.1,5,1.0,0,0.5246821428571427,1
Haryana,Kaithal,2025-11-12,4,7.75,5,0.0,0,0.355525224775225,0
Haryana,Kaithal,2025-11-13,4,9.64,5,4.0,1,0.3991283993783994,1
Haryana,Kaithal,2025-11-14,1,2.79,5,0.0,0,0.26542127098048146,0
Haryana,Kaithal,2025-11-15,1,3.79,5,1.0,0,0.2961985930735931,0
Haryana,Kaithal,2025-11-16,1,2.22,5,0.0,0,0.3141924603174604,0
Haryana,Kaithal,2025-11-17,0,0.0,5,0.0,0,0.21992081529581534,0
Haryana,Kaithal,2025-11-18,4,9.01,5,2.0,0,0.27712644300144296,0
Haryana,Kaithal,2025-11-19,0,0.0,5,8.0,1,0.265049062049062,0
Haryana,Kaithal,2025-11-20,1,0.59,5,5.0,1,0.12329797979797971,0
Haryana,Kaithal,2025-11-21,0,0.0,5,0.0,0,0.13609722222222215,0
Haryana,Kaithal,2025-11-22,0,0.0,5,0.0,0,0.078711038961039,0
Haryana,Kaithal,2025-11-23,2,2.01,5,0.0,0,0.1079940476190476,0
Haryana,Karnal,2025-10-15,0,0.0,5,4.0,1,0.0718875346338656,0
Haryana,Karnal,2025-10-16,0,0.0,5,4.0,1,0.08089039982423081,0
Haryana,Karnal,2025-10-17,0,0.0,5,2.0,0,0.12320925830315022,0
Haryana,Karnal,2025-10-18,0,0.0,5,1.0,0,0.16314288120479628,0
Haryana,Karnal,2025-10-19,3,12.39,5,0.0,0,0.6246659765355418,1
Haryana,Karnal,2025-10-20,4,14.71,5,1.0,0,0.6641971802707098,1
Haryana,Karnal,2025-10-21,4,12.98,5,2.0,0,0.6106083083583084,1
Haryana,Karnal,2025-10-22,2,3.56,5,1.0,0,0.6651653232388526,1
Haryana,Karnal,2025-10-23,1,5.09,5,0.0,0,0.5607272172272171,1
Haryana,Karnal,2025-10-24,0,0.0,5,0.0,0,0.40719558881978235,1
Haryana,Karnal,2025-10-25,1,1.91,5,0.0,0,0.31255402618215133,0
Haryana,Karnal,2025-10-26,2,4.8,5,2.0,0,0.41227038239538244,1
Haryana,Karnal,2025-10-27,1,0.54,5,1.0,0,0.34439481351981355,0
Haryana,Karnal,2025-10-28,0,0.0,5,1.0,0,0.3910414328579222,1
Haryana,Karnal,2025-10-29,0,0.0,5,0.0,0,0.10331771006771005,0
Haryana,Karnal,2025-10-30,0,0.0,5,2.0,0,0.12949393661893654,0
Haryana,Karnal,2025-10-31,2,7.67,5,3.0,1,0.24357802440614942,0
Haryana,Karnal,2025-11-01,1,4.13,5,9.0,1,0.2268942023802221,0
Haryana,Karnal,2025-11-02,1,3.3,5,6.0,1,0.2588460242587601,0
Haryana,Karnal,2025-11-03,0,0.0,5,6.0,1,0.2553058779282184,0
Haryana,Karnal,2025-11-04,2,8.219999999999999,5,1.0,0,0.18171255864019017,0
Haryana,Karnal,2025-11-05,3,7.050000000000001,5,2.0,0,0.24689209726443778,0
Haryana,Karnal,2025-11-06,9,21.36,5,0.0,0,0.4731973304473307,1
Haryana,Karnal,2025-11-07,6,20.0,5,1.0,0,0.5141614357864357,1
Haryana,Karnal,2025-11-08,6,30.8,5,2.0,0,0.5644305555555554,1
Haryana,Karnal,2025-11-09,1,5.56,5,0.0,0,0.3394583333333334,0
Haryana,Karnal,2025-11-10,2,9.34,5,0.0,0,0.38482101086048465,1
Haryana,Karnal,2025-11-11,0,0.0,5,0.0,0,0.4240213792055899,1
Haryana,Karnal,2025-11-12,1,3.08,5,1.0,0,0.3460137085137087,0
Haryana,Karnal,2025-11-13,2,13.18,5,0.0,0,0.3817106504606505,1
Haryana,Karnal,2025-11-14,0,0.0,5,0.0,0,0.28853445165945185,0
Haryana,Karnal,2025-11-15,0,0.0,5,0.0,0,0.2848100649350651,0
Haryana,Karnal,2025-11-16,0,0.0,5,0.0,0,0.26518286205520264,0
Haryana,Karnal,2025-11-17,1,1.76,5,1.0,0,0.1255215323718139,0
Haryana,Karnal,2025-11-18,0,0.0,5,0.0,0,0.15449014180264167,0
Haryana,Karnal,2025-11-19,0,0.0,5,0.0,0,0.015476190476190477,0
Haryana,Karnal,2025-11-20,0,0.0,5,0.0,0,0.1443008658008657,0
Haryana,Karnal,2025-11-21,0,0.0,5,1.0,0,0.05628841991341992,0
Haryana,Karnal,2025-11-22,1,2.4,5,6.0,1,0.07656450697994815,0
Haryana,Karnal,2025-11-23,0,0.0,5,0.0,0,0.021226190476190475,0
Haryana,Kurukshetra,2025-10-15,2,4.220000000000001,5,3.0,1,0.40218328657776353,1
Haryana,Kurukshetra,2025-10-16,2,1.68,5,4.0,1,0.2763304047373815,0
Haryana,Kurukshetra,2025-10-17,1,3.6,5,2.0,0,0.36291723457421127,0
Haryana,Kurukshetra,2025-10-18,1,2.98,5,1.0,0,0.41791598207871805,1
Haryana,Kurukshetra,2025-10-19,3,7.859999999999999,5,0.0,0,0.5008156010656012,1
Haryana,Kurukshetra,2025-10-20,3,7.65,5,4.0,1,0.4510971944721945,1
Haryana,Kurukshetra,2025-10-21,4,27.3,5,5.0,1,0.7471578334859588,1
Haryana,Kurukshetra,2025-10-22,2,3.28,5,5.0,1,0.6264540622775919,1
Haryana,Kurukshetra,2025-10-23,1,3.28,5,0.0,0,0.5489363275613277,1
Haryana,Kurukshetra,2025-10-24,0,0.0,5,0.0,0,0.39649500382872627,1
Haryana,Kurukshetra,2025-10-25,4,24.44,5,0.0,0,0.6411037240537241,1
Haryana,Kurukshetra,2025-10-26,5,11.87,5,1.0,0,0.7216960678210679,1
Haryana,Kurukshetra,2025-10-27,5,17.99,5,3.0,1,0.7756993145743148,1
Haryana,Kurukshetra,2025-10-28,0,0.0,5,1.0,0,0.6179547025947215,1
Haryana,Kurukshetra,2025-10-29,0,0.0,5,0.0,0,0.5393568442310379,1
Haryana,Kurukshetra,2025-10-30,0,0.0,5,0.0,0,0.539943349392543,1
Haryana,Kurukshetra,2025-10-31,1,1.69,5,0.0,0,0.2384412602542258,0
Haryana,Kurukshetra,2025-11-01,3,14.97,5,0.0,0,0.6170048840048841,1
Haryana,Kurukshetra,2025-11-02,1,2.76,5,0.0,0,0.481566378066378,1
Haryana,Kurukshetra,2025-11-03,0,0.0,5,0.0,0,0.33537554112554124,0
Haryana,Kurukshetra,2025-11-04,0,0.0,5,3.0,1,0.32291485163021916,0
Haryana,Kurukshetra,2025-11-05,0,0.0,5,0.0,0,0.04323823723557765,0
Haryana,Kurukshetra,2025-11-06,0,0.0,5,0.0,0,0.17899383719117756,0
Haryana,Kurukshetra,2025-11-07,0,0.0,5,0.0,0,0.03934844647078689,0
Haryana,Kurukshetra,2025-11-08,0,0.0,5,0.0,0,0.17427047583031613,0
Haryana,Kurukshetra,2025-11-09,3,2.71,5,0.0,0,0.06596699134199137,0
Haryana,Kurukshetra,2025-11-10,0,0.0,5,0.0,0,0.05328874228608272,0
Haryana,Kurukshetra,2025-11-11,0,0.0,5,0.0,0,0.013562965611776627,0
Haryana,Kurukshetra,2025-11-12,0,0.0,5,0.0,0,0.07300198412698414,0
Haryana,Kurukshetra,2025-11-13,0,0.0,5,7.0,1,0.008272744870305847,0
Haryana,Kurukshetra,2025-11-14,0,0.0,5,0.0,0,0.019207726080066507,0
Haryana,Kurukshetra,2025-11-15,0,0.0,5,0.0,0,0.03817460317460318,0
Haryana,Kurukshetra,2025-11-16,0,0.0,5,0.0,0,0.02054090678824721,0
Haryana,Kurukshetra,2025-11-17,0,0.0,5,0.0,0,0.0017886178861788618,0
Haryana,Kurukshetra,2025-11-18,7,10.6,5,1.0,0,0.14585165732959843,0
Haryana,Kurukshetra,2025-11-19,0,0.0,5,0.0,0,0.12759340659340654,0
Haryana,Kurukshetra,2025-11-20,0,0.0,5,0.0,0,0.0800030916795623,0
Haryana,Kurukshetra,2025-11-21,0,0.0,5,1.0,0,0.1693932154446859,0
Haryana,Kurukshetra,2025-11-22,0,0.0,5,0.0,0,0.004931475029036004,0
Haryana,Kurukshetra,2025-11-23,1,5.1,5,0.0,0,0.2010171078921079,0
Haryana,Mahendragarh,2025-10-15,0,0.0,5,0.0,0,0.09397921861413652,0
Haryana,Mahendragarh,2025-10-16,0,0.0,5,0.0,0,0.018479075037906002,0
Haryana,Mahendragarh,2025-10-17,0,0.0,5,0.0,0,0.07397926717668513,0
Haryana,Mahendragarh,2025-10-18,0,0.0,5,0.0,0,0.023926767203621423,0
Haryana,Mahendragarh,2025-10-19,0,0.0,5,0.0,0,0.09520375126392924,0
Haryana,Mahendragarh,2025-10-20,0,0.0,5,0.0,0,0.08416277530519015,0
Haryana,Mahendragarh,2025-10-21,0,0.0,5,0.0,0,0.10179142005225593,0
Haryana,Mahendragarh,2025-10-22,0,0.0,5,0.0,0,0.05725959077042671,0
Haryana,Mahendragarh,2025-10-23,0,0.0,5,0.0,0,0.022607282806222314,0
Haryana,Mahendragarh,2025-10-24,0,0.0,5,0.0,0,0.00559267241661193,0
Haryana,Mahendragarh,2025-10-25,0,0.0,5,0.0,0,0.01112895630815898,0
Haryana,Mahendragarh,2025-10-26,0,0.0,5,0.0,0,0.054178162219206995,0
Haryana,Mahendragarh,2025-10-27,0,0.0,5,2.0,0,0.060726683142727916,0
Haryana,Mahendragarh,2025-10-28,0,0.0,5,0.0,0,0.06565015701185396,0
Haryana,Mahendragarh,2025-10-29,0,0.0,5,0.0,0,0.061982455148499926,0
Haryana,Mahendragarh,2025-10-30,0,0.0,5,0.0,0,0.05520179136783614,0
Haryana,Mahendragarh,2025-10-31,0,0.0,5,0.0,0,0.03193573797678275,0
Haryana,Mahendragarh,2025-11-01,2,5.1,5,0.0,0,0.03921385069179186,0
Haryana,Mahendragarh,2025-11-02,0,0.0,5,0.0,0,0.0701574291547696,0
Haryana,Mahendragarh,2025-11-03,0,0.0,5,0.0,0,0.025844711643522658,0
Haryana,Mahendragarh,2025-11-04,0,0.0,5,0.0,0,0.049257410056221064,0
Haryana,Mahendragarh,2025-11-05,0,0.0,5,0.0,0,0.009680326721371499,0
Haryana,Mahendragarh,2025-11-06,0,0.0,5,0.0,0,0.04899863410994512,0
Haryana,Mahendragarh,2025-11-07,0,0.0,5,0.0,0,0.008043650793650794,0
Haryana,Mahendragarh,2025-11-08,0,0.0,5,0.0,0,0.09648689064155866,0
Haryana,Mahendragarh,2025-11-09,0,0.0,5,1.0,0,0.0032738095238095235,0
Haryana,Mahendragarh,2025-11-10,0,0.0,5,2.0,0,0.008702380952380953,0
Haryana,Mahendragarh,2025-11-11,0,0.0,5,1.0,0,0.004702380952380952,0
Haryana,Mahendragarh,2025-11-12,0,0.0,5,0.0,0,0.0032738095238095235,0
Haryana,Mahendragarh,2025-11-13,0,0.0,5,0.0,0,0.00494047619047619,0
Haryana,Mahendragarh,2025-11-14,1,3.35,5,0.0,0,0.049773374501315665,0
Haryana,Mahendragarh,2025-11-15,2,8.9,5,1.0,0,0.10905140692640687,0
Haryana,Mahendragarh,2025-11-16,1,2.3,5,0.0,0,0.12365472352706389,0
Haryana,Mahendragarh,2025-11-17,0,0.0,5,0.0,0,0.14393376393110424,0
Haryana,Mahendragarh,2025-11-18,0,0.0,5,0.0,0,0.13400627475361507,0
Haryana,Mahendragarh,2025-11-19,0,0.0,5,0.0,0,0.07029379403276464,0
Haryana,Mahendragarh,2025-11-20,1,0.61,5,0.0,0,0.02806113410994512,0
Haryana,Mahendragarh,2025-11-21,0,0.0,5,0.0,0,0.018290906788247213,0
Haryana,Mahendragarh,2025-11-22,0,0.0,5,0.0,0,0.05952990390224434,0
Haryana,Mahendragarh,2025-11-23,0,0.0,5,0.0,0,0.045386634199134204,0
Haryana,Nuh,2025-10-15,0,0.0,5,1.0,0,0.10441577443304526,0
Haryana,Nuh,2025-10-16,0,0.0,5,0.0,0,0.055113064071511404,0
Haryana,Nuh,2025-10-17,0,0.0,5,0.0,0,0.09305773745368479,0
Haryana,Nuh,2025-10-18,0,0.0,5,0.0,0,0.07108058859974065,0
Haryana,Nuh,2025-10-19,1,5.29,5,0.0,0,0.46961240530303044,1
Haryana,Nuh,2025-10-20,1,3.84,5,0.0,0,0.4533300865800869,1
Haryana,Nuh,2025-10-21,0,0.0,5,0.0,0,0.22932898683711742,0
Haryana,Nuh,2025-10-22,0,0.0,5,0.0,0,0.20141180009388834,0
Haryana,Nuh,2025-10-23,0,0.0,5,0.0,0,0.07808389986391526,0
Haryana,Nuh,2025-10-24,0,0.0,5,0.0,0,0.05878616981618519,0
Haryana,Nuh,2025-10-25,0,0.0,5,0.0,0,0.06441844653069874,0
Haryana,Nuh,2025-10-26,0,0.0,5,0.0,0,0.09942290980878214,0
Haryana,Nuh,2025-10-27,0,0.0,5,0.0,0,0.06948461965066444,0
Haryana,Nuh,2025-10-28,0,0.0,5,0.0,0,0.05536390160059855,0
Haryana,Nuh,2025-10-29,0,0.0,5,0.0,0,0.05790202541563117,0
Haryana,Nuh,2025-10-30,0,0.0,5,0.0,0,0.04327323753684329,0
Haryana,Nuh,2025-10-31,0,0.0,5,0.0,0,0.04698535874896449,0
Haryana,Nuh,2025-11-01,0,0.0,5,0.0,0,0.01787370651231226,0
Haryana,Nuh,2025-11-02,0,0.0,5,0.0,0,0.03581835535940014,0
Haryana,Nuh,2025-11-03,0,0.0,5,0.0,0,0.012005723546768321,0
Haryana,Nuh,2025-11-04,0,0.0,5,0.0,0,0.013002133640739393,0
Haryana,Nuh,2025-11-05,0,0.0,5,0.0,0,0.014699103337709088,0
Haryana,Nuh,2025-11-06,0,0.0,5,2.0,0,0.019012054275660027,0
Haryana,Nuh,2025-11-07,0,0.0,5,0.0,0,0.004713221060782037,0
Haryana,Nuh,2025-11-08,0,0.0,5,0.0,0,0.0019076655052264807,0
Haryana,Nuh,2025-11-09,0,0.0,5,0.0,0,0.0019076655052264807,0
Haryana,Nuh,2025-11-10,0,0.0,5,0.0,0,0.0019076655052264807,0
Haryana,Nuh,2025-11-11,2,6.26,5,0.0,0,0.05701940624734743,0
Haryana,Nuh,2025-11-12,0,0.0,5,0.0,0,0.013202703325043752,0
Haryana,Nuh,2025-11-13,0,0.0,5,0.0,0,0.012967727516538533,0
Haryana,Nuh,2025-11-14,0,0.0,5,0.0,0,0.10440820370701469,0
Haryana,Nuh,2025-11-15,0,0.0,5,0.0,0,0.005062427409988386,0
Haryana,Nuh,2025-11-16,0,0.0,5,0.0,0,0.028741689665500683,0
Haryana,Nuh,2025-11-17,0,0.0,5,0.0,0,0.0019076655052264807,0
Haryana,Nuh,2025-11-18,0,0.0,5,0.0,0,0.07384105730822534,0
Haryana,Nuh,2025-11-19,0,0.0,5,0.0,0,0.0022648083623693378,0
Haryana,Nuh,2025-11-20,0,0.0,5,0.0,0,0.0016219512195121953,0
Haryana,Nuh,2025-11-21,0,0.0,5,0.0,0,0.0016219512195121953,0
Haryana,Nuh,2025-11-22,0,0.0,5,0.0,0,0.00012195121951219512,0
Haryana,Nuh,2025-11-23,0,0.0,5,0.0,0,0.006288347323408299,0
Haryana,Palwal,2025-10-15,0,0.0,5,4.0,1,0.09175541722489397,0
Haryana,Palwal,2025-10-16,1,4.47,5,1.0,0,0.5152072243094219,1
Haryana,Palwal,2025-10-17,0,0.0,5,5.0,1,0.09740962412910084,0
Haryana,Palwal,2025-10-18,1,5.34,5,0.0,0,0.544375747863248,1
Haryana,Palwal,2025-10-19,0,0.0,5,2.0,0,0.24025060246331037,0
Haryana,Palwal,2025-10-20,4,13.01,5,0.0,0,0.566919890873016,1
Haryana,Palwal,2025-10-21,1,3.63,5,3.0,1,0.5771219479878086,1
Haryana,Palwal,2025-10-22,5,14.67,5,0.0,0,0.614454365079365,1
Haryana,Palwal,2025-10-23,0,0.0,5,0.0,0,0.5640580556738344,1
Haryana,Palwal,2025-10-24,2,3.73,5,0.0,0,0.3093002795815296,0
Haryana,Palwal,2025-10-25,0,0.0,5,0.0,0,0.6253300113417049,1
Haryana,Palwal,2025-10-26,3,6.22,5,0.0,0,0.22376020711314834,0
Haryana,Palwal,2025-10-27,0,0.0,5,2.0,0,0.6741294870699478,1
Haryana,Palwal,2025-10-28,0,0.0,5,6.0,1,0.0702923023225375,0
Haryana,Palwal,2025-10-29,0,0.0,5,6.0,1,0.4406268776418966,1
Haryana,Palwal,2025-10-30,0,0.0,5,0.0,0,0.05825876217480696,0
Haryana,Palwal,2025-10-31,0,0.0,5,2.0,0,0.1210821374873726,0
Haryana,Palwal,2025-11-01,2,4.73,5,2.0,0,0.08340066010378512,0
Haryana,Palwal,2025-11-02,6,27.17,5,1.0,0,0.3386935148185149,0
Haryana,Palwal,2025-11-03,6,38.2,5,0.0,0,0.6528278690263984,1
Haryana,Palwal,2025-11-04,0,0.0,5,0.0,0,0.4784458596958598,1
Haryana,Palwal,2025-11-05,2,5.569999999999999,5,5.0,1,0.42748008278271427,1
Haryana,Palwal,2025-11-06,2,9.58,5,1.0,0,0.39548997011760184,1
Haryana,Palwal,2025-11-07,1,4.13,5,0.0,0,0.3042290764790765,0
Haryana,Palwal,2025-11-08,0,0.0,5,0.0,0,0.3691949556291664,0
Haryana,Palwal,2025-11-09,0,0.0,5,2.0,0,0.2995187590187591,0
Haryana,Palwal,2025-11-10,5,21.46,5,0.0,0,0.4170421717171716,1
Haryana,Palwal,2025-11-11,1,3.68,5,0.0,0,0.24431739094239102,0
Haryana,Palwal,2025-11-12,0,0.0,5,0.0,0,0.21466131091131097,0
Haryana,Palwal,2025-11-13,0,0.0,5,0.0,0,0.24918362193362192,0
Haryana,Palwal,2025-11-14,2,5.72,5,0.0,0,0.12105494015788128,0
Haryana,Palwal,2025-11-15,0,0.0,5,1.0,0,0.16068764674419758,0
Haryana,Palwal,2025-11-16,0,0.0,5,0.0,0,0.05506742193976237,0
Haryana,Palwal,2025-11-17,0,0.0,5,0.0,0,0.1760090187590187,0
Haryana,Palwal,2025-11-18,0,0.0,5,0.0,0,0.016125,0
Haryana,Palwal,2025-11-19,0,0.0,5,0.0,0,0.027366224053724054,0
Haryana,Palwal,2025-11-20,1,3.08,5,0.0,0,0.057089743589743586,0
Haryana,Palwal,2025-11-21,0,0.0,5,0.0,0,0.052969478216818654,0
Haryana,Palwal,2025-11-22,0,0.0,5,1.0,0,0.00625,0
Haryana,Palwal,2025-11-23,0,0.0,5,0.0,0,0.08252404295051358,0
Haryana,Panchkula,2025-10-15,0,0.0,5,2.0,0,0.18021762713543968,0
Haryana,Panchkula,2025-10-16,0,0.0,5,1.0,0,0.13192983159764418,0
Haryana,Panchkula,2025-10-17,0,0.0,5,0.0,0,0.09108600765029434,0
Haryana,Panchkula,2025-10-18,0,0.0,5,0.0,0,0.1358549549497648,0
Haryana,Panchkula,2025-10-19,0,0.0,5,0.0,0,0.20024360905881358,0
Haryana,Panchkula,2025-10-20,2,9.82,5,0.0,0,0.5650708286278939,1
Haryana,Panchkula,2025-10-21,1,0.5,5,0.0,0,0.24754166195439775,0
Haryana,Panchkula,2025-10-22,0,0.0,5,0.0,0,0.23863324507887576,0
Haryana,Panchkula,2025-10-23,0,0.0,5,1.0,0,0.2265752747770999,0
Haryana,Panchkula,2025-10-24,0,0.0,5,0.0,0,0.09885184270538745,0
Haryana,Panchkula,2025-10-25,0,0.0,5,0.0,0,0.17958500775540245,0
Haryana,Panchkula,2025-10-26,0,0.0,5,2.0,0,0.07914316943421422,0
Haryana,Panchkula,2025-10-27,0,0.0,5,0.0,0,0.18539591793223487,0
Haryana,Panchkula,2025-10-28,1,3.76,5,0.0,0,0.21950986201298697,0
Haryana,Panchkula,2025-10-29,0,0.0,5,0.0,0,0.07869409063159066,0
Haryana,Panchkula,2025-10-30,0,0.0,5,0.0,0,0.05946775457129936,0
Haryana,Panchkula,2025-10-31,2,6.43,5,0.0,0,0.200743871059496,0
Haryana,Panchkula,2025-11-01,0,0.0,5,0.0,0,0.06800696850430893,0
Haryana,Panchkula,2025-11-02,0,0.0,5,0.0,0,0.07675861378884896,0
Haryana,Panchkula,2025-11-03,0,0.0,5,0.0,0,0.10799429404426601,0
Haryana,Panchkula,2025-11-04,0,0.0,5,0.0,0,0.024723616764661536,0
Haryana,Panchkula,2025-11-05,0,0.0,5,0.0,0,0.0230234464707869,0
Haryana,Panchkula,2025-11-06,0,0.0,5,0.0,0,0.018677819066424815,0
Haryana,Panchkula,2025-11-07,0,0.0,5,0.0,0,0.04944522397489199,0
Haryana,Panchkula,2025-11-08,0,0.0,5,0.0,0,0.00012195121951219512,0
Haryana,Panchkula,2025-11-09,0,0.0,5,0.0,0,0.0008362369337979093,0
Haryana,Panchkula,2025-11-10,0,0.0,5,0.0,0,0.00012195121951219512,0
Haryana,Panchkula,2025-11-11,0,0.0,5,0.0,0,0.0016666666666666666,0
Haryana,Panchkula,2025-11-12,0,0.0,5,0.0,0,0.004891792489353466,0
Haryana,Panchkula,2025-11-13,0,0.0,5,0.0,0,0.00560607820363918,0
Haryana,Panchkula,2025-11-14,0,0.0,5,0.0,0,0.0016666666666666666,0
Haryana,Panchkula,2025-11-15,0,0.0,5,0.0,0,0.002502903600464576,0
Haryana,Panchkula,2025-11-16,0,0.0,5,0.0,0,0.007272744870305846,0
Haryana,Panchkula,2025-11-17,0,0.0,5,0.0,0,0.00012195121951219512,0
Haryana,Panchkula,2025-11-18,0,0.0,5,0.0,0,0.0008362369337979093,0
Haryana,Panchkula,2025-11-19,0,0.0,5,0.0,0,0.0008362369337979093,0
Haryana,Panchkula,2025-11-20,0,0.0,5,0.0,0,0.00012195121951219512,0
Haryana,Panchkula,2025-11-21,0,0.0,5,0.0,0,0.00012195121951219512,0
Haryana,Panchkula,2025-11-22,0,0.0,5,0.0,0,0.0008362369337979093,0
Haryana,Panchkula,2025-11-23,0,0.0,5,0.0,0,0.006127903600464576,0
Haryana,Panipat,2025-10-15,1,1.45,5,0.0,0,0.2599658355851285,0
Haryana,Panipat,2025-10-16,2,8.879999999999999,5,0.0,0,0.4864270622669435,1
Haryana,Panipat,2025-10-17,0,0.0,5,3.0,1,0.2947704541230615,0
Haryana,Panipat,2025-10-18,2,2.96,5,0.0,0,0.24831270260964908,0
Haryana,Panipat,2025-10-19,4,7.12,5,0.0,0,0.3772379981129982,1
Haryana,Panipat,2025-10-20,0,0.0,5,0.0,0,0.3213604867354868,0
Haryana,Panipat,2025-10-21,0,0.0,5,1.0,0,0.44636971871797443,1
Haryana,Panipat,2025-10-22,3,3.89,5,0.0,0,0.2928850271592209,0
Haryana,Panipat,2025-10-23,0,0.0,5,0.0,0,0.29774623293373303,0
Haryana,Panipat,2025-10-24,0,0.0,5,0.0,0,0.2151864604693553,0
Haryana,Panipat,2025-10-25,0,0.0,5,0.0,0,0.13712438949938938,0
Haryana,Panipat,2025-10-26,1,3.35,5,0.0,0,0.35594873074229705,0
Haryana,Panipat,2025-10-27,0,0.0,5,0.0,0,0.11742511655011648,0
Haryana,Panipat,2025-10-28,0,0.0,5,1.0,0,0.12587351547706022,0
Haryana,Panipat,2025-10-29,0,0.0,5,0.0,0,0.16567710067710062,0
Haryana,Panipat,2025-10-30,0,0.0,5,0.0,0,0.10839151830756305,0
Haryana,Panipat,2025-10-31,0,0.0,5,0.0,0,0.10010853739958217,0
Haryana,Panipat,2025-11-01,0,0.0,5,2.0,0,0.08445612037216517,0
Haryana,Panipat,2025-11-02,1,2.87,5,4.0,1,0.13911277611277606,0
Haryana,Panipat,2025-11-03,0,0.0,5,0.0,0,0.06695138888888891,0
Haryana,Panipat,2025-11-04,0,0.0,5,6.0,1,0.04969268242122721,0
Haryana,Panipat,2025-11-05,0,0.0,5,0.0,0,0.09649517159871636,0
Haryana,Panipat,2025-11-06,2,4.41,5,1.0,0,0.06880862193362193,0
Haryana,Panipat,2025-11-07,4,8.63,5,2.0,0,0.2070512265512265,0
Haryana,Panipat,2025-11-08,0,0.0,5,2.0,0,0.16466438856962362,0
Haryana,Panipat,2025-11-09,6,16.25,5,0.0,0,0.3662650960150959,0
Haryana,Panipat,2025-11-10,0,0.0,5,0.0,0,0.38412171855921856,1
Haryana,Panipat,2025-11-11,1,2.43,5,2.0,0,0.2562997557997558,0
Haryana,Panipat,2025-11-12,2,6.6,5,0.0,0,0.4621279415029417,1
Haryana,Panipat,2025-11-13,2,11.62,5,2.0,0,0.31465873015873025,0
Haryana,Panipat,2025-11-14,0,0.0,5,1.0,0,0.40899924855845926,1
Haryana,Panipat,2025-11-15,0,0.0,5,5.0,1,0.2402904595404597,0
Haryana,Panipat,2025-11-16,2,4.29,5,0.0,0,0.3290456071706071,0
Haryana,Panipat,2025-11-17,0,0.0,5,3.0,1,0.10203907528641569,0
Haryana,Panipat,2025-11-18,2,5.7,5,0.0,0,0.30657717282717295,0
Haryana,Panipat,2025-11-19,1,5.3,5,1.0,0,0.30088705738705745,0
Haryana,Panipat,2025-11-20,5,9.45,5,2.0,0,0.24299367480345746,0
Haryana,Panipat,2025-11-21,0,0.0,5,1.0,0,0.16527218614718606,0
Haryana,Panipat,2025-11-22,3,8.56,5,0.0,0,0.22016483516483526,0
Haryana,Panipat,2025-11-23,0,0.0,5,0.0,0,0.17935353535353526,0
Haryana,Rewari,2025-10-15,0,0.0,5,0.0,0,0.12991265208177707,0
Haryana,Rewari,2025-10-16,0,0.0,5,0.0,0,0.11043875920970649,0
Haryana,Rewari,2025-10-17,0,0.0,5,1.0,0,0.06692847979981076,0
Haryana,Rewari,2025-10-18,0,0.0,5,0.0,0,0.11562671211627651,0
Haryana,Rewari,2025-10-19,0,0.0,5,0.0,0,0.21301427130374495,0
Haryana,Rewari,2025-10-20,0,0.0,5,0.0,0,0.09594710281978083,0
Haryana,Rewari,2025-10-21,0,0.0,5,0.0,0,0.16008425915759492,0
Haryana,Rewari,2025-10-22,1,2.17,5,0.0,0,0.4581149614274614,1
Haryana,Rewari,2025-10-23,0,0.0,5,0.0,0,0.04212175324675324,0
Haryana,Rewari,2025-10-24,0,0.0,5,0.0,0,0.030140103056147834,0
Haryana,Rewari,2025-10-25,0,0.0,5,0.0,0,0.05528671959750122,0
Haryana,Rewari,2025-10-26,0,0.0,5,0.0,0,0.0570829241239689,0
Haryana,Rewari,2025-10-27,0,0.0,5,0.0,0,0.06966914346018824,0
Haryana,Rewari,2025-10-28,0,0.0,5,0.0,0,0.05860758846928542,0
Haryana,Rewari,2025-10-29,0,0.0,5,0.0,0,0.0617762863173311,0
Haryana,Rewari,2025-10-30,0,0.0,5,0.0,0,0.04531795298399776,0
Haryana,Rewari,2025-10-31,0,0.0,5,0.0,0,0.0486134075294523,0
Haryana,Rewari,2025-11-01,0,0.0,5,2.0,0,0.018251755292800067,0
Haryana,Rewari,2025-11-02,0,0.0,5,0.0,0,0.027790577581622355,0
Haryana,Rewari,2025-11-03,0,0.0,5,0.0,0,0.020275564816609592,0
Haryana,Rewari,2025-11-04,0,0.0,5,0.0,0,0.015046849087893865,0
Haryana,Rewari,2025-11-05,0,0.0,5,0.0,0,0.011541437832482609,0
Haryana,Rewari,2025-11-06,2,1.1800000000000002,5,0.0,0,0.023215499881544654,0
Haryana,Rewari,2025-11-07,0,0.0,5,0.0,0,0.022951621073961495,0
Haryana,Rewari,2025-11-08,0,0.0,5,0.0,0,0.016231382978723407,0
Haryana,Rewari,2025-11-09,0,0.0,5,0.0,0,0.023481382978723406,0
Haryana,Rewari,2025-11-10,0,0.0,5,0.0,0,0.0051190476190476186,0
Haryana,Rewari,2025-11-11,0,0.0,5,0.0,0,0.024271218143558572,0
Haryana,Rewari,2025-11-12,0,0.0,5,0.0,0,0.0017857142857142854,0
Haryana,Rewari,2025-11-13,0,0.0,5,0.0,0,0.04201385051119093,0
Haryana,Rewari,2025-11-14,0,0.0,5,0.0,0,0.017476190476190475,0
Haryana,Rewari,2025-11-15,0,0.0,5,0.0,0,0.01075,0
Haryana,Rewari,2025-11-16,0,0.0,5,0.0,0,0.007595238095238095,0
Haryana,Rewari,2025-11-17,0,0.0,5,0.0,0,0.0034523809523809524,0
Haryana,Rewari,2025-11-18,0,0.0,5,0.0,0,0.0017857142857142854,0
Haryana,Rewari,2025-11-19,0,0.0,5,0.0,0,0.0021428571428571425,0
Haryana,Rewari,2025-11-20,0,0.0,5,0.0,0,0.0015000000000000002,0
Haryana,Rewari,2025-11-21,0,0.0,5,0.0,0,0.0015000000000000002,0
Haryana,Rewari,2025-11-22,0,0.0,5,1.0,0,0.0,0
Haryana,Rewari,2025-11-23,0,0.0,5,0.0,0,0.007166396103896105,0
Haryana,Rohtak,2025-10-15,0,0.0,5,0.0,0,0.12752281894082507,0
Haryana,Rohtak,2025-10-16,0,0.0,5,0.0,0,0.13431646973447584,0
Haryana,Rohtak,2025-10-17,0,0.0,5,1.0,0,0.1540232768162829,0
Haryana,Rohtak,2025-10-18,0,0.0,5,0.0,0,0.20501156033508952,0
Haryana,Rohtak,2025-10-19,0,0.0,5,0.0,0,0.20943643407246335,0
Haryana,Rohtak,2025-10-20,0,0.0,5,0.0,0,0.195916571910998,0
Haryana,Rohtak,2025-10-21,0,0.0,5,0.0,0,0.25846491245933867,0
Haryana,Rohtak,2025-10-22,1,1.71,5,0.0,0,0.42681671309104574,1
Haryana,Rohtak,2025-10-23,0,0.0,5,0.0,0,0.08084302054154996,0
Haryana,Rohtak,2025-10-24,0,0.0,5,0.0,0,0.11680500310707725,0
Haryana,Rohtak,2025-10-25,0,0.0,5,0.0,0,0.10408302296733396,0
Haryana,Rohtak,2025-10-26,0,0.0,5,1.0,0,0.1028252953148695,0
Haryana,Rohtak,2025-10-27,0,0.0,5,0.0,0,0.0860098191243933,0
Haryana,Rohtak,2025-10-28,0,0.0,5,2.0,0,0.12415423399136913,0
Haryana,Rohtak,2025-10-29,0,0.0,5,3.0,1,0.11308513269970691,0
Haryana,Rohtak,2025-10-30,0,0.0,5,1.0,0,0.09855899589613104,0
Haryana,Rohtak,2025-10-31,1,3.1,5,5.0,1,0.1543744804011347,0
Haryana,Rohtak,2025-11-01,0,0.0,5,5.0,1,0.07505072256175199,0
Haryana,Rohtak,2025-11-02,2,34.44,5,5.0,1,0.20595388394285447,0
Haryana,Rohtak,2025-11-03,3,9.02,5,6.0,1,0.3807791514041514,1
Haryana,Rohtak,2025-11-04,1,3.79,5,4.0,1,0.308546502474134,0
Haryana,Rohtak,2025-11-05,5,8.76,5,5.0,1,0.36034853377616544,0
Haryana,Rohtak,2025-11-06,5,21.52,5,12.0,1,0.6165892754071325,1
Haryana,Rohtak,2025-11-07,5,31.38,5,6.0,1,0.5328751443001444,1
Haryana,Rohtak,2025-11-08,6,25.07,5,10.0,1,0.5281161255411253,1
Haryana,Rohtak,2025-11-09,4,16.03,5,4.0,1,0.4885856782106782,1
Haryana,Rohtak,2025-11-10,5,16.18,5,6.0,1,0.5956920634920632,1
Haryana,Rohtak,2025-11-11,12,46.3,5,23.0,1,0.5598443972693972,1
Haryana,Rohtak,2025-11-12,6,14.11,5,6.0,1,0.500223421023421,1
Haryana,Rohtak,2025-11-13,10,37.13,5,1.0,0,0.46273625541125524,1
Haryana,Rohtak,2025-11-14,4,18.22,5,2.0,0,0.3833026695526696,1
Haryana,Rohtak,2025-11-15,6,16.89,5,3.0,1,0.46226421356421354,1
Haryana,Rohtak,2025-11-16,23,79.53999999999999,5,5.0,1,0.4371774891774891,1
Haryana,Rohtak,2025-11-17,6,12.26,5,9.0,1,0.3595358252858254,0
Haryana,Rohtak,2025-11-18,1,3.2,5,7.0,1,0.3611100288600289,0
Haryana,Rohtak,2025-11-19,2,5.550000000000001,5,2.0,0,0.28643253968253984,0
Haryana,Rohtak,2025-11-20,3,9.87,5,3.0,1,0.15076852559205492,0
Haryana,Rohtak,2025-11-21,5,7.93,5,6.0,1,0.18457539682539678,0
Haryana,Rohtak,2025-11-22,9,27.74,5,5.0,1,0.31409397546897566,0
Haryana,Rohtak,2025-11-23,7,12.76,5,2.0,0,0.27608700719570284,0
Haryana,Sirsa,2025-10-15,3,2.92,5,0.0,0,0.33790039030736724,0
Haryana,Sirsa,2025-10-16,2,4.93,5,2.0,0,0.2782239115051616,0
Haryana,Sirsa,2025-10-17,8,24.57,5,14.0,1,0.702342460317461,1
Haryana,Sirsa,2025-10-18,0,0.0,5,1.0,0,0.5469285671068456,1
Haryana,Sirsa,2025-10-19,1,4.81,5,2.0,0,0.5394641053391053,1
Haryana,Sirsa,2025-10-20,0,0.0,5,3.0,1,0.5524174748149242,1
Haryana,Sirsa,2025-10-21,2,4.77,5,17.0,1,0.3751194395881896,1
Haryana,Sirsa,2025-10-22,14,61.32,5,6.0,1,0.7319203157953161,1
Haryana,Sirsa,2025-10-23,1,2.2,5,0.0,0,0.523224025974026,1
Haryana,Sirsa,2025-10-24,2,4.15,5,2.0,0,0.6088796620046617,1
Haryana,Sirsa,2025-10-25,3,5.359999999999999,5,5.0,1,0.4928062909312909,1
Haryana,Sirsa,2025-10-26,17,62.18,5,4.0,1,0.6928703808269026,1
Haryana,Sirsa,2025-10-27,6,6.94,5,10.0,1,0.47283925796425785,1
Haryana,Sirsa,2025-10-28,0,0.0,5,9.0,1,0.6263485680985681,1
Haryana,Sirsa,2025-10-29,2,9.95,5,8.0,1,0.5407868720426857,1
Haryana,Sirsa,2025-10-30,5,16.400000000000002,5,7.0,1,0.7199052579365082,1
Haryana,Sirsa,2025-10-31,4,10.83,5,7.0,1,0.4866979270729271,1
Haryana,Sirsa,2025-11-01,10,24.6,5,5.0,1,0.6580564574314576,1
Haryana,Sirsa,2025-11-02,9,18.49,5,4.0,1,0.41386443337024725,1
Haryana,Sirsa,2025-11-03,8,35.480000000000004,5,4.0,1,0.6184222222222223,1
Haryana,Sirsa,2025-11-04,7,19.47,5,9.0,1,0.5752347236097235,1
Haryana,Sirsa,2025-11-05,7,8.85,5,8.0,1,0.4635952103452107,1
Haryana,Sirsa,2025-11-06,5,8.040000000000001,5,5.0,1,0.27798611111111116,0
Haryana,Sirsa,2025-11-07,4,14.38,5,4.0,1,0.46289880952380963,1
Haryana,Sirsa,2025-11-08,4,10.9,5,4.0,1,0.29948299536380935,0
Haryana,Sirsa,2025-11-09,9,18.64,5,7.0,1,0.4907659485217624,1
Haryana,Sirsa,2025-11-10,8,15.43,5,5.0,1,0.4266645576645577,1
Haryana,Sirsa,2025-11-11,5,15.95,5,7.0,1,0.4465659812409811,1
Haryana,Sirsa,2025-11-12,4,5.46,5,8.0,1,0.3517224025974026,0
Haryana,Sirsa,2025-11-13,4,15.64,5,7.0,1,0.5038284632034631,1
Haryana,Sirsa,2025-11-14,7,33.77,5,12.0,1,0.5474214119214118,1
Haryana,Sirsa,2025-11-15,5,19.81,5,3.0,1,0.4820788794538795,1
Haryana,Sirsa,2025-11-16,7,13.23,5,2.0,0,0.46037693475774866,1
Haryana,Sirsa,2025-11-17,8,17.540000000000003,5,1.0,0,0.4559184704184706,1
Haryana,Sirsa,2025-11-18,7,16.15,5,1.0,0,0.41323160173160195,1
Haryana,Sirsa,2025-11-19,12,27.95,5,0.0,0,0.47581499056499044,1
Haryana,Sirsa,2025-11-20,3,11.03,5,0.0,0,0.165644912454695,0
Haryana,Sirsa,2025-11-21,2,5.75,5,0.0,0,0.0964186507936508,0
Haryana,Sirsa,2025-11-22,1,2.12,5,3.0,1,0.08528138528138529,0
Haryana,Sirsa,2025-11-23,1,0.68,5,2.0,0,0.12167784992784986,0
Haryana,Sonipat,2025-10-15,1,1.64,5,0.0,0,0.3021666344798613,0
Haryana,Sonipat,2025-10-16,0,0.0,5,0.0,0,0.13571372974570642,0
Haryana,Sonipat,2025-10-17,0,0.0,5,0.0,0,0.1043337114796588,0
Haryana,Sonipat,2025-10-18,0,0.0,5,0.0,0,0.13878832278832273,0
Haryana,Sonipat,2025-10-19,0,0.0,5,0.0,0,0.1279142038517038,0
Haryana,Sonipat,2025-10-20,0,0.0,5,0.0,0,0.1264414775039774,0
Haryana,Sonipat,2025-10-21,0,0.0,5,1.0,0,0.19759411414001082,0
Haryana,Sonipat,2025-10-22,0,0.0,5,0.0,0,0.1403114801864801,0
Haryana,Sonipat,2025-10-23,0,0.0,5,0.0,0,0.013447433883215502,0
Haryana,Sonipat,2025-10-24,0,0.0,5,0.0,0,0.0577984079074084,0
Haryana,Sonipat,2025-10-25,0,0.0,5,0.0,0,0.045727736913518544,0
Haryana,Sonipat,2025-10-26,1,0.67,5,1.0,0,0.05103133682238161,0
Haryana,Sonipat,2025-10-27,0,0.0,5,2.0,0,0.03710925890030368,0
Haryana,Sonipat,2025-10-28,0,0.0,5,3.0,1,0.07792537334141814,0
Haryana,Sonipat,2025-10-29,0,0.0,5,1.0,0,0.06287062253666732,0
Haryana,Sonipat,2025-10-30,0,0.0,5,5.0,1,0.06161875313235889,0
Haryana,Sonipat,2025-10-31,1,2.27,5,4.0,1,0.12225873258685756,0
Haryana,Sonipat,2025-11-01,2,7.83,5,7.0,1,0.12763050838050832,0
Haryana,Sonipat,2025-11-02,3,13.86,5,6.0,1,0.3176565656565658,0
Haryana,Sonipat,2025-11-03,1,0.82,5,2.0,0,0.18833252525749716,0
Haryana,Sonipat,2025-11-04,5,17.57,5,12.0,1,0.48150967643467657,1
Haryana,Sonipat,2025-11-05,4,2.64,5,1.0,0,0.2830996021522339,0
Haryana,Sonipat,2025-11-06,7,23.87,5,12.0,1,0.5510203463203465,1
Haryana,Sonipat,2025-11-07,6,25.61,5,6.0,1,0.46292492784992767,1
Haryana,Sonipat,2025-11-08,2,7.57,5,4.0,1,0.49594137806637817,1
Haryana,Sonipat,2025-11-09,12,53.510000000000005,5,10.0,1,0.5532801226551227,1
Haryana,Sonipat,2025-11-10,1,3.09,5,11.0,1,0.3858185786435787,1
Haryana,Sonipat,2025-11-11,12,27.05,5,16.0,1,0.5164771534021532,1
Haryana,Sonipat,2025-11-12,6,22.36,5,8.0,1,0.4695080808080806,1
Haryana,Sonipat,2025-11-13,4,10.65,5,2.0,0,0.5056358225108226,1
Haryana,Sonipat,2025-11-14,10,36.19,5,4.0,1,0.5049397546897546,1
Haryana,Sonipat,2025-11-15,11,34.99,5,2.0,0,0.5530555555555556,1
Haryana,Sonipat,2025-11-16,16,63.61,5,0.0,0,0.5289384920634921,1
Haryana,Sonipat,2025-11-17,8,27.08,5,5.0,1,0.41866756854256854,1
Haryana,Sonipat,2025-11-18,2,7.31,5,12.0,1,0.33342153679653697,0
Haryana,Sonipat,2025-11-19,4,20.27,5,1.0,0,0.3721675685425689,1
Haryana,Sonipat,2025-11-20,2,1.2400000000000002,5,0.0,0,0.11793885281385279,0
Haryana,Sonipat,2025-11-21,0,0.0,5,8.0,1,0.16557575757575752,0
Haryana,Sonipat,2025-11-22,5,14.0,5,4.0,1,0.21373378191856457,0
Haryana,Sonipat,2025-11-23,12,33.33,5,0.0,0,0.3416554713402541,0
Haryana,Yamunanagar,2025-10-15,0,0.0,5,2.0,0,0.21386293719030863,0
Haryana,Yamunanagar,2025-10-16,4,15.06,5,0.0,0,0.5916544870560291,1
Haryana,Yamunanagar,2025-10-17,0,0.0,5,1.0,0,0.35722174782597305,0
Haryana,Yamunanagar,2025-10-18,2,2.39,5,0.0,0,0.2671385928013288,0
Haryana,Yamunanagar,2025-10-19,1,3.86,5,0.0,0,0.5138477633477634,1
Haryana,Yamunanagar,2025-10-20,2,7.58,5,0.0,0,0.5027728798978799,1
Haryana,Yamunanagar,2025-10-21,0,0.0,5,0.0,0,0.4164910514537871,1
Haryana,Yamunanagar,2025-10-22,1,1.44,5,0.0,0,0.43807751469814504,1
Haryana,Yamunanagar,2025-10-23,0,0.0,5,0.0,0,0.36891838716838704,0
Haryana,Yamunanagar,2025-10-24,0,0.0,5,1.0,0,0.14958790442014117,0
Haryana,Yamunanagar,2025-10-25,0,0.0,5,0.0,0,0.22788521310560786,0
Haryana,Yamunanagar,2025-10-26,0,0.0,5,0.0,0,0.1024712788248236,0
Haryana,Yamunanagar,2025-10-27,0,0.0,5,1.0,0,0.1842660061773231,0
Haryana,Yamunanagar,2025-10-28,0,0.0,5,5.0,1,0.06538813652674227,0
Haryana,Yamunanagar,2025-10-29,1,0.38,5,3.0,1,0.08782408574013052,0
Haryana,Yamunanagar,2025-10-30,0,0.0,5,0.0,0,0.12355060921665391,0
Haryana,Yamunanagar,2025-10-31,0,0.0,5,0.0,0,0.058280074196118976,0
Haryana,Yamunanagar,2025-11-01,1,5.48,5,0.0,0,0.15467112574925065,0
Haryana,Yamunanagar,2025-11-02,5,8.93,5,0.0,0,0.18190202852702847,0
Haryana,Yamunanagar,2025-11-03,3,9.27,5,0.0,0,0.4978215052491371,1
Haryana,Yamunanagar,2025-11-04,0,0.0,5,0.0,0,0.37896098929869737,1
Haryana,Yamunanagar,2025-11-05,0,0.0,5,0.0,0,0.4693973132475492,1
Haryana,Yamunanagar,2025-11-06,0,0.0,5,0.0,0,0.24926625855662607,0
Haryana,Yamunanagar,2025-11-07,0,0.0,5,0.0,0,0.05990927960927963,0
Haryana,Yamunanagar,2025-11-08,0,0.0,5,0.0,0,0.12760914152896904,0
Haryana,Yamunanagar,2025-11-09,0,0.0,5,0.0,0,0.10810538695021452,0
Haryana,Yamunanagar,2025-11-10,0,0.0,5,2.0,0,0.08542077295310056,0
Haryana,Yamunanagar,2025-11-11,0,0.0,5,0.0,0,0.004955284552845529,0
Haryana,Yamunanagar,2025-11-12,0,0.0,5,0.0,0,0.004833333333333334,0
Haryana,Yamunanagar,2025-11-13,0,0.0,5,0.0,0,0.004955284552845529,0
Haryana,Yamunanagar,2025-11-14,0,0.0,5,0.0,0,0.008764808362369338,0
Haryana,Yamunanagar,2025-11-15,2,4.6,5,0.0,0,0.06839790764790765,0
Haryana,Yamunanagar,2025-11-16,0,0.0,5,0.0,0,0.07251195657179701,0
Haryana,Yamunanagar,2025-11-17,0,0.0,5,0.0,0,0.06391558441558443,0
Haryana,Yamunanagar,2025-11-18,0,0.0,5,1.0,0,0.04535912698412698,0
Haryana,Yamunanagar,2025-11-19,0,0.0,5,0.0,0,0.008187607785168761,0
Haryana,Yamunanagar,2025-11-20,0,0.0,5,2.0,0,0.04350087412587412,0
Haryana,Yamunanagar,2025-11-21,0,0.0,5,1.0,0,0.013925252085313063,0
Haryana,Yamunanagar,2025-11-22,0,0.0,5,2.0,0,0.07529221401204161,0
Haryana,Yamunanagar,2025-11-23,1,1.39,5,1.0,0,0.021192016317016317,0
Punjab,Amritsar,2025-10-15,12,35.05,5,20.0,1,0.9230770202020205,1
Punjab,Amritsar,2025-10-16,16,68.16,5,19.0,1,0.9359560439560439,1
Punjab,Amritsar,2025-10-17,8,32.87,5,22.0,1,0.906291541791542,1
Punjab,Amritsar,2025-10-18,6,21.91,5,16.0,1,0.8952341269841273,1
Punjab,Amritsar,2025-10-19,45,240.68,5,1.0,0,0.9343525560696616,1
Punjab,Amritsar,2025-10-20,20,92.65,5,13.0,1,0.9303003246753246,1
Punjab,Amritsar,2025-10-21,19,88.28,5,22.0,1,0.9489285714285712,1
Punjab,Amritsar,2025-10-22,22,118.74,5,24.0,1,0.9721785714285714,1
Punjab,Amritsar,2025-10-23,16,66.03,5,6.0,1,0.987484126984127,1
Punjab,Amritsar,2025-10-24,1,2.08,5,7.0,1,0.9235233758928313,1
Punjab,Amritsar,2025-10-25,13,47.41,5,23.0,1,0.9135297619047623,1
Punjab,Amritsar,2025-10-26,22,98.56,5,27.0,1,0.9538230172605173,1
Punjab,Amritsar,2025-10-27,24,90.37,5,37.0,1,0.9575555555555556,1
Punjab,Amritsar,2025-10-28,6,33.58,5,28.0,1,0.9609779093455566,1
Punjab,Amritsar,2025-10-29,7,37.73,5,9.0,1,0.9763001998001998,1
Punjab,Amritsar,2025-10-30,23,143.86,5,26.0,1,0.9497318376068375,1
Punjab,Amritsar,2025-10-31,27,94.06,5,29.0,1,0.973448412698413,1
Punjab,Amritsar,2025-11-01,37,118.21,5,23.0,1,0.8350894383394386,1
Punjab,Amritsar,2025-11-02,28,109.47,5,8.0,1,0.9620952380952384,1
Punjab,Amritsar,2025-11-03,9,30.4,5,13.0,1,0.8516924603174608,1
Punjab,Amritsar,2025-11-04,26,112.51,5,15.0,1,0.9471600899100899,1
Punjab,Amritsar,2025-11-05,29,131.59,5,9.0,1,0.7174115909929865,1
Punjab,Amritsar,2025-11-06,23,109.0,5,7.0,1,0.6280684203789044,1
Punjab,Amritsar,2025-11-07,8,31.31,5,4.0,1,0.7796470924659592,1
Punjab,Amritsar,2025-11-08,13,70.85,5,2.0,0,0.7755711068211069,1
Punjab,Amritsar,2025-11-09,15,46.38,5,2.0,0,0.764344155844156,1
Punjab,Amritsar,2025-11-10,9,34.5,5,2.0,0,0.6974037698412698,1
Punjab,Amritsar,2025-11-11,7,14.15,5,6.0,1,0.6032222222222221,1
Punjab,Amritsar,2025-11-12,4,9.57,5,0.0,0,0.4916875624375626,1
Punjab,Amritsar,2025-11-13,2,5.67,5,0.0,0,0.48029522111875056,1
Punjab,Amritsar,2025-11-14,2,10.12,5,0.0,0,0.3520443722943724,0
Punjab,Amritsar,2025-11-15,2,8.0,5,0.0,0,0.38762582107435073,1
Punjab,Amritsar,2025-11-16,6,30.14,5,0.0,0,0.4961542465471038,1
Punjab,Amritsar,2025-11-17,0,0.0,5,1.0,0,0.3241173767752717,0
Punjab,Amritsar,2025-11-18,0,0.0,5,4.0,1,0.2595954184704185,0
Punjab,Amritsar,2025-11-19,0,0.0,5,0.0,0,0.2760638528138528,0
Punjab,Amritsar,2025-11-20,0,0.0,5,0.0,0,0.1460892857142856,0
Punjab,Amritsar,2025-11-21,0,0.0,5,0.0,0,0.14117266067266057,0
Punjab,Amritsar,2025-11-22,1,3.81,5,0.0,0,0.12170079920079914,0
Punjab,Amritsar,2025-11-23,4,13.1,5,0.0,0,0.25756997414350363,0
Punjab,Barnala,2025-10-15,0,0.0,5,0.0,0,0.29983854176719044,0
Punjab,Barnala,2025-10-16,0,0.0,5,0.0,0,0.21830763257086744,0
Punjab,Barnala,2025-10-17,0,0.0,5,0.0,0,0.2906157108914957,0
Punjab,Barnala,2025-10-18,0,0.0,5,0.0,0,0.4430730669802319,1
Punjab,Barnala,2025-10-19,0,0.0,5,0.0,0,0.5367926699320333,1
Punjab,Barnala,2025-10-20,0,0.0,5,0.0,0,0.44322383869229215,1
Punjab,Barnala,2025-10-21,0,0.0,5,3.0,1,0.3752665157864395,1
Punjab,Barnala,2025-10-22,0,0.0,5,2.0,0,0.35757014015914285,0
Punjab,Barnala,2025-10-23,0,0.0,5,1.0,0,0.24206143687307846,0
Punjab,Barnala,2025-10-24,0,0.0,5,3.0,1,0.3294450254886022,0
Punjab,Barnala,2025-10-25,0,0.0,5,3.0,1,0.24698335119798046,0
Punjab,Barnala,2025-10-26,3,7.86,5,6.0,1,0.42198242933537017,1
Punjab,Barnala,2025-10-27,2,7.640000000000001,5,10.0,1,0.443600468975469,1
Punjab,Barnala,2025-10-28,1,4.59,5,8.0,1,0.6303735067016318,1
Punjab,Barnala,2025-10-29,3,16.8,5,6.0,1,0.7527261598963905,1
Punjab,Barnala,2025-10-30,3,18.94,5,12.0,1,0.7460827390810947,1
Punjab,Barnala,2025-10-31,6,37.17,5,2.0,0,0.8001052616973671,1
Punjab,Barnala,2025-11-01,10,56.52,5,1.0,0,0.7030929487179488,1
Punjab,Barnala,2025-11-02,8,45.7,5,0.0,0,0.620287284610814,1
Punjab,Barnala,2025-11-03,6,37.37,5,2.0,0,0.5700273809523809,1
Punjab,Barnala,2025-11-04,12,124.62,5,4.0,1,0.772735714285714,1
Punjab,Barnala,2025-11-05,2,10.62,5,8.0,1,0.5497120960434914,1
Punjab,Barnala,2025-11-06,1,1.65,5,2.0,0,0.4363976423902895,1
Punjab,Barnala,2025-11-07,0,0.0,5,2.0,0,0.43166251803751804,1
Punjab,Barnala,2025-11-08,2,4.4,5,2.0,0,0.3066184571276679,0
Punjab,Barnala,2025-11-09,4,11.85,5,1.0,0,0.46019444444444446,1
Punjab,Barnala,2025-11-10,8,38.44,5,5.0,1,0.5731684704184704,1
Punjab,Barnala,2025-11-11,2,5.19,5,1.0,0,0.4248953823953826,1
Punjab,Barnala,2025-11-12,2,39.4,5,0.0,0,0.4498053751803753,1
Punjab,Barnala,2025-11-13,2,15.18,5,0.0,0,0.46976041666666674,1
Punjab,Barnala,2025-11-14,1,3.39,5,0.0,0,0.3217447691197691,0
Punjab,Barnala,2025-11-15,5,33.09,5,0.0,0,0.43675502275502276,1
Punjab,Barnala,2025-11-16,1,1.66,5,0.0,0,0.29303373015873024,0
Punjab,Barnala,2025-11-17,0,0.0,5,0.0,0,0.2609256854256855,0
Punjab,Barnala,2025-11-18,0,0.0,5,0.0,0,0.26713293650793646,0
Punjab,Barnala,2025-11-19,0,0.0,5,0.0,0,0.17047471972471961,0
Punjab,Barnala,2025-11-20,0,0.0,5,0.0,0,0.16772002997002983,0
Punjab,Barnala,2025-11-21,0,0.0,5,0.0,0,0.03591341991341992,0
Punjab,Barnala,2025-11-22,0,0.0,5,0.0,0,0.16798973248973237,0
Punjab,Barnala,2025-11-23,0,0.0,5,0.0,0,0.0563598484848485,0
Punjab,Bathinda,2025-10-15,1,1.18,5,5.0,1,0.32069438703131736,0
Punjab,Bathinda,2025-10-16,0,0.0,5,2.0,0,0.2851926740040625,0
Punjab,Bathinda,2025-10-17,4,63.8,5,17.0,1,0.6548561279928842,1
Punjab,Bathinda,2025-10-18,0,0.0,5,3.0,1,0.5010863421709013,1
Punjab,Bathinda,2025-10-19,0,0.0,5,4.0,1,0.5113165980261569,1
Punjab,Bathinda,2025-10-20,5,17.72,5,7.0,1,0.71959613997114,1
Punjab,Bathinda,2025-10-21,2,4.890000000000001,5,13.0,1,0.6549376300782552,1
Punjab,Bathinda,2025-10-22,17,87.66,5,8.0,1,0.8375588023088026,1
Punjab,Bathinda,2025-10-23,3,19.55,5,9.0,1,0.8251547619047622,1
Punjab,Bathinda,2025-10-24,4,28.48,5,13.0,1,0.8429882478632481,1
Punjab,Bathinda,2025-10-25,7,29.89,5,18.0,1,0.843467171717172,1
Punjab,Bathinda,2025-10-26,13,74.64,5,41.0,1,0.9289199134199134,1
Punjab,Bathinda,2025-10-27,8,43.22,5,26.0,1,0.8230346320346323,1
Punjab,Bathinda,2025-10-28,9,58.940000000000005,5,30.0,1,0.9518865995115996,1
Punjab,Bathinda,2025-10-29,13,140.1,5,17.0,1,0.9545830280830281,1
Punjab,Bathinda,2025-10-30,18,127.21,5,27.0,1,0.9661111111111113,1
Punjab,Bathinda,2025-10-31,41,315.65000000000003,5,12.0,1,0.9469206349206352,1
Punjab,Bathinda,2025-11-01,26,202.89,5,24.0,1,0.7487949134199137,1
Punjab,Bathinda,2025-11-02,30,221.48,5,41.0,1,0.7484473304473306,1
Punjab,Bathinda,2025-11-03,17,79.41,5,20.0,1,0.8097826479076481,1
Punjab,Bathinda,2025-11-04,27,125.34,5,18.0,1,0.8809642857142861,1
Punjab,Bathinda,2025-11-05,12,44.44,5,35.0,1,0.6979622189364715,1
Punjab,Bathinda,2025-11-06,24,116.88,5,32.0,1,0.585876320811805,1
Punjab,Bathinda,2025-11-07,41,237.32,5,15.0,1,0.6938832972582973,1
Punjab,Bathinda,2025-11-08,20,100.05,5,14.0,1,0.7649470086970086,1
Punjab,Bathinda,2025-11-09,18,112.56,5,20.0,1,0.7181567460317458,1
Punjab,Bathinda,2025-11-10,35,228.03,5,11.0,1,0.84237987012987,1
Punjab,Bathinda,2025-11-11,32,118.04,5,37.0,1,0.8575425685425689,1
Punjab,Bathinda,2025-11-12,15,44.18,5,13.0,1,0.7795524891774892,1
Punjab,Bathinda,2025-11-13,14,69.72,5,6.0,1,0.846549603174603,1
Punjab,Bathinda,2025-11-14,20,112.79,5,6.0,1,0.9288441558441559,1
Punjab,Bathinda,2025-11-15,11,34.54,5,7.0,1,0.717136904761905,1
Punjab,Bathinda,2025-11-16,37,147.55,5,8.0,1,0.717020743145743,1
Punjab,Bathinda,2025-11-17,13,55.79,5,7.0,1,0.6864512987012987,1
Punjab,Bathinda,2025-11-18,6,25.15,5,1.0,0,0.6082296600458367,1
Punjab,Bathinda,2025-11-19,6,39.8,5,1.0,0,0.6955317460317458,1
Punjab,Bathinda,2025-11-20,7,21.46,5,0.0,0,0.17163167388167383,0
Punjab,Bathinda,2025-11-21,8,30.63,5,1.0,0,0.1804160881744001,0
Punjab,Bathinda,2025-11-22,7,37.75,5,1.0,0,0.08332521645021645,0
Punjab,Bathinda,2025-11-23,1,1.89,5,0.0,0,0.18518748823640113,0
Punjab,Faridkot,2025-10-15,0,0.0,5,0.0,0,0.22461050977029642,0
Punjab,Faridkot,2025-10-16,1,2.22,5,2.0,0,0.43649598715688015,1
Punjab,Faridkot,2025-10-17,1,5.47,5,5.0,1,0.5532686106287126,1
Punjab,Faridkot,2025-10-18,0,0.0,5,1.0,0,0.420618778410784,1
Punjab,Faridkot,2025-10-19,1,5.6,5,2.0,0,0.682100995511841,1
Punjab,Faridkot,2025-10-20,0,0.0,5,5.0,1,0.41691374843931284,1
Punjab,Faridkot,2025-10-21,2,7.15,5,5.0,1,0.6499217025825481,1
Punjab,Faridkot,2025-10-22,5,24.04,5,3.0,1,0.7905672123015874,1
Punjab,Faridkot,2025-10-23,1,6.57,5,2.0,0,0.7142487096237099,1
Punjab,Faridkot,2025-10-24,2,5.51,5,9.0,1,0.6160942363192362,1
Punjab,Faridkot,2025-10-25,5,26.76,5,5.0,1,0.8404007936507939,1
Punjab,Faridkot,2025-10-26,5,17.33,5,9.0,1,0.9047290764790771,1
Punjab,Faridkot,2025-10-27,3,11.5,5,4.0,1,0.7082200299700303,1
Punjab,Faridkot,2025-10-28,2,8.79,5,8.0,1,0.7596783910533911,1
Punjab,Faridkot,2025-10-29,9,88.17,5,0.0,0,0.9367139804639806,1
Punjab,Faridkot,2025-10-30,5,17.3,5,11.0,1,0.7916564327485384,1
Punjab,Faridkot,2025-10-31,9,39.27,5,12.0,1,0.8236094901830193,1
Punjab,Faridkot,2025-11-01,4,28.95,5,19.0,1,0.47678583916083916,1
Punjab,Faridkot,2025-11-02,8,50.22,5,8.0,1,0.5553501082251082,1
Punjab,Faridkot,2025-11-03,0,0.0,5,15.0,1,0.46860013597513606,1
Punjab,Faridkot,2025-11-04,11,61.760000000000005,5,20.0,1,0.664195498945499,1
Punjab,Faridkot,2025-11-05,12,48.12,5,3.0,1,0.5792937049791643,1
Punjab,Faridkot,2025-11-06,19,138.35,5,9.0,1,0.49738726551226564,1
Punjab,Faridkot,2025-11-07,8,23.32,5,3.0,1,0.6592926587301591,1
Punjab,Faridkot,2025-11-08,15,90.21,5,4.0,1,0.7757817460317463,1
Punjab,Faridkot,2025-11-09,20,190.47,5,0.0,0,0.856668650793651,1
Punjab,Faridkot,2025-11-10,3,10.91,5,2.0,0,0.6263340601392074,1
Punjab,Faridkot,2025-11-11,9,65.49,5,7.0,1,0.6661130952380953,1
Punjab,Faridkot,2025-11-12,3,11.0,5,4.0,1,0.5219094516594516,1
Punjab,Faridkot,2025-11-13,4,12.6,5,0.0,0,0.45990581640581657,1
Punjab,Faridkot,2025-11-14,0,0.0,5,2.0,0,0.44331959706959717,1
Punjab,Faridkot,2025-11-15,2,6.69,5,2.0,0,0.31359617604617623,0
Punjab,Faridkot,2025-11-16,7,34.44,5,0.0,0,0.4518501082251082,1
Punjab,Faridkot,2025-11-17,4,30.05,5,0.0,0,0.4541765422077922,1
Punjab,Faridkot,2025-11-18,0,0.0,5,0.0,0,0.3687177128427128,0
Punjab,Faridkot,2025-11-19,2,17.740000000000002,5,0.0,0,0.4060201742701745,1
Punjab,Faridkot,2025-11-20,2,11.43,5,0.0,0,0.19646245255348516,0
Punjab,Faridkot,2025-11-21,0,0.0,5,0.0,0,0.15936219336219326,0
Punjab,Faridkot,2025-11-22,0,0.0,5,0.0,0,0.14002417027417016,0
Punjab,Faridkot,2025-11-23,0,0.0,5,0.0,0,0.20265999278499275,0
Punjab,Fatehgarh Sahib,2025-10-15,0,0.0,5,1.0,0,0.2251006255296611,0
Punjab,Fatehgarh Sahib,2025-10-16,0,0.0,5,6.0,1,0.19891862561952645,0
Punjab,Fatehgarh Sahib,2025-10-17,0,0.0,5,2.0,0,0.23104483166350195,0
Punjab,Fatehgarh Sahib,2025-10-18,0,0.0,5,0.0,0,0.43092926049432007,1
Punjab,Fatehgarh Sahib,2025-10-19,4,20.89,5,0.0,0,0.8013178576405481,1
Punjab,Fatehgarh Sahib,2025-10-20,1,1.79,5,0.0,0,0.6356479170339464,1
Punjab,Fatehgarh Sahib,2025-10-21,6,26.86,5,14.0,1,0.8658250915750915,1
Punjab,Fatehgarh Sahib,2025-10-22,2,12.03,5,3.0,1,0.8452316849816852,1
Punjab,Fatehgarh Sahib,2025-10-23,0,0.0,5,4.0,1,0.7163309946811893,1
Punjab,Fatehgarh Sahib,2025-10-24,0,0.0,5,3.0,1,0.5422378976308306,1
Punjab,Fatehgarh Sahib,2025-10-25,0,0.0,5,0.0,0,0.54924407707189,1
Punjab,Fatehgarh Sahib,2025-10-26,14,44.94,5,5.0,1,0.8356988150738155,1
Punjab,Fatehgarh Sahib,2025-10-27,3,49.03,5,8.0,1,0.8201553307803309,1
Punjab,Fatehgarh Sahib,2025-10-28,4,19.14,5,5.0,1,0.8721746031746034,1
Punjab,Fatehgarh Sahib,2025-10-29,3,33.61,5,1.0,0,0.8803558999480054,1
Punjab,Fatehgarh Sahib,2025-10-30,0,0.0,5,3.0,1,0.5506866306208411,1
Punjab,Fatehgarh Sahib,2025-10-31,5,28.4,5,6.0,1,0.637924297924298,1
Punjab,Fatehgarh Sahib,2025-11-01,8,57.0,5,6.0,1,0.8016534476384101,1
Punjab,Fatehgarh Sahib,2025-11-02,5,30.47,5,8.0,1,0.5662696728558797,1
Punjab,Fatehgarh Sahib,2025-11-03,1,4.68,5,8.0,1,0.3979054834054835,1
Punjab,Fatehgarh Sahib,2025-11-04,3,19.16,5,5.0,1,0.626335149046356,1
Punjab,Fatehgarh Sahib,2025-11-05,6,19.16,5,1.0,0,0.485254105090312,1
Punjab,Fatehgarh Sahib,2025-11-06,6,9.41,5,3.0,1,0.42732431457431475,1
Punjab,Fatehgarh Sahib,2025-11-07,8,23.52,5,1.0,0,0.3647496031746032,0
Punjab,Fatehgarh Sahib,2025-11-08,8,33.71,5,0.0,0,0.37976908369408363,1
Punjab,Fatehgarh Sahib,2025-11-09,5,24.72,5,2.0,0,0.4952566561107201,1
Punjab,Fatehgarh Sahib,2025-11-10,1,3.45,5,3.0,1,0.35797113997113994,0
Punjab,Fatehgarh Sahib,2025-11-11,3,7.37,5,4.0,1,0.3589097371926321,0
Punjab,Fatehgarh Sahib,2025-11-12,1,7.2,5,1.0,0,0.3112382320744391,0
Punjab,Fatehgarh Sahib,2025-11-13,0,0.0,5,1.0,0,0.3271204051796159,0
Punjab,Fatehgarh Sahib,2025-11-14,2,4.34,5,6.0,1,0.2728531746031747,0
Punjab,Fatehgarh Sahib,2025-11-15,3,6.069999999999999,5,3.0,1,0.3266516955266956,0
Punjab,Fatehgarh Sahib,2025-11-16,4,6.75,5,0.0,0,0.3606668192918194,0
Punjab,Fatehgarh Sahib,2025-11-17,1,3.37,5,0.0,0,0.3443943001443002,0
Punjab,Fatehgarh Sahib,2025-11-18,1,3.68,5,0.0,0,0.31875541125541146,0
Punjab,Fatehgarh Sahib,2025-11-19,6,22.45,5,0.0,0,0.4992489177489179,1
Punjab,Fatehgarh Sahib,2025-11-20,3,3.65,5,0.0,0,0.19965061327561318,0
Punjab,Fatehgarh Sahib,2025-11-21,0,0.0,5,0.0,0,0.13281385281385275,0
Punjab,Fatehgarh Sahib,2025-11-22,0,0.0,5,1.0,0,0.1241154401154401,0
Punjab,Fatehgarh Sahib,2025-11-23,0,0.0,5,0.0,0,0.12872817460317454,0
Punjab,Fazilka,2025-10-15,0,0.0,5,7.0,1,0.46326578692457154,1
Punjab,Fazilka,2025-10-16,2,8.14,5,4.0,1,0.49442556754026484,1
Punjab,Fazilka,2025-10-17,3,11.59,5,2.0,0,0.6587211122211124,1
Punjab,Fazilka,2025-10-18,0,0.0,5,0.0,0,0.4598783105453162,1
Punjab,Fazilka,2025-10-19,4,18.04,5,4.0,1,0.6874642857142861,1
Punjab,Fazilka,2025-10-20,7,33.6,5,0.0,0,0.8241261944577168,1
Punjab,Fazilka,2025-10-21,4,18.44,5,7.0,1,0.8600057720057726,1
Punjab,Fazilka,2025-10-22,2,40.43,5,1.0,0,0.7562124542124546,1
Punjab,Fazilka,2025-10-23,0,0.0,5,2.0,0,0.525973864551337,1
Punjab,Fazilka,2025-10-24,4,27.34,5,4.0,1,0.7914798118548118,1
Punjab,Fazilka,2025-10-25,0,0.0,5,5.0,1,0.4982912087912089,1
Punjab,Fazilka,2025-10-26,7,29.8,5,10.0,1,0.7679908008658011,1
Punjab,Fazilka,2025-10-27,1,3.99,5,12.0,1,0.6142043650793654,1
Punjab,Fazilka,2025-10-28,2,11.98,5,13.0,1,0.6725788655788655,1
Punjab,Fazilka,2025-10-29,4,27.86,5,13.0,1,0.7679633560883565,1
Punjab,Fazilka,2025-10-30,5,24.56,5,16.0,1,0.83800033346672,1
Punjab,Fazilka,2025-10-31,10,44.28,5,18.0,1,0.6737100122100124,1
Punjab,Fazilka,2025-11-01,12,57.93,5,25.0,1,0.6472101370851372,1
Punjab,Fazilka,2025-11-02,13,84.34,5,20.0,1,0.6300009018759019,1
Punjab,Fazilka,2025-11-03,13,134.76,5,24.0,1,0.7090072150072152,1
Punjab,Fazilka,2025-11-04,16,119.84,5,46.0,1,0.8354662698412701,1
Punjab,Fazilka,2025-11-05,18,102.75,5,17.0,1,0.687840162421558,1
Punjab,Fazilka,2025-11-06,25,259.03000000000003,5,23.0,1,0.5498868686868689,1
Punjab,Fazilka,2025-11-07,20,154.25,5,14.0,1,0.7107956349206347,1
Punjab,Fazilka,2025-11-08,24,119.77,5,19.0,1,0.7829222222222224,1
Punjab,Fazilka,2025-11-09,46,255.47,5,29.0,1,0.8870317460317462,1
Punjab,Fazilka,2025-11-10,17,96.81,5,18.0,1,0.7510425685425686,1
Punjab,Fazilka,2025-11-11,23,189.2,5,29.0,1,0.8028441558441561,1
Punjab,Fazilka,2025-11-12,14,117.91,5,7.0,1,0.7790952380952381,1
Punjab,Fazilka,2025-11-13,19,143.35,5,3.0,1,0.8764413780663781,1
Punjab,Fazilka,2025-11-14,29,271.5,5,10.0,1,0.8130366161616162,1
Punjab,Fazilka,2025-11-15,18,61.9,5,1.0,0,0.7636844336219337,1
Punjab,Fazilka,2025-11-16,29,117.8,5,10.0,1,0.7082420634920635,1
Punjab,Fazilka,2025-11-17,7,33.87,5,4.0,1,0.6579107142857141,1
Punjab,Fazilka,2025-11-18,3,15.489999999999998,5,3.0,1,0.6810890204566675,1
Punjab,Fazilka,2025-11-19,10,25.72,5,0.0,0,0.6514908008658006,1
Punjab,Fazilka,2025-11-20,1,6.82,5,5.0,1,0.13263690476190468,0
Punjab,Fazilka,2025-11-21,10,59.63,5,1.0,0,0.1743064574314573,0
Punjab,Fazilka,2025-11-22,4,25.17,5,4.0,1,0.12075254093732346,0
Punjab,Fazilka,2025-11-23,3,33.96,5,2.0,0,0.14117142857142845,0
Punjab,Ferozepur,2025-10-15,3,12.61,5,18.0,1,0.7364312770562769,1
Punjab,Ferozepur,2025-10-16,9,81.17999999999999,5,31.0,1,0.929546536796537,1
Punjab,Ferozepur,2025-10-17,7,33.97,5,18.0,1,0.8797184065934066,1
Punjab,Ferozepur,2025-10-18,10,29.47,5,5.0,1,0.8784703907203907,1
Punjab,Ferozepur,2025-10-19,7,76.3,5,7.0,1,0.8383739177489179,1
Punjab,Ferozepur,2025-10-20,18,144.3,5,12.0,1,0.8806829004329008,1
Punjab,Ferozepur,2025-10-21,31,177.18,5,25.0,1,0.9556904761904762,1
Punjab,Ferozepur,2025-10-22,18,137.65,5,14.0,1,0.9146352813852815,1
Punjab,Ferozepur,2025-10-23,5,19.84,5,10.0,1,0.8870524042950517,1
Punjab,Ferozepur,2025-10-24,7,31.76,5,27.0,1,0.9013035714285718,1
Punjab,Ferozepur,2025-10-25,12,88.68,5,43.0,1,0.8414258658008659,1
Punjab,Ferozepur,2025-10-26,25,167.95,5,35.0,1,0.8957325036075039,1
Punjab,Ferozepur,2025-10-27,14,99.84,5,33.0,1,0.933184523809524,1
Punjab,Ferozepur,2025-10-28,10,50.78,5,47.0,1,0.9687072510822513,1
Punjab,Ferozepur,2025-10-29,27,342.41,5,26.0,1,0.9860505050505052,1
Punjab,Ferozepur,2025-10-30,43,284.75,5,69.0,1,0.992734126984127,1
Punjab,Ferozepur,2025-10-31,35,223.29,5,5.0,1,0.9520833333333334,1
Punjab,Ferozepur,2025-11-01,33,243.13,5,20.0,1,0.798048520923521,1
Punjab,Ferozepur,2025-11-02,47,320.26,5,48.0,1,0.8726001082251084,1
Punjab,Ferozepur,2025-11-03,26,130.48,5,46.0,1,0.7748818542568546,1
Punjab,Ferozepur,2025-11-04,69,518.02,5,77.0,1,0.8830555555555556,1
Punjab,Ferozepur,2025-11-05,5,39.5,5,39.0,1,0.6579212463702888,1
Punjab,Ferozepur,2025-11-06,20,166.86,5,23.0,1,0.6135280375591097,1
Punjab,Ferozepur,2025-11-07,48,253.48,5,22.0,1,0.6839785353535354,1
Punjab,Ferozepur,2025-11-08,46,301.38,5,21.0,1,0.8296127734877734,1
Punjab,Ferozepur,2025-11-09,77,484.15,5,12.0,1,0.904482142857143,1
Punjab,Ferozepur,2025-11-10,39,197.49,5,20.0,1,0.8791904761904762,1
Punjab,Ferozepur,2025-11-11,23,143.03,5,19.0,1,0.8289940476190477,1
Punjab,Ferozepur,2025-11-12,22,96.13,5,2.0,0,0.7418055555555556,1
Punjab,Ferozepur,2025-11-13,21,122.98,5,4.0,1,0.90375,1
Punjab,Ferozepur,2025-11-14,12,70.94,5,1.0,0,0.7977281746031746,1
Punjab,Ferozepur,2025-11-15,20,267.89,5,1.0,0,0.697044164169164,1
Punjab,Ferozepur,2025-11-16,19,94.6,5,1.0,0,0.7586908369408368,1
Punjab,Ferozepur,2025-11-17,2,7.55,5,3.0,1,0.6786205330617097,1
Punjab,Ferozepur,2025-11-18,4,10.27,5,0.0,0,0.609235845853493,1
Punjab,Ferozepur,2025-11-19,1,4.64,5,2.0,0,0.3594045815295816,0
Punjab,Ferozepur,2025-11-20,1,3.39,5,1.0,0,0.18797000466853397,0
Punjab,Ferozepur,2025-11-21,1,3.06,5,0.0,0,0.26601841736694687,0
Punjab,Ferozepur,2025-11-22,3,9.88,5,1.0,0,0.26496796536796546,0
Punjab,Ferozepur,2025-11-23,0,0.0,5,0.0,0,0.28548528138528145,0
Punjab,Gurdaspur,2025-10-15,0,0.0,5,10.0,1,0.49850495090559,1
Punjab,Gurdaspur,2025-10-16,1,3.49,5,11.0,1,0.599638410704439,1
Punjab,Gurdaspur,2025-10-17,2,6.96,5,18.0,1,0.67250487012987,1
Punjab,Gurdaspur,2025-10-18,3,11.97,5,5.0,1,0.8121617462398717,1
Punjab,Gurdaspur,2025-10-19,4,9.85,5,4.0,1,0.7759031859952914,1
Punjab,Gurdaspur,2025-10-20,10,38.04,5,7.0,1,0.9322526929592148,1
Punjab,Gurdaspur,2025-10-21,11,53.23,5,23.0,1,0.8974691558441562,1
Punjab,Gurdaspur,2025-10-22,18,68.9,5,9.0,1,0.9686068376068375,1
Punjab,Gurdaspur,2025-10-23,5,11.48,5,5.0,1,0.8313107808514156,1
Punjab,Gurdaspur,2025-10-24,4,15.14,5,0.0,0,0.8988993981165035,1
Punjab,Gurdaspur,2025-10-25,7,20.9,5,5.0,1,0.8120176711833063,1
Punjab,Gurdaspur,2025-10-26,23,92.27,5,10.0,1,0.9614996947496948,1
Punjab,Gurdaspur,2025-10-27,9,22.0,5,10.0,1,0.7235895354645355,1
Punjab,Gurdaspur,2025-10-28,5,21.13,5,6.0,1,0.8496227506153978,1
Punjab,Gurdaspur,2025-10-29,0,0.0,5,3.0,1,0.7908464476699772,1
Punjab,Gurdaspur,2025-10-30,5,31.75,5,5.0,1,0.654039654789655,1
Punjab,Gurdaspur,2025-10-31,10,31.14,5,2.0,0,0.6723392857142858,1
Punjab,Gurdaspur,2025-11-01,10,37.7,5,6.0,1,0.7342819110845045,1
Punjab,Gurdaspur,2025-11-02,6,26.83,5,6.0,1,0.5884405044068911,1
Punjab,Gurdaspur,2025-11-03,3,10.03,5,5.0,1,0.4821469780219781,1
Punjab,Gurdaspur,2025-11-04,5,22.94,5,4.0,1,0.6073810317350958,1
Punjab,Gurdaspur,2025-11-05,2,4.93,5,12.0,1,0.42968131313131314,1
Punjab,Gurdaspur,2025-11-06,6,27.17,5,6.0,1,0.4209047619047619,1
Punjab,Gurdaspur,2025-11-07,6,15.24,5,2.0,0,0.39758348595848597,1
Punjab,Gurdaspur,2025-11-08,5,17.650000000000002,5,0.0,0,0.5610901875901876,1
Punjab,Gurdaspur,2025-11-09,4,15.5,5,0.0,0,0.4369630230880231,1
Punjab,Gurdaspur,2025-11-10,12,49.24,5,0.0,0,0.691793650793651,1
Punjab,Gurdaspur,2025-11-11,6,18.61,5,1.0,0,0.39690259740259765,1
Punjab,Gurdaspur,2025-11-12,2,4.21,5,0.0,0,0.41294318181818207,1
Punjab,Gurdaspur,2025-11-13,0,0.0,5,0.0,0,0.31040684096605164,0
Punjab,Gurdaspur,2025-11-14,0,0.0,5,0.0,0,0.24234848484848479,0
Punjab,Gurdaspur,2025-11-15,0,0.0,5,0.0,0,0.24345833333333328,0
Punjab,Gurdaspur,2025-11-16,1,3.47,5,0.0,0,0.24655235042735046,0
Punjab,Gurdaspur,2025-11-17,0,0.0,5,1.0,0,0.19317442279942273,0
Punjab,Gurdaspur,2025-11-18,0,0.0,5,0.0,0,0.14180631868131863,0
Punjab,Gurdaspur,2025-11-19,0,0.0,5,0.0,0,0.056528409090909094,0
Punjab,Gurdaspur,2025-11-20,0,0.0,5,0.0,0,0.052214015151515164,0
Punjab,Gurdaspur,2025-11-21,0,0.0,5,0.0,0,0.06667532467532468,0
Punjab,Gurdaspur,2025-11-22,1,3.23,5,0.0,0,0.06861282467532467,0
Punjab,Gurdaspur,2025-11-23,0,0.0,5,0.0,0,0.07688365800865803,0
Punjab,Hoshiarpur,2025-10-15,0,0.0,5,0.0,0,0.26302140418839237,0
Punjab,Hoshiarpur,2025-10-16,0,0.0,5,1.0,0,0.20753645751699115,0
Punjab,Hoshiarpur,2025-10-17,0,0.0,5,1.0,0,0.21956820354873724,0
Punjab,Hoshiarpur,2025-10-18,0,0.0,5,0.0,0,0.4117941555751593,1
Punjab,Hoshiarpur,2025-10-19,0,0.0,5,3.0,1,0.531620427378405,1
Punjab,Hoshiarpur,2025-10-20,0,0.0,5,1.0,0,0.4523338406399492,1
Punjab,Hoshiarpur,2025-10-21,1,2.05,5,3.0,1,0.7145975911920205,1
Punjab,Hoshiarpur,2025-10-22,1,1.95,5,1.0,0,0.7428254699309289,1
Punjab,Hoshiarpur,2025-10-23,0,0.0,5,1.0,0,0.34260431284252596,0
Punjab,Hoshiarpur,2025-10-24,3,8.99,5,2.0,0,0.7318175435675438,1
Punjab,Hoshiarpur,2025-10-25,1,3.5,5,1.0,0,0.8258820120851373,1
Punjab,Hoshiarpur,2025-10-26,3,8.4,5,7.0,1,0.7253723834644891,1
Punjab,Hoshiarpur,2025-10-27,1,1.99,5,11.0,1,0.624351362818468,1
Punjab,Hoshiarpur,2025-10-28,1,1.76,5,2.0,0,0.5383252811130168,1
Punjab,Hoshiarpur,2025-10-29,2,9.41,5,0.0,0,0.7303325164418915,1
Punjab,Hoshiarpur,2025-10-30,1,4.77,5,3.0,1,0.5753486438066098,1
Punjab,Hoshiarpur,2025-10-31,7,13.48,5,1.0,0,0.6371296489330196,1
Punjab,Hoshiarpur,2025-11-01,11,59.01,5,0.0,0,0.8572220724368144,1
Punjab,Hoshiarpur,2025-11-02,2,4.35,5,0.0,0,0.5369300618971673,1
Punjab,Hoshiarpur,2025-11-03,0,0.0,5,0.0,0,0.5232390920483027,1
Punjab,Hoshiarpur,2025-11-04,3,9.78,5,0.0,0,0.5827922077922081,1
Punjab,Hoshiarpur,2025-11-05,1,0.53,5,1.0,0,0.47132977567023643,1
Punjab,Hoshiarpur,2025-11-06,0,0.0,5,4.0,1,0.3802691197691201,1
Punjab,Hoshiarpur,2025-11-07,0,0.0,5,1.0,0,0.29034812409812416,0
Punjab,Hoshiarpur,2025-11-08,0,0.0,5,1.0,0,0.24668434343434348,0
Punjab,Hoshiarpur,2025-11-09,0,0.0,5,0.0,0,0.11014670745920743,0
Punjab,Hoshiarpur,2025-11-10,1,3.59,5,1.0,0,0.06699675324675325,0
Punjab,Hoshiarpur,2025-11-11,4,13.02,5,0.0,0,0.3555658785658786,0
Punjab,Hoshiarpur,2025-11-12,1,2.58,5,1.0,0,0.2646504329004329,0
Punjab,Hoshiarpur,2025-11-13,1,4.07,5,1.0,0,0.3230245032745033,0
Punjab,Hoshiarpur,2025-11-14,0,0.0,5,1.0,0,0.26099966699966703,0
Punjab,Hoshiarpur,2025-11-15,1,5.82,5,0.0,0,0.21063610898905016,0
Punjab,Hoshiarpur,2025-11-16,0,0.0,5,0.0,0,0.2147261627261627,0
Punjab,Hoshiarpur,2025-11-17,1,2.83,5,0.0,0,0.13001489686783801,0
Punjab,Hoshiarpur,2025-11-18,1,3.42,5,0.0,0,0.18642045454545447,0
Punjab,Hoshiarpur,2025-11-19,1,3.11,5,2.0,0,0.14276623376623374,0
Punjab,Hoshiarpur,2025-11-20,0,0.0,5,0.0,0,0.1642514430014429,0
Punjab,Hoshiarpur,2025-11-21,0,0.0,5,2.0,0,0.039715240641711225,0
Punjab,Hoshiarpur,2025-11-22,0,0.0,5,1.0,0,0.08551352813852815,0
Punjab,Hoshiarpur,2025-11-23,0,0.0,5,0.0,0,0.05230504849467699,0
Punjab,Jalandhar,2025-10-15,0,0.0,5,2.0,0,0.2628253229526945,0
Punjab,Jalandhar,2025-10-16,0,0.0,5,3.0,1,0.2778487094246103,0
Punjab,Jalandhar,2025-10-17,4,14.38,5,4.0,1,0.6668361362994986,1
Punjab,Jalandhar,2025-10-18,2,9.96,5,1.0,0,0.7952269119769123,1
Punjab,Jalandhar,2025-10-19,0,0.0,5,0.0,0,0.5982529401856227,1
Punjab,Jalandhar,2025-10-20,2,9.15,5,8.0,1,0.6785699855699859,1
Punjab,Jalandhar,2025-10-21,3,16.41,5,12.0,1,0.8454651182151186,1
Punjab,Jalandhar,2025-10-22,4,15.63,5,8.0,1,0.918996031746032,1
Punjab,Jalandhar,2025-10-23,1,2.67,5,6.0,1,0.8261851124022179,1
Punjab,Jalandhar,2025-10-24,0,0.0,5,12.0,1,0.754613227149246,1
Punjab,Jalandhar,2025-10-25,8,94.87,5,5.0,1,0.9050498390498392,1
Punjab,Jalandhar,2025-10-26,12,45.35,5,13.0,1,0.9506445279866333,1
Punjab,Jalandhar,2025-10-27,8,36.98,5,18.0,1,0.8930515098936153,1
Punjab,Jalandhar,2025-10-28,6,29.52,5,15.0,1,0.9142899658820712,1
Punjab,Jalandhar,2025-10-29,12,42.22,5,5.0,1,0.9482100041771093,1
Punjab,Jalandhar,2025-10-30,5,25.29,5,9.0,1,0.7377667232516858,1
Punjab,Jalandhar,2025-10-31,13,70.91,5,8.0,1,0.8063716283716282,1
Punjab,Jalandhar,2025-11-01,18,79.67999999999999,5,11.0,1,0.7855604256854258,1
Punjab,Jalandhar,2025-11-02,15,97.69,5,16.0,1,0.8483353174603174,1
Punjab,Jalandhar,2025-11-03,5,47.65,5,5.0,1,0.7972747113997117,1
Punjab,Jalandhar,2025-11-04,9,61.24,5,9.0,1,0.8566573407435476,1
Punjab,Jalandhar,2025-11-05,8,5.93,5,16.0,1,0.7055443722943728,1
Punjab,Jalandhar,2025-11-06,11,34.28,5,19.0,1,0.4600178571428573,1
Punjab,Jalandhar,2025-11-07,16,78.03,5,10.0,1,0.3851951298701301,1
Punjab,Jalandhar,2025-11-08,5,17.88,5,4.0,1,0.5213461399711401,1
Punjab,Jalandhar,2025-11-09,9,30.61,5,1.0,0,0.646848276723277,1
Punjab,Jalandhar,2025-11-10,16,64.49,5,2.0,0,0.5197003968253968,1
Punjab,Jalandhar,2025-11-11,19,152.87,5,4.0,1,0.6437905844155845,1
Punjab,Jalandhar,2025-11-12,10,33.88,5,1.0,0,0.6648948412698413,1
Punjab,Jalandhar,2025-11-13,4,17.48,5,1.0,0,0.6392219569646042,1
Punjab,Jalandhar,2025-11-14,1,1.66,5,1.0,0,0.5908569347319349,1
Punjab,Jalandhar,2025-11-15,2,7.02,5,0.0,0,0.3239006132756133,0
Punjab,Jalandhar,2025-11-16,4,21.23,5,1.0,0,0.365268759018759,0
Punjab,Jalandhar,2025-11-17,1,1.76,5,0.0,0,0.32187373737373753,0
Punjab,Jalandhar,2025-11-18,1,2.9,5,0.0,0,0.3479165914494862,0
Punjab,Jalandhar,2025-11-19,1,4.82,5,7.0,1,0.25112485569985576,0
Punjab,Jalandhar,2025-11-20,0,0.0,5,0.0,0,0.09969227994227994,0
Punjab,Jalandhar,2025-11-21,1,3.67,5,1.0,0,0.1518335577820871,0
Punjab,Jalandhar,2025-11-22,0,0.0,5,0.0,0,0.10667135642135639,0
Punjab,Jalandhar,2025-11-23,0,0.0,5,2.0,0,0.11884834609834603,0
Punjab,Kapurthala,2025-10-15,0,0.0,5,0.0,0,0.297708778966132,0
Punjab,Kapurthala,2025-10-16,2,19.36,5,18.0,1,0.5857845616915384,1
Punjab,Kapurthala,2025-10-17,0,0.0,5,6.0,1,0.5139774530766213,1
Punjab,Kapurthala,2025-10-18,1,2.11,5,5.0,1,0.5737165294684197,1
Punjab,Kapurthala,2025-10-19,0,0.0,5,2.0,0,0.5121746860982157,1
Punjab,Kapurthala,2025-10-20,0,0.0,5,8.0,1,0.44600830111581025,1
Punjab,Kapurthala,2025-10-21,18,162.19,5,13.0,1,0.9056719455815926,1
Punjab,Kapurthala,2025-10-22,6,27.200000000000003,5,14.0,1,0.956279761904762,1
Punjab,Kapurthala,2025-10-23,5,18.61,5,3.0,1,0.8996564807741279,1
Punjab,Kapurthala,2025-10-24,2,13.5,5,18.0,1,0.8593262629183681,1
Punjab,Kapurthala,2025-10-25,8,66.05,5,12.0,1,0.9560969169719171,1
Punjab,Kapurthala,2025-10-26,13,79.31,5,31.0,1,0.9572179487179489,1
Punjab,Kapurthala,2025-10-27,14,51.09,5,35.0,1,0.9346139971139975,1
Punjab,Kapurthala,2025-10-28,3,15.39,5,26.0,1,0.8329340381840379,1
Punjab,Kapurthala,2025-10-29,18,131.55,5,11.0,1,0.9542652544823601,1
Punjab,Kapurthala,2025-10-30,12,41.96,5,11.0,1,0.9110680272108848,1
Punjab,Kapurthala,2025-10-31,31,101.58,5,0.0,0,0.9078191391941395,1
Punjab,Kapurthala,2025-11-01,35,154.07,5,5.0,1,0.914952380952381,1
Punjab,Kapurthala,2025-11-02,26,154.72,5,14.0,1,0.900904761904762,1
Punjab,Kapurthala,2025-11-03,11,44.88,5,10.0,1,0.7964310606060607,1
Punjab,Kapurthala,2025-11-04,11,57.36,5,9.0,1,0.9063754003932576,1
Punjab,Kapurthala,2025-11-05,0,0.0,5,6.0,1,0.8809702380952382,1
Punjab,Kapurthala,2025-11-06,5,15.38,5,8.0,1,0.5417807219662059,1
Punjab,Kapurthala,2025-11-07,14,53.81,5,2.0,0,0.4898611111111111,1
Punjab,Kapurthala,2025-11-08,10,44.3,5,2.0,0,0.633251984126984,1
Punjab,Kapurthala,2025-11-09,9,34.25,5,0.0,0,0.6564386446886448,1
Punjab,Kapurthala,2025-11-10,6,32.980000000000004,5,2.0,0,0.566343253968254,1
Punjab,Kapurthala,2025-11-11,8,22.67,5,4.0,1,0.405548520923521,1
Punjab,Kapurthala,2025-11-12,2,11.84,5,0.0,0,0.3672952211187507,0
Punjab,Kapurthala,2025-11-13,2,4.36,5,1.0,0,0.3178501082251083,0
Punjab,Kapurthala,2025-11-14,0,0.0,5,1.0,0,0.3487066245158351,0
Punjab,Kapurthala,2025-11-15,2,10.1,5,0.0,0,0.36348894161394163,0
Punjab,Kapurthala,2025-11-16,4,17.630000000000003,5,1.0,0,0.4755923243423241,1
Punjab,Kapurthala,2025-11-17,0,0.0,5,0.0,0,0.30578522866022867,0
Punjab,Kapurthala,2025-11-18,1,3.46,5,0.0,0,0.25542406204906204,0
Punjab,Kapurthala,2025-11-19,1,0.67,5,0.0,0,0.20844748307248304,0
Punjab,Kapurthala,2025-11-20,0,0.0,5,0.0,0,0.10919715007215004,0
Punjab,Kapurthala,2025-11-21,1,1.36,5,0.0,0,0.1605012626262625,0
Punjab,Kapurthala,2025-11-22,0,0.0,5,1.0,0,0.09354761904761905,0
Punjab,Kapurthala,2025-11-23,0,0.0,5,3.0,1,0.14429004329004316,0
Punjab,Ludhiana,2025-10-15,2,4.0200000000000005,5,0.0,0,0.5626531044588368,1
Punjab,Ludhiana,2025-10-16,0,0.0,5,0.0,0,0.4269166458414784,1
Punjab,Ludhiana,2025-10-17,0,0.0,5,1.0,0,0.22189951115555914,0
Punjab,Ludhiana,2025-10-18,0,0.0,5,0.0,0,0.5288191102140573,1
Punjab,Ludhiana,2025-10-19,1,1.78,5,1.0,0,0.6957005144243418,1
Punjab,Ludhiana,2025-10-20,0,0.0,5,6.0,1,0.5997210397646779,1
Punjab,Ludhiana,2025-10-21,0,0.0,5,4.0,1,0.5039550260146907,1
Punjab,Ludhiana,2025-10-22,1,2.57,5,7.0,1,0.7191325757575758,1
Punjab,Ludhiana,2025-10-23,0,0.0,5,8.0,1,0.33734866696976307,0
Punjab,Ludhiana,2025-10-24,1,1.54,5,7.0,1,0.5249410971725212,1
Punjab,Ludhiana,2025-10-25,6,21.11,5,2.0,0,0.7879651650432902,1
Punjab,Ludhiana,2025-10-26,4,15.24,5,21.0,1,0.8679500835421888,1
Punjab,Ludhiana,2025-10-27,7,13.43,5,19.0,1,0.7192557442557442,1
Punjab,Ludhiana,2025-10-28,8,36.38,5,33.0,1,0.9535914144335197,1
Punjab,Ludhiana,2025-10-29,7,41.97,5,13.0,1,0.9493154761904763,1
Punjab,Ludhiana,2025-10-30,2,12.87,5,31.0,1,0.6725265353350273,1
Punjab,Ludhiana,2025-10-31,21,66.55,5,33.0,1,0.8260150210556558,1
Punjab,Ludhiana,2025-11-01,19,87.58,5,39.0,1,0.7270664810335865,1
Punjab,Ludhiana,2025-11-02,33,183.02,5,50.0,1,0.8465227272727275,1
Punjab,Ludhiana,2025-11-03,13,65.13,5,33.0,1,0.8182227272727275,1
Punjab,Ludhiana,2025-11-04,31,162.89,5,32.0,1,0.92743778998779,1
Punjab,Ludhiana,2025-11-05,33,192.2,5,34.0,1,0.6660604005167958,1
Punjab,Ludhiana,2025-11-06,39,178.28,5,21.0,1,0.4828619981325863,1
Punjab,Ludhiana,2025-11-07,50,245.07,5,8.0,1,0.5160380591630592,1
Punjab,Ludhiana,2025-11-08,33,173.89,5,21.0,1,0.9265660563160565,1
Punjab,Ludhiana,2025-11-09,32,147.52,5,5.0,1,0.7741210317460322,1
Punjab,Ludhiana,2025-11-10,34,117.03,5,15.0,1,0.766404761904762,1
Punjab,Ludhiana,2025-11-11,21,76.25,5,13.0,1,0.6918679653679654,1
Punjab,Ludhiana,2025-11-12,8,21.61,5,6.0,1,0.6013302669552669,1
Punjab,Ludhiana,2025-11-13,21,102.31,5,1.0,0,0.6978154761904761,1
Punjab,Ludhiana,2025-11-14,5,24.01,5,0.0,0,0.6834532828282827,1
Punjab,Ludhiana,2025-11-15,15,41.52,5,6.0,1,0.5868741605616608,1
Punjab,Ludhiana,2025-11-16,13,48.39,5,1.0,0,0.6631488095238095,1
Punjab,Ludhiana,2025-11-17,6,20.63,5,1.0,0,0.4250019841269845,1
Punjab,Ludhiana,2025-11-18,1,2.8,5,1.0,0,0.4383732153467448,1
Punjab,Ludhiana,2025-11-19,0,0.0,5,0.0,0,0.3590465811965813,0
Punjab,Ludhiana,2025-11-20,6,36.79,5,3.0,1,0.28535236056214325,0
Punjab,Ludhiana,2025-11-21,1,0.59,5,0.0,0,0.2936152299391431,0
Punjab,Ludhiana,2025-11-22,1,2.19,5,0.0,0,0.22568134920634922,0
Punjab,Ludhiana,2025-11-23,1,3.43,5,3.0,1,0.21443111577964508,0
Punjab,Malerkotla,2025-10-15,0,0.0,5,0.0,0,0.2741405491753358,0
Punjab,Malerkotla,2025-10-16,0,0.0,5,0.0,0,0.2959172272286158,0
Punjab,Malerkotla,2025-10-17,0,0.0,5,0.0,0,0.2774776686106791,0
Punjab,Malerkotla,2025-10-18,0,0.0,5,0.0,0,0.5029670358497019,1
Punjab,Malerkotla,2025-10-19,0,0.0,5,0.0,0,0.5516287990806625,1
Punjab,Malerkotla,2025-10-20,0,0.0,5,0.0,0,0.46166121053097997,1
Punjab,Malerkotla,2025-10-21,0,0.0,5,2.0,0,0.4035451574663971,1
Punjab,Malerkotla,2025-10-22,0,0.0,5,1.0,0,0.385077948505767,1
Punjab,Malerkotla,2025-10-23,0,0.0,5,1.0,0,0.26787078030742195,0
Punjab,Malerkotla,2025-10-24,0,0.0,5,6.0,1,0.3523019227252636,0
Punjab,Malerkotla,2025-10-25,0,0.0,5,4.0,1,0.26715416247734436,0
Punjab,Malerkotla,2025-10-26,2,5.55,5,11.0,1,0.3807247776303501,1
Punjab,Malerkotla,2025-10-27,1,6.63,5,8.0,1,0.35813816738816745,0
Punjab,Malerkotla,2025-10-28,1,4.08,5,14.0,1,0.48976886417675886,1
Punjab,Malerkotla,2025-10-29,6,34.94,5,7.0,1,0.8004065454830257,1
Punjab,Malerkotla,2025-10-30,4,23.77,5,12.0,1,0.8268246781644203,1
Punjab,Malerkotla,2025-10-31,11,36.73,5,4.0,1,0.8442913533834588,1
Punjab,Malerkotla,2025-11-01,8,34.84,5,6.0,1,0.690153862477392,1
Punjab,Malerkotla,2025-11-02,14,95.62,5,10.0,1,0.6929175685425686,1
Punjab,Malerkotla,2025-11-03,7,24.62,5,7.0,1,0.5601856254856254,1
Punjab,Malerkotla,2025-11-04,12,73.54,5,6.0,1,0.7339596872082162,1
Punjab,Malerkotla,2025-11-05,4,25.35,5,11.0,1,0.644785173759426,1
Punjab,Malerkotla,2025-11-06,6,14.16,5,3.0,1,0.3779261904761906,1
Punjab,Malerkotla,2025-11-07,10,37.27,5,6.0,1,0.345346645021645,0
Punjab,Malerkotla,2025-11-08,7,21.61,5,1.0,0,0.2915825757575759,0
Punjab,Malerkotla,2025-11-09,6,21.06,5,1.0,0,0.3952052669552669,1
Punjab,Malerkotla,2025-11-10,11,41.59,5,1.0,0,0.419515873015873,1
Punjab,Malerkotla,2025-11-11,3,6.94,5,1.0,0,0.3120558031150137,0
Punjab,Malerkotla,2025-11-12,6,40.16,5,0.0,0,0.42676082251082265,1
Punjab,Malerkotla,2025-11-13,1,1.8,5,0.0,0,0.2869738930659984,0
Punjab,Malerkotla,2025-11-14,1,3.34,5,0.0,0,0.3356455627705627,0
Punjab,Malerkotla,2025-11-15,1,8.85,5,0.0,0,0.31122005772005773,0
Punjab,Malerkotla,2025-11-16,1,1.52,5,0.0,0,0.19838342458195396,0
Punjab,Malerkotla,2025-11-17,0,0.0,5,1.0,0,0.2339006132756133,0
Punjab,Malerkotla,2025-11-18,0,0.0,5,0.0,0,0.14716432178932168,0
Punjab,Malerkotla,2025-11-19,0,0.0,5,0.0,0,0.1377218614718614,0
Punjab,Malerkotla,2025-11-20,0,0.0,5,0.0,0,0.09614935064935061,0
Punjab,Malerkotla,2025-11-21,0,0.0,5,0.0,0,0.06866666666666667,0
Punjab,Malerkotla,2025-11-22,1,4.83,5,0.0,0,0.12533510443804557,0
Punjab,Malerkotla,2025-11-23,0,0.0,5,2.0,0,0.06407305194805196,0
Punjab,Mansa,2025-10-15,0,0.0,5,5.0,1,0.21621890675823643,0
Punjab,Mansa,2025-10-16,0,0.0,5,5.0,1,0.2469462232798641,0
Punjab,Mansa,2025-10-17,0,0.0,5,2.0,0,0.3398738939279297,0
Punjab,Mansa,2025-10-18,0,0.0,5,6.0,1,0.41554364069616156,1
Punjab,Mansa,2025-10-19,0,0.0,5,0.0,0,0.4280122067417124,1
Punjab,Mansa,2025-10-20,5,22.81,5,0.0,0,0.6801400635188197,1
Punjab,Mansa,2025-10-21,5,23.85,5,1.0,0,0.7336188684503903,1
Punjab,Mansa,2025-10-22,2,3.5900000000000003,5,2.0,0,0.6490418192918193,1
Punjab,Mansa,2025-10-23,6,58.6,5,2.0,0,0.9064029304029307,1
Punjab,Mansa,2025-10-24,0,0.0,5,9.0,1,0.5798502842785632,1
Punjab,Mansa,2025-10-25,0,0.0,5,19.0,1,0.6031399156399158,1
Punjab,Mansa,2025-10-26,1,3.98,5,19.0,1,0.5298891802641802,1
Punjab,Mansa,2025-10-27,2,9.69,5,22.0,1,0.601882215007215,1
Punjab,Mansa,2025-10-28,2,14.45,5,10.0,1,0.7632336610757666,1
Punjab,Mansa,2025-10-29,9,116.13,5,17.0,1,0.8537323938139154,1
Punjab,Mansa,2025-10-30,19,117.26,5,31.0,1,0.9327318295739349,1
Punjab,Mansa,2025-10-31,19,106.16,5,8.0,1,0.9811984126984129,1
Punjab,Mansa,2025-11-01,22,190.03,5,15.0,1,0.8049159451659453,1
Punjab,Mansa,2025-11-02,10,102.98,5,15.0,1,0.8764444444444447,1
Punjab,Mansa,2025-11-03,17,74.22,5,22.0,1,0.8093124098124099,1
Punjab,Mansa,2025-11-04,31,273.45,5,36.0,1,0.8820575396825399,1
Punjab,Mansa,2025-11-05,8,52.7,5,20.0,1,0.5872435070927595,1
Punjab,Mansa,2025-11-06,15,77.31,5,29.0,1,0.5857134420239261,1
Punjab,Mansa,2025-11-07,15,79.3,5,8.0,1,0.5996547258297258,1
Punjab,Mansa,2025-11-08,22,151.06,5,12.0,1,0.7139846320346321,1
Punjab,Mansa,2025-11-09,36,283.91,5,9.0,1,0.7432759462759462,1
Punjab,Mansa,2025-11-10,20,99.55,5,3.0,1,0.7636289682539682,1
Punjab,Mansa,2025-11-11,29,184.88,5,7.0,1,0.7514195526695526,1
Punjab,Mansa,2025-11-12,8,31.23,5,6.0,1,0.7262925685425685,1
Punjab,Mansa,2025-11-13,12,64.41,5,1.0,0,0.7804801587301589,1
Punjab,Mansa,2025-11-14,9,70.73,5,4.0,1,0.7620039682539685,1
Punjab,Mansa,2025-11-15,3,8.5,5,3.0,1,0.5768993877854173,1
Punjab,Mansa,2025-11-16,7,26.28,5,2.0,0,0.5170605158730159,1
Punjab,Mansa,2025-11-17,6,44.58,5,2.0,0,0.3757003968253969,1
Punjab,Mansa,2025-11-18,1,2.46,5,1.0,0,0.4815757489242783,1
Punjab,Mansa,2025-11-19,4,46.84,5,0.0,0,0.334523115773116,0
Punjab,Mansa,2025-11-20,3,9.329999999999998,5,1.0,0,0.17412911126242317,0
Punjab,Mansa,2025-11-21,2,3.75,5,1.0,0,0.16534199134199123,0
Punjab,Mansa,2025-11-22,2,5.38,5,0.0,0,0.13228769841269833,0
Punjab,Mansa,2025-11-23,1,2.02,5,0.0,0,0.2130154040404041,0
Punjab,Moga,2025-10-15,0,0.0,5,0.0,0,0.24516850732829398,0
Punjab,Moga,2025-10-16,1,2.06,5,2.0,0,0.4482706593031178,1
Punjab,Moga,2025-10-17,0,0.0,5,2.0,0,0.23004406258721172,0
Punjab,Moga,2025-10-18,0,0.0,5,3.0,1,0.42857567648702033,1
Punjab,Moga,2025-10-19,1,2.61,5,1.0,0,0.6684036652108901,1
Punjab,Moga,2025-10-20,0,0.0,5,4.0,1,0.40365340409000344,1
Punjab,Moga,2025-10-21,2,1.66,5,3.0,1,0.3602890904016305,0
Punjab,Moga,2025-10-22,2,5.529999999999999,5,4.0,1,0.7167442876771923,1
Punjab,Moga,2025-10-23,3,10.66,5,2.0,0,0.72610578484016,1
Punjab,Moga,2025-10-24,1,3.21,5,5.0,1,0.725766859876235,1
Punjab,Moga,2025-10-25,4,23.72,5,5.0,1,0.8683729933261185,1
Punjab,Moga,2025-10-26,3,20.72,5,21.0,1,0.8722962037962043,1
Punjab,Moga,2025-10-27,4,15.97,5,16.0,1,0.8420037601287599,1
Punjab,Moga,2025-10-28,2,12.66,5,20.0,1,0.7743234126984128,1
Punjab,Moga,2025-10-29,5,13.23,5,18.0,1,0.8474547455468507,1
Punjab,Moga,2025-10-30,5,15.63,5,44.0,1,0.7737992898913952,1
Punjab,Moga,2025-10-31,21,81.03,5,35.0,1,0.9153803338474391,1
Punjab,Moga,2025-11-01,16,58.99,5,36.0,1,0.6370015703250997,1
Punjab,Moga,2025-11-02,20,72.94,5,47.0,1,0.6975482874968167,1
Punjab,Moga,2025-11-03,18,95.04,5,42.0,1,0.8007326479076482,1
Punjab,Moga,2025-11-04,44,500.31,5,44.0,1,0.8856051587301588,1
Punjab,Moga,2025-11-05,35,215.97,5,42.0,1,0.6406375480424729,1
Punjab,Moga,2025-11-06,36,178.56,5,43.0,1,0.5479020562770563,1
Punjab,Moga,2025-11-07,47,249.28,5,6.0,1,0.630270202020202,1
Punjab,Moga,2025-11-08,42,260.68,5,19.0,1,0.8012318211068211,1
Punjab,Moga,2025-11-09,44,261.92,5,5.0,1,0.8358273809523812,1
Punjab,Moga,2025-11-10,42,255.84,5,13.0,1,0.7111729797979796,1
Punjab,Moga,2025-11-11,43,211.15,5,8.0,1,0.7690952380952383,1
Punjab,Moga,2025-11-12,6,35.96,5,0.0,0,0.6770404995331465,1
Punjab,Moga,2025-11-13,19,121.15,5,1.0,0,0.7152678571428571,1
Punjab,Moga,2025-11-14,5,37.97,5,1.0,0,0.7449175685425686,1
Punjab,Moga,2025-11-15,13,134.83,5,1.0,0,0.6248356782106783,1
Punjab,Moga,2025-11-16,8,74.97,5,3.0,1,0.5760221861471861,1
Punjab,Moga,2025-11-17,0,0.0,5,1.0,0,0.6708262762564234,1
Punjab,Moga,2025-11-18,1,2.11,5,0.0,0,0.5254441280941282,1
Punjab,Moga,2025-11-19,1,3.99,5,2.0,0,0.37566380808733746,1
Punjab,Moga,2025-11-20,1,3.84,5,1.0,0,0.20275056022408966,0
Punjab,Moga,2025-11-21,3,8.82,5,2.0,0,0.27948468720821673,0
Punjab,Moga,2025-11-22,1,2.94,5,2.0,0,0.26724880952380964,0
Punjab,Moga,2025-11-23,0,0.0,5,2.0,0,0.2458523448773449,0
Punjab,Pathankot,2025-10-15,0,0.0,5,0.0,0,0.17024808355384366,0
Punjab,Pathankot,2025-10-16,1,2.9,5,0.0,0,0.46858008054784117,1
Punjab,Pathankot,2025-10-17,0,0.0,5,0.0,0,0.18728649882389345,0
Punjab,Pathankot,2025-10-18,0,0.0,5,0.0,0,0.3672030858517092,0
Punjab,Pathankot,2025-10-19,0,0.0,5,0.0,0,0.3707993293842917,0
Punjab,Pathankot,2025-10-20,0,0.0,5,0.0,0,0.2890513312816637,0
Punjab,Pathankot,2025-10-21,0,0.0,5,0.0,0,0.42010750172780686,1
Punjab,Pathankot,2025-10-22,0,0.0,5,0.0,0,0.2213800924327933,0
Punjab,Pathankot,2025-10-23,0,0.0,5,0.0,0,0.2740103130608809,0
Punjab,Pathankot,2025-10-24,0,0.0,5,0.0,0,0.1526584157549376,0
Punjab,Pathankot,2025-10-25,0,0.0,5,0.0,0,0.05271817702895865,0
Punjab,Pathankot,2025-10-26,0,0.0,5,0.0,0,0.015578090507293174,0
Punjab,Pathankot,2025-10-27,0,0.0,5,0.0,0,0.05230991696574803,0
Punjab,Pathankot,2025-10-28,0,0.0,5,1.0,0,0.03222304625673809,0
Punjab,Pathankot,2025-10-29,0,0.0,5,0.0,0,0.026627735306937978,0
Punjab,Pathankot,2025-10-30,0,0.0,5,2.0,0,0.06659942967145067,0
Punjab,Pathankot,2025-10-31,0,0.0,5,0.0,0,0.028617634296836968,0
Punjab,Pathankot,2025-11-01,0,0.0,5,0.0,0,0.018073525627728296,0
Punjab,Pathankot,2025-11-02,1,3.28,5,0.0,0,0.04140250058356676,0
Punjab,Pathankot,2025-11-03,0,0.0,5,1.0,0,0.014561038011695908,0
Punjab,Pathankot,2025-11-04,2,5.140000000000001,5,0.0,0,0.0573909632034632,0
Punjab,Pathankot,2025-11-05,0,0.0,5,0.0,0,0.04641486291486291,0
Punjab,Pathankot,2025-11-06,0,0.0,5,0.0,0,0.013055788982259571,0
Punjab,Pathankot,2025-11-07,0,0.0,5,0.0,0,0.0660280112044818,0
Punjab,Pathankot,2025-11-08,1,2.62,5,0.0,0,0.022492530345471516,0
Punjab,Pathankot,2025-11-09,0,0.0,5,0.0,0,0.054809899530294276,0
Punjab,Pathankot,2025-11-10,0,0.0,5,2.0,0,0.011185279374907858,0
Punjab,Pathankot,2025-11-11,0,0.0,5,0.0,0,0.057225108225108234,0
Punjab,Pathankot,2025-11-12,0,0.0,5,0.0,0,0.005526315789473684,0
Punjab,Pathankot,2025-11-13,0,0.0,5,0.0,0,0.011411469851098333,0
Punjab,Pathankot,2025-11-14,0,0.0,5,0.0,0,0.0013596491228070173,0
Punjab,Pathankot,2025-11-15,2,14.14,5,0.0,0,0.1857046515575927,0
Punjab,Pathankot,2025-11-16,0,0.0,5,0.0,0,0.16504761904761892,0
Punjab,Pathankot,2025-11-17,0,0.0,5,0.0,0,0.16262301587301572,0
Punjab,Pathankot,2025-11-18,0,0.0,5,0.0,0,0.21792839105339104,0
Punjab,Pathankot,2025-11-19,0,0.0,5,0.0,0,0.0005263157894736842,0
Punjab,Pathankot,2025-11-20,0,0.0,5,0.0,0,0.13970848595848584,0
Punjab,Pathankot,2025-11-21,0,0.0,5,0.0,0,0.002073934837092732,0
Punjab,Pathankot,2025-11-22,0,0.0,5,0.0,0,0.15017046842046833,0
Punjab,Pathankot,2025-11-23,0,0.0,5,0.0,0,0.006335839598997493,0
Punjab,Patiala,2025-10-15,3,12.0,5,14.0,1,0.6349850157513676,1
Punjab,Patiala,2025-10-16,3,11.35,5,18.0,1,0.7037351814851819,1
Punjab,Patiala,2025-10-17,4,7.54,5,11.0,1,0.6434928047099102,1
Punjab,Patiala,2025-10-18,2,6.69,5,2.0,0,0.746610742327848,1
Punjab,Patiala,2025-10-19,6,32.99,5,1.0,0,0.8957563686313688,1
Punjab,Patiala,2025-10-20,14,55.83,5,10.0,1,0.896619047619048,1
Punjab,Patiala,2025-10-21,18,67.72,5,4.0,1,0.9651407203907205,1
Punjab,Patiala,2025-10-22,11,39.35,5,11.0,1,0.9485833333333334,1
Punjab,Patiala,2025-10-23,2,7.77,5,6.0,1,0.7753558802308802,1
Punjab,Patiala,2025-10-24,1,4.24,5,18.0,1,0.616994588744589,1
Punjab,Patiala,2025-10-25,10,45.56,5,13.0,1,0.904071067821068,1
Punjab,Patiala,2025-10-26,4,12.28,5,41.0,1,0.7077357503607505,1
Punjab,Patiala,2025-10-27,11,46.69,5,44.0,1,0.8589621212121215,1
Punjab,Patiala,2025-10-28,6,21.41,5,27.0,1,0.8088323412698414,1
Punjab,Patiala,2025-10-29,18,70.32,5,11.0,1,0.953003663003663,1
Punjab,Patiala,2025-10-30,13,65.51,5,20.0,1,0.9105456349206349,1
Punjab,Patiala,2025-10-31,41,264.78,5,10.0,1,0.8726138722388724,1
Punjab,Patiala,2025-11-01,44,278.56,5,24.0,1,0.8810425685425688,1
Punjab,Patiala,2025-11-02,27,170.95,5,12.0,1,0.8723858225108226,1
Punjab,Patiala,2025-11-03,11,56.78,5,21.0,1,0.7660266955266957,1
Punjab,Patiala,2025-11-04,20,118.09,5,30.0,1,0.945035409035409,1
Punjab,Patiala,2025-11-05,10,30.91,5,6.0,1,0.6525476190476189,1
Punjab,Patiala,2025-11-06,24,97.21,5,11.0,1,0.5657242327038344,1
Punjab,Patiala,2025-11-07,12,65.89,5,1.0,0,0.5726785714285714,1
Punjab,Patiala,2025-11-08,21,243.72,5,3.0,1,0.739606640731641,1
Punjab,Patiala,2025-11-09,30,182.96,5,1.0,0,0.7450822510822512,1
Punjab,Patiala,2025-11-10,6,24.25,5,4.0,1,0.6703906979458449,1
Punjab,Patiala,2025-11-11,11,77.24000000000001,5,2.0,0,0.6018694083694084,1
Punjab,Patiala,2025-11-12,1,2.2,5,0.0,0,0.5919215367965367,1
Punjab,Patiala,2025-11-13,3,15.05,5,3.0,1,0.5507561050061051,1
Punjab,Patiala,2025-11-14,1,1.7,5,0.0,0,0.543669291492821,1
Punjab,Patiala,2025-11-15,4,46.42,5,0.0,0,0.46518434343434345,1
Punjab,Patiala,2025-11-16,2,1.79,5,2.0,0,0.5220140415140415,1
Punjab,Patiala,2025-11-17,0,0.0,5,0.0,0,0.2967309357309358,0
Punjab,Patiala,2025-11-18,3,17.46,5,0.0,0,0.4065591353091353,1
Punjab,Patiala,2025-11-19,0,0.0,5,0.0,0,0.25977584915084917,0
Punjab,Patiala,2025-11-20,0,0.0,5,0.0,0,0.13882377344877336,0
Punjab,Patiala,2025-11-21,2,1.69,5,0.0,0,0.14447528860028852,0
Punjab,Patiala,2025-11-22,0,0.0,5,0.0,0,0.19129401154401154,0
Punjab,Patiala,2025-11-23,0,0.0,5,0.0,0,0.20969642857142862,0
Punjab,Rupnagar,2025-10-15,0,0.0,5,0.0,0,0.2379299016786977,0
Punjab,Rupnagar,2025-10-16,0,0.0,5,1.0,0,0.21562190788533622,0
Punjab,Rupnagar,2025-10-17,0,0.0,5,1.0,0,0.22332032058374898,0
Punjab,Rupnagar,2025-10-18,0,0.0,5,0.0,0,0.4364043173432159,1
Punjab,Rupnagar,2025-10-19,0,0.0,5,0.0,0,0.5355033638863415,1
Punjab,Rupnagar,2025-10-20,0,0.0,5,0.0,0,0.47010440341051185,1
Punjab,Rupnagar,2025-10-21,1,4.11,5,1.0,0,0.6526563072344321,1
Punjab,Rupnagar,2025-10-22,1,2.34,5,0.0,0,0.653026763167388,1
Punjab,Rupnagar,2025-10-23,0,0.0,5,0.0,0,0.310002609721086,0
Punjab,Rupnagar,2025-10-24,0,0.0,5,0.0,0,0.3606162516690934,0
Punjab,Rupnagar,2025-10-25,0,0.0,5,0.0,0,0.3569542038532372,0
Punjab,Rupnagar,2025-10-26,1,2.98,5,2.0,0,0.41032843545343545,1
Punjab,Rupnagar,2025-10-27,0,0.0,5,0.0,0,0.24204891757989386,0
Punjab,Rupnagar,2025-10-28,0,0.0,5,2.0,0,0.27506926086690464,0
Punjab,Rupnagar,2025-10-29,0,0.0,5,0.0,0,0.1998559619109586,0
Punjab,Rupnagar,2025-10-30,0,0.0,5,0.0,0,0.2015384406948269,0
Punjab,Rupnagar,2025-10-31,2,5.83,5,0.0,0,0.25209338404650905,0
Punjab,Rupnagar,2025-11-01,0,0.0,5,0.0,0,0.14496618196618194,0
Punjab,Rupnagar,2025-11-02,2,4.390000000000001,5,0.0,0,0.19062968975468977,0
Punjab,Rupnagar,2025-11-03,0,0.0,5,1.0,0,0.17230659033948503,0
Punjab,Rupnagar,2025-11-04,0,0.0,5,0.0,0,0.05092135642135642,0
Punjab,Rupnagar,2025-11-05,0,0.0,5,0.0,0,0.11952177792967264,0
Punjab,Rupnagar,2025-11-06,0,0.0,5,1.0,0,0.027762558816761495,0
Punjab,Rupnagar,2025-11-07,0,0.0,5,0.0,0,0.0609565445519393,0
Punjab,Rupnagar,2025-11-08,1,4.05,5,0.0,0,0.0683146804176216,0
Punjab,Rupnagar,2025-11-09,0,0.0,5,0.0,0,0.050597943722943725,0
Punjab,Rupnagar,2025-11-10,0,0.0,5,0.0,0,0.021298573975044564,0
Punjab,Rupnagar,2025-11-11,1,1.61,5,0.0,0,0.050359413462354646,0
Punjab,Rupnagar,2025-11-12,0,0.0,5,0.0,0,0.022737354750512643,0
Punjab,Rupnagar,2025-11-13,0,0.0,5,0.0,0,0.019759883498854085,0
Punjab,Rupnagar,2025-11-14,0,0.0,5,0.0,0,0.012568181818181817,0
Punjab,Rupnagar,2025-11-15,0,0.0,5,0.0,0,0.028651515151515154,0
Punjab,Rupnagar,2025-11-16,0,0.0,5,0.0,0,0.011734848484848483,0
Punjab,Rupnagar,2025-11-17,0,0.0,5,0.0,0,0.010594497607655502,0
Punjab,Rupnagar,2025-11-18,0,0.0,5,0.0,0,0.013308783321941216,0
Punjab,Rupnagar,2025-11-19,0,0.0,5,0.0,0,0.01476116427432217,0
Punjab,Rupnagar,2025-11-20,0,0.0,5,0.0,0,0.01476116427432217,0
Punjab,Rupnagar,2025-11-21,0,0.0,5,0.0,0,0.011427830940988835,0
Punjab,Rupnagar,2025-11-22,0,0.0,5,0.0,0,0.011734848484848483,0
Punjab,Rupnagar,2025-11-23,0,0.0,5,1.0,0,0.01564211665527455,0
Punjab,S A S Nagar,2025-10-15,0,0.0,5,4.0,1,0.2395052942613423,0
Punjab,S A S Nagar,2025-10-16,1,2.96,5,7.0,1,0.47481165265612957,1
Punjab,S A S Nagar,2025-10-17,0,0.0,5,5.0,1,0.2616406841982028,0
Punjab,S A S Nagar,2025-10-18,1,3.32,5,1.0,0,0.5734416433239962,1
Punjab,S A S Nagar,2025-10-19,2,7.34,5,3.0,1,0.7397860247391498,1
Punjab,S A S Nagar,2025-10-20,4,12.04,5,5.0,1,0.8252092074592079,1
Punjab,S A S Nagar,2025-10-21,7,30.56,5,6.0,1,0.9314823580309856,1
Punjab,S A S Nagar,2025-10-22,5,14.5,5,2.0,0,0.9277556390977445,1
Punjab,S A S Nagar,2025-10-23,1,2.81,5,2.0,0,0.7929817821067823,1
Punjab,S A S Nagar,2025-10-24,3,13.09,5,6.0,1,0.7395191672362726,1
Punjab,S A S Nagar,2025-10-25,5,15.55,5,1.0,0,0.8856290157211211,1
Punjab,S A S Nagar,2025-10-26,6,17.49,5,8.0,1,0.8658772119693176,1
Punjab,S A S Nagar,2025-10-27,2,5.050000000000001,5,1.0,0,0.7582104922511271,1
Punjab,S A S Nagar,2025-10-28,2,5.97,5,1.0,0,0.7051463893049835,1
Punjab,S A S Nagar,2025-10-29,6,13.11,5,2.0,0,0.7233942754613804,1
Punjab,S A S Nagar,2025-10-30,1,4.68,5,0.0,0,0.6767854010025066,1
Punjab,S A S Nagar,2025-10-31,8,37.49,5,2.0,0,0.7060031138452192,1
Punjab,S A S Nagar,2025-11-01,1,3.44,5,0.0,0,0.5333945279866333,1
Punjab,S A S Nagar,2025-11-02,1,6.12,5,1.0,0,0.49058910533910544,1
Punjab,S A S Nagar,2025-11-03,2,9.99,5,2.0,0,0.526043650793651,1
Punjab,S A S Nagar,2025-11-04,0,0.0,5,0.0,0,0.2717169635919636,0
Punjab,S A S Nagar,2025-11-05,2,4.29,5,0.0,0,0.42092130705551767,1
Punjab,S A S Nagar,2025-11-06,0,0.0,5,0.0,0,0.282415080202816,0
Punjab,S A S Nagar,2025-11-07,1,9.43,5,1.0,0,0.3305003968253969,0
Punjab,S A S Nagar,2025-11-08,2,7.57,5,1.0,0,0.3498096590909092,0
Punjab,S A S Nagar,2025-11-09,0,0.0,5,0.0,0,0.1542514430014429,0
Punjab,S A S Nagar,2025-11-10,0,0.0,5,0.0,0,0.20192748917748912,0
Punjab,S A S Nagar,2025-11-11,0,0.0,5,0.0,0,0.09952633477633474,0
Punjab,S A S Nagar,2025-11-12,1,1.59,5,0.0,0,0.09989754689754689,0
Punjab,S A S Nagar,2025-11-13,1,8.49,5,0.0,0,0.24292387969173693,0
Punjab,S A S Nagar,2025-11-14,0,0.0,5,0.0,0,0.14770995670995662,0
Punjab,S A S Nagar,2025-11-15,0,0.0,5,0.0,0,0.1415036075036074,0
Punjab,S A S Nagar,2025-11-16,0,0.0,5,0.0,0,0.10034487734487733,0
Punjab,S A S Nagar,2025-11-17,0,0.0,5,0.0,0,0.0039015151515151515,0
Punjab,S A S Nagar,2025-11-18,0,0.0,5,0.0,0,0.028899764451235037,0
Punjab,S A S Nagar,2025-11-19,0,0.0,5,1.0,0,0.0018181818181818182,0
Punjab,S A S Nagar,2025-11-20,0,0.0,5,0.0,0,0.040575799200799206,0
Punjab,S A S Nagar,2025-11-21,0,0.0,5,0.0,0,0.0038181818181818182,0
Punjab,S A S Nagar,2025-11-22,0,0.0,5,1.0,0,0.004651515151515151,0
Punjab,S A S Nagar,2025-11-23,0,0.0,5,0.0,0,0.004058783321941217,0
Punjab,Sangrur,2025-10-15,1,3.06,5,4.0,1,0.4678486416565461,1
Punjab,Sangrur,2025-10-16,1,2.95,5,10.0,1,0.5239162202928651,1
Punjab,Sangrur,2025-10-17,4,43.34,5,4.0,1,0.6967475847795618,1
Punjab,Sangrur,2025-10-18,0,0.0,5,6.0,1,0.5859788520790881,1
Punjab,Sangrur,2025-10-19,2,8.45,5,11.0,1,0.647813492063492,1
Punjab,Sangrur,2025-10-20,4,19.33,5,19.0,1,0.7738075396825398,1
Punjab,Sangrur,2025-10-21,10,67.47,5,27.0,1,0.8893294772859993,1
Punjab,Sangrur,2025-10-22,4,19.44,5,21.0,1,0.8110753968253971,1
Punjab,Sangrur,2025-10-23,6,55.41,5,13.0,1,0.938775793650794,1
Punjab,Sangrur,2025-10-24,11,77.94,5,48.0,1,0.9233214285714285,1
Punjab,Sangrur,2025-10-25,19,200.61,5,65.0,1,0.9610158730158731,1
Punjab,Sangrur,2025-10-26,27,227.44,5,127.0,1,0.9007483766233768,1
Punjab,Sangrur,2025-10-27,21,116.16,5,69.0,1,0.9219924242424242,1
Punjab,Sangrur,2025-10-28,13,91.69,5,65.0,1,0.9904702380952379,1
Punjab,Sangrur,2025-10-29,48,383.99,5,38.0,1,0.9902539682539683,1
Punjab,Sangrur,2025-10-30,65,519.6,5,62.0,1,0.9915833333333332,1
Punjab,Sangrur,2025-10-31,127,802.9,5,22.0,1,0.9166590909090909,1
Punjab,Sangrur,2025-11-01,69,385.86,5,24.0,1,0.7650548340548342,1
Punjab,Sangrur,2025-11-02,65,496.09,5,50.0,1,0.7779873737373738,1
Punjab,Sangrur,2025-11-03,38,224.56,5,41.0,1,0.7752211399711402,1
Punjab,Sangrur,2025-11-04,62,456.91,5,37.0,1,0.8661904761904766,1
Punjab,Sangrur,2025-11-05,22,212.23,5,24.0,1,0.5135095347159302,1
Punjab,Sangrur,2025-11-06,24,185.22,5,19.0,1,0.5260271144625985,1
Punjab,Sangrur,2025-11-07,50,258.85,5,3.0,1,0.6574695165945166,1
Punjab,Sangrur,2025-11-08,41,163.3,5,7.0,1,0.6808237734487735,1
Punjab,Sangrur,2025-11-09,37,240.81,5,6.0,1,0.7144384920634921,1
Punjab,Sangrur,2025-11-10,24,156.23,5,2.0,0,0.7469211482961482,1
Punjab,Sangrur,2025-11-11,19,108.34,5,0.0,0,0.6712959956709956,1
Punjab,Sangrur,2025-11-12,3,5.16,5,3.0,1,0.6596278011204479,1
Punjab,Sangrur,2025-11-13,7,33.92,5,0.0,0,0.7435992063492064,1
Punjab,Sangrur,2025-11-14,6,51.3,5,0.0,0,0.6546329365079367,1
Punjab,Sangrur,2025-11-15,2,4.51,5,1.0,0,0.5377457983193279,1
Punjab,Sangrur,2025-11-16,0,0.0,5,0.0,0,0.5930871656121655,1
Punjab,Sangrur,2025-11-17,3,8.42,5,0.0,0,0.45054691664544644,1
Punjab,Sangrur,2025-11-18,0,0.0,5,0.0,0,0.4456443445443447,1
Punjab,Sangrur,2025-11-19,0,0.0,5,0.0,0,0.2214056637806638,0
Punjab,Sangrur,2025-11-20,1,3.44,5,0.0,0,0.17650860495713427,0
Punjab,Sangrur,2025-11-21,0,0.0,5,0.0,0,0.2004436147186147,0
Punjab,Sangrur,2025-11-22,0,0.0,5,0.0,0,0.16805147907647897,0
Punjab,Sangrur,2025-11-23,0,0.0,5,0.0,0,0.16727370129870117,0
Punjab,Shahid Bhagat Singh Nagar,2025-10-15,0,0.0,5,0.0,0,0.3063539419371958,0
Punjab,Shahid Bhagat Singh Nagar,2025-10-16,0,0.0,5,5.0,1,0.2411332433153244,0
Punjab,Shahid Bhagat Singh Nagar,2025-10-17,1,3.94,5,3.0,1,0.49172513500711174,1
Punjab,Shahid Bhagat Singh Nagar,2025-10-18,0,0.0,5,0.0,0,0.4052733377747088,1
Punjab,Shahid Bhagat Singh Nagar,2025-10-19,0,0.0,5,0.0,0,0.48267711740294644,1
Punjab,Shahid Bhagat Singh Nagar,2025-10-20,0,0.0,5,0.0,0,0.4533526573314899,1
Punjab,Shahid Bhagat Singh Nagar,2025-10-21,5,28.2,5,1.0,0,0.7991308588754245,1
Punjab,Shahid Bhagat Singh Nagar,2025-10-22,3,9.35,5,3.0,1,0.8169665612165616,1
Punjab,Shahid Bhagat Singh Nagar,2025-10-23,0,0.0,5,0.0,0,0.647578751036198,1
Punjab,Shahid Bhagat Singh Nagar,2025-10-24,0,0.0,5,1.0,0,0.6427697993659394,1
Punjab,Shahid Bhagat Singh Nagar,2025-10-25,0,0.0,5,0.0,0,0.45303370574387125,1
Punjab,Shahid Bhagat Singh Nagar,2025-10-26,1,1.55,5,1.0,0,0.4981882054349161,1
Punjab,Shahid Bhagat Singh Nagar,2025-10-27,3,11.89,5,6.0,1,0.61307104007104,1
Punjab,Shahid Bhagat Singh Nagar,2025-10-28,0,0.0,5,9.0,1,0.6556998924883282,1
Punjab,Shahid Bhagat Singh Nagar,2025-10-29,1,7.58,5,3.0,1,0.6866904258935513,1
Punjab,Shahid Bhagat Singh Nagar,2025-10-30,0,0.0,5,3.0,1,0.39542463206900813,1
Punjab,Shahid Bhagat Singh Nagar,2025-10-31,1,2.69,5,1.0,0,0.2994850011100012,0
Punjab,Shahid Bhagat Singh Nagar,2025-11-01,6,25.75,5,4.0,1,0.6797463506235828,1
Punjab,Shahid Bhagat Singh Nagar,2025-11-02,9,46.72,5,3.0,1,0.7331665892586945,1
Punjab,Shahid Bhagat Singh Nagar,2025-11-03,3,7.68,5,4.0,1,0.6012608144779196,1
Punjab,Shahid Bhagat Singh Nagar,2025-11-04,3,13.45,5,0.0,0,0.6644493145743146,1
Punjab,Shahid Bhagat Singh Nagar,2025-11-05,1,0.97,5,0.0,0,0.4429278860028858,1
Punjab,Shahid Bhagat Singh Nagar,2025-11-06,4,11.08,5,1.0,0,0.45744678932178945,1
Punjab,Shahid Bhagat Singh Nagar,2025-11-07,3,11.85,5,3.0,1,0.41194780219780236,1
Punjab,Shahid Bhagat Singh Nagar,2025-11-08,4,15.3,5,3.0,1,0.5468311688311688,1
Punjab,Shahid Bhagat Singh Nagar,2025-11-09,0,0.0,5,0.0,0,0.3676435786435786,0
Punjab,Shahid Bhagat Singh Nagar,2025-11-10,0,0.0,5,2.0,0,0.32348196248196265,0
Punjab,Shahid Bhagat Singh Nagar,2025-11-11,1,3.51,5,2.0,0,0.37171360028860045,1
Punjab,Shahid Bhagat Singh Nagar,2025-11-12,3,10.78,5,0.0,0,0.3589124902874902,0
Punjab,Shahid Bhagat Singh Nagar,2025-11-13,3,15.14,5,0.0,0,0.5094153311965812,1
Punjab,Shahid Bhagat Singh Nagar,2025-11-14,0,0.0,5,3.0,1,0.3069146525988634,0
Punjab,Shahid Bhagat Singh Nagar,2025-11-15,2,5.73,5,0.0,0,0.32222510822510836,0
Punjab,Shahid Bhagat Singh Nagar,2025-11-16,2,5.65,5,0.0,0,0.25864375901875897,0
Punjab,Shahid Bhagat Singh Nagar,2025-11-17,0,0.0,5,0.0,0,0.16459866522366517,0
Punjab,Shahid Bhagat Singh Nagar,2025-11-18,0,0.0,5,0.0,0,0.19001190476190477,0
Punjab,Shahid Bhagat Singh Nagar,2025-11-19,3,9.82,5,0.0,0,0.37292053432678446,1
Punjab,Shahid Bhagat Singh Nagar,2025-11-20,0,0.0,5,0.0,0,0.1225474386724386,0
Punjab,Shahid Bhagat Singh Nagar,2025-11-21,0,0.0,5,0.0,0,0.11827269952269948,0
Punjab,Shahid Bhagat Singh Nagar,2025-11-22,0,0.0,5,0.0,0,0.13471410533910524,0
Punjab,Shahid Bhagat Singh Nagar,2025-11-23,0,0.0,5,0.0,0,0.08005032467532468,0
Punjab,Sri Muktsar Sahib,2025-10-15,0,0.0,5,0.0,0,0.39865425694726314,1
Punjab,Sri Muktsar Sahib,2025-10-16,1,5.86,5,4.0,1,0.47176539438009185,1
Punjab,Sri Muktsar Sahib,2025-10-17,0,0.0,5,10.0,1,0.5061589005879362,1
Punjab,Sri Muktsar Sahib,2025-10-18,2,8.21,5,1.0,0,0.6376542287369494,1
Punjab,Sri Muktsar Sahib,2025-10-19,2,8.68,5,2.0,0,0.6916400533698328,1
Punjab,Sri Muktsar Sahib,2025-10-20,0,0.0,5,2.0,0,0.44790998584748565,1
Punjab,Sri Muktsar Sahib,2025-10-21,4,17.89,5,13.0,1,0.721115056818182,1
Punjab,Sri Muktsar Sahib,2025-10-22,10,37.72,5,0.0,0,0.8175381488227959,1
Punjab,Sri Muktsar Sahib,2025-10-23,1,3.49,5,2.0,0,0.6819716810966812,1
Punjab,Sri Muktsar Sahib,2025-10-24,2,16.65,5,7.0,1,0.7565489232989235,1
Punjab,Sri Muktsar Sahib,2025-10-25,2,7.71,5,12.0,1,0.6814444444444447,1
Punjab,Sri Muktsar Sahib,2025-10-26,13,86.17,5,17.0,1,0.834753246753247,1
Punjab,Sri Muktsar Sahib,2025-10-27,0,0.0,5,21.0,1,0.53237388999889,1
Punjab,Sri Muktsar Sahib,2025-10-28,2,11.65,5,41.0,1,0.6706198107448107,1
Punjab,Sri Muktsar Sahib,2025-10-29,7,33.11,5,12.0,1,0.8554868326118329,1
Punjab,Sri Muktsar Sahib,2025-10-30,12,70.77,5,15.0,1,0.950513583638584,1
Punjab,Sri Muktsar Sahib,2025-10-31,17,171.26,5,29.0,1,0.8248510378510379,1
Punjab,Sri Muktsar Sahib,2025-11-01,21,102.23,5,48.0,1,0.8172290764790766,1
Punjab,Sri Muktsar Sahib,2025-11-02,41,334.81,5,37.0,1,0.8312568542568545,1
Punjab,Sri Muktsar Sahib,2025-11-03,12,70.67999999999999,5,25.0,1,0.9055412698412699,1
Punjab,Sri Muktsar Sahib,2025-11-04,15,124.78,5,28.0,1,0.8726011904761906,1
Punjab,Sri Muktsar Sahib,2025-11-05,29,173.99,5,31.0,1,0.7159788178837426,1
Punjab,Sri Muktsar Sahib,2025-11-06,48,331.47,5,39.0,1,0.597375026354628,1
Punjab,Sri Muktsar Sahib,2025-11-07,37,200.69,5,14.0,1,0.7939509291521489,1
Punjab,Sri Muktsar Sahib,2025-11-08,25,149.07999999999998,5,21.0,1,0.7913389639639641,1
Punjab,Sri Muktsar Sahib,2025-11-09,28,136.62,5,20.0,1,0.8697261904761906,1
Punjab,Sri Muktsar Sahib,2025-11-10,31,131.89,5,32.0,1,0.753134523809524,1
Punjab,Sri Muktsar Sahib,2025-11-11,39,236.67,5,28.0,1,0.9014722222222226,1
Punjab,Sri Muktsar Sahib,2025-11-12,14,71.45,5,9.0,1,0.787707251082251,1
Punjab,Sri Muktsar Sahib,2025-11-13,21,114.28,5,10.0,1,0.8847678571428572,1
Punjab,Sri Muktsar Sahib,2025-11-14,20,110.72,5,9.0,1,0.8798690476190475,1
Punjab,Sri Muktsar Sahib,2025-11-15,32,161.38,5,8.0,1,0.7039527417027416,1
Punjab,Sri Muktsar Sahib,2025-11-16,28,148.9,5,4.0,1,0.725921536796537,1
Punjab,Sri Muktsar Sahib,2025-11-17,9,21.88,5,4.0,1,0.7269374098124096,1
Punjab,Sri Muktsar Sahib,2025-11-18,10,38.26,5,12.0,1,0.7075456349206348,1
Punjab,Sri Muktsar Sahib,2025-11-19,9,38.03,5,0.0,0,0.6426944444444446,1
Punjab,Sri Muktsar Sahib,2025-11-20,8,34.36,5,2.0,0,0.14585317460317448,0
Punjab,Sri Muktsar Sahib,2025-11-21,4,16.88,5,3.0,1,0.08860819530710834,0
Punjab,Sri Muktsar Sahib,2025-11-22,4,12.72,5,7.0,1,0.11468399836878093,0
Punjab,Sri Muktsar Sahib,2025-11-23,12,164.88,5,2.0,0,0.24666176878676885,0
Punjab,Tarn Taran,2025-10-15,16,63.69,5,34.0,1,0.9487579365079367,1
Punjab,Tarn Taran,2025-10-16,28,119.02,5,36.0,1,0.9735929487179489,1
Punjab,Tarn Taran,2025-10-17,21,79.39,5,35.0,1,0.9774107142857144,1
Punjab,Tarn Taran,2025-10-18,30,124.33,5,21.0,1,0.9934999999999999,1
Punjab,Tarn Taran,2025-10-19,45,228.67,5,18.0,1,0.9769166666666668,1
Punjab,Tarn Taran,2025-10-20,34,139.39,5,45.0,1,0.8836845238095237,1
Punjab,Tarn Taran,2025-10-21,36,129.44,5,62.0,1,0.9303928571428571,1
Punjab,Tarn Taran,2025-10-22,35,183.31,5,39.0,1,0.9687500000000001,1
Punjab,Tarn Taran,2025-10-23,21,99.69,5,22.0,1,0.981309523809524,1
Punjab,Tarn Taran,2025-10-24,18,109.0,5,54.0,1,0.9855833333333334,1
Punjab,Tarn Taran,2025-10-25,45,224.23,5,48.0,1,0.9815595238095238,1
Punjab,Tarn Taran,2025-10-26,62,283.48,5,87.0,1,0.9685000000000001,1
Punjab,Tarn Taran,2025-10-27,39,154.78,5,71.0,1,0.9469920634920637,1
Punjab,Tarn Taran,2025-10-28,22,130.01,5,59.0,1,0.9878750000000001,1
Punjab,Tarn Taran,2025-10-29,54,438.06,5,33.0,1,0.9911666666666666,1
Punjab,Tarn Taran,2025-10-30,48,232.45,5,63.0,1,0.9917261904761904,1
Punjab,Tarn Taran,2025-10-31,87,391.43,5,5.0,1,0.9596428571428572,1
Punjab,Tarn Taran,2025-11-01,71,330.73,5,44.0,1,0.9289473304473305,1
Punjab,Tarn Taran,2025-11-02,59,307.36,5,29.0,1,0.9129751082251082,1
Punjab,Tarn Taran,2025-11-03,33,138.16,5,31.0,1,0.8927341269841272,1
Punjab,Tarn Taran,2025-11-04,63,392.89,5,41.0,1,0.9479285714285713,1
Punjab,Tarn Taran,2025-11-05,5,15.96,5,58.0,1,0.687089869281046,1
Punjab,Tarn Taran,2025-11-06,44,172.83,5,48.0,1,0.5802152457757298,1
Punjab,Tarn Taran,2025-11-07,29,157.01,5,18.0,1,0.6815241614753811,1
Punjab,Tarn Taran,2025-11-08,31,146.95,5,17.0,1,0.91115444015444,1
Punjab,Tarn Taran,2025-11-09,41,243.63,5,23.0,1,0.8510853174603175,1
Punjab,Tarn Taran,2025-11-10,58,351.23,5,12.0,1,0.9462487373737375,1
Punjab,Tarn Taran,2025-11-11,48,221.82,5,12.0,1,0.7409523809523811,1
Punjab,Tarn Taran,2025-11-12,18,70.46000000000001,5,5.0,1,0.6968670634920635,1
Punjab,Tarn Taran,2025-11-13,17,79.45,5,3.0,1,0.7406488095238095,1
Punjab,Tarn Taran,2025-11-14,23,97.54,5,0.0,0,0.7611547619047621,1
Punjab,Tarn Taran,2025-11-15,12,45.89,5,3.0,1,0.7355416666666668,1
Punjab,Tarn Taran,2025-11-16,12,50.37,5,4.0,1,0.6690833333333334,1
Punjab,Tarn Taran,2025-11-17,5,19.08,5,2.0,0,0.631363763687293,1
Punjab,Tarn Taran,2025-11-18,3,8.22,5,0.0,0,0.5148210591695889,1
Punjab,Tarn Taran,2025-11-19,0,0.0,5,0.0,0,0.3689664224664226,0
Punjab,Tarn Taran,2025-11-20,3,13.18,5,0.0,0,0.2292743697478993,0
Punjab,Tarn Taran,2025-11-21,4,29.09,5,0.0,0,0.25729653679653697,0
Punjab,Tarn Taran,2025-11-22,2,6.27,5,0.0,0,0.17607222222222207,0
Punjab,Tarn Taran,2025-11-23,0,0.0,5,0.0,0,0.19508448773448767,0
