state,district,date,fire_count,frp_sum,horizon,target_fire_count,actual_elevated,probability,prediction
Haryana,Ambala,2025-10-15,0,0.0,2,0.0,0,0.09593218521306196,0
Haryana,Ambala,2025-10-16,2,3.1,2,0.0,0,0.26409313860913813,0
Haryana,Ambala,2025-10-17,0,0.0,2,1.0,0,0.08188071261990046,0
Haryana,Ambala,2025-10-18,0,0.0,2,3.0,1,0.12145477094032098,0
Haryana,Ambala,2025-10-19,1,7.36,2,2.0,0,0.20242054939384657,0
Haryana,Ambala,2025-10-20,3,8.36,2,1.0,0,0.3866879282535452,0
Haryana,Ambala,2025-10-21,2,5.03,2,0.0,0,0.538758248627018,1
Haryana,Ambala,2025-10-22,1,3.08,2,0.0,0,0.5987573911964478,1
Haryana,Ambala,2025-10-23,0,0.0,2,1.0,0,0.37751610312527534,0
Haryana,Ambala,2025-10-24,0,0.0,2,4.0,1,0.23252303577977382,0
Haryana,Ambala,2025-10-25,1,2.44,2,2.0,0,0.2736658445720945,0
Haryana,Ambala,2025-10-26,4,14.37,2,0.0,0,0.41100203265404667,1
Haryana,Ambala,2025-10-27,2,3.93,2,2.0,0,0.5249664918414918,1
Haryana,Ambala,2025-10-28,0,0.0,2,0.0,0,0.6137076388855804,1
Haryana,Ambala,2025-10-29,2,5.92,2,3.0,1,0.5139875689027285,1
Haryana,Ambala,2025-10-30,0,0.0,2,0.0,0,0.2737261657824157,0
Haryana,Ambala,2025-10-31,3,11.989999999999998,2,4.0,1,0.5129856917645441,1
Haryana,Ambala,2025-11-01,0,0.0,2,0.0,0,0.37613726776522827,0
Haryana,Ambala,2025-11-02,4,11.68,2,0.0,0,0.47836801016012964,1
Haryana,Ambala,2025-11-03,0,0.0,2,0.0,0,0.5342452156704975,1
Haryana,Ambala,2025-11-04,0,0.0,2,0.0,0,0.17962881995054125,0
Haryana,Ambala,2025-11-05,0,0.0,2,1.0,0,0.4049223098721454,0
Haryana,Ambala,2025-11-06,0,0.0,2,1.0,0,0.07854566613247803,0
Haryana,Ambala,2025-11-07,1,1.65,2,0.0,0,0.28353295528888706,0
Haryana,Ambala,2025-11-08,1,2.63,2,0.0,0,0.13500949112162347,0
Haryana,Ambala,2025-11-09,0,0.0,2,0.0,0,0.16344225980095753,0
Haryana,Ambala,2025-11-10,0,0.0,2,0.0,0,0.017882339343504392,0
Haryana,Ambala,2025-11-11,0,0.0,2,2.0,0,0.03060606060606061,0
Haryana,Ambala,2025-11-12,0,0.0,2,0.0,0,0.04621083083583084,0
Haryana,Ambala,2025-11-13,2,8.79,2,0.0,0,0.1174688459437879,0
Haryana,Ambala,2025-11-14,0,0.0,2,0.0,0,0.1184011591478697,0
Haryana,Ambala,2025-11-15,0,0.0,2,0.0,0,0.07679783459817434,0
Haryana,Ambala,2025-11-16,0,0.0,2,0.0,0,0.06711115967365966,0
Haryana,Ambala,2025-11-17,0,0.0,2,0.0,0,0.010796245527703325,0
Haryana,Ambala,2025-11-18,0,0.0,2,0.0,0,0.009574675324675324,0
Haryana,Ambala,2025-11-19,0,0.0,2,0.0,0,0.012079101258928623,0
Haryana,Ambala,2025-11-20,0,0.0,2,0.0,0,0.026527104474472887,0
Haryana,Ambala,2025-11-21,0,0.0,2,1.0,0,0.004983892386385992,0
Haryana,Ambala,2025-11-22,0,0.0,2,0.0,0,0.0132032599753188,0
Haryana,Ambala,2025-11-23,1,5.52,2,0.0,0,0.15962922427496223,0
Haryana,Bhiwani,2025-10-15,0,0.0,2,0.0,0,0.04926965475794,0
Haryana,Bhiwani,2025-10-16,1,1.3,2,2.0,0,0.2099396785362577,0
Haryana,Bhiwani,2025-10-17,0,0.0,2,0.0,0,0.06169799198149788,0
Haryana,Bhiwani,2025-10-18,2,7.77,2,2.0,0,0.12937318119187313,0
Haryana,Bhiwani,2025-10-19,0,0.0,2,1.0,0,0.24344681638917906,0
Haryana,Bhiwani,2025-10-20,2,8.27,2,6.0,1,0.18717313973324207,0
Haryana,Bhiwani,2025-10-21,1,2.59,2,0.0,0,0.32901560789356843,0
Haryana,Bhiwani,2025-10-22,6,11.41,2,0.0,0,0.3124455938798044,0
Haryana,Bhiwani,2025-10-23,0,0.0,2,0.0,0,0.4252030303030304,1
Haryana,Bhiwani,2025-10-24,0,0.0,2,1.0,0,0.3504316136106231,0
Haryana,Bhiwani,2025-10-25,0,0.0,2,0.0,0,0.3138181241273345,0
Haryana,Bhiwani,2025-10-26,1,2.52,2,0.0,0,0.06551952826585179,0
Haryana,Bhiwani,2025-10-27,0,0.0,2,0.0,0,0.30451584723755765,0
Haryana,Bhiwani,2025-10-28,0,0.0,2,0.0,0,0.09269347133836733,0
Haryana,Bhiwani,2025-10-29,0,0.0,2,0.0,0,0.332218465068495,0
Haryana,Bhiwani,2025-10-30,0,0.0,2,0.0,0,0.08935577585337712,0
Haryana,Bhiwani,2025-10-31,0,0.0,2,0.0,0,0.05004851249940536,0
Haryana,Bhiwani,2025-11-01,0,0.0,2,0.0,0,0.11611765952052623,0
Haryana,Bhiwani,2025-11-02,0,0.0,2,0.0,0,0.05958767125731411,0
Haryana,Bhiwani,2025-11-03,0,0.0,2,1.0,0,0.149231532298234,0
Haryana,Bhiwani,2025-11-04,0,0.0,2,2.0,0,0.11569831814413672,0
Haryana,Bhiwani,2025-11-05,1,12.65,2,4.0,1,0.13833598692973698,0
Haryana,Bhiwani,2025-11-06,2,6.279999999999999,2,0.0,0,0.1839239343989344,0
Haryana,Bhiwani,2025-11-07,4,11.12,2,0.0,0,0.29716211402976106,0
Haryana,Bhiwani,2025-11-08,0,0.0,2,0.0,0,0.2249798056110555,0
Haryana,Bhiwani,2025-11-09,0,0.0,2,7.0,1,0.2800502247752246,0
Haryana,Bhiwani,2025-11-10,0,0.0,2,0.0,0,0.1961827339327339,0
Haryana,Bhiwani,2025-11-11,7,24.64,2,0.0,0,0.14648832688209626,0
Haryana,Bhiwani,2025-11-12,0,0.0,2,0.0,0,0.3907436938061938,0
Haryana,Bhiwani,2025-11-13,0,0.0,2,1.0,0,0.3907784295973634,0
Haryana,Bhiwani,2025-11-14,0,0.0,2,3.0,1,0.4683129225167248,1
Haryana,Bhiwani,2025-11-15,1,2.09,2,3.0,1,0.12739261372685287,0
Haryana,Bhiwani,2025-11-16,3,11.48,2,0.0,0,0.39813356557658003,0
Haryana,Bhiwani,2025-11-17,3,19.94,2,0.0,0,0.2632408647778053,0
Haryana,Bhiwani,2025-11-18,0,0.0,2,0.0,0,0.2920894678238427,0
Haryana,Bhiwani,2025-11-19,0,0.0,2,0.0,0,0.22201199186842566,0
Haryana,Bhiwani,2025-11-20,0,0.0,2,3.0,1,0.21242952414830416,0
Haryana,Bhiwani,2025-11-21,0,0.0,2,1.0,0,0.11083078954956967,0
Haryana,Bhiwani,2025-11-22,3,16.310000000000002,2,0.0,0,0.3062235531678467,0
Haryana,Bhiwani,2025-11-23,1,2.64,2,0.0,0,0.23090424980721028,0
Haryana,Charkhi Dadri,2025-10-15,0,0.0,2,0.0,0,0.01843865138985403,0
Haryana,Charkhi Dadri,2025-10-16,0,0.0,2,0.0,0,0.01745829944658468,0
Haryana,Charkhi Dadri,2025-10-17,0,0.0,2,0.0,0,0.07110018686524822,0
Haryana,Charkhi Dadri,2025-10-18,0,0.0,2,0.0,0,0.012768464281749513,0
Haryana,Charkhi Dadri,2025-10-19,0,0.0,2,0.0,0,0.009065841055461238,0
Haryana,Charkhi Dadri,2025-10-20,0,0.0,2,0.0,0,0.024120612371102124,0
Haryana,Charkhi Dadri,2025-10-21,0,0.0,2,0.0,0,0.04681949898847086,0
Haryana,Charkhi Dadri,2025-10-22,0,0.0,2,0.0,0,0.05043708222201643,0
Haryana,Charkhi Dadri,2025-10-23,0,0.0,2,0.0,0,0.057315195274377596,0
Haryana,Charkhi Dadri,2025-10-24,0,0.0,2,0.0,0,0.049962672796855116,0
Haryana,Charkhi Dadri,2025-10-25,0,0.0,2,0.0,0,0.0012634770828810792,0
Haryana,Charkhi Dadri,2025-10-26,0,0.0,2,0.0,0,0.014478187428817681,0
Haryana,Charkhi Dadri,2025-10-27,0,0.0,2,0.0,0,0.08989259290537273,0
Haryana,Charkhi Dadri,2025-10-28,0,0.0,2,0.0,0,0.07503902630617877,0
Haryana,Charkhi Dadri,2025-10-29,0,0.0,2,0.0,0,0.043601718256312864,0
Haryana,Charkhi Dadri,2025-10-30,0,0.0,2,1.0,0,0.10358554423705815,0
Haryana,Charkhi Dadri,2025-10-31,0,0.0,2,0.0,0,0.04872052360145315,0
Haryana,Charkhi Dadri,2025-11-01,1,2.49,2,0.0,0,0.08282174688057044,0
Haryana,Charkhi Dadri,2025-11-02,0,0.0,2,0.0,0,0.03841599025974026,0
Haryana,Charkhi Dadri,2025-11-03,0,0.0,2,0.0,0,0.010625,0
Haryana,Charkhi Dadri,2025-11-04,0,0.0,2,0.0,0,0.05080949521986212,0
Haryana,Charkhi Dadri,2025-11-05,0,0.0,2,0.0,0,0.035399692394440296,0
Haryana,Charkhi Dadri,2025-11-06,0,0.0,2,0.0,0,0.01726909400123686,0
Haryana,Charkhi Dadri,2025-11-07,0,0.0,2,0.0,0,0.04464879011044978,0
Haryana,Charkhi Dadri,2025-11-08,0,0.0,2,0.0,0,0.02314414219865348,0
Haryana,Charkhi Dadri,2025-11-09,0,0.0,2,0.0,0,0.06910484040073919,0
Haryana,Charkhi Dadri,2025-11-10,0,0.0,2,0.0,0,0.04689043422785521,0
Haryana,Charkhi Dadri,2025-11-11,0,0.0,2,0.0,0,0.04344812653554752,0
Haryana,Charkhi Dadri,2025-11-12,0,0.0,2,2.0,0,0.11672239100489694,0
Haryana,Charkhi Dadri,2025-11-13,0,0.0,2,0.0,0,0.023465256770084136,0
Haryana,Charkhi Dadri,2025-11-14,2,11.48,2,1.0,0,0.10594011854373696,0
Haryana,Charkhi Dadri,2025-11-15,0,0.0,2,0.0,0,0.09598971861471864,0
Haryana,Charkhi Dadri,2025-11-16,1,2.21,2,0.0,0,0.2436312590595678,0
Haryana,Charkhi Dadri,2025-11-17,0,0.0,2,0.0,0,0.12384769813519812,0
Haryana,Charkhi Dadri,2025-11-18,0,0.0,2,0.0,0,0.0119375,0
Haryana,Charkhi Dadri,2025-11-19,0,0.0,2,0.0,0,0.053957491279212594,0
Haryana,Charkhi Dadri,2025-11-20,0,0.0,2,0.0,0,0.007912046393504193,0
Haryana,Charkhi Dadri,2025-11-21,0,0.0,2,0.0,0,0.09629108644436733,0
Haryana,Charkhi Dadri,2025-11-22,0,0.0,2,0.0,0,0.007386037076734008,0
Haryana,Charkhi Dadri,2025-11-23,0,0.0,2,0.0,0,0.021778890188758608,0
Haryana,Faridabad,2025-10-15,3,2.53,2,2.0,0,0.28447709447415326,0
Haryana,Faridabad,2025-10-16,0,0.0,2,1.0,0,0.13924016766714153,0
Haryana,Faridabad,2025-10-17,2,3.04,2,0.0,0,0.27692520396270404,0
Haryana,Faridabad,2025-10-18,1,0.31,2,1.0,0,0.27174580679253657,0
Haryana,Faridabad,2025-10-19,0,0.0,2,0.0,0,0.12865512595811018,0
Haryana,Faridabad,2025-10-20,1,0.53,2,1.0,0,0.23186268486947828,0
Haryana,Faridabad,2025-10-21,0,0.0,2,0.0,0,0.13502408282561032,0
Haryana,Faridabad,2025-10-22,1,0.74,2,0.0,0,0.4849846868817457,1
Haryana,Faridabad,2025-10-23,0,0.0,2,0.0,0,0.06341133192319778,0
Haryana,Faridabad,2025-10-24,0,0.0,2,4.0,1,0.10024186378169019,0
Haryana,Faridabad,2025-10-25,0,0.0,2,0.0,0,0.06758617407665836,0
Haryana,Faridabad,2025-10-26,4,4.0600000000000005,2,0.0,0,0.2231756204321994,0
Haryana,Faridabad,2025-10-27,0,0.0,2,0.0,0,0.1737242917667261,0
Haryana,Faridabad,2025-10-28,0,0.0,2,0.0,0,0.1314614691885936,0
Haryana,Faridabad,2025-10-29,0,0.0,2,1.0,0,0.1341842833495549,0
Haryana,Faridabad,2025-10-30,0,0.0,2,5.0,1,0.15898846502075623,0
Haryana,Faridabad,2025-10-31,1,0.79,2,2.0,0,0.3292814671936491,0
Haryana,Faridabad,2025-11-01,5,3.69,2,3.0,1,0.21612326817918925,0
Haryana,Faridabad,2025-11-02,2,1.52,2,0.0,0,0.3090498407593996,0
Haryana,Faridabad,2025-11-03,3,1.28,2,8.0,1,0.211582448446806,0
Haryana,Faridabad,2025-11-04,0,0.0,2,2.0,0,0.20076374959991466,0
Haryana,Faridabad,2025-11-05,8,4.37,2,3.0,1,0.1697713922904821,0
Haryana,Faridabad,2025-11-06,2,0.7,2,4.0,1,0.19607025047321103,0
Haryana,Faridabad,2025-11-07,3,6.02,2,4.0,1,0.21542816742081444,0
Haryana,Faridabad,2025-11-08,4,2.47,2,1.0,0,0.3006762508325008,0
Haryana,Faridabad,2025-11-09,4,1.91,2,1.0,0,0.20270454573579574,0
Haryana,Faridabad,2025-11-10,1,0.54,2,6.0,1,0.23909514224810277,0
Haryana,Faridabad,2025-11-11,1,1.92,2,5.0,1,0.20981290768055472,0
Haryana,Faridabad,2025-11-12,6,5.140000000000001,2,1.0,0,0.2474315996503497,0
Haryana,Faridabad,2025-11-13,5,4.54,2,5.0,1,0.17655273341854222,0
Haryana,Faridabad,2025-11-14,1,0.65,2,2.0,0,0.2504756340473252,0
Haryana,Faridabad,2025-11-15,5,5.64,2,6.0,1,0.2662966298407475,0
Haryana,Faridabad,2025-11-16,2,0.6799999999999999,2,3.0,1,0.315204061869503,0
Haryana,Faridabad,2025-11-17,6,5.33,2,0.0,0,0.1803340562623651,0
Haryana,Faridabad,2025-11-18,3,1.33,2,7.0,1,0.271773313341715,0
Haryana,Faridabad,2025-11-19,0,0.0,2,0.0,0,0.1750955710955711,0
Haryana,Faridabad,2025-11-20,7,18.13,2,7.0,1,0.4707314604711168,1
Haryana,Faridabad,2025-11-21,0,0.0,2,3.0,1,0.3791884410232624,0
Haryana,Faridabad,2025-11-22,7,3.93,2,0.0,0,0.25696556568431567,0
Haryana,Faridabad,2025-11-23,3,1.81,2,9.0,1,0.3025437977592583,0
Haryana,Fatehabad,2025-10-15,1,2.28,2,0.0,0,0.16511518677401024,0
Haryana,Fatehabad,2025-10-16,0,0.0,2,2.0,0,0.2020316687455467,0
Haryana,Fatehabad,2025-10-17,0,0.0,2,4.0,1,0.10121809840233267,0
Haryana,Fatehabad,2025-10-18,2,11.56,2,10.0,1,0.23204264645201345,0
Haryana,Fatehabad,2025-10-19,4,16.08,2,0.0,0,0.48539041755346113,1
Haryana,Fatehabad,2025-10-20,10,49.02,2,0.0,0,0.7478136633103735,1
Haryana,Fatehabad,2025-10-21,0,0.0,2,0.0,0,0.4568624906256208,1
Haryana,Fatehabad,2025-10-22,0,0.0,2,0.0,0,0.41760472408026755,1
Haryana,Fatehabad,2025-10-23,0,0.0,2,4.0,1,0.5233517628205128,1
Haryana,Fatehabad,2025-10-24,0,0.0,2,6.0,1,0.22444640672572505,0
Haryana,Fatehabad,2025-10-25,4,21.46,2,3.0,1,0.4201879023754022,1
Haryana,Fatehabad,2025-10-26,6,43.48,2,1.0,0,0.7324878370956999,1
Haryana,Fatehabad,2025-10-27,3,6.8100000000000005,2,1.0,0,0.6350606213639304,1
Haryana,Fatehabad,2025-10-28,1,1.11,2,5.0,1,0.6069302413273001,1
Haryana,Fatehabad,2025-10-29,1,1.54,2,4.0,1,0.7182697664566365,1
Haryana,Fatehabad,2025-10-30,5,25.38,2,11.0,1,0.7201167023873098,1
Haryana,Fatehabad,2025-10-31,4,15.740000000000002,2,8.0,1,0.7270681745790444,1
Haryana,Fatehabad,2025-11-01,11,42.61,2,4.0,1,0.8214522907647904,1
Haryana,Fatehabad,2025-11-02,8,37.09,2,8.0,1,0.77154374067961,1
Haryana,Fatehabad,2025-11-03,4,14.37,2,0.0,0,0.6314080787633418,1
Haryana,Fatehabad,2025-11-04,8,89.26,2,7.0,1,0.7906696428571426,1
Haryana,Fatehabad,2025-11-05,0,0.0,2,15.0,1,0.5050813517650148,1
Haryana,Fatehabad,2025-11-06,7,22.13,2,10.0,1,0.6097531354515049,1
Haryana,Fatehabad,2025-11-07,15,49.98,2,13.0,1,0.7926440018315017,1
Haryana,Fatehabad,2025-11-08,10,51.46,2,14.0,1,0.7333714079457694,1
Haryana,Fatehabad,2025-11-09,13,77.01,2,15.0,1,0.8950019563769567,1
Haryana,Fatehabad,2025-11-10,14,68.96000000000001,2,3.0,1,0.896294767732268,1
Haryana,Fatehabad,2025-11-11,15,85.03999999999999,2,4.0,1,0.8997775974025974,1
Haryana,Fatehabad,2025-11-12,3,10.77,2,1.0,0,0.7819502164502166,1
Haryana,Fatehabad,2025-11-13,4,12.82,2,8.0,1,0.7464012237762239,1
Haryana,Fatehabad,2025-11-14,1,1.65,2,5.0,1,0.6554878663003663,1
Haryana,Fatehabad,2025-11-15,8,22.52,2,3.0,1,0.6347686685295378,1
Haryana,Fatehabad,2025-11-16,5,12.47,2,2.0,0,0.5567074152403434,1
Haryana,Fatehabad,2025-11-17,3,8.370000000000001,2,1.0,0,0.31572208000332996,0
Haryana,Fatehabad,2025-11-18,2,9.18,2,0.0,0,0.3396679362304361,0
Haryana,Fatehabad,2025-11-19,1,4.06,2,0.0,0,0.2533962565212564,0
Haryana,Fatehabad,2025-11-20,0,0.0,2,2.0,0,0.16026277368464872,0
Haryana,Fatehabad,2025-11-21,0,0.0,2,1.0,0,0.23143836892274394,0
Haryana,Fatehabad,2025-11-22,2,4.6,2,2.0,0,0.3606611825674325,0
Haryana,Fatehabad,2025-11-23,1,1.94,2,0.0,0,0.2423680278055278,0
Haryana,Gurugram,2025-10-15,0,0.0,2,0.0,0,0.07633302930019682,0
Haryana,Gurugram,2025-10-16,0,0.0,2,0.0,0,0.036083089770613516,0
Haryana,Gurugram,2025-10-17,0,0.0,2,0.0,0,0.040682724510873264,0
Haryana,Gurugram,2025-10-18,0,0.0,2,1.0,0,0.05688734305855668,0
Haryana,Gurugram,2025-10-19,0,0.0,2,0.0,0,0.061010947331458155,0
Haryana,Gurugram,2025-10-20,1,1.22,2,0.0,0,0.3086961630292484,0
Haryana,Gurugram,2025-10-21,0,0.0,2,0.0,0,0.15718856636838333,0
Haryana,Gurugram,2025-10-22,0,0.0,2,0.0,0,0.11655591825991289,0
Haryana,Gurugram,2025-10-23,0,0.0,2,0.0,0,0.051207887889161634,0
Haryana,Gurugram,2025-10-24,0,0.0,2,0.0,0,0.07769025771194003,0
Haryana,Gurugram,2025-10-25,0,0.0,2,0.0,0,0.030320180358596963,0
Haryana,Gurugram,2025-10-26,0,0.0,2,0.0,0,0.053649086426953166,0
Haryana,Gurugram,2025-10-27,0,0.0,2,0.0,0,0.08322085223015145,0
Haryana,Gurugram,2025-10-28,0,0.0,2,0.0,0,0.11015396652496148,0
Haryana,Gurugram,2025-10-29,0,0.0,2,0.0,0,0.12707142406741906,0
Haryana,Gurugram,2025-10-30,0,0.0,2,0.0,0,0.16587808135680115,0
Haryana,Gurugram,2025-10-31,0,0.0,2,1.0,0,0.13645790128411972,0
Haryana,Gurugram,2025-11-01,0,0.0,2,0.0,0,0.05732790498234733,0
Haryana,Gurugram,2025-11-02,1,3.29,2,1.0,0,0.15362543935038128,0
Haryana,Gurugram,2025-11-03,0,0.0,2,0.0,0,0.054121003996003995,0
Haryana,Gurugram,2025-11-04,1,5.38,2,0.0,0,0.09204497585747584,0
Haryana,Gurugram,2025-11-05,0,0.0,2,0.0,0,0.17659621628371625,0
Haryana,Gurugram,2025-11-06,0,0.0,2,0.0,0,0.03280606893106894,0
Haryana,Gurugram,2025-11-07,0,0.0,2,0.0,0,0.050241300366300354,0
Haryana,Gurugram,2025-11-08,0,0.0,2,0.0,0,0.1108080787384884,0
Haryana,Gurugram,2025-11-09,0,0.0,2,0.0,0,0.05630715626791756,0
Haryana,Gurugram,2025-11-10,0,0.0,2,0.0,0,0.10054525857017957,0
Haryana,Gurugram,2025-11-11,0,0.0,2,0.0,0,0.047128024387892806,0
Haryana,Gurugram,2025-11-12,0,0.0,2,0.0,0,0.1825391824561992,0
Haryana,Gurugram,2025-11-13,0,0.0,2,0.0,0,0.07251696955005779,0
Haryana,Gurugram,2025-11-14,0,0.0,2,0.0,0,0.060398698328525686,0
Haryana,Gurugram,2025-11-15,0,0.0,2,1.0,0,0.06145274844507581,0
Haryana,Gurugram,2025-11-16,0,0.0,2,0.0,0,0.04943367539323422,0
Haryana,Gurugram,2025-11-17,1,0.35,2,0.0,0,0.05154198774371409,0
Haryana,Gurugram,2025-11-18,0,0.0,2,0.0,0,0.025249999999999998,0
Haryana,Gurugram,2025-11-19,0,0.0,2,1.0,0,0.011552277432712215,0
Haryana,Gurugram,2025-11-20,0,0.0,2,0.0,0,0.031613095238095246,0
Haryana,Gurugram,2025-11-21,1,2.73,2,0.0,0,0.22482295207134093,0
Haryana,Gurugram,2025-11-22,0,0.0,2,0.0,0,0.0106875,0
Haryana,Gurugram,2025-11-23,0,0.0,2,0.0,0,0.010145454545454546,0
Haryana,Hisar,2025-10-15,3,4.12,2,1.0,0,0.347693940128499,0
Haryana,Hisar,2025-10-16,3,8.1,2,2.0,0,0.36795764652014656,0
Haryana,Hisar,2025-10-17,1,1.87,2,10.0,1,0.3584109262190338,0
Haryana,Hisar,2025-10-18,2,13.93,2,13.0,1,0.4965735098235098,1
Haryana,Hisar,2025-10-19,10,32.46,2,5.0,1,0.7520704850704852,1
Haryana,Hisar,2025-10-20,13,45.58,2,1.0,0,0.8188509823509823,1
Haryana,Hisar,2025-10-21,5,14.52,2,0.0,0,0.7402011217948717,1
Haryana,Hisar,2025-10-22,1,1.65,2,2.0,0,0.6256883220945719,1
Haryana,Hisar,2025-10-23,0,0.0,2,2.0,0,0.46710473525791135,1
Haryana,Hisar,2025-10-24,2,9.28,2,15.0,1,0.5046711397262869,1
Haryana,Hisar,2025-10-25,2,2.14,2,6.0,1,0.41309929909272014,1
Haryana,Hisar,2025-10-26,15,30.63,2,0.0,0,0.6834672792485292,1
Haryana,Hisar,2025-10-27,6,30.36,2,1.0,0,0.7776366237928737,1
Haryana,Hisar,2025-10-28,0,0.0,2,3.0,1,0.5643506524164141,1
Haryana,Hisar,2025-10-29,1,2.46,2,5.0,1,0.6874183365653951,1
Haryana,Hisar,2025-10-30,3,17.19,2,11.0,1,0.7409438941906045,1
Haryana,Hisar,2025-10-31,5,12.87,2,6.0,1,0.5426459632119799,1
Haryana,Hisar,2025-11-01,11,27.73,2,5.0,1,0.6495152518073715,1
Haryana,Hisar,2025-11-02,6,24.24,2,4.0,1,0.6096934758128979,1
Haryana,Hisar,2025-11-03,5,19.47,2,5.0,1,0.6101997725958251,1
Haryana,Hisar,2025-11-04,4,13.71,2,15.0,1,0.5650509906759906,1
Haryana,Hisar,2025-11-05,5,25.56,2,13.0,1,0.5822526775760469,1
Haryana,Hisar,2025-11-06,15,31.7,2,16.0,1,0.6102843889202583,1
Haryana,Hisar,2025-11-07,13,41.03,2,16.0,1,0.8023639214951713,1
Haryana,Hisar,2025-11-08,16,69.92,2,12.0,1,0.7685765512735852,1
Haryana,Hisar,2025-11-09,16,83.35,2,21.0,1,0.8837473388193728,1
Haryana,Hisar,2025-11-10,12,48.03,2,4.0,1,0.9085436230436228,1
Haryana,Hisar,2025-11-11,21,87.96,2,6.0,1,0.9190752164502165,1
Haryana,Hisar,2025-11-12,4,13.57,2,8.0,1,0.7968807442557444,1
Haryana,Hisar,2025-11-13,6,31.13,2,10.0,1,0.7483967490842491,1
Haryana,Hisar,2025-11-14,8,23.57,2,11.0,1,0.7881391574112162,1
Haryana,Hisar,2025-11-15,10,26.08,2,7.0,1,0.667787715454835,1
Haryana,Hisar,2025-11-16,11,41.57,2,5.0,1,0.8285555721160559,1
Haryana,Hisar,2025-11-17,7,20.77,2,0.0,0,0.6739481143856142,1
Haryana,Hisar,2025-11-18,5,13.92,2,6.0,1,0.5823028638028636,1
Haryana,Hisar,2025-11-19,0,0.0,2,6.0,1,0.2775885605972041,0
Haryana,Hisar,2025-11-20,6,27.23,2,4.0,1,0.5248051948051946,1
Haryana,Hisar,2025-11-21,6,11.72,2,2.0,0,0.4309952579123773,1
Haryana,Hisar,2025-11-22,4,10.48,2,1.0,0,0.412267597962678,1
Haryana,Hisar,2025-11-23,2,8.99,2,5.0,1,0.25126981351981353,0
Haryana,Jhajjar,2025-10-15,2,6.04,2,1.0,0,0.37649399227167124,0
Haryana,Jhajjar,2025-10-16,2,3.12,2,0.0,0,0.25354044778750656,0
Haryana,Jhajjar,2025-10-17,1,0.82,2,0.0,0,0.21465671225937188,0
Haryana,Jhajjar,2025-10-18,0,0.0,2,0.0,0,0.259334566781258,0
Haryana,Jhajjar,2025-10-19,0,0.0,2,0.0,0,0.20504287032412033,0
Haryana,Jhajjar,2025-10-20,0,0.0,2,3.0,1,0.18805021842192893,0
Haryana,Jhajjar,2025-10-21,0,0.0,2,1.0,0,0.14374002725812712,0
Haryana,Jhajjar,2025-10-22,3,6.94,2,1.0,0,0.3355370019857283,0
Haryana,Jhajjar,2025-10-23,1,1.15,2,2.0,0,0.3895898684648684,0
Haryana,Jhajjar,2025-10-24,1,1.13,2,2.0,0,0.3266133915104503,0
Haryana,Jhajjar,2025-10-25,2,4.25,2,0.0,0,0.3186397713805802,0
Haryana,Jhajjar,2025-10-26,2,1.12,2,0.0,0,0.37257359307359317,0
Haryana,Jhajjar,2025-10-27,0,0.0,2,0.0,0,0.23850396287567338,0
Haryana,Jhajjar,2025-10-28,0,0.0,2,1.0,0,0.19360909947950522,0
Haryana,Jhajjar,2025-10-29,0,0.0,2,1.0,0,0.275022191897222,0
Haryana,Jhajjar,2025-10-30,1,0.91,2,1.0,0,0.3245747413214819,0
Haryana,Jhajjar,2025-10-31,1,0.57,2,0.0,0,0.2100930057751845,0
Haryana,Jhajjar,2025-11-01,1,0.77,2,3.0,1,0.2830562519588255,0
Haryana,Jhajjar,2025-11-02,0,0.0,2,4.0,1,0.09575343406593406,0
Haryana,Jhajjar,2025-11-03,3,8.49,2,3.0,1,0.15149651619020812,0
Haryana,Jhajjar,2025-11-04,4,2.5,2,2.0,0,0.2715631115208321,0
Haryana,Jhajjar,2025-11-05,3,6.62,2,6.0,1,0.3789327647971223,0
Haryana,Jhajjar,2025-11-06,2,1.1,2,5.0,1,0.36050887059369197,0
Haryana,Jhajjar,2025-11-07,6,8.28,2,4.0,1,0.3162697173968174,0
Haryana,Jhajjar,2025-11-08,5,6.8,2,2.0,0,0.4721622146236115,1
Haryana,Jhajjar,2025-11-09,4,7.279999999999999,2,1.0,0,0.3497721602335573,0
Haryana,Jhajjar,2025-11-10,2,1.23,2,2.0,0,0.37588072344322343,0
Haryana,Jhajjar,2025-11-11,1,3.82,2,3.0,1,0.3412046825723295,0
Haryana,Jhajjar,2025-11-12,2,3.26,2,1.0,0,0.37235472419737115,0
Haryana,Jhajjar,2025-11-13,3,6.0600000000000005,2,1.0,0,0.26347998508844095,0
Haryana,Jhajjar,2025-11-14,1,0.54,2,5.0,1,0.2904815705128204,0
Haryana,Jhajjar,2025-11-15,1,4.74,2,7.0,1,0.2577564010744157,0
Haryana,Jhajjar,2025-11-16,5,13.74,2,6.0,1,0.42690646003257887,1
Haryana,Jhajjar,2025-11-17,7,15.0,2,4.0,1,0.43686939286203996,1
Haryana,Jhajjar,2025-11-18,6,14.7,2,0.0,0,0.5121306714119213,1
Haryana,Jhajjar,2025-11-19,4,8.95,2,3.0,1,0.4942538344008931,1
Haryana,Jhajjar,2025-11-20,0,0.0,2,2.0,0,0.2771957736029633,0
Haryana,Jhajjar,2025-11-21,3,8.0,2,6.0,1,0.5557198287823287,1
Haryana,Jhajjar,2025-11-22,2,1.39,2,2.0,0,0.3243951673326672,0
Haryana,Jhajjar,2025-11-23,6,11.22,2,2.0,0,0.25510123411534696,0
Haryana,Jind,2025-10-15,5,15.27,2,0.0,0,0.44042324342324357,1
Haryana,Jind,2025-10-16,0,0.0,2,0.0,0,0.14219945128401013,0
Haryana,Jind,2025-10-17,0,0.0,2,4.0,1,0.3304756471598577,0
Haryana,Jind,2025-10-18,0,0.0,2,13.0,1,0.397094331083676,0
Haryana,Jind,2025-10-19,4,11.75,2,5.0,1,0.49340931984681985,1
Haryana,Jind,2025-10-20,13,46.29,2,5.0,1,0.7014593843656343,1
Haryana,Jind,2025-10-21,5,15.15,2,0.0,0,0.7138081134551721,1
Haryana,Jind,2025-10-22,5,12.64,2,0.0,0,0.6648746774059273,1
Haryana,Jind,2025-10-23,0,0.0,2,6.0,1,0.49738617660492657,1
Haryana,Jind,2025-10-24,0,0.0,2,5.0,1,0.38115533424908427,0
Haryana,Jind,2025-10-25,6,44.53,2,6.0,1,0.546502829048192,1
Haryana,Jind,2025-10-26,5,11.43,2,0.0,0,0.6192016212953713,1
Haryana,Jind,2025-10-27,6,37.02,2,2.0,0,0.744061063323931,1
Haryana,Jind,2025-10-28,0,0.0,2,0.0,0,0.6410304481840581,1
Haryana,Jind,2025-10-29,2,15.7,2,1.0,0,0.7067565920599006,1
Haryana,Jind,2025-10-30,0,0.0,2,7.0,1,0.574204125352764,1
Haryana,Jind,2025-10-31,1,8.84,2,8.0,1,0.4236796710234208,1
Haryana,Jind,2025-11-01,7,25.89,2,4.0,1,0.6733028030777857,1
Haryana,Jind,2025-11-02,8,34.84,2,3.0,1,0.7831577063287588,1
Haryana,Jind,2025-11-03,4,43.44,2,7.0,1,0.6083360460166767,1
Haryana,Jind,2025-11-04,3,11.98,2,15.0,1,0.6457718301435407,1
Haryana,Jind,2025-11-05,7,21.12,2,15.0,1,0.6028727053976877,1
Haryana,Jind,2025-11-06,15,59.03,2,25.0,1,0.773863501082251,1
Haryana,Jind,2025-11-07,15,46.17,2,39.0,1,0.8471359994172494,1
Haryana,Jind,2025-11-08,25,135.33,2,38.0,1,0.8129167915417913,1
Haryana,Jind,2025-11-09,39,183.54,2,28.0,1,0.8896310772560774,1
Haryana,Jind,2025-11-10,38,135.94,2,14.0,1,0.9116630036630036,1
Haryana,Jind,2025-11-11,28,146.05,2,12.0,1,0.922565601065601,1
Haryana,Jind,2025-11-12,14,55.67,2,2.0,0,0.9091602196822783,1
Haryana,Jind,2025-11-13,12,60.45,2,13.0,1,0.8811009823509822,1
Haryana,Jind,2025-11-14,2,9.46,2,17.0,1,0.7905915755862699,1
Haryana,Jind,2025-11-15,13,65.2,2,6.0,1,0.8347567738633918,1
Haryana,Jind,2025-11-16,17,91.54,2,3.0,1,0.9039152930402932,1
Haryana,Jind,2025-11-17,6,23.5,2,2.0,0,0.7911679117983464,1
Haryana,Jind,2025-11-18,3,20.93,2,6.0,1,0.5985479117004051,1
Haryana,Jind,2025-11-19,2,10.02,2,6.0,1,0.5126579724623203,1
Haryana,Jind,2025-11-20,6,9.34,2,3.0,1,0.33293877997002996,0
Haryana,Jind,2025-11-21,6,16.43,2,2.0,0,0.6122579585984191,1
Haryana,Jind,2025-11-22,3,7.59,2,2.0,0,0.2569333791208791,0
Haryana,Jind,2025-11-23,2,6.34,2,0.0,0,0.25318224483849483,0
Haryana,Kaithal,2025-10-15,0,0.0,2,0.0,0,0.030473424881930767,0
Haryana,Kaithal,2025-10-16,1,4.43,2,1.0,0,0.16295015005634197,0
Haryana,Kaithal,2025-10-17,0,0.0,2,2.0,0,0.15374288979202066,0
Haryana,Kaithal,2025-10-18,1,2.39,2,2.0,0,0.2372970883283383,0
Haryana,Kaithal,2025-10-19,2,17.11,2,9.0,1,0.3332167535948706,0
Haryana,Kaithal,2025-10-20,2,8.18,2,1.0,0,0.44659533763338105,1
Haryana,Kaithal,2025-10-21,9,38.37,2,0.0,0,0.7158121168047638,1
Haryana,Kaithal,2025-10-22,1,7.84,2,0.0,0,0.7027741841491841,1
Haryana,Kaithal,2025-10-23,0,0.0,2,1.0,0,0.46023161681909786,1
Haryana,Kaithal,2025-10-24,0,0.0,2,9.0,1,0.4579752535220307,1
Haryana,Kaithal,2025-10-25,1,4.02,2,5.0,1,0.28852038632592036,0
Haryana,Kaithal,2025-10-26,9,23.36,2,0.0,0,0.5525038799027768,1
Haryana,Kaithal,2025-10-27,5,13.84,2,2.0,0,0.7038162648754756,1
Haryana,Kaithal,2025-10-28,0,0.0,2,2.0,0,0.4972390737860662,1
Haryana,Kaithal,2025-10-29,2,10.18,2,1.0,0,0.7349844322344322,1
Haryana,Kaithal,2025-10-30,2,4.83,2,7.0,1,0.5930333939110534,1
Haryana,Kaithal,2025-10-31,1,3.67,2,6.0,1,0.4200386627261626,1
Haryana,Kaithal,2025-11-01,7,31.16,2,3.0,1,0.656901942189952,1
Haryana,Kaithal,2025-11-02,6,42.95,2,1.0,0,0.6798138860467489,1
Haryana,Kaithal,2025-11-03,3,14.52,2,3.0,1,0.5182753573181204,1
Haryana,Kaithal,2025-11-04,1,4.24,2,7.0,1,0.6272588245088246,1
Haryana,Kaithal,2025-11-05,3,14.22,2,4.0,1,0.6316741869241868,1
Haryana,Kaithal,2025-11-06,7,18.85,2,7.0,1,0.5940426468692597,1
Haryana,Kaithal,2025-11-07,4,15.5,2,8.0,1,0.4815560929107122,1
Haryana,Kaithal,2025-11-08,7,42.07,2,5.0,1,0.5308471632534131,1
Haryana,Kaithal,2025-11-09,8,29.88,2,13.0,1,0.7225826251599277,1
Haryana,Kaithal,2025-11-10,5,17.439999999999998,2,4.0,1,0.6871702464202463,1
Haryana,Kaithal,2025-11-11,13,45.1,2,4.0,1,0.7545914224664224,1
Haryana,Kaithal,2025-11-12,4,7.75,2,1.0,0,0.5066487761142366,1
Haryana,Kaithal,2025-11-13,4,9.64,2,1.0,0,0.5669056048118546,1
Haryana,Kaithal,2025-11-14,1,2.79,2,1.0,0,0.5021231684981684,1
Haryana,Kaithal,2025-11-15,1,3.79,2,0.0,0,0.3215819978632478,0
Haryana,Kaithal,2025-11-16,1,2.22,2,4.0,1,0.3817752417645992,0
Haryana,Kaithal,2025-11-17,0,0.0,2,0.0,0,0.1681350122725635,0
Haryana,Kaithal,2025-11-18,4,9.01,2,1.0,0,0.3353554258241758,0
Haryana,Kaithal,2025-11-19,0,0.0,2,0.0,0,0.2518767378454878,0
Haryana,Kaithal,2025-11-20,1,0.59,2,0.0,0,0.21734834956709953,0
Haryana,Kaithal,2025-11-21,0,0.0,2,2.0,0,0.21616177541820916,0
Haryana,Kaithal,2025-11-22,0,0.0,2,8.0,1,0.05243641254578755,0
Haryana,Kaithal,2025-11-23,2,2.01,2,5.0,1,0.1843077451919665,0
Haryana,Karnal,2025-10-15,0,0.0,2,0.0,0,0.027168464281749512,0
Haryana,Karnal,2025-10-16,0,0.0,2,0.0,0,0.02566846428174951,0
Haryana,Karnal,2025-10-17,0,0.0,2,3.0,1,0.0565438364135239,0
Haryana,Karnal,2025-10-18,0,0.0,2,4.0,1,0.05976862445443037,0
Haryana,Karnal,2025-10-19,3,12.39,2,4.0,1,0.23079115323640964,0
Haryana,Karnal,2025-10-20,4,14.71,2,2.0,0,0.4651870271938206,1
Haryana,Karnal,2025-10-21,4,12.98,2,1.0,0,0.6752471903096899,1
Haryana,Karnal,2025-10-22,2,3.56,2,0.0,0,0.6533900789525788,1
Haryana,Karnal,2025-10-23,1,5.09,2,1.0,0,0.5927585019147519,1
Haryana,Karnal,2025-10-24,0,0.0,2,2.0,0,0.36320783030116616,0
Haryana,Karnal,2025-10-25,1,1.91,2,1.0,0,0.3343872153173624,0
Haryana,Karnal,2025-10-26,2,4.8,2,0.0,0,0.45546853776732166,1
Haryana,Karnal,2025-10-27,1,0.54,2,0.0,0,0.42259303255224295,1
Haryana,Karnal,2025-10-28,0,0.0,2,0.0,0,0.4223549060953667,1
Haryana,Karnal,2025-10-29,0,0.0,2,2.0,0,0.18730749751866252,0
Haryana,Karnal,2025-10-30,0,0.0,2,1.0,0,0.10402195092177274,0
Haryana,Karnal,2025-10-31,2,7.67,2,1.0,0,0.18228845341964536,0
Haryana,Karnal,2025-11-01,1,4.13,2,0.0,0,0.2793521019421754,0
Haryana,Karnal,2025-11-02,1,3.3,2,2.0,0,0.27768646427102306,0
Haryana,Karnal,2025-11-03,0,0.0,2,3.0,1,0.22555609056513654,0
Haryana,Karnal,2025-11-04,2,8.219999999999999,2,9.0,1,0.21760964624143975,0
Haryana,Karnal,2025-11-05,3,7.050000000000001,2,6.0,1,0.33105309238619995,0
Haryana,Karnal,2025-11-06,9,21.36,2,6.0,1,0.40961403258222306,0
Haryana,Karnal,2025-11-07,6,20.0,2,1.0,0,0.5252731095250502,1
Haryana,Karnal,2025-11-08,6,30.8,2,2.0,0,0.5971869088572717,1
Haryana,Karnal,2025-11-09,1,5.56,2,0.0,0,0.47474429682159935,1
Haryana,Karnal,2025-11-10,2,9.34,2,1.0,0,0.42671339077589066,1
Haryana,Karnal,2025-11-11,0,0.0,2,2.0,0,0.43746240550229915,1
Haryana,Karnal,2025-11-12,1,3.08,2,0.0,0,0.3313076264013764,0
Haryana,Karnal,2025-11-13,2,13.18,2,0.0,0,0.36040085608835604,0
Haryana,Karnal,2025-11-14,0,0.0,2,0.0,0,0.27345954566267067,0
Haryana,Karnal,2025-11-15,0,0.0,2,1.0,0,0.2632234796453547,0
Haryana,Karnal,2025-11-16,0,0.0,2,0.0,0,0.21693253216969463,0
Haryana,Karnal,2025-11-17,1,1.76,2,0.0,0,0.16167325468247598,0
Haryana,Karnal,2025-11-18,0,0.0,2,0.0,0,0.12513026556776558,0
Haryana,Karnal,2025-11-19,0,0.0,2,0.0,0,0.08674487004223849,0
Haryana,Karnal,2025-11-20,0,0.0,2,1.0,0,0.148999847652992,0
Haryana,Karnal,2025-11-21,0,0.0,2,0.0,0,0.022176391010949835,0
Haryana,Karnal,2025-11-22,1,2.4,2,0.0,0,0.1295532619470313,0
Haryana,Karnal,2025-11-23,0,0.0,2,0.0,0,0.043975,0
Haryana,Kurukshetra,2025-10-15,2,4.220000000000001,2,1.0,0,0.20891399870769065,0
Haryana,Kurukshetra,2025-10-16,2,1.68,2,1.0,0,0.32331787772341186,0
Haryana,Kurukshetra,2025-10-17,1,3.6,2,3.0,1,0.23176559274059266,0
Haryana,Kurukshetra,2025-10-18,1,2.98,2,3.0,1,0.26838326950826946,0
Haryana,Kurukshetra,2025-10-19,3,7.859999999999999,2,4.0,1,0.42964922124976473,1
Haryana,Kurukshetra,2025-10-20,3,7.65,2,2.0,0,0.4481514776889777,1
Haryana,Kurukshetra,2025-10-21,4,27.3,2,1.0,0,0.7037219055099488,1
Haryana,Kurukshetra,2025-10-22,2,3.28,2,0.0,0,0.6353713827838827,1
Haryana,Kurukshetra,2025-10-23,1,3.28,2,4.0,1,0.5190186688311688,1
Haryana,Kurukshetra,2025-10-24,0,0.0,2,5.0,1,0.4146456737077595,1
Haryana,Kurukshetra,2025-10-25,4,24.44,2,5.0,1,0.5467980932111365,1
Haryana,Kurukshetra,2025-10-26,5,11.87,2,0.0,0,0.636624438061938,1
Haryana,Kurukshetra,2025-10-27,5,17.99,2,0.0,0,0.805361505786525,1
Haryana,Kurukshetra,2025-10-28,0,0.0,2,0.0,0,0.5189490200897624,1
Haryana,Kurukshetra,2025-10-29,0,0.0,2,1.0,0,0.5493108030362495,1
Haryana,Kurukshetra,2025-10-30,0,0.0,2,3.0,1,0.583477310062014,1
Haryana,Kurukshetra,2025-10-31,1,1.69,2,1.0,0,0.29697966616716615,0
Haryana,Kurukshetra,2025-11-01,3,14.97,2,0.0,0,0.5703550487063787,1
Haryana,Kurukshetra,2025-11-02,1,2.76,2,0.0,0,0.47555427905427905,1
Haryana,Kurukshetra,2025-11-03,0,0.0,2,0.0,0,0.4341687301185657,1
Haryana,Kurukshetra,2025-11-04,0,0.0,2,0.0,0,0.2157144690054337,0
Haryana,Kurukshetra,2025-11-05,0,0.0,2,0.0,0,0.06759359424177973,0
Haryana,Kurukshetra,2025-11-06,0,0.0,2,0.0,0,0.18394173534798533,0
Haryana,Kurukshetra,2025-11-07,0,0.0,2,3.0,1,0.036532878462389735,0
Haryana,Kurukshetra,2025-11-08,0,0.0,2,0.0,0,0.17801348533294434,0
Haryana,Kurukshetra,2025-11-09,3,2.71,2,0.0,0,0.19153527284119393,0
Haryana,Kurukshetra,2025-11-10,0,0.0,2,0.0,0,0.08827015692640693,0
Haryana,Kurukshetra,2025-11-11,0,0.0,2,0.0,0,0.03899320556492688,0
Haryana,Kurukshetra,2025-11-12,0,0.0,2,0.0,0,0.07090858185530319,0
Haryana,Kurukshetra,2025-11-13,0,0.0,2,0.0,0,0.06418076052251244,0
Haryana,Kurukshetra,2025-11-14,0,0.0,2,0.0,0,0.0252183137900351,0
Haryana,Kurukshetra,2025-11-15,0,0.0,2,0.0,0,0.0534893280738869,0
Haryana,Kurukshetra,2025-11-16,0,0.0,2,7.0,1,0.04859336198745172,0
Haryana,Kurukshetra,2025-11-17,0,0.0,2,0.0,0,0.02147825469500661,0
Haryana,Kurukshetra,2025-11-18,7,10.6,2,0.0,0,0.14445802047875847,0
Haryana,Kurukshetra,2025-11-19,0,0.0,2,0.0,0,0.17037909455740338,0
Haryana,Kurukshetra,2025-11-20,0,0.0,2,0.0,0,0.23885218418940263,0
Haryana,Kurukshetra,2025-11-21,0,0.0,2,1.0,0,0.23315700436922274,0
Haryana,Kurukshetra,2025-11-22,0,0.0,2,0.0,0,0.025428370808645746,0
Haryana,Kurukshetra,2025-11-23,1,5.1,2,0.0,0,0.31449162177290196,0
Haryana,Mahendragarh,2025-10-15,0,0.0,2,0.0,0,0.08253213862092287,0
Haryana,Mahendragarh,2025-10-16,0,0.0,2,0.0,0,0.011830323256108489,0
Haryana,Mahendragarh,2025-10-17,0,0.0,2,0.0,0,0.061684858249623754,0
Haryana,Mahendragarh,2025-10-18,0,0.0,2,0.0,0,0.008138656589441821,0
Haryana,Mahendragarh,2025-10-19,0,0.0,2,0.0,0,0.04524030611890657,0
Haryana,Mahendragarh,2025-10-20,0,0.0,2,0.0,0,0.021933112371102122,0
Haryana,Mahendragarh,2025-10-21,0,0.0,2,0.0,0,0.05365303135722413,0
Haryana,Mahendragarh,2025-10-22,0,0.0,2,0.0,0,0.07388157522900941,0
Haryana,Mahendragarh,2025-10-23,0,0.0,2,0.0,0,0.05342096450514684,0
Haryana,Mahendragarh,2025-10-24,0,0.0,2,0.0,0,0.0230483847039956,0
Haryana,Mahendragarh,2025-10-25,0,0.0,2,0.0,0,0.0028500155444195403,0
Haryana,Mahendragarh,2025-10-26,0,0.0,2,0.0,0,0.02542268043581069,0
Haryana,Mahendragarh,2025-10-27,0,0.0,2,0.0,0,0.1009030872684925,0
Haryana,Mahendragarh,2025-10-28,0,0.0,2,0.0,0,0.12808801691572863,0
Haryana,Mahendragarh,2025-10-29,0,0.0,2,0.0,0,0.1032170582899277,0
Haryana,Mahendragarh,2025-10-30,0,0.0,2,2.0,0,0.12532648932438295,0
Haryana,Mahendragarh,2025-10-31,0,0.0,2,0.0,0,0.044551383142510254,0
Haryana,Mahendragarh,2025-11-01,2,5.1,2,0.0,0,0.10133715471834667,0
Haryana,Mahendragarh,2025-11-02,0,0.0,2,0.0,0,0.06833231351981353,0
Haryana,Mahendragarh,2025-11-03,0,0.0,2,0.0,0,0.023017857142857142,0
Haryana,Mahendragarh,2025-11-04,0,0.0,2,0.0,0,0.030886954279653277,0
Haryana,Mahendragarh,2025-11-05,0,0.0,2,0.0,0,0.03591647218327891,0
Haryana,Mahendragarh,2025-11-06,0,0.0,2,0.0,0,0.023105132962275822,0
Haryana,Mahendragarh,2025-11-07,0,0.0,2,0.0,0,0.04960467246339095,0
Haryana,Mahendragarh,2025-11-08,0,0.0,2,0.0,0,0.02177313820264948,0
Haryana,Mahendragarh,2025-11-09,0,0.0,2,0.0,0,0.05949283231078994,0
Haryana,Mahendragarh,2025-11-10,0,0.0,2,0.0,0,0.0535786504766533,0
Haryana,Mahendragarh,2025-11-11,0,0.0,2,0.0,0,0.043027406324386126,0
Haryana,Mahendragarh,2025-11-12,0,0.0,2,1.0,0,0.08582284753366233,0
Haryana,Mahendragarh,2025-11-13,0,0.0,2,2.0,0,0.017233639123025307,0
Haryana,Mahendragarh,2025-11-14,1,3.35,2,1.0,0,0.09496681549874275,0
Haryana,Mahendragarh,2025-11-15,2,8.9,2,0.0,0,0.09390742386698267,0
Haryana,Mahendragarh,2025-11-16,1,2.3,2,0.0,0,0.17635031276966756,0
Haryana,Mahendragarh,2025-11-17,0,0.0,2,0.0,0,0.14991122835497833,0
Haryana,Mahendragarh,2025-11-18,0,0.0,2,1.0,0,0.08121819932117064,0
Haryana,Mahendragarh,2025-11-19,0,0.0,2,0.0,0,0.011333333333333332,0
Haryana,Mahendragarh,2025-11-20,1,0.61,2,0.0,0,0.06102047732968787,0
Haryana,Mahendragarh,2025-11-21,0,0.0,2,0.0,0,0.02782078995565837,0
Haryana,Mahendragarh,2025-11-22,0,0.0,2,0.0,0,0.027967605687300258,0
Haryana,Mahendragarh,2025-11-23,0,0.0,2,0.0,0,0.030119813519813524,0
Haryana,Nuh,2025-10-15,0,0.0,2,0.0,0,0.058158416973172866,0
Haryana,Nuh,2025-10-16,0,0.0,2,0.0,0,0.010406460596216482,0
Haryana,Nuh,2025-10-17,0,0.0,2,1.0,0,0.032293365358121245,0
Haryana,Nuh,2025-10-18,0,0.0,2,1.0,0,0.013769185480840275,0
Haryana,Nuh,2025-10-19,1,5.29,2,0.0,0,0.16263427426546623,0
Haryana,Nuh,2025-10-20,1,3.84,2,0.0,0,0.20314382064014422,0
Haryana,Nuh,2025-10-21,0,0.0,2,0.0,0,0.31487576025233344,0
Haryana,Nuh,2025-10-22,0,0.0,2,0.0,0,0.18569824821440953,0
Haryana,Nuh,2025-10-23,0,0.0,2,0.0,0,0.07224736537504009,0
Haryana,Nuh,2025-10-24,0,0.0,2,0.0,0,0.04202070616206306,0
Haryana,Nuh,2025-10-25,0,0.0,2,0.0,0,0.017112247360222786,0
Haryana,Nuh,2025-10-26,0,0.0,2,0.0,0,0.042743042822220294,0
Haryana,Nuh,2025-10-27,0,0.0,2,0.0,0,0.1081176441483743,0
Haryana,Nuh,2025-10-28,0,0.0,2,0.0,0,0.14522523146895824,0
Haryana,Nuh,2025-10-29,0,0.0,2,0.0,0,0.1403214847671163,0
Haryana,Nuh,2025-10-30,0,0.0,2,0.0,0,0.12452181874686205,0
Haryana,Nuh,2025-10-31,0,0.0,2,0.0,0,0.13489174304677357,0
Haryana,Nuh,2025-11-01,0,0.0,2,0.0,0,0.010727463756906115,0
Haryana,Nuh,2025-11-02,0,0.0,2,0.0,0,0.026689532631234313,0
Haryana,Nuh,2025-11-03,0,0.0,2,0.0,0,0.035332389774091456,0
Haryana,Nuh,2025-11-04,0,0.0,2,0.0,0,0.072715998074925,0
Haryana,Nuh,2025-11-05,0,0.0,2,0.0,0,0.015077119134367031,0
Haryana,Nuh,2025-11-06,0,0.0,2,0.0,0,0.040952361539021195,0
Haryana,Nuh,2025-11-07,0,0.0,2,0.0,0,0.04802379011044978,0
Haryana,Nuh,2025-11-08,0,0.0,2,0.0,0,0.056492540110449775,0
Haryana,Nuh,2025-11-09,0,0.0,2,2.0,0,0.07043438585528466,0
Haryana,Nuh,2025-11-10,0,0.0,2,0.0,0,0.04178247968240067,0
Haryana,Nuh,2025-11-11,2,6.26,2,0.0,0,0.08571295477613203,0
Haryana,Nuh,2025-11-12,0,0.0,2,0.0,0,0.05694453463203466,0
Haryana,Nuh,2025-11-13,0,0.0,2,0.0,0,0.010824675324675325,0
Haryana,Nuh,2025-11-14,0,0.0,2,0.0,0,0.0316019322505973,0
Haryana,Nuh,2025-11-15,0,0.0,2,0.0,0,0.008353181345508713,0
Haryana,Nuh,2025-11-16,0,0.0,2,0.0,0,0.015351731601731599,0
Haryana,Nuh,2025-11-17,0,0.0,2,0.0,0,0.014794045734742658,0
Haryana,Nuh,2025-11-18,0,0.0,2,0.0,0,0.008677745500113921,0
Haryana,Nuh,2025-11-19,0,0.0,2,0.0,0,0.006037046393504194,0
Haryana,Nuh,2025-11-20,0,0.0,2,0.0,0,0.020957348012175372,0
Haryana,Nuh,2025-11-21,0,0.0,2,0.0,0,0.037786944393554435,0
Haryana,Nuh,2025-11-22,0,0.0,2,0.0,0,0.005769189250647051,0
Haryana,Nuh,2025-11-23,0,0.0,2,0.0,0,0.006864606982957366,0
Haryana,Palwal,2025-10-15,0,0.0,2,0.0,0,0.0239664346508477,0
Haryana,Palwal,2025-10-16,1,4.47,2,1.0,0,0.1677524110575359,0
Haryana,Palwal,2025-10-17,0,0.0,2,0.0,0,0.16554351476228849,0
Haryana,Palwal,2025-10-18,1,5.34,2,4.0,1,0.1850971594195278,0
Haryana,Palwal,2025-10-19,0,0.0,2,1.0,0,0.3162174394065126,0
Haryana,Palwal,2025-10-20,4,13.01,2,5.0,1,0.36683743158174437,0
Haryana,Palwal,2025-10-21,1,3.63,2,0.0,0,0.5327942377067376,1
Haryana,Palwal,2025-10-22,5,14.67,2,2.0,0,0.5598585327715762,1
Haryana,Palwal,2025-10-23,0,0.0,2,0.0,0,0.4956045249393463,1
Haryana,Palwal,2025-10-24,2,3.73,2,3.0,1,0.39879149392274377,0
Haryana,Palwal,2025-10-25,0,0.0,2,0.0,0,0.6544038949347307,1
Haryana,Palwal,2025-10-26,3,6.22,2,0.0,0,0.21209582574288452,0
Haryana,Palwal,2025-10-27,0,0.0,2,0.0,0,0.5274058055183247,1
Haryana,Palwal,2025-10-28,0,0.0,2,0.0,0,0.14057047728575964,0
Haryana,Palwal,2025-10-29,0,0.0,2,0.0,0,0.38514854207172744,0
Haryana,Palwal,2025-10-30,0,0.0,2,2.0,0,0.1368119151269833,0
Haryana,Palwal,2025-10-31,0,0.0,2,6.0,1,0.14504724854082038,0
Haryana,Palwal,2025-11-01,2,4.73,2,6.0,1,0.14062956022950215,0
Haryana,Palwal,2025-11-02,6,27.17,2,0.0,0,0.2939022552384798,0
Haryana,Palwal,2025-11-03,6,38.2,2,2.0,0,0.7236565948730105,1
Haryana,Palwal,2025-11-04,0,0.0,2,2.0,0,0.48450341797841795,1
Haryana,Palwal,2025-11-05,2,5.569999999999999,2,1.0,0,0.5723888611388612,1
Haryana,Palwal,2025-11-06,2,9.58,2,0.0,0,0.5343308476654063,1
Haryana,Palwal,2025-11-07,1,4.13,2,0.0,0,0.3425505030100618,0
Haryana,Palwal,2025-11-08,0,0.0,2,5.0,1,0.3552641101483719,0
Haryana,Palwal,2025-11-09,0,0.0,2,1.0,0,0.2771499435001273,0
Haryana,Palwal,2025-11-10,5,21.46,2,0.0,0,0.44984770519513134,1
Haryana,Palwal,2025-11-11,1,3.68,2,0.0,0,0.2842092227625316,0
Haryana,Palwal,2025-11-12,0,0.0,2,2.0,0,0.3720645970828816,0
Haryana,Palwal,2025-11-13,0,0.0,2,0.0,0,0.3182542263109698,0
Haryana,Palwal,2025-11-14,2,5.72,2,0.0,0,0.15116968019725371,0
Haryana,Palwal,2025-11-15,0,0.0,2,0.0,0,0.12285154532967031,0
Haryana,Palwal,2025-11-16,0,0.0,2,0.0,0,0.04200584732504847,0
Haryana,Palwal,2025-11-17,0,0.0,2,0.0,0,0.14917887780112044,0
Haryana,Palwal,2025-11-18,0,0.0,2,1.0,0,0.0180568663792348,0
Haryana,Palwal,2025-11-19,0,0.0,2,0.0,0,0.01600412087912088,0
Haryana,Palwal,2025-11-20,1,3.08,2,0.0,0,0.22359454189456118,0
Haryana,Palwal,2025-11-21,0,0.0,2,0.0,0,0.11052843647580486,0
Haryana,Palwal,2025-11-22,0,0.0,2,0.0,0,0.018455745341614906,0
Haryana,Palwal,2025-11-23,0,0.0,2,0.0,0,0.01496904761904762,0
Haryana,Panchkula,2025-10-15,0,0.0,2,0.0,0,0.13016873144408656,0
Haryana,Panchkula,2025-10-16,0,0.0,2,0.0,0,0.09565673071077889,0
Haryana,Panchkula,2025-10-17,0,0.0,2,0.0,0,0.0790229319663087,0
Haryana,Panchkula,2025-10-18,0,0.0,2,2.0,0,0.09637252119287164,0
Haryana,Panchkula,2025-10-19,0,0.0,2,1.0,0,0.07074377004206164,0
Haryana,Panchkula,2025-10-20,2,9.82,2,0.0,0,0.17025558003767854,0
Haryana,Panchkula,2025-10-21,1,0.5,2,0.0,0,0.4215313571596888,1
Haryana,Panchkula,2025-10-22,0,0.0,2,0.0,0,0.2800646631522164,0
Haryana,Panchkula,2025-10-23,0,0.0,2,0.0,0,0.16324515166637193,0
Haryana,Panchkula,2025-10-24,0,0.0,2,0.0,0,0.1135597736485917,0
Haryana,Panchkula,2025-10-25,0,0.0,2,0.0,0,0.1399086379352635,0
Haryana,Panchkula,2025-10-26,0,0.0,2,1.0,0,0.08822041209872637,0
Haryana,Panchkula,2025-10-27,0,0.0,2,0.0,0,0.18577293465045308,0
Haryana,Panchkula,2025-10-28,1,3.76,2,0.0,0,0.19259064903105153,0
Haryana,Panchkula,2025-10-29,0,0.0,2,2.0,0,0.08569702736446176,0
Haryana,Panchkula,2025-10-30,0,0.0,2,0.0,0,0.07651033905277344,0
Haryana,Panchkula,2025-10-31,2,6.43,2,0.0,0,0.22417378132703206,0
Haryana,Panchkula,2025-11-01,0,0.0,2,0.0,0,0.12271655208826258,0
Haryana,Panchkula,2025-11-02,0,0.0,2,0.0,0,0.08533307183900368,0
Haryana,Panchkula,2025-11-03,0,0.0,2,0.0,0,0.12853062343358398,0
Haryana,Panchkula,2025-11-04,0,0.0,2,0.0,0,0.026600648199726545,0
Haryana,Panchkula,2025-11-05,0,0.0,2,0.0,0,0.03763670589203424,0
Haryana,Panchkula,2025-11-06,0,0.0,2,0.0,0,0.0631274494386859,0
Haryana,Panchkula,2025-11-07,0,0.0,2,0.0,0,0.02107670963122091,0
Haryana,Panchkula,2025-11-08,0,0.0,2,0.0,0,0.029415727698846532,0
Haryana,Panchkula,2025-11-09,0,0.0,2,0.0,0,0.06187373550818928,0
Haryana,Panchkula,2025-11-10,0,0.0,2,0.0,0,0.03765094188941786,0
Haryana,Panchkula,2025-11-11,0,0.0,2,0.0,0,0.034602527374586196,0
Haryana,Panchkula,2025-11-12,0,0.0,2,0.0,0,0.1039875502648612,0
Haryana,Panchkula,2025-11-13,0,0.0,2,0.0,0,0.03586643625981862,0
Haryana,Panchkula,2025-11-14,0,0.0,2,0.0,0,0.013527310924369748,0
Haryana,Panchkula,2025-11-15,0,0.0,2,0.0,0,0.030612315380697735,0
Haryana,Panchkula,2025-11-16,0,0.0,2,0.0,0,0.028737315380697733,0
Haryana,Panchkula,2025-11-17,0,0.0,2,0.0,0,0.00806691603366795,0
Haryana,Panchkula,2025-11-18,0,0.0,2,0.0,0,0.00551009785184977,0
Haryana,Panchkula,2025-11-19,0,0.0,2,0.0,0,0.00644759785184977,0
Haryana,Panchkula,2025-11-20,0,0.0,2,0.0,0,0.005766643948549319,0
Haryana,Panchkula,2025-11-21,0,0.0,2,0.0,0,0.0057171371893238905,0
Haryana,Panchkula,2025-11-22,0,0.0,2,0.0,0,0.00738509785184977,0
Haryana,Panchkula,2025-11-23,0,0.0,2,0.0,0,0.00738509785184977,0
Haryana,Panipat,2025-10-15,1,1.45,2,0.0,0,0.18447992497698368,0
Haryana,Panipat,2025-10-16,2,8.879999999999999,2,2.0,0,0.34560354805041504,0
Haryana,Panipat,2025-10-17,0,0.0,2,4.0,1,0.31384379333824414,0
Haryana,Panipat,2025-10-18,2,2.96,2,0.0,0,0.34982256556848945,0
Haryana,Panipat,2025-10-19,4,7.12,2,0.0,0,0.33183015504232616,0
Haryana,Panipat,2025-10-20,0,0.0,2,3.0,1,0.2951111401334615,0
Haryana,Panipat,2025-10-21,0,0.0,2,0.0,0,0.3096128767066267,0
Haryana,Panipat,2025-10-22,3,3.89,2,0.0,0,0.36967768630251385,0
Haryana,Panipat,2025-10-23,0,0.0,2,0.0,0,0.36484496480191553,0
Haryana,Panipat,2025-10-24,0,0.0,2,1.0,0,0.2198629900595116,0
Haryana,Panipat,2025-10-25,0,0.0,2,0.0,0,0.15032503718723192,0
Haryana,Panipat,2025-10-26,1,3.35,2,0.0,0,0.22906806391735868,0
Haryana,Panipat,2025-10-27,0,0.0,2,0.0,0,0.2928537907249403,0
Haryana,Panipat,2025-10-28,0,0.0,2,0.0,0,0.09449530542490582,0
Haryana,Panipat,2025-10-29,0,0.0,2,0.0,0,0.21776456876456873,0
Haryana,Panipat,2025-10-30,0,0.0,2,0.0,0,0.15527463798137706,0
Haryana,Panipat,2025-10-31,0,0.0,2,1.0,0,0.07065283416458229,0
Haryana,Panipat,2025-11-01,0,0.0,2,0.0,0,0.08899806733365695,0
Haryana,Panipat,2025-11-02,1,2.87,2,0.0,0,0.17547022768897766,0
Haryana,Panipat,2025-11-03,0,0.0,2,0.0,0,0.06908547483218536,0
Haryana,Panipat,2025-11-04,0,0.0,2,2.0,0,0.054557509957793904,0
Haryana,Panipat,2025-11-05,0,0.0,2,4.0,1,0.0655393464062819,0
Haryana,Panipat,2025-11-06,2,4.41,2,0.0,0,0.14642794765288958,0
Haryana,Panipat,2025-11-07,4,8.63,2,6.0,1,0.22929124691201097,0
Haryana,Panipat,2025-11-08,0,0.0,2,0.0,0,0.14049017649017648,0
Haryana,Panipat,2025-11-09,6,16.25,2,1.0,0,0.3183796460245698,0
Haryana,Panipat,2025-11-10,0,0.0,2,2.0,0,0.40019692210942204,0
Haryana,Panipat,2025-11-11,1,2.43,2,2.0,0,0.320573660629629,0
Haryana,Panipat,2025-11-12,2,6.6,2,0.0,0,0.5158643073324274,1
Haryana,Panipat,2025-11-13,2,11.62,2,0.0,0,0.24999354706284052,0
Haryana,Panipat,2025-11-14,0,0.0,2,2.0,0,0.3003186448967699,0
Haryana,Panipat,2025-11-15,0,0.0,2,0.0,0,0.19776193683365803,0
Haryana,Panipat,2025-11-16,2,4.29,2,2.0,0,0.395614259106906,0
Haryana,Panipat,2025-11-17,0,0.0,2,1.0,0,0.0978089492744098,0
Haryana,Panipat,2025-11-18,2,5.7,2,5.0,1,0.30664802081740583,0
Haryana,Panipat,2025-11-19,1,5.3,2,0.0,0,0.3212044448606949,0
Haryana,Panipat,2025-11-20,5,9.45,2,3.0,1,0.4219346903096903,1
Haryana,Panipat,2025-11-21,0,0.0,2,0.0,0,0.3099371231838337,0
Haryana,Panipat,2025-11-22,3,8.56,2,1.0,0,0.4040314079658804,0
Haryana,Panipat,2025-11-23,0,0.0,2,2.0,0,0.27225439069858715,0
Haryana,Rewari,2025-10-15,0,0.0,2,0.0,0,0.020277140026294823,0
Haryana,Rewari,2025-10-16,0,0.0,2,0.0,0,0.030349709082161728,0
Haryana,Rewari,2025-10-17,0,0.0,2,0.0,0,0.04371391882720406,0
Haryana,Rewari,2025-10-18,0,0.0,2,0.0,0,0.03493696234467074,0
Haryana,Rewari,2025-10-19,0,0.0,2,0.0,0,0.17834990456514233,0
Haryana,Rewari,2025-10-20,0,0.0,2,1.0,0,0.0552380691487798,0
Haryana,Rewari,2025-10-21,0,0.0,2,0.0,0,0.11700996006448178,0
Haryana,Rewari,2025-10-22,1,2.17,2,0.0,0,0.19308051397554438,0
Haryana,Rewari,2025-10-23,0,0.0,2,0.0,0,0.09638492083428667,0
Haryana,Rewari,2025-10-24,0,0.0,2,0.0,0,0.026393878433704807,0
Haryana,Rewari,2025-10-25,0,0.0,2,0.0,0,0.10600290099009578,0
Haryana,Rewari,2025-10-26,0,0.0,2,0.0,0,0.04083196475462962,0
Haryana,Rewari,2025-10-27,0,0.0,2,0.0,0,0.11296425722782144,0
Haryana,Rewari,2025-10-28,0,0.0,2,0.0,0,0.13833035194033655,0
Haryana,Rewari,2025-10-29,0,0.0,2,0.0,0,0.09267591443483486,0
Haryana,Rewari,2025-10-30,0,0.0,2,0.0,0,0.14638783780844564,0
Haryana,Rewari,2025-10-31,0,0.0,2,0.0,0,0.16177561925121428,0
Haryana,Rewari,2025-11-01,0,0.0,2,0.0,0,0.03377508280452517,0
Haryana,Rewari,2025-11-02,0,0.0,2,0.0,0,0.03644929108006839,0
Haryana,Rewari,2025-11-03,0,0.0,2,0.0,0,0.04898569217896949,0
Haryana,Rewari,2025-11-04,0,0.0,2,2.0,0,0.11483796951746095,0
Haryana,Rewari,2025-11-05,0,0.0,2,0.0,0,0.03404721661391829,0
Haryana,Rewari,2025-11-06,2,1.1800000000000002,2,0.0,0,0.11187936738920815,0
Haryana,Rewari,2025-11-07,0,0.0,2,0.0,0,0.04747104978354979,0
Haryana,Rewari,2025-11-08,0,0.0,2,0.0,0,0.022215773809523807,0
Haryana,Rewari,2025-11-09,0,0.0,2,0.0,0,0.040129599567099564,0
Haryana,Rewari,2025-11-10,0,0.0,2,0.0,0,0.07887715583957682,0
Haryana,Rewari,2025-11-11,0,0.0,2,0.0,0,0.027249763585928635,0
Haryana,Rewari,2025-11-12,0,0.0,2,0.0,0,0.1285576703089263,0
Haryana,Rewari,2025-11-13,0,0.0,2,0.0,0,0.023416111300979717,0
Haryana,Rewari,2025-11-14,0,0.0,2,0.0,0,0.034949577465569884,0
Haryana,Rewari,2025-11-15,0,0.0,2,0.0,0,0.03256906962389699,0
Haryana,Rewari,2025-11-16,0,0.0,2,0.0,0,0.05878450002682739,0
Haryana,Rewari,2025-11-17,0,0.0,2,0.0,0,0.03648276010008747,0
Haryana,Rewari,2025-11-18,0,0.0,2,0.0,0,0.032155108584935956,0
Haryana,Rewari,2025-11-19,0,0.0,2,0.0,0,0.02058290361599185,0
Haryana,Rewari,2025-11-20,0,0.0,2,0.0,0,0.014945122279681105,0
Haryana,Rewari,2025-11-21,0,0.0,2,0.0,0,0.0439578016160421,0
Haryana,Rewari,2025-11-22,0,0.0,2,0.0,0,0.018065046473134706,0
Haryana,Rewari,2025-11-23,0,0.0,2,0.0,0,0.04694005237090274,0
Haryana,Rohtak,2025-10-15,0,0.0,2,0.0,0,0.040224299007804894,0
Haryana,Rohtak,2025-10-16,0,0.0,2,0.0,0,0.03373180153034501,0
Haryana,Rohtak,2025-10-17,0,0.0,2,0.0,0,0.04337465867320216,0
Haryana,Rohtak,2025-10-18,0,0.0,2,0.0,0,0.09831718741642495,0
Haryana,Rohtak,2025-10-19,0,0.0,2,0.0,0,0.07613764636923685,0
Haryana,Rohtak,2025-10-20,0,0.0,2,1.0,0,0.056693403479752866,0
Haryana,Rohtak,2025-10-21,0,0.0,2,0.0,0,0.13997012489964658,0
Haryana,Rohtak,2025-10-22,1,1.71,2,0.0,0,0.26575776413766294,0
Haryana,Rohtak,2025-10-23,0,0.0,2,0.0,0,0.107718485811621,0
Haryana,Rohtak,2025-10-24,0,0.0,2,0.0,0,0.043553387784003625,0
Haryana,Rohtak,2025-10-25,0,0.0,2,0.0,0,0.039324269314753586,0
Haryana,Rohtak,2025-10-26,0,0.0,2,0.0,0,0.03111617326168705,0
Haryana,Rohtak,2025-10-27,0,0.0,2,0.0,0,0.03958759715463402,0
Haryana,Rohtak,2025-10-28,0,0.0,2,0.0,0,0.10882968418964976,0
Haryana,Rohtak,2025-10-29,0,0.0,2,1.0,0,0.07894375552208412,0
Haryana,Rohtak,2025-10-30,0,0.0,2,0.0,0,0.16362598926122163,0
Haryana,Rohtak,2025-10-31,1,3.1,2,2.0,0,0.21534653065430653,0
Haryana,Rohtak,2025-11-01,0,0.0,2,3.0,1,0.06104952413239971,0
Haryana,Rohtak,2025-11-02,2,34.44,2,1.0,0,0.12900221269958112,0
Haryana,Rohtak,2025-11-03,3,9.02,2,5.0,1,0.467242242954414,1
Haryana,Rohtak,2025-11-04,1,3.79,2,5.0,1,0.41340293946249823,1
Haryana,Rohtak,2025-11-05,5,8.76,2,5.0,1,0.5107458939110534,1
Haryana,Rohtak,2025-11-06,5,21.52,2,6.0,1,0.6650388606673644,1
Haryana,Rohtak,2025-11-07,5,31.38,2,4.0,1,0.6420948010323008,1
Haryana,Rohtak,2025-11-08,6,25.07,2,5.0,1,0.6213256659335287,1
Haryana,Rohtak,2025-11-09,4,16.03,2,12.0,1,0.6048447434918021,1
Haryana,Rohtak,2025-11-10,5,16.18,2,6.0,1,0.5384716533466531,1
Haryana,Rohtak,2025-11-11,12,46.3,2,10.0,1,0.7777720231157731,1
Haryana,Rohtak,2025-11-12,6,14.11,2,4.0,1,0.5757421432733932,1
Haryana,Rohtak,2025-11-13,10,37.13,2,6.0,1,0.7595572864635365,1
Haryana,Rohtak,2025-11-14,4,18.22,2,23.0,1,0.7003225502567608,1
Haryana,Rohtak,2025-11-15,6,16.89,2,6.0,1,0.5373458208458208,1
Haryana,Rohtak,2025-11-16,23,79.53999999999999,2,1.0,0,0.8473221049783553,1
Haryana,Rohtak,2025-11-17,6,12.26,2,2.0,0,0.5686073904166008,1
Haryana,Rohtak,2025-11-18,1,3.2,2,3.0,1,0.564450643106893,1
Haryana,Rohtak,2025-11-19,2,5.550000000000001,2,5.0,1,0.4449503413253412,1
Haryana,Rohtak,2025-11-20,3,9.87,2,9.0,1,0.5023809246309245,1
Haryana,Rohtak,2025-11-21,5,7.93,2,7.0,1,0.4845197372072371,1
Haryana,Rohtak,2025-11-22,9,27.74,2,2.0,0,0.5860064705031809,1
Haryana,Rohtak,2025-11-23,7,12.76,2,3.0,1,0.2789659090909091,0
Haryana,Sirsa,2025-10-15,3,2.92,2,8.0,1,0.26353697406824345,0
Haryana,Sirsa,2025-10-16,2,4.93,2,0.0,0,0.34371523469414833,0
Haryana,Sirsa,2025-10-17,8,24.57,2,1.0,0,0.6438834849527448,1
Haryana,Sirsa,2025-10-18,0,0.0,2,0.0,0,0.40583829711954705,0
Haryana,Sirsa,2025-10-19,1,4.81,2,2.0,0,0.5119498518767093,1
Haryana,Sirsa,2025-10-20,0,0.0,2,14.0,1,0.4509224383881147,1
Haryana,Sirsa,2025-10-21,2,4.77,2,1.0,0,0.30398213245088246,0
Haryana,Sirsa,2025-10-22,14,61.32,2,2.0,0,0.6105221637023107,1
Haryana,Sirsa,2025-10-23,1,2.2,2,3.0,1,0.5291954969050555,1
Haryana,Sirsa,2025-10-24,2,4.15,2,17.0,1,0.5014920232953323,1
Haryana,Sirsa,2025-10-25,3,5.359999999999999,2,6.0,1,0.641358043794441,1
Haryana,Sirsa,2025-10-26,17,62.18,2,0.0,0,0.6417295235056015,1
Haryana,Sirsa,2025-10-27,6,6.94,2,2.0,0,0.6160381728694423,1
Haryana,Sirsa,2025-10-28,0,0.0,2,5.0,1,0.557438305741877,1
Haryana,Sirsa,2025-10-29,2,9.95,2,4.0,1,0.6782875019717123,1
Haryana,Sirsa,2025-10-30,5,16.400000000000002,2,10.0,1,0.7253415318341788,1
Haryana,Sirsa,2025-10-31,4,10.83,2,9.0,1,0.5146512341824842,1
Haryana,Sirsa,2025-11-01,10,24.6,2,8.0,1,0.6023909198221522,1
Haryana,Sirsa,2025-11-02,9,18.49,2,7.0,1,0.5625811896436894,1
Haryana,Sirsa,2025-11-03,8,35.480000000000004,2,7.0,1,0.6937714368964366,1
Haryana,Sirsa,2025-11-04,7,19.47,2,5.0,1,0.7041965697262087,1
Haryana,Sirsa,2025-11-05,7,8.85,2,4.0,1,0.4749630994005994,1
Haryana,Sirsa,2025-11-06,5,8.040000000000001,2,4.0,1,0.46265913253413254,1
Haryana,Sirsa,2025-11-07,4,14.38,2,9.0,1,0.5152803446553446,1
Haryana,Sirsa,2025-11-08,4,10.9,2,8.0,1,0.365946941645311,0
Haryana,Sirsa,2025-11-09,9,18.64,2,5.0,1,0.5413233571983571,1
Haryana,Sirsa,2025-11-10,8,15.43,2,4.0,1,0.4728310783419477,1
Haryana,Sirsa,2025-11-11,5,15.95,2,4.0,1,0.5255037878787876,1
Haryana,Sirsa,2025-11-12,4,5.46,2,7.0,1,0.4670138726082999,1
Haryana,Sirsa,2025-11-13,4,15.64,2,5.0,1,0.5786355519480516,1
Haryana,Sirsa,2025-11-14,7,33.77,2,7.0,1,0.6459070408757907,1
Haryana,Sirsa,2025-11-15,5,19.81,2,8.0,1,0.578685884139865,1
Haryana,Sirsa,2025-11-16,7,13.23,2,7.0,1,0.44842048893135855,1
Haryana,Sirsa,2025-11-17,8,17.540000000000003,2,12.0,1,0.5529411838161837,1
Haryana,Sirsa,2025-11-18,7,16.15,2,3.0,1,0.5306094738594737,1
Haryana,Sirsa,2025-11-19,12,27.95,2,2.0,0,0.5732976856476856,1
Haryana,Sirsa,2025-11-20,3,11.03,2,1.0,0,0.3885828369999563,0
Haryana,Sirsa,2025-11-21,2,5.75,2,1.0,0,0.27101527639027634,0
Haryana,Sirsa,2025-11-22,1,2.12,2,0.0,0,0.2750666163546598,0
Haryana,Sirsa,2025-11-23,1,0.68,2,0.0,0,0.17140190018315019,0
Haryana,Sonipat,2025-10-15,1,1.64,2,0.0,0,0.2639369783402871,0
Haryana,Sonipat,2025-10-16,0,0.0,2,0.0,0,0.0692170079357817,0
Haryana,Sonipat,2025-10-17,0,0.0,2,0.0,0,0.03459039496541871,0
Haryana,Sonipat,2025-10-18,0,0.0,2,0.0,0,0.08754596428644856,0
Haryana,Sonipat,2025-10-19,0,0.0,2,0.0,0,0.11417265264121632,0
Haryana,Sonipat,2025-10-20,0,0.0,2,0.0,0,0.050231074727682366,0
Haryana,Sonipat,2025-10-21,0,0.0,2,0.0,0,0.14078743259195428,0
Haryana,Sonipat,2025-10-22,0,0.0,2,0.0,0,0.1491567186717101,0
Haryana,Sonipat,2025-10-23,0,0.0,2,0.0,0,0.05676649887274001,0
Haryana,Sonipat,2025-10-24,0,0.0,2,1.0,0,0.05410090956009188,0
Haryana,Sonipat,2025-10-25,0,0.0,2,0.0,0,0.025065773001248428,0
Haryana,Sonipat,2025-10-26,1,0.67,2,0.0,0,0.2619884633877474,0
Haryana,Sonipat,2025-10-27,0,0.0,2,0.0,0,0.0573687706491024,0
Haryana,Sonipat,2025-10-28,0,0.0,2,0.0,0,0.07960636413840513,0
Haryana,Sonipat,2025-10-29,0,0.0,2,1.0,0,0.06114417841699458,0
Haryana,Sonipat,2025-10-30,0,0.0,2,2.0,0,0.16256829695352937,0
Haryana,Sonipat,2025-10-31,1,2.27,2,3.0,1,0.15361529533261062,0
Haryana,Sonipat,2025-11-01,2,7.83,2,1.0,0,0.1389582457983193,0
Haryana,Sonipat,2025-11-02,3,13.86,2,5.0,1,0.31409580775149837,0
Haryana,Sonipat,2025-11-03,1,0.82,2,4.0,1,0.28961258949383945,0
Haryana,Sonipat,2025-11-04,5,17.57,2,7.0,1,0.622341778692322,1
Haryana,Sonipat,2025-11-05,4,2.64,2,6.0,1,0.48109353146853145,1
Haryana,Sonipat,2025-11-06,7,23.87,2,2.0,0,0.5565281663582958,1
Haryana,Sonipat,2025-11-07,6,25.61,2,12.0,1,0.5811661483677613,1
Haryana,Sonipat,2025-11-08,2,7.57,2,1.0,0,0.4763020417082916,1
Haryana,Sonipat,2025-11-09,12,53.510000000000005,2,12.0,1,0.7415639152514153,1
Haryana,Sonipat,2025-11-10,1,3.09,2,6.0,1,0.45175220612720596,1
Haryana,Sonipat,2025-11-11,12,27.05,2,4.0,1,0.6055131222943723,1
Haryana,Sonipat,2025-11-12,6,22.36,2,10.0,1,0.6858590159840159,1
Haryana,Sonipat,2025-11-13,4,10.65,2,11.0,1,0.4561907707328902,1
Haryana,Sonipat,2025-11-14,10,36.19,2,16.0,1,0.7513566017316016,1
Haryana,Sonipat,2025-11-15,11,34.99,2,8.0,1,0.7582296245421244,1
Haryana,Sonipat,2025-11-16,16,63.61,2,2.0,0,0.8063189755160094,1
Haryana,Sonipat,2025-11-17,8,27.08,2,4.0,1,0.7327777951215454,1
Haryana,Sonipat,2025-11-18,2,7.31,2,2.0,0,0.5607247710575084,1
Haryana,Sonipat,2025-11-19,4,20.27,2,0.0,0,0.5668638340825839,1
Haryana,Sonipat,2025-11-20,2,1.2400000000000002,2,5.0,1,0.4032688274809984,0
Haryana,Sonipat,2025-11-21,0,0.0,2,12.0,1,0.3247172422225963,0
Haryana,Sonipat,2025-11-22,5,14.0,2,1.0,0,0.48919691894362943,1
Haryana,Sonipat,2025-11-23,12,33.33,2,0.0,0,0.4210167793368593,1
Haryana,Yamunanagar,2025-10-15,0,0.0,2,0.0,0,0.07125124434201466,0
Haryana,Yamunanagar,2025-10-16,4,15.06,2,2.0,0,0.30850688005345234,0
Haryana,Yamunanagar,2025-10-17,0,0.0,2,1.0,0,0.3354298988993497,0
Haryana,Yamunanagar,2025-10-18,2,2.39,2,2.0,0,0.43013888331936606,1
Haryana,Yamunanagar,2025-10-19,1,3.86,2,0.0,0,0.46902054941102905,1
Haryana,Yamunanagar,2025-10-20,2,7.58,2,1.0,0,0.24422440059940054,0
Haryana,Yamunanagar,2025-10-21,0,0.0,2,0.0,0,0.35348136544386544,0
Haryana,Yamunanagar,2025-10-22,1,1.44,2,0.0,0,0.4581267794705294,1
Haryana,Yamunanagar,2025-10-23,0,0.0,2,0.0,0,0.340868594490305,0
Haryana,Yamunanagar,2025-10-24,0,0.0,2,0.0,0,0.1975143032687819,0
Haryana,Yamunanagar,2025-10-25,0,0.0,2,0.0,0,0.22683261604049154,0
Haryana,Yamunanagar,2025-10-26,0,0.0,2,0.0,0,0.12012532169530797,0
Haryana,Yamunanagar,2025-10-27,0,0.0,2,1.0,0,0.18544094372471215,0
Haryana,Yamunanagar,2025-10-28,0,0.0,2,0.0,0,0.1290176307653612,0
Haryana,Yamunanagar,2025-10-29,1,0.38,2,0.0,0,0.2655742593931085,0
Haryana,Yamunanagar,2025-10-30,0,0.0,2,1.0,0,0.2184378726995582,0
Haryana,Yamunanagar,2025-10-31,0,0.0,2,5.0,1,0.08332571943144966,0
Haryana,Yamunanagar,2025-11-01,1,5.48,2,3.0,1,0.12532886408612026,0
Haryana,Yamunanagar,2025-11-02,5,8.93,2,0.0,0,0.2803550086254438,0
Haryana,Yamunanagar,2025-11-03,3,9.27,2,0.0,0,0.5236620227864632,1
Haryana,Yamunanagar,2025-11-04,0,0.0,2,0.0,0,0.5069617468679969,1
Haryana,Yamunanagar,2025-11-05,0,0.0,2,0.0,0,0.5144541837258751,1
Haryana,Yamunanagar,2025-11-06,0,0.0,2,0.0,0,0.1683070770005088,0
Haryana,Yamunanagar,2025-11-07,0,0.0,2,0.0,0,0.07221124046287683,0
Haryana,Yamunanagar,2025-11-08,0,0.0,2,0.0,0,0.12807322097650184,0
Haryana,Yamunanagar,2025-11-09,0,0.0,2,0.0,0,0.13514117324482178,0
Haryana,Yamunanagar,2025-11-10,0,0.0,2,0.0,0,0.08136622454156431,0
Haryana,Yamunanagar,2025-11-11,0,0.0,2,0.0,0,0.06204622318527461,0
Haryana,Yamunanagar,2025-11-12,0,0.0,2,0.0,0,0.12776941463537575,0
Haryana,Yamunanagar,2025-11-13,0,0.0,2,2.0,0,0.058429239361144886,0
Haryana,Yamunanagar,2025-11-14,0,0.0,2,0.0,0,0.05573281078971631,0
Haryana,Yamunanagar,2025-11-15,2,4.6,2,0.0,0,0.15354388380007572,0
Haryana,Yamunanagar,2025-11-16,0,0.0,2,0.0,0,0.13043944597069593,0
Haryana,Yamunanagar,2025-11-17,0,0.0,2,0.0,0,0.09781433774558776,0
Haryana,Yamunanagar,2025-11-18,0,0.0,2,0.0,0,0.01789285714285714,0
Haryana,Yamunanagar,2025-11-19,0,0.0,2,0.0,0,0.04024089176197549,0
Haryana,Yamunanagar,2025-11-20,0,0.0,2,0.0,0,0.028386796536796533,0
Haryana,Yamunanagar,2025-11-21,0,0.0,2,1.0,0,0.014720973442584693,0
Haryana,Yamunanagar,2025-11-22,0,0.0,2,0.0,0,0.046541939639308055,0
Haryana,Yamunanagar,2025-11-23,1,1.39,2,2.0,0,0.18912192725121788,0
Punjab,Amritsar,2025-10-15,12,35.05,2,8.0,1,0.456479664126723,1
Punjab,Amritsar,2025-10-16,16,68.16,2,6.0,1,0.596019735166794,1
Punjab,Amritsar,2025-10-17,8,32.87,2,45.0,1,0.8932775245587746,1
Punjab,Amritsar,2025-10-18,6,21.91,2,20.0,1,0.8720950798105404,1
Punjab,Amritsar,2025-10-19,45,240.68,2,19.0,1,0.9018334582084578,1
Punjab,Amritsar,2025-10-20,20,92.65,2,22.0,1,0.9765091991341991,1
Punjab,Amritsar,2025-10-21,19,88.28,2,16.0,1,0.985267857142857,1
Punjab,Amritsar,2025-10-22,22,118.74,2,1.0,0,0.9828668831168832,1
Punjab,Amritsar,2025-10-23,16,66.03,2,13.0,1,0.9802902542372881,1
Punjab,Amritsar,2025-10-24,1,2.08,2,22.0,1,0.9006446656413764,1
Punjab,Amritsar,2025-10-25,13,47.41,2,24.0,1,0.9506287878787879,1
Punjab,Amritsar,2025-10-26,22,98.56,2,6.0,1,0.961034090909091,1
Punjab,Amritsar,2025-10-27,24,90.37,2,7.0,1,0.9560335497835498,1
Punjab,Amritsar,2025-10-28,6,33.58,2,23.0,1,0.9355008116883117,1
Punjab,Amritsar,2025-10-29,7,37.73,2,27.0,1,0.8948079628704627,1
Punjab,Amritsar,2025-10-30,23,143.86,2,37.0,1,0.9694978354978354,1
Punjab,Amritsar,2025-10-31,27,94.06,2,28.0,1,0.9747559523809524,1
Punjab,Amritsar,2025-11-01,37,118.21,2,9.0,1,0.9563878648233488,1
Punjab,Amritsar,2025-11-02,28,109.47,2,26.0,1,0.9713571428571428,1
Punjab,Amritsar,2025-11-03,9,30.4,2,29.0,1,0.9247146485867072,1
Punjab,Amritsar,2025-11-04,26,112.51,2,23.0,1,0.8615479914822024,1
Punjab,Amritsar,2025-11-05,29,131.59,2,8.0,1,0.9011231684981685,1
Punjab,Amritsar,2025-11-06,23,109.0,2,13.0,1,0.962665293040293,1
Punjab,Amritsar,2025-11-07,8,31.31,2,15.0,1,0.8840920537795535,1
Punjab,Amritsar,2025-11-08,13,70.85,2,9.0,1,0.7606640587673197,1
Punjab,Amritsar,2025-11-09,15,46.38,2,7.0,1,0.8181228215333056,1
Punjab,Amritsar,2025-11-10,9,34.5,2,4.0,1,0.8339088832785777,1
Punjab,Amritsar,2025-11-11,7,14.15,2,2.0,0,0.6704698354182049,1
Punjab,Amritsar,2025-11-12,4,9.57,2,2.0,0,0.6446097756410256,1
Punjab,Amritsar,2025-11-13,2,5.67,2,2.0,0,0.49548606102359977,1
Punjab,Amritsar,2025-11-14,2,10.12,2,6.0,1,0.5031043484701572,1
Punjab,Amritsar,2025-11-15,2,8.0,2,0.0,0,0.525590947247197,1
Punjab,Amritsar,2025-11-16,6,30.14,2,0.0,0,0.6913788364413367,1
Punjab,Amritsar,2025-11-17,0,0.0,2,0.0,0,0.29193169382217365,0
Punjab,Amritsar,2025-11-18,0,0.0,2,0.0,0,0.28393093229424626,0
Punjab,Amritsar,2025-11-19,0,0.0,2,0.0,0,0.32008065818110454,0
Punjab,Amritsar,2025-11-20,0,0.0,2,1.0,0,0.15696376914816348,0
Punjab,Amritsar,2025-11-21,0,0.0,2,4.0,1,0.21880620941558443,0
Punjab,Amritsar,2025-11-22,1,3.81,2,0.0,0,0.21896301191928122,0
Punjab,Amritsar,2025-11-23,4,13.1,2,0.0,0,0.38512079842578556,0
Punjab,Barnala,2025-10-15,0,0.0,2,0.0,0,0.07120780787195263,0
Punjab,Barnala,2025-10-16,0,0.0,2,0.0,0,0.08193378805583183,0
Punjab,Barnala,2025-10-17,0,0.0,2,0.0,0,0.13706877436303205,0
Punjab,Barnala,2025-10-18,0,0.0,2,0.0,0,0.15168891335816104,0
Punjab,Barnala,2025-10-19,0,0.0,2,0.0,0,0.07808369995067158,0
Punjab,Barnala,2025-10-20,0,0.0,2,0.0,0,0.08451485937096141,0
Punjab,Barnala,2025-10-21,0,0.0,2,0.0,0,0.1152283846668038,0
Punjab,Barnala,2025-10-22,0,0.0,2,0.0,0,0.171604884303359,0
Punjab,Barnala,2025-10-23,0,0.0,2,0.0,0,0.22255984471314555,0
Punjab,Barnala,2025-10-24,0,0.0,2,3.0,1,0.22631574526346493,0
Punjab,Barnala,2025-10-25,0,0.0,2,2.0,0,0.12094179799322076,0
Punjab,Barnala,2025-10-26,3,7.86,2,1.0,0,0.26902224320442203,0
Punjab,Barnala,2025-10-27,2,7.640000000000001,2,3.0,1,0.2513699070537306,0
Punjab,Barnala,2025-10-28,1,4.59,2,3.0,1,0.5180588521493125,1
Punjab,Barnala,2025-10-29,3,16.8,2,6.0,1,0.6865508943315847,1
Punjab,Barnala,2025-10-30,3,18.94,2,10.0,1,0.7561508907758907,1
Punjab,Barnala,2025-10-31,6,37.17,2,8.0,1,0.7845845008486136,1
Punjab,Barnala,2025-11-01,10,56.52,2,6.0,1,0.890540066808836,1
Punjab,Barnala,2025-11-02,8,45.7,2,12.0,1,0.9020182240682435,1
Punjab,Barnala,2025-11-03,6,37.37,2,2.0,0,0.8323949383949383,1
Punjab,Barnala,2025-11-04,12,124.62,2,1.0,0,0.9122906468531469,1
Punjab,Barnala,2025-11-05,2,10.62,2,0.0,0,0.7081297014389122,1
Punjab,Barnala,2025-11-06,1,1.65,2,2.0,0,0.5745988572830678,1
Punjab,Barnala,2025-11-07,0,0.0,2,4.0,1,0.6182532723369671,1
Punjab,Barnala,2025-11-08,2,4.4,2,8.0,1,0.3375335996240601,0
Punjab,Barnala,2025-11-09,4,11.85,2,2.0,0,0.532915417613787,1
Punjab,Barnala,2025-11-10,8,38.44,2,2.0,0,0.6050646742962917,1
Punjab,Barnala,2025-11-11,2,5.19,2,2.0,0,0.4448990422954237,1
Punjab,Barnala,2025-11-12,2,39.4,2,1.0,0,0.5804210477022977,1
Punjab,Barnala,2025-11-13,2,15.18,2,5.0,1,0.6553157653749756,1
Punjab,Barnala,2025-11-14,1,3.39,2,1.0,0,0.3617517482517483,0
Punjab,Barnala,2025-11-15,5,33.09,2,0.0,0,0.6096796342954429,1
Punjab,Barnala,2025-11-16,1,1.66,2,0.0,0,0.4097396539863646,0
Punjab,Barnala,2025-11-17,0,0.0,2,0.0,0,0.28097391627636104,0
Punjab,Barnala,2025-11-18,0,0.0,2,0.0,0,0.30474284569597077,0
Punjab,Barnala,2025-11-19,0,0.0,2,0.0,0,0.14895631005024387,0
Punjab,Barnala,2025-11-20,0,0.0,2,0.0,0,0.19043851461038958,0
Punjab,Barnala,2025-11-21,0,0.0,2,0.0,0,0.016600905673274095,0
Punjab,Barnala,2025-11-22,0,0.0,2,0.0,0,0.13471584145021642,0
Punjab,Barnala,2025-11-23,0,0.0,2,0.0,0,0.0232229294827979,0
Punjab,Bathinda,2025-10-15,1,1.18,2,4.0,1,0.3375657354620783,0
Punjab,Bathinda,2025-10-16,0,0.0,2,0.0,0,0.1898671107079195,0
Punjab,Bathinda,2025-10-17,4,63.8,2,0.0,0,0.5169571527790199,1
Punjab,Bathinda,2025-10-18,0,0.0,2,5.0,1,0.37524584380970255,0
Punjab,Bathinda,2025-10-19,0,0.0,2,2.0,0,0.36896161546786543,0
Punjab,Bathinda,2025-10-20,5,17.72,2,17.0,1,0.6242159589314195,1
Punjab,Bathinda,2025-10-21,2,4.890000000000001,2,3.0,1,0.5424849900721612,1
Punjab,Bathinda,2025-10-22,17,87.66,2,4.0,1,0.7858025093432931,1
Punjab,Bathinda,2025-10-23,3,19.55,2,7.0,1,0.7570083770396269,1
Punjab,Bathinda,2025-10-24,4,28.48,2,13.0,1,0.7323909319846816,1
Punjab,Bathinda,2025-10-25,7,29.89,2,8.0,1,0.8643577754482357,1
Punjab,Bathinda,2025-10-26,13,74.64,2,9.0,1,0.942141296203796,1
Punjab,Bathinda,2025-10-27,8,43.22,2,13.0,1,0.9279265887298975,1
Punjab,Bathinda,2025-10-28,9,58.940000000000005,2,18.0,1,0.9804684065934066,1
Punjab,Bathinda,2025-10-29,13,140.1,2,41.0,1,0.9592636634199132,1
Punjab,Bathinda,2025-10-30,18,127.21,2,26.0,1,0.9938054057524396,1
Punjab,Bathinda,2025-10-31,41,315.65000000000003,2,30.0,1,0.9956968968531469,1
Punjab,Bathinda,2025-11-01,26,202.89,2,17.0,1,0.9679568452380951,1
Punjab,Bathinda,2025-11-02,30,221.48,2,27.0,1,0.9669799783549782,1
Punjab,Bathinda,2025-11-03,17,79.41,2,12.0,1,0.9683733766233763,1
Punjab,Bathinda,2025-11-04,27,125.34,2,24.0,1,0.9846428571428573,1
Punjab,Bathinda,2025-11-05,12,44.44,2,41.0,1,0.8658420329670331,1
Punjab,Bathinda,2025-11-06,24,116.88,2,20.0,1,0.9497186147186147,1
Punjab,Bathinda,2025-11-07,41,237.32,2,18.0,1,0.9278513257575757,1
Punjab,Bathinda,2025-11-08,20,100.05,2,35.0,1,0.7331258469791077,1
Punjab,Bathinda,2025-11-09,18,112.56,2,32.0,1,0.8553472193567302,1
Punjab,Bathinda,2025-11-10,35,228.03,2,15.0,1,0.9075027179151892,1
Punjab,Bathinda,2025-11-11,32,118.04,2,14.0,1,0.9108660714285715,1
Punjab,Bathinda,2025-11-12,15,44.18,2,20.0,1,0.8757431394506822,1
Punjab,Bathinda,2025-11-13,14,69.72,2,11.0,1,0.9188831521739129,1
Punjab,Bathinda,2025-11-14,20,112.79,2,37.0,1,0.9250231684076793,1
Punjab,Bathinda,2025-11-15,11,34.54,2,13.0,1,0.8491418518076127,1
Punjab,Bathinda,2025-11-16,37,147.55,2,6.0,1,0.8827954545454546,1
Punjab,Bathinda,2025-11-17,13,55.79,2,6.0,1,0.9156482683982685,1
Punjab,Bathinda,2025-11-18,6,25.15,2,7.0,1,0.7468956307803561,1
Punjab,Bathinda,2025-11-19,6,39.8,2,8.0,1,0.6344002712973301,1
Punjab,Bathinda,2025-11-20,7,21.46,2,7.0,1,0.5906569852249199,1
Punjab,Bathinda,2025-11-21,8,30.63,2,1.0,0,0.6252551176893281,1
Punjab,Bathinda,2025-11-22,7,37.75,2,1.0,0,0.5598498928607623,1
Punjab,Bathinda,2025-11-23,1,1.89,2,0.0,0,0.23727922077922073,0
Punjab,Faridkot,2025-10-15,0,0.0,2,1.0,0,0.07384224558124236,0
Punjab,Faridkot,2025-10-16,1,2.22,2,0.0,0,0.23769562022839597,0
Punjab,Faridkot,2025-10-17,1,5.47,2,1.0,0,0.20829801926015162,0
Punjab,Faridkot,2025-10-18,0,0.0,2,0.0,0,0.26548754370629374,0
Punjab,Faridkot,2025-10-19,1,5.6,2,2.0,0,0.25548217897298775,0
Punjab,Faridkot,2025-10-20,0,0.0,2,5.0,1,0.32597559560738915,0
Punjab,Faridkot,2025-10-21,2,7.15,2,1.0,0,0.23593075944952877,0
Punjab,Faridkot,2025-10-22,5,24.04,2,2.0,0,0.672526338617691,1
Punjab,Faridkot,2025-10-23,1,6.57,2,5.0,1,0.6450917498072104,1
Punjab,Faridkot,2025-10-24,2,5.51,2,5.0,1,0.5198484620665821,1
Punjab,Faridkot,2025-10-25,5,26.76,2,3.0,1,0.8442835914085914,1
Punjab,Faridkot,2025-10-26,5,17.33,2,2.0,0,0.827439433373644,1
Punjab,Faridkot,2025-10-27,3,11.5,2,9.0,1,0.7141931505994006,1
Punjab,Faridkot,2025-10-28,2,8.79,2,5.0,1,0.6808377976190475,1
Punjab,Faridkot,2025-10-29,9,88.17,2,9.0,1,0.854333413114663,1
Punjab,Faridkot,2025-10-30,5,17.3,2,4.0,1,0.9284887453233042,1
Punjab,Faridkot,2025-10-31,9,39.27,2,8.0,1,0.8903921921185223,1
Punjab,Faridkot,2025-11-01,4,28.95,2,0.0,0,0.7923054783292156,1
Punjab,Faridkot,2025-11-02,8,50.22,2,11.0,1,0.7745239343989345,1
Punjab,Faridkot,2025-11-03,0,0.0,2,12.0,1,0.5907916644786169,1
Punjab,Faridkot,2025-11-04,11,61.760000000000005,2,19.0,1,0.8871231684981682,1
Punjab,Faridkot,2025-11-05,12,48.12,2,8.0,1,0.8687463474025975,1
Punjab,Faridkot,2025-11-06,19,138.35,2,15.0,1,0.9201908091908089,1
Punjab,Faridkot,2025-11-07,8,23.32,2,20.0,1,0.8414508928571426,1
Punjab,Faridkot,2025-11-08,15,90.21,2,3.0,1,0.7961846590909087,1
Punjab,Faridkot,2025-11-09,20,190.47,2,9.0,1,0.8750573744168797,1
Punjab,Faridkot,2025-11-10,3,10.91,2,3.0,1,0.7199487179487178,1
Punjab,Faridkot,2025-11-11,9,65.49,2,4.0,1,0.840032765543635,1
Punjab,Faridkot,2025-11-12,3,11.0,2,0.0,0,0.7132794813083336,1
Punjab,Faridkot,2025-11-13,4,12.6,2,2.0,0,0.6289798150219346,1
Punjab,Faridkot,2025-11-14,0,0.0,2,7.0,1,0.5324199748936919,1
Punjab,Faridkot,2025-11-15,2,6.69,2,4.0,1,0.2929948593073593,0
Punjab,Faridkot,2025-11-16,7,34.44,2,0.0,0,0.6174200293170881,1
Punjab,Faridkot,2025-11-17,4,30.05,2,2.0,0,0.6016846223629312,1
Punjab,Faridkot,2025-11-18,0,0.0,2,2.0,0,0.2588491404428904,0
Punjab,Faridkot,2025-11-19,2,17.740000000000002,2,0.0,0,0.5065369110056609,1
Punjab,Faridkot,2025-11-20,2,11.43,2,0.0,0,0.5246351388647582,1
Punjab,Faridkot,2025-11-21,0,0.0,2,0.0,0,0.2089833447802198,0
Punjab,Faridkot,2025-11-22,0,0.0,2,0.0,0,0.2469167720985155,0
Punjab,Faridkot,2025-11-23,0,0.0,2,0.0,0,0.21567602709790212,0
Punjab,Fatehgarh Sahib,2025-10-15,0,0.0,2,0.0,0,0.2219262889246607,0
Punjab,Fatehgarh Sahib,2025-10-16,0,0.0,2,0.0,0,0.1125329570726892,0
Punjab,Fatehgarh Sahib,2025-10-17,0,0.0,2,4.0,1,0.1233610456507778,0
Punjab,Fatehgarh Sahib,2025-10-18,0,0.0,2,1.0,0,0.18330983747711657,0
Punjab,Fatehgarh Sahib,2025-10-19,4,20.89,2,6.0,1,0.3143338059181924,0
Punjab,Fatehgarh Sahib,2025-10-20,1,1.79,2,2.0,0,0.5029461231020441,1
Punjab,Fatehgarh Sahib,2025-10-21,6,26.86,2,0.0,0,0.779084712984384,1
Punjab,Fatehgarh Sahib,2025-10-22,2,12.03,2,0.0,0,0.8157305611055611,1
Punjab,Fatehgarh Sahib,2025-10-23,0,0.0,2,0.0,0,0.5649521725630556,1
Punjab,Fatehgarh Sahib,2025-10-24,0,0.0,2,14.0,1,0.5103650626153243,1
Punjab,Fatehgarh Sahib,2025-10-25,0,0.0,2,3.0,1,0.3785856927550292,0
Punjab,Fatehgarh Sahib,2025-10-26,14,44.94,2,4.0,1,0.7451776341026536,1
Punjab,Fatehgarh Sahib,2025-10-27,3,49.03,2,3.0,1,0.7636907363469863,1
Punjab,Fatehgarh Sahib,2025-10-28,4,19.14,2,0.0,0,0.8186664377289374,1
Punjab,Fatehgarh Sahib,2025-10-29,3,33.61,2,5.0,1,0.8502456709956708,1
Punjab,Fatehgarh Sahib,2025-10-30,0,0.0,2,8.0,1,0.5262329450991136,1
Punjab,Fatehgarh Sahib,2025-10-31,5,28.4,2,5.0,1,0.7699245664466251,1
Punjab,Fatehgarh Sahib,2025-11-01,8,57.0,2,1.0,0,0.847810966509336,1
Punjab,Fatehgarh Sahib,2025-11-02,5,30.47,2,3.0,1,0.7552487260546471,1
Punjab,Fatehgarh Sahib,2025-11-03,1,4.68,2,6.0,1,0.6197539965194764,1
Punjab,Fatehgarh Sahib,2025-11-04,3,19.16,2,6.0,1,0.7072785734002839,1
Punjab,Fatehgarh Sahib,2025-11-05,6,19.16,2,8.0,1,0.5435825632700632,1
Punjab,Fatehgarh Sahib,2025-11-06,6,9.41,2,8.0,1,0.5258437708125208,1
Punjab,Fatehgarh Sahib,2025-11-07,8,23.52,2,5.0,1,0.5658218583952279,1
Punjab,Fatehgarh Sahib,2025-11-08,8,33.71,2,1.0,0,0.6531887695637696,1
Punjab,Fatehgarh Sahib,2025-11-09,5,24.72,2,3.0,1,0.6720117026613736,1
Punjab,Fatehgarh Sahib,2025-11-10,1,3.45,2,1.0,0,0.45789420776591827,1
Punjab,Fatehgarh Sahib,2025-11-11,3,7.37,2,0.0,0,0.4600958312520811,1
Punjab,Fatehgarh Sahib,2025-11-12,1,7.2,2,2.0,0,0.4547954163891664,1
Punjab,Fatehgarh Sahib,2025-11-13,0,0.0,2,3.0,1,0.3082022924991675,0
Punjab,Fatehgarh Sahib,2025-11-14,2,4.34,2,4.0,1,0.39712789987789987,0
Punjab,Fatehgarh Sahib,2025-11-15,3,6.069999999999999,2,1.0,0,0.44529676369382254,1
Punjab,Fatehgarh Sahib,2025-11-16,4,6.75,2,1.0,0,0.40633129513460386,0
Punjab,Fatehgarh Sahib,2025-11-17,1,3.37,2,6.0,1,0.3749547327672327,0
Punjab,Fatehgarh Sahib,2025-11-18,1,3.68,2,3.0,1,0.4553047854922855,1
Punjab,Fatehgarh Sahib,2025-11-19,6,22.45,2,0.0,0,0.528380912290679,1
Punjab,Fatehgarh Sahib,2025-11-20,3,3.65,2,0.0,0,0.3286430964868465,0
Punjab,Fatehgarh Sahib,2025-11-21,0,0.0,2,0.0,0,0.18560503558941058,0
Punjab,Fatehgarh Sahib,2025-11-22,0,0.0,2,0.0,0,0.3227850749266397,0
Punjab,Fatehgarh Sahib,2025-11-23,0,0.0,2,0.0,0,0.13761552105580852,0
Punjab,Fazilka,2025-10-15,0,0.0,2,3.0,1,0.2798014690109145,0
Punjab,Fazilka,2025-10-16,2,8.14,2,0.0,0,0.1672272213971921,0
Punjab,Fazilka,2025-10-17,3,11.59,2,4.0,1,0.5345147060176663,1
Punjab,Fazilka,2025-10-18,0,0.0,2,7.0,1,0.39041101713408644,0
Punjab,Fazilka,2025-10-19,4,18.04,2,4.0,1,0.602746336996337,1
Punjab,Fazilka,2025-10-20,7,33.6,2,2.0,0,0.7106341449121052,1
Punjab,Fazilka,2025-10-21,4,18.44,2,0.0,0,0.7791627331002329,1
Punjab,Fazilka,2025-10-22,2,40.43,2,4.0,1,0.629786172161172,1
Punjab,Fazilka,2025-10-23,0,0.0,2,0.0,0,0.47194952511256866,1
Punjab,Fazilka,2025-10-24,4,27.34,2,7.0,1,0.717847607253857,1
Punjab,Fazilka,2025-10-25,0,0.0,2,1.0,0,0.46899437594731297,1
Punjab,Fazilka,2025-10-26,7,29.8,2,2.0,0,0.6945604485120614,1
Punjab,Fazilka,2025-10-27,1,3.99,2,4.0,1,0.6961991919007208,1
Punjab,Fazilka,2025-10-28,2,11.98,2,5.0,1,0.6096805243367744,1
Punjab,Fazilka,2025-10-29,4,27.86,2,10.0,1,0.7719570603008101,1
Punjab,Fazilka,2025-10-30,5,24.56,2,12.0,1,0.8612261072261075,1
Punjab,Fazilka,2025-10-31,10,44.28,2,13.0,1,0.8272430569838657,1
Punjab,Fazilka,2025-11-01,12,57.93,2,13.0,1,0.87382224025974,1
Punjab,Fazilka,2025-11-02,13,84.34,2,16.0,1,0.9450907738095239,1
Punjab,Fazilka,2025-11-03,13,134.76,2,18.0,1,0.9357175324675326,1
Punjab,Fazilka,2025-11-04,16,119.84,2,25.0,1,0.9504965583498425,1
Punjab,Fazilka,2025-11-05,18,102.75,2,20.0,1,0.9286749944970283,1
Punjab,Fazilka,2025-11-06,25,259.03000000000003,2,24.0,1,0.9537207792207792,1
Punjab,Fazilka,2025-11-07,20,154.25,2,46.0,1,0.9581883116883115,1
Punjab,Fazilka,2025-11-08,24,119.77,2,17.0,1,0.7573642752175358,1
Punjab,Fazilka,2025-11-09,46,255.47,2,23.0,1,0.8751820407853016,1
Punjab,Fazilka,2025-11-10,17,96.81,2,14.0,1,0.8624401680746788,1
Punjab,Fazilka,2025-11-11,23,189.2,2,19.0,1,0.9064555422647527,1
Punjab,Fazilka,2025-11-12,14,117.91,2,29.0,1,0.906979301948052,1
Punjab,Fazilka,2025-11-13,19,143.35,2,18.0,1,0.9040711204556315,1
Punjab,Fazilka,2025-11-14,29,271.5,2,29.0,1,0.9334279448621554,1
Punjab,Fazilka,2025-11-15,18,61.9,2,7.0,1,0.9013491237023846,1
Punjab,Fazilka,2025-11-16,29,117.8,2,3.0,1,0.9380154845154846,1
Punjab,Fazilka,2025-11-17,7,33.87,2,10.0,1,0.7964145450670387,1
Punjab,Fazilka,2025-11-18,3,15.489999999999998,2,1.0,0,0.7215011446886447,1
Punjab,Fazilka,2025-11-19,10,25.72,2,10.0,1,0.7129706549906976,1
Punjab,Fazilka,2025-11-20,1,6.82,2,4.0,1,0.4404601856476855,1
Punjab,Fazilka,2025-11-21,10,59.63,2,3.0,1,0.7132088355401048,1
Punjab,Fazilka,2025-11-22,4,25.17,2,0.0,0,0.6269772238630932,1
Punjab,Fazilka,2025-11-23,3,33.96,2,5.0,1,0.26832977439227435,0
Punjab,Ferozepur,2025-10-15,3,12.61,2,7.0,1,0.43277956765456765,1
Punjab,Ferozepur,2025-10-16,9,81.17999999999999,2,10.0,1,0.5922966131091132,1
Punjab,Ferozepur,2025-10-17,7,33.97,2,7.0,1,0.7748652201293328,1
Punjab,Ferozepur,2025-10-18,10,29.47,2,18.0,1,0.8258269438894438,1
Punjab,Ferozepur,2025-10-19,7,76.3,2,31.0,1,0.7511559586247085,1
Punjab,Ferozepur,2025-10-20,18,144.3,2,18.0,1,0.8249593559688897,1
Punjab,Ferozepur,2025-10-21,31,177.18,2,5.0,1,0.9760254682817182,1
Punjab,Ferozepur,2025-10-22,18,137.65,2,7.0,1,0.9852427704710542,1
Punjab,Ferozepur,2025-10-23,5,19.84,2,12.0,1,0.8333338016150517,1
Punjab,Ferozepur,2025-10-24,7,31.76,2,25.0,1,0.8284705606893107,1
Punjab,Ferozepur,2025-10-25,12,88.68,2,14.0,1,0.9043312937062936,1
Punjab,Ferozepur,2025-10-26,25,167.95,2,10.0,1,0.9780666666666668,1
Punjab,Ferozepur,2025-10-27,14,99.84,2,27.0,1,0.9805016233766233,1
Punjab,Ferozepur,2025-10-28,10,50.78,2,43.0,1,0.9700178571428572,1
Punjab,Ferozepur,2025-10-29,27,342.41,2,35.0,1,0.9654027326839827,1
Punjab,Ferozepur,2025-10-30,43,284.75,2,33.0,1,0.9990178571428571,1
Punjab,Ferozepur,2025-10-31,35,223.29,2,47.0,1,0.9973255494505494,1
Punjab,Ferozepur,2025-11-01,33,243.13,2,26.0,1,0.9923936688311688,1
Punjab,Ferozepur,2025-11-02,47,320.26,2,69.0,1,0.9860892857142858,1
Punjab,Ferozepur,2025-11-03,26,130.48,2,5.0,1,0.9713928571428571,1
Punjab,Ferozepur,2025-11-04,69,518.02,2,20.0,1,0.8977738095238095,1
Punjab,Ferozepur,2025-11-05,5,39.5,2,48.0,1,0.8690183664374841,1
Punjab,Ferozepur,2025-11-06,20,166.86,2,46.0,1,0.9211506875477462,1
Punjab,Ferozepur,2025-11-07,48,253.48,2,77.0,1,0.9352974109224109,1
Punjab,Ferozepur,2025-11-08,46,301.38,2,39.0,1,0.7704118942651551,1
Punjab,Ferozepur,2025-11-09,77,484.15,2,23.0,1,0.8980576923076924,1
Punjab,Ferozepur,2025-11-10,39,197.49,2,22.0,1,0.9017513298105403,1
Punjab,Ferozepur,2025-11-11,23,143.03,2,21.0,1,0.8972256493506494,1
Punjab,Ferozepur,2025-11-12,22,96.13,2,12.0,1,0.9381210039960041,1
Punjab,Ferozepur,2025-11-13,21,122.98,2,20.0,1,0.9316826923076924,1
Punjab,Ferozepur,2025-11-14,12,70.94,2,19.0,1,0.9202686688311688,1
Punjab,Ferozepur,2025-11-15,20,267.89,2,2.0,0,0.923001843789315,1
Punjab,Ferozepur,2025-11-16,19,94.6,2,4.0,1,0.9461815829098438,1
Punjab,Ferozepur,2025-11-17,2,7.55,2,1.0,0,0.7102933488612837,1
Punjab,Ferozepur,2025-11-18,4,10.27,2,1.0,0,0.7200459124209122,1
Punjab,Ferozepur,2025-11-19,1,4.64,2,1.0,0,0.5436516204916141,1
Punjab,Ferozepur,2025-11-20,1,3.39,2,3.0,1,0.372481848013098,0
Punjab,Ferozepur,2025-11-21,1,3.06,2,0.0,0,0.4282098991694579,1
Punjab,Ferozepur,2025-11-22,3,9.88,2,2.0,0,0.4901038223463096,1
Punjab,Ferozepur,2025-11-23,0,0.0,2,1.0,0,0.2755645448301698,0
Punjab,Gurdaspur,2025-10-15,0,0.0,2,2.0,0,0.26202669414057217,0
Punjab,Gurdaspur,2025-10-16,1,3.49,2,3.0,1,0.4463833381208574,1
Punjab,Gurdaspur,2025-10-17,2,6.96,2,4.0,1,0.544184860643742,1
Punjab,Gurdaspur,2025-10-18,3,11.97,2,10.0,1,0.6040603150579174,1
Punjab,Gurdaspur,2025-10-19,4,9.85,2,11.0,1,0.7309065101565102,1
Punjab,Gurdaspur,2025-10-20,10,38.04,2,18.0,1,0.8873976210193314,1
Punjab,Gurdaspur,2025-10-21,11,53.23,2,5.0,1,0.9262605519480519,1
Punjab,Gurdaspur,2025-10-22,18,68.9,2,4.0,1,0.9793884685230023,1
Punjab,Gurdaspur,2025-10-23,5,11.48,2,7.0,1,0.8461786963036964,1
Punjab,Gurdaspur,2025-10-24,4,15.14,2,23.0,1,0.873651970836181,1
Punjab,Gurdaspur,2025-10-25,7,20.9,2,9.0,1,0.8196667915417916,1
Punjab,Gurdaspur,2025-10-26,23,92.27,2,5.0,1,0.9356153950216453,1
Punjab,Gurdaspur,2025-10-27,9,22.0,2,0.0,0,0.825578307109557,1
Punjab,Gurdaspur,2025-10-28,5,21.13,2,5.0,1,0.8513296907877985,1
Punjab,Gurdaspur,2025-10-29,0,0.0,2,10.0,1,0.7537308740693358,1
Punjab,Gurdaspur,2025-10-30,5,31.75,2,10.0,1,0.7374583645521144,1
Punjab,Gurdaspur,2025-10-31,10,31.14,2,6.0,1,0.8694008907758909,1
Punjab,Gurdaspur,2025-11-01,10,37.7,2,3.0,1,0.9022066267066268,1
Punjab,Gurdaspur,2025-11-02,6,26.83,2,5.0,1,0.7969408091908089,1
Punjab,Gurdaspur,2025-11-03,3,10.03,2,2.0,0,0.5485523900119488,1
Punjab,Gurdaspur,2025-11-04,5,22.94,2,6.0,1,0.6617081252081252,1
Punjab,Gurdaspur,2025-11-05,2,4.93,2,6.0,1,0.4672312756687756,1
Punjab,Gurdaspur,2025-11-06,6,27.17,2,5.0,1,0.59372825061412,1
Punjab,Gurdaspur,2025-11-07,6,15.24,2,4.0,1,0.5086059388980583,1
Punjab,Gurdaspur,2025-11-08,5,17.650000000000002,2,12.0,1,0.5482964201368805,1
Punjab,Gurdaspur,2025-11-09,4,15.5,2,6.0,1,0.5491214826839826,1
Punjab,Gurdaspur,2025-11-10,12,49.24,2,2.0,0,0.7965312222499722,1
Punjab,Gurdaspur,2025-11-11,6,18.61,2,0.0,0,0.692793852957683,1
Punjab,Gurdaspur,2025-11-12,2,4.21,2,0.0,0,0.4892490508395113,1
Punjab,Gurdaspur,2025-11-13,0,0.0,2,0.0,0,0.35588449528069005,0
Punjab,Gurdaspur,2025-11-14,0,0.0,2,1.0,0,0.26062314354569577,0
Punjab,Gurdaspur,2025-11-15,0,0.0,2,0.0,0,0.27547454628704626,0
Punjab,Gurdaspur,2025-11-16,1,3.47,2,0.0,0,0.34410200216450204,0
Punjab,Gurdaspur,2025-11-17,0,0.0,2,0.0,0,0.2217315407440919,0
Punjab,Gurdaspur,2025-11-18,0,0.0,2,0.0,0,0.17243504381647756,0
Punjab,Gurdaspur,2025-11-19,0,0.0,2,0.0,0,0.14603194305694303,0
Punjab,Gurdaspur,2025-11-20,0,0.0,2,1.0,0,0.02196145594601477,0
Punjab,Gurdaspur,2025-11-21,0,0.0,2,0.0,0,0.03989031385281385,0
Punjab,Gurdaspur,2025-11-22,1,3.23,2,0.0,0,0.1981588564621653,0
Punjab,Gurdaspur,2025-11-23,0,0.0,2,0.0,0,0.1311101981351981,0
Punjab,Hoshiarpur,2025-10-15,0,0.0,2,0.0,0,0.1751643561199218,0
Punjab,Hoshiarpur,2025-10-16,0,0.0,2,0.0,0,0.13254042342851627,0
Punjab,Hoshiarpur,2025-10-17,0,0.0,2,0.0,0,0.15110292342851625,0
Punjab,Hoshiarpur,2025-10-18,0,0.0,2,0.0,0,0.17172452740503508,0
Punjab,Hoshiarpur,2025-10-19,0,0.0,2,1.0,0,0.13075043942207984,0
Punjab,Hoshiarpur,2025-10-20,0,0.0,2,1.0,0,0.10016312303185294,0
Punjab,Hoshiarpur,2025-10-21,1,2.05,2,0.0,0,0.29362605301577993,0
Punjab,Hoshiarpur,2025-10-22,1,1.95,2,3.0,1,0.4284170487202818,1
Punjab,Hoshiarpur,2025-10-23,0,0.0,2,1.0,0,0.23373281692098094,0
Punjab,Hoshiarpur,2025-10-24,3,8.99,2,3.0,1,0.464635569957648,1
Punjab,Hoshiarpur,2025-10-25,1,3.5,2,1.0,0,0.5374290687382792,1
Punjab,Hoshiarpur,2025-10-26,3,8.4,2,1.0,0,0.5663327420128891,1
Punjab,Hoshiarpur,2025-10-27,1,1.99,2,2.0,0,0.5641380618285224,1
Punjab,Hoshiarpur,2025-10-28,1,1.76,2,1.0,0,0.5616310042619059,1
Punjab,Hoshiarpur,2025-10-29,2,9.41,2,7.0,1,0.7063910199814804,1
Punjab,Hoshiarpur,2025-10-30,1,4.77,2,11.0,1,0.5140243803710907,1
Punjab,Hoshiarpur,2025-10-31,7,13.48,2,2.0,0,0.6288896479071816,1
Punjab,Hoshiarpur,2025-11-01,11,59.01,2,0.0,0,0.9178660714285714,1
Punjab,Hoshiarpur,2025-11-02,2,4.35,2,3.0,1,0.5074021559580769,1
Punjab,Hoshiarpur,2025-11-03,0,0.0,2,1.0,0,0.4586918349142075,1
Punjab,Hoshiarpur,2025-11-04,3,9.78,2,0.0,0,0.6360330272797378,1
Punjab,Hoshiarpur,2025-11-05,1,0.53,2,0.0,0,0.4908846090934907,1
Punjab,Hoshiarpur,2025-11-06,0,0.0,2,0.0,0,0.44292627942855956,1
Punjab,Hoshiarpur,2025-11-07,0,0.0,2,0.0,0,0.3731773382867132,0
Punjab,Hoshiarpur,2025-11-08,0,0.0,2,1.0,0,0.25737932380119877,0
Punjab,Hoshiarpur,2025-11-09,0,0.0,2,4.0,1,0.1512154187650812,0
Punjab,Hoshiarpur,2025-11-10,1,3.59,2,1.0,0,0.12299070179691311,0
Punjab,Hoshiarpur,2025-11-11,4,13.02,2,1.0,0,0.34241517323079024,0
Punjab,Hoshiarpur,2025-11-12,1,2.58,2,0.0,0,0.3094575632700633,0
Punjab,Hoshiarpur,2025-11-13,1,4.07,2,1.0,0,0.31254519461035424,0
Punjab,Hoshiarpur,2025-11-14,0,0.0,2,0.0,0,0.22327853916916418,0
Punjab,Hoshiarpur,2025-11-15,1,5.82,2,1.0,0,0.21850449346405232,0
Punjab,Hoshiarpur,2025-11-16,0,0.0,2,1.0,0,0.18007444919944915,0
Punjab,Hoshiarpur,2025-11-17,1,2.83,2,1.0,0,0.26508243011961197,0
Punjab,Hoshiarpur,2025-11-18,1,3.42,2,0.0,0,0.30858426989676985,0
Punjab,Hoshiarpur,2025-11-19,1,3.11,2,0.0,0,0.2715343934252023,0
Punjab,Hoshiarpur,2025-11-20,0,0.0,2,0.0,0,0.20739429163771259,0
Punjab,Hoshiarpur,2025-11-21,0,0.0,2,0.0,0,0.05139017722473605,0
Punjab,Hoshiarpur,2025-11-22,0,0.0,2,2.0,0,0.08042244580666712,0
Punjab,Hoshiarpur,2025-11-23,0,0.0,2,0.0,0,0.03580571585277468,0
Punjab,Jalandhar,2025-10-15,0,0.0,2,4.0,1,0.18438169089211598,0
Punjab,Jalandhar,2025-10-16,0,0.0,2,2.0,0,0.13094251219488526,0
Punjab,Jalandhar,2025-10-17,4,14.38,2,0.0,0,0.32249859280406595,0
Punjab,Jalandhar,2025-10-18,2,9.96,2,2.0,0,0.610019981520196,1
Punjab,Jalandhar,2025-10-19,0,0.0,2,3.0,1,0.5355904890070073,1
Punjab,Jalandhar,2025-10-20,2,9.15,2,4.0,1,0.6320727819007615,1
Punjab,Jalandhar,2025-10-21,3,16.41,2,1.0,0,0.7203166431918575,1
Punjab,Jalandhar,2025-10-22,4,15.63,2,0.0,0,0.9010816940412526,1
Punjab,Jalandhar,2025-10-23,1,2.67,2,8.0,1,0.6595107765041974,1
Punjab,Jalandhar,2025-10-24,0,0.0,2,12.0,1,0.642652109467989,1
Punjab,Jalandhar,2025-10-25,8,94.87,2,8.0,1,0.7554064283347373,1
Punjab,Jalandhar,2025-10-26,12,45.35,2,6.0,1,0.9408235826673323,1
Punjab,Jalandhar,2025-10-27,8,36.98,2,12.0,1,0.9250917673013258,1
Punjab,Jalandhar,2025-10-28,6,29.52,2,5.0,1,0.9260728438228437,1
Punjab,Jalandhar,2025-10-29,12,42.22,2,13.0,1,0.9306588827838825,1
Punjab,Jalandhar,2025-10-30,5,25.29,2,18.0,1,0.8711059614405202,1
Punjab,Jalandhar,2025-10-31,13,70.91,2,15.0,1,0.9568025356995943,1
Punjab,Jalandhar,2025-11-01,18,79.67999999999999,2,5.0,1,0.9566041486761825,1
Punjab,Jalandhar,2025-11-02,15,97.69,2,9.0,1,0.9749807692307693,1
Punjab,Jalandhar,2025-11-03,5,47.65,2,8.0,1,0.9349050789896378,1
Punjab,Jalandhar,2025-11-04,9,61.24,2,11.0,1,0.8828582875457875,1
Punjab,Jalandhar,2025-11-05,8,5.93,2,16.0,1,0.8329611013986015,1
Punjab,Jalandhar,2025-11-06,11,34.28,2,5.0,1,0.8229052197802196,1
Punjab,Jalandhar,2025-11-07,16,78.03,2,9.0,1,0.8691130952380951,1
Punjab,Jalandhar,2025-11-08,5,17.88,2,16.0,1,0.6972204816017313,1
Punjab,Jalandhar,2025-11-09,9,30.61,2,19.0,1,0.7653699383262077,1
Punjab,Jalandhar,2025-11-10,16,64.49,2,10.0,1,0.8821594267314607,1
Punjab,Jalandhar,2025-11-11,19,152.87,2,4.0,1,0.9553051704804654,1
Punjab,Jalandhar,2025-11-12,10,33.88,2,1.0,0,0.891258585164835,1
Punjab,Jalandhar,2025-11-13,4,17.48,2,2.0,0,0.7868980267122049,1
Punjab,Jalandhar,2025-11-14,1,1.66,2,4.0,1,0.7098414585033578,1
Punjab,Jalandhar,2025-11-15,2,7.02,2,1.0,0,0.44867868589743587,1
Punjab,Jalandhar,2025-11-16,4,21.23,2,1.0,0,0.6932671821642409,1
Punjab,Jalandhar,2025-11-17,1,1.76,2,1.0,0,0.35823503141595237,0
Punjab,Jalandhar,2025-11-18,1,2.9,2,0.0,0,0.4294261204481792,1
Punjab,Jalandhar,2025-11-19,1,4.82,2,1.0,0,0.3349805209088296,0
Punjab,Jalandhar,2025-11-20,0,0.0,2,0.0,0,0.13533380681818183,0
Punjab,Jalandhar,2025-11-21,1,3.67,2,0.0,0,0.38933506566962445,0
Punjab,Jalandhar,2025-11-22,0,0.0,2,7.0,1,0.11846108691682415,0
Punjab,Jalandhar,2025-11-23,0,0.0,2,0.0,0,0.13224939123376622,0
Punjab,Kapurthala,2025-10-15,0,0.0,2,0.0,0,0.18882681867744208,0
Punjab,Kapurthala,2025-10-16,2,19.36,2,1.0,0,0.24848544313014131,0
Punjab,Kapurthala,2025-10-17,0,0.0,2,0.0,0,0.36926510867431916,0
Punjab,Kapurthala,2025-10-18,1,2.11,2,0.0,0,0.5003658326900847,1
Punjab,Kapurthala,2025-10-19,0,0.0,2,18.0,1,0.4386070445940667,1
Punjab,Kapurthala,2025-10-20,0,0.0,2,6.0,1,0.1215746128871129,0
Punjab,Kapurthala,2025-10-21,18,162.19,2,5.0,1,0.5893293230107487,1
Punjab,Kapurthala,2025-10-22,6,27.200000000000003,2,2.0,0,0.941720063202926,1
Punjab,Kapurthala,2025-10-23,5,18.61,2,8.0,1,0.8935038689380795,1
Punjab,Kapurthala,2025-10-24,2,13.5,2,13.0,1,0.8658887028541633,1
Punjab,Kapurthala,2025-10-25,8,66.05,2,14.0,1,0.9223346291924915,1
Punjab,Kapurthala,2025-10-26,13,79.31,2,3.0,1,0.9628271728271727,1
Punjab,Kapurthala,2025-10-27,14,51.09,2,18.0,1,0.9424126706626704,1
Punjab,Kapurthala,2025-10-28,3,15.39,2,12.0,1,0.8611701609793715,1
Punjab,Kapurthala,2025-10-29,18,131.55,2,31.0,1,0.961230189302223,1
Punjab,Kapurthala,2025-10-30,12,41.96,2,35.0,1,0.9639464285714285,1
Punjab,Kapurthala,2025-10-31,31,101.58,2,26.0,1,0.9691049783549783,1
Punjab,Kapurthala,2025-11-01,35,154.07,2,11.0,1,0.9901083333333334,1
Punjab,Kapurthala,2025-11-02,26,154.72,2,11.0,1,0.9810057692307693,1
Punjab,Kapurthala,2025-11-03,11,44.88,2,0.0,0,0.9445616515837101,1
Punjab,Kapurthala,2025-11-04,11,57.36,2,5.0,1,0.8873358308358309,1
Punjab,Kapurthala,2025-11-05,0,0.0,2,14.0,1,0.9364159415495851,1
Punjab,Kapurthala,2025-11-06,5,15.38,2,10.0,1,0.7454412878787879,1
Punjab,Kapurthala,2025-11-07,14,53.81,2,9.0,1,0.7919053654678653,1
Punjab,Kapurthala,2025-11-08,10,44.3,2,6.0,1,0.762779324841825,1
Punjab,Kapurthala,2025-11-09,9,34.25,2,8.0,1,0.8102075569358178,1
Punjab,Kapurthala,2025-11-10,6,32.980000000000004,2,2.0,0,0.7550688735284323,1
Punjab,Kapurthala,2025-11-11,8,22.67,2,2.0,0,0.6953670578325183,1
Punjab,Kapurthala,2025-11-12,2,11.84,2,0.0,0,0.5785439279922974,1
Punjab,Kapurthala,2025-11-13,2,4.36,2,2.0,0,0.4472706148018648,1
Punjab,Kapurthala,2025-11-14,0,0.0,2,4.0,1,0.38016863293714487,0
Punjab,Kapurthala,2025-11-15,2,10.1,2,0.0,0,0.5478614163614162,1
Punjab,Kapurthala,2025-11-16,4,17.630000000000003,2,1.0,0,0.6803112894050395,1
Punjab,Kapurthala,2025-11-17,0,0.0,2,1.0,0,0.30004605862403844,0
Punjab,Kapurthala,2025-11-18,1,3.46,2,0.0,0,0.41337249209124205,1
Punjab,Kapurthala,2025-11-19,1,0.67,2,1.0,0,0.27466467523704347,0
Punjab,Kapurthala,2025-11-20,0,0.0,2,0.0,0,0.12146391191045797,0
Punjab,Kapurthala,2025-11-21,1,1.36,2,0.0,0,0.2544901638931243,0
Punjab,Kapurthala,2025-11-22,0,0.0,2,0.0,0,0.10972596455080008,0
Punjab,Kapurthala,2025-11-23,0,0.0,2,0.0,0,0.13628422098734597,0
Punjab,Ludhiana,2025-10-15,2,4.0200000000000005,2,0.0,0,0.3989447233043015,0
Punjab,Ludhiana,2025-10-16,0,0.0,2,0.0,0,0.22934046940138683,0
Punjab,Ludhiana,2025-10-17,0,0.0,2,1.0,0,0.09057694284881786,0
Punjab,Ludhiana,2025-10-18,0,0.0,2,0.0,0,0.31887765565482956,0
Punjab,Ludhiana,2025-10-19,1,1.78,2,0.0,0,0.344283911323266,0
Punjab,Ludhiana,2025-10-20,0,0.0,2,1.0,0,0.39871685158587833,0
Punjab,Ludhiana,2025-10-21,0,0.0,2,0.0,0,0.16428902334595244,0
Punjab,Ludhiana,2025-10-22,1,2.57,2,1.0,0,0.3288290443753872,0
Punjab,Ludhiana,2025-10-23,0,0.0,2,6.0,1,0.2127943059826888,0
Punjab,Ludhiana,2025-10-24,1,1.54,2,4.0,1,0.3993921618951226,0
Punjab,Ludhiana,2025-10-25,6,21.11,2,7.0,1,0.4109204584759925,1
Punjab,Ludhiana,2025-10-26,4,15.24,2,8.0,1,0.8401426988581595,1
Punjab,Ludhiana,2025-10-27,7,13.43,2,7.0,1,0.6825935230763857,1
Punjab,Ludhiana,2025-10-28,8,36.38,2,2.0,0,0.9169020007506724,1
Punjab,Ludhiana,2025-10-29,7,41.97,2,21.0,1,0.8824419975186103,1
Punjab,Ludhiana,2025-10-30,2,12.87,2,19.0,1,0.7633636988011987,1
Punjab,Ludhiana,2025-10-31,21,66.55,2,33.0,1,0.9285784978909979,1
Punjab,Ludhiana,2025-11-01,19,87.58,2,13.0,1,0.9715100732600732,1
Punjab,Ludhiana,2025-11-02,33,183.02,2,31.0,1,0.9872797619047619,1
Punjab,Ludhiana,2025-11-03,13,65.13,2,33.0,1,0.9859940476190476,1
Punjab,Ludhiana,2025-11-04,31,162.89,2,39.0,1,0.9265178571428571,1
Punjab,Ludhiana,2025-11-05,33,192.2,2,50.0,1,0.893883241758242,1
Punjab,Ludhiana,2025-11-06,39,178.28,2,33.0,1,0.9878928571428571,1
Punjab,Ludhiana,2025-11-07,50,245.07,2,32.0,1,0.9604599567099565,1
Punjab,Ludhiana,2025-11-08,33,173.89,2,34.0,1,0.7544553924336533,1
Punjab,Ludhiana,2025-11-09,32,147.52,2,21.0,1,0.8282314913347523,1
Punjab,Ludhiana,2025-11-10,34,117.03,2,8.0,1,0.8918293128680574,1
Punjab,Ludhiana,2025-11-11,21,76.25,2,21.0,1,0.9241344537815127,1
Punjab,Ludhiana,2025-11-12,8,21.61,2,5.0,1,0.8531681284401871,1
Punjab,Ludhiana,2025-11-13,21,102.31,2,15.0,1,0.897870509392568,1
Punjab,Ludhiana,2025-11-14,5,24.01,2,13.0,1,0.8659430153180151,1
Punjab,Ludhiana,2025-11-15,15,41.52,2,6.0,1,0.7424116451599488,1
Punjab,Ludhiana,2025-11-16,13,48.39,2,1.0,0,0.9189196781479392,1
Punjab,Ludhiana,2025-11-17,6,20.63,2,0.0,0,0.729730105483929,1
Punjab,Ludhiana,2025-11-18,1,2.8,2,6.0,1,0.6104093798890793,1
Punjab,Ludhiana,2025-11-19,0,0.0,2,1.0,0,0.300500695337464,0
Punjab,Ludhiana,2025-11-20,6,36.79,2,1.0,0,0.5616151001776002,1
Punjab,Ludhiana,2025-11-21,1,0.59,2,1.0,0,0.45490478987231503,1
Punjab,Ludhiana,2025-11-22,1,2.19,2,0.0,0,0.4004983919267007,0
Punjab,Ludhiana,2025-11-23,1,3.43,2,3.0,1,0.3637646881304969,0
Punjab,Malerkotla,2025-10-15,0,0.0,2,0.0,0,0.15367728795939764,0
Punjab,Malerkotla,2025-10-16,0,0.0,2,0.0,0,0.1425467995190827,0
Punjab,Malerkotla,2025-10-17,0,0.0,2,0.0,0,0.20240695847918752,0
Punjab,Malerkotla,2025-10-18,0,0.0,2,0.0,0,0.26330120137409824,0
Punjab,Malerkotla,2025-10-19,0,0.0,2,0.0,0,0.16069700573209023,0
Punjab,Malerkotla,2025-10-20,0,0.0,2,0.0,0,0.17093768896190387,0
Punjab,Malerkotla,2025-10-21,0,0.0,2,0.0,0,0.2154073955764276,0
Punjab,Malerkotla,2025-10-22,0,0.0,2,0.0,0,0.25661906004814766,0
Punjab,Malerkotla,2025-10-23,0,0.0,2,0.0,0,0.3011726215272503,0
Punjab,Malerkotla,2025-10-24,0,0.0,2,2.0,0,0.31887017427212444,0
Punjab,Malerkotla,2025-10-25,0,0.0,2,1.0,0,0.19933723766642558,0
Punjab,Malerkotla,2025-10-26,2,5.55,2,1.0,0,0.20924728425319017,0
Punjab,Malerkotla,2025-10-27,1,6.63,2,6.0,1,0.17955051720444945,0
Punjab,Malerkotla,2025-10-28,1,4.08,2,4.0,1,0.31612518655020594,0
Punjab,Malerkotla,2025-10-29,6,34.94,2,11.0,1,0.691336910398851,1
Punjab,Malerkotla,2025-10-30,4,23.77,2,8.0,1,0.9096324925074926,1
Punjab,Malerkotla,2025-10-31,11,36.73,2,14.0,1,0.8540923637765739,1
Punjab,Malerkotla,2025-11-01,8,34.84,2,7.0,1,0.9081428806616499,1
Punjab,Malerkotla,2025-11-02,14,95.62,2,12.0,1,0.932904075091575,1
Punjab,Malerkotla,2025-11-03,7,24.62,2,4.0,1,0.8224399246586748,1
Punjab,Malerkotla,2025-11-04,12,73.54,2,6.0,1,0.9399969405594405,1
Punjab,Malerkotla,2025-11-05,4,25.35,2,10.0,1,0.8557795537795536,1
Punjab,Malerkotla,2025-11-06,6,14.16,2,7.0,1,0.5920035391048689,1
Punjab,Malerkotla,2025-11-07,10,37.27,2,6.0,1,0.7310841707312293,1
Punjab,Malerkotla,2025-11-08,7,21.61,2,11.0,1,0.6183395742866522,1
Punjab,Malerkotla,2025-11-09,6,21.06,2,3.0,1,0.6707246760592348,1
Punjab,Malerkotla,2025-11-10,11,41.59,2,6.0,1,0.7928025773246361,1
Punjab,Malerkotla,2025-11-11,3,6.94,2,1.0,0,0.4455838437555737,1
Punjab,Malerkotla,2025-11-12,6,40.16,2,1.0,0,0.6548293006013595,1
Punjab,Malerkotla,2025-11-13,1,1.8,2,1.0,0,0.4771373352524668,1
Punjab,Malerkotla,2025-11-14,1,3.34,2,1.0,0,0.3105796703296703,0
Punjab,Malerkotla,2025-11-15,1,8.85,2,0.0,0,0.49827111083361075,1
Punjab,Malerkotla,2025-11-16,1,1.52,2,0.0,0,0.3121713127558717,0
Punjab,Malerkotla,2025-11-17,0,0.0,2,0.0,0,0.24025212764832243,0
Punjab,Malerkotla,2025-11-18,0,0.0,2,0.0,0,0.17718403036512664,0
Punjab,Malerkotla,2025-11-19,0,0.0,2,0.0,0,0.13576885583778964,0
Punjab,Malerkotla,2025-11-20,0,0.0,2,1.0,0,0.12335450321406206,0
Punjab,Malerkotla,2025-11-21,0,0.0,2,0.0,0,0.07850931661540216,0
Punjab,Malerkotla,2025-11-22,1,4.83,2,0.0,0,0.18675481054892817,0
Punjab,Malerkotla,2025-11-23,0,0.0,2,0.0,0,0.09654166666666669,0
Punjab,Mansa,2025-10-15,0,0.0,2,0.0,0,0.0649041312853813,0
Punjab,Mansa,2025-10-16,0,0.0,2,0.0,0,0.12848718867561748,0
Punjab,Mansa,2025-10-17,0,0.0,2,0.0,0,0.0946927891528345,0
Punjab,Mansa,2025-10-18,0,0.0,2,5.0,1,0.09629515169219548,0
Punjab,Mansa,2025-10-19,0,0.0,2,5.0,1,0.213341076810739,0
Punjab,Mansa,2025-10-20,5,22.81,2,2.0,0,0.2419039378975689,0
Punjab,Mansa,2025-10-21,5,23.85,2,6.0,1,0.6462403575591074,1
Punjab,Mansa,2025-10-22,2,3.5900000000000003,2,0.0,0,0.5965234118951224,1
Punjab,Mansa,2025-10-23,6,58.6,2,0.0,0,0.8203978957870084,1
Punjab,Mansa,2025-10-24,0,0.0,2,1.0,0,0.5203422056302491,1
Punjab,Mansa,2025-10-25,0,0.0,2,2.0,0,0.4288846855272388,1
Punjab,Mansa,2025-10-26,1,3.98,2,2.0,0,0.5334460296647796,1
Punjab,Mansa,2025-10-27,2,9.69,2,9.0,1,0.4203438016769092,1
Punjab,Mansa,2025-10-28,2,14.45,2,19.0,1,0.6659262057387058,1
Punjab,Mansa,2025-10-29,9,116.13,2,19.0,1,0.7770759136696637,1
Punjab,Mansa,2025-10-30,19,117.26,2,22.0,1,0.9507946948884448,1
Punjab,Mansa,2025-10-31,19,106.16,2,10.0,1,0.989285103138387,1
Punjab,Mansa,2025-11-01,22,190.03,2,17.0,1,0.9869166666666667,1
Punjab,Mansa,2025-11-02,10,102.98,2,31.0,1,0.9699642857142858,1
Punjab,Mansa,2025-11-03,17,74.22,2,8.0,1,0.952069805194805,1
Punjab,Mansa,2025-11-04,31,273.45,2,15.0,1,0.9906071428571428,1
Punjab,Mansa,2025-11-05,8,52.7,2,15.0,1,0.8630522186147188,1
Punjab,Mansa,2025-11-06,15,77.31,2,22.0,1,0.9188257575757575,1
Punjab,Mansa,2025-11-07,15,79.3,2,36.0,1,0.8993614718614719,1
Punjab,Mansa,2025-11-08,22,151.06,2,20.0,1,0.7448166561699169,1
Punjab,Mansa,2025-11-09,36,283.91,2,29.0,1,0.8344537107629212,1
Punjab,Mansa,2025-11-10,20,99.55,2,8.0,1,0.8875629931662539,1
Punjab,Mansa,2025-11-11,29,184.88,2,12.0,1,0.8943723442128048,1
Punjab,Mansa,2025-11-12,8,31.23,2,9.0,1,0.8490238095238096,1
Punjab,Mansa,2025-11-13,12,64.41,2,3.0,1,0.8885485125488324,1
Punjab,Mansa,2025-11-14,9,70.73,2,7.0,1,0.914422619047619,1
Punjab,Mansa,2025-11-15,3,8.5,2,6.0,1,0.6532831139981076,1
Punjab,Mansa,2025-11-16,7,26.28,2,1.0,0,0.7059428084703022,1
Punjab,Mansa,2025-11-17,6,44.58,2,4.0,1,0.6674868770934946,1
Punjab,Mansa,2025-11-18,1,2.46,2,3.0,1,0.4742705835830836,1
Punjab,Mansa,2025-11-19,4,46.84,2,2.0,0,0.5309802385114883,1
Punjab,Mansa,2025-11-20,3,9.329999999999998,2,2.0,0,0.38517653180153166,0
Punjab,Mansa,2025-11-21,2,3.75,2,1.0,0,0.24846474358974355,0
Punjab,Mansa,2025-11-22,2,5.38,2,0.0,0,0.4498541007603508,1
Punjab,Mansa,2025-11-23,1,2.02,2,1.0,0,0.29689861670192547,0
Punjab,Moga,2025-10-15,0,0.0,2,0.0,0,0.0652090038230006,0
Punjab,Moga,2025-10-16,1,2.06,2,0.0,0,0.2405354928557686,0
Punjab,Moga,2025-10-17,0,0.0,2,1.0,0,0.14005564501093687,0
Punjab,Moga,2025-10-18,0,0.0,2,0.0,0,0.11796516709051977,0
Punjab,Moga,2025-10-19,1,2.61,2,2.0,0,0.23932788928048215,0
Punjab,Moga,2025-10-20,0,0.0,2,2.0,0,0.1484272044919366,0
Punjab,Moga,2025-10-21,2,1.66,2,3.0,1,0.3207358821491023,0
Punjab,Moga,2025-10-22,2,5.529999999999999,2,1.0,0,0.36148337901133965,0
Punjab,Moga,2025-10-23,3,10.66,2,4.0,1,0.5214113714769885,1
Punjab,Moga,2025-10-24,1,3.21,2,3.0,1,0.5360289625944231,1
Punjab,Moga,2025-10-25,4,23.72,2,4.0,1,0.7696641542334475,1
Punjab,Moga,2025-10-26,3,20.72,2,2.0,0,0.8193112616550117,1
Punjab,Moga,2025-10-27,4,15.97,2,5.0,1,0.8243199925074924,1
Punjab,Moga,2025-10-28,2,12.66,2,5.0,1,0.7518048409923408,1
Punjab,Moga,2025-10-29,5,13.23,2,21.0,1,0.8576616267892863,1
Punjab,Moga,2025-10-30,5,15.63,2,16.0,1,0.857679716117216,1
Punjab,Moga,2025-10-31,21,81.03,2,20.0,1,0.9266711032023529,1
Punjab,Moga,2025-11-01,16,58.99,2,18.0,1,0.9632906496751835,1
Punjab,Moga,2025-11-02,20,72.94,2,44.0,1,0.943335966117216,1
Punjab,Moga,2025-11-03,18,95.04,2,35.0,1,0.9805968018563358,1
Punjab,Moga,2025-11-04,44,500.31,2,36.0,1,0.9124480519480518,1
Punjab,Moga,2025-11-05,35,215.97,2,47.0,1,0.9182850877192983,1
Punjab,Moga,2025-11-06,36,178.56,2,42.0,1,0.9827954545454545,1
Punjab,Moga,2025-11-07,47,249.28,2,44.0,1,0.9364454087579085,1
Punjab,Moga,2025-11-08,42,260.68,2,42.0,1,0.7551976085508691,1
Punjab,Moga,2025-11-09,44,261.92,2,43.0,1,0.8710894105894106,1
Punjab,Moga,2025-11-10,42,255.84,2,6.0,1,0.9250314101659209,1
Punjab,Moga,2025-11-11,43,211.15,2,19.0,1,0.9300365259740262,1
Punjab,Moga,2025-11-12,6,35.96,2,5.0,1,0.8163968005034181,1
Punjab,Moga,2025-11-13,19,121.15,2,13.0,1,0.909728203781513,1
Punjab,Moga,2025-11-14,5,37.97,2,8.0,1,0.7777722277722278,1
Punjab,Moga,2025-11-15,13,134.83,2,0.0,0,0.8419837662337664,1
Punjab,Moga,2025-11-16,8,74.97,2,1.0,0,0.8692877628818326,1
Punjab,Moga,2025-11-17,0,0.0,2,1.0,0,0.5764945241189765,1
Punjab,Moga,2025-11-18,1,2.11,2,1.0,0,0.597084599277534,1
Punjab,Moga,2025-11-19,1,3.99,2,3.0,1,0.3737307796370296,0
Punjab,Moga,2025-11-20,1,3.84,2,1.0,0,0.4323565046065045,1
Punjab,Moga,2025-11-21,3,8.82,2,0.0,0,0.4692983210137814,1
Punjab,Moga,2025-11-22,1,2.94,2,2.0,0,0.4333803433086521,1
Punjab,Moga,2025-11-23,0,0.0,2,1.0,0,0.22656312957875455,0
Punjab,Pathankot,2025-10-15,0,0.0,2,0.0,0,0.0866106201253522,0
Punjab,Pathankot,2025-10-16,1,2.9,2,0.0,0,0.26416621301814797,0
Punjab,Pathankot,2025-10-17,0,0.0,2,0.0,0,0.15826848196446405,0
Punjab,Pathankot,2025-10-18,0,0.0,2,0.0,0,0.11829154361966861,0
Punjab,Pathankot,2025-10-19,0,0.0,2,0.0,0,0.0855628831432403,0
Punjab,Pathankot,2025-10-20,0,0.0,2,0.0,0,0.03234081874271682,0
Punjab,Pathankot,2025-10-21,0,0.0,2,0.0,0,0.1119086551884196,0
Punjab,Pathankot,2025-10-22,0,0.0,2,0.0,0,0.18851954939991863,0
Punjab,Pathankot,2025-10-23,0,0.0,2,0.0,0,0.1279395724390024,0
Punjab,Pathankot,2025-10-24,0,0.0,2,0.0,0,0.10328181682183338,0
Punjab,Pathankot,2025-10-25,0,0.0,2,0.0,0,0.04151290623624913,0
Punjab,Pathankot,2025-10-26,0,0.0,2,0.0,0,0.014154782354285269,0
Punjab,Pathankot,2025-10-27,0,0.0,2,0.0,0,0.043256471235579415,0
Punjab,Pathankot,2025-10-28,0,0.0,2,0.0,0,0.03987083177254056,0
Punjab,Pathankot,2025-10-29,0,0.0,2,0.0,0,0.024630572032280824,0
Punjab,Pathankot,2025-10-30,0,0.0,2,0.0,0,0.05731529534890881,0
Punjab,Pathankot,2025-10-31,0,0.0,2,1.0,0,0.009327225751960863,0
Punjab,Pathankot,2025-11-01,0,0.0,2,0.0,0,0.007364891411109897,0
Punjab,Pathankot,2025-11-02,1,3.28,2,2.0,0,0.10411953349153427,0
Punjab,Pathankot,2025-11-03,0,0.0,2,0.0,0,0.0260625,0
Punjab,Pathankot,2025-11-04,2,5.140000000000001,2,0.0,0,0.12068924989484199,0
Punjab,Pathankot,2025-11-05,0,0.0,2,0.0,0,0.13339127539127538,0
Punjab,Pathankot,2025-11-06,0,0.0,2,1.0,0,0.005375,0
Punjab,Pathankot,2025-11-07,0,0.0,2,0.0,0,0.02283209584131715,0
Punjab,Pathankot,2025-11-08,1,2.62,2,0.0,0,0.08534079523417759,0
Punjab,Pathankot,2025-11-09,0,0.0,2,0.0,0,0.1157000987691777,0
Punjab,Pathankot,2025-11-10,0,0.0,2,0.0,0,0.010107954545454545,0
Punjab,Pathankot,2025-11-11,0,0.0,2,0.0,0,0.023915429174650487,0
Punjab,Pathankot,2025-11-12,0,0.0,2,0.0,0,0.049516549664864414,0
Punjab,Pathankot,2025-11-13,0,0.0,2,2.0,0,0.002625,0
Punjab,Pathankot,2025-11-14,0,0.0,2,0.0,0,0.010553014600489026,0
Punjab,Pathankot,2025-11-15,2,14.14,2,0.0,0,0.1139749040304381,0
Punjab,Pathankot,2025-11-16,0,0.0,2,0.0,0,0.14036691714816713,0
Punjab,Pathankot,2025-11-17,0,0.0,2,0.0,0,0.16403873491373488,0
Punjab,Pathankot,2025-11-18,0,0.0,2,0.0,0,0.17753634637090512,0
Punjab,Pathankot,2025-11-19,0,0.0,2,0.0,0,0.0032045614232314996,0
Punjab,Pathankot,2025-11-20,0,0.0,2,0.0,0,0.07801018503224384,0
Punjab,Pathankot,2025-11-21,0,0.0,2,0.0,0,0.006747522085757379,0
Punjab,Pathankot,2025-11-22,0,0.0,2,0.0,0,0.11055497035527993,0
Punjab,Pathankot,2025-11-23,0,0.0,2,0.0,0,0.0028784744667097605,0
Punjab,Patiala,2025-10-15,3,12.0,2,4.0,1,0.3572075947390206,0
Punjab,Patiala,2025-10-16,3,11.35,2,2.0,0,0.5552250308568243,1
Punjab,Patiala,2025-10-17,4,7.54,2,6.0,1,0.5987470172371487,1
Punjab,Patiala,2025-10-18,2,6.69,2,14.0,1,0.6477741359517674,1
Punjab,Patiala,2025-10-19,6,32.99,2,18.0,1,0.6880167122775356,1
Punjab,Patiala,2025-10-20,14,55.83,2,11.0,1,0.7839269480519475,1
Punjab,Patiala,2025-10-21,18,67.72,2,2.0,0,0.8971106629951966,1
Punjab,Patiala,2025-10-22,11,39.35,2,1.0,0,0.9664464285714286,1
Punjab,Patiala,2025-10-23,2,7.77,2,10.0,1,0.7914700316131237,1
Punjab,Patiala,2025-10-24,1,4.24,2,4.0,1,0.6562216894624983,1
Punjab,Patiala,2025-10-25,10,45.56,2,11.0,1,0.8779789585414588,1
Punjab,Patiala,2025-10-26,4,12.28,2,6.0,1,0.7322988157675657,1
Punjab,Patiala,2025-10-27,11,46.69,2,18.0,1,0.843220555180114,1
Punjab,Patiala,2025-10-28,6,21.41,2,13.0,1,0.8088981331168829,1
Punjab,Patiala,2025-10-29,18,70.32,2,41.0,1,0.9378598513068853,1
Punjab,Patiala,2025-10-30,13,65.51,2,44.0,1,0.9808450299700299,1
Punjab,Patiala,2025-10-31,41,264.78,2,27.0,1,0.9834380252100839,1
Punjab,Patiala,2025-11-01,44,278.56,2,11.0,1,0.9943214285714285,1
Punjab,Patiala,2025-11-02,27,170.95,2,20.0,1,0.9799999999999999,1
Punjab,Patiala,2025-11-03,11,56.78,2,10.0,1,0.9715273109243696,1
Punjab,Patiala,2025-11-04,20,118.09,2,24.0,1,0.9878636363636365,1
Punjab,Patiala,2025-11-05,10,30.91,2,12.0,1,0.8483632671300206,1
Punjab,Patiala,2025-11-06,24,97.21,2,21.0,1,0.8155682234432233,1
Punjab,Patiala,2025-11-07,12,65.89,2,30.0,1,0.862841434300993,1
Punjab,Patiala,2025-11-08,21,243.72,2,6.0,1,0.7366198119793173,1
Punjab,Patiala,2025-11-09,30,182.96,2,11.0,1,0.8605208352145566,1
Punjab,Patiala,2025-11-10,6,24.25,2,1.0,0,0.8327964945593622,1
Punjab,Patiala,2025-11-11,11,77.24000000000001,2,3.0,1,0.8556990023776312,1
Punjab,Patiala,2025-11-12,1,2.2,2,1.0,0,0.7112304307212395,1
Punjab,Patiala,2025-11-13,3,15.05,2,4.0,1,0.7117511418649345,1
Punjab,Patiala,2025-11-14,1,1.7,2,2.0,0,0.621987674448937,1
Punjab,Patiala,2025-11-15,4,46.42,2,0.0,0,0.6124798181801855,1
Punjab,Patiala,2025-11-16,2,1.79,2,3.0,1,0.5662594285874083,1
Punjab,Patiala,2025-11-17,0,0.0,2,0.0,0,0.2920990832084581,0
Punjab,Patiala,2025-11-18,3,17.46,2,0.0,0,0.5459660617160614,1
Punjab,Patiala,2025-11-19,0,0.0,2,2.0,0,0.18064661130600562,0
Punjab,Patiala,2025-11-20,0,0.0,2,0.0,0,0.2322291384629659,0
Punjab,Patiala,2025-11-21,2,1.69,2,0.0,0,0.2839159656133341,0
Punjab,Patiala,2025-11-22,0,0.0,2,0.0,0,0.18832643148582587,0
Punjab,Patiala,2025-11-23,0,0.0,2,0.0,0,0.17544935242453627,0
Punjab,Rupnagar,2025-10-15,0,0.0,2,0.0,0,0.11437007076499572,0
Punjab,Rupnagar,2025-10-16,0,0.0,2,0.0,0,0.1264830948892091,0
Punjab,Rupnagar,2025-10-17,0,0.0,2,0.0,0,0.14433726155587578,0
Punjab,Rupnagar,2025-10-18,0,0.0,2,0.0,0,0.19400232697291483,0
Punjab,Rupnagar,2025-10-19,0,0.0,2,1.0,0,0.13895682742938395,0
Punjab,Rupnagar,2025-10-20,0,0.0,2,1.0,0,0.11016607277850136,0
Punjab,Rupnagar,2025-10-21,1,4.11,2,0.0,0,0.20874332378036112,0
Punjab,Rupnagar,2025-10-22,1,2.34,2,0.0,0,0.34724500831341004,0
Punjab,Rupnagar,2025-10-23,0,0.0,2,0.0,0,0.2241017146935207,0
Punjab,Rupnagar,2025-10-24,0,0.0,2,1.0,0,0.24529185405684553,0
Punjab,Rupnagar,2025-10-25,0,0.0,2,0.0,0,0.18413538116981837,0
Punjab,Rupnagar,2025-10-26,1,2.98,2,0.0,0,0.2598432889027897,0
Punjab,Rupnagar,2025-10-27,0,0.0,2,0.0,0,0.12905600646128892,0
Punjab,Rupnagar,2025-10-28,0,0.0,2,0.0,0,0.12953217585110965,0
Punjab,Rupnagar,2025-10-29,0,0.0,2,2.0,0,0.10663268992037375,0
Punjab,Rupnagar,2025-10-30,0,0.0,2,0.0,0,0.15394564567779567,0
Punjab,Rupnagar,2025-10-31,2,5.83,2,2.0,0,0.2152406245392894,0
Punjab,Rupnagar,2025-11-01,0,0.0,2,0.0,0,0.14261198146216525,0
Punjab,Rupnagar,2025-11-02,2,4.390000000000001,2,0.0,0,0.2601954034895512,0
Punjab,Rupnagar,2025-11-03,0,0.0,2,0.0,0,0.2183350032320621,0
Punjab,Rupnagar,2025-11-04,0,0.0,2,0.0,0,0.0917724791668614,0
Punjab,Rupnagar,2025-11-05,0,0.0,2,0.0,0,0.13593594514666074,0
Punjab,Rupnagar,2025-11-06,0,0.0,2,1.0,0,0.08177572834967264,0
Punjab,Rupnagar,2025-11-07,0,0.0,2,0.0,0,0.07453852099511074,0
Punjab,Rupnagar,2025-11-08,1,4.05,2,0.0,0,0.10441309409759487,0
Punjab,Rupnagar,2025-11-09,0,0.0,2,1.0,0,0.0980690417039101,0
Punjab,Rupnagar,2025-11-10,0,0.0,2,0.0,0,0.014212121212121214,0
Punjab,Rupnagar,2025-11-11,1,1.61,2,0.0,0,0.139857315478639,0
Punjab,Rupnagar,2025-11-12,0,0.0,2,0.0,0,0.07709068933517464,0
Punjab,Rupnagar,2025-11-13,0,0.0,2,0.0,0,0.008791666666666666,0
Punjab,Rupnagar,2025-11-14,0,0.0,2,0.0,0,0.009029761904761905,0
Punjab,Rupnagar,2025-11-15,0,0.0,2,0.0,0,0.0284780263596053,0
Punjab,Rupnagar,2025-11-16,0,0.0,2,0.0,0,0.011666666666666665,0
Punjab,Rupnagar,2025-11-17,0,0.0,2,0.0,0,0.0144274940745529,0
Punjab,Rupnagar,2025-11-18,0,0.0,2,0.0,0,0.015234796550199027,0
Punjab,Rupnagar,2025-11-19,0,0.0,2,0.0,0,0.014754875026933852,0
Punjab,Rupnagar,2025-11-20,0,0.0,2,0.0,0,0.01470596198345559,0
Punjab,Rupnagar,2025-11-21,0,0.0,2,0.0,0,0.01642154169360052,0
Punjab,Rupnagar,2025-11-22,0,0.0,2,0.0,0,0.01255661495367378,0
Punjab,Rupnagar,2025-11-23,0,0.0,2,0.0,0,0.014754875026933852,0
Punjab,S A S Nagar,2025-10-15,0,0.0,2,0.0,0,0.21592338968113928,0
Punjab,S A S Nagar,2025-10-16,1,2.96,2,1.0,0,0.24398491669579125,0
Punjab,S A S Nagar,2025-10-17,0,0.0,2,2.0,0,0.20304114312222865,0
Punjab,S A S Nagar,2025-10-18,1,3.32,2,4.0,1,0.389618522924444,0
Punjab,S A S Nagar,2025-10-19,2,7.34,2,7.0,1,0.41981248959373973,1
Punjab,S A S Nagar,2025-10-20,4,12.04,2,5.0,1,0.6063539765510548,1
Punjab,S A S Nagar,2025-10-21,7,30.56,2,1.0,0,0.9002322029272368,1
Punjab,S A S Nagar,2025-10-22,5,14.5,2,3.0,1,0.9151096776030989,1
Punjab,S A S Nagar,2025-10-23,1,2.81,2,5.0,1,0.6460006999257192,1
Punjab,S A S Nagar,2025-10-24,3,13.09,2,6.0,1,0.7934456404019098,1
Punjab,S A S Nagar,2025-10-25,5,15.55,2,2.0,0,0.8916605339105341,1
Punjab,S A S Nagar,2025-10-26,6,17.49,2,2.0,0,0.8218539167397401,1
Punjab,S A S Nagar,2025-10-27,2,5.050000000000001,2,6.0,1,0.6229634510226615,1
Punjab,S A S Nagar,2025-10-28,2,5.97,2,1.0,0,0.5990666309309884,1
Punjab,S A S Nagar,2025-10-29,6,13.11,2,8.0,1,0.6783047645030877,1
Punjab,S A S Nagar,2025-10-30,1,4.68,2,1.0,0,0.7251094820749429,1
Punjab,S A S Nagar,2025-10-31,8,37.49,2,1.0,0,0.7784744748715334,1
Punjab,S A S Nagar,2025-11-01,1,3.44,2,2.0,0,0.5423852435941252,1
Punjab,S A S Nagar,2025-11-02,1,6.12,2,0.0,0,0.42245338689088685,1
Punjab,S A S Nagar,2025-11-03,2,9.99,2,2.0,0,0.5417145632145632,1
Punjab,S A S Nagar,2025-11-04,0,0.0,2,0.0,0,0.26284527479839975,0
Punjab,S A S Nagar,2025-11-05,2,4.29,2,1.0,0,0.4270256249598355,1
Punjab,S A S Nagar,2025-11-06,0,0.0,2,2.0,0,0.24066928151270253,0
Punjab,S A S Nagar,2025-11-07,1,9.43,2,0.0,0,0.37709523952354823,0
Punjab,S A S Nagar,2025-11-08,2,7.57,2,0.0,0,0.395269662322971,0
Punjab,S A S Nagar,2025-11-09,0,0.0,2,0.0,0,0.18119876067655669,0
Punjab,S A S Nagar,2025-11-10,0,0.0,2,1.0,0,0.24384219095453727,0
Punjab,S A S Nagar,2025-11-11,0,0.0,2,1.0,0,0.061095029970029954,0
Punjab,S A S Nagar,2025-11-12,1,1.59,2,0.0,0,0.15625346613768745,0
Punjab,S A S Nagar,2025-11-13,1,8.49,2,0.0,0,0.19838962586149275,0
Punjab,S A S Nagar,2025-11-14,0,0.0,2,0.0,0,0.11528233036635709,0
Punjab,S A S Nagar,2025-11-15,0,0.0,2,0.0,0,0.15621175576141824,0
Punjab,S A S Nagar,2025-11-16,0,0.0,2,0.0,0,0.061007450882450874,0
Punjab,S A S Nagar,2025-11-17,0,0.0,2,0.0,0,0.012809523809523809,0
Punjab,S A S Nagar,2025-11-18,0,0.0,2,0.0,0,0.010666666666666666,0
Punjab,S A S Nagar,2025-11-19,0,0.0,2,0.0,0,0.012234022556390979,0
Punjab,S A S Nagar,2025-11-20,0,0.0,2,0.0,0,0.02973156448814343,0
Punjab,S A S Nagar,2025-11-21,0,0.0,2,0.0,0,0.00775220740470101,0
Punjab,S A S Nagar,2025-11-22,0,0.0,2,1.0,0,0.007884453781512604,0
Punjab,S A S Nagar,2025-11-23,0,0.0,2,0.0,0,0.01503204893997733,0
Punjab,Sangrur,2025-10-15,1,3.06,2,4.0,1,0.3086099177911872,0
Punjab,Sangrur,2025-10-16,1,2.95,2,0.0,0,0.33472495553122483,0
Punjab,Sangrur,2025-10-17,4,43.34,2,2.0,0,0.4094880559573688,0
Punjab,Sangrur,2025-10-18,0,0.0,2,4.0,1,0.47823640121691596,1
Punjab,Sangrur,2025-10-19,2,8.45,2,10.0,1,0.5158913690476189,1
Punjab,Sangrur,2025-10-20,4,19.33,2,4.0,1,0.6971006805694304,1
Punjab,Sangrur,2025-10-21,10,67.47,2,6.0,1,0.8436902888777885,1
Punjab,Sangrur,2025-10-22,4,19.44,2,11.0,1,0.8316577046856649,1
Punjab,Sangrur,2025-10-23,6,55.41,2,19.0,1,0.8392888693967323,1
Punjab,Sangrur,2025-10-24,11,77.94,2,27.0,1,0.8330083874458875,1
Punjab,Sangrur,2025-10-25,19,200.61,2,21.0,1,0.975490395021645,1
Punjab,Sangrur,2025-10-26,27,227.44,2,13.0,1,0.9775875894938396,1
Punjab,Sangrur,2025-10-27,21,116.16,2,48.0,1,0.9825953733766234,1
Punjab,Sangrur,2025-10-28,13,91.69,2,65.0,1,0.9722061688311687,1
Punjab,Sangrur,2025-10-29,48,383.99,2,127.0,1,0.9906109307359309,1
Punjab,Sangrur,2025-10-30,65,519.6,2,69.0,1,0.984214753996004,1
Punjab,Sangrur,2025-10-31,127,802.9,2,65.0,1,0.9878359661172162,1
Punjab,Sangrur,2025-11-01,69,385.86,2,38.0,1,0.9948579545454546,1
Punjab,Sangrur,2025-11-02,65,496.09,2,62.0,1,0.9893051948051946,1
Punjab,Sangrur,2025-11-03,38,224.56,2,22.0,1,0.9608311688311687,1
Punjab,Sangrur,2025-11-04,62,456.91,2,24.0,1,0.99125,1
Punjab,Sangrur,2025-11-05,22,212.23,2,50.0,1,0.8533063268967873,1
Punjab,Sangrur,2025-11-06,24,185.22,2,41.0,1,0.9542159090909089,1
Punjab,Sangrur,2025-11-07,50,258.85,2,37.0,1,0.9282321428571427,1
Punjab,Sangrur,2025-11-08,41,163.3,2,24.0,1,0.7557630847413457,1
Punjab,Sangrur,2025-11-09,37,240.81,2,19.0,1,0.8781233536200642,1
Punjab,Sangrur,2025-11-10,24,156.23,2,3.0,1,0.9170585392868001,1
Punjab,Sangrur,2025-11-11,19,108.34,2,7.0,1,0.9307784090909094,1
Punjab,Sangrur,2025-11-12,3,5.16,2,6.0,1,0.6897125735783821,1
Punjab,Sangrur,2025-11-13,7,33.92,2,2.0,0,0.7274083777741867,1
Punjab,Sangrur,2025-11-14,6,51.3,2,0.0,0,0.7507081190867956,1
Punjab,Sangrur,2025-11-15,2,4.51,2,3.0,1,0.5072196449383949,1
Punjab,Sangrur,2025-11-16,0,0.0,2,0.0,0,0.5402728148144121,1
Punjab,Sangrur,2025-11-17,3,8.42,2,0.0,0,0.4890645930866519,1
Punjab,Sangrur,2025-11-18,0,0.0,2,1.0,0,0.4499956357041148,1
Punjab,Sangrur,2025-11-19,0,0.0,2,0.0,0,0.2659913312790151,0
Punjab,Sangrur,2025-11-20,1,3.44,2,0.0,0,0.2757637689108278,0
Punjab,Sangrur,2025-11-21,0,0.0,2,0.0,0,0.24458990978384357,0
Punjab,Sangrur,2025-11-22,0,0.0,2,0.0,0,0.15245016006875636,0
Punjab,Sangrur,2025-11-23,0,0.0,2,0.0,0,0.08637329306722691,0
Punjab,Shahid Bhagat Singh Nagar,2025-10-15,0,0.0,2,1.0,0,0.21737285855903557,0
Punjab,Shahid Bhagat Singh Nagar,2025-10-16,0,0.0,2,0.0,0,0.1431617456472717,0
Punjab,Shahid Bhagat Singh Nagar,2025-10-17,1,3.94,2,0.0,0,0.23640649353871102,0
Punjab,Shahid Bhagat Singh Nagar,2025-10-18,0,0.0,2,0.0,0,0.31277604437293877,0
Punjab,Shahid Bhagat Singh Nagar,2025-10-19,0,0.0,2,5.0,1,0.12471394751082249,0
Punjab,Shahid Bhagat Singh Nagar,2025-10-20,0,0.0,2,3.0,1,0.16379489116640877,0
Punjab,Shahid Bhagat Singh Nagar,2025-10-21,5,28.2,2,0.0,0,0.3130484472313032,0
Punjab,Shahid Bhagat Singh Nagar,2025-10-22,3,9.35,2,0.0,0,0.8054003742967556,1
Punjab,Shahid Bhagat Singh Nagar,2025-10-23,0,0.0,2,0.0,0,0.47304283556355914,1
Punjab,Shahid Bhagat Singh Nagar,2025-10-24,0,0.0,2,1.0,0,0.596469707532732,1
Punjab,Shahid Bhagat Singh Nagar,2025-10-25,0,0.0,2,3.0,1,0.3154250825095004,0
Punjab,Shahid Bhagat Singh Nagar,2025-10-26,1,1.55,2,0.0,0,0.4461781113623217,1
Punjab,Shahid Bhagat Singh Nagar,2025-10-27,3,11.89,2,1.0,0,0.41969142536917475,1
Punjab,Shahid Bhagat Singh Nagar,2025-10-28,0,0.0,2,0.0,0,0.5722054691104517,1
Punjab,Shahid Bhagat Singh Nagar,2025-10-29,1,7.58,2,1.0,0,0.5518306220460825,1
Punjab,Shahid Bhagat Singh Nagar,2025-10-30,0,0.0,2,6.0,1,0.37461114605840007,0
Punjab,Shahid Bhagat Singh Nagar,2025-10-31,1,2.69,2,9.0,1,0.24697075289906173,0
Punjab,Shahid Bhagat Singh Nagar,2025-11-01,6,25.75,2,3.0,1,0.6208088166628767,1
Punjab,Shahid Bhagat Singh Nagar,2025-11-02,9,46.72,2,3.0,1,0.8368122376526981,1
Punjab,Shahid Bhagat Singh Nagar,2025-11-03,3,7.68,2,1.0,0,0.5339866443863153,1
Punjab,Shahid Bhagat Singh Nagar,2025-11-04,3,13.45,2,4.0,1,0.7136507659007659,1
Punjab,Shahid Bhagat Singh Nagar,2025-11-05,1,0.97,2,3.0,1,0.6200786505161504,1
Punjab,Shahid Bhagat Singh Nagar,2025-11-06,4,11.08,2,4.0,1,0.5599141098937295,1
Punjab,Shahid Bhagat Singh Nagar,2025-11-07,3,11.85,2,0.0,0,0.5616110171531367,1
Punjab,Shahid Bhagat Singh Nagar,2025-11-08,4,15.3,2,0.0,0,0.6505784805472306,1
Punjab,Shahid Bhagat Singh Nagar,2025-11-09,0,0.0,2,1.0,0,0.32086312207529305,0
Punjab,Shahid Bhagat Singh Nagar,2025-11-10,0,0.0,2,3.0,1,0.4450324459766424,1
Punjab,Shahid Bhagat Singh Nagar,2025-11-11,1,3.51,2,3.0,1,0.3771142169234274,0
Punjab,Shahid Bhagat Singh Nagar,2025-11-12,3,10.78,2,0.0,0,0.31830444082594017,0
Punjab,Shahid Bhagat Singh Nagar,2025-11-13,3,15.14,2,2.0,0,0.5161075275871471,1
Punjab,Shahid Bhagat Singh Nagar,2025-11-14,0,0.0,2,2.0,0,0.38689818440488083,0
Punjab,Shahid Bhagat Singh Nagar,2025-11-15,2,5.73,2,0.0,0,0.4201036151348651,1
Punjab,Shahid Bhagat Singh Nagar,2025-11-16,2,5.65,2,0.0,0,0.3429119942557442,0
Punjab,Shahid Bhagat Singh Nagar,2025-11-17,0,0.0,2,3.0,1,0.15544179154179152,0
Punjab,Shahid Bhagat Singh Nagar,2025-11-18,0,0.0,2,0.0,0,0.21858643960206459,0
Punjab,Shahid Bhagat Singh Nagar,2025-11-19,3,9.82,2,0.0,0,0.35049806423282903,0
Punjab,Shahid Bhagat Singh Nagar,2025-11-20,0,0.0,2,0.0,0,0.20073593999202552,0
Punjab,Shahid Bhagat Singh Nagar,2025-11-21,0,0.0,2,0.0,0,0.1314265742795456,0
Punjab,Shahid Bhagat Singh Nagar,2025-11-22,0,0.0,2,0.0,0,0.17525599516503257,0
Punjab,Shahid Bhagat Singh Nagar,2025-11-23,0,0.0,2,0.0,0,0.02931613835725677,0
Punjab,Sri Muktsar Sahib,2025-10-15,0,0.0,2,0.0,0,0.29246602221308093,0
Punjab,Sri Muktsar Sahib,2025-10-16,1,5.86,2,2.0,0,0.1089544430941268,0
Punjab,Sri Muktsar Sahib,2025-10-17,0,0.0,2,2.0,0,0.3449756551669864,0
Punjab,Sri Muktsar Sahib,2025-10-18,2,8.21,2,0.0,0,0.22346976084304035,0
Punjab,Sri Muktsar Sahib,2025-10-19,2,8.68,2,4.0,1,0.44905886234396475,1
Punjab,Sri Muktsar Sahib,2025-10-20,0,0.0,2,10.0,1,0.3633389074465161,0
Punjab,Sri Muktsar Sahib,2025-10-21,4,17.89,2,1.0,0,0.5853636675824175,1
Punjab,Sri Muktsar Sahib,2025-10-22,10,37.72,2,2.0,0,0.7744764957264957,1
Punjab,Sri Muktsar Sahib,2025-10-23,1,3.49,2,2.0,0,0.5395954544359148,1
Punjab,Sri Muktsar Sahib,2025-10-24,2,16.65,2,13.0,1,0.6622572115384615,1
Punjab,Sri Muktsar Sahib,2025-10-25,2,7.71,2,0.0,0,0.698990226330687,1
Punjab,Sri Muktsar Sahib,2025-10-26,13,86.17,2,2.0,0,0.8111816065878565,1
Punjab,Sri Muktsar Sahib,2025-10-27,0,0.0,2,7.0,1,0.5669086987923425,1
Punjab,Sri Muktsar Sahib,2025-10-28,2,11.65,2,12.0,1,0.6469766587579088,1
Punjab,Sri Muktsar Sahib,2025-10-29,7,33.11,2,17.0,1,0.8040310418747921,1
Punjab,Sri Muktsar Sahib,2025-10-30,12,70.77,2,21.0,1,0.9355550491175489,1
Punjab,Sri Muktsar Sahib,2025-10-31,17,171.26,2,41.0,1,0.9564324245669584,1
Punjab,Sri Muktsar Sahib,2025-11-01,21,102.23,2,12.0,1,0.9460261093073593,1
Punjab,Sri Muktsar Sahib,2025-11-02,41,334.81,2,15.0,1,0.9650424783549783,1
Punjab,Sri Muktsar Sahib,2025-11-03,12,70.67999999999999,2,29.0,1,0.9482767857142858,1
Punjab,Sri Muktsar Sahib,2025-11-04,15,124.78,2,48.0,1,0.9651190476190475,1
Punjab,Sri Muktsar Sahib,2025-11-05,29,173.99,2,37.0,1,0.8959701526543633,1
Punjab,Sri Muktsar Sahib,2025-11-06,48,331.47,2,25.0,1,0.9513025974025973,1
Punjab,Sri Muktsar Sahib,2025-11-07,37,200.69,2,28.0,1,0.9467642045454544,1
Punjab,Sri Muktsar Sahib,2025-11-08,25,149.07999999999998,2,31.0,1,0.7538363448146056,1
Punjab,Sri Muktsar Sahib,2025-11-09,28,136.62,2,39.0,1,0.856239608217869,1
Punjab,Sri Muktsar Sahib,2025-11-10,31,131.89,2,14.0,1,0.8632352792135398,1
Punjab,Sri Muktsar Sahib,2025-11-11,39,236.67,2,21.0,1,0.9058090325244931,1
Punjab,Sri Muktsar Sahib,2025-11-12,14,71.45,2,20.0,1,0.9022366071428572,1
Punjab,Sri Muktsar Sahib,2025-11-13,21,114.28,2,32.0,1,0.9319322593167702,1
Punjab,Sri Muktsar Sahib,2025-11-14,20,110.72,2,28.0,1,0.9389911067193677,1
Punjab,Sri Muktsar Sahib,2025-11-15,32,161.38,2,9.0,1,0.9327053924336534,1
Punjab,Sri Muktsar Sahib,2025-11-16,28,148.9,2,10.0,1,0.9346347402597404,1
Punjab,Sri Muktsar Sahib,2025-11-17,9,21.88,2,9.0,1,0.8007456709956711,1
Punjab,Sri Muktsar Sahib,2025-11-18,10,38.26,2,8.0,1,0.7810309717164557,1
Punjab,Sri Muktsar Sahib,2025-11-19,9,38.03,2,4.0,1,0.8096696781479388,1
Punjab,Sri Muktsar Sahib,2025-11-20,8,34.36,2,4.0,1,0.6788880847413455,1
Punjab,Sri Muktsar Sahib,2025-11-21,4,16.88,2,12.0,1,0.5807978366657907,1
Punjab,Sri Muktsar Sahib,2025-11-22,4,12.72,2,0.0,0,0.47829411530498483,1
Punjab,Sri Muktsar Sahib,2025-11-23,12,164.88,2,2.0,0,0.5094561688311685,1
Punjab,Tarn Taran,2025-10-15,16,63.69,2,21.0,1,0.38432305194805194,0
Punjab,Tarn Taran,2025-10-16,28,119.02,2,30.0,1,0.6897559205500382,1
Punjab,Tarn Taran,2025-10-17,21,79.39,2,45.0,1,0.9133409090909089,1
Punjab,Tarn Taran,2025-10-18,30,124.33,2,34.0,1,0.9635097402597401,1
Punjab,Tarn Taran,2025-10-19,45,228.67,2,36.0,1,0.9483315018315015,1
Punjab,Tarn Taran,2025-10-20,34,139.39,2,35.0,1,0.9734521728271726,1
Punjab,Tarn Taran,2025-10-21,36,129.44,2,21.0,1,0.9633571428571428,1
Punjab,Tarn Taran,2025-10-22,35,183.31,2,18.0,1,0.9856785714285715,1
Punjab,Tarn Taran,2025-10-23,21,99.69,2,45.0,1,0.9646785714285714,1
Punjab,Tarn Taran,2025-10-24,18,109.0,2,62.0,1,0.9354151785714285,1
Punjab,Tarn Taran,2025-10-25,45,224.23,2,39.0,1,0.9739285714285714,1
Punjab,Tarn Taran,2025-10-26,62,283.48,2,22.0,1,0.9835535714285715,1
Punjab,Tarn Taran,2025-10-27,39,154.78,2,54.0,1,0.9711259600614439,1
Punjab,Tarn Taran,2025-10-28,22,130.01,2,48.0,1,0.9833690476190475,1
Punjab,Tarn Taran,2025-10-29,54,438.06,2,87.0,1,0.9491801948051948,1
Punjab,Tarn Taran,2025-10-30,48,232.45,2,71.0,1,0.9713392857142857,1
Punjab,Tarn Taran,2025-10-31,87,391.43,2,59.0,1,0.988089285714286,1
Punjab,Tarn Taran,2025-11-01,71,330.73,2,33.0,1,0.9883571428571426,1
Punjab,Tarn Taran,2025-11-02,59,307.36,2,63.0,1,0.977047619047619,1
Punjab,Tarn Taran,2025-11-03,33,138.16,2,5.0,1,0.9863035714285714,1
Punjab,Tarn Taran,2025-11-04,63,392.89,2,44.0,1,0.8621096403596404,1
Punjab,Tarn Taran,2025-11-05,5,15.96,2,29.0,1,0.8584109855830445,1
Punjab,Tarn Taran,2025-11-06,44,172.83,2,31.0,1,0.9151903700874287,1
Punjab,Tarn Taran,2025-11-07,29,157.01,2,41.0,1,0.9645357142857143,1
Punjab,Tarn Taran,2025-11-08,31,146.95,2,58.0,1,0.7728563664596273,1
Punjab,Tarn Taran,2025-11-09,41,243.63,2,48.0,1,0.9064606227106227,1
Punjab,Tarn Taran,2025-11-10,58,351.23,2,18.0,1,0.932717630195891,1
Punjab,Tarn Taran,2025-11-11,48,221.82,2,17.0,1,0.9678252164502165,1
Punjab,Tarn Taran,2025-11-12,18,70.46000000000001,2,23.0,1,0.9892313664596273,1
Punjab,Tarn Taran,2025-11-13,17,79.45,2,12.0,1,0.9568985742518349,1
Punjab,Tarn Taran,2025-11-14,23,97.54,2,12.0,1,0.9604107142857145,1
Punjab,Tarn Taran,2025-11-15,12,45.89,2,5.0,1,0.9153290043290047,1
Punjab,Tarn Taran,2025-11-16,12,50.37,2,3.0,1,0.9292240612648222,1
Punjab,Tarn Taran,2025-11-17,5,19.08,2,0.0,0,0.7678382183140815,1
Punjab,Tarn Taran,2025-11-18,3,8.22,2,3.0,1,0.5689817242114235,1
Punjab,Tarn Taran,2025-11-19,0,0.0,2,4.0,1,0.4328165721689657,1
Punjab,Tarn Taran,2025-11-20,3,13.18,2,2.0,0,0.48230103199940144,1
Punjab,Tarn Taran,2025-11-21,4,29.09,2,0.0,0,0.5207931019681211,1
Punjab,Tarn Taran,2025-11-22,2,6.27,2,0.0,0,0.41487900202867317,1
Punjab,Tarn Taran,2025-11-23,0,0.0,2,0.0,0,0.20691992902930395,0
