state,district,date,fire_count,frp_sum,horizon,target_fire_count,actual_elevated,rf_probability,rf_prediction,model
Haryana,Ambala,2025-10-15,0,0.0,+5d,3.0,1,0.12087610397828455,0,V2.3_RF_TREND
Haryana,Ambala,2025-10-16,2,3.1,+5d,2.0,0,0.22917911255411255,0,V2.3_RF_TREND
Haryana,Ambala,2025-10-17,0,0.0,+5d,1.0,0,0.09688250638250638,0,V2.3_RF_TREND
Haryana,Ambala,2025-10-18,0,0.0,+5d,0.0,0,0.13358768315018316,0,V2.3_RF_TREND
Haryana,Ambala,2025-10-19,1,7.36,+5d,0.0,0,0.48361745063879225,1,V2.3_RF_TREND
Haryana,Ambala,2025-10-20,3,8.36,+5d,1.0,0,0.5700876887340303,1,V2.3_RF_TREND
Haryana,Ambala,2025-10-21,2,5.03,+5d,4.0,1,0.5831626082251081,1,V2.3_RF_TREND
Haryana,Ambala,2025-10-22,1,3.08,+5d,2.0,0,0.4875535714285714,1,V2.3_RF_TREND
Haryana,Ambala,2025-10-23,0,0.0,+5d,0.0,0,0.29554166666666676,0,V2.3_RF_TREND
Haryana,Ambala,2025-10-24,0,0.0,+5d,2.0,0,0.21833333333333332,0,V2.3_RF_TREND
Haryana,Ambala,2025-10-25,1,2.44,+5d,0.0,0,0.2767952103790518,0,V2.3_RF_TREND
Haryana,Ambala,2025-10-26,4,14.37,+5d,3.0,1,0.5978958333333334,1,V2.3_RF_TREND
Haryana,Ambala,2025-10-27,2,3.93,+5d,0.0,0,0.4752245934959349,1,V2.3_RF_TREND
Haryana,Ambala,2025-10-28,0,0.0,+5d,4.0,1,0.3096904761904762,0,V2.3_RF_TREND
Haryana,Ambala,2025-10-29,2,5.92,+5d,0.0,0,0.4170301490514905,1,V2.3_RF_TREND
Haryana,Ambala,2025-10-30,0,0.0,+5d,0.0,0,0.17450595238095234,0,V2.3_RF_TREND
Haryana,Ambala,2025-10-31,3,11.989999999999998,+5d,0.0,0,0.4478354978354978,1,V2.3_RF_TREND
Haryana,Ambala,2025-11-01,0,0.0,+5d,0.0,0,0.2807206196581197,0,V2.3_RF_TREND
Haryana,Ambala,2025-11-02,4,11.68,+5d,1.0,0,0.40302678571428574,1,V2.3_RF_TREND
Haryana,Ambala,2025-11-03,0,0.0,+5d,1.0,0,0.38466269841269835,1,V2.3_RF_TREND
Haryana,Ambala,2025-11-04,0,0.0,+5d,0.0,0,0.07767857142857143,0,V2.3_RF_TREND
Haryana,Ambala,2025-11-05,0,0.0,+5d,0.0,0,0.46099007936507924,1,V2.3_RF_TREND
Haryana,Ambala,2025-11-06,0,0.0,+5d,0.0,0,0.0171133658008658,0,V2.3_RF_TREND
Haryana,Ambala,2025-11-07,1,1.65,+5d,0.0,0,0.20221428571428565,0,V2.3_RF_TREND
Haryana,Ambala,2025-11-08,1,2.63,+5d,2.0,0,0.0647202380952381,0,V2.3_RF_TREND
Haryana,Ambala,2025-11-09,0,0.0,+5d,0.0,0,0.15785302197802192,0,V2.3_RF_TREND
Haryana,Ambala,2025-11-10,0,0.0,+5d,0.0,0,0.015624999999999998,0,V2.3_RF_TREND
Haryana,Ambala,2025-11-11,0,0.0,+5d,0.0,0,0.11945138888888888,0,V2.3_RF_TREND
Haryana,Ambala,2025-11-12,0,0.0,+5d,0.0,0,0.007083333333333333,0,V2.3_RF_TREND
Haryana,Ambala,2025-11-13,2,8.79,+5d,0.0,0,0.10175,0,V2.3_RF_TREND
Haryana,Ambala,2025-11-14,0,0.0,+5d,0.0,0,0.06713095238095239,0,V2.3_RF_TREND
Haryana,Ambala,2025-11-15,0,0.0,+5d,0.0,0,0.021208333333333336,0,V2.3_RF_TREND
Haryana,Ambala,2025-11-16,0,0.0,+5d,0.0,0,0.17047321428571435,0,V2.3_RF_TREND
Haryana,Ambala,2025-11-17,0,0.0,+5d,0.0,0,0.008749999999999999,0,V2.3_RF_TREND
Haryana,Ambala,2025-11-18,0,0.0,+5d,1.0,0,0.02083333333333333,0,V2.3_RF_TREND
Haryana,Ambala,2025-11-19,0,0.0,+5d,0.0,0,0.007916666666666666,0,V2.3_RF_TREND
Haryana,Ambala,2025-11-20,0,0.0,+5d,0.0,0,0.1299940476190476,0,V2.3_RF_TREND
Haryana,Ambala,2025-11-21,0,0.0,+5d,1.0,0,0.009270833333333332,0,V2.3_RF_TREND
Haryana,Ambala,2025-11-22,0,0.0,+5d,4.0,1,0.010520833333333333,0,V2.3_RF_TREND
Haryana,Ambala,2025-11-23,1,5.52,+5d,1.0,0,0.09259226190476191,0,V2.3_RF_TREND
Haryana,Bhiwani,2025-10-15,0,0.0,+5d,2.0,0,0.0363450702075702,0,V2.3_RF_TREND
Haryana,Bhiwani,2025-10-16,1,1.3,+5d,1.0,0,0.04576570512820512,0,V2.3_RF_TREND
Haryana,Bhiwani,2025-10-17,0,0.0,+5d,6.0,1,0.06740384615384615,0,V2.3_RF_TREND
Haryana,Bhiwani,2025-10-18,2,7.77,+5d,0.0,0,0.33580395857530015,0,V2.3_RF_TREND
Haryana,Bhiwani,2025-10-19,0,0.0,+5d,0.0,0,0.17947306166056173,0,V2.3_RF_TREND
Haryana,Bhiwani,2025-10-20,2,8.27,+5d,0.0,0,0.3699329268292682,0,V2.3_RF_TREND
Haryana,Bhiwani,2025-10-21,1,2.59,+5d,1.0,0,0.4818571428571428,1,V2.3_RF_TREND
Haryana,Bhiwani,2025-10-22,6,11.41,+5d,0.0,0,0.44129006968641127,1,V2.3_RF_TREND
Haryana,Bhiwani,2025-10-23,0,0.0,+5d,0.0,0,0.5163055555555556,1,V2.3_RF_TREND
Haryana,Bhiwani,2025-10-24,0,0.0,+5d,0.0,0,0.19556746031746033,0,V2.3_RF_TREND
Haryana,Bhiwani,2025-10-25,0,0.0,+5d,0.0,0,0.41965262515262514,1,V2.3_RF_TREND
Haryana,Bhiwani,2025-10-26,1,2.52,+5d,0.0,0,0.07479166666666666,0,V2.3_RF_TREND
Haryana,Bhiwani,2025-10-27,0,0.0,+5d,0.0,0,0.28845833333333326,0,V2.3_RF_TREND
Haryana,Bhiwani,2025-10-28,0,0.0,+5d,0.0,0,0.055061507936507936,0,V2.3_RF_TREND
Haryana,Bhiwani,2025-10-29,0,0.0,+5d,0.0,0,0.288124007936508,0,V2.3_RF_TREND
Haryana,Bhiwani,2025-10-30,0,0.0,+5d,0.0,0,0.03144191919191919,0,V2.3_RF_TREND
Haryana,Bhiwani,2025-10-31,0,0.0,+5d,1.0,0,0.021194444444444446,0,V2.3_RF_TREND
Haryana,Bhiwani,2025-11-01,0,0.0,+5d,2.0,0,0.04437339743589743,0,V2.3_RF_TREND
Haryana,Bhiwani,2025-11-02,0,0.0,+5d,4.0,1,0.08148351648351648,0,V2.3_RF_TREND
Haryana,Bhiwani,2025-11-03,0,0.0,+5d,0.0,0,0.02169949494949495,0,V2.3_RF_TREND
Haryana,Bhiwani,2025-11-04,0,0.0,+5d,0.0,0,0.022463293650793647,0,V2.3_RF_TREND
Haryana,Bhiwani,2025-11-05,1,12.65,+5d,0.0,0,0.12336309523809522,0,V2.3_RF_TREND
Haryana,Bhiwani,2025-11-06,2,6.279999999999999,+5d,7.0,1,0.20510714285714293,0,V2.3_RF_TREND
Haryana,Bhiwani,2025-11-07,4,11.12,+5d,0.0,0,0.27533928571428573,0,V2.3_RF_TREND
Haryana,Bhiwani,2025-11-08,0,0.0,+5d,0.0,0,0.20915064102564102,0,V2.3_RF_TREND
Haryana,Bhiwani,2025-11-09,0,0.0,+5d,0.0,0,0.15545138888888885,0,V2.3_RF_TREND
Haryana,Bhiwani,2025-11-10,0,0.0,+5d,1.0,0,0.3497172619047618,0,V2.3_RF_TREND
Haryana,Bhiwani,2025-11-11,7,24.64,+5d,3.0,1,0.30368452380952377,0,V2.3_RF_TREND
Haryana,Bhiwani,2025-11-12,0,0.0,+5d,3.0,1,0.4114821428571429,1,V2.3_RF_TREND
Haryana,Bhiwani,2025-11-13,0,0.0,+5d,0.0,0,0.1385238095238095,0,V2.3_RF_TREND
Haryana,Bhiwani,2025-11-14,0,0.0,+5d,0.0,0,0.38756135531135544,1,V2.3_RF_TREND
Haryana,Bhiwani,2025-11-15,1,2.09,+5d,0.0,0,0.04706150793650794,0,V2.3_RF_TREND
Haryana,Bhiwani,2025-11-16,3,11.48,+5d,0.0,0,0.3445892857142857,0,V2.3_RF_TREND
Haryana,Bhiwani,2025-11-17,3,19.94,+5d,3.0,1,0.37643939393939385,0,V2.3_RF_TREND
Haryana,Bhiwani,2025-11-18,0,0.0,+5d,1.0,0,0.3648589743589744,0,V2.3_RF_TREND
Haryana,Bhiwani,2025-11-19,0,0.0,+5d,0.0,0,0.16872916666666662,0,V2.3_RF_TREND
Haryana,Bhiwani,2025-11-20,0,0.0,+5d,0.0,0,0.2578779761904762,0,V2.3_RF_TREND
Haryana,Bhiwani,2025-11-21,0,0.0,+5d,0.0,0,0.054201388888888896,0,V2.3_RF_TREND
Haryana,Bhiwani,2025-11-22,3,16.310000000000002,+5d,0.0,0,0.31611458333333337,0,V2.3_RF_TREND
Haryana,Bhiwani,2025-11-23,1,2.64,+5d,1.0,0,0.211125,0,V2.3_RF_TREND
Haryana,Charkhi Dadri,2025-10-15,0,0.0,+5d,0.0,0,0.04277167277167277,0,V2.3_RF_TREND
Haryana,Charkhi Dadri,2025-10-16,0,0.0,+5d,0.0,0,0.021791117216117217,0,V2.3_RF_TREND
Haryana,Charkhi Dadri,2025-10-17,0,0.0,+5d,0.0,0,0.14981250000000002,0,V2.3_RF_TREND
Haryana,Charkhi Dadri,2025-10-18,0,0.0,+5d,0.0,0,0.027201373626373617,0,V2.3_RF_TREND
Haryana,Charkhi Dadri,2025-10-19,0,0.0,+5d,0.0,0,0.06513986568986567,0,V2.3_RF_TREND
Haryana,Charkhi Dadri,2025-10-20,0,0.0,+5d,0.0,0,0.04315917277167276,0,V2.3_RF_TREND
Haryana,Charkhi Dadri,2025-10-21,0,0.0,+5d,0.0,0,0.05457286324786325,0,V2.3_RF_TREND
Haryana,Charkhi Dadri,2025-10-22,0,0.0,+5d,0.0,0,0.013780586080586079,0,V2.3_RF_TREND
Haryana,Charkhi Dadri,2025-10-23,0,0.0,+5d,0.0,0,0.020640476190476195,0,V2.3_RF_TREND
Haryana,Charkhi Dadri,2025-10-24,0,0.0,+5d,0.0,0,0.01973611111111111,0,V2.3_RF_TREND
Haryana,Charkhi Dadri,2025-10-25,0,0.0,+5d,0.0,0,0.002116666666666667,0,V2.3_RF_TREND
Haryana,Charkhi Dadri,2025-10-26,0,0.0,+5d,0.0,0,0.009475689223057644,0,V2.3_RF_TREND
Haryana,Charkhi Dadri,2025-10-27,0,0.0,+5d,1.0,0,0.019990570175438597,0,V2.3_RF_TREND
Haryana,Charkhi Dadri,2025-10-28,0,0.0,+5d,0.0,0,0.06701304112554111,0,V2.3_RF_TREND
Haryana,Charkhi Dadri,2025-10-29,0,0.0,+5d,0.0,0,0.030169696969696968,0,V2.3_RF_TREND
Haryana,Charkhi Dadri,2025-10-30,0,0.0,+5d,0.0,0,0.06240887445887445,0,V2.3_RF_TREND
Haryana,Charkhi Dadri,2025-10-31,0,0.0,+5d,0.0,0,0.020544696969696966,0,V2.3_RF_TREND
Haryana,Charkhi Dadri,2025-11-01,1,2.49,+5d,0.0,0,0.04366170634920635,0,V2.3_RF_TREND
Haryana,Charkhi Dadri,2025-11-02,0,0.0,+5d,0.0,0,0.030326770451770447,0,V2.3_RF_TREND
Haryana,Charkhi Dadri,2025-11-03,0,0.0,+5d,0.0,0,0.008227272727272727,0,V2.3_RF_TREND
Haryana,Charkhi Dadri,2025-11-04,0,0.0,+5d,0.0,0,0.17670932539682538,0,V2.3_RF_TREND
Haryana,Charkhi Dadri,2025-11-05,0,0.0,+5d,0.0,0,0.0008333333333333333,0,V2.3_RF_TREND
Haryana,Charkhi Dadri,2025-11-06,0,0.0,+5d,0.0,0,0.006749999999999999,0,V2.3_RF_TREND
Haryana,Charkhi Dadri,2025-11-07,0,0.0,+5d,0.0,0,0.00437310606060606,0,V2.3_RF_TREND
Haryana,Charkhi Dadri,2025-11-08,0,0.0,+5d,0.0,0,0.009916666666666667,0,V2.3_RF_TREND
Haryana,Charkhi Dadri,2025-11-09,0,0.0,+5d,2.0,0,0.0042499999999999994,0,V2.3_RF_TREND
Haryana,Charkhi Dadri,2025-11-10,0,0.0,+5d,0.0,0,0.003833333333333333,0,V2.3_RF_TREND
Haryana,Charkhi Dadri,2025-11-11,0,0.0,+5d,1.0,0,0.004666666666666667,0,V2.3_RF_TREND
Haryana,Charkhi Dadri,2025-11-12,0,0.0,+5d,0.0,0,0.0005,0,V2.3_RF_TREND
Haryana,Charkhi Dadri,2025-11-13,0,0.0,+5d,0.0,0,0.0017499999999999998,0,V2.3_RF_TREND
Haryana,Charkhi Dadri,2025-11-14,2,11.48,+5d,0.0,0,0.10129166666666667,0,V2.3_RF_TREND
Haryana,Charkhi Dadri,2025-11-15,0,0.0,+5d,0.0,0,0.09557142857142857,0,V2.3_RF_TREND
Haryana,Charkhi Dadri,2025-11-16,1,2.21,+5d,0.0,0,0.09556944444444446,0,V2.3_RF_TREND
Haryana,Charkhi Dadri,2025-11-17,0,0.0,+5d,0.0,0,0.21520718864468866,0,V2.3_RF_TREND
Haryana,Charkhi Dadri,2025-11-18,0,0.0,+5d,0.0,0,0.003416666666666667,0,V2.3_RF_TREND
Haryana,Charkhi Dadri,2025-11-19,0,0.0,+5d,0.0,0,0.11208333333333333,0,V2.3_RF_TREND
Haryana,Charkhi Dadri,2025-11-20,0,0.0,+5d,0.0,0,0.0017499999999999998,0,V2.3_RF_TREND
Haryana,Charkhi Dadri,2025-11-21,0,0.0,+5d,0.0,0,0.17204761904761898,0,V2.3_RF_TREND
Haryana,Charkhi Dadri,2025-11-22,0,0.0,+5d,0.0,0,0.0017499999999999998,0,V2.3_RF_TREND
Haryana,Charkhi Dadri,2025-11-23,0,0.0,+5d,0.0,0,0.012999999999999998,0,V2.3_RF_TREND
Haryana,Faridabad,2025-10-15,3,2.53,+5d,1.0,0,0.2550222125435539,0,V2.3_RF_TREND
Haryana,Faridabad,2025-10-16,0,0.0,+5d,0.0,0,0.13760897435897432,0,V2.3_RF_TREND
Haryana,Faridabad,2025-10-17,2,3.04,+5d,1.0,0,0.13701488653622798,0,V2.3_RF_TREND
Haryana,Faridabad,2025-10-18,1,0.31,+5d,0.0,0,0.2639924506387921,0,V2.3_RF_TREND
Haryana,Faridabad,2025-10-19,0,0.0,+5d,0.0,0,0.11259027777777778,0,V2.3_RF_TREND
Haryana,Faridabad,2025-10-20,1,0.53,+5d,0.0,0,0.21746864111498262,0,V2.3_RF_TREND
Haryana,Faridabad,2025-10-21,0,0.0,+5d,4.0,1,0.23806986355148113,0,V2.3_RF_TREND
Haryana,Faridabad,2025-10-22,1,0.74,+5d,0.0,0,0.18234766772562686,0,V2.3_RF_TREND
Haryana,Faridabad,2025-10-23,0,0.0,+5d,0.0,0,0.03811111111111111,0,V2.3_RF_TREND
Haryana,Faridabad,2025-10-24,0,0.0,+5d,0.0,0,0.09563392857142856,0,V2.3_RF_TREND
Haryana,Faridabad,2025-10-25,0,0.0,+5d,0.0,0,0.06891369047619048,0,V2.3_RF_TREND
Haryana,Faridabad,2025-10-26,4,4.0600000000000005,+5d,1.0,0,0.08810897435897436,0,V2.3_RF_TREND
Haryana,Faridabad,2025-10-27,0,0.0,+5d,5.0,1,0.13921428571428573,0,V2.3_RF_TREND
Haryana,Faridabad,2025-10-28,0,0.0,+5d,2.0,0,0.09035037878787881,0,V2.3_RF_TREND
Haryana,Faridabad,2025-10-29,0,0.0,+5d,3.0,1,0.1954981962481962,0,V2.3_RF_TREND
Haryana,Faridabad,2025-10-30,0,0.0,+5d,0.0,0,0.06879382284382282,0,V2.3_RF_TREND
Haryana,Faridabad,2025-10-31,1,0.79,+5d,8.0,1,0.11700514069264069,0,V2.3_RF_TREND
Haryana,Faridabad,2025-11-01,5,3.69,+5d,2.0,0,0.12455753968253967,0,V2.3_RF_TREND
Haryana,Faridabad,2025-11-02,2,1.52,+5d,3.0,1,0.2092261904761905,0,V2.3_RF_TREND
Haryana,Faridabad,2025-11-03,3,1.28,+5d,4.0,1,0.0856439393939394,0,V2.3_RF_TREND
Haryana,Faridabad,2025-11-04,0,0.0,+5d,4.0,1,0.17761309523809526,0,V2.3_RF_TREND
Haryana,Faridabad,2025-11-05,8,4.37,+5d,1.0,0,0.11867559523809523,0,V2.3_RF_TREND
Haryana,Faridabad,2025-11-06,2,0.7,+5d,1.0,0,0.2520833333333334,0,V2.3_RF_TREND
Haryana,Faridabad,2025-11-07,3,6.02,+5d,6.0,1,0.17354761904761903,0,V2.3_RF_TREND
Haryana,Faridabad,2025-11-08,4,2.47,+5d,5.0,1,0.3732440476190476,0,V2.3_RF_TREND
Haryana,Faridabad,2025-11-09,4,1.91,+5d,1.0,0,0.15427083333333333,0,V2.3_RF_TREND
Haryana,Faridabad,2025-11-10,1,0.54,+5d,5.0,1,0.23220238095238102,0,V2.3_RF_TREND
Haryana,Faridabad,2025-11-11,1,1.92,+5d,2.0,0,0.14354166666666665,0,V2.3_RF_TREND
Haryana,Faridabad,2025-11-12,6,5.140000000000001,+5d,6.0,1,0.367172619047619,0,V2.3_RF_TREND
Haryana,Faridabad,2025-11-13,5,4.54,+5d,3.0,1,0.2466755952380953,0,V2.3_RF_TREND
Haryana,Faridabad,2025-11-14,1,0.65,+5d,0.0,0,0.25845833333333335,0,V2.3_RF_TREND
Haryana,Faridabad,2025-11-15,5,5.64,+5d,7.0,1,0.27198214285714295,0,V2.3_RF_TREND
Haryana,Faridabad,2025-11-16,2,0.6799999999999999,+5d,0.0,0,0.2757321428571429,0,V2.3_RF_TREND
Haryana,Faridabad,2025-11-17,6,5.33,+5d,7.0,1,0.18148809523809523,0,V2.3_RF_TREND
Haryana,Faridabad,2025-11-18,3,1.33,+5d,3.0,1,0.27920833333333345,0,V2.3_RF_TREND
Haryana,Faridabad,2025-11-19,0,0.0,+5d,0.0,0,0.18806547619047617,0,V2.3_RF_TREND
Haryana,Faridabad,2025-11-20,7,18.13,+5d,9.0,1,0.36853571428571436,0,V2.3_RF_TREND
Haryana,Faridabad,2025-11-21,0,0.0,+5d,1.0,0,0.328357142857143,0,V2.3_RF_TREND
Haryana,Faridabad,2025-11-22,7,3.93,+5d,5.0,1,0.1953511904761905,0,V2.3_RF_TREND
Haryana,Faridabad,2025-11-23,3,1.81,+5d,5.0,1,0.20477380952380958,0,V2.3_RF_TREND
Haryana,Fatehabad,2025-10-15,1,2.28,+5d,10.0,1,0.3838887362637361,1,V2.3_RF_TREND
Haryana,Fatehabad,2025-10-16,0,0.0,+5d,0.0,0,0.09352976190476191,0,V2.3_RF_TREND
Haryana,Fatehabad,2025-10-17,0,0.0,+5d,0.0,0,0.18293353174603177,0,V2.3_RF_TREND
Haryana,Fatehabad,2025-10-18,2,11.56,+5d,0.0,0,0.5147622919086335,1,V2.3_RF_TREND
Haryana,Fatehabad,2025-10-19,4,16.08,+5d,0.0,0,0.6414910714285713,1,V2.3_RF_TREND
Haryana,Fatehabad,2025-10-20,10,49.02,+5d,4.0,1,0.763829274891775,1,V2.3_RF_TREND
Haryana,Fatehabad,2025-10-21,0,0.0,+5d,6.0,1,0.6967440476190475,1,V2.3_RF_TREND
Haryana,Fatehabad,2025-10-22,0,0.0,+5d,3.0,1,0.4529184981684983,1,V2.3_RF_TREND
Haryana,Fatehabad,2025-10-23,0,0.0,+5d,1.0,0,0.45574999999999993,1,V2.3_RF_TREND
Haryana,Fatehabad,2025-10-24,0,0.0,+5d,1.0,0,0.22859523809523807,0,V2.3_RF_TREND
Haryana,Fatehabad,2025-10-25,4,21.46,+5d,5.0,1,0.6530416666666666,1,V2.3_RF_TREND
Haryana,Fatehabad,2025-10-26,6,43.48,+5d,4.0,1,0.66275,1,V2.3_RF_TREND
Haryana,Fatehabad,2025-10-27,3,6.8100000000000005,+5d,11.0,1,0.7282500000000001,1,V2.3_RF_TREND
Haryana,Fatehabad,2025-10-28,1,1.11,+5d,8.0,1,0.5190833333333332,1,V2.3_RF_TREND
Haryana,Fatehabad,2025-10-29,1,1.54,+5d,4.0,1,0.41890018873403023,1,V2.3_RF_TREND
Haryana,Fatehabad,2025-10-30,5,25.38,+5d,8.0,1,0.6898184523809522,1,V2.3_RF_TREND
Haryana,Fatehabad,2025-10-31,4,15.740000000000002,+5d,0.0,0,0.6143125,1,V2.3_RF_TREND
Haryana,Fatehabad,2025-11-01,11,42.61,+5d,7.0,1,0.6099464285714287,1,V2.3_RF_TREND
Haryana,Fatehabad,2025-11-02,8,37.09,+5d,15.0,1,0.43205952380952384,1,V2.3_RF_TREND
Haryana,Fatehabad,2025-11-03,4,14.37,+5d,10.0,1,0.5047023809523808,1,V2.3_RF_TREND
Haryana,Fatehabad,2025-11-04,8,89.26,+5d,13.0,1,0.6877083333333335,1,V2.3_RF_TREND
Haryana,Fatehabad,2025-11-05,0,0.0,+5d,14.0,1,0.4188630952380952,1,V2.3_RF_TREND
Haryana,Fatehabad,2025-11-06,7,22.13,+5d,15.0,1,0.3826011904761904,1,V2.3_RF_TREND
Haryana,Fatehabad,2025-11-07,15,49.98,+5d,3.0,1,0.5497261904761905,1,V2.3_RF_TREND
Haryana,Fatehabad,2025-11-08,10,51.46,+5d,4.0,1,0.5835714285714286,1,V2.3_RF_TREND
Haryana,Fatehabad,2025-11-09,13,77.01,+5d,1.0,0,0.6761309523809524,1,V2.3_RF_TREND
Haryana,Fatehabad,2025-11-10,14,68.96000000000001,+5d,8.0,1,0.7404107142857144,1,V2.3_RF_TREND
Haryana,Fatehabad,2025-11-11,15,85.03999999999999,+5d,5.0,1,0.678529761904762,1,V2.3_RF_TREND
Haryana,Fatehabad,2025-11-12,3,10.77,+5d,3.0,1,0.6265059523809523,1,V2.3_RF_TREND
Haryana,Fatehabad,2025-11-13,4,12.82,+5d,2.0,0,0.5531964285714285,1,V2.3_RF_TREND
Haryana,Fatehabad,2025-11-14,1,1.65,+5d,1.0,0,0.497011904761905,1,V2.3_RF_TREND
Haryana,Fatehabad,2025-11-15,8,22.52,+5d,0.0,0,0.42229166666666673,1,V2.3_RF_TREND
Haryana,Fatehabad,2025-11-16,5,12.47,+5d,0.0,0,0.3915198412698413,1,V2.3_RF_TREND
Haryana,Fatehabad,2025-11-17,3,8.370000000000001,+5d,2.0,0,0.3590238095238095,0,V2.3_RF_TREND
Haryana,Fatehabad,2025-11-18,2,9.18,+5d,1.0,0,0.2818690476190476,0,V2.3_RF_TREND
Haryana,Fatehabad,2025-11-19,1,4.06,+5d,2.0,0,0.26820238095238097,0,V2.3_RF_TREND
Haryana,Fatehabad,2025-11-20,0,0.0,+5d,0.0,0,0.10854166666666666,0,V2.3_RF_TREND
Haryana,Fatehabad,2025-11-21,0,0.0,+5d,2.0,0,0.16935416666666664,0,V2.3_RF_TREND
Haryana,Fatehabad,2025-11-22,2,4.6,+5d,5.0,1,0.17070238095238094,0,V2.3_RF_TREND
Haryana,Fatehabad,2025-11-23,1,1.94,+5d,1.0,0,0.16745833333333335,0,V2.3_RF_TREND
Haryana,Gurugram,2025-10-15,0,0.0,+5d,1.0,0,0.14434523809523808,0,V2.3_RF_TREND
Haryana,Gurugram,2025-10-16,0,0.0,+5d,0.0,0,0.026610347985347983,0,V2.3_RF_TREND
Haryana,Gurugram,2025-10-17,0,0.0,+5d,0.0,0,0.06362637362637362,0,V2.3_RF_TREND
Haryana,Gurugram,2025-10-18,0,0.0,+5d,0.0,0,0.06025566655566655,0,V2.3_RF_TREND
Haryana,Gurugram,2025-10-19,0,0.0,+5d,0.0,0,0.09450171356421355,0,V2.3_RF_TREND
Haryana,Gurugram,2025-10-20,1,1.22,+5d,0.0,0,0.11399278646190414,0,V2.3_RF_TREND
Haryana,Gurugram,2025-10-21,0,0.0,+5d,0.0,0,0.14852720482132245,0,V2.3_RF_TREND
Haryana,Gurugram,2025-10-22,0,0.0,+5d,0.0,0,0.041755036630036636,0,V2.3_RF_TREND
Haryana,Gurugram,2025-10-23,0,0.0,+5d,0.0,0,0.02441666666666667,0,V2.3_RF_TREND
Haryana,Gurugram,2025-10-24,0,0.0,+5d,0.0,0,0.027668253968253967,0,V2.3_RF_TREND
Haryana,Gurugram,2025-10-25,0,0.0,+5d,0.0,0,0.008978174603174603,0,V2.3_RF_TREND
Haryana,Gurugram,2025-10-26,0,0.0,+5d,0.0,0,0.023109022556390975,0,V2.3_RF_TREND
Haryana,Gurugram,2025-10-27,0,0.0,+5d,0.0,0,0.021809523809523806,0,V2.3_RF_TREND
Haryana,Gurugram,2025-10-28,0,0.0,+5d,1.0,0,0.06382196969696968,0,V2.3_RF_TREND
Haryana,Gurugram,2025-10-29,0,0.0,+5d,0.0,0,0.057803611300979725,0,V2.3_RF_TREND
Haryana,Gurugram,2025-10-30,0,0.0,+5d,1.0,0,0.05245270562770561,0,V2.3_RF_TREND
Haryana,Gurugram,2025-10-31,0,0.0,+5d,0.0,0,0.05803387445887445,0,V2.3_RF_TREND
Haryana,Gurugram,2025-11-01,0,0.0,+5d,0.0,0,0.015526175213675213,0,V2.3_RF_TREND
Haryana,Gurugram,2025-11-02,1,3.29,+5d,0.0,0,0.0596765873015873,0,V2.3_RF_TREND
Haryana,Gurugram,2025-11-03,0,0.0,+5d,0.0,0,0.010643939393939395,0,V2.3_RF_TREND
Haryana,Gurugram,2025-11-04,1,5.38,+5d,0.0,0,0.07370833333333332,0,V2.3_RF_TREND
Haryana,Gurugram,2025-11-05,0,0.0,+5d,0.0,0,0.024541666666666666,0,V2.3_RF_TREND
Haryana,Gurugram,2025-11-06,0,0.0,+5d,0.0,0,0.004999999999999999,0,V2.3_RF_TREND
Haryana,Gurugram,2025-11-07,0,0.0,+5d,0.0,0,0.12198412698412697,0,V2.3_RF_TREND
Haryana,Gurugram,2025-11-08,0,0.0,+5d,0.0,0,0.0008333333333333333,0,V2.3_RF_TREND
Haryana,Gurugram,2025-11-09,0,0.0,+5d,0.0,0,0.032,0,V2.3_RF_TREND
Haryana,Gurugram,2025-11-10,0,0.0,+5d,0.0,0,0.0025,0,V2.3_RF_TREND
Haryana,Gurugram,2025-11-11,0,0.0,+5d,0.0,0,0.02339583333333333,0,V2.3_RF_TREND
Haryana,Gurugram,2025-11-12,0,0.0,+5d,1.0,0,0.0,0,V2.3_RF_TREND
Haryana,Gurugram,2025-11-13,0,0.0,+5d,0.0,0,0.00125,0,V2.3_RF_TREND
Haryana,Gurugram,2025-11-14,0,0.0,+5d,0.0,0,0.00125,0,V2.3_RF_TREND
Haryana,Gurugram,2025-11-15,0,0.0,+5d,0.0,0,0.0,0,V2.3_RF_TREND
Haryana,Gurugram,2025-11-16,0,0.0,+5d,1.0,0,0.00125,0,V2.3_RF_TREND
Haryana,Gurugram,2025-11-17,1,0.35,+5d,0.0,0,0.0,0,V2.3_RF_TREND
Haryana,Gurugram,2025-11-18,0,0.0,+5d,0.0,0,0.0125,0,V2.3_RF_TREND
Haryana,Gurugram,2025-11-19,0,0.0,+5d,0.0,0,0.0025,0,V2.3_RF_TREND
Haryana,Gurugram,2025-11-20,0,0.0,+5d,0.0,0,0.004791666666666666,0,V2.3_RF_TREND
Haryana,Gurugram,2025-11-21,1,2.73,+5d,0.0,0,0.03863095238095238,0,V2.3_RF_TREND
Haryana,Gurugram,2025-11-22,0,0.0,+5d,0.0,0,0.008083333333333333,0,V2.3_RF_TREND
Haryana,Gurugram,2025-11-23,0,0.0,+5d,0.0,0,0.00735897435897436,0,V2.3_RF_TREND
Haryana,Hisar,2025-10-15,3,4.12,+5d,13.0,1,0.46929166666666683,1,V2.3_RF_TREND
Haryana,Hisar,2025-10-16,3,8.1,+5d,5.0,1,0.47516666666666696,1,V2.3_RF_TREND
Haryana,Hisar,2025-10-17,1,1.87,+5d,1.0,0,0.4604861111111111,1,V2.3_RF_TREND
Haryana,Hisar,2025-10-18,2,13.93,+5d,0.0,0,0.4563793554006969,1,V2.3_RF_TREND
Haryana,Hisar,2025-10-19,10,32.46,+5d,2.0,0,0.8545416666666664,1,V2.3_RF_TREND
Haryana,Hisar,2025-10-20,13,45.58,+5d,2.0,0,0.8494791666666667,1,V2.3_RF_TREND
Haryana,Hisar,2025-10-21,5,14.52,+5d,15.0,1,0.8174166666666666,1,V2.3_RF_TREND
Haryana,Hisar,2025-10-22,1,1.65,+5d,6.0,1,0.594779761904762,1,V2.3_RF_TREND
Haryana,Hisar,2025-10-23,0,0.0,+5d,0.0,0,0.49595833333333333,1,V2.3_RF_TREND
Haryana,Hisar,2025-10-24,2,9.28,+5d,1.0,0,0.5176547619047618,1,V2.3_RF_TREND
Haryana,Hisar,2025-10-25,2,2.14,+5d,3.0,1,0.4947142857142858,1,V2.3_RF_TREND
Haryana,Hisar,2025-10-26,15,30.63,+5d,5.0,1,0.7525773809523808,1,V2.3_RF_TREND
Haryana,Hisar,2025-10-27,6,30.36,+5d,11.0,1,0.7647321428571426,1,V2.3_RF_TREND
Haryana,Hisar,2025-10-28,0,0.0,+5d,6.0,1,0.6619464285714283,1,V2.3_RF_TREND
Haryana,Hisar,2025-10-29,1,2.46,+5d,5.0,1,0.4778988095238095,1,V2.3_RF_TREND
Haryana,Hisar,2025-10-30,3,17.19,+5d,4.0,1,0.5650654761904761,1,V2.3_RF_TREND
Haryana,Hisar,2025-10-31,5,12.87,+5d,5.0,1,0.5963472222222221,1,V2.3_RF_TREND
Haryana,Hisar,2025-11-01,11,27.73,+5d,15.0,1,0.5345416666666668,1,V2.3_RF_TREND
Haryana,Hisar,2025-11-02,6,24.24,+5d,13.0,1,0.4486785714285715,1,V2.3_RF_TREND
Haryana,Hisar,2025-11-03,5,19.47,+5d,16.0,1,0.4696309523809524,1,V2.3_RF_TREND
Haryana,Hisar,2025-11-04,4,13.71,+5d,16.0,1,0.5568095238095239,1,V2.3_RF_TREND
Haryana,Hisar,2025-11-05,5,25.56,+5d,12.0,1,0.5082619047619048,1,V2.3_RF_TREND
Haryana,Hisar,2025-11-06,15,31.7,+5d,21.0,1,0.42516666666666675,1,V2.3_RF_TREND
Haryana,Hisar,2025-11-07,13,41.03,+5d,4.0,1,0.6421666666666668,1,V2.3_RF_TREND
Haryana,Hisar,2025-11-08,16,69.92,+5d,6.0,1,0.6973571428571428,1,V2.3_RF_TREND
Haryana,Hisar,2025-11-09,16,83.35,+5d,8.0,1,0.8521875,1,V2.3_RF_TREND
Haryana,Hisar,2025-11-10,12,48.03,+5d,10.0,1,0.8576250000000001,1,V2.3_RF_TREND
Haryana,Hisar,2025-11-11,21,87.96,+5d,11.0,1,0.7644761904761908,1,V2.3_RF_TREND
Haryana,Hisar,2025-11-12,4,13.57,+5d,7.0,1,0.6767281746031746,1,V2.3_RF_TREND
Haryana,Hisar,2025-11-13,6,31.13,+5d,5.0,1,0.5969226190476191,1,V2.3_RF_TREND
Haryana,Hisar,2025-11-14,8,23.57,+5d,0.0,0,0.6457916666666667,1,V2.3_RF_TREND
Haryana,Hisar,2025-11-15,10,26.08,+5d,6.0,1,0.45797222222222217,1,V2.3_RF_TREND
Haryana,Hisar,2025-11-16,11,41.57,+5d,6.0,1,0.4718095238095239,1,V2.3_RF_TREND
Haryana,Hisar,2025-11-17,7,20.77,+5d,4.0,1,0.38967261904761913,1,V2.3_RF_TREND
Haryana,Hisar,2025-11-18,5,13.92,+5d,2.0,0,0.35494047619047625,0,V2.3_RF_TREND
Haryana,Hisar,2025-11-19,0,0.0,+5d,1.0,0,0.26181547619047624,0,V2.3_RF_TREND
Haryana,Hisar,2025-11-20,6,27.23,+5d,5.0,1,0.3156369047619047,0,V2.3_RF_TREND
Haryana,Hisar,2025-11-21,6,11.72,+5d,2.0,0,0.3028943452380952,0,V2.3_RF_TREND
Haryana,Hisar,2025-11-22,4,10.48,+5d,1.0,0,0.2188854166666667,0,V2.3_RF_TREND
Haryana,Hisar,2025-11-23,2,8.99,+5d,3.0,1,0.10111904761904762,0,V2.3_RF_TREND
Haryana,Jhajjar,2025-10-15,2,6.04,+5d,0.0,0,0.3822470293933709,1,V2.3_RF_TREND
Haryana,Jhajjar,2025-10-16,2,3.12,+5d,0.0,0,0.43163194444444436,1,V2.3_RF_TREND
Haryana,Jhajjar,2025-10-17,1,0.82,+5d,3.0,1,0.20775,0,V2.3_RF_TREND
Haryana,Jhajjar,2025-10-18,0,0.0,+5d,1.0,0,0.4192053571428571,1,V2.3_RF_TREND
Haryana,Jhajjar,2025-10-19,0,0.0,+5d,1.0,0,0.2300982142857143,0,V2.3_RF_TREND
Haryana,Jhajjar,2025-10-20,0,0.0,+5d,2.0,0,0.23283735994397758,0,V2.3_RF_TREND
Haryana,Jhajjar,2025-10-21,0,0.0,+5d,2.0,0,0.21895243930905692,0,V2.3_RF_TREND
Haryana,Jhajjar,2025-10-22,3,6.94,+5d,0.0,0,0.25253869047619043,0,V2.3_RF_TREND
Haryana,Jhajjar,2025-10-23,1,1.15,+5d,0.0,0,0.21048848238482384,0,V2.3_RF_TREND
Haryana,Jhajjar,2025-10-24,1,1.13,+5d,0.0,0,0.07155792682926827,0,V2.3_RF_TREND
Haryana,Jhajjar,2025-10-25,2,4.25,+5d,1.0,0,0.21672459349593504,0,V2.3_RF_TREND
Haryana,Jhajjar,2025-10-26,2,1.12,+5d,1.0,0,0.06773214285714285,0,V2.3_RF_TREND
Haryana,Jhajjar,2025-10-27,0,0.0,+5d,1.0,0,0.1383333333333333,0,V2.3_RF_TREND
Haryana,Jhajjar,2025-10-28,0,0.0,+5d,0.0,0,0.12748728354978353,0,V2.3_RF_TREND
Haryana,Jhajjar,2025-10-29,0,0.0,+5d,3.0,1,0.18241071428571426,0,V2.3_RF_TREND
Haryana,Jhajjar,2025-10-30,1,0.91,+5d,4.0,1,0.1090190295815296,0,V2.3_RF_TREND
Haryana,Jhajjar,2025-10-31,1,0.57,+5d,3.0,1,0.12669480519480517,0,V2.3_RF_TREND
Haryana,Jhajjar,2025-11-01,1,0.77,+5d,2.0,0,0.1166527777777778,0,V2.3_RF_TREND
Haryana,Jhajjar,2025-11-02,0,0.0,+5d,6.0,1,0.11771962759462759,0,V2.3_RF_TREND
Haryana,Jhajjar,2025-11-03,3,8.49,+5d,5.0,1,0.11564989177489177,0,V2.3_RF_TREND
Haryana,Jhajjar,2025-11-04,4,2.5,+5d,4.0,1,0.14100189393939394,0,V2.3_RF_TREND
Haryana,Jhajjar,2025-11-05,3,6.62,+5d,2.0,0,0.21721428571428572,0,V2.3_RF_TREND
Haryana,Jhajjar,2025-11-06,2,1.1,+5d,1.0,0,0.3149166666666667,0,V2.3_RF_TREND
Haryana,Jhajjar,2025-11-07,6,8.28,+5d,2.0,0,0.2681785714285714,0,V2.3_RF_TREND
Haryana,Jhajjar,2025-11-08,5,6.8,+5d,3.0,1,0.37644047619047627,0,V2.3_RF_TREND
Haryana,Jhajjar,2025-11-09,4,7.279999999999999,+5d,1.0,0,0.33232738095238107,0,V2.3_RF_TREND
Haryana,Jhajjar,2025-11-10,2,1.23,+5d,1.0,0,0.27308333333333334,0,V2.3_RF_TREND
Haryana,Jhajjar,2025-11-11,1,3.82,+5d,5.0,1,0.36209523809523814,0,V2.3_RF_TREND
Haryana,Jhajjar,2025-11-12,2,3.26,+5d,7.0,1,0.3799166666666667,0,V2.3_RF_TREND
Haryana,Jhajjar,2025-11-13,3,6.0600000000000005,+5d,6.0,1,0.25314285714285717,0,V2.3_RF_TREND
Haryana,Jhajjar,2025-11-14,1,0.54,+5d,4.0,1,0.30470833333333336,0,V2.3_RF_TREND
Haryana,Jhajjar,2025-11-15,1,4.74,+5d,0.0,0,0.33628571428571435,0,V2.3_RF_TREND
Haryana,Jhajjar,2025-11-16,5,13.74,+5d,3.0,1,0.41086309523809517,1,V2.3_RF_TREND
Haryana,Jhajjar,2025-11-17,7,15.0,+5d,2.0,0,0.3794791666666667,0,V2.3_RF_TREND
Haryana,Jhajjar,2025-11-18,6,14.7,+5d,6.0,1,0.43420238095238095,1,V2.3_RF_TREND
Haryana,Jhajjar,2025-11-19,4,8.95,+5d,2.0,0,0.35645833333333327,0,V2.3_RF_TREND
Haryana,Jhajjar,2025-11-20,0,0.0,+5d,2.0,0,0.09854166666666668,0,V2.3_RF_TREND
Haryana,Jhajjar,2025-11-21,3,8.0,+5d,4.0,1,0.20639583333333333,0,V2.3_RF_TREND
Haryana,Jhajjar,2025-11-22,2,1.39,+5d,6.0,1,0.19311607142857143,0,V2.3_RF_TREND
Haryana,Jhajjar,2025-11-23,6,11.22,+5d,1.0,0,0.2467901785714286,0,V2.3_RF_TREND
Haryana,Jind,2025-10-15,5,15.27,+5d,13.0,1,0.7323749999999998,1,V2.3_RF_TREND
Haryana,Jind,2025-10-16,0,0.0,+5d,5.0,1,0.5891408730158731,1,V2.3_RF_TREND
Haryana,Jind,2025-10-17,0,0.0,+5d,5.0,1,0.5164254426129427,1,V2.3_RF_TREND
Haryana,Jind,2025-10-18,0,0.0,+5d,0.0,0,0.6138958333333335,1,V2.3_RF_TREND
Haryana,Jind,2025-10-19,4,11.75,+5d,0.0,0,0.590517857142857,1,V2.3_RF_TREND
Haryana,Jind,2025-10-20,13,46.29,+5d,6.0,1,0.8424642857142857,1,V2.3_RF_TREND
Haryana,Jind,2025-10-21,5,15.15,+5d,5.0,1,0.7812261904761906,1,V2.3_RF_TREND
Haryana,Jind,2025-10-22,5,12.64,+5d,6.0,1,0.7438928571428572,1,V2.3_RF_TREND
Haryana,Jind,2025-10-23,0,0.0,+5d,0.0,0,0.5433333333333334,1,V2.3_RF_TREND
Haryana,Jind,2025-10-24,0,0.0,+5d,2.0,0,0.4137777777777778,1,V2.3_RF_TREND
Haryana,Jind,2025-10-25,6,44.53,+5d,0.0,0,0.7293928571428568,1,V2.3_RF_TREND
Haryana,Jind,2025-10-26,5,11.43,+5d,1.0,0,0.6522916666666668,1,V2.3_RF_TREND
Haryana,Jind,2025-10-27,6,37.02,+5d,7.0,1,0.7859791666666668,1,V2.3_RF_TREND
Haryana,Jind,2025-10-28,0,0.0,+5d,8.0,1,0.48421016483516477,1,V2.3_RF_TREND
Haryana,Jind,2025-10-29,2,15.7,+5d,4.0,1,0.6009761904761903,1,V2.3_RF_TREND
Haryana,Jind,2025-10-30,0,0.0,+5d,3.0,1,0.4212311507936508,1,V2.3_RF_TREND
Haryana,Jind,2025-10-31,1,8.84,+5d,7.0,1,0.376875,0,V2.3_RF_TREND
Haryana,Jind,2025-11-01,7,25.89,+5d,15.0,1,0.5059166666666666,1,V2.3_RF_TREND
Haryana,Jind,2025-11-02,8,34.84,+5d,15.0,1,0.5808630952380953,1,V2.3_RF_TREND
Haryana,Jind,2025-11-03,4,43.44,+5d,25.0,1,0.430672619047619,1,V2.3_RF_TREND
Haryana,Jind,2025-11-04,3,11.98,+5d,39.0,1,0.571125,1,V2.3_RF_TREND
Haryana,Jind,2025-11-05,7,21.12,+5d,38.0,1,0.44697619047619036,1,V2.3_RF_TREND
Haryana,Jind,2025-11-06,15,59.03,+5d,28.0,1,0.47339285714285706,1,V2.3_RF_TREND
Haryana,Jind,2025-11-07,15,46.17,+5d,14.0,1,0.6469583333333335,1,V2.3_RF_TREND
Haryana,Jind,2025-11-08,25,135.33,+5d,12.0,1,0.7471607142857143,1,V2.3_RF_TREND
Haryana,Jind,2025-11-09,39,183.54,+5d,2.0,0,0.8400833333333337,1,V2.3_RF_TREND
Haryana,Jind,2025-11-10,38,135.94,+5d,13.0,1,0.8847499999999999,1,V2.3_RF_TREND
Haryana,Jind,2025-11-11,28,146.05,+5d,17.0,1,0.7073333333333335,1,V2.3_RF_TREND
Haryana,Jind,2025-11-12,14,55.67,+5d,6.0,1,0.707732142857143,1,V2.3_RF_TREND
Haryana,Jind,2025-11-13,12,60.45,+5d,3.0,1,0.6946666666666669,1,V2.3_RF_TREND
Haryana,Jind,2025-11-14,2,9.46,+5d,2.0,0,0.6275892857142856,1,V2.3_RF_TREND
Haryana,Jind,2025-11-15,13,65.2,+5d,6.0,1,0.5708571428571427,1,V2.3_RF_TREND
Haryana,Jind,2025-11-16,17,91.54,+5d,6.0,1,0.5447440476190476,1,V2.3_RF_TREND
Haryana,Jind,2025-11-17,6,23.5,+5d,3.0,1,0.5309305555555556,1,V2.3_RF_TREND
Haryana,Jind,2025-11-18,3,20.93,+5d,2.0,0,0.48452380952380936,1,V2.3_RF_TREND
Haryana,Jind,2025-11-19,2,10.02,+5d,2.0,0,0.3946577380952381,1,V2.3_RF_TREND
Haryana,Jind,2025-11-20,6,9.34,+5d,0.0,0,0.1948898809523809,0,V2.3_RF_TREND
Haryana,Jind,2025-11-21,6,16.43,+5d,4.0,1,0.24215625,0,V2.3_RF_TREND
Haryana,Jind,2025-11-22,3,7.59,+5d,1.0,0,0.15276041666666665,0,V2.3_RF_TREND
Haryana,Jind,2025-11-23,2,6.34,+5d,0.0,0,0.14919642857142854,0,V2.3_RF_TREND
Haryana,Kaithal,2025-10-15,0,0.0,+5d,2.0,0,0.05037820512820513,0,V2.3_RF_TREND
Haryana,Kaithal,2025-10-16,1,4.43,+5d,9.0,1,0.373296632567974,0,V2.3_RF_TREND
Haryana,Kaithal,2025-10-17,0,0.0,+5d,1.0,0,0.12104105616605615,0,V2.3_RF_TREND
Haryana,Kaithal,2025-10-18,1,2.39,+5d,0.0,0,0.36593887921022045,0,V2.3_RF_TREND
Haryana,Kaithal,2025-10-19,2,17.11,+5d,0.0,0,0.5788511904761906,1,V2.3_RF_TREND
Haryana,Kaithal,2025-10-20,2,8.18,+5d,1.0,0,0.5229329268292682,1,V2.3_RF_TREND
Haryana,Kaithal,2025-10-21,9,38.37,+5d,9.0,1,0.7993382034632035,1,V2.3_RF_TREND
Haryana,Kaithal,2025-10-22,1,7.84,+5d,5.0,1,0.6809791666666665,1,V2.3_RF_TREND
Haryana,Kaithal,2025-10-23,0,0.0,+5d,0.0,0,0.4509900793650793,1,V2.3_RF_TREND
Haryana,Kaithal,2025-10-24,0,0.0,+5d,2.0,0,0.4034166666666666,1,V2.3_RF_TREND
Haryana,Kaithal,2025-10-25,1,4.02,+5d,2.0,0,0.3841234030197445,1,V2.3_RF_TREND
Haryana,Kaithal,2025-10-26,9,23.36,+5d,1.0,0,0.727,1,V2.3_RF_TREND
Haryana,Kaithal,2025-10-27,5,13.84,+5d,7.0,1,0.6939702380952381,1,V2.3_RF_TREND
Haryana,Kaithal,2025-10-28,0,0.0,+5d,6.0,1,0.6190833333333333,1,V2.3_RF_TREND
Haryana,Kaithal,2025-10-29,2,10.18,+5d,3.0,1,0.5674642857142856,1,V2.3_RF_TREND
Haryana,Kaithal,2025-10-30,2,4.83,+5d,1.0,0,0.4222916666666666,1,V2.3_RF_TREND
Haryana,Kaithal,2025-10-31,1,3.67,+5d,3.0,1,0.43383333333333346,1,V2.3_RF_TREND
Haryana,Kaithal,2025-11-01,7,31.16,+5d,7.0,1,0.6325833333333333,1,V2.3_RF_TREND
Haryana,Kaithal,2025-11-02,6,42.95,+5d,4.0,1,0.6182857142857143,1,V2.3_RF_TREND
Haryana,Kaithal,2025-11-03,3,14.52,+5d,7.0,1,0.5055238095238094,1,V2.3_RF_TREND
Haryana,Kaithal,2025-11-04,1,4.24,+5d,8.0,1,0.4960833333333333,1,V2.3_RF_TREND
Haryana,Kaithal,2025-11-05,3,14.22,+5d,5.0,1,0.4289166666666666,1,V2.3_RF_TREND
Haryana,Kaithal,2025-11-06,7,18.85,+5d,13.0,1,0.4666130952380951,1,V2.3_RF_TREND
Haryana,Kaithal,2025-11-07,4,15.5,+5d,4.0,1,0.40945833333333326,1,V2.3_RF_TREND
Haryana,Kaithal,2025-11-08,7,42.07,+5d,4.0,1,0.4079761904761905,1,V2.3_RF_TREND
Haryana,Kaithal,2025-11-09,8,29.88,+5d,1.0,0,0.4604940476190476,1,V2.3_RF_TREND
Haryana,Kaithal,2025-11-10,5,17.439999999999998,+5d,1.0,0,0.6111904761904762,1,V2.3_RF_TREND
Haryana,Kaithal,2025-11-11,13,45.1,+5d,1.0,0,0.5594642857142857,1,V2.3_RF_TREND
Haryana,Kaithal,2025-11-12,4,7.75,+5d,0.0,0,0.39515476190476184,1,V2.3_RF_TREND
Haryana,Kaithal,2025-11-13,4,9.64,+5d,4.0,1,0.3385119047619049,0,V2.3_RF_TREND
Haryana,Kaithal,2025-11-14,1,2.79,+5d,0.0,0,0.3062678571428571,0,V2.3_RF_TREND
Haryana,Kaithal,2025-11-15,1,3.79,+5d,1.0,0,0.3101904761904762,0,V2.3_RF_TREND
Haryana,Kaithal,2025-11-16,1,2.22,+5d,0.0,0,0.3199880952380952,0,V2.3_RF_TREND
Haryana,Kaithal,2025-11-17,0,0.0,+5d,0.0,0,0.14295833333333333,0,V2.3_RF_TREND
Haryana,Kaithal,2025-11-18,4,9.01,+5d,2.0,0,0.34804166666666675,0,V2.3_RF_TREND
Haryana,Kaithal,2025-11-19,0,0.0,+5d,8.0,1,0.2763392857142857,0,V2.3_RF_TREND
Haryana,Kaithal,2025-11-20,1,0.59,+5d,5.0,1,0.1400793650793651,0,V2.3_RF_TREND
Haryana,Kaithal,2025-11-21,0,0.0,+5d,0.0,0,0.1850357142857143,0,V2.3_RF_TREND
Haryana,Kaithal,2025-11-22,0,0.0,+5d,0.0,0,0.03154166666666666,0,V2.3_RF_TREND
Haryana,Kaithal,2025-11-23,2,2.01,+5d,0.0,0,0.09239583333333334,0,V2.3_RF_TREND
Haryana,Karnal,2025-10-15,0,0.0,+5d,4.0,1,0.08156927655677654,0,V2.3_RF_TREND
Haryana,Karnal,2025-10-16,0,0.0,+5d,4.0,1,0.05706195054945055,0,V2.3_RF_TREND
Haryana,Karnal,2025-10-17,0,0.0,+5d,2.0,0,0.12797457958707964,0,V2.3_RF_TREND
Haryana,Karnal,2025-10-18,0,0.0,+5d,1.0,0,0.18036286083197844,0,V2.3_RF_TREND
Haryana,Karnal,2025-10-19,3,12.39,+5d,0.0,0,0.58177876984127,1,V2.3_RF_TREND
Haryana,Karnal,2025-10-20,4,14.71,+5d,1.0,0,0.6637886904761906,1,V2.3_RF_TREND
Haryana,Karnal,2025-10-21,4,12.98,+5d,2.0,0,0.6613560606060607,1,V2.3_RF_TREND
Haryana,Karnal,2025-10-22,2,3.56,+5d,1.0,0,0.6706190476190474,1,V2.3_RF_TREND
Haryana,Karnal,2025-10-23,1,5.09,+5d,0.0,0,0.5430416666666666,1,V2.3_RF_TREND
Haryana,Karnal,2025-10-24,0,0.0,+5d,0.0,0,0.38399786324786306,1,V2.3_RF_TREND
Haryana,Karnal,2025-10-25,1,1.91,+5d,0.0,0,0.21447459349593498,0,V2.3_RF_TREND
Haryana,Karnal,2025-10-26,2,4.8,+5d,2.0,0,0.40226626016260153,1,V2.3_RF_TREND
Haryana,Karnal,2025-10-27,1,0.54,+5d,1.0,0,0.39103014905149047,1,V2.3_RF_TREND
Haryana,Karnal,2025-10-28,0,0.0,+5d,1.0,0,0.3256388888888889,0,V2.3_RF_TREND
Haryana,Karnal,2025-10-29,0,0.0,+5d,0.0,0,0.15617261904761903,0,V2.3_RF_TREND
Haryana,Karnal,2025-10-30,0,0.0,+5d,2.0,0,0.1652113095238095,0,V2.3_RF_TREND
Haryana,Karnal,2025-10-31,2,7.67,+5d,3.0,1,0.24476406926406924,0,V2.3_RF_TREND
Haryana,Karnal,2025-11-01,1,4.13,+5d,9.0,1,0.2737628968253968,0,V2.3_RF_TREND
Haryana,Karnal,2025-11-02,1,3.3,+5d,6.0,1,0.20104166666666667,0,V2.3_RF_TREND
Haryana,Karnal,2025-11-03,0,0.0,+5d,6.0,1,0.18234706959706964,0,V2.3_RF_TREND
Haryana,Karnal,2025-11-04,2,8.219999999999999,+5d,1.0,0,0.1899583333333333,0,V2.3_RF_TREND
Haryana,Karnal,2025-11-05,3,7.050000000000001,+5d,2.0,0,0.22754166666666667,0,V2.3_RF_TREND
Haryana,Karnal,2025-11-06,9,21.36,+5d,0.0,0,0.4541477272727273,1,V2.3_RF_TREND
Haryana,Karnal,2025-11-07,6,20.0,+5d,1.0,0,0.45350595238095237,1,V2.3_RF_TREND
Haryana,Karnal,2025-11-08,6,30.8,+5d,2.0,0,0.5653333333333335,1,V2.3_RF_TREND
Haryana,Karnal,2025-11-09,1,5.56,+5d,0.0,0,0.38499404761904754,1,V2.3_RF_TREND
Haryana,Karnal,2025-11-10,2,9.34,+5d,0.0,0,0.4636666666666666,1,V2.3_RF_TREND
Haryana,Karnal,2025-11-11,0,0.0,+5d,0.0,0,0.3430238095238095,0,V2.3_RF_TREND
Haryana,Karnal,2025-11-12,1,3.08,+5d,1.0,0,0.3482380952380953,0,V2.3_RF_TREND
Haryana,Karnal,2025-11-13,2,13.18,+5d,0.0,0,0.37711904761904746,0,V2.3_RF_TREND
Haryana,Karnal,2025-11-14,0,0.0,+5d,0.0,0,0.29693650793650794,0,V2.3_RF_TREND
Haryana,Karnal,2025-11-15,0,0.0,+5d,0.0,0,0.2758333333333334,0,V2.3_RF_TREND
Haryana,Karnal,2025-11-16,0,0.0,+5d,0.0,0,0.28518635531135533,0,V2.3_RF_TREND
Haryana,Karnal,2025-11-17,1,1.76,+5d,1.0,0,0.12244047619047617,0,V2.3_RF_TREND
Haryana,Karnal,2025-11-18,0,0.0,+5d,0.0,0,0.10374999999999998,0,V2.3_RF_TREND
Haryana,Karnal,2025-11-19,0,0.0,+5d,0.0,0,0.0047083333333333335,0,V2.3_RF_TREND
Haryana,Karnal,2025-11-20,0,0.0,+5d,0.0,0,0.1537696886446886,0,V2.3_RF_TREND
Haryana,Karnal,2025-11-21,0,0.0,+5d,1.0,0,0.014875000000000001,0,V2.3_RF_TREND
Haryana,Karnal,2025-11-22,1,2.4,+5d,6.0,1,0.04354166666666666,0,V2.3_RF_TREND
Haryana,Karnal,2025-11-23,0,0.0,+5d,0.0,0,0.014125,0,V2.3_RF_TREND
Haryana,Kurukshetra,2025-10-15,2,4.220000000000001,+5d,3.0,1,0.3396551490514905,0,V2.3_RF_TREND
Haryana,Kurukshetra,2025-10-16,2,1.68,+5d,4.0,1,0.24414621489621488,0,V2.3_RF_TREND
Haryana,Kurukshetra,2025-10-17,1,3.6,+5d,2.0,0,0.3557738095238095,0,V2.3_RF_TREND
Haryana,Kurukshetra,2025-10-18,1,2.98,+5d,1.0,0,0.37870673635307794,0,V2.3_RF_TREND
Haryana,Kurukshetra,2025-10-19,3,7.859999999999999,+5d,0.0,0,0.43386447444831594,1,V2.3_RF_TREND
Haryana,Kurukshetra,2025-10-20,3,7.65,+5d,4.0,1,0.5502727272727274,1,V2.3_RF_TREND
Haryana,Kurukshetra,2025-10-21,4,27.3,+5d,5.0,1,0.7507083333333333,1,V2.3_RF_TREND
Haryana,Kurukshetra,2025-10-22,2,3.28,+5d,5.0,1,0.6136964285714286,1,V2.3_RF_TREND
Haryana,Kurukshetra,2025-10-23,1,3.28,+5d,0.0,0,0.5376234030197444,1,V2.3_RF_TREND
Haryana,Kurukshetra,2025-10-24,0,0.0,+5d,0.0,0,0.3722240537240537,0,V2.3_RF_TREND
Haryana,Kurukshetra,2025-10-25,4,24.44,+5d,0.0,0,0.5423928571428572,1,V2.3_RF_TREND
Haryana,Kurukshetra,2025-10-26,5,11.87,+5d,1.0,0,0.7216650696864113,1,V2.3_RF_TREND
Haryana,Kurukshetra,2025-10-27,5,17.99,+5d,3.0,1,0.7685505952380953,1,V2.3_RF_TREND
Haryana,Kurukshetra,2025-10-28,0,0.0,+5d,1.0,0,0.5375654761904762,1,V2.3_RF_TREND
Haryana,Kurukshetra,2025-10-29,0,0.0,+5d,0.0,0,0.4239403235653237,1,V2.3_RF_TREND
Haryana,Kurukshetra,2025-10-30,0,0.0,+5d,0.0,0,0.47338278388278404,1,V2.3_RF_TREND
Haryana,Kurukshetra,2025-10-31,1,1.69,+5d,0.0,0,0.24074918831168837,0,V2.3_RF_TREND
Haryana,Kurukshetra,2025-11-01,3,14.97,+5d,0.0,0,0.53875,1,V2.3_RF_TREND
Haryana,Kurukshetra,2025-11-02,1,2.76,+5d,0.0,0,0.4427976190476191,1,V2.3_RF_TREND
Haryana,Kurukshetra,2025-11-03,0,0.0,+5d,0.0,0,0.25747222222222227,0,V2.3_RF_TREND
Haryana,Kurukshetra,2025-11-04,0,0.0,+5d,3.0,1,0.3252154581529581,0,V2.3_RF_TREND
Haryana,Kurukshetra,2025-11-05,0,0.0,+5d,0.0,0,0.08474404761904761,0,V2.3_RF_TREND
Haryana,Kurukshetra,2025-11-06,0,0.0,+5d,0.0,0,0.13356168831168833,0,V2.3_RF_TREND
Haryana,Kurukshetra,2025-11-07,0,0.0,+5d,0.0,0,0.03316666666666667,0,V2.3_RF_TREND
Haryana,Kurukshetra,2025-11-08,0,0.0,+5d,0.0,0,0.12014468864468862,0,V2.3_RF_TREND
Haryana,Kurukshetra,2025-11-09,3,2.71,+5d,0.0,0,0.02383333333333333,0,V2.3_RF_TREND
Haryana,Kurukshetra,2025-11-10,0,0.0,+5d,0.0,0,0.057416666666666664,0,V2.3_RF_TREND
Haryana,Kurukshetra,2025-11-11,0,0.0,+5d,0.0,0,0.004999999999999999,0,V2.3_RF_TREND
Haryana,Kurukshetra,2025-11-12,0,0.0,+5d,0.0,0,0.08852579365079366,0,V2.3_RF_TREND
Haryana,Kurukshetra,2025-11-13,0,0.0,+5d,7.0,1,0.004706439393939393,0,V2.3_RF_TREND
Haryana,Kurukshetra,2025-11-14,0,0.0,+5d,0.0,0,0.011249999999999998,0,V2.3_RF_TREND
Haryana,Kurukshetra,2025-11-15,0,0.0,+5d,0.0,0,0.009666666666666667,0,V2.3_RF_TREND
Haryana,Kurukshetra,2025-11-16,0,0.0,+5d,0.0,0,0.010249999999999999,0,V2.3_RF_TREND
Haryana,Kurukshetra,2025-11-17,0,0.0,+5d,0.0,0,0.0,0,V2.3_RF_TREND
Haryana,Kurukshetra,2025-11-18,7,10.6,+5d,1.0,0,0.16072321428571434,0,V2.3_RF_TREND
Haryana,Kurukshetra,2025-11-19,0,0.0,+5d,0.0,0,0.23646428571428577,0,V2.3_RF_TREND
Haryana,Kurukshetra,2025-11-20,0,0.0,+5d,0.0,0,0.05488095238095237,0,V2.3_RF_TREND
Haryana,Kurukshetra,2025-11-21,0,0.0,+5d,1.0,0,0.24540178571428575,0,V2.3_RF_TREND
Haryana,Kurukshetra,2025-11-22,0,0.0,+5d,0.0,0,0.0008333333333333333,0,V2.3_RF_TREND
Haryana,Kurukshetra,2025-11-23,1,5.1,+5d,0.0,0,0.15865476190476194,0,V2.3_RF_TREND
Haryana,Mahendragarh,2025-10-15,0,0.0,+5d,0.0,0,0.05990636446886446,0,V2.3_RF_TREND
Haryana,Mahendragarh,2025-10-16,0,0.0,+5d,0.0,0,0.020233959096459097,0,V2.3_RF_TREND
Haryana,Mahendragarh,2025-10-17,0,0.0,+5d,0.0,0,0.08130563186813186,0,V2.3_RF_TREND
Haryana,Mahendragarh,2025-10-18,0,0.0,+5d,0.0,0,0.02481088217338217,0,V2.3_RF_TREND
Haryana,Mahendragarh,2025-10-19,0,0.0,+5d,0.0,0,0.07528128815628815,0,V2.3_RF_TREND
Haryana,Mahendragarh,2025-10-20,0,0.0,+5d,0.0,0,0.061449236874236875,0,V2.3_RF_TREND
Haryana,Mahendragarh,2025-10-21,0,0.0,+5d,0.0,0,0.0693518550893551,0,V2.3_RF_TREND
Haryana,Mahendragarh,2025-10-22,0,0.0,+5d,0.0,0,0.04774426129426129,0,V2.3_RF_TREND
Haryana,Mahendragarh,2025-10-23,0,0.0,+5d,0.0,0,0.02430714285714286,0,V2.3_RF_TREND
Haryana,Mahendragarh,2025-10-24,0,0.0,+5d,0.0,0,0.007446031746031745,0,V2.3_RF_TREND
Haryana,Mahendragarh,2025-10-25,0,0.0,+5d,0.0,0,0.0033666666666666662,0,V2.3_RF_TREND
Haryana,Mahendragarh,2025-10-26,0,0.0,+5d,0.0,0,0.018621522556390976,0,V2.3_RF_TREND
Haryana,Mahendragarh,2025-10-27,0,0.0,+5d,2.0,0,0.06061233766233765,0,V2.3_RF_TREND
Haryana,Mahendragarh,2025-10-28,0,0.0,+5d,0.0,0,0.05018674242424241,0,V2.3_RF_TREND
Haryana,Mahendragarh,2025-10-29,0,0.0,+5d,0.0,0,0.051736255411255413,0,V2.3_RF_TREND
Haryana,Mahendragarh,2025-10-30,0,0.0,+5d,0.0,0,0.066833658008658,0,V2.3_RF_TREND
Haryana,Mahendragarh,2025-10-31,0,0.0,+5d,0.0,0,0.035182142857142856,0,V2.3_RF_TREND
Haryana,Mahendragarh,2025-11-01,2,5.1,+5d,0.0,0,0.03016170634920635,0,V2.3_RF_TREND
Haryana,Mahendragarh,2025-11-02,0,0.0,+5d,0.0,0,0.0568803418803419,0,V2.3_RF_TREND
Haryana,Mahendragarh,2025-11-03,0,0.0,+5d,0.0,0,0.005227272727272727,0,V2.3_RF_TREND
Haryana,Mahendragarh,2025-11-04,0,0.0,+5d,0.0,0,0.10084126984126984,0,V2.3_RF_TREND
Haryana,Mahendragarh,2025-11-05,0,0.0,+5d,0.0,0,0.003456439393939393,0,V2.3_RF_TREND
Haryana,Mahendragarh,2025-11-06,0,0.0,+5d,0.0,0,0.015625,0,V2.3_RF_TREND
Haryana,Mahendragarh,2025-11-07,0,0.0,+5d,0.0,0,0.005123106060606061,0,V2.3_RF_TREND
Haryana,Mahendragarh,2025-11-08,0,0.0,+5d,0.0,0,0.09786607142857141,0,V2.3_RF_TREND
Haryana,Mahendragarh,2025-11-09,0,0.0,+5d,1.0,0,0.0037499999999999994,0,V2.3_RF_TREND
Haryana,Mahendragarh,2025-11-10,0,0.0,+5d,2.0,0,0.004999999999999999,0,V2.3_RF_TREND
Haryana,Mahendragarh,2025-11-11,0,0.0,+5d,1.0,0,0.0037499999999999994,0,V2.3_RF_TREND
Haryana,Mahendragarh,2025-11-12,0,0.0,+5d,0.0,0,0.0016666666666666666,0,V2.3_RF_TREND
Haryana,Mahendragarh,2025-11-13,0,0.0,+5d,0.0,0,0.0029166666666666664,0,V2.3_RF_TREND
Haryana,Mahendragarh,2025-11-14,1,3.35,+5d,0.0,0,0.039732142857142855,0,V2.3_RF_TREND
Haryana,Mahendragarh,2025-11-15,2,8.9,+5d,1.0,0,0.17130357142857144,0,V2.3_RF_TREND
Haryana,Mahendragarh,2025-11-16,1,2.3,+5d,0.0,0,0.12645833333333334,0,V2.3_RF_TREND
Haryana,Mahendragarh,2025-11-17,0,0.0,+5d,0.0,0,0.063625,0,V2.3_RF_TREND
Haryana,Mahendragarh,2025-11-18,0,0.0,+5d,0.0,0,0.1315982142857143,0,V2.3_RF_TREND
Haryana,Mahendragarh,2025-11-19,0,0.0,+5d,0.0,0,0.10812500000000004,0,V2.3_RF_TREND
Haryana,Mahendragarh,2025-11-20,1,0.61,+5d,0.0,0,0.0221875,0,V2.3_RF_TREND
Haryana,Mahendragarh,2025-11-21,0,0.0,+5d,0.0,0,0.037125,0,V2.3_RF_TREND
Haryana,Mahendragarh,2025-11-22,0,0.0,+5d,0.0,0,0.08177380952380954,0,V2.3_RF_TREND
Haryana,Mahendragarh,2025-11-23,0,0.0,+5d,0.0,0,0.044083333333333335,0,V2.3_RF_TREND
Haryana,Nuh,2025-10-15,0,0.0,+5d,1.0,0,0.057805568712896306,0,V2.3_RF_TREND
Haryana,Nuh,2025-10-16,0,0.0,+5d,0.0,0,0.01683974358974359,0,V2.3_RF_TREND
Haryana,Nuh,2025-10-17,0,0.0,+5d,0.0,0,0.14506234737484738,0,V2.3_RF_TREND
Haryana,Nuh,2025-10-18,0,0.0,+5d,0.0,0,0.048272420634920626,0,V2.3_RF_TREND
Haryana,Nuh,2025-10-19,1,5.29,+5d,0.0,0,0.42897680097680085,1,V2.3_RF_TREND
Haryana,Nuh,2025-10-20,1,3.84,+5d,0.0,0,0.4571234030197444,1,V2.3_RF_TREND
Haryana,Nuh,2025-10-21,0,0.0,+5d,0.0,0,0.17485416666666664,0,V2.3_RF_TREND
Haryana,Nuh,2025-10-22,0,0.0,+5d,0.0,0,0.1852050518925519,0,V2.3_RF_TREND
Haryana,Nuh,2025-10-23,0,0.0,+5d,0.0,0,0.1396974206349206,0,V2.3_RF_TREND
Haryana,Nuh,2025-10-24,0,0.0,+5d,0.0,0,0.03574603174603174,0,V2.3_RF_TREND
Haryana,Nuh,2025-10-25,0,0.0,+5d,0.0,0,0.014561507936507935,0,V2.3_RF_TREND
Haryana,Nuh,2025-10-26,0,0.0,+5d,0.0,0,0.06510416666666666,0,V2.3_RF_TREND
Haryana,Nuh,2025-10-27,0,0.0,+5d,0.0,0,0.06860660173160171,0,V2.3_RF_TREND
Haryana,Nuh,2025-10-28,0,0.0,+5d,0.0,0,0.06812121212121212,0,V2.3_RF_TREND
Haryana,Nuh,2025-10-29,0,0.0,+5d,0.0,0,0.0677283189033189,0,V2.3_RF_TREND
Haryana,Nuh,2025-10-30,0,0.0,+5d,0.0,0,0.05731381673881673,0,V2.3_RF_TREND
Haryana,Nuh,2025-10-31,0,0.0,+5d,0.0,0,0.059561652236652225,0,V2.3_RF_TREND
Haryana,Nuh,2025-11-01,0,0.0,+5d,0.0,0,0.012609508547008548,0,V2.3_RF_TREND
Haryana,Nuh,2025-11-02,0,0.0,+5d,0.0,0,0.03045177045177045,0,V2.3_RF_TREND
Haryana,Nuh,2025-11-03,0,0.0,+5d,0.0,0,0.006977272727272726,0,V2.3_RF_TREND
Haryana,Nuh,2025-11-04,0,0.0,+5d,0.0,0,0.0008333333333333333,0,V2.3_RF_TREND
Haryana,Nuh,2025-11-05,0,0.0,+5d,0.0,0,0.0016666666666666666,0,V2.3_RF_TREND
Haryana,Nuh,2025-11-06,0,0.0,+5d,2.0,0,0.010018939393939394,0,V2.3_RF_TREND
Haryana,Nuh,2025-11-07,0,0.0,+5d,0.0,0,0.0010606060606060605,0,V2.3_RF_TREND
Haryana,Nuh,2025-11-08,0,0.0,+5d,0.0,0,0.0008333333333333333,0,V2.3_RF_TREND
Haryana,Nuh,2025-11-09,0,0.0,+5d,0.0,0,0.0020833333333333333,0,V2.3_RF_TREND
Haryana,Nuh,2025-11-10,0,0.0,+5d,0.0,0,0.0025,0,V2.3_RF_TREND
Haryana,Nuh,2025-11-11,2,6.26,+5d,0.0,0,0.04355952380952381,0,V2.3_RF_TREND
Haryana,Nuh,2025-11-12,0,0.0,+5d,0.0,0,0.012404761904761903,0,V2.3_RF_TREND
Haryana,Nuh,2025-11-13,0,0.0,+5d,0.0,0,0.005208333333333334,0,V2.3_RF_TREND
Haryana,Nuh,2025-11-14,0,0.0,+5d,0.0,0,0.10072222222222223,0,V2.3_RF_TREND
Haryana,Nuh,2025-11-15,0,0.0,+5d,0.0,0,0.0008333333333333333,0,V2.3_RF_TREND
Haryana,Nuh,2025-11-16,0,0.0,+5d,0.0,0,0.008583333333333333,0,V2.3_RF_TREND
Haryana,Nuh,2025-11-17,0,0.0,+5d,0.0,0,0.0,0,V2.3_RF_TREND
Haryana,Nuh,2025-11-18,0,0.0,+5d,0.0,0,0.0802172619047619,0,V2.3_RF_TREND
Haryana,Nuh,2025-11-19,0,0.0,+5d,0.0,0,0.0,0,V2.3_RF_TREND
Haryana,Nuh,2025-11-20,0,0.0,+5d,0.0,0,0.0008333333333333333,0,V2.3_RF_TREND
Haryana,Nuh,2025-11-21,0,0.0,+5d,0.0,0,0.006201839826839826,0,V2.3_RF_TREND
Haryana,Nuh,2025-11-22,0,0.0,+5d,0.0,0,0.0,0,V2.3_RF_TREND
Haryana,Nuh,2025-11-23,0,0.0,+5d,0.0,0,0.0049839743589743584,0,V2.3_RF_TREND
Haryana,Palwal,2025-10-15,0,0.0,+5d,4.0,1,0.043042506105006095,0,V2.3_RF_TREND
Haryana,Palwal,2025-10-16,1,4.47,+5d,1.0,0,0.44703037240537247,1,V2.3_RF_TREND
Haryana,Palwal,2025-10-17,0,0.0,+5d,5.0,1,0.12154166666666667,0,V2.3_RF_TREND
Haryana,Palwal,2025-10-18,1,5.34,+5d,0.0,0,0.46627816492450636,1,V2.3_RF_TREND
Haryana,Palwal,2025-10-19,0,0.0,+5d,2.0,0,0.224578373015873,0,V2.3_RF_TREND
Haryana,Palwal,2025-10-20,4,13.01,+5d,0.0,0,0.5137751887340302,1,V2.3_RF_TREND
Haryana,Palwal,2025-10-21,1,3.63,+5d,3.0,1,0.6475048701298701,1,V2.3_RF_TREND
Haryana,Palwal,2025-10-22,5,14.67,+5d,0.0,0,0.5994542748917748,1,V2.3_RF_TREND
Haryana,Palwal,2025-10-23,0,0.0,+5d,0.0,0,0.5495555555555557,1,V2.3_RF_TREND
Haryana,Palwal,2025-10-24,2,3.73,+5d,0.0,0,0.2625718157181573,0,V2.3_RF_TREND
Haryana,Palwal,2025-10-25,0,0.0,+5d,0.0,0,0.5051407203907202,1,V2.3_RF_TREND
Haryana,Palwal,2025-10-26,3,6.22,+5d,0.0,0,0.13901923635307784,0,V2.3_RF_TREND
Haryana,Palwal,2025-10-27,0,0.0,+5d,2.0,0,0.6207142857142857,1,V2.3_RF_TREND
Haryana,Palwal,2025-10-28,0,0.0,+5d,6.0,1,0.08814880952380953,0,V2.3_RF_TREND
Haryana,Palwal,2025-10-29,0,0.0,+5d,6.0,1,0.3917777777777777,1,V2.3_RF_TREND
Haryana,Palwal,2025-10-30,0,0.0,+5d,0.0,0,0.07227994227994226,0,V2.3_RF_TREND
Haryana,Palwal,2025-10-31,0,0.0,+5d,2.0,0,0.17271726190476192,0,V2.3_RF_TREND
Haryana,Palwal,2025-11-01,2,4.73,+5d,2.0,0,0.0934593253968254,0,V2.3_RF_TREND
Haryana,Palwal,2025-11-02,6,27.17,+5d,1.0,0,0.4561726190476192,1,V2.3_RF_TREND
Haryana,Palwal,2025-11-03,6,38.2,+5d,0.0,0,0.595220238095238,1,V2.3_RF_TREND
Haryana,Palwal,2025-11-04,0,0.0,+5d,0.0,0,0.46544642857142826,1,V2.3_RF_TREND
Haryana,Palwal,2025-11-05,2,5.569999999999999,+5d,5.0,1,0.4402380952380952,1,V2.3_RF_TREND
Haryana,Palwal,2025-11-06,2,9.58,+5d,1.0,0,0.4533690476190476,1,V2.3_RF_TREND
Haryana,Palwal,2025-11-07,1,4.13,+5d,0.0,0,0.2641547619047619,0,V2.3_RF_TREND
Haryana,Palwal,2025-11-08,0,0.0,+5d,0.0,0,0.2385,0,V2.3_RF_TREND
Haryana,Palwal,2025-11-09,0,0.0,+5d,2.0,0,0.2540833333333334,0,V2.3_RF_TREND
Haryana,Palwal,2025-11-10,5,21.46,+5d,0.0,0,0.40098809523809537,1,V2.3_RF_TREND
Haryana,Palwal,2025-11-11,1,3.68,+5d,0.0,0,0.2710703463203464,0,V2.3_RF_TREND
Haryana,Palwal,2025-11-12,0,0.0,+5d,0.0,0,0.1284642857142857,0,V2.3_RF_TREND
Haryana,Palwal,2025-11-13,0,0.0,+5d,0.0,0,0.3357678571428572,0,V2.3_RF_TREND
Haryana,Palwal,2025-11-14,2,5.72,+5d,0.0,0,0.12616666666666668,0,V2.3_RF_TREND
Haryana,Palwal,2025-11-15,0,0.0,+5d,1.0,0,0.14862499999999998,0,V2.3_RF_TREND
Haryana,Palwal,2025-11-16,0,0.0,+5d,0.0,0,0.02083333333333333,0,V2.3_RF_TREND
Haryana,Palwal,2025-11-17,0,0.0,+5d,0.0,0,0.21365064102564107,0,V2.3_RF_TREND
Haryana,Palwal,2025-11-18,0,0.0,+5d,0.0,0,0.010833333333333335,0,V2.3_RF_TREND
Haryana,Palwal,2025-11-19,0,0.0,+5d,0.0,0,0.005625,0,V2.3_RF_TREND
Haryana,Palwal,2025-11-20,1,3.08,+5d,0.0,0,0.061696608946608944,0,V2.3_RF_TREND
Haryana,Palwal,2025-11-21,0,0.0,+5d,0.0,0,0.11036309523809523,0,V2.3_RF_TREND
Haryana,Palwal,2025-11-22,0,0.0,+5d,1.0,0,0.0016666666666666666,0,V2.3_RF_TREND
Haryana,Palwal,2025-11-23,0,0.0,+5d,0.0,0,0.0930902777777778,0,V2.3_RF_TREND
Haryana,Panchkula,2025-10-15,0,0.0,+5d,2.0,0,0.13826659543127598,0,V2.3_RF_TREND
Haryana,Panchkula,2025-10-16,0,0.0,+5d,1.0,0,0.11075750638250638,0,V2.3_RF_TREND
Haryana,Panchkula,2025-10-17,0,0.0,+5d,0.0,0,0.08137769036519035,0,V2.3_RF_TREND
Haryana,Panchkula,2025-10-18,0,0.0,+5d,0.0,0,0.15569475116386888,0,V2.3_RF_TREND
Haryana,Panchkula,2025-10-19,0,0.0,+5d,0.0,0,0.21131875910037679,0,V2.3_RF_TREND
Haryana,Panchkula,2025-10-20,2,9.82,+5d,0.0,0,0.564216720779221,1,V2.3_RF_TREND
Haryana,Panchkula,2025-10-21,1,0.5,+5d,0.0,0,0.42089682539682527,1,V2.3_RF_TREND
Haryana,Panchkula,2025-10-22,0,0.0,+5d,0.0,0,0.21241964285714282,0,V2.3_RF_TREND
Haryana,Panchkula,2025-10-23,0,0.0,+5d,1.0,0,0.24784226190476194,0,V2.3_RF_TREND
Haryana,Panchkula,2025-10-24,0,0.0,+5d,0.0,0,0.08330783799533799,0,V2.3_RF_TREND
Haryana,Panchkula,2025-10-25,0,0.0,+5d,0.0,0,0.14740295815295817,0,V2.3_RF_TREND
Haryana,Panchkula,2025-10-26,0,0.0,+5d,2.0,0,0.07025054112554113,0,V2.3_RF_TREND
Haryana,Panchkula,2025-10-27,0,0.0,+5d,0.0,0,0.25093452380952375,0,V2.3_RF_TREND
Haryana,Panchkula,2025-10-28,1,3.76,+5d,0.0,0,0.21741143578643574,0,V2.3_RF_TREND
Haryana,Panchkula,2025-10-29,0,0.0,+5d,0.0,0,0.07451968864468865,0,V2.3_RF_TREND
Haryana,Panchkula,2025-10-30,0,0.0,+5d,0.0,0,0.051987734487734485,0,V2.3_RF_TREND
Haryana,Panchkula,2025-10-31,2,6.43,+5d,0.0,0,0.17911228354978356,0,V2.3_RF_TREND
Haryana,Panchkula,2025-11-01,0,0.0,+5d,0.0,0,0.09975831807081809,0,V2.3_RF_TREND
Haryana,Panchkula,2025-11-02,0,0.0,+5d,0.0,0,0.09033488733488734,0,V2.3_RF_TREND
Haryana,Panchkula,2025-11-03,0,0.0,+5d,0.0,0,0.1329456168831169,0,V2.3_RF_TREND
Haryana,Panchkula,2025-11-04,0,0.0,+5d,0.0,0,0.017744047619047618,0,V2.3_RF_TREND
Haryana,Panchkula,2025-11-05,0,0.0,+5d,0.0,0,0.009037698412698412,0,V2.3_RF_TREND
Haryana,Panchkula,2025-11-06,0,0.0,+5d,0.0,0,0.0146133658008658,0,V2.3_RF_TREND
Haryana,Panchkula,2025-11-07,0,0.0,+5d,0.0,0,0.08108035714285715,0,V2.3_RF_TREND
Haryana,Panchkula,2025-11-08,0,0.0,+5d,0.0,0,0.0008333333333333333,0,V2.3_RF_TREND
Haryana,Panchkula,2025-11-09,0,0.0,+5d,0.0,0,0.00125,0,V2.3_RF_TREND
Haryana,Panchkula,2025-11-10,0,0.0,+5d,0.0,0,0.0025,0,V2.3_RF_TREND
Haryana,Panchkula,2025-11-11,0,0.0,+5d,0.0,0,0.00125,0,V2.3_RF_TREND
Haryana,Panchkula,2025-11-12,0,0.0,+5d,0.0,0,0.00262310606060606,0,V2.3_RF_TREND
Haryana,Panchkula,2025-11-13,0,0.0,+5d,0.0,0,0.0038731060606060604,0,V2.3_RF_TREND
Haryana,Panchkula,2025-11-14,0,0.0,+5d,0.0,0,0.00125,0,V2.3_RF_TREND
Haryana,Panchkula,2025-11-15,0,0.0,+5d,0.0,0,0.00125,0,V2.3_RF_TREND
Haryana,Panchkula,2025-11-16,0,0.0,+5d,0.0,0,0.00262310606060606,0,V2.3_RF_TREND
Haryana,Panchkula,2025-11-17,0,0.0,+5d,0.0,0,0.0016666666666666666,0,V2.3_RF_TREND
Haryana,Panchkula,2025-11-18,0,0.0,+5d,0.0,0,0.0016666666666666666,0,V2.3_RF_TREND
Haryana,Panchkula,2025-11-19,0,0.0,+5d,0.0,0,0.0,0,V2.3_RF_TREND
Haryana,Panchkula,2025-11-20,0,0.0,+5d,0.0,0,0.0,0,V2.3_RF_TREND
Haryana,Panchkula,2025-11-21,0,0.0,+5d,0.0,0,0.0,0,V2.3_RF_TREND
Haryana,Panchkula,2025-11-22,0,0.0,+5d,0.0,0,0.0,0,V2.3_RF_TREND
Haryana,Panchkula,2025-11-23,0,0.0,+5d,0.0,0,0.0008333333333333333,0,V2.3_RF_TREND
Haryana,Panipat,2025-10-15,1,1.45,+5d,0.0,0,0.2091549964263379,0,V2.3_RF_TREND
Haryana,Panipat,2025-10-16,2,8.879999999999999,+5d,0.0,0,0.4637960220673637,1,V2.3_RF_TREND
Haryana,Panipat,2025-10-17,0,0.0,+5d,3.0,1,0.3234642857142857,0,V2.3_RF_TREND
Haryana,Panipat,2025-10-18,2,2.96,+5d,0.0,0,0.22755197444831596,0,V2.3_RF_TREND
Haryana,Panipat,2025-10-19,4,7.12,+5d,0.0,0,0.39301190476190473,1,V2.3_RF_TREND
Haryana,Panipat,2025-10-20,0,0.0,+5d,0.0,0,0.3732202380952381,0,V2.3_RF_TREND
Haryana,Panipat,2025-10-21,0,0.0,+5d,1.0,0,0.3788293650793652,0,V2.3_RF_TREND
Haryana,Panipat,2025-10-22,3,3.89,+5d,0.0,0,0.3255132839721254,0,V2.3_RF_TREND
Haryana,Panipat,2025-10-23,0,0.0,+5d,0.0,0,0.2805238095238095,0,V2.3_RF_TREND
Haryana,Panipat,2025-10-24,0,0.0,+5d,0.0,0,0.1530416666666667,0,V2.3_RF_TREND
Haryana,Panipat,2025-10-25,0,0.0,+5d,0.0,0,0.20921626984126987,0,V2.3_RF_TREND
Haryana,Panipat,2025-10-26,1,3.35,+5d,0.0,0,0.2661041666666666,0,V2.3_RF_TREND
Haryana,Panipat,2025-10-27,0,0.0,+5d,0.0,0,0.11395833333333334,0,V2.3_RF_TREND
Haryana,Panipat,2025-10-28,0,0.0,+5d,1.0,0,0.14105357142857144,0,V2.3_RF_TREND
Haryana,Panipat,2025-10-29,0,0.0,+5d,0.0,0,0.19866567460317466,0,V2.3_RF_TREND
Haryana,Panipat,2025-10-30,0,0.0,+5d,0.0,0,0.12930808080808082,0,V2.3_RF_TREND
Haryana,Panipat,2025-10-31,0,0.0,+5d,0.0,0,0.11334126984126985,0,V2.3_RF_TREND
Haryana,Panipat,2025-11-01,0,0.0,+5d,2.0,0,0.09699857781107783,0,V2.3_RF_TREND
Haryana,Panipat,2025-11-02,1,2.87,+5d,4.0,1,0.16127182539682539,0,V2.3_RF_TREND
Haryana,Panipat,2025-11-03,0,0.0,+5d,0.0,0,0.06800000000000002,0,V2.3_RF_TREND
Haryana,Panipat,2025-11-04,0,0.0,+5d,6.0,1,0.06445833333333334,0,V2.3_RF_TREND
Haryana,Panipat,2025-11-05,0,0.0,+5d,0.0,0,0.14915376984126982,0,V2.3_RF_TREND
Haryana,Panipat,2025-11-06,2,4.41,+5d,1.0,0,0.09540178571428572,0,V2.3_RF_TREND
Haryana,Panipat,2025-11-07,4,8.63,+5d,2.0,0,0.21240476190476185,0,V2.3_RF_TREND
Haryana,Panipat,2025-11-08,0,0.0,+5d,2.0,0,0.1638214285714286,0,V2.3_RF_TREND
Haryana,Panipat,2025-11-09,6,16.25,+5d,0.0,0,0.31648809523809524,0,V2.3_RF_TREND
Haryana,Panipat,2025-11-10,0,0.0,+5d,0.0,0,0.3482042124542125,0,V2.3_RF_TREND
Haryana,Panipat,2025-11-11,1,2.43,+5d,2.0,0,0.183,0,V2.3_RF_TREND
Haryana,Panipat,2025-11-12,2,6.6,+5d,0.0,0,0.46344047619047624,1,V2.3_RF_TREND
Haryana,Panipat,2025-11-13,2,11.62,+5d,2.0,0,0.34934523809523804,0,V2.3_RF_TREND
Haryana,Panipat,2025-11-14,0,0.0,+5d,1.0,0,0.35567261904761904,0,V2.3_RF_TREND
Haryana,Panipat,2025-11-15,0,0.0,+5d,5.0,1,0.18868749999999998,0,V2.3_RF_TREND
Haryana,Panipat,2025-11-16,2,4.29,+5d,0.0,0,0.35092857142857153,0,V2.3_RF_TREND
Haryana,Panipat,2025-11-17,0,0.0,+5d,3.0,1,0.113125,0,V2.3_RF_TREND
Haryana,Panipat,2025-11-18,2,5.7,+5d,0.0,0,0.25000000000000006,0,V2.3_RF_TREND
Haryana,Panipat,2025-11-19,1,5.3,+5d,1.0,0,0.3465416666666667,0,V2.3_RF_TREND
Haryana,Panipat,2025-11-20,5,9.45,+5d,2.0,0,0.2761030219780219,0,V2.3_RF_TREND
Haryana,Panipat,2025-11-21,0,0.0,+5d,1.0,0,0.2383988095238095,0,V2.3_RF_TREND
Haryana,Panipat,2025-11-22,3,8.56,+5d,0.0,0,0.2596294642857143,0,V2.3_RF_TREND
Haryana,Panipat,2025-11-23,0,0.0,+5d,0.0,0,0.24471726190476184,0,V2.3_RF_TREND
Haryana,Rewari,2025-10-15,0,0.0,+5d,0.0,0,0.08555941727661327,0,V2.3_RF_TREND
Haryana,Rewari,2025-10-16,0,0.0,+5d,0.0,0,0.06393833943833944,0,V2.3_RF_TREND
Haryana,Rewari,2025-10-17,0,0.0,+5d,1.0,0,0.07115741758241757,0,V2.3_RF_TREND
Haryana,Rewari,2025-10-18,0,0.0,+5d,0.0,0,0.10692559523809524,0,V2.3_RF_TREND
Haryana,Rewari,2025-10-19,0,0.0,+5d,0.0,0,0.13210900904650905,0,V2.3_RF_TREND
Haryana,Rewari,2025-10-20,0,0.0,+5d,0.0,0,0.07991733127983128,0,V2.3_RF_TREND
Haryana,Rewari,2025-10-21,0,0.0,+5d,0.0,0,0.1678438867505044,0,V2.3_RF_TREND
Haryana,Rewari,2025-10-22,1,2.17,+5d,0.0,0,0.42860569291819284,1,V2.3_RF_TREND
Haryana,Rewari,2025-10-23,0,0.0,+5d,0.0,0,0.04029166666666667,0,V2.3_RF_TREND
Haryana,Rewari,2025-10-24,0,0.0,+5d,0.0,0,0.01602777777777778,0,V2.3_RF_TREND
Haryana,Rewari,2025-10-25,0,0.0,+5d,0.0,0,0.04513194444444444,0,V2.3_RF_TREND
Haryana,Rewari,2025-10-26,0,0.0,+5d,0.0,0,0.027788189223057643,0,V2.3_RF_TREND
Haryana,Rewari,2025-10-27,0,0.0,+5d,0.0,0,0.05727579365079365,0,V2.3_RF_TREND
Haryana,Rewari,2025-10-28,0,0.0,+5d,0.0,0,0.05522651515151513,0,V2.3_RF_TREND
Haryana,Rewari,2025-10-29,0,0.0,+5d,0.0,0,0.07811489898989898,0,V2.3_RF_TREND
Haryana,Rewari,2025-10-30,0,0.0,+5d,0.0,0,0.05731381673881673,0,V2.3_RF_TREND
Haryana,Rewari,2025-10-31,0,0.0,+5d,0.0,0,0.059561652236652225,0,V2.3_RF_TREND
Haryana,Rewari,2025-11-01,0,0.0,+5d,2.0,0,0.012859508547008548,0,V2.3_RF_TREND
Haryana,Rewari,2025-11-02,0,0.0,+5d,0.0,0,0.019993437118437114,0,V2.3_RF_TREND
Haryana,Rewari,2025-11-03,0,0.0,+5d,0.0,0,0.007267045454545454,0,V2.3_RF_TREND
Haryana,Rewari,2025-11-04,0,0.0,+5d,0.0,0,0.0010833333333333333,0,V2.3_RF_TREND
Haryana,Rewari,2025-11-05,0,0.0,+5d,0.0,0,0.0031666666666666666,0,V2.3_RF_TREND
Haryana,Rewari,2025-11-06,2,1.1800000000000002,+5d,0.0,0,0.011831439393939394,0,V2.3_RF_TREND
Haryana,Rewari,2025-11-07,0,0.0,+5d,0.0,0,0.015375000000000002,0,V2.3_RF_TREND
Haryana,Rewari,2025-11-08,0,0.0,+5d,0.0,0,0.00375,0,V2.3_RF_TREND
Haryana,Rewari,2025-11-09,0,0.0,+5d,0.0,0,0.02725,0,V2.3_RF_TREND
Haryana,Rewari,2025-11-10,0,0.0,+5d,0.0,0,0.004,0,V2.3_RF_TREND
Haryana,Rewari,2025-11-11,0,0.0,+5d,0.0,0,0.007416666666666666,0,V2.3_RF_TREND
Haryana,Rewari,2025-11-12,0,0.0,+5d,0.0,0,0.00025,0,V2.3_RF_TREND
Haryana,Rewari,2025-11-13,0,0.0,+5d,0.0,0,0.06334523809523811,0,V2.3_RF_TREND
Haryana,Rewari,2025-11-14,0,0.0,+5d,0.0,0,0.004833333333333333,0,V2.3_RF_TREND
Haryana,Rewari,2025-11-15,0,0.0,+5d,0.0,0,0.0019166666666666666,0,V2.3_RF_TREND
Haryana,Rewari,2025-11-16,0,0.0,+5d,0.0,0,0.00025,0,V2.3_RF_TREND
Haryana,Rewari,2025-11-17,0,0.0,+5d,0.0,0,0.00025,0,V2.3_RF_TREND
Haryana,Rewari,2025-11-18,0,0.0,+5d,0.0,0,0.00025,0,V2.3_RF_TREND
Haryana,Rewari,2025-11-19,0,0.0,+5d,0.0,0,0.00025,0,V2.3_RF_TREND
Haryana,Rewari,2025-11-20,0,0.0,+5d,0.0,0,0.00025,0,V2.3_RF_TREND
Haryana,Rewari,2025-11-21,0,0.0,+5d,0.0,0,0.006451839826839827,0,V2.3_RF_TREND
Haryana,Rewari,2025-11-22,0,0.0,+5d,1.0,0,0.00025,0,V2.3_RF_TREND
Haryana,Rewari,2025-11-23,0,0.0,+5d,0.0,0,0.005733974358974358,0,V2.3_RF_TREND
Haryana,Rohtak,2025-10-15,0,0.0,+5d,0.0,0,0.10562637362637364,0,V2.3_RF_TREND
Haryana,Rohtak,2025-10-16,0,0.0,+5d,0.0,0,0.11559149877899882,0,V2.3_RF_TREND
Haryana,Rohtak,2025-10-17,0,0.0,+5d,1.0,0,0.12123893467643469,0,V2.3_RF_TREND
Haryana,Rohtak,2025-10-18,0,0.0,+5d,0.0,0,0.17181566350316352,0,V2.3_RF_TREND
Haryana,Rohtak,2025-10-19,0,0.0,+5d,0.0,0,0.150822607947608,0,V2.3_RF_TREND
Haryana,Rohtak,2025-10-20,0,0.0,+5d,0.0,0,0.14697790550952317,0,V2.3_RF_TREND
Haryana,Rohtak,2025-10-21,0,0.0,+5d,0.0,0,0.2583348055539232,0,V2.3_RF_TREND
Haryana,Rohtak,2025-10-22,1,1.71,+5d,0.0,0,0.41627037545787543,1,V2.3_RF_TREND
Haryana,Rohtak,2025-10-23,0,0.0,+5d,0.0,0,0.08174107142857144,0,V2.3_RF_TREND
Haryana,Rohtak,2025-10-24,0,0.0,+5d,0.0,0,0.10246130952380952,0,V2.3_RF_TREND
Haryana,Rohtak,2025-10-25,0,0.0,+5d,0.0,0,0.07634523809523809,0,V2.3_RF_TREND
Haryana,Rohtak,2025-10-26,0,0.0,+5d,1.0,0,0.08445426065162907,0,V2.3_RF_TREND
Haryana,Rohtak,2025-10-27,0,0.0,+5d,0.0,0,0.06994246031746032,0,V2.3_RF_TREND
Haryana,Rohtak,2025-10-28,0,0.0,+5d,2.0,0,0.12435232683982686,0,V2.3_RF_TREND
Haryana,Rohtak,2025-10-29,0,0.0,+5d,3.0,1,0.11938474025974029,0,V2.3_RF_TREND
Haryana,Rohtak,2025-10-30,0,0.0,+5d,1.0,0,0.11435530303030307,0,V2.3_RF_TREND
Haryana,Rohtak,2025-10-31,1,3.1,+5d,5.0,1,0.18263906926406925,0,V2.3_RF_TREND
Haryana,Rohtak,2025-11-01,0,0.0,+5d,5.0,1,0.06703807997557998,0,V2.3_RF_TREND
Haryana,Rohtak,2025-11-02,2,34.44,+5d,5.0,1,0.23979166666666665,0,V2.3_RF_TREND
Haryana,Rohtak,2025-11-03,3,9.02,+5d,6.0,1,0.3023392857142857,0,V2.3_RF_TREND
Haryana,Rohtak,2025-11-04,1,3.79,+5d,4.0,1,0.3006060606060606,0,V2.3_RF_TREND
Haryana,Rohtak,2025-11-05,5,8.76,+5d,5.0,1,0.3488035714285714,0,V2.3_RF_TREND
Haryana,Rohtak,2025-11-06,5,21.52,+5d,12.0,1,0.53725,1,V2.3_RF_TREND
Haryana,Rohtak,2025-11-07,5,31.38,+5d,6.0,1,0.46449999999999997,1,V2.3_RF_TREND
Haryana,Rohtak,2025-11-08,6,25.07,+5d,10.0,1,0.5123095238095239,1,V2.3_RF_TREND
Haryana,Rohtak,2025-11-09,4,16.03,+5d,4.0,1,0.4196785714285714,1,V2.3_RF_TREND
Haryana,Rohtak,2025-11-10,5,16.18,+5d,6.0,1,0.5684821428571427,1,V2.3_RF_TREND
Haryana,Rohtak,2025-11-11,12,46.3,+5d,23.0,1,0.5503928571428571,1,V2.3_RF_TREND
Haryana,Rohtak,2025-11-12,6,14.11,+5d,6.0,1,0.5140297619047618,1,V2.3_RF_TREND
Haryana,Rohtak,2025-11-13,10,37.13,+5d,1.0,0,0.48657142857142843,1,V2.3_RF_TREND
Haryana,Rohtak,2025-11-14,4,18.22,+5d,2.0,0,0.34867261904761887,0,V2.3_RF_TREND
Haryana,Rohtak,2025-11-15,6,16.89,+5d,3.0,1,0.38160119047619045,1,V2.3_RF_TREND
Haryana,Rohtak,2025-11-16,23,79.53999999999999,+5d,5.0,1,0.4221666666666667,1,V2.3_RF_TREND
Haryana,Rohtak,2025-11-17,6,12.26,+5d,9.0,1,0.4038035714285714,1,V2.3_RF_TREND
Haryana,Rohtak,2025-11-18,1,3.2,+5d,7.0,1,0.33720535714285715,0,V2.3_RF_TREND
Haryana,Rohtak,2025-11-19,2,5.550000000000001,+5d,2.0,0,0.3562023809523809,0,V2.3_RF_TREND
Haryana,Rohtak,2025-11-20,3,9.87,+5d,3.0,1,0.2078809523809524,0,V2.3_RF_TREND
Haryana,Rohtak,2025-11-21,5,7.93,+5d,6.0,1,0.2825357142857143,0,V2.3_RF_TREND
Haryana,Rohtak,2025-11-22,9,27.74,+5d,5.0,1,0.3177872023809523,0,V2.3_RF_TREND
Haryana,Rohtak,2025-11-23,7,12.76,+5d,2.0,0,0.3131145833333333,0,V2.3_RF_TREND
Haryana,Sirsa,2025-10-15,3,2.92,+5d,0.0,0,0.38952976190476185,1,V2.3_RF_TREND
Haryana,Sirsa,2025-10-16,2,4.93,+5d,2.0,0,0.32081135531135546,0,V2.3_RF_TREND
Haryana,Sirsa,2025-10-17,8,24.57,+5d,14.0,1,0.6555416666666667,1,V2.3_RF_TREND
Haryana,Sirsa,2025-10-18,0,0.0,+5d,1.0,0,0.5863452380952381,1,V2.3_RF_TREND
Haryana,Sirsa,2025-10-19,1,4.81,+5d,2.0,0,0.46747916666666667,1,V2.3_RF_TREND
Haryana,Sirsa,2025-10-20,0,0.0,+5d,3.0,1,0.48996726190476203,1,V2.3_RF_TREND
Haryana,Sirsa,2025-10-21,2,4.77,+5d,17.0,1,0.31810554587688733,0,V2.3_RF_TREND
Haryana,Sirsa,2025-10-22,14,61.32,+5d,6.0,1,0.7314226190476191,1,V2.3_RF_TREND
Haryana,Sirsa,2025-10-23,1,2.2,+5d,0.0,0,0.5981369047619048,1,V2.3_RF_TREND
Haryana,Sirsa,2025-10-24,2,4.15,+5d,2.0,0,0.4847480158730159,1,V2.3_RF_TREND
Haryana,Sirsa,2025-10-25,3,5.359999999999999,+5d,5.0,1,0.45925,1,V2.3_RF_TREND
Haryana,Sirsa,2025-10-26,17,62.18,+5d,4.0,1,0.6793124999999998,1,V2.3_RF_TREND
Haryana,Sirsa,2025-10-27,6,6.94,+5d,10.0,1,0.5069900793650793,1,V2.3_RF_TREND
Haryana,Sirsa,2025-10-28,0,0.0,+5d,9.0,1,0.6050218253968253,1,V2.3_RF_TREND
Haryana,Sirsa,2025-10-29,2,9.95,+5d,8.0,1,0.5865625000000001,1,V2.3_RF_TREND
Haryana,Sirsa,2025-10-30,5,16.400000000000002,+5d,7.0,1,0.6614464285714283,1,V2.3_RF_TREND
Haryana,Sirsa,2025-10-31,4,10.83,+5d,7.0,1,0.5417638888888886,1,V2.3_RF_TREND
Haryana,Sirsa,2025-11-01,10,24.6,+5d,5.0,1,0.6090119047619048,1,V2.3_RF_TREND
Haryana,Sirsa,2025-11-02,9,18.49,+5d,4.0,1,0.36083333333333345,0,V2.3_RF_TREND
Haryana,Sirsa,2025-11-03,8,35.480000000000004,+5d,4.0,1,0.616984126984127,1,V2.3_RF_TREND
Haryana,Sirsa,2025-11-04,7,19.47,+5d,9.0,1,0.6273809523809525,1,V2.3_RF_TREND
Haryana,Sirsa,2025-11-05,7,8.85,+5d,8.0,1,0.45012499999999994,1,V2.3_RF_TREND
Haryana,Sirsa,2025-11-06,5,8.040000000000001,+5d,5.0,1,0.27583333333333326,0,V2.3_RF_TREND
Haryana,Sirsa,2025-11-07,4,14.38,+5d,4.0,1,0.40291666666666687,1,V2.3_RF_TREND
Haryana,Sirsa,2025-11-08,4,10.9,+5d,4.0,1,0.2533333333333334,0,V2.3_RF_TREND
Haryana,Sirsa,2025-11-09,9,18.64,+5d,7.0,1,0.42770238095238106,1,V2.3_RF_TREND
Haryana,Sirsa,2025-11-10,8,15.43,+5d,5.0,1,0.38329166666666675,1,V2.3_RF_TREND
Haryana,Sirsa,2025-11-11,5,15.95,+5d,7.0,1,0.4128333333333334,1,V2.3_RF_TREND
Haryana,Sirsa,2025-11-12,4,5.46,+5d,8.0,1,0.3391666666666666,0,V2.3_RF_TREND
Haryana,Sirsa,2025-11-13,4,15.64,+5d,7.0,1,0.46820833333333334,1,V2.3_RF_TREND
Haryana,Sirsa,2025-11-14,7,33.77,+5d,12.0,1,0.5008750000000002,1,V2.3_RF_TREND
Haryana,Sirsa,2025-11-15,5,19.81,+5d,3.0,1,0.48695833333333316,1,V2.3_RF_TREND
Haryana,Sirsa,2025-11-16,7,13.23,+5d,2.0,0,0.4543928571428571,1,V2.3_RF_TREND
Haryana,Sirsa,2025-11-17,8,17.540000000000003,+5d,1.0,0,0.35350000000000004,0,V2.3_RF_TREND
Haryana,Sirsa,2025-11-18,7,16.15,+5d,1.0,0,0.42099999999999993,1,V2.3_RF_TREND
Haryana,Sirsa,2025-11-19,12,27.95,+5d,0.0,0,0.4178749999999999,1,V2.3_RF_TREND
Haryana,Sirsa,2025-11-20,3,11.03,+5d,0.0,0,0.19110119047619048,0,V2.3_RF_TREND
Haryana,Sirsa,2025-11-21,2,5.75,+5d,0.0,0,0.08287500000000002,0,V2.3_RF_TREND
Haryana,Sirsa,2025-11-22,1,2.12,+5d,3.0,1,0.1097738095238095,0,V2.3_RF_TREND
Haryana,Sirsa,2025-11-23,1,0.68,+5d,2.0,0,0.13845833333333335,0,V2.3_RF_TREND
Haryana,Sonipat,2025-10-15,1,1.64,+5d,0.0,0,0.25334760936895084,0,V2.3_RF_TREND
Haryana,Sonipat,2025-10-16,0,0.0,+5d,0.0,0,0.13954647435897438,0,V2.3_RF_TREND
Haryana,Sonipat,2025-10-17,0,0.0,+5d,0.0,0,0.07267445054945056,0,V2.3_RF_TREND
Haryana,Sonipat,2025-10-18,0,0.0,+5d,0.0,0,0.13006410256410258,0,V2.3_RF_TREND
Haryana,Sonipat,2025-10-19,0,0.0,+5d,0.0,0,0.10170310245310243,0,V2.3_RF_TREND
Haryana,Sonipat,2025-10-20,0,0.0,+5d,0.0,0,0.10263649830561596,0,V2.3_RF_TREND
Haryana,Sonipat,2025-10-21,0,0.0,+5d,1.0,0,0.22148063888725655,0,V2.3_RF_TREND
Haryana,Sonipat,2025-10-22,0,0.0,+5d,0.0,0,0.09531787942449708,0,V2.3_RF_TREND
Haryana,Sonipat,2025-10-23,0,0.0,+5d,0.0,0,0.01525,0,V2.3_RF_TREND
Haryana,Sonipat,2025-10-24,0,0.0,+5d,0.0,0,0.08705714285714285,0,V2.3_RF_TREND
Haryana,Sonipat,2025-10-25,0,0.0,+5d,0.0,0,0.02327568922305764,0,V2.3_RF_TREND
Haryana,Sonipat,2025-10-26,1,0.67,+5d,1.0,0,0.046103070175438604,0,V2.3_RF_TREND
Haryana,Sonipat,2025-10-27,0,0.0,+5d,2.0,0,0.02502083333333333,0,V2.3_RF_TREND
Haryana,Sonipat,2025-10-28,0,0.0,+5d,3.0,1,0.0765813492063492,0,V2.3_RF_TREND
Haryana,Sonipat,2025-10-29,0,0.0,+5d,1.0,0,0.06335356310356312,0,V2.3_RF_TREND
Haryana,Sonipat,2025-10-30,0,0.0,+5d,5.0,1,0.07825808080808078,0,V2.3_RF_TREND
Haryana,Sonipat,2025-10-31,1,2.27,+5d,4.0,1,0.1390829725829726,0,V2.3_RF_TREND
Haryana,Sonipat,2025-11-01,2,7.83,+5d,7.0,1,0.18037301587301585,0,V2.3_RF_TREND
Haryana,Sonipat,2025-11-02,3,13.86,+5d,6.0,1,0.33670743145743137,0,V2.3_RF_TREND
Haryana,Sonipat,2025-11-03,1,0.82,+5d,2.0,0,0.16191666666666663,0,V2.3_RF_TREND
Haryana,Sonipat,2025-11-04,5,17.57,+5d,12.0,1,0.4318333333333333,1,V2.3_RF_TREND
Haryana,Sonipat,2025-11-05,4,2.64,+5d,1.0,0,0.28145833333333337,0,V2.3_RF_TREND
Haryana,Sonipat,2025-11-06,7,23.87,+5d,12.0,1,0.46744642857142865,1,V2.3_RF_TREND
Haryana,Sonipat,2025-11-07,6,25.61,+5d,6.0,1,0.41083928571428574,1,V2.3_RF_TREND
Haryana,Sonipat,2025-11-08,2,7.57,+5d,4.0,1,0.46790476190476177,1,V2.3_RF_TREND
Haryana,Sonipat,2025-11-09,12,53.510000000000005,+5d,10.0,1,0.4840595238095238,1,V2.3_RF_TREND
Haryana,Sonipat,2025-11-10,1,3.09,+5d,11.0,1,0.4216785714285713,1,V2.3_RF_TREND
Haryana,Sonipat,2025-11-11,12,27.05,+5d,16.0,1,0.46248809523809514,1,V2.3_RF_TREND
Haryana,Sonipat,2025-11-12,6,22.36,+5d,8.0,1,0.4518154761904761,1,V2.3_RF_TREND
Haryana,Sonipat,2025-11-13,4,10.65,+5d,2.0,0,0.4991547619047618,1,V2.3_RF_TREND
Haryana,Sonipat,2025-11-14,10,36.19,+5d,4.0,1,0.430922619047619,1,V2.3_RF_TREND
Haryana,Sonipat,2025-11-15,11,34.99,+5d,2.0,0,0.6307559523809523,1,V2.3_RF_TREND
Haryana,Sonipat,2025-11-16,16,63.61,+5d,0.0,0,0.4386666666666666,1,V2.3_RF_TREND
Haryana,Sonipat,2025-11-17,8,27.08,+5d,5.0,1,0.48413095238095233,1,V2.3_RF_TREND
Haryana,Sonipat,2025-11-18,2,7.31,+5d,12.0,1,0.31964880952380953,0,V2.3_RF_TREND
Haryana,Sonipat,2025-11-19,4,20.27,+5d,1.0,0,0.3627232142857143,0,V2.3_RF_TREND
Haryana,Sonipat,2025-11-20,2,1.2400000000000002,+5d,0.0,0,0.15080952380952378,0,V2.3_RF_TREND
Haryana,Sonipat,2025-11-21,0,0.0,+5d,8.0,1,0.20149404761904766,0,V2.3_RF_TREND
Haryana,Sonipat,2025-11-22,5,14.0,+5d,4.0,1,0.2924672619047619,0,V2.3_RF_TREND
Haryana,Sonipat,2025-11-23,12,33.33,+5d,0.0,0,0.42292708333333323,1,V2.3_RF_TREND
Haryana,Yamunanagar,2025-10-15,0,0.0,+5d,2.0,0,0.18051382573365338,0,V2.3_RF_TREND
Haryana,Yamunanagar,2025-10-16,4,15.06,+5d,0.0,0,0.5692857142857144,1,V2.3_RF_TREND
Haryana,Yamunanagar,2025-10-17,0,0.0,+5d,1.0,0,0.4277619047619048,1,V2.3_RF_TREND
Haryana,Yamunanagar,2025-10-18,2,2.39,+5d,0.0,0,0.24560554587688727,0,V2.3_RF_TREND
Haryana,Yamunanagar,2025-10-19,1,3.86,+5d,0.0,0,0.48316666666666686,1,V2.3_RF_TREND
Haryana,Yamunanagar,2025-10-20,2,7.58,+5d,0.0,0,0.47577816492450653,1,V2.3_RF_TREND
Haryana,Yamunanagar,2025-10-21,0,0.0,+5d,0.0,0,0.38702083333333337,1,V2.3_RF_TREND
Haryana,Yamunanagar,2025-10-22,1,1.44,+5d,0.0,0,0.3589408633372047,0,V2.3_RF_TREND
Haryana,Yamunanagar,2025-10-23,0,0.0,+5d,0.0,0,0.3867281746031746,1,V2.3_RF_TREND
Haryana,Yamunanagar,2025-10-24,0,0.0,+5d,1.0,0,0.1158809523809524,0,V2.3_RF_TREND
Haryana,Yamunanagar,2025-10-25,0,0.0,+5d,0.0,0,0.21293154761904767,0,V2.3_RF_TREND
Haryana,Yamunanagar,2025-10-26,0,0.0,+5d,0.0,0,0.08289826839826839,0,V2.3_RF_TREND
Haryana,Yamunanagar,2025-10-27,0,0.0,+5d,1.0,0,0.2506517857142857,0,V2.3_RF_TREND
Haryana,Yamunanagar,2025-10-28,0,0.0,+5d,5.0,1,0.0684723665223665,0,V2.3_RF_TREND
Haryana,Yamunanagar,2025-10-29,1,0.38,+5d,3.0,1,0.10167045454545452,0,V2.3_RF_TREND
Haryana,Yamunanagar,2025-10-30,0,0.0,+5d,0.0,0,0.12296699134199134,0,V2.3_RF_TREND
Haryana,Yamunanagar,2025-10-31,0,0.0,+5d,0.0,0,0.0662209595959596,0,V2.3_RF_TREND
Haryana,Yamunanagar,2025-11-01,1,5.48,+5d,0.0,0,0.16891585497835496,0,V2.3_RF_TREND
Haryana,Yamunanagar,2025-11-02,5,8.93,+5d,0.0,0,0.2380180375180375,0,V2.3_RF_TREND
Haryana,Yamunanagar,2025-11-03,3,9.27,+5d,0.0,0,0.4265416666666666,1,V2.3_RF_TREND
Haryana,Yamunanagar,2025-11-04,0,0.0,+5d,0.0,0,0.22581730769230773,0,V2.3_RF_TREND
Haryana,Yamunanagar,2025-11-05,0,0.0,+5d,0.0,0,0.3902797619047619,1,V2.3_RF_TREND
Haryana,Yamunanagar,2025-11-06,0,0.0,+5d,0.0,0,0.24714799783549787,0,V2.3_RF_TREND
Haryana,Yamunanagar,2025-11-07,0,0.0,+5d,0.0,0,0.062124999999999986,0,V2.3_RF_TREND
Haryana,Yamunanagar,2025-11-08,0,0.0,+5d,0.0,0,0.09826190476190476,0,V2.3_RF_TREND
Haryana,Yamunanagar,2025-11-09,0,0.0,+5d,0.0,0,0.12161309523809521,0,V2.3_RF_TREND
Haryana,Yamunanagar,2025-11-10,0,0.0,+5d,2.0,0,0.0895714285714286,0,V2.3_RF_TREND
Haryana,Yamunanagar,2025-11-11,0,0.0,+5d,0.0,0,0.008422619047619047,0,V2.3_RF_TREND
Haryana,Yamunanagar,2025-11-12,0,0.0,+5d,0.0,0,0.005714285714285714,0,V2.3_RF_TREND
Haryana,Yamunanagar,2025-11-13,0,0.0,+5d,0.0,0,0.009672619047619048,0,V2.3_RF_TREND
Haryana,Yamunanagar,2025-11-14,0,0.0,+5d,0.0,0,0.01075595238095238,0,V2.3_RF_TREND
Haryana,Yamunanagar,2025-11-15,2,4.6,+5d,0.0,0,0.06638095238095237,0,V2.3_RF_TREND
Haryana,Yamunanagar,2025-11-16,0,0.0,+5d,0.0,0,0.0807857142857143,0,V2.3_RF_TREND
Haryana,Yamunanagar,2025-11-17,0,0.0,+5d,0.0,0,0.05343668831168831,0,V2.3_RF_TREND
Haryana,Yamunanagar,2025-11-18,0,0.0,+5d,1.0,0,0.07151984126984127,0,V2.3_RF_TREND
Haryana,Yamunanagar,2025-11-19,0,0.0,+5d,0.0,0,0.017386363636363634,0,V2.3_RF_TREND
Haryana,Yamunanagar,2025-11-20,0,0.0,+5d,2.0,0,0.03408928571428571,0,V2.3_RF_TREND
Haryana,Yamunanagar,2025-11-21,0,0.0,+5d,1.0,0,0.022589285714285715,0,V2.3_RF_TREND
Haryana,Yamunanagar,2025-11-22,0,0.0,+5d,2.0,0,0.10266369047619048,0,V2.3_RF_TREND
Haryana,Yamunanagar,2025-11-23,1,1.39,+5d,1.0,0,0.023172619047619046,0,V2.3_RF_TREND
Punjab,Amritsar,2025-10-15,12,35.05,+5d,20.0,1,0.9093333333333335,1,V2.3_RF_TREND
Punjab,Amritsar,2025-10-16,16,68.16,+5d,19.0,1,0.9249583333333332,1,V2.3_RF_TREND
Punjab,Amritsar,2025-10-17,8,32.87,+5d,22.0,1,0.8766249999999998,1,V2.3_RF_TREND
Punjab,Amritsar,2025-10-18,6,21.91,+5d,16.0,1,0.8277499999999998,1,V2.3_RF_TREND
Punjab,Amritsar,2025-10-19,45,240.68,+5d,1.0,0,0.8926041666666665,1,V2.3_RF_TREND
Punjab,Amritsar,2025-10-20,20,92.65,+5d,13.0,1,0.9630535714285715,1,V2.3_RF_TREND
Punjab,Amritsar,2025-10-21,19,88.28,+5d,22.0,1,0.9752083333333335,1,V2.3_RF_TREND
Punjab,Amritsar,2025-10-22,22,118.74,+5d,24.0,1,0.9808749999999999,1,V2.3_RF_TREND
Punjab,Amritsar,2025-10-23,16,66.03,+5d,6.0,1,0.9886309523809522,1,V2.3_RF_TREND
Punjab,Amritsar,2025-10-24,1,2.08,+5d,7.0,1,0.8500833333333335,1,V2.3_RF_TREND
Punjab,Amritsar,2025-10-25,13,47.41,+5d,23.0,1,0.8918749999999999,1,V2.3_RF_TREND
Punjab,Amritsar,2025-10-26,22,98.56,+5d,27.0,1,0.9074166666666669,1,V2.3_RF_TREND
Punjab,Amritsar,2025-10-27,24,90.37,+5d,37.0,1,0.9591249999999998,1,V2.3_RF_TREND
Punjab,Amritsar,2025-10-28,6,33.58,+5d,28.0,1,0.9352083333333334,1,V2.3_RF_TREND
Punjab,Amritsar,2025-10-29,7,37.73,+5d,9.0,1,0.9128333333333335,1,V2.3_RF_TREND
Punjab,Amritsar,2025-10-30,23,143.86,+5d,26.0,1,0.9065625000000002,1,V2.3_RF_TREND
Punjab,Amritsar,2025-10-31,27,94.06,+5d,29.0,1,0.9517916666666666,1,V2.3_RF_TREND
Punjab,Amritsar,2025-11-01,37,118.21,+5d,23.0,1,0.8370238095238095,1,V2.3_RF_TREND
Punjab,Amritsar,2025-11-02,28,109.47,+5d,8.0,1,0.9157083333333332,1,V2.3_RF_TREND
Punjab,Amritsar,2025-11-03,9,30.4,+5d,13.0,1,0.8469374999999999,1,V2.3_RF_TREND
Punjab,Amritsar,2025-11-04,26,112.51,+5d,15.0,1,0.8943749999999997,1,V2.3_RF_TREND
Punjab,Amritsar,2025-11-05,29,131.59,+5d,9.0,1,0.662,1,V2.3_RF_TREND
Punjab,Amritsar,2025-11-06,23,109.0,+5d,7.0,1,0.5439583333333334,1,V2.3_RF_TREND
Punjab,Amritsar,2025-11-07,8,31.31,+5d,4.0,1,0.7398749999999997,1,V2.3_RF_TREND
Punjab,Amritsar,2025-11-08,13,70.85,+5d,2.0,0,0.7684642857142856,1,V2.3_RF_TREND
Punjab,Amritsar,2025-11-09,15,46.38,+5d,2.0,0,0.739875,1,V2.3_RF_TREND
Punjab,Amritsar,2025-11-10,9,34.5,+5d,2.0,0,0.6284761904761906,1,V2.3_RF_TREND
Punjab,Amritsar,2025-11-11,7,14.15,+5d,6.0,1,0.5859166666666666,1,V2.3_RF_TREND
Punjab,Amritsar,2025-11-12,4,9.57,+5d,0.0,0,0.474315476190476,1,V2.3_RF_TREND
Punjab,Amritsar,2025-11-13,2,5.67,+5d,0.0,0,0.423297619047619,1,V2.3_RF_TREND
Punjab,Amritsar,2025-11-14,2,10.12,+5d,0.0,0,0.32327976190476193,0,V2.3_RF_TREND
Punjab,Amritsar,2025-11-15,2,8.0,+5d,0.0,0,0.3377003968253969,0,V2.3_RF_TREND
Punjab,Amritsar,2025-11-16,6,30.14,+5d,0.0,0,0.40508333333333335,1,V2.3_RF_TREND
Punjab,Amritsar,2025-11-17,0,0.0,+5d,1.0,0,0.3879166666666668,1,V2.3_RF_TREND
Punjab,Amritsar,2025-11-18,0,0.0,+5d,4.0,1,0.249952380952381,0,V2.3_RF_TREND
Punjab,Amritsar,2025-11-19,0,0.0,+5d,0.0,0,0.29702976190476205,0,V2.3_RF_TREND
Punjab,Amritsar,2025-11-20,0,0.0,+5d,0.0,0,0.12327083333333333,0,V2.3_RF_TREND
Punjab,Amritsar,2025-11-21,0,0.0,+5d,0.0,0,0.11452083333333332,0,V2.3_RF_TREND
Punjab,Amritsar,2025-11-22,1,3.81,+5d,0.0,0,0.11783333333333329,0,V2.3_RF_TREND
Punjab,Amritsar,2025-11-23,4,13.1,+5d,0.0,0,0.31860863095238107,0,V2.3_RF_TREND
Punjab,Barnala,2025-10-15,0,0.0,+5d,0.0,0,0.24983029470529472,0,V2.3_RF_TREND
Punjab,Barnala,2025-10-16,0,0.0,+5d,0.0,0,0.1413660300427542,0,V2.3_RF_TREND
Punjab,Barnala,2025-10-17,0,0.0,+5d,0.0,0,0.24819850288600293,0,V2.3_RF_TREND
Punjab,Barnala,2025-10-18,0,0.0,+5d,0.0,0,0.35271765067509114,0,V2.3_RF_TREND
Punjab,Barnala,2025-10-19,0,0.0,+5d,0.0,0,0.4884803197870249,1,V2.3_RF_TREND
Punjab,Barnala,2025-10-20,0,0.0,+5d,0.0,0,0.37606703862374374,0,V2.3_RF_TREND
Punjab,Barnala,2025-10-21,0,0.0,+5d,3.0,1,0.2778171912488963,0,V2.3_RF_TREND
Punjab,Barnala,2025-10-22,0,0.0,+5d,2.0,0,0.26415667284573097,0,V2.3_RF_TREND
Punjab,Barnala,2025-10-23,0,0.0,+5d,1.0,0,0.17814149358055167,0,V2.3_RF_TREND
Punjab,Barnala,2025-10-24,0,0.0,+5d,3.0,1,0.26612267498085074,0,V2.3_RF_TREND
Punjab,Barnala,2025-10-25,0,0.0,+5d,3.0,1,0.15085355466761277,0,V2.3_RF_TREND
Punjab,Barnala,2025-10-26,3,7.86,+5d,6.0,1,0.35819146155568576,0,V2.3_RF_TREND
Punjab,Barnala,2025-10-27,2,7.640000000000001,+5d,10.0,1,0.5713839285714285,1,V2.3_RF_TREND
Punjab,Barnala,2025-10-28,1,4.59,+5d,8.0,1,0.6345405844155843,1,V2.3_RF_TREND
Punjab,Barnala,2025-10-29,3,16.8,+5d,6.0,1,0.7036626984126984,1,V2.3_RF_TREND
Punjab,Barnala,2025-10-30,3,18.94,+5d,12.0,1,0.7482062590187593,1,V2.3_RF_TREND
Punjab,Barnala,2025-10-31,6,37.17,+5d,2.0,0,0.8295208333333334,1,V2.3_RF_TREND
Punjab,Barnala,2025-11-01,10,56.52,+5d,1.0,0,0.6858095238095241,1,V2.3_RF_TREND
Punjab,Barnala,2025-11-02,8,45.7,+5d,0.0,0,0.6149900793650793,1,V2.3_RF_TREND
Punjab,Barnala,2025-11-03,6,37.37,+5d,2.0,0,0.6086746031746032,1,V2.3_RF_TREND
Punjab,Barnala,2025-11-04,12,124.62,+5d,4.0,1,0.7418055555555556,1,V2.3_RF_TREND
Punjab,Barnala,2025-11-05,2,10.62,+5d,8.0,1,0.5102083333333335,1,V2.3_RF_TREND
Punjab,Barnala,2025-11-06,1,1.65,+5d,2.0,0,0.444422619047619,1,V2.3_RF_TREND
Punjab,Barnala,2025-11-07,0,0.0,+5d,2.0,0,0.48886904761904776,1,V2.3_RF_TREND
Punjab,Barnala,2025-11-08,2,4.4,+5d,2.0,0,0.2838422619047618,0,V2.3_RF_TREND
Punjab,Barnala,2025-11-09,4,11.85,+5d,1.0,0,0.438811507936508,1,V2.3_RF_TREND
Punjab,Barnala,2025-11-10,8,38.44,+5d,5.0,1,0.5913333333333333,1,V2.3_RF_TREND
Punjab,Barnala,2025-11-11,2,5.19,+5d,1.0,0,0.39167857142857143,1,V2.3_RF_TREND
Punjab,Barnala,2025-11-12,2,39.4,+5d,0.0,0,0.47166666666666673,1,V2.3_RF_TREND
Punjab,Barnala,2025-11-13,2,15.18,+5d,0.0,0,0.48417261904761916,1,V2.3_RF_TREND
Punjab,Barnala,2025-11-14,1,3.39,+5d,0.0,0,0.32708333333333334,0,V2.3_RF_TREND
Punjab,Barnala,2025-11-15,5,33.09,+5d,0.0,0,0.403125,1,V2.3_RF_TREND
Punjab,Barnala,2025-11-16,1,1.66,+5d,0.0,0,0.35525595238095237,0,V2.3_RF_TREND
Punjab,Barnala,2025-11-17,0,0.0,+5d,0.0,0,0.24166666666666667,0,V2.3_RF_TREND
Punjab,Barnala,2025-11-18,0,0.0,+5d,0.0,0,0.27300000000000013,0,V2.3_RF_TREND
Punjab,Barnala,2025-11-19,0,0.0,+5d,0.0,0,0.19164285714285717,0,V2.3_RF_TREND
Punjab,Barnala,2025-11-20,0,0.0,+5d,0.0,0,0.1660267857142857,0,V2.3_RF_TREND
Punjab,Barnala,2025-11-21,0,0.0,+5d,0.0,0,0.04075,0,V2.3_RF_TREND
Punjab,Barnala,2025-11-22,0,0.0,+5d,0.0,0,0.15831845238095235,0,V2.3_RF_TREND
Punjab,Barnala,2025-11-23,0,0.0,+5d,0.0,0,0.022,0,V2.3_RF_TREND
Punjab,Bathinda,2025-10-15,1,1.18,+5d,5.0,1,0.4210643939393938,1,V2.3_RF_TREND
Punjab,Bathinda,2025-10-16,0,0.0,+5d,2.0,0,0.22965602453102454,0,V2.3_RF_TREND
Punjab,Bathinda,2025-10-17,4,63.8,+5d,17.0,1,0.6631011904761905,1,V2.3_RF_TREND
Punjab,Bathinda,2025-10-18,0,0.0,+5d,3.0,1,0.4829583333333333,1,V2.3_RF_TREND
Punjab,Bathinda,2025-10-19,0,0.0,+5d,4.0,1,0.4428235653235653,1,V2.3_RF_TREND
Punjab,Bathinda,2025-10-20,5,17.72,+5d,7.0,1,0.6719077380952378,1,V2.3_RF_TREND
Punjab,Bathinda,2025-10-21,2,4.890000000000001,+5d,13.0,1,0.6827083333333331,1,V2.3_RF_TREND
Punjab,Bathinda,2025-10-22,17,87.66,+5d,8.0,1,0.8169583333333336,1,V2.3_RF_TREND
Punjab,Bathinda,2025-10-23,3,19.55,+5d,9.0,1,0.7714851190476191,1,V2.3_RF_TREND
Punjab,Bathinda,2025-10-24,4,28.48,+5d,13.0,1,0.7404027777777776,1,V2.3_RF_TREND
Punjab,Bathinda,2025-10-25,7,29.89,+5d,18.0,1,0.7992470238095237,1,V2.3_RF_TREND
Punjab,Bathinda,2025-10-26,13,74.64,+5d,41.0,1,0.9292291666666668,1,V2.3_RF_TREND
Punjab,Bathinda,2025-10-27,8,43.22,+5d,26.0,1,0.8588452380952382,1,V2.3_RF_TREND
Punjab,Bathinda,2025-10-28,9,58.940000000000005,+5d,30.0,1,0.9527083333333332,1,V2.3_RF_TREND
Punjab,Bathinda,2025-10-29,13,140.1,+5d,17.0,1,0.8769166666666665,1,V2.3_RF_TREND
Punjab,Bathinda,2025-10-30,18,127.21,+5d,27.0,1,0.9860833333333335,1,V2.3_RF_TREND
Punjab,Bathinda,2025-10-31,41,315.65000000000003,+5d,12.0,1,0.9710833333333333,1,V2.3_RF_TREND
Punjab,Bathinda,2025-11-01,26,202.89,+5d,24.0,1,0.8181428571428575,1,V2.3_RF_TREND
Punjab,Bathinda,2025-11-02,30,221.48,+5d,41.0,1,0.7801984126984128,1,V2.3_RF_TREND
Punjab,Bathinda,2025-11-03,17,79.41,+5d,20.0,1,0.8467500000000001,1,V2.3_RF_TREND
Punjab,Bathinda,2025-11-04,27,125.34,+5d,18.0,1,0.892708333333333,1,V2.3_RF_TREND
Punjab,Bathinda,2025-11-05,12,44.44,+5d,35.0,1,0.6161666666666668,1,V2.3_RF_TREND
Punjab,Bathinda,2025-11-06,24,116.88,+5d,32.0,1,0.5114404761904762,1,V2.3_RF_TREND
Punjab,Bathinda,2025-11-07,41,237.32,+5d,15.0,1,0.5985833333333332,1,V2.3_RF_TREND
Punjab,Bathinda,2025-11-08,20,100.05,+5d,14.0,1,0.7535,1,V2.3_RF_TREND
Punjab,Bathinda,2025-11-09,18,112.56,+5d,20.0,1,0.7205833333333332,1,V2.3_RF_TREND
Punjab,Bathinda,2025-11-10,35,228.03,+5d,11.0,1,0.8853154761904761,1,V2.3_RF_TREND
Punjab,Bathinda,2025-11-11,32,118.04,+5d,37.0,1,0.8347083333333333,1,V2.3_RF_TREND
Punjab,Bathinda,2025-11-12,15,44.18,+5d,13.0,1,0.8288333333333334,1,V2.3_RF_TREND
Punjab,Bathinda,2025-11-13,14,69.72,+5d,6.0,1,0.866857142857143,1,V2.3_RF_TREND
Punjab,Bathinda,2025-11-14,20,112.79,+5d,6.0,1,0.8756250000000001,1,V2.3_RF_TREND
Punjab,Bathinda,2025-11-15,11,34.54,+5d,7.0,1,0.7097916666666666,1,V2.3_RF_TREND
Punjab,Bathinda,2025-11-16,37,147.55,+5d,8.0,1,0.6889404761904763,1,V2.3_RF_TREND
Punjab,Bathinda,2025-11-17,13,55.79,+5d,7.0,1,0.6970416666666668,1,V2.3_RF_TREND
Punjab,Bathinda,2025-11-18,6,25.15,+5d,1.0,0,0.5970208333333332,1,V2.3_RF_TREND
Punjab,Bathinda,2025-11-19,6,39.8,+5d,1.0,0,0.6941250000000001,1,V2.3_RF_TREND
Punjab,Bathinda,2025-11-20,7,21.46,+5d,0.0,0,0.18770833333333337,0,V2.3_RF_TREND
Punjab,Bathinda,2025-11-21,8,30.63,+5d,1.0,0,0.13773363095238095,0,V2.3_RF_TREND
Punjab,Bathinda,2025-11-22,7,37.75,+5d,1.0,0,0.10354017857142857,0,V2.3_RF_TREND
Punjab,Bathinda,2025-11-23,1,1.89,+5d,0.0,0,0.1764861111111111,0,V2.3_RF_TREND
Punjab,Faridkot,2025-10-15,0,0.0,+5d,0.0,0,0.21670119487791897,0,V2.3_RF_TREND
Punjab,Faridkot,2025-10-16,1,2.22,+5d,2.0,0,0.39612094873517273,1,V2.3_RF_TREND
Punjab,Faridkot,2025-10-17,1,5.47,+5d,5.0,1,0.5297524142524143,1,V2.3_RF_TREND
Punjab,Faridkot,2025-10-18,0,0.0,+5d,1.0,0,0.4056822027373498,1,V2.3_RF_TREND
Punjab,Faridkot,2025-10-19,1,5.6,+5d,2.0,0,0.5661771978021976,1,V2.3_RF_TREND
Punjab,Faridkot,2025-10-20,0,0.0,+5d,5.0,1,0.3814218975468976,1,V2.3_RF_TREND
Punjab,Faridkot,2025-10-21,2,7.15,+5d,5.0,1,0.5250652958152957,1,V2.3_RF_TREND
Punjab,Faridkot,2025-10-22,5,24.04,+5d,3.0,1,0.7828601190476189,1,V2.3_RF_TREND
Punjab,Faridkot,2025-10-23,1,6.57,+5d,2.0,0,0.674052489177489,1,V2.3_RF_TREND
Punjab,Faridkot,2025-10-24,2,5.51,+5d,9.0,1,0.5625615079365077,1,V2.3_RF_TREND
Punjab,Faridkot,2025-10-25,5,26.76,+5d,5.0,1,0.7516250000000002,1,V2.3_RF_TREND
Punjab,Faridkot,2025-10-26,5,17.33,+5d,9.0,1,0.8795624999999998,1,V2.3_RF_TREND
Punjab,Faridkot,2025-10-27,3,11.5,+5d,4.0,1,0.7650277777777778,1,V2.3_RF_TREND
Punjab,Faridkot,2025-10-28,2,8.79,+5d,8.0,1,0.5958611111111112,1,V2.3_RF_TREND
Punjab,Faridkot,2025-10-29,9,88.17,+5d,0.0,0,0.8727083333333334,1,V2.3_RF_TREND
Punjab,Faridkot,2025-10-30,5,17.3,+5d,11.0,1,0.8242857142857143,1,V2.3_RF_TREND
Punjab,Faridkot,2025-10-31,9,39.27,+5d,12.0,1,0.8367083333333332,1,V2.3_RF_TREND
Punjab,Faridkot,2025-11-01,4,28.95,+5d,19.0,1,0.5456190476190477,1,V2.3_RF_TREND
Punjab,Faridkot,2025-11-02,8,50.22,+5d,8.0,1,0.5036746031746032,1,V2.3_RF_TREND
Punjab,Faridkot,2025-11-03,0,0.0,+5d,15.0,1,0.3877638888888889,1,V2.3_RF_TREND
Punjab,Faridkot,2025-11-04,11,61.760000000000005,+5d,20.0,1,0.5220000000000001,1,V2.3_RF_TREND
Punjab,Faridkot,2025-11-05,12,48.12,+5d,3.0,1,0.5339583333333333,1,V2.3_RF_TREND
Punjab,Faridkot,2025-11-06,19,138.35,+5d,9.0,1,0.5474702380952381,1,V2.3_RF_TREND
Punjab,Faridkot,2025-11-07,8,23.32,+5d,3.0,1,0.6630535714285715,1,V2.3_RF_TREND
Punjab,Faridkot,2025-11-08,15,90.21,+5d,4.0,1,0.8145238095238095,1,V2.3_RF_TREND
Punjab,Faridkot,2025-11-09,20,190.47,+5d,0.0,0,0.8766666666666667,1,V2.3_RF_TREND
Punjab,Faridkot,2025-11-10,3,10.91,+5d,2.0,0,0.6377559523809523,1,V2.3_RF_TREND
Punjab,Faridkot,2025-11-11,9,65.49,+5d,7.0,1,0.6637023809523808,1,V2.3_RF_TREND
Punjab,Faridkot,2025-11-12,3,11.0,+5d,4.0,1,0.6148214285714285,1,V2.3_RF_TREND
Punjab,Faridkot,2025-11-13,4,12.6,+5d,0.0,0,0.4118432539682539,1,V2.3_RF_TREND
Punjab,Faridkot,2025-11-14,0,0.0,+5d,2.0,0,0.4680654761904762,1,V2.3_RF_TREND
Punjab,Faridkot,2025-11-15,2,6.69,+5d,2.0,0,0.29724107142857137,0,V2.3_RF_TREND
Punjab,Faridkot,2025-11-16,7,34.44,+5d,0.0,0,0.48480952380952397,1,V2.3_RF_TREND
Punjab,Faridkot,2025-11-17,4,30.05,+5d,0.0,0,0.5250119047619047,1,V2.3_RF_TREND
Punjab,Faridkot,2025-11-18,0,0.0,+5d,0.0,0,0.3195119047619048,0,V2.3_RF_TREND
Punjab,Faridkot,2025-11-19,2,17.740000000000002,+5d,0.0,0,0.3610833333333334,0,V2.3_RF_TREND
Punjab,Faridkot,2025-11-20,2,11.43,+5d,0.0,0,0.16795238095238094,0,V2.3_RF_TREND
Punjab,Faridkot,2025-11-21,0,0.0,+5d,0.0,0,0.14491666666666667,0,V2.3_RF_TREND
Punjab,Faridkot,2025-11-22,0,0.0,+5d,0.0,0,0.1568333333333333,0,V2.3_RF_TREND
Punjab,Faridkot,2025-11-23,0,0.0,+5d,0.0,0,0.19740178571428568,0,V2.3_RF_TREND
Punjab,Fatehgarh Sahib,2025-10-15,0,0.0,+5d,1.0,0,0.27308200133200133,0,V2.3_RF_TREND
Punjab,Fatehgarh Sahib,2025-10-16,0,0.0,+5d,6.0,1,0.1373366910866911,0,V2.3_RF_TREND
Punjab,Fatehgarh Sahib,2025-10-17,0,0.0,+5d,2.0,0,0.18312716450216446,0,V2.3_RF_TREND
Punjab,Fatehgarh Sahib,2025-10-18,0,0.0,+5d,0.0,0,0.3602896203720609,0,V2.3_RF_TREND
Punjab,Fatehgarh Sahib,2025-10-19,4,20.89,+5d,0.0,0,0.7525365259740259,1,V2.3_RF_TREND
Punjab,Fatehgarh Sahib,2025-10-20,1,1.79,+5d,0.0,0,0.6460465367965368,1,V2.3_RF_TREND
Punjab,Fatehgarh Sahib,2025-10-21,6,26.86,+5d,14.0,1,0.8256190476190476,1,V2.3_RF_TREND
Punjab,Fatehgarh Sahib,2025-10-22,2,12.03,+5d,3.0,1,0.8250416666666665,1,V2.3_RF_TREND
Punjab,Fatehgarh Sahib,2025-10-23,0,0.0,+5d,4.0,1,0.6366388888888889,1,V2.3_RF_TREND
Punjab,Fatehgarh Sahib,2025-10-24,0,0.0,+5d,3.0,1,0.48934706959706953,1,V2.3_RF_TREND
Punjab,Fatehgarh Sahib,2025-10-25,0,0.0,+5d,0.0,0,0.42888014069264074,1,V2.3_RF_TREND
Punjab,Fatehgarh Sahib,2025-10-26,14,44.94,+5d,5.0,1,0.8382083333333334,1,V2.3_RF_TREND
Punjab,Fatehgarh Sahib,2025-10-27,3,49.03,+5d,8.0,1,0.7992291666666667,1,V2.3_RF_TREND
Punjab,Fatehgarh Sahib,2025-10-28,4,19.14,+5d,5.0,1,0.8455515873015872,1,V2.3_RF_TREND
Punjab,Fatehgarh Sahib,2025-10-29,3,33.61,+5d,1.0,0,0.8008333333333334,1,V2.3_RF_TREND
Punjab,Fatehgarh Sahib,2025-10-30,0,0.0,+5d,3.0,1,0.5198382936507937,1,V2.3_RF_TREND
Punjab,Fatehgarh Sahib,2025-10-31,5,28.4,+5d,6.0,1,0.6704642857142856,1,V2.3_RF_TREND
Punjab,Fatehgarh Sahib,2025-11-01,8,57.0,+5d,6.0,1,0.708875,1,V2.3_RF_TREND
Punjab,Fatehgarh Sahib,2025-11-02,5,30.47,+5d,8.0,1,0.5707261904761904,1,V2.3_RF_TREND
Punjab,Fatehgarh Sahib,2025-11-03,1,4.68,+5d,8.0,1,0.39061904761904764,1,V2.3_RF_TREND
Punjab,Fatehgarh Sahib,2025-11-04,3,19.16,+5d,5.0,1,0.5169999999999999,1,V2.3_RF_TREND
Punjab,Fatehgarh Sahib,2025-11-05,6,19.16,+5d,1.0,0,0.4290119047619047,1,V2.3_RF_TREND
Punjab,Fatehgarh Sahib,2025-11-06,6,9.41,+5d,3.0,1,0.42278571428571415,1,V2.3_RF_TREND
Punjab,Fatehgarh Sahib,2025-11-07,8,23.52,+5d,1.0,0,0.3499107142857143,0,V2.3_RF_TREND
Punjab,Fatehgarh Sahib,2025-11-08,8,33.71,+5d,0.0,0,0.36107142857142854,0,V2.3_RF_TREND
Punjab,Fatehgarh Sahib,2025-11-09,5,24.72,+5d,2.0,0,0.4421309523809523,1,V2.3_RF_TREND
Punjab,Fatehgarh Sahib,2025-11-10,1,3.45,+5d,3.0,1,0.4141904761904761,1,V2.3_RF_TREND
Punjab,Fatehgarh Sahib,2025-11-11,3,7.37,+5d,4.0,1,0.35279166666666667,0,V2.3_RF_TREND
Punjab,Fatehgarh Sahib,2025-11-12,1,7.2,+5d,1.0,0,0.26937500000000003,0,V2.3_RF_TREND
Punjab,Fatehgarh Sahib,2025-11-13,0,0.0,+5d,1.0,0,0.24999999999999992,0,V2.3_RF_TREND
Punjab,Fatehgarh Sahib,2025-11-14,2,4.34,+5d,6.0,1,0.28913690476190473,0,V2.3_RF_TREND
Punjab,Fatehgarh Sahib,2025-11-15,3,6.069999999999999,+5d,3.0,1,0.28077976190476195,0,V2.3_RF_TREND
Punjab,Fatehgarh Sahib,2025-11-16,4,6.75,+5d,0.0,0,0.34125297619047623,0,V2.3_RF_TREND
Punjab,Fatehgarh Sahib,2025-11-17,1,3.37,+5d,0.0,0,0.25225595238095244,0,V2.3_RF_TREND
Punjab,Fatehgarh Sahib,2025-11-18,1,3.68,+5d,0.0,0,0.2412916666666667,0,V2.3_RF_TREND
Punjab,Fatehgarh Sahib,2025-11-19,6,22.45,+5d,0.0,0,0.45633333333333326,1,V2.3_RF_TREND
Punjab,Fatehgarh Sahib,2025-11-20,3,3.65,+5d,0.0,0,0.23962500000000003,0,V2.3_RF_TREND
Punjab,Fatehgarh Sahib,2025-11-21,0,0.0,+5d,0.0,0,0.11067261904761903,0,V2.3_RF_TREND
Punjab,Fatehgarh Sahib,2025-11-22,0,0.0,+5d,1.0,0,0.17839583333333334,0,V2.3_RF_TREND
Punjab,Fatehgarh Sahib,2025-11-23,0,0.0,+5d,0.0,0,0.1414722222222222,0,V2.3_RF_TREND
Punjab,Fazilka,2025-10-15,0,0.0,+5d,7.0,1,0.43956349206349193,1,V2.3_RF_TREND
Punjab,Fazilka,2025-10-16,2,8.14,+5d,4.0,1,0.467194264069264,1,V2.3_RF_TREND
Punjab,Fazilka,2025-10-17,3,11.59,+5d,2.0,0,0.6569583333333333,1,V2.3_RF_TREND
Punjab,Fazilka,2025-10-18,0,0.0,+5d,0.0,0,0.455172619047619,1,V2.3_RF_TREND
Punjab,Fazilka,2025-10-19,4,18.04,+5d,4.0,1,0.5799375,1,V2.3_RF_TREND
Punjab,Fazilka,2025-10-20,7,33.6,+5d,0.0,0,0.8177042748917751,1,V2.3_RF_TREND
Punjab,Fazilka,2025-10-21,4,18.44,+5d,7.0,1,0.8286230158730157,1,V2.3_RF_TREND
Punjab,Fazilka,2025-10-22,2,40.43,+5d,1.0,0,0.7559732142857142,1,V2.3_RF_TREND
Punjab,Fazilka,2025-10-23,0,0.0,+5d,2.0,0,0.4815178571428571,1,V2.3_RF_TREND
Punjab,Fazilka,2025-10-24,4,27.34,+5d,4.0,1,0.6789444444444441,1,V2.3_RF_TREND
Punjab,Fazilka,2025-10-25,0,0.0,+5d,5.0,1,0.49845833333333345,1,V2.3_RF_TREND
Punjab,Fazilka,2025-10-26,7,29.8,+5d,10.0,1,0.7237916666666667,1,V2.3_RF_TREND
Punjab,Fazilka,2025-10-27,1,3.99,+5d,12.0,1,0.6099166666666668,1,V2.3_RF_TREND
Punjab,Fazilka,2025-10-28,2,11.98,+5d,13.0,1,0.5194861111111111,1,V2.3_RF_TREND
Punjab,Fazilka,2025-10-29,4,27.86,+5d,13.0,1,0.6111249999999998,1,V2.3_RF_TREND
Punjab,Fazilka,2025-10-30,5,24.56,+5d,16.0,1,0.8354375,1,V2.3_RF_TREND
Punjab,Fazilka,2025-10-31,10,44.28,+5d,18.0,1,0.6552916666666667,1,V2.3_RF_TREND
Punjab,Fazilka,2025-11-01,12,57.93,+5d,25.0,1,0.7016845238095241,1,V2.3_RF_TREND
Punjab,Fazilka,2025-11-02,13,84.34,+5d,20.0,1,0.6577678571428572,1,V2.3_RF_TREND
Punjab,Fazilka,2025-11-03,13,134.76,+5d,24.0,1,0.7351428571428571,1,V2.3_RF_TREND
Punjab,Fazilka,2025-11-04,16,119.84,+5d,46.0,1,0.8551607142857143,1,V2.3_RF_TREND
Punjab,Fazilka,2025-11-05,18,102.75,+5d,17.0,1,0.6312708333333333,1,V2.3_RF_TREND
Punjab,Fazilka,2025-11-06,25,259.03000000000003,+5d,23.0,1,0.5734583333333333,1,V2.3_RF_TREND
Punjab,Fazilka,2025-11-07,20,154.25,+5d,14.0,1,0.7124166666666666,1,V2.3_RF_TREND
Punjab,Fazilka,2025-11-08,24,119.77,+5d,19.0,1,0.8229305555555555,1,V2.3_RF_TREND
Punjab,Fazilka,2025-11-09,46,255.47,+5d,29.0,1,0.9275416666666666,1,V2.3_RF_TREND
Punjab,Fazilka,2025-11-10,17,96.81,+5d,18.0,1,0.7622222222222222,1,V2.3_RF_TREND
Punjab,Fazilka,2025-11-11,23,189.2,+5d,29.0,1,0.8118749999999999,1,V2.3_RF_TREND
Punjab,Fazilka,2025-11-12,14,117.91,+5d,7.0,1,0.8386904761904763,1,V2.3_RF_TREND
Punjab,Fazilka,2025-11-13,19,143.35,+5d,3.0,1,0.7911666666666666,1,V2.3_RF_TREND
Punjab,Fazilka,2025-11-14,29,271.5,+5d,10.0,1,0.7434821428571428,1,V2.3_RF_TREND
Punjab,Fazilka,2025-11-15,18,61.9,+5d,1.0,0,0.7604166666666667,1,V2.3_RF_TREND
Punjab,Fazilka,2025-11-16,29,117.8,+5d,10.0,1,0.7389821428571429,1,V2.3_RF_TREND
Punjab,Fazilka,2025-11-17,7,33.87,+5d,4.0,1,0.7166071428571428,1,V2.3_RF_TREND
Punjab,Fazilka,2025-11-18,3,15.489999999999998,+5d,3.0,1,0.6630416666666666,1,V2.3_RF_TREND
Punjab,Fazilka,2025-11-19,10,25.72,+5d,0.0,0,0.6832619047619046,1,V2.3_RF_TREND
Punjab,Fazilka,2025-11-20,1,6.82,+5d,5.0,1,0.13763492063492064,0,V2.3_RF_TREND
Punjab,Fazilka,2025-11-21,10,59.63,+5d,1.0,0,0.17258928571428572,0,V2.3_RF_TREND
Punjab,Fazilka,2025-11-22,4,25.17,+5d,4.0,1,0.15363541666666666,0,V2.3_RF_TREND
Punjab,Fazilka,2025-11-23,3,33.96,+5d,2.0,0,0.18110069444444438,0,V2.3_RF_TREND
Punjab,Ferozepur,2025-10-15,3,12.61,+5d,18.0,1,0.7659027777777777,1,V2.3_RF_TREND
Punjab,Ferozepur,2025-10-16,9,81.17999999999999,+5d,31.0,1,0.8933958333333334,1,V2.3_RF_TREND
Punjab,Ferozepur,2025-10-17,7,33.97,+5d,18.0,1,0.8884583333333331,1,V2.3_RF_TREND
Punjab,Ferozepur,2025-10-18,10,29.47,+5d,5.0,1,0.8800416666666667,1,V2.3_RF_TREND
Punjab,Ferozepur,2025-10-19,7,76.3,+5d,7.0,1,0.8531964285714285,1,V2.3_RF_TREND
Punjab,Ferozepur,2025-10-20,18,144.3,+5d,12.0,1,0.8800982142857144,1,V2.3_RF_TREND
Punjab,Ferozepur,2025-10-21,31,177.18,+5d,25.0,1,0.9594107142857143,1,V2.3_RF_TREND
Punjab,Ferozepur,2025-10-22,18,137.65,+5d,14.0,1,0.9545833333333335,1,V2.3_RF_TREND
Punjab,Ferozepur,2025-10-23,5,19.84,+5d,10.0,1,0.8819583333333333,1,V2.3_RF_TREND
Punjab,Ferozepur,2025-10-24,7,31.76,+5d,27.0,1,0.8557083333333333,1,V2.3_RF_TREND
Punjab,Ferozepur,2025-10-25,12,88.68,+5d,43.0,1,0.8455000000000003,1,V2.3_RF_TREND
Punjab,Ferozepur,2025-10-26,25,167.95,+5d,35.0,1,0.9250416666666668,1,V2.3_RF_TREND
Punjab,Ferozepur,2025-10-27,14,99.84,+5d,33.0,1,0.9354999999999998,1,V2.3_RF_TREND
Punjab,Ferozepur,2025-10-28,10,50.78,+5d,47.0,1,0.8900000000000001,1,V2.3_RF_TREND
Punjab,Ferozepur,2025-10-29,27,342.41,+5d,26.0,1,0.9501666666666666,1,V2.3_RF_TREND
Punjab,Ferozepur,2025-10-30,43,284.75,+5d,69.0,1,0.9895,1,V2.3_RF_TREND
Punjab,Ferozepur,2025-10-31,35,223.29,+5d,5.0,1,0.9608333333333333,1,V2.3_RF_TREND
Punjab,Ferozepur,2025-11-01,33,243.13,+5d,20.0,1,0.8414166666666668,1,V2.3_RF_TREND
Punjab,Ferozepur,2025-11-02,47,320.26,+5d,48.0,1,0.8390833333333336,1,V2.3_RF_TREND
Punjab,Ferozepur,2025-11-03,26,130.48,+5d,46.0,1,0.8153511904761908,1,V2.3_RF_TREND
Punjab,Ferozepur,2025-11-04,69,518.02,+5d,77.0,1,0.8930416666666666,1,V2.3_RF_TREND
Punjab,Ferozepur,2025-11-05,5,39.5,+5d,39.0,1,0.5892083333333333,1,V2.3_RF_TREND
Punjab,Ferozepur,2025-11-06,20,166.86,+5d,23.0,1,0.5456964285714284,1,V2.3_RF_TREND
Punjab,Ferozepur,2025-11-07,48,253.48,+5d,22.0,1,0.689315476190476,1,V2.3_RF_TREND
Punjab,Ferozepur,2025-11-08,46,301.38,+5d,21.0,1,0.7981875,1,V2.3_RF_TREND
Punjab,Ferozepur,2025-11-09,77,484.15,+5d,12.0,1,0.822375,1,V2.3_RF_TREND
Punjab,Ferozepur,2025-11-10,39,197.49,+5d,20.0,1,0.900625,1,V2.3_RF_TREND
Punjab,Ferozepur,2025-11-11,23,143.03,+5d,19.0,1,0.8102738095238096,1,V2.3_RF_TREND
Punjab,Ferozepur,2025-11-12,22,96.13,+5d,2.0,0,0.8406726190476194,1,V2.3_RF_TREND
Punjab,Ferozepur,2025-11-13,21,122.98,+5d,4.0,1,0.8891666666666665,1,V2.3_RF_TREND
Punjab,Ferozepur,2025-11-14,12,70.94,+5d,1.0,0,0.7369374999999998,1,V2.3_RF_TREND
Punjab,Ferozepur,2025-11-15,20,267.89,+5d,1.0,0,0.76,1,V2.3_RF_TREND
Punjab,Ferozepur,2025-11-16,19,94.6,+5d,1.0,0,0.7455416666666665,1,V2.3_RF_TREND
Punjab,Ferozepur,2025-11-17,2,7.55,+5d,3.0,1,0.6347499999999999,1,V2.3_RF_TREND
Punjab,Ferozepur,2025-11-18,4,10.27,+5d,0.0,0,0.6332083333333334,1,V2.3_RF_TREND
Punjab,Ferozepur,2025-11-19,1,4.64,+5d,2.0,0,0.4430773809523808,1,V2.3_RF_TREND
Punjab,Ferozepur,2025-11-20,1,3.39,+5d,1.0,0,0.2255426587301587,0,V2.3_RF_TREND
Punjab,Ferozepur,2025-11-21,1,3.06,+5d,0.0,0,0.23908134920634924,0,V2.3_RF_TREND
Punjab,Ferozepur,2025-11-22,3,9.88,+5d,1.0,0,0.27371081349206355,0,V2.3_RF_TREND
Punjab,Ferozepur,2025-11-23,0,0.0,+5d,0.0,0,0.27629265873015874,0,V2.3_RF_TREND
Punjab,Gurdaspur,2025-10-15,0,0.0,+5d,10.0,1,0.5466116522366522,1,V2.3_RF_TREND
Punjab,Gurdaspur,2025-10-16,1,3.49,+5d,11.0,1,0.5746904761904763,1,V2.3_RF_TREND
Punjab,Gurdaspur,2025-10-17,2,6.96,+5d,18.0,1,0.5930630411255412,1,V2.3_RF_TREND
Punjab,Gurdaspur,2025-10-18,3,11.97,+5d,5.0,1,0.7898720238095237,1,V2.3_RF_TREND
Punjab,Gurdaspur,2025-10-19,4,9.85,+5d,4.0,1,0.7885000000000001,1,V2.3_RF_TREND
Punjab,Gurdaspur,2025-10-20,10,38.04,+5d,7.0,1,0.9327291666666666,1,V2.3_RF_TREND
Punjab,Gurdaspur,2025-10-21,11,53.23,+5d,23.0,1,0.9136041666666667,1,V2.3_RF_TREND
Punjab,Gurdaspur,2025-10-22,18,68.9,+5d,9.0,1,0.9708333333333333,1,V2.3_RF_TREND
Punjab,Gurdaspur,2025-10-23,5,11.48,+5d,5.0,1,0.8963928571428569,1,V2.3_RF_TREND
Punjab,Gurdaspur,2025-10-24,4,15.14,+5d,0.0,0,0.8672083333333331,1,V2.3_RF_TREND
Punjab,Gurdaspur,2025-10-25,7,20.9,+5d,5.0,1,0.7832083333333333,1,V2.3_RF_TREND
Punjab,Gurdaspur,2025-10-26,23,92.27,+5d,10.0,1,0.9201666666666667,1,V2.3_RF_TREND
Punjab,Gurdaspur,2025-10-27,9,22.0,+5d,10.0,1,0.7686249999999997,1,V2.3_RF_TREND
Punjab,Gurdaspur,2025-10-28,5,21.13,+5d,6.0,1,0.7986785714285713,1,V2.3_RF_TREND
Punjab,Gurdaspur,2025-10-29,0,0.0,+5d,3.0,1,0.7552083333333335,1,V2.3_RF_TREND
Punjab,Gurdaspur,2025-10-30,5,31.75,+5d,5.0,1,0.6435535714285714,1,V2.3_RF_TREND
Punjab,Gurdaspur,2025-10-31,10,31.14,+5d,2.0,0,0.7112916666666667,1,V2.3_RF_TREND
Punjab,Gurdaspur,2025-11-01,10,37.7,+5d,6.0,1,0.6672083333333333,1,V2.3_RF_TREND
Punjab,Gurdaspur,2025-11-02,6,26.83,+5d,6.0,1,0.4501488095238095,1,V2.3_RF_TREND
Punjab,Gurdaspur,2025-11-03,3,10.03,+5d,5.0,1,0.4533333333333332,1,V2.3_RF_TREND
Punjab,Gurdaspur,2025-11-04,5,22.94,+5d,4.0,1,0.5332916666666667,1,V2.3_RF_TREND
Punjab,Gurdaspur,2025-11-05,2,4.93,+5d,12.0,1,0.4000059523809525,1,V2.3_RF_TREND
Punjab,Gurdaspur,2025-11-06,6,27.17,+5d,6.0,1,0.3289642857142858,0,V2.3_RF_TREND
Punjab,Gurdaspur,2025-11-07,6,15.24,+5d,2.0,0,0.3092916666666667,0,V2.3_RF_TREND
Punjab,Gurdaspur,2025-11-08,5,17.650000000000002,+5d,0.0,0,0.4422678571428571,1,V2.3_RF_TREND
Punjab,Gurdaspur,2025-11-09,4,15.5,+5d,0.0,0,0.3527619047619047,0,V2.3_RF_TREND
Punjab,Gurdaspur,2025-11-10,12,49.24,+5d,0.0,0,0.6152083333333335,1,V2.3_RF_TREND
Punjab,Gurdaspur,2025-11-11,6,18.61,+5d,1.0,0,0.4506726190476189,1,V2.3_RF_TREND
Punjab,Gurdaspur,2025-11-12,2,4.21,+5d,0.0,0,0.42297023809523787,1,V2.3_RF_TREND
Punjab,Gurdaspur,2025-11-13,0,0.0,+5d,0.0,0,0.3402083333333333,0,V2.3_RF_TREND
Punjab,Gurdaspur,2025-11-14,0,0.0,+5d,0.0,0,0.24283333333333332,0,V2.3_RF_TREND
Punjab,Gurdaspur,2025-11-15,0,0.0,+5d,0.0,0,0.2411428571428572,0,V2.3_RF_TREND
Punjab,Gurdaspur,2025-11-16,1,3.47,+5d,0.0,0,0.1831746031746032,0,V2.3_RF_TREND
Punjab,Gurdaspur,2025-11-17,0,0.0,+5d,1.0,0,0.24239583333333337,0,V2.3_RF_TREND
Punjab,Gurdaspur,2025-11-18,0,0.0,+5d,0.0,0,0.11788095238095236,0,V2.3_RF_TREND
Punjab,Gurdaspur,2025-11-19,0,0.0,+5d,0.0,0,0.09238293650793651,0,V2.3_RF_TREND
Punjab,Gurdaspur,2025-11-20,0,0.0,+5d,0.0,0,0.04274329836829837,0,V2.3_RF_TREND
Punjab,Gurdaspur,2025-11-21,0,0.0,+5d,0.0,0,0.06104166666666667,0,V2.3_RF_TREND
Punjab,Gurdaspur,2025-11-22,1,3.23,+5d,0.0,0,0.05805769230769231,0,V2.3_RF_TREND
Punjab,Gurdaspur,2025-11-23,0,0.0,+5d,0.0,0,0.06804166666666667,0,V2.3_RF_TREND
Punjab,Hoshiarpur,2025-10-15,0,0.0,+5d,0.0,0,0.2185640438345179,0,V2.3_RF_TREND
Punjab,Hoshiarpur,2025-10-16,0,0.0,+5d,1.0,0,0.14468279314076726,0,V2.3_RF_TREND
Punjab,Hoshiarpur,2025-10-17,0,0.0,+5d,1.0,0,0.14897148361695775,0,V2.3_RF_TREND
Punjab,Hoshiarpur,2025-10-18,0,0.0,+5d,0.0,0,0.3263951641338545,0,V2.3_RF_TREND
Punjab,Hoshiarpur,2025-10-19,0,0.0,+5d,3.0,1,0.4675486952432681,1,V2.3_RF_TREND
Punjab,Hoshiarpur,2025-10-20,0,0.0,+5d,1.0,0,0.3234644016773568,0,V2.3_RF_TREND
Punjab,Hoshiarpur,2025-10-21,1,2.05,+5d,3.0,1,0.5870716195920935,1,V2.3_RF_TREND
Punjab,Hoshiarpur,2025-10-22,1,1.95,+5d,1.0,0,0.5997024540354281,1,V2.3_RF_TREND
Punjab,Hoshiarpur,2025-10-23,0,0.0,+5d,1.0,0,0.24975723003848008,0,V2.3_RF_TREND
Punjab,Hoshiarpur,2025-10-24,3,8.99,+5d,2.0,0,0.6078180465367965,1,V2.3_RF_TREND
Punjab,Hoshiarpur,2025-10-25,1,3.5,+5d,1.0,0,0.8154810606060606,1,V2.3_RF_TREND
Punjab,Hoshiarpur,2025-10-26,3,8.4,+5d,7.0,1,0.6817935606060604,1,V2.3_RF_TREND
Punjab,Hoshiarpur,2025-10-27,1,1.99,+5d,11.0,1,0.6553244047619049,1,V2.3_RF_TREND
Punjab,Hoshiarpur,2025-10-28,1,1.76,+5d,2.0,0,0.4844375000000001,1,V2.3_RF_TREND
Punjab,Hoshiarpur,2025-10-29,2,9.41,+5d,0.0,0,0.6332916666666667,1,V2.3_RF_TREND
Punjab,Hoshiarpur,2025-10-30,1,4.77,+5d,3.0,1,0.6351774891774892,1,V2.3_RF_TREND
Punjab,Hoshiarpur,2025-10-31,7,13.48,+5d,1.0,0,0.5650079365079366,1,V2.3_RF_TREND
Punjab,Hoshiarpur,2025-11-01,11,59.01,+5d,0.0,0,0.7611250000000002,1,V2.3_RF_TREND
Punjab,Hoshiarpur,2025-11-02,2,4.35,+5d,0.0,0,0.4725178571428571,1,V2.3_RF_TREND
Punjab,Hoshiarpur,2025-11-03,0,0.0,+5d,0.0,0,0.43863095238095234,1,V2.3_RF_TREND
Punjab,Hoshiarpur,2025-11-04,3,9.78,+5d,0.0,0,0.5457103174603174,1,V2.3_RF_TREND
Punjab,Hoshiarpur,2025-11-05,1,0.53,+5d,1.0,0,0.40466865079365083,1,V2.3_RF_TREND
Punjab,Hoshiarpur,2025-11-06,0,0.0,+5d,4.0,1,0.2400446428571428,0,V2.3_RF_TREND
Punjab,Hoshiarpur,2025-11-07,0,0.0,+5d,1.0,0,0.24034523809523808,0,V2.3_RF_TREND
Punjab,Hoshiarpur,2025-11-08,0,0.0,+5d,1.0,0,0.1825833333333333,0,V2.3_RF_TREND
Punjab,Hoshiarpur,2025-11-09,0,0.0,+5d,0.0,0,0.10143181818181816,0,V2.3_RF_TREND
Punjab,Hoshiarpur,2025-11-10,1,3.59,+5d,1.0,0,0.08642239357864356,0,V2.3_RF_TREND
Punjab,Hoshiarpur,2025-11-11,4,13.02,+5d,0.0,0,0.44791666666666663,1,V2.3_RF_TREND
Punjab,Hoshiarpur,2025-11-12,1,2.58,+5d,1.0,0,0.28230086580086583,0,V2.3_RF_TREND
Punjab,Hoshiarpur,2025-11-13,1,4.07,+5d,1.0,0,0.27386336580086584,0,V2.3_RF_TREND
Punjab,Hoshiarpur,2025-11-14,0,0.0,+5d,1.0,0,0.28981872294372296,0,V2.3_RF_TREND
Punjab,Hoshiarpur,2025-11-15,1,5.82,+5d,0.0,0,0.19022916666666667,0,V2.3_RF_TREND
Punjab,Hoshiarpur,2025-11-16,0,0.0,+5d,0.0,0,0.1627234848484848,0,V2.3_RF_TREND
Punjab,Hoshiarpur,2025-11-17,1,2.83,+5d,0.0,0,0.1278693181818182,0,V2.3_RF_TREND
Punjab,Hoshiarpur,2025-11-18,1,3.42,+5d,0.0,0,0.2070568181818182,0,V2.3_RF_TREND
Punjab,Hoshiarpur,2025-11-19,1,3.11,+5d,2.0,0,0.16793181818181818,0,V2.3_RF_TREND
Punjab,Hoshiarpur,2025-11-20,0,0.0,+5d,0.0,0,0.1330151515151515,0,V2.3_RF_TREND
Punjab,Hoshiarpur,2025-11-21,0,0.0,+5d,2.0,0,0.07085890151515152,0,V2.3_RF_TREND
Punjab,Hoshiarpur,2025-11-22,0,0.0,+5d,1.0,0,0.12146753246753245,0,V2.3_RF_TREND
Punjab,Hoshiarpur,2025-11-23,0,0.0,+5d,0.0,0,0.06263072691197692,0,V2.3_RF_TREND
Punjab,Jalandhar,2025-10-15,0,0.0,+5d,2.0,0,0.24936655035577446,0,V2.3_RF_TREND
Punjab,Jalandhar,2025-10-16,0,0.0,+5d,3.0,1,0.19111491980241987,0,V2.3_RF_TREND
Punjab,Jalandhar,2025-10-17,4,14.38,+5d,4.0,1,0.6277468434343434,1,V2.3_RF_TREND
Punjab,Jalandhar,2025-10-18,2,9.96,+5d,1.0,0,0.8045833333333334,1,V2.3_RF_TREND
Punjab,Jalandhar,2025-10-19,0,0.0,+5d,0.0,0,0.6322162698412699,1,V2.3_RF_TREND
Punjab,Jalandhar,2025-10-20,2,9.15,+5d,8.0,1,0.6273303571428571,1,V2.3_RF_TREND
Punjab,Jalandhar,2025-10-21,3,16.41,+5d,12.0,1,0.8194791666666664,1,V2.3_RF_TREND
Punjab,Jalandhar,2025-10-22,4,15.63,+5d,8.0,1,0.887154761904762,1,V2.3_RF_TREND
Punjab,Jalandhar,2025-10-23,1,2.67,+5d,6.0,1,0.8228035714285714,1,V2.3_RF_TREND
Punjab,Jalandhar,2025-10-24,0,0.0,+5d,12.0,1,0.6596526251526253,1,V2.3_RF_TREND
Punjab,Jalandhar,2025-10-25,8,94.87,+5d,5.0,1,0.8690833333333332,1,V2.3_RF_TREND
Punjab,Jalandhar,2025-10-26,12,45.35,+5d,13.0,1,0.9269583333333334,1,V2.3_RF_TREND
Punjab,Jalandhar,2025-10-27,8,36.98,+5d,18.0,1,0.9023958333333333,1,V2.3_RF_TREND
Punjab,Jalandhar,2025-10-28,6,29.52,+5d,15.0,1,0.9032142857142857,1,V2.3_RF_TREND
Punjab,Jalandhar,2025-10-29,12,42.22,+5d,5.0,1,0.9204583333333332,1,V2.3_RF_TREND
Punjab,Jalandhar,2025-10-30,5,25.29,+5d,9.0,1,0.7171964285714284,1,V2.3_RF_TREND
Punjab,Jalandhar,2025-10-31,13,70.91,+5d,8.0,1,0.8733125000000002,1,V2.3_RF_TREND
Punjab,Jalandhar,2025-11-01,18,79.67999999999999,+5d,11.0,1,0.7006845238095236,1,V2.3_RF_TREND
Punjab,Jalandhar,2025-11-02,15,97.69,+5d,16.0,1,0.8018095238095241,1,V2.3_RF_TREND
Punjab,Jalandhar,2025-11-03,5,47.65,+5d,5.0,1,0.757452380952381,1,V2.3_RF_TREND
Punjab,Jalandhar,2025-11-04,9,61.24,+5d,9.0,1,0.7885416666666668,1,V2.3_RF_TREND
Punjab,Jalandhar,2025-11-05,8,5.93,+5d,16.0,1,0.6528244047619046,1,V2.3_RF_TREND
Punjab,Jalandhar,2025-11-06,11,34.28,+5d,19.0,1,0.42321428571428554,1,V2.3_RF_TREND
Punjab,Jalandhar,2025-11-07,16,78.03,+5d,10.0,1,0.41057738095238094,1,V2.3_RF_TREND
Punjab,Jalandhar,2025-11-08,5,17.88,+5d,4.0,1,0.5505119047619048,1,V2.3_RF_TREND
Punjab,Jalandhar,2025-11-09,9,30.61,+5d,1.0,0,0.5557559523809524,1,V2.3_RF_TREND
Punjab,Jalandhar,2025-11-10,16,64.49,+5d,2.0,0,0.5973690476190476,1,V2.3_RF_TREND
Punjab,Jalandhar,2025-11-11,19,152.87,+5d,4.0,1,0.6198333333333333,1,V2.3_RF_TREND
Punjab,Jalandhar,2025-11-12,10,33.88,+5d,1.0,0,0.6250952380952379,1,V2.3_RF_TREND
Punjab,Jalandhar,2025-11-13,4,17.48,+5d,1.0,0,0.6490714285714286,1,V2.3_RF_TREND
Punjab,Jalandhar,2025-11-14,1,1.66,+5d,1.0,0,0.6008988095238097,1,V2.3_RF_TREND
Punjab,Jalandhar,2025-11-15,2,7.02,+5d,0.0,0,0.3327202380952381,0,V2.3_RF_TREND
Punjab,Jalandhar,2025-11-16,4,21.23,+5d,1.0,0,0.36662500000000003,0,V2.3_RF_TREND
Punjab,Jalandhar,2025-11-17,1,1.76,+5d,0.0,0,0.36013095238095244,0,V2.3_RF_TREND
Punjab,Jalandhar,2025-11-18,1,2.9,+5d,0.0,0,0.32285714285714284,0,V2.3_RF_TREND
Punjab,Jalandhar,2025-11-19,1,4.82,+5d,7.0,1,0.22561309523809528,0,V2.3_RF_TREND
Punjab,Jalandhar,2025-11-20,0,0.0,+5d,0.0,0,0.11062499999999999,0,V2.3_RF_TREND
Punjab,Jalandhar,2025-11-21,1,3.67,+5d,1.0,0,0.1899047619047619,0,V2.3_RF_TREND
Punjab,Jalandhar,2025-11-22,0,0.0,+5d,0.0,0,0.12074404761904761,0,V2.3_RF_TREND
Punjab,Jalandhar,2025-11-23,0,0.0,+5d,2.0,0,0.12614583333333332,0,V2.3_RF_TREND
Punjab,Kapurthala,2025-10-15,0,0.0,+5d,0.0,0,0.34137614468864463,0,V2.3_RF_TREND
Punjab,Kapurthala,2025-10-16,2,19.36,+5d,18.0,1,0.5535910894660894,1,V2.3_RF_TREND
Punjab,Kapurthala,2025-10-17,0,0.0,+5d,6.0,1,0.48750595238095223,1,V2.3_RF_TREND
Punjab,Kapurthala,2025-10-18,1,2.11,+5d,5.0,1,0.5323958333333332,1,V2.3_RF_TREND
Punjab,Kapurthala,2025-10-19,0,0.0,+5d,2.0,0,0.5563540140415144,1,V2.3_RF_TREND
Punjab,Kapurthala,2025-10-20,0,0.0,+5d,8.0,1,0.4254829799829799,1,V2.3_RF_TREND
Punjab,Kapurthala,2025-10-21,18,162.19,+5d,13.0,1,0.8508787878787881,1,V2.3_RF_TREND
Punjab,Kapurthala,2025-10-22,6,27.200000000000003,+5d,14.0,1,0.8805416666666666,1,V2.3_RF_TREND
Punjab,Kapurthala,2025-10-23,5,18.61,+5d,3.0,1,0.9070892857142857,1,V2.3_RF_TREND
Punjab,Kapurthala,2025-10-24,2,13.5,+5d,18.0,1,0.8465178571428571,1,V2.3_RF_TREND
Punjab,Kapurthala,2025-10-25,8,66.05,+5d,12.0,1,0.9294583333333332,1,V2.3_RF_TREND
Punjab,Kapurthala,2025-10-26,13,79.31,+5d,31.0,1,0.9530000000000001,1,V2.3_RF_TREND
Punjab,Kapurthala,2025-10-27,14,51.09,+5d,35.0,1,0.9401875,1,V2.3_RF_TREND
Punjab,Kapurthala,2025-10-28,3,15.39,+5d,26.0,1,0.7634265873015876,1,V2.3_RF_TREND
Punjab,Kapurthala,2025-10-29,18,131.55,+5d,11.0,1,0.8956458333333334,1,V2.3_RF_TREND
Punjab,Kapurthala,2025-10-30,12,41.96,+5d,11.0,1,0.9172499999999999,1,V2.3_RF_TREND
Punjab,Kapurthala,2025-10-31,31,101.58,+5d,0.0,0,0.9229464285714286,1,V2.3_RF_TREND
Punjab,Kapurthala,2025-11-01,35,154.07,+5d,5.0,1,0.9193690476190476,1,V2.3_RF_TREND
Punjab,Kapurthala,2025-11-02,26,154.72,+5d,14.0,1,0.8740773809523809,1,V2.3_RF_TREND
Punjab,Kapurthala,2025-11-03,11,44.88,+5d,10.0,1,0.8309136904761903,1,V2.3_RF_TREND
Punjab,Kapurthala,2025-11-04,11,57.36,+5d,9.0,1,0.8835624999999999,1,V2.3_RF_TREND
Punjab,Kapurthala,2025-11-05,0,0.0,+5d,6.0,1,0.8319642857142857,1,V2.3_RF_TREND
Punjab,Kapurthala,2025-11-06,5,15.38,+5d,8.0,1,0.5258809523809522,1,V2.3_RF_TREND
Punjab,Kapurthala,2025-11-07,14,53.81,+5d,2.0,0,0.49006547619047625,1,V2.3_RF_TREND
Punjab,Kapurthala,2025-11-08,10,44.3,+5d,2.0,0,0.6053353174603175,1,V2.3_RF_TREND
Punjab,Kapurthala,2025-11-09,9,34.25,+5d,0.0,0,0.6146130952380952,1,V2.3_RF_TREND
Punjab,Kapurthala,2025-11-10,6,32.980000000000004,+5d,2.0,0,0.5512083333333332,1,V2.3_RF_TREND
Punjab,Kapurthala,2025-11-11,8,22.67,+5d,4.0,1,0.35886309523809523,0,V2.3_RF_TREND
Punjab,Kapurthala,2025-11-12,2,11.84,+5d,0.0,0,0.3863452380952381,1,V2.3_RF_TREND
Punjab,Kapurthala,2025-11-13,2,4.36,+5d,1.0,0,0.31259523809523815,0,V2.3_RF_TREND
Punjab,Kapurthala,2025-11-14,0,0.0,+5d,1.0,0,0.34908333333333325,0,V2.3_RF_TREND
Punjab,Kapurthala,2025-11-15,2,10.1,+5d,0.0,0,0.32186309523809525,0,V2.3_RF_TREND
Punjab,Kapurthala,2025-11-16,4,17.630000000000003,+5d,1.0,0,0.45937499999999987,1,V2.3_RF_TREND
Punjab,Kapurthala,2025-11-17,0,0.0,+5d,0.0,0,0.39062500000000006,1,V2.3_RF_TREND
Punjab,Kapurthala,2025-11-18,1,3.46,+5d,0.0,0,0.21057738095238096,0,V2.3_RF_TREND
Punjab,Kapurthala,2025-11-19,1,0.67,+5d,0.0,0,0.26612500000000017,0,V2.3_RF_TREND
Punjab,Kapurthala,2025-11-20,0,0.0,+5d,0.0,0,0.12302083333333334,0,V2.3_RF_TREND
Punjab,Kapurthala,2025-11-21,1,1.36,+5d,0.0,0,0.16798511904761906,0,V2.3_RF_TREND
Punjab,Kapurthala,2025-11-22,0,0.0,+5d,1.0,0,0.11250595238095236,0,V2.3_RF_TREND
Punjab,Kapurthala,2025-11-23,0,0.0,+5d,3.0,1,0.12520734126984123,0,V2.3_RF_TREND
Punjab,Ludhiana,2025-10-15,2,4.0200000000000005,+5d,0.0,0,0.4833214285714284,1,V2.3_RF_TREND
Punjab,Ludhiana,2025-10-16,0,0.0,+5d,0.0,0,0.3964613095238096,1,V2.3_RF_TREND
Punjab,Ludhiana,2025-10-17,0,0.0,+5d,1.0,0,0.18050432900432906,0,V2.3_RF_TREND
Punjab,Ludhiana,2025-10-18,0,0.0,+5d,0.0,0,0.4909563492063493,1,V2.3_RF_TREND
Punjab,Ludhiana,2025-10-19,1,1.78,+5d,1.0,0,0.6365621672388913,1,V2.3_RF_TREND
Punjab,Ludhiana,2025-10-20,0,0.0,+5d,6.0,1,0.5918601190476193,1,V2.3_RF_TREND
Punjab,Ludhiana,2025-10-21,0,0.0,+5d,4.0,1,0.32288773355710476,0,V2.3_RF_TREND
Punjab,Ludhiana,2025-10-22,1,2.57,+5d,7.0,1,0.5870168650793649,1,V2.3_RF_TREND
Punjab,Ludhiana,2025-10-23,0,0.0,+5d,8.0,1,0.2233971560846561,0,V2.3_RF_TREND
Punjab,Ludhiana,2025-10-24,1,1.54,+5d,7.0,1,0.4108113275613274,1,V2.3_RF_TREND
Punjab,Ludhiana,2025-10-25,6,21.11,+5d,2.0,0,0.780625,1,V2.3_RF_TREND
Punjab,Ludhiana,2025-10-26,4,15.24,+5d,21.0,1,0.8959721320346322,1,V2.3_RF_TREND
Punjab,Ludhiana,2025-10-27,7,13.43,+5d,19.0,1,0.7582599206349206,1,V2.3_RF_TREND
Punjab,Ludhiana,2025-10-28,8,36.38,+5d,33.0,1,0.9269999999999999,1,V2.3_RF_TREND
Punjab,Ludhiana,2025-10-29,7,41.97,+5d,13.0,1,0.9227083333333332,1,V2.3_RF_TREND
Punjab,Ludhiana,2025-10-30,2,12.87,+5d,31.0,1,0.7327986111111109,1,V2.3_RF_TREND
Punjab,Ludhiana,2025-10-31,21,66.55,+5d,33.0,1,0.8670416666666667,1,V2.3_RF_TREND
Punjab,Ludhiana,2025-11-01,19,87.58,+5d,39.0,1,0.7696428571428574,1,V2.3_RF_TREND
Punjab,Ludhiana,2025-11-02,33,183.02,+5d,50.0,1,0.8396011904761906,1,V2.3_RF_TREND
Punjab,Ludhiana,2025-11-03,13,65.13,+5d,33.0,1,0.8081428571428572,1,V2.3_RF_TREND
Punjab,Ludhiana,2025-11-04,31,162.89,+5d,32.0,1,0.9399166666666667,1,V2.3_RF_TREND
Punjab,Ludhiana,2025-11-05,33,192.2,+5d,34.0,1,0.652970238095238,1,V2.3_RF_TREND
Punjab,Ludhiana,2025-11-06,39,178.28,+5d,21.0,1,0.4570625000000001,1,V2.3_RF_TREND
Punjab,Ludhiana,2025-11-07,50,245.07,+5d,8.0,1,0.6366041666666667,1,V2.3_RF_TREND
Punjab,Ludhiana,2025-11-08,33,173.89,+5d,21.0,1,0.8702083333333331,1,V2.3_RF_TREND
Punjab,Ludhiana,2025-11-09,32,147.52,+5d,5.0,1,0.7526249999999999,1,V2.3_RF_TREND
Punjab,Ludhiana,2025-11-10,34,117.03,+5d,15.0,1,0.7911904761904763,1,V2.3_RF_TREND
Punjab,Ludhiana,2025-11-11,21,76.25,+5d,13.0,1,0.6493154761904762,1,V2.3_RF_TREND
Punjab,Ludhiana,2025-11-12,8,21.61,+5d,6.0,1,0.611845238095238,1,V2.3_RF_TREND
Punjab,Ludhiana,2025-11-13,21,102.31,+5d,1.0,0,0.7009404761904762,1,V2.3_RF_TREND
Punjab,Ludhiana,2025-11-14,5,24.01,+5d,0.0,0,0.6425892857142855,1,V2.3_RF_TREND
Punjab,Ludhiana,2025-11-15,15,41.52,+5d,6.0,1,0.6167499999999998,1,V2.3_RF_TREND
Punjab,Ludhiana,2025-11-16,13,48.39,+5d,1.0,0,0.6289999999999999,1,V2.3_RF_TREND
Punjab,Ludhiana,2025-11-17,6,20.63,+5d,1.0,0,0.40109523809523806,1,V2.3_RF_TREND
Punjab,Ludhiana,2025-11-18,1,2.8,+5d,1.0,0,0.4474583333333332,1,V2.3_RF_TREND
Punjab,Ludhiana,2025-11-19,0,0.0,+5d,0.0,0,0.351172619047619,0,V2.3_RF_TREND
Punjab,Ludhiana,2025-11-20,6,36.79,+5d,3.0,1,0.32522619047619045,0,V2.3_RF_TREND
Punjab,Ludhiana,2025-11-21,1,0.59,+5d,0.0,0,0.3067797619047619,0,V2.3_RF_TREND
Punjab,Ludhiana,2025-11-22,1,2.19,+5d,0.0,0,0.21758928571428576,0,V2.3_RF_TREND
Punjab,Ludhiana,2025-11-23,1,3.43,+5d,3.0,1,0.21058630952380958,0,V2.3_RF_TREND
Punjab,Malerkotla,2025-10-15,0,0.0,+5d,0.0,0,0.24910656728329136,0,V2.3_RF_TREND
Punjab,Malerkotla,2025-10-16,0,0.0,+5d,0.0,0,0.23471926684426694,0,V2.3_RF_TREND
Punjab,Malerkotla,2025-10-17,0,0.0,+5d,0.0,0,0.22677268588691007,0,V2.3_RF_TREND
Punjab,Malerkotla,2025-10-18,0,0.0,+5d,0.0,0,0.4602520967901661,1,V2.3_RF_TREND
Punjab,Malerkotla,2025-10-19,0,0.0,+5d,0.0,0,0.5094842880409933,1,V2.3_RF_TREND
Punjab,Malerkotla,2025-10-20,0,0.0,+5d,0.0,0,0.4146543402110454,1,V2.3_RF_TREND
Punjab,Malerkotla,2025-10-21,0,0.0,+5d,2.0,0,0.3289878261695312,0,V2.3_RF_TREND
Punjab,Malerkotla,2025-10-22,0,0.0,+5d,1.0,0,0.31288683157588965,0,V2.3_RF_TREND
Punjab,Malerkotla,2025-10-23,0,0.0,+5d,1.0,0,0.2282367316757898,0,V2.3_RF_TREND
Punjab,Malerkotla,2025-10-24,0,0.0,+5d,6.0,1,0.3042233214748796,0,V2.3_RF_TREND
Punjab,Malerkotla,2025-10-25,0,0.0,+5d,4.0,1,0.17756441611009194,0,V2.3_RF_TREND
Punjab,Malerkotla,2025-10-26,2,5.55,+5d,11.0,1,0.33284270614443023,0,V2.3_RF_TREND
Punjab,Malerkotla,2025-10-27,1,6.63,+5d,8.0,1,0.4508273809523809,1,V2.3_RF_TREND
Punjab,Malerkotla,2025-10-28,1,4.08,+5d,14.0,1,0.5034464285714285,1,V2.3_RF_TREND
Punjab,Malerkotla,2025-10-29,6,34.94,+5d,7.0,1,0.8030416666666669,1,V2.3_RF_TREND
Punjab,Malerkotla,2025-10-30,4,23.77,+5d,12.0,1,0.8271477272727271,1,V2.3_RF_TREND
Punjab,Malerkotla,2025-10-31,11,36.73,+5d,4.0,1,0.9036458333333335,1,V2.3_RF_TREND
Punjab,Malerkotla,2025-11-01,8,34.84,+5d,6.0,1,0.692622023809524,1,V2.3_RF_TREND
Punjab,Malerkotla,2025-11-02,14,95.62,+5d,10.0,1,0.6503650793650795,1,V2.3_RF_TREND
Punjab,Malerkotla,2025-11-03,7,24.62,+5d,7.0,1,0.6268293650793653,1,V2.3_RF_TREND
Punjab,Malerkotla,2025-11-04,12,73.54,+5d,6.0,1,0.7107083333333334,1,V2.3_RF_TREND
Punjab,Malerkotla,2025-11-05,4,25.35,+5d,11.0,1,0.575625,1,V2.3_RF_TREND
Punjab,Malerkotla,2025-11-06,6,14.16,+5d,3.0,1,0.36738095238095236,0,V2.3_RF_TREND
Punjab,Malerkotla,2025-11-07,10,37.27,+5d,6.0,1,0.3814166666666667,1,V2.3_RF_TREND
Punjab,Malerkotla,2025-11-08,7,21.61,+5d,1.0,0,0.36626190476190473,0,V2.3_RF_TREND
Punjab,Malerkotla,2025-11-09,6,21.06,+5d,1.0,0,0.3468710317460318,0,V2.3_RF_TREND
Punjab,Malerkotla,2025-11-10,11,41.59,+5d,1.0,0,0.40812499999999985,1,V2.3_RF_TREND
Punjab,Malerkotla,2025-11-11,3,6.94,+5d,1.0,0,0.3301369047619048,0,V2.3_RF_TREND
Punjab,Malerkotla,2025-11-12,6,40.16,+5d,0.0,0,0.3697500000000001,0,V2.3_RF_TREND
Punjab,Malerkotla,2025-11-13,1,1.8,+5d,0.0,0,0.3427619047619047,0,V2.3_RF_TREND
Punjab,Malerkotla,2025-11-14,1,3.34,+5d,0.0,0,0.28375000000000006,0,V2.3_RF_TREND
Punjab,Malerkotla,2025-11-15,1,8.85,+5d,0.0,0,0.28686904761904763,0,V2.3_RF_TREND
Punjab,Malerkotla,2025-11-16,1,1.52,+5d,0.0,0,0.2300476190476191,0,V2.3_RF_TREND
Punjab,Malerkotla,2025-11-17,0,0.0,+5d,1.0,0,0.24076190476190473,0,V2.3_RF_TREND
Punjab,Malerkotla,2025-11-18,0,0.0,+5d,0.0,0,0.20681150793650802,0,V2.3_RF_TREND
Punjab,Malerkotla,2025-11-19,0,0.0,+5d,0.0,0,0.14072222222222222,0,V2.3_RF_TREND
Punjab,Malerkotla,2025-11-20,0,0.0,+5d,0.0,0,0.10143154761904759,0,V2.3_RF_TREND
Punjab,Malerkotla,2025-11-21,0,0.0,+5d,0.0,0,0.06733333333333333,0,V2.3_RF_TREND
Punjab,Malerkotla,2025-11-22,1,4.83,+5d,0.0,0,0.14858333333333332,0,V2.3_RF_TREND
Punjab,Malerkotla,2025-11-23,0,0.0,+5d,2.0,0,0.08995833333333333,0,V2.3_RF_TREND
Punjab,Mansa,2025-10-15,0,0.0,+5d,5.0,1,0.23733658008658007,0,V2.3_RF_TREND
Punjab,Mansa,2025-10-16,0,0.0,+5d,5.0,1,0.26768127705627703,0,V2.3_RF_TREND
Punjab,Mansa,2025-10-17,0,0.0,+5d,2.0,0,0.2952132936507937,0,V2.3_RF_TREND
Punjab,Mansa,2025-10-18,0,0.0,+5d,6.0,1,0.30529163632995904,0,V2.3_RF_TREND
Punjab,Mansa,2025-10-19,0,0.0,+5d,0.0,0,0.3984686829001346,1,V2.3_RF_TREND
Punjab,Mansa,2025-10-20,5,22.81,+5d,0.0,0,0.6791377164502167,1,V2.3_RF_TREND
Punjab,Mansa,2025-10-21,5,23.85,+5d,1.0,0,0.7375227272727273,1,V2.3_RF_TREND
Punjab,Mansa,2025-10-22,2,3.5900000000000003,+5d,2.0,0,0.6644583333333333,1,V2.3_RF_TREND
Punjab,Mansa,2025-10-23,6,58.6,+5d,2.0,0,0.8613333333333333,1,V2.3_RF_TREND
Punjab,Mansa,2025-10-24,0,0.0,+5d,9.0,1,0.5844821428571428,1,V2.3_RF_TREND
Punjab,Mansa,2025-10-25,0,0.0,+5d,19.0,1,0.4624603174603175,1,V2.3_RF_TREND
Punjab,Mansa,2025-10-26,1,3.98,+5d,19.0,1,0.4862916666666665,1,V2.3_RF_TREND
Punjab,Mansa,2025-10-27,2,9.69,+5d,22.0,1,0.6194999999999997,1,V2.3_RF_TREND
Punjab,Mansa,2025-10-28,2,14.45,+5d,10.0,1,0.7549623015873016,1,V2.3_RF_TREND
Punjab,Mansa,2025-10-29,9,116.13,+5d,17.0,1,0.8339523809523812,1,V2.3_RF_TREND
Punjab,Mansa,2025-10-30,19,117.26,+5d,31.0,1,0.9334166666666666,1,V2.3_RF_TREND
Punjab,Mansa,2025-10-31,19,106.16,+5d,8.0,1,0.9689583333333333,1,V2.3_RF_TREND
Punjab,Mansa,2025-11-01,22,190.03,+5d,15.0,1,0.8424761904761907,1,V2.3_RF_TREND
Punjab,Mansa,2025-11-02,10,102.98,+5d,15.0,1,0.8553888888888888,1,V2.3_RF_TREND
Punjab,Mansa,2025-11-03,17,74.22,+5d,22.0,1,0.8084345238095239,1,V2.3_RF_TREND
Punjab,Mansa,2025-11-04,31,273.45,+5d,36.0,1,0.9111666666666668,1,V2.3_RF_TREND
Punjab,Mansa,2025-11-05,8,52.7,+5d,20.0,1,0.51375,1,V2.3_RF_TREND
Punjab,Mansa,2025-11-06,15,77.31,+5d,29.0,1,0.516297619047619,1,V2.3_RF_TREND
Punjab,Mansa,2025-11-07,15,79.3,+5d,8.0,1,0.6456250000000001,1,V2.3_RF_TREND
Punjab,Mansa,2025-11-08,22,151.06,+5d,12.0,1,0.6546964285714287,1,V2.3_RF_TREND
Punjab,Mansa,2025-11-09,36,283.91,+5d,9.0,1,0.7485833333333335,1,V2.3_RF_TREND
Punjab,Mansa,2025-11-10,20,99.55,+5d,3.0,1,0.7808125000000001,1,V2.3_RF_TREND
Punjab,Mansa,2025-11-11,29,184.88,+5d,7.0,1,0.6812738095238094,1,V2.3_RF_TREND
Punjab,Mansa,2025-11-12,8,31.23,+5d,6.0,1,0.7291964285714286,1,V2.3_RF_TREND
Punjab,Mansa,2025-11-13,12,64.41,+5d,1.0,0,0.7618154761904763,1,V2.3_RF_TREND
Punjab,Mansa,2025-11-14,9,70.73,+5d,4.0,1,0.7357738095238094,1,V2.3_RF_TREND
Punjab,Mansa,2025-11-15,3,8.5,+5d,3.0,1,0.5551170634920635,1,V2.3_RF_TREND
Punjab,Mansa,2025-11-16,7,26.28,+5d,2.0,0,0.587,1,V2.3_RF_TREND
Punjab,Mansa,2025-11-17,6,44.58,+5d,2.0,0,0.391452380952381,1,V2.3_RF_TREND
Punjab,Mansa,2025-11-18,1,2.46,+5d,1.0,0,0.4613541666666666,1,V2.3_RF_TREND
Punjab,Mansa,2025-11-19,4,46.84,+5d,0.0,0,0.3377797619047619,0,V2.3_RF_TREND
Punjab,Mansa,2025-11-20,3,9.329999999999998,+5d,1.0,0,0.15466666666666667,0,V2.3_RF_TREND
Punjab,Mansa,2025-11-21,2,3.75,+5d,1.0,0,0.1529583333333333,0,V2.3_RF_TREND
Punjab,Mansa,2025-11-22,2,5.38,+5d,0.0,0,0.11482738095238094,0,V2.3_RF_TREND
Punjab,Mansa,2025-11-23,1,2.02,+5d,0.0,0,0.17029166666666667,0,V2.3_RF_TREND
Punjab,Moga,2025-10-15,0,0.0,+5d,0.0,0,0.2119896564163805,0,V2.3_RF_TREND
Punjab,Moga,2025-10-16,1,2.06,+5d,2.0,0,0.35482416218838636,0,V2.3_RF_TREND
Punjab,Moga,2025-10-17,0,0.0,+5d,2.0,0,0.18464642326064734,0,V2.3_RF_TREND
Punjab,Moga,2025-10-18,0,0.0,+5d,3.0,1,0.3338766335460047,0,V2.3_RF_TREND
Punjab,Moga,2025-10-19,1,2.61,+5d,1.0,0,0.5776844407986645,1,V2.3_RF_TREND
Punjab,Moga,2025-10-20,0,0.0,+5d,4.0,1,0.35477484089984096,0,V2.3_RF_TREND
Punjab,Moga,2025-10-21,2,1.66,+5d,3.0,1,0.2923799794976265,0,V2.3_RF_TREND
Punjab,Moga,2025-10-22,2,5.529999999999999,+5d,4.0,1,0.5457260101010101,1,V2.3_RF_TREND
Punjab,Moga,2025-10-23,3,10.66,+5d,2.0,0,0.6902169913419914,1,V2.3_RF_TREND
Punjab,Moga,2025-10-24,1,3.21,+5d,5.0,1,0.6692310606060607,1,V2.3_RF_TREND
Punjab,Moga,2025-10-25,4,23.72,+5d,5.0,1,0.8093988095238095,1,V2.3_RF_TREND
Punjab,Moga,2025-10-26,3,20.72,+5d,21.0,1,0.8854434523809523,1,V2.3_RF_TREND
Punjab,Moga,2025-10-27,4,15.97,+5d,16.0,1,0.8583749999999998,1,V2.3_RF_TREND
Punjab,Moga,2025-10-28,2,12.66,+5d,20.0,1,0.7687896825396825,1,V2.3_RF_TREND
Punjab,Moga,2025-10-29,5,13.23,+5d,18.0,1,0.7366428571428572,1,V2.3_RF_TREND
Punjab,Moga,2025-10-30,5,15.63,+5d,44.0,1,0.6524761904761905,1,V2.3_RF_TREND
Punjab,Moga,2025-10-31,21,81.03,+5d,35.0,1,0.8880833333333331,1,V2.3_RF_TREND
Punjab,Moga,2025-11-01,16,58.99,+5d,36.0,1,0.720309523809524,1,V2.3_RF_TREND
Punjab,Moga,2025-11-02,20,72.94,+5d,47.0,1,0.7141210317460317,1,V2.3_RF_TREND
Punjab,Moga,2025-11-03,18,95.04,+5d,42.0,1,0.814906746031746,1,V2.3_RF_TREND
Punjab,Moga,2025-11-04,44,500.31,+5d,44.0,1,0.8497916666666667,1,V2.3_RF_TREND
Punjab,Moga,2025-11-05,35,215.97,+5d,42.0,1,0.6633333333333336,1,V2.3_RF_TREND
Punjab,Moga,2025-11-06,36,178.56,+5d,43.0,1,0.5809999999999998,1,V2.3_RF_TREND
Punjab,Moga,2025-11-07,47,249.28,+5d,6.0,1,0.7493333333333334,1,V2.3_RF_TREND
Punjab,Moga,2025-11-08,42,260.68,+5d,19.0,1,0.8295416666666666,1,V2.3_RF_TREND
Punjab,Moga,2025-11-09,44,261.92,+5d,5.0,1,0.8027083333333332,1,V2.3_RF_TREND
Punjab,Moga,2025-11-10,42,255.84,+5d,13.0,1,0.821875,1,V2.3_RF_TREND
Punjab,Moga,2025-11-11,43,211.15,+5d,8.0,1,0.6791666666666667,1,V2.3_RF_TREND
Punjab,Moga,2025-11-12,6,35.96,+5d,0.0,0,0.6808571428571429,1,V2.3_RF_TREND
Punjab,Moga,2025-11-13,19,121.15,+5d,1.0,0,0.7083988095238094,1,V2.3_RF_TREND
Punjab,Moga,2025-11-14,5,37.97,+5d,1.0,0,0.708125,1,V2.3_RF_TREND
Punjab,Moga,2025-11-15,13,134.83,+5d,1.0,0,0.6199583333333332,1,V2.3_RF_TREND
Punjab,Moga,2025-11-16,8,74.97,+5d,3.0,1,0.6335000000000001,1,V2.3_RF_TREND
Punjab,Moga,2025-11-17,0,0.0,+5d,1.0,0,0.6426884920634922,1,V2.3_RF_TREND
Punjab,Moga,2025-11-18,1,2.11,+5d,0.0,0,0.5542916666666666,1,V2.3_RF_TREND
Punjab,Moga,2025-11-19,1,3.99,+5d,2.0,0,0.33853571428571416,0,V2.3_RF_TREND
Punjab,Moga,2025-11-20,1,3.84,+5d,1.0,0,0.26888194444444447,0,V2.3_RF_TREND
Punjab,Moga,2025-11-21,3,8.82,+5d,2.0,0,0.2216860119047619,0,V2.3_RF_TREND
Punjab,Moga,2025-11-22,1,2.94,+5d,2.0,0,0.23632539682539686,0,V2.3_RF_TREND
Punjab,Moga,2025-11-23,0,0.0,+5d,2.0,0,0.17825099206349204,0,V2.3_RF_TREND
Punjab,Pathankot,2025-10-15,0,0.0,+5d,0.0,0,0.1172115396154443,0,V2.3_RF_TREND
Punjab,Pathankot,2025-10-16,1,2.9,+5d,0.0,0,0.36805582611832605,0,V2.3_RF_TREND
Punjab,Pathankot,2025-10-17,0,0.0,+5d,0.0,0,0.12769618504101263,0,V2.3_RF_TREND
Punjab,Pathankot,2025-10-18,0,0.0,+5d,0.0,0,0.2279602927029397,0,V2.3_RF_TREND
Punjab,Pathankot,2025-10-19,0,0.0,+5d,0.0,0,0.2570975443401915,0,V2.3_RF_TREND
Punjab,Pathankot,2025-10-20,0,0.0,+5d,0.0,0,0.1677604162511518,0,V2.3_RF_TREND
Punjab,Pathankot,2025-10-21,0,0.0,+5d,0.0,0,0.2957429000935326,0,V2.3_RF_TREND
Punjab,Pathankot,2025-10-22,0,0.0,+5d,0.0,0,0.15588469475043026,0,V2.3_RF_TREND
Punjab,Pathankot,2025-10-23,0,0.0,+5d,0.0,0,0.20566112934258096,0,V2.3_RF_TREND
Punjab,Pathankot,2025-10-24,0,0.0,+5d,0.0,0,0.09381550771141564,0,V2.3_RF_TREND
Punjab,Pathankot,2025-10-25,0,0.0,+5d,0.0,0,0.04483812996933205,0,V2.3_RF_TREND
Punjab,Pathankot,2025-10-26,0,0.0,+5d,0.0,0,0.01655149810704228,0,V2.3_RF_TREND
Punjab,Pathankot,2025-10-27,0,0.0,+5d,0.0,0,0.024879793452161875,0,V2.3_RF_TREND
Punjab,Pathankot,2025-10-28,0,0.0,+5d,1.0,0,0.02753832972582973,0,V2.3_RF_TREND
Punjab,Pathankot,2025-10-29,0,0.0,+5d,0.0,0,0.020053016062884486,0,V2.3_RF_TREND
Punjab,Pathankot,2025-10-30,0,0.0,+5d,2.0,0,0.038878412888281304,0,V2.3_RF_TREND
Punjab,Pathankot,2025-10-31,0,0.0,+5d,0.0,0,0.01818450956937799,0,V2.3_RF_TREND
Punjab,Pathankot,2025-11-01,0,0.0,+5d,0.0,0,0.013456439393939394,0,V2.3_RF_TREND
Punjab,Pathankot,2025-11-02,1,3.28,+5d,0.0,0,0.04531547619047619,0,V2.3_RF_TREND
Punjab,Pathankot,2025-11-03,0,0.0,+5d,1.0,0,0.0115,0,V2.3_RF_TREND
Punjab,Pathankot,2025-11-04,2,5.140000000000001,+5d,0.0,0,0.071,0,V2.3_RF_TREND
Punjab,Pathankot,2025-11-05,0,0.0,+5d,0.0,0,0.09195833333333335,0,V2.3_RF_TREND
Punjab,Pathankot,2025-11-06,0,0.0,+5d,0.0,0,0.013333333333333332,0,V2.3_RF_TREND
Punjab,Pathankot,2025-11-07,0,0.0,+5d,0.0,0,0.10367857142857144,0,V2.3_RF_TREND
Punjab,Pathankot,2025-11-08,1,2.62,+5d,0.0,0,0.030565476190476185,0,V2.3_RF_TREND
Punjab,Pathankot,2025-11-09,0,0.0,+5d,0.0,0,0.07391666666666667,0,V2.3_RF_TREND
Punjab,Pathankot,2025-11-10,0,0.0,+5d,2.0,0,0.003208333333333333,0,V2.3_RF_TREND
Punjab,Pathankot,2025-11-11,0,0.0,+5d,0.0,0,0.10010912698412698,0,V2.3_RF_TREND
Punjab,Pathankot,2025-11-12,0,0.0,+5d,0.0,0,0.0014772727272727272,0,V2.3_RF_TREND
Punjab,Pathankot,2025-11-13,0,0.0,+5d,0.0,0,0.006875,0,V2.3_RF_TREND
Punjab,Pathankot,2025-11-14,0,0.0,+5d,0.0,0,0.00022727272727272727,0,V2.3_RF_TREND
Punjab,Pathankot,2025-11-15,2,14.14,+5d,0.0,0,0.19645833333333335,0,V2.3_RF_TREND
Punjab,Pathankot,2025-11-16,0,0.0,+5d,0.0,0,0.17666071428571428,0,V2.3_RF_TREND
Punjab,Pathankot,2025-11-17,0,0.0,+5d,0.0,0,0.10532738095238094,0,V2.3_RF_TREND
Punjab,Pathankot,2025-11-18,0,0.0,+5d,0.0,0,0.2604059065934066,0,V2.3_RF_TREND
Punjab,Pathankot,2025-11-19,0,0.0,+5d,0.0,0,0.00022727272727272727,0,V2.3_RF_TREND
Punjab,Pathankot,2025-11-20,0,0.0,+5d,0.0,0,0.09788988095238095,0,V2.3_RF_TREND
Punjab,Pathankot,2025-11-21,0,0.0,+5d,0.0,0,0.001893939393939394,0,V2.3_RF_TREND
Punjab,Pathankot,2025-11-22,0,0.0,+5d,0.0,0,0.17005952380952383,0,V2.3_RF_TREND
Punjab,Pathankot,2025-11-23,0,0.0,+5d,0.0,0,0.00022727272727272727,0,V2.3_RF_TREND
Punjab,Patiala,2025-10-15,3,12.0,+5d,14.0,1,0.643997023809524,1,V2.3_RF_TREND
Punjab,Patiala,2025-10-16,3,11.35,+5d,18.0,1,0.7106685606060605,1,V2.3_RF_TREND
Punjab,Patiala,2025-10-17,4,7.54,+5d,11.0,1,0.6525202922077922,1,V2.3_RF_TREND
Punjab,Patiala,2025-10-18,2,6.69,+5d,2.0,0,0.7372916666666666,1,V2.3_RF_TREND
Punjab,Patiala,2025-10-19,6,32.99,+5d,1.0,0,0.8721011904761903,1,V2.3_RF_TREND
Punjab,Patiala,2025-10-20,14,55.83,+5d,10.0,1,0.8894791666666666,1,V2.3_RF_TREND
Punjab,Patiala,2025-10-21,18,67.72,+5d,4.0,1,0.9314583333333333,1,V2.3_RF_TREND
Punjab,Patiala,2025-10-22,11,39.35,+5d,11.0,1,0.952779761904762,1,V2.3_RF_TREND
Punjab,Patiala,2025-10-23,2,7.77,+5d,6.0,1,0.7772886904761904,1,V2.3_RF_TREND
Punjab,Patiala,2025-10-24,1,4.24,+5d,18.0,1,0.6166408730158731,1,V2.3_RF_TREND
Punjab,Patiala,2025-10-25,10,45.56,+5d,13.0,1,0.8585624999999999,1,V2.3_RF_TREND
Punjab,Patiala,2025-10-26,4,12.28,+5d,41.0,1,0.7210535714285716,1,V2.3_RF_TREND
Punjab,Patiala,2025-10-27,11,46.69,+5d,44.0,1,0.7864196428571429,1,V2.3_RF_TREND
Punjab,Patiala,2025-10-28,6,21.41,+5d,27.0,1,0.7390416666666667,1,V2.3_RF_TREND
Punjab,Patiala,2025-10-29,18,70.32,+5d,11.0,1,0.8684821428571429,1,V2.3_RF_TREND
Punjab,Patiala,2025-10-30,13,65.51,+5d,20.0,1,0.9139583333333334,1,V2.3_RF_TREND
Punjab,Patiala,2025-10-31,41,264.78,+5d,10.0,1,0.9477708333333333,1,V2.3_RF_TREND
Punjab,Patiala,2025-11-01,44,278.56,+5d,24.0,1,0.894559523809524,1,V2.3_RF_TREND
Punjab,Patiala,2025-11-02,27,170.95,+5d,12.0,1,0.8449761904761907,1,V2.3_RF_TREND
Punjab,Patiala,2025-11-03,11,56.78,+5d,21.0,1,0.8085000000000002,1,V2.3_RF_TREND
Punjab,Patiala,2025-11-04,20,118.09,+5d,30.0,1,0.9394166666666667,1,V2.3_RF_TREND
Punjab,Patiala,2025-11-05,10,30.91,+5d,6.0,1,0.6204166666666668,1,V2.3_RF_TREND
Punjab,Patiala,2025-11-06,24,97.21,+5d,11.0,1,0.48414880952380956,1,V2.3_RF_TREND
Punjab,Patiala,2025-11-07,12,65.89,+5d,1.0,0,0.5462083333333334,1,V2.3_RF_TREND
Punjab,Patiala,2025-11-08,21,243.72,+5d,3.0,1,0.6136250000000001,1,V2.3_RF_TREND
Punjab,Patiala,2025-11-09,30,182.96,+5d,1.0,0,0.68325,1,V2.3_RF_TREND
Punjab,Patiala,2025-11-10,6,24.25,+5d,4.0,1,0.7456666666666668,1,V2.3_RF_TREND
Punjab,Patiala,2025-11-11,11,77.24000000000001,+5d,2.0,0,0.6789404761904759,1,V2.3_RF_TREND
Punjab,Patiala,2025-11-12,1,2.2,+5d,0.0,0,0.5959940476190476,1,V2.3_RF_TREND
Punjab,Patiala,2025-11-13,3,15.05,+5d,3.0,1,0.5800833333333331,1,V2.3_RF_TREND
Punjab,Patiala,2025-11-14,1,1.7,+5d,0.0,0,0.5766071428571429,1,V2.3_RF_TREND
Punjab,Patiala,2025-11-15,4,46.42,+5d,0.0,0,0.4558253968253968,1,V2.3_RF_TREND
Punjab,Patiala,2025-11-16,2,1.79,+5d,2.0,0,0.5267361111111112,1,V2.3_RF_TREND
Punjab,Patiala,2025-11-17,0,0.0,+5d,0.0,0,0.2557500000000001,0,V2.3_RF_TREND
Punjab,Patiala,2025-11-18,3,17.46,+5d,0.0,0,0.3752500000000001,0,V2.3_RF_TREND
Punjab,Patiala,2025-11-19,0,0.0,+5d,0.0,0,0.306154761904762,0,V2.3_RF_TREND
Punjab,Patiala,2025-11-20,0,0.0,+5d,0.0,0,0.13860416666666667,0,V2.3_RF_TREND
Punjab,Patiala,2025-11-21,2,1.69,+5d,0.0,0,0.18911904761904766,0,V2.3_RF_TREND
Punjab,Patiala,2025-11-22,0,0.0,+5d,0.0,0,0.21519345238095247,0,V2.3_RF_TREND
Punjab,Patiala,2025-11-23,0,0.0,+5d,0.0,0,0.15172916666666664,0,V2.3_RF_TREND
Punjab,Rupnagar,2025-10-15,0,0.0,+5d,0.0,0,0.1720623684265925,0,V2.3_RF_TREND
Punjab,Rupnagar,2025-10-16,0,0.0,+5d,1.0,0,0.14875203292875708,0,V2.3_RF_TREND
Punjab,Rupnagar,2025-10-17,0,0.0,+5d,1.0,0,0.14812405673828086,0,V2.3_RF_TREND
Punjab,Rupnagar,2025-10-18,0,0.0,+5d,0.0,0,0.357440594398035,0,V2.3_RF_TREND
Punjab,Rupnagar,2025-10-19,0,0.0,+5d,0.0,0,0.45999473878306163,1,V2.3_RF_TREND
Punjab,Rupnagar,2025-10-20,0,0.0,+5d,0.0,0,0.32702614487696763,0,V2.3_RF_TREND
Punjab,Rupnagar,2025-10-21,1,4.11,+5d,1.0,0,0.5912725540742779,1,V2.3_RF_TREND
Punjab,Rupnagar,2025-10-22,1,2.34,+5d,0.0,0,0.5318609307359307,1,V2.3_RF_TREND
Punjab,Rupnagar,2025-10-23,0,0.0,+5d,0.0,0,0.21890130471380473,0,V2.3_RF_TREND
Punjab,Rupnagar,2025-10-24,0,0.0,+5d,0.0,0,0.25894080687830695,0,V2.3_RF_TREND
Punjab,Rupnagar,2025-10-25,0,0.0,+5d,0.0,0,0.26146025526197947,0,V2.3_RF_TREND
Punjab,Rupnagar,2025-10-26,1,2.98,+5d,2.0,0,0.2950974025974025,0,V2.3_RF_TREND
Punjab,Rupnagar,2025-10-27,0,0.0,+5d,0.0,0,0.14158234126984126,0,V2.3_RF_TREND
Punjab,Rupnagar,2025-10-28,0,0.0,+5d,2.0,0,0.1793015873015873,0,V2.3_RF_TREND
Punjab,Rupnagar,2025-10-29,0,0.0,+5d,0.0,0,0.14425198412698415,0,V2.3_RF_TREND
Punjab,Rupnagar,2025-10-30,0,0.0,+5d,0.0,0,0.16328447940947943,0,V2.3_RF_TREND
Punjab,Rupnagar,2025-10-31,2,5.83,+5d,0.0,0,0.2658196248196248,0,V2.3_RF_TREND
Punjab,Rupnagar,2025-11-01,0,0.0,+5d,0.0,0,0.15157577838827835,0,V2.3_RF_TREND
Punjab,Rupnagar,2025-11-02,2,4.390000000000001,+5d,0.0,0,0.17059126984126982,0,V2.3_RF_TREND
Punjab,Rupnagar,2025-11-03,0,0.0,+5d,1.0,0,0.13183333333333336,0,V2.3_RF_TREND
Punjab,Rupnagar,2025-11-04,0,0.0,+5d,0.0,0,0.02601388888888889,0,V2.3_RF_TREND
Punjab,Rupnagar,2025-11-05,0,0.0,+5d,0.0,0,0.08131764069264072,0,V2.3_RF_TREND
Punjab,Rupnagar,2025-11-06,0,0.0,+5d,1.0,0,0.013721320346320344,0,V2.3_RF_TREND
Punjab,Rupnagar,2025-11-07,0,0.0,+5d,0.0,0,0.07408928571428572,0,V2.3_RF_TREND
Punjab,Rupnagar,2025-11-08,1,4.05,+5d,0.0,0,0.05266666666666667,0,V2.3_RF_TREND
Punjab,Rupnagar,2025-11-09,0,0.0,+5d,0.0,0,0.11341666666666667,0,V2.3_RF_TREND
Punjab,Rupnagar,2025-11-10,0,0.0,+5d,0.0,0,0.011249999999999998,0,V2.3_RF_TREND
Punjab,Rupnagar,2025-11-11,1,1.61,+5d,0.0,0,0.07420833333333335,0,V2.3_RF_TREND
Punjab,Rupnagar,2025-11-12,0,0.0,+5d,0.0,0,0.026916666666666665,0,V2.3_RF_TREND
Punjab,Rupnagar,2025-11-13,0,0.0,+5d,0.0,0,0.014791666666666665,0,V2.3_RF_TREND
Punjab,Rupnagar,2025-11-14,0,0.0,+5d,0.0,0,0.008,0,V2.3_RF_TREND
Punjab,Rupnagar,2025-11-15,0,0.0,+5d,0.0,0,0.029708333333333326,0,V2.3_RF_TREND
Punjab,Rupnagar,2025-11-16,0,0.0,+5d,0.0,0,0.004791666666666666,0,V2.3_RF_TREND
Punjab,Rupnagar,2025-11-17,0,0.0,+5d,0.0,0,0.007102272727272726,0,V2.3_RF_TREND
Punjab,Rupnagar,2025-11-18,0,0.0,+5d,0.0,0,0.010333333333333335,0,V2.3_RF_TREND
Punjab,Rupnagar,2025-11-19,0,0.0,+5d,0.0,0,0.01043560606060606,0,V2.3_RF_TREND
Punjab,Rupnagar,2025-11-20,0,0.0,+5d,0.0,0,0.01168560606060606,0,V2.3_RF_TREND
Punjab,Rupnagar,2025-11-21,0,0.0,+5d,0.0,0,0.00793560606060606,0,V2.3_RF_TREND
Punjab,Rupnagar,2025-11-22,0,0.0,+5d,0.0,0,0.009185606060606059,0,V2.3_RF_TREND
Punjab,Rupnagar,2025-11-23,0,0.0,+5d,1.0,0,0.012102272727272725,0,V2.3_RF_TREND
Punjab,S A S Nagar,2025-10-15,0,0.0,+5d,4.0,1,0.1693475891924168,0,V2.3_RF_TREND
Punjab,S A S Nagar,2025-10-16,1,2.96,+5d,7.0,1,0.3628385642135641,0,V2.3_RF_TREND
Punjab,S A S Nagar,2025-10-17,0,0.0,+5d,5.0,1,0.19946482683982683,0,V2.3_RF_TREND
Punjab,S A S Nagar,2025-10-18,1,3.32,+5d,1.0,0,0.5000587329337329,1,V2.3_RF_TREND
Punjab,S A S Nagar,2025-10-19,2,7.34,+5d,3.0,1,0.6778331529581529,1,V2.3_RF_TREND
Punjab,S A S Nagar,2025-10-20,4,12.04,+5d,5.0,1,0.8354523809523807,1,V2.3_RF_TREND
Punjab,S A S Nagar,2025-10-21,7,30.56,+5d,6.0,1,0.911300595238095,1,V2.3_RF_TREND
Punjab,S A S Nagar,2025-10-22,5,14.5,+5d,2.0,0,0.9175833333333331,1,V2.3_RF_TREND
Punjab,S A S Nagar,2025-10-23,1,2.81,+5d,2.0,0,0.7977589285714286,1,V2.3_RF_TREND
Punjab,S A S Nagar,2025-10-24,3,13.09,+5d,6.0,1,0.6676200396825395,1,V2.3_RF_TREND
Punjab,S A S Nagar,2025-10-25,5,15.55,+5d,1.0,0,0.8197380952380954,1,V2.3_RF_TREND
Punjab,S A S Nagar,2025-10-26,6,17.49,+5d,8.0,1,0.8750714285714285,1,V2.3_RF_TREND
Punjab,S A S Nagar,2025-10-27,2,5.050000000000001,+5d,1.0,0,0.6841825396825398,1,V2.3_RF_TREND
Punjab,S A S Nagar,2025-10-28,2,5.97,+5d,1.0,0,0.5719583333333333,1,V2.3_RF_TREND
Punjab,S A S Nagar,2025-10-29,6,13.11,+5d,2.0,0,0.6010833333333333,1,V2.3_RF_TREND
Punjab,S A S Nagar,2025-10-30,1,4.68,+5d,0.0,0,0.6632380952380952,1,V2.3_RF_TREND
Punjab,S A S Nagar,2025-10-31,8,37.49,+5d,2.0,0,0.6329047619047617,1,V2.3_RF_TREND
Punjab,S A S Nagar,2025-11-01,1,3.44,+5d,0.0,0,0.4455238095238095,1,V2.3_RF_TREND
Punjab,S A S Nagar,2025-11-02,1,6.12,+5d,1.0,0,0.3741964285714285,0,V2.3_RF_TREND
Punjab,S A S Nagar,2025-11-03,2,9.99,+5d,2.0,0,0.46188888888888885,1,V2.3_RF_TREND
Punjab,S A S Nagar,2025-11-04,0,0.0,+5d,0.0,0,0.2415138888888889,0,V2.3_RF_TREND
Punjab,S A S Nagar,2025-11-05,2,4.29,+5d,0.0,0,0.3656567460317459,0,V2.3_RF_TREND
Punjab,S A S Nagar,2025-11-06,0,0.0,+5d,0.0,0,0.2619940476190477,0,V2.3_RF_TREND
Punjab,S A S Nagar,2025-11-07,1,9.43,+5d,1.0,0,0.2820416666666666,0,V2.3_RF_TREND
Punjab,S A S Nagar,2025-11-08,2,7.57,+5d,1.0,0,0.3238333333333333,0,V2.3_RF_TREND
Punjab,S A S Nagar,2025-11-09,0,0.0,+5d,0.0,0,0.12979166666666667,0,V2.3_RF_TREND
Punjab,S A S Nagar,2025-11-10,0,0.0,+5d,0.0,0,0.1920059523809524,0,V2.3_RF_TREND
Punjab,S A S Nagar,2025-11-11,0,0.0,+5d,0.0,0,0.16815590659340657,0,V2.3_RF_TREND
Punjab,S A S Nagar,2025-11-12,1,1.59,+5d,0.0,0,0.08275595238095239,0,V2.3_RF_TREND
Punjab,S A S Nagar,2025-11-13,1,8.49,+5d,0.0,0,0.23070833333333338,0,V2.3_RF_TREND
Punjab,S A S Nagar,2025-11-14,0,0.0,+5d,0.0,0,0.12166666666666666,0,V2.3_RF_TREND
Punjab,S A S Nagar,2025-11-15,0,0.0,+5d,0.0,0,0.15325,0,V2.3_RF_TREND
Punjab,S A S Nagar,2025-11-16,0,0.0,+5d,0.0,0,0.15826488095238095,0,V2.3_RF_TREND
Punjab,S A S Nagar,2025-11-17,0,0.0,+5d,0.0,0,0.00125,0,V2.3_RF_TREND
Punjab,S A S Nagar,2025-11-18,0,0.0,+5d,0.0,0,0.02304166666666666,0,V2.3_RF_TREND
Punjab,S A S Nagar,2025-11-19,0,0.0,+5d,1.0,0,0.00375,0,V2.3_RF_TREND
Punjab,S A S Nagar,2025-11-20,0,0.0,+5d,0.0,0,0.0750684523809524,0,V2.3_RF_TREND
Punjab,S A S Nagar,2025-11-21,0,0.0,+5d,0.0,0,0.004393939393939394,0,V2.3_RF_TREND
Punjab,S A S Nagar,2025-11-22,0,0.0,+5d,1.0,0,0.001893939393939394,0,V2.3_RF_TREND
Punjab,S A S Nagar,2025-11-23,0,0.0,+5d,0.0,0,0.003977272727272727,0,V2.3_RF_TREND
Punjab,Sangrur,2025-10-15,1,3.06,+5d,4.0,1,0.35158447802197806,0,V2.3_RF_TREND
Punjab,Sangrur,2025-10-16,1,2.95,+5d,10.0,1,0.46504761904761893,1,V2.3_RF_TREND
Punjab,Sangrur,2025-10-17,4,43.34,+5d,4.0,1,0.667911525974026,1,V2.3_RF_TREND
Punjab,Sangrur,2025-10-18,0,0.0,+5d,6.0,1,0.5364583333333335,1,V2.3_RF_TREND
Punjab,Sangrur,2025-10-19,2,8.45,+5d,11.0,1,0.5716934523809523,1,V2.3_RF_TREND
Punjab,Sangrur,2025-10-20,4,19.33,+5d,19.0,1,0.6977499999999998,1,V2.3_RF_TREND
Punjab,Sangrur,2025-10-21,10,67.47,+5d,27.0,1,0.8490584415584415,1,V2.3_RF_TREND
Punjab,Sangrur,2025-10-22,4,19.44,+5d,21.0,1,0.7688630952380953,1,V2.3_RF_TREND
Punjab,Sangrur,2025-10-23,6,55.41,+5d,13.0,1,0.909625,1,V2.3_RF_TREND
Punjab,Sangrur,2025-10-24,11,77.94,+5d,48.0,1,0.8868749999999999,1,V2.3_RF_TREND
Punjab,Sangrur,2025-10-25,19,200.61,+5d,65.0,1,0.9628749999999998,1,V2.3_RF_TREND
Punjab,Sangrur,2025-10-26,27,227.44,+5d,127.0,1,0.9534166666666666,1,V2.3_RF_TREND
Punjab,Sangrur,2025-10-27,21,116.16,+5d,69.0,1,0.9622083333333333,1,V2.3_RF_TREND
Punjab,Sangrur,2025-10-28,13,91.69,+5d,65.0,1,0.995625,1,V2.3_RF_TREND
Punjab,Sangrur,2025-10-29,48,383.99,+5d,38.0,1,0.9814166666666665,1,V2.3_RF_TREND
Punjab,Sangrur,2025-10-30,65,519.6,+5d,62.0,1,0.98575,1,V2.3_RF_TREND
Punjab,Sangrur,2025-10-31,127,802.9,+5d,22.0,1,0.9629583333333335,1,V2.3_RF_TREND
Punjab,Sangrur,2025-11-01,69,385.86,+5d,24.0,1,0.8876011904761905,1,V2.3_RF_TREND
Punjab,Sangrur,2025-11-02,65,496.09,+5d,50.0,1,0.8289166666666667,1,V2.3_RF_TREND
Punjab,Sangrur,2025-11-03,38,224.56,+5d,41.0,1,0.8313333333333336,1,V2.3_RF_TREND
Punjab,Sangrur,2025-11-04,62,456.91,+5d,37.0,1,0.8792916666666665,1,V2.3_RF_TREND
Punjab,Sangrur,2025-11-05,22,212.23,+5d,24.0,1,0.45395833333333324,1,V2.3_RF_TREND
Punjab,Sangrur,2025-11-06,24,185.22,+5d,19.0,1,0.47408928571428566,1,V2.3_RF_TREND
Punjab,Sangrur,2025-11-07,50,258.85,+5d,3.0,1,0.6483363095238093,1,V2.3_RF_TREND
Punjab,Sangrur,2025-11-08,41,163.3,+5d,7.0,1,0.699,1,V2.3_RF_TREND
Punjab,Sangrur,2025-11-09,37,240.81,+5d,6.0,1,0.7137916666666668,1,V2.3_RF_TREND
Punjab,Sangrur,2025-11-10,24,156.23,+5d,2.0,0,0.7850654761904764,1,V2.3_RF_TREND
Punjab,Sangrur,2025-11-11,19,108.34,+5d,0.0,0,0.6607916666666666,1,V2.3_RF_TREND
Punjab,Sangrur,2025-11-12,3,5.16,+5d,3.0,1,0.6994285714285714,1,V2.3_RF_TREND
Punjab,Sangrur,2025-11-13,7,33.92,+5d,0.0,0,0.7262321428571429,1,V2.3_RF_TREND
Punjab,Sangrur,2025-11-14,6,51.3,+5d,0.0,0,0.650940476190476,1,V2.3_RF_TREND
Punjab,Sangrur,2025-11-15,2,4.51,+5d,1.0,0,0.5546468253968253,1,V2.3_RF_TREND
Punjab,Sangrur,2025-11-16,0,0.0,+5d,0.0,0,0.5697857142857142,1,V2.3_RF_TREND
Punjab,Sangrur,2025-11-17,3,8.42,+5d,0.0,0,0.4217440476190475,1,V2.3_RF_TREND
Punjab,Sangrur,2025-11-18,0,0.0,+5d,0.0,0,0.4595753968253968,1,V2.3_RF_TREND
Punjab,Sangrur,2025-11-19,0,0.0,+5d,0.0,0,0.2203988095238096,0,V2.3_RF_TREND
Punjab,Sangrur,2025-11-20,1,3.44,+5d,0.0,0,0.1904226190476191,0,V2.3_RF_TREND
Punjab,Sangrur,2025-11-21,0,0.0,+5d,0.0,0,0.24145833333333339,0,V2.3_RF_TREND
Punjab,Sangrur,2025-11-22,0,0.0,+5d,0.0,0,0.1170565476190476,0,V2.3_RF_TREND
Punjab,Sangrur,2025-11-23,0,0.0,+5d,0.0,0,0.11816979548229545,0,V2.3_RF_TREND
Punjab,Shahid Bhagat Singh Nagar,2025-10-15,0,0.0,+5d,0.0,0,0.2518523007165249,0,V2.3_RF_TREND
Punjab,Shahid Bhagat Singh Nagar,2025-10-16,0,0.0,+5d,5.0,1,0.17195195800368215,0,V2.3_RF_TREND
Punjab,Shahid Bhagat Singh Nagar,2025-10-17,1,3.94,+5d,3.0,1,0.41472549696472105,1,V2.3_RF_TREND
Punjab,Shahid Bhagat Singh Nagar,2025-10-18,0,0.0,+5d,0.0,0,0.3880480036031506,1,V2.3_RF_TREND
Punjab,Shahid Bhagat Singh Nagar,2025-10-19,0,0.0,+5d,0.0,0,0.41029006709521426,1,V2.3_RF_TREND
Punjab,Shahid Bhagat Singh Nagar,2025-10-20,0,0.0,+5d,0.0,0,0.36046936002450713,0,V2.3_RF_TREND
Punjab,Shahid Bhagat Singh Nagar,2025-10-21,5,28.2,+5d,1.0,0,0.773886904761905,1,V2.3_RF_TREND
Punjab,Shahid Bhagat Singh Nagar,2025-10-22,3,9.35,+5d,3.0,1,0.8036477272727273,1,V2.3_RF_TREND
Punjab,Shahid Bhagat Singh Nagar,2025-10-23,0,0.0,+5d,0.0,0,0.6615138888888887,1,V2.3_RF_TREND
Punjab,Shahid Bhagat Singh Nagar,2025-10-24,0,0.0,+5d,1.0,0,0.5688781288156288,1,V2.3_RF_TREND
Punjab,Shahid Bhagat Singh Nagar,2025-10-25,0,0.0,+5d,0.0,0,0.3965567279942281,1,V2.3_RF_TREND
Punjab,Shahid Bhagat Singh Nagar,2025-10-26,1,1.55,+5d,1.0,0,0.44502994227994236,1,V2.3_RF_TREND
Punjab,Shahid Bhagat Singh Nagar,2025-10-27,3,11.89,+5d,6.0,1,0.6405357142857142,1,V2.3_RF_TREND
Punjab,Shahid Bhagat Singh Nagar,2025-10-28,0,0.0,+5d,9.0,1,0.6424166666666667,1,V2.3_RF_TREND
Punjab,Shahid Bhagat Singh Nagar,2025-10-29,1,7.58,+5d,3.0,1,0.5969166666666667,1,V2.3_RF_TREND
Punjab,Shahid Bhagat Singh Nagar,2025-10-30,0,0.0,+5d,3.0,1,0.4292142857142858,1,V2.3_RF_TREND
Punjab,Shahid Bhagat Singh Nagar,2025-10-31,1,2.69,+5d,1.0,0,0.29279383116883123,0,V2.3_RF_TREND
Punjab,Shahid Bhagat Singh Nagar,2025-11-01,6,25.75,+5d,4.0,1,0.6292261904761905,1,V2.3_RF_TREND
Punjab,Shahid Bhagat Singh Nagar,2025-11-02,9,46.72,+5d,3.0,1,0.7308858225108226,1,V2.3_RF_TREND
Punjab,Shahid Bhagat Singh Nagar,2025-11-03,3,7.68,+5d,4.0,1,0.5022738095238093,1,V2.3_RF_TREND
Punjab,Shahid Bhagat Singh Nagar,2025-11-04,3,13.45,+5d,0.0,0,0.6135416666666667,1,V2.3_RF_TREND
Punjab,Shahid Bhagat Singh Nagar,2025-11-05,1,0.97,+5d,0.0,0,0.3276666666666667,0,V2.3_RF_TREND
Punjab,Shahid Bhagat Singh Nagar,2025-11-06,4,11.08,+5d,1.0,0,0.4160416666666665,1,V2.3_RF_TREND
Punjab,Shahid Bhagat Singh Nagar,2025-11-07,3,11.85,+5d,3.0,1,0.35912500000000014,0,V2.3_RF_TREND
Punjab,Shahid Bhagat Singh Nagar,2025-11-08,4,15.3,+5d,3.0,1,0.48095833333333315,1,V2.3_RF_TREND
Punjab,Shahid Bhagat Singh Nagar,2025-11-09,0,0.0,+5d,0.0,0,0.24617261904761903,0,V2.3_RF_TREND
Punjab,Shahid Bhagat Singh Nagar,2025-11-10,0,0.0,+5d,2.0,0,0.23112500000000005,0,V2.3_RF_TREND
Punjab,Shahid Bhagat Singh Nagar,2025-11-11,1,3.51,+5d,2.0,0,0.31670238095238096,0,V2.3_RF_TREND
Punjab,Shahid Bhagat Singh Nagar,2025-11-12,3,10.78,+5d,0.0,0,0.32033333333333336,0,V2.3_RF_TREND
Punjab,Shahid Bhagat Singh Nagar,2025-11-13,3,15.14,+5d,0.0,0,0.5255059523809522,1,V2.3_RF_TREND
Punjab,Shahid Bhagat Singh Nagar,2025-11-14,0,0.0,+5d,3.0,1,0.2738809523809524,0,V2.3_RF_TREND
Punjab,Shahid Bhagat Singh Nagar,2025-11-15,2,5.73,+5d,0.0,0,0.2844940476190476,0,V2.3_RF_TREND
Punjab,Shahid Bhagat Singh Nagar,2025-11-16,2,5.65,+5d,0.0,0,0.2629166666666667,0,V2.3_RF_TREND
Punjab,Shahid Bhagat Singh Nagar,2025-11-17,0,0.0,+5d,0.0,0,0.13799999999999998,0,V2.3_RF_TREND
Punjab,Shahid Bhagat Singh Nagar,2025-11-18,0,0.0,+5d,0.0,0,0.16691666666666663,0,V2.3_RF_TREND
Punjab,Shahid Bhagat Singh Nagar,2025-11-19,3,9.82,+5d,0.0,0,0.3815000000000001,1,V2.3_RF_TREND
Punjab,Shahid Bhagat Singh Nagar,2025-11-20,0,0.0,+5d,0.0,0,0.23316666666666677,0,V2.3_RF_TREND
Punjab,Shahid Bhagat Singh Nagar,2025-11-21,0,0.0,+5d,0.0,0,0.10665590659340657,0,V2.3_RF_TREND
Punjab,Shahid Bhagat Singh Nagar,2025-11-22,0,0.0,+5d,0.0,0,0.19054761904761905,0,V2.3_RF_TREND
Punjab,Shahid Bhagat Singh Nagar,2025-11-23,0,0.0,+5d,0.0,0,0.11188690476190474,0,V2.3_RF_TREND
Punjab,Sri Muktsar Sahib,2025-10-15,0,0.0,+5d,0.0,0,0.35187797619047617,0,V2.3_RF_TREND
Punjab,Sri Muktsar Sahib,2025-10-16,1,5.86,+5d,4.0,1,0.48017343073593083,1,V2.3_RF_TREND
Punjab,Sri Muktsar Sahib,2025-10-17,0,0.0,+5d,10.0,1,0.5399583333333334,1,V2.3_RF_TREND
Punjab,Sri Muktsar Sahib,2025-10-18,2,8.21,+5d,1.0,0,0.5515573593073592,1,V2.3_RF_TREND
Punjab,Sri Muktsar Sahib,2025-10-19,2,8.68,+5d,2.0,0,0.7006249999999997,1,V2.3_RF_TREND
Punjab,Sri Muktsar Sahib,2025-10-20,0,0.0,+5d,2.0,0,0.4801529581529582,1,V2.3_RF_TREND
Punjab,Sri Muktsar Sahib,2025-10-21,4,17.89,+5d,13.0,1,0.6268005952380953,1,V2.3_RF_TREND
Punjab,Sri Muktsar Sahib,2025-10-22,10,37.72,+5d,0.0,0,0.8076358225108226,1,V2.3_RF_TREND
Punjab,Sri Muktsar Sahib,2025-10-23,1,3.49,+5d,2.0,0,0.7106527777777778,1,V2.3_RF_TREND
Punjab,Sri Muktsar Sahib,2025-10-24,2,16.65,+5d,7.0,1,0.6844444444444444,1,V2.3_RF_TREND
Punjab,Sri Muktsar Sahib,2025-10-25,2,7.71,+5d,12.0,1,0.5864166666666667,1,V2.3_RF_TREND
Punjab,Sri Muktsar Sahib,2025-10-26,13,86.17,+5d,17.0,1,0.772113095238095,1,V2.3_RF_TREND
Punjab,Sri Muktsar Sahib,2025-10-27,0,0.0,+5d,21.0,1,0.5954722222222223,1,V2.3_RF_TREND
Punjab,Sri Muktsar Sahib,2025-10-28,2,11.65,+5d,41.0,1,0.5573670634920634,1,V2.3_RF_TREND
Punjab,Sri Muktsar Sahib,2025-10-29,7,33.11,+5d,12.0,1,0.7365833333333334,1,V2.3_RF_TREND
Punjab,Sri Muktsar Sahib,2025-10-30,12,70.77,+5d,15.0,1,0.9307916666666667,1,V2.3_RF_TREND
Punjab,Sri Muktsar Sahib,2025-10-31,17,171.26,+5d,29.0,1,0.8797222222222222,1,V2.3_RF_TREND
Punjab,Sri Muktsar Sahib,2025-11-01,21,102.23,+5d,48.0,1,0.8199761904761905,1,V2.3_RF_TREND
Punjab,Sri Muktsar Sahib,2025-11-02,41,334.81,+5d,37.0,1,0.7954761904761906,1,V2.3_RF_TREND
Punjab,Sri Muktsar Sahib,2025-11-03,12,70.67999999999999,+5d,25.0,1,0.8919305555555554,1,V2.3_RF_TREND
Punjab,Sri Muktsar Sahib,2025-11-04,15,124.78,+5d,28.0,1,0.8801666666666665,1,V2.3_RF_TREND
Punjab,Sri Muktsar Sahib,2025-11-05,29,173.99,+5d,31.0,1,0.6811666666666666,1,V2.3_RF_TREND
Punjab,Sri Muktsar Sahib,2025-11-06,48,331.47,+5d,39.0,1,0.5477708333333335,1,V2.3_RF_TREND
Punjab,Sri Muktsar Sahib,2025-11-07,37,200.69,+5d,14.0,1,0.7134791666666667,1,V2.3_RF_TREND
Punjab,Sri Muktsar Sahib,2025-11-08,25,149.07999999999998,+5d,21.0,1,0.8243749999999999,1,V2.3_RF_TREND
Punjab,Sri Muktsar Sahib,2025-11-09,28,136.62,+5d,20.0,1,0.8308988095238096,1,V2.3_RF_TREND
Punjab,Sri Muktsar Sahib,2025-11-10,31,131.89,+5d,32.0,1,0.8349722222222222,1,V2.3_RF_TREND
Punjab,Sri Muktsar Sahib,2025-11-11,39,236.67,+5d,28.0,1,0.8548125,1,V2.3_RF_TREND
Punjab,Sri Muktsar Sahib,2025-11-12,14,71.45,+5d,9.0,1,0.7943124999999999,1,V2.3_RF_TREND
Punjab,Sri Muktsar Sahib,2025-11-13,21,114.28,+5d,10.0,1,0.8812500000000001,1,V2.3_RF_TREND
Punjab,Sri Muktsar Sahib,2025-11-14,20,110.72,+5d,9.0,1,0.8513154761904764,1,V2.3_RF_TREND
Punjab,Sri Muktsar Sahib,2025-11-15,32,161.38,+5d,8.0,1,0.71625,1,V2.3_RF_TREND
Punjab,Sri Muktsar Sahib,2025-11-16,28,148.9,+5d,4.0,1,0.7557499999999999,1,V2.3_RF_TREND
Punjab,Sri Muktsar Sahib,2025-11-17,9,21.88,+5d,4.0,1,0.7416666666666666,1,V2.3_RF_TREND
Punjab,Sri Muktsar Sahib,2025-11-18,10,38.26,+5d,12.0,1,0.704845238095238,1,V2.3_RF_TREND
Punjab,Sri Muktsar Sahib,2025-11-19,9,38.03,+5d,0.0,0,0.6772916666666666,1,V2.3_RF_TREND
Punjab,Sri Muktsar Sahib,2025-11-20,8,34.36,+5d,2.0,0,0.18619791666666663,0,V2.3_RF_TREND
Punjab,Sri Muktsar Sahib,2025-11-21,4,16.88,+5d,3.0,1,0.08264682539682539,0,V2.3_RF_TREND
Punjab,Sri Muktsar Sahib,2025-11-22,4,12.72,+5d,7.0,1,0.09648809523809522,0,V2.3_RF_TREND
Punjab,Sri Muktsar Sahib,2025-11-23,12,164.88,+5d,2.0,0,0.20325000000000004,0,V2.3_RF_TREND
Punjab,Tarn Taran,2025-10-15,16,63.69,+5d,34.0,1,0.9530535714285713,1,V2.3_RF_TREND
Punjab,Tarn Taran,2025-10-16,28,119.02,+5d,36.0,1,0.97425,1,V2.3_RF_TREND
Punjab,Tarn Taran,2025-10-17,21,79.39,+5d,35.0,1,0.9816666666666666,1,V2.3_RF_TREND
Punjab,Tarn Taran,2025-10-18,30,124.33,+5d,21.0,1,0.9904166666666667,1,V2.3_RF_TREND
Punjab,Tarn Taran,2025-10-19,45,228.67,+5d,18.0,1,0.983125,1,V2.3_RF_TREND
Punjab,Tarn Taran,2025-10-20,34,139.39,+5d,45.0,1,0.9367500000000001,1,V2.3_RF_TREND
Punjab,Tarn Taran,2025-10-21,36,129.44,+5d,62.0,1,0.9766666666666666,1,V2.3_RF_TREND
Punjab,Tarn Taran,2025-10-22,35,183.31,+5d,39.0,1,0.9754166666666667,1,V2.3_RF_TREND
Punjab,Tarn Taran,2025-10-23,21,99.69,+5d,22.0,1,0.9854166666666666,1,V2.3_RF_TREND
Punjab,Tarn Taran,2025-10-24,18,109.0,+5d,54.0,1,0.9639583333333335,1,V2.3_RF_TREND
Punjab,Tarn Taran,2025-10-25,45,224.23,+5d,48.0,1,0.9328750000000001,1,V2.3_RF_TREND
Punjab,Tarn Taran,2025-10-26,62,283.48,+5d,87.0,1,0.9470833333333332,1,V2.3_RF_TREND
Punjab,Tarn Taran,2025-10-27,39,154.78,+5d,71.0,1,0.9552083333333333,1,V2.3_RF_TREND
Punjab,Tarn Taran,2025-10-28,22,130.01,+5d,59.0,1,0.9864166666666665,1,V2.3_RF_TREND
Punjab,Tarn Taran,2025-10-29,54,438.06,+5d,33.0,1,0.9762916666666668,1,V2.3_RF_TREND
Punjab,Tarn Taran,2025-10-30,48,232.45,+5d,63.0,1,0.9954166666666666,1,V2.3_RF_TREND
Punjab,Tarn Taran,2025-10-31,87,391.43,+5d,5.0,1,0.9693333333333333,1,V2.3_RF_TREND
Punjab,Tarn Taran,2025-11-01,71,330.73,+5d,44.0,1,0.9006011904761906,1,V2.3_RF_TREND
Punjab,Tarn Taran,2025-11-02,59,307.36,+5d,29.0,1,0.884440476190476,1,V2.3_RF_TREND
Punjab,Tarn Taran,2025-11-03,33,138.16,+5d,31.0,1,0.8915416666666668,1,V2.3_RF_TREND
Punjab,Tarn Taran,2025-11-04,63,392.89,+5d,41.0,1,0.9353333333333333,1,V2.3_RF_TREND
Punjab,Tarn Taran,2025-11-05,5,15.96,+5d,58.0,1,0.6207916666666666,1,V2.3_RF_TREND
Punjab,Tarn Taran,2025-11-06,44,172.83,+5d,48.0,1,0.5602351190476189,1,V2.3_RF_TREND
Punjab,Tarn Taran,2025-11-07,29,157.01,+5d,18.0,1,0.6040744047619045,1,V2.3_RF_TREND
Punjab,Tarn Taran,2025-11-08,31,146.95,+5d,17.0,1,0.7790416666666665,1,V2.3_RF_TREND
Punjab,Tarn Taran,2025-11-09,41,243.63,+5d,23.0,1,0.7647291666666667,1,V2.3_RF_TREND
Punjab,Tarn Taran,2025-11-10,58,351.23,+5d,12.0,1,0.9092291666666665,1,V2.3_RF_TREND
Punjab,Tarn Taran,2025-11-11,48,221.82,+5d,12.0,1,0.6689999999999998,1,V2.3_RF_TREND
Punjab,Tarn Taran,2025-11-12,18,70.46000000000001,+5d,5.0,1,0.7482083333333334,1,V2.3_RF_TREND
Punjab,Tarn Taran,2025-11-13,17,79.45,+5d,3.0,1,0.7239166666666665,1,V2.3_RF_TREND
Punjab,Tarn Taran,2025-11-14,23,97.54,+5d,0.0,0,0.7490000000000001,1,V2.3_RF_TREND
Punjab,Tarn Taran,2025-11-15,12,45.89,+5d,3.0,1,0.6893333333333334,1,V2.3_RF_TREND
Punjab,Tarn Taran,2025-11-16,12,50.37,+5d,4.0,1,0.6252321428571428,1,V2.3_RF_TREND
Punjab,Tarn Taran,2025-11-17,5,19.08,+5d,2.0,0,0.621422619047619,1,V2.3_RF_TREND
Punjab,Tarn Taran,2025-11-18,3,8.22,+5d,0.0,0,0.5029226190476187,1,V2.3_RF_TREND
Punjab,Tarn Taran,2025-11-19,0,0.0,+5d,0.0,0,0.3961041666666664,1,V2.3_RF_TREND
Punjab,Tarn Taran,2025-11-20,3,13.18,+5d,0.0,0,0.2195863095238095,0,V2.3_RF_TREND
Punjab,Tarn Taran,2025-11-21,4,29.09,+5d,0.0,0,0.2606423611111111,0,V2.3_RF_TREND
Punjab,Tarn Taran,2025-11-22,2,6.27,+5d,0.0,0,0.2187261904761905,0,V2.3_RF_TREND
Punjab,Tarn Taran,2025-11-23,0,0.0,+5d,0.0,0,0.19142559523809524,0,V2.3_RF_TREND
