state,district,date,fire_count,frp_sum,horizon,target_fire_count,actual_elevated,rf_probability,rf_prediction,model
Haryana,Ambala,2025-10-15,0,0.0,+2d,0.0,0,0.06415915501192943,0,V2.3_RF_TREND
Haryana,Ambala,2025-10-16,2,3.1,+2d,0.0,0,0.2004372294372294,0,V2.3_RF_TREND
Haryana,Ambala,2025-10-17,0,0.0,+2d,1.0,0,0.10749454434454436,0,V2.3_RF_TREND
Haryana,Ambala,2025-10-18,0,0.0,+2d,3.0,1,0.08224702380952383,0,V2.3_RF_TREND
Haryana,Ambala,2025-10-19,1,7.36,+2d,2.0,0,0.1840327380952381,0,V2.3_RF_TREND
Haryana,Ambala,2025-10-20,3,8.36,+2d,1.0,0,0.35702976190476193,1,V2.3_RF_TREND
Haryana,Ambala,2025-10-21,2,5.03,+2d,0.0,0,0.5062698412698412,1,V2.3_RF_TREND
Haryana,Ambala,2025-10-22,1,3.08,+2d,0.0,0,0.48271726190476216,1,V2.3_RF_TREND
Haryana,Ambala,2025-10-23,0,0.0,+2d,1.0,0,0.21829166666666666,0,V2.3_RF_TREND
Haryana,Ambala,2025-10-24,0,0.0,+2d,4.0,1,0.11595833333333333,0,V2.3_RF_TREND
Haryana,Ambala,2025-10-25,1,2.44,+2d,2.0,0,0.22370734126984126,0,V2.3_RF_TREND
Haryana,Ambala,2025-10-26,4,14.37,+2d,0.0,0,0.4241359126984128,1,V2.3_RF_TREND
Haryana,Ambala,2025-10-27,2,3.93,+2d,2.0,0,0.49524999999999986,1,V2.3_RF_TREND
Haryana,Ambala,2025-10-28,0,0.0,+2d,0.0,0,0.36675,1,V2.3_RF_TREND
Haryana,Ambala,2025-10-29,2,5.92,+2d,3.0,1,0.3904553571428572,1,V2.3_RF_TREND
Haryana,Ambala,2025-10-30,0,0.0,+2d,0.0,0,0.2302440476190476,0,V2.3_RF_TREND
Haryana,Ambala,2025-10-31,3,11.989999999999998,+2d,4.0,1,0.4096607142857141,1,V2.3_RF_TREND
Haryana,Ambala,2025-11-01,0,0.0,+2d,0.0,0,0.2855416666666668,0,V2.3_RF_TREND
Haryana,Ambala,2025-11-02,4,11.68,+2d,0.0,0,0.39470238095238086,1,V2.3_RF_TREND
Haryana,Ambala,2025-11-03,0,0.0,+2d,0.0,0,0.36370833333333336,1,V2.3_RF_TREND
Haryana,Ambala,2025-11-04,0,0.0,+2d,0.0,0,0.21143452380952377,0,V2.3_RF_TREND
Haryana,Ambala,2025-11-05,0,0.0,+2d,1.0,0,0.3054583333333332,0,V2.3_RF_TREND
Haryana,Ambala,2025-11-06,0,0.0,+2d,1.0,0,0.04368130311353232,0,V2.3_RF_TREND
Haryana,Ambala,2025-11-07,1,1.65,+2d,0.0,0,0.28358333333333335,0,V2.3_RF_TREND
Haryana,Ambala,2025-11-08,1,2.63,+2d,0.0,0,0.15791071428571427,0,V2.3_RF_TREND
Haryana,Ambala,2025-11-09,0,0.0,+2d,0.0,0,0.13407142857142854,0,V2.3_RF_TREND
Haryana,Ambala,2025-11-10,0,0.0,+2d,0.0,0,0.011333333333333332,0,V2.3_RF_TREND
Haryana,Ambala,2025-11-11,0,0.0,+2d,2.0,0,0.010041666666666666,0,V2.3_RF_TREND
Haryana,Ambala,2025-11-12,0,0.0,+2d,0.0,0,0.031110805860805862,0,V2.3_RF_TREND
Haryana,Ambala,2025-11-13,2,8.79,+2d,0.0,0,0.07837797619047619,0,V2.3_RF_TREND
Haryana,Ambala,2025-11-14,0,0.0,+2d,0.0,0,0.15925,0,V2.3_RF_TREND
Haryana,Ambala,2025-11-15,0,0.0,+2d,0.0,0,0.058152777777777775,0,V2.3_RF_TREND
Haryana,Ambala,2025-11-16,0,0.0,+2d,0.0,0,0.06168181818181817,0,V2.3_RF_TREND
Haryana,Ambala,2025-11-17,0,0.0,+2d,0.0,0,0.0024453284790218474,0,V2.3_RF_TREND
Haryana,Ambala,2025-11-18,0,0.0,+2d,0.0,0,0.0029166666666666664,0,V2.3_RF_TREND
Haryana,Ambala,2025-11-19,0,0.0,+2d,0.0,0,0.0025866328268479345,0,V2.3_RF_TREND
Haryana,Ambala,2025-11-20,0,0.0,+2d,0.0,0,0.03145337301587301,0,V2.3_RF_TREND
Haryana,Ambala,2025-11-21,0,0.0,+2d,1.0,0,0.0018141544661342795,0,V2.3_RF_TREND
Haryana,Ambala,2025-11-22,0,0.0,+2d,0.0,0,0.00893915446613428,0,V2.3_RF_TREND
Haryana,Ambala,2025-11-23,1,5.52,+2d,0.0,0,0.16120752164502164,0,V2.3_RF_TREND
Haryana,Bhiwani,2025-10-15,0,0.0,+2d,0.0,0,0.030156498420463355,0,V2.3_RF_TREND
Haryana,Bhiwani,2025-10-16,1,1.3,+2d,2.0,0,0.2096696428571428,0,V2.3_RF_TREND
Haryana,Bhiwani,2025-10-17,0,0.0,+2d,0.0,0,0.09810267857142856,0,V2.3_RF_TREND
Haryana,Bhiwani,2025-10-18,2,7.77,+2d,2.0,0,0.1211309523809524,0,V2.3_RF_TREND
Haryana,Bhiwani,2025-10-19,0,0.0,+2d,1.0,0,0.22709325396825386,0,V2.3_RF_TREND
Haryana,Bhiwani,2025-10-20,2,8.27,+2d,6.0,1,0.18108333333333335,0,V2.3_RF_TREND
Haryana,Bhiwani,2025-10-21,1,2.59,+2d,0.0,0,0.3163442460317461,0,V2.3_RF_TREND
Haryana,Bhiwani,2025-10-22,6,11.41,+2d,0.0,0,0.3746448412698415,1,V2.3_RF_TREND
Haryana,Bhiwani,2025-10-23,0,0.0,+2d,0.0,0,0.4086636904761905,1,V2.3_RF_TREND
Haryana,Bhiwani,2025-10-24,0,0.0,+2d,1.0,0,0.41924702380952383,1,V2.3_RF_TREND
Haryana,Bhiwani,2025-10-25,0,0.0,+2d,0.0,0,0.35955853174603186,1,V2.3_RF_TREND
Haryana,Bhiwani,2025-10-26,1,2.52,+2d,0.0,0,0.04673214285714286,0,V2.3_RF_TREND
Haryana,Bhiwani,2025-10-27,0,0.0,+2d,0.0,0,0.3136658834586466,0,V2.3_RF_TREND
Haryana,Bhiwani,2025-10-28,0,0.0,+2d,0.0,0,0.048249999999999994,0,V2.3_RF_TREND
Haryana,Bhiwani,2025-10-29,0,0.0,+2d,0.0,0,0.2574516594516594,0,V2.3_RF_TREND
Haryana,Bhiwani,2025-10-30,0,0.0,+2d,0.0,0,0.05321019473821196,0,V2.3_RF_TREND
Haryana,Bhiwani,2025-10-31,0,0.0,+2d,0.0,0,0.015119047619047619,0,V2.3_RF_TREND
Haryana,Bhiwani,2025-11-01,0,0.0,+2d,0.0,0,0.04878225404899308,0,V2.3_RF_TREND
Haryana,Bhiwani,2025-11-02,0,0.0,+2d,0.0,0,0.018464285714285714,0,V2.3_RF_TREND
Haryana,Bhiwani,2025-11-03,0,0.0,+2d,1.0,0,0.06262486538502547,0,V2.3_RF_TREND
Haryana,Bhiwani,2025-11-04,0,0.0,+2d,2.0,0,0.0668841547068148,0,V2.3_RF_TREND
Haryana,Bhiwani,2025-11-05,1,12.65,+2d,4.0,1,0.13287500000000002,0,V2.3_RF_TREND
Haryana,Bhiwani,2025-11-06,2,6.279999999999999,+2d,0.0,0,0.24693452380952385,0,V2.3_RF_TREND
Haryana,Bhiwani,2025-11-07,4,11.12,+2d,0.0,0,0.3643154761904761,1,V2.3_RF_TREND
Haryana,Bhiwani,2025-11-08,0,0.0,+2d,0.0,0,0.16841666666666671,0,V2.3_RF_TREND
Haryana,Bhiwani,2025-11-09,0,0.0,+2d,7.0,1,0.2445833333333333,0,V2.3_RF_TREND
Haryana,Bhiwani,2025-11-10,0,0.0,+2d,0.0,0,0.14029166666666665,0,V2.3_RF_TREND
Haryana,Bhiwani,2025-11-11,7,24.64,+2d,0.0,0,0.14862866300366304,0,V2.3_RF_TREND
Haryana,Bhiwani,2025-11-12,0,0.0,+2d,0.0,0,0.3429166666666667,0,V2.3_RF_TREND
Haryana,Bhiwani,2025-11-13,0,0.0,+2d,1.0,0,0.4114315476190476,1,V2.3_RF_TREND
Haryana,Bhiwani,2025-11-14,0,0.0,+2d,3.0,1,0.42519642857142853,1,V2.3_RF_TREND
Haryana,Bhiwani,2025-11-15,1,2.09,+2d,3.0,1,0.06987499999999999,0,V2.3_RF_TREND
Haryana,Bhiwani,2025-11-16,3,11.48,+2d,0.0,0,0.34369345238095234,0,V2.3_RF_TREND
Haryana,Bhiwani,2025-11-17,3,19.94,+2d,0.0,0,0.38319642857142855,1,V2.3_RF_TREND
Haryana,Bhiwani,2025-11-18,0,0.0,+2d,0.0,0,0.24579166666666669,0,V2.3_RF_TREND
Haryana,Bhiwani,2025-11-19,0,0.0,+2d,0.0,0,0.22413095238095232,0,V2.3_RF_TREND
Haryana,Bhiwani,2025-11-20,0,0.0,+2d,3.0,1,0.14672348484848485,0,V2.3_RF_TREND
Haryana,Bhiwani,2025-11-21,0,0.0,+2d,1.0,0,0.0479375,0,V2.3_RF_TREND
Haryana,Bhiwani,2025-11-22,3,16.310000000000002,+2d,0.0,0,0.2608680555555556,0,V2.3_RF_TREND
Haryana,Bhiwani,2025-11-23,1,2.64,+2d,0.0,0,0.34862499999999996,0,V2.3_RF_TREND
Haryana,Charkhi Dadri,2025-10-15,0,0.0,+2d,0.0,0,0.00375,0,V2.3_RF_TREND
Haryana,Charkhi Dadri,2025-10-16,0,0.0,+2d,0.0,0,0.010751116966168851,0,V2.3_RF_TREND
Haryana,Charkhi Dadri,2025-10-17,0,0.0,+2d,0.0,0,0.05875383297258297,0,V2.3_RF_TREND
Haryana,Charkhi Dadri,2025-10-18,0,0.0,+2d,0.0,0,0.006489212204264091,0,V2.3_RF_TREND
Haryana,Charkhi Dadri,2025-10-19,0,0.0,+2d,0.0,0,0.0009120662142891544,0,V2.3_RF_TREND
Haryana,Charkhi Dadri,2025-10-20,0,0.0,+2d,0.0,0,0.01024539954762249,0,V2.3_RF_TREND
Haryana,Charkhi Dadri,2025-10-21,0,0.0,+2d,0.0,0,0.026403398712200595,0,V2.3_RF_TREND
Haryana,Charkhi Dadri,2025-10-22,0,0.0,+2d,0.0,0,0.023846238968870642,0,V2.3_RF_TREND
Haryana,Charkhi Dadri,2025-10-23,0,0.0,+2d,0.0,0,0.020839159243040927,0,V2.3_RF_TREND
Haryana,Charkhi Dadri,2025-10-24,0,0.0,+2d,0.0,0,0.009743399916583063,0,V2.3_RF_TREND
Haryana,Charkhi Dadri,2025-10-25,0,0.0,+2d,0.0,0,0.0013633390106417378,0,V2.3_RF_TREND
Haryana,Charkhi Dadri,2025-10-26,0,0.0,+2d,0.0,0,0.0013931009154036428,0,V2.3_RF_TREND
Haryana,Charkhi Dadri,2025-10-27,0,0.0,+2d,0.0,0,0.07665010085990356,0,V2.3_RF_TREND
Haryana,Charkhi Dadri,2025-10-28,0,0.0,+2d,0.0,0,0.05518575964556237,0,V2.3_RF_TREND
Haryana,Charkhi Dadri,2025-10-29,0,0.0,+2d,0.0,0,0.03582167234397508,0,V2.3_RF_TREND
Haryana,Charkhi Dadri,2025-10-30,0,0.0,+2d,1.0,0,0.0901114103837131,0,V2.3_RF_TREND
Haryana,Charkhi Dadri,2025-10-31,0,0.0,+2d,0.0,0,0.04043602071490238,0,V2.3_RF_TREND
Haryana,Charkhi Dadri,2025-11-01,1,2.49,+2d,0.0,0,0.07044859307359308,0,V2.3_RF_TREND
Haryana,Charkhi Dadri,2025-11-02,0,0.0,+2d,0.0,0,0.0843861111111111,0,V2.3_RF_TREND
Haryana,Charkhi Dadri,2025-11-03,0,0.0,+2d,0.0,0,0.0016666666666666666,0,V2.3_RF_TREND
Haryana,Charkhi Dadri,2025-11-04,0,0.0,+2d,0.0,0,0.01601297313797314,0,V2.3_RF_TREND
Haryana,Charkhi Dadri,2025-11-05,0,0.0,+2d,0.0,0,0.022901617480791323,0,V2.3_RF_TREND
Haryana,Charkhi Dadri,2025-11-06,0,0.0,+2d,0.0,0,0.009283424908424908,0,V2.3_RF_TREND
Haryana,Charkhi Dadri,2025-11-07,0,0.0,+2d,0.0,0,0.03189495135280166,0,V2.3_RF_TREND
Haryana,Charkhi Dadri,2025-11-08,0,0.0,+2d,0.0,0,0.015019536019536017,0,V2.3_RF_TREND
Haryana,Charkhi Dadri,2025-11-09,0,0.0,+2d,0.0,0,0.07315308202041507,0,V2.3_RF_TREND
Haryana,Charkhi Dadri,2025-11-10,0,0.0,+2d,0.0,0,0.04588720900454207,0,V2.3_RF_TREND
Haryana,Charkhi Dadri,2025-11-11,0,0.0,+2d,0.0,0,0.04380387567120875,0,V2.3_RF_TREND
Haryana,Charkhi Dadri,2025-11-12,0,0.0,+2d,2.0,0,0.10806316897186236,0,V2.3_RF_TREND
Haryana,Charkhi Dadri,2025-11-13,0,0.0,+2d,0.0,0,0.00840366181235518,0,V2.3_RF_TREND
Haryana,Charkhi Dadri,2025-11-14,2,11.48,+2d,1.0,0,0.08822835497835496,0,V2.3_RF_TREND
Haryana,Charkhi Dadri,2025-11-15,0,0.0,+2d,0.0,0,0.1289345238095238,0,V2.3_RF_TREND
Haryana,Charkhi Dadri,2025-11-16,1,2.21,+2d,0.0,0,0.28628571428571425,0,V2.3_RF_TREND
Haryana,Charkhi Dadri,2025-11-17,0,0.0,+2d,0.0,0,0.14822023809523813,0,V2.3_RF_TREND
Haryana,Charkhi Dadri,2025-11-18,0,0.0,+2d,0.0,0,0.00125,0,V2.3_RF_TREND
Haryana,Charkhi Dadri,2025-11-19,0,0.0,+2d,0.0,0,0.05223214285714286,0,V2.3_RF_TREND
Haryana,Charkhi Dadri,2025-11-20,0,0.0,+2d,0.0,0,0.001611995145688514,0,V2.3_RF_TREND
Haryana,Charkhi Dadri,2025-11-21,0,0.0,+2d,0.0,0,0.13096428571428573,0,V2.3_RF_TREND
Haryana,Charkhi Dadri,2025-11-22,0,0.0,+2d,0.0,0,0.0007786618123551811,0,V2.3_RF_TREND
Haryana,Charkhi Dadri,2025-11-23,0,0.0,+2d,0.0,0,0.014541666666666666,0,V2.3_RF_TREND
Haryana,Faridabad,2025-10-15,3,2.53,+2d,2.0,0,0.2814097222222223,0,V2.3_RF_TREND
Haryana,Faridabad,2025-10-16,0,0.0,+2d,1.0,0,0.10197348484848483,0,V2.3_RF_TREND
Haryana,Faridabad,2025-10-17,2,3.04,+2d,0.0,0,0.24305059523809522,0,V2.3_RF_TREND
Haryana,Faridabad,2025-10-18,1,0.31,+2d,1.0,0,0.22683630952380957,0,V2.3_RF_TREND
Haryana,Faridabad,2025-10-19,0,0.0,+2d,0.0,0,0.0980327380952381,0,V2.3_RF_TREND
Haryana,Faridabad,2025-10-20,1,0.53,+2d,1.0,0,0.2319166666666666,0,V2.3_RF_TREND
Haryana,Faridabad,2025-10-21,0,0.0,+2d,0.0,0,0.1362470238095238,0,V2.3_RF_TREND
Haryana,Faridabad,2025-10-22,1,0.74,+2d,0.0,0,0.3953809523809525,1,V2.3_RF_TREND
Haryana,Faridabad,2025-10-23,0,0.0,+2d,0.0,0,0.04717261904761903,0,V2.3_RF_TREND
Haryana,Faridabad,2025-10-24,0,0.0,+2d,4.0,1,0.03648611111111111,0,V2.3_RF_TREND
Haryana,Faridabad,2025-10-25,0,0.0,+2d,0.0,0,0.028833333333333332,0,V2.3_RF_TREND
Haryana,Faridabad,2025-10-26,4,4.0600000000000005,+2d,0.0,0,0.2218611111111111,0,V2.3_RF_TREND
Haryana,Faridabad,2025-10-27,0,0.0,+2d,0.0,0,0.18862619047619048,0,V2.3_RF_TREND
Haryana,Faridabad,2025-10-28,0,0.0,+2d,0.0,0,0.15418154761904762,0,V2.3_RF_TREND
Haryana,Faridabad,2025-10-29,0,0.0,+2d,1.0,0,0.13785863095238096,0,V2.3_RF_TREND
Haryana,Faridabad,2025-10-30,0,0.0,+2d,5.0,1,0.16041983463615964,0,V2.3_RF_TREND
Haryana,Faridabad,2025-10-31,1,0.79,+2d,2.0,0,0.2961996753246754,0,V2.3_RF_TREND
Haryana,Faridabad,2025-11-01,5,3.69,+2d,3.0,1,0.24882738095238094,0,V2.3_RF_TREND
Haryana,Faridabad,2025-11-02,2,1.52,+2d,0.0,0,0.31104761904761913,0,V2.3_RF_TREND
Haryana,Faridabad,2025-11-03,3,1.28,+2d,8.0,1,0.16159126984126984,0,V2.3_RF_TREND
Haryana,Faridabad,2025-11-04,0,0.0,+2d,2.0,0,0.16326515151515153,0,V2.3_RF_TREND
Haryana,Faridabad,2025-11-05,8,4.37,+2d,3.0,1,0.1470568181818182,0,V2.3_RF_TREND
Haryana,Faridabad,2025-11-06,2,0.7,+2d,4.0,1,0.26828174603174604,0,V2.3_RF_TREND
Haryana,Faridabad,2025-11-07,3,6.02,+2d,4.0,1,0.2655,0,V2.3_RF_TREND
Haryana,Faridabad,2025-11-08,4,2.47,+2d,1.0,0,0.27232142857142855,0,V2.3_RF_TREND
Haryana,Faridabad,2025-11-09,4,1.91,+2d,1.0,0,0.17348412698412694,0,V2.3_RF_TREND
Haryana,Faridabad,2025-11-10,1,0.54,+2d,6.0,1,0.2185984848484849,0,V2.3_RF_TREND
Haryana,Faridabad,2025-11-11,1,1.92,+2d,5.0,1,0.16697348484848487,0,V2.3_RF_TREND
Haryana,Faridabad,2025-11-12,6,5.140000000000001,+2d,1.0,0,0.24012896825396823,0,V2.3_RF_TREND
Haryana,Faridabad,2025-11-13,5,4.54,+2d,5.0,1,0.20439484126984125,0,V2.3_RF_TREND
Haryana,Faridabad,2025-11-14,1,0.65,+2d,2.0,0,0.125125,0,V2.3_RF_TREND
Haryana,Faridabad,2025-11-15,5,5.64,+2d,6.0,1,0.34285714285714286,0,V2.3_RF_TREND
Haryana,Faridabad,2025-11-16,2,0.6799999999999999,+2d,3.0,1,0.2617638888888889,0,V2.3_RF_TREND
Haryana,Faridabad,2025-11-17,6,5.33,+2d,0.0,0,0.18482142857142855,0,V2.3_RF_TREND
Haryana,Faridabad,2025-11-18,3,1.33,+2d,7.0,1,0.2344583333333333,0,V2.3_RF_TREND
Haryana,Faridabad,2025-11-19,0,0.0,+2d,0.0,0,0.1622291666666667,0,V2.3_RF_TREND
Haryana,Faridabad,2025-11-20,7,18.13,+2d,7.0,1,0.5298333333333333,1,V2.3_RF_TREND
Haryana,Faridabad,2025-11-21,0,0.0,+2d,3.0,1,0.35476388888888877,0,V2.3_RF_TREND
Haryana,Faridabad,2025-11-22,7,3.93,+2d,0.0,0,0.3702142857142858,1,V2.3_RF_TREND
Haryana,Faridabad,2025-11-23,3,1.81,+2d,9.0,1,0.41121130952380974,1,V2.3_RF_TREND
Haryana,Fatehabad,2025-10-15,1,2.28,+2d,0.0,0,0.20192857142857135,0,V2.3_RF_TREND
Haryana,Fatehabad,2025-10-16,0,0.0,+2d,2.0,0,0.13716369047619043,0,V2.3_RF_TREND
Haryana,Fatehabad,2025-10-17,0,0.0,+2d,4.0,1,0.054063988095238075,0,V2.3_RF_TREND
Haryana,Fatehabad,2025-10-18,2,11.56,+2d,10.0,1,0.2485416666666667,0,V2.3_RF_TREND
Haryana,Fatehabad,2025-10-19,4,16.08,+2d,0.0,0,0.5575059523809524,1,V2.3_RF_TREND
Haryana,Fatehabad,2025-10-20,10,49.02,+2d,0.0,0,0.7270833333333335,1,V2.3_RF_TREND
Haryana,Fatehabad,2025-10-21,0,0.0,+2d,0.0,0,0.42210416666666684,1,V2.3_RF_TREND
Haryana,Fatehabad,2025-10-22,0,0.0,+2d,0.0,0,0.3184791666666667,0,V2.3_RF_TREND
Haryana,Fatehabad,2025-10-23,0,0.0,+2d,4.0,1,0.5796726190476191,1,V2.3_RF_TREND
Haryana,Fatehabad,2025-10-24,0,0.0,+2d,6.0,1,0.1508452380952381,0,V2.3_RF_TREND
Haryana,Fatehabad,2025-10-25,4,21.46,+2d,3.0,1,0.4399583333333334,1,V2.3_RF_TREND
Haryana,Fatehabad,2025-10-26,6,43.48,+2d,1.0,0,0.778625,1,V2.3_RF_TREND
Haryana,Fatehabad,2025-10-27,3,6.8100000000000005,+2d,1.0,0,0.5792410714285714,1,V2.3_RF_TREND
Haryana,Fatehabad,2025-10-28,1,1.11,+2d,5.0,1,0.49870833333333336,1,V2.3_RF_TREND
Haryana,Fatehabad,2025-10-29,1,1.54,+2d,4.0,1,0.648922619047619,1,V2.3_RF_TREND
Haryana,Fatehabad,2025-10-30,5,25.38,+2d,11.0,1,0.6325972222222221,1,V2.3_RF_TREND
Haryana,Fatehabad,2025-10-31,4,15.740000000000002,+2d,8.0,1,0.6809583333333333,1,V2.3_RF_TREND
Haryana,Fatehabad,2025-11-01,11,42.61,+2d,4.0,1,0.7113571428571429,1,V2.3_RF_TREND
Haryana,Fatehabad,2025-11-02,8,37.09,+2d,8.0,1,0.7475178571428571,1,V2.3_RF_TREND
Haryana,Fatehabad,2025-11-03,4,14.37,+2d,0.0,0,0.5568333333333333,1,V2.3_RF_TREND
Haryana,Fatehabad,2025-11-04,8,89.26,+2d,7.0,1,0.7473511904761904,1,V2.3_RF_TREND
Haryana,Fatehabad,2025-11-05,0,0.0,+2d,15.0,1,0.3920178571428572,1,V2.3_RF_TREND
Haryana,Fatehabad,2025-11-06,7,22.13,+2d,10.0,1,0.5182023809523808,1,V2.3_RF_TREND
Haryana,Fatehabad,2025-11-07,15,49.98,+2d,13.0,1,0.747285714285714,1,V2.3_RF_TREND
Haryana,Fatehabad,2025-11-08,10,51.46,+2d,14.0,1,0.796708333333333,1,V2.3_RF_TREND
Haryana,Fatehabad,2025-11-09,13,77.01,+2d,15.0,1,0.8084732142857142,1,V2.3_RF_TREND
Haryana,Fatehabad,2025-11-10,14,68.96000000000001,+2d,3.0,1,0.8537291666666669,1,V2.3_RF_TREND
Haryana,Fatehabad,2025-11-11,15,85.03999999999999,+2d,4.0,1,0.8942172619047619,1,V2.3_RF_TREND
Haryana,Fatehabad,2025-11-12,3,10.77,+2d,1.0,0,0.6854424603174603,1,V2.3_RF_TREND
Haryana,Fatehabad,2025-11-13,4,12.82,+2d,8.0,1,0.7124553571428571,1,V2.3_RF_TREND
Haryana,Fatehabad,2025-11-14,1,1.65,+2d,5.0,1,0.6890416666666667,1,V2.3_RF_TREND
Haryana,Fatehabad,2025-11-15,8,22.52,+2d,3.0,1,0.5566011904761905,1,V2.3_RF_TREND
Haryana,Fatehabad,2025-11-16,5,12.47,+2d,2.0,0,0.5726607142857144,1,V2.3_RF_TREND
Haryana,Fatehabad,2025-11-17,3,8.370000000000001,+2d,1.0,0,0.24480952380952378,0,V2.3_RF_TREND
Haryana,Fatehabad,2025-11-18,2,9.18,+2d,0.0,0,0.30836309523809524,0,V2.3_RF_TREND
Haryana,Fatehabad,2025-11-19,1,4.06,+2d,0.0,0,0.37768750000000006,1,V2.3_RF_TREND
Haryana,Fatehabad,2025-11-20,0,0.0,+2d,2.0,0,0.16622916666666662,0,V2.3_RF_TREND
Haryana,Fatehabad,2025-11-21,0,0.0,+2d,1.0,0,0.20086904761904767,0,V2.3_RF_TREND
Haryana,Fatehabad,2025-11-22,2,4.6,+2d,2.0,0,0.2878898809523809,0,V2.3_RF_TREND
Haryana,Fatehabad,2025-11-23,1,1.94,+2d,0.0,0,0.2708511904761905,0,V2.3_RF_TREND
Haryana,Gurugram,2025-10-15,0,0.0,+2d,0.0,0,0.08282864357864358,0,V2.3_RF_TREND
Haryana,Gurugram,2025-10-16,0,0.0,+2d,0.0,0,0.036182520493690695,0,V2.3_RF_TREND
Haryana,Gurugram,2025-10-17,0,0.0,+2d,0.0,0,0.02344034090909091,0,V2.3_RF_TREND
Haryana,Gurugram,2025-10-18,0,0.0,+2d,1.0,0,0.03732859759957053,0,V2.3_RF_TREND
Haryana,Gurugram,2025-10-19,0,0.0,+2d,0.0,0,0.03967956349206349,0,V2.3_RF_TREND
Haryana,Gurugram,2025-10-20,1,1.22,+2d,0.0,0,0.23551488095238088,0,V2.3_RF_TREND
Haryana,Gurugram,2025-10-21,0,0.0,+2d,0.0,0,0.13879166666666667,0,V2.3_RF_TREND
Haryana,Gurugram,2025-10-22,0,0.0,+2d,0.0,0,0.05073809523809523,0,V2.3_RF_TREND
Haryana,Gurugram,2025-10-23,0,0.0,+2d,0.0,0,0.024260907951697424,0,V2.3_RF_TREND
Haryana,Gurugram,2025-10-24,0,0.0,+2d,0.0,0,0.02763019934329155,0,V2.3_RF_TREND
Haryana,Gurugram,2025-10-25,0,0.0,+2d,0.0,0,0.00786967418546366,0,V2.3_RF_TREND
Haryana,Gurugram,2025-10-26,0,0.0,+2d,0.0,0,0.024439743047136718,0,V2.3_RF_TREND
Haryana,Gurugram,2025-10-27,0,0.0,+2d,0.0,0,0.04693713450292396,0,V2.3_RF_TREND
Haryana,Gurugram,2025-10-28,0,0.0,+2d,0.0,0,0.07484279138768504,0,V2.3_RF_TREND
Haryana,Gurugram,2025-10-29,0,0.0,+2d,0.0,0,0.08957816110375327,0,V2.3_RF_TREND
Haryana,Gurugram,2025-10-30,0,0.0,+2d,0.0,0,0.14668581952720128,0,V2.3_RF_TREND
Haryana,Gurugram,2025-10-31,0,0.0,+2d,1.0,0,0.09892309394868617,0,V2.3_RF_TREND
Haryana,Gurugram,2025-11-01,0,0.0,+2d,0.0,0,0.029803578823542138,0,V2.3_RF_TREND
Haryana,Gurugram,2025-11-02,1,3.29,+2d,1.0,0,0.09816883116883117,0,V2.3_RF_TREND
Haryana,Gurugram,2025-11-03,0,0.0,+2d,0.0,0,0.06124920634920633,0,V2.3_RF_TREND
Haryana,Gurugram,2025-11-04,1,5.38,+2d,0.0,0,0.07756249999999998,0,V2.3_RF_TREND
Haryana,Gurugram,2025-11-05,0,0.0,+2d,0.0,0,0.1624404761904762,0,V2.3_RF_TREND
Haryana,Gurugram,2025-11-06,0,0.0,+2d,0.0,0,0.007226817042606517,0,V2.3_RF_TREND
Haryana,Gurugram,2025-11-07,0,0.0,+2d,0.0,0,0.033393483709273176,0,V2.3_RF_TREND
Haryana,Gurugram,2025-11-08,0,0.0,+2d,0.0,0,0.0858679991761217,0,V2.3_RF_TREND
Haryana,Gurugram,2025-11-09,0,0.0,+2d,0.0,0,0.03135944830023777,0,V2.3_RF_TREND
Haryana,Gurugram,2025-11-10,0,0.0,+2d,0.0,0,0.0717098052679278,0,V2.3_RF_TREND
Haryana,Gurugram,2025-11-11,0,0.0,+2d,0.0,0,0.022585638776428253,0,V2.3_RF_TREND
Haryana,Gurugram,2025-11-12,0,0.0,+2d,0.0,0,0.14730838428286722,0,V2.3_RF_TREND
Haryana,Gurugram,2025-11-13,0,0.0,+2d,0.0,0,0.04884178837877123,0,V2.3_RF_TREND
Haryana,Gurugram,2025-11-14,0,0.0,+2d,0.0,0,0.037195955045437885,0,V2.3_RF_TREND
Haryana,Gurugram,2025-11-15,0,0.0,+2d,1.0,0,0.04175845504543789,0,V2.3_RF_TREND
Haryana,Gurugram,2025-11-16,0,0.0,+2d,0.0,0,0.03308759849286778,0,V2.3_RF_TREND
Haryana,Gurugram,2025-11-17,1,0.35,+2d,0.0,0,0.03871126732977191,0,V2.3_RF_TREND
Haryana,Gurugram,2025-11-18,0,0.0,+2d,0.0,0,0.037321428571428575,0,V2.3_RF_TREND
Haryana,Gurugram,2025-11-19,0,0.0,+2d,1.0,0,0.0084015369305617,0,V2.3_RF_TREND
Haryana,Gurugram,2025-11-20,0,0.0,+2d,0.0,0,0.015943203597228367,0,V2.3_RF_TREND
Haryana,Gurugram,2025-11-21,1,2.73,+2d,0.0,0,0.15441883116883118,0,V2.3_RF_TREND
Haryana,Gurugram,2025-11-22,0,0.0,+2d,0.0,0,0.0486797619047619,0,V2.3_RF_TREND
Haryana,Gurugram,2025-11-23,0,0.0,+2d,0.0,0,0.002275924185463659,0,V2.3_RF_TREND
Haryana,Hisar,2025-10-15,3,4.12,+2d,1.0,0,0.3423531746031746,0,V2.3_RF_TREND
Haryana,Hisar,2025-10-16,3,8.1,+2d,2.0,0,0.4387162698412697,1,V2.3_RF_TREND
Haryana,Hisar,2025-10-17,1,1.87,+2d,10.0,1,0.2952083333333333,0,V2.3_RF_TREND
Haryana,Hisar,2025-10-18,2,13.93,+2d,13.0,1,0.4256805555555555,1,V2.3_RF_TREND
Haryana,Hisar,2025-10-19,10,32.46,+2d,5.0,1,0.6212916666666666,1,V2.3_RF_TREND
Haryana,Hisar,2025-10-20,13,45.58,+2d,1.0,0,0.7832083333333334,1,V2.3_RF_TREND
Haryana,Hisar,2025-10-21,5,14.52,+2d,0.0,0,0.7625238095238095,1,V2.3_RF_TREND
Haryana,Hisar,2025-10-22,1,1.65,+2d,2.0,0,0.5665863095238097,1,V2.3_RF_TREND
Haryana,Hisar,2025-10-23,0,0.0,+2d,2.0,0,0.46889583333333335,1,V2.3_RF_TREND
Haryana,Hisar,2025-10-24,2,9.28,+2d,15.0,1,0.511267857142857,1,V2.3_RF_TREND
Haryana,Hisar,2025-10-25,2,2.14,+2d,6.0,1,0.4361666666666666,1,V2.3_RF_TREND
Haryana,Hisar,2025-10-26,15,30.63,+2d,0.0,0,0.5853809523809521,1,V2.3_RF_TREND
Haryana,Hisar,2025-10-27,6,30.36,+2d,1.0,0,0.8091458333333335,1,V2.3_RF_TREND
Haryana,Hisar,2025-10-28,0,0.0,+2d,3.0,1,0.49445535714285727,1,V2.3_RF_TREND
Haryana,Hisar,2025-10-29,1,2.46,+2d,5.0,1,0.6061607142857143,1,V2.3_RF_TREND
Haryana,Hisar,2025-10-30,3,17.19,+2d,11.0,1,0.6813749999999998,1,V2.3_RF_TREND
Haryana,Hisar,2025-10-31,5,12.87,+2d,6.0,1,0.5485595238095238,1,V2.3_RF_TREND
Haryana,Hisar,2025-11-01,11,27.73,+2d,5.0,1,0.5539166666666665,1,V2.3_RF_TREND
Haryana,Hisar,2025-11-02,6,24.24,+2d,4.0,1,0.5769583333333334,1,V2.3_RF_TREND
Haryana,Hisar,2025-11-03,5,19.47,+2d,5.0,1,0.41962499999999997,1,V2.3_RF_TREND
Haryana,Hisar,2025-11-04,4,13.71,+2d,15.0,1,0.5406607142857143,1,V2.3_RF_TREND
Haryana,Hisar,2025-11-05,5,25.56,+2d,13.0,1,0.5495833333333333,1,V2.3_RF_TREND
Haryana,Hisar,2025-11-06,15,31.7,+2d,16.0,1,0.5196011904761904,1,V2.3_RF_TREND
Haryana,Hisar,2025-11-07,13,41.03,+2d,16.0,1,0.8178273809523808,1,V2.3_RF_TREND
Haryana,Hisar,2025-11-08,16,69.92,+2d,12.0,1,0.7431458333333333,1,V2.3_RF_TREND
Haryana,Hisar,2025-11-09,16,83.35,+2d,21.0,1,0.8028125,1,V2.3_RF_TREND
Haryana,Hisar,2025-11-10,12,48.03,+2d,4.0,1,0.8938124999999999,1,V2.3_RF_TREND
Haryana,Hisar,2025-11-11,21,87.96,+2d,6.0,1,0.8954910714285716,1,V2.3_RF_TREND
Haryana,Hisar,2025-11-12,4,13.57,+2d,8.0,1,0.7883869047619048,1,V2.3_RF_TREND
Haryana,Hisar,2025-11-13,6,31.13,+2d,10.0,1,0.7133869047619048,1,V2.3_RF_TREND
Haryana,Hisar,2025-11-14,8,23.57,+2d,11.0,1,0.7748184523809525,1,V2.3_RF_TREND
Haryana,Hisar,2025-11-15,10,26.08,+2d,7.0,1,0.6403660714285715,1,V2.3_RF_TREND
Haryana,Hisar,2025-11-16,11,41.57,+2d,5.0,1,0.778267857142857,1,V2.3_RF_TREND
Haryana,Hisar,2025-11-17,7,20.77,+2d,0.0,0,0.6063869047619047,1,V2.3_RF_TREND
Haryana,Hisar,2025-11-18,5,13.92,+2d,6.0,1,0.4649642857142859,1,V2.3_RF_TREND
Haryana,Hisar,2025-11-19,0,0.0,+2d,6.0,1,0.3008154761904762,0,V2.3_RF_TREND
Haryana,Hisar,2025-11-20,6,27.23,+2d,4.0,1,0.4817142857142857,1,V2.3_RF_TREND
Haryana,Hisar,2025-11-21,6,11.72,+2d,2.0,0,0.44304166666666667,1,V2.3_RF_TREND
Haryana,Hisar,2025-11-22,4,10.48,+2d,1.0,0,0.31448809523809534,0,V2.3_RF_TREND
Haryana,Hisar,2025-11-23,2,8.99,+2d,5.0,1,0.22333333333333336,0,V2.3_RF_TREND
Haryana,Jhajjar,2025-10-15,2,6.04,+2d,1.0,0,0.29534722222222226,0,V2.3_RF_TREND
Haryana,Jhajjar,2025-10-16,2,3.12,+2d,0.0,0,0.2537460317460317,0,V2.3_RF_TREND
Haryana,Jhajjar,2025-10-17,1,0.82,+2d,0.0,0,0.21030555555555555,0,V2.3_RF_TREND
Haryana,Jhajjar,2025-10-18,0,0.0,+2d,0.0,0,0.26305952380952385,0,V2.3_RF_TREND
Haryana,Jhajjar,2025-10-19,0,0.0,+2d,0.0,0,0.1537291666666667,0,V2.3_RF_TREND
Haryana,Jhajjar,2025-10-20,0,0.0,+2d,3.0,1,0.13893777056277057,0,V2.3_RF_TREND
Haryana,Jhajjar,2025-10-21,0,0.0,+2d,1.0,0,0.11406944444444445,0,V2.3_RF_TREND
Haryana,Jhajjar,2025-10-22,3,6.94,+2d,1.0,0,0.2735568181818181,0,V2.3_RF_TREND
Haryana,Jhajjar,2025-10-23,1,1.15,+2d,2.0,0,0.34647619047619044,0,V2.3_RF_TREND
Haryana,Jhajjar,2025-10-24,1,1.13,+2d,2.0,0,0.23496428571428574,0,V2.3_RF_TREND
Haryana,Jhajjar,2025-10-25,2,4.25,+2d,0.0,0,0.23716071428571425,0,V2.3_RF_TREND
Haryana,Jhajjar,2025-10-26,2,1.12,+2d,0.0,0,0.3288452380952382,0,V2.3_RF_TREND
Haryana,Jhajjar,2025-10-27,0,0.0,+2d,0.0,0,0.15300622294372293,0,V2.3_RF_TREND
Haryana,Jhajjar,2025-10-28,0,0.0,+2d,1.0,0,0.09139015151515154,0,V2.3_RF_TREND
Haryana,Jhajjar,2025-10-29,0,0.0,+2d,1.0,0,0.17123214285714283,0,V2.3_RF_TREND
Haryana,Jhajjar,2025-10-30,1,0.91,+2d,1.0,0,0.2870776515151515,0,V2.3_RF_TREND
Haryana,Jhajjar,2025-10-31,1,0.57,+2d,0.0,0,0.22901812770562752,0,V2.3_RF_TREND
Haryana,Jhajjar,2025-11-01,1,0.77,+2d,3.0,1,0.2565634920634921,0,V2.3_RF_TREND
Haryana,Jhajjar,2025-11-02,0,0.0,+2d,4.0,1,0.05054491341991341,0,V2.3_RF_TREND
Haryana,Jhajjar,2025-11-03,3,8.49,+2d,3.0,1,0.10159523809523813,0,V2.3_RF_TREND
Haryana,Jhajjar,2025-11-04,4,2.5,+2d,2.0,0,0.2747619047619047,0,V2.3_RF_TREND
Haryana,Jhajjar,2025-11-05,3,6.62,+2d,6.0,1,0.374781746031746,1,V2.3_RF_TREND
Haryana,Jhajjar,2025-11-06,2,1.1,+2d,5.0,1,0.2400138888888889,0,V2.3_RF_TREND
Haryana,Jhajjar,2025-11-07,6,8.28,+2d,4.0,1,0.2851964285714285,0,V2.3_RF_TREND
Haryana,Jhajjar,2025-11-08,5,6.8,+2d,2.0,0,0.41421031746031745,1,V2.3_RF_TREND
Haryana,Jhajjar,2025-11-09,4,7.279999999999999,+2d,1.0,0,0.3090615079365079,0,V2.3_RF_TREND
Haryana,Jhajjar,2025-11-10,2,1.23,+2d,2.0,0,0.22533333333333327,0,V2.3_RF_TREND
Haryana,Jhajjar,2025-11-11,1,3.82,+2d,3.0,1,0.3413749999999999,0,V2.3_RF_TREND
Haryana,Jhajjar,2025-11-12,2,3.26,+2d,1.0,0,0.2972916666666667,0,V2.3_RF_TREND
Haryana,Jhajjar,2025-11-13,3,6.0600000000000005,+2d,1.0,0,0.18177380952380953,0,V2.3_RF_TREND
Haryana,Jhajjar,2025-11-14,1,0.54,+2d,5.0,1,0.16785714285714282,0,V2.3_RF_TREND
Haryana,Jhajjar,2025-11-15,1,4.74,+2d,7.0,1,0.2563035714285714,0,V2.3_RF_TREND
Haryana,Jhajjar,2025-11-16,5,13.74,+2d,6.0,1,0.40524107142857146,1,V2.3_RF_TREND
Haryana,Jhajjar,2025-11-17,7,15.0,+2d,4.0,1,0.39429166666666654,1,V2.3_RF_TREND
Haryana,Jhajjar,2025-11-18,6,14.7,+2d,0.0,0,0.4147559523809525,1,V2.3_RF_TREND
Haryana,Jhajjar,2025-11-19,4,8.95,+2d,3.0,1,0.37141666666666673,1,V2.3_RF_TREND
Haryana,Jhajjar,2025-11-20,0,0.0,+2d,2.0,0,0.173797619047619,0,V2.3_RF_TREND
Haryana,Jhajjar,2025-11-21,3,8.0,+2d,6.0,1,0.503565476190476,1,V2.3_RF_TREND
Haryana,Jhajjar,2025-11-22,2,1.39,+2d,2.0,0,0.27192261904761905,0,V2.3_RF_TREND
Haryana,Jhajjar,2025-11-23,6,11.22,+2d,2.0,0,0.27629166666666666,0,V2.3_RF_TREND
Haryana,Jind,2025-10-15,5,15.27,+2d,0.0,0,0.50125,1,V2.3_RF_TREND
Haryana,Jind,2025-10-16,0,0.0,+2d,0.0,0,0.1909821428571429,0,V2.3_RF_TREND
Haryana,Jind,2025-10-17,0,0.0,+2d,4.0,1,0.31194209956709956,0,V2.3_RF_TREND
Haryana,Jind,2025-10-18,0,0.0,+2d,13.0,1,0.33849999999999986,0,V2.3_RF_TREND
Haryana,Jind,2025-10-19,4,11.75,+2d,5.0,1,0.4837083333333336,1,V2.3_RF_TREND
Haryana,Jind,2025-10-20,13,46.29,+2d,5.0,1,0.6645833333333334,1,V2.3_RF_TREND
Haryana,Jind,2025-10-21,5,15.15,+2d,0.0,0,0.7544464285714286,1,V2.3_RF_TREND
Haryana,Jind,2025-10-22,5,12.64,+2d,0.0,0,0.5932916666666666,1,V2.3_RF_TREND
Haryana,Jind,2025-10-23,0,0.0,+2d,6.0,1,0.5091845238095238,1,V2.3_RF_TREND
Haryana,Jind,2025-10-24,0,0.0,+2d,5.0,1,0.3168303571428571,0,V2.3_RF_TREND
Haryana,Jind,2025-10-25,6,44.53,+2d,6.0,1,0.5747857142857145,1,V2.3_RF_TREND
Haryana,Jind,2025-10-26,5,11.43,+2d,0.0,0,0.6783065476190476,1,V2.3_RF_TREND
Haryana,Jind,2025-10-27,6,37.02,+2d,2.0,0,0.6968333333333332,1,V2.3_RF_TREND
Haryana,Jind,2025-10-28,0,0.0,+2d,0.0,0,0.5311309523809523,1,V2.3_RF_TREND
Haryana,Jind,2025-10-29,2,15.7,+2d,1.0,0,0.6168988095238095,1,V2.3_RF_TREND
Haryana,Jind,2025-10-30,0,0.0,+2d,7.0,1,0.5570952380952382,1,V2.3_RF_TREND
Haryana,Jind,2025-10-31,1,8.84,+2d,8.0,1,0.3575357142857142,1,V2.3_RF_TREND
Haryana,Jind,2025-11-01,7,25.89,+2d,4.0,1,0.47694047619047625,1,V2.3_RF_TREND
Haryana,Jind,2025-11-02,8,34.84,+2d,3.0,1,0.740125,1,V2.3_RF_TREND
Haryana,Jind,2025-11-03,4,43.44,+2d,7.0,1,0.6467291666666664,1,V2.3_RF_TREND
Haryana,Jind,2025-11-04,3,11.98,+2d,15.0,1,0.5547559523809523,1,V2.3_RF_TREND
Haryana,Jind,2025-11-05,7,21.12,+2d,15.0,1,0.5702261904761905,1,V2.3_RF_TREND
Haryana,Jind,2025-11-06,15,59.03,+2d,25.0,1,0.7085000000000001,1,V2.3_RF_TREND
Haryana,Jind,2025-11-07,15,46.17,+2d,39.0,1,0.9018095238095241,1,V2.3_RF_TREND
Haryana,Jind,2025-11-08,25,135.33,+2d,38.0,1,0.8162232142857142,1,V2.3_RF_TREND
Haryana,Jind,2025-11-09,39,183.54,+2d,28.0,1,0.8607708333333334,1,V2.3_RF_TREND
Haryana,Jind,2025-11-10,38,135.94,+2d,14.0,1,0.9260624999999999,1,V2.3_RF_TREND
Haryana,Jind,2025-11-11,28,146.05,+2d,12.0,1,0.9293869047619049,1,V2.3_RF_TREND
Haryana,Jind,2025-11-12,14,55.67,+2d,2.0,0,0.9109841269841271,1,V2.3_RF_TREND
Haryana,Jind,2025-11-13,12,60.45,+2d,13.0,1,0.8728035714285712,1,V2.3_RF_TREND
Haryana,Jind,2025-11-14,2,9.46,+2d,17.0,1,0.7970674603174602,1,V2.3_RF_TREND
Haryana,Jind,2025-11-15,13,65.2,+2d,6.0,1,0.8117886904761903,1,V2.3_RF_TREND
Haryana,Jind,2025-11-16,17,91.54,+2d,3.0,1,0.9197678571428571,1,V2.3_RF_TREND
Haryana,Jind,2025-11-17,6,23.5,+2d,2.0,0,0.7864464285714284,1,V2.3_RF_TREND
Haryana,Jind,2025-11-18,3,20.93,+2d,6.0,1,0.5225476190476193,1,V2.3_RF_TREND
Haryana,Jind,2025-11-19,2,10.02,+2d,6.0,1,0.534422619047619,1,V2.3_RF_TREND
Haryana,Jind,2025-11-20,6,9.34,+2d,3.0,1,0.2967291666666667,0,V2.3_RF_TREND
Haryana,Jind,2025-11-21,6,16.43,+2d,2.0,0,0.510125,1,V2.3_RF_TREND
Haryana,Jind,2025-11-22,3,7.59,+2d,2.0,0,0.27177380952380953,0,V2.3_RF_TREND
Haryana,Jind,2025-11-23,2,6.34,+2d,0.0,0,0.24413095238095242,0,V2.3_RF_TREND
Haryana,Kaithal,2025-10-15,0,0.0,+2d,0.0,0,0.014755817099567097,0,V2.3_RF_TREND
Haryana,Kaithal,2025-10-16,1,4.43,+2d,1.0,0,0.11250297619047622,0,V2.3_RF_TREND
Haryana,Kaithal,2025-10-17,0,0.0,+2d,2.0,0,0.172097268009768,0,V2.3_RF_TREND
Haryana,Kaithal,2025-10-18,1,2.39,+2d,2.0,0,0.17065773809523804,0,V2.3_RF_TREND
Haryana,Kaithal,2025-10-19,2,17.11,+2d,9.0,1,0.3603690476190478,1,V2.3_RF_TREND
Haryana,Kaithal,2025-10-20,2,8.18,+2d,1.0,0,0.48048809523809516,1,V2.3_RF_TREND
Haryana,Kaithal,2025-10-21,9,38.37,+2d,0.0,0,0.757625,1,V2.3_RF_TREND
Haryana,Kaithal,2025-10-22,1,7.84,+2d,0.0,0,0.6498750000000001,1,V2.3_RF_TREND
Haryana,Kaithal,2025-10-23,0,0.0,+2d,1.0,0,0.34348214285714285,0,V2.3_RF_TREND
Haryana,Kaithal,2025-10-24,0,0.0,+2d,9.0,1,0.4366458333333334,1,V2.3_RF_TREND
Haryana,Kaithal,2025-10-25,1,4.02,+2d,5.0,1,0.18299900793650792,0,V2.3_RF_TREND
Haryana,Kaithal,2025-10-26,9,23.36,+2d,0.0,0,0.5219255952380951,1,V2.3_RF_TREND
Haryana,Kaithal,2025-10-27,5,13.84,+2d,2.0,0,0.7529166666666669,1,V2.3_RF_TREND
Haryana,Kaithal,2025-10-28,0,0.0,+2d,2.0,0,0.3618779761904763,1,V2.3_RF_TREND
Haryana,Kaithal,2025-10-29,2,10.18,+2d,1.0,0,0.6652380952380951,1,V2.3_RF_TREND
Haryana,Kaithal,2025-10-30,2,4.83,+2d,7.0,1,0.5451875,1,V2.3_RF_TREND
Haryana,Kaithal,2025-10-31,1,3.67,+2d,6.0,1,0.31959226190476187,0,V2.3_RF_TREND
Haryana,Kaithal,2025-11-01,7,31.16,+2d,3.0,1,0.5921249999999999,1,V2.3_RF_TREND
Haryana,Kaithal,2025-11-02,6,42.95,+2d,1.0,0,0.7323333333333334,1,V2.3_RF_TREND
Haryana,Kaithal,2025-11-03,3,14.52,+2d,3.0,1,0.5379166666666666,1,V2.3_RF_TREND
Haryana,Kaithal,2025-11-04,1,4.24,+2d,7.0,1,0.5591726190476191,1,V2.3_RF_TREND
Haryana,Kaithal,2025-11-05,3,14.22,+2d,4.0,1,0.5983333333333332,1,V2.3_RF_TREND
Haryana,Kaithal,2025-11-06,7,18.85,+2d,7.0,1,0.5657053571428571,1,V2.3_RF_TREND
Haryana,Kaithal,2025-11-07,4,15.5,+2d,8.0,1,0.4881507936507936,1,V2.3_RF_TREND
Haryana,Kaithal,2025-11-08,7,42.07,+2d,5.0,1,0.41225000000000006,1,V2.3_RF_TREND
Haryana,Kaithal,2025-11-09,8,29.88,+2d,13.0,1,0.6584166666666667,1,V2.3_RF_TREND
Haryana,Kaithal,2025-11-10,5,17.439999999999998,+2d,4.0,1,0.6086964285714285,1,V2.3_RF_TREND
Haryana,Kaithal,2025-11-11,13,45.1,+2d,4.0,1,0.7417053571428572,1,V2.3_RF_TREND
Haryana,Kaithal,2025-11-12,4,7.75,+2d,1.0,0,0.5373055555555557,1,V2.3_RF_TREND
Haryana,Kaithal,2025-11-13,4,9.64,+2d,1.0,0,0.5146726190476191,1,V2.3_RF_TREND
Haryana,Kaithal,2025-11-14,1,2.79,+2d,1.0,0,0.6035178571428572,1,V2.3_RF_TREND
Haryana,Kaithal,2025-11-15,1,3.79,+2d,0.0,0,0.26399404761904766,0,V2.3_RF_TREND
Haryana,Kaithal,2025-11-16,1,2.22,+2d,4.0,1,0.35370833333333335,0,V2.3_RF_TREND
Haryana,Kaithal,2025-11-17,0,0.0,+2d,0.0,0,0.12545833333333337,0,V2.3_RF_TREND
Haryana,Kaithal,2025-11-18,4,9.01,+2d,1.0,0,0.33516666666666667,0,V2.3_RF_TREND
Haryana,Kaithal,2025-11-19,0,0.0,+2d,0.0,0,0.20822916666666663,0,V2.3_RF_TREND
Haryana,Kaithal,2025-11-20,1,0.59,+2d,0.0,0,0.2873958333333334,0,V2.3_RF_TREND
Haryana,Kaithal,2025-11-21,0,0.0,+2d,2.0,0,0.22831250000000003,0,V2.3_RF_TREND
Haryana,Kaithal,2025-11-22,0,0.0,+2d,8.0,1,0.04416666666666666,0,V2.3_RF_TREND
Haryana,Kaithal,2025-11-23,2,2.01,+2d,5.0,1,0.1418511904761905,0,V2.3_RF_TREND
Haryana,Karnal,2025-10-15,0,0.0,+2d,0.0,0,0.01976994976100249,0,V2.3_RF_TREND
Haryana,Karnal,2025-10-16,0,0.0,+2d,0.0,0,0.019101794999097726,0,V2.3_RF_TREND
Haryana,Karnal,2025-10-17,0,0.0,+2d,3.0,1,0.04582733681838953,0,V2.3_RF_TREND
Haryana,Karnal,2025-10-18,0,0.0,+2d,4.0,1,0.04716479103084374,0,V2.3_RF_TREND
Haryana,Karnal,2025-10-19,3,12.39,+2d,4.0,1,0.1835456349206349,0,V2.3_RF_TREND
Haryana,Karnal,2025-10-20,4,14.71,+2d,2.0,0,0.6062500000000001,1,V2.3_RF_TREND
Haryana,Karnal,2025-10-21,4,12.98,+2d,1.0,0,0.6930833333333334,1,V2.3_RF_TREND
Haryana,Karnal,2025-10-22,2,3.56,+2d,0.0,0,0.5831785714285714,1,V2.3_RF_TREND
Haryana,Karnal,2025-10-23,1,5.09,+2d,1.0,0,0.5738601190476191,1,V2.3_RF_TREND
Haryana,Karnal,2025-10-24,0,0.0,+2d,2.0,0,0.27222916666666674,0,V2.3_RF_TREND
Haryana,Karnal,2025-10-25,1,1.91,+2d,1.0,0,0.24630555555555556,0,V2.3_RF_TREND
Haryana,Karnal,2025-10-26,2,4.8,+2d,0.0,0,0.34862202380952384,0,V2.3_RF_TREND
Haryana,Karnal,2025-10-27,1,0.54,+2d,0.0,0,0.2788333333333334,0,V2.3_RF_TREND
Haryana,Karnal,2025-10-28,0,0.0,+2d,0.0,0,0.33776785714285706,0,V2.3_RF_TREND
Haryana,Karnal,2025-10-29,0,0.0,+2d,2.0,0,0.145553345959596,0,V2.3_RF_TREND
Haryana,Karnal,2025-10-30,0,0.0,+2d,1.0,0,0.08451884920634922,0,V2.3_RF_TREND
Haryana,Karnal,2025-10-31,2,7.67,+2d,1.0,0,0.15827678571428572,0,V2.3_RF_TREND
Haryana,Karnal,2025-11-01,1,4.13,+2d,0.0,0,0.28105357142857146,0,V2.3_RF_TREND
Haryana,Karnal,2025-11-02,1,3.3,+2d,2.0,0,0.21575,0,V2.3_RF_TREND
Haryana,Karnal,2025-11-03,0,0.0,+2d,3.0,1,0.16268181818181815,0,V2.3_RF_TREND
Haryana,Karnal,2025-11-04,2,8.219999999999999,+2d,9.0,1,0.15300000000000002,0,V2.3_RF_TREND
Haryana,Karnal,2025-11-05,3,7.050000000000001,+2d,6.0,1,0.29477976190476196,0,V2.3_RF_TREND
Haryana,Karnal,2025-11-06,9,21.36,+2d,6.0,1,0.46627976190476184,1,V2.3_RF_TREND
Haryana,Karnal,2025-11-07,6,20.0,+2d,1.0,0,0.5558065476190476,1,V2.3_RF_TREND
Haryana,Karnal,2025-11-08,6,30.8,+2d,2.0,0,0.4803869047619048,1,V2.3_RF_TREND
Haryana,Karnal,2025-11-09,1,5.56,+2d,0.0,0,0.48772916666666666,1,V2.3_RF_TREND
Haryana,Karnal,2025-11-10,2,9.34,+2d,1.0,0,0.5583809523809521,1,V2.3_RF_TREND
Haryana,Karnal,2025-11-11,0,0.0,+2d,2.0,0,0.4044583333333334,1,V2.3_RF_TREND
Haryana,Karnal,2025-11-12,1,3.08,+2d,0.0,0,0.3020773809523809,0,V2.3_RF_TREND
Haryana,Karnal,2025-11-13,2,13.18,+2d,0.0,0,0.33995238095238095,0,V2.3_RF_TREND
Haryana,Karnal,2025-11-14,0,0.0,+2d,0.0,0,0.19220833333333334,0,V2.3_RF_TREND
Haryana,Karnal,2025-11-15,0,0.0,+2d,1.0,0,0.19616666666666663,0,V2.3_RF_TREND
Haryana,Karnal,2025-11-16,0,0.0,+2d,0.0,0,0.15588095238095234,0,V2.3_RF_TREND
Haryana,Karnal,2025-11-17,1,1.76,+2d,0.0,0,0.11063392857142858,0,V2.3_RF_TREND
Haryana,Karnal,2025-11-18,0,0.0,+2d,0.0,0,0.14167083333333333,0,V2.3_RF_TREND
Haryana,Karnal,2025-11-19,0,0.0,+2d,0.0,0,0.03264015151515152,0,V2.3_RF_TREND
Haryana,Karnal,2025-11-20,0,0.0,+2d,1.0,0,0.17253273809523811,0,V2.3_RF_TREND
Haryana,Karnal,2025-11-21,0,0.0,+2d,0.0,0,0.030486618906455865,0,V2.3_RF_TREND
Haryana,Karnal,2025-11-22,1,2.4,+2d,0.0,0,0.11351515151515153,0,V2.3_RF_TREND
Haryana,Karnal,2025-11-23,0,0.0,+2d,0.0,0,0.10181666666666662,0,V2.3_RF_TREND
Haryana,Kurukshetra,2025-10-15,2,4.220000000000001,+2d,1.0,0,0.15048511904761908,0,V2.3_RF_TREND
Haryana,Kurukshetra,2025-10-16,2,1.68,+2d,1.0,0,0.30981250000000005,0,V2.3_RF_TREND
Haryana,Kurukshetra,2025-10-17,1,3.6,+2d,3.0,1,0.27776274420024416,0,V2.3_RF_TREND
Haryana,Kurukshetra,2025-10-18,1,2.98,+2d,3.0,1,0.2466421356421356,0,V2.3_RF_TREND
Haryana,Kurukshetra,2025-10-19,3,7.859999999999999,+2d,4.0,1,0.4035208333333335,1,V2.3_RF_TREND
Haryana,Kurukshetra,2025-10-20,3,7.65,+2d,2.0,0,0.45303472222222235,1,V2.3_RF_TREND
Haryana,Kurukshetra,2025-10-21,4,27.3,+2d,1.0,0,0.6878750000000002,1,V2.3_RF_TREND
Haryana,Kurukshetra,2025-10-22,2,3.28,+2d,0.0,0,0.5506666666666666,1,V2.3_RF_TREND
Haryana,Kurukshetra,2025-10-23,1,3.28,+2d,4.0,1,0.46739880952380974,1,V2.3_RF_TREND
Haryana,Kurukshetra,2025-10-24,0,0.0,+2d,5.0,1,0.35850297619047633,1,V2.3_RF_TREND
Haryana,Kurukshetra,2025-10-25,4,24.44,+2d,5.0,1,0.5112083333333335,1,V2.3_RF_TREND
Haryana,Kurukshetra,2025-10-26,5,11.87,+2d,0.0,0,0.6559285714285713,1,V2.3_RF_TREND
Haryana,Kurukshetra,2025-10-27,5,17.99,+2d,0.0,0,0.7746249999999999,1,V2.3_RF_TREND
Haryana,Kurukshetra,2025-10-28,0,0.0,+2d,0.0,0,0.37300000000000005,1,V2.3_RF_TREND
Haryana,Kurukshetra,2025-10-29,0,0.0,+2d,1.0,0,0.3940089285714285,1,V2.3_RF_TREND
Haryana,Kurukshetra,2025-10-30,0,0.0,+2d,3.0,1,0.45162499999999994,1,V2.3_RF_TREND
Haryana,Kurukshetra,2025-10-31,1,1.69,+2d,1.0,0,0.21679662698412694,0,V2.3_RF_TREND
Haryana,Kurukshetra,2025-11-01,3,14.97,+2d,0.0,0,0.4374017857142855,1,V2.3_RF_TREND
Haryana,Kurukshetra,2025-11-02,1,2.76,+2d,0.0,0,0.4143988095238096,1,V2.3_RF_TREND
Haryana,Kurukshetra,2025-11-03,0,0.0,+2d,0.0,0,0.24147222222222214,0,V2.3_RF_TREND
Haryana,Kurukshetra,2025-11-04,0,0.0,+2d,0.0,0,0.14822619047619046,0,V2.3_RF_TREND
Haryana,Kurukshetra,2025-11-05,0,0.0,+2d,0.0,0,0.0293015873015873,0,V2.3_RF_TREND
Haryana,Kurukshetra,2025-11-06,0,0.0,+2d,0.0,0,0.12858928571428568,0,V2.3_RF_TREND
Haryana,Kurukshetra,2025-11-07,0,0.0,+2d,3.0,1,0.01949175824175824,0,V2.3_RF_TREND
Haryana,Kurukshetra,2025-11-08,0,0.0,+2d,0.0,0,0.219458603896104,0,V2.3_RF_TREND
Haryana,Kurukshetra,2025-11-09,3,2.71,+2d,0.0,0,0.1375525446775447,0,V2.3_RF_TREND
Haryana,Kurukshetra,2025-11-10,0,0.0,+2d,0.0,0,0.1263940476190476,0,V2.3_RF_TREND
Haryana,Kurukshetra,2025-11-11,0,0.0,+2d,0.0,0,0.02435714285714286,0,V2.3_RF_TREND
Haryana,Kurukshetra,2025-11-12,0,0.0,+2d,0.0,0,0.04168452380952381,0,V2.3_RF_TREND
Haryana,Kurukshetra,2025-11-13,0,0.0,+2d,0.0,0,0.03181480743002254,0,V2.3_RF_TREND
Haryana,Kurukshetra,2025-11-14,0,0.0,+2d,0.0,0,0.016354166666666666,0,V2.3_RF_TREND
Haryana,Kurukshetra,2025-11-15,0,0.0,+2d,0.0,0,0.020953043355023168,0,V2.3_RF_TREND
Haryana,Kurukshetra,2025-11-16,0,0.0,+2d,7.0,1,0.033527777777777774,0,V2.3_RF_TREND
Haryana,Kurukshetra,2025-11-17,0,0.0,+2d,0.0,0,0.01240366181235518,0,V2.3_RF_TREND
Haryana,Kurukshetra,2025-11-18,7,10.6,+2d,0.0,0,0.1023154455475884,0,V2.3_RF_TREND
Haryana,Kurukshetra,2025-11-19,0,0.0,+2d,0.0,0,0.22443055555555552,0,V2.3_RF_TREND
Haryana,Kurukshetra,2025-11-20,0,0.0,+2d,0.0,0,0.3110451388888888,0,V2.3_RF_TREND
Haryana,Kurukshetra,2025-11-21,0,0.0,+2d,1.0,0,0.2795002705627705,0,V2.3_RF_TREND
Haryana,Kurukshetra,2025-11-22,0,0.0,+2d,0.0,0,0.012289013779228888,0,V2.3_RF_TREND
Haryana,Kurukshetra,2025-11-23,1,5.1,+2d,0.0,0,0.25355952380952373,0,V2.3_RF_TREND
Haryana,Mahendragarh,2025-10-15,0,0.0,+2d,0.0,0,0.028688454215141674,0,V2.3_RF_TREND
Haryana,Mahendragarh,2025-10-16,0,0.0,+2d,0.0,0,0.0025655988229848063,0,V2.3_RF_TREND
Haryana,Mahendragarh,2025-10-17,0,0.0,+2d,0.0,0,0.03630503137087756,0,V2.3_RF_TREND
Haryana,Mahendragarh,2025-10-18,0,0.0,+2d,0.0,0,0.0025655988229848063,0,V2.3_RF_TREND
Haryana,Mahendragarh,2025-10-19,0,0.0,+2d,0.0,0,0.029480120881808337,0,V2.3_RF_TREND
Haryana,Mahendragarh,2025-10-20,0,0.0,+2d,0.0,0,0.011180182156318141,0,V2.3_RF_TREND
Haryana,Mahendragarh,2025-10-21,0,0.0,+2d,0.0,0,0.03227740437854036,0,V2.3_RF_TREND
Haryana,Mahendragarh,2025-10-22,0,0.0,+2d,0.0,0,0.039763164434709154,0,V2.3_RF_TREND
Haryana,Mahendragarh,2025-10-23,0,0.0,+2d,0.0,0,0.017857275185069906,0,V2.3_RF_TREND
Haryana,Mahendragarh,2025-10-24,0,0.0,+2d,0.0,0,0.0027564549526707238,0,V2.3_RF_TREND
Haryana,Mahendragarh,2025-10-25,0,0.0,+2d,0.0,0,0.0022034246496404203,0,V2.3_RF_TREND
Haryana,Mahendragarh,2025-10-26,0,0.0,+2d,0.0,0,0.01039985322106899,0,V2.3_RF_TREND
Haryana,Mahendragarh,2025-10-27,0,0.0,+2d,0.0,0,0.09242716837667363,0,V2.3_RF_TREND
Haryana,Mahendragarh,2025-10-28,0,0.0,+2d,0.0,0,0.12208874765996347,0,V2.3_RF_TREND
Haryana,Mahendragarh,2025-10-29,0,0.0,+2d,0.0,0,0.08716379761001336,0,V2.3_RF_TREND
Haryana,Mahendragarh,2025-10-30,0,0.0,+2d,2.0,0,0.1199675632887791,0,V2.3_RF_TREND
Haryana,Mahendragarh,2025-10-31,0,0.0,+2d,0.0,0,0.032731202427418206,0,V2.3_RF_TREND
Haryana,Mahendragarh,2025-11-01,2,5.1,+2d,0.0,0,0.06606764069264069,0,V2.3_RF_TREND
Haryana,Mahendragarh,2025-11-02,0,0.0,+2d,0.0,0,0.06366984126984127,0,V2.3_RF_TREND
Haryana,Mahendragarh,2025-11-03,0,0.0,+2d,0.0,0,0.005583333333333333,0,V2.3_RF_TREND
Haryana,Mahendragarh,2025-11-04,0,0.0,+2d,0.0,0,0.016721153846153844,0,V2.3_RF_TREND
Haryana,Mahendragarh,2025-11-05,0,0.0,+2d,0.0,0,0.023741703119790007,0,V2.3_RF_TREND
Haryana,Mahendragarh,2025-11-06,0,0.0,+2d,0.0,0,0.006700091575091574,0,V2.3_RF_TREND
Haryana,Mahendragarh,2025-11-07,0,0.0,+2d,0.0,0,0.028610036991800345,0,V2.3_RF_TREND
Haryana,Mahendragarh,2025-11-08,0,0.0,+2d,0.0,0,0.01675564713064713,0,V2.3_RF_TREND
Haryana,Mahendragarh,2025-11-09,0,0.0,+2d,0.0,0,0.06634733432608045,0,V2.3_RF_TREND
Haryana,Mahendragarh,2025-11-10,0,0.0,+2d,0.0,0,0.04763984082143221,0,V2.3_RF_TREND
Haryana,Mahendragarh,2025-11-11,0,0.0,+2d,0.0,0,0.04022729464354077,0,V2.3_RF_TREND
Haryana,Mahendragarh,2025-11-12,0,0.0,+2d,1.0,0,0.08518698476959118,0,V2.3_RF_TREND
Haryana,Mahendragarh,2025-11-13,0,0.0,+2d,2.0,0,0.008338444421050832,0,V2.3_RF_TREND
Haryana,Mahendragarh,2025-11-14,1,3.35,+2d,1.0,0,0.0810616883116883,0,V2.3_RF_TREND
Haryana,Mahendragarh,2025-11-15,2,8.9,+2d,0.0,0,0.14095833333333332,0,V2.3_RF_TREND
Haryana,Mahendragarh,2025-11-16,1,2.3,+2d,0.0,0,0.22542857142857145,0,V2.3_RF_TREND
Haryana,Mahendragarh,2025-11-17,0,0.0,+2d,0.0,0,0.13892857142857143,0,V2.3_RF_TREND
Haryana,Mahendragarh,2025-11-18,0,0.0,+2d,1.0,0,0.07675,0,V2.3_RF_TREND
Haryana,Mahendragarh,2025-11-19,0,0.0,+2d,0.0,0,0.0032916666666666667,0,V2.3_RF_TREND
Haryana,Mahendragarh,2025-11-20,1,0.61,+2d,0.0,0,0.0370952380952381,0,V2.3_RF_TREND
Haryana,Mahendragarh,2025-11-21,0,0.0,+2d,0.0,0,0.06195833333333333,0,V2.3_RF_TREND
Haryana,Mahendragarh,2025-11-22,0,0.0,+2d,0.0,0,0.05119940476190477,0,V2.3_RF_TREND
Haryana,Mahendragarh,2025-11-23,0,0.0,+2d,0.0,0,0.026906250000000003,0,V2.3_RF_TREND
Haryana,Nuh,2025-10-15,0,0.0,+2d,0.0,0,0.10301111111111112,0,V2.3_RF_TREND
Haryana,Nuh,2025-10-16,0,0.0,+2d,0.0,0,0.007666666666666667,0,V2.3_RF_TREND
Haryana,Nuh,2025-10-17,0,0.0,+2d,1.0,0,0.015910579004329004,0,V2.3_RF_TREND
Haryana,Nuh,2025-10-18,0,0.0,+2d,1.0,0,0.010276649547622488,0,V2.3_RF_TREND
Haryana,Nuh,2025-10-19,1,5.29,+2d,0.0,0,0.12179166666666667,0,V2.3_RF_TREND
Haryana,Nuh,2025-10-20,1,3.84,+2d,0.0,0,0.18362499999999993,0,V2.3_RF_TREND
Haryana,Nuh,2025-10-21,0,0.0,+2d,0.0,0,0.1548333333333333,0,V2.3_RF_TREND
Haryana,Nuh,2025-10-22,0,0.0,+2d,0.0,0,0.08045819805194807,0,V2.3_RF_TREND
Haryana,Nuh,2025-10-23,0,0.0,+2d,0.0,0,0.02357575757575758,0,V2.3_RF_TREND
Haryana,Nuh,2025-10-24,0,0.0,+2d,0.0,0,0.01261904761904762,0,V2.3_RF_TREND
Haryana,Nuh,2025-10-25,0,0.0,+2d,0.0,0,0.006577380952380953,0,V2.3_RF_TREND
Haryana,Nuh,2025-10-26,0,0.0,+2d,0.0,0,0.031152777777777776,0,V2.3_RF_TREND
Haryana,Nuh,2025-10-27,0,0.0,+2d,0.0,0,0.08060714285714289,0,V2.3_RF_TREND
Haryana,Nuh,2025-10-28,0,0.0,+2d,0.0,0,0.10863659261569683,0,V2.3_RF_TREND
Haryana,Nuh,2025-10-29,0,0.0,+2d,0.0,0,0.12069627690607966,0,V2.3_RF_TREND
Haryana,Nuh,2025-10-30,0,0.0,+2d,0.0,0,0.10843519296078523,0,V2.3_RF_TREND
Haryana,Nuh,2025-10-31,0,0.0,+2d,0.0,0,0.10989503647983924,0,V2.3_RF_TREND
Haryana,Nuh,2025-11-01,0,0.0,+2d,0.0,0,0.009472169944200933,0,V2.3_RF_TREND
Haryana,Nuh,2025-11-02,0,0.0,+2d,0.0,0,0.009587520160374358,0,V2.3_RF_TREND
Haryana,Nuh,2025-11-03,0,0.0,+2d,0.0,0,0.010777996350850548,0,V2.3_RF_TREND
Haryana,Nuh,2025-11-04,0,0.0,+2d,0.0,0,0.06480001224079322,0,V2.3_RF_TREND
Haryana,Nuh,2025-11-05,0,0.0,+2d,0.0,0,0.0197638366108676,0,V2.3_RF_TREND
Haryana,Nuh,2025-11-06,0,0.0,+2d,0.0,0,0.03296947207017952,0,V2.3_RF_TREND
Haryana,Nuh,2025-11-07,0,0.0,+2d,0.0,0,0.03112423397494143,0,V2.3_RF_TREND
Haryana,Nuh,2025-11-08,0,0.0,+2d,0.0,0,0.056941352201542415,0,V2.3_RF_TREND
Haryana,Nuh,2025-11-09,0,0.0,+2d,2.0,0,0.07363236464255482,0,V2.3_RF_TREND
Haryana,Nuh,2025-11-10,0,0.0,+2d,0.0,0,0.044199824960015184,0,V2.3_RF_TREND
Haryana,Nuh,2025-11-11,2,6.26,+2d,0.0,0,0.06269630369630369,0,V2.3_RF_TREND
Haryana,Nuh,2025-11-12,0,0.0,+2d,0.0,0,0.07875515873015872,0,V2.3_RF_TREND
Haryana,Nuh,2025-11-13,0,0.0,+2d,0.0,0,0.007625,0,V2.3_RF_TREND
Haryana,Nuh,2025-11-14,0,0.0,+2d,0.0,0,0.03588690476190476,0,V2.3_RF_TREND
Haryana,Nuh,2025-11-15,0,0.0,+2d,0.0,0,0.001560974737525249,0,V2.3_RF_TREND
Haryana,Nuh,2025-11-16,0,0.0,+2d,0.0,0,0.00525,0,V2.3_RF_TREND
Haryana,Nuh,2025-11-17,0,0.0,+2d,0.0,0,0.0027068080708585822,0,V2.3_RF_TREND
Haryana,Nuh,2025-11-18,0,0.0,+2d,0.0,0,0.0036527777777777782,0,V2.3_RF_TREND
Haryana,Nuh,2025-11-19,0,0.0,+2d,0.0,0,0.0007276414041919157,0,V2.3_RF_TREND
Haryana,Nuh,2025-11-20,0,0.0,+2d,0.0,0,0.0029522790853513357,0,V2.3_RF_TREND
Haryana,Nuh,2025-11-21,0,0.0,+2d,0.0,0,0.013373996257068506,0,V2.3_RF_TREND
Haryana,Nuh,2025-11-22,0,0.0,+2d,0.0,0,0.0007276414041919157,0,V2.3_RF_TREND
Haryana,Nuh,2025-11-23,0,0.0,+2d,0.0,0,0.0025401011854016965,0,V2.3_RF_TREND
Haryana,Palwal,2025-10-15,0,0.0,+2d,0.0,0,0.010537067099567098,0,V2.3_RF_TREND
Haryana,Palwal,2025-10-16,1,4.47,+2d,1.0,0,0.13137164387031408,0,V2.3_RF_TREND
Haryana,Palwal,2025-10-17,0,0.0,+2d,0.0,0,0.18545952380952374,0,V2.3_RF_TREND
Haryana,Palwal,2025-10-18,1,5.34,+2d,4.0,1,0.1549077380952381,0,V2.3_RF_TREND
Haryana,Palwal,2025-10-19,0,0.0,+2d,1.0,0,0.2168541666666667,0,V2.3_RF_TREND
Haryana,Palwal,2025-10-20,4,13.01,+2d,5.0,1,0.29592857142857143,0,V2.3_RF_TREND
Haryana,Palwal,2025-10-21,1,3.63,+2d,0.0,0,0.5638749999999998,1,V2.3_RF_TREND
Haryana,Palwal,2025-10-22,5,14.67,+2d,2.0,0,0.5624583333333333,1,V2.3_RF_TREND
Haryana,Palwal,2025-10-23,0,0.0,+2d,0.0,0,0.4399791666666667,1,V2.3_RF_TREND
Haryana,Palwal,2025-10-24,2,3.73,+2d,3.0,1,0.4720863095238094,1,V2.3_RF_TREND
Haryana,Palwal,2025-10-25,0,0.0,+2d,0.0,0,0.41081547619047604,1,V2.3_RF_TREND
Haryana,Palwal,2025-10-26,3,6.22,+2d,0.0,0,0.15819642857142854,0,V2.3_RF_TREND
Haryana,Palwal,2025-10-27,0,0.0,+2d,0.0,0,0.4224583333333333,1,V2.3_RF_TREND
Haryana,Palwal,2025-10-28,0,0.0,+2d,0.0,0,0.06394047619047619,0,V2.3_RF_TREND
Haryana,Palwal,2025-10-29,0,0.0,+2d,0.0,0,0.28475,0,V2.3_RF_TREND
Haryana,Palwal,2025-10-30,0,0.0,+2d,2.0,0,0.11350044404204826,0,V2.3_RF_TREND
Haryana,Palwal,2025-10-31,0,0.0,+2d,6.0,1,0.08979193722943724,0,V2.3_RF_TREND
Haryana,Palwal,2025-11-01,2,4.73,+2d,6.0,1,0.06020833333333332,0,V2.3_RF_TREND
Haryana,Palwal,2025-11-02,6,27.17,+2d,0.0,0,0.40456547619047634,1,V2.3_RF_TREND
Haryana,Palwal,2025-11-03,6,38.2,+2d,2.0,0,0.7342916666666668,1,V2.3_RF_TREND
Haryana,Palwal,2025-11-04,0,0.0,+2d,2.0,0,0.3562619047619049,0,V2.3_RF_TREND
Haryana,Palwal,2025-11-05,2,5.569999999999999,+2d,1.0,0,0.5429166666666668,1,V2.3_RF_TREND
Haryana,Palwal,2025-11-06,2,9.58,+2d,0.0,0,0.6288333333333334,1,V2.3_RF_TREND
Haryana,Palwal,2025-11-07,1,4.13,+2d,0.0,0,0.2902559523809525,0,V2.3_RF_TREND
Haryana,Palwal,2025-11-08,0,0.0,+2d,5.0,1,0.23674999999999996,0,V2.3_RF_TREND
Haryana,Palwal,2025-11-09,0,0.0,+2d,1.0,0,0.17962499999999998,0,V2.3_RF_TREND
Haryana,Palwal,2025-11-10,5,21.46,+2d,0.0,0,0.37580059523809517,1,V2.3_RF_TREND
Haryana,Palwal,2025-11-11,1,3.68,+2d,0.0,0,0.3811845238095239,1,V2.3_RF_TREND
Haryana,Palwal,2025-11-12,0,0.0,+2d,2.0,0,0.3139166666666667,0,V2.3_RF_TREND
Haryana,Palwal,2025-11-13,0,0.0,+2d,0.0,0,0.24614880952380955,0,V2.3_RF_TREND
Haryana,Palwal,2025-11-14,2,5.72,+2d,0.0,0,0.15090277777777777,0,V2.3_RF_TREND
Haryana,Palwal,2025-11-15,0,0.0,+2d,0.0,0,0.13081666666666666,0,V2.3_RF_TREND
Haryana,Palwal,2025-11-16,0,0.0,+2d,0.0,0,0.02120959595959596,0,V2.3_RF_TREND
Haryana,Palwal,2025-11-17,0,0.0,+2d,0.0,0,0.13495833333333335,0,V2.3_RF_TREND
Haryana,Palwal,2025-11-18,0,0.0,+2d,1.0,0,0.01781944444444444,0,V2.3_RF_TREND
Haryana,Palwal,2025-11-19,0,0.0,+2d,0.0,0,0.00375,0,V2.3_RF_TREND
Haryana,Palwal,2025-11-20,1,3.08,+2d,0.0,0,0.15522916666666664,0,V2.3_RF_TREND
Haryana,Palwal,2025-11-21,0,0.0,+2d,0.0,0,0.16044166666666665,0,V2.3_RF_TREND
Haryana,Palwal,2025-11-22,0,0.0,+2d,0.0,0,0.003202380952380952,0,V2.3_RF_TREND
Haryana,Palwal,2025-11-23,0,0.0,+2d,0.0,0,0.008857142857142857,0,V2.3_RF_TREND
Haryana,Panchkula,2025-10-15,0,0.0,+2d,0.0,0,0.07164679931207373,0,V2.3_RF_TREND
Haryana,Panchkula,2025-10-16,0,0.0,+2d,0.0,0,0.06304984765262206,0,V2.3_RF_TREND
Haryana,Panchkula,2025-10-17,0,0.0,+2d,0.0,0,0.05712173501770797,0,V2.3_RF_TREND
Haryana,Panchkula,2025-10-18,0,0.0,+2d,2.0,0,0.07950951390548684,0,V2.3_RF_TREND
Haryana,Panchkula,2025-10-19,0,0.0,+2d,1.0,0,0.04425234399206694,0,V2.3_RF_TREND
Haryana,Panchkula,2025-10-20,2,9.82,+2d,0.0,0,0.1433125,0,V2.3_RF_TREND
Haryana,Panchkula,2025-10-21,1,0.5,+2d,0.0,0,0.39208836996336993,1,V2.3_RF_TREND
Haryana,Panchkula,2025-10-22,0,0.0,+2d,0.0,0,0.25289781746031736,0,V2.3_RF_TREND
Haryana,Panchkula,2025-10-23,0,0.0,+2d,0.0,0,0.07366071428571427,0,V2.3_RF_TREND
Haryana,Panchkula,2025-10-24,0,0.0,+2d,0.0,0,0.07692248376623374,0,V2.3_RF_TREND
Haryana,Panchkula,2025-10-25,0,0.0,+2d,0.0,0,0.08138257575757576,0,V2.3_RF_TREND
Haryana,Panchkula,2025-10-26,0,0.0,+2d,1.0,0,0.05157539682539683,0,V2.3_RF_TREND
Haryana,Panchkula,2025-10-27,0,0.0,+2d,0.0,0,0.14184956709956711,0,V2.3_RF_TREND
Haryana,Panchkula,2025-10-28,1,3.76,+2d,0.0,0,0.16936309523809526,0,V2.3_RF_TREND
Haryana,Panchkula,2025-10-29,0,0.0,+2d,2.0,0,0.07476557539682538,0,V2.3_RF_TREND
Haryana,Panchkula,2025-10-30,0,0.0,+2d,0.0,0,0.0495327380952381,0,V2.3_RF_TREND
Haryana,Panchkula,2025-10-31,2,6.43,+2d,0.0,0,0.20550595238095237,0,V2.3_RF_TREND
Haryana,Panchkula,2025-11-01,0,0.0,+2d,0.0,0,0.125384126984127,0,V2.3_RF_TREND
Haryana,Panchkula,2025-11-02,0,0.0,+2d,0.0,0,0.031702380952380954,0,V2.3_RF_TREND
Haryana,Panchkula,2025-11-03,0,0.0,+2d,0.0,0,0.046708333333333345,0,V2.3_RF_TREND
Haryana,Panchkula,2025-11-04,0,0.0,+2d,0.0,0,0.01478739316239316,0,V2.3_RF_TREND
Haryana,Panchkula,2025-11-05,0,0.0,+2d,0.0,0,0.019761523199023197,0,V2.3_RF_TREND
Haryana,Panchkula,2025-11-06,0,0.0,+2d,0.0,0,0.04041741422464343,0,V2.3_RF_TREND
Haryana,Panchkula,2025-11-07,0,0.0,+2d,0.0,0,0.012537393162393164,0,V2.3_RF_TREND
Haryana,Panchkula,2025-11-08,0,0.0,+2d,0.0,0,0.04763026943510251,0,V2.3_RF_TREND
Haryana,Panchkula,2025-11-09,0,0.0,+2d,0.0,0,0.0705395358443689,0,V2.3_RF_TREND
Haryana,Panchkula,2025-11-10,0,0.0,+2d,0.0,0,0.04290163901897209,0,V2.3_RF_TREND
Haryana,Panchkula,2025-11-11,0,0.0,+2d,0.0,0,0.02766467894165876,0,V2.3_RF_TREND
Haryana,Panchkula,2025-11-12,0,0.0,+2d,0.0,0,0.10213160174681686,0,V2.3_RF_TREND
Haryana,Panchkula,2025-11-13,0,0.0,+2d,0.0,0,0.016784614193307564,0,V2.3_RF_TREND
Haryana,Panchkula,2025-11-14,0,0.0,+2d,0.0,0,0.00493915446613428,0,V2.3_RF_TREND
Haryana,Panchkula,2025-11-15,0,0.0,+2d,0.0,0,0.014992947526640894,0,V2.3_RF_TREND
Haryana,Panchkula,2025-11-16,0,0.0,+2d,0.0,0,0.011885804669498037,0,V2.3_RF_TREND
Haryana,Panchkula,2025-11-17,0,0.0,+2d,0.0,0,0.001500884034577403,0,V2.3_RF_TREND
Haryana,Panchkula,2025-11-18,0,0.0,+2d,0.0,0,0.00091755070124407,0,V2.3_RF_TREND
Haryana,Panchkula,2025-11-19,0,0.0,+2d,0.0,0,0.0008088550490701569,0,V2.3_RF_TREND
Haryana,Panchkula,2025-11-20,0,0.0,+2d,0.0,0,0.0024532649869583555,0,V2.3_RF_TREND
Haryana,Panchkula,2025-11-21,0,0.0,+2d,0.0,0,0.00066755070124407,0,V2.3_RF_TREND
Haryana,Panchkula,2025-11-22,0,0.0,+2d,0.0,0,0.0008088550490701569,0,V2.3_RF_TREND
Haryana,Panchkula,2025-11-23,0,0.0,+2d,0.0,0,0.0008088550490701569,0,V2.3_RF_TREND
Haryana,Panipat,2025-10-15,1,1.45,+2d,0.0,0,0.14514583333333336,0,V2.3_RF_TREND
Haryana,Panipat,2025-10-16,2,8.879999999999999,+2d,2.0,0,0.29823511904761907,0,V2.3_RF_TREND
Haryana,Panipat,2025-10-17,0,0.0,+2d,4.0,1,0.2988303571428571,0,V2.3_RF_TREND
Haryana,Panipat,2025-10-18,2,2.96,+2d,0.0,0,0.31621726190476185,0,V2.3_RF_TREND
Haryana,Panipat,2025-10-19,4,7.12,+2d,0.0,0,0.3442142857142858,0,V2.3_RF_TREND
Haryana,Panipat,2025-10-20,0,0.0,+2d,3.0,1,0.24924107142857144,0,V2.3_RF_TREND
Haryana,Panipat,2025-10-21,0,0.0,+2d,0.0,0,0.19358261183261188,0,V2.3_RF_TREND
Haryana,Panipat,2025-10-22,3,3.89,+2d,0.0,0,0.3001461038961039,0,V2.3_RF_TREND
Haryana,Panipat,2025-10-23,0,0.0,+2d,0.0,0,0.34405205627705615,0,V2.3_RF_TREND
Haryana,Panipat,2025-10-24,0,0.0,+2d,1.0,0,0.10767708333333337,0,V2.3_RF_TREND
Haryana,Panipat,2025-10-25,0,0.0,+2d,0.0,0,0.0939853896103896,0,V2.3_RF_TREND
Haryana,Panipat,2025-10-26,1,3.35,+2d,0.0,0,0.1611369047619048,0,V2.3_RF_TREND
Haryana,Panipat,2025-10-27,0,0.0,+2d,0.0,0,0.225453841991342,0,V2.3_RF_TREND
Haryana,Panipat,2025-10-28,0,0.0,+2d,0.0,0,0.0739433170995671,0,V2.3_RF_TREND
Haryana,Panipat,2025-10-29,0,0.0,+2d,0.0,0,0.1665731872294372,0,V2.3_RF_TREND
Haryana,Panipat,2025-10-30,0,0.0,+2d,0.0,0,0.12250242816903238,0,V2.3_RF_TREND
Haryana,Panipat,2025-10-31,0,0.0,+2d,1.0,0,0.07775396825396826,0,V2.3_RF_TREND
Haryana,Panipat,2025-11-01,0,0.0,+2d,0.0,0,0.05550166157451577,0,V2.3_RF_TREND
Haryana,Panipat,2025-11-02,1,2.87,+2d,0.0,0,0.1563365800865801,0,V2.3_RF_TREND
Haryana,Panipat,2025-11-03,0,0.0,+2d,0.0,0,0.08185833333333332,0,V2.3_RF_TREND
Haryana,Panipat,2025-11-04,0,0.0,+2d,2.0,0,0.03382936507936508,0,V2.3_RF_TREND
Haryana,Panipat,2025-11-05,0,0.0,+2d,4.0,1,0.03783333333333333,0,V2.3_RF_TREND
Haryana,Panipat,2025-11-06,2,4.41,+2d,0.0,0,0.1074739010989011,0,V2.3_RF_TREND
Haryana,Panipat,2025-11-07,4,8.63,+2d,6.0,1,0.25955357142857155,0,V2.3_RF_TREND
Haryana,Panipat,2025-11-08,0,0.0,+2d,0.0,0,0.20145238095238097,0,V2.3_RF_TREND
Haryana,Panipat,2025-11-09,6,16.25,+2d,1.0,0,0.3714523809523809,1,V2.3_RF_TREND
Haryana,Panipat,2025-11-10,0,0.0,+2d,2.0,0,0.39458333333333323,1,V2.3_RF_TREND
Haryana,Panipat,2025-11-11,1,2.43,+2d,2.0,0,0.38406944444444435,1,V2.3_RF_TREND
Haryana,Panipat,2025-11-12,2,6.6,+2d,0.0,0,0.5386071428571428,1,V2.3_RF_TREND
Haryana,Panipat,2025-11-13,2,11.62,+2d,0.0,0,0.3324166666666667,0,V2.3_RF_TREND
Haryana,Panipat,2025-11-14,0,0.0,+2d,2.0,0,0.20572023809523807,0,V2.3_RF_TREND
Haryana,Panipat,2025-11-15,0,0.0,+2d,0.0,0,0.1831230158730159,0,V2.3_RF_TREND
Haryana,Panipat,2025-11-16,2,4.29,+2d,2.0,0,0.3203333333333333,0,V2.3_RF_TREND
Haryana,Panipat,2025-11-17,0,0.0,+2d,1.0,0,0.10547142857142858,0,V2.3_RF_TREND
Haryana,Panipat,2025-11-18,2,5.7,+2d,5.0,1,0.21668055555555543,0,V2.3_RF_TREND
Haryana,Panipat,2025-11-19,1,5.3,+2d,0.0,0,0.29321130952380947,0,V2.3_RF_TREND
Haryana,Panipat,2025-11-20,5,9.45,+2d,3.0,1,0.2907651515151516,0,V2.3_RF_TREND
Haryana,Panipat,2025-11-21,0,0.0,+2d,0.0,0,0.2803214285714286,0,V2.3_RF_TREND
Haryana,Panipat,2025-11-22,3,8.56,+2d,1.0,0,0.4539365079365079,1,V2.3_RF_TREND
Haryana,Panipat,2025-11-23,0,0.0,+2d,2.0,0,0.2810744047619047,0,V2.3_RF_TREND
Haryana,Rewari,2025-10-15,0,0.0,+2d,0.0,0,0.011439484567994271,0,V2.3_RF_TREND
Haryana,Rewari,2025-10-16,0,0.0,+2d,0.0,0,0.006535714285714286,0,V2.3_RF_TREND
Haryana,Rewari,2025-10-17,0,0.0,+2d,0.0,0,0.03171254668613618,0,V2.3_RF_TREND
Haryana,Rewari,2025-10-18,0,0.0,+2d,0.0,0,0.02721527777777778,0,V2.3_RF_TREND
Haryana,Rewari,2025-10-19,0,0.0,+2d,0.0,0,0.08008402874930316,0,V2.3_RF_TREND
Haryana,Rewari,2025-10-20,0,0.0,+2d,1.0,0,0.037116567901327606,0,V2.3_RF_TREND
Haryana,Rewari,2025-10-21,0,0.0,+2d,0.0,0,0.06778025837751807,0,V2.3_RF_TREND
Haryana,Rewari,2025-10-22,1,2.17,+2d,0.0,0,0.13633928571428572,0,V2.3_RF_TREND
Haryana,Rewari,2025-10-23,0,0.0,+2d,0.0,0,0.15963611111111115,0,V2.3_RF_TREND
Haryana,Rewari,2025-10-24,0,0.0,+2d,0.0,0,0.006875,0,V2.3_RF_TREND
Haryana,Rewari,2025-10-25,0,0.0,+2d,0.0,0,0.015749999999999997,0,V2.3_RF_TREND
Haryana,Rewari,2025-10-26,0,0.0,+2d,0.0,0,0.01815766753750703,0,V2.3_RF_TREND
Haryana,Rewari,2025-10-27,0,0.0,+2d,0.0,0,0.08846626984126987,0,V2.3_RF_TREND
Haryana,Rewari,2025-10-28,0,0.0,+2d,0.0,0,0.10690794503778454,0,V2.3_RF_TREND
Haryana,Rewari,2025-10-29,0,0.0,+2d,0.0,0,0.07260416666666666,0,V2.3_RF_TREND
Haryana,Rewari,2025-10-30,0,0.0,+2d,0.0,0,0.11638786314599216,0,V2.3_RF_TREND
Haryana,Rewari,2025-10-31,0,0.0,+2d,0.0,0,0.12296560959544912,0,V2.3_RF_TREND
Haryana,Rewari,2025-11-01,0,0.0,+2d,0.0,0,0.02067033273204334,0,V2.3_RF_TREND
Haryana,Rewari,2025-11-02,0,0.0,+2d,0.0,0,0.01920604701775763,0,V2.3_RF_TREND
Haryana,Rewari,2025-11-03,0,0.0,+2d,0.0,0,0.02372390416061476,0,V2.3_RF_TREND
Haryana,Rewari,2025-11-04,0,0.0,+2d,2.0,0,0.08749222264768329,0,V2.3_RF_TREND
Haryana,Rewari,2025-11-05,0,0.0,+2d,0.0,0,0.027659262493671313,0,V2.3_RF_TREND
Haryana,Rewari,2025-11-06,2,1.1800000000000002,+2d,0.0,0,0.08714115209020673,0,V2.3_RF_TREND
Haryana,Rewari,2025-11-07,0,0.0,+2d,0.0,0,0.05373214285714285,0,V2.3_RF_TREND
Haryana,Rewari,2025-11-08,0,0.0,+2d,0.0,0,0.018799783549783552,0,V2.3_RF_TREND
Haryana,Rewari,2025-11-09,0,0.0,+2d,0.0,0,0.02300595238095238,0,V2.3_RF_TREND
Haryana,Rewari,2025-11-10,0,0.0,+2d,0.0,0,0.06888391848378832,0,V2.3_RF_TREND
Haryana,Rewari,2025-11-11,0,0.0,+2d,0.0,0,0.016315351315351313,0,V2.3_RF_TREND
Haryana,Rewari,2025-11-12,0,0.0,+2d,0.0,0,0.11612808281618799,0,V2.3_RF_TREND
Haryana,Rewari,2025-11-13,0,0.0,+2d,0.0,0,0.012172619047619047,0,V2.3_RF_TREND
Haryana,Rewari,2025-11-14,0,0.0,+2d,0.0,0,0.015600790663895798,0,V2.3_RF_TREND
Haryana,Rewari,2025-11-15,0,0.0,+2d,0.0,0,0.015600790663895798,0,V2.3_RF_TREND
Haryana,Rewari,2025-11-16,0,0.0,+2d,0.0,0,0.025471822409927534,0,V2.3_RF_TREND
Haryana,Rewari,2025-11-17,0,0.0,+2d,0.0,0,0.015079957330562466,0,V2.3_RF_TREND
Haryana,Rewari,2025-11-18,0,0.0,+2d,0.0,0,0.01143412399722913,0,V2.3_RF_TREND
Haryana,Rewari,2025-11-19,0,0.0,+2d,0.0,0,0.007553171616276749,0,V2.3_RF_TREND
Haryana,Rewari,2025-11-20,0,0.0,+2d,0.0,0,0.0068974877994676135,0,V2.3_RF_TREND
Haryana,Rewari,2025-11-21,0,0.0,+2d,0.0,0,0.019315172727656742,0,V2.3_RF_TREND
Haryana,Rewari,2025-11-22,0,0.0,+2d,0.0,0,0.007553171616276749,0,V2.3_RF_TREND
Haryana,Rewari,2025-11-23,0,0.0,+2d,0.0,0,0.016496583778438913,0,V2.3_RF_TREND
Haryana,Rohtak,2025-10-15,0,0.0,+2d,0.0,0,0.02064272186147186,0,V2.3_RF_TREND
Haryana,Rohtak,2025-10-16,0,0.0,+2d,0.0,0,0.021482007575757578,0,V2.3_RF_TREND
Haryana,Rohtak,2025-10-17,0,0.0,+2d,0.0,0,0.02376176948051948,0,V2.3_RF_TREND
Haryana,Rohtak,2025-10-18,0,0.0,+2d,0.0,0,0.0712716901154401,0,V2.3_RF_TREND
Haryana,Rohtak,2025-10-19,0,0.0,+2d,0.0,0,0.048811868686868695,0,V2.3_RF_TREND
Haryana,Rohtak,2025-10-20,0,0.0,+2d,1.0,0,0.03748746303968598,0,V2.3_RF_TREND
Haryana,Rohtak,2025-10-21,0,0.0,+2d,0.0,0,0.08836469182449452,0,V2.3_RF_TREND
Haryana,Rohtak,2025-10-22,1,1.71,+2d,0.0,0,0.18335416666666668,0,V2.3_RF_TREND
Haryana,Rohtak,2025-10-23,0,0.0,+2d,0.0,0,0.18270952380952377,0,V2.3_RF_TREND
Haryana,Rohtak,2025-10-24,0,0.0,+2d,0.0,0,0.024279626623376623,0,V2.3_RF_TREND
Haryana,Rohtak,2025-10-25,0,0.0,+2d,0.0,0,0.018208333333333333,0,V2.3_RF_TREND
Haryana,Rohtak,2025-10-26,0,0.0,+2d,0.0,0,0.015808164099768297,0,V2.3_RF_TREND
Haryana,Rohtak,2025-10-27,0,0.0,+2d,0.0,0,0.021871947496947496,0,V2.3_RF_TREND
Haryana,Rohtak,2025-10-28,0,0.0,+2d,0.0,0,0.07723527263257533,0,V2.3_RF_TREND
Haryana,Rohtak,2025-10-29,0,0.0,+2d,1.0,0,0.0820633567821068,0,V2.3_RF_TREND
Haryana,Rohtak,2025-10-30,0,0.0,+2d,0.0,0,0.15865182355241583,0,V2.3_RF_TREND
Haryana,Rohtak,2025-10-31,1,3.1,+2d,2.0,0,0.1677118506493507,0,V2.3_RF_TREND
Haryana,Rohtak,2025-11-01,0,0.0,+2d,3.0,1,0.05288611111111109,0,V2.3_RF_TREND
Haryana,Rohtak,2025-11-02,2,34.44,+2d,1.0,0,0.11651785714285717,0,V2.3_RF_TREND
Haryana,Rohtak,2025-11-03,3,9.02,+2d,5.0,1,0.4786160714285714,1,V2.3_RF_TREND
Haryana,Rohtak,2025-11-04,1,3.79,+2d,5.0,1,0.3863750000000001,1,V2.3_RF_TREND
Haryana,Rohtak,2025-11-05,5,8.76,+2d,5.0,1,0.4904226190476189,1,V2.3_RF_TREND
Haryana,Rohtak,2025-11-06,5,21.52,+2d,6.0,1,0.6166785714285714,1,V2.3_RF_TREND
Haryana,Rohtak,2025-11-07,5,31.38,+2d,4.0,1,0.5487500000000001,1,V2.3_RF_TREND
Haryana,Rohtak,2025-11-08,6,25.07,+2d,5.0,1,0.5567916666666668,1,V2.3_RF_TREND
Haryana,Rohtak,2025-11-09,4,16.03,+2d,12.0,1,0.5123452380952381,1,V2.3_RF_TREND
Haryana,Rohtak,2025-11-10,5,16.18,+2d,6.0,1,0.4823630952380954,1,V2.3_RF_TREND
Haryana,Rohtak,2025-11-11,12,46.3,+2d,10.0,1,0.7524583333333336,1,V2.3_RF_TREND
Haryana,Rohtak,2025-11-12,6,14.11,+2d,4.0,1,0.6435744047619048,1,V2.3_RF_TREND
Haryana,Rohtak,2025-11-13,10,37.13,+2d,6.0,1,0.7245565476190479,1,V2.3_RF_TREND
Haryana,Rohtak,2025-11-14,4,18.22,+2d,23.0,1,0.6233680555555554,1,V2.3_RF_TREND
Haryana,Rohtak,2025-11-15,6,16.89,+2d,6.0,1,0.4606547619047619,1,V2.3_RF_TREND
Haryana,Rohtak,2025-11-16,23,79.53999999999999,+2d,1.0,0,0.8160386904761904,1,V2.3_RF_TREND
Haryana,Rohtak,2025-11-17,6,12.26,+2d,2.0,0,0.6742023809523809,1,V2.3_RF_TREND
Haryana,Rohtak,2025-11-18,1,3.2,+2d,3.0,1,0.5119494047619049,1,V2.3_RF_TREND
Haryana,Rohtak,2025-11-19,2,5.550000000000001,+2d,5.0,1,0.609264880952381,1,V2.3_RF_TREND
Haryana,Rohtak,2025-11-20,3,9.87,+2d,9.0,1,0.4079107142857143,1,V2.3_RF_TREND
Haryana,Rohtak,2025-11-21,5,7.93,+2d,7.0,1,0.38398511904761906,1,V2.3_RF_TREND
Haryana,Rohtak,2025-11-22,9,27.74,+2d,2.0,0,0.4635238095238096,1,V2.3_RF_TREND
Haryana,Rohtak,2025-11-23,7,12.76,+2d,3.0,1,0.3952738095238096,1,V2.3_RF_TREND
Haryana,Sirsa,2025-10-15,3,2.92,+2d,8.0,1,0.3456309523809525,0,V2.3_RF_TREND
Haryana,Sirsa,2025-10-16,2,4.93,+2d,0.0,0,0.34200694444444435,0,V2.3_RF_TREND
Haryana,Sirsa,2025-10-17,8,24.57,+2d,1.0,0,0.510422619047619,1,V2.3_RF_TREND
Haryana,Sirsa,2025-10-18,0,0.0,+2d,0.0,0,0.326654761904762,0,V2.3_RF_TREND
Haryana,Sirsa,2025-10-19,1,4.81,+2d,2.0,0,0.484641865079365,1,V2.3_RF_TREND
Haryana,Sirsa,2025-10-20,0,0.0,+2d,14.0,1,0.4756527777777777,1,V2.3_RF_TREND
Haryana,Sirsa,2025-10-21,2,4.77,+2d,1.0,0,0.2313035714285714,0,V2.3_RF_TREND
Haryana,Sirsa,2025-10-22,14,61.32,+2d,2.0,0,0.570595238095238,1,V2.3_RF_TREND
Haryana,Sirsa,2025-10-23,1,2.2,+2d,3.0,1,0.47284523809523826,1,V2.3_RF_TREND
Haryana,Sirsa,2025-10-24,2,4.15,+2d,17.0,1,0.5532113095238096,1,V2.3_RF_TREND
Haryana,Sirsa,2025-10-25,3,5.359999999999999,+2d,6.0,1,0.7094940476190474,1,V2.3_RF_TREND
Haryana,Sirsa,2025-10-26,17,62.18,+2d,0.0,0,0.6366805555555555,1,V2.3_RF_TREND
Haryana,Sirsa,2025-10-27,6,6.94,+2d,2.0,0,0.632907738095238,1,V2.3_RF_TREND
Haryana,Sirsa,2025-10-28,0,0.0,+2d,5.0,1,0.4214791666666668,1,V2.3_RF_TREND
Haryana,Sirsa,2025-10-29,2,9.95,+2d,4.0,1,0.6875714285714287,1,V2.3_RF_TREND
Haryana,Sirsa,2025-10-30,5,16.400000000000002,+2d,10.0,1,0.6509345238095237,1,V2.3_RF_TREND
Haryana,Sirsa,2025-10-31,4,10.83,+2d,9.0,1,0.5395982142857142,1,V2.3_RF_TREND
Haryana,Sirsa,2025-11-01,10,24.6,+2d,8.0,1,0.6051279761904762,1,V2.3_RF_TREND
Haryana,Sirsa,2025-11-02,9,18.49,+2d,7.0,1,0.5294642857142857,1,V2.3_RF_TREND
Haryana,Sirsa,2025-11-03,8,35.480000000000004,+2d,7.0,1,0.6246488095238094,1,V2.3_RF_TREND
Haryana,Sirsa,2025-11-04,7,19.47,+2d,5.0,1,0.5687023809523809,1,V2.3_RF_TREND
Haryana,Sirsa,2025-11-05,7,8.85,+2d,4.0,1,0.4117291666666667,1,V2.3_RF_TREND
Haryana,Sirsa,2025-11-06,5,8.040000000000001,+2d,4.0,1,0.3938125,1,V2.3_RF_TREND
Haryana,Sirsa,2025-11-07,4,14.38,+2d,9.0,1,0.4610416666666666,1,V2.3_RF_TREND
Haryana,Sirsa,2025-11-08,4,10.9,+2d,8.0,1,0.261,0,V2.3_RF_TREND
Haryana,Sirsa,2025-11-09,9,18.64,+2d,5.0,1,0.3915416666666667,1,V2.3_RF_TREND
Haryana,Sirsa,2025-11-10,8,15.43,+2d,4.0,1,0.47083333333333344,1,V2.3_RF_TREND
Haryana,Sirsa,2025-11-11,5,15.95,+2d,4.0,1,0.4525952380952381,1,V2.3_RF_TREND
Haryana,Sirsa,2025-11-12,4,5.46,+2d,7.0,1,0.32679166666666665,0,V2.3_RF_TREND
Haryana,Sirsa,2025-11-13,4,15.64,+2d,5.0,1,0.5080059523809524,1,V2.3_RF_TREND
Haryana,Sirsa,2025-11-14,7,33.77,+2d,7.0,1,0.5832202380952382,1,V2.3_RF_TREND
Haryana,Sirsa,2025-11-15,5,19.81,+2d,8.0,1,0.6043095238095237,1,V2.3_RF_TREND
Haryana,Sirsa,2025-11-16,7,13.23,+2d,7.0,1,0.36270833333333335,1,V2.3_RF_TREND
Haryana,Sirsa,2025-11-17,8,17.540000000000003,+2d,12.0,1,0.5457172619047618,1,V2.3_RF_TREND
Haryana,Sirsa,2025-11-18,7,16.15,+2d,3.0,1,0.4241190476190478,1,V2.3_RF_TREND
Haryana,Sirsa,2025-11-19,12,27.95,+2d,2.0,0,0.5126815476190475,1,V2.3_RF_TREND
Haryana,Sirsa,2025-11-20,3,11.03,+2d,1.0,0,0.4306339285714287,1,V2.3_RF_TREND
Haryana,Sirsa,2025-11-21,2,5.75,+2d,1.0,0,0.25857142857142856,0,V2.3_RF_TREND
Haryana,Sirsa,2025-11-22,1,2.12,+2d,0.0,0,0.3901071428571427,1,V2.3_RF_TREND
Haryana,Sirsa,2025-11-23,1,0.68,+2d,0.0,0,0.2272023809523809,0,V2.3_RF_TREND
Haryana,Sonipat,2025-10-15,1,1.64,+2d,0.0,0,0.2580220959595959,0,V2.3_RF_TREND
Haryana,Sonipat,2025-10-16,0,0.0,+2d,0.0,0,0.11554236111111113,0,V2.3_RF_TREND
Haryana,Sonipat,2025-10-17,0,0.0,+2d,0.0,0,0.02706534090909091,0,V2.3_RF_TREND
Haryana,Sonipat,2025-10-18,0,0.0,+2d,0.0,0,0.08419728535353535,0,V2.3_RF_TREND
Haryana,Sonipat,2025-10-19,0,0.0,+2d,0.0,0,0.09192893217893218,0,V2.3_RF_TREND
Haryana,Sonipat,2025-10-20,0,0.0,+2d,0.0,0,0.031521825396825395,0,V2.3_RF_TREND
Haryana,Sonipat,2025-10-21,0,0.0,+2d,0.0,0,0.09690635849116119,0,V2.3_RF_TREND
Haryana,Sonipat,2025-10-22,0,0.0,+2d,0.0,0,0.0794642857142857,0,V2.3_RF_TREND
Haryana,Sonipat,2025-10-23,0,0.0,+2d,0.0,0,0.027454809121413324,0,V2.3_RF_TREND
Haryana,Sonipat,2025-10-24,0,0.0,+2d,1.0,0,0.029071537062589792,0,V2.3_RF_TREND
Haryana,Sonipat,2025-10-25,0,0.0,+2d,0.0,0,0.01926054505214925,0,V2.3_RF_TREND
Haryana,Sonipat,2025-10-26,1,0.67,+2d,0.0,0,0.2519583333333333,0,V2.3_RF_TREND
Haryana,Sonipat,2025-10-27,0,0.0,+2d,0.0,0,0.05286217948717949,0,V2.3_RF_TREND
Haryana,Sonipat,2025-10-28,0,0.0,+2d,0.0,0,0.0629606782106782,0,V2.3_RF_TREND
Haryana,Sonipat,2025-10-29,0,0.0,+2d,1.0,0,0.059130817099567086,0,V2.3_RF_TREND
Haryana,Sonipat,2025-10-30,0,0.0,+2d,2.0,0,0.16594349021908247,0,V2.3_RF_TREND
Haryana,Sonipat,2025-10-31,1,2.27,+2d,3.0,1,0.14173901098901098,0,V2.3_RF_TREND
Haryana,Sonipat,2025-11-01,2,7.83,+2d,1.0,0,0.17144047619047614,0,V2.3_RF_TREND
Haryana,Sonipat,2025-11-02,3,13.86,+2d,5.0,1,0.4023273809523811,1,V2.3_RF_TREND
Haryana,Sonipat,2025-11-03,1,0.82,+2d,4.0,1,0.27845833333333336,0,V2.3_RF_TREND
Haryana,Sonipat,2025-11-04,5,17.57,+2d,7.0,1,0.5852440476190475,1,V2.3_RF_TREND
Haryana,Sonipat,2025-11-05,4,2.64,+2d,6.0,1,0.4238591269841268,1,V2.3_RF_TREND
Haryana,Sonipat,2025-11-06,7,23.87,+2d,2.0,0,0.515392857142857,1,V2.3_RF_TREND
Haryana,Sonipat,2025-11-07,6,25.61,+2d,12.0,1,0.5473333333333334,1,V2.3_RF_TREND
Haryana,Sonipat,2025-11-08,2,7.57,+2d,1.0,0,0.3700416666666666,1,V2.3_RF_TREND
Haryana,Sonipat,2025-11-09,12,53.510000000000005,+2d,12.0,1,0.7119583333333334,1,V2.3_RF_TREND
Haryana,Sonipat,2025-11-10,1,3.09,+2d,6.0,1,0.5067430555555555,1,V2.3_RF_TREND
Haryana,Sonipat,2025-11-11,12,27.05,+2d,4.0,1,0.6103511904761905,1,V2.3_RF_TREND
Haryana,Sonipat,2025-11-12,6,22.36,+2d,10.0,1,0.6964136904761904,1,V2.3_RF_TREND
Haryana,Sonipat,2025-11-13,4,10.65,+2d,11.0,1,0.43669642857142854,1,V2.3_RF_TREND
Haryana,Sonipat,2025-11-14,10,36.19,+2d,16.0,1,0.7109345238095238,1,V2.3_RF_TREND
Haryana,Sonipat,2025-11-15,11,34.99,+2d,8.0,1,0.7323452380952381,1,V2.3_RF_TREND
Haryana,Sonipat,2025-11-16,16,63.61,+2d,2.0,0,0.8455803571428572,1,V2.3_RF_TREND
Haryana,Sonipat,2025-11-17,8,27.08,+2d,4.0,1,0.7590952380952384,1,V2.3_RF_TREND
Haryana,Sonipat,2025-11-18,2,7.31,+2d,2.0,0,0.45722222222222236,1,V2.3_RF_TREND
Haryana,Sonipat,2025-11-19,4,20.27,+2d,0.0,0,0.5144523809523808,1,V2.3_RF_TREND
Haryana,Sonipat,2025-11-20,2,1.2400000000000002,+2d,5.0,1,0.3758333333333333,1,V2.3_RF_TREND
Haryana,Sonipat,2025-11-21,0,0.0,+2d,12.0,1,0.28594345238095226,0,V2.3_RF_TREND
Haryana,Sonipat,2025-11-22,5,14.0,+2d,1.0,0,0.4726011904761905,1,V2.3_RF_TREND
Haryana,Sonipat,2025-11-23,12,33.33,+2d,0.0,0,0.4842589285714285,1,V2.3_RF_TREND
Haryana,Yamunanagar,2025-10-15,0,0.0,+2d,0.0,0,0.04078409090909091,0,V2.3_RF_TREND
Haryana,Yamunanagar,2025-10-16,4,15.06,+2d,2.0,0,0.3043630952380952,0,V2.3_RF_TREND
Haryana,Yamunanagar,2025-10-17,0,0.0,+2d,1.0,0,0.3484166666666667,0,V2.3_RF_TREND
Haryana,Yamunanagar,2025-10-18,2,2.39,+2d,2.0,0,0.4389136904761904,1,V2.3_RF_TREND
Haryana,Yamunanagar,2025-10-19,1,3.86,+2d,0.0,0,0.42039015151515147,1,V2.3_RF_TREND
Haryana,Yamunanagar,2025-10-20,2,7.58,+2d,1.0,0,0.25438988095238096,0,V2.3_RF_TREND
Haryana,Yamunanagar,2025-10-21,0,0.0,+2d,0.0,0,0.2917020202020202,0,V2.3_RF_TREND
Haryana,Yamunanagar,2025-10-22,1,1.44,+2d,0.0,0,0.34980555555555554,0,V2.3_RF_TREND
Haryana,Yamunanagar,2025-10-23,0,0.0,+2d,0.0,0,0.29835218253968243,0,V2.3_RF_TREND
Haryana,Yamunanagar,2025-10-24,0,0.0,+2d,0.0,0,0.06041057900432901,0,V2.3_RF_TREND
Haryana,Yamunanagar,2025-10-25,0,0.0,+2d,0.0,0,0.13261931818181819,0,V2.3_RF_TREND
Haryana,Yamunanagar,2025-10-26,0,0.0,+2d,0.0,0,0.09591107503607507,0,V2.3_RF_TREND
Haryana,Yamunanagar,2025-10-27,0,0.0,+2d,1.0,0,0.1544489087301587,0,V2.3_RF_TREND
Haryana,Yamunanagar,2025-10-28,0,0.0,+2d,0.0,0,0.09824907133387406,0,V2.3_RF_TREND
Haryana,Yamunanagar,2025-10-29,1,0.38,+2d,0.0,0,0.23776316738816725,0,V2.3_RF_TREND
Haryana,Yamunanagar,2025-10-30,0,0.0,+2d,1.0,0,0.21437554112554116,0,V2.3_RF_TREND
Haryana,Yamunanagar,2025-10-31,0,0.0,+2d,5.0,1,0.06161138167388167,0,V2.3_RF_TREND
Haryana,Yamunanagar,2025-11-01,1,5.48,+2d,3.0,1,0.1312172619047619,0,V2.3_RF_TREND
Haryana,Yamunanagar,2025-11-02,5,8.93,+2d,0.0,0,0.28005952380952387,0,V2.3_RF_TREND
Haryana,Yamunanagar,2025-11-03,3,9.27,+2d,0.0,0,0.5587291666666665,1,V2.3_RF_TREND
Haryana,Yamunanagar,2025-11-04,0,0.0,+2d,0.0,0,0.2805952380952381,0,V2.3_RF_TREND
Haryana,Yamunanagar,2025-11-05,0,0.0,+2d,0.0,0,0.31958658008658014,0,V2.3_RF_TREND
Haryana,Yamunanagar,2025-11-06,0,0.0,+2d,0.0,0,0.10459523809523809,0,V2.3_RF_TREND
Haryana,Yamunanagar,2025-11-07,0,0.0,+2d,0.0,0,0.05669143356643355,0,V2.3_RF_TREND
Haryana,Yamunanagar,2025-11-08,0,0.0,+2d,0.0,0,0.11731547619047618,0,V2.3_RF_TREND
Haryana,Yamunanagar,2025-11-09,0,0.0,+2d,0.0,0,0.11526087801087803,0,V2.3_RF_TREND
Haryana,Yamunanagar,2025-11-10,0,0.0,+2d,0.0,0,0.07782806776556775,0,V2.3_RF_TREND
Haryana,Yamunanagar,2025-11-11,0,0.0,+2d,0.0,0,0.05232072114457595,0,V2.3_RF_TREND
Haryana,Yamunanagar,2025-11-12,0,0.0,+2d,0.0,0,0.10348291305348532,0,V2.3_RF_TREND
Haryana,Yamunanagar,2025-11-13,0,0.0,+2d,2.0,0,0.027415662923735176,0,V2.3_RF_TREND
Haryana,Yamunanagar,2025-11-14,0,0.0,+2d,0.0,0,0.021179551812624067,0,V2.3_RF_TREND
Haryana,Yamunanagar,2025-11-15,2,4.6,+2d,0.0,0,0.08857142857142856,0,V2.3_RF_TREND
Haryana,Yamunanagar,2025-11-16,0,0.0,+2d,0.0,0,0.15233452380952378,0,V2.3_RF_TREND
Haryana,Yamunanagar,2025-11-17,0,0.0,+2d,0.0,0,0.0603735119047619,0,V2.3_RF_TREND
Haryana,Yamunanagar,2025-11-18,0,0.0,+2d,0.0,0,0.01,0,V2.3_RF_TREND
Haryana,Yamunanagar,2025-11-19,0,0.0,+2d,0.0,0,0.019832329590401838,0,V2.3_RF_TREND
Haryana,Yamunanagar,2025-11-20,0,0.0,+2d,0.0,0,0.008596726190476191,0,V2.3_RF_TREND
Haryana,Yamunanagar,2025-11-21,0,0.0,+2d,1.0,0,0.009049454926898294,0,V2.3_RF_TREND
Haryana,Yamunanagar,2025-11-22,0,0.0,+2d,0.0,0,0.030319444444444437,0,V2.3_RF_TREND
Haryana,Yamunanagar,2025-11-23,1,1.39,+2d,2.0,0,0.14547619047619048,0,V2.3_RF_TREND
Punjab,Amritsar,2025-10-15,12,35.05,+2d,8.0,1,0.4858333333333333,1,V2.3_RF_TREND
Punjab,Amritsar,2025-10-16,16,68.16,+2d,6.0,1,0.6071130952380952,1,V2.3_RF_TREND
Punjab,Amritsar,2025-10-17,8,32.87,+2d,45.0,1,0.8644583333333332,1,V2.3_RF_TREND
Punjab,Amritsar,2025-10-18,6,21.91,+2d,20.0,1,0.7777767857142858,1,V2.3_RF_TREND
Punjab,Amritsar,2025-10-19,45,240.68,+2d,19.0,1,0.8284166666666667,1,V2.3_RF_TREND
Punjab,Amritsar,2025-10-20,20,92.65,+2d,22.0,1,0.9885416666666665,1,V2.3_RF_TREND
Punjab,Amritsar,2025-10-21,19,88.28,+2d,16.0,1,0.9941666666666665,1,V2.3_RF_TREND
Punjab,Amritsar,2025-10-22,22,118.74,+2d,1.0,0,0.9735416666666667,1,V2.3_RF_TREND
Punjab,Amritsar,2025-10-23,16,66.03,+2d,13.0,1,0.9860000000000001,1,V2.3_RF_TREND
Punjab,Amritsar,2025-10-24,1,2.08,+2d,22.0,1,0.8187291666666667,1,V2.3_RF_TREND
Punjab,Amritsar,2025-10-25,13,47.41,+2d,24.0,1,0.9288333333333334,1,V2.3_RF_TREND
Punjab,Amritsar,2025-10-26,22,98.56,+2d,6.0,1,0.911375,1,V2.3_RF_TREND
Punjab,Amritsar,2025-10-27,24,90.37,+2d,7.0,1,0.977125,1,V2.3_RF_TREND
Punjab,Amritsar,2025-10-28,6,33.58,+2d,23.0,1,0.9557083333333334,1,V2.3_RF_TREND
Punjab,Amritsar,2025-10-29,7,37.73,+2d,27.0,1,0.8743214285714285,1,V2.3_RF_TREND
Punjab,Amritsar,2025-10-30,23,143.86,+2d,37.0,1,0.9383750000000001,1,V2.3_RF_TREND
Punjab,Amritsar,2025-10-31,27,94.06,+2d,28.0,1,0.9947916666666667,1,V2.3_RF_TREND
Punjab,Amritsar,2025-11-01,37,118.21,+2d,9.0,1,0.9783333333333334,1,V2.3_RF_TREND
Punjab,Amritsar,2025-11-02,28,109.47,+2d,26.0,1,0.9783333333333333,1,V2.3_RF_TREND
Punjab,Amritsar,2025-11-03,9,30.4,+2d,29.0,1,0.9206250000000001,1,V2.3_RF_TREND
Punjab,Amritsar,2025-11-04,26,112.51,+2d,23.0,1,0.8080416666666668,1,V2.3_RF_TREND
Punjab,Amritsar,2025-11-05,29,131.59,+2d,8.0,1,0.8840416666666667,1,V2.3_RF_TREND
Punjab,Amritsar,2025-11-06,23,109.0,+2d,13.0,1,0.9741249999999998,1,V2.3_RF_TREND
Punjab,Amritsar,2025-11-07,8,31.31,+2d,15.0,1,0.8028749999999999,1,V2.3_RF_TREND
Punjab,Amritsar,2025-11-08,13,70.85,+2d,9.0,1,0.652125,1,V2.3_RF_TREND
Punjab,Amritsar,2025-11-09,15,46.38,+2d,7.0,1,0.6902499999999999,1,V2.3_RF_TREND
Punjab,Amritsar,2025-11-10,9,34.5,+2d,4.0,1,0.8277678571428569,1,V2.3_RF_TREND
Punjab,Amritsar,2025-11-11,7,14.15,+2d,2.0,0,0.596625,1,V2.3_RF_TREND
Punjab,Amritsar,2025-11-12,4,9.57,+2d,2.0,0,0.5259126984126984,1,V2.3_RF_TREND
Punjab,Amritsar,2025-11-13,2,5.67,+2d,2.0,0,0.39381547619047624,1,V2.3_RF_TREND
Punjab,Amritsar,2025-11-14,2,10.12,+2d,6.0,1,0.4112946428571428,1,V2.3_RF_TREND
Punjab,Amritsar,2025-11-15,2,8.0,+2d,0.0,0,0.46104166666666657,1,V2.3_RF_TREND
Punjab,Amritsar,2025-11-16,6,30.14,+2d,0.0,0,0.5997321428571428,1,V2.3_RF_TREND
Punjab,Amritsar,2025-11-17,0,0.0,+2d,0.0,0,0.428169642857143,1,V2.3_RF_TREND
Punjab,Amritsar,2025-11-18,0,0.0,+2d,0.0,0,0.2517511446886446,0,V2.3_RF_TREND
Punjab,Amritsar,2025-11-19,0,0.0,+2d,0.0,0,0.38436721611721614,1,V2.3_RF_TREND
Punjab,Amritsar,2025-11-20,0,0.0,+2d,1.0,0,0.1552213827838828,0,V2.3_RF_TREND
Punjab,Amritsar,2025-11-21,0,0.0,+2d,4.0,1,0.22423731203007527,0,V2.3_RF_TREND
Punjab,Amritsar,2025-11-22,1,3.81,+2d,0.0,0,0.19674404761904757,0,V2.3_RF_TREND
Punjab,Amritsar,2025-11-23,4,13.1,+2d,0.0,0,0.3308630952380952,0,V2.3_RF_TREND
Punjab,Barnala,2025-10-15,0,0.0,+2d,0.0,0,0.03680308600713012,0,V2.3_RF_TREND
Punjab,Barnala,2025-10-16,0,0.0,+2d,0.0,0,0.04439470609395352,0,V2.3_RF_TREND
Punjab,Barnala,2025-10-17,0,0.0,+2d,0.0,0,0.07312663398692809,0,V2.3_RF_TREND
Punjab,Barnala,2025-10-18,0,0.0,+2d,0.0,0,0.06570495140419882,0,V2.3_RF_TREND
Punjab,Barnala,2025-10-19,0,0.0,+2d,0.0,0,0.045809759079415244,0,V2.3_RF_TREND
Punjab,Barnala,2025-10-20,0,0.0,+2d,0.0,0,0.04300791070848792,0,V2.3_RF_TREND
Punjab,Barnala,2025-10-21,0,0.0,+2d,0.0,0,0.06690575407375149,0,V2.3_RF_TREND
Punjab,Barnala,2025-10-22,0,0.0,+2d,0.0,0,0.11376129274311998,0,V2.3_RF_TREND
Punjab,Barnala,2025-10-23,0,0.0,+2d,0.0,0,0.15336079715812365,0,V2.3_RF_TREND
Punjab,Barnala,2025-10-24,0,0.0,+2d,3.0,1,0.15701026054196204,0,V2.3_RF_TREND
Punjab,Barnala,2025-10-25,0,0.0,+2d,2.0,0,0.06261956657498124,0,V2.3_RF_TREND
Punjab,Barnala,2025-10-26,3,7.86,+2d,1.0,0,0.20722408147408145,0,V2.3_RF_TREND
Punjab,Barnala,2025-10-27,2,7.640000000000001,+2d,3.0,1,0.3333412698412699,0,V2.3_RF_TREND
Punjab,Barnala,2025-10-28,1,4.59,+2d,3.0,1,0.5414513888888888,1,V2.3_RF_TREND
Punjab,Barnala,2025-10-29,3,16.8,+2d,6.0,1,0.6751071428571426,1,V2.3_RF_TREND
Punjab,Barnala,2025-10-30,3,18.94,+2d,10.0,1,0.7861904761904761,1,V2.3_RF_TREND
Punjab,Barnala,2025-10-31,6,37.17,+2d,8.0,1,0.7188749999999999,1,V2.3_RF_TREND
Punjab,Barnala,2025-11-01,10,56.52,+2d,6.0,1,0.8543749999999999,1,V2.3_RF_TREND
Punjab,Barnala,2025-11-02,8,45.7,+2d,12.0,1,0.8883154761904763,1,V2.3_RF_TREND
Punjab,Barnala,2025-11-03,6,37.37,+2d,2.0,0,0.7541249999999998,1,V2.3_RF_TREND
Punjab,Barnala,2025-11-04,12,124.62,+2d,1.0,0,0.8496220238095239,1,V2.3_RF_TREND
Punjab,Barnala,2025-11-05,2,10.62,+2d,0.0,0,0.7369761904761906,1,V2.3_RF_TREND
Punjab,Barnala,2025-11-06,1,1.65,+2d,2.0,0,0.5201458333333332,1,V2.3_RF_TREND
Punjab,Barnala,2025-11-07,0,0.0,+2d,4.0,1,0.6816071428571426,1,V2.3_RF_TREND
Punjab,Barnala,2025-11-08,2,4.4,+2d,8.0,1,0.3280416666666666,0,V2.3_RF_TREND
Punjab,Barnala,2025-11-09,4,11.85,+2d,2.0,0,0.45050000000000007,1,V2.3_RF_TREND
Punjab,Barnala,2025-11-10,8,38.44,+2d,2.0,0,0.5005416666666668,1,V2.3_RF_TREND
Punjab,Barnala,2025-11-11,2,5.19,+2d,2.0,0,0.5174305555555556,1,V2.3_RF_TREND
Punjab,Barnala,2025-11-12,2,39.4,+2d,1.0,0,0.5756547619047618,1,V2.3_RF_TREND
Punjab,Barnala,2025-11-13,2,15.18,+2d,5.0,1,0.576875,1,V2.3_RF_TREND
Punjab,Barnala,2025-11-14,1,3.39,+2d,1.0,0,0.37756547619047626,1,V2.3_RF_TREND
Punjab,Barnala,2025-11-15,5,33.09,+2d,0.0,0,0.5756041666666666,1,V2.3_RF_TREND
Punjab,Barnala,2025-11-16,1,1.66,+2d,0.0,0,0.46410119047619036,1,V2.3_RF_TREND
Punjab,Barnala,2025-11-17,0,0.0,+2d,0.0,0,0.29204166666666664,0,V2.3_RF_TREND
Punjab,Barnala,2025-11-18,0,0.0,+2d,0.0,0,0.3572838827838829,1,V2.3_RF_TREND
Punjab,Barnala,2025-11-19,0,0.0,+2d,0.0,0,0.19728598484848484,0,V2.3_RF_TREND
Punjab,Barnala,2025-11-20,0,0.0,+2d,0.0,0,0.21102678571428576,0,V2.3_RF_TREND
Punjab,Barnala,2025-11-21,0,0.0,+2d,0.0,0,0.022777777777777775,0,V2.3_RF_TREND
Punjab,Barnala,2025-11-22,0,0.0,+2d,0.0,0,0.19479491341991342,0,V2.3_RF_TREND
Punjab,Barnala,2025-11-23,0,0.0,+2d,0.0,0,0.02009848484848485,0,V2.3_RF_TREND
Punjab,Bathinda,2025-10-15,1,1.18,+2d,4.0,1,0.34726488095238106,0,V2.3_RF_TREND
Punjab,Bathinda,2025-10-16,0,0.0,+2d,0.0,0,0.15876934523809522,0,V2.3_RF_TREND
Punjab,Bathinda,2025-10-17,4,63.8,+2d,0.0,0,0.49488392857142854,1,V2.3_RF_TREND
Punjab,Bathinda,2025-10-18,0,0.0,+2d,5.0,1,0.3375654761904761,0,V2.3_RF_TREND
Punjab,Bathinda,2025-10-19,0,0.0,+2d,2.0,0,0.2792708333333333,0,V2.3_RF_TREND
Punjab,Bathinda,2025-10-20,5,17.72,+2d,17.0,1,0.5923392857142857,1,V2.3_RF_TREND
Punjab,Bathinda,2025-10-21,2,4.890000000000001,+2d,3.0,1,0.5922430555555558,1,V2.3_RF_TREND
Punjab,Bathinda,2025-10-22,17,87.66,+2d,4.0,1,0.6786071428571429,1,V2.3_RF_TREND
Punjab,Bathinda,2025-10-23,3,19.55,+2d,7.0,1,0.757595238095238,1,V2.3_RF_TREND
Punjab,Bathinda,2025-10-24,4,28.48,+2d,13.0,1,0.6651666666666667,1,V2.3_RF_TREND
Punjab,Bathinda,2025-10-25,7,29.89,+2d,8.0,1,0.8202202380952381,1,V2.3_RF_TREND
Punjab,Bathinda,2025-10-26,13,74.64,+2d,9.0,1,0.8965416666666668,1,V2.3_RF_TREND
Punjab,Bathinda,2025-10-27,8,43.22,+2d,13.0,1,0.9381428571428571,1,V2.3_RF_TREND
Punjab,Bathinda,2025-10-28,9,58.940000000000005,+2d,18.0,1,0.9470833333333334,1,V2.3_RF_TREND
Punjab,Bathinda,2025-10-29,13,140.1,+2d,41.0,1,0.9350178571428571,1,V2.3_RF_TREND
Punjab,Bathinda,2025-10-30,18,127.21,+2d,26.0,1,0.992047619047619,1,V2.3_RF_TREND
Punjab,Bathinda,2025-10-31,41,315.65000000000003,+2d,30.0,1,0.986875,1,V2.3_RF_TREND
Punjab,Bathinda,2025-11-01,26,202.89,+2d,17.0,1,0.96,1,V2.3_RF_TREND
Punjab,Bathinda,2025-11-02,30,221.48,+2d,27.0,1,0.9614791666666666,1,V2.3_RF_TREND
Punjab,Bathinda,2025-11-03,17,79.41,+2d,12.0,1,0.9210625,1,V2.3_RF_TREND
Punjab,Bathinda,2025-11-04,27,125.34,+2d,24.0,1,0.9743749999999999,1,V2.3_RF_TREND
Punjab,Bathinda,2025-11-05,12,44.44,+2d,41.0,1,0.8437142857142852,1,V2.3_RF_TREND
Punjab,Bathinda,2025-11-06,24,116.88,+2d,20.0,1,0.915517857142857,1,V2.3_RF_TREND
Punjab,Bathinda,2025-11-07,41,237.32,+2d,18.0,1,0.9035625,1,V2.3_RF_TREND
Punjab,Bathinda,2025-11-08,20,100.05,+2d,35.0,1,0.8292291666666667,1,V2.3_RF_TREND
Punjab,Bathinda,2025-11-09,18,112.56,+2d,32.0,1,0.7680208333333334,1,V2.3_RF_TREND
Punjab,Bathinda,2025-11-10,35,228.03,+2d,15.0,1,0.8343958333333333,1,V2.3_RF_TREND
Punjab,Bathinda,2025-11-11,32,118.04,+2d,14.0,1,0.9271458333333333,1,V2.3_RF_TREND
Punjab,Bathinda,2025-11-12,15,44.18,+2d,20.0,1,0.9073898809523808,1,V2.3_RF_TREND
Punjab,Bathinda,2025-11-13,14,69.72,+2d,11.0,1,0.9089791666666666,1,V2.3_RF_TREND
Punjab,Bathinda,2025-11-14,20,112.79,+2d,37.0,1,0.9056875000000001,1,V2.3_RF_TREND
Punjab,Bathinda,2025-11-15,11,34.54,+2d,13.0,1,0.8600208333333331,1,V2.3_RF_TREND
Punjab,Bathinda,2025-11-16,37,147.55,+2d,6.0,1,0.8324374999999997,1,V2.3_RF_TREND
Punjab,Bathinda,2025-11-17,13,55.79,+2d,6.0,1,0.9552291666666665,1,V2.3_RF_TREND
Punjab,Bathinda,2025-11-18,6,25.15,+2d,7.0,1,0.6607916666666668,1,V2.3_RF_TREND
Punjab,Bathinda,2025-11-19,6,39.8,+2d,8.0,1,0.6442440476190475,1,V2.3_RF_TREND
Punjab,Bathinda,2025-11-20,7,21.46,+2d,7.0,1,0.5413333333333334,1,V2.3_RF_TREND
Punjab,Bathinda,2025-11-21,8,30.63,+2d,1.0,0,0.5395178571428572,1,V2.3_RF_TREND
Punjab,Bathinda,2025-11-22,7,37.75,+2d,1.0,0,0.5154583333333335,1,V2.3_RF_TREND
Punjab,Bathinda,2025-11-23,1,1.89,+2d,0.0,0,0.2475416666666666,0,V2.3_RF_TREND
Punjab,Faridkot,2025-10-15,0,0.0,+2d,1.0,0,0.05784044561639048,0,V2.3_RF_TREND
Punjab,Faridkot,2025-10-16,1,2.22,+2d,0.0,0,0.16795208916900087,0,V2.3_RF_TREND
Punjab,Faridkot,2025-10-17,1,5.47,+2d,1.0,0,0.27447321428571436,0,V2.3_RF_TREND
Punjab,Faridkot,2025-10-18,0,0.0,+2d,0.0,0,0.19517807539682533,0,V2.3_RF_TREND
Punjab,Faridkot,2025-10-19,1,5.6,+2d,2.0,0,0.20470208916900084,0,V2.3_RF_TREND
Punjab,Faridkot,2025-10-20,0,0.0,+2d,5.0,1,0.23624639249639248,0,V2.3_RF_TREND
Punjab,Faridkot,2025-10-21,2,7.15,+2d,1.0,0,0.13252052808302808,0,V2.3_RF_TREND
Punjab,Faridkot,2025-10-22,5,24.04,+2d,2.0,0,0.6682083333333334,1,V2.3_RF_TREND
Punjab,Faridkot,2025-10-23,1,6.57,+2d,5.0,1,0.6613472222222221,1,V2.3_RF_TREND
Punjab,Faridkot,2025-10-24,2,5.51,+2d,5.0,1,0.5182113095238097,1,V2.3_RF_TREND
Punjab,Faridkot,2025-10-25,5,26.76,+2d,3.0,1,0.8637976190476191,1,V2.3_RF_TREND
Punjab,Faridkot,2025-10-26,5,17.33,+2d,2.0,0,0.7839345238095237,1,V2.3_RF_TREND
Punjab,Faridkot,2025-10-27,3,11.5,+2d,9.0,1,0.6137619047619046,1,V2.3_RF_TREND
Punjab,Faridkot,2025-10-28,2,8.79,+2d,5.0,1,0.6436041666666666,1,V2.3_RF_TREND
Punjab,Faridkot,2025-10-29,9,88.17,+2d,9.0,1,0.7473333333333335,1,V2.3_RF_TREND
Punjab,Faridkot,2025-10-30,5,17.3,+2d,4.0,1,0.8820238095238095,1,V2.3_RF_TREND
Punjab,Faridkot,2025-10-31,9,39.27,+2d,8.0,1,0.8458333333333334,1,V2.3_RF_TREND
Punjab,Faridkot,2025-11-01,4,28.95,+2d,0.0,0,0.7160000000000002,1,V2.3_RF_TREND
Punjab,Faridkot,2025-11-02,8,50.22,+2d,11.0,1,0.6829166666666664,1,V2.3_RF_TREND
Punjab,Faridkot,2025-11-03,0,0.0,+2d,12.0,1,0.5475178571428572,1,V2.3_RF_TREND
Punjab,Faridkot,2025-11-04,11,61.760000000000005,+2d,19.0,1,0.8032916666666668,1,V2.3_RF_TREND
Punjab,Faridkot,2025-11-05,12,48.12,+2d,8.0,1,0.8019166666666667,1,V2.3_RF_TREND
Punjab,Faridkot,2025-11-06,19,138.35,+2d,15.0,1,0.9254166666666666,1,V2.3_RF_TREND
Punjab,Faridkot,2025-11-07,8,23.32,+2d,20.0,1,0.8751458333333335,1,V2.3_RF_TREND
Punjab,Faridkot,2025-11-08,15,90.21,+2d,3.0,1,0.7427291666666668,1,V2.3_RF_TREND
Punjab,Faridkot,2025-11-09,20,190.47,+2d,9.0,1,0.805,1,V2.3_RF_TREND
Punjab,Faridkot,2025-11-10,3,10.91,+2d,3.0,1,0.7324285714285713,1,V2.3_RF_TREND
Punjab,Faridkot,2025-11-11,9,65.49,+2d,4.0,1,0.7859255952380955,1,V2.3_RF_TREND
Punjab,Faridkot,2025-11-12,3,11.0,+2d,0.0,0,0.724073412698413,1,V2.3_RF_TREND
Punjab,Faridkot,2025-11-13,4,12.6,+2d,2.0,0,0.5448690476190476,1,V2.3_RF_TREND
Punjab,Faridkot,2025-11-14,0,0.0,+2d,7.0,1,0.6010833333333334,1,V2.3_RF_TREND
Punjab,Faridkot,2025-11-15,2,6.69,+2d,4.0,1,0.28390178571428576,0,V2.3_RF_TREND
Punjab,Faridkot,2025-11-16,7,34.44,+2d,0.0,0,0.6323511904761907,1,V2.3_RF_TREND
Punjab,Faridkot,2025-11-17,4,30.05,+2d,2.0,0,0.6434940476190474,1,V2.3_RF_TREND
Punjab,Faridkot,2025-11-18,0,0.0,+2d,2.0,0,0.24075000000000002,0,V2.3_RF_TREND
Punjab,Faridkot,2025-11-19,2,17.740000000000002,+2d,0.0,0,0.5329761904761905,1,V2.3_RF_TREND
Punjab,Faridkot,2025-11-20,2,11.43,+2d,0.0,0,0.4409970238095237,1,V2.3_RF_TREND
Punjab,Faridkot,2025-11-21,0,0.0,+2d,0.0,0,0.1818392857142857,0,V2.3_RF_TREND
Punjab,Faridkot,2025-11-22,0,0.0,+2d,0.0,0,0.22772435897435894,0,V2.3_RF_TREND
Punjab,Faridkot,2025-11-23,0,0.0,+2d,0.0,0,0.21230173992673992,0,V2.3_RF_TREND
Punjab,Fatehgarh Sahib,2025-10-15,0,0.0,+2d,0.0,0,0.20445952380952379,0,V2.3_RF_TREND
Punjab,Fatehgarh Sahib,2025-10-16,0,0.0,+2d,0.0,0,0.056435224089635846,0,V2.3_RF_TREND
Punjab,Fatehgarh Sahib,2025-10-17,0,0.0,+2d,4.0,1,0.07843705559146734,0,V2.3_RF_TREND
Punjab,Fatehgarh Sahib,2025-10-18,0,0.0,+2d,1.0,0,0.10452610941285684,0,V2.3_RF_TREND
Punjab,Fatehgarh Sahib,2025-10-19,4,20.89,+2d,6.0,1,0.30571626984126976,0,V2.3_RF_TREND
Punjab,Fatehgarh Sahib,2025-10-20,1,1.79,+2d,2.0,0,0.45234821428571437,1,V2.3_RF_TREND
Punjab,Fatehgarh Sahib,2025-10-21,6,26.86,+2d,0.0,0,0.69375,1,V2.3_RF_TREND
Punjab,Fatehgarh Sahib,2025-10-22,2,12.03,+2d,0.0,0,0.7691785714285715,1,V2.3_RF_TREND
Punjab,Fatehgarh Sahib,2025-10-23,0,0.0,+2d,0.0,0,0.41461309523809525,1,V2.3_RF_TREND
Punjab,Fatehgarh Sahib,2025-10-24,0,0.0,+2d,14.0,1,0.4108720238095238,1,V2.3_RF_TREND
Punjab,Fatehgarh Sahib,2025-10-25,0,0.0,+2d,3.0,1,0.1771666666666667,0,V2.3_RF_TREND
Punjab,Fatehgarh Sahib,2025-10-26,14,44.94,+2d,4.0,1,0.590904761904762,1,V2.3_RF_TREND
Punjab,Fatehgarh Sahib,2025-10-27,3,49.03,+2d,3.0,1,0.7653273809523812,1,V2.3_RF_TREND
Punjab,Fatehgarh Sahib,2025-10-28,4,19.14,+2d,0.0,0,0.7356904761904762,1,V2.3_RF_TREND
Punjab,Fatehgarh Sahib,2025-10-29,3,33.61,+2d,5.0,1,0.8208630952380953,1,V2.3_RF_TREND
Punjab,Fatehgarh Sahib,2025-10-30,0,0.0,+2d,8.0,1,0.5050386904761905,1,V2.3_RF_TREND
Punjab,Fatehgarh Sahib,2025-10-31,5,28.4,+2d,5.0,1,0.7448392857142858,1,V2.3_RF_TREND
Punjab,Fatehgarh Sahib,2025-11-01,8,57.0,+2d,1.0,0,0.7690833333333335,1,V2.3_RF_TREND
Punjab,Fatehgarh Sahib,2025-11-02,5,30.47,+2d,3.0,1,0.7429166666666664,1,V2.3_RF_TREND
Punjab,Fatehgarh Sahib,2025-11-03,1,4.68,+2d,6.0,1,0.5215595238095239,1,V2.3_RF_TREND
Punjab,Fatehgarh Sahib,2025-11-04,3,19.16,+2d,6.0,1,0.5958749999999999,1,V2.3_RF_TREND
Punjab,Fatehgarh Sahib,2025-11-05,6,19.16,+2d,8.0,1,0.48745833333333344,1,V2.3_RF_TREND
Punjab,Fatehgarh Sahib,2025-11-06,6,9.41,+2d,8.0,1,0.4516666666666667,1,V2.3_RF_TREND
Punjab,Fatehgarh Sahib,2025-11-07,8,23.52,+2d,5.0,1,0.4279583333333332,1,V2.3_RF_TREND
Punjab,Fatehgarh Sahib,2025-11-08,8,33.71,+2d,1.0,0,0.5314583333333333,1,V2.3_RF_TREND
Punjab,Fatehgarh Sahib,2025-11-09,5,24.72,+2d,3.0,1,0.5864226190476189,1,V2.3_RF_TREND
Punjab,Fatehgarh Sahib,2025-11-10,1,3.45,+2d,1.0,0,0.4032916666666666,1,V2.3_RF_TREND
Punjab,Fatehgarh Sahib,2025-11-11,3,7.37,+2d,0.0,0,0.4815,1,V2.3_RF_TREND
Punjab,Fatehgarh Sahib,2025-11-12,1,7.2,+2d,2.0,0,0.45737202380952396,1,V2.3_RF_TREND
Punjab,Fatehgarh Sahib,2025-11-13,0,0.0,+2d,3.0,1,0.21579166666666666,0,V2.3_RF_TREND
Punjab,Fatehgarh Sahib,2025-11-14,2,4.34,+2d,4.0,1,0.2587202380952381,0,V2.3_RF_TREND
Punjab,Fatehgarh Sahib,2025-11-15,3,6.069999999999999,+2d,1.0,0,0.3561488095238095,0,V2.3_RF_TREND
Punjab,Fatehgarh Sahib,2025-11-16,4,6.75,+2d,1.0,0,0.2851666666666667,0,V2.3_RF_TREND
Punjab,Fatehgarh Sahib,2025-11-17,1,3.37,+2d,6.0,1,0.2801865079365079,0,V2.3_RF_TREND
Punjab,Fatehgarh Sahib,2025-11-18,1,3.68,+2d,3.0,1,0.3175178571428572,0,V2.3_RF_TREND
Punjab,Fatehgarh Sahib,2025-11-19,6,22.45,+2d,0.0,0,0.45093452380952376,1,V2.3_RF_TREND
Punjab,Fatehgarh Sahib,2025-11-20,3,3.65,+2d,0.0,0,0.38937202380952374,1,V2.3_RF_TREND
Punjab,Fatehgarh Sahib,2025-11-21,0,0.0,+2d,0.0,0,0.1756309523809524,0,V2.3_RF_TREND
Punjab,Fatehgarh Sahib,2025-11-22,0,0.0,+2d,0.0,0,0.2886726190476191,0,V2.3_RF_TREND
Punjab,Fatehgarh Sahib,2025-11-23,0,0.0,+2d,0.0,0,0.13111309523809525,0,V2.3_RF_TREND
Punjab,Fazilka,2025-10-15,0,0.0,+2d,3.0,1,0.23767857142857143,0,V2.3_RF_TREND
Punjab,Fazilka,2025-10-16,2,8.14,+2d,0.0,0,0.15289056776556775,0,V2.3_RF_TREND
Punjab,Fazilka,2025-10-17,3,11.59,+2d,4.0,1,0.45283333333333337,1,V2.3_RF_TREND
Punjab,Fazilka,2025-10-18,0,0.0,+2d,7.0,1,0.33962797619047636,0,V2.3_RF_TREND
Punjab,Fazilka,2025-10-19,4,18.04,+2d,4.0,1,0.6044523809523809,1,V2.3_RF_TREND
Punjab,Fazilka,2025-10-20,7,33.6,+2d,2.0,0,0.6921190476190475,1,V2.3_RF_TREND
Punjab,Fazilka,2025-10-21,4,18.44,+2d,0.0,0,0.7854107142857144,1,V2.3_RF_TREND
Punjab,Fazilka,2025-10-22,2,40.43,+2d,4.0,1,0.6429047619047616,1,V2.3_RF_TREND
Punjab,Fazilka,2025-10-23,0,0.0,+2d,0.0,0,0.47165773809523814,1,V2.3_RF_TREND
Punjab,Fazilka,2025-10-24,4,27.34,+2d,7.0,1,0.6324107142857143,1,V2.3_RF_TREND
Punjab,Fazilka,2025-10-25,0,0.0,+2d,1.0,0,0.4870654761904762,1,V2.3_RF_TREND
Punjab,Fazilka,2025-10-26,7,29.8,+2d,2.0,0,0.5676726190476191,1,V2.3_RF_TREND
Punjab,Fazilka,2025-10-27,1,3.99,+2d,4.0,1,0.6688869047619049,1,V2.3_RF_TREND
Punjab,Fazilka,2025-10-28,2,11.98,+2d,5.0,1,0.45905059523809505,1,V2.3_RF_TREND
Punjab,Fazilka,2025-10-29,4,27.86,+2d,10.0,1,0.6520714285714285,1,V2.3_RF_TREND
Punjab,Fazilka,2025-10-30,5,24.56,+2d,12.0,1,0.8575833333333333,1,V2.3_RF_TREND
Punjab,Fazilka,2025-10-31,10,44.28,+2d,13.0,1,0.7367083333333333,1,V2.3_RF_TREND
Punjab,Fazilka,2025-11-01,12,57.93,+2d,13.0,1,0.8067083333333335,1,V2.3_RF_TREND
Punjab,Fazilka,2025-11-02,13,84.34,+2d,16.0,1,0.9009375,1,V2.3_RF_TREND
Punjab,Fazilka,2025-11-03,13,134.76,+2d,18.0,1,0.8927083333333334,1,V2.3_RF_TREND
Punjab,Fazilka,2025-11-04,16,119.84,+2d,25.0,1,0.9046458333333337,1,V2.3_RF_TREND
Punjab,Fazilka,2025-11-05,18,102.75,+2d,20.0,1,0.9147916666666666,1,V2.3_RF_TREND
Punjab,Fazilka,2025-11-06,25,259.03000000000003,+2d,24.0,1,0.9482916666666666,1,V2.3_RF_TREND
Punjab,Fazilka,2025-11-07,20,154.25,+2d,46.0,1,0.9532291666666666,1,V2.3_RF_TREND
Punjab,Fazilka,2025-11-08,24,119.77,+2d,17.0,1,0.7317291666666667,1,V2.3_RF_TREND
Punjab,Fazilka,2025-11-09,46,255.47,+2d,23.0,1,0.776199404761905,1,V2.3_RF_TREND
Punjab,Fazilka,2025-11-10,17,96.81,+2d,14.0,1,0.9078125,1,V2.3_RF_TREND
Punjab,Fazilka,2025-11-11,23,189.2,+2d,19.0,1,0.907717261904762,1,V2.3_RF_TREND
Punjab,Fazilka,2025-11-12,14,117.91,+2d,29.0,1,0.9055505952380954,1,V2.3_RF_TREND
Punjab,Fazilka,2025-11-13,19,143.35,+2d,18.0,1,0.9140089285714283,1,V2.3_RF_TREND
Punjab,Fazilka,2025-11-14,29,271.5,+2d,29.0,1,0.9497708333333335,1,V2.3_RF_TREND
Punjab,Fazilka,2025-11-15,18,61.9,+2d,7.0,1,0.9346041666666668,1,V2.3_RF_TREND
Punjab,Fazilka,2025-11-16,29,117.8,+2d,3.0,1,0.9210089285714287,1,V2.3_RF_TREND
Punjab,Fazilka,2025-11-17,7,33.87,+2d,10.0,1,0.8484583333333333,1,V2.3_RF_TREND
Punjab,Fazilka,2025-11-18,3,15.489999999999998,+2d,1.0,0,0.5914523809523811,1,V2.3_RF_TREND
Punjab,Fazilka,2025-11-19,10,25.72,+2d,10.0,1,0.6950565476190476,1,V2.3_RF_TREND
Punjab,Fazilka,2025-11-20,1,6.82,+2d,4.0,1,0.5193333333333334,1,V2.3_RF_TREND
Punjab,Fazilka,2025-11-21,10,59.63,+2d,3.0,1,0.6987559523809523,1,V2.3_RF_TREND
Punjab,Fazilka,2025-11-22,4,25.17,+2d,0.0,0,0.6665972222222223,1,V2.3_RF_TREND
Punjab,Fazilka,2025-11-23,3,33.96,+2d,5.0,1,0.3462857142857143,0,V2.3_RF_TREND
Punjab,Ferozepur,2025-10-15,3,12.61,+2d,7.0,1,0.5188392857142856,1,V2.3_RF_TREND
Punjab,Ferozepur,2025-10-16,9,81.17999999999999,+2d,10.0,1,0.5537916666666668,1,V2.3_RF_TREND
Punjab,Ferozepur,2025-10-17,7,33.97,+2d,7.0,1,0.7571249999999998,1,V2.3_RF_TREND
Punjab,Ferozepur,2025-10-18,10,29.47,+2d,18.0,1,0.7932797619047618,1,V2.3_RF_TREND
Punjab,Ferozepur,2025-10-19,7,76.3,+2d,31.0,1,0.7586726190476191,1,V2.3_RF_TREND
Punjab,Ferozepur,2025-10-20,18,144.3,+2d,18.0,1,0.82575,1,V2.3_RF_TREND
Punjab,Ferozepur,2025-10-21,31,177.18,+2d,5.0,1,0.9829404761904762,1,V2.3_RF_TREND
Punjab,Ferozepur,2025-10-22,18,137.65,+2d,7.0,1,0.9888988095238095,1,V2.3_RF_TREND
Punjab,Ferozepur,2025-10-23,5,19.84,+2d,12.0,1,0.8347083333333332,1,V2.3_RF_TREND
Punjab,Ferozepur,2025-10-24,7,31.76,+2d,25.0,1,0.7949999999999998,1,V2.3_RF_TREND
Punjab,Ferozepur,2025-10-25,12,88.68,+2d,14.0,1,0.8728750000000001,1,V2.3_RF_TREND
Punjab,Ferozepur,2025-10-26,25,167.95,+2d,10.0,1,0.9770833333333333,1,V2.3_RF_TREND
Punjab,Ferozepur,2025-10-27,14,99.84,+2d,27.0,1,0.9875,1,V2.3_RF_TREND
Punjab,Ferozepur,2025-10-28,10,50.78,+2d,43.0,1,0.9510833333333334,1,V2.3_RF_TREND
Punjab,Ferozepur,2025-10-29,27,342.41,+2d,35.0,1,0.9083928571428572,1,V2.3_RF_TREND
Punjab,Ferozepur,2025-10-30,43,284.75,+2d,33.0,1,0.998125,1,V2.3_RF_TREND
Punjab,Ferozepur,2025-10-31,35,223.29,+2d,47.0,1,0.995,1,V2.3_RF_TREND
Punjab,Ferozepur,2025-11-01,33,243.13,+2d,26.0,1,0.976309523809524,1,V2.3_RF_TREND
Punjab,Ferozepur,2025-11-02,47,320.26,+2d,69.0,1,0.9552916666666667,1,V2.3_RF_TREND
Punjab,Ferozepur,2025-11-03,26,130.48,+2d,5.0,1,0.9634791666666667,1,V2.3_RF_TREND
Punjab,Ferozepur,2025-11-04,69,518.02,+2d,20.0,1,0.8819583333333333,1,V2.3_RF_TREND
Punjab,Ferozepur,2025-11-05,5,39.5,+2d,48.0,1,0.9126904761904763,1,V2.3_RF_TREND
Punjab,Ferozepur,2025-11-06,20,166.86,+2d,46.0,1,0.8855208333333333,1,V2.3_RF_TREND
Punjab,Ferozepur,2025-11-07,48,253.48,+2d,77.0,1,0.8443839285714284,1,V2.3_RF_TREND
Punjab,Ferozepur,2025-11-08,46,301.38,+2d,39.0,1,0.8363124999999999,1,V2.3_RF_TREND
Punjab,Ferozepur,2025-11-09,77,484.15,+2d,23.0,1,0.8605208333333333,1,V2.3_RF_TREND
Punjab,Ferozepur,2025-11-10,39,197.49,+2d,22.0,1,0.9348958333333333,1,V2.3_RF_TREND
Punjab,Ferozepur,2025-11-11,23,143.03,+2d,21.0,1,0.8931874999999999,1,V2.3_RF_TREND
Punjab,Ferozepur,2025-11-12,22,96.13,+2d,12.0,1,0.9444375,1,V2.3_RF_TREND
Punjab,Ferozepur,2025-11-13,21,122.98,+2d,20.0,1,0.9298124999999999,1,V2.3_RF_TREND
Punjab,Ferozepur,2025-11-14,12,70.94,+2d,19.0,1,0.8973541666666668,1,V2.3_RF_TREND
Punjab,Ferozepur,2025-11-15,20,267.89,+2d,2.0,0,0.9255644841269843,1,V2.3_RF_TREND
Punjab,Ferozepur,2025-11-16,19,94.6,+2d,4.0,1,0.9178958333333332,1,V2.3_RF_TREND
Punjab,Ferozepur,2025-11-17,2,7.55,+2d,1.0,0,0.5400595238095239,1,V2.3_RF_TREND
Punjab,Ferozepur,2025-11-18,4,10.27,+2d,1.0,0,0.6782023809523808,1,V2.3_RF_TREND
Punjab,Ferozepur,2025-11-19,1,4.64,+2d,1.0,0,0.6217321428571428,1,V2.3_RF_TREND
Punjab,Ferozepur,2025-11-20,1,3.39,+2d,3.0,1,0.41278571428571426,1,V2.3_RF_TREND
Punjab,Ferozepur,2025-11-21,1,3.06,+2d,0.0,0,0.49409821428571443,1,V2.3_RF_TREND
Punjab,Ferozepur,2025-11-22,3,9.88,+2d,2.0,0,0.46814880952380944,1,V2.3_RF_TREND
Punjab,Ferozepur,2025-11-23,0,0.0,+2d,1.0,0,0.32204166666666667,0,V2.3_RF_TREND
Punjab,Gurdaspur,2025-10-15,0,0.0,+2d,2.0,0,0.3127232142857143,0,V2.3_RF_TREND
Punjab,Gurdaspur,2025-10-16,1,3.49,+2d,3.0,1,0.4422440476190477,1,V2.3_RF_TREND
Punjab,Gurdaspur,2025-10-17,2,6.96,+2d,4.0,1,0.5135869963369963,1,V2.3_RF_TREND
Punjab,Gurdaspur,2025-10-18,3,11.97,+2d,10.0,1,0.5559424603174605,1,V2.3_RF_TREND
Punjab,Gurdaspur,2025-10-19,4,9.85,+2d,11.0,1,0.6243958333333335,1,V2.3_RF_TREND
Punjab,Gurdaspur,2025-10-20,10,38.04,+2d,18.0,1,0.8030357142857143,1,V2.3_RF_TREND
Punjab,Gurdaspur,2025-10-21,11,53.23,+2d,5.0,1,0.9357916666666668,1,V2.3_RF_TREND
Punjab,Gurdaspur,2025-10-22,18,68.9,+2d,4.0,1,0.9804583333333334,1,V2.3_RF_TREND
Punjab,Gurdaspur,2025-10-23,5,11.48,+2d,7.0,1,0.8373630952380953,1,V2.3_RF_TREND
Punjab,Gurdaspur,2025-10-24,4,15.14,+2d,23.0,1,0.825125,1,V2.3_RF_TREND
Punjab,Gurdaspur,2025-10-25,7,20.9,+2d,9.0,1,0.8233988095238095,1,V2.3_RF_TREND
Punjab,Gurdaspur,2025-10-26,23,92.27,+2d,5.0,1,0.8836130952380953,1,V2.3_RF_TREND
Punjab,Gurdaspur,2025-10-27,9,22.0,+2d,0.0,0,0.9174494047619051,1,V2.3_RF_TREND
Punjab,Gurdaspur,2025-10-28,5,21.13,+2d,5.0,1,0.789875,1,V2.3_RF_TREND
Punjab,Gurdaspur,2025-10-29,0,0.0,+2d,10.0,1,0.7871666666666666,1,V2.3_RF_TREND
Punjab,Gurdaspur,2025-10-30,5,31.75,+2d,10.0,1,0.6780357142857143,1,V2.3_RF_TREND
Punjab,Gurdaspur,2025-10-31,10,31.14,+2d,6.0,1,0.8080357142857143,1,V2.3_RF_TREND
Punjab,Gurdaspur,2025-11-01,10,37.7,+2d,3.0,1,0.8621309523809522,1,V2.3_RF_TREND
Punjab,Gurdaspur,2025-11-02,6,26.83,+2d,5.0,1,0.7124166666666666,1,V2.3_RF_TREND
Punjab,Gurdaspur,2025-11-03,3,10.03,+2d,2.0,0,0.4428392857142856,1,V2.3_RF_TREND
Punjab,Gurdaspur,2025-11-04,5,22.94,+2d,6.0,1,0.46422023809523805,1,V2.3_RF_TREND
Punjab,Gurdaspur,2025-11-05,2,4.93,+2d,6.0,1,0.44878571428571434,1,V2.3_RF_TREND
Punjab,Gurdaspur,2025-11-06,6,27.17,+2d,5.0,1,0.3941904761904761,1,V2.3_RF_TREND
Punjab,Gurdaspur,2025-11-07,6,15.24,+2d,4.0,1,0.3686666666666665,1,V2.3_RF_TREND
Punjab,Gurdaspur,2025-11-08,5,17.650000000000002,+2d,12.0,1,0.38895833333333335,1,V2.3_RF_TREND
Punjab,Gurdaspur,2025-11-09,4,15.5,+2d,6.0,1,0.37466666666666676,1,V2.3_RF_TREND
Punjab,Gurdaspur,2025-11-10,12,49.24,+2d,2.0,0,0.7274821428571427,1,V2.3_RF_TREND
Punjab,Gurdaspur,2025-11-11,6,18.61,+2d,0.0,0,0.7547083333333336,1,V2.3_RF_TREND
Punjab,Gurdaspur,2025-11-12,2,4.21,+2d,0.0,0,0.4791011904761905,1,V2.3_RF_TREND
Punjab,Gurdaspur,2025-11-13,0,0.0,+2d,0.0,0,0.3929583333333334,1,V2.3_RF_TREND
Punjab,Gurdaspur,2025-11-14,0,0.0,+2d,1.0,0,0.2344494047619048,0,V2.3_RF_TREND
Punjab,Gurdaspur,2025-11-15,0,0.0,+2d,0.0,0,0.2405535714285714,0,V2.3_RF_TREND
Punjab,Gurdaspur,2025-11-16,1,3.47,+2d,0.0,0,0.26125,0,V2.3_RF_TREND
Punjab,Gurdaspur,2025-11-17,0,0.0,+2d,0.0,0,0.1964605263157895,0,V2.3_RF_TREND
Punjab,Gurdaspur,2025-11-18,0,0.0,+2d,0.0,0,0.18288095238095234,0,V2.3_RF_TREND
Punjab,Gurdaspur,2025-11-19,0,0.0,+2d,0.0,0,0.07608806818181817,0,V2.3_RF_TREND
Punjab,Gurdaspur,2025-11-20,0,0.0,+2d,1.0,0,0.031726202239789204,0,V2.3_RF_TREND
Punjab,Gurdaspur,2025-11-21,0,0.0,+2d,0.0,0,0.03579640151515152,0,V2.3_RF_TREND
Punjab,Gurdaspur,2025-11-22,1,3.23,+2d,0.0,0,0.15214015151515153,0,V2.3_RF_TREND
Punjab,Gurdaspur,2025-11-23,0,0.0,+2d,0.0,0,0.12962497294372294,0,V2.3_RF_TREND
Punjab,Hoshiarpur,2025-10-15,0,0.0,+2d,0.0,0,0.11072461774273223,0,V2.3_RF_TREND
Punjab,Hoshiarpur,2025-10-16,0,0.0,+2d,0.0,0,0.08941422626900439,0,V2.3_RF_TREND
Punjab,Hoshiarpur,2025-10-17,0,0.0,+2d,0.0,0,0.10042498634226446,0,V2.3_RF_TREND
Punjab,Hoshiarpur,2025-10-18,0,0.0,+2d,0.0,0,0.10520526162253974,0,V2.3_RF_TREND
Punjab,Hoshiarpur,2025-10-19,0,0.0,+2d,1.0,0,0.07369944452297263,0,V2.3_RF_TREND
Punjab,Hoshiarpur,2025-10-20,0,0.0,+2d,1.0,0,0.0577847619832901,0,V2.3_RF_TREND
Punjab,Hoshiarpur,2025-10-21,1,2.05,+2d,0.0,0,0.2069047406841524,0,V2.3_RF_TREND
Punjab,Hoshiarpur,2025-10-22,1,1.95,+2d,3.0,1,0.3479871794871795,0,V2.3_RF_TREND
Punjab,Hoshiarpur,2025-10-23,0,0.0,+2d,1.0,0,0.17929851398601396,0,V2.3_RF_TREND
Punjab,Hoshiarpur,2025-10-24,3,8.99,+2d,3.0,1,0.282628663003663,0,V2.3_RF_TREND
Punjab,Hoshiarpur,2025-10-25,1,3.5,+2d,1.0,0,0.5281964285714286,1,V2.3_RF_TREND
Punjab,Hoshiarpur,2025-10-26,3,8.4,+2d,1.0,0,0.4706485042735045,1,V2.3_RF_TREND
Punjab,Hoshiarpur,2025-10-27,1,1.99,+2d,2.0,0,0.4900972222222223,1,V2.3_RF_TREND
Punjab,Hoshiarpur,2025-10-28,1,1.76,+2d,1.0,0,0.382138888888889,1,V2.3_RF_TREND
Punjab,Hoshiarpur,2025-10-29,2,9.41,+2d,7.0,1,0.5805376984126984,1,V2.3_RF_TREND
Punjab,Hoshiarpur,2025-10-30,1,4.77,+2d,11.0,1,0.5272708333333335,1,V2.3_RF_TREND
Punjab,Hoshiarpur,2025-10-31,7,13.48,+2d,2.0,0,0.4575148809523808,1,V2.3_RF_TREND
Punjab,Hoshiarpur,2025-11-01,11,59.01,+2d,0.0,0,0.8595,1,V2.3_RF_TREND
Punjab,Hoshiarpur,2025-11-02,2,4.35,+2d,3.0,1,0.5136369047619048,1,V2.3_RF_TREND
Punjab,Hoshiarpur,2025-11-03,0,0.0,+2d,1.0,0,0.38359478021978005,1,V2.3_RF_TREND
Punjab,Hoshiarpur,2025-11-04,3,9.78,+2d,0.0,0,0.6172708333333334,1,V2.3_RF_TREND
Punjab,Hoshiarpur,2025-11-05,1,0.53,+2d,0.0,0,0.3378988095238094,0,V2.3_RF_TREND
Punjab,Hoshiarpur,2025-11-06,0,0.0,+2d,0.0,0,0.30386858974358977,0,V2.3_RF_TREND
Punjab,Hoshiarpur,2025-11-07,0,0.0,+2d,0.0,0,0.24502380952380953,0,V2.3_RF_TREND
Punjab,Hoshiarpur,2025-11-08,0,0.0,+2d,1.0,0,0.23556171679197999,0,V2.3_RF_TREND
Punjab,Hoshiarpur,2025-11-09,0,0.0,+2d,4.0,1,0.12326739926739926,0,V2.3_RF_TREND
Punjab,Hoshiarpur,2025-11-10,1,3.59,+2d,1.0,0,0.0695654761904762,0,V2.3_RF_TREND
Punjab,Hoshiarpur,2025-11-11,4,13.02,+2d,1.0,0,0.2583452380952381,0,V2.3_RF_TREND
Punjab,Hoshiarpur,2025-11-12,1,2.58,+2d,0.0,0,0.33305952380952375,0,V2.3_RF_TREND
Punjab,Hoshiarpur,2025-11-13,1,4.07,+2d,1.0,0,0.358327380952381,1,V2.3_RF_TREND
Punjab,Hoshiarpur,2025-11-14,0,0.0,+2d,0.0,0,0.16712824675324675,0,V2.3_RF_TREND
Punjab,Hoshiarpur,2025-11-15,1,5.82,+2d,1.0,0,0.15792559523809524,0,V2.3_RF_TREND
Punjab,Hoshiarpur,2025-11-16,0,0.0,+2d,1.0,0,0.15507738095238094,0,V2.3_RF_TREND
Punjab,Hoshiarpur,2025-11-17,1,2.83,+2d,1.0,0,0.19229464285714287,0,V2.3_RF_TREND
Punjab,Hoshiarpur,2025-11-18,1,3.42,+2d,0.0,0,0.24212499999999995,0,V2.3_RF_TREND
Punjab,Hoshiarpur,2025-11-19,1,3.11,+2d,0.0,0,0.1648720238095238,0,V2.3_RF_TREND
Punjab,Hoshiarpur,2025-11-20,0,0.0,+2d,0.0,0,0.10945516983016983,0,V2.3_RF_TREND
Punjab,Hoshiarpur,2025-11-21,0,0.0,+2d,0.0,0,0.032634552947052954,0,V2.3_RF_TREND
Punjab,Hoshiarpur,2025-11-22,0,0.0,+2d,2.0,0,0.05569705294705295,0,V2.3_RF_TREND
Punjab,Hoshiarpur,2025-11-23,0,0.0,+2d,0.0,0,0.032455981518481516,0,V2.3_RF_TREND
Punjab,Jalandhar,2025-10-15,0,0.0,+2d,4.0,1,0.12178761343879241,0,V2.3_RF_TREND
Punjab,Jalandhar,2025-10-16,0,0.0,+2d,2.0,0,0.10862515915457094,0,V2.3_RF_TREND
Punjab,Jalandhar,2025-10-17,4,14.38,+2d,0.0,0,0.2997648809523809,0,V2.3_RF_TREND
Punjab,Jalandhar,2025-10-18,2,9.96,+2d,2.0,0,0.6711666666666665,1,V2.3_RF_TREND
Punjab,Jalandhar,2025-10-19,0,0.0,+2d,3.0,1,0.4174732142857143,1,V2.3_RF_TREND
Punjab,Jalandhar,2025-10-20,2,9.15,+2d,4.0,1,0.5364768772893772,1,V2.3_RF_TREND
Punjab,Jalandhar,2025-10-21,3,16.41,+2d,1.0,0,0.6788660714285712,1,V2.3_RF_TREND
Punjab,Jalandhar,2025-10-22,4,15.63,+2d,0.0,0,0.8295178571428572,1,V2.3_RF_TREND
Punjab,Jalandhar,2025-10-23,1,2.67,+2d,8.0,1,0.6022202380952382,1,V2.3_RF_TREND
Punjab,Jalandhar,2025-10-24,0,0.0,+2d,12.0,1,0.41718749999999993,1,V2.3_RF_TREND
Punjab,Jalandhar,2025-10-25,8,94.87,+2d,8.0,1,0.6589226190476193,1,V2.3_RF_TREND
Punjab,Jalandhar,2025-10-26,12,45.35,+2d,6.0,1,0.9166666666666665,1,V2.3_RF_TREND
Punjab,Jalandhar,2025-10-27,8,36.98,+2d,12.0,1,0.9499434523809523,1,V2.3_RF_TREND
Punjab,Jalandhar,2025-10-28,6,29.52,+2d,5.0,1,0.9044047619047619,1,V2.3_RF_TREND
Punjab,Jalandhar,2025-10-29,12,42.22,+2d,13.0,1,0.87125,1,V2.3_RF_TREND
Punjab,Jalandhar,2025-10-30,5,25.29,+2d,18.0,1,0.8495714285714285,1,V2.3_RF_TREND
Punjab,Jalandhar,2025-10-31,13,70.91,+2d,15.0,1,0.9145238095238095,1,V2.3_RF_TREND
Punjab,Jalandhar,2025-11-01,18,79.67999999999999,+2d,5.0,1,0.9187976190476193,1,V2.3_RF_TREND
Punjab,Jalandhar,2025-11-02,15,97.69,+2d,9.0,1,0.9784166666666667,1,V2.3_RF_TREND
Punjab,Jalandhar,2025-11-03,5,47.65,+2d,8.0,1,0.9281279761904762,1,V2.3_RF_TREND
Punjab,Jalandhar,2025-11-04,9,61.24,+2d,11.0,1,0.8356011904761905,1,V2.3_RF_TREND
Punjab,Jalandhar,2025-11-05,8,5.93,+2d,16.0,1,0.7981458333333333,1,V2.3_RF_TREND
Punjab,Jalandhar,2025-11-06,11,34.28,+2d,5.0,1,0.707044642857143,1,V2.3_RF_TREND
Punjab,Jalandhar,2025-11-07,16,78.03,+2d,9.0,1,0.8495833333333331,1,V2.3_RF_TREND
Punjab,Jalandhar,2025-11-08,5,17.88,+2d,16.0,1,0.7441249999999999,1,V2.3_RF_TREND
Punjab,Jalandhar,2025-11-09,9,30.61,+2d,19.0,1,0.616952380952381,1,V2.3_RF_TREND
Punjab,Jalandhar,2025-11-10,16,64.49,+2d,10.0,1,0.8473333333333334,1,V2.3_RF_TREND
Punjab,Jalandhar,2025-11-11,19,152.87,+2d,4.0,1,0.9437916666666668,1,V2.3_RF_TREND
Punjab,Jalandhar,2025-11-12,10,33.88,+2d,1.0,0,0.9006249999999999,1,V2.3_RF_TREND
Punjab,Jalandhar,2025-11-13,4,17.48,+2d,2.0,0,0.6917847222222224,1,V2.3_RF_TREND
Punjab,Jalandhar,2025-11-14,1,1.66,+2d,4.0,1,0.6511666666666668,1,V2.3_RF_TREND
Punjab,Jalandhar,2025-11-15,2,7.02,+2d,1.0,0,0.4812678571428572,1,V2.3_RF_TREND
Punjab,Jalandhar,2025-11-16,4,21.23,+2d,1.0,0,0.6367738095238095,1,V2.3_RF_TREND
Punjab,Jalandhar,2025-11-17,1,1.76,+2d,1.0,0,0.4042321428571427,1,V2.3_RF_TREND
Punjab,Jalandhar,2025-11-18,1,2.9,+2d,0.0,0,0.35115476190476186,0,V2.3_RF_TREND
Punjab,Jalandhar,2025-11-19,1,4.82,+2d,1.0,0,0.3211875000000001,0,V2.3_RF_TREND
Punjab,Jalandhar,2025-11-20,0,0.0,+2d,0.0,0,0.13885416666666667,0,V2.3_RF_TREND
Punjab,Jalandhar,2025-11-21,1,3.67,+2d,0.0,0,0.3322529761904761,0,V2.3_RF_TREND
Punjab,Jalandhar,2025-11-22,0,0.0,+2d,7.0,1,0.16449404761904762,0,V2.3_RF_TREND
Punjab,Jalandhar,2025-11-23,0,0.0,+2d,0.0,0,0.20763988095238095,0,V2.3_RF_TREND
Punjab,Kapurthala,2025-10-15,0,0.0,+2d,0.0,0,0.13416369047619048,0,V2.3_RF_TREND
Punjab,Kapurthala,2025-10-16,2,19.36,+2d,1.0,0,0.2315453296703296,0,V2.3_RF_TREND
Punjab,Kapurthala,2025-10-17,0,0.0,+2d,0.0,0,0.4227261904761903,1,V2.3_RF_TREND
Punjab,Kapurthala,2025-10-18,1,2.11,+2d,0.0,0,0.4332827380952381,1,V2.3_RF_TREND
Punjab,Kapurthala,2025-10-19,0,0.0,+2d,18.0,1,0.35932765151515156,1,V2.3_RF_TREND
Punjab,Kapurthala,2025-10-20,0,0.0,+2d,6.0,1,0.08356838606654782,0,V2.3_RF_TREND
Punjab,Kapurthala,2025-10-21,18,162.19,+2d,5.0,1,0.5098869047619048,1,V2.3_RF_TREND
Punjab,Kapurthala,2025-10-22,6,27.200000000000003,+2d,2.0,0,0.9001458333333333,1,V2.3_RF_TREND
Punjab,Kapurthala,2025-10-23,5,18.61,+2d,8.0,1,0.8626607142857141,1,V2.3_RF_TREND
Punjab,Kapurthala,2025-10-24,2,13.5,+2d,13.0,1,0.8305119047619048,1,V2.3_RF_TREND
Punjab,Kapurthala,2025-10-25,8,66.05,+2d,14.0,1,0.863011904761905,1,V2.3_RF_TREND
Punjab,Kapurthala,2025-10-26,13,79.31,+2d,3.0,1,0.9341249999999998,1,V2.3_RF_TREND
Punjab,Kapurthala,2025-10-27,14,51.09,+2d,18.0,1,0.9775833333333332,1,V2.3_RF_TREND
Punjab,Kapurthala,2025-10-28,3,15.39,+2d,12.0,1,0.7762916666666668,1,V2.3_RF_TREND
Punjab,Kapurthala,2025-10-29,18,131.55,+2d,31.0,1,0.9286904761904764,1,V2.3_RF_TREND
Punjab,Kapurthala,2025-10-30,12,41.96,+2d,35.0,1,0.9601666666666666,1,V2.3_RF_TREND
Punjab,Kapurthala,2025-10-31,31,101.58,+2d,26.0,1,0.9749107142857143,1,V2.3_RF_TREND
Punjab,Kapurthala,2025-11-01,35,154.07,+2d,11.0,1,0.9879166666666667,1,V2.3_RF_TREND
Punjab,Kapurthala,2025-11-02,26,154.72,+2d,11.0,1,0.9954166666666667,1,V2.3_RF_TREND
Punjab,Kapurthala,2025-11-03,11,44.88,+2d,0.0,0,0.9414583333333334,1,V2.3_RF_TREND
Punjab,Kapurthala,2025-11-04,11,57.36,+2d,5.0,1,0.8237738095238097,1,V2.3_RF_TREND
Punjab,Kapurthala,2025-11-05,0,0.0,+2d,14.0,1,0.8648749999999998,1,V2.3_RF_TREND
Punjab,Kapurthala,2025-11-06,5,15.38,+2d,10.0,1,0.7139970238095239,1,V2.3_RF_TREND
Punjab,Kapurthala,2025-11-07,14,53.81,+2d,9.0,1,0.7297083333333333,1,V2.3_RF_TREND
Punjab,Kapurthala,2025-11-08,10,44.3,+2d,6.0,1,0.7699166666666665,1,V2.3_RF_TREND
Punjab,Kapurthala,2025-11-09,9,34.25,+2d,8.0,1,0.7120000000000001,1,V2.3_RF_TREND
Punjab,Kapurthala,2025-11-10,6,32.980000000000004,+2d,2.0,0,0.6544345238095238,1,V2.3_RF_TREND
Punjab,Kapurthala,2025-11-11,8,22.67,+2d,2.0,0,0.5598452380952381,1,V2.3_RF_TREND
Punjab,Kapurthala,2025-11-12,2,11.84,+2d,0.0,0,0.5678769841269841,1,V2.3_RF_TREND
Punjab,Kapurthala,2025-11-13,2,4.36,+2d,2.0,0,0.31725,0,V2.3_RF_TREND
Punjab,Kapurthala,2025-11-14,0,0.0,+2d,4.0,1,0.3577083333333333,1,V2.3_RF_TREND
Punjab,Kapurthala,2025-11-15,2,10.1,+2d,0.0,0,0.4244999999999999,1,V2.3_RF_TREND
Punjab,Kapurthala,2025-11-16,4,17.630000000000003,+2d,1.0,0,0.52825,1,V2.3_RF_TREND
Punjab,Kapurthala,2025-11-17,0,0.0,+2d,1.0,0,0.28861309523809525,0,V2.3_RF_TREND
Punjab,Kapurthala,2025-11-18,1,3.46,+2d,0.0,0,0.3015773809523809,0,V2.3_RF_TREND
Punjab,Kapurthala,2025-11-19,1,0.67,+2d,1.0,0,0.34416098484848484,0,V2.3_RF_TREND
Punjab,Kapurthala,2025-11-20,0,0.0,+2d,0.0,0,0.1314375,0,V2.3_RF_TREND
Punjab,Kapurthala,2025-11-21,1,1.36,+2d,0.0,0,0.2756994047619047,0,V2.3_RF_TREND
Punjab,Kapurthala,2025-11-22,0,0.0,+2d,0.0,0,0.1303422619047619,0,V2.3_RF_TREND
Punjab,Kapurthala,2025-11-23,0,0.0,+2d,0.0,0,0.2133720238095238,0,V2.3_RF_TREND
Punjab,Ludhiana,2025-10-15,2,4.0200000000000005,+2d,0.0,0,0.40633829365079366,1,V2.3_RF_TREND
Punjab,Ludhiana,2025-10-16,0,0.0,+2d,0.0,0,0.20437824675324673,0,V2.3_RF_TREND
Punjab,Ludhiana,2025-10-17,0,0.0,+2d,1.0,0,0.06690422077922079,0,V2.3_RF_TREND
Punjab,Ludhiana,2025-10-18,0,0.0,+2d,0.0,0,0.22887202380952382,0,V2.3_RF_TREND
Punjab,Ludhiana,2025-10-19,1,1.78,+2d,0.0,0,0.24512272408963576,0,V2.3_RF_TREND
Punjab,Ludhiana,2025-10-20,0,0.0,+2d,1.0,0,0.372922095959596,1,V2.3_RF_TREND
Punjab,Ludhiana,2025-10-21,0,0.0,+2d,0.0,0,0.07638228397419575,0,V2.3_RF_TREND
Punjab,Ludhiana,2025-10-22,1,2.57,+2d,1.0,0,0.23677777777777778,0,V2.3_RF_TREND
Punjab,Ludhiana,2025-10-23,0,0.0,+2d,6.0,1,0.1976030885780885,0,V2.3_RF_TREND
Punjab,Ludhiana,2025-10-24,1,1.54,+2d,4.0,1,0.2622626050420168,0,V2.3_RF_TREND
Punjab,Ludhiana,2025-10-25,6,21.11,+2d,7.0,1,0.514107142857143,1,V2.3_RF_TREND
Punjab,Ludhiana,2025-10-26,4,15.24,+2d,8.0,1,0.8294583333333334,1,V2.3_RF_TREND
Punjab,Ludhiana,2025-10-27,7,13.43,+2d,7.0,1,0.5722976190476189,1,V2.3_RF_TREND
Punjab,Ludhiana,2025-10-28,8,36.38,+2d,2.0,0,0.8997797619047619,1,V2.3_RF_TREND
Punjab,Ludhiana,2025-10-29,7,41.97,+2d,21.0,1,0.8793035714285715,1,V2.3_RF_TREND
Punjab,Ludhiana,2025-10-30,2,12.87,+2d,19.0,1,0.7203214285714286,1,V2.3_RF_TREND
Punjab,Ludhiana,2025-10-31,21,66.55,+2d,33.0,1,0.9119583333333335,1,V2.3_RF_TREND
Punjab,Ludhiana,2025-11-01,19,87.58,+2d,13.0,1,0.9675,1,V2.3_RF_TREND
Punjab,Ludhiana,2025-11-02,33,183.02,+2d,31.0,1,0.974375,1,V2.3_RF_TREND
Punjab,Ludhiana,2025-11-03,13,65.13,+2d,33.0,1,0.99125,1,V2.3_RF_TREND
Punjab,Ludhiana,2025-11-04,31,162.89,+2d,39.0,1,0.9072500000000001,1,V2.3_RF_TREND
Punjab,Ludhiana,2025-11-05,33,192.2,+2d,50.0,1,0.8701726190476191,1,V2.3_RF_TREND
Punjab,Ludhiana,2025-11-06,39,178.28,+2d,33.0,1,0.9905833333333334,1,V2.3_RF_TREND
Punjab,Ludhiana,2025-11-07,50,245.07,+2d,32.0,1,0.9724583333333332,1,V2.3_RF_TREND
Punjab,Ludhiana,2025-11-08,33,173.89,+2d,34.0,1,0.8133333333333332,1,V2.3_RF_TREND
Punjab,Ludhiana,2025-11-09,32,147.52,+2d,21.0,1,0.7538035714285715,1,V2.3_RF_TREND
Punjab,Ludhiana,2025-11-10,34,117.03,+2d,8.0,1,0.8740833333333333,1,V2.3_RF_TREND
Punjab,Ludhiana,2025-11-11,21,76.25,+2d,21.0,1,0.9344583333333334,1,V2.3_RF_TREND
Punjab,Ludhiana,2025-11-12,8,21.61,+2d,5.0,1,0.8017023809523809,1,V2.3_RF_TREND
Punjab,Ludhiana,2025-11-13,21,102.31,+2d,15.0,1,0.8701250000000001,1,V2.3_RF_TREND
Punjab,Ludhiana,2025-11-14,5,24.01,+2d,13.0,1,0.8537916666666667,1,V2.3_RF_TREND
Punjab,Ludhiana,2025-11-15,15,41.52,+2d,6.0,1,0.7008452380952381,1,V2.3_RF_TREND
Punjab,Ludhiana,2025-11-16,13,48.39,+2d,1.0,0,0.9319999999999999,1,V2.3_RF_TREND
Punjab,Ludhiana,2025-11-17,6,20.63,+2d,0.0,0,0.6986428571428572,1,V2.3_RF_TREND
Punjab,Ludhiana,2025-11-18,1,2.8,+2d,6.0,1,0.48064880952380945,1,V2.3_RF_TREND
Punjab,Ludhiana,2025-11-19,0,0.0,+2d,1.0,0,0.3549583333333334,0,V2.3_RF_TREND
Punjab,Ludhiana,2025-11-20,6,36.79,+2d,1.0,0,0.5638392857142857,1,V2.3_RF_TREND
Punjab,Ludhiana,2025-11-21,1,0.59,+2d,1.0,0,0.5747261904761904,1,V2.3_RF_TREND
Punjab,Ludhiana,2025-11-22,1,2.19,+2d,0.0,0,0.40203869047619045,1,V2.3_RF_TREND
Punjab,Ludhiana,2025-11-23,1,3.43,+2d,3.0,1,0.4279583333333333,1,V2.3_RF_TREND
Punjab,Malerkotla,2025-10-15,0,0.0,+2d,0.0,0,0.11989166793119768,0,V2.3_RF_TREND
Punjab,Malerkotla,2025-10-16,0,0.0,+2d,0.0,0,0.1039990079365079,0,V2.3_RF_TREND
Punjab,Malerkotla,2025-10-17,0,0.0,+2d,0.0,0,0.14468528219223217,0,V2.3_RF_TREND
Punjab,Malerkotla,2025-10-18,0,0.0,+2d,0.0,0,0.16783661191749427,0,V2.3_RF_TREND
Punjab,Malerkotla,2025-10-19,0,0.0,+2d,0.0,0,0.12631044451280324,0,V2.3_RF_TREND
Punjab,Malerkotla,2025-10-20,0,0.0,+2d,0.0,0,0.13002645328473306,0,V2.3_RF_TREND
Punjab,Malerkotla,2025-10-21,0,0.0,+2d,0.0,0,0.17264886374956367,0,V2.3_RF_TREND
Punjab,Malerkotla,2025-10-22,0,0.0,+2d,0.0,0,0.2106155135300433,0,V2.3_RF_TREND
Punjab,Malerkotla,2025-10-23,0,0.0,+2d,0.0,0,0.25111922448412183,0,V2.3_RF_TREND
Punjab,Malerkotla,2025-10-24,0,0.0,+2d,2.0,0,0.25444214115078856,0,V2.3_RF_TREND
Punjab,Malerkotla,2025-10-25,0,0.0,+2d,1.0,0,0.14610928130230372,0,V2.3_RF_TREND
Punjab,Malerkotla,2025-10-26,2,5.55,+2d,1.0,0,0.17439471639471646,0,V2.3_RF_TREND
Punjab,Malerkotla,2025-10-27,1,6.63,+2d,6.0,1,0.28579067460317464,0,V2.3_RF_TREND
Punjab,Malerkotla,2025-10-28,1,4.08,+2d,4.0,1,0.3172460317460317,0,V2.3_RF_TREND
Punjab,Malerkotla,2025-10-29,6,34.94,+2d,11.0,1,0.6496964285714287,1,V2.3_RF_TREND
Punjab,Malerkotla,2025-10-30,4,23.77,+2d,8.0,1,0.870470238095238,1,V2.3_RF_TREND
Punjab,Malerkotla,2025-10-31,11,36.73,+2d,14.0,1,0.7990416666666665,1,V2.3_RF_TREND
Punjab,Malerkotla,2025-11-01,8,34.84,+2d,7.0,1,0.8744375000000001,1,V2.3_RF_TREND
Punjab,Malerkotla,2025-11-02,14,95.62,+2d,12.0,1,0.8940416666666668,1,V2.3_RF_TREND
Punjab,Malerkotla,2025-11-03,7,24.62,+2d,4.0,1,0.8532738095238094,1,V2.3_RF_TREND
Punjab,Malerkotla,2025-11-04,12,73.54,+2d,6.0,1,0.9025416666666668,1,V2.3_RF_TREND
Punjab,Malerkotla,2025-11-05,4,25.35,+2d,10.0,1,0.8483333333333333,1,V2.3_RF_TREND
Punjab,Malerkotla,2025-11-06,6,14.16,+2d,7.0,1,0.5183511904761904,1,V2.3_RF_TREND
Punjab,Malerkotla,2025-11-07,10,37.27,+2d,6.0,1,0.6199999999999999,1,V2.3_RF_TREND
Punjab,Malerkotla,2025-11-08,7,21.61,+2d,11.0,1,0.5755833333333334,1,V2.3_RF_TREND
Punjab,Malerkotla,2025-11-09,6,21.06,+2d,3.0,1,0.5025952380952381,1,V2.3_RF_TREND
Punjab,Malerkotla,2025-11-10,11,41.59,+2d,6.0,1,0.7361011904761905,1,V2.3_RF_TREND
Punjab,Malerkotla,2025-11-11,3,6.94,+2d,1.0,0,0.4683888888888889,1,V2.3_RF_TREND
Punjab,Malerkotla,2025-11-12,6,40.16,+2d,1.0,0,0.6263511904761905,1,V2.3_RF_TREND
Punjab,Malerkotla,2025-11-13,1,1.8,+2d,1.0,0,0.4626666666666667,1,V2.3_RF_TREND
Punjab,Malerkotla,2025-11-14,1,3.34,+2d,1.0,0,0.3001904761904762,0,V2.3_RF_TREND
Punjab,Malerkotla,2025-11-15,1,8.85,+2d,0.0,0,0.515559523809524,1,V2.3_RF_TREND
Punjab,Malerkotla,2025-11-16,1,1.52,+2d,0.0,0,0.3356428571428572,0,V2.3_RF_TREND
Punjab,Malerkotla,2025-11-17,0,0.0,+2d,0.0,0,0.19399999999999998,0,V2.3_RF_TREND
Punjab,Malerkotla,2025-11-18,0,0.0,+2d,0.0,0,0.17866071428571423,0,V2.3_RF_TREND
Punjab,Malerkotla,2025-11-19,0,0.0,+2d,0.0,0,0.17859147869674186,0,V2.3_RF_TREND
Punjab,Malerkotla,2025-11-20,0,0.0,+2d,1.0,0,0.08056597222222223,0,V2.3_RF_TREND
Punjab,Malerkotla,2025-11-21,0,0.0,+2d,0.0,0,0.07650793650793651,0,V2.3_RF_TREND
Punjab,Malerkotla,2025-11-22,1,4.83,+2d,0.0,0,0.16114583333333335,0,V2.3_RF_TREND
Punjab,Malerkotla,2025-11-23,0,0.0,+2d,0.0,0,0.14451507936507932,0,V2.3_RF_TREND
Punjab,Mansa,2025-10-15,0,0.0,+2d,0.0,0,0.036714850713012476,0,V2.3_RF_TREND
Punjab,Mansa,2025-10-16,0,0.0,+2d,0.0,0,0.09250943521347932,0,V2.3_RF_TREND
Punjab,Mansa,2025-10-17,0,0.0,+2d,0.0,0,0.0554464975384093,0,V2.3_RF_TREND
Punjab,Mansa,2025-10-18,0,0.0,+2d,5.0,1,0.05894666384131999,0,V2.3_RF_TREND
Punjab,Mansa,2025-10-19,0,0.0,+2d,5.0,1,0.1157568781300399,0,V2.3_RF_TREND
Punjab,Mansa,2025-10-20,5,22.81,+2d,2.0,0,0.23100595238095234,0,V2.3_RF_TREND
Punjab,Mansa,2025-10-21,5,23.85,+2d,6.0,1,0.6954583333333332,1,V2.3_RF_TREND
Punjab,Mansa,2025-10-22,2,3.5900000000000003,+2d,0.0,0,0.5775535714285716,1,V2.3_RF_TREND
Punjab,Mansa,2025-10-23,6,58.6,+2d,0.0,0,0.8004523809523806,1,V2.3_RF_TREND
Punjab,Mansa,2025-10-24,0,0.0,+2d,1.0,0,0.47983630952380957,1,V2.3_RF_TREND
Punjab,Mansa,2025-10-25,0,0.0,+2d,2.0,0,0.3371875,0,V2.3_RF_TREND
Punjab,Mansa,2025-10-26,1,3.98,+2d,2.0,0,0.626761904761905,1,V2.3_RF_TREND
Punjab,Mansa,2025-10-27,2,9.69,+2d,9.0,1,0.3293452380952381,0,V2.3_RF_TREND
Punjab,Mansa,2025-10-28,2,14.45,+2d,19.0,1,0.5455833333333335,1,V2.3_RF_TREND
Punjab,Mansa,2025-10-29,9,116.13,+2d,19.0,1,0.7782083333333333,1,V2.3_RF_TREND
Punjab,Mansa,2025-10-30,19,117.26,+2d,22.0,1,0.9443750000000002,1,V2.3_RF_TREND
Punjab,Mansa,2025-10-31,19,106.16,+2d,10.0,1,0.987827380952381,1,V2.3_RF_TREND
Punjab,Mansa,2025-11-01,22,190.03,+2d,17.0,1,0.9837291666666667,1,V2.3_RF_TREND
Punjab,Mansa,2025-11-02,10,102.98,+2d,31.0,1,0.9555208333333333,1,V2.3_RF_TREND
Punjab,Mansa,2025-11-03,17,74.22,+2d,8.0,1,0.9307291666666667,1,V2.3_RF_TREND
Punjab,Mansa,2025-11-04,31,273.45,+2d,15.0,1,0.9708273809523809,1,V2.3_RF_TREND
Punjab,Mansa,2025-11-05,8,52.7,+2d,15.0,1,0.9022708333333334,1,V2.3_RF_TREND
Punjab,Mansa,2025-11-06,15,77.31,+2d,22.0,1,0.9020833333333331,1,V2.3_RF_TREND
Punjab,Mansa,2025-11-07,15,79.3,+2d,36.0,1,0.8341934523809523,1,V2.3_RF_TREND
Punjab,Mansa,2025-11-08,22,151.06,+2d,20.0,1,0.7594791666666666,1,V2.3_RF_TREND
Punjab,Mansa,2025-11-09,36,283.91,+2d,29.0,1,0.8300624999999999,1,V2.3_RF_TREND
Punjab,Mansa,2025-11-10,20,99.55,+2d,8.0,1,0.9268958333333334,1,V2.3_RF_TREND
Punjab,Mansa,2025-11-11,29,184.88,+2d,12.0,1,0.9106875000000001,1,V2.3_RF_TREND
Punjab,Mansa,2025-11-12,8,31.23,+2d,9.0,1,0.8781249999999998,1,V2.3_RF_TREND
Punjab,Mansa,2025-11-13,12,64.41,+2d,3.0,1,0.8447291666666666,1,V2.3_RF_TREND
Punjab,Mansa,2025-11-14,9,70.73,+2d,7.0,1,0.8959791666666667,1,V2.3_RF_TREND
Punjab,Mansa,2025-11-15,3,8.5,+2d,6.0,1,0.520531746031746,1,V2.3_RF_TREND
Punjab,Mansa,2025-11-16,7,26.28,+2d,1.0,0,0.7023690476190477,1,V2.3_RF_TREND
Punjab,Mansa,2025-11-17,6,44.58,+2d,4.0,1,0.6599940476190477,1,V2.3_RF_TREND
Punjab,Mansa,2025-11-18,1,2.46,+2d,3.0,1,0.4850029761904763,1,V2.3_RF_TREND
Punjab,Mansa,2025-11-19,4,46.84,+2d,2.0,0,0.5422916666666666,1,V2.3_RF_TREND
Punjab,Mansa,2025-11-20,3,9.329999999999998,+2d,2.0,0,0.39525,1,V2.3_RF_TREND
Punjab,Mansa,2025-11-21,2,3.75,+2d,1.0,0,0.273375,0,V2.3_RF_TREND
Punjab,Mansa,2025-11-22,2,5.38,+2d,0.0,0,0.43237797619047613,1,V2.3_RF_TREND
Punjab,Mansa,2025-11-23,1,2.02,+2d,1.0,0,0.3203988095238095,0,V2.3_RF_TREND
Punjab,Moga,2025-10-15,0,0.0,+2d,0.0,0,0.04359534757717479,0,V2.3_RF_TREND
Punjab,Moga,2025-10-16,1,2.06,+2d,0.0,0,0.16738424891233086,0,V2.3_RF_TREND
Punjab,Moga,2025-10-17,0,0.0,+2d,1.0,0,0.1829456349206349,0,V2.3_RF_TREND
Punjab,Moga,2025-10-18,0,0.0,+2d,0.0,0,0.05952374320940497,0,V2.3_RF_TREND
Punjab,Moga,2025-10-19,1,2.61,+2d,2.0,0,0.17723879551820723,0,V2.3_RF_TREND
Punjab,Moga,2025-10-20,0,0.0,+2d,2.0,0,0.14649907106782106,0,V2.3_RF_TREND
Punjab,Moga,2025-10-21,2,1.66,+2d,3.0,1,0.1751674224468342,0,V2.3_RF_TREND
Punjab,Moga,2025-10-22,2,5.529999999999999,+2d,1.0,0,0.24836904761904763,0,V2.3_RF_TREND
Punjab,Moga,2025-10-23,3,10.66,+2d,4.0,1,0.41136534992784995,1,V2.3_RF_TREND
Punjab,Moga,2025-10-24,1,3.21,+2d,3.0,1,0.5270555555555556,1,V2.3_RF_TREND
Punjab,Moga,2025-10-25,4,23.72,+2d,4.0,1,0.759125,1,V2.3_RF_TREND
Punjab,Moga,2025-10-26,3,20.72,+2d,2.0,0,0.7723749999999998,1,V2.3_RF_TREND
Punjab,Moga,2025-10-27,4,15.97,+2d,5.0,1,0.715833333333333,1,V2.3_RF_TREND
Punjab,Moga,2025-10-28,2,12.66,+2d,5.0,1,0.6836398809523808,1,V2.3_RF_TREND
Punjab,Moga,2025-10-29,5,13.23,+2d,21.0,1,0.7764880952380955,1,V2.3_RF_TREND
Punjab,Moga,2025-10-30,5,15.63,+2d,16.0,1,0.7243333333333333,1,V2.3_RF_TREND
Punjab,Moga,2025-10-31,21,81.03,+2d,20.0,1,0.8411488095238098,1,V2.3_RF_TREND
Punjab,Moga,2025-11-01,16,58.99,+2d,18.0,1,0.9566666666666667,1,V2.3_RF_TREND
Punjab,Moga,2025-11-02,20,72.94,+2d,44.0,1,0.9466666666666665,1,V2.3_RF_TREND
Punjab,Moga,2025-11-03,18,95.04,+2d,35.0,1,0.9613333333333333,1,V2.3_RF_TREND
Punjab,Moga,2025-11-04,44,500.31,+2d,36.0,1,0.8911458333333333,1,V2.3_RF_TREND
Punjab,Moga,2025-11-05,35,215.97,+2d,47.0,1,0.9332083333333333,1,V2.3_RF_TREND
Punjab,Moga,2025-11-06,36,178.56,+2d,42.0,1,0.994375,1,V2.3_RF_TREND
Punjab,Moga,2025-11-07,47,249.28,+2d,44.0,1,0.9191577380952382,1,V2.3_RF_TREND
Punjab,Moga,2025-11-08,42,260.68,+2d,42.0,1,0.7823124999999999,1,V2.3_RF_TREND
Punjab,Moga,2025-11-09,44,261.92,+2d,43.0,1,0.8117291666666668,1,V2.3_RF_TREND
Punjab,Moga,2025-11-10,42,255.84,+2d,6.0,1,0.8712886904761906,1,V2.3_RF_TREND
Punjab,Moga,2025-11-11,43,211.15,+2d,19.0,1,0.9218035714285715,1,V2.3_RF_TREND
Punjab,Moga,2025-11-12,6,35.96,+2d,5.0,1,0.815,1,V2.3_RF_TREND
Punjab,Moga,2025-11-13,19,121.15,+2d,13.0,1,0.8874583333333333,1,V2.3_RF_TREND
Punjab,Moga,2025-11-14,5,37.97,+2d,8.0,1,0.8073273809523808,1,V2.3_RF_TREND
Punjab,Moga,2025-11-15,13,134.83,+2d,0.0,0,0.8534672619047617,1,V2.3_RF_TREND
Punjab,Moga,2025-11-16,8,74.97,+2d,1.0,0,0.8837648809523809,1,V2.3_RF_TREND
Punjab,Moga,2025-11-17,0,0.0,+2d,1.0,0,0.4957817460317461,1,V2.3_RF_TREND
Punjab,Moga,2025-11-18,1,2.11,+2d,1.0,0,0.680970238095238,1,V2.3_RF_TREND
Punjab,Moga,2025-11-19,1,3.99,+2d,3.0,1,0.5578392857142859,1,V2.3_RF_TREND
Punjab,Moga,2025-11-20,1,3.84,+2d,1.0,0,0.5008125,1,V2.3_RF_TREND
Punjab,Moga,2025-11-21,3,8.82,+2d,0.0,0,0.44024999999999986,1,V2.3_RF_TREND
Punjab,Moga,2025-11-22,1,2.94,+2d,2.0,0,0.4925833333333335,1,V2.3_RF_TREND
Punjab,Moga,2025-11-23,0,0.0,+2d,1.0,0,0.2224583333333333,0,V2.3_RF_TREND
Punjab,Pathankot,2025-10-15,0,0.0,+2d,0.0,0,0.05909732047303848,0,V2.3_RF_TREND
Punjab,Pathankot,2025-10-16,1,2.9,+2d,0.0,0,0.16201680672268906,0,V2.3_RF_TREND
Punjab,Pathankot,2025-10-17,0,0.0,+2d,0.0,0,0.12481254578754582,0,V2.3_RF_TREND
Punjab,Pathankot,2025-10-18,0,0.0,+2d,0.0,0,0.039946497538409294,0,V2.3_RF_TREND
Punjab,Pathankot,2025-10-19,0,0.0,+2d,0.0,0,0.020295937314319664,0,V2.3_RF_TREND
Punjab,Pathankot,2025-10-20,0,0.0,+2d,0.0,0,0.01169043915990718,0,V2.3_RF_TREND
Punjab,Pathankot,2025-10-21,0,0.0,+2d,0.0,0,0.0665302001919649,0,V2.3_RF_TREND
Punjab,Pathankot,2025-10-22,0,0.0,+2d,0.0,0,0.15811499433908172,0,V2.3_RF_TREND
Punjab,Pathankot,2025-10-23,0,0.0,+2d,0.0,0,0.07164220460911638,0,V2.3_RF_TREND
Punjab,Pathankot,2025-10-24,0,0.0,+2d,0.0,0,0.07410922683302386,0,V2.3_RF_TREND
Punjab,Pathankot,2025-10-25,0,0.0,+2d,0.0,0,0.016481917765457446,0,V2.3_RF_TREND
Punjab,Pathankot,2025-10-26,0,0.0,+2d,0.0,0,0.010107661813076494,0,V2.3_RF_TREND
Punjab,Pathankot,2025-10-27,0,0.0,+2d,0.0,0,0.015607661813076495,0,V2.3_RF_TREND
Punjab,Pathankot,2025-10-28,0,0.0,+2d,0.0,0,0.031196947527362212,0,V2.3_RF_TREND
Punjab,Pathankot,2025-10-29,0,0.0,+2d,0.0,0,0.01301539990831459,0,V2.3_RF_TREND
Punjab,Pathankot,2025-10-30,0,0.0,+2d,0.0,0,0.02075572728926698,0,V2.3_RF_TREND
Punjab,Pathankot,2025-10-31,0,0.0,+2d,1.0,0,0.01177432847974316,0,V2.3_RF_TREND
Punjab,Pathankot,2025-11-01,0,0.0,+2d,0.0,0,0.016882772895058698,0,V2.3_RF_TREND
Punjab,Pathankot,2025-11-02,1,3.28,+2d,2.0,0,0.07352002164502162,0,V2.3_RF_TREND
Punjab,Pathankot,2025-11-03,0,0.0,+2d,0.0,0,0.025691666666666668,0,V2.3_RF_TREND
Punjab,Pathankot,2025-11-04,2,5.140000000000001,+2d,0.0,0,0.07391666666666667,0,V2.3_RF_TREND
Punjab,Pathankot,2025-11-05,0,0.0,+2d,0.0,0,0.16785622710622708,0,V2.3_RF_TREND
Punjab,Pathankot,2025-11-06,0,0.0,+2d,1.0,0,0.003607142857142857,0,V2.3_RF_TREND
Punjab,Pathankot,2025-11-07,0,0.0,+2d,0.0,0,0.019720238095238096,0,V2.3_RF_TREND
Punjab,Pathankot,2025-11-08,1,2.62,+2d,0.0,0,0.07000216450216451,0,V2.3_RF_TREND
Punjab,Pathankot,2025-11-09,0,0.0,+2d,0.0,0,0.08015,0,V2.3_RF_TREND
Punjab,Pathankot,2025-11-10,0,0.0,+2d,0.0,0,0.00425,0,V2.3_RF_TREND
Punjab,Pathankot,2025-11-11,0,0.0,+2d,0.0,0,0.010206349206349205,0,V2.3_RF_TREND
Punjab,Pathankot,2025-11-12,0,0.0,+2d,0.0,0,0.07696666511729394,0,V2.3_RF_TREND
Punjab,Pathankot,2025-11-13,0,0.0,+2d,2.0,0,0.003583333333333333,0,V2.3_RF_TREND
Punjab,Pathankot,2025-11-14,0,0.0,+2d,0.0,0,0.0029313115819404345,0,V2.3_RF_TREND
Punjab,Pathankot,2025-11-15,2,14.14,+2d,0.0,0,0.11225,0,V2.3_RF_TREND
Punjab,Pathankot,2025-11-16,0,0.0,+2d,0.0,0,0.18358333333333335,0,V2.3_RF_TREND
Punjab,Pathankot,2025-11-17,0,0.0,+2d,0.0,0,0.19420535714285717,0,V2.3_RF_TREND
Punjab,Pathankot,2025-11-18,0,0.0,+2d,0.0,0,0.1335238095238095,0,V2.3_RF_TREND
Punjab,Pathankot,2025-11-19,0,0.0,+2d,0.0,0,0.0038598830105118632,0,V2.3_RF_TREND
Punjab,Pathankot,2025-11-20,0,0.0,+2d,0.0,0,0.07656845238095239,0,V2.3_RF_TREND
Punjab,Pathankot,2025-11-21,0,0.0,+2d,0.0,0,0.0031813115819404347,0,V2.3_RF_TREND
Punjab,Pathankot,2025-11-22,0,0.0,+2d,0.0,0,0.16535119047619046,0,V2.3_RF_TREND
Punjab,Pathankot,2025-11-23,0,0.0,+2d,0.0,0,0.0036813115819404347,0,V2.3_RF_TREND
Punjab,Patiala,2025-10-15,3,12.0,+2d,4.0,1,0.42217757936507944,1,V2.3_RF_TREND
Punjab,Patiala,2025-10-16,3,11.35,+2d,2.0,0,0.6058928571428571,1,V2.3_RF_TREND
Punjab,Patiala,2025-10-17,4,7.54,+2d,6.0,1,0.4986934523809524,1,V2.3_RF_TREND
Punjab,Patiala,2025-10-18,2,6.69,+2d,14.0,1,0.6234761904761905,1,V2.3_RF_TREND
Punjab,Patiala,2025-10-19,6,32.99,+2d,18.0,1,0.694029761904762,1,V2.3_RF_TREND
Punjab,Patiala,2025-10-20,14,55.83,+2d,11.0,1,0.7695357142857142,1,V2.3_RF_TREND
Punjab,Patiala,2025-10-21,18,67.72,+2d,2.0,0,0.9118571428571428,1,V2.3_RF_TREND
Punjab,Patiala,2025-10-22,11,39.35,+2d,1.0,0,0.966875,1,V2.3_RF_TREND
Punjab,Patiala,2025-10-23,2,7.77,+2d,10.0,1,0.7375833333333333,1,V2.3_RF_TREND
Punjab,Patiala,2025-10-24,1,4.24,+2d,4.0,1,0.7289345238095237,1,V2.3_RF_TREND
Punjab,Patiala,2025-10-25,10,45.56,+2d,11.0,1,0.7772380952380952,1,V2.3_RF_TREND
Punjab,Patiala,2025-10-26,4,12.28,+2d,6.0,1,0.7729285714285717,1,V2.3_RF_TREND
Punjab,Patiala,2025-10-27,11,46.69,+2d,18.0,1,0.7897380952380952,1,V2.3_RF_TREND
Punjab,Patiala,2025-10-28,6,21.41,+2d,13.0,1,0.7767916666666668,1,V2.3_RF_TREND
Punjab,Patiala,2025-10-29,18,70.32,+2d,41.0,1,0.8874017857142857,1,V2.3_RF_TREND
Punjab,Patiala,2025-10-30,13,65.51,+2d,44.0,1,0.9719583333333334,1,V2.3_RF_TREND
Punjab,Patiala,2025-10-31,41,264.78,+2d,27.0,1,0.9747023809523809,1,V2.3_RF_TREND
Punjab,Patiala,2025-11-01,44,278.56,+2d,11.0,1,0.9970833333333334,1,V2.3_RF_TREND
Punjab,Patiala,2025-11-02,27,170.95,+2d,20.0,1,0.9922916666666667,1,V2.3_RF_TREND
Punjab,Patiala,2025-11-03,11,56.78,+2d,10.0,1,0.9605,1,V2.3_RF_TREND
Punjab,Patiala,2025-11-04,20,118.09,+2d,24.0,1,0.9599940476190477,1,V2.3_RF_TREND
Punjab,Patiala,2025-11-05,10,30.91,+2d,12.0,1,0.7897083333333333,1,V2.3_RF_TREND
Punjab,Patiala,2025-11-06,24,97.21,+2d,21.0,1,0.8085059523809522,1,V2.3_RF_TREND
Punjab,Patiala,2025-11-07,12,65.89,+2d,30.0,1,0.8834999999999998,1,V2.3_RF_TREND
Punjab,Patiala,2025-11-08,21,243.72,+2d,6.0,1,0.6603125,1,V2.3_RF_TREND
Punjab,Patiala,2025-11-09,30,182.96,+2d,11.0,1,0.7745833333333336,1,V2.3_RF_TREND
Punjab,Patiala,2025-11-10,6,24.25,+2d,1.0,0,0.8860833333333333,1,V2.3_RF_TREND
Punjab,Patiala,2025-11-11,11,77.24000000000001,+2d,3.0,1,0.7948333333333334,1,V2.3_RF_TREND
Punjab,Patiala,2025-11-12,1,2.2,+2d,1.0,0,0.7913680555555557,1,V2.3_RF_TREND
Punjab,Patiala,2025-11-13,3,15.05,+2d,4.0,1,0.6762500000000001,1,V2.3_RF_TREND
Punjab,Patiala,2025-11-14,1,1.7,+2d,2.0,0,0.7047500000000001,1,V2.3_RF_TREND
Punjab,Patiala,2025-11-15,4,46.42,+2d,0.0,0,0.6149583333333333,1,V2.3_RF_TREND
Punjab,Patiala,2025-11-16,2,1.79,+2d,3.0,1,0.5749851190476192,1,V2.3_RF_TREND
Punjab,Patiala,2025-11-17,0,0.0,+2d,0.0,0,0.2737916666666666,0,V2.3_RF_TREND
Punjab,Patiala,2025-11-18,3,17.46,+2d,0.0,0,0.5028809523809523,1,V2.3_RF_TREND
Punjab,Patiala,2025-11-19,0,0.0,+2d,2.0,0,0.26372916666666674,0,V2.3_RF_TREND
Punjab,Patiala,2025-11-20,0,0.0,+2d,0.0,0,0.2741886446886447,0,V2.3_RF_TREND
Punjab,Patiala,2025-11-21,2,1.69,+2d,0.0,0,0.27274702380952376,0,V2.3_RF_TREND
Punjab,Patiala,2025-11-22,0,0.0,+2d,0.0,0,0.25041785714285714,0,V2.3_RF_TREND
Punjab,Patiala,2025-11-23,0,0.0,+2d,0.0,0,0.2133645104895104,0,V2.3_RF_TREND
Punjab,Rupnagar,2025-10-15,0,0.0,+2d,0.0,0,0.0480299874792349,0,V2.3_RF_TREND
Punjab,Rupnagar,2025-10-16,0,0.0,+2d,0.0,0,0.08184113466538209,0,V2.3_RF_TREND
Punjab,Rupnagar,2025-10-17,0,0.0,+2d,0.0,0,0.0911792756910231,0,V2.3_RF_TREND
Punjab,Rupnagar,2025-10-18,0,0.0,+2d,0.0,0,0.11637621763796506,0,V2.3_RF_TREND
Punjab,Rupnagar,2025-10-19,0,0.0,+2d,1.0,0,0.06406222954272697,0,V2.3_RF_TREND
Punjab,Rupnagar,2025-10-20,0,0.0,+2d,1.0,0,0.055879058547055965,0,V2.3_RF_TREND
Punjab,Rupnagar,2025-10-21,1,4.11,+2d,0.0,0,0.16031356103047284,0,V2.3_RF_TREND
Punjab,Rupnagar,2025-10-22,1,2.34,+2d,0.0,0,0.25951694139194137,0,V2.3_RF_TREND
Punjab,Rupnagar,2025-10-23,0,0.0,+2d,0.0,0,0.19590909090909087,0,V2.3_RF_TREND
Punjab,Rupnagar,2025-10-24,0,0.0,+2d,1.0,0,0.11033673924115103,0,V2.3_RF_TREND
Punjab,Rupnagar,2025-10-25,0,0.0,+2d,0.0,0,0.08431376262626263,0,V2.3_RF_TREND
Punjab,Rupnagar,2025-10-26,1,2.98,+2d,0.0,0,0.15598214285714285,0,V2.3_RF_TREND
Punjab,Rupnagar,2025-10-27,0,0.0,+2d,0.0,0,0.11862619047619045,0,V2.3_RF_TREND
Punjab,Rupnagar,2025-10-28,0,0.0,+2d,0.0,0,0.08620932539682541,0,V2.3_RF_TREND
Punjab,Rupnagar,2025-10-29,0,0.0,+2d,2.0,0,0.07638095238095238,0,V2.3_RF_TREND
Punjab,Rupnagar,2025-10-30,0,0.0,+2d,0.0,0,0.1011650662142309,0,V2.3_RF_TREND
Punjab,Rupnagar,2025-10-31,2,5.83,+2d,2.0,0,0.17594047619047623,0,V2.3_RF_TREND
Punjab,Rupnagar,2025-11-01,0,0.0,+2d,0.0,0,0.14009642857142857,0,V2.3_RF_TREND
Punjab,Rupnagar,2025-11-02,2,4.390000000000001,+2d,0.0,0,0.1618035714285714,0,V2.3_RF_TREND
Punjab,Rupnagar,2025-11-03,0,0.0,+2d,0.0,0,0.1885396825396825,0,V2.3_RF_TREND
Punjab,Rupnagar,2025-11-04,0,0.0,+2d,0.0,0,0.04988095238095238,0,V2.3_RF_TREND
Punjab,Rupnagar,2025-11-05,0,0.0,+2d,0.0,0,0.043974476911976895,0,V2.3_RF_TREND
Punjab,Rupnagar,2025-11-06,0,0.0,+2d,1.0,0,0.049639813688978365,0,V2.3_RF_TREND
Punjab,Rupnagar,2025-11-07,0,0.0,+2d,0.0,0,0.037000000000000005,0,V2.3_RF_TREND
Punjab,Rupnagar,2025-11-08,1,4.05,+2d,0.0,0,0.08336525974025974,0,V2.3_RF_TREND
Punjab,Rupnagar,2025-11-09,0,0.0,+2d,1.0,0,0.13438214285714284,0,V2.3_RF_TREND
Punjab,Rupnagar,2025-11-10,0,0.0,+2d,0.0,0,0.007648809523809523,0,V2.3_RF_TREND
Punjab,Rupnagar,2025-11-11,1,1.61,+2d,0.0,0,0.12447023809523808,0,V2.3_RF_TREND
Punjab,Rupnagar,2025-11-12,0,0.0,+2d,0.0,0,0.10169166666666665,0,V2.3_RF_TREND
Punjab,Rupnagar,2025-11-13,0,0.0,+2d,0.0,0,0.005166666666666666,0,V2.3_RF_TREND
Punjab,Rupnagar,2025-11-14,0,0.0,+2d,0.0,0,0.0008333333333333333,0,V2.3_RF_TREND
Punjab,Rupnagar,2025-11-15,0,0.0,+2d,0.0,0,0.02561111111111111,0,V2.3_RF_TREND
Punjab,Rupnagar,2025-11-16,0,0.0,+2d,0.0,0,0.00125,0,V2.3_RF_TREND
Punjab,Rupnagar,2025-11-17,0,0.0,+2d,0.0,0,0.007806311581940434,0,V2.3_RF_TREND
Punjab,Rupnagar,2025-11-18,0,0.0,+2d,0.0,0,0.013625,0,V2.3_RF_TREND
Punjab,Rupnagar,2025-11-19,0,0.0,+2d,0.0,0,0.007222978248607101,0,V2.3_RF_TREND
Punjab,Rupnagar,2025-11-20,0,0.0,+2d,0.0,0,0.006449168724797576,0,V2.3_RF_TREND
Punjab,Rupnagar,2025-11-21,0,0.0,+2d,0.0,0,0.0064729782486071,0,V2.3_RF_TREND
Punjab,Rupnagar,2025-11-22,0,0.0,+2d,0.0,0,0.005056089950005248,0,V2.3_RF_TREND
Punjab,Rupnagar,2025-11-23,0,0.0,+2d,0.0,0,0.007472978248607101,0,V2.3_RF_TREND
Punjab,S A S Nagar,2025-10-15,0,0.0,+2d,0.0,0,0.23973035714285712,0,V2.3_RF_TREND
Punjab,S A S Nagar,2025-10-16,1,2.96,+2d,1.0,0,0.1787566526610644,0,V2.3_RF_TREND
Punjab,S A S Nagar,2025-10-17,0,0.0,+2d,2.0,0,0.1753054029304029,0,V2.3_RF_TREND
Punjab,S A S Nagar,2025-10-18,1,3.32,+2d,4.0,1,0.28764355742296915,0,V2.3_RF_TREND
Punjab,S A S Nagar,2025-10-19,2,7.34,+2d,7.0,1,0.38377678571428575,1,V2.3_RF_TREND
Punjab,S A S Nagar,2025-10-20,4,12.04,+2d,5.0,1,0.6250853174603177,1,V2.3_RF_TREND
Punjab,S A S Nagar,2025-10-21,7,30.56,+2d,1.0,0,0.8135416666666668,1,V2.3_RF_TREND
Punjab,S A S Nagar,2025-10-22,5,14.5,+2d,3.0,1,0.8589940476190477,1,V2.3_RF_TREND
Punjab,S A S Nagar,2025-10-23,1,2.81,+2d,5.0,1,0.5981071428571428,1,V2.3_RF_TREND
Punjab,S A S Nagar,2025-10-24,3,13.09,+2d,6.0,1,0.7545952380952382,1,V2.3_RF_TREND
Punjab,S A S Nagar,2025-10-25,5,15.55,+2d,2.0,0,0.814375,1,V2.3_RF_TREND
Punjab,S A S Nagar,2025-10-26,6,17.49,+2d,2.0,0,0.6797559523809524,1,V2.3_RF_TREND
Punjab,S A S Nagar,2025-10-27,2,5.050000000000001,+2d,6.0,1,0.5775476190476191,1,V2.3_RF_TREND
Punjab,S A S Nagar,2025-10-28,2,5.97,+2d,1.0,0,0.42945833333333333,1,V2.3_RF_TREND
Punjab,S A S Nagar,2025-10-29,6,13.11,+2d,8.0,1,0.602860119047619,1,V2.3_RF_TREND
Punjab,S A S Nagar,2025-10-30,1,4.68,+2d,1.0,0,0.7065208333333335,1,V2.3_RF_TREND
Punjab,S A S Nagar,2025-10-31,8,37.49,+2d,1.0,0,0.6152976190476189,1,V2.3_RF_TREND
Punjab,S A S Nagar,2025-11-01,1,3.44,+2d,2.0,0,0.6461666666666668,1,V2.3_RF_TREND
Punjab,S A S Nagar,2025-11-02,1,6.12,+2d,0.0,0,0.42163690476190463,1,V2.3_RF_TREND
Punjab,S A S Nagar,2025-11-03,2,9.99,+2d,2.0,0,0.5741666666666668,1,V2.3_RF_TREND
Punjab,S A S Nagar,2025-11-04,0,0.0,+2d,0.0,0,0.20623809523809522,0,V2.3_RF_TREND
Punjab,S A S Nagar,2025-11-05,2,4.29,+2d,1.0,0,0.3290416666666667,0,V2.3_RF_TREND
Punjab,S A S Nagar,2025-11-06,0,0.0,+2d,2.0,0,0.1945091991341991,0,V2.3_RF_TREND
Punjab,S A S Nagar,2025-11-07,1,9.43,+2d,0.0,0,0.26550595238095237,0,V2.3_RF_TREND
Punjab,S A S Nagar,2025-11-08,2,7.57,+2d,0.0,0,0.31956547619047615,0,V2.3_RF_TREND
Punjab,S A S Nagar,2025-11-09,0,0.0,+2d,0.0,0,0.13420833333333332,0,V2.3_RF_TREND
Punjab,S A S Nagar,2025-11-10,0,0.0,+2d,1.0,0,0.1874404761904762,0,V2.3_RF_TREND
Punjab,S A S Nagar,2025-11-11,0,0.0,+2d,1.0,0,0.04792857142857144,0,V2.3_RF_TREND
Punjab,S A S Nagar,2025-11-12,1,1.59,+2d,0.0,0,0.15815277777777775,0,V2.3_RF_TREND
Punjab,S A S Nagar,2025-11-13,1,8.49,+2d,0.0,0,0.2331011904761905,0,V2.3_RF_TREND
Punjab,S A S Nagar,2025-11-14,0,0.0,+2d,0.0,0,0.12268154761904762,0,V2.3_RF_TREND
Punjab,S A S Nagar,2025-11-15,0,0.0,+2d,0.0,0,0.09266071428571429,0,V2.3_RF_TREND
Punjab,S A S Nagar,2025-11-16,0,0.0,+2d,0.0,0,0.04976190476190476,0,V2.3_RF_TREND
Punjab,S A S Nagar,2025-11-17,0,0.0,+2d,0.0,0,0.003333333333333333,0,V2.3_RF_TREND
Punjab,S A S Nagar,2025-11-18,0,0.0,+2d,0.0,0,0.006583333333333333,0,V2.3_RF_TREND
Punjab,S A S Nagar,2025-11-19,0,0.0,+2d,0.0,0,0.008083333333333333,0,V2.3_RF_TREND
Punjab,S A S Nagar,2025-11-20,0,0.0,+2d,0.0,0,0.04312003968253968,0,V2.3_RF_TREND
Punjab,S A S Nagar,2025-11-21,0,0.0,+2d,0.0,0,0.008230821132800945,0,V2.3_RF_TREND
Punjab,S A S Nagar,2025-11-22,0,0.0,+2d,1.0,0,0.00443915446613428,0,V2.3_RF_TREND
Punjab,S A S Nagar,2025-11-23,0,0.0,+2d,0.0,0,0.005872347112562221,0,V2.3_RF_TREND
Punjab,Sangrur,2025-10-15,1,3.06,+2d,4.0,1,0.32407341269841267,0,V2.3_RF_TREND
Punjab,Sangrur,2025-10-16,1,2.95,+2d,0.0,0,0.29904365079365086,0,V2.3_RF_TREND
Punjab,Sangrur,2025-10-17,4,43.34,+2d,2.0,0,0.3936031746031746,1,V2.3_RF_TREND
Punjab,Sangrur,2025-10-18,0,0.0,+2d,4.0,1,0.38423079004329,1,V2.3_RF_TREND
Punjab,Sangrur,2025-10-19,2,8.45,+2d,10.0,1,0.5515357142857145,1,V2.3_RF_TREND
Punjab,Sangrur,2025-10-20,4,19.33,+2d,4.0,1,0.6329107142857143,1,V2.3_RF_TREND
Punjab,Sangrur,2025-10-21,10,67.47,+2d,6.0,1,0.8345476190476192,1,V2.3_RF_TREND
Punjab,Sangrur,2025-10-22,4,19.44,+2d,11.0,1,0.8638452380952382,1,V2.3_RF_TREND
Punjab,Sangrur,2025-10-23,6,55.41,+2d,19.0,1,0.7977559523809522,1,V2.3_RF_TREND
Punjab,Sangrur,2025-10-24,11,77.94,+2d,27.0,1,0.833559523809524,1,V2.3_RF_TREND
Punjab,Sangrur,2025-10-25,19,200.61,+2d,21.0,1,0.96525,1,V2.3_RF_TREND
Punjab,Sangrur,2025-10-26,27,227.44,+2d,13.0,1,0.9775,1,V2.3_RF_TREND
Punjab,Sangrur,2025-10-27,21,116.16,+2d,48.0,1,0.9858333333333333,1,V2.3_RF_TREND
Punjab,Sangrur,2025-10-28,13,91.69,+2d,65.0,1,0.9727916666666668,1,V2.3_RF_TREND
Punjab,Sangrur,2025-10-29,48,383.99,+2d,127.0,1,0.9754166666666666,1,V2.3_RF_TREND
Punjab,Sangrur,2025-10-30,65,519.6,+2d,69.0,1,0.986875,1,V2.3_RF_TREND
Punjab,Sangrur,2025-10-31,127,802.9,+2d,65.0,1,0.990625,1,V2.3_RF_TREND
Punjab,Sangrur,2025-11-01,69,385.86,+2d,38.0,1,0.993125,1,V2.3_RF_TREND
Punjab,Sangrur,2025-11-02,65,496.09,+2d,62.0,1,0.9780952380952379,1,V2.3_RF_TREND
Punjab,Sangrur,2025-11-03,38,224.56,+2d,22.0,1,0.9111696428571429,1,V2.3_RF_TREND
Punjab,Sangrur,2025-11-04,62,456.91,+2d,24.0,1,0.9604464285714286,1,V2.3_RF_TREND
Punjab,Sangrur,2025-11-05,22,212.23,+2d,50.0,1,0.8308392857142857,1,V2.3_RF_TREND
Punjab,Sangrur,2025-11-06,24,185.22,+2d,41.0,1,0.9438333333333331,1,V2.3_RF_TREND
Punjab,Sangrur,2025-11-07,50,258.85,+2d,37.0,1,0.8132886904761902,1,V2.3_RF_TREND
Punjab,Sangrur,2025-11-08,41,163.3,+2d,24.0,1,0.7985625000000001,1,V2.3_RF_TREND
Punjab,Sangrur,2025-11-09,37,240.81,+2d,19.0,1,0.8458958333333332,1,V2.3_RF_TREND
Punjab,Sangrur,2025-11-10,24,156.23,+2d,3.0,1,0.8447847222222221,1,V2.3_RF_TREND
Punjab,Sangrur,2025-11-11,19,108.34,+2d,7.0,1,0.922451388888889,1,V2.3_RF_TREND
Punjab,Sangrur,2025-11-12,3,5.16,+2d,6.0,1,0.7533472222222222,1,V2.3_RF_TREND
Punjab,Sangrur,2025-11-13,7,33.92,+2d,2.0,0,0.7726249999999998,1,V2.3_RF_TREND
Punjab,Sangrur,2025-11-14,6,51.3,+2d,0.0,0,0.7683273809523812,1,V2.3_RF_TREND
Punjab,Sangrur,2025-11-15,2,4.51,+2d,3.0,1,0.5207529761904762,1,V2.3_RF_TREND
Punjab,Sangrur,2025-11-16,0,0.0,+2d,0.0,0,0.5364166666666668,1,V2.3_RF_TREND
Punjab,Sangrur,2025-11-17,3,8.42,+2d,0.0,0,0.524357142857143,1,V2.3_RF_TREND
Punjab,Sangrur,2025-11-18,0,0.0,+2d,1.0,0,0.4567083333333333,1,V2.3_RF_TREND
Punjab,Sangrur,2025-11-19,0,0.0,+2d,0.0,0,0.2858225732600732,0,V2.3_RF_TREND
Punjab,Sangrur,2025-11-20,1,3.44,+2d,0.0,0,0.32226488095238104,0,V2.3_RF_TREND
Punjab,Sangrur,2025-11-21,0,0.0,+2d,0.0,0,0.26413214285714287,0,V2.3_RF_TREND
Punjab,Sangrur,2025-11-22,0,0.0,+2d,0.0,0,0.17709638278388276,0,V2.3_RF_TREND
Punjab,Sangrur,2025-11-23,0,0.0,+2d,0.0,0,0.11910855810855811,0,V2.3_RF_TREND
Punjab,Shahid Bhagat Singh Nagar,2025-10-15,0,0.0,+2d,1.0,0,0.23112202380952385,0,V2.3_RF_TREND
Punjab,Shahid Bhagat Singh Nagar,2025-10-16,0,0.0,+2d,0.0,0,0.054713723368135146,0,V2.3_RF_TREND
Punjab,Shahid Bhagat Singh Nagar,2025-10-17,1,3.94,+2d,0.0,0,0.1778035779579897,0,V2.3_RF_TREND
Punjab,Shahid Bhagat Singh Nagar,2025-10-18,0,0.0,+2d,0.0,0,0.25936960678210674,0,V2.3_RF_TREND
Punjab,Shahid Bhagat Singh Nagar,2025-10-19,0,0.0,+2d,5.0,1,0.05172129912571089,0,V2.3_RF_TREND
Punjab,Shahid Bhagat Singh Nagar,2025-10-20,0,0.0,+2d,3.0,1,0.05213039003480179,0,V2.3_RF_TREND
Punjab,Shahid Bhagat Singh Nagar,2025-10-21,5,28.2,+2d,0.0,0,0.2668551587301587,0,V2.3_RF_TREND
Punjab,Shahid Bhagat Singh Nagar,2025-10-22,3,9.35,+2d,0.0,0,0.7680089285714287,1,V2.3_RF_TREND
Punjab,Shahid Bhagat Singh Nagar,2025-10-23,0,0.0,+2d,0.0,0,0.39260714285714277,1,V2.3_RF_TREND
Punjab,Shahid Bhagat Singh Nagar,2025-10-24,0,0.0,+2d,1.0,0,0.36991666666666667,1,V2.3_RF_TREND
Punjab,Shahid Bhagat Singh Nagar,2025-10-25,0,0.0,+2d,3.0,1,0.12019444444444449,0,V2.3_RF_TREND
Punjab,Shahid Bhagat Singh Nagar,2025-10-26,1,1.55,+2d,0.0,0,0.3744801587301588,1,V2.3_RF_TREND
Punjab,Shahid Bhagat Singh Nagar,2025-10-27,3,11.89,+2d,1.0,0,0.39286706349206346,1,V2.3_RF_TREND
Punjab,Shahid Bhagat Singh Nagar,2025-10-28,0,0.0,+2d,0.0,0,0.457095238095238,1,V2.3_RF_TREND
Punjab,Shahid Bhagat Singh Nagar,2025-10-29,1,7.58,+2d,1.0,0,0.4333095238095238,1,V2.3_RF_TREND
Punjab,Shahid Bhagat Singh Nagar,2025-10-30,0,0.0,+2d,6.0,1,0.2837063492063493,0,V2.3_RF_TREND
Punjab,Shahid Bhagat Singh Nagar,2025-10-31,1,2.69,+2d,9.0,1,0.22224801587301588,0,V2.3_RF_TREND
Punjab,Shahid Bhagat Singh Nagar,2025-11-01,6,25.75,+2d,3.0,1,0.5495029761904762,1,V2.3_RF_TREND
Punjab,Shahid Bhagat Singh Nagar,2025-11-02,9,46.72,+2d,3.0,1,0.8345416666666666,1,V2.3_RF_TREND
Punjab,Shahid Bhagat Singh Nagar,2025-11-03,3,7.68,+2d,1.0,0,0.5817380952380953,1,V2.3_RF_TREND
Punjab,Shahid Bhagat Singh Nagar,2025-11-04,3,13.45,+2d,4.0,1,0.6885059523809524,1,V2.3_RF_TREND
Punjab,Shahid Bhagat Singh Nagar,2025-11-05,1,0.97,+2d,3.0,1,0.5883333333333334,1,V2.3_RF_TREND
Punjab,Shahid Bhagat Singh Nagar,2025-11-06,4,11.08,+2d,4.0,1,0.4535773809523808,1,V2.3_RF_TREND
Punjab,Shahid Bhagat Singh Nagar,2025-11-07,3,11.85,+2d,0.0,0,0.5106666666666668,1,V2.3_RF_TREND
Punjab,Shahid Bhagat Singh Nagar,2025-11-08,4,15.3,+2d,0.0,0,0.40148214285714284,1,V2.3_RF_TREND
Punjab,Shahid Bhagat Singh Nagar,2025-11-09,0,0.0,+2d,1.0,0,0.20329166666666662,0,V2.3_RF_TREND
Punjab,Shahid Bhagat Singh Nagar,2025-11-10,0,0.0,+2d,3.0,1,0.25366666666666676,0,V2.3_RF_TREND
Punjab,Shahid Bhagat Singh Nagar,2025-11-11,1,3.51,+2d,3.0,1,0.3523541666666665,0,V2.3_RF_TREND
Punjab,Shahid Bhagat Singh Nagar,2025-11-12,3,10.78,+2d,0.0,0,0.24677579365079363,0,V2.3_RF_TREND
Punjab,Shahid Bhagat Singh Nagar,2025-11-13,3,15.14,+2d,2.0,0,0.42700000000000005,1,V2.3_RF_TREND
Punjab,Shahid Bhagat Singh Nagar,2025-11-14,0,0.0,+2d,2.0,0,0.22008928571428568,0,V2.3_RF_TREND
Punjab,Shahid Bhagat Singh Nagar,2025-11-15,2,5.73,+2d,0.0,0,0.3382589285714285,0,V2.3_RF_TREND
Punjab,Shahid Bhagat Singh Nagar,2025-11-16,2,5.65,+2d,0.0,0,0.3640654761904761,1,V2.3_RF_TREND
Punjab,Shahid Bhagat Singh Nagar,2025-11-17,0,0.0,+2d,3.0,1,0.09609848484848485,0,V2.3_RF_TREND
Punjab,Shahid Bhagat Singh Nagar,2025-11-18,0,0.0,+2d,0.0,0,0.174875,0,V2.3_RF_TREND
Punjab,Shahid Bhagat Singh Nagar,2025-11-19,3,9.82,+2d,0.0,0,0.32955384199134186,0,V2.3_RF_TREND
Punjab,Shahid Bhagat Singh Nagar,2025-11-20,0,0.0,+2d,0.0,0,0.24350000000000005,0,V2.3_RF_TREND
Punjab,Shahid Bhagat Singh Nagar,2025-11-21,0,0.0,+2d,0.0,0,0.1355416666666667,0,V2.3_RF_TREND
Punjab,Shahid Bhagat Singh Nagar,2025-11-22,0,0.0,+2d,0.0,0,0.1839166666666667,0,V2.3_RF_TREND
Punjab,Shahid Bhagat Singh Nagar,2025-11-23,0,0.0,+2d,0.0,0,0.017150793650793646,0,V2.3_RF_TREND
Punjab,Sri Muktsar Sahib,2025-10-15,0,0.0,+2d,0.0,0,0.33470535714285726,0,V2.3_RF_TREND
Punjab,Sri Muktsar Sahib,2025-10-16,1,5.86,+2d,2.0,0,0.13881320028011201,0,V2.3_RF_TREND
Punjab,Sri Muktsar Sahib,2025-10-17,0,0.0,+2d,2.0,0,0.3614166666666668,1,V2.3_RF_TREND
Punjab,Sri Muktsar Sahib,2025-10-18,2,8.21,+2d,0.0,0,0.16952747252747252,0,V2.3_RF_TREND
Punjab,Sri Muktsar Sahib,2025-10-19,2,8.68,+2d,4.0,1,0.4963650793650792,1,V2.3_RF_TREND
Punjab,Sri Muktsar Sahib,2025-10-20,0,0.0,+2d,10.0,1,0.3113154761904762,0,V2.3_RF_TREND
Punjab,Sri Muktsar Sahib,2025-10-21,4,17.89,+2d,1.0,0,0.5481190476190476,1,V2.3_RF_TREND
Punjab,Sri Muktsar Sahib,2025-10-22,10,37.72,+2d,2.0,0,0.7803333333333333,1,V2.3_RF_TREND
Punjab,Sri Muktsar Sahib,2025-10-23,1,3.49,+2d,2.0,0,0.5934166666666669,1,V2.3_RF_TREND
Punjab,Sri Muktsar Sahib,2025-10-24,2,16.65,+2d,13.0,1,0.6429613095238098,1,V2.3_RF_TREND
Punjab,Sri Muktsar Sahib,2025-10-25,2,7.71,+2d,0.0,0,0.6895416666666665,1,V2.3_RF_TREND
Punjab,Sri Muktsar Sahib,2025-10-26,13,86.17,+2d,2.0,0,0.715875,1,V2.3_RF_TREND
Punjab,Sri Muktsar Sahib,2025-10-27,0,0.0,+2d,7.0,1,0.554014880952381,1,V2.3_RF_TREND
Punjab,Sri Muktsar Sahib,2025-10-28,2,11.65,+2d,12.0,1,0.5895446428571428,1,V2.3_RF_TREND
Punjab,Sri Muktsar Sahib,2025-10-29,7,33.11,+2d,17.0,1,0.7259166666666667,1,V2.3_RF_TREND
Punjab,Sri Muktsar Sahib,2025-10-30,12,70.77,+2d,21.0,1,0.9297916666666669,1,V2.3_RF_TREND
Punjab,Sri Muktsar Sahib,2025-10-31,17,171.26,+2d,41.0,1,0.9410357142857141,1,V2.3_RF_TREND
Punjab,Sri Muktsar Sahib,2025-11-01,21,102.23,+2d,12.0,1,0.9254375,1,V2.3_RF_TREND
Punjab,Sri Muktsar Sahib,2025-11-02,41,334.81,+2d,15.0,1,0.9515625,1,V2.3_RF_TREND
Punjab,Sri Muktsar Sahib,2025-11-03,12,70.67999999999999,+2d,29.0,1,0.9576875,1,V2.3_RF_TREND
Punjab,Sri Muktsar Sahib,2025-11-04,15,124.78,+2d,48.0,1,0.9264315476190477,1,V2.3_RF_TREND
Punjab,Sri Muktsar Sahib,2025-11-05,29,173.99,+2d,37.0,1,0.8412499999999998,1,V2.3_RF_TREND
Punjab,Sri Muktsar Sahib,2025-11-06,48,331.47,+2d,25.0,1,0.9708958333333334,1,V2.3_RF_TREND
Punjab,Sri Muktsar Sahib,2025-11-07,37,200.69,+2d,28.0,1,0.9671458333333334,1,V2.3_RF_TREND
Punjab,Sri Muktsar Sahib,2025-11-08,25,149.07999999999998,+2d,31.0,1,0.7757291666666666,1,V2.3_RF_TREND
Punjab,Sri Muktsar Sahib,2025-11-09,28,136.62,+2d,39.0,1,0.7128958333333335,1,V2.3_RF_TREND
Punjab,Sri Muktsar Sahib,2025-11-10,31,131.89,+2d,14.0,1,0.8632827380952379,1,V2.3_RF_TREND
Punjab,Sri Muktsar Sahib,2025-11-11,39,236.67,+2d,21.0,1,0.9101577380952383,1,V2.3_RF_TREND
Punjab,Sri Muktsar Sahib,2025-11-12,14,71.45,+2d,20.0,1,0.9317291666666665,1,V2.3_RF_TREND
Punjab,Sri Muktsar Sahib,2025-11-13,21,114.28,+2d,32.0,1,0.9311458333333333,1,V2.3_RF_TREND
Punjab,Sri Muktsar Sahib,2025-11-14,20,110.72,+2d,28.0,1,0.9524791666666665,1,V2.3_RF_TREND
Punjab,Sri Muktsar Sahib,2025-11-15,32,161.38,+2d,9.0,1,0.9304791666666666,1,V2.3_RF_TREND
Punjab,Sri Muktsar Sahib,2025-11-16,28,148.9,+2d,10.0,1,0.9518958333333333,1,V2.3_RF_TREND
Punjab,Sri Muktsar Sahib,2025-11-17,9,21.88,+2d,9.0,1,0.8118720238095238,1,V2.3_RF_TREND
Punjab,Sri Muktsar Sahib,2025-11-18,10,38.26,+2d,8.0,1,0.7546041666666666,1,V2.3_RF_TREND
Punjab,Sri Muktsar Sahib,2025-11-19,9,38.03,+2d,4.0,1,0.7802499999999999,1,V2.3_RF_TREND
Punjab,Sri Muktsar Sahib,2025-11-20,8,34.36,+2d,4.0,1,0.6294791666666668,1,V2.3_RF_TREND
Punjab,Sri Muktsar Sahib,2025-11-21,4,16.88,+2d,12.0,1,0.45901388888888894,1,V2.3_RF_TREND
Punjab,Sri Muktsar Sahib,2025-11-22,4,12.72,+2d,0.0,0,0.31657738095238097,0,V2.3_RF_TREND
Punjab,Sri Muktsar Sahib,2025-11-23,12,164.88,+2d,2.0,0,0.5454196428571427,1,V2.3_RF_TREND
Punjab,Tarn Taran,2025-10-15,16,63.69,+2d,21.0,1,0.48137500000000005,1,V2.3_RF_TREND
Punjab,Tarn Taran,2025-10-16,28,119.02,+2d,30.0,1,0.6588749999999999,1,V2.3_RF_TREND
Punjab,Tarn Taran,2025-10-17,21,79.39,+2d,45.0,1,0.8604166666666667,1,V2.3_RF_TREND
Punjab,Tarn Taran,2025-10-18,30,124.33,+2d,34.0,1,0.9564166666666668,1,V2.3_RF_TREND
Punjab,Tarn Taran,2025-10-19,45,228.67,+2d,36.0,1,0.93,1,V2.3_RF_TREND
Punjab,Tarn Taran,2025-10-20,34,139.39,+2d,35.0,1,0.974375,1,V2.3_RF_TREND
Punjab,Tarn Taran,2025-10-21,36,129.44,+2d,21.0,1,0.9815833333333334,1,V2.3_RF_TREND
Punjab,Tarn Taran,2025-10-22,35,183.31,+2d,18.0,1,0.9850833333333331,1,V2.3_RF_TREND
Punjab,Tarn Taran,2025-10-23,21,99.69,+2d,45.0,1,0.9653333333333333,1,V2.3_RF_TREND
Punjab,Tarn Taran,2025-10-24,18,109.0,+2d,62.0,1,0.9327500000000001,1,V2.3_RF_TREND
Punjab,Tarn Taran,2025-10-25,45,224.23,+2d,39.0,1,0.9384999999999999,1,V2.3_RF_TREND
Punjab,Tarn Taran,2025-10-26,62,283.48,+2d,22.0,1,0.9870238095238095,1,V2.3_RF_TREND
Punjab,Tarn Taran,2025-10-27,39,154.78,+2d,54.0,1,0.9908333333333332,1,V2.3_RF_TREND
Punjab,Tarn Taran,2025-10-28,22,130.01,+2d,48.0,1,0.986875,1,V2.3_RF_TREND
Punjab,Tarn Taran,2025-10-29,54,438.06,+2d,87.0,1,0.9082916666666665,1,V2.3_RF_TREND
Punjab,Tarn Taran,2025-10-30,48,232.45,+2d,71.0,1,0.9839166666666667,1,V2.3_RF_TREND
Punjab,Tarn Taran,2025-10-31,87,391.43,+2d,59.0,1,0.9977083333333333,1,V2.3_RF_TREND
Punjab,Tarn Taran,2025-11-01,71,330.73,+2d,33.0,1,0.9860416666666666,1,V2.3_RF_TREND
Punjab,Tarn Taran,2025-11-02,59,307.36,+2d,63.0,1,0.993125,1,V2.3_RF_TREND
Punjab,Tarn Taran,2025-11-03,33,138.16,+2d,5.0,1,0.9751249999999999,1,V2.3_RF_TREND
Punjab,Tarn Taran,2025-11-04,63,392.89,+2d,44.0,1,0.8492321428571428,1,V2.3_RF_TREND
Punjab,Tarn Taran,2025-11-05,5,15.96,+2d,29.0,1,0.801404761904762,1,V2.3_RF_TREND
Punjab,Tarn Taran,2025-11-06,44,172.83,+2d,31.0,1,0.8688333333333331,1,V2.3_RF_TREND
Punjab,Tarn Taran,2025-11-07,29,157.01,+2d,41.0,1,0.8662142857142857,1,V2.3_RF_TREND
Punjab,Tarn Taran,2025-11-08,31,146.95,+2d,58.0,1,0.8039791666666666,1,V2.3_RF_TREND
Punjab,Tarn Taran,2025-11-09,41,243.63,+2d,48.0,1,0.7785555555555556,1,V2.3_RF_TREND
Punjab,Tarn Taran,2025-11-10,58,351.23,+2d,18.0,1,0.9410833333333334,1,V2.3_RF_TREND
Punjab,Tarn Taran,2025-11-11,48,221.82,+2d,17.0,1,0.9709583333333331,1,V2.3_RF_TREND
Punjab,Tarn Taran,2025-11-12,18,70.46000000000001,+2d,23.0,1,0.9686250000000001,1,V2.3_RF_TREND
Punjab,Tarn Taran,2025-11-13,17,79.45,+2d,12.0,1,0.9277500000000001,1,V2.3_RF_TREND
Punjab,Tarn Taran,2025-11-14,23,97.54,+2d,12.0,1,0.9060833333333334,1,V2.3_RF_TREND
Punjab,Tarn Taran,2025-11-15,12,45.89,+2d,5.0,1,0.9175833333333334,1,V2.3_RF_TREND
Punjab,Tarn Taran,2025-11-16,12,50.37,+2d,3.0,1,0.8774642857142858,1,V2.3_RF_TREND
Punjab,Tarn Taran,2025-11-17,5,19.08,+2d,0.0,0,0.6792440476190477,1,V2.3_RF_TREND
Punjab,Tarn Taran,2025-11-18,3,8.22,+2d,3.0,1,0.40502380952380945,1,V2.3_RF_TREND
Punjab,Tarn Taran,2025-11-19,0,0.0,+2d,4.0,1,0.4809404761904762,1,V2.3_RF_TREND
Punjab,Tarn Taran,2025-11-20,3,13.18,+2d,2.0,0,0.48245238095238085,1,V2.3_RF_TREND
Punjab,Tarn Taran,2025-11-21,4,29.09,+2d,0.0,0,0.5935000000000001,1,V2.3_RF_TREND
Punjab,Tarn Taran,2025-11-22,2,6.27,+2d,0.0,0,0.48600297619047617,1,V2.3_RF_TREND
Punjab,Tarn Taran,2025-11-23,0,0.0,+2d,0.0,0,0.20624999999999996,0,V2.3_RF_TREND
