state,district,date,fire_count,frp_sum,horizon,target_fire_count,actual_elevated,spatial_probability,spatial_prediction
Haryana,Ambala,2025-10-15,0,0.0,7,1.0,0,0.24061739011547445,0
Haryana,Ambala,2025-10-16,2,3.1,7,0.0,0,0.20700921483487275,0
Haryana,Ambala,2025-10-17,0,0.0,7,0.0,0,0.23712133005883004,0
Haryana,Ambala,2025-10-18,0,0.0,7,1.0,0,0.20877191558441555,0
Haryana,Ambala,2025-10-19,1,7.36,7,4.0,1,0.24811011904761904,0
Haryana,Ambala,2025-10-20,3,8.36,7,2.0,0,0.4280654761904761,1
Haryana,Ambala,2025-10-21,2,5.03,7,0.0,0,0.5633900012025012,1
Haryana,Ambala,2025-10-22,1,3.08,7,2.0,0,0.47614054232804226,1
Haryana,Ambala,2025-10-23,0,0.0,7,0.0,0,0.2884855787843593,1
Haryana,Ambala,2025-10-24,0,0.0,7,3.0,1,0.20702083333333338,0
Haryana,Ambala,2025-10-25,1,2.44,7,0.0,0,0.282235119047619,0
Haryana,Ambala,2025-10-26,4,14.37,7,4.0,1,0.3464940476190476,1
Haryana,Ambala,2025-10-27,2,3.93,7,0.0,0,0.5166785714285714,1
Haryana,Ambala,2025-10-28,0,0.0,7,0.0,0,0.4353050232288038,1
Haryana,Ambala,2025-10-29,2,5.92,7,0.0,0,0.4185371660859466,1
Haryana,Ambala,2025-10-30,0,0.0,7,0.0,0,0.22957440476190472,0
Haryana,Ambala,2025-10-31,3,11.989999999999998,7,1.0,0,0.4756934523809526,1
Haryana,Ambala,2025-11-01,0,0.0,7,1.0,0,0.5096369047619048,1
Haryana,Ambala,2025-11-02,4,11.68,7,0.0,0,0.3678809523809525,1
Haryana,Ambala,2025-11-03,0,0.0,7,0.0,0,0.542113612836439,1
Haryana,Ambala,2025-11-04,0,0.0,7,0.0,0,0.23487167366946768,0
Haryana,Ambala,2025-11-05,0,0.0,7,0.0,0,0.4563542609063309,1
Haryana,Ambala,2025-11-06,0,0.0,7,2.0,0,0.05819041375291377,0
Haryana,Ambala,2025-11-07,1,1.65,7,0.0,0,0.17256610275689221,0
Haryana,Ambala,2025-11-08,1,2.63,7,0.0,0,0.04636288998357964,0
Haryana,Ambala,2025-11-09,0,0.0,7,0.0,0,0.21783333333333338,0
Haryana,Ambala,2025-11-10,0,0.0,7,0.0,0,0.025041666666666663,0
Haryana,Ambala,2025-11-11,0,0.0,7,0.0,0,0.05862500000000001,0
Haryana,Ambala,2025-11-12,0,0.0,7,0.0,0,0.062339285714285736,0
Haryana,Ambala,2025-11-13,2,8.79,7,0.0,0,0.06354166666666669,0
Haryana,Ambala,2025-11-14,0,0.0,7,0.0,0,0.1990292207792208,0
Haryana,Ambala,2025-11-15,0,0.0,7,0.0,0,0.13532717569786537,0
Haryana,Ambala,2025-11-16,0,0.0,7,1.0,0,0.10919768170426065,0
Haryana,Ambala,2025-11-17,0,0.0,7,0.0,0,0.03145833333333333,0
Haryana,Ambala,2025-11-18,0,0.0,7,0.0,0,0.12351785714285715,0
Haryana,Ambala,2025-11-19,0,0.0,7,1.0,0,0.031874999999999994,0
Haryana,Ambala,2025-11-20,0,0.0,7,4.0,1,0.02864583333333333,0
Haryana,Ambala,2025-11-21,0,0.0,7,1.0,0,0.015041666666666667,0
Haryana,Ambala,2025-11-22,0,0.0,7,1.0,0,0.04268749999999999,0
Haryana,Ambala,2025-11-23,1,5.52,7,2.0,0,0.06634226190476192,0
Haryana,Bhiwani,2025-10-15,0,0.0,7,6.0,1,0.02299330713146502,0
Haryana,Bhiwani,2025-10-16,1,1.3,7,0.0,0,0.009216791979949875,0
Haryana,Bhiwani,2025-10-17,0,0.0,7,0.0,0,0.05618164656980447,0
Haryana,Bhiwani,2025-10-18,2,7.77,7,0.0,0,0.07192909356725147,0
Haryana,Bhiwani,2025-10-19,0,0.0,7,1.0,0,0.3863084993709993,1
Haryana,Bhiwani,2025-10-20,2,8.27,7,0.0,0,0.12187500000000001,0
Haryana,Bhiwani,2025-10-21,1,2.59,7,0.0,0,0.330901905964406,1
Haryana,Bhiwani,2025-10-22,6,11.41,7,0.0,0,0.20757804232804236,0
Haryana,Bhiwani,2025-10-23,0,0.0,7,0.0,0,0.45094907407407414,1
Haryana,Bhiwani,2025-10-24,0,0.0,7,0.0,0,0.20514893857271896,0
Haryana,Bhiwani,2025-10-25,0,0.0,7,0.0,0,0.2875516815412515,1
Haryana,Bhiwani,2025-10-26,1,2.52,7,0.0,0,0.018874269005847953,0
Haryana,Bhiwani,2025-10-27,0,0.0,7,0.0,0,0.3047565789473684,1
Haryana,Bhiwani,2025-10-28,0,0.0,7,0.0,0,0.1213690476190476,0
Haryana,Bhiwani,2025-10-29,0,0.0,7,1.0,0,0.12581250000000002,0
Haryana,Bhiwani,2025-10-30,0,0.0,7,2.0,0,0.01960897435897436,0
Haryana,Bhiwani,2025-10-31,0,0.0,7,4.0,1,0.030150641025641023,0
Haryana,Bhiwani,2025-11-01,0,0.0,7,0.0,0,0.02105357142857143,0
Haryana,Bhiwani,2025-11-02,0,0.0,7,0.0,0,0.049400883838383834,0
Haryana,Bhiwani,2025-11-03,0,0.0,7,0.0,0,0.02795363408521303,0
Haryana,Bhiwani,2025-11-04,0,0.0,7,7.0,1,0.014763157894736843,0
Haryana,Bhiwani,2025-11-05,1,12.65,7,0.0,0,0.09875720551378447,0
Haryana,Bhiwani,2025-11-06,2,6.279999999999999,7,0.0,0,0.3769101731601732,1
Haryana,Bhiwani,2025-11-07,4,11.12,7,0.0,0,0.33565773809523813,1
Haryana,Bhiwani,2025-11-08,0,0.0,7,1.0,0,0.3957559523809524,1
Haryana,Bhiwani,2025-11-09,0,0.0,7,3.0,1,0.2360847851335657,0
Haryana,Bhiwani,2025-11-10,0,0.0,7,3.0,1,0.17994110275689223,0
Haryana,Bhiwani,2025-11-11,7,24.64,7,0.0,0,0.25562500000000005,0
Haryana,Bhiwani,2025-11-12,0,0.0,7,0.0,0,0.3945018939393939,1
Haryana,Bhiwani,2025-11-13,0,0.0,7,0.0,0,0.3042905844155844,1
Haryana,Bhiwani,2025-11-14,0,0.0,7,0.0,0,0.3594846633629528,1
Haryana,Bhiwani,2025-11-15,1,2.09,7,3.0,1,0.010708333333333334,0
Haryana,Bhiwani,2025-11-16,3,11.48,7,1.0,0,0.2963928571428572,1
Haryana,Bhiwani,2025-11-17,3,19.94,7,0.0,0,0.3379339826839826,1
Haryana,Bhiwani,2025-11-18,0,0.0,7,0.0,0,0.2648541666666668,0
Haryana,Bhiwani,2025-11-19,0,0.0,7,0.0,0,0.15165026132404183,0
Haryana,Bhiwani,2025-11-20,0,0.0,7,0.0,0,0.1314559837092732,0
Haryana,Bhiwani,2025-11-21,0,0.0,7,1.0,0,0.06683333333333333,0
Haryana,Bhiwani,2025-11-22,3,16.310000000000002,7,1.0,0,0.16205357142857144,0
Haryana,Bhiwani,2025-11-23,1,2.64,7,1.0,0,0.24836309523809516,0
Haryana,Charkhi Dadri,2025-10-15,0,0.0,7,0.0,0,0.03844551282051282,0
Haryana,Charkhi Dadri,2025-10-16,0,0.0,7,0.0,0,0.013326640464798358,0
Haryana,Charkhi Dadri,2025-10-17,0,0.0,7,0.0,0,0.046499331550802124,0
Haryana,Charkhi Dadri,2025-10-18,0,0.0,7,0.0,0,0.018726532239690133,0
Haryana,Charkhi Dadri,2025-10-19,0,0.0,7,0.0,0,0.04561483837799627,0
Haryana,Charkhi Dadri,2025-10-20,0,0.0,7,0.0,0,0.0630604066985646,0
Haryana,Charkhi Dadri,2025-10-21,0,0.0,7,0.0,0,0.04556040669856459,0
Haryana,Charkhi Dadri,2025-10-22,0,0.0,7,0.0,0,0.05986411687727477,0
Haryana,Charkhi Dadri,2025-10-23,0,0.0,7,0.0,0,0.018726190476190476,0
Haryana,Charkhi Dadri,2025-10-24,0,0.0,7,0.0,0,0.022510610766045547,0
Haryana,Charkhi Dadri,2025-10-25,0,0.0,7,1.0,0,0.0011594202898550724,0
Haryana,Charkhi Dadri,2025-10-26,0,0.0,7,0.0,0,0.01545108695652174,0
Haryana,Charkhi Dadri,2025-10-27,0,0.0,7,0.0,0,0.03926839464882943,0
Haryana,Charkhi Dadri,2025-10-28,0,0.0,7,0.0,0,0.07941116854160332,0
Haryana,Charkhi Dadri,2025-10-29,0,0.0,7,0.0,0,0.023393394648829433,0
Haryana,Charkhi Dadri,2025-10-30,0,0.0,7,0.0,0,0.05718497806541284,0
Haryana,Charkhi Dadri,2025-10-31,0,0.0,7,0.0,0,0.01714339464882943,0
Haryana,Charkhi Dadri,2025-11-01,1,2.49,7,0.0,0,0.005076086956521739,0
Haryana,Charkhi Dadri,2025-11-02,0,0.0,7,0.0,0,0.07169226682928054,0
Haryana,Charkhi Dadri,2025-11-03,0,0.0,7,0.0,0,0.059653467908902684,0
Haryana,Charkhi Dadri,2025-11-04,0,0.0,7,0.0,0,0.01970234008935382,0
Haryana,Charkhi Dadri,2025-11-05,0,0.0,7,0.0,0,0.012575355962369692,0
Haryana,Charkhi Dadri,2025-11-06,0,0.0,7,0.0,0,0.035245838257851984,0
Haryana,Charkhi Dadri,2025-11-07,0,0.0,7,2.0,0,0.040089244851258574,0
Haryana,Charkhi Dadri,2025-11-08,0,0.0,7,0.0,0,0.06427485091186463,0
Haryana,Charkhi Dadri,2025-11-09,0,0.0,7,1.0,0,0.00682608695652174,0
Haryana,Charkhi Dadri,2025-11-10,0,0.0,7,0.0,0,0.0049094202898550725,0
Haryana,Charkhi Dadri,2025-11-11,0,0.0,7,0.0,0,0.014909420289855074,0
Haryana,Charkhi Dadri,2025-11-12,0,0.0,7,0.0,0,0.005992753623188406,0
Haryana,Charkhi Dadri,2025-11-13,0,0.0,7,0.0,0,0.009951086956521738,0
Haryana,Charkhi Dadri,2025-11-14,2,11.48,7,0.0,0,0.029873706004140785,0
Haryana,Charkhi Dadri,2025-11-15,0,0.0,7,0.0,0,0.24836255411255403,0
Haryana,Charkhi Dadri,2025-11-16,1,2.21,7,0.0,0,0.13133928571428571,0
Haryana,Charkhi Dadri,2025-11-17,0,0.0,7,0.0,0,0.13443154761904763,0
Haryana,Charkhi Dadri,2025-11-18,0,0.0,7,0.0,0,0.01145108695652174,0
Haryana,Charkhi Dadri,2025-11-19,0,0.0,7,0.0,0,0.09627846790890265,0
Haryana,Charkhi Dadri,2025-11-20,0,0.0,7,0.0,0,0.0015760869565217392,0
Haryana,Charkhi Dadri,2025-11-21,0,0.0,7,0.0,0,0.07064156314699792,0
Haryana,Charkhi Dadri,2025-11-22,0,0.0,7,0.0,0,0.010826086956521739,0
Haryana,Charkhi Dadri,2025-11-23,0,0.0,7,0.0,0,0.031076086956521743,0
Haryana,Faridabad,2025-10-15,3,2.53,7,1.0,0,0.18168540080609055,0
Haryana,Faridabad,2025-10-16,0,0.0,7,0.0,0,0.17777083333333338,0
Haryana,Faridabad,2025-10-17,2,3.04,7,0.0,0,0.12143131868131868,0
Haryana,Faridabad,2025-10-18,1,0.31,7,0.0,0,0.199,0
Haryana,Faridabad,2025-10-19,0,0.0,7,4.0,1,0.1445741758241758,0
Haryana,Faridabad,2025-10-20,1,0.53,7,0.0,0,0.1858928571428571,0
Haryana,Faridabad,2025-10-21,0,0.0,7,0.0,0,0.20317147435897442,0
Haryana,Faridabad,2025-10-22,1,0.74,7,0.0,0,0.25552876984126977,0
Haryana,Faridabad,2025-10-23,0,0.0,7,0.0,0,0.041008723316912965,0
Haryana,Faridabad,2025-10-24,0,0.0,7,1.0,0,0.08216050903119868,0
Haryana,Faridabad,2025-10-25,0,0.0,7,5.0,1,0.09350889838694097,0
Haryana,Faridabad,2025-10-26,4,4.0600000000000005,7,2.0,0,0.046898809523809516,0
Haryana,Faridabad,2025-10-27,0,0.0,7,3.0,1,0.12588690476190473,0
Haryana,Faridabad,2025-10-28,0,0.0,7,0.0,0,0.1870665584415584,0
Haryana,Faridabad,2025-10-29,0,0.0,7,8.0,1,0.1333225108225108,0
Haryana,Faridabad,2025-10-30,0,0.0,7,2.0,0,0.07032858807858806,0
Haryana,Faridabad,2025-10-31,1,0.79,7,3.0,1,0.13949450549450546,0
Haryana,Faridabad,2025-11-01,5,3.69,7,4.0,1,0.09591170634920639,0
Haryana,Faridabad,2025-11-02,2,1.52,7,4.0,1,0.26179761904761906,0
Haryana,Faridabad,2025-11-03,3,1.28,7,1.0,0,0.22155336617405585,0
Haryana,Faridabad,2025-11-04,0,0.0,7,1.0,0,0.13368561908222568,0
Haryana,Faridabad,2025-11-05,8,4.37,7,6.0,1,0.07039430894308943,0
Haryana,Faridabad,2025-11-06,2,0.7,7,5.0,1,0.2895476190476191,1
Haryana,Faridabad,2025-11-07,3,6.02,7,1.0,0,0.1911247947454844,0
Haryana,Faridabad,2025-11-08,4,2.47,7,5.0,1,0.30398753058535666,1
Haryana,Faridabad,2025-11-09,4,1.91,7,2.0,0,0.18145833333333336,0
Haryana,Faridabad,2025-11-10,1,0.54,7,6.0,1,0.3757449347665412,1
Haryana,Faridabad,2025-11-11,1,1.92,7,3.0,1,0.16876930894308942,0
Haryana,Faridabad,2025-11-12,6,5.140000000000001,7,0.0,0,0.24802678571428577,0
Haryana,Faridabad,2025-11-13,5,4.54,7,7.0,1,0.22588074712643677,0
Haryana,Faridabad,2025-11-14,1,0.65,7,0.0,0,0.3555688219301023,1
Haryana,Faridabad,2025-11-15,5,5.64,7,7.0,1,0.2675416666666667,0
Haryana,Faridabad,2025-11-16,2,0.6799999999999999,7,3.0,1,0.30895725108225114,1
Haryana,Faridabad,2025-11-17,6,5.33,7,0.0,0,0.21207738095238093,0
Haryana,Faridabad,2025-11-18,3,1.33,7,9.0,1,0.29209523809523796,1
Haryana,Faridabad,2025-11-19,0,0.0,7,1.0,0,0.19017857142857142,0
Haryana,Faridabad,2025-11-20,7,18.13,7,5.0,1,0.25923214285714297,0
Haryana,Faridabad,2025-11-21,0,0.0,7,5.0,1,0.27445833333333336,0
Haryana,Faridabad,2025-11-22,7,3.93,7,2.0,0,0.2615595238095239,0
Haryana,Faridabad,2025-11-23,3,1.81,7,1.0,0,0.324528864080934,1
Haryana,Fatehabad,2025-10-15,1,2.28,7,0.0,0,0.24612538850038856,0
Haryana,Fatehabad,2025-10-16,0,0.0,7,0.0,0,0.15536097236097235,0
Haryana,Fatehabad,2025-10-17,0,0.0,7,0.0,0,0.10591468253968253,0
Haryana,Fatehabad,2025-10-18,2,11.56,7,4.0,1,0.173125,0
Haryana,Fatehabad,2025-10-19,4,16.08,7,6.0,1,0.5085391414141415,1
Haryana,Fatehabad,2025-10-20,10,49.02,7,3.0,1,0.7316666666666669,1
Haryana,Fatehabad,2025-10-21,0,0.0,7,1.0,0,0.7032023809523809,1
Haryana,Fatehabad,2025-10-22,0,0.0,7,1.0,0,0.5621517857142858,1
Haryana,Fatehabad,2025-10-23,0,0.0,7,5.0,1,0.5118835630743527,1
Haryana,Fatehabad,2025-10-24,0,0.0,7,4.0,1,0.17801190476190476,0
Haryana,Fatehabad,2025-10-25,4,21.46,7,11.0,1,0.5482678571428574,1
Haryana,Fatehabad,2025-10-26,6,43.48,7,8.0,1,0.6213143939393939,1
Haryana,Fatehabad,2025-10-27,3,6.8100000000000005,7,4.0,1,0.6101666666666667,1
Haryana,Fatehabad,2025-10-28,1,1.11,7,8.0,1,0.5655178571428572,1
Haryana,Fatehabad,2025-10-29,1,1.54,7,0.0,0,0.47165476190476197,1
Haryana,Fatehabad,2025-10-30,5,25.38,7,7.0,1,0.5886517857142858,1
Haryana,Fatehabad,2025-10-31,4,15.740000000000002,7,15.0,1,0.5355178571428572,1
Haryana,Fatehabad,2025-11-01,11,42.61,7,10.0,1,0.6864166666666667,1
Haryana,Fatehabad,2025-11-02,8,37.09,7,13.0,1,0.5986646825396824,1
Haryana,Fatehabad,2025-11-03,4,14.37,7,14.0,1,0.5744583333333331,1
Haryana,Fatehabad,2025-11-04,8,89.26,7,15.0,1,0.6088313492063492,1
Haryana,Fatehabad,2025-11-05,0,0.0,7,3.0,1,0.5223033008658007,1
Haryana,Fatehabad,2025-11-06,7,22.13,7,4.0,1,0.4638065476190476,1
Haryana,Fatehabad,2025-11-07,15,49.98,7,1.0,0,0.5453849206349204,1
Haryana,Fatehabad,2025-11-08,10,51.46,7,8.0,1,0.7115833333333333,1
Haryana,Fatehabad,2025-11-09,13,77.01,7,5.0,1,0.6574285714285714,1
Haryana,Fatehabad,2025-11-10,14,68.96000000000001,7,3.0,1,0.6664613095238094,1
Haryana,Fatehabad,2025-11-11,15,85.03999999999999,7,2.0,0,0.6085416666666666,1
Haryana,Fatehabad,2025-11-12,3,10.77,7,1.0,0,0.5518154761904761,1
Haryana,Fatehabad,2025-11-13,4,12.82,7,0.0,0,0.35329166666666667,1
Haryana,Fatehabad,2025-11-14,1,1.65,7,0.0,0,0.37038888888888893,1
Haryana,Fatehabad,2025-11-15,8,22.52,7,2.0,0,0.3703125,1
Haryana,Fatehabad,2025-11-16,5,12.47,7,1.0,0,0.2657708333333333,0
Haryana,Fatehabad,2025-11-17,3,8.370000000000001,7,2.0,0,0.3466666666666666,1
Haryana,Fatehabad,2025-11-18,2,9.18,7,0.0,0,0.1955555555555555,0
Haryana,Fatehabad,2025-11-19,1,4.06,7,2.0,0,0.22795833333333335,0
Haryana,Fatehabad,2025-11-20,0,0.0,7,5.0,1,0.16695535714285714,0
Haryana,Fatehabad,2025-11-21,0,0.0,7,1.0,0,0.14428716608594655,0
Haryana,Fatehabad,2025-11-22,2,4.6,7,0.0,0,0.10257503132832083,0
Haryana,Fatehabad,2025-11-23,1,1.94,7,0.0,0,0.12178634085213032,0
Haryana,Gurugram,2025-10-15,0,0.0,7,0.0,0,0.132303684061037,0
Haryana,Gurugram,2025-10-16,0,0.0,7,0.0,0,0.04506944444444445,0
Haryana,Gurugram,2025-10-17,0,0.0,7,0.0,0,0.03551893939393939,0
Haryana,Gurugram,2025-10-18,0,0.0,7,0.0,0,0.05091403223969013,0
Haryana,Gurugram,2025-10-19,0,0.0,7,0.0,0,0.09075505050505049,0
Haryana,Gurugram,2025-10-20,1,1.22,7,0.0,0,0.07991135436201226,0
Haryana,Gurugram,2025-10-21,0,0.0,7,0.0,0,0.1635444971694972,0
Haryana,Gurugram,2025-10-22,0,0.0,7,0.0,0,0.1345992965367965,0
Haryana,Gurugram,2025-10-23,0,0.0,7,0.0,0,0.025337301587301585,0
Haryana,Gurugram,2025-10-24,0,0.0,7,0.0,0,0.022851190476190476,0
Haryana,Gurugram,2025-10-25,0,0.0,7,0.0,0,0.05767225992961288,0
Haryana,Gurugram,2025-10-26,0,0.0,7,1.0,0,0.04004166666666666,0
Haryana,Gurugram,2025-10-27,0,0.0,7,0.0,0,0.03270238095238095,0
Haryana,Gurugram,2025-10-28,0,0.0,7,1.0,0,0.08491841491841491,0
Haryana,Gurugram,2025-10-29,0,0.0,7,0.0,0,0.06194871794871793,0
Haryana,Gurugram,2025-10-30,0,0.0,7,0.0,0,0.0761619214119214,0
Haryana,Gurugram,2025-10-31,0,0.0,7,0.0,0,0.06575174825174825,0
Haryana,Gurugram,2025-11-01,0,0.0,7,0.0,0,0.015625,0
Haryana,Gurugram,2025-11-02,1,3.29,7,0.0,0,0.015749269005847954,0
Haryana,Gurugram,2025-11-03,0,0.0,7,0.0,0,0.11093180868838763,0
Haryana,Gurugram,2025-11-04,1,5.38,7,0.0,0,0.044488095238095236,0
Haryana,Gurugram,2025-11-05,0,0.0,7,0.0,0,0.11146566627816629,0
Haryana,Gurugram,2025-11-06,0,0.0,7,0.0,0,0.07801169950738918,0
Haryana,Gurugram,2025-11-07,0,0.0,7,0.0,0,0.09497149122807018,0
Haryana,Gurugram,2025-11-08,0,0.0,7,0.0,0,0.02751315789473684,0
Haryana,Gurugram,2025-11-09,0,0.0,7,0.0,0,0.06074117987275884,0
Haryana,Gurugram,2025-11-10,0,0.0,7,1.0,0,0.009125000000000001,0
Haryana,Gurugram,2025-11-11,0,0.0,7,0.0,0,0.01206060606060606,0
Haryana,Gurugram,2025-11-12,0,0.0,7,0.0,0,0.029596491228070176,0
Haryana,Gurugram,2025-11-13,0,0.0,7,0.0,0,0.025750000000000002,0
Haryana,Gurugram,2025-11-14,0,0.0,7,1.0,0,0.018708333333333334,0
Haryana,Gurugram,2025-11-15,0,0.0,7,0.0,0,0.0035416666666666665,0
Haryana,Gurugram,2025-11-16,0,0.0,7,0.0,0,0.034971491228070174,0
Haryana,Gurugram,2025-11-17,1,0.35,7,0.0,0,0.06908333333333334,0
Haryana,Gurugram,2025-11-18,0,0.0,7,0.0,0,0.03765079365079365,0
Haryana,Gurugram,2025-11-19,0,0.0,7,0.0,0,0.010676587301587302,0
Haryana,Gurugram,2025-11-20,0,0.0,7,0.0,0,0.035333333333333335,0
Haryana,Gurugram,2025-11-21,1,2.73,7,0.0,0,0.029614926739926738,0
Haryana,Gurugram,2025-11-22,0,0.0,7,0.0,0,0.10075231999800968,0
Haryana,Gurugram,2025-11-23,0,0.0,7,0.0,0,0.04372916666666668,0
Haryana,Hisar,2025-10-15,3,4.12,7,1.0,0,0.34488888888888897,1
Haryana,Hisar,2025-10-16,3,8.1,7,0.0,0,0.369984126984127,1
Haryana,Hisar,2025-10-17,1,1.87,7,2.0,0,0.45132142857142865,1
Haryana,Hisar,2025-10-18,2,13.93,7,2.0,0,0.41403174603174586,1
Haryana,Hisar,2025-10-19,10,32.46,7,15.0,1,0.671779761904762,1
Haryana,Hisar,2025-10-20,13,45.58,7,6.0,1,0.7956309523809526,1
Haryana,Hisar,2025-10-21,5,14.52,7,0.0,0,0.7093035714285714,1
Haryana,Hisar,2025-10-22,1,1.65,7,1.0,0,0.583077380952381,1
Haryana,Hisar,2025-10-23,0,0.0,7,3.0,1,0.6060714285714286,1
Haryana,Hisar,2025-10-24,2,9.28,7,5.0,1,0.518964285714286,1
Haryana,Hisar,2025-10-25,2,2.14,7,11.0,1,0.5730297619047621,1
Haryana,Hisar,2025-10-26,15,30.63,7,6.0,1,0.6423541666666666,1
Haryana,Hisar,2025-10-27,6,30.36,7,5.0,1,0.6728749999999999,1
Haryana,Hisar,2025-10-28,0,0.0,7,4.0,1,0.6250059523809525,1
Haryana,Hisar,2025-10-29,1,2.46,7,5.0,1,0.46631547619047614,1
Haryana,Hisar,2025-10-30,3,17.19,7,15.0,1,0.46856692799070865,1
Haryana,Hisar,2025-10-31,5,12.87,7,13.0,1,0.49805357142857143,1
Haryana,Hisar,2025-11-01,11,27.73,7,16.0,1,0.5240744047619047,1
Haryana,Hisar,2025-11-02,6,24.24,7,16.0,1,0.5273273809523807,1
Haryana,Hisar,2025-11-03,5,19.47,7,12.0,1,0.5160357142857143,1
Haryana,Hisar,2025-11-04,4,13.71,7,21.0,1,0.48823214285714295,1
Haryana,Hisar,2025-11-05,5,25.56,7,4.0,1,0.5163065476190475,1
Haryana,Hisar,2025-11-06,15,31.7,7,6.0,1,0.44119940476190483,1
Haryana,Hisar,2025-11-07,13,41.03,7,8.0,1,0.6142083333333332,1
Haryana,Hisar,2025-11-08,16,69.92,7,10.0,1,0.6688749999999999,1
Haryana,Hisar,2025-11-09,16,83.35,7,11.0,1,0.7247916666666666,1
Haryana,Hisar,2025-11-10,12,48.03,7,7.0,1,0.7340000000000002,1
Haryana,Hisar,2025-11-11,21,87.96,7,5.0,1,0.6413749999999999,1
Haryana,Hisar,2025-11-12,4,13.57,7,0.0,0,0.667142857142857,1
Haryana,Hisar,2025-11-13,6,31.13,7,6.0,1,0.5033809523809524,1
Haryana,Hisar,2025-11-14,8,23.57,7,6.0,1,0.41801785714285716,1
Haryana,Hisar,2025-11-15,10,26.08,7,4.0,1,0.366577380952381,1
Haryana,Hisar,2025-11-16,11,41.57,7,2.0,0,0.38817261904761907,1
Haryana,Hisar,2025-11-17,7,20.77,7,1.0,0,0.33722916666666675,1
Haryana,Hisar,2025-11-18,5,13.92,7,5.0,1,0.16039880952380955,0
Haryana,Hisar,2025-11-19,0,0.0,7,2.0,0,0.2401726190476191,0
Haryana,Hisar,2025-11-20,6,27.23,7,1.0,0,0.16166666666666668,0
Haryana,Hisar,2025-11-21,6,11.72,7,3.0,1,0.16905952380952383,0
Haryana,Hisar,2025-11-22,4,10.48,7,1.0,0,0.18939285714285714,0
Haryana,Hisar,2025-11-23,2,8.99,7,5.0,1,0.12722222222222226,0
Haryana,Jhajjar,2025-10-15,2,6.04,7,3.0,1,0.23217634680134702,0
Haryana,Jhajjar,2025-10-16,2,3.12,7,1.0,0,0.43608044733044743,1
Haryana,Jhajjar,2025-10-17,1,0.82,7,1.0,0,0.2583908730158731,0
Haryana,Jhajjar,2025-10-18,0,0.0,7,2.0,0,0.4251280663780663,1
Haryana,Jhajjar,2025-10-19,0,0.0,7,2.0,0,0.19042072510822514,0
Haryana,Jhajjar,2025-10-20,0,0.0,7,0.0,0,0.21642248029748032,0
Haryana,Jhajjar,2025-10-21,0,0.0,7,0.0,0,0.15321071289821292,0
Haryana,Jhajjar,2025-10-22,3,6.94,7,0.0,0,0.11548643472540532,0
Haryana,Jhajjar,2025-10-23,1,1.15,7,1.0,0,0.2596022727272727,0
Haryana,Jhajjar,2025-10-24,1,1.13,7,1.0,0,0.09608312807881772,0
Haryana,Jhajjar,2025-10-25,2,4.25,7,1.0,0,0.1061137566137566,0
Haryana,Jhajjar,2025-10-26,2,1.12,7,0.0,0,0.09132142857142858,0
Haryana,Jhajjar,2025-10-27,0,0.0,7,3.0,1,0.21983478513356558,0
Haryana,Jhajjar,2025-10-28,0,0.0,7,4.0,1,0.16406655844155843,0
Haryana,Jhajjar,2025-10-29,0,0.0,7,3.0,1,0.14912172490947598,0
Haryana,Jhajjar,2025-10-30,1,0.91,7,2.0,0,0.1411730769230769,0
Haryana,Jhajjar,2025-10-31,1,0.57,7,6.0,1,0.1372748085248085,0
Haryana,Jhajjar,2025-11-01,1,0.77,7,5.0,1,0.07550162624731592,0
Haryana,Jhajjar,2025-11-02,0,0.0,7,4.0,1,0.10066531672350637,0
Haryana,Jhajjar,2025-11-03,3,8.49,7,2.0,0,0.09974999999999999,0
Haryana,Jhajjar,2025-11-04,4,2.5,7,1.0,0,0.22572961760461754,0
Haryana,Jhajjar,2025-11-05,3,6.62,7,2.0,0,0.14629131652661065,0
Haryana,Jhajjar,2025-11-06,2,1.1,7,3.0,1,0.3447475414078676,1
Haryana,Jhajjar,2025-11-07,6,8.28,7,1.0,0,0.20242559523809522,0
Haryana,Jhajjar,2025-11-08,5,6.8,7,1.0,0,0.34772916666666664,1
Haryana,Jhajjar,2025-11-09,4,7.279999999999999,7,5.0,1,0.38391071428571416,1
Haryana,Jhajjar,2025-11-10,2,1.23,7,7.0,1,0.45175241153773754,1
Haryana,Jhajjar,2025-11-11,1,3.82,7,6.0,1,0.39318452380952384,1
Haryana,Jhajjar,2025-11-12,2,3.26,7,4.0,1,0.3426190476190476,1
Haryana,Jhajjar,2025-11-13,3,6.0600000000000005,7,0.0,0,0.23572764227642287,0
Haryana,Jhajjar,2025-11-14,1,0.54,7,3.0,1,0.4193501082251082,1
Haryana,Jhajjar,2025-11-15,1,4.74,7,2.0,0,0.303202380952381,1
Haryana,Jhajjar,2025-11-16,5,13.74,7,6.0,1,0.3351666666666668,1
Haryana,Jhajjar,2025-11-17,7,15.0,7,2.0,0,0.2854196428571429,0
Haryana,Jhajjar,2025-11-18,6,14.7,7,2.0,0,0.18688690476190484,0
Haryana,Jhajjar,2025-11-19,4,8.95,7,4.0,1,0.24368452380952385,0
Haryana,Jhajjar,2025-11-20,0,0.0,7,6.0,1,0.36290711152882205,1
Haryana,Jhajjar,2025-11-21,3,8.0,7,1.0,0,0.2034121660859466,0
Haryana,Jhajjar,2025-11-22,2,1.39,7,1.0,0,0.1630357142857143,0
Haryana,Jhajjar,2025-11-23,6,11.22,7,9.0,1,0.1533928571428572,0
Haryana,Jind,2025-10-15,5,15.27,7,5.0,1,0.510344246031746,1
Haryana,Jind,2025-10-16,0,0.0,7,0.0,0,0.5896507936507938,1
Haryana,Jind,2025-10-17,0,0.0,7,0.0,0,0.6460132623224729,1
Haryana,Jind,2025-10-18,0,0.0,7,6.0,1,0.47574007936507945,1
Haryana,Jind,2025-10-19,4,11.75,7,5.0,1,0.4917261904761906,1
Haryana,Jind,2025-10-20,13,46.29,7,6.0,1,0.7096250000000001,1
Haryana,Jind,2025-10-21,5,15.15,7,0.0,0,0.7499523809523807,1
Haryana,Jind,2025-10-22,5,12.64,7,2.0,0,0.6836249999999996,1
Haryana,Jind,2025-10-23,0,0.0,7,0.0,0,0.5810317460317459,1
Haryana,Jind,2025-10-24,0,0.0,7,1.0,0,0.5011780391018196,1
Haryana,Jind,2025-10-25,6,44.53,7,7.0,1,0.6940833333333336,1
Haryana,Jind,2025-10-26,5,11.43,7,8.0,1,0.5854880952380954,1
Haryana,Jind,2025-10-27,6,37.02,7,4.0,1,0.6821726190476192,1
Haryana,Jind,2025-10-28,0,0.0,7,3.0,1,0.5361701604554865,1
Haryana,Jind,2025-10-29,2,15.7,7,7.0,1,0.628892857142857,1
Haryana,Jind,2025-10-30,0,0.0,7,15.0,1,0.5399375,1
Haryana,Jind,2025-10-31,1,8.84,7,15.0,1,0.4657619047619047,1
Haryana,Jind,2025-11-01,7,25.89,7,25.0,1,0.587779761904762,1
Haryana,Jind,2025-11-02,8,34.84,7,39.0,1,0.6627708333333334,1
Haryana,Jind,2025-11-03,4,43.44,7,38.0,1,0.5717916666666665,1
Haryana,Jind,2025-11-04,3,11.98,7,28.0,1,0.556767857142857,1
Haryana,Jind,2025-11-05,7,21.12,7,14.0,1,0.40864583333333326,1
Haryana,Jind,2025-11-06,15,59.03,7,12.0,1,0.5790069444444443,1
Haryana,Jind,2025-11-07,15,46.17,7,2.0,0,0.6059107142857141,1
Haryana,Jind,2025-11-08,25,135.33,7,13.0,1,0.6710416666666664,1
Haryana,Jind,2025-11-09,39,183.54,7,17.0,1,0.7662500000000001,1
Haryana,Jind,2025-11-10,38,135.94,7,6.0,1,0.8495416666666665,1
Haryana,Jind,2025-11-11,28,146.05,7,3.0,1,0.7979999999999998,1
Haryana,Jind,2025-11-12,14,55.67,7,2.0,0,0.7791250000000002,1
Haryana,Jind,2025-11-13,12,60.45,7,6.0,1,0.7339166666666666,1
Haryana,Jind,2025-11-14,2,9.46,7,6.0,1,0.5982142857142854,1
Haryana,Jind,2025-11-15,13,65.2,7,3.0,1,0.5515297619047619,1
Haryana,Jind,2025-11-16,17,91.54,7,2.0,0,0.5341309523809523,1
Haryana,Jind,2025-11-17,6,23.5,7,2.0,0,0.47028869047619054,1
Haryana,Jind,2025-11-18,3,20.93,7,0.0,0,0.1891904761904762,0
Haryana,Jind,2025-11-19,2,10.02,7,4.0,1,0.18696428571428572,0
Haryana,Jind,2025-11-20,6,9.34,7,1.0,0,0.19330555555555556,0
Haryana,Jind,2025-11-21,6,16.43,7,0.0,0,0.1694583333333333,0
Haryana,Jind,2025-11-22,3,7.59,7,0.0,0,0.12366666666666667,0
Haryana,Jind,2025-11-23,2,6.34,7,0.0,0,0.14065476190476192,0
Haryana,Kaithal,2025-10-15,0,0.0,7,1.0,0,0.06494241645126402,0
Haryana,Kaithal,2025-10-16,1,4.43,7,0.0,0,0.08528524436090225,0
Haryana,Kaithal,2025-10-17,0,0.0,7,0.0,0,0.20225995532245533,0
Haryana,Kaithal,2025-10-18,1,2.39,7,1.0,0,0.19685859279609275,0
Haryana,Kaithal,2025-10-19,2,17.11,7,9.0,1,0.2841571969696969,0
Haryana,Kaithal,2025-10-20,2,8.18,7,5.0,1,0.49802624458874456,1
Haryana,Kaithal,2025-10-21,9,38.37,7,0.0,0,0.6843541666666669,1
Haryana,Kaithal,2025-10-22,1,7.84,7,2.0,0,0.6706041666666667,1
Haryana,Kaithal,2025-10-23,0,0.0,7,2.0,0,0.5147767857142859,1
Haryana,Kaithal,2025-10-24,0,0.0,7,1.0,0,0.4761210317460318,1
Haryana,Kaithal,2025-10-25,1,4.02,7,7.0,1,0.2516904761904762,0
Haryana,Kaithal,2025-10-26,9,23.36,7,6.0,1,0.5283815789473684,1
Haryana,Kaithal,2025-10-27,5,13.84,7,3.0,1,0.5333958333333333,1
Haryana,Kaithal,2025-10-28,0,0.0,7,1.0,0,0.6419380175983437,1
Haryana,Kaithal,2025-10-29,2,10.18,7,3.0,1,0.6112857142857142,1
Haryana,Kaithal,2025-10-30,2,4.83,7,7.0,1,0.4624226190476191,1
Haryana,Kaithal,2025-10-31,1,3.67,7,4.0,1,0.43279166666666663,1
Haryana,Kaithal,2025-11-01,7,31.16,7,7.0,1,0.5935833333333332,1
Haryana,Kaithal,2025-11-02,6,42.95,7,8.0,1,0.6239166666666667,1
Haryana,Kaithal,2025-11-03,3,14.52,7,5.0,1,0.47611274509803914,1
Haryana,Kaithal,2025-11-04,1,4.24,7,13.0,1,0.41302380952380946,1
Haryana,Kaithal,2025-11-05,3,14.22,7,4.0,1,0.5306544117647058,1
Haryana,Kaithal,2025-11-06,7,18.85,7,4.0,1,0.4639613095238096,1
Haryana,Kaithal,2025-11-07,4,15.5,7,1.0,0,0.4574722222222221,1
Haryana,Kaithal,2025-11-08,7,42.07,7,1.0,0,0.53175,1
Haryana,Kaithal,2025-11-09,8,29.88,7,1.0,0,0.527047619047619,1
Haryana,Kaithal,2025-11-10,5,17.439999999999998,7,0.0,0,0.4091398809523809,1
Haryana,Kaithal,2025-11-11,13,45.1,7,4.0,1,0.5320515873015872,1
Haryana,Kaithal,2025-11-12,4,7.75,7,0.0,0,0.3477202380952381,1
Haryana,Kaithal,2025-11-13,4,9.64,7,1.0,0,0.37005952380952395,1
Haryana,Kaithal,2025-11-14,1,2.79,7,0.0,0,0.32027976190476193,1
Haryana,Kaithal,2025-11-15,1,3.79,7,0.0,0,0.3112500000000001,1
Haryana,Kaithal,2025-11-16,1,2.22,7,2.0,0,0.30920833333333336,1
Haryana,Kaithal,2025-11-17,0,0.0,7,8.0,1,0.20696022727272725,0
Haryana,Kaithal,2025-11-18,4,9.01,7,5.0,1,0.24147321428571428,0
Haryana,Kaithal,2025-11-19,0,0.0,7,0.0,0,0.14150000000000001,0
Haryana,Kaithal,2025-11-20,1,0.59,7,0.0,0,0.14088095238095244,0
Haryana,Kaithal,2025-11-21,0,0.0,7,0.0,0,0.14275740418118463,0
Haryana,Kaithal,2025-11-22,0,0.0,7,0.0,0,0.044458333333333336,0
Haryana,Kaithal,2025-11-23,2,2.01,7,20.0,1,0.10922519841269837,0
Haryana,Karnal,2025-10-15,0,0.0,7,2.0,0,0.035826640464798366,0
Haryana,Karnal,2025-10-16,0,0.0,7,1.0,0,0.07212151225967016,0
Haryana,Karnal,2025-10-17,0,0.0,7,0.0,0,0.11965414629230416,0
Haryana,Karnal,2025-10-18,0,0.0,7,1.0,0,0.07716378942694732,0
Haryana,Karnal,2025-10-19,3,12.39,7,2.0,0,0.21610964912280706,0
Haryana,Karnal,2025-10-20,4,14.71,7,1.0,0,0.5637613636363636,1
Haryana,Karnal,2025-10-21,4,12.98,7,0.0,0,0.56552876984127,1
Haryana,Karnal,2025-10-22,2,3.56,7,0.0,0,0.570039351851852,1
Haryana,Karnal,2025-10-23,1,5.09,7,0.0,0,0.3760973512711317,1
Haryana,Karnal,2025-10-24,0,0.0,7,2.0,0,0.34103769841269843,1
Haryana,Karnal,2025-10-25,1,1.91,7,1.0,0,0.2535312137049942,0
Haryana,Karnal,2025-10-26,2,4.8,7,1.0,0,0.3283756265664159,1
Haryana,Karnal,2025-10-27,1,0.54,7,0.0,0,0.37400000000000005,1
Haryana,Karnal,2025-10-28,0,0.0,7,2.0,0,0.34114285714285714,1
Haryana,Karnal,2025-10-29,0,0.0,7,3.0,1,0.13999999999999996,0
Haryana,Karnal,2025-10-30,0,0.0,7,9.0,1,0.10647727272727271,0
Haryana,Karnal,2025-10-31,2,7.67,7,6.0,1,0.15894696969696967,0
Haryana,Karnal,2025-11-01,1,4.13,7,6.0,1,0.36887445887445885,1
Haryana,Karnal,2025-11-02,1,3.3,7,1.0,0,0.22798809523809532,0
Haryana,Karnal,2025-11-03,0,0.0,7,2.0,0,0.18568452380952385,0
Haryana,Karnal,2025-11-04,2,8.219999999999999,7,0.0,0,0.10414880952380949,0
Haryana,Karnal,2025-11-05,3,7.050000000000001,7,1.0,0,0.264517316017316,0
Haryana,Karnal,2025-11-06,9,21.36,7,2.0,0,0.4116785714285715,1
Haryana,Karnal,2025-11-07,6,20.0,7,0.0,0,0.3956726190476191,1
Haryana,Karnal,2025-11-08,6,30.8,7,0.0,0,0.5722499999999999,1
Haryana,Karnal,2025-11-09,1,5.56,7,0.0,0,0.4597559523809522,1
Haryana,Karnal,2025-11-10,2,9.34,7,1.0,0,0.442017507002801,1
Haryana,Karnal,2025-11-11,0,0.0,7,0.0,0,0.46941260822510844,1
Haryana,Karnal,2025-11-12,1,3.08,7,0.0,0,0.34168452380952374,1
Haryana,Karnal,2025-11-13,2,13.18,7,0.0,0,0.38593452380952376,1
Haryana,Karnal,2025-11-14,0,0.0,7,0.0,0,0.22490665584415598,0
Haryana,Karnal,2025-11-15,0,0.0,7,1.0,0,0.3062905844155844,1
Haryana,Karnal,2025-11-16,0,0.0,7,0.0,0,0.22902866541353395,0
Haryana,Karnal,2025-11-17,1,1.76,7,0.0,0,0.05673214285714285,0
Haryana,Karnal,2025-11-18,0,0.0,7,0.0,0,0.07588392857142856,0
Haryana,Karnal,2025-11-19,0,0.0,7,1.0,0,0.029380747126436776,0
Haryana,Karnal,2025-11-20,0,0.0,7,6.0,1,0.07041666666666666,0
Haryana,Karnal,2025-11-21,0,0.0,7,0.0,0,0.023375,0
Haryana,Karnal,2025-11-22,1,2.4,7,0.0,0,0.05107142857142857,0
Haryana,Karnal,2025-11-23,0,0.0,7,0.0,0,0.14446435102254065,0
Haryana,Kurukshetra,2025-10-15,2,4.220000000000001,7,2.0,0,0.11194000626566418,0
Haryana,Kurukshetra,2025-10-16,2,1.68,7,1.0,0,0.2671220238095237,0
Haryana,Kurukshetra,2025-10-17,1,3.6,7,0.0,0,0.253279532967033,0
Haryana,Kurukshetra,2025-10-18,1,2.98,7,4.0,1,0.23286492673992673,0
Haryana,Kurukshetra,2025-10-19,3,7.859999999999999,7,5.0,1,0.2556369047619048,0
Haryana,Kurukshetra,2025-10-20,3,7.65,7,5.0,1,0.47136553030303036,1
Haryana,Kurukshetra,2025-10-21,4,27.3,7,0.0,0,0.6238238636363637,1
Haryana,Kurukshetra,2025-10-22,2,3.28,7,0.0,0,0.6220863095238096,1
Haryana,Kurukshetra,2025-10-23,1,3.28,7,0.0,0,0.4043771131758938,1
Haryana,Kurukshetra,2025-10-24,0,0.0,7,1.0,0,0.3718333333333333,1
Haryana,Kurukshetra,2025-10-25,4,24.44,7,3.0,1,0.3785357142857142,1
Haryana,Kurukshetra,2025-10-26,5,11.87,7,1.0,0,0.5459642857142857,1
Haryana,Kurukshetra,2025-10-27,5,17.99,7,0.0,0,0.6228541666666665,1
Haryana,Kurukshetra,2025-10-28,0,0.0,7,0.0,0,0.5264320652173913,1
Haryana,Kurukshetra,2025-10-29,0,0.0,7,0.0,0,0.515798961879779,1
Haryana,Kurukshetra,2025-10-30,0,0.0,7,0.0,0,0.47608928571428577,1
Haryana,Kurukshetra,2025-10-31,1,1.69,7,0.0,0,0.22695581501831505,0
Haryana,Kurukshetra,2025-11-01,3,14.97,7,0.0,0,0.4583690476190479,1
Haryana,Kurukshetra,2025-11-02,1,2.76,7,3.0,1,0.4317083333333334,1
Haryana,Kurukshetra,2025-11-03,0,0.0,7,0.0,0,0.35582703081232486,1
Haryana,Kurukshetra,2025-11-04,0,0.0,7,0.0,0,0.2787142857142857,0
Haryana,Kurukshetra,2025-11-05,0,0.0,7,0.0,0,0.05326587301587304,0
Haryana,Kurukshetra,2025-11-06,0,0.0,7,0.0,0,0.24791666666666662,0
Haryana,Kurukshetra,2025-11-07,0,0.0,7,0.0,0,0.08352564102564103,0
Haryana,Kurukshetra,2025-11-08,0,0.0,7,0.0,0,0.12497321428571428,0
Haryana,Kurukshetra,2025-11-09,3,2.71,7,0.0,0,0.10256854256854257,0
Haryana,Kurukshetra,2025-11-10,0,0.0,7,0.0,0,0.09885416666666667,0
Haryana,Kurukshetra,2025-11-11,0,0.0,7,7.0,1,0.08860991379310346,0
Haryana,Kurukshetra,2025-11-12,0,0.0,7,0.0,0,0.06670238095238097,0
Haryana,Kurukshetra,2025-11-13,0,0.0,7,0.0,0,0.036755952380952375,0
Haryana,Kurukshetra,2025-11-14,0,0.0,7,0.0,0,0.0432548076923077,0
Haryana,Kurukshetra,2025-11-15,0,0.0,7,0.0,0,0.05576315789473685,0
Haryana,Kurukshetra,2025-11-16,0,0.0,7,1.0,0,0.044429824561403514,0
Haryana,Kurukshetra,2025-11-17,0,0.0,7,0.0,0,0.018083333333333333,0
Haryana,Kurukshetra,2025-11-18,7,10.6,7,0.0,0,0.0828174603174603,0
Haryana,Kurukshetra,2025-11-19,0,0.0,7,1.0,0,0.22487265799334755,0
Haryana,Kurukshetra,2025-11-20,0,0.0,7,0.0,0,0.11104146141215109,0
Haryana,Kurukshetra,2025-11-21,0,0.0,7,0.0,0,0.12600145180023228,0
Haryana,Kurukshetra,2025-11-22,0,0.0,7,2.0,0,0.034187499999999996,0
Haryana,Kurukshetra,2025-11-23,1,5.1,7,0.0,0,0.15692857142857145,0
Haryana,Mahendragarh,2025-10-15,0,0.0,7,0.0,0,0.09232755602240897,0
Haryana,Mahendragarh,2025-10-16,0,0.0,7,0.0,0,0.010076640464798359,0
Haryana,Mahendragarh,2025-10-17,0,0.0,7,0.0,0,0.034465909090909096,0
Haryana,Mahendragarh,2025-10-18,0,0.0,7,0.0,0,0.0078931989063568,0
Haryana,Mahendragarh,2025-10-19,0,0.0,7,0.0,0,0.059490218115218124,0
Haryana,Mahendragarh,2025-10-20,0,0.0,7,0.0,0,0.06860207336523126,0
Haryana,Mahendragarh,2025-10-21,0,0.0,7,0.0,0,0.043315214390872284,0
Haryana,Mahendragarh,2025-10-22,0,0.0,7,0.0,0,0.0692708629090208,0
Haryana,Mahendragarh,2025-10-23,0,0.0,7,0.0,0,0.02205952380952381,0
Haryana,Mahendragarh,2025-10-24,0,0.0,7,0.0,0,0.0009166666666666668,0
Haryana,Mahendragarh,2025-10-25,0,0.0,7,2.0,0,0.0,0
Haryana,Mahendragarh,2025-10-26,0,0.0,7,0.0,0,0.03216666666666666,0
Haryana,Mahendragarh,2025-10-27,0,0.0,7,0.0,0,0.06381081418581419,0
Haryana,Mahendragarh,2025-10-28,0,0.0,7,0.0,0,0.07966200466200467,0
Haryana,Mahendragarh,2025-10-29,0,0.0,7,0.0,0,0.05093735431235431,0
Haryana,Mahendragarh,2025-10-30,0,0.0,7,0.0,0,0.08530333555333555,0
Haryana,Mahendragarh,2025-10-31,0,0.0,7,0.0,0,0.02481730769230769,0
Haryana,Mahendragarh,2025-11-01,2,5.1,7,0.0,0,0.008291666666666666,0
Haryana,Mahendragarh,2025-11-02,0,0.0,7,0.0,0,0.06650832500832501,0
Haryana,Mahendragarh,2025-11-03,0,0.0,7,0.0,0,0.06124404761904761,0
Haryana,Mahendragarh,2025-11-04,0,0.0,7,0.0,0,0.02994642857142857,0
Haryana,Mahendragarh,2025-11-05,0,0.0,7,0.0,0,0.008560776942355889,0
Haryana,Mahendragarh,2025-11-06,0,0.0,7,0.0,0,0.0741327838827839,0
Haryana,Mahendragarh,2025-11-07,0,0.0,7,1.0,0,0.036060776942355884,0
Haryana,Mahendragarh,2025-11-08,0,0.0,7,2.0,0,0.015656015037593986,0
Haryana,Mahendragarh,2025-11-09,0,0.0,7,1.0,0,0.000625,0
Haryana,Mahendragarh,2025-11-10,0,0.0,7,0.0,0,0.000625,0
Haryana,Mahendragarh,2025-11-11,0,0.0,7,0.0,0,0.00375,0
Haryana,Mahendragarh,2025-11-12,0,0.0,7,0.0,0,0.0014583333333333332,0
Haryana,Mahendragarh,2025-11-13,0,0.0,7,1.0,0,0.001875,0
Haryana,Mahendragarh,2025-11-14,1,3.35,7,0.0,0,0.01458333333333333,0
Haryana,Mahendragarh,2025-11-15,2,8.9,7,0.0,0,0.05298214285714286,0
Haryana,Mahendragarh,2025-11-16,1,2.3,7,0.0,0,0.269903076090576,0
Haryana,Mahendragarh,2025-11-17,0,0.0,7,0.0,0,0.1425029761904762,0
Haryana,Mahendragarh,2025-11-18,0,0.0,7,0.0,0,0.10017261904761902,0
Haryana,Mahendragarh,2025-11-19,0,0.0,7,0.0,0,0.02666666666666666,0
Haryana,Mahendragarh,2025-11-20,1,0.61,7,0.0,0,0.0759404761904762,0
Haryana,Mahendragarh,2025-11-21,0,0.0,7,0.0,0,0.053733974358974354,0
Haryana,Mahendragarh,2025-11-22,0,0.0,7,0.0,0,0.03275,0
Haryana,Mahendragarh,2025-11-23,0,0.0,7,0.0,0,0.045312500000000006,0
Haryana,Nuh,2025-10-15,0,0.0,7,0.0,0,0.1798714983846563,0
Haryana,Nuh,2025-10-16,0,0.0,7,0.0,0,0.0767670501508977,0
Haryana,Nuh,2025-10-17,0,0.0,7,0.0,0,0.04611722488038278,0
Haryana,Nuh,2025-10-18,0,0.0,7,0.0,0,0.03397842617908408,0
Haryana,Nuh,2025-10-19,1,5.29,7,0.0,0,0.12705310150375942,0
Haryana,Nuh,2025-10-20,1,3.84,7,0.0,0,0.22172414391164394,0
Haryana,Nuh,2025-10-21,0,0.0,7,0.0,0,0.28032208994708996,0
Haryana,Nuh,2025-10-22,0,0.0,7,0.0,0,0.152860119047619,0
Haryana,Nuh,2025-10-23,0,0.0,7,0.0,0,0.06875396825396825,0
Haryana,Nuh,2025-10-24,0,0.0,7,0.0,0,0.015400641025641027,0
Haryana,Nuh,2025-10-25,0,0.0,7,0.0,0,0.05877482403217698,0
Haryana,Nuh,2025-10-26,0,0.0,7,0.0,0,0.0377612363127069,0
Haryana,Nuh,2025-10-27,0,0.0,7,0.0,0,0.1005936747076453,0
Haryana,Nuh,2025-10-28,0,0.0,7,0.0,0,0.07137491674991676,0
Haryana,Nuh,2025-10-29,0,0.0,7,0.0,0,0.06053692141192139,0
Haryana,Nuh,2025-10-30,0,0.0,7,0.0,0,0.07840055777555778,0
Haryana,Nuh,2025-10-31,0,0.0,7,0.0,0,0.04992977855477856,0
Haryana,Nuh,2025-11-01,0,0.0,7,0.0,0,0.004958333333333334,0
Haryana,Nuh,2025-11-02,0,0.0,7,0.0,0,0.013375,0
Haryana,Nuh,2025-11-03,0,0.0,7,0.0,0,0.02791196741854636,0
Haryana,Nuh,2025-11-04,0,0.0,7,2.0,0,0.006958333333333333,0
Haryana,Nuh,2025-11-05,0,0.0,7,0.0,0,0.006458333333333332,0
Haryana,Nuh,2025-11-06,0,0.0,7,0.0,0,0.02418577694235589,0
Haryana,Nuh,2025-11-07,0,0.0,7,0.0,0,0.028977443609022557,0
Haryana,Nuh,2025-11-08,0,0.0,7,0.0,0,0.018596491228070177,0
Haryana,Nuh,2025-11-09,0,0.0,7,0.0,0,0.0022500000000000003,0
Haryana,Nuh,2025-11-10,0,0.0,7,0.0,0,0.004583333333333333,0
Haryana,Nuh,2025-11-11,2,6.26,7,0.0,0,0.018958333333333334,0
Haryana,Nuh,2025-11-12,0,0.0,7,0.0,0,0.07041606310356309,0
Haryana,Nuh,2025-11-13,0,0.0,7,0.0,0,0.039791666666666656,0
Haryana,Nuh,2025-11-14,0,0.0,7,0.0,0,0.043761904761904766,0
Haryana,Nuh,2025-11-15,0,0.0,7,0.0,0,0.001875,0
Haryana,Nuh,2025-11-16,0,0.0,7,0.0,0,0.05840064102564103,0
Haryana,Nuh,2025-11-17,0,0.0,7,0.0,0,0.017458333333333333,0
Haryana,Nuh,2025-11-18,0,0.0,7,0.0,0,0.02814583333333333,0
Haryana,Nuh,2025-11-19,0,0.0,7,0.0,0,0.015583333333333333,0
Haryana,Nuh,2025-11-20,0,0.0,7,0.0,0,0.020583333333333335,0
Haryana,Nuh,2025-11-21,0,0.0,7,0.0,0,0.022442307692307695,0
Haryana,Nuh,2025-11-22,0,0.0,7,0.0,0,0.002375,0
Haryana,Nuh,2025-11-23,0,0.0,7,0.0,0,0.00125,0
Haryana,Palwal,2025-10-15,0,0.0,7,5.0,1,0.14429894756945838,0
Haryana,Palwal,2025-10-16,1,4.47,7,0.0,0,0.10636104519405606,0
Haryana,Palwal,2025-10-17,0,0.0,7,2.0,0,0.15174642024642027,0
Haryana,Palwal,2025-10-18,1,5.34,7,0.0,0,0.2401795634920635,0
Haryana,Palwal,2025-10-19,0,0.0,7,3.0,1,0.22227981971731972,0
Haryana,Palwal,2025-10-20,4,13.01,7,0.0,0,0.2648839285714286,0
Haryana,Palwal,2025-10-21,1,3.63,7,0.0,0,0.459119708994709,1
Haryana,Palwal,2025-10-22,5,14.67,7,0.0,0,0.3523095238095238,1
Haryana,Palwal,2025-10-23,0,0.0,7,0.0,0,0.46105555555555555,1
Haryana,Palwal,2025-10-24,2,3.73,7,0.0,0,0.18579774809652858,0
Haryana,Palwal,2025-10-25,0,0.0,7,2.0,0,0.45990819783197845,1
Haryana,Palwal,2025-10-26,3,6.22,7,6.0,1,0.09788669950738915,0
Haryana,Palwal,2025-10-27,0,0.0,7,6.0,1,0.4507083333333335,1
Haryana,Palwal,2025-10-28,0,0.0,7,0.0,0,0.15500757575757576,0
Haryana,Palwal,2025-10-29,0,0.0,7,2.0,0,0.32499467418546374,1
Haryana,Palwal,2025-10-30,0,0.0,7,2.0,0,0.06885273060273062,0
Haryana,Palwal,2025-10-31,0,0.0,7,1.0,0,0.11990470640470641,0
Haryana,Palwal,2025-11-01,2,4.73,7,0.0,0,0.048370129870129876,0
Haryana,Palwal,2025-11-02,6,27.17,7,0.0,0,0.302375,1
Haryana,Palwal,2025-11-03,6,38.2,7,5.0,1,0.481220238095238,1
Haryana,Palwal,2025-11-04,0,0.0,7,1.0,0,0.44126207222019237,1
Haryana,Palwal,2025-11-05,2,5.569999999999999,7,0.0,0,0.34226750700280106,1
Haryana,Palwal,2025-11-06,2,9.58,7,0.0,0,0.36096428571428585,1
Haryana,Palwal,2025-11-07,1,4.13,7,2.0,0,0.2438154761904763,0
Haryana,Palwal,2025-11-08,0,0.0,7,0.0,0,0.3820227272727273,1
Haryana,Palwal,2025-11-09,0,0.0,7,0.0,0,0.24621320346320352,0
Haryana,Palwal,2025-11-10,5,21.46,7,0.0,0,0.30236372180451127,1
Haryana,Palwal,2025-11-11,1,3.68,7,0.0,0,0.3050714285714286,1
Haryana,Palwal,2025-11-12,0,0.0,7,0.0,0,0.3622634485612429,1
Haryana,Palwal,2025-11-13,0,0.0,7,1.0,0,0.2927384647872453,1
Haryana,Palwal,2025-11-14,2,5.72,7,0.0,0,0.052937499999999985,0
Haryana,Palwal,2025-11-15,0,0.0,7,0.0,0,0.17505654761904757,0
Haryana,Palwal,2025-11-16,0,0.0,7,0.0,0,0.06135714285714287,0
Haryana,Palwal,2025-11-17,0,0.0,7,0.0,0,0.1268845551378446,0
Haryana,Palwal,2025-11-18,0,0.0,7,0.0,0,0.026310606060606062,0
Haryana,Palwal,2025-11-19,0,0.0,7,0.0,0,0.031858974358974355,0
Haryana,Palwal,2025-11-20,1,3.08,7,1.0,0,0.06729166666666667,0
Haryana,Palwal,2025-11-21,0,0.0,7,0.0,0,0.07383333333333335,0
Haryana,Palwal,2025-11-22,0,0.0,7,0.0,0,0.08392370129870129,0
Haryana,Palwal,2025-11-23,0,0.0,7,0.0,0,0.024366071428571424,0
Haryana,Panchkula,2025-10-15,0,0.0,7,0.0,0,0.16505677472037772,0
Haryana,Panchkula,2025-10-16,0,0.0,7,0.0,0,0.18546997446997449,0
Haryana,Panchkula,2025-10-17,0,0.0,7,0.0,0,0.1188624796256375,0
Haryana,Panchkula,2025-10-18,0,0.0,7,0.0,0,0.1414378764510343,0
Haryana,Panchkula,2025-10-19,0,0.0,7,0.0,0,0.18739747241063034,0
Haryana,Panchkula,2025-10-20,2,9.82,7,0.0,0,0.1887057266563846,0
Haryana,Panchkula,2025-10-21,1,0.5,7,1.0,0,0.4560859788359789,1
Haryana,Panchkula,2025-10-22,0,0.0,7,0.0,0,0.35527495791245783,1
Haryana,Panchkula,2025-10-23,0,0.0,7,0.0,0,0.12661673280423277,0
Haryana,Panchkula,2025-10-24,0,0.0,7,2.0,0,0.06095833333333332,0
Haryana,Panchkula,2025-10-25,0,0.0,7,0.0,0,0.26378197313307605,0
Haryana,Panchkula,2025-10-26,0,0.0,7,0.0,0,0.1635499708624708,0
Haryana,Panchkula,2025-10-27,0,0.0,7,0.0,0,0.11997489765136823,0
Haryana,Panchkula,2025-10-28,1,3.76,7,0.0,0,0.13652913752913753,0
Haryana,Panchkula,2025-10-29,0,0.0,7,0.0,0,0.15474973637473638,0
Haryana,Panchkula,2025-10-30,0,0.0,7,0.0,0,0.12681304806304805,0
Haryana,Panchkula,2025-10-31,2,6.43,7,0.0,0,0.16486309523809525,0
Haryana,Panchkula,2025-11-01,0,0.0,7,0.0,0,0.1640160533910534,0
Haryana,Panchkula,2025-11-02,0,0.0,7,0.0,0,0.20467424242424248,0
Haryana,Panchkula,2025-11-03,0,0.0,7,0.0,0,0.16142559523809524,0
Haryana,Panchkula,2025-11-04,0,0.0,7,0.0,0,0.03346064107461166,0
Haryana,Panchkula,2025-11-05,0,0.0,7,0.0,0,0.06338377594627595,0
Haryana,Panchkula,2025-11-06,0,0.0,7,0.0,0,0.018698260073260073,0
Haryana,Panchkula,2025-11-07,0,0.0,7,0.0,0,0.036125000000000004,0
Haryana,Panchkula,2025-11-08,0,0.0,7,0.0,0,0.008541666666666666,0
Haryana,Panchkula,2025-11-09,0,0.0,7,0.0,0,0.018083333333333333,0
Haryana,Panchkula,2025-11-10,0,0.0,7,0.0,0,0.0,0
Haryana,Panchkula,2025-11-11,0,0.0,7,0.0,0,0.023458333333333338,0
Haryana,Panchkula,2025-11-12,0,0.0,7,0.0,0,0.03267261904761905,0
Haryana,Panchkula,2025-11-13,0,0.0,7,0.0,0,0.03321428571428571,0
Haryana,Panchkula,2025-11-14,0,0.0,7,0.0,0,0.02075,0
Haryana,Panchkula,2025-11-15,0,0.0,7,0.0,0,0.018596491228070177,0
Haryana,Panchkula,2025-11-16,0,0.0,7,0.0,0,0.023894110275689228,0
Haryana,Panchkula,2025-11-17,0,0.0,7,0.0,0,0.016833333333333332,0
Haryana,Panchkula,2025-11-18,0,0.0,7,0.0,0,0.01975,0
Haryana,Panchkula,2025-11-19,0,0.0,7,0.0,0,0.01725,0
Haryana,Panchkula,2025-11-20,0,0.0,7,0.0,0,0.0,0
Haryana,Panchkula,2025-11-21,0,0.0,7,0.0,0,0.0022916666666666667,0
Haryana,Panchkula,2025-11-22,0,0.0,7,0.0,0,0.029729166666666664,0
Haryana,Panchkula,2025-11-23,0,0.0,7,0.0,0,0.027354166666666666,0
Haryana,Panipat,2025-10-15,1,1.45,7,3.0,1,0.09128352490421458,0
Haryana,Panipat,2025-10-16,2,8.879999999999999,7,0.0,0,0.14890384615384616,0
Haryana,Panipat,2025-10-17,0,0.0,7,0.0,0,0.40639117132867136,1
Haryana,Panipat,2025-10-18,2,2.96,7,0.0,0,0.2762497710622711,0
Haryana,Panipat,2025-10-19,4,7.12,7,1.0,0,0.2895625,1
Haryana,Panipat,2025-10-20,0,0.0,7,0.0,0,0.48050793650793644,1
Haryana,Panipat,2025-10-21,0,0.0,7,0.0,0,0.49659523809523803,1
Haryana,Panipat,2025-10-22,3,3.89,7,0.0,0,0.20352380952380952,0
Haryana,Panipat,2025-10-23,0,0.0,7,0.0,0,0.24422429653679664,0
Haryana,Panipat,2025-10-24,0,0.0,7,0.0,0,0.18348214285714282,0
Haryana,Panipat,2025-10-25,0,0.0,7,0.0,0,0.1563672969187675,0
Haryana,Panipat,2025-10-26,1,3.35,7,1.0,0,0.15226785714285715,0
Haryana,Panipat,2025-10-27,0,0.0,7,0.0,0,0.15778952991452994,0
Haryana,Panipat,2025-10-28,0,0.0,7,0.0,0,0.19474558774558773,0
Haryana,Panipat,2025-10-29,0,0.0,7,0.0,0,0.1871887254901961,0
Haryana,Panipat,2025-10-30,0,0.0,7,2.0,0,0.10849558774558775,0
Haryana,Panipat,2025-10-31,0,0.0,7,4.0,1,0.19451780164280166,0
Haryana,Panipat,2025-11-01,0,0.0,7,0.0,0,0.12904807692307693,0
Haryana,Panipat,2025-11-02,1,2.87,7,6.0,1,0.14855290297937357,0
Haryana,Panipat,2025-11-03,0,0.0,7,0.0,0,0.1422786172161172,0
Haryana,Panipat,2025-11-04,0,0.0,7,1.0,0,0.11976596320346322,0
Haryana,Panipat,2025-11-05,0,0.0,7,2.0,0,0.10137500000000003,0
Haryana,Panipat,2025-11-06,2,4.41,7,2.0,0,0.09895643939393939,0
Haryana,Panipat,2025-11-07,4,8.63,7,0.0,0,0.21292241379310345,0
Haryana,Panipat,2025-11-08,0,0.0,7,0.0,0,0.41894865838184825,1
Haryana,Panipat,2025-11-09,6,16.25,7,2.0,0,0.3598958333333332,1
Haryana,Panipat,2025-11-10,0,0.0,7,0.0,0,0.5023392857142857,1
Haryana,Panipat,2025-11-11,1,2.43,7,2.0,0,0.40883928571428585,1
Haryana,Panipat,2025-11-12,2,6.6,7,1.0,0,0.39580357142857137,1
Haryana,Panipat,2025-11-13,2,11.62,7,5.0,1,0.3443898809523808,1
Haryana,Panipat,2025-11-14,0,0.0,7,0.0,0,0.46162987012987017,1
Haryana,Panipat,2025-11-15,0,0.0,7,3.0,1,0.2956577380952382,1
Haryana,Panipat,2025-11-16,2,4.29,7,0.0,0,0.36790538847117793,1
Haryana,Panipat,2025-11-17,0,0.0,7,1.0,0,0.1635297619047619,0
Haryana,Panipat,2025-11-18,2,5.7,7,2.0,0,0.20339285714285713,0
Haryana,Panipat,2025-11-19,1,5.3,7,1.0,0,0.2347994505494506,0
Haryana,Panipat,2025-11-20,5,9.45,7,0.0,0,0.22724702380952377,0
Haryana,Panipat,2025-11-21,0,0.0,7,0.0,0,0.2900952380952381,1
Haryana,Panipat,2025-11-22,3,8.56,7,1.0,0,0.24531250000000004,0
Haryana,Panipat,2025-11-23,0,0.0,7,7.0,1,0.24536309523809524,0
Haryana,Rewari,2025-10-15,0,0.0,7,1.0,0,0.12639355492288928,0
Haryana,Rewari,2025-10-16,0,0.0,7,0.0,0,0.07236217948717949,0
Haryana,Rewari,2025-10-17,0,0.0,7,0.0,0,0.02705580713146502,0
Haryana,Rewari,2025-10-18,0,0.0,7,0.0,0,0.060226604278074844,0
Haryana,Rewari,2025-10-19,0,0.0,7,0.0,0,0.16819967532467534,0
Haryana,Rewari,2025-10-20,0,0.0,7,0.0,0,0.062086047724205624,0
Haryana,Rewari,2025-10-21,0,0.0,7,0.0,0,0.09481846808162597,0
Haryana,Rewari,2025-10-22,1,2.17,7,0.0,0,0.08554417293233081,0
Haryana,Rewari,2025-10-23,0,0.0,7,0.0,0,0.08245217569786537,0
Haryana,Rewari,2025-10-24,0,0.0,7,0.0,0,0.005589080459770114,0
Haryana,Rewari,2025-10-25,0,0.0,7,0.0,0,0.06052696078431372,0
Haryana,Rewari,2025-10-26,0,0.0,7,0.0,0,0.034124999999999996,0
Haryana,Rewari,2025-10-27,0,0.0,7,0.0,0,0.09868444055944056,0
Haryana,Rewari,2025-10-28,0,0.0,7,0.0,0,0.06590055777555778,0
Haryana,Rewari,2025-10-29,0,0.0,7,0.0,0,0.06288628038628039,0
Haryana,Rewari,2025-10-30,0,0.0,7,2.0,0,0.09085889110889113,0
Haryana,Rewari,2025-10-31,0,0.0,7,0.0,0,0.05863811188811188,0
Haryana,Rewari,2025-11-01,0,0.0,7,0.0,0,0.005958333333333333,0
Haryana,Rewari,2025-11-02,0,0.0,7,0.0,0,0.003333333333333333,0
Haryana,Rewari,2025-11-03,0,0.0,7,0.0,0,0.012560776942355894,0
Haryana,Rewari,2025-11-04,0,0.0,7,0.0,0,0.007333333333333334,0
Haryana,Rewari,2025-11-05,0,0.0,7,0.0,0,0.012964285714285715,0
Haryana,Rewari,2025-11-06,2,1.1800000000000002,7,0.0,0,0.06380482456140352,0
Haryana,Rewari,2025-11-07,0,0.0,7,0.0,0,0.11892018398268396,0
Haryana,Rewari,2025-11-08,0,0.0,7,0.0,0,0.04224926900584794,0
Haryana,Rewari,2025-11-09,0,0.0,7,0.0,0,0.013041666666666667,0
Haryana,Rewari,2025-11-10,0,0.0,7,0.0,0,0.000625,0
Haryana,Rewari,2025-11-11,0,0.0,7,0.0,0,0.022874999999999996,0
Haryana,Rewari,2025-11-12,0,0.0,7,0.0,0,0.0020833333333333333,0
Haryana,Rewari,2025-11-13,0,0.0,7,0.0,0,0.02716666666666667,0
Haryana,Rewari,2025-11-14,0,0.0,7,0.0,0,0.001875,0
Haryana,Rewari,2025-11-15,0,0.0,7,0.0,0,0.002875,0
Haryana,Rewari,2025-11-16,0,0.0,7,0.0,0,0.02376315789473684,0
Haryana,Rewari,2025-11-17,0,0.0,7,0.0,0,0.02075,0
Haryana,Rewari,2025-11-18,0,0.0,7,0.0,0,0.021375,0
Haryana,Rewari,2025-11-19,0,0.0,7,0.0,0,0.016583333333333335,0
Haryana,Rewari,2025-11-20,0,0.0,7,1.0,0,0.025880952380952383,0
Haryana,Rewari,2025-11-21,0,0.0,7,0.0,0,0.02427564102564103,0
Haryana,Rewari,2025-11-22,0,0.0,7,0.0,0,0.0011250000000000001,0
Haryana,Rewari,2025-11-23,0,0.0,7,1.0,0,0.007041666666666666,0
Haryana,Rohtak,2025-10-15,0,0.0,7,1.0,0,0.10059449760765549,0
Haryana,Rohtak,2025-10-16,0,0.0,7,0.0,0,0.0951778309409888,0
Haryana,Rohtak,2025-10-17,0,0.0,7,0.0,0,0.11784449760765553,0
Haryana,Rohtak,2025-10-18,0,0.0,7,0.0,0,0.1311759370015949,0
Haryana,Rohtak,2025-10-19,0,0.0,7,0.0,0,0.23300927033492827,0
Haryana,Rohtak,2025-10-20,0,0.0,7,0.0,0,0.25244923314989104,0
Haryana,Rohtak,2025-10-21,0,0.0,7,0.0,0,0.20742074080889877,0
Haryana,Rohtak,2025-10-22,1,1.71,7,0.0,0,0.16855529375595169,0
Haryana,Rohtak,2025-10-23,0,0.0,7,0.0,0,0.09437067386636354,0
Haryana,Rohtak,2025-10-24,0,0.0,7,1.0,0,0.08746408045977011,0
Haryana,Rohtak,2025-10-25,0,0.0,7,0.0,0,0.14959640522875814,0
Haryana,Rohtak,2025-10-26,0,0.0,7,2.0,0,0.10770833333333332,0
Haryana,Rohtak,2025-10-27,0,0.0,7,3.0,1,0.1105,0
Haryana,Rohtak,2025-10-28,0,0.0,7,1.0,0,0.12713811188811192,0
Haryana,Rohtak,2025-10-29,0,0.0,7,5.0,1,0.10125000000000002,0
Haryana,Rohtak,2025-10-30,0,0.0,7,5.0,1,0.12757858807858813,0
Haryana,Rohtak,2025-10-31,1,3.1,7,5.0,1,0.1429600815850816,0
Haryana,Rohtak,2025-11-01,0,0.0,7,6.0,1,0.14047132034632037,0
Haryana,Rohtak,2025-11-02,2,34.44,7,4.0,1,0.19430059523809523,0
Haryana,Rohtak,2025-11-03,3,9.02,7,5.0,1,0.39960416666666665,1
Haryana,Rohtak,2025-11-04,1,3.79,7,12.0,1,0.31832107843137253,1
Haryana,Rohtak,2025-11-05,5,8.76,7,6.0,1,0.3183869047619049,1
Haryana,Rohtak,2025-11-06,5,21.52,7,10.0,1,0.4848169191919194,1
Haryana,Rohtak,2025-11-07,5,31.38,7,4.0,1,0.5768244047619047,1
Haryana,Rohtak,2025-11-08,6,25.07,7,6.0,1,0.5797569444444444,1
Haryana,Rohtak,2025-11-09,4,16.03,7,23.0,1,0.48467261904761894,1
Haryana,Rohtak,2025-11-10,5,16.18,7,6.0,1,0.5003660714285713,1
Haryana,Rohtak,2025-11-11,12,46.3,7,1.0,0,0.6116557539682538,1
Haryana,Rohtak,2025-11-12,6,14.11,7,2.0,0,0.4376130952380951,1
Haryana,Rohtak,2025-11-13,10,37.13,7,3.0,1,0.503765873015873,1
Haryana,Rohtak,2025-11-14,4,18.22,7,5.0,1,0.4291011904761904,1
Haryana,Rohtak,2025-11-15,6,16.89,7,9.0,1,0.38241369047619045,1
Haryana,Rohtak,2025-11-16,23,79.53999999999999,7,7.0,1,0.45942261904761905,1
Haryana,Rohtak,2025-11-17,6,12.26,7,2.0,0,0.4070446428571428,1
Haryana,Rohtak,2025-11-18,1,3.2,7,3.0,1,0.24741666666666673,0
Haryana,Rohtak,2025-11-19,2,5.550000000000001,7,6.0,1,0.2285654761904762,0
Haryana,Rohtak,2025-11-20,3,9.87,7,5.0,1,0.1605,0
Haryana,Rohtak,2025-11-21,5,7.93,7,2.0,0,0.24270833333333333,0
Haryana,Rohtak,2025-11-22,9,27.74,7,1.0,0,0.20683928571428573,0
Haryana,Rohtak,2025-11-23,7,12.76,7,2.0,0,0.18681547619047617,0
Haryana,Sirsa,2025-10-15,3,2.92,7,14.0,1,0.3416018518518518,1
Haryana,Sirsa,2025-10-16,2,4.93,7,1.0,0,0.28092063492063496,0
Haryana,Sirsa,2025-10-17,8,24.57,7,2.0,0,0.5446448412698413,1
Haryana,Sirsa,2025-10-18,0,0.0,7,3.0,1,0.5346180555555556,1
Haryana,Sirsa,2025-10-19,1,4.81,7,17.0,1,0.4978716931216933,1
Haryana,Sirsa,2025-10-20,0,0.0,7,6.0,1,0.5730641534391535,1
Haryana,Sirsa,2025-10-21,2,4.77,7,0.0,0,0.22627380952380957,0
Haryana,Sirsa,2025-10-22,14,61.32,7,2.0,0,0.6893273809523809,1
Haryana,Sirsa,2025-10-23,1,2.2,7,5.0,1,0.6364940476190479,1
Haryana,Sirsa,2025-10-24,2,4.15,7,4.0,1,0.5242321428571429,1
Haryana,Sirsa,2025-10-25,3,5.359999999999999,7,10.0,1,0.5686091269841269,1
Haryana,Sirsa,2025-10-26,17,62.18,7,9.0,1,0.6418333333333334,1
Haryana,Sirsa,2025-10-27,6,6.94,7,8.0,1,0.5374930555555555,1
Haryana,Sirsa,2025-10-28,0,0.0,7,7.0,1,0.6087499999999998,1
Haryana,Sirsa,2025-10-29,2,9.95,7,7.0,1,0.5061785714285714,1
Haryana,Sirsa,2025-10-30,5,16.400000000000002,7,5.0,1,0.6240863095238094,1
Haryana,Sirsa,2025-10-31,4,10.83,7,4.0,1,0.46416666666666656,1
Haryana,Sirsa,2025-11-01,10,24.6,7,4.0,1,0.5915069444444444,1
Haryana,Sirsa,2025-11-02,9,18.49,7,9.0,1,0.4114910714285714,1
Haryana,Sirsa,2025-11-03,8,35.480000000000004,7,8.0,1,0.6605575396825397,1
Haryana,Sirsa,2025-11-04,7,19.47,7,5.0,1,0.4620297619047619,1
Haryana,Sirsa,2025-11-05,7,8.85,7,4.0,1,0.41535714285714287,1
Haryana,Sirsa,2025-11-06,5,8.040000000000001,7,4.0,1,0.3890684523809524,1
Haryana,Sirsa,2025-11-07,4,14.38,7,7.0,1,0.460345238095238,1
Haryana,Sirsa,2025-11-08,4,10.9,7,5.0,1,0.37659325396825394,1
Haryana,Sirsa,2025-11-09,9,18.64,7,7.0,1,0.39302083333333326,1
Haryana,Sirsa,2025-11-10,8,15.43,7,8.0,1,0.35253273809523805,1
Haryana,Sirsa,2025-11-11,5,15.95,7,7.0,1,0.41511309523809514,1
Haryana,Sirsa,2025-11-12,4,5.46,7,12.0,1,0.37105357142857154,1
Haryana,Sirsa,2025-11-13,4,15.64,7,3.0,1,0.4519583333333334,1
Haryana,Sirsa,2025-11-14,7,33.77,7,2.0,0,0.47520833333333334,1
Haryana,Sirsa,2025-11-15,5,19.81,7,1.0,0,0.39176388888888886,1
Haryana,Sirsa,2025-11-16,7,13.23,7,1.0,0,0.2592291666666667,0
Haryana,Sirsa,2025-11-17,8,17.540000000000003,7,0.0,0,0.29206249999999995,1
Haryana,Sirsa,2025-11-18,7,16.15,7,0.0,0,0.16233333333333333,0
Haryana,Sirsa,2025-11-19,12,27.95,7,0.0,0,0.17008333333333336,0
Haryana,Sirsa,2025-11-20,3,11.03,7,3.0,1,0.15303571428571433,0
Haryana,Sirsa,2025-11-21,2,5.75,7,2.0,0,0.20222619047619048,0
Haryana,Sirsa,2025-11-22,1,2.12,7,1.0,0,0.21611904761904766,0
Haryana,Sirsa,2025-11-23,1,0.68,7,0.0,0,0.20946428571428574,0
Haryana,Sonipat,2025-10-15,1,1.64,7,0.0,0,0.08551885369532426,0
Haryana,Sonipat,2025-10-16,0,0.0,7,0.0,0,0.0939830198537095,0
Haryana,Sonipat,2025-10-17,0,0.0,7,0.0,0,0.08097583259652225,0
Haryana,Sonipat,2025-10-18,0,0.0,7,0.0,0,0.09210227272727271,0
Haryana,Sonipat,2025-10-19,0,0.0,7,1.0,0,0.20120468869365937,0
Haryana,Sonipat,2025-10-20,0,0.0,7,0.0,0,0.16031816283132078,0
Haryana,Sonipat,2025-10-21,0,0.0,7,0.0,0,0.11400407414223203,0
Haryana,Sonipat,2025-10-22,0,0.0,7,0.0,0,0.16196338383838385,0
Haryana,Sonipat,2025-10-23,0,0.0,7,0.0,0,0.036226190476190474,0
Haryana,Sonipat,2025-10-24,0,0.0,7,1.0,0,0.027642857142857146,0
Haryana,Sonipat,2025-10-25,0,0.0,7,2.0,0,0.07933834302951953,0
Haryana,Sonipat,2025-10-26,1,0.67,7,3.0,1,0.04795833333333333,0
Haryana,Sonipat,2025-10-27,0,0.0,7,1.0,0,0.07894230769230767,0
Haryana,Sonipat,2025-10-28,0,0.0,7,5.0,1,0.12238032800532801,0
Haryana,Sonipat,2025-10-29,0,0.0,7,4.0,1,0.07204166666666667,0
Haryana,Sonipat,2025-10-30,0,0.0,7,7.0,1,0.07366192141192139,0
Haryana,Sonipat,2025-10-31,1,2.27,7,6.0,1,0.10097610722610723,0
Haryana,Sonipat,2025-11-01,2,7.83,7,2.0,0,0.09809616772116775,0
Haryana,Sonipat,2025-11-02,3,13.86,7,12.0,1,0.4031304112554113,1
Haryana,Sonipat,2025-11-03,1,0.82,7,1.0,0,0.33680952380952384,1
Haryana,Sonipat,2025-11-04,5,17.57,7,12.0,1,0.2657693089430895,0
Haryana,Sonipat,2025-11-05,4,2.64,7,6.0,1,0.36233385093167725,1
Haryana,Sonipat,2025-11-06,7,23.87,7,4.0,1,0.40245833333333336,1
Haryana,Sonipat,2025-11-07,6,25.61,7,10.0,1,0.5288730158730158,1
Haryana,Sonipat,2025-11-08,2,7.57,7,11.0,1,0.5156425070028011,1
Haryana,Sonipat,2025-11-09,12,53.510000000000005,7,16.0,1,0.6634315476190474,1
Haryana,Sonipat,2025-11-10,1,3.09,7,8.0,1,0.43035119047619025,1
Haryana,Sonipat,2025-11-11,12,27.05,7,2.0,0,0.5033065476190477,1
Haryana,Sonipat,2025-11-12,6,22.36,7,4.0,1,0.4375,1
Haryana,Sonipat,2025-11-13,4,10.65,7,2.0,0,0.41493452380952367,1
Haryana,Sonipat,2025-11-14,10,36.19,7,0.0,0,0.47349999999999987,1
Haryana,Sonipat,2025-11-15,11,34.99,7,5.0,1,0.5145416666666668,1
Haryana,Sonipat,2025-11-16,16,63.61,7,12.0,1,0.4397857142857143,1
Haryana,Sonipat,2025-11-17,8,27.08,7,1.0,0,0.4324851190476191,1
Haryana,Sonipat,2025-11-18,2,7.31,7,0.0,0,0.12478571428571429,0
Haryana,Sonipat,2025-11-19,4,20.27,7,8.0,1,0.21150595238095238,0
Haryana,Sonipat,2025-11-20,2,1.2400000000000002,7,4.0,1,0.22997916666666665,0
Haryana,Sonipat,2025-11-21,0,0.0,7,0.0,0,0.2718680555555555,0
Haryana,Sonipat,2025-11-22,5,14.0,7,2.0,0,0.209375,0
Haryana,Sonipat,2025-11-23,12,33.33,7,3.0,1,0.2306130952380952,0
Haryana,Yamunanagar,2025-10-15,0,0.0,7,1.0,0,0.2676274172722702,0
Haryana,Yamunanagar,2025-10-16,4,15.06,7,0.0,0,0.28365942736743815,0
Haryana,Yamunanagar,2025-10-17,0,0.0,7,0.0,0,0.47385119047619056,1
Haryana,Yamunanagar,2025-10-18,2,2.39,7,0.0,0,0.3638450091575093,1
Haryana,Yamunanagar,2025-10-19,1,3.86,7,0.0,0,0.3935571581196583,1
Haryana,Yamunanagar,2025-10-20,2,7.58,7,0.0,0,0.27678273809523807,0
Haryana,Yamunanagar,2025-10-21,0,0.0,7,0.0,0,0.46710416666666665,1
Haryana,Yamunanagar,2025-10-22,1,1.44,7,1.0,0,0.2744255952380953,0
Haryana,Yamunanagar,2025-10-23,0,0.0,7,0.0,0,0.2783528992936889,0
Haryana,Yamunanagar,2025-10-24,0,0.0,7,0.0,0,0.13092941086691087,0
Haryana,Yamunanagar,2025-10-25,0,0.0,7,1.0,0,0.2942858893557423,1
Haryana,Yamunanagar,2025-10-26,0,0.0,7,5.0,1,0.12971956964604023,0
Haryana,Yamunanagar,2025-10-27,0,0.0,7,3.0,1,0.17839264656911716,0
Haryana,Yamunanagar,2025-10-28,0,0.0,7,0.0,0,0.09155477855477855,0
Haryana,Yamunanagar,2025-10-29,1,0.38,7,0.0,0,0.15212635975135977,0
Haryana,Yamunanagar,2025-10-30,0,0.0,7,0.0,0,0.1447140220890221,0
Haryana,Yamunanagar,2025-10-31,0,0.0,7,0.0,0,0.15910408341658341,0
Haryana,Yamunanagar,2025-11-01,1,5.48,7,0.0,0,0.1541060606060606,0
Haryana,Yamunanagar,2025-11-02,5,8.93,7,0.0,0,0.20704022366522368,0
Haryana,Yamunanagar,2025-11-03,3,9.27,7,0.0,0,0.42385660173160183,1
Haryana,Yamunanagar,2025-11-04,0,0.0,7,0.0,0,0.4065894531725734,1
Haryana,Yamunanagar,2025-11-05,0,0.0,7,0.0,0,0.38818019068709125,1
Haryana,Yamunanagar,2025-11-06,0,0.0,7,0.0,0,0.22954761904761894,0
Haryana,Yamunanagar,2025-11-07,0,0.0,7,0.0,0,0.15313392857142857,0
Haryana,Yamunanagar,2025-11-08,0,0.0,7,2.0,0,0.15352083333333336,0
Haryana,Yamunanagar,2025-11-09,0,0.0,7,0.0,0,0.07875,0
Haryana,Yamunanagar,2025-11-10,0,0.0,7,0.0,0,0.02270833333333333,0
Haryana,Yamunanagar,2025-11-11,0,0.0,7,0.0,0,0.019958333333333335,0
Haryana,Yamunanagar,2025-11-12,0,0.0,7,0.0,0,0.023317307692307696,0
Haryana,Yamunanagar,2025-11-13,0,0.0,7,0.0,0,0.02766958041958042,0
Haryana,Yamunanagar,2025-11-14,0,0.0,7,0.0,0,0.02077564102564103,0
Haryana,Yamunanagar,2025-11-15,2,4.6,7,0.0,0,0.03808333333333333,0
Haryana,Yamunanagar,2025-11-16,0,0.0,7,1.0,0,0.08607449494949496,0
Haryana,Yamunanagar,2025-11-17,0,0.0,7,0.0,0,0.11112797619047617,0
Haryana,Yamunanagar,2025-11-18,0,0.0,7,2.0,0,0.07748809523809524,0
Haryana,Yamunanagar,2025-11-19,0,0.0,7,1.0,0,0.027233974358974358,0
Haryana,Yamunanagar,2025-11-20,0,0.0,7,2.0,0,0.049754807692307695,0
Haryana,Yamunanagar,2025-11-21,0,0.0,7,1.0,0,0.0059166666666666656,0
Haryana,Yamunanagar,2025-11-22,0,0.0,7,0.0,0,0.05114583333333334,0
Haryana,Yamunanagar,2025-11-23,1,1.39,7,0.0,0,0.042659569597069597,0
Punjab,Amritsar,2025-10-15,12,35.05,7,22.0,1,0.7034107142857142,1
Punjab,Amritsar,2025-10-16,16,68.16,7,16.0,1,0.8412886904761904,1
Punjab,Amritsar,2025-10-17,8,32.87,7,1.0,0,0.8293749999999999,1
Punjab,Amritsar,2025-10-18,6,21.91,7,13.0,1,0.6603630952380953,1
Punjab,Amritsar,2025-10-19,45,240.68,7,22.0,1,0.8483333333333333,1
Punjab,Amritsar,2025-10-20,20,92.65,7,24.0,1,0.9531666666666667,1
Punjab,Amritsar,2025-10-21,19,88.28,7,6.0,1,0.9650833333333335,1
Punjab,Amritsar,2025-10-22,22,118.74,7,7.0,1,0.9434583333333331,1
Punjab,Amritsar,2025-10-23,16,66.03,7,23.0,1,0.9570833333333333,1
Punjab,Amritsar,2025-10-24,1,2.08,7,27.0,1,0.8307083333333332,1
Punjab,Amritsar,2025-10-25,13,47.41,7,37.0,1,0.8402276785714287,1
Punjab,Amritsar,2025-10-26,22,98.56,7,28.0,1,0.8832916666666667,1
Punjab,Amritsar,2025-10-27,24,90.37,7,9.0,1,0.9040833333333333,1
Punjab,Amritsar,2025-10-28,6,33.58,7,26.0,1,0.8713392857142859,1
Punjab,Amritsar,2025-10-29,7,37.73,7,29.0,1,0.8008273809523808,1
Punjab,Amritsar,2025-10-30,23,143.86,7,23.0,1,0.8298333333333336,1
Punjab,Amritsar,2025-10-31,27,94.06,7,8.0,1,0.9126666666666666,1
Punjab,Amritsar,2025-11-01,37,118.21,7,13.0,1,0.8368958333333335,1
Punjab,Amritsar,2025-11-02,28,109.47,7,15.0,1,0.8956696428571428,1
Punjab,Amritsar,2025-11-03,9,30.4,7,9.0,1,0.7581874999999999,1
Punjab,Amritsar,2025-11-04,26,112.51,7,7.0,1,0.7988869047619049,1
Punjab,Amritsar,2025-11-05,29,131.59,7,4.0,1,0.7930257936507938,1
Punjab,Amritsar,2025-11-06,23,109.0,7,2.0,0,0.7877500000000001,1
Punjab,Amritsar,2025-11-07,8,31.31,7,2.0,0,0.7825416666666668,1
Punjab,Amritsar,2025-11-08,13,70.85,7,2.0,0,0.771797619047619,1
Punjab,Amritsar,2025-11-09,15,46.38,7,6.0,1,0.6740069444444444,1
Punjab,Amritsar,2025-11-10,9,34.5,7,0.0,0,0.5632291666666666,1
Punjab,Amritsar,2025-11-11,7,14.15,7,0.0,0,0.3568630952380953,1
Punjab,Amritsar,2025-11-12,4,9.57,7,0.0,0,0.29162499999999997,1
Punjab,Amritsar,2025-11-13,2,5.67,7,0.0,0,0.3441478174603175,1
Punjab,Amritsar,2025-11-14,2,10.12,7,0.0,0,0.34329166666666666,1
Punjab,Amritsar,2025-11-15,2,8.0,7,1.0,0,0.3218472222222222,1
Punjab,Amritsar,2025-11-16,6,30.14,7,4.0,1,0.42269345238095235,1
Punjab,Amritsar,2025-11-17,0,0.0,7,0.0,0,0.23359036796536803,0
Punjab,Amritsar,2025-11-18,0,0.0,7,0.0,0,0.17451893939393937,0
Punjab,Amritsar,2025-11-19,0,0.0,7,0.0,0,0.21617919799498753,0
Punjab,Amritsar,2025-11-20,0,0.0,7,0.0,0,0.105,0
Punjab,Amritsar,2025-11-21,0,0.0,7,0.0,0,0.1682982456140351,0
Punjab,Amritsar,2025-11-22,1,3.81,7,0.0,0,0.06561309523809523,0
Punjab,Amritsar,2025-11-23,4,13.1,7,1.0,0,0.21872681704260657,0
Punjab,Barnala,2025-10-15,0,0.0,7,0.0,0,0.23411956064201978,0
Punjab,Barnala,2025-10-16,0,0.0,7,0.0,0,0.26500001352247265,0
Punjab,Barnala,2025-10-17,0,0.0,7,0.0,0,0.524252241536117,1
Punjab,Barnala,2025-10-18,0,0.0,7,0.0,0,0.3183559178305829,1
Punjab,Barnala,2025-10-19,0,0.0,7,3.0,1,0.36187100690817203,1
Punjab,Barnala,2025-10-20,0,0.0,7,2.0,0,0.36684643425859925,1
Punjab,Barnala,2025-10-21,0,0.0,7,1.0,0,0.3227115136236787,1
Punjab,Barnala,2025-10-22,0,0.0,7,3.0,1,0.3633893443713624,1
Punjab,Barnala,2025-10-23,0,0.0,7,3.0,1,0.314738269762277,1
Punjab,Barnala,2025-10-24,0,0.0,7,6.0,1,0.2895174843216639,1
Punjab,Barnala,2025-10-25,0,0.0,7,10.0,1,0.26885090784258747,0
Punjab,Barnala,2025-10-26,3,7.86,7,8.0,1,0.3680413614163614,1
Punjab,Barnala,2025-10-27,2,7.640000000000001,7,6.0,1,0.5751088911088911,1
Punjab,Barnala,2025-10-28,1,4.59,7,12.0,1,0.6319987720612721,1
Punjab,Barnala,2025-10-29,3,16.8,7,2.0,0,0.7355800398788206,1
Punjab,Barnala,2025-10-30,3,18.94,7,1.0,0,0.7664226190476191,1
Punjab,Barnala,2025-10-31,6,37.17,7,0.0,0,0.7759107142857146,1
Punjab,Barnala,2025-11-01,10,56.52,7,2.0,0,0.7628750000000004,1
Punjab,Barnala,2025-11-02,8,45.7,7,4.0,1,0.7329166666666665,1
Punjab,Barnala,2025-11-03,6,37.37,7,8.0,1,0.5704166666666667,1
Punjab,Barnala,2025-11-04,12,124.62,7,2.0,0,0.6408690476190476,1
Punjab,Barnala,2025-11-05,2,10.62,7,2.0,0,0.5256666666666666,1
Punjab,Barnala,2025-11-06,1,1.65,7,2.0,0,0.4055595238095238,1
Punjab,Barnala,2025-11-07,0,0.0,7,1.0,0,0.38122321428571426,1
Punjab,Barnala,2025-11-08,2,4.4,7,5.0,1,0.35764583333333333,1
Punjab,Barnala,2025-11-09,4,11.85,7,1.0,0,0.42059288847117815,1
Punjab,Barnala,2025-11-10,8,38.44,7,0.0,0,0.590264880952381,1
Punjab,Barnala,2025-11-11,2,5.19,7,0.0,0,0.36958333333333343,1
Punjab,Barnala,2025-11-12,2,39.4,7,0.0,0,0.4971097689075629,1
Punjab,Barnala,2025-11-13,2,15.18,7,0.0,0,0.47726785714285713,1
Punjab,Barnala,2025-11-14,1,3.39,7,0.0,0,0.2597559523809523,0
Punjab,Barnala,2025-11-15,5,33.09,7,0.0,0,0.4665297619047618,1
Punjab,Barnala,2025-11-16,1,1.66,7,0.0,0,0.26207142857142857,0
Punjab,Barnala,2025-11-17,0,0.0,7,0.0,0,0.24658522727272736,0
Punjab,Barnala,2025-11-18,0,0.0,7,0.0,0,0.19806060606060602,0
Punjab,Barnala,2025-11-19,0,0.0,7,0.0,0,0.11943812656641609,0
Punjab,Barnala,2025-11-20,0,0.0,7,0.0,0,0.16720300751879702,0
Punjab,Barnala,2025-11-21,0,0.0,7,0.0,0,0.02223214285714286,0
Punjab,Barnala,2025-11-22,0,0.0,7,0.0,0,0.1448339598997494,0
Punjab,Barnala,2025-11-23,0,0.0,7,0.0,0,0.03127976190476191,0
Punjab,Bathinda,2025-10-15,1,1.18,7,17.0,1,0.5147974733599735,1
Punjab,Bathinda,2025-10-16,0,0.0,7,3.0,1,0.4195899363794103,1
Punjab,Bathinda,2025-10-17,4,63.8,7,4.0,1,0.5619933608058608,1
Punjab,Bathinda,2025-10-18,0,0.0,7,7.0,1,0.5635357142857144,1
Punjab,Bathinda,2025-10-19,0,0.0,7,13.0,1,0.6140059523809522,1
Punjab,Bathinda,2025-10-20,5,17.72,7,8.0,1,0.6116936813186812,1
Punjab,Bathinda,2025-10-21,2,4.890000000000001,7,9.0,1,0.6534503968253967,1
Punjab,Bathinda,2025-10-22,17,87.66,7,13.0,1,0.8526235119047618,1
Punjab,Bathinda,2025-10-23,3,19.55,7,18.0,1,0.763557178932179,1
Punjab,Bathinda,2025-10-24,4,28.48,7,41.0,1,0.6961190476190476,1
Punjab,Bathinda,2025-10-25,7,29.89,7,26.0,1,0.71896626984127,1
Punjab,Bathinda,2025-10-26,13,74.64,7,30.0,1,0.900625,1
Punjab,Bathinda,2025-10-27,8,43.22,7,17.0,1,0.7558958333333332,1
Punjab,Bathinda,2025-10-28,9,58.940000000000005,7,27.0,1,0.8537916666666667,1
Punjab,Bathinda,2025-10-29,13,140.1,7,12.0,1,0.8126607142857144,1
Punjab,Bathinda,2025-10-30,18,127.21,7,24.0,1,0.9194583333333338,1
Punjab,Bathinda,2025-10-31,41,315.65000000000003,7,41.0,1,0.9614583333333334,1
Punjab,Bathinda,2025-11-01,26,202.89,7,20.0,1,0.9437083333333333,1
Punjab,Bathinda,2025-11-02,30,221.48,7,18.0,1,0.9250833333333334,1
Punjab,Bathinda,2025-11-03,17,79.41,7,35.0,1,0.7738333333333332,1
Punjab,Bathinda,2025-11-04,27,125.34,7,32.0,1,0.7781794871794869,1
Punjab,Bathinda,2025-11-05,12,44.44,7,15.0,1,0.8354722222222222,1
Punjab,Bathinda,2025-11-06,24,116.88,7,14.0,1,0.7800833333333332,1
Punjab,Bathinda,2025-11-07,41,237.32,7,20.0,1,0.9051250000000002,1
Punjab,Bathinda,2025-11-08,20,100.05,7,11.0,1,0.8850059523809525,1
Punjab,Bathinda,2025-11-09,18,112.56,7,37.0,1,0.8790892857142859,1
Punjab,Bathinda,2025-11-10,35,228.03,7,13.0,1,0.857482142857143,1
Punjab,Bathinda,2025-11-11,32,118.04,7,6.0,1,0.8338541666666666,1
Punjab,Bathinda,2025-11-12,15,44.18,7,6.0,1,0.857923611111111,1
Punjab,Bathinda,2025-11-13,14,69.72,7,7.0,1,0.8288749999999999,1
Punjab,Bathinda,2025-11-14,20,112.79,7,8.0,1,0.7964999999999999,1
Punjab,Bathinda,2025-11-15,11,34.54,7,7.0,1,0.7608611111111115,1
Punjab,Bathinda,2025-11-16,37,147.55,7,1.0,0,0.6442946428571428,1
Punjab,Bathinda,2025-11-17,13,55.79,7,1.0,0,0.7133154761904761,1
Punjab,Bathinda,2025-11-18,6,25.15,7,0.0,0,0.3353095238095238,1
Punjab,Bathinda,2025-11-19,6,39.8,7,1.0,0,0.2409523809523809,0
Punjab,Bathinda,2025-11-20,7,21.46,7,1.0,0,0.13773809523809524,0
Punjab,Bathinda,2025-11-21,8,30.63,7,0.0,0,0.14616666666666667,0
Punjab,Bathinda,2025-11-22,7,37.75,7,1.0,0,0.13158333333333336,0
Punjab,Bathinda,2025-11-23,1,1.89,7,1.0,0,0.1421547619047619,0
Punjab,Faridkot,2025-10-15,0,0.0,7,5.0,1,0.1968059922659515,0
Punjab,Faridkot,2025-10-16,1,2.22,7,1.0,0,0.41264583444132,1
Punjab,Faridkot,2025-10-17,1,5.47,7,2.0,0,0.5859730496112074,1
Punjab,Faridkot,2025-10-18,0,0.0,7,5.0,1,0.5197026186317983,1
Punjab,Faridkot,2025-10-19,1,5.6,7,5.0,1,0.5411602564102564,1
Punjab,Faridkot,2025-10-20,0,0.0,7,3.0,1,0.5834239358136418,1
Punjab,Faridkot,2025-10-21,2,7.15,7,2.0,0,0.5432751831501832,1
Punjab,Faridkot,2025-10-22,5,24.04,7,9.0,1,0.7757760989010989,1
Punjab,Faridkot,2025-10-23,1,6.57,7,5.0,1,0.6926666666666665,1
Punjab,Faridkot,2025-10-24,2,5.51,7,9.0,1,0.6252500000000001,1
Punjab,Faridkot,2025-10-25,5,26.76,7,4.0,1,0.7614126082251083,1
Punjab,Faridkot,2025-10-26,5,17.33,7,8.0,1,0.7950000000000002,1
Punjab,Faridkot,2025-10-27,3,11.5,7,0.0,0,0.7383055555555554,1
Punjab,Faridkot,2025-10-28,2,8.79,7,11.0,1,0.6532083333333335,1
Punjab,Faridkot,2025-10-29,9,88.17,7,12.0,1,0.8370997023809522,1
Punjab,Faridkot,2025-10-30,5,17.3,7,19.0,1,0.7806904761904767,1
Punjab,Faridkot,2025-10-31,9,39.27,7,8.0,1,0.7056220238095239,1
Punjab,Faridkot,2025-11-01,4,28.95,7,15.0,1,0.537595238095238,1
Punjab,Faridkot,2025-11-02,8,50.22,7,20.0,1,0.7015223214285714,1
Punjab,Faridkot,2025-11-03,0,0.0,7,3.0,1,0.4228392857142859,1
Punjab,Faridkot,2025-11-04,11,61.760000000000005,7,9.0,1,0.6485208333333335,1
Punjab,Faridkot,2025-11-05,12,48.12,7,3.0,1,0.5479166666666666,1
Punjab,Faridkot,2025-11-06,19,138.35,7,4.0,1,0.6616190476190476,1
Punjab,Faridkot,2025-11-07,8,23.32,7,0.0,0,0.6833958333333335,1
Punjab,Faridkot,2025-11-08,15,90.21,7,2.0,0,0.6980803571428573,1
Punjab,Faridkot,2025-11-09,20,190.47,7,7.0,1,0.8120625,1
Punjab,Faridkot,2025-11-10,3,10.91,7,4.0,1,0.6536845238095239,1
Punjab,Faridkot,2025-11-11,9,65.49,7,0.0,0,0.6092232142857145,1
Punjab,Faridkot,2025-11-12,3,11.0,7,2.0,0,0.5139583333333332,1
Punjab,Faridkot,2025-11-13,4,12.6,7,2.0,0,0.3331696428571429,1
Punjab,Faridkot,2025-11-14,0,0.0,7,0.0,0,0.31758333333333333,1
Punjab,Faridkot,2025-11-15,2,6.69,7,0.0,0,0.2793273809523809,0
Punjab,Faridkot,2025-11-16,7,34.44,7,0.0,0,0.5043988095238096,1
Punjab,Faridkot,2025-11-17,4,30.05,7,0.0,0,0.4924761904761906,1
Punjab,Faridkot,2025-11-18,0,0.0,7,0.0,0,0.16575000000000004,0
Punjab,Faridkot,2025-11-19,2,17.740000000000002,7,0.0,0,0.21004166666666663,0
Punjab,Faridkot,2025-11-20,2,11.43,7,0.0,0,0.12289285714285715,0
Punjab,Faridkot,2025-11-21,0,0.0,7,0.0,0,0.14759523809523814,0
Punjab,Faridkot,2025-11-22,0,0.0,7,0.0,0,0.17104274891774884,0
Punjab,Faridkot,2025-11-23,0,0.0,7,0.0,0,0.125655388471178,0
Punjab,Fatehgarh Sahib,2025-10-15,0,0.0,7,2.0,0,0.34634223963171334,1
Punjab,Fatehgarh Sahib,2025-10-16,0,0.0,7,0.0,0,0.462167467766152,1
Punjab,Fatehgarh Sahib,2025-10-17,0,0.0,7,0.0,0,0.5579193441577344,1
Punjab,Fatehgarh Sahib,2025-10-18,0,0.0,7,0.0,0,0.49754664158051687,1
Punjab,Fatehgarh Sahib,2025-10-19,4,20.89,7,14.0,1,0.6489977106227107,1
Punjab,Fatehgarh Sahib,2025-10-20,1,1.79,7,3.0,1,0.7739164307914307,1
Punjab,Fatehgarh Sahib,2025-10-21,6,26.86,7,4.0,1,0.7539364177489176,1
Punjab,Fatehgarh Sahib,2025-10-22,2,12.03,7,3.0,1,0.7686900553150554,1
Punjab,Fatehgarh Sahib,2025-10-23,0,0.0,7,0.0,0,0.625304232804233,1
Punjab,Fatehgarh Sahib,2025-10-24,0,0.0,7,5.0,1,0.6754934210526317,1
Punjab,Fatehgarh Sahib,2025-10-25,0,0.0,7,8.0,1,0.5557747761497764,1
Punjab,Fatehgarh Sahib,2025-10-26,14,44.94,7,5.0,1,0.7648750000000001,1
Punjab,Fatehgarh Sahib,2025-10-27,3,49.03,7,1.0,0,0.8049761904761905,1
Punjab,Fatehgarh Sahib,2025-10-28,4,19.14,7,3.0,1,0.6879583333333332,1
Punjab,Fatehgarh Sahib,2025-10-29,3,33.61,7,6.0,1,0.7206130952380952,1
Punjab,Fatehgarh Sahib,2025-10-30,0,0.0,7,6.0,1,0.585922619047619,1
Punjab,Fatehgarh Sahib,2025-10-31,5,28.4,7,8.0,1,0.7228690476190475,1
Punjab,Fatehgarh Sahib,2025-11-01,8,57.0,7,8.0,1,0.7205148809523811,1
Punjab,Fatehgarh Sahib,2025-11-02,5,30.47,7,5.0,1,0.5495714285714285,1
Punjab,Fatehgarh Sahib,2025-11-03,1,4.68,7,1.0,0,0.3378750000000001,1
Punjab,Fatehgarh Sahib,2025-11-04,3,19.16,7,3.0,1,0.478202380952381,1
Punjab,Fatehgarh Sahib,2025-11-05,6,19.16,7,1.0,0,0.4422619047619049,1
Punjab,Fatehgarh Sahib,2025-11-06,6,9.41,7,0.0,0,0.45633333333333326,1
Punjab,Fatehgarh Sahib,2025-11-07,8,23.52,7,2.0,0,0.41458928571428566,1
Punjab,Fatehgarh Sahib,2025-11-08,8,33.71,7,3.0,1,0.5494166666666666,1
Punjab,Fatehgarh Sahib,2025-11-09,5,24.72,7,4.0,1,0.4389940476190475,1
Punjab,Fatehgarh Sahib,2025-11-10,1,3.45,7,1.0,0,0.3112619047619048,1
Punjab,Fatehgarh Sahib,2025-11-11,3,7.37,7,1.0,0,0.32972619047619056,1
Punjab,Fatehgarh Sahib,2025-11-12,1,7.2,7,6.0,1,0.3771666666666666,1
Punjab,Fatehgarh Sahib,2025-11-13,0,0.0,7,3.0,1,0.40337689393939413,1
Punjab,Fatehgarh Sahib,2025-11-14,2,4.34,7,0.0,0,0.20777083333333335,0
Punjab,Fatehgarh Sahib,2025-11-15,3,6.069999999999999,7,0.0,0,0.2788607456140352,0
Punjab,Fatehgarh Sahib,2025-11-16,4,6.75,7,0.0,0,0.24506547619047622,0
Punjab,Fatehgarh Sahib,2025-11-17,1,3.37,7,0.0,0,0.24080952380952378,0
Punjab,Fatehgarh Sahib,2025-11-18,1,3.68,7,0.0,0,0.11326930894308944,0
Punjab,Fatehgarh Sahib,2025-11-19,6,22.45,7,0.0,0,0.1711130952380952,0
Punjab,Fatehgarh Sahib,2025-11-20,3,3.65,7,1.0,0,0.17751190476190473,0
Punjab,Fatehgarh Sahib,2025-11-21,0,0.0,7,0.0,0,0.19732396262274313,0
Punjab,Fatehgarh Sahib,2025-11-22,0,0.0,7,0.0,0,0.22119301024179083,0
Punjab,Fatehgarh Sahib,2025-11-23,0,0.0,7,0.0,0,0.12119047619047621,0
Punjab,Fazilka,2025-10-15,0,0.0,7,2.0,0,0.5019177489177491,1
Punjab,Fazilka,2025-10-16,2,8.14,7,0.0,0,0.5310003052503052,1
Punjab,Fazilka,2025-10-17,3,11.59,7,4.0,1,0.6607757034632036,1
Punjab,Fazilka,2025-10-18,0,0.0,7,0.0,0,0.671035173160173,1
Punjab,Fazilka,2025-10-19,4,18.04,7,7.0,1,0.7208333333333333,1
Punjab,Fazilka,2025-10-20,7,33.6,7,1.0,0,0.7870643939393941,1
Punjab,Fazilka,2025-10-21,4,18.44,7,2.0,0,0.8271309523809524,1
Punjab,Fazilka,2025-10-22,2,40.43,7,4.0,1,0.8036845238095236,1
Punjab,Fazilka,2025-10-23,0,0.0,7,5.0,1,0.5532499999999999,1
Punjab,Fazilka,2025-10-24,4,27.34,7,10.0,1,0.7358928571428568,1
Punjab,Fazilka,2025-10-25,0,0.0,7,12.0,1,0.6624067460317461,1
Punjab,Fazilka,2025-10-26,7,29.8,7,13.0,1,0.7595277777777776,1
Punjab,Fazilka,2025-10-27,1,3.99,7,13.0,1,0.5899166666666665,1
Punjab,Fazilka,2025-10-28,2,11.98,7,16.0,1,0.6283382034632035,1
Punjab,Fazilka,2025-10-29,4,27.86,7,18.0,1,0.7063154761904761,1
Punjab,Fazilka,2025-10-30,5,24.56,7,25.0,1,0.7966875000000002,1
Punjab,Fazilka,2025-10-31,10,44.28,7,20.0,1,0.6036249999999999,1
Punjab,Fazilka,2025-11-01,12,57.93,7,24.0,1,0.7948869047619048,1
Punjab,Fazilka,2025-11-02,13,84.34,7,46.0,1,0.7090059523809525,1
Punjab,Fazilka,2025-11-03,13,134.76,7,17.0,1,0.6952886904761904,1
Punjab,Fazilka,2025-11-04,16,119.84,7,23.0,1,0.7632142857142858,1
Punjab,Fazilka,2025-11-05,18,102.75,7,14.0,1,0.8186249999999999,1
Punjab,Fazilka,2025-11-06,25,259.03000000000003,7,19.0,1,0.8148958333333334,1
Punjab,Fazilka,2025-11-07,20,154.25,7,29.0,1,0.8936041666666664,1
Punjab,Fazilka,2025-11-08,24,119.77,7,18.0,1,0.8447499999999998,1
Punjab,Fazilka,2025-11-09,46,255.47,7,29.0,1,0.9113571428571429,1
Punjab,Fazilka,2025-11-10,17,96.81,7,7.0,1,0.8974166666666668,1
Punjab,Fazilka,2025-11-11,23,189.2,7,3.0,1,0.8752738095238095,1
Punjab,Fazilka,2025-11-12,14,117.91,7,10.0,1,0.8961666666666668,1
Punjab,Fazilka,2025-11-13,19,143.35,7,1.0,0,0.8320059523809524,1
Punjab,Fazilka,2025-11-14,29,271.5,7,10.0,1,0.8800238095238099,1
Punjab,Fazilka,2025-11-15,18,61.9,7,4.0,1,0.8443333333333334,1
Punjab,Fazilka,2025-11-16,29,117.8,7,3.0,1,0.7840654761904762,1
Punjab,Fazilka,2025-11-17,7,33.87,7,0.0,0,0.7089918831168831,1
Punjab,Fazilka,2025-11-18,3,15.489999999999998,7,5.0,1,0.2394345238095238,0
Punjab,Fazilka,2025-11-19,10,25.72,7,1.0,0,0.2137083333333333,0
Punjab,Fazilka,2025-11-20,1,6.82,7,4.0,1,0.16912499999999997,0
Punjab,Fazilka,2025-11-21,10,59.63,7,2.0,0,0.24668749999999995,0
Punjab,Fazilka,2025-11-22,4,25.17,7,0.0,0,0.12901388888888887,0
Punjab,Fazilka,2025-11-23,3,33.96,7,5.0,1,0.21374999999999997,0
Punjab,Ferozepur,2025-10-15,3,12.61,7,18.0,1,0.6358799603174605,1
Punjab,Ferozepur,2025-10-16,9,81.17999999999999,7,5.0,1,0.8095302579365079,1
Punjab,Ferozepur,2025-10-17,7,33.97,7,7.0,1,0.7949880952380951,1
Punjab,Ferozepur,2025-10-18,10,29.47,7,12.0,1,0.7600297619047619,1
Punjab,Ferozepur,2025-10-19,7,76.3,7,25.0,1,0.781452380952381,1
Punjab,Ferozepur,2025-10-20,18,144.3,7,14.0,1,0.8707916666666666,1
Punjab,Ferozepur,2025-10-21,31,177.18,7,10.0,1,0.9342916666666667,1
Punjab,Ferozepur,2025-10-22,18,137.65,7,27.0,1,0.9725833333333334,1
Punjab,Ferozepur,2025-10-23,5,19.84,7,43.0,1,0.7958125000000001,1
Punjab,Ferozepur,2025-10-24,7,31.76,7,35.0,1,0.7222232142857142,1
Punjab,Ferozepur,2025-10-25,12,88.68,7,33.0,1,0.8163005952380952,1
Punjab,Ferozepur,2025-10-26,25,167.95,7,47.0,1,0.9047499999999999,1
Punjab,Ferozepur,2025-10-27,14,99.84,7,26.0,1,0.945125,1
Punjab,Ferozepur,2025-10-28,10,50.78,7,69.0,1,0.8895892857142857,1
Punjab,Ferozepur,2025-10-29,27,342.41,7,5.0,1,0.9526666666666668,1
Punjab,Ferozepur,2025-10-30,43,284.75,7,20.0,1,0.9822916666666667,1
Punjab,Ferozepur,2025-10-31,35,223.29,7,48.0,1,0.9806666666666668,1
Punjab,Ferozepur,2025-11-01,33,243.13,7,46.0,1,0.9590416666666668,1
Punjab,Ferozepur,2025-11-02,47,320.26,7,77.0,1,0.9537916666666666,1
Punjab,Ferozepur,2025-11-03,26,130.48,7,39.0,1,0.7008878205128204,1
Punjab,Ferozepur,2025-11-04,69,518.02,7,23.0,1,0.8256785714285714,1
Punjab,Ferozepur,2025-11-05,5,39.5,7,22.0,1,0.8164910714285719,1
Punjab,Ferozepur,2025-11-06,20,166.86,7,21.0,1,0.804,1
Punjab,Ferozepur,2025-11-07,48,253.48,7,12.0,1,0.872625,1
Punjab,Ferozepur,2025-11-08,46,301.38,7,20.0,1,0.901375,1
Punjab,Ferozepur,2025-11-09,77,484.15,7,19.0,1,0.9127559523809523,1
Punjab,Ferozepur,2025-11-10,39,197.49,7,2.0,0,0.8603571428571426,1
Punjab,Ferozepur,2025-11-11,23,143.03,7,4.0,1,0.8383749999999998,1
Punjab,Ferozepur,2025-11-12,22,96.13,7,1.0,0,0.8275952380952379,1
Punjab,Ferozepur,2025-11-13,21,122.98,7,1.0,0,0.8559761904761904,1
Punjab,Ferozepur,2025-11-14,12,70.94,7,1.0,0,0.8197678571428573,1
Punjab,Ferozepur,2025-11-15,20,267.89,7,3.0,1,0.7854553571428571,1
Punjab,Ferozepur,2025-11-16,19,94.6,7,0.0,0,0.8044561688311689,1
Punjab,Ferozepur,2025-11-17,2,7.55,7,2.0,0,0.6289799783549784,1
Punjab,Ferozepur,2025-11-18,4,10.27,7,1.0,0,0.2781704545454546,0
Punjab,Ferozepur,2025-11-19,1,4.64,7,0.0,0,0.17988888888888888,0
Punjab,Ferozepur,2025-11-20,1,3.39,7,1.0,0,0.15626388888888887,0
Punjab,Ferozepur,2025-11-21,1,3.06,7,0.0,0,0.1680019841269841,0
Punjab,Ferozepur,2025-11-22,3,9.88,7,0.0,0,0.2413333333333333,0
Punjab,Ferozepur,2025-11-23,0,0.0,7,0.0,0,0.2327838203463204,0
Punjab,Gurdaspur,2025-10-15,0,0.0,7,18.0,1,0.5217590187590186,1
Punjab,Gurdaspur,2025-10-16,1,3.49,7,5.0,1,0.7190652218152215,1
Punjab,Gurdaspur,2025-10-17,2,6.96,7,4.0,1,0.6859166666666667,1
Punjab,Gurdaspur,2025-10-18,3,11.97,7,7.0,1,0.7066030589780589,1
Punjab,Gurdaspur,2025-10-19,4,9.85,7,23.0,1,0.8076319444444442,1
Punjab,Gurdaspur,2025-10-20,10,38.04,7,9.0,1,0.8816160714285712,1
Punjab,Gurdaspur,2025-10-21,11,53.23,7,5.0,1,0.9211607142857143,1
Punjab,Gurdaspur,2025-10-22,18,68.9,7,0.0,0,0.9479166666666665,1
Punjab,Gurdaspur,2025-10-23,5,11.48,7,5.0,1,0.7595416666666667,1
Punjab,Gurdaspur,2025-10-24,4,15.14,7,10.0,1,0.798125,1
Punjab,Gurdaspur,2025-10-25,7,20.9,7,10.0,1,0.7226488095238092,1
Punjab,Gurdaspur,2025-10-26,23,92.27,7,6.0,1,0.8466249999999998,1
Punjab,Gurdaspur,2025-10-27,9,22.0,7,3.0,1,0.665110119047619,1
Punjab,Gurdaspur,2025-10-28,5,21.13,7,5.0,1,0.4761130952380951,1
Punjab,Gurdaspur,2025-10-29,0,0.0,7,2.0,0,0.5057529761904762,1
Punjab,Gurdaspur,2025-10-30,5,31.75,7,6.0,1,0.6650416666666666,1
Punjab,Gurdaspur,2025-10-31,10,31.14,7,6.0,1,0.5621309523809523,1
Punjab,Gurdaspur,2025-11-01,10,37.7,7,5.0,1,0.6920000000000001,1
Punjab,Gurdaspur,2025-11-02,6,26.83,7,4.0,1,0.4169583333333332,1
Punjab,Gurdaspur,2025-11-03,3,10.03,7,12.0,1,0.35252083333333334,1
Punjab,Gurdaspur,2025-11-04,5,22.94,7,6.0,1,0.4780773809523808,1
Punjab,Gurdaspur,2025-11-05,2,4.93,7,2.0,0,0.4536041666666666,1
Punjab,Gurdaspur,2025-11-06,6,27.17,7,0.0,0,0.5023630952380952,1
Punjab,Gurdaspur,2025-11-07,6,15.24,7,0.0,0,0.22742559523809522,0
Punjab,Gurdaspur,2025-11-08,5,17.650000000000002,7,0.0,0,0.37069940476190477,1
Punjab,Gurdaspur,2025-11-09,4,15.5,7,1.0,0,0.3587708333333333,1
Punjab,Gurdaspur,2025-11-10,12,49.24,7,0.0,0,0.5647619047619048,1
Punjab,Gurdaspur,2025-11-11,6,18.61,7,0.0,0,0.2730833333333333,0
Punjab,Gurdaspur,2025-11-12,2,4.21,7,0.0,0,0.3559936974789916,1
Punjab,Gurdaspur,2025-11-13,0,0.0,7,0.0,0,0.31865963203463205,1
Punjab,Gurdaspur,2025-11-14,0,0.0,7,0.0,0,0.23396536796536802,0
Punjab,Gurdaspur,2025-11-15,0,0.0,7,1.0,0,0.26179824561403503,0
Punjab,Gurdaspur,2025-11-16,1,3.47,7,0.0,0,0.17746491228070174,0
Punjab,Gurdaspur,2025-11-17,0,0.0,7,0.0,0,0.24323872180451145,0
Punjab,Gurdaspur,2025-11-18,0,0.0,7,0.0,0,0.1164404761904762,0
Punjab,Gurdaspur,2025-11-19,0,0.0,7,0.0,0,0.07320833333333333,0
Punjab,Gurdaspur,2025-11-20,0,0.0,7,0.0,0,0.046422619047619046,0
Punjab,Gurdaspur,2025-11-21,0,0.0,7,0.0,0,0.07692147435897435,0
Punjab,Gurdaspur,2025-11-22,1,3.23,7,1.0,0,0.09111904761904763,0
Punjab,Gurdaspur,2025-11-23,0,0.0,7,0.0,0,0.08372348484848485,0
Punjab,Hoshiarpur,2025-10-15,0,0.0,7,1.0,0,0.22122942300188214,0
Punjab,Hoshiarpur,2025-10-16,0,0.0,7,0.0,0,0.44789878616795575,1
Punjab,Hoshiarpur,2025-10-17,0,0.0,7,3.0,1,0.5310533570872326,1
Punjab,Hoshiarpur,2025-10-18,0,0.0,7,1.0,0,0.5232528520367274,1
Punjab,Hoshiarpur,2025-10-19,0,0.0,7,3.0,1,0.46650285203672764,1
Punjab,Hoshiarpur,2025-10-20,0,0.0,7,1.0,0,0.41715390456606954,1
Punjab,Hoshiarpur,2025-10-21,1,2.05,7,1.0,0,0.5563749507197782,1
Punjab,Hoshiarpur,2025-10-22,1,1.95,7,2.0,0,0.6685858534740114,1
Punjab,Hoshiarpur,2025-10-23,0,0.0,7,1.0,0,0.4488713957611018,1
Punjab,Hoshiarpur,2025-10-24,3,8.99,7,7.0,1,0.5538699633699633,1
Punjab,Hoshiarpur,2025-10-25,1,3.5,7,11.0,1,0.8418119334369333,1
Punjab,Hoshiarpur,2025-10-26,3,8.4,7,2.0,0,0.684727106227106,1
Punjab,Hoshiarpur,2025-10-27,1,1.99,7,0.0,0,0.7079017857142857,1
Punjab,Hoshiarpur,2025-10-28,1,1.76,7,3.0,1,0.581179487179487,1
Punjab,Hoshiarpur,2025-10-29,2,9.41,7,1.0,0,0.6905521978021977,1
Punjab,Hoshiarpur,2025-10-30,1,4.77,7,0.0,0,0.6253469863469864,1
Punjab,Hoshiarpur,2025-10-31,7,13.48,7,0.0,0,0.5700710470085472,1
Punjab,Hoshiarpur,2025-11-01,11,59.01,7,0.0,0,0.8142916666666666,1
Punjab,Hoshiarpur,2025-11-02,2,4.35,7,0.0,0,0.5197916666666668,1
Punjab,Hoshiarpur,2025-11-03,0,0.0,7,1.0,0,0.5814791666666668,1
Punjab,Hoshiarpur,2025-11-04,3,9.78,7,4.0,1,0.5601785714285714,1
Punjab,Hoshiarpur,2025-11-05,1,0.53,7,1.0,0,0.4394880952380952,1
Punjab,Hoshiarpur,2025-11-06,0,0.0,7,1.0,0,0.4863452380952383,1
Punjab,Hoshiarpur,2025-11-07,0,0.0,7,0.0,0,0.32702272727272713,1
Punjab,Hoshiarpur,2025-11-08,0,0.0,7,1.0,0,0.29562265037593977,1
Punjab,Hoshiarpur,2025-11-09,0,0.0,7,0.0,0,0.1758557692307692,0
Punjab,Hoshiarpur,2025-11-10,1,3.59,7,1.0,0,0.10965903540903542,0
Punjab,Hoshiarpur,2025-11-11,4,13.02,7,1.0,0,0.3025343406593407,1
Punjab,Hoshiarpur,2025-11-12,1,2.58,7,1.0,0,0.3750530303030304,1
Punjab,Hoshiarpur,2025-11-13,1,4.07,7,0.0,0,0.21925422861452273,0
Punjab,Hoshiarpur,2025-11-14,0,0.0,7,0.0,0,0.2065938644688644,0
Punjab,Hoshiarpur,2025-11-15,1,5.82,7,0.0,0,0.157867673992674,0
Punjab,Hoshiarpur,2025-11-16,0,0.0,7,0.0,0,0.2461755952380953,0
Punjab,Hoshiarpur,2025-11-17,1,2.83,7,2.0,0,0.15499267399267405,0
Punjab,Hoshiarpur,2025-11-18,1,3.42,7,0.0,0,0.17848734817813763,0
Punjab,Hoshiarpur,2025-11-19,1,3.11,7,2.0,0,0.14011496836496837,0
Punjab,Hoshiarpur,2025-11-20,0,0.0,7,1.0,0,0.16731410256410256,0
Punjab,Hoshiarpur,2025-11-21,0,0.0,7,0.0,0,0.11786767399267398,0
Punjab,Hoshiarpur,2025-11-22,0,0.0,7,0.0,0,0.14032005494505498,0
Punjab,Hoshiarpur,2025-11-23,0,0.0,7,0.0,0,0.08996543040293041,0
Punjab,Jalandhar,2025-10-15,0,0.0,7,4.0,1,0.37018531396764165,1
Punjab,Jalandhar,2025-10-16,0,0.0,7,1.0,0,0.5006427209612325,1
Punjab,Jalandhar,2025-10-17,4,14.38,7,0.0,0,0.6183949789371749,1
Punjab,Jalandhar,2025-10-18,2,9.96,7,8.0,1,0.7718364297739297,1
Punjab,Jalandhar,2025-10-19,0,0.0,7,12.0,1,0.7711121031746029,1
Punjab,Jalandhar,2025-10-20,2,9.15,7,8.0,1,0.732369708994709,1
Punjab,Jalandhar,2025-10-21,3,16.41,7,6.0,1,0.8156535339660341,1
Punjab,Jalandhar,2025-10-22,4,15.63,7,12.0,1,0.8462893518518518,1
Punjab,Jalandhar,2025-10-23,1,2.67,7,5.0,1,0.7620810185185186,1
Punjab,Jalandhar,2025-10-24,0,0.0,7,13.0,1,0.7102612781954886,1
Punjab,Jalandhar,2025-10-25,8,94.87,7,18.0,1,0.847886904761905,1
Punjab,Jalandhar,2025-10-26,12,45.35,7,15.0,1,0.9077083333333336,1
Punjab,Jalandhar,2025-10-27,8,36.98,7,5.0,1,0.8698035714285713,1
Punjab,Jalandhar,2025-10-28,6,29.52,7,9.0,1,0.7420416666666667,1
Punjab,Jalandhar,2025-10-29,12,42.22,7,8.0,1,0.7729107142857146,1
Punjab,Jalandhar,2025-10-30,5,25.29,7,11.0,1,0.6943005952380953,1
Punjab,Jalandhar,2025-10-31,13,70.91,7,16.0,1,0.7366250000000001,1
Punjab,Jalandhar,2025-11-01,18,79.67999999999999,7,5.0,1,0.6666250000000002,1
Punjab,Jalandhar,2025-11-02,15,97.69,7,9.0,1,0.6819940476190475,1
Punjab,Jalandhar,2025-11-03,5,47.65,7,16.0,1,0.6607500000000001,1
Punjab,Jalandhar,2025-11-04,9,61.24,7,19.0,1,0.6824166666666668,1
Punjab,Jalandhar,2025-11-05,8,5.93,7,10.0,1,0.5409583333333332,1
Punjab,Jalandhar,2025-11-06,11,34.28,7,4.0,1,0.4671190476190476,1
Punjab,Jalandhar,2025-11-07,16,78.03,7,1.0,0,0.5182500000000001,1
Punjab,Jalandhar,2025-11-08,5,17.88,7,2.0,0,0.4282499999999999,1
Punjab,Jalandhar,2025-11-09,9,30.61,7,4.0,1,0.35525,1
Punjab,Jalandhar,2025-11-10,16,64.49,7,1.0,0,0.5522083333333334,1
Punjab,Jalandhar,2025-11-11,19,152.87,7,1.0,0,0.6156250000000001,1
Punjab,Jalandhar,2025-11-12,10,33.88,7,1.0,0,0.6885138888888889,1
Punjab,Jalandhar,2025-11-13,4,17.48,7,0.0,0,0.47176785714285707,1
Punjab,Jalandhar,2025-11-14,1,1.66,7,1.0,0,0.3120416666666667,1
Punjab,Jalandhar,2025-11-15,2,7.02,7,0.0,0,0.2667083333333332,0
Punjab,Jalandhar,2025-11-16,4,21.23,7,0.0,0,0.37314583333333323,1
Punjab,Jalandhar,2025-11-17,1,1.76,7,7.0,1,0.207906746031746,0
Punjab,Jalandhar,2025-11-18,1,2.9,7,0.0,0,0.16692460317460311,0
Punjab,Jalandhar,2025-11-19,1,4.82,7,1.0,0,0.17599404761904758,0
Punjab,Jalandhar,2025-11-20,0,0.0,7,0.0,0,0.09210524891774893,0
Punjab,Jalandhar,2025-11-21,1,3.67,7,2.0,0,0.14514430894308944,0
Punjab,Jalandhar,2025-11-22,0,0.0,7,0.0,0,0.15579464285714287,0
Punjab,Jalandhar,2025-11-23,0,0.0,7,0.0,0,0.13192370129870132,0
Punjab,Kapurthala,2025-10-15,0,0.0,7,6.0,1,0.45232417363338406,1
Punjab,Kapurthala,2025-10-16,2,19.36,7,5.0,1,0.6283449167791272,1
Punjab,Kapurthala,2025-10-17,0,0.0,7,2.0,0,0.795383507696008,1
Punjab,Kapurthala,2025-10-18,1,2.11,7,8.0,1,0.7321408730158728,1
Punjab,Kapurthala,2025-10-19,0,0.0,7,13.0,1,0.6481271206863309,1
Punjab,Kapurthala,2025-10-20,0,0.0,7,14.0,1,0.49235463328381274,1
Punjab,Kapurthala,2025-10-21,18,162.19,7,3.0,1,0.8155952380952382,1
Punjab,Kapurthala,2025-10-22,6,27.200000000000003,7,18.0,1,0.9240909090909092,1
Punjab,Kapurthala,2025-10-23,5,18.61,7,12.0,1,0.7972976190476189,1
Punjab,Kapurthala,2025-10-24,2,13.5,7,31.0,1,0.8184821428571429,1
Punjab,Kapurthala,2025-10-25,8,66.05,7,35.0,1,0.8448525883838386,1
Punjab,Kapurthala,2025-10-26,13,79.31,7,26.0,1,0.9121488095238098,1
Punjab,Kapurthala,2025-10-27,14,51.09,7,11.0,1,0.8366904761904763,1
Punjab,Kapurthala,2025-10-28,3,15.39,7,11.0,1,0.5564791666666666,1
Punjab,Kapurthala,2025-10-29,18,131.55,7,0.0,0,0.8238794642857143,1
Punjab,Kapurthala,2025-10-30,12,41.96,7,5.0,1,0.8372797619047619,1
Punjab,Kapurthala,2025-10-31,31,101.58,7,14.0,1,0.8166011904761907,1
Punjab,Kapurthala,2025-11-01,35,154.07,7,10.0,1,0.9029583333333333,1
Punjab,Kapurthala,2025-11-02,26,154.72,7,9.0,1,0.9007083333333332,1
Punjab,Kapurthala,2025-11-03,11,44.88,7,6.0,1,0.7759166666666667,1
Punjab,Kapurthala,2025-11-04,11,57.36,7,8.0,1,0.8115000000000001,1
Punjab,Kapurthala,2025-11-05,0,0.0,7,2.0,0,0.7378809523809524,1
Punjab,Kapurthala,2025-11-06,5,15.38,7,2.0,0,0.46552976190476186,1
Punjab,Kapurthala,2025-11-07,14,53.81,7,0.0,0,0.503625,1
Punjab,Kapurthala,2025-11-08,10,44.3,7,2.0,0,0.5838541666666667,1
Punjab,Kapurthala,2025-11-09,9,34.25,7,4.0,1,0.5238333333333334,1
Punjab,Kapurthala,2025-11-10,6,32.980000000000004,7,0.0,0,0.48488988095238084,1
Punjab,Kapurthala,2025-11-11,8,22.67,7,1.0,0,0.30274999999999996,1
Punjab,Kapurthala,2025-11-12,2,11.84,7,1.0,0,0.4058363095238095,1
Punjab,Kapurthala,2025-11-13,2,4.36,7,0.0,0,0.1943333333333333,0
Punjab,Kapurthala,2025-11-14,0,0.0,7,1.0,0,0.3640030663780663,1
Punjab,Kapurthala,2025-11-15,2,10.1,7,0.0,0,0.39637500000000003,1
Punjab,Kapurthala,2025-11-16,4,17.630000000000003,7,0.0,0,0.4146249999999999,1
Punjab,Kapurthala,2025-11-17,0,0.0,7,0.0,0,0.22691774891774902,0
Punjab,Kapurthala,2025-11-18,1,3.46,7,0.0,0,0.12485119047619049,0
Punjab,Kapurthala,2025-11-19,1,0.67,7,0.0,0,0.2355482456140351,0
Punjab,Kapurthala,2025-11-20,0,0.0,7,1.0,0,0.13929166666666667,0
Punjab,Kapurthala,2025-11-21,1,1.36,7,3.0,1,0.16326038037166085,0
Punjab,Kapurthala,2025-11-22,0,0.0,7,0.0,0,0.09520238095238095,0
Punjab,Kapurthala,2025-11-23,0,0.0,7,0.0,0,0.10022727272727273,0
Punjab,Ludhiana,2025-10-15,2,4.0200000000000005,7,1.0,0,0.4492930541680542,1
Punjab,Ludhiana,2025-10-16,0,0.0,7,0.0,0,0.5167871227213333,1
Punjab,Ludhiana,2025-10-17,0,0.0,7,1.0,0,0.5714249463986306,1
Punjab,Ludhiana,2025-10-18,0,0.0,7,6.0,1,0.6563771367521367,1
Punjab,Ludhiana,2025-10-19,1,1.78,7,4.0,1,0.4662261755183716,1
Punjab,Ludhiana,2025-10-20,0,0.0,7,7.0,1,0.5763305236430234,1
Punjab,Ludhiana,2025-10-21,0,0.0,7,8.0,1,0.5457004850928223,1
Punjab,Ludhiana,2025-10-22,1,2.57,7,7.0,1,0.598612854057707,1
Punjab,Ludhiana,2025-10-23,0,0.0,7,2.0,0,0.4166957380854439,1
Punjab,Ludhiana,2025-10-24,1,1.54,7,21.0,1,0.43159103396603393,1
Punjab,Ludhiana,2025-10-25,6,21.11,7,19.0,1,0.6325320512820514,1
Punjab,Ludhiana,2025-10-26,4,15.24,7,33.0,1,0.8599096320346322,1
Punjab,Ludhiana,2025-10-27,7,13.43,7,13.0,1,0.6472559523809523,1
Punjab,Ludhiana,2025-10-28,8,36.38,7,31.0,1,0.8182420634920636,1
Punjab,Ludhiana,2025-10-29,7,41.97,7,33.0,1,0.8541607142857142,1
Punjab,Ludhiana,2025-10-30,2,12.87,7,39.0,1,0.6388928571428572,1
Punjab,Ludhiana,2025-10-31,21,66.55,7,50.0,1,0.7331502976190475,1
Punjab,Ludhiana,2025-11-01,19,87.58,7,33.0,1,0.7896666666666667,1
Punjab,Ludhiana,2025-11-02,33,183.02,7,32.0,1,0.8191428571428573,1
Punjab,Ludhiana,2025-11-03,13,65.13,7,34.0,1,0.7696666666666665,1
Punjab,Ludhiana,2025-11-04,31,162.89,7,21.0,1,0.7164999999999999,1
Punjab,Ludhiana,2025-11-05,33,192.2,7,8.0,1,0.817576388888889,1
Punjab,Ludhiana,2025-11-06,39,178.28,7,21.0,1,0.7867500000000001,1
Punjab,Ludhiana,2025-11-07,50,245.07,7,5.0,1,0.8174166666666666,1
Punjab,Ludhiana,2025-11-08,33,173.89,7,15.0,1,0.8430416666666666,1
Punjab,Ludhiana,2025-11-09,32,147.52,7,13.0,1,0.8109583333333332,1
Punjab,Ludhiana,2025-11-10,34,117.03,7,6.0,1,0.8409702380952381,1
Punjab,Ludhiana,2025-11-11,21,76.25,7,1.0,0,0.8064166666666668,1
Punjab,Ludhiana,2025-11-12,8,21.61,7,0.0,0,0.7263125000000001,1
Punjab,Ludhiana,2025-11-13,21,102.31,7,6.0,1,0.7618750000000002,1
Punjab,Ludhiana,2025-11-14,5,24.01,7,1.0,0,0.6772351190476192,1
Punjab,Ludhiana,2025-11-15,15,41.52,7,1.0,0,0.5562291666666669,1
Punjab,Ludhiana,2025-11-16,13,48.39,7,1.0,0,0.475407738095238,1
Punjab,Ludhiana,2025-11-17,6,20.63,7,0.0,0,0.2551626984126984,0
Punjab,Ludhiana,2025-11-18,1,2.8,7,3.0,1,0.20364880952380957,0
Punjab,Ludhiana,2025-11-19,0,0.0,7,0.0,0,0.22404870129870133,0
Punjab,Ludhiana,2025-11-20,6,36.79,7,0.0,0,0.21238392857142854,0
Punjab,Ludhiana,2025-11-21,1,0.59,7,3.0,1,0.22522619047619055,0
Punjab,Ludhiana,2025-11-22,1,2.19,7,0.0,0,0.23051984126984124,0
Punjab,Ludhiana,2025-11-23,1,3.43,7,0.0,0,0.21183928571428573,0
Punjab,Malerkotla,2025-10-15,0,0.0,7,0.0,0,0.21261475294971213,0
Punjab,Malerkotla,2025-10-16,0,0.0,7,0.0,0,0.3395400757993772,1
Punjab,Malerkotla,2025-10-17,0,0.0,7,0.0,0,0.4582382000220756,1
Punjab,Malerkotla,2025-10-18,0,0.0,7,0.0,0,0.42825027017616046,1
Punjab,Malerkotla,2025-10-19,0,0.0,7,2.0,0,0.40999402278118774,1
Punjab,Malerkotla,2025-10-20,0,0.0,7,1.0,0,0.4067055612427262,1
Punjab,Malerkotla,2025-10-21,0,0.0,7,1.0,0,0.37598242326958825,1
Punjab,Malerkotla,2025-10-22,0,0.0,7,6.0,1,0.3631660537730718,1
Punjab,Malerkotla,2025-10-23,0,0.0,7,4.0,1,0.2892868808733881,1
Punjab,Malerkotla,2025-10-24,0,0.0,7,11.0,1,0.2866980398772195,0
Punjab,Malerkotla,2025-10-25,0,0.0,7,8.0,1,0.2610453522870319,0
Punjab,Malerkotla,2025-10-26,2,5.55,7,14.0,1,0.32500564713064706,1
Punjab,Malerkotla,2025-10-27,1,6.63,7,7.0,1,0.40790705128205135,1
Punjab,Malerkotla,2025-10-28,1,4.08,7,12.0,1,0.4773207417582418,1
Punjab,Malerkotla,2025-10-29,6,34.94,7,4.0,1,0.7408296703296706,1
Punjab,Malerkotla,2025-10-30,4,23.77,7,6.0,1,0.8451041666666668,1
Punjab,Malerkotla,2025-10-31,11,36.73,7,10.0,1,0.8321190476190478,1
Punjab,Malerkotla,2025-11-01,8,34.84,7,7.0,1,0.7739285714285715,1
Punjab,Malerkotla,2025-11-02,14,95.62,7,6.0,1,0.7689107142857143,1
Punjab,Malerkotla,2025-11-03,7,24.62,7,11.0,1,0.5510416666666667,1
Punjab,Malerkotla,2025-11-04,12,73.54,7,3.0,1,0.6013333333333333,1
Punjab,Malerkotla,2025-11-05,4,25.35,7,6.0,1,0.5567916666666666,1
Punjab,Malerkotla,2025-11-06,6,14.16,7,1.0,0,0.3097976190476191,1
Punjab,Malerkotla,2025-11-07,10,37.27,7,1.0,0,0.41051785714285705,1
Punjab,Malerkotla,2025-11-08,7,21.61,7,1.0,0,0.36174999999999996,1
Punjab,Malerkotla,2025-11-09,6,21.06,7,1.0,0,0.33595833333333336,1
Punjab,Malerkotla,2025-11-10,11,41.59,7,0.0,0,0.4913095238095238,1
Punjab,Malerkotla,2025-11-11,3,6.94,7,0.0,0,0.29087499999999994,1
Punjab,Malerkotla,2025-11-12,6,40.16,7,0.0,0,0.4997440476190475,1
Punjab,Malerkotla,2025-11-13,1,1.8,7,0.0,0,0.2571428571428572,0
Punjab,Malerkotla,2025-11-14,1,3.34,7,0.0,0,0.23234126984126988,0
Punjab,Malerkotla,2025-11-15,1,8.85,7,1.0,0,0.3310178571428572,1
Punjab,Malerkotla,2025-11-16,1,1.52,7,0.0,0,0.2219821428571429,0
Punjab,Malerkotla,2025-11-17,0,0.0,7,0.0,0,0.23232638888888896,0
Punjab,Malerkotla,2025-11-18,0,0.0,7,0.0,0,0.10277634357512408,0
Punjab,Malerkotla,2025-11-19,0,0.0,7,0.0,0,0.11284288847117795,0
Punjab,Malerkotla,2025-11-20,0,0.0,7,0.0,0,0.0811785714285714,0
Punjab,Malerkotla,2025-11-21,0,0.0,7,2.0,0,0.048791666666666664,0
Punjab,Malerkotla,2025-11-22,1,4.83,7,0.0,0,0.08717559523809525,0
Punjab,Malerkotla,2025-11-23,0,0.0,7,7.0,1,0.06887499999999999,0
Punjab,Mansa,2025-10-15,0,0.0,7,2.0,0,0.2695803348698086,0
Punjab,Mansa,2025-10-16,0,0.0,7,6.0,1,0.2896848703323295,1
Punjab,Mansa,2025-10-17,0,0.0,7,0.0,0,0.5047485796152591,1
Punjab,Mansa,2025-10-18,0,0.0,7,0.0,0,0.33931196178662704,1
Punjab,Mansa,2025-10-19,0,0.0,7,1.0,0,0.41826592633772763,1
Punjab,Mansa,2025-10-20,5,22.81,7,2.0,0,0.5462710502217081,1
Punjab,Mansa,2025-10-21,5,23.85,7,2.0,0,0.7419976851851854,1
Punjab,Mansa,2025-10-22,2,3.5900000000000003,7,9.0,1,0.7221574074074074,1
Punjab,Mansa,2025-10-23,6,58.6,7,19.0,1,0.745355654761905,1
Punjab,Mansa,2025-10-24,0,0.0,7,19.0,1,0.6250079365079365,1
Punjab,Mansa,2025-10-25,0,0.0,7,22.0,1,0.6755000000000001,1
Punjab,Mansa,2025-10-26,1,3.98,7,10.0,1,0.6801038011695906,1
Punjab,Mansa,2025-10-27,2,9.69,7,17.0,1,0.5204464285714286,1
Punjab,Mansa,2025-10-28,2,14.45,7,31.0,1,0.67875,1
Punjab,Mansa,2025-10-29,9,116.13,7,8.0,1,0.8112003968253967,1
Punjab,Mansa,2025-10-30,19,117.26,7,15.0,1,0.9342380952380955,1
Punjab,Mansa,2025-10-31,19,106.16,7,15.0,1,0.9264999999999999,1
Punjab,Mansa,2025-11-01,22,190.03,7,22.0,1,0.9403333333333334,1
Punjab,Mansa,2025-11-02,10,102.98,7,36.0,1,0.9055833333333334,1
Punjab,Mansa,2025-11-03,17,74.22,7,20.0,1,0.7205544871794872,1
Punjab,Mansa,2025-11-04,31,273.45,7,29.0,1,0.8093333333333332,1
Punjab,Mansa,2025-11-05,8,52.7,7,8.0,1,0.857130952380952,1
Punjab,Mansa,2025-11-06,15,77.31,7,12.0,1,0.7411607142857142,1
Punjab,Mansa,2025-11-07,15,79.3,7,9.0,1,0.6811249999999996,1
Punjab,Mansa,2025-11-08,22,151.06,7,3.0,1,0.7309583333333335,1
Punjab,Mansa,2025-11-09,36,283.91,7,7.0,1,0.8819166666666668,1
Punjab,Mansa,2025-11-10,20,99.55,7,6.0,1,0.8955833333333334,1
Punjab,Mansa,2025-11-11,29,184.88,7,1.0,0,0.8322916666666668,1
Punjab,Mansa,2025-11-12,8,31.23,7,4.0,1,0.8192291666666668,1
Punjab,Mansa,2025-11-13,12,64.41,7,3.0,1,0.7165357142857144,1
Punjab,Mansa,2025-11-14,9,70.73,7,2.0,0,0.7103392857142855,1
Punjab,Mansa,2025-11-15,3,8.5,7,2.0,0,0.4522083333333331,1
Punjab,Mansa,2025-11-16,7,26.28,7,1.0,0,0.4578392857142857,1
Punjab,Mansa,2025-11-17,6,44.58,7,0.0,0,0.41060714285714284,1
Punjab,Mansa,2025-11-18,1,2.46,7,1.0,0,0.14945238095238098,0
Punjab,Mansa,2025-11-19,4,46.84,7,1.0,0,0.18578869047619043,0
Punjab,Mansa,2025-11-20,3,9.329999999999998,7,0.0,0,0.13654166666666673,0
Punjab,Mansa,2025-11-21,2,3.75,7,0.0,0,0.12796428571428572,0
Punjab,Mansa,2025-11-22,2,5.38,7,0.0,0,0.12345833333333334,0
Punjab,Mansa,2025-11-23,1,2.02,7,0.0,0,0.18248809523809523,0
Punjab,Moga,2025-10-15,0,0.0,7,2.0,0,0.20343419739415658,0
Punjab,Moga,2025-10-16,1,2.06,7,3.0,1,0.38081987567786113,1
Punjab,Moga,2025-10-17,0,0.0,7,1.0,0,0.49145558058212857,1
Punjab,Moga,2025-10-18,0,0.0,7,4.0,1,0.4060234870908245,1
Punjab,Moga,2025-10-19,1,2.61,7,3.0,1,0.5148480496112073,1
Punjab,Moga,2025-10-20,0,0.0,7,4.0,1,0.4187666328339703,1
Punjab,Moga,2025-10-21,2,1.66,7,2.0,0,0.48993315018315015,1
Punjab,Moga,2025-10-22,2,5.529999999999999,7,5.0,1,0.6152984099234101,1
Punjab,Moga,2025-10-23,3,10.66,7,5.0,1,0.571683836996337,1
Punjab,Moga,2025-10-24,1,3.21,7,21.0,1,0.6616168276168275,1
Punjab,Moga,2025-10-25,4,23.72,7,16.0,1,0.736277992840493,1
Punjab,Moga,2025-10-26,3,20.72,7,20.0,1,0.8303541666666666,1
Punjab,Moga,2025-10-27,4,15.97,7,18.0,1,0.7565892857142859,1
Punjab,Moga,2025-10-28,2,12.66,7,44.0,1,0.7129136904761906,1
Punjab,Moga,2025-10-29,5,13.23,7,35.0,1,0.7728690476190475,1
Punjab,Moga,2025-10-30,5,15.63,7,36.0,1,0.6949960317460318,1
Punjab,Moga,2025-10-31,21,81.03,7,47.0,1,0.812479166666667,1
Punjab,Moga,2025-11-01,16,58.99,7,42.0,1,0.8162083333333334,1
Punjab,Moga,2025-11-02,20,72.94,7,44.0,1,0.7321607142857144,1
Punjab,Moga,2025-11-03,18,95.04,7,42.0,1,0.6402916666666667,1
Punjab,Moga,2025-11-04,44,500.31,7,43.0,1,0.7705000000000001,1
Punjab,Moga,2025-11-05,35,215.97,7,6.0,1,0.8959781746031744,1
Punjab,Moga,2025-11-06,36,178.56,7,19.0,1,0.8213333333333331,1
Punjab,Moga,2025-11-07,47,249.28,7,5.0,1,0.8304999999999998,1
Punjab,Moga,2025-11-08,42,260.68,7,13.0,1,0.8979166666666668,1
Punjab,Moga,2025-11-09,44,261.92,7,8.0,1,0.8759642857142859,1
Punjab,Moga,2025-11-10,42,255.84,7,0.0,0,0.9010535714285713,1
Punjab,Moga,2025-11-11,43,211.15,7,1.0,0,0.8277083333333333,1
Punjab,Moga,2025-11-12,6,35.96,7,1.0,0,0.7775000000000002,1
Punjab,Moga,2025-11-13,19,121.15,7,1.0,0,0.7702500000000002,1
Punjab,Moga,2025-11-14,5,37.97,7,3.0,1,0.6692351190476193,1
Punjab,Moga,2025-11-15,13,134.83,7,1.0,0,0.7029226190476191,1
Punjab,Moga,2025-11-16,8,74.97,7,0.0,0,0.6252976190476189,1
Punjab,Moga,2025-11-17,0,0.0,7,2.0,0,0.4348690476190475,1
Punjab,Moga,2025-11-18,1,2.11,7,1.0,0,0.27716666666666673,0
Punjab,Moga,2025-11-19,1,3.99,7,2.0,0,0.18517324561403511,0
Punjab,Moga,2025-11-20,1,3.84,7,2.0,0,0.24371130952380957,0
Punjab,Moga,2025-11-21,3,8.82,7,2.0,0,0.19797023809523814,0
Punjab,Moga,2025-11-22,1,2.94,7,0.0,0,0.1932708333333334,0
Punjab,Moga,2025-11-23,0,0.0,7,0.0,0,0.17361120129870133,0
Punjab,Pathankot,2025-10-15,0,0.0,7,0.0,0,0.220387387382273,0
Punjab,Pathankot,2025-10-16,1,2.9,7,0.0,0,0.47203791888121777,1
Punjab,Pathankot,2025-10-17,0,0.0,7,0.0,0,0.524987034800425,1
Punjab,Pathankot,2025-10-18,0,0.0,7,0.0,0,0.5712086187720088,1
Punjab,Pathankot,2025-10-19,0,0.0,7,0.0,0,0.5338164730780055,1
Punjab,Pathankot,2025-10-20,0,0.0,7,0.0,0,0.3531668868559676,1
Punjab,Pathankot,2025-10-21,0,0.0,7,0.0,0,0.36525104109182444,1
Punjab,Pathankot,2025-10-22,0,0.0,7,0.0,0,0.24250321171531872,0
Punjab,Pathankot,2025-10-23,0,0.0,7,0.0,0,0.35385259603198244,1
Punjab,Pathankot,2025-10-24,0,0.0,7,0.0,0,0.15370606392016997,0
Punjab,Pathankot,2025-10-25,0,0.0,7,0.0,0,0.08129230835384085,0
Punjab,Pathankot,2025-10-26,0,0.0,7,1.0,0,0.02437008457229046,0
Punjab,Pathankot,2025-10-27,0,0.0,7,0.0,0,0.045128663003663,0
Punjab,Pathankot,2025-10-28,0,0.0,7,2.0,0,0.1244943159910265,0
Punjab,Pathankot,2025-10-29,0,0.0,7,0.0,0,0.03783287545787546,0
Punjab,Pathankot,2025-10-30,0,0.0,7,0.0,0,0.056128663003663,0
Punjab,Pathankot,2025-10-31,0,0.0,7,0.0,0,0.021128663003663003,0
Punjab,Pathankot,2025-11-01,0,0.0,7,1.0,0,0.015051282051282054,0
Punjab,Pathankot,2025-11-02,1,3.28,7,0.0,0,0.04734294871794871,0
Punjab,Pathankot,2025-11-03,0,0.0,7,0.0,0,0.04947916666666666,0
Punjab,Pathankot,2025-11-04,2,5.140000000000001,7,0.0,0,0.07914087301587303,0
Punjab,Pathankot,2025-11-05,0,0.0,7,0.0,0,0.1295386904761905,0
Punjab,Pathankot,2025-11-06,0,0.0,7,0.0,0,0.029500000000000002,0
Punjab,Pathankot,2025-11-07,0,0.0,7,0.0,0,0.029333333333333336,0
Punjab,Pathankot,2025-11-08,1,2.62,7,2.0,0,0.019967948717948717,0
Punjab,Pathankot,2025-11-09,0,0.0,7,0.0,0,0.08104647435897436,0
Punjab,Pathankot,2025-11-10,0,0.0,7,0.0,0,0.009395833333333334,0
Punjab,Pathankot,2025-11-11,0,0.0,7,0.0,0,0.020499999999999997,0
Punjab,Pathankot,2025-11-12,0,0.0,7,0.0,0,0.005057234432234432,0
Punjab,Pathankot,2025-11-13,0,0.0,7,0.0,0,0.017582875457875458,0
Punjab,Pathankot,2025-11-14,0,0.0,7,0.0,0,0.002973901098901099,0
Punjab,Pathankot,2025-11-15,2,14.14,7,0.0,0,0.1274798534798535,0
Punjab,Pathankot,2025-11-16,0,0.0,7,0.0,0,0.22730600649350652,0
Punjab,Pathankot,2025-11-17,0,0.0,7,0.0,0,0.10632738095238095,0
Punjab,Pathankot,2025-11-18,0,0.0,7,0.0,0,0.11332142857142856,0
Punjab,Pathankot,2025-11-19,0,0.0,7,0.0,0,0.002973901098901099,0
Punjab,Pathankot,2025-11-20,0,0.0,7,0.0,0,0.09660119047619047,0
Punjab,Pathankot,2025-11-21,0,0.0,7,0.0,0,0.004223901098901099,0
Punjab,Pathankot,2025-11-22,0,0.0,7,0.0,0,0.08031249999999998,0
Punjab,Pathankot,2025-11-23,0,0.0,7,0.0,0,0.004223901098901099,0
Punjab,Patiala,2025-10-15,3,12.0,7,11.0,1,0.5450872460872458,1
Punjab,Patiala,2025-10-16,3,11.35,7,2.0,0,0.6492821715321716,1
Punjab,Patiala,2025-10-17,4,7.54,7,1.0,0,0.6908429232804232,1
Punjab,Patiala,2025-10-18,2,6.69,7,10.0,1,0.6729642857142858,1
Punjab,Patiala,2025-10-19,6,32.99,7,4.0,1,0.7438125000000002,1
Punjab,Patiala,2025-10-20,14,55.83,7,11.0,1,0.8355833333333333,1
Punjab,Patiala,2025-10-21,18,67.72,7,6.0,1,0.9086666666666665,1
Punjab,Patiala,2025-10-22,11,39.35,7,18.0,1,0.8660416666666664,1
Punjab,Patiala,2025-10-23,2,7.77,7,13.0,1,0.6800714285714284,1
Punjab,Patiala,2025-10-24,1,4.24,7,41.0,1,0.6134464285714284,1
Punjab,Patiala,2025-10-25,10,45.56,7,44.0,1,0.828019345238095,1
Punjab,Patiala,2025-10-26,4,12.28,7,27.0,1,0.6109613095238097,1
Punjab,Patiala,2025-10-27,11,46.69,7,11.0,1,0.71121875,1
Punjab,Patiala,2025-10-28,6,21.41,7,20.0,1,0.5747500000000001,1
Punjab,Patiala,2025-10-29,18,70.32,7,10.0,1,0.826577380952381,1
Punjab,Patiala,2025-10-30,13,65.51,7,24.0,1,0.8975000000000002,1
Punjab,Patiala,2025-10-31,41,264.78,7,12.0,1,0.8946547619047618,1
Punjab,Patiala,2025-11-01,44,278.56,7,21.0,1,0.9707083333333333,1
Punjab,Patiala,2025-11-02,27,170.95,7,30.0,1,0.902,1
Punjab,Patiala,2025-11-03,11,56.78,7,6.0,1,0.7624583333333333,1
Punjab,Patiala,2025-11-04,20,118.09,7,11.0,1,0.8257202380952383,1
Punjab,Patiala,2025-11-05,10,30.91,7,1.0,0,0.8244027777777779,1
Punjab,Patiala,2025-11-06,24,97.21,7,3.0,1,0.6991845238095239,1
Punjab,Patiala,2025-11-07,12,65.89,7,1.0,0,0.76325,1
Punjab,Patiala,2025-11-08,21,243.72,7,4.0,1,0.7001458333333332,1
Punjab,Patiala,2025-11-09,30,182.96,7,2.0,0,0.8030416666666667,1
Punjab,Patiala,2025-11-10,6,24.25,7,0.0,0,0.7552499999999999,1
Punjab,Patiala,2025-11-11,11,77.24000000000001,7,3.0,1,0.7378749999999998,1
Punjab,Patiala,2025-11-12,1,2.2,7,0.0,0,0.5501249999999998,1
Punjab,Patiala,2025-11-13,3,15.05,7,0.0,0,0.4585178571428569,1
Punjab,Patiala,2025-11-14,1,1.7,7,2.0,0,0.4578749999999999,1
Punjab,Patiala,2025-11-15,4,46.42,7,0.0,0,0.5591279761904762,1
Punjab,Patiala,2025-11-16,2,1.79,7,0.0,0,0.39841071428571423,1
Punjab,Patiala,2025-11-17,0,0.0,7,0.0,0,0.241730248917749,0
Punjab,Patiala,2025-11-18,3,17.46,7,0.0,0,0.16570833333333337,0
Punjab,Patiala,2025-11-19,0,0.0,7,0.0,0,0.144,0
Punjab,Patiala,2025-11-20,0,0.0,7,0.0,0,0.1571231060606061,0
Punjab,Patiala,2025-11-21,2,1.69,7,0.0,0,0.16491874503331502,0
Punjab,Patiala,2025-11-22,0,0.0,7,0.0,0,0.14998872180451125,0
Punjab,Patiala,2025-11-23,0,0.0,7,0.0,0,0.1331488095238095,0
Punjab,Rupnagar,2025-10-15,0,0.0,7,1.0,0,0.32556332301999275,1
Punjab,Rupnagar,2025-10-16,0,0.0,7,0.0,0,0.4055023562090259,1
Punjab,Rupnagar,2025-10-17,0,0.0,7,0.0,0,0.47071942712830256,1
Punjab,Rupnagar,2025-10-18,0,0.0,7,0.0,0,0.4760110937949692,1
Punjab,Rupnagar,2025-10-19,0,0.0,7,1.0,0,0.4662831134419891,1
Punjab,Rupnagar,2025-10-20,0,0.0,7,0.0,0,0.3639117092613744,1
Punjab,Rupnagar,2025-10-21,1,4.11,7,0.0,0,0.4728384543214399,1
Punjab,Rupnagar,2025-10-22,1,2.34,7,0.0,0,0.49706686369186365,1
Punjab,Rupnagar,2025-10-23,0,0.0,7,0.0,0,0.3782061027208087,1
Punjab,Rupnagar,2025-10-24,0,0.0,7,2.0,0,0.39924606056997697,1
Punjab,Rupnagar,2025-10-25,0,0.0,7,0.0,0,0.4686113482320912,1
Punjab,Rupnagar,2025-10-26,1,2.98,7,2.0,0,0.37896922302843356,1
Punjab,Rupnagar,2025-10-27,0,0.0,7,0.0,0,0.27226855089355095,0
Punjab,Rupnagar,2025-10-28,0,0.0,7,0.0,0,0.3506931380023485,1
Punjab,Rupnagar,2025-10-29,0,0.0,7,0.0,0,0.32750337162837156,1
Punjab,Rupnagar,2025-10-30,0,0.0,7,0.0,0,0.20574801587301586,0
Punjab,Rupnagar,2025-10-31,2,5.83,7,0.0,0,0.34795145132645133,1
Punjab,Rupnagar,2025-11-01,0,0.0,7,1.0,0,0.26816101953601945,0
Punjab,Rupnagar,2025-11-02,2,4.390000000000001,7,0.0,0,0.2492380952380952,0
Punjab,Rupnagar,2025-11-03,0,0.0,7,0.0,0,0.24258035714285714,0
Punjab,Rupnagar,2025-11-04,0,0.0,7,1.0,0,0.11456060606060606,0
Punjab,Rupnagar,2025-11-05,0,0.0,7,0.0,0,0.20688194444444435,0
Punjab,Rupnagar,2025-11-06,0,0.0,7,0.0,0,0.036979791042291044,0
Punjab,Rupnagar,2025-11-07,0,0.0,7,0.0,0,0.06731547619047619,0
Punjab,Rupnagar,2025-11-08,1,4.05,7,0.0,0,0.06917032967032967,0
Punjab,Rupnagar,2025-11-09,0,0.0,7,0.0,0,0.06996726190476191,0
Punjab,Rupnagar,2025-11-10,0,0.0,7,0.0,0,0.04648809523809524,0
Punjab,Rupnagar,2025-11-11,1,1.61,7,0.0,0,0.06082142857142856,0
Punjab,Rupnagar,2025-11-12,0,0.0,7,0.0,0,0.04647916666666666,0
Punjab,Rupnagar,2025-11-13,0,0.0,7,0.0,0,0.056791666666666664,0
Punjab,Rupnagar,2025-11-14,0,0.0,7,0.0,0,0.01958333333333333,0
Punjab,Rupnagar,2025-11-15,0,0.0,7,0.0,0,0.017646520146520146,0
Punjab,Rupnagar,2025-11-16,0,0.0,7,0.0,0,0.01398580586080586,0
Punjab,Rupnagar,2025-11-17,0,0.0,7,0.0,0,0.023985805860805863,0
Punjab,Rupnagar,2025-11-18,0,0.0,7,0.0,0,0.026527472527472527,0
Punjab,Rupnagar,2025-11-19,0,0.0,7,0.0,0,0.022319139194139196,0
Punjab,Rupnagar,2025-11-20,0,0.0,7,0.0,0,0.024319139194139194,0
Punjab,Rupnagar,2025-11-21,0,0.0,7,1.0,0,0.022194139194139196,0
Punjab,Rupnagar,2025-11-22,0,0.0,7,0.0,0,0.018875686813186812,0
Punjab,Rupnagar,2025-11-23,0,0.0,7,1.0,0,0.02833997252747253,0
Punjab,S A S Nagar,2025-10-15,0,0.0,7,5.0,1,0.4905812797582535,1
Punjab,S A S Nagar,2025-10-16,1,2.96,7,1.0,0,0.5155185348277451,1
Punjab,S A S Nagar,2025-10-17,0,0.0,7,3.0,1,0.5493982128982128,1
Punjab,S A S Nagar,2025-10-18,1,3.32,7,5.0,1,0.5983776085026083,1
Punjab,S A S Nagar,2025-10-19,2,7.34,7,6.0,1,0.6869285714285716,1
Punjab,S A S Nagar,2025-10-20,4,12.04,7,2.0,0,0.7686034798534799,1
Punjab,S A S Nagar,2025-10-21,7,30.56,7,2.0,0,0.8542906746031745,1
Punjab,S A S Nagar,2025-10-22,5,14.5,7,6.0,1,0.8658042328042329,1
Punjab,S A S Nagar,2025-10-23,1,2.81,7,1.0,0,0.7690535714285712,1
Punjab,S A S Nagar,2025-10-24,3,13.09,7,8.0,1,0.7003392857142856,1
Punjab,S A S Nagar,2025-10-25,5,15.55,7,1.0,0,0.8326250000000001,1
Punjab,S A S Nagar,2025-10-26,6,17.49,7,1.0,0,0.774593253968254,1
Punjab,S A S Nagar,2025-10-27,2,5.050000000000001,7,2.0,0,0.7224166666666665,1
Punjab,S A S Nagar,2025-10-28,2,5.97,7,0.0,0,0.6294583333333333,1
Punjab,S A S Nagar,2025-10-29,6,13.11,7,2.0,0,0.6263065476190477,1
Punjab,S A S Nagar,2025-10-30,1,4.68,7,0.0,0,0.6379791666666667,1
Punjab,S A S Nagar,2025-10-31,8,37.49,7,1.0,0,0.7307599206349202,1
Punjab,S A S Nagar,2025-11-01,1,3.44,7,2.0,0,0.5572202380952381,1
Punjab,S A S Nagar,2025-11-02,1,6.12,7,0.0,0,0.5037734593837535,1
Punjab,S A S Nagar,2025-11-03,2,9.99,7,0.0,0,0.5049791666666669,1
Punjab,S A S Nagar,2025-11-04,0,0.0,7,0.0,0,0.34964393939393934,1
Punjab,S A S Nagar,2025-11-05,2,4.29,7,1.0,0,0.3856944444444445,1
Punjab,S A S Nagar,2025-11-06,0,0.0,7,1.0,0,0.3438571428571428,1
Punjab,S A S Nagar,2025-11-07,1,9.43,7,0.0,0,0.31864583333333335,1
Punjab,S A S Nagar,2025-11-08,2,7.57,7,0.0,0,0.31530357142857146,1
Punjab,S A S Nagar,2025-11-09,0,0.0,7,0.0,0,0.25955511522790936,0
Punjab,S A S Nagar,2025-11-10,0,0.0,7,0.0,0,0.25233965526343577,0
Punjab,S A S Nagar,2025-11-11,0,0.0,7,0.0,0,0.07541666666666667,0
Punjab,S A S Nagar,2025-11-12,1,1.59,7,0.0,0,0.155875,0
Punjab,S A S Nagar,2025-11-13,1,8.49,7,0.0,0,0.15673809523809523,0
Punjab,S A S Nagar,2025-11-14,0,0.0,7,0.0,0,0.15609469696969694,0
Punjab,S A S Nagar,2025-11-15,0,0.0,7,0.0,0,0.14158225108225106,0
Punjab,S A S Nagar,2025-11-16,0,0.0,7,0.0,0,0.0832155388471178,0
Punjab,S A S Nagar,2025-11-17,0,0.0,7,1.0,0,0.02288461538461538,0
Punjab,S A S Nagar,2025-11-18,0,0.0,7,0.0,0,0.04999175824175823,0
Punjab,S A S Nagar,2025-11-19,0,0.0,7,0.0,0,0.010592948717948717,0
Punjab,S A S Nagar,2025-11-20,0,0.0,7,1.0,0,0.03408104395604396,0
Punjab,S A S Nagar,2025-11-21,0,0.0,7,0.0,0,0.008331043956043956,0
Punjab,S A S Nagar,2025-11-22,0,0.0,7,0.0,0,0.01765544871794872,0
Punjab,S A S Nagar,2025-11-23,0,0.0,7,0.0,0,0.018316163003663004,0
Punjab,Sangrur,2025-10-15,1,3.06,7,4.0,1,0.3927712287712286,1
Punjab,Sangrur,2025-10-16,1,2.95,7,6.0,1,0.4136272893772893,1
Punjab,Sangrur,2025-10-17,4,43.34,7,11.0,1,0.6042701465201464,1
Punjab,Sangrur,2025-10-18,0,0.0,7,19.0,1,0.6124613095238095,1
Punjab,Sangrur,2025-10-19,2,8.45,7,27.0,1,0.5920746336996338,1
Punjab,Sangrur,2025-10-20,4,19.33,7,21.0,1,0.7384821428571426,1
Punjab,Sangrur,2025-10-21,10,67.47,7,13.0,1,0.801,1
Punjab,Sangrur,2025-10-22,4,19.44,7,48.0,1,0.7787916666666664,1
Punjab,Sangrur,2025-10-23,6,55.41,7,65.0,1,0.7872117153679653,1
Punjab,Sangrur,2025-10-24,11,77.94,7,127.0,1,0.8489583333333333,1
Punjab,Sangrur,2025-10-25,19,200.61,7,69.0,1,0.9061515151515154,1
Punjab,Sangrur,2025-10-26,27,227.44,7,65.0,1,0.9105416666666666,1
Punjab,Sangrur,2025-10-27,21,116.16,7,38.0,1,0.9513750000000002,1
Punjab,Sangrur,2025-10-28,13,91.69,7,62.0,1,0.95375,1
Punjab,Sangrur,2025-10-29,48,383.99,7,22.0,1,0.9410833333333334,1
Punjab,Sangrur,2025-10-30,65,519.6,7,24.0,1,0.9676666666666668,1
Punjab,Sangrur,2025-10-31,127,802.9,7,50.0,1,0.9709999999999998,1
Punjab,Sangrur,2025-11-01,69,385.86,7,41.0,1,0.9777083333333334,1
Punjab,Sangrur,2025-11-02,65,496.09,7,37.0,1,0.9288333333333334,1
Punjab,Sangrur,2025-11-03,38,224.56,7,24.0,1,0.6637500000000002,1
Punjab,Sangrur,2025-11-04,62,456.91,7,19.0,1,0.7032619047619048,1
Punjab,Sangrur,2025-11-05,22,212.23,7,3.0,1,0.7903055555555555,1
Punjab,Sangrur,2025-11-06,24,185.22,7,7.0,1,0.8169583333333332,1
Punjab,Sangrur,2025-11-07,50,258.85,7,6.0,1,0.8089583333333333,1
Punjab,Sangrur,2025-11-08,41,163.3,7,2.0,0,0.8822916666666667,1
Punjab,Sangrur,2025-11-09,37,240.81,7,0.0,0,0.8716011904761907,1
Punjab,Sangrur,2025-11-10,24,156.23,7,3.0,1,0.8597619047619048,1
Punjab,Sangrur,2025-11-11,19,108.34,7,0.0,0,0.8167916666666666,1
Punjab,Sangrur,2025-11-12,3,5.16,7,0.0,0,0.7362083333333332,1
Punjab,Sangrur,2025-11-13,7,33.92,7,1.0,0,0.7079375000000002,1
Punjab,Sangrur,2025-11-14,6,51.3,7,0.0,0,0.6332083333333333,1
Punjab,Sangrur,2025-11-15,2,4.51,7,0.0,0,0.4844375,1
Punjab,Sangrur,2025-11-16,0,0.0,7,0.0,0,0.4975436507936507,1
Punjab,Sangrur,2025-11-17,3,8.42,7,0.0,0,0.3347083333333332,1
Punjab,Sangrur,2025-11-18,0,0.0,7,0.0,0,0.2779732142857143,0
Punjab,Sangrur,2025-11-19,0,0.0,7,0.0,0,0.1552689393939394,0
Punjab,Sangrur,2025-11-20,1,3.44,7,0.0,0,0.18671491228070178,0
Punjab,Sangrur,2025-11-21,0,0.0,7,0.0,0,0.15684288847117797,0
Punjab,Sangrur,2025-11-22,0,0.0,7,0.0,0,0.12646536796536798,0
Punjab,Sangrur,2025-11-23,0,0.0,7,0.0,0,0.07172916666666668,0
Punjab,Shahid Bhagat Singh Nagar,2025-10-15,0,0.0,7,3.0,1,0.3905189671439671,1
Punjab,Shahid Bhagat Singh Nagar,2025-10-16,0,0.0,7,0.0,0,0.5059041061277901,1
Punjab,Shahid Bhagat Singh Nagar,2025-10-17,1,3.94,7,0.0,0,0.593111691670902,1
Punjab,Shahid Bhagat Singh Nagar,2025-10-18,0,0.0,7,0.0,0,0.5899472296709138,1
Punjab,Shahid Bhagat Singh Nagar,2025-10-19,0,0.0,7,1.0,0,0.5670844845728746,1
Punjab,Shahid Bhagat Singh Nagar,2025-10-20,0,0.0,7,3.0,1,0.4875960169001965,1
Punjab,Shahid Bhagat Singh Nagar,2025-10-21,5,28.2,7,0.0,0,0.6940780677655678,1
Punjab,Shahid Bhagat Singh Nagar,2025-10-22,3,9.35,7,1.0,0,0.7824351851851852,1
Punjab,Shahid Bhagat Singh Nagar,2025-10-23,0,0.0,7,0.0,0,0.6851167328042329,1
Punjab,Shahid Bhagat Singh Nagar,2025-10-24,0,0.0,7,1.0,0,0.5911655077734987,1
Punjab,Shahid Bhagat Singh Nagar,2025-10-25,0,0.0,7,6.0,1,0.5918100727245466,1
Punjab,Shahid Bhagat Singh Nagar,2025-10-26,1,1.55,7,9.0,1,0.5798250313283208,1
Punjab,Shahid Bhagat Singh Nagar,2025-10-27,3,11.89,7,3.0,1,0.5709368131868134,1
Punjab,Shahid Bhagat Singh Nagar,2025-10-28,0,0.0,7,3.0,1,0.6390694444444446,1
Punjab,Shahid Bhagat Singh Nagar,2025-10-29,1,7.58,7,1.0,0,0.675041134339915,1
Punjab,Shahid Bhagat Singh Nagar,2025-10-30,0,0.0,7,4.0,1,0.5489733439075545,1
Punjab,Shahid Bhagat Singh Nagar,2025-10-31,1,2.69,7,3.0,1,0.3809511599511599,1
Punjab,Shahid Bhagat Singh Nagar,2025-11-01,6,25.75,7,4.0,1,0.6415208333333335,1
Punjab,Shahid Bhagat Singh Nagar,2025-11-02,9,46.72,7,0.0,0,0.792,1
Punjab,Shahid Bhagat Singh Nagar,2025-11-03,3,7.68,7,0.0,0,0.49861274509803927,1
Punjab,Shahid Bhagat Singh Nagar,2025-11-04,3,13.45,7,1.0,0,0.5492440476190477,1
Punjab,Shahid Bhagat Singh Nagar,2025-11-05,1,0.97,7,3.0,1,0.5144285714285712,1
Punjab,Shahid Bhagat Singh Nagar,2025-11-06,4,11.08,7,3.0,1,0.4395833333333334,1
Punjab,Shahid Bhagat Singh Nagar,2025-11-07,3,11.85,7,0.0,0,0.5132708333333332,1
Punjab,Shahid Bhagat Singh Nagar,2025-11-08,4,15.3,7,2.0,0,0.5193154761904761,1
Punjab,Shahid Bhagat Singh Nagar,2025-11-09,0,0.0,7,2.0,0,0.4388557104660047,1
Punjab,Shahid Bhagat Singh Nagar,2025-11-10,0,0.0,7,0.0,0,0.41857740036147506,1
Punjab,Shahid Bhagat Singh Nagar,2025-11-11,1,3.51,7,0.0,0,0.36975657894736835,1
Punjab,Shahid Bhagat Singh Nagar,2025-11-12,3,10.78,7,3.0,1,0.2567202380952381,0
Punjab,Shahid Bhagat Singh Nagar,2025-11-13,3,15.14,7,0.0,0,0.43819047619047624,1
Punjab,Shahid Bhagat Singh Nagar,2025-11-14,0,0.0,7,0.0,0,0.32716856060606075,1
Punjab,Shahid Bhagat Singh Nagar,2025-11-15,2,5.73,7,0.0,0,0.20708928571428564,0
Punjab,Shahid Bhagat Singh Nagar,2025-11-16,2,5.65,7,0.0,0,0.23272023809523812,0
Punjab,Shahid Bhagat Singh Nagar,2025-11-17,0,0.0,7,0.0,0,0.1881875,0
Punjab,Shahid Bhagat Singh Nagar,2025-11-18,0,0.0,7,0.0,0,0.17176930894308945,0
Punjab,Shahid Bhagat Singh Nagar,2025-11-19,3,9.82,7,0.0,0,0.2217142857142857,0
Punjab,Shahid Bhagat Singh Nagar,2025-11-20,0,0.0,7,0.0,0,0.15195238095238098,0
Punjab,Shahid Bhagat Singh Nagar,2025-11-21,0,0.0,7,0.0,0,0.15798809523809526,0
Punjab,Shahid Bhagat Singh Nagar,2025-11-22,0,0.0,7,0.0,0,0.18063988095238098,0
Punjab,Shahid Bhagat Singh Nagar,2025-11-23,0,0.0,7,0.0,0,0.08624603174603174,0
Punjab,Sri Muktsar Sahib,2025-10-15,0,0.0,7,10.0,1,0.49807702642185403,1
Punjab,Sri Muktsar Sahib,2025-10-16,1,5.86,7,1.0,0,0.47770389515455297,1
Punjab,Sri Muktsar Sahib,2025-10-17,0,0.0,7,2.0,0,0.6463630952380953,1
Punjab,Sri Muktsar Sahib,2025-10-18,2,8.21,7,2.0,0,0.4591987179487178,1
Punjab,Sri Muktsar Sahib,2025-10-19,2,8.68,7,13.0,1,0.7219184149184149,1
Punjab,Sri Muktsar Sahib,2025-10-20,0,0.0,7,0.0,0,0.7138962588337587,1
Punjab,Sri Muktsar Sahib,2025-10-21,4,17.89,7,2.0,0,0.7116041666666668,1
Punjab,Sri Muktsar Sahib,2025-10-22,10,37.72,7,7.0,1,0.8075018939393941,1
Punjab,Sri Muktsar Sahib,2025-10-23,1,3.49,7,12.0,1,0.6879464285714286,1
Punjab,Sri Muktsar Sahib,2025-10-24,2,16.65,7,17.0,1,0.6887311507936508,1
Punjab,Sri Muktsar Sahib,2025-10-25,2,7.71,7,21.0,1,0.6720357142857141,1
Punjab,Sri Muktsar Sahib,2025-10-26,13,86.17,7,41.0,1,0.8493849206349208,1
Punjab,Sri Muktsar Sahib,2025-10-27,0,0.0,7,12.0,1,0.6415880230880231,1
Punjab,Sri Muktsar Sahib,2025-10-28,2,11.65,7,15.0,1,0.5819583333333334,1
Punjab,Sri Muktsar Sahib,2025-10-29,7,33.11,7,29.0,1,0.620702380952381,1
Punjab,Sri Muktsar Sahib,2025-10-30,12,70.77,7,48.0,1,0.8959940476190478,1
Punjab,Sri Muktsar Sahib,2025-10-31,17,171.26,7,37.0,1,0.8306845238095238,1
Punjab,Sri Muktsar Sahib,2025-11-01,21,102.23,7,25.0,1,0.8783333333333333,1
Punjab,Sri Muktsar Sahib,2025-11-02,41,334.81,7,28.0,1,0.9081666666666668,1
Punjab,Sri Muktsar Sahib,2025-11-03,12,70.67999999999999,7,31.0,1,0.7698392857142856,1
Punjab,Sri Muktsar Sahib,2025-11-04,15,124.78,7,39.0,1,0.7378749999999998,1
Punjab,Sri Muktsar Sahib,2025-11-05,29,173.99,7,14.0,1,0.824097222222222,1
Punjab,Sri Muktsar Sahib,2025-11-06,48,331.47,7,21.0,1,0.8688749999999998,1
Punjab,Sri Muktsar Sahib,2025-11-07,37,200.69,7,20.0,1,0.8808958333333337,1
Punjab,Sri Muktsar Sahib,2025-11-08,25,149.07999999999998,7,32.0,1,0.8856309523809525,1
Punjab,Sri Muktsar Sahib,2025-11-09,28,136.62,7,28.0,1,0.8448511904761905,1
Punjab,Sri Muktsar Sahib,2025-11-10,31,131.89,7,9.0,1,0.8785833333333332,1
Punjab,Sri Muktsar Sahib,2025-11-11,39,236.67,7,10.0,1,0.8778571428571429,1
Punjab,Sri Muktsar Sahib,2025-11-12,14,71.45,7,9.0,1,0.8472916666666669,1
Punjab,Sri Muktsar Sahib,2025-11-13,21,114.28,7,8.0,1,0.8289642857142857,1
Punjab,Sri Muktsar Sahib,2025-11-14,20,110.72,7,4.0,1,0.8557321428571428,1
Punjab,Sri Muktsar Sahib,2025-11-15,32,161.38,7,4.0,1,0.8603750000000002,1
Punjab,Sri Muktsar Sahib,2025-11-16,28,148.9,7,12.0,1,0.8030238095238096,1
Punjab,Sri Muktsar Sahib,2025-11-17,9,21.88,7,0.0,0,0.6468192640692639,1
Punjab,Sri Muktsar Sahib,2025-11-18,10,38.26,7,2.0,0,0.25132738095238094,0
Punjab,Sri Muktsar Sahib,2025-11-19,9,38.03,7,3.0,1,0.18988988095238096,0
Punjab,Sri Muktsar Sahib,2025-11-20,8,34.36,7,7.0,1,0.15145833333333336,0
Punjab,Sri Muktsar Sahib,2025-11-21,4,16.88,7,2.0,0,0.11179166666666669,0
Punjab,Sri Muktsar Sahib,2025-11-22,4,12.72,7,1.0,0,0.09319642857142858,0
Punjab,Sri Muktsar Sahib,2025-11-23,12,164.88,7,1.0,0,0.2354444444444444,0
Punjab,Tarn Taran,2025-10-15,16,63.69,7,35.0,1,0.8485595238095237,1
Punjab,Tarn Taran,2025-10-16,28,119.02,7,21.0,1,0.9153095238095239,1
Punjab,Tarn Taran,2025-10-17,21,79.39,7,18.0,1,0.9391250000000001,1
Punjab,Tarn Taran,2025-10-18,30,124.33,7,45.0,1,0.9186666666666667,1
Punjab,Tarn Taran,2025-10-19,45,228.67,7,62.0,1,0.9764583333333333,1
Punjab,Tarn Taran,2025-10-20,34,139.39,7,39.0,1,0.9449166666666666,1
Punjab,Tarn Taran,2025-10-21,36,129.44,7,22.0,1,0.9501249999999999,1
Punjab,Tarn Taran,2025-10-22,35,183.31,7,54.0,1,0.9829166666666667,1
Punjab,Tarn Taran,2025-10-23,21,99.69,7,48.0,1,0.9726249999999999,1
Punjab,Tarn Taran,2025-10-24,18,109.0,7,87.0,1,0.93275,1
Punjab,Tarn Taran,2025-10-25,45,224.23,7,71.0,1,0.9627500000000001,1
Punjab,Tarn Taran,2025-10-26,62,283.48,7,59.0,1,0.98625,1
Punjab,Tarn Taran,2025-10-27,39,154.78,7,33.0,1,0.8847976190476193,1
Punjab,Tarn Taran,2025-10-28,22,130.01,7,63.0,1,0.9469583333333333,1
Punjab,Tarn Taran,2025-10-29,54,438.06,7,5.0,1,0.9402916666666665,1
Punjab,Tarn Taran,2025-10-30,48,232.45,7,44.0,1,0.9688750000000002,1
Punjab,Tarn Taran,2025-10-31,87,391.43,7,29.0,1,0.9761666666666666,1
Punjab,Tarn Taran,2025-11-01,71,330.73,7,31.0,1,0.9454702380952381,1
Punjab,Tarn Taran,2025-11-02,59,307.36,7,41.0,1,0.9294285714285715,1
Punjab,Tarn Taran,2025-11-03,33,138.16,7,58.0,1,0.67127906162465,1
Punjab,Tarn Taran,2025-11-04,63,392.89,7,48.0,1,0.7251488095238094,1
Punjab,Tarn Taran,2025-11-05,5,15.96,7,18.0,1,0.8685297619047619,1
Punjab,Tarn Taran,2025-11-06,44,172.83,7,17.0,1,0.7622172619047618,1
Punjab,Tarn Taran,2025-11-07,29,157.01,7,23.0,1,0.777345238095238,1
Punjab,Tarn Taran,2025-11-08,31,146.95,7,12.0,1,0.9030595238095239,1
Punjab,Tarn Taran,2025-11-09,41,243.63,7,12.0,1,0.8526845238095241,1
Punjab,Tarn Taran,2025-11-10,58,351.23,7,5.0,1,0.8541369047619046,1
Punjab,Tarn Taran,2025-11-11,48,221.82,7,3.0,1,0.82575,1
Punjab,Tarn Taran,2025-11-12,18,70.46000000000001,7,0.0,0,0.8055,1
Punjab,Tarn Taran,2025-11-13,17,79.45,7,3.0,1,0.7692500000000001,1
Punjab,Tarn Taran,2025-11-14,23,97.54,7,4.0,1,0.7745416666666667,1
Punjab,Tarn Taran,2025-11-15,12,45.89,7,2.0,0,0.7536458333333332,1
Punjab,Tarn Taran,2025-11-16,12,50.37,7,0.0,0,0.5983184523809525,1
Punjab,Tarn Taran,2025-11-17,5,19.08,7,0.0,0,0.5177113095238094,1
Punjab,Tarn Taran,2025-11-18,3,8.22,7,0.0,0,0.15182142857142855,0
Punjab,Tarn Taran,2025-11-19,0,0.0,7,0.0,0,0.2545674603174603,0
Punjab,Tarn Taran,2025-11-20,3,13.18,7,0.0,0,0.17150198412698414,0
Punjab,Tarn Taran,2025-11-21,4,29.09,7,0.0,0,0.1891547619047619,0
Punjab,Tarn Taran,2025-11-22,2,6.27,7,0.0,0,0.14313888888888887,0
Punjab,Tarn Taran,2025-11-23,0,0.0,7,0.0,0,0.21189989177489185,0
