state,district,date,fire_count,frp_sum,horizon,target_fire_count,actual_elevated,spatial_probability,spatial_prediction
Haryana,Ambala,2025-10-15,0,0.0,1,2.0,0,0.01310351481017939,0
Haryana,Ambala,2025-10-16,2,3.1,1,0.0,0,0.09050245098039217,0
Haryana,Ambala,2025-10-17,0,0.0,1,0.0,0,0.07700694444444445,0
Haryana,Ambala,2025-10-18,0,0.0,1,1.0,0,0.040859661172161166,0
Haryana,Ambala,2025-10-19,1,7.36,1,3.0,1,0.20069642857142855,0
Haryana,Ambala,2025-10-20,3,8.36,1,2.0,0,0.24558730158730158,0
Haryana,Ambala,2025-10-21,2,5.03,1,1.0,0,0.3946349206349208,0
Haryana,Ambala,2025-10-22,1,3.08,1,0.0,0,0.31720238095238107,0
Haryana,Ambala,2025-10-23,0,0.0,1,0.0,0,0.12054454022988507,0
Haryana,Ambala,2025-10-24,0,0.0,1,1.0,0,0.041591701402046224,0
Haryana,Ambala,2025-10-25,1,2.44,1,4.0,1,0.1601439393939394,0
Haryana,Ambala,2025-10-26,4,14.37,1,2.0,0,0.41320634920634935,0
Haryana,Ambala,2025-10-27,2,3.93,1,0.0,0,0.41784920634920647,0
Haryana,Ambala,2025-10-28,0,0.0,1,2.0,0,0.3119772727272727,0
Haryana,Ambala,2025-10-29,2,5.92,1,0.0,0,0.2978184523809524,0
Haryana,Ambala,2025-10-30,0,0.0,1,3.0,1,0.08754166666666664,0
Haryana,Ambala,2025-10-31,3,11.989999999999998,1,0.0,0,0.6213273809523812,1
Haryana,Ambala,2025-11-01,0,0.0,1,4.0,1,0.24014870689655182,0
Haryana,Ambala,2025-11-02,4,11.68,1,0.0,0,0.49311904761904785,1
Haryana,Ambala,2025-11-03,0,0.0,1,0.0,0,0.3743302545155994,0
Haryana,Ambala,2025-11-04,0,0.0,1,0.0,0,0.13161715367965365,0
Haryana,Ambala,2025-11-05,0,0.0,1,0.0,0,0.25637192118226604,0
Haryana,Ambala,2025-11-06,0,0.0,1,1.0,0,0.024915738866396763,0
Haryana,Ambala,2025-11-07,1,1.65,1,1.0,0,0.25231095354808586,0
Haryana,Ambala,2025-11-08,1,2.63,1,0.0,0,0.08454843073593071,0
Haryana,Ambala,2025-11-09,0,0.0,1,0.0,0,0.33628069561157803,0
Haryana,Ambala,2025-11-10,0,0.0,1,0.0,0,0.013660714285714286,0
Haryana,Ambala,2025-11-11,0,0.0,1,0.0,0,0.05595833333333334,0
Haryana,Ambala,2025-11-12,0,0.0,1,2.0,0,0.007120003223726627,0
Haryana,Ambala,2025-11-13,2,8.79,1,0.0,0,0.06833333333333333,0
Haryana,Ambala,2025-11-14,0,0.0,1,0.0,0,0.06395833333333334,0
Haryana,Ambala,2025-11-15,0,0.0,1,0.0,0,0.08318272005772007,0
Haryana,Ambala,2025-11-16,0,0.0,1,0.0,0,0.009041666666666667,0
Haryana,Ambala,2025-11-17,0,0.0,1,0.0,0,1.773049645390071e-05,0
Haryana,Ambala,2025-11-18,0,0.0,1,0.0,0,0.01705344478216819,0
Haryana,Ambala,2025-11-19,0,0.0,1,0.0,0,1.773049645390071e-05,0
Haryana,Ambala,2025-11-20,0,0.0,1,0.0,0,0.21393602986066224,0
Haryana,Ambala,2025-11-21,0,0.0,1,0.0,0,0.004392730496453901,0
Haryana,Ambala,2025-11-22,0,0.0,1,1.0,0,0.0023510638297872337,0
Haryana,Ambala,2025-11-23,1,5.52,1,0.0,0,0.061916666666666675,0
Haryana,Bhiwani,2025-10-15,0,0.0,1,1.0,0,0.0026843971631205677,0
Haryana,Bhiwani,2025-10-16,1,1.3,1,0.0,0,0.015,0
Haryana,Bhiwani,2025-10-17,0,0.0,1,2.0,0,0.04832359307359306,0
Haryana,Bhiwani,2025-10-18,2,7.77,1,0.0,0,0.13442261904761904,0
Haryana,Bhiwani,2025-10-19,0,0.0,1,2.0,0,0.07690506715506715,0
Haryana,Bhiwani,2025-10-20,2,8.27,1,1.0,0,0.2249771825396824,0
Haryana,Bhiwani,2025-10-21,1,2.59,1,6.0,1,0.14769047619047618,0
Haryana,Bhiwani,2025-10-22,6,11.41,1,0.0,0,0.2519375,0
Haryana,Bhiwani,2025-10-23,0,0.0,1,0.0,0,0.21054454022988509,0
Haryana,Bhiwani,2025-10-24,0,0.0,1,0.0,0,0.14334523809523808,0
Haryana,Bhiwani,2025-10-25,0,0.0,1,1.0,0,0.18760812248096725,0
Haryana,Bhiwani,2025-10-26,1,2.52,1,0.0,0,0.0728502122877123,0
Haryana,Bhiwani,2025-10-27,0,0.0,1,0.0,0,0.3263932948179271,0
Haryana,Bhiwani,2025-10-28,0,0.0,1,0.0,0,0.09920512820512821,0
Haryana,Bhiwani,2025-10-29,0,0.0,1,0.0,0,0.24880534457372686,0
Haryana,Bhiwani,2025-10-30,0,0.0,1,0.0,0,0.010621897163120569,0
Haryana,Bhiwani,2025-10-31,0,0.0,1,0.0,0,0.014580230496453898,0
Haryana,Bhiwani,2025-11-01,0,0.0,1,0.0,0,0.036112769229650524,0
Haryana,Bhiwani,2025-11-02,0,0.0,1,0.0,0,0.06145295458608976,0
Haryana,Bhiwani,2025-11-03,0,0.0,1,0.0,0,0.019070832000213297,0
Haryana,Bhiwani,2025-11-04,0,0.0,1,1.0,0,0.009830230496453901,0
Haryana,Bhiwani,2025-11-05,1,12.65,1,2.0,0,0.16572916666666668,0
Haryana,Bhiwani,2025-11-06,2,6.279999999999999,1,4.0,1,0.15069146825396826,0
Haryana,Bhiwani,2025-11-07,4,11.12,1,0.0,0,0.25126785714285715,0
Haryana,Bhiwani,2025-11-08,0,0.0,1,0.0,0,0.1987618021346469,0
Haryana,Bhiwani,2025-11-09,0,0.0,1,0.0,0,0.21207727832512321,0
Haryana,Bhiwani,2025-11-10,0,0.0,1,7.0,1,0.15267251642036128,0
Haryana,Bhiwani,2025-11-11,7,24.64,1,0.0,0,0.32793750000000005,0
Haryana,Bhiwani,2025-11-12,0,0.0,1,0.0,0,0.3821398809523808,0
Haryana,Bhiwani,2025-11-13,0,0.0,1,0.0,0,0.30597132034632035,0
Haryana,Bhiwani,2025-11-14,0,0.0,1,1.0,0,0.3539897616751065,0
Haryana,Bhiwani,2025-11-15,1,2.09,1,3.0,1,0.03413095238095238,0
Haryana,Bhiwani,2025-11-16,3,11.48,1,3.0,1,0.4685416666666666,1
Haryana,Bhiwani,2025-11-17,3,19.94,1,0.0,0,0.23504166666666662,0
Haryana,Bhiwani,2025-11-18,0,0.0,1,0.0,0,0.37175892857142867,0
Haryana,Bhiwani,2025-11-19,0,0.0,1,0.0,0,0.10556834975369458,0
Haryana,Bhiwani,2025-11-20,0,0.0,1,0.0,0,0.1705960928439377,0
Haryana,Bhiwani,2025-11-21,0,0.0,1,3.0,1,0.04103856382978723,0
Haryana,Bhiwani,2025-11-22,3,16.310000000000002,1,1.0,0,0.2894583333333335,0
Haryana,Bhiwani,2025-11-23,1,2.64,1,0.0,0,0.28233035714285715,0
Haryana,Charkhi Dadri,2025-10-15,0,0.0,1,0.0,0,0.005532738095238094,0
Haryana,Charkhi Dadri,2025-10-16,0,0.0,1,0.0,0,0.0005833333333333334,0
Haryana,Charkhi Dadri,2025-10-17,0,0.0,1,0.0,0,0.040803571428571425,0
Haryana,Charkhi Dadri,2025-10-18,0,0.0,1,0.0,0,0.0030833333333333333,0
Haryana,Charkhi Dadri,2025-10-19,0,0.0,1,0.0,0,0.00016666666666666666,0
Haryana,Charkhi Dadri,2025-10-20,0,0.0,1,0.0,0,0.0012916666666666664,0
Haryana,Charkhi Dadri,2025-10-21,0,0.0,1,0.0,0,0.0037083333333333334,0
Haryana,Charkhi Dadri,2025-10-22,0,0.0,1,0.0,0,0.030906366294524187,0
Haryana,Charkhi Dadri,2025-10-23,0,0.0,1,0.0,0,0.019410714285714285,0
Haryana,Charkhi Dadri,2025-10-24,0,0.0,1,0.0,0,0.014304653679653681,0
Haryana,Charkhi Dadri,2025-10-25,0,0.0,1,0.0,0,0.002456439393939394,0
Haryana,Charkhi Dadri,2025-10-26,0,0.0,1,0.0,0,0.00456060606060606,0
Haryana,Charkhi Dadri,2025-10-27,0,0.0,1,0.0,0,0.005208333333333332,0
Haryana,Charkhi Dadri,2025-10-28,0,0.0,1,0.0,0,0.017854723707664884,0
Haryana,Charkhi Dadri,2025-10-29,0,0.0,1,0.0,0,0.011875,0
Haryana,Charkhi Dadri,2025-10-30,0,0.0,1,0.0,0,0.01375245098039216,0
Haryana,Charkhi Dadri,2025-10-31,0,0.0,1,1.0,0,0.0060416666666666665,0
Haryana,Charkhi Dadri,2025-11-01,1,2.49,1,0.0,0,0.003958333333333333,0
Haryana,Charkhi Dadri,2025-11-02,0,0.0,1,0.0,0,0.06708333333333334,0
Haryana,Charkhi Dadri,2025-11-03,0,0.0,1,0.0,0,0.027648809523809527,0
Haryana,Charkhi Dadri,2025-11-04,0,0.0,1,0.0,0,0.0085,0
Haryana,Charkhi Dadri,2025-11-05,0,0.0,1,0.0,0,0.021413220551378447,0
Haryana,Charkhi Dadri,2025-11-06,0,0.0,1,0.0,0,0.024431547619047617,0
Haryana,Charkhi Dadri,2025-11-07,0,0.0,1,0.0,0,0.006526315789473685,0
Haryana,Charkhi Dadri,2025-11-08,0,0.0,1,0.0,0,0.07443224789915967,0
Haryana,Charkhi Dadri,2025-11-09,0,0.0,1,0.0,0,0.0005263157894736842,0
Haryana,Charkhi Dadri,2025-11-10,0,0.0,1,0.0,0,0.005595238095238095,0
Haryana,Charkhi Dadri,2025-11-11,0,0.0,1,0.0,0,0.02963048245614035,0
Haryana,Charkhi Dadri,2025-11-12,0,0.0,1,0.0,0,0.0005263157894736842,0
Haryana,Charkhi Dadri,2025-11-13,0,0.0,1,2.0,0,0.004026315789473684,0
Haryana,Charkhi Dadri,2025-11-14,2,11.48,1,0.0,0,0.09595833333333333,0
Haryana,Charkhi Dadri,2025-11-15,0,0.0,1,1.0,0,0.08642559523809525,0
Haryana,Charkhi Dadri,2025-11-16,1,2.21,1,0.0,0,0.18558035714285712,0
Haryana,Charkhi Dadri,2025-11-17,0,0.0,1,0.0,0,0.11591656403940886,0
Haryana,Charkhi Dadri,2025-11-18,0,0.0,1,0.0,0,0.03494047619047619,0
Haryana,Charkhi Dadri,2025-11-19,0,0.0,1,0.0,0,0.037479166666666675,0
Haryana,Charkhi Dadri,2025-11-20,0,0.0,1,0.0,0,0.0,0
Haryana,Charkhi Dadri,2025-11-21,0,0.0,1,0.0,0,0.1514847311593635,0
Haryana,Charkhi Dadri,2025-11-22,0,0.0,1,0.0,0,0.01056798245614035,0
Haryana,Charkhi Dadri,2025-11-23,0,0.0,1,0.0,0,0.04240873015873017,0
Haryana,Faridabad,2025-10-15,3,2.53,1,0.0,0,0.30627678571428585,0
Haryana,Faridabad,2025-10-16,0,0.0,1,2.0,0,0.09992857142857142,0
Haryana,Faridabad,2025-10-17,2,3.04,1,1.0,0,0.1576339285714286,0
Haryana,Faridabad,2025-10-18,1,0.31,1,0.0,0,0.1390089285714286,0
Haryana,Faridabad,2025-10-19,0,0.0,1,1.0,0,0.0879732142857143,0
Haryana,Faridabad,2025-10-20,1,0.53,1,0.0,0,0.18015521978021973,0
Haryana,Faridabad,2025-10-21,0,0.0,1,1.0,0,0.08159985357779476,0
Haryana,Faridabad,2025-10-22,1,0.74,1,0.0,0,0.2474458562271061,0
Haryana,Faridabad,2025-10-23,0,0.0,1,0.0,0,0.07045238095238095,0
Haryana,Faridabad,2025-10-24,0,0.0,1,0.0,0,0.06784970238095236,0
Haryana,Faridabad,2025-10-25,0,0.0,1,4.0,1,0.054188353313353324,0
Haryana,Faridabad,2025-10-26,4,4.0600000000000005,1,0.0,0,0.10851993145743148,0
Haryana,Faridabad,2025-10-27,0,0.0,1,0.0,0,0.13498809523809527,0
Haryana,Faridabad,2025-10-28,0,0.0,1,0.0,0,0.08678250915750915,0
Haryana,Faridabad,2025-10-29,0,0.0,1,0.0,0,0.09719642857142857,0
Haryana,Faridabad,2025-10-30,0,0.0,1,1.0,0,0.03535946719113177,0
Haryana,Faridabad,2025-10-31,1,0.79,1,5.0,1,0.08350000000000002,0
Haryana,Faridabad,2025-11-01,5,3.69,1,2.0,0,0.16372240259740262,0
Haryana,Faridabad,2025-11-02,2,1.52,1,3.0,1,0.2908035714285714,0
Haryana,Faridabad,2025-11-03,3,1.28,1,0.0,0,0.2373422619047619,0
Haryana,Faridabad,2025-11-04,0,0.0,1,8.0,1,0.15732142857142856,0
Haryana,Faridabad,2025-11-05,8,4.37,1,2.0,0,0.2222579365079364,0
Haryana,Faridabad,2025-11-06,2,0.7,1,3.0,1,0.29627725256769377,0
Haryana,Faridabad,2025-11-07,3,6.02,1,4.0,1,0.2757470238095238,0
Haryana,Faridabad,2025-11-08,4,2.47,1,4.0,1,0.3455560224089637,0
Haryana,Faridabad,2025-11-09,4,1.91,1,1.0,0,0.2913179271708684,0
Haryana,Faridabad,2025-11-10,1,0.54,1,1.0,0,0.26730059523809535,0
Haryana,Faridabad,2025-11-11,1,1.92,1,6.0,1,0.17627083333333327,0
Haryana,Faridabad,2025-11-12,6,5.140000000000001,1,5.0,1,0.4347167366946778,0
Haryana,Faridabad,2025-11-13,5,4.54,1,1.0,0,0.43716071428571424,0
Haryana,Faridabad,2025-11-14,1,0.65,1,5.0,1,0.30646078431372553,0
Haryana,Faridabad,2025-11-15,5,5.64,1,2.0,0,0.42354761904761906,0
Haryana,Faridabad,2025-11-16,2,0.6799999999999999,1,6.0,1,0.29784768907563036,0
Haryana,Faridabad,2025-11-17,6,5.33,1,3.0,1,0.4047345938375349,0
Haryana,Faridabad,2025-11-18,3,1.33,1,0.0,0,0.3328536414565828,0
Haryana,Faridabad,2025-11-19,0,0.0,1,7.0,1,0.27848161764705887,0
Haryana,Faridabad,2025-11-20,7,18.13,1,0.0,0,0.48041666666666666,1
Haryana,Faridabad,2025-11-21,0,0.0,1,7.0,1,0.36344292717086835,0
Haryana,Faridabad,2025-11-22,7,3.93,1,3.0,1,0.42249404761904763,0
Haryana,Faridabad,2025-11-23,3,1.81,1,0.0,0,0.3747822128851539,0
Haryana,Fatehabad,2025-10-15,1,2.28,1,0.0,0,0.15725488400488397,0
Haryana,Fatehabad,2025-10-16,0,0.0,1,0.0,0,0.08007738095238094,0
Haryana,Fatehabad,2025-10-17,0,0.0,1,2.0,0,0.04503914835164835,0
Haryana,Fatehabad,2025-10-18,2,11.56,1,4.0,1,0.251875,0
Haryana,Fatehabad,2025-10-19,4,16.08,1,10.0,1,0.33279166666666676,0
Haryana,Fatehabad,2025-10-20,10,49.02,1,0.0,0,0.6510654761904762,1
Haryana,Fatehabad,2025-10-21,0,0.0,1,0.0,0,0.6905833333333333,1
Haryana,Fatehabad,2025-10-22,0,0.0,1,0.0,0,0.34446726190476185,0
Haryana,Fatehabad,2025-10-23,0,0.0,1,0.0,0,0.29672390109890107,0
Haryana,Fatehabad,2025-10-24,0,0.0,1,4.0,1,0.07804749240121582,0
Haryana,Fatehabad,2025-10-25,4,21.46,1,6.0,1,0.6530773809523811,1
Haryana,Fatehabad,2025-10-26,6,43.48,1,3.0,1,0.5296041666666665,1
Haryana,Fatehabad,2025-10-27,3,6.8100000000000005,1,1.0,0,0.6424166666666667,1
Haryana,Fatehabad,2025-10-28,1,1.11,1,1.0,0,0.4745220588235295,1
Haryana,Fatehabad,2025-10-29,1,1.54,1,5.0,1,0.3583333333333333,0
Haryana,Fatehabad,2025-10-30,5,25.38,1,4.0,1,0.7430327380952378,1
Haryana,Fatehabad,2025-10-31,4,15.740000000000002,1,11.0,1,0.6760357142857143,1
Haryana,Fatehabad,2025-11-01,11,42.61,1,8.0,1,0.7138541666666667,1
Haryana,Fatehabad,2025-11-02,8,37.09,1,4.0,1,0.7738541666666666,1
Haryana,Fatehabad,2025-11-03,4,14.37,1,8.0,1,0.711625,1
Haryana,Fatehabad,2025-11-04,8,89.26,1,0.0,0,0.7854732142857144,1
Haryana,Fatehabad,2025-11-05,0,0.0,1,7.0,1,0.5669345238095238,1
Haryana,Fatehabad,2025-11-06,7,22.13,1,15.0,1,0.5900267857142858,1
Haryana,Fatehabad,2025-11-07,15,49.98,1,10.0,1,0.7528392857142857,1
Haryana,Fatehabad,2025-11-08,10,51.46,1,13.0,1,0.7687916666666667,1
Haryana,Fatehabad,2025-11-09,13,77.01,1,14.0,1,0.8239166666666666,1
Haryana,Fatehabad,2025-11-10,14,68.96000000000001,1,15.0,1,0.8563749999999999,1
Haryana,Fatehabad,2025-11-11,15,85.03999999999999,1,3.0,1,0.9126785714285711,1
Haryana,Fatehabad,2025-11-12,3,10.77,1,4.0,1,0.86025,1
Haryana,Fatehabad,2025-11-13,4,12.82,1,1.0,0,0.7665476190476191,1
Haryana,Fatehabad,2025-11-14,1,1.65,1,8.0,1,0.6890059523809523,1
Haryana,Fatehabad,2025-11-15,8,22.52,1,5.0,1,0.6014583333333335,1
Haryana,Fatehabad,2025-11-16,5,12.47,1,3.0,1,0.6427499999999999,1
Haryana,Fatehabad,2025-11-17,3,8.370000000000001,1,2.0,0,0.5122976190476192,1
Haryana,Fatehabad,2025-11-18,2,9.18,1,1.0,0,0.4550172955974842,0
Haryana,Fatehabad,2025-11-19,1,4.06,1,0.0,0,0.31619642857142854,0
Haryana,Fatehabad,2025-11-20,0,0.0,1,0.0,0,0.34919494047619054,0
Haryana,Fatehabad,2025-11-21,0,0.0,1,2.0,0,0.31495971880131374,0
Haryana,Fatehabad,2025-11-22,2,4.6,1,1.0,0,0.3268750000000001,0
Haryana,Fatehabad,2025-11-23,1,1.94,1,2.0,0,0.3647321428571429,0
Haryana,Gurugram,2025-10-15,0,0.0,1,0.0,0,0.07606944444444444,0
Haryana,Gurugram,2025-10-16,0,0.0,1,0.0,0,0.016333333333333335,0
Haryana,Gurugram,2025-10-17,0,0.0,1,0.0,0,0.015208333333333332,0
Haryana,Gurugram,2025-10-18,0,0.0,1,0.0,0,0.005184397163120567,0
Haryana,Gurugram,2025-10-19,0,0.0,1,1.0,0,0.028642730496453894,0
Haryana,Gurugram,2025-10-20,1,1.22,1,0.0,0,0.035638888888888894,0
Haryana,Gurugram,2025-10-21,0,0.0,1,0.0,0,0.08936175833969952,0
Haryana,Gurugram,2025-10-22,0,0.0,1,0.0,0,0.08731936813186814,0
Haryana,Gurugram,2025-10-23,0,0.0,1,0.0,0,0.024244047619047616,0
Haryana,Gurugram,2025-10-24,0,0.0,1,0.0,0,0.011803444782168186,0
Haryana,Gurugram,2025-10-25,0,0.0,1,0.0,0,0.013515836557059959,0
Haryana,Gurugram,2025-10-26,0,0.0,1,0.0,0,0.014354652346533645,0
Haryana,Gurugram,2025-10-27,0,0.0,1,0.0,0,0.04097606382978723,0
Haryana,Gurugram,2025-10-28,0,0.0,1,0.0,0,0.020330787537452117,0
Haryana,Gurugram,2025-10-29,0,0.0,1,0.0,0,0.01835351481017939,0
Haryana,Gurugram,2025-10-30,0,0.0,1,0.0,0,0.02439518147684606,0
Haryana,Gurugram,2025-10-31,0,0.0,1,0.0,0,0.017103514810179393,0
Haryana,Gurugram,2025-11-01,0,0.0,1,1.0,0,0.0068927304964539,0
Haryana,Gurugram,2025-11-02,1,3.29,1,0.0,0,0.022863095238095238,0
Haryana,Gurugram,2025-11-03,0,0.0,1,1.0,0,0.1303743894993895,0
Haryana,Gurugram,2025-11-04,1,5.38,1,0.0,0,0.07704166666666666,0
Haryana,Gurugram,2025-11-05,0,0.0,1,0.0,0,0.03852777777777777,0
Haryana,Gurugram,2025-11-06,0,0.0,1,0.0,0,0.06251497113997112,0
Haryana,Gurugram,2025-11-07,0,0.0,1,0.0,0,0.019295634920634918,0
Haryana,Gurugram,2025-11-08,0,0.0,1,0.0,0,0.000544046285927585,0
Haryana,Gurugram,2025-11-09,0,0.0,1,0.0,0,0.027733798741933907,0
Haryana,Gurugram,2025-11-10,0,0.0,1,0.0,0,0.001982016210739615,0
Haryana,Gurugram,2025-11-11,0,0.0,1,0.0,0,0.061612766995902166,0
Haryana,Gurugram,2025-11-12,0,0.0,1,0.0,0,1.773049645390071e-05,0
Haryana,Gurugram,2025-11-13,0,0.0,1,0.0,0,0.0010177304964539009,0
Haryana,Gurugram,2025-11-14,0,0.0,1,0.0,0,1.773049645390071e-05,0
Haryana,Gurugram,2025-11-15,0,0.0,1,0.0,0,1.773049645390071e-05,0
Haryana,Gurugram,2025-11-16,0,0.0,1,1.0,0,0.008476063829787234,0
Haryana,Gurugram,2025-11-17,1,0.35,1,0.0,0,0.006845238095238095,0
Haryana,Gurugram,2025-11-18,0,0.0,1,0.0,0,0.03969155844155845,0
Haryana,Gurugram,2025-11-19,0,0.0,1,0.0,0,0.006083333333333333,0
Haryana,Gurugram,2025-11-20,0,0.0,1,1.0,0,0.0105625,0
Haryana,Gurugram,2025-11-21,1,2.73,1,0.0,0,0.034791666666666665,0
Haryana,Gurugram,2025-11-22,0,0.0,1,0.0,0,0.03367361111111111,0
Haryana,Gurugram,2025-11-23,0,0.0,1,0.0,0,0.020464285714285713,0
Haryana,Hisar,2025-10-15,3,4.12,1,3.0,1,0.2907916666666667,0
Haryana,Hisar,2025-10-16,3,8.1,1,1.0,0,0.349,0
Haryana,Hisar,2025-10-17,1,1.87,1,2.0,0,0.37486904761904755,0
Haryana,Hisar,2025-10-18,2,13.93,1,10.0,1,0.4657499999999999,1
Haryana,Hisar,2025-10-19,10,32.46,1,13.0,1,0.6508333333333333,1
Haryana,Hisar,2025-10-20,13,45.58,1,5.0,1,0.7915952380952378,1
Haryana,Hisar,2025-10-21,5,14.52,1,1.0,0,0.6879047619047616,1
Haryana,Hisar,2025-10-22,1,1.65,1,0.0,0,0.6653055555555554,1
Haryana,Hisar,2025-10-23,0,0.0,1,2.0,0,0.27600122549019607,0
Haryana,Hisar,2025-10-24,2,9.28,1,2.0,0,0.4769583333333333,1
Haryana,Hisar,2025-10-25,2,2.14,1,15.0,1,0.6053154761904761,1
Haryana,Hisar,2025-10-26,15,30.63,1,6.0,1,0.5970178571428573,1
Haryana,Hisar,2025-10-27,6,30.36,1,0.0,0,0.7424583333333332,1
Haryana,Hisar,2025-10-28,0,0.0,1,1.0,0,0.5328392857142858,1
Haryana,Hisar,2025-10-29,1,2.46,1,3.0,1,0.4444327731092438,0
Haryana,Hisar,2025-10-30,3,17.19,1,5.0,1,0.5023511904761905,1
Haryana,Hisar,2025-10-31,5,12.87,1,11.0,1,0.5805357142857144,1
Haryana,Hisar,2025-11-01,11,27.73,1,6.0,1,0.5390297619047619,1
Haryana,Hisar,2025-11-02,6,24.24,1,5.0,1,0.6257380952380952,1
Haryana,Hisar,2025-11-03,5,19.47,1,4.0,1,0.5351839622641509,1
Haryana,Hisar,2025-11-04,4,13.71,1,5.0,1,0.5644583333333335,1
Haryana,Hisar,2025-11-05,5,25.56,1,15.0,1,0.6747976190476193,1
Haryana,Hisar,2025-11-06,15,31.7,1,13.0,1,0.5693273809523809,1
Haryana,Hisar,2025-11-07,13,41.03,1,16.0,1,0.7488333333333334,1
Haryana,Hisar,2025-11-08,16,69.92,1,16.0,1,0.8162499999999998,1
Haryana,Hisar,2025-11-09,16,83.35,1,12.0,1,0.789375,1
Haryana,Hisar,2025-11-10,12,48.03,1,21.0,1,0.8568333333333336,1
Haryana,Hisar,2025-11-11,21,87.96,1,4.0,1,0.9087916666666668,1
Haryana,Hisar,2025-11-12,4,13.57,1,6.0,1,0.8570833333333333,1
Haryana,Hisar,2025-11-13,6,31.13,1,8.0,1,0.8075059523809525,1
Haryana,Hisar,2025-11-14,8,23.57,1,10.0,1,0.6445565476190478,1
Haryana,Hisar,2025-11-15,10,26.08,1,11.0,1,0.673327380952381,1
Haryana,Hisar,2025-11-16,11,41.57,1,7.0,1,0.8389087301587306,1
Haryana,Hisar,2025-11-17,7,20.77,1,5.0,1,0.7583809523809524,1
Haryana,Hisar,2025-11-18,5,13.92,1,0.0,0,0.6984583333333334,1
Haryana,Hisar,2025-11-19,0,0.0,1,6.0,1,0.4456869747899161,0
Haryana,Hisar,2025-11-20,6,27.23,1,6.0,1,0.46774050988319876,1
Haryana,Hisar,2025-11-21,6,11.72,1,4.0,1,0.4803089622641511,1
Haryana,Hisar,2025-11-22,4,10.48,1,2.0,0,0.4961422955974843,1
Haryana,Hisar,2025-11-23,2,8.99,1,1.0,0,0.37105300988319856,0
Haryana,Jhajjar,2025-10-15,2,6.04,1,2.0,0,0.2862708333333333,0
Haryana,Jhajjar,2025-10-16,2,3.12,1,1.0,0,0.32688095238095244,0
Haryana,Jhajjar,2025-10-17,1,0.82,1,0.0,0,0.1582638888888889,0
Haryana,Jhajjar,2025-10-18,0,0.0,1,0.0,0,0.23907727832512318,0
Haryana,Jhajjar,2025-10-19,0,0.0,1,0.0,0,0.12238690476190481,0
Haryana,Jhajjar,2025-10-20,0,0.0,1,0.0,0,0.07188690476190474,0
Haryana,Jhajjar,2025-10-21,0,0.0,1,3.0,1,0.04071267097264438,0
Haryana,Jhajjar,2025-10-22,3,6.94,1,1.0,0,0.21308318070818066,0
Haryana,Jhajjar,2025-10-23,1,1.15,1,1.0,0,0.18163392857142863,0
Haryana,Jhajjar,2025-10-24,1,1.13,1,2.0,0,0.10813392857142859,0
Haryana,Jhajjar,2025-10-25,2,4.25,1,2.0,0,0.1259900793650794,0
Haryana,Jhajjar,2025-10-26,2,1.12,1,0.0,0,0.14110317460317456,0
Haryana,Jhajjar,2025-10-27,0,0.0,1,0.0,0,0.09454166666666668,0
Haryana,Jhajjar,2025-10-28,0,0.0,1,0.0,0,0.045081210456210455,0
Haryana,Jhajjar,2025-10-29,0,0.0,1,1.0,0,0.11165058266896505,0
Haryana,Jhajjar,2025-10-30,1,0.91,1,1.0,0,0.08342261904761904,0
Haryana,Jhajjar,2025-10-31,1,0.57,1,1.0,0,0.14269345238095238,0
Haryana,Jhajjar,2025-11-01,1,0.77,1,0.0,0,0.09721279761904762,0
Haryana,Jhajjar,2025-11-02,0,0.0,1,3.0,1,0.16686210317460323,0
Haryana,Jhajjar,2025-11-03,3,8.49,1,4.0,1,0.1425476190476191,0
Haryana,Jhajjar,2025-11-04,4,2.5,1,3.0,1,0.17828769841269843,0
Haryana,Jhajjar,2025-11-05,3,6.62,1,2.0,0,0.2886498917748918,0
Haryana,Jhajjar,2025-11-06,2,1.1,1,6.0,1,0.2287232142857143,0
Haryana,Jhajjar,2025-11-07,6,8.28,1,5.0,1,0.29162996031746036,0
Haryana,Jhajjar,2025-11-08,5,6.8,1,4.0,1,0.46223214285714276,1
Haryana,Jhajjar,2025-11-09,4,7.279999999999999,1,2.0,0,0.4146875,0
Haryana,Jhajjar,2025-11-10,2,1.23,1,1.0,0,0.2709816176470589,0
Haryana,Jhajjar,2025-11-11,1,3.82,1,2.0,0,0.3071845238095239,0
Haryana,Jhajjar,2025-11-12,2,3.26,1,3.0,1,0.3339334733893557,0
Haryana,Jhajjar,2025-11-13,3,6.0600000000000005,1,1.0,0,0.3094404761904761,0
Haryana,Jhajjar,2025-11-14,1,0.54,1,1.0,0,0.31186011904761907,0
Haryana,Jhajjar,2025-11-15,1,4.74,1,5.0,1,0.26007037815126055,0
Haryana,Jhajjar,2025-11-16,5,13.74,1,7.0,1,0.3530833333333333,0
Haryana,Jhajjar,2025-11-17,7,15.0,1,6.0,1,0.42767261904761894,0
Haryana,Jhajjar,2025-11-18,6,14.7,1,4.0,1,0.5811964285714284,1
Haryana,Jhajjar,2025-11-19,4,8.95,1,0.0,0,0.5379345238095236,1
Haryana,Jhajjar,2025-11-20,0,0.0,1,3.0,1,0.3045084033613445,0
Haryana,Jhajjar,2025-11-21,3,8.0,1,2.0,0,0.37283333333333346,0
Haryana,Jhajjar,2025-11-22,2,1.39,1,6.0,1,0.39752380952380945,0
Haryana,Jhajjar,2025-11-23,6,11.22,1,2.0,0,0.5085476190476192,1
Haryana,Jind,2025-10-15,5,15.27,1,0.0,0,0.46653571428571433,1
Haryana,Jind,2025-10-16,0,0.0,1,0.0,0,0.2733571428571429,0
Haryana,Jind,2025-10-17,0,0.0,1,0.0,0,0.2377174908424909,0
Haryana,Jind,2025-10-18,0,0.0,1,4.0,1,0.2588183497536946,0
Haryana,Jind,2025-10-19,4,11.75,1,13.0,1,0.5169206349206349,1
Haryana,Jind,2025-10-20,13,46.29,1,5.0,1,0.7010952380952381,1
Haryana,Jind,2025-10-21,5,15.15,1,5.0,1,0.624982142857143,1
Haryana,Jind,2025-10-22,5,12.64,1,0.0,0,0.592375,1
Haryana,Jind,2025-10-23,0,0.0,1,0.0,0,0.4678898809523811,1
Haryana,Jind,2025-10-24,0,0.0,1,6.0,1,0.2860653735632185,0
Haryana,Jind,2025-10-25,6,44.53,1,5.0,1,0.7293333333333331,1
Haryana,Jind,2025-10-26,5,11.43,1,6.0,1,0.5598690476190477,1
Haryana,Jind,2025-10-27,6,37.02,1,0.0,0,0.7936458333333336,1
Haryana,Jind,2025-10-28,0,0.0,1,2.0,0,0.692297619047619,1
Haryana,Jind,2025-10-29,2,15.7,1,0.0,0,0.5259523809523808,1
Haryana,Jind,2025-10-30,0,0.0,1,1.0,0,0.461797619047619,1
Haryana,Jind,2025-10-31,1,8.84,1,7.0,1,0.5032500000000001,1
Haryana,Jind,2025-11-01,7,25.89,1,8.0,1,0.6694702380952381,1
Haryana,Jind,2025-11-02,8,34.84,1,4.0,1,0.7053750000000001,1
Haryana,Jind,2025-11-03,4,43.44,1,3.0,1,0.6371130952380952,1
Haryana,Jind,2025-11-04,3,11.98,1,7.0,1,0.6676666666666666,1
Haryana,Jind,2025-11-05,7,21.12,1,15.0,1,0.556940476190476,1
Haryana,Jind,2025-11-06,15,59.03,1,15.0,1,0.7770059523809523,1
Haryana,Jind,2025-11-07,15,46.17,1,25.0,1,0.7871904761904763,1
Haryana,Jind,2025-11-08,25,135.33,1,39.0,1,0.8764166666666666,1
Haryana,Jind,2025-11-09,39,183.54,1,38.0,1,0.8091250000000001,1
Haryana,Jind,2025-11-10,38,135.94,1,28.0,1,0.8603809523809525,1
Haryana,Jind,2025-11-11,28,146.05,1,14.0,1,0.9359940476190477,1
Haryana,Jind,2025-11-12,14,55.67,1,12.0,1,0.8242797619047618,1
Haryana,Jind,2025-11-13,12,60.45,1,2.0,0,0.8606666666666668,1
Haryana,Jind,2025-11-14,2,9.46,1,13.0,1,0.8269940476190476,1
Haryana,Jind,2025-11-15,13,65.2,1,17.0,1,0.8453809523809523,1
Haryana,Jind,2025-11-16,17,91.54,1,6.0,1,0.8198511904761907,1
Haryana,Jind,2025-11-17,6,23.5,1,3.0,1,0.8932434860736747,1
Haryana,Jind,2025-11-18,3,20.93,1,2.0,0,0.8322529761904762,1
Haryana,Jind,2025-11-19,2,10.02,1,6.0,1,0.6122142857142856,1
Haryana,Jind,2025-11-20,6,9.34,1,6.0,1,0.5464815813117699,1
Haryana,Jind,2025-11-21,6,16.43,1,3.0,1,0.5690589622641511,1
Haryana,Jind,2025-11-22,3,7.59,1,2.0,0,0.5178922955974844,1
Haryana,Jind,2025-11-23,2,6.34,1,2.0,0,0.514808962264151,1
Haryana,Kaithal,2025-10-15,0,0.0,1,1.0,0,0.12069032356532357,0
Haryana,Kaithal,2025-10-16,1,4.43,1,0.0,0,0.09389583333333336,0
Haryana,Kaithal,2025-10-17,0,0.0,1,1.0,0,0.04548611111111111,0
Haryana,Kaithal,2025-10-18,1,2.39,1,2.0,0,0.14062202380952382,0
Haryana,Kaithal,2025-10-19,2,17.11,1,2.0,0,0.27416666666666667,0
Haryana,Kaithal,2025-10-20,2,8.18,1,9.0,1,0.41388492063492066,0
Haryana,Kaithal,2025-10-21,9,38.37,1,1.0,0,0.6515446428571431,1
Haryana,Kaithal,2025-10-22,1,7.84,1,0.0,0,0.6964107142857141,1
Haryana,Kaithal,2025-10-23,0,0.0,1,0.0,0,0.31156249999999996,0
Haryana,Kaithal,2025-10-24,0,0.0,1,1.0,0,0.19896726190476188,0
Haryana,Kaithal,2025-10-25,1,4.02,1,9.0,1,0.23462003968253967,0
Haryana,Kaithal,2025-10-26,9,23.36,1,5.0,1,0.5277976190476191,1
Haryana,Kaithal,2025-10-27,5,13.84,1,0.0,0,0.5546488095238096,1
Haryana,Kaithal,2025-10-28,0,0.0,1,2.0,0,0.577375,1
Haryana,Kaithal,2025-10-29,2,10.18,1,2.0,0,0.5572857142857144,1
Haryana,Kaithal,2025-10-30,2,4.83,1,1.0,0,0.3106904761904762,0
Haryana,Kaithal,2025-10-31,1,3.67,1,7.0,1,0.48032142857142857,1
Haryana,Kaithal,2025-11-01,7,31.16,1,6.0,1,0.8226666666666668,1
Haryana,Kaithal,2025-11-02,6,42.95,1,3.0,1,0.6978958333333333,1
Haryana,Kaithal,2025-11-03,3,14.52,1,1.0,0,0.5879047619047618,1
Haryana,Kaithal,2025-11-04,1,4.24,1,3.0,1,0.5847559523809523,1
Haryana,Kaithal,2025-11-05,3,14.22,1,7.0,1,0.5284166666666669,1
Haryana,Kaithal,2025-11-06,7,18.85,1,4.0,1,0.6525,1
Haryana,Kaithal,2025-11-07,4,15.5,1,7.0,1,0.5780416666666669,1
Haryana,Kaithal,2025-11-08,7,42.07,1,8.0,1,0.6864583333333334,1
Haryana,Kaithal,2025-11-09,8,29.88,1,5.0,1,0.6443452380952382,1
Haryana,Kaithal,2025-11-10,5,17.439999999999998,1,13.0,1,0.6639583333333333,1
Haryana,Kaithal,2025-11-11,13,45.1,1,4.0,1,0.7880535714285715,1
Haryana,Kaithal,2025-11-12,4,7.75,1,4.0,1,0.608547619047619,1
Haryana,Kaithal,2025-11-13,4,9.64,1,1.0,0,0.5416488095238096,1
Haryana,Kaithal,2025-11-14,1,2.79,1,1.0,0,0.5054880952380951,1
Haryana,Kaithal,2025-11-15,1,3.79,1,1.0,0,0.3457857142857143,0
Haryana,Kaithal,2025-11-16,1,2.22,1,0.0,0,0.39003571428571426,0
Haryana,Kaithal,2025-11-17,0,0.0,1,4.0,1,0.36302521008403377,0
Haryana,Kaithal,2025-11-18,4,9.01,1,0.0,0,0.4993541666666667,1
Haryana,Kaithal,2025-11-19,0,0.0,1,1.0,0,0.3631423319327732,0
Haryana,Kaithal,2025-11-20,1,0.59,1,0.0,0,0.2761041666666666,0
Haryana,Kaithal,2025-11-21,0,0.0,1,0.0,0,0.15497013546798027,0
Haryana,Kaithal,2025-11-22,0,0.0,1,2.0,0,0.07601893939393939,0
Haryana,Kaithal,2025-11-23,2,2.01,1,8.0,1,0.2204786414565827,0
Haryana,Karnal,2025-10-15,0,0.0,1,0.0,0,0.011731114334837738,0
Haryana,Karnal,2025-10-16,0,0.0,1,0.0,0,0.007287192029073328,0
Haryana,Karnal,2025-10-17,0,0.0,1,0.0,0,0.009874348143512724,0
Haryana,Karnal,2025-10-18,0,0.0,1,3.0,1,0.014871897163120566,0
Haryana,Karnal,2025-10-19,3,12.39,1,4.0,1,0.27604166666666663,0
Haryana,Karnal,2025-10-20,4,14.71,1,4.0,1,0.39131646825396826,0
Haryana,Karnal,2025-10-21,4,12.98,1,2.0,0,0.47003571428571417,1
Haryana,Karnal,2025-10-22,2,3.56,1,1.0,0,0.48835119047619036,1
Haryana,Karnal,2025-10-23,1,5.09,1,0.0,0,0.3585833333333334,0
Haryana,Karnal,2025-10-24,0,0.0,1,1.0,0,0.11289870689655172,0
Haryana,Karnal,2025-10-25,1,1.91,1,2.0,0,0.21183648989898987,0
Haryana,Karnal,2025-10-26,2,4.8,1,1.0,0,0.32678565592903824,0
Haryana,Karnal,2025-10-27,1,0.54,1,0.0,0,0.48209523809523813,1
Haryana,Karnal,2025-10-28,0,0.0,1,0.0,0,0.24284418767507007,0
Haryana,Karnal,2025-10-29,0,0.0,1,0.0,0,0.06661790293040294,0
Haryana,Karnal,2025-10-30,0,0.0,1,2.0,0,0.057085025676937434,0
Haryana,Karnal,2025-10-31,2,7.67,1,1.0,0,0.1945416666666667,0
Haryana,Karnal,2025-11-01,1,4.13,1,1.0,0,0.2415833333333333,0
Haryana,Karnal,2025-11-02,1,3.3,1,0.0,0,0.1880814393939394,0
Haryana,Karnal,2025-11-03,0,0.0,1,2.0,0,0.11950990819525305,0
Haryana,Karnal,2025-11-04,2,8.219999999999999,1,3.0,1,0.13341071428571433,0
Haryana,Karnal,2025-11-05,3,7.050000000000001,1,9.0,1,0.14347916666666663,0
Haryana,Karnal,2025-11-06,9,21.36,1,6.0,1,0.3667619047619047,0
Haryana,Karnal,2025-11-07,6,20.0,1,6.0,1,0.631113095238095,1
Haryana,Karnal,2025-11-08,6,30.8,1,1.0,0,0.6849226190476191,1
Haryana,Karnal,2025-11-09,1,5.56,1,2.0,0,0.5816696428571428,1
Haryana,Karnal,2025-11-10,2,9.34,1,0.0,0,0.4616488095238096,1
Haryana,Karnal,2025-11-11,0,0.0,1,1.0,0,0.3086458333333334,0
Haryana,Karnal,2025-11-12,1,3.08,1,2.0,0,0.33431253183091414,0
Haryana,Karnal,2025-11-13,2,13.18,1,0.0,0,0.44776680672268926,0
Haryana,Karnal,2025-11-14,0,0.0,1,0.0,0,0.29482784780578897,0
Haryana,Karnal,2025-11-15,0,0.0,1,0.0,0,0.3419613413547236,0
Haryana,Karnal,2025-11-16,0,0.0,1,1.0,0,0.1722985986714435,0
Haryana,Karnal,2025-11-17,1,1.76,1,0.0,0,0.12287602389440626,0
Haryana,Karnal,2025-11-18,0,0.0,1,0.0,0,0.12731250000000002,0
Haryana,Karnal,2025-11-19,0,0.0,1,0.0,0,0.052902867965367965,0
Haryana,Karnal,2025-11-20,0,0.0,1,0.0,0,0.2190307678432679,0
Haryana,Karnal,2025-11-21,0,0.0,1,1.0,0,0.02001583655705996,0
Haryana,Karnal,2025-11-22,1,2.4,1,0.0,0,0.05647429653679655,0
Haryana,Karnal,2025-11-23,0,0.0,1,0.0,0,0.08266477272727273,0
Haryana,Kurukshetra,2025-10-15,2,4.220000000000001,1,2.0,0,0.10866666666666668,0
Haryana,Kurukshetra,2025-10-16,2,1.68,1,1.0,0,0.16496817765567762,0
Haryana,Kurukshetra,2025-10-17,1,3.6,1,1.0,0,0.2158244047619048,0
Haryana,Kurukshetra,2025-10-18,1,2.98,1,3.0,1,0.1533244047619048,0
Haryana,Kurukshetra,2025-10-19,3,7.859999999999999,1,3.0,1,0.33453472222222225,0
Haryana,Kurukshetra,2025-10-20,3,7.65,1,4.0,1,0.31639682539682545,0
Haryana,Kurukshetra,2025-10-21,4,27.3,1,2.0,0,0.6526785714285716,1
Haryana,Kurukshetra,2025-10-22,2,3.28,1,1.0,0,0.590938492063492,1
Haryana,Kurukshetra,2025-10-23,1,3.28,1,0.0,0,0.3068313492063492,0
Haryana,Kurukshetra,2025-10-24,0,0.0,1,4.0,1,0.1748839285714285,0
Haryana,Kurukshetra,2025-10-25,4,24.44,1,5.0,1,0.4901696428571429,1
Haryana,Kurukshetra,2025-10-26,5,11.87,1,5.0,1,0.5068194444444444,1
Haryana,Kurukshetra,2025-10-27,5,17.99,1,0.0,0,0.6596170634920635,1
Haryana,Kurukshetra,2025-10-28,0,0.0,1,0.0,0,0.6223333333333333,1
Haryana,Kurukshetra,2025-10-29,0,0.0,1,0.0,0,0.3769284688013137,0
Haryana,Kurukshetra,2025-10-30,0,0.0,1,1.0,0,0.3758131868131867,0
Haryana,Kurukshetra,2025-10-31,1,1.69,1,3.0,1,0.2431458333333333,0
Haryana,Kurukshetra,2025-11-01,3,14.97,1,1.0,0,0.6634940476190478,1
Haryana,Kurukshetra,2025-11-02,1,2.76,1,0.0,0,0.46325297619047623,1
Haryana,Kurukshetra,2025-11-03,0,0.0,1,0.0,0,0.35427678571428567,0
Haryana,Kurukshetra,2025-11-04,0,0.0,1,0.0,0,0.18747608784893263,0
Haryana,Kurukshetra,2025-11-05,0,0.0,1,0.0,0,0.04975892857142858,0
Haryana,Kurukshetra,2025-11-06,0,0.0,1,0.0,0,0.12479166666666669,0
Haryana,Kurukshetra,2025-11-07,0,0.0,1,0.0,0,0.06650676406926405,0
Haryana,Kurukshetra,2025-11-08,0,0.0,1,3.0,1,0.21773820338158575,0
Haryana,Kurukshetra,2025-11-09,3,2.71,1,0.0,0,0.12528869047619054,0
Haryana,Kurukshetra,2025-11-10,0,0.0,1,0.0,0,0.09156845238095235,0
Haryana,Kurukshetra,2025-11-11,0,0.0,1,0.0,0,0.1159543650793651,0
Haryana,Kurukshetra,2025-11-12,0,0.0,1,0.0,0,0.03082142857142857,0
Haryana,Kurukshetra,2025-11-13,0,0.0,1,0.0,0,0.022076326505707806,0
Haryana,Kurukshetra,2025-11-14,0,0.0,1,0.0,0,0.03372606382978723,0
Haryana,Kurukshetra,2025-11-15,0,0.0,1,0.0,0,0.023931420972644377,0
Haryana,Kurukshetra,2025-11-16,0,0.0,1,0.0,0,0.06789935928433267,0
Haryana,Kurukshetra,2025-11-17,0,0.0,1,7.0,1,0.011452254305977709,0
Haryana,Kurukshetra,2025-11-18,7,10.6,1,0.0,0,0.18193253968253967,0
Haryana,Kurukshetra,2025-11-19,0,0.0,1,0.0,0,0.11810760971055088,0
Haryana,Kurukshetra,2025-11-20,0,0.0,1,0.0,0,0.08846078431372549,0
Haryana,Kurukshetra,2025-11-21,0,0.0,1,0.0,0,0.12052030812324929,0
Haryana,Kurukshetra,2025-11-22,0,0.0,1,1.0,0,0.01082725430597771,0
Haryana,Kurukshetra,2025-11-23,1,5.1,1,0.0,0,0.19895833333333335,0
Haryana,Mahendragarh,2025-10-15,0,0.0,1,0.0,0,0.007566431795155199,0
Haryana,Mahendragarh,2025-10-16,0,0.0,1,0.0,0,1.773049645390071e-05,0
Haryana,Mahendragarh,2025-10-17,0,0.0,1,0.0,0,0.007745003223726629,0
Haryana,Mahendragarh,2025-10-18,0,0.0,1,0.0,0,1.773049645390071e-05,0
Haryana,Mahendragarh,2025-10-19,0,0.0,1,0.0,0,0.004099169890393294,0
Haryana,Mahendragarh,2025-10-20,0,0.0,1,0.0,0,0.001767730496453901,0
Haryana,Mahendragarh,2025-10-21,0,0.0,1,0.0,0,0.0031427304964539004,0
Haryana,Mahendragarh,2025-10-22,0,0.0,1,0.0,0,0.04273659679097808,0
Haryana,Mahendragarh,2025-10-23,0,0.0,1,0.0,0,0.015928444782168184,0
Haryana,Mahendragarh,2025-10-24,0,0.0,1,0.0,0,1.773049645390071e-05,0
Haryana,Mahendragarh,2025-10-25,0,0.0,1,0.0,0,0.0033075032237266278,0
Haryana,Mahendragarh,2025-10-26,0,0.0,1,0.0,0,0.008328336557059961,0
Haryana,Mahendragarh,2025-10-27,0,0.0,1,0.0,0,0.016895181476846058,0
Haryana,Mahendragarh,2025-10-28,0,0.0,1,0.0,0,0.011353514810179391,0
Haryana,Mahendragarh,2025-10-29,0,0.0,1,0.0,0,0.01385351481017939,0
Haryana,Mahendragarh,2025-10-30,0,0.0,1,0.0,0,0.021061848143512724,0
Haryana,Mahendragarh,2025-10-31,0,0.0,1,2.0,0,0.007726063829787234,0
Haryana,Mahendragarh,2025-11-01,2,5.1,1,0.0,0,0.02416666666666667,0
Haryana,Mahendragarh,2025-11-02,0,0.0,1,0.0,0,0.02678472222222222,0
Haryana,Mahendragarh,2025-11-03,0,0.0,1,0.0,0,0.04525992063492064,0
Haryana,Mahendragarh,2025-11-04,0,0.0,1,0.0,0,0.013777777777777778,0
Haryana,Mahendragarh,2025-11-05,0,0.0,1,0.0,0,0.004112968591691996,0
Haryana,Mahendragarh,2025-11-06,0,0.0,1,0.0,0,0.0036903495440729485,0
Haryana,Mahendragarh,2025-11-07,0,0.0,1,0.0,0,0.005294046285927585,0
Haryana,Mahendragarh,2025-11-08,0,0.0,1,0.0,0,0.025489050842774245,0
Haryana,Mahendragarh,2025-11-09,0,0.0,1,0.0,0,0.0007320162107396149,0
Haryana,Mahendragarh,2025-11-10,0,0.0,1,0.0,0,0.0026963019250253297,0
Haryana,Mahendragarh,2025-11-11,0,0.0,1,0.0,0,0.006674998666879964,0
Haryana,Mahendragarh,2025-11-12,0,0.0,1,0.0,0,1.773049645390071e-05,0
Haryana,Mahendragarh,2025-11-13,0,0.0,1,1.0,0,0.0010177304964539009,0
Haryana,Mahendragarh,2025-11-14,1,3.35,1,2.0,0,0.04488095238095238,0
Haryana,Mahendragarh,2025-11-15,2,8.9,1,1.0,0,0.07304761904761904,0
Haryana,Mahendragarh,2025-11-16,1,2.3,1,0.0,0,0.11926587301587305,0
Haryana,Mahendragarh,2025-11-17,0,0.0,1,0.0,0,0.12575892857142856,0
Haryana,Mahendragarh,2025-11-18,0,0.0,1,0.0,0,0.03418154761904762,0
Haryana,Mahendragarh,2025-11-19,0,0.0,1,1.0,0,0.010986111111111111,0
Haryana,Mahendragarh,2025-11-20,1,0.61,1,0.0,0,0.053083333333333343,0
Haryana,Mahendragarh,2025-11-21,0,0.0,1,0.0,0,0.04062123599439776,0
Haryana,Mahendragarh,2025-11-22,0,0.0,1,0.0,0,0.17682748909587148,0
Haryana,Mahendragarh,2025-11-23,0,0.0,1,0.0,0,0.05310098888040066,0
Haryana,Nuh,2025-10-15,0,0.0,1,0.0,0,0.0419551282051282,0
Haryana,Nuh,2025-10-16,0,0.0,1,0.0,0,0.0346875,0
Haryana,Nuh,2025-10-17,0,0.0,1,0.0,0,0.011000000000000001,0
Haryana,Nuh,2025-10-18,0,0.0,1,1.0,0,0.0008093971631205674,0
Haryana,Nuh,2025-10-19,1,5.29,1,1.0,0,0.11690773809523808,0
Haryana,Nuh,2025-10-20,1,3.84,1,0.0,0,0.15455357142857143,0
Haryana,Nuh,2025-10-21,0,0.0,1,0.0,0,0.07311309523809525,0
Haryana,Nuh,2025-10-22,0,0.0,1,0.0,0,0.07580402930402931,0
Haryana,Nuh,2025-10-23,0,0.0,1,0.0,0,0.03979761904761905,0
Haryana,Nuh,2025-10-24,0,0.0,1,0.0,0,0.025112968591691997,0
Haryana,Nuh,2025-10-25,0,0.0,1,0.0,0,0.03975690798563138,0
Haryana,Nuh,2025-10-26,0,0.0,1,0.0,0,0.04711127890066406,0
Haryana,Nuh,2025-10-27,0,0.0,1,0.0,0,0.07241376807815322,0
Haryana,Nuh,2025-10-28,0,0.0,1,0.0,0,0.011353514810179391,0
Haryana,Nuh,2025-10-29,0,0.0,1,0.0,0,0.01752018147684606,0
Haryana,Nuh,2025-10-30,0,0.0,1,0.0,0,0.02314518147684606,0
Haryana,Nuh,2025-10-31,0,0.0,1,0.0,0,0.01752018147684606,0
Haryana,Nuh,2025-11-01,0,0.0,1,0.0,0,0.0050177304964539,0
Haryana,Nuh,2025-11-02,0,0.0,1,0.0,0,0.029990474857356158,0
Haryana,Nuh,2025-11-03,0,0.0,1,0.0,0,0.028189879619260914,0
Haryana,Nuh,2025-11-04,0,0.0,1,0.0,0,0.0012677304964539007,0
Haryana,Nuh,2025-11-05,0,0.0,1,0.0,0,0.0063927304964539,0
Haryana,Nuh,2025-11-06,0,0.0,1,0.0,0,0.0005177304964539008,0
Haryana,Nuh,2025-11-07,0,0.0,1,0.0,0,1.773049645390071e-05,0
Haryana,Nuh,2025-11-08,0,0.0,1,0.0,0,1.773049645390071e-05,0
Haryana,Nuh,2025-11-09,0,0.0,1,0.0,0,1.773049645390071e-05,0
Haryana,Nuh,2025-11-10,0,0.0,1,2.0,0,0.0057320162107396145,0
Haryana,Nuh,2025-11-11,2,6.26,1,0.0,0,0.06066666666666667,0
Haryana,Nuh,2025-11-12,0,0.0,1,0.0,0,0.026624007936507935,0
Haryana,Nuh,2025-11-13,0,0.0,1,0.0,0,0.017075396825396823,0
Haryana,Nuh,2025-11-14,0,0.0,1,0.0,0,0.008700396825396826,0
Haryana,Nuh,2025-11-15,0,0.0,1,0.0,0,1.773049645390071e-05,0
Haryana,Nuh,2025-11-16,0,0.0,1,0.0,0,0.011315349544072949,0
Haryana,Nuh,2025-11-17,0,0.0,1,0.0,0,1.773049645390071e-05,0
Haryana,Nuh,2025-11-18,0,0.0,1,0.0,0,0.04651965626676202,0
Haryana,Nuh,2025-11-19,0,0.0,1,0.0,0,1.773049645390071e-05,0
Haryana,Nuh,2025-11-20,0,0.0,1,0.0,0,1.773049645390071e-05,0
Haryana,Nuh,2025-11-21,0,0.0,1,0.0,0,1.773049645390071e-05,0
Haryana,Nuh,2025-11-22,0,0.0,1,0.0,0,1.773049645390071e-05,0
Haryana,Nuh,2025-11-23,0,0.0,1,0.0,0,1.773049645390071e-05,0
Haryana,Palwal,2025-10-15,0,0.0,1,1.0,0,0.012859992401215803,0
Haryana,Palwal,2025-10-16,1,4.47,1,0.0,0,0.06658333333333333,0
Haryana,Palwal,2025-10-17,0,0.0,1,1.0,0,0.05753571428571428,0
Haryana,Palwal,2025-10-18,1,5.34,1,0.0,0,0.20927083333333332,0
Haryana,Palwal,2025-10-19,0,0.0,1,4.0,1,0.013236111111111113,0
Haryana,Palwal,2025-10-20,4,13.01,1,1.0,0,0.3132539682539682,0
Haryana,Palwal,2025-10-21,1,3.63,1,5.0,1,0.32059920634920647,0
Haryana,Palwal,2025-10-22,5,14.67,1,0.0,0,0.3669226190476189,0
Haryana,Palwal,2025-10-23,0,0.0,1,2.0,0,0.2852528735632183,0
Haryana,Palwal,2025-10-24,2,3.73,1,0.0,0,0.2037916666666667,0
Haryana,Palwal,2025-10-25,0,0.0,1,3.0,1,0.25851844132878615,0
Haryana,Palwal,2025-10-26,3,6.22,1,0.0,0,0.1291171536796537,0
Haryana,Palwal,2025-10-27,0,0.0,1,0.0,0,0.2793988095238096,0
Haryana,Palwal,2025-10-28,0,0.0,1,0.0,0,0.05374192474192473,0
Haryana,Palwal,2025-10-29,0,0.0,1,0.0,0,0.19066253742876463,0
Haryana,Palwal,2025-10-30,0,0.0,1,0.0,0,0.043666014810179385,0
Haryana,Palwal,2025-10-31,0,0.0,1,2.0,0,0.04329005192502532,0
Haryana,Palwal,2025-11-01,2,4.73,1,6.0,1,0.05208333333333332,0
Haryana,Palwal,2025-11-02,6,27.17,1,6.0,1,0.35511607142857143,0
Haryana,Palwal,2025-11-03,6,38.2,1,0.0,0,0.5876666666666668,1
Haryana,Palwal,2025-11-04,0,0.0,1,2.0,0,0.5170101540616246,1
Haryana,Palwal,2025-11-05,2,5.569999999999999,1,2.0,0,0.35758333333333325,0
Haryana,Palwal,2025-11-06,2,9.58,1,1.0,0,0.3394739010989013,0
Haryana,Palwal,2025-11-07,1,4.13,1,0.0,0,0.26239285714285715,0
Haryana,Palwal,2025-11-08,0,0.0,1,0.0,0,0.2688030462184875,0
Haryana,Palwal,2025-11-09,0,0.0,1,5.0,1,0.19695178494595333,0
Haryana,Palwal,2025-11-10,5,21.46,1,1.0,0,0.40894047619047624,0
Haryana,Palwal,2025-11-11,1,3.68,1,0.0,0,0.18364285714285714,0
Haryana,Palwal,2025-11-12,0,0.0,1,0.0,0,0.2257559523809524,0
Haryana,Palwal,2025-11-13,0,0.0,1,2.0,0,0.19606205253783857,0
Haryana,Palwal,2025-11-14,2,5.72,1,0.0,0,0.10818560606060607,0
Haryana,Palwal,2025-11-15,0,0.0,1,0.0,0,0.11282387955182074,0
Haryana,Palwal,2025-11-16,0,0.0,1,0.0,0,0.032124999999999994,0
Haryana,Palwal,2025-11-17,0,0.0,1,0.0,0,0.23795618414152908,0
Haryana,Palwal,2025-11-18,0,0.0,1,0.0,0,0.03411276699590216,0
Haryana,Palwal,2025-11-19,0,0.0,1,1.0,0,0.013601063829787234,0
Haryana,Palwal,2025-11-20,1,3.08,1,0.0,0,0.07704411764705882,0
Haryana,Palwal,2025-11-21,0,0.0,1,0.0,0,0.08206200396825397,0
Haryana,Palwal,2025-11-22,0,0.0,1,0.0,0,0.049611111111111106,0
Haryana,Palwal,2025-11-23,0,0.0,1,0.0,0,0.013541666666666667,0
Haryana,Panchkula,2025-10-15,0,0.0,1,0.0,0,0.01285162087078545,0
Haryana,Panchkula,2025-10-16,0,0.0,1,0.0,0,0.02128912087078545,0
Haryana,Panchkula,2025-10-17,0,0.0,1,0.0,0,0.008936848143512725,0
Haryana,Panchkula,2025-10-18,0,0.0,1,0.0,0,0.009561848143512724,0
Haryana,Panchkula,2025-10-19,0,0.0,1,2.0,0,0.02208078753745212,0
Haryana,Panchkula,2025-10-20,2,9.82,1,1.0,0,0.21785119047619037,0
Haryana,Panchkula,2025-10-21,1,0.5,1,0.0,0,0.2054117063492063,0
Haryana,Panchkula,2025-10-22,0,0.0,1,0.0,0,0.21629075091575092,0
Haryana,Panchkula,2025-10-23,0,0.0,1,0.0,0,0.023970238095238097,0
Haryana,Panchkula,2025-10-24,0,0.0,1,0.0,0,0.04741765873015872,0
Haryana,Panchkula,2025-10-25,0,0.0,1,0.0,0,0.10039724681347023,0
Haryana,Panchkula,2025-10-26,0,0.0,1,0.0,0,0.09878460455376914,0
Haryana,Panchkula,2025-10-27,0,0.0,1,1.0,0,0.19086865973079206,0
Haryana,Panchkula,2025-10-28,1,3.76,1,0.0,0,0.09210472370766488,0
Haryana,Panchkula,2025-10-29,0,0.0,1,0.0,0,0.17242309079809076,0
Haryana,Panchkula,2025-10-30,0,0.0,1,2.0,0,0.07221825396825397,0
Haryana,Panchkula,2025-10-31,2,6.43,1,0.0,0,0.1740803571428571,0
Haryana,Panchkula,2025-11-01,0,0.0,1,0.0,0,0.05122718253968253,0
Haryana,Panchkula,2025-11-02,0,0.0,1,0.0,0,0.129684613997114,0
Haryana,Panchkula,2025-11-03,0,0.0,1,0.0,0,0.028145833333333328,0
Haryana,Panchkula,2025-11-04,0,0.0,1,0.0,0,0.07725602998291514,0
Haryana,Panchkula,2025-11-05,0,0.0,1,0.0,0,0.005059397163120567,0
Haryana,Panchkula,2025-11-06,0,0.0,1,0.0,0,0.0005177304964539008,0
Haryana,Panchkula,2025-11-07,0,0.0,1,0.0,0,0.042456750422606195,0
Haryana,Panchkula,2025-11-08,0,0.0,1,0.0,0,1.773049645390071e-05,0
Haryana,Panchkula,2025-11-09,0,0.0,1,0.0,0,1.773049645390071e-05,0
Haryana,Panchkula,2025-11-10,0,0.0,1,0.0,0,0.0038570162107396146,0
Haryana,Panchkula,2025-11-11,0,0.0,1,0.0,0,0.010913563829787231,0
Haryana,Panchkula,2025-11-12,0,0.0,1,0.0,0,1.773049645390071e-05,0
Haryana,Panchkula,2025-11-13,0,0.0,1,0.0,0,0.0060802304964539,0
Haryana,Panchkula,2025-11-14,0,0.0,1,0.0,0,0.0032658365570599614,0
Haryana,Panchkula,2025-11-15,0,0.0,1,0.0,0,1.773049645390071e-05,0
Haryana,Panchkula,2025-11-16,0,0.0,1,0.0,0,1.773049645390071e-05,0
Haryana,Panchkula,2025-11-17,0,0.0,1,0.0,0,1.773049645390071e-05,0
Haryana,Panchkula,2025-11-18,0,0.0,1,0.0,0,1.773049645390071e-05,0
Haryana,Panchkula,2025-11-19,0,0.0,1,0.0,0,1.773049645390071e-05,0
Haryana,Panchkula,2025-11-20,0,0.0,1,0.0,0,0.0018927304964539008,0
Haryana,Panchkula,2025-11-21,0,0.0,1,0.0,0,0.0031427304964539004,0
Haryana,Panchkula,2025-11-22,0,0.0,1,0.0,0,1.773049645390071e-05,0
Haryana,Panchkula,2025-11-23,0,0.0,1,0.0,0,1.773049645390071e-05,0
Haryana,Panipat,2025-10-15,1,1.45,1,2.0,0,0.12642948717948718,0
Haryana,Panipat,2025-10-16,2,8.879999999999999,1,0.0,0,0.17920833333333328,0
Haryana,Panipat,2025-10-17,0,0.0,1,2.0,0,0.12316666666666665,0
Haryana,Panipat,2025-10-18,2,2.96,1,4.0,1,0.20541369047619049,0
Haryana,Panipat,2025-10-19,4,7.12,1,0.0,0,0.23942254273504276,0
Haryana,Panipat,2025-10-20,0,0.0,1,0.0,0,0.32718253968253974,0
Haryana,Panipat,2025-10-21,0,0.0,1,3.0,1,0.28231341575091573,0
Haryana,Panipat,2025-10-22,3,3.89,1,0.0,0,0.18503663003663007,0
Haryana,Panipat,2025-10-23,0,0.0,1,0.0,0,0.2823098672161171,0
Haryana,Panipat,2025-10-24,0,0.0,1,0.0,0,0.10477930402930402,0
Haryana,Panipat,2025-10-25,0,0.0,1,1.0,0,0.1488154137529138,0
Haryana,Panipat,2025-10-26,1,3.35,1,0.0,0,0.18760162815126052,0
Haryana,Panipat,2025-10-27,0,0.0,1,0.0,0,0.09006959706959707,0
Haryana,Panipat,2025-10-28,0,0.0,1,0.0,0,0.09161692474192476,0
Haryana,Panipat,2025-10-29,0,0.0,1,0.0,0,0.08623992673992674,0
Haryana,Panipat,2025-10-30,0,0.0,1,0.0,0,0.03264328753745212,0
Haryana,Panipat,2025-10-31,0,0.0,1,0.0,0,0.04719630192502532,0
Haryana,Panipat,2025-11-01,0,0.0,1,1.0,0,0.06356733059965308,0
Haryana,Panipat,2025-11-02,1,2.87,1,0.0,0,0.12495833333333334,0
Haryana,Panipat,2025-11-03,0,0.0,1,0.0,0,0.09587500000000002,0
Haryana,Panipat,2025-11-04,0,0.0,1,0.0,0,0.1016418650793651,0
Haryana,Panipat,2025-11-05,0,0.0,1,2.0,0,0.07312500000000001,0
Haryana,Panipat,2025-11-06,2,4.41,1,4.0,1,0.08539880952380953,0
Haryana,Panipat,2025-11-07,4,8.63,1,0.0,0,0.16963194444444446,0
Haryana,Panipat,2025-11-08,0,0.0,1,6.0,1,0.16755654761904765,0
Haryana,Panipat,2025-11-09,6,16.25,1,0.0,0,0.3728511904761905,0
Haryana,Panipat,2025-11-10,0,0.0,1,1.0,0,0.29280942118226605,0
Haryana,Panipat,2025-11-11,1,2.43,1,2.0,0,0.2859166666666666,0
Haryana,Panipat,2025-11-12,2,6.6,1,2.0,0,0.3406048534798536,0
Haryana,Panipat,2025-11-13,2,11.62,1,0.0,0,0.24812500000000004,0
Haryana,Panipat,2025-11-14,0,0.0,1,0.0,0,0.39900892857142856,0
Haryana,Panipat,2025-11-15,0,0.0,1,2.0,0,0.17955346880131365,0
Haryana,Panipat,2025-11-16,2,4.29,1,0.0,0,0.28608823529411753,0
Haryana,Panipat,2025-11-17,0,0.0,1,2.0,0,0.09823611111111111,0
Haryana,Panipat,2025-11-18,2,5.7,1,1.0,0,0.23572619047619053,0
Haryana,Panipat,2025-11-19,1,5.3,1,5.0,1,0.2192857142857143,0
Haryana,Panipat,2025-11-20,5,9.45,1,0.0,0,0.33469537815126044,0
Haryana,Panipat,2025-11-21,0,0.0,1,3.0,1,0.3103272783251232,0
Haryana,Panipat,2025-11-22,3,8.56,1,0.0,0,0.18117171717171712,0
Haryana,Panipat,2025-11-23,0,0.0,1,1.0,0,0.4399820402298851,0
Haryana,Rewari,2025-10-15,0,0.0,1,0.0,0,0.006276659067882472,0
Haryana,Rewari,2025-10-16,0,0.0,1,0.0,0,0.013154635258358662,0
Haryana,Rewari,2025-10-17,0,0.0,1,0.0,0,0.00018439716312056736,0
Haryana,Rewari,2025-10-18,0,0.0,1,0.0,0,0.06562828721914298,0
Haryana,Rewari,2025-10-19,0,0.0,1,0.0,0,0.013974169890393294,0
Haryana,Rewari,2025-10-20,0,0.0,1,0.0,0,0.003705230496453901,0
Haryana,Rewari,2025-10-21,0,0.0,1,1.0,0,0.014166014810179388,0
Haryana,Rewari,2025-10-22,1,2.17,1,0.0,0,0.049319444444444444,0
Haryana,Rewari,2025-10-23,0,0.0,1,0.0,0,0.051327380952380944,0
Haryana,Rewari,2025-10-24,0,0.0,1,0.0,0,0.04906250000000001,0
Haryana,Rewari,2025-10-25,0,0.0,1,0.0,0,0.0531477688977689,0
Haryana,Rewari,2025-10-26,0,0.0,1,0.0,0,0.015307503223726628,0
Haryana,Rewari,2025-10-27,0,0.0,1,0.0,0,0.024455230496453907,0
Haryana,Rewari,2025-10-28,0,0.0,1,0.0,0,0.013749348143512722,0
Haryana,Rewari,2025-10-29,0,0.0,1,0.0,0,0.08545523049645391,0
Haryana,Rewari,2025-10-30,0,0.0,1,0.0,0,0.026791014810179394,0
Haryana,Rewari,2025-10-31,0,0.0,1,0.0,0,0.020749348143512723,0
Haryana,Rewari,2025-11-01,0,0.0,1,0.0,0,0.009705230496453901,0
Haryana,Rewari,2025-11-02,0,0.0,1,0.0,0,0.0004343971631205674,0
Haryana,Rewari,2025-11-03,0,0.0,1,0.0,0,0.0024343971631205674,0
Haryana,Rewari,2025-11-04,0,0.0,1,0.0,0,0.005538563829787234,0
Haryana,Rewari,2025-11-05,0,0.0,1,2.0,0,0.02066356382978723,0
Haryana,Rewari,2025-11-06,2,1.1800000000000002,1,0.0,0,0.0679861111111111,0
Haryana,Rewari,2025-11-07,0,0.0,1,0.0,0,0.08037815656565654,0
Haryana,Rewari,2025-11-08,0,0.0,1,0.0,0,0.015714285714285715,0
Haryana,Rewari,2025-11-09,0,0.0,1,0.0,0,0.006755952380952382,0
Haryana,Rewari,2025-11-10,0,0.0,1,0.0,0,0.001982016210739615,0
Haryana,Rewari,2025-11-11,0,0.0,1,0.0,0,0.00864868287740628,0
Haryana,Rewari,2025-11-12,0,0.0,1,0.0,0,0.0004343971631205674,0
Haryana,Rewari,2025-11-13,0,0.0,1,0.0,0,0.013232016210739614,0
Haryana,Rewari,2025-11-14,0,0.0,1,0.0,0,0.002101063829787234,0
Haryana,Rewari,2025-11-15,0,0.0,1,0.0,0,0.0004343971631205674,0
Haryana,Rewari,2025-11-16,0,0.0,1,0.0,0,0.0014343971631205674,0
Haryana,Rewari,2025-11-17,0,0.0,1,0.0,0,0.00426428438116568,0
Haryana,Rewari,2025-11-18,0,0.0,1,0.0,0,0.0004343971631205674,0
Haryana,Rewari,2025-11-19,0,0.0,1,0.0,0,1.773049645390071e-05,0
Haryana,Rewari,2025-11-20,0,0.0,1,0.0,0,0.015830230496453903,0
Haryana,Rewari,2025-11-21,0,0.0,1,0.0,0,0.0059552304964539,0
Haryana,Rewari,2025-11-22,0,0.0,1,0.0,0,0.0031427304964539004,0
Haryana,Rewari,2025-11-23,0,0.0,1,0.0,0,1.773049645390071e-05,0
Haryana,Rohtak,2025-10-15,0,0.0,1,0.0,0,0.05550892857142856,0
Haryana,Rohtak,2025-10-16,0,0.0,1,0.0,0,0.0360177304964539,0
Haryana,Rohtak,2025-10-17,0,0.0,1,0.0,0,0.04414273049645389,0
Haryana,Rohtak,2025-10-18,0,0.0,1,0.0,0,0.05142844478216818,0
Haryana,Rohtak,2025-10-19,0,0.0,1,0.0,0,0.08232627611749953,0
Haryana,Rohtak,2025-10-20,0,0.0,1,0.0,0,0.09692959129647262,0
Haryana,Rohtak,2025-10-21,0,0.0,1,1.0,0,0.061294603326925795,0
Haryana,Rohtak,2025-10-22,1,1.71,1,0.0,0,0.1032986111111111,0
Haryana,Rohtak,2025-10-23,0,0.0,1,0.0,0,0.1026926406926407,0
Haryana,Rohtak,2025-10-24,0,0.0,1,0.0,0,0.06398763736263735,0
Haryana,Rohtak,2025-10-25,0,0.0,1,0.0,0,0.12392347236097237,0
Haryana,Rohtak,2025-10-26,0,0.0,1,0.0,0,0.08073560472748603,0
Haryana,Rohtak,2025-10-27,0,0.0,1,0.0,0,0.06737189716312057,0
Haryana,Rohtak,2025-10-28,0,0.0,1,0.0,0,0.0651165018231664,0
Haryana,Rohtak,2025-10-29,0,0.0,1,0.0,0,0.0678272543059777,0
Haryana,Rohtak,2025-10-30,0,0.0,1,1.0,0,0.06402018147684604,0
Haryana,Rohtak,2025-10-31,1,3.1,1,0.0,0,0.1102107843137255,0
Haryana,Rohtak,2025-11-01,0,0.0,1,2.0,0,0.16176427045177047,0
Haryana,Rohtak,2025-11-02,2,34.44,1,3.0,1,0.23261011904761897,0
Haryana,Rohtak,2025-11-03,3,9.02,1,1.0,0,0.28875000000000006,0
Haryana,Rohtak,2025-11-04,1,3.79,1,5.0,1,0.29225595238095237,0
Haryana,Rohtak,2025-11-05,5,8.76,1,5.0,1,0.3483333333333333,0
Haryana,Rohtak,2025-11-06,5,21.52,1,5.0,1,0.621375,1
Haryana,Rohtak,2025-11-07,5,31.38,1,6.0,1,0.7300833333333333,1
Haryana,Rohtak,2025-11-08,6,25.07,1,4.0,1,0.7427083333333333,1
Haryana,Rohtak,2025-11-09,4,16.03,1,5.0,1,0.5589821428571429,1
Haryana,Rohtak,2025-11-10,5,16.18,1,12.0,1,0.5491130952380953,1
Haryana,Rohtak,2025-11-11,12,46.3,1,6.0,1,0.764875,1
Haryana,Rohtak,2025-11-12,6,14.11,1,10.0,1,0.5986250000000001,1
Haryana,Rohtak,2025-11-13,10,37.13,1,4.0,1,0.6701488095238094,1
Haryana,Rohtak,2025-11-14,4,18.22,1,6.0,1,0.6244702380952383,1
Haryana,Rohtak,2025-11-15,6,16.89,1,23.0,1,0.5598809523809525,1
Haryana,Rohtak,2025-11-16,23,79.53999999999999,1,6.0,1,0.7032142857142857,1
Haryana,Rohtak,2025-11-17,6,12.26,1,1.0,0,0.7266666666666665,1
Haryana,Rohtak,2025-11-18,1,3.2,1,2.0,0,0.6353988095238093,1
Haryana,Rohtak,2025-11-19,2,5.550000000000001,1,3.0,1,0.6224345238095237,1
Haryana,Rohtak,2025-11-20,3,9.87,1,5.0,1,0.4534940476190479,0
Haryana,Rohtak,2025-11-21,5,7.93,1,9.0,1,0.5607023809523811,1
Haryana,Rohtak,2025-11-22,9,27.74,1,7.0,1,0.5234583333333334,1
Haryana,Rohtak,2025-11-23,7,12.76,1,2.0,0,0.6142500000000002,1
Haryana,Sirsa,2025-10-15,3,2.92,1,2.0,0,0.28074404761904764,0
Haryana,Sirsa,2025-10-16,2,4.93,1,8.0,1,0.22588690476190476,0
Haryana,Sirsa,2025-10-17,8,24.57,1,0.0,0,0.47597619047619055,1
Haryana,Sirsa,2025-10-18,0,0.0,1,1.0,0,0.37527380952380945,0
Haryana,Sirsa,2025-10-19,1,4.81,1,0.0,0,0.43888095238095226,0
Haryana,Sirsa,2025-10-20,0,0.0,1,2.0,0,0.27706308418592906,0
Haryana,Sirsa,2025-10-21,2,4.77,1,14.0,1,0.348515873015873,0
Haryana,Sirsa,2025-10-22,14,61.32,1,1.0,0,0.5959494047619048,1
Haryana,Sirsa,2025-10-23,1,2.2,1,2.0,0,0.6880238095238095,1
Haryana,Sirsa,2025-10-24,2,4.15,1,3.0,1,0.5221875000000001,1
Haryana,Sirsa,2025-10-25,3,5.359999999999999,1,17.0,1,0.554,1
Haryana,Sirsa,2025-10-26,17,62.18,1,6.0,1,0.6981785714285715,1
Haryana,Sirsa,2025-10-27,6,6.94,1,0.0,0,0.696892857142857,1
Haryana,Sirsa,2025-10-28,0,0.0,1,2.0,0,0.5036666666666665,1
Haryana,Sirsa,2025-10-29,2,9.95,1,5.0,1,0.6494583333333332,1
Haryana,Sirsa,2025-10-30,5,16.400000000000002,1,4.0,1,0.5590505952380954,1
Haryana,Sirsa,2025-10-31,4,10.83,1,10.0,1,0.5442569444444443,1
Haryana,Sirsa,2025-11-01,10,24.6,1,9.0,1,0.6546071428571427,1
Haryana,Sirsa,2025-11-02,9,18.49,1,8.0,1,0.5410238095238097,1
Haryana,Sirsa,2025-11-03,8,35.480000000000004,1,7.0,1,0.7307142857142855,1
Haryana,Sirsa,2025-11-04,7,19.47,1,7.0,1,0.6954702380952379,1
Haryana,Sirsa,2025-11-05,7,8.85,1,5.0,1,0.5512261904761905,1
Haryana,Sirsa,2025-11-06,5,8.040000000000001,1,4.0,1,0.44007341269841277,0
Haryana,Sirsa,2025-11-07,4,14.38,1,4.0,1,0.5752559523809522,1
Haryana,Sirsa,2025-11-08,4,10.9,1,9.0,1,0.3819880952380953,0
Haryana,Sirsa,2025-11-09,9,18.64,1,8.0,1,0.5518988095238095,1
Haryana,Sirsa,2025-11-10,8,15.43,1,5.0,1,0.5583750000000002,1
Haryana,Sirsa,2025-11-11,5,15.95,1,4.0,1,0.6064226190476191,1
Haryana,Sirsa,2025-11-12,4,5.46,1,4.0,1,0.5163333333333334,1
Haryana,Sirsa,2025-11-13,4,15.64,1,7.0,1,0.521327380952381,1
Haryana,Sirsa,2025-11-14,7,33.77,1,5.0,1,0.6367857142857143,1
Haryana,Sirsa,2025-11-15,5,19.81,1,7.0,1,0.6039999999999999,1
Haryana,Sirsa,2025-11-16,7,13.23,1,8.0,1,0.5003750000000001,1
Haryana,Sirsa,2025-11-17,8,17.540000000000003,1,7.0,1,0.5840833333333334,1
Haryana,Sirsa,2025-11-18,7,16.15,1,12.0,1,0.5375833333333333,1
Haryana,Sirsa,2025-11-19,12,27.95,1,3.0,1,0.6089999999999999,1
Haryana,Sirsa,2025-11-20,3,11.03,1,2.0,0,0.6221011904761904,1
Haryana,Sirsa,2025-11-21,2,5.75,1,1.0,0,0.4143571428571428,0
Haryana,Sirsa,2025-11-22,1,2.12,1,1.0,0,0.3426666666666668,0
Haryana,Sirsa,2025-11-23,1,0.68,1,0.0,0,0.3741875,0
Haryana,Sonipat,2025-10-15,1,1.64,1,0.0,0,0.10550869963369963,0
Haryana,Sonipat,2025-10-16,0,0.0,1,0.0,0,0.08942361111111112,0
Haryana,Sonipat,2025-10-17,0,0.0,1,0.0,0,0.05406799450549451,0
Haryana,Sonipat,2025-10-18,0,0.0,1,0.0,0,0.0395,0
Haryana,Sonipat,2025-10-19,0,0.0,1,0.0,0,0.08573016001954517,0
Haryana,Sonipat,2025-10-20,0,0.0,1,0.0,0,0.053913105954329354,0
Haryana,Sonipat,2025-10-21,0,0.0,1,0.0,0,0.026004398648563232,0
Haryana,Sonipat,2025-10-22,0,0.0,1,0.0,0,0.07129543196165539,0
Haryana,Sonipat,2025-10-23,0,0.0,1,0.0,0,0.02572011144883485,0
Haryana,Sonipat,2025-10-24,0,0.0,1,0.0,0,0.019553444782168184,0
Haryana,Sonipat,2025-10-25,0,0.0,1,1.0,0,0.04981298567986697,0
Haryana,Sonipat,2025-10-26,1,0.67,1,0.0,0,0.037643939393939396,0
Haryana,Sonipat,2025-10-27,0,0.0,1,0.0,0,0.10913609307359307,0
Haryana,Sonipat,2025-10-28,0,0.0,1,0.0,0,0.047235676088617264,0
Haryana,Sonipat,2025-10-29,0,0.0,1,0.0,0,0.030798611111111106,0
Haryana,Sonipat,2025-10-30,0,0.0,1,1.0,0,0.029811848143512724,0
Haryana,Sonipat,2025-10-31,1,2.27,1,2.0,0,0.06512745098039216,0
Haryana,Sonipat,2025-11-01,2,7.83,1,3.0,1,0.14944047619047618,0
Haryana,Sonipat,2025-11-02,3,13.86,1,1.0,0,0.260875,0
Haryana,Sonipat,2025-11-03,1,0.82,1,5.0,1,0.2641428571428571,0
Haryana,Sonipat,2025-11-04,5,17.57,1,4.0,1,0.450322510822511,0
Haryana,Sonipat,2025-11-05,4,2.64,1,7.0,1,0.357517857142857,0
Haryana,Sonipat,2025-11-06,7,23.87,1,6.0,1,0.6116082251082252,1
Haryana,Sonipat,2025-11-07,6,25.61,1,2.0,0,0.702517857142857,1
Haryana,Sonipat,2025-11-08,2,7.57,1,12.0,1,0.4324166666666667,0
Haryana,Sonipat,2025-11-09,12,53.510000000000005,1,1.0,0,0.6841428571428572,1
Haryana,Sonipat,2025-11-10,1,3.09,1,12.0,1,0.611297619047619,1
Haryana,Sonipat,2025-11-11,12,27.05,1,6.0,1,0.5552559523809524,1
Haryana,Sonipat,2025-11-12,6,22.36,1,4.0,1,0.746422619047619,1
Haryana,Sonipat,2025-11-13,4,10.65,1,10.0,1,0.5320416666666667,1
Haryana,Sonipat,2025-11-14,10,36.19,1,11.0,1,0.635577380952381,1
Haryana,Sonipat,2025-11-15,11,34.99,1,16.0,1,0.7374166666666667,1
Haryana,Sonipat,2025-11-16,16,63.61,1,8.0,1,0.731172619047619,1
Haryana,Sonipat,2025-11-17,8,27.08,1,2.0,0,0.8311845238095235,1
Haryana,Sonipat,2025-11-18,2,7.31,1,4.0,1,0.7320833333333335,1
Haryana,Sonipat,2025-11-19,4,20.27,1,2.0,0,0.6496845238095237,1
Haryana,Sonipat,2025-11-20,2,1.2400000000000002,1,0.0,0,0.5056904761904761,1
Haryana,Sonipat,2025-11-21,0,0.0,1,5.0,1,0.40970535714285733,0
Haryana,Sonipat,2025-11-22,5,14.0,1,12.0,1,0.4894166666666667,1
Haryana,Sonipat,2025-11-23,12,33.33,1,1.0,0,0.5815357142857145,1
Haryana,Yamunanagar,2025-10-15,0,0.0,1,4.0,1,0.03274689716312058,0
Haryana,Yamunanagar,2025-10-16,4,15.06,1,0.0,0,0.29335364145658266,0
Haryana,Yamunanagar,2025-10-17,0,0.0,1,2.0,0,0.26026339285714284,0
Haryana,Yamunanagar,2025-10-18,2,2.39,1,1.0,0,0.20748511904761904,0
Haryana,Yamunanagar,2025-10-19,1,3.86,1,2.0,0,0.2796117216117217,0
Haryana,Yamunanagar,2025-10-20,2,7.58,1,0.0,0,0.28881845238095244,0
Haryana,Yamunanagar,2025-10-21,0,0.0,1,1.0,0,0.2735714285714284,0
Haryana,Yamunanagar,2025-10-22,1,1.44,1,0.0,0,0.1471011904761905,0
Haryana,Yamunanagar,2025-10-23,0,0.0,1,0.0,0,0.20272013546798032,0
Haryana,Yamunanagar,2025-10-24,0,0.0,1,0.0,0,0.06100595238095239,0
Haryana,Yamunanagar,2025-10-25,0,0.0,1,0.0,0,0.18002168664668655,0
Haryana,Yamunanagar,2025-10-26,0,0.0,1,0.0,0,0.10719988820802336,0
Haryana,Yamunanagar,2025-10-27,0,0.0,1,0.0,0,0.23133373454959025,0
Haryana,Yamunanagar,2025-10-28,0,0.0,1,1.0,0,0.034622454204118795,0
Haryana,Yamunanagar,2025-10-29,1,0.38,1,0.0,0,0.05943995098039216,0
Haryana,Yamunanagar,2025-10-30,0,0.0,1,0.0,0,0.07404222370766489,0
Haryana,Yamunanagar,2025-10-31,0,0.0,1,1.0,0,0.11191217320261439,0
Haryana,Yamunanagar,2025-11-01,1,5.48,1,5.0,1,0.1489375,0
Haryana,Yamunanagar,2025-11-02,5,8.93,1,3.0,1,0.2114206349206349,0
Haryana,Yamunanagar,2025-11-03,3,9.27,1,0.0,0,0.41670833333333335,0
Haryana,Yamunanagar,2025-11-04,0,0.0,1,0.0,0,0.1755623973727422,0
Haryana,Yamunanagar,2025-11-05,0,0.0,1,0.0,0,0.19606943200477683,0
Haryana,Yamunanagar,2025-11-06,0,0.0,1,0.0,0,0.08820525451559937,0
Haryana,Yamunanagar,2025-11-07,0,0.0,1,0.0,0,0.0842617781155015,0
Haryana,Yamunanagar,2025-11-08,0,0.0,1,0.0,0,0.11818956172894689,0
Haryana,Yamunanagar,2025-11-09,0,0.0,1,0.0,0,0.21782234697492053,0
Haryana,Yamunanagar,2025-11-10,0,0.0,1,0.0,0,0.20804425496888726,0
Haryana,Yamunanagar,2025-11-11,0,0.0,1,0.0,0,0.008351063829787233,0
Haryana,Yamunanagar,2025-11-12,0,0.0,1,0.0,0,0.008351063829787233,0
Haryana,Yamunanagar,2025-11-13,0,0.0,1,0.0,0,0.0166427304964539,0
Haryana,Yamunanagar,2025-11-14,0,0.0,1,2.0,0,0.009184397163120566,0
Haryana,Yamunanagar,2025-11-15,2,4.6,1,0.0,0,0.07795833333333332,0
Haryana,Yamunanagar,2025-11-16,0,0.0,1,0.0,0,0.06899107142857143,0
Haryana,Yamunanagar,2025-11-17,0,0.0,1,0.0,0,0.06485714285714286,0
Haryana,Yamunanagar,2025-11-18,0,0.0,1,0.0,0,0.04797204184704184,0
Haryana,Yamunanagar,2025-11-19,0,0.0,1,0.0,0,0.008351063829787233,0
Haryana,Yamunanagar,2025-11-20,0,0.0,1,0.0,0,0.031059397163120565,0
Haryana,Yamunanagar,2025-11-21,0,0.0,1,0.0,0,0.011892730496453901,0
Haryana,Yamunanagar,2025-11-22,0,0.0,1,1.0,0,0.049951848461821866,0
Haryana,Yamunanagar,2025-11-23,1,1.39,1,0.0,0,0.0456220238095238,0
Punjab,Amritsar,2025-10-15,12,35.05,1,16.0,1,0.5191011904761905,1
Punjab,Amritsar,2025-10-16,16,68.16,1,8.0,1,0.5350333333333334,1
Punjab,Amritsar,2025-10-17,8,32.87,1,6.0,1,0.715684523809524,1
Punjab,Amritsar,2025-10-18,6,21.91,1,45.0,1,0.8624166666666663,1
Punjab,Amritsar,2025-10-19,45,240.68,1,20.0,1,0.8709375000000001,1
Punjab,Amritsar,2025-10-20,20,92.65,1,19.0,1,0.9320000000000002,1
Punjab,Amritsar,2025-10-21,19,88.28,1,22.0,1,0.9639107142857144,1
Punjab,Amritsar,2025-10-22,22,118.74,1,16.0,1,0.9719107142857143,1
Punjab,Amritsar,2025-10-23,16,66.03,1,1.0,0,0.977375,1
Punjab,Amritsar,2025-10-24,1,2.08,1,13.0,1,0.8336845238095237,1
Punjab,Amritsar,2025-10-25,13,47.41,1,22.0,1,0.931125,1
Punjab,Amritsar,2025-10-26,22,98.56,1,24.0,1,0.9615,1
Punjab,Amritsar,2025-10-27,24,90.37,1,6.0,1,0.9188988095238096,1
Punjab,Amritsar,2025-10-28,6,33.58,1,7.0,1,0.968875,1
Punjab,Amritsar,2025-10-29,7,37.73,1,23.0,1,0.9367916666666665,1
Punjab,Amritsar,2025-10-30,23,143.86,1,27.0,1,0.9213333333333336,1
Punjab,Amritsar,2025-10-31,27,94.06,1,37.0,1,0.9735416666666667,1
Punjab,Amritsar,2025-11-01,37,118.21,1,28.0,1,0.9756250000000002,1
Punjab,Amritsar,2025-11-02,28,109.47,1,9.0,1,0.9728333333333332,1
Punjab,Amritsar,2025-11-03,9,30.4,1,26.0,1,0.9207916666666667,1
Punjab,Amritsar,2025-11-04,26,112.51,1,29.0,1,0.7507916666666666,1
Punjab,Amritsar,2025-11-05,29,131.59,1,23.0,1,0.828291105121294,1
Punjab,Amritsar,2025-11-06,23,109.0,1,8.0,1,0.9700416666666669,1
Punjab,Amritsar,2025-11-07,8,31.31,1,13.0,1,0.9367083333333334,1
Punjab,Amritsar,2025-11-08,13,70.85,1,15.0,1,0.9023035714285715,1
Punjab,Amritsar,2025-11-09,15,46.38,1,9.0,1,0.7805833333333334,1
Punjab,Amritsar,2025-11-10,9,34.5,1,7.0,1,0.8561250000000001,1
Punjab,Amritsar,2025-11-11,7,14.15,1,4.0,1,0.8227083333333332,1
Punjab,Amritsar,2025-11-12,4,9.57,1,2.0,0,0.725047619047619,1
Punjab,Amritsar,2025-11-13,2,5.67,1,2.0,0,0.6475208333333333,1
Punjab,Amritsar,2025-11-14,2,10.12,1,2.0,0,0.4581785714285714,1
Punjab,Amritsar,2025-11-15,2,8.0,1,6.0,1,0.5005892857142857,1
Punjab,Amritsar,2025-11-16,6,30.14,1,0.0,0,0.6879880952380952,1
Punjab,Amritsar,2025-11-17,0,0.0,1,0.0,0,0.6351447465778765,1
Punjab,Amritsar,2025-11-18,0,0.0,1,0.0,0,0.39324891324454314,0
Punjab,Amritsar,2025-11-19,0,0.0,1,0.0,0,0.3050820068411982,0
Punjab,Amritsar,2025-11-20,0,0.0,1,0.0,0,0.17461706349206352,0
Punjab,Amritsar,2025-11-21,0,0.0,1,1.0,0,0.38458925653594755,0
Punjab,Amritsar,2025-11-22,1,3.81,1,4.0,1,0.18230357142857145,0
Punjab,Amritsar,2025-11-23,4,13.1,1,0.0,0,0.423781746031746,0
Punjab,Barnala,2025-10-15,0,0.0,1,0.0,0,0.0093302304964539,0
Punjab,Barnala,2025-10-16,0,0.0,1,0.0,0,0.003309397163120567,0
Punjab,Barnala,2025-10-17,0,0.0,1,0.0,0,0.05457820957637133,0
Punjab,Barnala,2025-10-18,0,0.0,1,0.0,0,0.008395181476846059,0
Punjab,Barnala,2025-10-19,0,0.0,1,0.0,0,0.0041427304964539,0
Punjab,Barnala,2025-10-20,0,0.0,1,0.0,0,0.028079129258510555,0
Punjab,Barnala,2025-10-21,0,0.0,1,0.0,0,0.019312985679866976,0
Punjab,Barnala,2025-10-22,0,0.0,1,0.0,0,0.077544263119921,0
Punjab,Barnala,2025-10-23,0,0.0,1,0.0,0,0.09390131578947367,0
Punjab,Barnala,2025-10-24,0,0.0,1,0.0,0,0.05915853079668869,0
Punjab,Barnala,2025-10-25,0,0.0,1,3.0,1,0.15144063064128857,0
Punjab,Barnala,2025-10-26,3,7.86,1,2.0,0,0.19975297619047608,0
Punjab,Barnala,2025-10-27,2,7.640000000000001,1,1.0,0,0.31953472222222223,0
Punjab,Barnala,2025-10-28,1,4.59,1,3.0,1,0.46063492063492056,1
Punjab,Barnala,2025-10-29,3,16.8,1,3.0,1,0.6050416666666667,1
Punjab,Barnala,2025-10-30,3,18.94,1,6.0,1,0.6172678571428571,1
Punjab,Barnala,2025-10-31,6,37.17,1,10.0,1,0.8845660714285717,1
Punjab,Barnala,2025-11-01,10,56.52,1,8.0,1,0.888670238095238,1
Punjab,Barnala,2025-11-02,8,45.7,1,6.0,1,0.9362499999999998,1
Punjab,Barnala,2025-11-03,6,37.37,1,12.0,1,0.90875,1
Punjab,Barnala,2025-11-04,12,124.62,1,2.0,0,0.8946398809523811,1
Punjab,Barnala,2025-11-05,2,10.62,1,1.0,0,0.7176666666666667,1
Punjab,Barnala,2025-11-06,1,1.65,1,0.0,0,0.4739097222222222,1
Punjab,Barnala,2025-11-07,0,0.0,1,2.0,0,0.3567916666666667,0
Punjab,Barnala,2025-11-08,2,4.4,1,4.0,1,0.2580833333333333,0
Punjab,Barnala,2025-11-09,4,11.85,1,8.0,1,0.6009166666666669,1
Punjab,Barnala,2025-11-10,8,38.44,1,2.0,0,0.6742321428571428,1
Punjab,Barnala,2025-11-11,2,5.19,1,2.0,0,0.510110119047619,1
Punjab,Barnala,2025-11-12,2,39.4,1,2.0,0,0.5697261904761904,1
Punjab,Barnala,2025-11-13,2,15.18,1,1.0,0,0.5761666666666667,1
Punjab,Barnala,2025-11-14,1,3.39,1,5.0,1,0.4059166666666667,0
Punjab,Barnala,2025-11-15,5,33.09,1,1.0,0,0.6568303571428571,1
Punjab,Barnala,2025-11-16,1,1.66,1,0.0,0,0.4430496031746031,0
Punjab,Barnala,2025-11-17,0,0.0,1,0.0,0,0.4234374999999999,0
Punjab,Barnala,2025-11-18,0,0.0,1,0.0,0,0.2775939116031028,0
Punjab,Barnala,2025-11-19,0,0.0,1,0.0,0,0.2417858224292048,0
Punjab,Barnala,2025-11-20,0,0.0,1,0.0,0,0.2685724524658348,0
Punjab,Barnala,2025-11-21,0,0.0,1,0.0,0,0.03758498921812439,0
Punjab,Barnala,2025-11-22,0,0.0,1,0.0,0,0.22669191980405215,0
Punjab,Barnala,2025-11-23,0,0.0,1,0.0,0,0.025387860366583772,0
Punjab,Bathinda,2025-10-15,1,1.18,1,0.0,0,0.17978075396825402,0
Punjab,Bathinda,2025-10-16,0,0.0,1,4.0,1,0.05311011904761905,0
Punjab,Bathinda,2025-10-17,4,63.8,1,0.0,0,0.41703273809523805,0
Punjab,Bathinda,2025-10-18,0,0.0,1,0.0,0,0.2524327731092436,0
Punjab,Bathinda,2025-10-19,0,0.0,1,5.0,1,0.23337622549019613,0
Punjab,Bathinda,2025-10-20,5,17.72,1,2.0,0,0.5865994397759106,1
Punjab,Bathinda,2025-10-21,2,4.890000000000001,1,17.0,1,0.4347068452380954,0
Punjab,Bathinda,2025-10-22,17,87.66,1,3.0,1,0.6996666666666667,1
Punjab,Bathinda,2025-10-23,3,19.55,1,4.0,1,0.7910238095238096,1
Punjab,Bathinda,2025-10-24,4,28.48,1,7.0,1,0.7178571428571427,1
Punjab,Bathinda,2025-10-25,7,29.89,1,13.0,1,0.8710416666666667,1
Punjab,Bathinda,2025-10-26,13,74.64,1,8.0,1,0.8613249999999999,1
Punjab,Bathinda,2025-10-27,8,43.22,1,9.0,1,0.8838958333333334,1
Punjab,Bathinda,2025-10-28,9,58.940000000000005,1,13.0,1,0.9092440476190475,1
Punjab,Bathinda,2025-10-29,13,140.1,1,18.0,1,0.9129761904761905,1
Punjab,Bathinda,2025-10-30,18,127.21,1,41.0,1,0.9444166666666668,1
Punjab,Bathinda,2025-10-31,41,315.65000000000003,1,26.0,1,0.9614583333333333,1
Punjab,Bathinda,2025-11-01,26,202.89,1,30.0,1,0.9434583333333333,1
Punjab,Bathinda,2025-11-02,30,221.48,1,17.0,1,0.9496249999999999,1
Punjab,Bathinda,2025-11-03,17,79.41,1,27.0,1,0.9261249999999999,1
Punjab,Bathinda,2025-11-04,27,125.34,1,12.0,1,0.9839166666666668,1
Punjab,Bathinda,2025-11-05,12,44.44,1,24.0,1,0.839,1
Punjab,Bathinda,2025-11-06,24,116.88,1,41.0,1,0.960595238095238,1
Punjab,Bathinda,2025-11-07,41,237.32,1,20.0,1,0.9868333333333332,1
Punjab,Bathinda,2025-11-08,20,100.05,1,18.0,1,0.9609999999999999,1
Punjab,Bathinda,2025-11-09,18,112.56,1,35.0,1,0.794625,1
Punjab,Bathinda,2025-11-10,35,228.03,1,32.0,1,0.888125,1
Punjab,Bathinda,2025-11-11,32,118.04,1,15.0,1,0.9816785714285716,1
Punjab,Bathinda,2025-11-12,15,44.18,1,14.0,1,0.9239107142857144,1
Punjab,Bathinda,2025-11-13,14,69.72,1,20.0,1,0.9607083333333333,1
Punjab,Bathinda,2025-11-14,20,112.79,1,11.0,1,0.9047500000000003,1
Punjab,Bathinda,2025-11-15,11,34.54,1,37.0,1,0.875,1
Punjab,Bathinda,2025-11-16,37,147.55,1,13.0,1,0.9671666666666667,1
Punjab,Bathinda,2025-11-17,13,55.79,1,6.0,1,0.9299523809523811,1
Punjab,Bathinda,2025-11-18,6,25.15,1,6.0,1,0.9116958670260558,1
Punjab,Bathinda,2025-11-19,6,39.8,1,7.0,1,0.8467083333333335,1
Punjab,Bathinda,2025-11-20,7,21.46,1,8.0,1,0.6589339622641509,1
Punjab,Bathinda,2025-11-21,8,30.63,1,7.0,1,0.7635649146451032,1
Punjab,Bathinda,2025-11-22,7,37.75,1,1.0,0,0.6158208670260557,1
Punjab,Bathinda,2025-11-23,1,1.89,1,1.0,0,0.6552976190476191,1
Punjab,Faridkot,2025-10-15,0,0.0,1,1.0,0,0.004212174940898345,0
Punjab,Faridkot,2025-10-16,1,2.22,1,1.0,0,0.06970833333333333,0
Punjab,Faridkot,2025-10-17,1,5.47,1,0.0,0,0.27802380952380956,0
Punjab,Faridkot,2025-10-18,0,0.0,1,1.0,0,0.10277014652014652,0
Punjab,Faridkot,2025-10-19,1,5.6,1,0.0,0,0.3035029761904763,0
Punjab,Faridkot,2025-10-20,0,0.0,1,2.0,0,0.09773935786435789,0
Punjab,Faridkot,2025-10-21,2,7.15,1,5.0,1,0.3281755952380952,0
Punjab,Faridkot,2025-10-22,5,24.04,1,1.0,0,0.5673571428571429,1
Punjab,Faridkot,2025-10-23,1,6.57,1,2.0,0,0.5631607142857145,1
Punjab,Faridkot,2025-10-24,2,5.51,1,5.0,1,0.4630714285714284,1
Punjab,Faridkot,2025-10-25,5,26.76,1,5.0,1,0.7003333333333336,1
Punjab,Faridkot,2025-10-26,5,17.33,1,3.0,1,0.7452952380952379,1
Punjab,Faridkot,2025-10-27,3,11.5,1,2.0,0,0.7240928571428572,1
Punjab,Faridkot,2025-10-28,2,8.79,1,9.0,1,0.6205690476190476,1
Punjab,Faridkot,2025-10-29,9,88.17,1,5.0,1,0.7178273809523812,1
Punjab,Faridkot,2025-10-30,5,17.3,1,9.0,1,0.8795773809523808,1
Punjab,Faridkot,2025-10-31,9,39.27,1,4.0,1,0.9278750000000001,1
Punjab,Faridkot,2025-11-01,4,28.95,1,8.0,1,0.8387321428571429,1
Punjab,Faridkot,2025-11-02,8,50.22,1,0.0,0,0.7912083333333332,1
Punjab,Faridkot,2025-11-03,0,0.0,1,11.0,1,0.564613095238095,1
Punjab,Faridkot,2025-11-04,11,61.760000000000005,1,12.0,1,0.7987857142857142,1
Punjab,Faridkot,2025-11-05,12,48.12,1,19.0,1,0.8089642857142857,1
Punjab,Faridkot,2025-11-06,19,138.35,1,8.0,1,0.8847499999999999,1
Punjab,Faridkot,2025-11-07,8,23.32,1,15.0,1,0.9011011904761905,1
Punjab,Faridkot,2025-11-08,15,90.21,1,20.0,1,0.9073749999999999,1
Punjab,Faridkot,2025-11-09,20,190.47,1,3.0,1,0.7788273809523811,1
Punjab,Faridkot,2025-11-10,3,10.91,1,9.0,1,0.7930952380952379,1
Punjab,Faridkot,2025-11-11,9,65.49,1,3.0,1,0.9052083333333333,1
Punjab,Faridkot,2025-11-12,3,11.0,1,4.0,1,0.7660416666666667,1
Punjab,Faridkot,2025-11-13,4,12.6,1,0.0,0,0.7463988095238094,1
Punjab,Faridkot,2025-11-14,0,0.0,1,2.0,0,0.555452380952381,1
Punjab,Faridkot,2025-11-15,2,6.69,1,7.0,1,0.32366666666666677,0
Punjab,Faridkot,2025-11-16,7,34.44,1,4.0,1,0.7632440476190477,1
Punjab,Faridkot,2025-11-17,4,30.05,1,0.0,0,0.6695333333333332,1
Punjab,Faridkot,2025-11-18,0,0.0,1,2.0,0,0.6524880952380951,1
Punjab,Faridkot,2025-11-19,2,17.740000000000002,1,2.0,0,0.47947222222222213,1
Punjab,Faridkot,2025-11-20,2,11.43,1,0.0,0,0.43505555555555536,0
Punjab,Faridkot,2025-11-21,0,0.0,1,0.0,0,0.44825396825396835,0
Punjab,Faridkot,2025-11-22,0,0.0,1,0.0,0,0.3624151785714285,0
Punjab,Faridkot,2025-11-23,0,0.0,1,0.0,0,0.42236160714285703,0
Punjab,Fatehgarh Sahib,2025-10-15,0,0.0,1,0.0,0,0.051833333333333335,0
Punjab,Fatehgarh Sahib,2025-10-16,0,0.0,1,0.0,0,0.06400297619047621,0
Punjab,Fatehgarh Sahib,2025-10-17,0,0.0,1,0.0,0,0.012991071428571428,0
Punjab,Fatehgarh Sahib,2025-10-18,0,0.0,1,4.0,1,0.02010351481017939,0
Punjab,Fatehgarh Sahib,2025-10-19,4,20.89,1,1.0,0,0.4390238095238096,0
Punjab,Fatehgarh Sahib,2025-10-20,1,1.79,1,6.0,1,0.37891071428571427,0
Punjab,Fatehgarh Sahib,2025-10-21,6,26.86,1,2.0,0,0.6198303571428572,1
Punjab,Fatehgarh Sahib,2025-10-22,2,12.03,1,0.0,0,0.6766702380952381,1
Punjab,Fatehgarh Sahib,2025-10-23,0,0.0,1,0.0,0,0.23113095238095238,0
Punjab,Fatehgarh Sahib,2025-10-24,0,0.0,1,0.0,0,0.2718065476190476,0
Punjab,Fatehgarh Sahib,2025-10-25,0,0.0,1,14.0,1,0.12648614029648508,0
Punjab,Fatehgarh Sahib,2025-10-26,14,44.94,1,3.0,1,0.6961160714285716,1
Punjab,Fatehgarh Sahib,2025-10-27,3,49.03,1,4.0,1,0.7515630952380952,1
Punjab,Fatehgarh Sahib,2025-10-28,4,19.14,1,3.0,1,0.7696666666666665,1
Punjab,Fatehgarh Sahib,2025-10-29,3,33.61,1,0.0,0,0.7674404761904764,1
Punjab,Fatehgarh Sahib,2025-10-30,0,0.0,1,5.0,1,0.5051011904761904,1
Punjab,Fatehgarh Sahib,2025-10-31,5,28.4,1,8.0,1,0.7867083333333333,1
Punjab,Fatehgarh Sahib,2025-11-01,8,57.0,1,5.0,1,0.8605178571428571,1
Punjab,Fatehgarh Sahib,2025-11-02,5,30.47,1,1.0,0,0.8154166666666667,1
Punjab,Fatehgarh Sahib,2025-11-03,1,4.68,1,3.0,1,0.6462202380952381,1
Punjab,Fatehgarh Sahib,2025-11-04,3,19.16,1,6.0,1,0.6558988095238095,1
Punjab,Fatehgarh Sahib,2025-11-05,6,19.16,1,6.0,1,0.5111904761904762,1
Punjab,Fatehgarh Sahib,2025-11-06,6,9.41,1,8.0,1,0.557140476190476,1
Punjab,Fatehgarh Sahib,2025-11-07,8,23.52,1,8.0,1,0.5313392857142858,1
Punjab,Fatehgarh Sahib,2025-11-08,8,33.71,1,5.0,1,0.660767857142857,1
Punjab,Fatehgarh Sahib,2025-11-09,5,24.72,1,1.0,0,0.6793333333333333,1
Punjab,Fatehgarh Sahib,2025-11-10,1,3.45,1,3.0,1,0.536625,1
Punjab,Fatehgarh Sahib,2025-11-11,3,7.37,1,1.0,0,0.3723154761904762,0
Punjab,Fatehgarh Sahib,2025-11-12,1,7.2,1,0.0,0,0.35268396226415094,0
Punjab,Fatehgarh Sahib,2025-11-13,0,0.0,1,2.0,0,0.3485089285714287,0
Punjab,Fatehgarh Sahib,2025-11-14,2,4.34,1,3.0,1,0.4168333333333334,0
Punjab,Fatehgarh Sahib,2025-11-15,3,6.069999999999999,1,4.0,1,0.46112500000000006,1
Punjab,Fatehgarh Sahib,2025-11-16,4,6.75,1,1.0,0,0.4499484126984127,0
Punjab,Fatehgarh Sahib,2025-11-17,1,3.37,1,1.0,0,0.29344642857142866,0
Punjab,Fatehgarh Sahib,2025-11-18,1,3.68,1,6.0,1,0.2285168067226891,0
Punjab,Fatehgarh Sahib,2025-11-19,6,22.45,1,3.0,1,0.532011904761905,1
Punjab,Fatehgarh Sahib,2025-11-20,3,3.65,1,0.0,0,0.5206845238095239,1
Punjab,Fatehgarh Sahib,2025-11-21,0,0.0,1,0.0,0,0.35224054621848744,0
Punjab,Fatehgarh Sahib,2025-11-22,0,0.0,1,0.0,0,0.22005443168646774,0
Punjab,Fatehgarh Sahib,2025-11-23,0,0.0,1,0.0,0,0.20305596405228762,0
Punjab,Fazilka,2025-10-15,0,0.0,1,2.0,0,0.18711011904761907,0
Punjab,Fazilka,2025-10-16,2,8.14,1,3.0,1,0.3790605158730159,0
Punjab,Fazilka,2025-10-17,3,11.59,1,0.0,0,0.516095238095238,1
Punjab,Fazilka,2025-10-18,0,0.0,1,4.0,1,0.24997359584859585,0
Punjab,Fazilka,2025-10-19,4,18.04,1,7.0,1,0.49801190476190493,1
Punjab,Fazilka,2025-10-20,7,33.6,1,4.0,1,0.6781011904761902,1
Punjab,Fazilka,2025-10-21,4,18.44,1,2.0,0,0.6475095238095239,1
Punjab,Fazilka,2025-10-22,2,40.43,1,0.0,0,0.7321071115288221,1
Punjab,Fazilka,2025-10-23,0,0.0,1,4.0,1,0.5133541666666666,1
Punjab,Fazilka,2025-10-24,4,27.34,1,0.0,0,0.6355654761904761,1
Punjab,Fazilka,2025-10-25,0,0.0,1,7.0,1,0.5812374686716794,1
Punjab,Fazilka,2025-10-26,7,29.8,1,1.0,0,0.693532738095238,1
Punjab,Fazilka,2025-10-27,1,3.99,1,2.0,0,0.6695112781954888,1
Punjab,Fazilka,2025-10-28,2,11.98,1,4.0,1,0.6194523809523809,1
Punjab,Fazilka,2025-10-29,4,27.86,1,5.0,1,0.673440476190476,1
Punjab,Fazilka,2025-10-30,5,24.56,1,10.0,1,0.7583244047619047,1
Punjab,Fazilka,2025-10-31,10,44.28,1,12.0,1,0.7952083333333332,1
Punjab,Fazilka,2025-11-01,12,57.93,1,13.0,1,0.8590750000000001,1
Punjab,Fazilka,2025-11-02,13,84.34,1,13.0,1,0.9041250000000001,1
Punjab,Fazilka,2025-11-03,13,134.76,1,16.0,1,0.9270833333333333,1
Punjab,Fazilka,2025-11-04,16,119.84,1,18.0,1,0.9143333333333332,1
Punjab,Fazilka,2025-11-05,18,102.75,1,25.0,1,0.8711666666666669,1
Punjab,Fazilka,2025-11-06,25,259.03000000000003,1,20.0,1,0.9640119047619049,1
Punjab,Fazilka,2025-11-07,20,154.25,1,24.0,1,0.9876666666666667,1
Punjab,Fazilka,2025-11-08,24,119.77,1,46.0,1,0.9759166666666667,1
Punjab,Fazilka,2025-11-09,46,255.47,1,17.0,1,0.7877857142857144,1
Punjab,Fazilka,2025-11-10,17,96.81,1,23.0,1,0.8664940476190476,1
Punjab,Fazilka,2025-11-11,23,189.2,1,14.0,1,0.9540357142857142,1
Punjab,Fazilka,2025-11-12,14,117.91,1,19.0,1,0.9507857142857143,1
Punjab,Fazilka,2025-11-13,19,143.35,1,29.0,1,0.9732857142857143,1
Punjab,Fazilka,2025-11-14,29,271.5,1,18.0,1,0.9685238095238096,1
Punjab,Fazilka,2025-11-15,18,61.9,1,29.0,1,0.9787202380952382,1
Punjab,Fazilka,2025-11-16,29,117.8,1,7.0,1,0.9819166666666667,1
Punjab,Fazilka,2025-11-17,7,33.87,1,3.0,1,0.9227613432165319,1
Punjab,Fazilka,2025-11-18,3,15.489999999999998,1,10.0,1,0.8516666666666666,1
Punjab,Fazilka,2025-11-19,10,25.72,1,1.0,0,0.732172619047619,1
Punjab,Fazilka,2025-11-20,1,6.82,1,10.0,1,0.6597619047619048,1
Punjab,Fazilka,2025-11-21,10,59.63,1,4.0,1,0.7673506289308177,1
Punjab,Fazilka,2025-11-22,4,25.17,1,3.0,1,0.6557137241689129,1
Punjab,Fazilka,2025-11-23,3,33.96,1,0.0,0,0.6758154761904764,1
Punjab,Ferozepur,2025-10-15,3,12.61,1,9.0,1,0.5089404761904762,1
Punjab,Ferozepur,2025-10-16,9,81.17999999999999,1,7.0,1,0.5126666666666666,1
Punjab,Ferozepur,2025-10-17,7,33.97,1,10.0,1,0.6698928571428573,1
Punjab,Ferozepur,2025-10-18,10,29.47,1,7.0,1,0.7243630952380952,1
Punjab,Ferozepur,2025-10-19,7,76.3,1,18.0,1,0.8029374999999999,1
Punjab,Ferozepur,2025-10-20,18,144.3,1,31.0,1,0.7637916666666668,1
Punjab,Ferozepur,2025-10-21,31,177.18,1,18.0,1,0.9319166666666666,1
Punjab,Ferozepur,2025-10-22,18,137.65,1,5.0,1,0.976125,1
Punjab,Ferozepur,2025-10-23,5,19.84,1,7.0,1,0.8593928571428571,1
Punjab,Ferozepur,2025-10-24,7,31.76,1,12.0,1,0.8710595238095238,1
Punjab,Ferozepur,2025-10-25,12,88.68,1,25.0,1,0.8420238095238096,1
Punjab,Ferozepur,2025-10-26,25,167.95,1,14.0,1,0.9610416666666667,1
Punjab,Ferozepur,2025-10-27,14,99.84,1,10.0,1,0.9575595238095237,1
Punjab,Ferozepur,2025-10-28,10,50.78,1,27.0,1,0.9299345238095238,1
Punjab,Ferozepur,2025-10-29,27,342.41,1,43.0,1,0.9415595238095239,1
Punjab,Ferozepur,2025-10-30,43,284.75,1,35.0,1,0.9611904761904764,1
Punjab,Ferozepur,2025-10-31,35,223.29,1,33.0,1,0.9889583333333333,1
Punjab,Ferozepur,2025-11-01,33,243.13,1,47.0,1,0.97925,1
Punjab,Ferozepur,2025-11-02,47,320.26,1,26.0,1,0.9822916666666667,1
Punjab,Ferozepur,2025-11-03,26,130.48,1,69.0,1,0.9521666666666667,1
Punjab,Ferozepur,2025-11-04,69,518.02,1,5.0,1,0.8145357142857145,1
Punjab,Ferozepur,2025-11-05,5,39.5,1,20.0,1,0.8905714285714287,1
Punjab,Ferozepur,2025-11-06,20,166.86,1,48.0,1,0.960375,1
Punjab,Ferozepur,2025-11-07,48,253.48,1,46.0,1,0.9824583333333333,1
Punjab,Ferozepur,2025-11-08,46,301.38,1,77.0,1,0.9783333333333333,1
Punjab,Ferozepur,2025-11-09,77,484.15,1,39.0,1,0.7955416666666666,1
Punjab,Ferozepur,2025-11-10,39,197.49,1,23.0,1,0.8633749999999999,1
Punjab,Ferozepur,2025-11-11,23,143.03,1,22.0,1,0.9542916666666666,1
Punjab,Ferozepur,2025-11-12,22,96.13,1,21.0,1,0.9699583333333334,1
Punjab,Ferozepur,2025-11-13,21,122.98,1,12.0,1,0.9705416666666667,1
Punjab,Ferozepur,2025-11-14,12,70.94,1,20.0,1,0.9513750000000001,1
Punjab,Ferozepur,2025-11-15,20,267.89,1,19.0,1,0.9312261904761905,1
Punjab,Ferozepur,2025-11-16,19,94.6,1,2.0,0,0.972,1
Punjab,Ferozepur,2025-11-17,2,7.55,1,4.0,1,0.8673744384546269,1
Punjab,Ferozepur,2025-11-18,4,10.27,1,1.0,0,0.819183962264151,1
Punjab,Ferozepur,2025-11-19,1,4.64,1,1.0,0,0.6938982479784367,1
Punjab,Ferozepur,2025-11-20,1,3.39,1,1.0,0,0.6713303571428573,1
Punjab,Ferozepur,2025-11-21,1,3.06,1,3.0,1,0.5340178571428571,1
Punjab,Ferozepur,2025-11-22,3,9.88,1,0.0,0,0.5747321428571428,1
Punjab,Ferozepur,2025-11-23,0,0.0,1,2.0,0,0.6336354166666667,1
Punjab,Gurdaspur,2025-10-15,0,0.0,1,1.0,0,0.21395617026651506,0
Punjab,Gurdaspur,2025-10-16,1,3.49,1,2.0,0,0.36918551587301596,0
Punjab,Gurdaspur,2025-10-17,2,6.96,1,3.0,1,0.37233501221001225,0
Punjab,Gurdaspur,2025-10-18,3,11.97,1,4.0,1,0.4325178571428573,0
Punjab,Gurdaspur,2025-10-19,4,9.85,1,10.0,1,0.5452321428571429,1
Punjab,Gurdaspur,2025-10-20,10,38.04,1,11.0,1,0.7860952380952377,1
Punjab,Gurdaspur,2025-10-21,11,53.23,1,18.0,1,0.8150833333333332,1
Punjab,Gurdaspur,2025-10-22,18,68.9,1,5.0,1,0.9543749999999999,1
Punjab,Gurdaspur,2025-10-23,5,11.48,1,4.0,1,0.8211666666666667,1
Punjab,Gurdaspur,2025-10-24,4,15.14,1,7.0,1,0.8520000000000002,1
Punjab,Gurdaspur,2025-10-25,7,20.9,1,23.0,1,0.7356250000000002,1
Punjab,Gurdaspur,2025-10-26,23,92.27,1,9.0,1,0.8191999999999999,1
Punjab,Gurdaspur,2025-10-27,9,22.0,1,5.0,1,0.7618511904761904,1
Punjab,Gurdaspur,2025-10-28,5,21.13,1,0.0,0,0.8688749999999998,1
Punjab,Gurdaspur,2025-10-29,0,0.0,1,5.0,1,0.673235119047619,1
Punjab,Gurdaspur,2025-10-30,5,31.75,1,10.0,1,0.755,1
Punjab,Gurdaspur,2025-10-31,10,31.14,1,10.0,1,0.7537833333333332,1
Punjab,Gurdaspur,2025-11-01,10,37.7,1,6.0,1,0.85225,1
Punjab,Gurdaspur,2025-11-02,6,26.83,1,3.0,1,0.8754583333333333,1
Punjab,Gurdaspur,2025-11-03,3,10.03,1,5.0,1,0.6138750000000001,1
Punjab,Gurdaspur,2025-11-04,5,22.94,1,2.0,0,0.5899166666666665,1
Punjab,Gurdaspur,2025-11-05,2,4.93,1,6.0,1,0.5077916666666666,1
Punjab,Gurdaspur,2025-11-06,6,27.17,1,6.0,1,0.6836249999999998,1
Punjab,Gurdaspur,2025-11-07,6,15.24,1,5.0,1,0.5113333333333333,1
Punjab,Gurdaspur,2025-11-08,5,17.650000000000002,1,4.0,1,0.5514999999999999,1
Punjab,Gurdaspur,2025-11-09,4,15.5,1,12.0,1,0.5251666666666666,1
Punjab,Gurdaspur,2025-11-10,12,49.24,1,6.0,1,0.6775,1
Punjab,Gurdaspur,2025-11-11,6,18.61,1,2.0,0,0.6440535714285716,1
Punjab,Gurdaspur,2025-11-12,2,4.21,1,0.0,0,0.5663488095238094,1
Punjab,Gurdaspur,2025-11-13,0,0.0,1,0.0,0,0.3677072465778765,0
Punjab,Gurdaspur,2025-11-14,0,0.0,1,0.0,0,0.33108968705406694,0
Punjab,Gurdaspur,2025-11-15,0,0.0,1,1.0,0,0.471313462885154,1
Punjab,Gurdaspur,2025-11-16,1,3.47,1,0.0,0,0.3320238095238095,0
Punjab,Gurdaspur,2025-11-17,0,0.0,1,0.0,0,0.4418421743697481,0
Punjab,Gurdaspur,2025-11-18,0,0.0,1,0.0,0,0.22963129844012198,0
Punjab,Gurdaspur,2025-11-19,0,0.0,1,0.0,0,0.059590215340215344,0
Punjab,Gurdaspur,2025-11-20,0,0.0,1,0.0,0,0.03022416989039329,0
Punjab,Gurdaspur,2025-11-21,0,0.0,1,1.0,0,0.0265177304964539,0
Punjab,Gurdaspur,2025-11-22,1,3.23,1,0.0,0,0.052000000000000005,0
Punjab,Gurdaspur,2025-11-23,0,0.0,1,0.0,0,0.06110748626373626,0
Punjab,Hoshiarpur,2025-10-15,0,0.0,1,0.0,0,0.02152018147684606,0
Punjab,Hoshiarpur,2025-10-16,0,0.0,1,0.0,0,0.029914120870785453,0
Punjab,Hoshiarpur,2025-10-17,0,0.0,1,0.0,0,0.03366412087078545,0
Punjab,Hoshiarpur,2025-10-18,0,0.0,1,0.0,0,0.03760162087078545,0
Punjab,Hoshiarpur,2025-10-19,0,0.0,1,0.0,0,0.023603514810179395,0
Punjab,Hoshiarpur,2025-10-20,0,0.0,1,1.0,0,0.06907912925851054,0
Punjab,Hoshiarpur,2025-10-21,1,2.05,1,1.0,0,0.18241765873015872,0
Punjab,Hoshiarpur,2025-10-22,1,1.95,1,0.0,0,0.2667688492063492,0
Punjab,Hoshiarpur,2025-10-23,0,0.0,1,3.0,1,0.1832225274725274,0
Punjab,Hoshiarpur,2025-10-24,3,8.99,1,1.0,0,0.2152986111111111,0
Punjab,Hoshiarpur,2025-10-25,1,3.5,1,3.0,1,0.4075873015873017,0
Punjab,Hoshiarpur,2025-10-26,3,8.4,1,1.0,0,0.5325059523809521,1
Punjab,Hoshiarpur,2025-10-27,1,1.99,1,1.0,0,0.35960317460317465,0
Punjab,Hoshiarpur,2025-10-28,1,1.76,1,2.0,0,0.27289393939393947,0
Punjab,Hoshiarpur,2025-10-29,2,9.41,1,1.0,0,0.5601607142857143,1
Punjab,Hoshiarpur,2025-10-30,1,4.77,1,7.0,1,0.3880416666666667,0
Punjab,Hoshiarpur,2025-10-31,7,13.48,1,11.0,1,0.5506358543417367,1
Punjab,Hoshiarpur,2025-11-01,11,59.01,1,2.0,0,0.8664166666666668,1
Punjab,Hoshiarpur,2025-11-02,2,4.35,1,0.0,0,0.6642803571428572,1
Punjab,Hoshiarpur,2025-11-03,0,0.0,1,3.0,1,0.3148898809523809,0
Punjab,Hoshiarpur,2025-11-04,3,9.78,1,1.0,0,0.6000416666666668,1
Punjab,Hoshiarpur,2025-11-05,1,0.53,1,0.0,0,0.3775208333333333,0
Punjab,Hoshiarpur,2025-11-06,0,0.0,1,0.0,0,0.42981250000000004,0
Punjab,Hoshiarpur,2025-11-07,0,0.0,1,0.0,0,0.326466108857336,0
Punjab,Hoshiarpur,2025-11-08,0,0.0,1,0.0,0,0.4111924019607842,0
Punjab,Hoshiarpur,2025-11-09,0,0.0,1,1.0,0,0.120250955604679,0
Punjab,Hoshiarpur,2025-11-10,1,3.59,1,4.0,1,0.08196130952380953,0
Punjab,Hoshiarpur,2025-11-11,4,13.02,1,1.0,0,0.3545297619047617,0
Punjab,Hoshiarpur,2025-11-12,1,2.58,1,1.0,0,0.2834404761904762,0
Punjab,Hoshiarpur,2025-11-13,1,4.07,1,0.0,0,0.21332846320346327,0
Punjab,Hoshiarpur,2025-11-14,0,0.0,1,1.0,0,0.1250469912102772,0
Punjab,Hoshiarpur,2025-11-15,1,5.82,1,0.0,0,0.161672619047619,0
Punjab,Hoshiarpur,2025-11-16,0,0.0,1,1.0,0,0.12366656403940884,0
Punjab,Hoshiarpur,2025-11-17,1,2.83,1,1.0,0,0.11929166666666667,0
Punjab,Hoshiarpur,2025-11-18,1,3.42,1,1.0,0,0.2040227591036415,0
Punjab,Hoshiarpur,2025-11-19,1,3.11,1,0.0,0,0.14250000000000002,0
Punjab,Hoshiarpur,2025-11-20,0,0.0,1,0.0,0,0.1066393557422969,0
Punjab,Hoshiarpur,2025-11-21,0,0.0,1,0.0,0,0.04521428571428571,0
Punjab,Hoshiarpur,2025-11-22,0,0.0,1,0.0,0,0.0856111111111111,0
Punjab,Hoshiarpur,2025-11-23,0,0.0,1,2.0,0,0.05758023049645388,0
Punjab,Jalandhar,2025-10-15,0,0.0,1,0.0,0,0.014497454204118784,0
Punjab,Jalandhar,2025-10-16,0,0.0,1,4.0,1,0.05816356382978724,0
Punjab,Jalandhar,2025-10-17,4,14.38,1,2.0,0,0.3375738795518208,0
Punjab,Jalandhar,2025-10-18,2,9.96,1,0.0,0,0.49300000000000005,1
Punjab,Jalandhar,2025-10-19,0,0.0,1,2.0,0,0.25963690476190476,0
Punjab,Jalandhar,2025-10-20,2,9.15,1,3.0,1,0.4625000000000001,1
Punjab,Jalandhar,2025-10-21,3,16.41,1,4.0,1,0.5002261904761907,1
Punjab,Jalandhar,2025-10-22,4,15.63,1,1.0,0,0.6297896825396826,1
Punjab,Jalandhar,2025-10-23,1,2.67,1,0.0,0,0.5312337301587302,1
Punjab,Jalandhar,2025-10-24,0,0.0,1,8.0,1,0.33375000000000005,0
Punjab,Jalandhar,2025-10-25,8,94.87,1,12.0,1,0.7658333333333333,1
Punjab,Jalandhar,2025-10-26,12,45.35,1,8.0,1,0.8450333333333334,1
Punjab,Jalandhar,2025-10-27,8,36.98,1,6.0,1,0.9262291666666667,1
Punjab,Jalandhar,2025-10-28,6,29.52,1,12.0,1,0.8983273809523808,1
Punjab,Jalandhar,2025-10-29,12,42.22,1,5.0,1,0.8667857142857142,1
Punjab,Jalandhar,2025-10-30,5,25.29,1,13.0,1,0.9089166666666665,1
Punjab,Jalandhar,2025-10-31,13,70.91,1,18.0,1,0.9442916666666668,1
Punjab,Jalandhar,2025-11-01,18,79.67999999999999,1,15.0,1,0.9549583333333334,1
Punjab,Jalandhar,2025-11-02,15,97.69,1,5.0,1,0.9887291666666667,1
Punjab,Jalandhar,2025-11-03,5,47.65,1,9.0,1,0.9692916666666666,1
Punjab,Jalandhar,2025-11-04,9,61.24,1,8.0,1,0.763,1
Punjab,Jalandhar,2025-11-05,8,5.93,1,11.0,1,0.7223888888888891,1
Punjab,Jalandhar,2025-11-06,11,34.28,1,16.0,1,0.7798630952380954,1
Punjab,Jalandhar,2025-11-07,16,78.03,1,5.0,1,0.8942321428571428,1
Punjab,Jalandhar,2025-11-08,5,17.88,1,9.0,1,0.848583333333333,1
Punjab,Jalandhar,2025-11-09,9,30.61,1,16.0,1,0.7499583333333334,1
Punjab,Jalandhar,2025-11-10,16,64.49,1,19.0,1,0.8092083333333336,1
Punjab,Jalandhar,2025-11-11,19,152.87,1,10.0,1,0.8614940476190478,1
Punjab,Jalandhar,2025-11-12,10,33.88,1,4.0,1,0.8930476190476193,1
Punjab,Jalandhar,2025-11-13,4,17.48,1,1.0,0,0.9026666666666666,1
Punjab,Jalandhar,2025-11-14,1,1.66,1,2.0,0,0.7388125000000001,1
Punjab,Jalandhar,2025-11-15,2,7.02,1,4.0,1,0.3856726190476191,0
Punjab,Jalandhar,2025-11-16,4,21.23,1,1.0,0,0.6496130952380951,1
Punjab,Jalandhar,2025-11-17,1,1.76,1,1.0,0,0.6125416666666665,1
Punjab,Jalandhar,2025-11-18,1,2.9,1,1.0,0,0.5049821428571429,1
Punjab,Jalandhar,2025-11-19,1,4.82,1,0.0,0,0.3637318376068378,0
Punjab,Jalandhar,2025-11-20,0,0.0,1,1.0,0,0.35555453431372547,0
Punjab,Jalandhar,2025-11-21,1,3.67,1,0.0,0,0.24930555555555553,0
Punjab,Jalandhar,2025-11-22,0,0.0,1,0.0,0,0.13820665507582344,0
Punjab,Jalandhar,2025-11-23,0,0.0,1,7.0,1,0.2595753676470588,0
Punjab,Kapurthala,2025-10-15,0,0.0,1,2.0,0,0.13016908235442717,0
Punjab,Kapurthala,2025-10-16,2,19.36,1,0.0,0,0.4063988095238096,0
Punjab,Kapurthala,2025-10-17,0,0.0,1,1.0,0,0.26733630952380955,0
Punjab,Kapurthala,2025-10-18,1,2.11,1,0.0,0,0.3145545634920635,0
Punjab,Kapurthala,2025-10-19,0,0.0,1,0.0,0,0.279358092540148,0
Punjab,Kapurthala,2025-10-20,0,0.0,1,18.0,1,0.2333462301587301,0
Punjab,Kapurthala,2025-10-21,18,162.19,1,6.0,1,0.6229920634920635,1
Punjab,Kapurthala,2025-10-22,6,27.200000000000003,1,5.0,1,0.899625,1
Punjab,Kapurthala,2025-10-23,5,18.61,1,2.0,0,0.8268273809523808,1
Punjab,Kapurthala,2025-10-24,2,13.5,1,8.0,1,0.8324583333333334,1
Punjab,Kapurthala,2025-10-25,8,66.05,1,13.0,1,0.8316880952380954,1
Punjab,Kapurthala,2025-10-26,13,79.31,1,14.0,1,0.9352916666666666,1
Punjab,Kapurthala,2025-10-27,14,51.09,1,3.0,1,0.9293571428571427,1
Punjab,Kapurthala,2025-10-28,3,15.39,1,18.0,1,0.8745833333333336,1
Punjab,Kapurthala,2025-10-29,18,131.55,1,12.0,1,0.9261666666666667,1
Punjab,Kapurthala,2025-10-30,12,41.96,1,31.0,1,0.9388571428571428,1
Punjab,Kapurthala,2025-10-31,31,101.58,1,35.0,1,0.9830952380952382,1
Punjab,Kapurthala,2025-11-01,35,154.07,1,26.0,1,0.9856666666666666,1
Punjab,Kapurthala,2025-11-02,26,154.72,1,11.0,1,0.994375,1
Punjab,Kapurthala,2025-11-03,11,44.88,1,11.0,1,0.9571666666666665,1
Punjab,Kapurthala,2025-11-04,11,57.36,1,0.0,0,0.7589166666666668,1
Punjab,Kapurthala,2025-11-05,0,0.0,1,5.0,1,0.7033063186813189,1
Punjab,Kapurthala,2025-11-06,5,15.38,1,14.0,1,0.7470029761904762,1
Punjab,Kapurthala,2025-11-07,14,53.81,1,10.0,1,0.8534345238095239,1
Punjab,Kapurthala,2025-11-08,10,44.3,1,9.0,1,0.8757500000000001,1
Punjab,Kapurthala,2025-11-09,9,34.25,1,6.0,1,0.7640416666666668,1
Punjab,Kapurthala,2025-11-10,6,32.980000000000004,1,8.0,1,0.8089166666666666,1
Punjab,Kapurthala,2025-11-11,8,22.67,1,2.0,0,0.6698630952380953,1
Punjab,Kapurthala,2025-11-12,2,11.84,1,2.0,0,0.6581428571428574,1
Punjab,Kapurthala,2025-11-13,2,4.36,1,0.0,0,0.47056547619047623,1
Punjab,Kapurthala,2025-11-14,0,0.0,1,2.0,0,0.3766205357142858,0
Punjab,Kapurthala,2025-11-15,2,10.1,1,4.0,1,0.4641547619047621,1
Punjab,Kapurthala,2025-11-16,4,17.630000000000003,1,0.0,0,0.616857142857143,1
Punjab,Kapurthala,2025-11-17,0,0.0,1,1.0,0,0.564952847805789,1
Punjab,Kapurthala,2025-11-18,1,3.46,1,1.0,0,0.33774404761904764,0
Punjab,Kapurthala,2025-11-19,1,0.67,1,0.0,0,0.22019391923436044,0
Punjab,Kapurthala,2025-11-20,0,0.0,1,1.0,0,0.17083876050420166,0
Punjab,Kapurthala,2025-11-21,1,1.36,1,0.0,0,0.26095833333333324,0
Punjab,Kapurthala,2025-11-22,0,0.0,1,0.0,0,0.21171535409035408,0
Punjab,Kapurthala,2025-11-23,0,0.0,1,0.0,0,0.2535753676470588,0
Punjab,Ludhiana,2025-10-15,2,4.0200000000000005,1,0.0,0,0.22392559523809524,0
Punjab,Ludhiana,2025-10-16,0,0.0,1,0.0,0,0.05471120689655173,0
Punjab,Ludhiana,2025-10-17,0,0.0,1,0.0,0,0.06148214285714286,0
Punjab,Ludhiana,2025-10-18,0,0.0,1,1.0,0,0.0679731116584565,0
Punjab,Ludhiana,2025-10-19,1,1.78,1,0.0,0,0.05388095238095238,0
Punjab,Ludhiana,2025-10-20,0,0.0,1,0.0,0,0.25298370726495717,0
Punjab,Ludhiana,2025-10-21,0,0.0,1,1.0,0,0.14916781135531132,0
Punjab,Ludhiana,2025-10-22,1,2.57,1,0.0,0,0.10108928571428569,0
Punjab,Ludhiana,2025-10-23,0,0.0,1,1.0,0,0.07271405677655679,0
Punjab,Ludhiana,2025-10-24,1,1.54,1,6.0,1,0.1320922619047619,0
Punjab,Ludhiana,2025-10-25,6,21.11,1,4.0,1,0.42082738095238104,0
Punjab,Ludhiana,2025-10-26,4,15.24,1,7.0,1,0.6738035714285712,1
Punjab,Ludhiana,2025-10-27,7,13.43,1,8.0,1,0.5701349206349206,1
Punjab,Ludhiana,2025-10-28,8,36.38,1,7.0,1,0.7248190476190476,1
Punjab,Ludhiana,2025-10-29,7,41.97,1,2.0,0,0.8171374999999999,1
Punjab,Ludhiana,2025-10-30,2,12.87,1,21.0,1,0.7778607142857143,1
Punjab,Ludhiana,2025-10-31,21,66.55,1,19.0,1,0.8534583333333333,1
Punjab,Ludhiana,2025-11-01,19,87.58,1,33.0,1,0.9220000000000002,1
Punjab,Ludhiana,2025-11-02,33,183.02,1,13.0,1,0.976875,1
Punjab,Ludhiana,2025-11-03,13,65.13,1,31.0,1,0.9629166666666668,1
Punjab,Ludhiana,2025-11-04,31,162.89,1,33.0,1,0.8543333333333334,1
Punjab,Ludhiana,2025-11-05,33,192.2,1,39.0,1,0.8464166666666667,1
Punjab,Ludhiana,2025-11-06,39,178.28,1,50.0,1,0.9392083333333333,1
Punjab,Ludhiana,2025-11-07,50,245.07,1,33.0,1,0.9624166666666667,1
Punjab,Ludhiana,2025-11-08,33,173.89,1,32.0,1,0.9585416666666667,1
Punjab,Ludhiana,2025-11-09,32,147.52,1,34.0,1,0.8267440476190476,1
Punjab,Ludhiana,2025-11-10,34,117.03,1,21.0,1,0.8698273809523809,1
Punjab,Ludhiana,2025-11-11,21,76.25,1,8.0,1,0.9564523809523809,1
Punjab,Ludhiana,2025-11-12,8,21.61,1,21.0,1,0.8366845238095236,1
Punjab,Ludhiana,2025-11-13,21,102.31,1,5.0,1,0.8865892857142861,1
Punjab,Ludhiana,2025-11-14,5,24.01,1,15.0,1,0.7689637241689128,1
Punjab,Ludhiana,2025-11-15,15,41.52,1,13.0,1,0.8206666666666668,1
Punjab,Ludhiana,2025-11-16,13,48.39,1,6.0,1,0.7185470575022461,1
Punjab,Ludhiana,2025-11-17,6,20.63,1,1.0,0,0.7979922969187673,1
Punjab,Ludhiana,2025-11-18,1,2.8,1,0.0,0,0.7148196778711486,1
Punjab,Ludhiana,2025-11-19,0,0.0,1,6.0,1,0.427731056101686,0
Punjab,Ludhiana,2025-11-20,6,36.79,1,1.0,0,0.6665416666666666,1
Punjab,Ludhiana,2025-11-21,1,0.59,1,1.0,0,0.5543392857142857,1
Punjab,Ludhiana,2025-11-22,1,2.19,1,1.0,0,0.44335119047619065,0
Punjab,Ludhiana,2025-11-23,1,3.43,1,0.0,0,0.4008191391941393,0
Punjab,Malerkotla,2025-10-15,0,0.0,1,0.0,0,0.03572353857726198,0
Punjab,Malerkotla,2025-10-16,0,0.0,1,0.0,0,0.037084559500782904,0
Punjab,Malerkotla,2025-10-17,0,0.0,1,0.0,0,0.07256680152346609,0
Punjab,Malerkotla,2025-10-18,0,0.0,1,0.0,0,0.04623059708248225,0
Punjab,Malerkotla,2025-10-19,0,0.0,1,0.0,0,0.05623325985014115,0
Punjab,Malerkotla,2025-10-20,0,0.0,1,0.0,0,0.06227492651680782,0
Punjab,Malerkotla,2025-10-21,0,0.0,1,0.0,0,0.11063490164805953,0
Punjab,Malerkotla,2025-10-22,0,0.0,1,0.0,0,0.10669429881118012,0
Punjab,Malerkotla,2025-10-23,0,0.0,1,0.0,0,0.09651015473887814,0
Punjab,Malerkotla,2025-10-24,0,0.0,1,0.0,0,0.10019249505937637,0
Punjab,Malerkotla,2025-10-25,0,0.0,1,2.0,0,0.1751864889496468,0
Punjab,Malerkotla,2025-10-26,2,5.55,1,1.0,0,0.19281087662337662,0
Punjab,Malerkotla,2025-10-27,1,6.63,1,1.0,0,0.30311210317460324,0
Punjab,Malerkotla,2025-10-28,1,4.08,1,6.0,1,0.3338789682539683,0
Punjab,Malerkotla,2025-10-29,6,34.94,1,4.0,1,0.6475833333333333,1
Punjab,Malerkotla,2025-10-30,4,23.77,1,11.0,1,0.8326136904761904,1
Punjab,Malerkotla,2025-10-31,11,36.73,1,8.0,1,0.8870095238095239,1
Punjab,Malerkotla,2025-11-01,8,34.84,1,14.0,1,0.8982916666666665,1
Punjab,Malerkotla,2025-11-02,14,95.62,1,7.0,1,0.9201166666666666,1
Punjab,Malerkotla,2025-11-03,7,24.62,1,12.0,1,0.9153333333333334,1
Punjab,Malerkotla,2025-11-04,12,73.54,1,4.0,1,0.9530059523809523,1
Punjab,Malerkotla,2025-11-05,4,25.35,1,6.0,1,0.7677321428571429,1
Punjab,Malerkotla,2025-11-06,6,14.16,1,10.0,1,0.5841369047619047,1
Punjab,Malerkotla,2025-11-07,10,37.27,1,7.0,1,0.7798928571428573,1
Punjab,Malerkotla,2025-11-08,7,21.61,1,6.0,1,0.6756428571428572,1
Punjab,Malerkotla,2025-11-09,6,21.06,1,11.0,1,0.709422619047619,1
Punjab,Malerkotla,2025-11-10,11,41.59,1,3.0,1,0.7363333333333334,1
Punjab,Malerkotla,2025-11-11,3,6.94,1,6.0,1,0.5653333333333334,1
Punjab,Malerkotla,2025-11-12,6,40.16,1,1.0,0,0.6354339622641509,1
Punjab,Malerkotla,2025-11-13,1,1.8,1,1.0,0,0.5330654761904762,1
Punjab,Malerkotla,2025-11-14,1,3.34,1,1.0,0,0.35205300988319865,0
Punjab,Malerkotla,2025-11-15,1,8.85,1,1.0,0,0.4047358058608059,0
Punjab,Malerkotla,2025-11-16,1,1.52,1,0.0,0,0.40241666666666664,0
Punjab,Malerkotla,2025-11-17,0,0.0,1,0.0,0,0.5045223214285715,1
Punjab,Malerkotla,2025-11-18,0,0.0,1,0.0,0,0.1727508602578963,0
Punjab,Malerkotla,2025-11-19,0,0.0,1,0.0,0,0.27508680820813186,0
Punjab,Malerkotla,2025-11-20,0,0.0,1,0.0,0,0.04774852053974395,0
Punjab,Malerkotla,2025-11-21,0,0.0,1,1.0,0,0.07541682582123758,0
Punjab,Malerkotla,2025-11-22,1,4.83,1,0.0,0,0.19888873626373627,0
Punjab,Malerkotla,2025-11-23,0,0.0,1,0.0,0,0.05480973193473194,0
Punjab,Mansa,2025-10-15,0,0.0,1,0.0,0,0.017636904761904763,0
Punjab,Mansa,2025-10-16,0,0.0,1,0.0,0,0.02426793474481991,0
Punjab,Mansa,2025-10-17,0,0.0,1,0.0,0,0.05034593837535014,0
Punjab,Mansa,2025-10-18,0,0.0,1,0.0,0,0.0039343971631205675,0
Punjab,Mansa,2025-10-19,0,0.0,1,5.0,1,0.04185126807815325,0
Punjab,Mansa,2025-10-20,5,22.81,1,5.0,1,0.4340039682539683,0
Punjab,Mansa,2025-10-21,5,23.85,1,2.0,0,0.4411547619047619,0
Punjab,Mansa,2025-10-22,2,3.5900000000000003,1,6.0,1,0.5746583333333334,1
Punjab,Mansa,2025-10-23,6,58.6,1,0.0,0,0.6391488095238097,1
Punjab,Mansa,2025-10-24,0,0.0,1,0.0,0,0.5816011904761904,1
Punjab,Mansa,2025-10-25,0,0.0,1,1.0,0,0.40246068295739357,0
Punjab,Mansa,2025-10-26,1,3.98,1,2.0,0,0.49456553643724704,1
Punjab,Mansa,2025-10-27,2,9.69,1,2.0,0,0.5243809523809524,1
Punjab,Mansa,2025-10-28,2,14.45,1,9.0,1,0.7069940476190478,1
Punjab,Mansa,2025-10-29,9,116.13,1,19.0,1,0.6460119047619046,1
Punjab,Mansa,2025-10-30,19,117.26,1,19.0,1,0.8259583333333333,1
Punjab,Mansa,2025-10-31,19,106.16,1,22.0,1,0.980625,1
Punjab,Mansa,2025-11-01,22,190.03,1,10.0,1,0.9758333333333333,1
Punjab,Mansa,2025-11-02,10,102.98,1,17.0,1,0.9670000000000002,1
Punjab,Mansa,2025-11-03,17,74.22,1,31.0,1,0.9437916666666666,1
Punjab,Mansa,2025-11-04,31,273.45,1,8.0,1,0.9775000000000001,1
Punjab,Mansa,2025-11-05,8,52.7,1,15.0,1,0.7946249999999999,1
Punjab,Mansa,2025-11-06,15,77.31,1,15.0,1,0.9336666666666666,1
Punjab,Mansa,2025-11-07,15,79.3,1,22.0,1,0.9457619047619049,1
Punjab,Mansa,2025-11-08,22,151.06,1,36.0,1,0.9238749999999999,1
Punjab,Mansa,2025-11-09,36,283.91,1,20.0,1,0.8223690476190477,1
Punjab,Mansa,2025-11-10,20,99.55,1,29.0,1,0.8666607142857142,1
Punjab,Mansa,2025-11-11,29,184.88,1,8.0,1,0.946952380952381,1
Punjab,Mansa,2025-11-12,8,31.23,1,12.0,1,0.8982023809523809,1
Punjab,Mansa,2025-11-13,12,64.41,1,9.0,1,0.8872142857142858,1
Punjab,Mansa,2025-11-14,9,70.73,1,3.0,1,0.8217202380952382,1
Punjab,Mansa,2025-11-15,3,8.5,1,7.0,1,0.8089404761904762,1
Punjab,Mansa,2025-11-16,7,26.28,1,6.0,1,0.8253333333333334,1
Punjab,Mansa,2025-11-17,6,44.58,1,1.0,0,0.7232083333333337,1
Punjab,Mansa,2025-11-18,1,2.46,1,4.0,1,0.7010172955974842,1
Punjab,Mansa,2025-11-19,4,46.84,1,3.0,1,0.5988288035339923,1
Punjab,Mansa,2025-11-20,3,9.329999999999998,1,2.0,0,0.532993486073675,1
Punjab,Mansa,2025-11-21,2,3.75,1,2.0,0,0.5629934860736746,1
Punjab,Mansa,2025-11-22,2,5.38,1,1.0,0,0.4503506289308178,0
Punjab,Mansa,2025-11-23,1,2.02,1,0.0,0,0.430654761904762,0
Punjab,Moga,2025-10-15,0,0.0,1,1.0,0,0.014212174940898348,0
Punjab,Moga,2025-10-16,1,2.06,1,0.0,0,0.057008928571428565,0
Punjab,Moga,2025-10-17,0,0.0,1,0.0,0,0.15474668387168383,0
Punjab,Moga,2025-10-18,0,0.0,1,1.0,0,0.0995460927960928,0
Punjab,Moga,2025-10-19,1,2.61,1,0.0,0,0.16197916666666665,0
Punjab,Moga,2025-10-20,0,0.0,1,2.0,0,0.14282803307803305,0
Punjab,Moga,2025-10-21,2,1.66,1,2.0,0,0.252297619047619,0
Punjab,Moga,2025-10-22,2,5.529999999999999,1,3.0,1,0.25754067460317465,0
Punjab,Moga,2025-10-23,3,10.66,1,1.0,0,0.3128005952380953,0
Punjab,Moga,2025-10-24,1,3.21,1,4.0,1,0.3299920634920634,0
Punjab,Moga,2025-10-25,4,23.72,1,3.0,1,0.6942380952380955,1
Punjab,Moga,2025-10-26,3,20.72,1,4.0,1,0.7606285714285715,1
Punjab,Moga,2025-10-27,4,15.97,1,2.0,0,0.6452039682539683,1
Punjab,Moga,2025-10-28,2,12.66,1,5.0,1,0.731638492063492,1
Punjab,Moga,2025-10-29,5,13.23,1,5.0,1,0.5923130952380954,1
Punjab,Moga,2025-10-30,5,15.63,1,21.0,1,0.745652380952381,1
Punjab,Moga,2025-10-31,21,81.03,1,16.0,1,0.920186111111111,1
Punjab,Moga,2025-11-01,16,58.99,1,20.0,1,0.9292321428571428,1
Punjab,Moga,2025-11-02,20,72.94,1,18.0,1,0.9672321428571429,1
Punjab,Moga,2025-11-03,18,95.04,1,44.0,1,0.9619583333333332,1
Punjab,Moga,2025-11-04,44,500.31,1,35.0,1,0.8494166666666668,1
Punjab,Moga,2025-11-05,35,215.97,1,36.0,1,0.8637500000000001,1
Punjab,Moga,2025-11-06,36,178.56,1,47.0,1,0.9851666666666666,1
Punjab,Moga,2025-11-07,47,249.28,1,42.0,1,0.9865416666666665,1
Punjab,Moga,2025-11-08,42,260.68,1,44.0,1,0.9658333333333331,1
Punjab,Moga,2025-11-09,44,261.92,1,42.0,1,0.7924107142857143,1
Punjab,Moga,2025-11-10,42,255.84,1,43.0,1,0.8522857142857141,1
Punjab,Moga,2025-11-11,43,211.15,1,6.0,1,0.9370357142857142,1
Punjab,Moga,2025-11-12,6,35.96,1,19.0,1,0.9044285714285715,1
Punjab,Moga,2025-11-13,19,121.15,1,5.0,1,0.9307857142857143,1
Punjab,Moga,2025-11-14,5,37.97,1,13.0,1,0.8428809523809525,1
Punjab,Moga,2025-11-15,13,134.83,1,8.0,1,0.8871845238095238,1
Punjab,Moga,2025-11-16,8,74.97,1,0.0,0,0.8633392857142855,1
Punjab,Moga,2025-11-17,0,0.0,1,1.0,0,0.6818745004995006,1
Punjab,Moga,2025-11-18,1,2.11,1,1.0,0,0.7499756289308174,1
Punjab,Moga,2025-11-19,1,3.99,1,1.0,0,0.5218959586011471,1
Punjab,Moga,2025-11-20,1,3.84,1,3.0,1,0.6618095238095237,1
Punjab,Moga,2025-11-21,3,8.82,1,1.0,0,0.5829404761904761,1
Punjab,Moga,2025-11-22,1,2.94,1,0.0,0,0.5580892857142855,1
Punjab,Moga,2025-11-23,0,0.0,1,2.0,0,0.4578848914565827,1
Punjab,Pathankot,2025-10-15,0,0.0,1,1.0,0,0.0063600937575478125,0
Punjab,Pathankot,2025-10-16,1,2.9,1,0.0,0,0.09963935574229695,0
Punjab,Pathankot,2025-10-17,0,0.0,1,0.0,0,0.14553937728937727,0
Punjab,Pathankot,2025-10-18,0,0.0,1,0.0,0,0.12594024725274727,0
Punjab,Pathankot,2025-10-19,0,0.0,1,0.0,0,0.06869682620011569,0
Punjab,Pathankot,2025-10-20,0,0.0,1,0.0,0,0.10260045729124675,0
Punjab,Pathankot,2025-10-21,0,0.0,1,0.0,0,0.07482962395791341,0
Punjab,Pathankot,2025-10-22,0,0.0,1,0.0,0,0.13825431732010685,0
Punjab,Pathankot,2025-10-23,0,0.0,1,0.0,0,0.09904369283820573,0
Punjab,Pathankot,2025-10-24,0,0.0,1,0.0,0,0.024711182877406278,0
Punjab,Pathankot,2025-10-25,0,0.0,1,0.0,0,0.035916666666666666,0
Punjab,Pathankot,2025-10-26,0,0.0,1,0.0,0,0.03656014818514818,0
Punjab,Pathankot,2025-10-27,0,0.0,1,0.0,0,0.06270192307692307,0
Punjab,Pathankot,2025-10-28,0,0.0,1,0.0,0,0.07485913596207712,0
Punjab,Pathankot,2025-10-29,0,0.0,1,0.0,0,0.005517730496453901,0
Punjab,Pathankot,2025-10-30,0,0.0,1,0.0,0,0.03158333333333333,0
Punjab,Pathankot,2025-10-31,0,0.0,1,0.0,0,0.04595192307692307,0
Punjab,Pathankot,2025-11-01,0,0.0,1,1.0,0,0.04377380952380952,0
Punjab,Pathankot,2025-11-02,1,3.28,1,0.0,0,0.039232142857142854,0
Punjab,Pathankot,2025-11-03,0,0.0,1,2.0,0,0.07720833333333334,0
Punjab,Pathankot,2025-11-04,2,5.140000000000001,1,0.0,0,0.14202380952380955,0
Punjab,Pathankot,2025-11-05,0,0.0,1,0.0,0,0.03313988095238095,0
Punjab,Pathankot,2025-11-06,0,0.0,1,0.0,0,0.07360615079365078,0
Punjab,Pathankot,2025-11-07,0,0.0,1,1.0,0,0.031050595238095235,0
Punjab,Pathankot,2025-11-08,1,2.62,1,0.0,0,0.033357142857142856,0
Punjab,Pathankot,2025-11-09,0,0.0,1,0.0,0,0.07132738095238095,0
Punjab,Pathankot,2025-11-10,0,0.0,1,0.0,0,0.04752579365079364,0
Punjab,Pathankot,2025-11-11,0,0.0,1,0.0,0,0.08934523809523809,0
Punjab,Pathankot,2025-11-12,0,0.0,1,0.0,0,0.0016427304964539006,0
Punjab,Pathankot,2025-11-13,0,0.0,1,0.0,0,0.0057677304964539,0
Punjab,Pathankot,2025-11-14,0,0.0,1,2.0,0,0.0010177304964539007,0
Punjab,Pathankot,2025-11-15,2,14.14,1,0.0,0,0.17683333333333337,0
Punjab,Pathankot,2025-11-16,0,0.0,1,0.0,0,0.08313988095238095,0
Punjab,Pathankot,2025-11-17,0,0.0,1,0.0,0,0.07179166666666666,0
Punjab,Pathankot,2025-11-18,0,0.0,1,0.0,0,0.04496120689655172,0
Punjab,Pathankot,2025-11-19,0,0.0,1,0.0,0,0.002101063829787234,0
Punjab,Pathankot,2025-11-20,0,0.0,1,0.0,0,0.02705939716312057,0
Punjab,Pathankot,2025-11-21,0,0.0,1,0.0,0,0.0010177304964539007,0
Punjab,Pathankot,2025-11-22,0,0.0,1,0.0,0,0.13924663592126824,0
Punjab,Pathankot,2025-11-23,0,0.0,1,0.0,0,0.0010177304964539007,0
Punjab,Patiala,2025-10-15,3,12.0,1,3.0,1,0.35487500000000005,0
Punjab,Patiala,2025-10-16,3,11.35,1,4.0,1,0.39815476190476184,0
Punjab,Patiala,2025-10-17,4,7.54,1,2.0,0,0.31005952380952395,0
Punjab,Patiala,2025-10-18,2,6.69,1,6.0,1,0.38319047619047636,0
Punjab,Patiala,2025-10-19,6,32.99,1,14.0,1,0.7036666666666666,1
Punjab,Patiala,2025-10-20,14,55.83,1,18.0,1,0.7416999999999996,1
Punjab,Patiala,2025-10-21,18,67.72,1,11.0,1,0.8565154761904761,1
Punjab,Patiala,2025-10-22,11,39.35,1,2.0,0,0.9218154761904761,1
Punjab,Patiala,2025-10-23,2,7.77,1,1.0,0,0.8385208333333334,1
Punjab,Patiala,2025-10-24,1,4.24,1,10.0,1,0.6739583333333334,1
Punjab,Patiala,2025-10-25,10,45.56,1,4.0,1,0.8064583333333336,1
Punjab,Patiala,2025-10-26,4,12.28,1,11.0,1,0.7259583333333333,1
Punjab,Patiala,2025-10-27,11,46.69,1,6.0,1,0.8019880952380951,1
Punjab,Patiala,2025-10-28,6,21.41,1,18.0,1,0.7832857142857143,1
Punjab,Patiala,2025-10-29,18,70.32,1,13.0,1,0.8334166666666666,1
Punjab,Patiala,2025-10-30,13,65.51,1,41.0,1,0.9511190476190476,1
Punjab,Patiala,2025-10-31,41,264.78,1,44.0,1,0.9622916666666665,1
Punjab,Patiala,2025-11-01,44,278.56,1,27.0,1,0.9697916666666667,1
Punjab,Patiala,2025-11-02,27,170.95,1,11.0,1,0.9520416666666667,1
Punjab,Patiala,2025-11-03,11,56.78,1,20.0,1,0.9141369047619048,1
Punjab,Patiala,2025-11-04,20,118.09,1,10.0,1,0.9450416666666667,1
Punjab,Patiala,2025-11-05,10,30.91,1,24.0,1,0.8072500000000001,1
Punjab,Patiala,2025-11-06,24,97.21,1,12.0,1,0.8868273809523812,1
Punjab,Patiala,2025-11-07,12,65.89,1,21.0,1,0.8530000000000001,1
Punjab,Patiala,2025-11-08,21,243.72,1,30.0,1,0.8464880952380954,1
Punjab,Patiala,2025-11-09,30,182.96,1,6.0,1,0.7679761904761905,1
Punjab,Patiala,2025-11-10,6,24.25,1,11.0,1,0.8561249999999998,1
Punjab,Patiala,2025-11-11,11,77.24000000000001,1,1.0,0,0.8743690476190475,1
Punjab,Patiala,2025-11-12,1,2.2,1,3.0,1,0.7342047955974842,1
Punjab,Patiala,2025-11-13,3,15.05,1,1.0,0,0.7736661051212937,1
Punjab,Patiala,2025-11-14,1,1.7,1,4.0,1,0.6563922955974842,1
Punjab,Patiala,2025-11-15,4,46.42,1,2.0,0,0.6666696428571426,1
Punjab,Patiala,2025-11-16,2,1.79,1,0.0,0,0.6574577717879605,1
Punjab,Patiala,2025-11-17,0,0.0,1,3.0,1,0.35146646613190735,0
Punjab,Patiala,2025-11-18,3,17.46,1,0.0,0,0.581,1
Punjab,Patiala,2025-11-19,0,0.0,1,0.0,0,0.28890721288515403,0
Punjab,Patiala,2025-11-20,0,0.0,1,2.0,0,0.34764980158730163,0
Punjab,Patiala,2025-11-21,2,1.69,1,0.0,0,0.2374920343137256,0
Punjab,Patiala,2025-11-22,0,0.0,1,0.0,0,0.35043548669467794,0
Punjab,Patiala,2025-11-23,0,0.0,1,0.0,0,0.26144243113912236,0
Punjab,Rupnagar,2025-10-15,0,0.0,1,0.0,0,0.022567800524465102,0
Punjab,Rupnagar,2025-10-16,0,0.0,1,0.0,0,0.0264428005244651,0
Punjab,Rupnagar,2025-10-17,0,0.0,1,0.0,0,0.027692800524465103,0
Punjab,Rupnagar,2025-10-18,0,0.0,1,0.0,0,0.03040113385779844,0
Punjab,Rupnagar,2025-10-19,0,0.0,1,0.0,0,0.03214923991840451,0
Punjab,Rupnagar,2025-10-20,0,0.0,1,1.0,0,0.021607016210739616,0
Punjab,Rupnagar,2025-10-21,1,4.11,1,1.0,0,0.09020833333333333,0
Punjab,Rupnagar,2025-10-22,1,2.34,1,0.0,0,0.2155017274392274,0
Punjab,Rupnagar,2025-10-23,0,0.0,1,0.0,0,0.07637500000000001,0
Punjab,Rupnagar,2025-10-24,0,0.0,1,0.0,0,0.08245489926739927,0
Punjab,Rupnagar,2025-10-25,0,0.0,1,1.0,0,0.19625961538461534,0
Punjab,Rupnagar,2025-10-26,1,2.98,1,0.0,0,0.1679315476190476,0
Punjab,Rupnagar,2025-10-27,0,0.0,1,0.0,0,0.11621971778221779,0
Punjab,Rupnagar,2025-10-28,0,0.0,1,0.0,0,0.1540988872238872,0
Punjab,Rupnagar,2025-10-29,0,0.0,1,0.0,0,0.14334902597402596,0
Punjab,Rupnagar,2025-10-30,0,0.0,1,2.0,0,0.05257474496890954,0
Punjab,Rupnagar,2025-10-31,2,5.83,1,0.0,0,0.26731547619047613,0
Punjab,Rupnagar,2025-11-01,0,0.0,1,2.0,0,0.13231387362637365,0
Punjab,Rupnagar,2025-11-02,2,4.390000000000001,1,0.0,0,0.24654761904761902,0
Punjab,Rupnagar,2025-11-03,0,0.0,1,0.0,0,0.04022420634920636,0
Punjab,Rupnagar,2025-11-04,0,0.0,1,0.0,0,0.11930068542568543,0
Punjab,Rupnagar,2025-11-05,0,0.0,1,0.0,0,0.06477083333333333,0
Punjab,Rupnagar,2025-11-06,0,0.0,1,0.0,0,0.06337704839020629,0
Punjab,Rupnagar,2025-11-07,0,0.0,1,1.0,0,0.08614393939393938,0
Punjab,Rupnagar,2025-11-08,1,4.05,1,0.0,0,0.07047023809523809,0
Punjab,Rupnagar,2025-11-09,0,0.0,1,0.0,0,0.09387499999999997,0
Punjab,Rupnagar,2025-11-10,0,0.0,1,1.0,0,0.10276497113997113,0
Punjab,Rupnagar,2025-11-11,1,1.61,1,0.0,0,0.06617261904761902,0
Punjab,Rupnagar,2025-11-12,0,0.0,1,0.0,0,0.11180275974025976,0
Punjab,Rupnagar,2025-11-13,0,0.0,1,0.0,0,0.05918055555555556,0
Punjab,Rupnagar,2025-11-14,0,0.0,1,0.0,0,0.01899107142857143,0
Punjab,Rupnagar,2025-11-15,0,0.0,1,0.0,0,0.05742607868421385,0
Punjab,Rupnagar,2025-11-16,0,0.0,1,0.0,0,0.007309397163120567,0
Punjab,Rupnagar,2025-11-17,0,0.0,1,0.0,0,0.009348087639311043,0
Punjab,Rupnagar,2025-11-18,0,0.0,1,0.0,0,0.020062373353596757,0
Punjab,Rupnagar,2025-11-19,0,0.0,1,0.0,0,0.021856546285927588,0
Punjab,Rupnagar,2025-11-20,0,0.0,1,0.0,0,0.02017923748361878,0
Punjab,Rupnagar,2025-11-21,0,0.0,1,0.0,0,0.006669516210739615,0
Punjab,Rupnagar,2025-11-22,0,0.0,1,0.0,0,0.013336182877406282,0
Punjab,Rupnagar,2025-11-23,0,0.0,1,0.0,0,0.014044516210739615,0
Punjab,S A S Nagar,2025-10-15,0,0.0,1,1.0,0,0.0533490675990676,0
Punjab,S A S Nagar,2025-10-16,1,2.96,1,0.0,0,0.15132440476190476,0
Punjab,S A S Nagar,2025-10-17,0,0.0,1,1.0,0,0.02308333333333333,0
Punjab,S A S Nagar,2025-10-18,1,3.32,1,2.0,0,0.15372916666666667,0
Punjab,S A S Nagar,2025-10-19,2,7.34,1,4.0,1,0.33162500000000006,0
Punjab,S A S Nagar,2025-10-20,4,12.04,1,7.0,1,0.35304563492063495,0
Punjab,S A S Nagar,2025-10-21,7,30.56,1,5.0,1,0.7414583333333331,1
Punjab,S A S Nagar,2025-10-22,5,14.5,1,1.0,0,0.6485035714285715,1
Punjab,S A S Nagar,2025-10-23,1,2.81,1,3.0,1,0.6220891223155928,1
Punjab,S A S Nagar,2025-10-24,3,13.09,1,5.0,1,0.5681527777777778,1
Punjab,S A S Nagar,2025-10-25,5,15.55,1,6.0,1,0.6322361111111111,1
Punjab,S A S Nagar,2025-10-26,6,17.49,1,2.0,0,0.7593134920634919,1
Punjab,S A S Nagar,2025-10-27,2,5.050000000000001,1,2.0,0,0.6701146825396824,1
Punjab,S A S Nagar,2025-10-28,2,5.97,1,6.0,1,0.4670297619047619,1
Punjab,S A S Nagar,2025-10-29,6,13.11,1,1.0,0,0.5193809523809524,1
Punjab,S A S Nagar,2025-10-30,1,4.68,1,8.0,1,0.6574523809523811,1
Punjab,S A S Nagar,2025-10-31,8,37.49,1,1.0,0,0.8512500000000002,1
Punjab,S A S Nagar,2025-11-01,1,3.44,1,1.0,0,0.5639613095238094,1
Punjab,S A S Nagar,2025-11-02,1,6.12,1,2.0,0,0.4765208333333332,1
Punjab,S A S Nagar,2025-11-03,2,9.99,1,0.0,0,0.5497500000000002,1
Punjab,S A S Nagar,2025-11-04,0,0.0,1,2.0,0,0.30874999999999997,0
Punjab,S A S Nagar,2025-11-05,2,4.29,1,0.0,0,0.41249404761904757,0
Punjab,S A S Nagar,2025-11-06,0,0.0,1,1.0,0,0.1988302545155994,0
Punjab,S A S Nagar,2025-11-07,1,9.43,1,2.0,0,0.3462549019607844,0
Punjab,S A S Nagar,2025-11-08,2,7.57,1,0.0,0,0.3368333333333334,0
Punjab,S A S Nagar,2025-11-09,0,0.0,1,0.0,0,0.17019642857142855,0
Punjab,S A S Nagar,2025-11-10,0,0.0,1,0.0,0,0.17899444367611206,0
Punjab,S A S Nagar,2025-11-11,0,0.0,1,1.0,0,0.023508928571428566,0
Punjab,S A S Nagar,2025-11-12,1,1.59,1,1.0,0,0.08811268939393939,0
Punjab,S A S Nagar,2025-11-13,1,8.49,1,0.0,0,0.17088392857142856,0
Punjab,S A S Nagar,2025-11-14,0,0.0,1,0.0,0,0.22341376678876682,0
Punjab,S A S Nagar,2025-11-15,0,0.0,1,0.0,0,0.1896479256038079,0
Punjab,S A S Nagar,2025-11-16,0,0.0,1,0.0,0,0.012375,0
Punjab,S A S Nagar,2025-11-17,0,0.0,1,0.0,0,0.006271788938012342,0
Punjab,S A S Nagar,2025-11-18,0,0.0,1,0.0,0,0.0156427304964539,0
Punjab,S A S Nagar,2025-11-19,0,0.0,1,0.0,0,0.01935106382978723,0
Punjab,S A S Nagar,2025-11-20,0,0.0,1,0.0,0,0.2662245770977389,0
Punjab,S A S Nagar,2025-11-21,0,0.0,1,0.0,0,0.01732833655705996,0
Punjab,S A S Nagar,2025-11-22,0,0.0,1,0.0,0,0.006182503223726627,0
Punjab,S A S Nagar,2025-11-23,0,0.0,1,1.0,0,0.0044552304964539,0
Punjab,Sangrur,2025-10-15,1,3.06,1,1.0,0,0.1779583333333333,0
Punjab,Sangrur,2025-10-16,1,2.95,1,4.0,1,0.1111577380952381,0
Punjab,Sangrur,2025-10-17,4,43.34,1,0.0,0,0.38949999999999996,0
Punjab,Sangrur,2025-10-18,0,0.0,1,2.0,0,0.25139880952380944,0
Punjab,Sangrur,2025-10-19,2,8.45,1,4.0,1,0.46933333333333344,1
Punjab,Sangrur,2025-10-20,4,19.33,1,10.0,1,0.6766636904761902,1
Punjab,Sangrur,2025-10-21,10,67.47,1,4.0,1,0.6713571428571428,1
Punjab,Sangrur,2025-10-22,4,19.44,1,6.0,1,0.8281999999999999,1
Punjab,Sangrur,2025-10-23,6,55.41,1,11.0,1,0.7880833333333334,1
Punjab,Sangrur,2025-10-24,11,77.94,1,19.0,1,0.7587542016806722,1
Punjab,Sangrur,2025-10-25,19,200.61,1,27.0,1,0.8969583333333335,1
Punjab,Sangrur,2025-10-26,27,227.44,1,21.0,1,0.9176071428571427,1
Punjab,Sangrur,2025-10-27,21,116.16,1,13.0,1,0.9392499999999999,1
Punjab,Sangrur,2025-10-28,13,91.69,1,48.0,1,0.9302083333333334,1
Punjab,Sangrur,2025-10-29,48,383.99,1,65.0,1,0.9629583333333335,1
Punjab,Sangrur,2025-10-30,65,519.6,1,127.0,1,0.9395238095238099,1
Punjab,Sangrur,2025-10-31,127,802.9,1,69.0,1,0.9721249999999999,1
Punjab,Sangrur,2025-11-01,69,385.86,1,65.0,1,0.962375,1
Punjab,Sangrur,2025-11-02,65,496.09,1,38.0,1,0.989875,1
Punjab,Sangrur,2025-11-03,38,224.56,1,62.0,1,0.9565416666666667,1
Punjab,Sangrur,2025-11-04,62,456.91,1,22.0,1,0.9743750000000001,1
Punjab,Sangrur,2025-11-05,22,212.23,1,24.0,1,0.7698333333333334,1
Punjab,Sangrur,2025-11-06,24,185.22,1,50.0,1,0.910077380952381,1
Punjab,Sangrur,2025-11-07,50,258.85,1,41.0,1,0.9429166666666666,1
Punjab,Sangrur,2025-11-08,41,163.3,1,37.0,1,0.9595833333333332,1
Punjab,Sangrur,2025-11-09,37,240.81,1,24.0,1,0.7874583333333333,1
Punjab,Sangrur,2025-11-10,24,156.23,1,19.0,1,0.8768333333333334,1
Punjab,Sangrur,2025-11-11,19,108.34,1,3.0,1,0.9631726190476191,1
Punjab,Sangrur,2025-11-12,3,5.16,1,7.0,1,0.8205238095238093,1
Punjab,Sangrur,2025-11-13,7,33.92,1,6.0,1,0.8975833333333333,1
Punjab,Sangrur,2025-11-14,6,51.3,1,2.0,0,0.7238392857142857,1
Punjab,Sangrur,2025-11-15,2,4.51,1,0.0,0,0.7324166666666666,1
Punjab,Sangrur,2025-11-16,0,0.0,1,3.0,1,0.6394818722943723,1
Punjab,Sangrur,2025-11-17,3,8.42,1,0.0,0,0.5613744384546272,1
Punjab,Sangrur,2025-11-18,0,0.0,1,0.0,0,0.567968224789916,1
Punjab,Sangrur,2025-11-19,0,0.0,1,1.0,0,0.4701239787581698,1
Punjab,Sangrur,2025-11-20,1,3.44,1,0.0,0,0.3578948412698412,0
Punjab,Sangrur,2025-11-21,0,0.0,1,0.0,0,0.41215724206349214,0
Punjab,Sangrur,2025-11-22,0,0.0,1,0.0,0,0.18831743113912228,0
Punjab,Sangrur,2025-11-23,0,0.0,1,0.0,0,0.15802678571428572,0
Punjab,Shahid Bhagat Singh Nagar,2025-10-15,0,0.0,1,0.0,0,0.09857415011459128,0
Punjab,Shahid Bhagat Singh Nagar,2025-10-16,0,0.0,1,1.0,0,0.06183749094043212,0
Punjab,Shahid Bhagat Singh Nagar,2025-10-17,1,3.94,1,0.0,0,0.12921890119684237,0
Punjab,Shahid Bhagat Singh Nagar,2025-10-18,0,0.0,1,0.0,0,0.06816287878787879,0
Punjab,Shahid Bhagat Singh Nagar,2025-10-19,0,0.0,1,0.0,0,0.06328444472194474,0
Punjab,Shahid Bhagat Singh Nagar,2025-10-20,0,0.0,1,5.0,1,0.041278950216450214,0
Punjab,Shahid Bhagat Singh Nagar,2025-10-21,5,28.2,1,3.0,1,0.4485843253968255,0
Punjab,Shahid Bhagat Singh Nagar,2025-10-22,3,9.35,1,0.0,0,0.5167539682539684,1
Punjab,Shahid Bhagat Singh Nagar,2025-10-23,0,0.0,1,0.0,0,0.23858035714285714,0
Punjab,Shahid Bhagat Singh Nagar,2025-10-24,0,0.0,1,0.0,0,0.2195921592775041,0
Punjab,Shahid Bhagat Singh Nagar,2025-10-25,0,0.0,1,1.0,0,0.17519917582417577,0
Punjab,Shahid Bhagat Singh Nagar,2025-10-26,1,1.55,1,3.0,1,0.28198773448773445,0
Punjab,Shahid Bhagat Singh Nagar,2025-10-27,3,11.89,1,0.0,0,0.4258452380952381,0
Punjab,Shahid Bhagat Singh Nagar,2025-10-28,0,0.0,1,1.0,0,0.49382142857142847,1
Punjab,Shahid Bhagat Singh Nagar,2025-10-29,1,7.58,1,0.0,0,0.5138025210084034,1
Punjab,Shahid Bhagat Singh Nagar,2025-10-30,0,0.0,1,1.0,0,0.15720621189155673,0
Punjab,Shahid Bhagat Singh Nagar,2025-10-31,1,2.69,1,6.0,1,0.29077895021645017,0
Punjab,Shahid Bhagat Singh Nagar,2025-11-01,6,25.75,1,9.0,1,0.649357142857143,1
Punjab,Shahid Bhagat Singh Nagar,2025-11-02,9,46.72,1,3.0,1,0.8149761904761903,1
Punjab,Shahid Bhagat Singh Nagar,2025-11-03,3,7.68,1,3.0,1,0.6207416666666667,1
Punjab,Shahid Bhagat Singh Nagar,2025-11-04,3,13.45,1,1.0,0,0.6829999999999999,1
Punjab,Shahid Bhagat Singh Nagar,2025-11-05,1,0.97,1,4.0,1,0.46192559523809523,1
Punjab,Shahid Bhagat Singh Nagar,2025-11-06,4,11.08,1,3.0,1,0.5308690476190476,1
Punjab,Shahid Bhagat Singh Nagar,2025-11-07,3,11.85,1,4.0,1,0.5990654761904762,1
Punjab,Shahid Bhagat Singh Nagar,2025-11-08,4,15.3,1,0.0,0,0.5912499999999999,1
Punjab,Shahid Bhagat Singh Nagar,2025-11-09,0,0.0,1,0.0,0,0.38400000000000006,0
Punjab,Shahid Bhagat Singh Nagar,2025-11-10,0,0.0,1,1.0,0,0.2700207307060756,0
Punjab,Shahid Bhagat Singh Nagar,2025-11-11,1,3.51,1,3.0,1,0.2705108543417367,0
Punjab,Shahid Bhagat Singh Nagar,2025-11-12,3,10.78,1,3.0,1,0.3019166666666667,0
Punjab,Shahid Bhagat Singh Nagar,2025-11-13,3,15.14,1,0.0,0,0.5706369047619048,1
Punjab,Shahid Bhagat Singh Nagar,2025-11-14,0,0.0,1,2.0,0,0.32646971288515414,0
Punjab,Shahid Bhagat Singh Nagar,2025-11-15,2,5.73,1,2.0,0,0.3048571428571428,0
Punjab,Shahid Bhagat Singh Nagar,2025-11-16,2,5.65,1,0.0,0,0.247801282051282,0
Punjab,Shahid Bhagat Singh Nagar,2025-11-17,0,0.0,1,0.0,0,0.13427328431372546,0
Punjab,Shahid Bhagat Singh Nagar,2025-11-18,0,0.0,1,3.0,1,0.15354320333148933,0
Punjab,Shahid Bhagat Singh Nagar,2025-11-19,3,9.82,1,0.0,0,0.3025277777777777,0
Punjab,Shahid Bhagat Singh Nagar,2025-11-20,0,0.0,1,0.0,0,0.4261081057422969,0
Punjab,Shahid Bhagat Singh Nagar,2025-11-21,0,0.0,1,0.0,0,0.07137745098039217,0
Punjab,Shahid Bhagat Singh Nagar,2025-11-22,0,0.0,1,0.0,0,0.10466008644837245,0
Punjab,Shahid Bhagat Singh Nagar,2025-11-23,0,0.0,1,0.0,0,0.05057874240121581,0
Punjab,Sri Muktsar Sahib,2025-10-15,0,0.0,1,1.0,0,0.13315873015873017,0
Punjab,Sri Muktsar Sahib,2025-10-16,1,5.86,1,0.0,0,0.18789880952380955,0
Punjab,Sri Muktsar Sahib,2025-10-17,0,0.0,1,2.0,0,0.3882390873015872,0
Punjab,Sri Muktsar Sahib,2025-10-18,2,8.21,1,2.0,0,0.24645032051282054,0
Punjab,Sri Muktsar Sahib,2025-10-19,2,8.68,1,0.0,0,0.3193392857142857,0
Punjab,Sri Muktsar Sahib,2025-10-20,0,0.0,1,4.0,1,0.23802518315018312,0
Punjab,Sri Muktsar Sahib,2025-10-21,4,17.89,1,10.0,1,0.4901785714285717,1
Punjab,Sri Muktsar Sahib,2025-10-22,10,37.72,1,1.0,0,0.6809642857142856,1
Punjab,Sri Muktsar Sahib,2025-10-23,1,3.49,1,2.0,0,0.6899619047619048,1
Punjab,Sri Muktsar Sahib,2025-10-24,2,16.65,1,2.0,0,0.6609107142857144,1
Punjab,Sri Muktsar Sahib,2025-10-25,2,7.71,1,13.0,1,0.6431904761904762,1
Punjab,Sri Muktsar Sahib,2025-10-26,13,86.17,1,0.0,0,0.7351666666666666,1
Punjab,Sri Muktsar Sahib,2025-10-27,0,0.0,1,2.0,0,0.6693630952380952,1
Punjab,Sri Muktsar Sahib,2025-10-28,2,11.65,1,7.0,1,0.605952380952381,1
Punjab,Sri Muktsar Sahib,2025-10-29,7,33.11,1,12.0,1,0.8263333333333336,1
Punjab,Sri Muktsar Sahib,2025-10-30,12,70.77,1,17.0,1,0.8215511904761905,1
Punjab,Sri Muktsar Sahib,2025-10-31,17,171.26,1,21.0,1,0.9195833333333334,1
Punjab,Sri Muktsar Sahib,2025-11-01,21,102.23,1,41.0,1,0.9391666666666665,1
Punjab,Sri Muktsar Sahib,2025-11-02,41,334.81,1,12.0,1,0.9550000000000002,1
Punjab,Sri Muktsar Sahib,2025-11-03,12,70.67999999999999,1,15.0,1,0.9373333333333332,1
Punjab,Sri Muktsar Sahib,2025-11-04,15,124.78,1,29.0,1,0.9042083333333332,1
Punjab,Sri Muktsar Sahib,2025-11-05,29,173.99,1,48.0,1,0.8736250000000001,1
Punjab,Sri Muktsar Sahib,2025-11-06,48,331.47,1,37.0,1,0.9892500000000001,1
Punjab,Sri Muktsar Sahib,2025-11-07,37,200.69,1,25.0,1,0.9960000000000001,1
Punjab,Sri Muktsar Sahib,2025-11-08,25,149.07999999999998,1,28.0,1,0.9649166666666666,1
Punjab,Sri Muktsar Sahib,2025-11-09,28,136.62,1,31.0,1,0.7945416666666667,1
Punjab,Sri Muktsar Sahib,2025-11-10,31,131.89,1,39.0,1,0.8713690476190478,1
Punjab,Sri Muktsar Sahib,2025-11-11,39,236.67,1,14.0,1,0.9621309523809524,1
Punjab,Sri Muktsar Sahib,2025-11-12,14,71.45,1,21.0,1,0.9500357142857143,1
Punjab,Sri Muktsar Sahib,2025-11-13,21,114.28,1,20.0,1,0.9679583333333334,1
Punjab,Sri Muktsar Sahib,2025-11-14,20,110.72,1,32.0,1,0.9901666666666666,1
Punjab,Sri Muktsar Sahib,2025-11-15,32,161.38,1,28.0,1,0.972,1
Punjab,Sri Muktsar Sahib,2025-11-16,28,148.9,1,9.0,1,0.9805833333333334,1
Punjab,Sri Muktsar Sahib,2025-11-17,9,21.88,1,10.0,1,0.9153690476190475,1
Punjab,Sri Muktsar Sahib,2025-11-18,10,38.26,1,9.0,1,0.91210658131177,1
Punjab,Sri Muktsar Sahib,2025-11-19,9,38.03,1,8.0,1,0.7700654761904763,1
Punjab,Sri Muktsar Sahib,2025-11-20,8,34.36,1,4.0,1,0.8407137241689129,1
Punjab,Sri Muktsar Sahib,2025-11-21,4,16.88,1,4.0,1,0.7683452380952379,1
Punjab,Sri Muktsar Sahib,2025-11-22,4,12.72,1,12.0,1,0.68660658131177,1
Punjab,Sri Muktsar Sahib,2025-11-23,12,164.88,1,0.0,0,0.6388625336927224,1
Punjab,Tarn Taran,2025-10-15,16,63.69,1,28.0,1,0.5044345238095239,1
Punjab,Tarn Taran,2025-10-16,28,119.02,1,21.0,1,0.5014345238095238,1
Punjab,Tarn Taran,2025-10-17,21,79.39,1,30.0,1,0.7248363095238096,1
Punjab,Tarn Taran,2025-10-18,30,124.33,1,45.0,1,0.8915833333333333,1
Punjab,Tarn Taran,2025-10-19,45,228.67,1,34.0,1,0.918952380952381,1
Punjab,Tarn Taran,2025-10-20,34,139.39,1,36.0,1,0.9412916666666666,1
Punjab,Tarn Taran,2025-10-21,36,129.44,1,35.0,1,0.9527023809523808,1
Punjab,Tarn Taran,2025-10-22,35,183.31,1,21.0,1,0.9752023809523811,1
Punjab,Tarn Taran,2025-10-23,21,99.69,1,18.0,1,0.960875,1
Punjab,Tarn Taran,2025-10-24,18,109.0,1,45.0,1,0.9152916666666667,1
Punjab,Tarn Taran,2025-10-25,45,224.23,1,62.0,1,0.9855654761904763,1
Punjab,Tarn Taran,2025-10-26,62,283.48,1,39.0,1,0.9916666666666667,1
Punjab,Tarn Taran,2025-10-27,39,154.78,1,22.0,1,0.9658333333333331,1
Punjab,Tarn Taran,2025-10-28,22,130.01,1,54.0,1,0.9579583333333336,1
Punjab,Tarn Taran,2025-10-29,54,438.06,1,48.0,1,0.9927083333333334,1
Punjab,Tarn Taran,2025-10-30,48,232.45,1,87.0,1,0.9876666666666667,1
Punjab,Tarn Taran,2025-10-31,87,391.43,1,71.0,1,0.9920833333333334,1
Punjab,Tarn Taran,2025-11-01,71,330.73,1,59.0,1,0.9983333333333334,1
Punjab,Tarn Taran,2025-11-02,59,307.36,1,33.0,1,0.9897142857142858,1
Punjab,Tarn Taran,2025-11-03,33,138.16,1,63.0,1,0.9775416666666666,1
Punjab,Tarn Taran,2025-11-04,63,392.89,1,5.0,1,0.7452440476190477,1
Punjab,Tarn Taran,2025-11-05,5,15.96,1,44.0,1,0.854220238095238,1
Punjab,Tarn Taran,2025-11-06,44,172.83,1,29.0,1,0.9435892857142857,1
Punjab,Tarn Taran,2025-11-07,29,157.01,1,31.0,1,0.9536666666666666,1
Punjab,Tarn Taran,2025-11-08,31,146.95,1,41.0,1,0.9558333333333333,1
Punjab,Tarn Taran,2025-11-09,41,243.63,1,58.0,1,0.7621250000000002,1
Punjab,Tarn Taran,2025-11-10,58,351.23,1,48.0,1,0.8917083333333333,1
Punjab,Tarn Taran,2025-11-11,48,221.82,1,18.0,1,0.9609166666666666,1
Punjab,Tarn Taran,2025-11-12,18,70.46000000000001,1,17.0,1,0.9365833333333334,1
Punjab,Tarn Taran,2025-11-13,17,79.45,1,23.0,1,0.9399285714285718,1
Punjab,Tarn Taran,2025-11-14,23,97.54,1,12.0,1,0.9224642857142861,1
Punjab,Tarn Taran,2025-11-15,12,45.89,1,12.0,1,0.9487797619047619,1
Punjab,Tarn Taran,2025-11-16,12,50.37,1,5.0,1,0.9004642857142856,1
Punjab,Tarn Taran,2025-11-17,5,19.08,1,3.0,1,0.812658402040061,1
Punjab,Tarn Taran,2025-11-18,3,8.22,1,0.0,0,0.7316125336927225,1
Punjab,Tarn Taran,2025-11-19,0,0.0,1,3.0,1,0.6513637955182073,1
Punjab,Tarn Taran,2025-11-20,3,13.18,1,4.0,1,0.5705595238095238,1
Punjab,Tarn Taran,2025-11-21,4,29.09,1,2.0,0,0.6519166666666668,1
Punjab,Tarn Taran,2025-11-22,2,6.27,1,0.0,0,0.5360833333333331,1
Punjab,Tarn Taran,2025-11-23,0,0.0,1,0.0,0,0.47602272276835245,1
