state,district,date,fire_count,frp_sum,horizon,target_fire_count,actual_elevated,spatial_probability,spatial_prediction
Haryana,Ambala,2025-10-15,0,0.0,5,3.0,1,0.10709409715487171,0
Haryana,Ambala,2025-10-16,2,3.1,5,2.0,0,0.22338529011311267,0
Haryana,Ambala,2025-10-17,0,0.0,5,1.0,0,0.07633630952380953,0
Haryana,Ambala,2025-10-18,0,0.0,5,0.0,0,0.09676636904761902,0
Haryana,Ambala,2025-10-19,1,7.36,5,0.0,0,0.42636111111111086,1
Haryana,Ambala,2025-10-20,3,8.36,5,1.0,0,0.45817294973544975,1
Haryana,Ambala,2025-10-21,2,5.03,5,4.0,1,0.5647045454545454,1
Haryana,Ambala,2025-10-22,1,3.08,5,2.0,0,0.45537373737373726,1
Haryana,Ambala,2025-10-23,0,0.0,5,0.0,0,0.27577976190476206,0
Haryana,Ambala,2025-10-24,0,0.0,5,2.0,0,0.17172916666666668,0
Haryana,Ambala,2025-10-25,1,2.44,5,0.0,0,0.2874345238095238,0
Haryana,Ambala,2025-10-26,4,14.37,5,3.0,1,0.4934900793650793,1
Haryana,Ambala,2025-10-27,2,3.93,5,0.0,0,0.41791964285714267,1
Haryana,Ambala,2025-10-28,0,0.0,5,4.0,1,0.3234464285714285,0
Haryana,Ambala,2025-10-29,2,5.92,5,0.0,0,0.4365961538461537,1
Haryana,Ambala,2025-10-30,0,0.0,5,0.0,0,0.19367757936507934,0
Haryana,Ambala,2025-10-31,3,11.989999999999998,5,0.0,0,0.555141369047619,1
Haryana,Ambala,2025-11-01,0,0.0,5,0.0,0,0.36076785714285703,0
Haryana,Ambala,2025-11-02,4,11.68,5,1.0,0,0.553327380952381,1
Haryana,Ambala,2025-11-03,0,0.0,5,1.0,0,0.45744913419913424,1
Haryana,Ambala,2025-11-04,0,0.0,5,0.0,0,0.09976636904761906,0
Haryana,Ambala,2025-11-05,0,0.0,5,0.0,0,0.37953742784992783,0
Haryana,Ambala,2025-11-06,0,0.0,5,0.0,0,0.04017750986829935,0
Haryana,Ambala,2025-11-07,1,1.65,5,0.0,0,0.21017812049062054,0
Haryana,Ambala,2025-11-08,1,2.63,5,2.0,0,0.07001388888888888,0
Haryana,Ambala,2025-11-09,0,0.0,5,0.0,0,0.14661904761904762,0
Haryana,Ambala,2025-11-10,0,0.0,5,0.0,0,0.022,0
Haryana,Ambala,2025-11-11,0,0.0,5,0.0,0,0.092875,0
Haryana,Ambala,2025-11-12,0,0.0,5,0.0,0,0.014083333333333331,0
Haryana,Ambala,2025-11-13,2,8.79,5,0.0,0,0.08382738095238096,0
Haryana,Ambala,2025-11-14,0,0.0,5,0.0,0,0.048541666666666664,0
Haryana,Ambala,2025-11-15,0,0.0,5,0.0,0,0.03604166666666667,0
Haryana,Ambala,2025-11-16,0,0.0,5,0.0,0,0.15153571428571433,0
Haryana,Ambala,2025-11-17,0,0.0,5,0.0,0,0.012833333333333334,0
Haryana,Ambala,2025-11-18,0,0.0,5,1.0,0,0.028614583333333343,0
Haryana,Ambala,2025-11-19,0,0.0,5,0.0,0,0.011166666666666667,0
Haryana,Ambala,2025-11-20,0,0.0,5,0.0,0,0.08581006493506493,0
Haryana,Ambala,2025-11-21,0,0.0,5,1.0,0,0.013666666666666667,0
Haryana,Ambala,2025-11-22,0,0.0,5,4.0,1,0.011166666666666667,0
Haryana,Ambala,2025-11-23,1,5.52,5,1.0,0,0.10298794261294264,0
Haryana,Bhiwani,2025-10-15,0,0.0,5,2.0,0,0.019715215924016767,0
Haryana,Bhiwani,2025-10-16,1,1.3,5,1.0,0,0.028548549257350092,0
Haryana,Bhiwani,2025-10-17,0,0.0,5,6.0,1,0.05714242581090408,0
Haryana,Bhiwani,2025-10-18,2,7.77,5,0.0,0,0.22412003968253974,0
Haryana,Bhiwani,2025-10-19,0,0.0,5,0.0,0,0.10703273809523807,0
Haryana,Bhiwani,2025-10-20,2,8.27,5,0.0,0,0.27984282153032164,0
Haryana,Bhiwani,2025-10-21,1,2.59,5,1.0,0,0.3549459692354431,0
Haryana,Bhiwani,2025-10-22,6,11.41,5,0.0,0,0.29499206349206347,0
Haryana,Bhiwani,2025-10-23,0,0.0,5,0.0,0,0.49955952380952384,1
Haryana,Bhiwani,2025-10-24,0,0.0,5,0.0,0,0.191968253968254,0
Haryana,Bhiwani,2025-10-25,0,0.0,5,0.0,0,0.3926981421356422,1
Haryana,Bhiwani,2025-10-26,1,2.52,5,0.0,0,0.08861748436748434,0
Haryana,Bhiwani,2025-10-27,0,0.0,5,0.0,0,0.26361507936507933,0
Haryana,Bhiwani,2025-10-28,0,0.0,5,0.0,0,0.06448958333333334,0
Haryana,Bhiwani,2025-10-29,0,0.0,5,0.0,0,0.22772375541125545,0
Haryana,Bhiwani,2025-10-30,0,0.0,5,0.0,0,0.027868119783442363,0
Haryana,Bhiwani,2025-10-31,0,0.0,5,1.0,0,0.030581989247311824,0
Haryana,Bhiwani,2025-11-01,0,0.0,5,2.0,0,0.048491792929292926,0
Haryana,Bhiwani,2025-11-02,0,0.0,5,4.0,1,0.0745282738095238,0
Haryana,Bhiwani,2025-11-03,0,0.0,5,0.0,0,0.035224846390168964,0
Haryana,Bhiwani,2025-11-04,0,0.0,5,0.0,0,0.020998655913978495,0
Haryana,Bhiwani,2025-11-05,1,12.65,5,0.0,0,0.13569940476190478,0
Haryana,Bhiwani,2025-11-06,2,6.279999999999999,5,7.0,1,0.16264156445406447,0
Haryana,Bhiwani,2025-11-07,4,11.12,5,0.0,0,0.21195982142857145,0
Haryana,Bhiwani,2025-11-08,0,0.0,5,0.0,0,0.24621130952380954,0
Haryana,Bhiwani,2025-11-09,0,0.0,5,0.0,0,0.21100320512820517,0
Haryana,Bhiwani,2025-11-10,0,0.0,5,1.0,0,0.30900297619047623,0
Haryana,Bhiwani,2025-11-11,7,24.64,5,3.0,1,0.313250626566416,0
Haryana,Bhiwani,2025-11-12,0,0.0,5,3.0,1,0.37445238095238087,0
Haryana,Bhiwani,2025-11-13,0,0.0,5,0.0,0,0.1478095238095238,0
Haryana,Bhiwani,2025-11-14,0,0.0,5,0.0,0,0.3595771103896104,0
Haryana,Bhiwani,2025-11-15,1,2.09,5,0.0,0,0.04332572751322752,0
Haryana,Bhiwani,2025-11-16,3,11.48,5,0.0,0,0.33184077380952387,0
Haryana,Bhiwani,2025-11-17,3,19.94,5,3.0,1,0.28397321428571426,0
Haryana,Bhiwani,2025-11-18,0,0.0,5,1.0,0,0.3225714285714286,0
Haryana,Bhiwani,2025-11-19,0,0.0,5,0.0,0,0.16617559523809525,0
Haryana,Bhiwani,2025-11-20,0,0.0,5,0.0,0,0.24268154761904762,0
Haryana,Bhiwani,2025-11-21,0,0.0,5,0.0,0,0.05523958333333333,0
Haryana,Bhiwani,2025-11-22,3,16.310000000000002,5,0.0,0,0.30084077380952373,0
Haryana,Bhiwani,2025-11-23,1,2.64,5,1.0,0,0.2301801046176046,0
Haryana,Charkhi Dadri,2025-10-15,0,0.0,5,0.0,0,0.04779032258064515,0
Haryana,Charkhi Dadri,2025-10-16,0,0.0,5,0.0,0,0.0040207714795723205,0
Haryana,Charkhi Dadri,2025-10-17,0,0.0,5,0.0,0,0.11896510613042872,0
Haryana,Charkhi Dadri,2025-10-18,0,0.0,5,0.0,0,0.008949342908143752,0
Haryana,Charkhi Dadri,2025-10-19,0,0.0,5,0.0,0,0.014372954019254864,0
Haryana,Charkhi Dadri,2025-10-20,0,0.0,5,0.0,0,0.022537075827398407,0
Haryana,Charkhi Dadri,2025-10-21,0,0.0,5,0.0,0,0.033879337732160314,0
Haryana,Charkhi Dadri,2025-10-22,0,0.0,5,0.0,0,0.027537075827398404,0
Haryana,Charkhi Dadri,2025-10-23,0,0.0,5,0.0,0,0.005870409160731742,0
Haryana,Charkhi Dadri,2025-10-24,0,0.0,5,0.0,0,0.011066837732160313,0
Haryana,Charkhi Dadri,2025-10-25,0,0.0,5,0.0,0,0.00037040916073174143,0
Haryana,Charkhi Dadri,2025-10-26,0,0.0,5,0.0,0,0.0072751710654936465,0
Haryana,Charkhi Dadri,2025-10-27,0,0.0,5,1.0,0,0.0031085043988269795,0
Haryana,Charkhi Dadri,2025-10-28,0,0.0,5,0.0,0,0.04676872265279523,0
Haryana,Charkhi Dadri,2025-10-29,0,0.0,5,0.0,0,0.011858504398826979,0
Haryana,Charkhi Dadri,2025-10-30,0,0.0,5,0.0,0,0.04011544884327142,0
Haryana,Charkhi Dadri,2025-10-31,0,0.0,5,0.0,0,0.010775171065493647,0
Haryana,Charkhi Dadri,2025-11-01,1,2.49,5,0.0,0,0.040797348484848485,0
Haryana,Charkhi Dadri,2025-11-02,0,0.0,5,0.0,0,0.03127083333333334,0
Haryana,Charkhi Dadri,2025-11-03,0,0.0,5,0.0,0,0.026833333333333334,0
Haryana,Charkhi Dadri,2025-11-04,0,0.0,5,0.0,0,0.12267811355311356,0
Haryana,Charkhi Dadri,2025-11-05,0,0.0,5,0.0,0,0.010248655913978494,0
Haryana,Charkhi Dadri,2025-11-06,0,0.0,5,0.0,0,0.030056818181818185,0
Haryana,Charkhi Dadri,2025-11-07,0,0.0,5,0.0,0,0.01475925925925926,0
Haryana,Charkhi Dadri,2025-11-08,0,0.0,5,0.0,0,0.0311238425925926,0
Haryana,Charkhi Dadri,2025-11-09,0,0.0,5,2.0,0,0.0020833333333333333,0
Haryana,Charkhi Dadri,2025-11-10,0,0.0,5,0.0,0,0.003958333333333333,0
Haryana,Charkhi Dadri,2025-11-11,0,0.0,5,1.0,0,0.019724171539961016,0
Haryana,Charkhi Dadri,2025-11-12,0,0.0,5,0.0,0,0.00125,0
Haryana,Charkhi Dadri,2025-11-13,0,0.0,5,0.0,0,0.007509259259259259,0
Haryana,Charkhi Dadri,2025-11-14,2,11.48,5,0.0,0,0.09578869047619047,0
Haryana,Charkhi Dadri,2025-11-15,0,0.0,5,0.0,0,0.05821626984126984,0
Haryana,Charkhi Dadri,2025-11-16,1,2.21,5,0.0,0,0.09003455687830687,0
Haryana,Charkhi Dadri,2025-11-17,0,0.0,5,0.0,0,0.24947023809523805,0
Haryana,Charkhi Dadri,2025-11-18,0,0.0,5,0.0,0,0.008333333333333333,0
Haryana,Charkhi Dadri,2025-11-19,0,0.0,5,0.0,0,0.12540674603174604,0
Haryana,Charkhi Dadri,2025-11-20,0,0.0,5,0.0,0,0.0008333333333333333,0
Haryana,Charkhi Dadri,2025-11-21,0,0.0,5,0.0,0,0.17776839826839833,0
Haryana,Charkhi Dadri,2025-11-22,0,0.0,5,0.0,0,0.006321759259259259,0
Haryana,Charkhi Dadri,2025-11-23,0,0.0,5,0.0,0,0.017537380443630443,0
Haryana,Faridabad,2025-10-15,3,2.53,5,1.0,0,0.2136806457431458,0
Haryana,Faridabad,2025-10-16,0,0.0,5,0.0,0,0.15943530701754388,0
Haryana,Faridabad,2025-10-17,2,3.04,5,1.0,0,0.12101488095238092,0
Haryana,Faridabad,2025-10-18,1,0.31,5,0.0,0,0.21166964285714293,0
Haryana,Faridabad,2025-10-19,0,0.0,5,0.0,0,0.1135560515873016,0
Haryana,Faridabad,2025-10-20,1,0.53,5,0.0,0,0.1654489989177489,0
Haryana,Faridabad,2025-10-21,0,0.0,5,4.0,1,0.14003013306138307,0
Haryana,Faridabad,2025-10-22,1,0.74,5,0.0,0,0.1914260912698413,0
Haryana,Faridabad,2025-10-23,0,0.0,5,0.0,0,0.043071428571428566,0
Haryana,Faridabad,2025-10-24,0,0.0,5,0.0,0,0.0968438401875902,0
Haryana,Faridabad,2025-10-25,0,0.0,5,0.0,0,0.04183531746031746,0
Haryana,Faridabad,2025-10-26,4,4.0600000000000005,5,1.0,0,0.07539322662104919,0
Haryana,Faridabad,2025-10-27,0,0.0,5,5.0,1,0.09623214285714285,0
Haryana,Faridabad,2025-10-28,0,0.0,5,2.0,0,0.06598363095238097,0
Haryana,Faridabad,2025-10-29,0,0.0,5,3.0,1,0.124671626984127,0
Haryana,Faridabad,2025-10-30,0,0.0,5,0.0,0,0.03765711550993808,0
Haryana,Faridabad,2025-10-31,1,0.79,5,8.0,1,0.07318311403508772,0
Haryana,Faridabad,2025-11-01,5,3.69,5,2.0,0,0.0938809523809524,0
Haryana,Faridabad,2025-11-02,2,1.52,5,3.0,1,0.24795544733044728,0
Haryana,Faridabad,2025-11-03,3,1.28,5,4.0,1,0.08914285714285713,0
Haryana,Faridabad,2025-11-04,0,0.0,5,4.0,1,0.18550793650793657,0
Haryana,Faridabad,2025-11-05,8,4.37,5,1.0,0,0.10961309523809526,0
Haryana,Faridabad,2025-11-06,2,0.7,5,1.0,0,0.23504563492063493,0
Haryana,Faridabad,2025-11-07,3,6.02,5,6.0,1,0.1792261904761905,0
Haryana,Faridabad,2025-11-08,4,2.47,5,5.0,1,0.31390845959595964,0
Haryana,Faridabad,2025-11-09,4,1.91,5,1.0,0,0.159281746031746,0
Haryana,Faridabad,2025-11-10,1,0.54,5,5.0,1,0.2773667929292929,0
Haryana,Faridabad,2025-11-11,1,1.92,5,2.0,0,0.16166666666666665,0
Haryana,Faridabad,2025-11-12,6,5.140000000000001,5,6.0,1,0.34027083333333336,0
Haryana,Faridabad,2025-11-13,5,4.54,5,3.0,1,0.21648124098124097,0
Haryana,Faridabad,2025-11-14,1,0.65,5,0.0,0,0.2572539682539683,0
Haryana,Faridabad,2025-11-15,5,5.64,5,7.0,1,0.28257738095238105,0
Haryana,Faridabad,2025-11-16,2,0.6799999999999999,5,0.0,0,0.33584027777777786,0
Haryana,Faridabad,2025-11-17,6,5.33,5,7.0,1,0.19586904761904758,0
Haryana,Faridabad,2025-11-18,3,1.33,5,3.0,1,0.28160786435786433,0
Haryana,Faridabad,2025-11-19,0,0.0,5,0.0,0,0.25677777777777777,0
Haryana,Faridabad,2025-11-20,7,18.13,5,9.0,1,0.3523482142857142,0
Haryana,Faridabad,2025-11-21,0,0.0,5,1.0,0,0.2608925865800865,0
Haryana,Faridabad,2025-11-22,7,3.93,5,5.0,1,0.22489583333333335,0
Haryana,Faridabad,2025-11-23,3,1.81,5,5.0,1,0.18464556277056274,0
Haryana,Fatehabad,2025-10-15,1,2.28,5,10.0,1,0.23594675925925934,0
Haryana,Fatehabad,2025-10-16,0,0.0,5,0.0,0,0.12330357142857143,0
Haryana,Fatehabad,2025-10-17,0,0.0,5,0.0,0,0.13913049450549453,0
Haryana,Fatehabad,2025-10-18,2,11.56,5,0.0,0,0.3868065476190474,1
Haryana,Fatehabad,2025-10-19,4,16.08,5,0.0,0,0.5500892857142857,1
Haryana,Fatehabad,2025-10-20,10,49.02,5,4.0,1,0.7111488095238095,1
Haryana,Fatehabad,2025-10-21,0,0.0,5,6.0,1,0.6055029761904761,1
Haryana,Fatehabad,2025-10-22,0,0.0,5,3.0,1,0.5146911375661375,1
Haryana,Fatehabad,2025-10-23,0,0.0,5,1.0,0,0.4717238756613756,1
Haryana,Fatehabad,2025-10-24,0,0.0,5,1.0,0,0.12980059523809526,0
Haryana,Fatehabad,2025-10-25,4,21.46,5,5.0,1,0.6013353174603173,1
Haryana,Fatehabad,2025-10-26,6,43.48,5,4.0,1,0.6670565476190476,1
Haryana,Fatehabad,2025-10-27,3,6.8100000000000005,5,11.0,1,0.6941388888888891,1
Haryana,Fatehabad,2025-10-28,1,1.11,5,8.0,1,0.4222020502645503,1
Haryana,Fatehabad,2025-10-29,1,1.54,5,4.0,1,0.4543816137566137,1
Haryana,Fatehabad,2025-10-30,5,25.38,5,8.0,1,0.7315482456140352,1
Haryana,Fatehabad,2025-10-31,4,15.740000000000002,5,0.0,0,0.6513998015873015,1
Haryana,Fatehabad,2025-11-01,11,42.61,5,7.0,1,0.7284791666666667,1
Haryana,Fatehabad,2025-11-02,8,37.09,5,15.0,1,0.4879047619047618,1
Haryana,Fatehabad,2025-11-03,4,14.37,5,10.0,1,0.5451940789473683,1
Haryana,Fatehabad,2025-11-04,8,89.26,5,13.0,1,0.7083577694235589,1
Haryana,Fatehabad,2025-11-05,0,0.0,5,14.0,1,0.46306448412698414,1
Haryana,Fatehabad,2025-11-06,7,22.13,5,15.0,1,0.46599198717948725,1
Haryana,Fatehabad,2025-11-07,15,49.98,5,3.0,1,0.5864761904761903,1
Haryana,Fatehabad,2025-11-08,10,51.46,5,4.0,1,0.6000783730158729,1
Haryana,Fatehabad,2025-11-09,13,77.01,5,1.0,0,0.6775277777777778,1
Haryana,Fatehabad,2025-11-10,14,68.96000000000001,5,8.0,1,0.7154093567251458,1
Haryana,Fatehabad,2025-11-11,15,85.03999999999999,5,5.0,1,0.6598690476190479,1
Haryana,Fatehabad,2025-11-12,3,10.77,5,3.0,1,0.6358392857142858,1
Haryana,Fatehabad,2025-11-13,4,12.82,5,2.0,0,0.5103809523809526,1
Haryana,Fatehabad,2025-11-14,1,1.65,5,1.0,0,0.4018333333333333,1
Haryana,Fatehabad,2025-11-15,8,22.52,5,0.0,0,0.39861904761904754,1
Haryana,Fatehabad,2025-11-16,5,12.47,5,0.0,0,0.4089930555555555,1
Haryana,Fatehabad,2025-11-17,3,8.370000000000001,5,2.0,0,0.42497222222222214,1
Haryana,Fatehabad,2025-11-18,2,9.18,5,1.0,0,0.2610952380952381,0
Haryana,Fatehabad,2025-11-19,1,4.06,5,2.0,0,0.3017708333333334,0
Haryana,Fatehabad,2025-11-20,0,0.0,5,0.0,0,0.1245,0
Haryana,Fatehabad,2025-11-21,0,0.0,5,2.0,0,0.15033333333333335,0
Haryana,Fatehabad,2025-11-22,2,4.6,5,5.0,1,0.16295833333333337,0
Haryana,Fatehabad,2025-11-23,1,1.94,5,1.0,0,0.15006845238095237,0
Haryana,Gurugram,2025-10-15,0,0.0,5,1.0,0,0.07909740259740258,0
Haryana,Gurugram,2025-10-16,0,0.0,5,0.0,0,0.01919202898550725,0
Haryana,Gurugram,2025-10-17,0,0.0,5,0.0,0,0.061947981366459626,0
Haryana,Gurugram,2025-10-18,0,0.0,5,0.0,0,0.03193743814623898,0
Haryana,Gurugram,2025-10-19,0,0.0,5,0.0,0,0.06496656873786956,0
Haryana,Gurugram,2025-10-20,1,1.22,5,0.0,0,0.06334877454534711,0
Haryana,Gurugram,2025-10-21,0,0.0,5,0.0,0,0.1028467261904762,0
Haryana,Gurugram,2025-10-22,0,0.0,5,0.0,0,0.05309821428571428,0
Haryana,Gurugram,2025-10-23,0,0.0,5,0.0,0,0.023083333333333334,0
Haryana,Gurugram,2025-10-24,0,0.0,5,0.0,0,0.008162075827398408,0
Haryana,Gurugram,2025-10-25,0,0.0,5,0.0,0,0.004206989247311828,0
Haryana,Gurugram,2025-10-26,0,0.0,5,0.0,0,0.011858504398826979,0
Haryana,Gurugram,2025-10-27,0,0.0,5,0.0,0,0.008790322580645162,0
Haryana,Gurugram,2025-10-28,0,0.0,5,1.0,0,0.04255600335454961,0
Haryana,Gurugram,2025-10-29,0,0.0,5,0.0,0,0.03244580598612856,0
Haryana,Gurugram,2025-10-30,0,0.0,5,1.0,0,0.0371214012242238,0
Haryana,Gurugram,2025-10-31,0,0.0,5,0.0,0,0.04525830598612857,0
Haryana,Gurugram,2025-11-01,0,0.0,5,0.0,0,0.0058168377321603125,0
Haryana,Gurugram,2025-11-02,1,3.29,5,0.0,0,0.0636931818181818,0
Haryana,Gurugram,2025-11-03,0,0.0,5,0.0,0,0.017124999999999998,0
Haryana,Gurugram,2025-11-04,1,5.38,5,0.0,0,0.07959523809523811,0
Haryana,Gurugram,2025-11-05,0,0.0,5,0.0,0,0.04161858974358974,0
Haryana,Gurugram,2025-11-06,0,0.0,5,0.0,0,0.01755681818181818,0
Haryana,Gurugram,2025-11-07,0,0.0,5,0.0,0,0.1177019230769231,0
Haryana,Gurugram,2025-11-08,0,0.0,5,0.0,0,0.0035416666666666665,0
Haryana,Gurugram,2025-11-09,0,0.0,5,0.0,0,0.02689393939393939,0
Haryana,Gurugram,2025-11-10,0,0.0,5,0.0,0,0.000625,0
Haryana,Gurugram,2025-11-11,0,0.0,5,0.0,0,0.041003066378066375,0
Haryana,Gurugram,2025-11-12,0,0.0,5,1.0,0,0.0029166666666666664,0
Haryana,Gurugram,2025-11-13,0,0.0,5,0.0,0,0.0029166666666666664,0
Haryana,Gurugram,2025-11-14,0,0.0,5,0.0,0,0.0016666666666666666,0
Haryana,Gurugram,2025-11-15,0,0.0,5,0.0,0,0.0016666666666666666,0
Haryana,Gurugram,2025-11-16,0,0.0,5,1.0,0,0.0035416666666666665,0
Haryana,Gurugram,2025-11-17,1,0.35,5,0.0,0,0.005092592592592592,0
Haryana,Gurugram,2025-11-18,0,0.0,5,0.0,0,0.005666666666666666,0
Haryana,Gurugram,2025-11-19,0,0.0,5,0.0,0,0.006416666666666666,0
Haryana,Gurugram,2025-11-20,0,0.0,5,0.0,0,0.004791666666666666,0
Haryana,Gurugram,2025-11-21,1,2.73,5,0.0,0,0.03638095238095238,0
Haryana,Gurugram,2025-11-22,0,0.0,5,0.0,0,0.008958333333333332,0
Haryana,Gurugram,2025-11-23,0,0.0,5,0.0,0,0.01754151404151404,0
Haryana,Hisar,2025-10-15,3,4.12,5,13.0,1,0.4212383241758243,1
Haryana,Hisar,2025-10-16,3,8.1,5,5.0,1,0.4428303571428573,1
Haryana,Hisar,2025-10-17,1,1.87,5,1.0,0,0.45920535714285726,1
Haryana,Hisar,2025-10-18,2,13.93,5,0.0,0,0.46747321428571426,1
Haryana,Hisar,2025-10-19,10,32.46,5,2.0,0,0.8275059523809523,1
Haryana,Hisar,2025-10-20,13,45.58,5,2.0,0,0.8142499999999999,1
Haryana,Hisar,2025-10-21,5,14.52,5,15.0,1,0.7498958333333331,1
Haryana,Hisar,2025-10-22,1,1.65,5,6.0,1,0.5864880952380952,1
Haryana,Hisar,2025-10-23,0,0.0,5,0.0,0,0.44604761904761925,1
Haryana,Hisar,2025-10-24,2,9.28,5,1.0,0,0.4822976190476191,1
Haryana,Hisar,2025-10-25,2,2.14,5,3.0,1,0.4597192460317461,1
Haryana,Hisar,2025-10-26,15,30.63,5,5.0,1,0.7573125,1
Haryana,Hisar,2025-10-27,6,30.36,5,11.0,1,0.7456190476190477,1
Haryana,Hisar,2025-10-28,0,0.0,5,6.0,1,0.5907738095238096,1
Haryana,Hisar,2025-10-29,1,2.46,5,5.0,1,0.46558491045991063,1
Haryana,Hisar,2025-10-30,3,17.19,5,4.0,1,0.554950031328321,1
Haryana,Hisar,2025-10-31,5,12.87,5,5.0,1,0.589220238095238,1
Haryana,Hisar,2025-11-01,11,27.73,5,15.0,1,0.644360119047619,1
Haryana,Hisar,2025-11-02,6,24.24,5,13.0,1,0.5179950396825395,1
Haryana,Hisar,2025-11-03,5,19.47,5,16.0,1,0.5074718567251462,1
Haryana,Hisar,2025-11-04,4,13.71,5,16.0,1,0.5498333333333332,1
Haryana,Hisar,2025-11-05,5,25.56,5,12.0,1,0.5667291666666666,1
Haryana,Hisar,2025-11-06,15,31.7,5,21.0,1,0.4749255952380952,1
Haryana,Hisar,2025-11-07,13,41.03,5,4.0,1,0.6190505952380954,1
Haryana,Hisar,2025-11-08,16,69.92,5,6.0,1,0.6699510233918127,1
Haryana,Hisar,2025-11-09,16,83.35,5,8.0,1,0.7934569757727652,1
Haryana,Hisar,2025-11-10,12,48.03,5,10.0,1,0.823503968253968,1
Haryana,Hisar,2025-11-11,21,87.96,5,11.0,1,0.7157113095238097,1
Haryana,Hisar,2025-11-12,4,13.57,5,7.0,1,0.6673392857142859,1
Haryana,Hisar,2025-11-13,6,31.13,5,5.0,1,0.6094974937343359,1
Haryana,Hisar,2025-11-14,8,23.57,5,0.0,0,0.601922619047619,1
Haryana,Hisar,2025-11-15,10,26.08,5,6.0,1,0.4702142857142857,1
Haryana,Hisar,2025-11-16,11,41.57,5,6.0,1,0.48269642857142847,1
Haryana,Hisar,2025-11-17,7,20.77,5,4.0,1,0.41461309523809525,1
Haryana,Hisar,2025-11-18,5,13.92,5,2.0,0,0.41227380952380954,1
Haryana,Hisar,2025-11-19,0,0.0,5,1.0,0,0.30725119047619043,0
Haryana,Hisar,2025-11-20,6,27.23,5,5.0,1,0.33404861111111117,0
Haryana,Hisar,2025-11-21,6,11.72,5,2.0,0,0.3048710317460317,0
Haryana,Hisar,2025-11-22,4,10.48,5,1.0,0,0.27408928571428576,0
Haryana,Hisar,2025-11-23,2,8.99,5,3.0,1,0.15354166666666663,0
Haryana,Jhajjar,2025-10-15,2,6.04,5,0.0,0,0.32415003052503055,0
Haryana,Jhajjar,2025-10-16,2,3.12,5,0.0,0,0.39993750000000006,1
Haryana,Jhajjar,2025-10-17,1,0.82,5,3.0,1,0.22262797619047622,0
Haryana,Jhajjar,2025-10-18,0,0.0,5,1.0,0,0.3578958333333333,0
Haryana,Jhajjar,2025-10-19,0,0.0,5,1.0,0,0.20230357142857144,0
Haryana,Jhajjar,2025-10-20,0,0.0,5,2.0,0,0.1593146645021645,0
Haryana,Jhajjar,2025-10-21,0,0.0,5,2.0,0,0.12567898600055857,0
Haryana,Jhajjar,2025-10-22,3,6.94,5,0.0,0,0.15987960829493092,0
Haryana,Jhajjar,2025-10-23,1,1.15,5,0.0,0,0.14318452380952382,0
Haryana,Jhajjar,2025-10-24,1,1.13,5,0.0,0,0.049958333333333334,0
Haryana,Jhajjar,2025-10-25,2,4.25,5,1.0,0,0.16124999999999998,0
Haryana,Jhajjar,2025-10-26,2,1.12,5,1.0,0,0.05004166666666667,0
Haryana,Jhajjar,2025-10-27,0,0.0,5,1.0,0,0.15566666666666668,0
Haryana,Jhajjar,2025-10-28,0,0.0,5,0.0,0,0.07009375,0
Haryana,Jhajjar,2025-10-29,0,0.0,5,3.0,1,0.15342460317460316,0
Haryana,Jhajjar,2025-10-30,1,0.91,5,4.0,1,0.05032760328239956,0
Haryana,Jhajjar,2025-10-31,1,0.57,5,3.0,1,0.06920833333333333,0
Haryana,Jhajjar,2025-11-01,1,0.77,5,2.0,0,0.09724621212121212,0
Haryana,Jhajjar,2025-11-02,0,0.0,5,6.0,1,0.11509145021645022,0
Haryana,Jhajjar,2025-11-03,3,8.49,5,5.0,1,0.1007857142857143,0
Haryana,Jhajjar,2025-11-04,4,2.5,5,4.0,1,0.06829166666666667,0
Haryana,Jhajjar,2025-11-05,3,6.62,5,2.0,0,0.14881250000000001,0
Haryana,Jhajjar,2025-11-06,2,1.1,5,1.0,0,0.2785979437229437,0
Haryana,Jhajjar,2025-11-07,6,8.28,5,2.0,0,0.26727380952380947,0
Haryana,Jhajjar,2025-11-08,5,6.8,5,3.0,1,0.37631547619047623,0
Haryana,Jhajjar,2025-11-09,4,7.279999999999999,5,1.0,0,0.3123928571428571,0
Haryana,Jhajjar,2025-11-10,2,1.23,5,1.0,0,0.28512591575091567,0
Haryana,Jhajjar,2025-11-11,1,3.82,5,5.0,1,0.37887499999999996,0
Haryana,Jhajjar,2025-11-12,2,3.26,5,7.0,1,0.3089431818181818,0
Haryana,Jhajjar,2025-11-13,3,6.0600000000000005,5,6.0,1,0.24383333333333332,0
Haryana,Jhajjar,2025-11-14,1,0.54,5,4.0,1,0.2953122294372294,0
Haryana,Jhajjar,2025-11-15,1,4.74,5,0.0,0,0.33804960317460314,0
Haryana,Jhajjar,2025-11-16,5,13.74,5,3.0,1,0.4027132936507937,1
Haryana,Jhajjar,2025-11-17,7,15.0,5,2.0,0,0.3639761904761905,0
Haryana,Jhajjar,2025-11-18,6,14.7,5,6.0,1,0.3720357142857143,0
Haryana,Jhajjar,2025-11-19,4,8.95,5,2.0,0,0.31417559523809524,0
Haryana,Jhajjar,2025-11-20,0,0.0,5,2.0,0,0.11143750000000001,0
Haryana,Jhajjar,2025-11-21,3,8.0,5,4.0,1,0.15179166666666669,0
Haryana,Jhajjar,2025-11-22,2,1.39,5,6.0,1,0.1421098484848485,0
Haryana,Jhajjar,2025-11-23,6,11.22,5,1.0,0,0.2962142857142857,0
Haryana,Jind,2025-10-15,5,15.27,5,13.0,1,0.6517366854636591,1
Haryana,Jind,2025-10-16,0,0.0,5,5.0,1,0.5003244047619048,1
Haryana,Jind,2025-10-17,0,0.0,5,5.0,1,0.45330469067969065,1
Haryana,Jind,2025-10-18,0,0.0,5,0.0,0,0.5691641483516484,1
Haryana,Jind,2025-10-19,4,11.75,5,0.0,0,0.5941984126984127,1
Haryana,Jind,2025-10-20,13,46.29,5,6.0,1,0.7875952380952382,1
Haryana,Jind,2025-10-21,5,15.15,5,5.0,1,0.7967123015873016,1
Haryana,Jind,2025-10-22,5,12.64,5,6.0,1,0.7340307539682539,1
Haryana,Jind,2025-10-23,0,0.0,5,0.0,0,0.5092566137566138,1
Haryana,Jind,2025-10-24,0,0.0,5,2.0,0,0.40487797619047605,1
Haryana,Jind,2025-10-25,6,44.53,5,0.0,0,0.7047847222222223,1
Haryana,Jind,2025-10-26,5,11.43,5,1.0,0,0.7125535714285713,1
Haryana,Jind,2025-10-27,6,37.02,5,7.0,1,0.8041250000000001,1
Haryana,Jind,2025-10-28,0,0.0,5,8.0,1,0.48350416666666646,1
Haryana,Jind,2025-10-29,2,15.7,5,4.0,1,0.6576794871794871,1
Haryana,Jind,2025-10-30,0,0.0,5,3.0,1,0.47919940476190476,1
Haryana,Jind,2025-10-31,1,8.84,5,7.0,1,0.4629112103174602,1
Haryana,Jind,2025-11-01,7,25.89,5,15.0,1,0.6278303571428571,1
Haryana,Jind,2025-11-02,8,34.84,5,15.0,1,0.6560833333333334,1
Haryana,Jind,2025-11-03,4,43.44,5,25.0,1,0.44602741228070153,1
Haryana,Jind,2025-11-04,3,11.98,5,39.0,1,0.5810654761904762,1
Haryana,Jind,2025-11-05,7,21.12,5,38.0,1,0.5695,1
Haryana,Jind,2025-11-06,15,59.03,5,28.0,1,0.5436107456140349,1
Haryana,Jind,2025-11-07,15,46.17,5,14.0,1,0.5808214285714284,1
Haryana,Jind,2025-11-08,25,135.33,5,12.0,1,0.6716970551378446,1
Haryana,Jind,2025-11-09,39,183.54,5,2.0,0,0.775611111111111,1
Haryana,Jind,2025-11-10,38,135.94,5,13.0,1,0.8244166666666668,1
Haryana,Jind,2025-11-11,28,146.05,5,17.0,1,0.6071607142857143,1
Haryana,Jind,2025-11-12,14,55.67,5,6.0,1,0.6291488095238095,1
Haryana,Jind,2025-11-13,12,60.45,5,3.0,1,0.674261904761905,1
Haryana,Jind,2025-11-14,2,9.46,5,2.0,0,0.6900297619047621,1
Haryana,Jind,2025-11-15,13,65.2,5,6.0,1,0.5328452380952381,1
Haryana,Jind,2025-11-16,17,91.54,5,6.0,1,0.5303273809523809,1
Haryana,Jind,2025-11-17,6,23.5,5,3.0,1,0.5410773809523809,1
Haryana,Jind,2025-11-18,3,20.93,5,2.0,0,0.4441607142857143,1
Haryana,Jind,2025-11-19,2,10.02,5,2.0,0,0.3437142857142858,0
Haryana,Jind,2025-11-20,6,9.34,5,0.0,0,0.18525000000000003,0
Haryana,Jind,2025-11-21,6,16.43,5,4.0,1,0.29372023809523806,0
Haryana,Jind,2025-11-22,3,7.59,5,1.0,0,0.19891785714285715,0
Haryana,Jind,2025-11-23,2,6.34,5,0.0,0,0.1837946428571429,0
Haryana,Kaithal,2025-10-15,0,0.0,5,2.0,0,0.07968154761904762,0
Haryana,Kaithal,2025-10-16,1,4.43,5,9.0,1,0.24321606744704577,0
Haryana,Kaithal,2025-10-17,0,0.0,5,1.0,0,0.07418353174603175,0
Haryana,Kaithal,2025-10-18,1,2.39,5,0.0,0,0.23945238095238103,0
Haryana,Kaithal,2025-10-19,2,17.11,5,0.0,0,0.5184940476190476,1
Haryana,Kaithal,2025-10-20,2,8.18,5,1.0,0,0.5390768398268397,1
Haryana,Kaithal,2025-10-21,9,38.37,5,9.0,1,0.7795773809523809,1
Haryana,Kaithal,2025-10-22,1,7.84,5,5.0,1,0.6264679232804232,1
Haryana,Kaithal,2025-10-23,0,0.0,5,0.0,0,0.467654761904762,1
Haryana,Kaithal,2025-10-24,0,0.0,5,2.0,0,0.4308042328042329,1
Haryana,Kaithal,2025-10-25,1,4.02,5,2.0,0,0.43363988095238104,1
Haryana,Kaithal,2025-10-26,9,23.36,5,1.0,0,0.6781964285714284,1
Haryana,Kaithal,2025-10-27,5,13.84,5,7.0,1,0.6891666666666666,1
Haryana,Kaithal,2025-10-28,0,0.0,5,6.0,1,0.5649404761904764,1
Haryana,Kaithal,2025-10-29,2,10.18,5,3.0,1,0.5907122252747252,1
Haryana,Kaithal,2025-10-30,2,4.83,5,1.0,0,0.40134226190476185,1
Haryana,Kaithal,2025-10-31,1,3.67,5,3.0,1,0.43699255952380944,1
Haryana,Kaithal,2025-11-01,7,31.16,5,7.0,1,0.6799479708887602,1
Haryana,Kaithal,2025-11-02,6,42.95,5,4.0,1,0.6536345551378446,1
Haryana,Kaithal,2025-11-03,3,14.52,5,7.0,1,0.5252803884711778,1
Haryana,Kaithal,2025-11-04,1,4.24,5,8.0,1,0.4613541666666666,1
Haryana,Kaithal,2025-11-05,3,14.22,5,5.0,1,0.4430610661268556,1
Haryana,Kaithal,2025-11-06,7,18.85,5,13.0,1,0.5511041666666667,1
Haryana,Kaithal,2025-11-07,4,15.5,5,4.0,1,0.4618815789473684,1
Haryana,Kaithal,2025-11-08,7,42.07,5,4.0,1,0.503,1
Haryana,Kaithal,2025-11-09,8,29.88,5,1.0,0,0.45099999999999985,1
Haryana,Kaithal,2025-11-10,5,17.439999999999998,5,1.0,0,0.5715595238095238,1
Haryana,Kaithal,2025-11-11,13,45.1,5,1.0,0,0.5443898809523807,1
Haryana,Kaithal,2025-11-12,4,7.75,5,0.0,0,0.3162708333333333,0
Haryana,Kaithal,2025-11-13,4,9.64,5,4.0,1,0.3282291666666666,0
Haryana,Kaithal,2025-11-14,1,2.79,5,0.0,0,0.30420833333333336,0
Haryana,Kaithal,2025-11-15,1,3.79,5,1.0,0,0.283514880952381,0
Haryana,Kaithal,2025-11-16,1,2.22,5,0.0,0,0.2868630952380952,0
Haryana,Kaithal,2025-11-17,0,0.0,5,0.0,0,0.17036904761904761,0
Haryana,Kaithal,2025-11-18,4,9.01,5,2.0,0,0.3512787698412698,0
Haryana,Kaithal,2025-11-19,0,0.0,5,8.0,1,0.25508107864357865,0
Haryana,Kaithal,2025-11-20,1,0.59,5,5.0,1,0.1380130952380952,0
Haryana,Kaithal,2025-11-21,0,0.0,5,0.0,0,0.17013988095238097,0
Haryana,Kaithal,2025-11-22,0,0.0,5,0.0,0,0.0721785714285714,0
Haryana,Kaithal,2025-11-23,2,2.01,5,0.0,0,0.09632425213675216,0
Haryana,Karnal,2025-10-15,0,0.0,5,4.0,1,0.049943390527191364,0
Haryana,Karnal,2025-10-16,0,0.0,5,4.0,1,0.0375995758273984,0
Haryana,Karnal,2025-10-17,0,0.0,5,2.0,0,0.10849308388938475,0
Haryana,Karnal,2025-10-18,0,0.0,5,1.0,0,0.11009437495942583,0
Haryana,Karnal,2025-10-19,3,12.39,5,0.0,0,0.44965509259259256,1
Haryana,Karnal,2025-10-20,4,14.71,5,1.0,0,0.5931501322751322,1
Haryana,Karnal,2025-10-21,4,12.98,5,2.0,0,0.5621011904761906,1
Haryana,Karnal,2025-10-22,2,3.56,5,1.0,0,0.6376279761904763,1
Haryana,Karnal,2025-10-23,1,5.09,5,0.0,0,0.4414612678987679,1
Haryana,Karnal,2025-10-24,0,0.0,5,0.0,0,0.4416994047619048,1
Haryana,Karnal,2025-10-25,1,1.91,5,0.0,0,0.22327380952380957,0
Haryana,Karnal,2025-10-26,2,4.8,5,2.0,0,0.372117784992785,0
Haryana,Karnal,2025-10-27,1,0.54,5,1.0,0,0.34660935592185593,0
Haryana,Karnal,2025-10-28,0,0.0,5,1.0,0,0.3252638888888889,0
Haryana,Karnal,2025-10-29,0,0.0,5,0.0,0,0.1405685425685426,0
Haryana,Karnal,2025-10-30,0,0.0,5,2.0,0,0.10669246031746031,0
Haryana,Karnal,2025-10-31,2,7.67,5,3.0,1,0.18454025689223064,0
Haryana,Karnal,2025-11-01,1,4.13,5,9.0,1,0.2726238425925926,0
Haryana,Karnal,2025-11-02,1,3.3,5,6.0,1,0.19790625000000006,0
Haryana,Karnal,2025-11-03,0,0.0,5,6.0,1,0.2169642857142858,0
Haryana,Karnal,2025-11-04,2,8.219999999999999,5,1.0,0,0.1891220238095238,0
Haryana,Karnal,2025-11-05,3,7.050000000000001,5,2.0,0,0.15191865079365083,0
Haryana,Karnal,2025-11-06,9,21.36,5,0.0,0,0.41691071428571436,1
Haryana,Karnal,2025-11-07,6,20.0,5,1.0,0,0.47421428571428587,1
Haryana,Karnal,2025-11-08,6,30.8,5,2.0,0,0.5467774122807014,1
Haryana,Karnal,2025-11-09,1,5.56,5,0.0,0,0.37987499999999996,0
Haryana,Karnal,2025-11-10,2,9.34,5,0.0,0,0.4343541666666666,1
Haryana,Karnal,2025-11-11,0,0.0,5,0.0,0,0.3523660714285714,0
Haryana,Karnal,2025-11-12,1,3.08,5,1.0,0,0.3135684523809523,0
Haryana,Karnal,2025-11-13,2,13.18,5,0.0,0,0.37582341269841274,0
Haryana,Karnal,2025-11-14,0,0.0,5,0.0,0,0.28336904761904763,0
Haryana,Karnal,2025-11-15,0,0.0,5,0.0,0,0.2674047619047619,0
Haryana,Karnal,2025-11-16,0,0.0,5,0.0,0,0.23544047619047614,0
Haryana,Karnal,2025-11-17,1,1.76,5,1.0,0,0.11789200036075038,0
Haryana,Karnal,2025-11-18,0,0.0,5,0.0,0,0.1108229166666667,0
Haryana,Karnal,2025-11-19,0,0.0,5,0.0,0,0.015666666666666666,0
Haryana,Karnal,2025-11-20,0,0.0,5,0.0,0,0.11732142857142859,0
Haryana,Karnal,2025-11-21,0,0.0,5,1.0,0,0.03743452380952381,0
Haryana,Karnal,2025-11-22,1,2.4,5,6.0,1,0.06947619047619046,0
Haryana,Karnal,2025-11-23,0,0.0,5,0.0,0,0.015033730158730158,0
Haryana,Kurukshetra,2025-10-15,2,4.220000000000001,5,3.0,1,0.2728973861283644,0
Haryana,Kurukshetra,2025-10-16,2,1.68,5,4.0,1,0.19506448412698416,0
Haryana,Kurukshetra,2025-10-17,1,3.6,5,2.0,0,0.26400595238095237,0
Haryana,Kurukshetra,2025-10-18,1,2.98,5,1.0,0,0.24850000000000005,0
Haryana,Kurukshetra,2025-10-19,3,7.859999999999999,5,0.0,0,0.3963640873015873,1
Haryana,Kurukshetra,2025-10-20,3,7.65,5,4.0,1,0.44808491508491516,1
Haryana,Kurukshetra,2025-10-21,4,27.3,5,5.0,1,0.7136845238095236,1
Haryana,Kurukshetra,2025-10-22,2,3.28,5,5.0,1,0.5982291666666667,1
Haryana,Kurukshetra,2025-10-23,1,3.28,5,0.0,0,0.49435119047619047,1
Haryana,Kurukshetra,2025-10-24,0,0.0,5,0.0,0,0.36456018518518507,0
Haryana,Kurukshetra,2025-10-25,4,24.44,5,0.0,0,0.5027797619047619,1
Haryana,Kurukshetra,2025-10-26,5,11.87,5,1.0,0,0.6475267857142856,1
Haryana,Kurukshetra,2025-10-27,5,17.99,5,3.0,1,0.6992261904761905,1
Haryana,Kurukshetra,2025-10-28,0,0.0,5,1.0,0,0.47824107142857136,1
Haryana,Kurukshetra,2025-10-29,0,0.0,5,0.0,0,0.4560723443223443,1
Haryana,Kurukshetra,2025-10-30,0,0.0,5,0.0,0,0.5060265151515151,1
Haryana,Kurukshetra,2025-10-31,1,1.69,5,0.0,0,0.22205960213032572,0
Haryana,Kurukshetra,2025-11-01,3,14.97,5,0.0,0,0.6114097222222223,1
Haryana,Kurukshetra,2025-11-02,1,2.76,5,0.0,0,0.48927777777777787,1
Haryana,Kurukshetra,2025-11-03,0,0.0,5,0.0,0,0.2718363095238095,0
Haryana,Kurukshetra,2025-11-04,0,0.0,5,3.0,1,0.29679365079365083,0
Haryana,Kurukshetra,2025-11-05,0,0.0,5,0.0,0,0.0626845238095238,0
Haryana,Kurukshetra,2025-11-06,0,0.0,5,0.0,0,0.15060592532467532,0
Haryana,Kurukshetra,2025-11-07,0,0.0,5,0.0,0,0.033349171539961,0
Haryana,Kurukshetra,2025-11-08,0,0.0,5,0.0,0,0.1722273581681477,0
Haryana,Kurukshetra,2025-11-09,3,2.71,5,0.0,0,0.05360776942355889,0
Haryana,Kurukshetra,2025-11-10,0,0.0,5,0.0,0,0.030583333333333337,0
Haryana,Kurukshetra,2025-11-11,0,0.0,5,0.0,0,0.017634259259259256,0
Haryana,Kurukshetra,2025-11-12,0,0.0,5,0.0,0,0.07649404761904761,0
Haryana,Kurukshetra,2025-11-13,0,0.0,5,7.0,1,0.007875,0
Haryana,Kurukshetra,2025-11-14,0,0.0,5,0.0,0,0.009821428571428571,0
Haryana,Kurukshetra,2025-11-15,0,0.0,5,0.0,0,0.025226190476190475,0
Haryana,Kurukshetra,2025-11-16,0,0.0,5,0.0,0,0.029589285714285717,0
Haryana,Kurukshetra,2025-11-17,0,0.0,5,0.0,0,0.0008333333333333333,0
Haryana,Kurukshetra,2025-11-18,7,10.6,5,1.0,0,0.15345833333333336,0
Haryana,Kurukshetra,2025-11-19,0,0.0,5,0.0,0,0.14237500000000003,0
Haryana,Kurukshetra,2025-11-20,0,0.0,5,0.0,0,0.056125,0
Haryana,Kurukshetra,2025-11-21,0,0.0,5,1.0,0,0.20904960317460314,0
Haryana,Kurukshetra,2025-11-22,0,0.0,5,0.0,0,0.0008333333333333333,0
Haryana,Kurukshetra,2025-11-23,1,5.1,5,0.0,0,0.1610325854700855,0
Haryana,Mahendragarh,2025-10-15,0,0.0,5,0.0,0,0.046937438146238984,0
Haryana,Mahendragarh,2025-10-16,0,0.0,5,0.0,0,0.004145771479572321,0
Haryana,Mahendragarh,2025-10-17,0,0.0,5,0.0,0,0.051068390527191365,0
Haryana,Mahendragarh,2025-10-18,0,0.0,5,0.0,0,0.009520771479572324,0
Haryana,Mahendragarh,2025-10-19,0,0.0,5,0.0,0,0.033129988651289494,0
Haryana,Mahendragarh,2025-10-20,0,0.0,5,0.0,0,0.025679932970255552,0
Haryana,Mahendragarh,2025-10-21,0,0.0,5,0.0,0,0.03678409963692222,0
Haryana,Mahendragarh,2025-10-22,0,0.0,5,0.0,0,0.04431683773216031,0
Haryana,Mahendragarh,2025-10-23,0,0.0,5,0.0,0,0.007914059954382534,0
Haryana,Mahendragarh,2025-10-24,0,0.0,5,0.0,0,0.0001918377321603128,0
Haryana,Mahendragarh,2025-10-25,0,0.0,5,0.0,0,0.0001918377321603128,0
Haryana,Mahendragarh,2025-10-26,0,0.0,5,0.0,0,0.007691837732160312,0
Haryana,Mahendragarh,2025-10-27,0,0.0,5,2.0,0,0.04083419884327142,0
Haryana,Mahendragarh,2025-10-28,0,0.0,5,0.0,0,0.04735205598612858,0
Haryana,Mahendragarh,2025-10-29,0,0.0,5,0.0,0,0.034737472652795226,0
Haryana,Mahendragarh,2025-10-30,0,0.0,5,0.0,0,0.04286544884327143,0
Haryana,Mahendragarh,2025-10-31,0,0.0,5,0.0,0,0.026156123446446022,0
Haryana,Mahendragarh,2025-11-01,2,5.1,5,0.0,0,0.03188068181818182,0
Haryana,Mahendragarh,2025-11-02,0,0.0,5,0.0,0,0.04152083333333333,0
Haryana,Mahendragarh,2025-11-03,0,0.0,5,0.0,0,0.013833333333333335,0
Haryana,Mahendragarh,2025-11-04,0,0.0,5,0.0,0,0.07399358974358974,0
Haryana,Mahendragarh,2025-11-05,0,0.0,5,0.0,0,0.005831989247311828,0
Haryana,Mahendragarh,2025-11-06,0,0.0,5,0.0,0,0.02332575757575757,0
Haryana,Mahendragarh,2025-11-07,0,0.0,5,0.0,0,0.011833333333333333,0
Haryana,Mahendragarh,2025-11-08,0,0.0,5,0.0,0,0.0932715097402597,0
Haryana,Mahendragarh,2025-11-09,0,0.0,5,1.0,0,0.0020833333333333333,0
Haryana,Mahendragarh,2025-11-10,0,0.0,5,2.0,0,0.007083333333333333,0
Haryana,Mahendragarh,2025-11-11,0,0.0,5,1.0,0,0.002395833333333333,0
Haryana,Mahendragarh,2025-11-12,0,0.0,5,0.0,0,0.005,0
Haryana,Mahendragarh,2025-11-13,0,0.0,5,0.0,0,0.006666666666666666,0
Haryana,Mahendragarh,2025-11-14,1,3.35,5,0.0,0,0.04398214285714285,0
Haryana,Mahendragarh,2025-11-15,2,8.9,5,1.0,0,0.08933928571428572,0
Haryana,Mahendragarh,2025-11-16,1,2.3,5,0.0,0,0.08052529761904761,0
Haryana,Mahendragarh,2025-11-17,0,0.0,5,0.0,0,0.1045238095238095,0
Haryana,Mahendragarh,2025-11-18,0,0.0,5,0.0,0,0.13669642857142855,0
Haryana,Mahendragarh,2025-11-19,0,0.0,5,0.0,0,0.06716666666666665,0
Haryana,Mahendragarh,2025-11-20,1,0.61,5,0.0,0,0.01775,0
Haryana,Mahendragarh,2025-11-21,0,0.0,5,0.0,0,0.018166666666666664,0
Haryana,Mahendragarh,2025-11-22,0,0.0,5,0.0,0,0.07812811147186147,0
Haryana,Mahendragarh,2025-11-23,0,0.0,5,0.0,0,0.03740014499389499,0
Haryana,Nuh,2025-10-15,0,0.0,5,1.0,0,0.04532142857142857,0
Haryana,Nuh,2025-10-16,0,0.0,5,0.0,0,0.016285714285714285,0
Haryana,Nuh,2025-10-17,0,0.0,5,0.0,0,0.10095787545787545,0
Haryana,Nuh,2025-10-18,0,0.0,5,0.0,0,0.020874938146238992,0
Haryana,Nuh,2025-10-19,1,5.29,5,0.0,0,0.26914191364191364,0
Haryana,Nuh,2025-10-20,1,3.84,5,0.0,0,0.29933924408924417,0
Haryana,Nuh,2025-10-21,0,0.0,5,0.0,0,0.13908928571428572,0
Haryana,Nuh,2025-10-22,0,0.0,5,0.0,0,0.16360271672771678,0
Haryana,Nuh,2025-10-23,0,0.0,5,0.0,0,0.07609081196581195,0
Haryana,Nuh,2025-10-24,0,0.0,5,0.0,0,0.021123655913978495,0
Haryana,Nuh,2025-10-25,0,0.0,5,0.0,0,0.024059261974584554,0
Haryana,Nuh,2025-10-26,0,0.0,5,0.0,0,0.048381592421915004,0
Haryana,Nuh,2025-10-27,0,0.0,5,0.0,0,0.06553593661573288,0
Haryana,Nuh,2025-10-28,0,0.0,5,0.0,0,0.046603622402168664,0
Haryana,Nuh,2025-10-29,0,0.0,5,0.0,0,0.027407115509938088,0
Haryana,Nuh,2025-10-30,0,0.0,5,0.0,0,0.033907115509938086,0
Haryana,Nuh,2025-10-31,0,0.0,5,0.0,0,0.03192497265279523,0
Haryana,Nuh,2025-11-01,0,0.0,5,0.0,0,0.0039418377321603125,0
Haryana,Nuh,2025-11-02,0,0.0,5,0.0,0,0.022047348484848482,0
Haryana,Nuh,2025-11-03,0,0.0,5,0.0,0,0.012767857142857142,0
Haryana,Nuh,2025-11-04,0,0.0,5,0.0,0,0.0006653225806451613,0
Haryana,Nuh,2025-11-05,0,0.0,5,0.0,0,0.002540322580645161,0
Haryana,Nuh,2025-11-06,0,0.0,5,2.0,0,0.015598484848484848,0
Haryana,Nuh,2025-11-07,0,0.0,5,0.0,0,0.0060416666666666665,0
Haryana,Nuh,2025-11-08,0,0.0,5,0.0,0,0.0016666666666666666,0
Haryana,Nuh,2025-11-09,0,0.0,5,0.0,0,0.0,0
Haryana,Nuh,2025-11-10,0,0.0,5,0.0,0,0.0025,0
Haryana,Nuh,2025-11-11,2,6.26,5,0.0,0,0.0400654761904762,0
Haryana,Nuh,2025-11-12,0,0.0,5,0.0,0,0.012791666666666668,0
Haryana,Nuh,2025-11-13,0,0.0,5,0.0,0,0.009833333333333331,0
Haryana,Nuh,2025-11-14,0,0.0,5,0.0,0,0.08410416666666666,0
Haryana,Nuh,2025-11-15,0,0.0,5,0.0,0,0.005,0
Haryana,Nuh,2025-11-16,0,0.0,5,0.0,0,0.016083333333333335,0
Haryana,Nuh,2025-11-17,0,0.0,5,0.0,0,0.0029166666666666664,0
Haryana,Nuh,2025-11-18,0,0.0,5,0.0,0,0.06703125,0
Haryana,Nuh,2025-11-19,0,0.0,5,0.0,0,0.0025,0
Haryana,Nuh,2025-11-20,0,0.0,5,0.0,0,0.000625,0
Haryana,Nuh,2025-11-21,0,0.0,5,0.0,0,0.0062202380952380955,0
Haryana,Nuh,2025-11-22,0,0.0,5,0.0,0,0.0,0
Haryana,Nuh,2025-11-23,0,0.0,5,0.0,0,0.003059371184371184,0
Haryana,Palwal,2025-10-15,0,0.0,5,4.0,1,0.047107351566152394,0
Haryana,Palwal,2025-10-16,1,4.47,5,1.0,0,0.3001219116028899,0
Haryana,Palwal,2025-10-17,0,0.0,5,5.0,1,0.07995238095238094,0
Haryana,Palwal,2025-10-18,1,5.34,5,0.0,0,0.3420386904761905,0
Haryana,Palwal,2025-10-19,0,0.0,5,2.0,0,0.14937400793650793,0
Haryana,Palwal,2025-10-20,4,13.01,5,0.0,0,0.37572916666666667,0
Haryana,Palwal,2025-10-21,1,3.63,5,3.0,1,0.49788961038961027,1
Haryana,Palwal,2025-10-22,5,14.67,5,0.0,0,0.449657738095238,1
Haryana,Palwal,2025-10-23,0,0.0,5,0.0,0,0.5573035714285713,1
Haryana,Palwal,2025-10-24,2,3.73,5,0.0,0,0.184063512145749,0
Haryana,Palwal,2025-10-25,0,0.0,5,0.0,0,0.4864640151515151,1
Haryana,Palwal,2025-10-26,3,6.22,5,0.0,0,0.12082440476190474,0
Haryana,Palwal,2025-10-27,0,0.0,5,2.0,0,0.5733558802308801,1
Haryana,Palwal,2025-10-28,0,0.0,5,6.0,1,0.0807857142857143,0
Haryana,Palwal,2025-10-29,0,0.0,5,6.0,1,0.38182611832611835,0
Haryana,Palwal,2025-10-30,0,0.0,5,0.0,0,0.03903963430693056,0
Haryana,Palwal,2025-10-31,0,0.0,5,2.0,0,0.1252107201655164,0
Haryana,Palwal,2025-11-01,2,4.73,5,2.0,0,0.0736068722943723,0
Haryana,Palwal,2025-11-02,6,27.17,5,1.0,0,0.39476253132832084,1
Haryana,Palwal,2025-11-03,6,38.2,5,0.0,0,0.49803038847117775,1
Haryana,Palwal,2025-11-04,0,0.0,5,0.0,0,0.3548809523809524,0
Haryana,Palwal,2025-11-05,2,5.569999999999999,5,5.0,1,0.4014583333333335,1
Haryana,Palwal,2025-11-06,2,9.58,5,1.0,0,0.38491964285714286,0
Haryana,Palwal,2025-11-07,1,4.13,5,0.0,0,0.23417261904761902,0
Haryana,Palwal,2025-11-08,0,0.0,5,0.0,0,0.2963575174825175,0
Haryana,Palwal,2025-11-09,0,0.0,5,2.0,0,0.25205952380952384,0
Haryana,Palwal,2025-11-10,5,21.46,5,0.0,0,0.4033071741854637,1
Haryana,Palwal,2025-11-11,1,3.68,5,0.0,0,0.20276785714285717,0
Haryana,Palwal,2025-11-12,0,0.0,5,0.0,0,0.15886904761904763,0
Haryana,Palwal,2025-11-13,0,0.0,5,0.0,0,0.21519047619047618,0
Haryana,Palwal,2025-11-14,2,5.72,5,0.0,0,0.11686309523809524,0
Haryana,Palwal,2025-11-15,0,0.0,5,1.0,0,0.10945833333333332,0
Haryana,Palwal,2025-11-16,0,0.0,5,0.0,0,0.056291666666666657,0
Haryana,Palwal,2025-11-17,0,0.0,5,0.0,0,0.18276190476190485,0
Haryana,Palwal,2025-11-18,0,0.0,5,0.0,0,0.015156250000000003,0
Haryana,Palwal,2025-11-19,0,0.0,5,0.0,0,0.01983333333333333,0
Haryana,Palwal,2025-11-20,1,3.08,5,0.0,0,0.07530654761904762,0
Haryana,Palwal,2025-11-21,0,0.0,5,0.0,0,0.09929464285714286,0
Haryana,Palwal,2025-11-22,0,0.0,5,1.0,0,0.0105,0
Haryana,Palwal,2025-11-23,0,0.0,5,0.0,0,0.08001373626373624,0
Haryana,Panchkula,2025-10-15,0,0.0,5,2.0,0,0.10262650456227908,0
Haryana,Panchkula,2025-10-16,0,0.0,5,1.0,0,0.08550150456227909,0
Haryana,Panchkula,2025-10-17,0,0.0,5,0.0,0,0.062153798175099,0
Haryana,Panchkula,2025-10-18,0,0.0,5,0.0,0,0.0906727479752988,0
Haryana,Panchkula,2025-10-19,0,0.0,5,0.0,0,0.1646284571406854,0
Haryana,Panchkula,2025-10-20,2,9.82,5,0.0,0,0.43340401034151027,1
Haryana,Panchkula,2025-10-21,1,0.5,5,0.0,0,0.3021471560846562,0
Haryana,Panchkula,2025-10-22,0,0.0,5,0.0,0,0.22564639295889297,0
Haryana,Panchkula,2025-10-23,0,0.0,5,1.0,0,0.19872949199922882,0
Haryana,Panchkula,2025-10-24,0,0.0,5,0.0,0,0.06180555555555555,0
Haryana,Panchkula,2025-10-25,0,0.0,5,0.0,0,0.15468714588286958,0
Haryana,Panchkula,2025-10-26,0,0.0,5,2.0,0,0.09284557079129446,0
Haryana,Panchkula,2025-10-27,0,0.0,5,0.0,0,0.24098152027184291,0
Haryana,Panchkula,2025-10-28,1,3.76,5,0.0,0,0.1596057330827068,0
Haryana,Panchkula,2025-10-29,0,0.0,5,0.0,0,0.08454398148148147,0
Haryana,Panchkula,2025-10-30,0,0.0,5,0.0,0,0.0579781746031746,0
Haryana,Panchkula,2025-10-31,2,6.43,5,0.0,0,0.25154166666666666,0
Haryana,Panchkula,2025-11-01,0,0.0,5,0.0,0,0.07084226190476191,0
Haryana,Panchkula,2025-11-02,0,0.0,5,0.0,0,0.10008680555555555,0
Haryana,Panchkula,2025-11-03,0,0.0,5,0.0,0,0.13422222222222221,0
Haryana,Panchkula,2025-11-04,0,0.0,5,0.0,0,0.03445982142857142,0
Haryana,Panchkula,2025-11-05,0,0.0,5,0.0,0,0.014708333333333334,0
Haryana,Panchkula,2025-11-06,0,0.0,5,0.0,0,0.013318722943722943,0
Haryana,Panchkula,2025-11-07,0,0.0,5,0.0,0,0.09222132034632034,0
Haryana,Panchkula,2025-11-08,0,0.0,5,0.0,0,0.0,0
Haryana,Panchkula,2025-11-09,0,0.0,5,0.0,0,0.0,0
Haryana,Panchkula,2025-11-10,0,0.0,5,0.0,0,0.0,0
Haryana,Panchkula,2025-11-11,0,0.0,5,0.0,0,0.0,0
Haryana,Panchkula,2025-11-12,0,0.0,5,0.0,0,0.003125,0
Haryana,Panchkula,2025-11-13,0,0.0,5,0.0,0,0.006208333333333333,0
Haryana,Panchkula,2025-11-14,0,0.0,5,0.0,0,0.00125,0
Haryana,Panchkula,2025-11-15,0,0.0,5,0.0,0,0.00125,0
Haryana,Panchkula,2025-11-16,0,0.0,5,0.0,0,0.004375,0
Haryana,Panchkula,2025-11-17,0,0.0,5,0.0,0,0.0,0
Haryana,Panchkula,2025-11-18,0,0.0,5,0.0,0,0.0,0
Haryana,Panchkula,2025-11-19,0,0.0,5,0.0,0,0.0,0
Haryana,Panchkula,2025-11-20,0,0.0,5,0.0,0,0.0,0
Haryana,Panchkula,2025-11-21,0,0.0,5,0.0,0,0.0008333333333333333,0
Haryana,Panchkula,2025-11-22,0,0.0,5,0.0,0,0.0,0
Haryana,Panchkula,2025-11-23,0,0.0,5,0.0,0,0.005559371184371185,0
Haryana,Panipat,2025-10-15,1,1.45,5,0.0,0,0.15879189560439558,0
Haryana,Panipat,2025-10-16,2,8.879999999999999,5,0.0,0,0.3044555860805861,0
Haryana,Panipat,2025-10-17,0,0.0,5,3.0,1,0.22511011904761905,0
Haryana,Panipat,2025-10-18,2,2.96,5,0.0,0,0.2036696428571429,0
Haryana,Panipat,2025-10-19,4,7.12,5,0.0,0,0.28330170377867747,0
Haryana,Panipat,2025-10-20,0,0.0,5,0.0,0,0.3871333874458873,1
Haryana,Panipat,2025-10-21,0,0.0,5,1.0,0,0.3977306277056276,1
Haryana,Panipat,2025-10-22,3,3.89,5,0.0,0,0.24335714285714288,0
Haryana,Panipat,2025-10-23,0,0.0,5,0.0,0,0.2697763347763348,0
Haryana,Panipat,2025-10-24,0,0.0,5,0.0,0,0.14029166666666662,0
Haryana,Panipat,2025-10-25,0,0.0,5,0.0,0,0.14206944444444441,0
Haryana,Panipat,2025-10-26,1,3.35,5,0.0,0,0.23470842352092358,0
Haryana,Panipat,2025-10-27,0,0.0,5,0.0,0,0.11475744047619046,0
Haryana,Panipat,2025-10-28,0,0.0,5,1.0,0,0.09905208333333335,0
Haryana,Panipat,2025-10-29,0,0.0,5,0.0,0,0.18708234126984127,0
Haryana,Panipat,2025-10-30,0,0.0,5,0.0,0,0.06717852319581948,0
Haryana,Panipat,2025-10-31,0,0.0,5,0.0,0,0.09389506359985987,0
Haryana,Panipat,2025-11-01,0,0.0,5,2.0,0,0.09654704323454323,0
Haryana,Panipat,2025-11-02,1,2.87,5,4.0,1,0.13175000000000003,0
Haryana,Panipat,2025-11-03,0,0.0,5,0.0,0,0.049,0
Haryana,Panipat,2025-11-04,0,0.0,5,6.0,1,0.06371759259259259,0
Haryana,Panipat,2025-11-05,0,0.0,5,0.0,0,0.10461858974358972,0
Haryana,Panipat,2025-11-06,2,4.41,5,1.0,0,0.1184381012506013,0
Haryana,Panipat,2025-11-07,4,8.63,5,2.0,0,0.22262681878306875,0
Haryana,Panipat,2025-11-08,0,0.0,5,2.0,0,0.21768154761904757,0
Haryana,Panipat,2025-11-09,6,16.25,5,0.0,0,0.38850595238095254,1
Haryana,Panipat,2025-11-10,0,0.0,5,0.0,0,0.47228841991342,1
Haryana,Panipat,2025-11-11,1,2.43,5,2.0,0,0.2423095238095238,0
Haryana,Panipat,2025-11-12,2,6.6,5,0.0,0,0.45321996753246735,1
Haryana,Panipat,2025-11-13,2,11.62,5,2.0,0,0.3709320436507937,0
Haryana,Panipat,2025-11-14,0,0.0,5,1.0,0,0.3785887445887445,0
Haryana,Panipat,2025-11-15,0,0.0,5,5.0,1,0.2110416666666667,0
Haryana,Panipat,2025-11-16,2,4.29,5,0.0,0,0.34262968975468977,0
Haryana,Panipat,2025-11-17,0,0.0,5,3.0,1,0.09899884259259258,0
Haryana,Panipat,2025-11-18,2,5.7,5,0.0,0,0.22900892857142854,0
Haryana,Panipat,2025-11-19,1,5.3,5,1.0,0,0.3098263888888889,0
Haryana,Panipat,2025-11-20,5,9.45,5,2.0,0,0.26630059523809524,0
Haryana,Panipat,2025-11-21,0,0.0,5,1.0,0,0.20724404761904758,0
Haryana,Panipat,2025-11-22,3,8.56,5,0.0,0,0.2227678571428572,0
Haryana,Panipat,2025-11-23,0,0.0,5,0.0,0,0.21604734848484852,0
Haryana,Rewari,2025-10-15,0,0.0,5,0.0,0,0.04957136671766756,0
Haryana,Rewari,2025-10-16,0,0.0,5,0.0,0,0.05632603686635945,0
Haryana,Rewari,2025-10-17,0,0.0,5,1.0,0,0.03994339052719137,0
Haryana,Rewari,2025-10-18,0,0.0,5,0.0,0,0.08189178361960621,0
Haryana,Rewari,2025-10-19,0,0.0,5,0.0,0,0.11243942227322312,0
Haryana,Rewari,2025-10-20,0,0.0,5,0.0,0,0.043088357878680456,0
Haryana,Rewari,2025-10-21,0,0.0,5,0.0,0,0.09382040014197271,0
Haryana,Rewari,2025-10-22,1,2.17,5,0.0,0,0.2259788544788546,0
Haryana,Rewari,2025-10-23,0,0.0,5,0.0,0,0.020210317460317463,0
Haryana,Rewari,2025-10-24,0,0.0,5,0.0,0,0.00793040293040293,0
Haryana,Rewari,2025-10-25,0,0.0,5,0.0,0,0.03193040293040293,0
Haryana,Rewari,2025-10-26,0,0.0,5,0.0,0,0.010608504398826981,0
Haryana,Rewari,2025-10-27,0,0.0,5,0.0,0,0.042896399069945336,0
Haryana,Rewari,2025-10-28,0,0.0,5,0.0,0,0.04214967503374761,0
Haryana,Rewari,2025-10-29,0,0.0,5,0.0,0,0.0455928276413739,0
Haryana,Rewari,2025-10-30,0,0.0,5,0.0,0,0.037954734557557136,0
Haryana,Rewari,2025-10-31,0,0.0,5,0.0,0,0.03472259170041428,0
Haryana,Rewari,2025-11-01,0,0.0,5,2.0,0,0.0039418377321603125,0
Haryana,Rewari,2025-11-02,0,0.0,5,0.0,0,0.008004337732160312,0
Haryana,Rewari,2025-11-03,0,0.0,5,0.0,0,0.008165322580645161,0
Haryana,Rewari,2025-11-04,0,0.0,5,0.0,0,0.0034153225806451614,0
Haryana,Rewari,2025-11-05,0,0.0,5,0.0,0,0.0037903225806451613,0
Haryana,Rewari,2025-11-06,2,1.1800000000000002,5,0.0,0,0.016640151515151518,0
Haryana,Rewari,2025-11-07,0,0.0,5,0.0,0,0.026684523809523807,0
Haryana,Rewari,2025-11-08,0,0.0,5,0.0,0,0.009418498168498168,0
Haryana,Rewari,2025-11-09,0,0.0,5,0.0,0,0.01716849816849817,0
Haryana,Rewari,2025-11-10,0,0.0,5,0.0,0,0.0,0
Haryana,Rewari,2025-11-11,0,0.0,5,0.0,0,0.0158768315018315,0
Haryana,Rewari,2025-11-12,0,0.0,5,0.0,0,0.0,0
Haryana,Rewari,2025-11-13,0,0.0,5,0.0,0,0.04716908438783439,0
Haryana,Rewari,2025-11-14,0,0.0,5,0.0,0,0.007916666666666666,0
Haryana,Rewari,2025-11-15,0,0.0,5,0.0,0,0.0125,0
Haryana,Rewari,2025-11-16,0,0.0,5,0.0,0,0.00625,0
Haryana,Rewari,2025-11-17,0,0.0,5,0.0,0,0.00625,0
Haryana,Rewari,2025-11-18,0,0.0,5,0.0,0,0.005,0
Haryana,Rewari,2025-11-19,0,0.0,5,0.0,0,0.004,0
Haryana,Rewari,2025-11-20,0,0.0,5,0.0,0,0.000625,0
Haryana,Rewari,2025-11-21,0,0.0,5,0.0,0,0.00910485347985348,0
Haryana,Rewari,2025-11-22,0,0.0,5,1.0,0,0.0,0
Haryana,Rewari,2025-11-23,0,0.0,5,0.0,0,0.006392704517704517,0
Haryana,Rohtak,2025-10-15,0,0.0,5,0.0,0,0.1013105158730159,0
Haryana,Rohtak,2025-10-16,0,0.0,5,0.0,0,0.08435536743916827,0
Haryana,Rohtak,2025-10-17,0,0.0,5,1.0,0,0.09114703410583497,0
Haryana,Rohtak,2025-10-18,0,0.0,5,0.0,0,0.10965596267726353,0
Haryana,Rohtak,2025-10-19,0,0.0,5,0.0,0,0.13344742063492065,0
Haryana,Rohtak,2025-10-20,0,0.0,5,0.0,0,0.22439589218043174,0
Haryana,Rohtak,2025-10-21,0,0.0,5,0.0,0,0.18193210787868047,0
Haryana,Rohtak,2025-10-22,1,1.71,5,0.0,0,0.29319764610389615,0
Haryana,Rohtak,2025-10-23,0,0.0,5,0.0,0,0.052791666666666674,0
Haryana,Rohtak,2025-10-24,0,0.0,5,0.0,0,0.07676984126984127,0
Haryana,Rohtak,2025-10-25,0,0.0,5,0.0,0,0.05285416666666667,0
Haryana,Rohtak,2025-10-26,0,0.0,5,1.0,0,0.06378897953897954,0
Haryana,Rohtak,2025-10-27,0,0.0,5,0.0,0,0.048226190476190485,0
Haryana,Rohtak,2025-10-28,0,0.0,5,2.0,0,0.0681853893194619,0
Haryana,Rohtak,2025-10-29,0,0.0,5,3.0,1,0.08474934272716529,0
Haryana,Rohtak,2025-10-30,0,0.0,5,1.0,0,0.06701029011311269,0
Haryana,Rohtak,2025-10-31,1,3.1,5,5.0,1,0.1276776435929662,0
Haryana,Rohtak,2025-11-01,0,0.0,5,5.0,1,0.05663746438746439,0
Haryana,Rohtak,2025-11-02,2,34.44,5,5.0,1,0.21521524296853248,0
Haryana,Rohtak,2025-11-03,3,9.02,5,6.0,1,0.3284702380952382,0
Haryana,Rohtak,2025-11-04,1,3.79,5,4.0,1,0.26925000000000004,0
Haryana,Rohtak,2025-11-05,5,8.76,5,5.0,1,0.27947619047619054,0
Haryana,Rohtak,2025-11-06,5,21.52,5,12.0,1,0.5499404761904764,1
Haryana,Rohtak,2025-11-07,5,31.38,5,6.0,1,0.510453007518797,1
Haryana,Rohtak,2025-11-08,6,25.07,5,10.0,1,0.5258131265664159,1
Haryana,Rohtak,2025-11-09,4,16.03,5,4.0,1,0.48192026942355887,1
Haryana,Rohtak,2025-11-10,5,16.18,5,6.0,1,0.547813492063492,1
Haryana,Rohtak,2025-11-11,12,46.3,5,23.0,1,0.6036726190476188,1
Haryana,Rohtak,2025-11-12,6,14.11,5,6.0,1,0.49826388888888884,1
Haryana,Rohtak,2025-11-13,10,37.13,5,1.0,0,0.46497979323308264,1
Haryana,Rohtak,2025-11-14,4,18.22,5,2.0,0,0.3854301900584795,0
Haryana,Rohtak,2025-11-15,6,16.89,5,3.0,1,0.41222979323308273,1
Haryana,Rohtak,2025-11-16,23,79.53999999999999,5,5.0,1,0.4931405075187968,1
Haryana,Rohtak,2025-11-17,6,12.26,5,9.0,1,0.3913204365079366,1
Haryana,Rohtak,2025-11-18,1,3.2,5,7.0,1,0.2971607142857143,0
Haryana,Rohtak,2025-11-19,2,5.550000000000001,5,2.0,0,0.3218769841269842,0
Haryana,Rohtak,2025-11-20,3,9.87,5,3.0,1,0.22366071428571424,0
Haryana,Rohtak,2025-11-21,5,7.93,5,6.0,1,0.2821458333333333,0
Haryana,Rohtak,2025-11-22,9,27.74,5,5.0,1,0.3821190476190475,0
Haryana,Rohtak,2025-11-23,7,12.76,5,2.0,0,0.26766300366300366,0
Haryana,Sirsa,2025-10-15,3,2.92,5,0.0,0,0.4005148809523809,1
Haryana,Sirsa,2025-10-16,2,4.93,5,2.0,0,0.25299702380952377,0
Haryana,Sirsa,2025-10-17,8,24.57,5,14.0,1,0.6518333333333334,1
Haryana,Sirsa,2025-10-18,0,0.0,5,1.0,0,0.5265446428571429,1
Haryana,Sirsa,2025-10-19,1,4.81,5,2.0,0,0.455669642857143,1
Haryana,Sirsa,2025-10-20,0,0.0,5,3.0,1,0.5251369047619044,1
Haryana,Sirsa,2025-10-21,2,4.77,5,17.0,1,0.2703092532467533,0
Haryana,Sirsa,2025-10-22,14,61.32,5,6.0,1,0.7328958333333334,1
Haryana,Sirsa,2025-10-23,1,2.2,5,0.0,0,0.5352321428571428,1
Haryana,Sirsa,2025-10-24,2,4.15,5,2.0,0,0.5069684523809525,1
Haryana,Sirsa,2025-10-25,3,5.359999999999999,5,5.0,1,0.44351554232804224,1
Haryana,Sirsa,2025-10-26,17,62.18,5,4.0,1,0.7074553571428572,1
Haryana,Sirsa,2025-10-27,6,6.94,5,10.0,1,0.5200059523809525,1
Haryana,Sirsa,2025-10-28,0,0.0,5,9.0,1,0.5456407967032968,1
Haryana,Sirsa,2025-10-29,2,9.95,5,8.0,1,0.5605416666666667,1
Haryana,Sirsa,2025-10-30,5,16.400000000000002,5,7.0,1,0.6917595551378448,1
Haryana,Sirsa,2025-10-31,4,10.83,5,7.0,1,0.5489136904761904,1
Haryana,Sirsa,2025-11-01,10,24.6,5,5.0,1,0.6502083333333334,1
Haryana,Sirsa,2025-11-02,9,18.49,5,4.0,1,0.38583333333333336,0
Haryana,Sirsa,2025-11-03,8,35.480000000000004,5,4.0,1,0.6499629281537176,1
Haryana,Sirsa,2025-11-04,7,19.47,5,9.0,1,0.5371458333333332,1
Haryana,Sirsa,2025-11-05,7,8.85,5,8.0,1,0.42825,1
Haryana,Sirsa,2025-11-06,5,8.040000000000001,5,5.0,1,0.2609294871794872,0
Haryana,Sirsa,2025-11-07,4,14.38,5,4.0,1,0.4485753205128205,1
Haryana,Sirsa,2025-11-08,4,10.9,5,4.0,1,0.3034583333333333,0
Haryana,Sirsa,2025-11-09,9,18.64,5,7.0,1,0.46245833333333336,1
Haryana,Sirsa,2025-11-10,8,15.43,5,5.0,1,0.4150535714285716,1
Haryana,Sirsa,2025-11-11,5,15.95,5,7.0,1,0.40314583333333337,1
Haryana,Sirsa,2025-11-12,4,5.46,5,8.0,1,0.34249702380952374,0
Haryana,Sirsa,2025-11-13,4,15.64,5,7.0,1,0.513190476190476,1
Haryana,Sirsa,2025-11-14,7,33.77,5,12.0,1,0.5418541666666665,1
Haryana,Sirsa,2025-11-15,5,19.81,5,3.0,1,0.5157595551378445,1
Haryana,Sirsa,2025-11-16,7,13.23,5,2.0,0,0.3993702380952381,1
Haryana,Sirsa,2025-11-17,8,17.540000000000003,5,1.0,0,0.3986220238095239,1
Haryana,Sirsa,2025-11-18,7,16.15,5,1.0,0,0.4039017857142857,1
Haryana,Sirsa,2025-11-19,12,27.95,5,0.0,0,0.4680238095238095,1
Haryana,Sirsa,2025-11-20,3,11.03,5,0.0,0,0.15962500000000002,0
Haryana,Sirsa,2025-11-21,2,5.75,5,0.0,0,0.13020833333333331,0
Haryana,Sirsa,2025-11-22,1,2.12,5,3.0,1,0.0995416666666667,0
Haryana,Sirsa,2025-11-23,1,0.68,5,2.0,0,0.13503571428571426,0
Haryana,Sonipat,2025-10-15,1,1.64,5,0.0,0,0.17801510989010993,0
Haryana,Sonipat,2025-10-16,0,0.0,5,0.0,0,0.09823430735930737,0
Haryana,Sonipat,2025-10-17,0,0.0,5,0.0,0,0.08207142857142856,0
Haryana,Sonipat,2025-10-18,0,0.0,5,0.0,0,0.08351488095238092,0
Haryana,Sonipat,2025-10-19,0,0.0,5,0.0,0,0.0721722670250896,0
Haryana,Sonipat,2025-10-20,0,0.0,5,0.0,0,0.13872787744662743,0
Haryana,Sonipat,2025-10-21,0,0.0,5,1.0,0,0.1388358777199503,0
Haryana,Sonipat,2025-10-22,0,0.0,5,0.0,0,0.12915147184804443,0
Haryana,Sonipat,2025-10-23,0,0.0,5,0.0,0,0.004233504398826979,0
Haryana,Sonipat,2025-10-24,0,0.0,5,0.0,0,0.035056917097239675,0
Haryana,Sonipat,2025-10-25,0,0.0,5,0.0,0,0.016044372294372295,0
Haryana,Sonipat,2025-10-26,1,0.67,5,1.0,0,0.01720969487501746,0
Haryana,Sonipat,2025-10-27,0,0.0,5,2.0,0,0.01941666666666667,0
Haryana,Sonipat,2025-10-28,0,0.0,5,3.0,1,0.048954861111111116,0
Haryana,Sonipat,2025-10-29,0,0.0,5,1.0,0,0.05970902014652014,0
Haryana,Sonipat,2025-10-30,0,0.0,5,5.0,1,0.0339964012242238,0
Haryana,Sonipat,2025-10-31,1,2.27,5,4.0,1,0.08782531390511016,0
Haryana,Sonipat,2025-11-01,2,7.83,5,7.0,1,0.14061309523809526,0
Haryana,Sonipat,2025-11-02,3,13.86,5,6.0,1,0.305332175925926,0
Haryana,Sonipat,2025-11-03,1,0.82,5,2.0,0,0.16091071428571432,0
Haryana,Sonipat,2025-11-04,5,17.57,5,12.0,1,0.3729857456140351,0
Haryana,Sonipat,2025-11-05,4,2.64,5,1.0,0,0.2499074675324675,0
Haryana,Sonipat,2025-11-06,7,23.87,5,12.0,1,0.48755357142857136,1
Haryana,Sonipat,2025-11-07,6,25.61,5,6.0,1,0.44521788847117777,1
Haryana,Sonipat,2025-11-08,2,7.57,5,4.0,1,0.4964791666666666,1
Haryana,Sonipat,2025-11-09,12,53.510000000000005,5,10.0,1,0.5924301137459032,1
Haryana,Sonipat,2025-11-10,1,3.09,5,11.0,1,0.41425694444444455,1
Haryana,Sonipat,2025-11-11,12,27.05,5,16.0,1,0.5253044871794872,1
Haryana,Sonipat,2025-11-12,6,22.36,5,8.0,1,0.4454374999999999,1
Haryana,Sonipat,2025-11-13,4,10.65,5,2.0,0,0.5040059523809524,1
Haryana,Sonipat,2025-11-14,10,36.19,5,4.0,1,0.49180419799498737,1
Haryana,Sonipat,2025-11-15,11,34.99,5,2.0,0,0.5130982142857143,1
Haryana,Sonipat,2025-11-16,16,63.61,5,0.0,0,0.4905208333333333,1
Haryana,Sonipat,2025-11-17,8,27.08,5,5.0,1,0.3874821428571428,1
Haryana,Sonipat,2025-11-18,2,7.31,5,12.0,1,0.29961011904761903,0
Haryana,Sonipat,2025-11-19,4,20.27,5,1.0,0,0.34736904761904763,0
Haryana,Sonipat,2025-11-20,2,1.2400000000000002,5,0.0,0,0.1236220238095238,0
Haryana,Sonipat,2025-11-21,0,0.0,5,8.0,1,0.23359821428571423,0
Haryana,Sonipat,2025-11-22,5,14.0,5,4.0,1,0.26720238095238086,0
Haryana,Sonipat,2025-11-23,12,33.33,5,0.0,0,0.41298611111111105,1
Haryana,Yamunanagar,2025-10-15,0,0.0,5,2.0,0,0.15220260328239954,0
Haryana,Yamunanagar,2025-10-16,4,15.06,5,0.0,0,0.40882242063492064,1
Haryana,Yamunanagar,2025-10-17,0,0.0,5,1.0,0,0.38025595238095244,0
Haryana,Yamunanagar,2025-10-18,2,2.39,5,0.0,0,0.19670238095238088,0
Haryana,Yamunanagar,2025-10-19,1,3.86,5,0.0,0,0.42481379585326934,1
Haryana,Yamunanagar,2025-10-20,2,7.58,5,0.0,0,0.38079001322751316,0
Haryana,Yamunanagar,2025-10-21,0,0.0,5,0.0,0,0.4239553571428569,1
Haryana,Yamunanagar,2025-10-22,1,1.44,5,0.0,0,0.2975962301587301,0
Haryana,Yamunanagar,2025-10-23,0,0.0,5,0.0,0,0.34090674603174603,0
Haryana,Yamunanagar,2025-10-24,0,0.0,5,1.0,0,0.1001607142857143,0
Haryana,Yamunanagar,2025-10-25,0,0.0,5,0.0,0,0.17993867243867243,0
Haryana,Yamunanagar,2025-10-26,0,0.0,5,0.0,0,0.08835648148148147,0
Haryana,Yamunanagar,2025-10-27,0,0.0,5,1.0,0,0.21787518037518036,0
Haryana,Yamunanagar,2025-10-28,0,0.0,5,5.0,1,0.039518722652795234,0
Haryana,Yamunanagar,2025-10-29,1,0.38,5,3.0,1,0.06528067104796731,0
Haryana,Yamunanagar,2025-10-30,0,0.0,5,0.0,0,0.09621287593984959,0
Haryana,Yamunanagar,2025-10-31,0,0.0,5,0.0,0,0.08052903894351263,0
Haryana,Yamunanagar,2025-11-01,1,5.48,5,0.0,0,0.21512359022556388,0
Haryana,Yamunanagar,2025-11-02,5,8.93,5,0.0,0,0.1899345238095238,0
Haryana,Yamunanagar,2025-11-03,3,9.27,5,0.0,0,0.40958333333333335,1
Haryana,Yamunanagar,2025-11-04,0,0.0,5,0.0,0,0.29197619047619044,0
Haryana,Yamunanagar,2025-11-05,0,0.0,5,0.0,0,0.35571726190476194,0
Haryana,Yamunanagar,2025-11-06,0,0.0,5,0.0,0,0.29425892857142844,0
Haryana,Yamunanagar,2025-11-07,0,0.0,5,0.0,0,0.0517514880952381,0
Haryana,Yamunanagar,2025-11-08,0,0.0,5,0.0,0,0.12258680555555555,0
Haryana,Yamunanagar,2025-11-09,0,0.0,5,0.0,0,0.1296583694083694,0
Haryana,Yamunanagar,2025-11-10,0,0.0,5,2.0,0,0.08690836940836942,0
Haryana,Yamunanagar,2025-11-11,0,0.0,5,0.0,0,0.007541666666666666,0
Haryana,Yamunanagar,2025-11-12,0,0.0,5,0.0,0,0.008166666666666666,0
Haryana,Yamunanagar,2025-11-13,0,0.0,5,0.0,0,0.01275,0
Haryana,Yamunanagar,2025-11-14,0,0.0,5,0.0,0,0.008583333333333333,0
Haryana,Yamunanagar,2025-11-15,2,4.6,5,0.0,0,0.05964484126984127,0
Haryana,Yamunanagar,2025-11-16,0,0.0,5,0.0,0,0.0753720238095238,0
Haryana,Yamunanagar,2025-11-17,0,0.0,5,0.0,0,0.05447619047619047,0
Haryana,Yamunanagar,2025-11-18,0,0.0,5,1.0,0,0.04518055555555555,0
Haryana,Yamunanagar,2025-11-19,0,0.0,5,0.0,0,0.012267857142857141,0
Haryana,Yamunanagar,2025-11-20,0,0.0,5,2.0,0,0.0265,0
Haryana,Yamunanagar,2025-11-21,0,0.0,5,1.0,0,0.006083333333333333,0
Haryana,Yamunanagar,2025-11-22,0,0.0,5,2.0,0,0.0835720147907648,0
Haryana,Yamunanagar,2025-11-23,1,1.39,5,1.0,0,0.03211492673992675,0
Punjab,Amritsar,2025-10-15,12,35.05,5,20.0,1,0.9041904761904762,1
Punjab,Amritsar,2025-10-16,16,68.16,5,19.0,1,0.9137916666666667,1
Punjab,Amritsar,2025-10-17,8,32.87,5,22.0,1,0.8594166666666665,1
Punjab,Amritsar,2025-10-18,6,21.91,5,16.0,1,0.8284285714285712,1
Punjab,Amritsar,2025-10-19,45,240.68,5,1.0,0,0.9227142857142857,1
Punjab,Amritsar,2025-10-20,20,92.65,5,13.0,1,0.9152083333333334,1
Punjab,Amritsar,2025-10-21,19,88.28,5,22.0,1,0.9640416666666666,1
Punjab,Amritsar,2025-10-22,22,118.74,5,24.0,1,0.9712916666666664,1
Punjab,Amritsar,2025-10-23,16,66.03,5,6.0,1,0.9717023809523809,1
Punjab,Amritsar,2025-10-24,1,2.08,5,7.0,1,0.9036458333333331,1
Punjab,Amritsar,2025-10-25,13,47.41,5,23.0,1,0.8943333333333331,1
Punjab,Amritsar,2025-10-26,22,98.56,5,27.0,1,0.9297083333333334,1
Punjab,Amritsar,2025-10-27,24,90.37,5,37.0,1,0.9655555555555554,1
Punjab,Amritsar,2025-10-28,6,33.58,5,28.0,1,0.9425773809523811,1
Punjab,Amritsar,2025-10-29,7,37.73,5,9.0,1,0.924265350877193,1
Punjab,Amritsar,2025-10-30,23,143.86,5,26.0,1,0.9479583333333333,1
Punjab,Amritsar,2025-10-31,27,94.06,5,29.0,1,0.9477499999999999,1
Punjab,Amritsar,2025-11-01,37,118.21,5,23.0,1,0.833875,1
Punjab,Amritsar,2025-11-02,28,109.47,5,8.0,1,0.9591071428571429,1
Punjab,Amritsar,2025-11-03,9,30.4,5,13.0,1,0.8243958333333333,1
Punjab,Amritsar,2025-11-04,26,112.51,5,15.0,1,0.9376428571428572,1
Punjab,Amritsar,2025-11-05,29,131.59,5,9.0,1,0.7373750000000001,1
Punjab,Amritsar,2025-11-06,23,109.0,5,7.0,1,0.6055952380952381,1
Punjab,Amritsar,2025-11-07,8,31.31,5,4.0,1,0.7474107142857145,1
Punjab,Amritsar,2025-11-08,13,70.85,5,2.0,0,0.7393248746867168,1
Punjab,Amritsar,2025-11-09,15,46.38,5,2.0,0,0.7340297619047621,1
Punjab,Amritsar,2025-11-10,9,34.5,5,2.0,0,0.6010952380952381,1
Punjab,Amritsar,2025-11-11,7,14.15,5,6.0,1,0.5424970238095239,1
Punjab,Amritsar,2025-11-12,4,9.57,5,0.0,0,0.44776094470046074,1
Punjab,Amritsar,2025-11-13,2,5.67,5,0.0,0,0.41145833333333315,1
Punjab,Amritsar,2025-11-14,2,10.12,5,0.0,0,0.2935357142857143,0
Punjab,Amritsar,2025-11-15,2,8.0,5,0.0,0,0.3355416666666667,0
Punjab,Amritsar,2025-11-16,6,30.14,5,0.0,0,0.44476190476190475,1
Punjab,Amritsar,2025-11-17,0,0.0,5,1.0,0,0.3226428571428572,0
Punjab,Amritsar,2025-11-18,0,0.0,5,4.0,1,0.2746031746031746,0
Punjab,Amritsar,2025-11-19,0,0.0,5,0.0,0,0.2939570707070707,0
Punjab,Amritsar,2025-11-20,0,0.0,5,0.0,0,0.13236904761904764,0
Punjab,Amritsar,2025-11-21,0,0.0,5,0.0,0,0.1487291666666667,0
Punjab,Amritsar,2025-11-22,1,3.81,5,0.0,0,0.15089614661654138,0
Punjab,Amritsar,2025-11-23,4,13.1,5,0.0,0,0.309405753968254,0
Punjab,Barnala,2025-10-15,0,0.0,5,0.0,0,0.17573000512032766,0
Punjab,Barnala,2025-10-16,0,0.0,5,0.0,0,0.12973034093058916,0
Punjab,Barnala,2025-10-17,0,0.0,5,0.0,0,0.2651541652426522,0
Punjab,Barnala,2025-10-18,0,0.0,5,0.0,0,0.231630177808687,0
Punjab,Barnala,2025-10-19,0,0.0,5,0.0,0,0.27316386287362193,0
Punjab,Barnala,2025-10-20,0,0.0,5,0.0,0,0.2655143486090569,0
Punjab,Barnala,2025-10-21,0,0.0,5,3.0,1,0.3059303902968377,0
Punjab,Barnala,2025-10-22,0,0.0,5,2.0,0,0.30394238049961736,0
Punjab,Barnala,2025-10-23,0,0.0,5,1.0,0,0.2143544483294484,0
Punjab,Barnala,2025-10-24,0,0.0,5,3.0,1,0.21471252835328924,0
Punjab,Barnala,2025-10-25,0,0.0,5,3.0,1,0.1926824009514513,0
Punjab,Barnala,2025-10-26,3,7.86,5,6.0,1,0.42212704488493946,1
Punjab,Barnala,2025-10-27,2,7.640000000000001,5,10.0,1,0.516269345238095,1
Punjab,Barnala,2025-10-28,1,4.59,5,8.0,1,0.5443749999999999,1
Punjab,Barnala,2025-10-29,3,16.8,5,6.0,1,0.7638839285714287,1
Punjab,Barnala,2025-10-30,3,18.94,5,12.0,1,0.7708035714285715,1
Punjab,Barnala,2025-10-31,6,37.17,5,2.0,0,0.7784345238095238,1
Punjab,Barnala,2025-11-01,10,56.52,5,1.0,0,0.7332916666666668,1
Punjab,Barnala,2025-11-02,8,45.7,5,0.0,0,0.632639880952381,1
Punjab,Barnala,2025-11-03,6,37.37,5,2.0,0,0.5762499999999999,1
Punjab,Barnala,2025-11-04,12,124.62,5,4.0,1,0.7434375,1
Punjab,Barnala,2025-11-05,2,10.62,5,8.0,1,0.54196729390681,1
Punjab,Barnala,2025-11-06,1,1.65,5,2.0,0,0.41362701612903235,1
Punjab,Barnala,2025-11-07,0,0.0,5,2.0,0,0.4487202380952382,1
Punjab,Barnala,2025-11-08,2,4.4,5,2.0,0,0.33571233358934977,0
Punjab,Barnala,2025-11-09,4,11.85,5,1.0,0,0.41857642089093694,1
Punjab,Barnala,2025-11-10,8,38.44,5,5.0,1,0.5683928571428573,1
Punjab,Barnala,2025-11-11,2,5.19,5,1.0,0,0.40935618279569885,1
Punjab,Barnala,2025-11-12,2,39.4,5,0.0,0,0.4867975747370909,1
Punjab,Barnala,2025-11-13,2,15.18,5,0.0,0,0.4788918970814131,1
Punjab,Barnala,2025-11-14,1,3.39,5,0.0,0,0.32589784946236555,0
Punjab,Barnala,2025-11-15,5,33.09,5,0.0,0,0.42432539682539683,1
Punjab,Barnala,2025-11-16,1,1.66,5,0.0,0,0.3036657066052227,0
Punjab,Barnala,2025-11-17,0,0.0,5,0.0,0,0.24379197994987473,0
Punjab,Barnala,2025-11-18,0,0.0,5,0.0,0,0.26118059827599305,0
Punjab,Barnala,2025-11-19,0,0.0,5,0.0,0,0.21325892857142864,0
Punjab,Barnala,2025-11-20,0,0.0,5,0.0,0,0.19134077380952383,0
Punjab,Barnala,2025-11-21,0,0.0,5,0.0,0,0.019795021645021647,0
Punjab,Barnala,2025-11-22,0,0.0,5,0.0,0,0.18929464285714284,0
Punjab,Barnala,2025-11-23,0,0.0,5,0.0,0,0.02952484737484738,0
Punjab,Bathinda,2025-10-15,1,1.18,5,5.0,1,0.28415692640692636,0
Punjab,Bathinda,2025-10-16,0,0.0,5,2.0,0,0.1860587121212121,0
Punjab,Bathinda,2025-10-17,4,63.8,5,17.0,1,0.5446902472527472,1
Punjab,Bathinda,2025-10-18,0,0.0,5,3.0,1,0.46167857142857144,1
Punjab,Bathinda,2025-10-19,0,0.0,5,4.0,1,0.42080059523809515,1
Punjab,Bathinda,2025-10-20,5,17.72,5,7.0,1,0.6506047410192147,1
Punjab,Bathinda,2025-10-21,2,4.890000000000001,5,13.0,1,0.6227770146520148,1
Punjab,Bathinda,2025-10-22,17,87.66,5,8.0,1,0.8263839285714287,1
Punjab,Bathinda,2025-10-23,3,19.55,5,9.0,1,0.7325684523809521,1
Punjab,Bathinda,2025-10-24,4,28.48,5,13.0,1,0.7865972222222223,1
Punjab,Bathinda,2025-10-25,7,29.89,5,18.0,1,0.764375,1
Punjab,Bathinda,2025-10-26,13,74.64,5,41.0,1,0.8943273809523811,1
Punjab,Bathinda,2025-10-27,8,43.22,5,26.0,1,0.7502916666666666,1
Punjab,Bathinda,2025-10-28,9,58.940000000000005,5,30.0,1,0.9209082080200501,1
Punjab,Bathinda,2025-10-29,13,140.1,5,17.0,1,0.9097916666666666,1
Punjab,Bathinda,2025-10-30,18,127.21,5,27.0,1,0.9461190476190476,1
Punjab,Bathinda,2025-10-31,41,315.65000000000003,5,12.0,1,0.9260833333333334,1
Punjab,Bathinda,2025-11-01,26,202.89,5,24.0,1,0.8085833333333333,1
Punjab,Bathinda,2025-11-02,30,221.48,5,41.0,1,0.8198050334168756,1
Punjab,Bathinda,2025-11-03,17,79.41,5,20.0,1,0.8141264619883042,1
Punjab,Bathinda,2025-11-04,27,125.34,5,18.0,1,0.9149206349206348,1
Punjab,Bathinda,2025-11-05,12,44.44,5,35.0,1,0.7276666666666667,1
Punjab,Bathinda,2025-11-06,24,116.88,5,32.0,1,0.5763035714285715,1
Punjab,Bathinda,2025-11-07,41,237.32,5,15.0,1,0.7095535714285716,1
Punjab,Bathinda,2025-11-08,20,100.05,5,14.0,1,0.7699300334168754,1
Punjab,Bathinda,2025-11-09,18,112.56,5,20.0,1,0.7693903508771928,1
Punjab,Bathinda,2025-11-10,35,228.03,5,11.0,1,0.8270654761904762,1
Punjab,Bathinda,2025-11-11,32,118.04,5,37.0,1,0.8122916666666665,1
Punjab,Bathinda,2025-11-12,15,44.18,5,13.0,1,0.7466666666666668,1
Punjab,Bathinda,2025-11-13,14,69.72,5,6.0,1,0.7949999999999998,1
Punjab,Bathinda,2025-11-14,20,112.79,5,6.0,1,0.8859583333333334,1
Punjab,Bathinda,2025-11-15,11,34.54,5,7.0,1,0.6449940476190477,1
Punjab,Bathinda,2025-11-16,37,147.55,5,8.0,1,0.6702023809523812,1
Punjab,Bathinda,2025-11-17,13,55.79,5,7.0,1,0.6970833333333333,1
Punjab,Bathinda,2025-11-18,6,25.15,5,1.0,0,0.5258541666666666,1
Punjab,Bathinda,2025-11-19,6,39.8,5,1.0,0,0.6378581349206349,1
Punjab,Bathinda,2025-11-20,7,21.46,5,0.0,0,0.17514285714285713,0
Punjab,Bathinda,2025-11-21,8,30.63,5,1.0,0,0.23195833333333332,0
Punjab,Bathinda,2025-11-22,7,37.75,5,1.0,0,0.17141666666666666,0
Punjab,Bathinda,2025-11-23,1,1.89,5,0.0,0,0.18108928571428567,0
Punjab,Faridkot,2025-10-15,0,0.0,5,0.0,0,0.15597438854963674,0
Punjab,Faridkot,2025-10-16,1,2.22,5,2.0,0,0.4551316930145876,1
Punjab,Faridkot,2025-10-17,1,5.47,5,5.0,1,0.5724705513784458,1
Punjab,Faridkot,2025-10-18,0,0.0,5,1.0,0,0.3286449216544326,0
Punjab,Faridkot,2025-10-19,1,5.6,5,2.0,0,0.5669526942355889,1
Punjab,Faridkot,2025-10-20,0,0.0,5,5.0,1,0.4142310467310466,1
Punjab,Faridkot,2025-10-21,2,7.15,5,5.0,1,0.6678363106192053,1
Punjab,Faridkot,2025-10-22,5,24.04,5,3.0,1,0.8300952380952382,1
Punjab,Faridkot,2025-10-23,1,6.57,5,2.0,0,0.6585833333333332,1
Punjab,Faridkot,2025-10-24,2,5.51,5,9.0,1,0.565027867965368,1
Punjab,Faridkot,2025-10-25,5,26.76,5,5.0,1,0.7923452380952384,1
Punjab,Faridkot,2025-10-26,5,17.33,5,9.0,1,0.8602202380952383,1
Punjab,Faridkot,2025-10-27,3,11.5,5,4.0,1,0.7502261904761904,1
Punjab,Faridkot,2025-10-28,2,8.79,5,8.0,1,0.667354828042328,1
Punjab,Faridkot,2025-10-29,9,88.17,5,0.0,0,0.8815247252747251,1
Punjab,Faridkot,2025-10-30,5,17.3,5,11.0,1,0.7931666666666665,1
Punjab,Faridkot,2025-10-31,9,39.27,5,12.0,1,0.7668125,1
Punjab,Faridkot,2025-11-01,4,28.95,5,19.0,1,0.5199166666666667,1
Punjab,Faridkot,2025-11-02,8,50.22,5,8.0,1,0.5947261904761907,1
Punjab,Faridkot,2025-11-03,0,0.0,5,15.0,1,0.4447916666666667,1
Punjab,Faridkot,2025-11-04,11,61.760000000000005,5,20.0,1,0.716378891941392,1
Punjab,Faridkot,2025-11-05,12,48.12,5,3.0,1,0.5785178571428571,1
Punjab,Faridkot,2025-11-06,19,138.35,5,9.0,1,0.5371279761904763,1
Punjab,Faridkot,2025-11-07,8,23.32,5,3.0,1,0.6334375000000001,1
Punjab,Faridkot,2025-11-08,15,90.21,5,4.0,1,0.7420416666666665,1
Punjab,Faridkot,2025-11-09,20,190.47,5,0.0,0,0.852861111111111,1
Punjab,Faridkot,2025-11-10,3,10.91,5,2.0,0,0.6096369047619047,1
Punjab,Faridkot,2025-11-11,9,65.49,5,7.0,1,0.6358244047619048,1
Punjab,Faridkot,2025-11-12,3,11.0,5,4.0,1,0.5566061827956991,1
Punjab,Faridkot,2025-11-13,4,12.6,5,0.0,0,0.40706250000000005,1
Punjab,Faridkot,2025-11-14,0,0.0,5,2.0,0,0.42770238095238083,1
Punjab,Faridkot,2025-11-15,2,6.69,5,2.0,0,0.31219870129870136,0
Punjab,Faridkot,2025-11-16,7,34.44,5,0.0,0,0.4304880952380954,1
Punjab,Faridkot,2025-11-17,4,30.05,5,0.0,0,0.519345238095238,1
Punjab,Faridkot,2025-11-18,0,0.0,5,0.0,0,0.32255357142857144,0
Punjab,Faridkot,2025-11-19,2,17.740000000000002,5,0.0,0,0.36782738095238093,0
Punjab,Faridkot,2025-11-20,2,11.43,5,0.0,0,0.2071130952380952,0
Punjab,Faridkot,2025-11-21,0,0.0,5,0.0,0,0.19233928571428574,0
Punjab,Faridkot,2025-11-22,0,0.0,5,0.0,0,0.14405654761904768,0
Punjab,Faridkot,2025-11-23,0,0.0,5,0.0,0,0.20903273809523806,0
Punjab,Fatehgarh Sahib,2025-10-15,0,0.0,5,1.0,0,0.1525587121212121,0
Punjab,Fatehgarh Sahib,2025-10-16,0,0.0,5,6.0,1,0.1371519660894661,0
Punjab,Fatehgarh Sahib,2025-10-17,0,0.0,5,2.0,0,0.16682638888888893,0
Punjab,Fatehgarh Sahib,2025-10-18,0,0.0,5,0.0,0,0.25564493388594306,0
Punjab,Fatehgarh Sahib,2025-10-19,4,20.89,5,0.0,0,0.6486517857142856,1
Punjab,Fatehgarh Sahib,2025-10-20,1,1.79,5,0.0,0,0.5911920579420581,1
Punjab,Fatehgarh Sahib,2025-10-21,6,26.86,5,14.0,1,0.8202202380952379,1
Punjab,Fatehgarh Sahib,2025-10-22,2,12.03,5,3.0,1,0.7786822089947095,1
Punjab,Fatehgarh Sahib,2025-10-23,0,0.0,5,4.0,1,0.543982926065163,1
Punjab,Fatehgarh Sahib,2025-10-24,0,0.0,5,3.0,1,0.5123045460874409,1
Punjab,Fatehgarh Sahib,2025-10-25,0,0.0,5,0.0,0,0.4445954537612146,1
Punjab,Fatehgarh Sahib,2025-10-26,14,44.94,5,5.0,1,0.7792916666666669,1
Punjab,Fatehgarh Sahib,2025-10-27,3,49.03,5,8.0,1,0.7727678571428573,1
Punjab,Fatehgarh Sahib,2025-10-28,4,19.14,5,5.0,1,0.7921388888888891,1
Punjab,Fatehgarh Sahib,2025-10-29,3,33.61,5,1.0,0,0.7879047619047619,1
Punjab,Fatehgarh Sahib,2025-10-30,0,0.0,5,3.0,1,0.5404434523809526,1
Punjab,Fatehgarh Sahib,2025-10-31,5,28.4,5,6.0,1,0.6770119047619048,1
Punjab,Fatehgarh Sahib,2025-11-01,8,57.0,5,6.0,1,0.805,1
Punjab,Fatehgarh Sahib,2025-11-02,5,30.47,5,8.0,1,0.5863571428571429,1
Punjab,Fatehgarh Sahib,2025-11-03,1,4.68,5,8.0,1,0.3924911034306195,1
Punjab,Fatehgarh Sahib,2025-11-04,3,19.16,5,5.0,1,0.5712231699751862,1
Punjab,Fatehgarh Sahib,2025-11-05,6,19.16,5,1.0,0,0.4923928571428569,1
Punjab,Fatehgarh Sahib,2025-11-06,6,9.41,5,3.0,1,0.4736190476190476,1
Punjab,Fatehgarh Sahib,2025-11-07,8,23.52,5,1.0,0,0.35429166666666667,0
Punjab,Fatehgarh Sahib,2025-11-08,8,33.71,5,0.0,0,0.35409821428571425,0
Punjab,Fatehgarh Sahib,2025-11-09,5,24.72,5,2.0,0,0.4559166666666665,1
Punjab,Fatehgarh Sahib,2025-11-10,1,3.45,5,3.0,1,0.3550853494623656,0
Punjab,Fatehgarh Sahib,2025-11-11,3,7.37,5,4.0,1,0.28216066997518613,0
Punjab,Fatehgarh Sahib,2025-11-12,1,7.2,5,1.0,0,0.2986011461656623,0
Punjab,Fatehgarh Sahib,2025-11-13,0,0.0,5,1.0,0,0.30515453406242876,0
Punjab,Fatehgarh Sahib,2025-11-14,2,4.34,5,6.0,1,0.27748118279569894,0
Punjab,Fatehgarh Sahib,2025-11-15,3,6.069999999999999,5,3.0,1,0.32389189708141314,0
Punjab,Fatehgarh Sahib,2025-11-16,4,6.75,5,0.0,0,0.31815181771633383,0
Punjab,Fatehgarh Sahib,2025-11-17,1,3.37,5,0.0,0,0.24831451612903227,0
Punjab,Fatehgarh Sahib,2025-11-18,1,3.68,5,0.0,0,0.22841868279569894,0
Punjab,Fatehgarh Sahib,2025-11-19,6,22.45,5,0.0,0,0.4103333333333333,1
Punjab,Fatehgarh Sahib,2025-11-20,3,3.65,5,0.0,0,0.202422619047619,0
Punjab,Fatehgarh Sahib,2025-11-21,0,0.0,5,0.0,0,0.1382589285714286,0
Punjab,Fatehgarh Sahib,2025-11-22,0,0.0,5,1.0,0,0.14238988095238095,0
Punjab,Fatehgarh Sahib,2025-11-23,0,0.0,5,0.0,0,0.14052564102564108,0
Punjab,Fazilka,2025-10-15,0,0.0,5,7.0,1,0.44436151458190926,1
Punjab,Fazilka,2025-10-16,2,8.14,5,4.0,1,0.5394521531100477,1
Punjab,Fazilka,2025-10-17,3,11.59,5,2.0,0,0.7000535714285714,1
Punjab,Fazilka,2025-10-18,0,0.0,5,0.0,0,0.47972082084582085,1
Punjab,Fazilka,2025-10-19,4,18.04,5,4.0,1,0.6184315476190475,1
Punjab,Fazilka,2025-10-20,7,33.6,5,0.0,0,0.8377857142857147,1
Punjab,Fazilka,2025-10-21,4,18.44,5,7.0,1,0.8598273809523809,1
Punjab,Fazilka,2025-10-22,2,40.43,5,1.0,0,0.7921911375661377,1
Punjab,Fazilka,2025-10-23,0,0.0,5,2.0,0,0.5012714947089946,1
Punjab,Fazilka,2025-10-24,4,27.34,5,4.0,1,0.7156527777777779,1
Punjab,Fazilka,2025-10-25,0,0.0,5,5.0,1,0.5740720899470897,1
Punjab,Fazilka,2025-10-26,7,29.8,5,10.0,1,0.7352916666666667,1
Punjab,Fazilka,2025-10-27,1,3.99,5,12.0,1,0.6160635822510822,1
Punjab,Fazilka,2025-10-28,2,11.98,5,13.0,1,0.6057113095238095,1
Punjab,Fazilka,2025-10-29,4,27.86,5,13.0,1,0.6776458333333334,1
Punjab,Fazilka,2025-10-30,5,24.56,5,16.0,1,0.8459067460317462,1
Punjab,Fazilka,2025-10-31,10,44.28,5,18.0,1,0.6254999999999998,1
Punjab,Fazilka,2025-11-01,12,57.93,5,25.0,1,0.7228154761904761,1
Punjab,Fazilka,2025-11-02,13,84.34,5,20.0,1,0.6829057539682537,1
Punjab,Fazilka,2025-11-03,13,134.76,5,24.0,1,0.7644265873015871,1
Punjab,Fazilka,2025-11-04,16,119.84,5,46.0,1,0.8754166666666668,1
Punjab,Fazilka,2025-11-05,18,102.75,5,17.0,1,0.6813779761904761,1
Punjab,Fazilka,2025-11-06,25,259.03000000000003,5,23.0,1,0.5755327380952382,1
Punjab,Fazilka,2025-11-07,20,154.25,5,14.0,1,0.7289801587301588,1
Punjab,Fazilka,2025-11-08,24,119.77,5,19.0,1,0.7903705096073517,1
Punjab,Fazilka,2025-11-09,46,255.47,5,29.0,1,0.884736111111111,1
Punjab,Fazilka,2025-11-10,17,96.81,5,18.0,1,0.7648075396825397,1
Punjab,Fazilka,2025-11-11,23,189.2,5,29.0,1,0.7891904761904762,1
Punjab,Fazilka,2025-11-12,14,117.91,5,7.0,1,0.7533015873015872,1
Punjab,Fazilka,2025-11-13,19,143.35,5,3.0,1,0.8645371762740182,1
Punjab,Fazilka,2025-11-14,29,271.5,5,10.0,1,0.7822038429406848,1
Punjab,Fazilka,2025-11-15,18,61.9,5,1.0,0,0.7417916666666664,1
Punjab,Fazilka,2025-11-16,29,117.8,5,10.0,1,0.707845238095238,1
Punjab,Fazilka,2025-11-17,7,33.87,5,4.0,1,0.6732499999999999,1
Punjab,Fazilka,2025-11-18,3,15.489999999999998,5,3.0,1,0.5969940476190476,1
Punjab,Fazilka,2025-11-19,10,25.72,5,0.0,0,0.6223690476190478,1
Punjab,Fazilka,2025-11-20,1,6.82,5,5.0,1,0.15771825396825395,0
Punjab,Fazilka,2025-11-21,10,59.63,5,1.0,0,0.21672413003663002,0
Punjab,Fazilka,2025-11-22,4,25.17,5,4.0,1,0.16111996336996334,0
Punjab,Fazilka,2025-11-23,3,33.96,5,2.0,0,0.21379853479853483,0
Punjab,Ferozepur,2025-10-15,3,12.61,5,18.0,1,0.7324212092731828,1
Punjab,Ferozepur,2025-10-16,9,81.17999999999999,5,31.0,1,0.905672619047619,1
Punjab,Ferozepur,2025-10-17,7,33.97,5,18.0,1,0.8346785714285712,1
Punjab,Ferozepur,2025-10-18,10,29.47,5,5.0,1,0.8634107142857143,1
Punjab,Ferozepur,2025-10-19,7,76.3,5,7.0,1,0.8578750000000004,1
Punjab,Ferozepur,2025-10-20,18,144.3,5,12.0,1,0.8764166666666668,1
Punjab,Ferozepur,2025-10-21,31,177.18,5,25.0,1,0.9548333333333333,1
Punjab,Ferozepur,2025-10-22,18,137.65,5,14.0,1,0.9112500000000001,1
Punjab,Ferozepur,2025-10-23,5,19.84,5,10.0,1,0.8882857142857143,1
Punjab,Ferozepur,2025-10-24,7,31.76,5,27.0,1,0.8785773809523806,1
Punjab,Ferozepur,2025-10-25,12,88.68,5,43.0,1,0.8811250000000002,1
Punjab,Ferozepur,2025-10-26,25,167.95,5,35.0,1,0.8984722222222223,1
Punjab,Ferozepur,2025-10-27,14,99.84,5,33.0,1,0.9360833333333336,1
Punjab,Ferozepur,2025-10-28,10,50.78,5,47.0,1,0.9215357142857142,1
Punjab,Ferozepur,2025-10-29,27,342.41,5,26.0,1,0.9715867794486216,1
Punjab,Ferozepur,2025-10-30,43,284.75,5,69.0,1,0.9745416666666665,1
Punjab,Ferozepur,2025-10-31,35,223.29,5,5.0,1,0.9334166666666667,1
Punjab,Ferozepur,2025-11-01,33,243.13,5,20.0,1,0.8473333333333334,1
Punjab,Ferozepur,2025-11-02,47,320.26,5,48.0,1,0.8780535714285712,1
Punjab,Ferozepur,2025-11-03,26,130.48,5,46.0,1,0.7982083333333331,1
Punjab,Ferozepur,2025-11-04,69,518.02,5,77.0,1,0.9061820175438596,1
Punjab,Ferozepur,2025-11-05,5,39.5,5,39.0,1,0.655142857142857,1
Punjab,Ferozepur,2025-11-06,20,166.86,5,23.0,1,0.5683154761904763,1
Punjab,Ferozepur,2025-11-07,48,253.48,5,22.0,1,0.699184523809524,1
Punjab,Ferozepur,2025-11-08,46,301.38,5,21.0,1,0.8162177318295738,1
Punjab,Ferozepur,2025-11-09,77,484.15,5,12.0,1,0.8748749999999998,1
Punjab,Ferozepur,2025-11-10,39,197.49,5,20.0,1,0.8297738095238095,1
Punjab,Ferozepur,2025-11-11,23,143.03,5,19.0,1,0.7775654761904762,1
Punjab,Ferozepur,2025-11-12,22,96.13,5,2.0,0,0.7038690476190476,1
Punjab,Ferozepur,2025-11-13,21,122.98,5,4.0,1,0.8865986842105262,1
Punjab,Ferozepur,2025-11-14,12,70.94,5,1.0,0,0.7695416666666667,1
Punjab,Ferozepur,2025-11-15,20,267.89,5,1.0,0,0.7328070175438595,1
Punjab,Ferozepur,2025-11-16,19,94.6,5,1.0,0,0.7519285714285715,1
Punjab,Ferozepur,2025-11-17,2,7.55,5,3.0,1,0.680375,1
Punjab,Ferozepur,2025-11-18,4,10.27,5,0.0,0,0.5944940476190478,1
Punjab,Ferozepur,2025-11-19,1,4.64,5,2.0,0,0.39295833333333335,1
Punjab,Ferozepur,2025-11-20,1,3.39,5,1.0,0,0.20492559523809528,0
Punjab,Ferozepur,2025-11-21,1,3.06,5,0.0,0,0.22955059523809537,0
Punjab,Ferozepur,2025-11-22,3,9.88,5,1.0,0,0.2803790002560164,0
Punjab,Ferozepur,2025-11-23,0,0.0,5,0.0,0,0.2970049603174604,0
Punjab,Gurdaspur,2025-10-15,0,0.0,5,10.0,1,0.5166244588744588,1
Punjab,Gurdaspur,2025-10-16,1,3.49,5,11.0,1,0.5649323593073594,1
Punjab,Gurdaspur,2025-10-17,2,6.96,5,18.0,1,0.5619285714285713,1
Punjab,Gurdaspur,2025-10-18,3,11.97,5,5.0,1,0.6675892857142856,1
Punjab,Gurdaspur,2025-10-19,4,9.85,5,4.0,1,0.7906726190476189,1
Punjab,Gurdaspur,2025-10-20,10,38.04,5,7.0,1,0.8865119047619048,1
Punjab,Gurdaspur,2025-10-21,11,53.23,5,23.0,1,0.8769166666666668,1
Punjab,Gurdaspur,2025-10-22,18,68.9,5,9.0,1,0.9480833333333334,1
Punjab,Gurdaspur,2025-10-23,5,11.48,5,5.0,1,0.8227986111111106,1
Punjab,Gurdaspur,2025-10-24,4,15.14,5,0.0,0,0.8244166666666666,1
Punjab,Gurdaspur,2025-10-25,7,20.9,5,5.0,1,0.8171250000000001,1
Punjab,Gurdaspur,2025-10-26,23,92.27,5,10.0,1,0.9464583333333334,1
Punjab,Gurdaspur,2025-10-27,9,22.0,5,10.0,1,0.7420535714285715,1
Punjab,Gurdaspur,2025-10-28,5,21.13,5,6.0,1,0.8227361111111111,1
Punjab,Gurdaspur,2025-10-29,0,0.0,5,3.0,1,0.7342916666666666,1
Punjab,Gurdaspur,2025-10-30,5,31.75,5,5.0,1,0.6637608363858365,1
Punjab,Gurdaspur,2025-10-31,10,31.14,5,2.0,0,0.6234880952380952,1
Punjab,Gurdaspur,2025-11-01,10,37.7,5,6.0,1,0.7312499999999998,1
Punjab,Gurdaspur,2025-11-02,6,26.83,5,6.0,1,0.5583333333333332,1
Punjab,Gurdaspur,2025-11-03,3,10.03,5,5.0,1,0.4770605158730158,1
Punjab,Gurdaspur,2025-11-04,5,22.94,5,4.0,1,0.6065218253968253,1
Punjab,Gurdaspur,2025-11-05,2,4.93,5,12.0,1,0.45262503200204807,1
Punjab,Gurdaspur,2025-11-06,6,27.17,5,6.0,1,0.44504555860805867,1
Punjab,Gurdaspur,2025-11-07,6,15.24,5,2.0,0,0.3840238095238094,0
Punjab,Gurdaspur,2025-11-08,5,17.650000000000002,5,0.0,0,0.5515069444444444,1
Punjab,Gurdaspur,2025-11-09,4,15.5,5,0.0,0,0.402,1
Punjab,Gurdaspur,2025-11-10,12,49.24,5,0.0,0,0.6638154761904762,1
Punjab,Gurdaspur,2025-11-11,6,18.61,5,1.0,0,0.3903809523809522,1
Punjab,Gurdaspur,2025-11-12,2,4.21,5,0.0,0,0.3639246351766514,0
Punjab,Gurdaspur,2025-11-13,0,0.0,5,0.0,0,0.30418384502923984,0
Punjab,Gurdaspur,2025-11-14,0,0.0,5,0.0,0,0.24469078947368428,0
Punjab,Gurdaspur,2025-11-15,0,0.0,5,0.0,0,0.2773038847117795,0
Punjab,Gurdaspur,2025-11-16,1,3.47,5,0.0,0,0.25894376566416033,0
Punjab,Gurdaspur,2025-11-17,0,0.0,5,1.0,0,0.24597619047619054,0
Punjab,Gurdaspur,2025-11-18,0,0.0,5,0.0,0,0.14123511904761904,0
Punjab,Gurdaspur,2025-11-19,0,0.0,5,0.0,0,0.07641567460317461,0
Punjab,Gurdaspur,2025-11-20,0,0.0,5,0.0,0,0.06112916666666666,0
Punjab,Gurdaspur,2025-11-21,0,0.0,5,0.0,0,0.04802797619047619,0
Punjab,Gurdaspur,2025-11-22,1,3.23,5,0.0,0,0.0780689640768588,0
Punjab,Gurdaspur,2025-11-23,0,0.0,5,0.0,0,0.05695337301587301,0
Punjab,Hoshiarpur,2025-10-15,0,0.0,5,0.0,0,0.16035061794889244,0
Punjab,Hoshiarpur,2025-10-16,0,0.0,5,1.0,0,0.15575216632741454,0
Punjab,Hoshiarpur,2025-10-17,0,0.0,5,1.0,0,0.16752002347027165,0
Punjab,Hoshiarpur,2025-10-18,0,0.0,5,0.0,0,0.26393560848911757,0
Punjab,Hoshiarpur,2025-10-19,0,0.0,5,3.0,1,0.31528950459301375,0
Punjab,Hoshiarpur,2025-10-20,0,0.0,5,1.0,0,0.25992280820501656,0
Punjab,Hoshiarpur,2025-10-21,1,2.05,5,3.0,1,0.6812781368485313,1
Punjab,Hoshiarpur,2025-10-22,1,1.95,5,1.0,0,0.6561875010953956,1
Punjab,Hoshiarpur,2025-10-23,0,0.0,5,1.0,0,0.19254603096179185,0
Punjab,Hoshiarpur,2025-10-24,3,8.99,5,2.0,0,0.47507440476190493,1
Punjab,Hoshiarpur,2025-10-25,1,3.5,5,1.0,0,0.7616388888888889,1
Punjab,Hoshiarpur,2025-10-26,3,8.4,5,7.0,1,0.6957931547619047,1
Punjab,Hoshiarpur,2025-10-27,1,1.99,5,11.0,1,0.616877976190476,1
Punjab,Hoshiarpur,2025-10-28,1,1.76,5,2.0,0,0.44200270562770555,1
Punjab,Hoshiarpur,2025-10-29,2,9.41,5,0.0,0,0.7083273809523809,1
Punjab,Hoshiarpur,2025-10-30,1,4.77,5,3.0,1,0.5434553571428571,1
Punjab,Hoshiarpur,2025-10-31,7,13.48,5,1.0,0,0.5977976190476192,1
Punjab,Hoshiarpur,2025-11-01,11,59.01,5,0.0,0,0.8675416666666667,1
Punjab,Hoshiarpur,2025-11-02,2,4.35,5,0.0,0,0.5267907066052228,1
Punjab,Hoshiarpur,2025-11-03,0,0.0,5,0.0,0,0.4895098443223443,1
Punjab,Hoshiarpur,2025-11-04,3,9.78,5,0.0,0,0.5381487652132813,1
Punjab,Hoshiarpur,2025-11-05,1,0.53,5,1.0,0,0.43251560245310244,1
Punjab,Hoshiarpur,2025-11-06,0,0.0,5,4.0,1,0.34635199979114456,0
Punjab,Hoshiarpur,2025-11-07,0,0.0,5,1.0,0,0.3239910714285714,0
Punjab,Hoshiarpur,2025-11-08,0,0.0,5,1.0,0,0.289888888888889,0
Punjab,Hoshiarpur,2025-11-09,0,0.0,5,0.0,0,0.10638901942355888,0
Punjab,Hoshiarpur,2025-11-10,1,3.59,5,1.0,0,0.08871150793650794,0
Punjab,Hoshiarpur,2025-11-11,4,13.02,5,0.0,0,0.4474940476190477,1
Punjab,Hoshiarpur,2025-11-12,1,2.58,5,1.0,0,0.25966173835125456,0
Punjab,Hoshiarpur,2025-11-13,1,4.07,5,1.0,0,0.20772916666666663,0
Punjab,Hoshiarpur,2025-11-14,0,0.0,5,1.0,0,0.24444345238095241,0
Punjab,Hoshiarpur,2025-11-15,1,5.82,5,0.0,0,0.1708634085213033,0
Punjab,Hoshiarpur,2025-11-16,0,0.0,5,0.0,0,0.1871491228070175,0
Punjab,Hoshiarpur,2025-11-17,1,2.83,5,0.0,0,0.10789912280701751,0
Punjab,Hoshiarpur,2025-11-18,1,3.42,5,0.0,0,0.20369078947368421,0
Punjab,Hoshiarpur,2025-11-19,1,3.11,5,2.0,0,0.12872551169590643,0
Punjab,Hoshiarpur,2025-11-20,0,0.0,5,0.0,0,0.12570833333333334,0
Punjab,Hoshiarpur,2025-11-21,0,0.0,5,2.0,0,0.059894841269841244,0
Punjab,Hoshiarpur,2025-11-22,0,0.0,5,1.0,0,0.0925,0
Punjab,Hoshiarpur,2025-11-23,0,0.0,5,0.0,0,0.04478296425796426,0
Punjab,Jalandhar,2025-10-15,0,0.0,5,2.0,0,0.22547354363431815,0
Punjab,Jalandhar,2025-10-16,0,0.0,5,3.0,1,0.24434123091820464,0
Punjab,Jalandhar,2025-10-17,4,14.38,5,4.0,1,0.4935493702553485,1
Punjab,Jalandhar,2025-10-18,2,9.96,5,1.0,0,0.6868928571428569,1
Punjab,Jalandhar,2025-10-19,0,0.0,5,0.0,0,0.5485607413419912,1
Punjab,Jalandhar,2025-10-20,2,9.15,5,8.0,1,0.5964375,1
Punjab,Jalandhar,2025-10-21,3,16.41,5,12.0,1,0.8338720238095237,1
Punjab,Jalandhar,2025-10-22,4,15.63,5,8.0,1,0.8702202380952382,1
Punjab,Jalandhar,2025-10-23,1,2.67,5,6.0,1,0.7301726190476197,1
Punjab,Jalandhar,2025-10-24,0,0.0,5,12.0,1,0.6128125,1
Punjab,Jalandhar,2025-10-25,8,94.87,5,5.0,1,0.8542678571428571,1
Punjab,Jalandhar,2025-10-26,12,45.35,5,13.0,1,0.8983749999999999,1
Punjab,Jalandhar,2025-10-27,8,36.98,5,18.0,1,0.875125,1
Punjab,Jalandhar,2025-10-28,6,29.52,5,15.0,1,0.8659821428571429,1
Punjab,Jalandhar,2025-10-29,12,42.22,5,5.0,1,0.8863749999999999,1
Punjab,Jalandhar,2025-10-30,5,25.29,5,9.0,1,0.7387083333333334,1
Punjab,Jalandhar,2025-10-31,13,70.91,5,8.0,1,0.8341934523809523,1
Punjab,Jalandhar,2025-11-01,18,79.67999999999999,5,11.0,1,0.779625,1
Punjab,Jalandhar,2025-11-02,15,97.69,5,16.0,1,0.8502619047619047,1
Punjab,Jalandhar,2025-11-03,5,47.65,5,5.0,1,0.7599166666666668,1
Punjab,Jalandhar,2025-11-04,9,61.24,5,9.0,1,0.809676065162907,1
Punjab,Jalandhar,2025-11-05,8,5.93,5,16.0,1,0.7110119047619047,1
Punjab,Jalandhar,2025-11-06,11,34.28,5,19.0,1,0.48051579670329664,1
Punjab,Jalandhar,2025-11-07,16,78.03,5,10.0,1,0.4069166666666667,1
Punjab,Jalandhar,2025-11-08,5,17.88,5,4.0,1,0.4833333333333333,1
Punjab,Jalandhar,2025-11-09,9,30.61,5,1.0,0,0.5298333333333333,1
Punjab,Jalandhar,2025-11-10,16,64.49,5,2.0,0,0.48344345238095243,1
Punjab,Jalandhar,2025-11-11,19,152.87,5,4.0,1,0.620875,1
Punjab,Jalandhar,2025-11-12,10,33.88,5,1.0,0,0.6442708333333332,1
Punjab,Jalandhar,2025-11-13,4,17.48,5,1.0,0,0.5645416666666666,1
Punjab,Jalandhar,2025-11-14,1,1.66,5,1.0,0,0.6075,1
Punjab,Jalandhar,2025-11-15,2,7.02,5,0.0,0,0.26625000000000004,0
Punjab,Jalandhar,2025-11-16,4,21.23,5,1.0,0,0.3140317780337941,0
Punjab,Jalandhar,2025-11-17,1,1.76,5,0.0,0,0.3693392857142858,0
Punjab,Jalandhar,2025-11-18,1,2.9,5,0.0,0,0.3253038847117795,0
Punjab,Jalandhar,2025-11-19,1,4.82,5,7.0,1,0.20835416666666673,0
Punjab,Jalandhar,2025-11-20,0,0.0,5,0.0,0,0.09748133116883116,0
Punjab,Jalandhar,2025-11-21,1,3.67,5,1.0,0,0.164890194235589,0
Punjab,Jalandhar,2025-11-22,0,0.0,5,0.0,0,0.11387500000000003,0
Punjab,Jalandhar,2025-11-23,0,0.0,5,2.0,0,0.12978670634920633,0
Punjab,Kapurthala,2025-10-15,0,0.0,5,0.0,0,0.3198555194805194,0
Punjab,Kapurthala,2025-10-16,2,19.36,5,18.0,1,0.6911066017316017,1
Punjab,Kapurthala,2025-10-17,0,0.0,5,6.0,1,0.5571923701298701,1
Punjab,Kapurthala,2025-10-18,1,2.11,5,5.0,1,0.5608255297334245,1
Punjab,Kapurthala,2025-10-19,0,0.0,5,2.0,0,0.5683273261825892,1
Punjab,Kapurthala,2025-10-20,0,0.0,5,8.0,1,0.4748487838915471,1
Punjab,Kapurthala,2025-10-21,18,162.19,5,13.0,1,0.8807619047619047,1
Punjab,Kapurthala,2025-10-22,6,27.200000000000003,5,14.0,1,0.9180059523809524,1
Punjab,Kapurthala,2025-10-23,5,18.61,5,3.0,1,0.8574791666666667,1
Punjab,Kapurthala,2025-10-24,2,13.5,5,18.0,1,0.8180720899470901,1
Punjab,Kapurthala,2025-10-25,8,66.05,5,12.0,1,0.9526607142857141,1
Punjab,Kapurthala,2025-10-26,13,79.31,5,31.0,1,0.9517916666666666,1
Punjab,Kapurthala,2025-10-27,14,51.09,5,35.0,1,0.921470238095238,1
Punjab,Kapurthala,2025-10-28,3,15.39,5,26.0,1,0.763732142857143,1
Punjab,Kapurthala,2025-10-29,18,131.55,5,11.0,1,0.9169583333333334,1
Punjab,Kapurthala,2025-10-30,12,41.96,5,11.0,1,0.8783333333333332,1
Punjab,Kapurthala,2025-10-31,31,101.58,5,0.0,0,0.8675416666666664,1
Punjab,Kapurthala,2025-11-01,35,154.07,5,5.0,1,0.9230416666666666,1
Punjab,Kapurthala,2025-11-02,26,154.72,5,14.0,1,0.9223214285714285,1
Punjab,Kapurthala,2025-11-03,11,44.88,5,10.0,1,0.8234444444444445,1
Punjab,Kapurthala,2025-11-04,11,57.36,5,9.0,1,0.9032678571428572,1
Punjab,Kapurthala,2025-11-05,0,0.0,5,6.0,1,0.8756666666666666,1
Punjab,Kapurthala,2025-11-06,5,15.38,5,8.0,1,0.5331845238095237,1
Punjab,Kapurthala,2025-11-07,14,53.81,5,2.0,0,0.446595238095238,1
Punjab,Kapurthala,2025-11-08,10,44.3,5,2.0,0,0.5917321428571429,1
Punjab,Kapurthala,2025-11-09,9,34.25,5,0.0,0,0.5707083333333334,1
Punjab,Kapurthala,2025-11-10,6,32.980000000000004,5,2.0,0,0.48114583333333344,1
Punjab,Kapurthala,2025-11-11,8,22.67,5,4.0,1,0.3462916666666666,0
Punjab,Kapurthala,2025-11-12,2,11.84,5,0.0,0,0.3396686827956989,0
Punjab,Kapurthala,2025-11-13,2,4.36,5,1.0,0,0.2890416666666667,0
Punjab,Kapurthala,2025-11-14,0,0.0,5,1.0,0,0.3175657894736844,0
Punjab,Kapurthala,2025-11-15,2,10.1,5,0.0,0,0.337125,0
Punjab,Kapurthala,2025-11-16,4,17.630000000000003,5,1.0,0,0.4598214285714286,1
Punjab,Kapurthala,2025-11-17,0,0.0,5,0.0,0,0.3637678571428571,0
Punjab,Kapurthala,2025-11-18,1,3.46,5,0.0,0,0.21031060606060606,0
Punjab,Kapurthala,2025-11-19,1,0.67,5,0.0,0,0.24061904761904768,0
Punjab,Kapurthala,2025-11-20,0,0.0,5,0.0,0,0.10331249999999999,0
Punjab,Kapurthala,2025-11-21,1,1.36,5,0.0,0,0.14607174185463662,0
Punjab,Kapurthala,2025-11-22,0,0.0,5,1.0,0,0.1230803571428572,0
Punjab,Kapurthala,2025-11-23,0,0.0,5,3.0,1,0.11732837301587302,0
Punjab,Ludhiana,2025-10-15,2,4.0200000000000005,5,0.0,0,0.3910928041256988,1
Punjab,Ludhiana,2025-10-16,0,0.0,5,0.0,0,0.3081056144148248,0
Punjab,Ludhiana,2025-10-17,0,0.0,5,1.0,0,0.14566585497835496,0
Punjab,Ludhiana,2025-10-18,0,0.0,5,0.0,0,0.37327627641078714,0
Punjab,Ludhiana,2025-10-19,1,1.78,5,1.0,0,0.42070901905071445,1
Punjab,Ludhiana,2025-10-20,0,0.0,5,6.0,1,0.40397567783094096,1
Punjab,Ludhiana,2025-10-21,0,0.0,5,4.0,1,0.3086113724185807,0
Punjab,Ludhiana,2025-10-22,1,2.57,5,7.0,1,0.42830765944581706,1
Punjab,Ludhiana,2025-10-23,0,0.0,5,8.0,1,0.14737368247694332,0
Punjab,Ludhiana,2025-10-24,1,1.54,5,7.0,1,0.2890722413551361,0
Punjab,Ludhiana,2025-10-25,6,21.11,5,2.0,0,0.6608125,1
Punjab,Ludhiana,2025-10-26,4,15.24,5,21.0,1,0.809625,1
Punjab,Ludhiana,2025-10-27,7,13.43,5,19.0,1,0.667561507936508,1
Punjab,Ludhiana,2025-10-28,8,36.38,5,33.0,1,0.8943720238095237,1
Punjab,Ludhiana,2025-10-29,7,41.97,5,13.0,1,0.8890178571428571,1
Punjab,Ludhiana,2025-10-30,2,12.87,5,31.0,1,0.6583809523809525,1
Punjab,Ludhiana,2025-10-31,21,66.55,5,33.0,1,0.8399732142857143,1
Punjab,Ludhiana,2025-11-01,19,87.58,5,39.0,1,0.7022113095238096,1
Punjab,Ludhiana,2025-11-02,33,183.02,5,50.0,1,0.8767896825396825,1
Punjab,Ludhiana,2025-11-03,13,65.13,5,33.0,1,0.8205847953216373,1
Punjab,Ludhiana,2025-11-04,31,162.89,5,32.0,1,0.9177569444444444,1
Punjab,Ludhiana,2025-11-05,33,192.2,5,34.0,1,0.7057261904761905,1
Punjab,Ludhiana,2025-11-06,39,178.28,5,21.0,1,0.506220238095238,1
Punjab,Ludhiana,2025-11-07,50,245.07,5,8.0,1,0.5581785714285714,1
Punjab,Ludhiana,2025-11-08,33,173.89,5,21.0,1,0.8471071428571428,1
Punjab,Ludhiana,2025-11-09,32,147.52,5,5.0,1,0.7283988095238095,1
Punjab,Ludhiana,2025-11-10,34,117.03,5,15.0,1,0.7433730158730159,1
Punjab,Ludhiana,2025-11-11,21,76.25,5,13.0,1,0.6260416666666666,1
Punjab,Ludhiana,2025-11-12,8,21.61,5,6.0,1,0.6065416666666665,1
Punjab,Ludhiana,2025-11-13,21,102.31,5,1.0,0,0.6587886904761906,1
Punjab,Ludhiana,2025-11-14,5,24.01,5,0.0,0,0.6667301587301587,1
Punjab,Ludhiana,2025-11-15,15,41.52,5,6.0,1,0.563622023809524,1
Punjab,Ludhiana,2025-11-16,13,48.39,5,1.0,0,0.5904761904761904,1
Punjab,Ludhiana,2025-11-17,6,20.63,5,1.0,0,0.41697023809523803,1
Punjab,Ludhiana,2025-11-18,1,2.8,5,1.0,0,0.45963690476190466,1
Punjab,Ludhiana,2025-11-19,0,0.0,5,0.0,0,0.33046162280701763,0
Punjab,Ludhiana,2025-11-20,6,36.79,5,3.0,1,0.35049107142857155,0
Punjab,Ludhiana,2025-11-21,1,0.59,5,0.0,0,0.2868918650793651,0
Punjab,Ludhiana,2025-11-22,1,2.19,5,0.0,0,0.2758799603174603,0
Punjab,Ludhiana,2025-11-23,1,3.43,5,3.0,1,0.2215358044733045,0
Punjab,Malerkotla,2025-10-15,0,0.0,5,0.0,0,0.18188510283535103,0
Punjab,Malerkotla,2025-10-16,0,0.0,5,0.0,0,0.18376490771773027,0
Punjab,Malerkotla,2025-10-17,0,0.0,5,0.0,0,0.24336038270780835,0
Punjab,Malerkotla,2025-10-18,0,0.0,5,0.0,0,0.33410413172471765,0
Punjab,Malerkotla,2025-10-19,0,0.0,5,0.0,0,0.3823323049582633,0
Punjab,Malerkotla,2025-10-20,0,0.0,5,0.0,0,0.369117245711954,0
Punjab,Malerkotla,2025-10-21,0,0.0,5,2.0,0,0.4426933725631094,1
Punjab,Malerkotla,2025-10-22,0,0.0,5,1.0,0,0.3202125872665346,0
Punjab,Malerkotla,2025-10-23,0,0.0,5,1.0,0,0.17502626262626264,0
Punjab,Malerkotla,2025-10-24,0,0.0,5,6.0,1,0.25827151797477893,0
Punjab,Malerkotla,2025-10-25,0,0.0,5,4.0,1,0.23589217728622766,0
Punjab,Malerkotla,2025-10-26,2,5.55,5,11.0,1,0.3945139496468443,1
Punjab,Malerkotla,2025-10-27,1,6.63,5,8.0,1,0.4826640037593984,1
Punjab,Malerkotla,2025-10-28,1,4.08,5,14.0,1,0.42684375,1
Punjab,Malerkotla,2025-10-29,6,34.94,5,7.0,1,0.8086130952380952,1
Punjab,Malerkotla,2025-10-30,4,23.77,5,12.0,1,0.835455357142857,1
Punjab,Malerkotla,2025-10-31,11,36.73,5,4.0,1,0.8126250000000002,1
Punjab,Malerkotla,2025-11-01,8,34.84,5,6.0,1,0.7074791666666665,1
Punjab,Malerkotla,2025-11-02,14,95.62,5,10.0,1,0.732,1
Punjab,Malerkotla,2025-11-03,7,24.62,5,7.0,1,0.5429910714285715,1
Punjab,Malerkotla,2025-11-04,12,73.54,5,6.0,1,0.72425,1
Punjab,Malerkotla,2025-11-05,4,25.35,5,11.0,1,0.6568621351766513,1
Punjab,Malerkotla,2025-11-06,6,14.16,5,3.0,1,0.37622916666666667,0
Punjab,Malerkotla,2025-11-07,10,37.27,5,6.0,1,0.30925,0
Punjab,Malerkotla,2025-11-08,7,21.61,5,1.0,0,0.3154027777777778,0
Punjab,Malerkotla,2025-11-09,6,21.06,5,1.0,0,0.33875000000000005,0
Punjab,Malerkotla,2025-11-10,11,41.59,5,1.0,0,0.37734226190476194,0
Punjab,Malerkotla,2025-11-11,3,6.94,5,1.0,0,0.30798118279569897,0
Punjab,Malerkotla,2025-11-12,6,40.16,5,0.0,0,0.4448094474969475,1
Punjab,Malerkotla,2025-11-13,1,1.8,5,0.0,0,0.27214784946236564,0
Punjab,Malerkotla,2025-11-14,1,3.34,5,0.0,0,0.296403801843318,0
Punjab,Malerkotla,2025-11-15,1,8.85,5,0.0,0,0.27031451612903235,0
Punjab,Malerkotla,2025-11-16,1,1.52,5,0.0,0,0.18023388842340451,0
Punjab,Malerkotla,2025-11-17,0,0.0,5,1.0,0,0.2843693609022556,0
Punjab,Malerkotla,2025-11-18,0,0.0,5,0.0,0,0.19225595238095242,0
Punjab,Malerkotla,2025-11-19,0,0.0,5,0.0,0,0.17516071428571434,0
Punjab,Malerkotla,2025-11-20,0,0.0,5,0.0,0,0.07676934523809523,0
Punjab,Malerkotla,2025-11-21,0,0.0,5,0.0,0,0.06976190476190475,0
Punjab,Malerkotla,2025-11-22,1,4.83,5,0.0,0,0.15792792465033556,0
Punjab,Malerkotla,2025-11-23,0,0.0,5,2.0,0,0.057646825396825384,0
Punjab,Mansa,2025-10-15,0,0.0,5,5.0,1,0.20774656593406593,0
Punjab,Mansa,2025-10-16,0,0.0,5,5.0,1,0.141635652287488,0
Punjab,Mansa,2025-10-17,0,0.0,5,2.0,0,0.3628252629680261,0
Punjab,Mansa,2025-10-18,0,0.0,5,6.0,1,0.21168640977116893,0
Punjab,Mansa,2025-10-19,0,0.0,5,0.0,0,0.24459705199888773,0
Punjab,Mansa,2025-10-20,5,22.81,5,0.0,0,0.5916101190476192,1
Punjab,Mansa,2025-10-21,5,23.85,5,1.0,0,0.7308890692640695,1
Punjab,Mansa,2025-10-22,2,3.5900000000000003,5,2.0,0,0.6718615940511102,1
Punjab,Mansa,2025-10-23,6,58.6,5,2.0,0,0.8428541666666665,1
Punjab,Mansa,2025-10-24,0,0.0,5,9.0,1,0.6146375661375658,1
Punjab,Mansa,2025-10-25,0,0.0,5,19.0,1,0.5028065487144435,1
Punjab,Mansa,2025-10-26,1,3.98,5,19.0,1,0.5622119708994708,1
Punjab,Mansa,2025-10-27,2,9.69,5,22.0,1,0.5692579365079363,1
Punjab,Mansa,2025-10-28,2,14.45,5,10.0,1,0.7011875,1
Punjab,Mansa,2025-10-29,9,116.13,5,17.0,1,0.8587559523809523,1
Punjab,Mansa,2025-10-30,19,117.26,5,31.0,1,0.8847936507936511,1
Punjab,Mansa,2025-10-31,19,106.16,5,8.0,1,0.9691250000000001,1
Punjab,Mansa,2025-11-01,22,190.03,5,15.0,1,0.8727916666666665,1
Punjab,Mansa,2025-11-02,10,102.98,5,15.0,1,0.8998347953216372,1
Punjab,Mansa,2025-11-03,17,74.22,5,22.0,1,0.8205277777777777,1
Punjab,Mansa,2025-11-04,31,273.45,5,36.0,1,0.897001461988304,1
Punjab,Mansa,2025-11-05,8,52.7,5,20.0,1,0.6310694444444445,1
Punjab,Mansa,2025-11-06,15,77.31,5,29.0,1,0.5986011904761905,1
Punjab,Mansa,2025-11-07,15,79.3,5,8.0,1,0.6580446428571427,1
Punjab,Mansa,2025-11-08,22,151.06,5,12.0,1,0.6859330096073516,1
Punjab,Mansa,2025-11-09,36,283.91,5,9.0,1,0.7468730158730158,1
Punjab,Mansa,2025-11-10,20,99.55,5,3.0,1,0.7429146825396825,1
Punjab,Mansa,2025-11-11,29,184.88,5,7.0,1,0.6861488095238095,1
Punjab,Mansa,2025-11-12,8,31.23,5,6.0,1,0.7075833333333335,1
Punjab,Mansa,2025-11-13,12,64.41,5,1.0,0,0.6766428571428572,1
Punjab,Mansa,2025-11-14,9,70.73,5,4.0,1,0.6820595238095238,1
Punjab,Mansa,2025-11-15,3,8.5,5,3.0,1,0.5371270161290324,1
Punjab,Mansa,2025-11-16,7,26.28,5,2.0,0,0.506779761904762,1
Punjab,Mansa,2025-11-17,6,44.58,5,2.0,0,0.40283333333333327,1
Punjab,Mansa,2025-11-18,1,2.46,5,1.0,0,0.44110714285714275,1
Punjab,Mansa,2025-11-19,4,46.84,5,0.0,0,0.3459494047619047,0
Punjab,Mansa,2025-11-20,3,9.329999999999998,5,1.0,0,0.20380555555555557,0
Punjab,Mansa,2025-11-21,2,3.75,5,1.0,0,0.22354484126984125,0
Punjab,Mansa,2025-11-22,2,5.38,5,0.0,0,0.13118852406554016,0
Punjab,Mansa,2025-11-23,1,2.02,5,0.0,0,0.18905257936507935,0
Punjab,Moga,2025-10-15,0,0.0,5,0.0,0,0.1593910552163034,0
Punjab,Moga,2025-10-16,1,2.06,5,2.0,0,0.345619127983001,0
Punjab,Moga,2025-10-17,0,0.0,5,2.0,0,0.22777101370851377,0
Punjab,Moga,2025-10-18,0,0.0,5,3.0,1,0.25090200138026236,0
Punjab,Moga,2025-10-19,1,2.61,5,1.0,0,0.4185603365932312,1
Punjab,Moga,2025-10-20,0,0.0,5,4.0,1,0.38290195915195924,0
Punjab,Moga,2025-10-21,2,1.66,5,3.0,1,0.39680975274725294,1
Punjab,Moga,2025-10-22,2,5.529999999999999,5,4.0,1,0.666582792207792,1
Punjab,Moga,2025-10-23,3,10.66,5,2.0,0,0.5389910714285714,1
Punjab,Moga,2025-10-24,1,3.21,5,5.0,1,0.5604139194139194,1
Punjab,Moga,2025-10-25,4,23.72,5,5.0,1,0.7961964285714287,1
Punjab,Moga,2025-10-26,3,20.72,5,21.0,1,0.8676875,1
Punjab,Moga,2025-10-27,4,15.97,5,16.0,1,0.7969315476190478,1
Punjab,Moga,2025-10-28,2,12.66,5,20.0,1,0.7353587962962965,1
Punjab,Moga,2025-10-29,5,13.23,5,18.0,1,0.750738095238095,1
Punjab,Moga,2025-10-30,5,15.63,5,44.0,1,0.7250416666666668,1
Punjab,Moga,2025-10-31,21,81.03,5,35.0,1,0.9320833333333334,1
Punjab,Moga,2025-11-01,16,58.99,5,36.0,1,0.6618154761904763,1
Punjab,Moga,2025-11-02,20,72.94,5,47.0,1,0.6933779761904764,1
Punjab,Moga,2025-11-03,18,95.04,5,42.0,1,0.8458611111111111,1
Punjab,Moga,2025-11-04,44,500.31,5,44.0,1,0.8853972953216374,1
Punjab,Moga,2025-11-05,35,215.97,5,42.0,1,0.6917777777777778,1
Punjab,Moga,2025-11-06,36,178.56,5,43.0,1,0.5550773809523809,1
Punjab,Moga,2025-11-07,47,249.28,5,6.0,1,0.6662440476190477,1
Punjab,Moga,2025-11-08,42,260.68,5,19.0,1,0.7968467000835421,1
Punjab,Moga,2025-11-09,44,261.92,5,5.0,1,0.7828313492063492,1
Punjab,Moga,2025-11-10,42,255.84,5,13.0,1,0.7242361111111112,1
Punjab,Moga,2025-11-11,43,211.15,5,8.0,1,0.6687023809523811,1
Punjab,Moga,2025-11-12,6,35.96,5,0.0,0,0.657940476190476,1
Punjab,Moga,2025-11-13,19,121.15,5,1.0,0,0.6568630952380954,1
Punjab,Moga,2025-11-14,5,37.97,5,1.0,0,0.7318869047619049,1
Punjab,Moga,2025-11-15,13,134.83,5,1.0,0,0.6477355889724311,1
Punjab,Moga,2025-11-16,8,74.97,5,3.0,1,0.5803432539682539,1
Punjab,Moga,2025-11-17,0,0.0,5,1.0,0,0.6522440476190476,1
Punjab,Moga,2025-11-18,1,2.11,5,0.0,0,0.530559993734336,1
Punjab,Moga,2025-11-19,1,3.99,5,2.0,0,0.32320247113997114,0
Punjab,Moga,2025-11-20,1,3.84,5,1.0,0,0.27190178571428564,0
Punjab,Moga,2025-11-21,3,8.82,5,2.0,0,0.2451359126984127,0
Punjab,Moga,2025-11-22,1,2.94,5,2.0,0,0.26730558755760375,0
Punjab,Moga,2025-11-23,0,0.0,5,2.0,0,0.2150942460317461,0
Punjab,Pathankot,2025-10-15,0,0.0,5,0.0,0,0.11236740392732958,0
Punjab,Pathankot,2025-10-16,1,2.9,5,0.0,0,0.3136823889544857,0
Punjab,Pathankot,2025-10-17,0,0.0,5,0.0,0,0.19695270123395123,0
Punjab,Pathankot,2025-10-18,0,0.0,5,0.0,0,0.32964070651570665,0
Punjab,Pathankot,2025-10-19,0,0.0,5,0.0,0,0.32000650160025174,0
Punjab,Pathankot,2025-10-20,0,0.0,5,0.0,0,0.3189211938159307,0
Punjab,Pathankot,2025-10-21,0,0.0,5,0.0,0,0.3941141010548908,1
Punjab,Pathankot,2025-10-22,0,0.0,5,0.0,0,0.2861680996878366,0
Punjab,Pathankot,2025-10-23,0,0.0,5,0.0,0,0.2014852295000322,0
Punjab,Pathankot,2025-10-24,0,0.0,5,0.0,0,0.09775642413142416,0
Punjab,Pathankot,2025-10-25,0,0.0,5,0.0,0,0.05561651068230015,0
Punjab,Pathankot,2025-10-26,0,0.0,5,0.0,0,0.03036750968329915,0
Punjab,Pathankot,2025-10-27,0,0.0,5,0.0,0,0.02854112079441026,0
Punjab,Pathankot,2025-10-28,0,0.0,5,1.0,0,0.060638087606837594,0
Punjab,Pathankot,2025-10-29,0,0.0,5,0.0,0,0.02497977716727717,0
Punjab,Pathankot,2025-10-30,0,0.0,5,2.0,0,0.03683296783625731,0
Punjab,Pathankot,2025-10-31,0,0.0,5,0.0,0,0.019652412280701755,0
Punjab,Pathankot,2025-11-01,0,0.0,5,0.0,0,0.019652412280701755,0
Punjab,Pathankot,2025-11-02,1,3.28,5,0.0,0,0.07514816274557362,0
Punjab,Pathankot,2025-11-03,0,0.0,5,1.0,0,0.014246212121212121,0
Punjab,Pathankot,2025-11-04,2,5.140000000000001,5,0.0,0,0.11330887703128789,0
Punjab,Pathankot,2025-11-05,0,0.0,5,0.0,0,0.09677651515151516,0
Punjab,Pathankot,2025-11-06,0,0.0,5,0.0,0,0.022844696969696966,0
Punjab,Pathankot,2025-11-07,0,0.0,5,0.0,0,0.07397573260073259,0
Punjab,Pathankot,2025-11-08,1,2.62,5,0.0,0,0.03959158312447786,0
Punjab,Pathankot,2025-11-09,0,0.0,5,0.0,0,0.047610795454545454,0
Punjab,Pathankot,2025-11-10,0,0.0,5,2.0,0,0.014666666666666668,0
Punjab,Pathankot,2025-11-11,0,0.0,5,0.0,0,0.05634722222222223,0
Punjab,Pathankot,2025-11-12,0,0.0,5,0.0,0,0.0043055555555555555,0
Punjab,Pathankot,2025-11-13,0,0.0,5,0.0,0,0.010752164502164503,0
Punjab,Pathankot,2025-11-14,0,0.0,5,0.0,0,0.0023055555555555555,0
Punjab,Pathankot,2025-11-15,2,14.14,5,0.0,0,0.21056845238095234,0
Punjab,Pathankot,2025-11-16,0,0.0,5,0.0,0,0.16643371212121214,0
Punjab,Pathankot,2025-11-17,0,0.0,5,0.0,0,0.117375,0
Punjab,Pathankot,2025-11-18,0,0.0,5,0.0,0,0.200125,0
Punjab,Pathankot,2025-11-19,0,0.0,5,0.0,0,0.0023055555555555555,0
Punjab,Pathankot,2025-11-20,0,0.0,5,0.0,0,0.1268154761904762,0
Punjab,Pathankot,2025-11-21,0,0.0,5,0.0,0,0.0023055555555555555,0
Punjab,Pathankot,2025-11-22,0,0.0,5,0.0,0,0.16232738095238097,0
Punjab,Pathankot,2025-11-23,0,0.0,5,0.0,0,0.005573260073260073,0
Punjab,Patiala,2025-10-15,3,12.0,5,14.0,1,0.5495297619047618,1
Punjab,Patiala,2025-10-16,3,11.35,5,18.0,1,0.5702083333333333,1
Punjab,Patiala,2025-10-17,4,7.54,5,11.0,1,0.6032976190476189,1
Punjab,Patiala,2025-10-18,2,6.69,5,2.0,0,0.6892783521303258,1
Punjab,Patiala,2025-10-19,6,32.99,5,1.0,0,0.7966180555555556,1
Punjab,Patiala,2025-10-20,14,55.83,5,10.0,1,0.8308035714285715,1
Punjab,Patiala,2025-10-21,18,67.72,5,4.0,1,0.906375,1
Punjab,Patiala,2025-10-22,11,39.35,5,11.0,1,0.8920654761904764,1
Punjab,Patiala,2025-10-23,2,7.77,5,6.0,1,0.745455357142857,1
Punjab,Patiala,2025-10-24,1,4.24,5,18.0,1,0.5928038847117794,1
Punjab,Patiala,2025-10-25,10,45.56,5,13.0,1,0.8424583333333331,1
Punjab,Patiala,2025-10-26,4,12.28,5,41.0,1,0.7154404761904763,1
Punjab,Patiala,2025-10-27,11,46.69,5,44.0,1,0.8049226190476192,1
Punjab,Patiala,2025-10-28,6,21.41,5,27.0,1,0.7523035714285714,1
Punjab,Patiala,2025-10-29,18,70.32,5,11.0,1,0.9331666666666666,1
Punjab,Patiala,2025-10-30,13,65.51,5,20.0,1,0.8851190476190476,1
Punjab,Patiala,2025-10-31,41,264.78,5,10.0,1,0.8770952380952381,1
Punjab,Patiala,2025-11-01,44,278.56,5,24.0,1,0.8928333333333334,1
Punjab,Patiala,2025-11-02,27,170.95,5,12.0,1,0.8553452380952379,1
Punjab,Patiala,2025-11-03,11,56.78,5,21.0,1,0.7863537347155769,1
Punjab,Patiala,2025-11-04,20,118.09,5,30.0,1,0.9040039682539682,1
Punjab,Patiala,2025-11-05,10,30.91,5,6.0,1,0.6768958333333331,1
Punjab,Patiala,2025-11-06,24,97.21,5,11.0,1,0.5427380952380952,1
Punjab,Patiala,2025-11-07,12,65.89,5,1.0,0,0.6119265873015874,1
Punjab,Patiala,2025-11-08,21,243.72,5,3.0,1,0.6516011904761905,1
Punjab,Patiala,2025-11-09,30,182.96,5,1.0,0,0.7012500000000002,1
Punjab,Patiala,2025-11-10,6,24.25,5,4.0,1,0.672376461988304,1
Punjab,Patiala,2025-11-11,11,77.24000000000001,5,2.0,0,0.595845238095238,1
Punjab,Patiala,2025-11-12,1,2.2,5,0.0,0,0.6166895161290323,1
Punjab,Patiala,2025-11-13,3,15.05,5,3.0,1,0.501124039938556,1
Punjab,Patiala,2025-11-14,1,1.7,5,0.0,0,0.5759811827956989,1
Punjab,Patiala,2025-11-15,4,46.42,5,0.0,0,0.4679484447004608,1
Punjab,Patiala,2025-11-16,2,1.79,5,2.0,0,0.5135000000000001,1
Punjab,Patiala,2025-11-17,0,0.0,5,0.0,0,0.2701448412698413,0
Punjab,Patiala,2025-11-18,3,17.46,5,0.0,0,0.3755644841269842,0
Punjab,Patiala,2025-11-19,0,0.0,5,0.0,0,0.2624880952380953,0
Punjab,Patiala,2025-11-20,0,0.0,5,0.0,0,0.1759394841269842,0
Punjab,Patiala,2025-11-21,2,1.69,5,0.0,0,0.16978869047619052,0
Punjab,Patiala,2025-11-22,0,0.0,5,0.0,0,0.1823323412698413,0
Punjab,Patiala,2025-11-23,0,0.0,5,0.0,0,0.15886095848595855,0
Punjab,Rupnagar,2025-10-15,0,0.0,5,0.0,0,0.17066062592337414,0
Punjab,Rupnagar,2025-10-16,0,0.0,5,1.0,0,0.14127209778484603,0
Punjab,Rupnagar,2025-10-17,0,0.0,5,1.0,0,0.15223043111817935,0
Punjab,Rupnagar,2025-10-18,0,0.0,5,0.0,0,0.2594280674190765,0
Punjab,Rupnagar,2025-10-19,0,0.0,5,0.0,0,0.33196437833038756,0
Punjab,Rupnagar,2025-10-20,0,0.0,5,0.0,0,0.23815406832034924,0
Punjab,Rupnagar,2025-10-21,1,4.11,5,1.0,0,0.5163183605137552,1
Punjab,Rupnagar,2025-10-22,1,2.34,5,0.0,0,0.43614962230751686,1
Punjab,Rupnagar,2025-10-23,0,0.0,5,0.0,0,0.16016534914361003,0
Punjab,Rupnagar,2025-10-24,0,0.0,5,0.0,0,0.21384225210176303,0
Punjab,Rupnagar,2025-10-25,0,0.0,5,0.0,0,0.2705994116089226,0
Punjab,Rupnagar,2025-10-26,1,2.98,5,2.0,0,0.299438282258677,0
Punjab,Rupnagar,2025-10-27,0,0.0,5,0.0,0,0.15364749200075284,0
Punjab,Rupnagar,2025-10-28,0,0.0,5,2.0,0,0.2368195699228309,0
Punjab,Rupnagar,2025-10-29,0,0.0,5,0.0,0,0.21206272893772893,0
Punjab,Rupnagar,2025-10-30,0,0.0,5,0.0,0,0.15787129438661696,0
Punjab,Rupnagar,2025-10-31,2,5.83,5,0.0,0,0.32709139582828045,0
Punjab,Rupnagar,2025-11-01,0,0.0,5,0.0,0,0.17723733211233214,0
Punjab,Rupnagar,2025-11-02,2,4.390000000000001,5,0.0,0,0.2929859603646213,0
Punjab,Rupnagar,2025-11-03,0,0.0,5,1.0,0,0.16558653846153848,0
Punjab,Rupnagar,2025-11-04,0,0.0,5,0.0,0,0.062479166666666676,0
Punjab,Rupnagar,2025-11-05,0,0.0,5,0.0,0,0.11095833333333333,0
Punjab,Rupnagar,2025-11-06,0,0.0,5,1.0,0,0.03227658394237341,0
Punjab,Rupnagar,2025-11-07,0,0.0,5,0.0,0,0.08756808688387635,0
Punjab,Rupnagar,2025-11-08,1,4.05,5,0.0,0,0.1088110275689223,0
Punjab,Rupnagar,2025-11-09,0,0.0,5,0.0,0,0.08173561507936508,0
Punjab,Rupnagar,2025-11-10,0,0.0,5,0.0,0,0.02779978354978355,0
Punjab,Rupnagar,2025-11-11,1,1.61,5,0.0,0,0.08033268655509744,0
Punjab,Rupnagar,2025-11-12,0,0.0,5,0.0,0,0.0285,0
Punjab,Rupnagar,2025-11-13,0,0.0,5,0.0,0,0.02006168831168831,0
Punjab,Rupnagar,2025-11-14,0,0.0,5,0.0,0,0.018333333333333333,0
Punjab,Rupnagar,2025-11-15,0,0.0,5,0.0,0,0.027267374401913878,0
Punjab,Rupnagar,2025-11-16,0,0.0,5,0.0,0,0.013757142857142858,0
Punjab,Rupnagar,2025-11-17,0,0.0,5,0.0,0,0.019997222222222225,0
Punjab,Rupnagar,2025-11-18,0,0.0,5,0.0,0,0.019858333333333332,0
Punjab,Rupnagar,2025-11-19,0,0.0,5,0.0,0,0.01916388888888889,0
Punjab,Rupnagar,2025-11-20,0,0.0,5,0.0,0,0.023330555555555552,0
Punjab,Rupnagar,2025-11-21,0,0.0,5,0.0,0,0.01966388888888889,0
Punjab,Rupnagar,2025-11-22,0,0.0,5,0.0,0,0.016525,0
Punjab,Rupnagar,2025-11-23,0,0.0,5,1.0,0,0.02459826007326007,0
Punjab,S A S Nagar,2025-10-15,0,0.0,5,4.0,1,0.1634814456376956,0
Punjab,S A S Nagar,2025-10-16,1,2.96,5,7.0,1,0.2973485275689222,0
Punjab,S A S Nagar,2025-10-17,0,0.0,5,5.0,1,0.1774138708513708,0
Punjab,S A S Nagar,2025-10-18,1,3.32,5,1.0,0,0.36945368629908093,0
Punjab,S A S Nagar,2025-10-19,2,7.34,5,3.0,1,0.621890194235589,1
Punjab,S A S Nagar,2025-10-20,4,12.04,5,5.0,1,0.7183035714285713,1
Punjab,S A S Nagar,2025-10-21,7,30.56,5,6.0,1,0.8734285714285712,1
Punjab,S A S Nagar,2025-10-22,5,14.5,5,2.0,0,0.8263244047619045,1
Punjab,S A S Nagar,2025-10-23,1,2.81,5,2.0,0,0.7186279761904762,1
Punjab,S A S Nagar,2025-10-24,3,13.09,5,6.0,1,0.6048214285714287,1
Punjab,S A S Nagar,2025-10-25,5,15.55,5,1.0,0,0.7551666666666665,1
Punjab,S A S Nagar,2025-10-26,6,17.49,5,8.0,1,0.8215833333333332,1
Punjab,S A S Nagar,2025-10-27,2,5.050000000000001,5,1.0,0,0.6781250000000001,1
Punjab,S A S Nagar,2025-10-28,2,5.97,5,1.0,0,0.535176510989011,1
Punjab,S A S Nagar,2025-10-29,6,13.11,5,2.0,0,0.6033372252747253,1
Punjab,S A S Nagar,2025-10-30,1,4.68,5,0.0,0,0.5701458333333332,1
Punjab,S A S Nagar,2025-10-31,8,37.49,5,2.0,0,0.6933878205128206,1
Punjab,S A S Nagar,2025-11-01,1,3.44,5,0.0,0,0.47944546850998465,1
Punjab,S A S Nagar,2025-11-02,1,6.12,5,1.0,0,0.4586805875576036,1
Punjab,S A S Nagar,2025-11-03,2,9.99,5,2.0,0,0.4554582890228051,1
Punjab,S A S Nagar,2025-11-04,0,0.0,5,0.0,0,0.2549816017316017,0
Punjab,S A S Nagar,2025-11-05,2,4.29,5,0.0,0,0.43332642089093704,1
Punjab,S A S Nagar,2025-11-06,0,0.0,5,0.0,0,0.26855303030303024,0
Punjab,S A S Nagar,2025-11-07,1,9.43,5,1.0,0,0.36299011136712733,0
Punjab,S A S Nagar,2025-11-08,2,7.57,5,1.0,0,0.3336151113671274,0
Punjab,S A S Nagar,2025-11-09,0,0.0,5,0.0,0,0.12174648268398267,0
Punjab,S A S Nagar,2025-11-10,0,0.0,5,0.0,0,0.18032440476190473,0
Punjab,S A S Nagar,2025-11-11,0,0.0,5,0.0,0,0.1319315476190476,0
Punjab,S A S Nagar,2025-11-12,1,1.59,5,0.0,0,0.11371363893604979,0
Punjab,S A S Nagar,2025-11-13,1,8.49,5,0.0,0,0.22592165898617506,0
Punjab,S A S Nagar,2025-11-14,0,0.0,5,0.0,0,0.14315178571428575,0
Punjab,S A S Nagar,2025-11-15,0,0.0,5,0.0,0,0.14997222222222223,0
Punjab,S A S Nagar,2025-11-16,0,0.0,5,0.0,0,0.14469047619047623,0
Punjab,S A S Nagar,2025-11-17,0,0.0,5,0.0,0,0.009798809523809522,0
Punjab,S A S Nagar,2025-11-18,0,0.0,5,0.0,0,0.029714285714285714,0
Punjab,S A S Nagar,2025-11-19,0,0.0,5,1.0,0,0.006941666666666667,0
Punjab,S A S Nagar,2025-11-20,0,0.0,5,0.0,0,0.056435714285714284,0
Punjab,S A S Nagar,2025-11-21,0,0.0,5,0.0,0,0.007566666666666666,0
Punjab,S A S Nagar,2025-11-22,0,0.0,5,1.0,0,0.007566666666666666,0
Punjab,S A S Nagar,2025-11-23,0,0.0,5,0.0,0,0.012098260073260075,0
Punjab,Sangrur,2025-10-15,1,3.06,5,4.0,1,0.3083646295225242,0
Punjab,Sangrur,2025-10-16,1,2.95,5,10.0,1,0.38104079911316746,0
Punjab,Sangrur,2025-10-17,4,43.34,5,4.0,1,0.5765119047619048,1
Punjab,Sangrur,2025-10-18,0,0.0,5,6.0,1,0.4981456043956045,1
Punjab,Sangrur,2025-10-19,2,8.45,5,11.0,1,0.5770416666666666,1
Punjab,Sangrur,2025-10-20,4,19.33,5,19.0,1,0.7565535714285714,1
Punjab,Sangrur,2025-10-21,10,67.47,5,27.0,1,0.8245535714285716,1
Punjab,Sangrur,2025-10-22,4,19.44,5,21.0,1,0.753638920890937,1
Punjab,Sangrur,2025-10-23,6,55.41,5,13.0,1,0.8819732142857142,1
Punjab,Sangrur,2025-10-24,11,77.94,5,48.0,1,0.8532916666666666,1
Punjab,Sangrur,2025-10-25,19,200.61,5,65.0,1,0.8968571428571431,1
Punjab,Sangrur,2025-10-26,27,227.44,5,127.0,1,0.8899166666666666,1
Punjab,Sangrur,2025-10-27,21,116.16,5,69.0,1,0.8891666666666667,1
Punjab,Sangrur,2025-10-28,13,91.69,5,65.0,1,0.963202380952381,1
Punjab,Sangrur,2025-10-29,48,383.99,5,38.0,1,0.959515350877193,1
Punjab,Sangrur,2025-10-30,65,519.6,5,62.0,1,0.9773486842105262,1
Punjab,Sangrur,2025-10-31,127,802.9,5,22.0,1,0.9237083333333334,1
Punjab,Sangrur,2025-11-01,69,385.86,5,24.0,1,0.8482916666666667,1
Punjab,Sangrur,2025-11-02,65,496.09,5,50.0,1,0.8290337301587302,1
Punjab,Sangrur,2025-11-03,38,224.56,5,41.0,1,0.8154861111111111,1
Punjab,Sangrur,2025-11-04,62,456.91,5,37.0,1,0.8839027777777778,1
Punjab,Sangrur,2025-11-05,22,212.23,5,24.0,1,0.5149761904761906,1
Punjab,Sangrur,2025-11-06,24,185.22,5,19.0,1,0.507202380952381,1
Punjab,Sangrur,2025-11-07,50,258.85,5,3.0,1,0.6089880952380952,1
Punjab,Sangrur,2025-11-08,41,163.3,5,7.0,1,0.7142619047619049,1
Punjab,Sangrur,2025-11-09,37,240.81,5,6.0,1,0.738125,1
Punjab,Sangrur,2025-11-10,24,156.23,5,2.0,0,0.7468869047619044,1
Punjab,Sangrur,2025-11-11,19,108.34,5,0.0,0,0.6727440476190479,1
Punjab,Sangrur,2025-11-12,3,5.16,5,3.0,1,0.6782916666666666,1
Punjab,Sangrur,2025-11-13,7,33.92,5,0.0,0,0.6688035714285715,1
Punjab,Sangrur,2025-11-14,6,51.3,5,0.0,0,0.6369315476190477,1
Punjab,Sangrur,2025-11-15,2,4.51,5,1.0,0,0.5475883256528419,1
Punjab,Sangrur,2025-11-16,0,0.0,5,0.0,0,0.5779407894736841,1
Punjab,Sangrur,2025-11-17,3,8.42,5,0.0,0,0.46872222222222215,1
Punjab,Sangrur,2025-11-18,0,0.0,5,0.0,0,0.44718582915622385,1
Punjab,Sangrur,2025-11-19,0,0.0,5,0.0,0,0.24761836883876362,0
Punjab,Sangrur,2025-11-20,1,3.44,5,0.0,0,0.23617162698412705,0
Punjab,Sangrur,2025-11-21,0,0.0,5,0.0,0,0.20951686507936512,0
Punjab,Sangrur,2025-11-22,0,0.0,5,0.0,0,0.14724305555555559,0
Punjab,Sangrur,2025-11-23,0,0.0,5,0.0,0,0.14318933150183158,0
Punjab,Shahid Bhagat Singh Nagar,2025-10-15,0,0.0,5,0.0,0,0.22320068699416531,0
Punjab,Shahid Bhagat Singh Nagar,2025-10-16,0,0.0,5,5.0,1,0.162126709436635,0
Punjab,Shahid Bhagat Singh Nagar,2025-10-17,1,3.94,5,3.0,1,0.34533222322109625,0
Punjab,Shahid Bhagat Singh Nagar,2025-10-18,0,0.0,5,0.0,0,0.2721603986291487,0
Punjab,Shahid Bhagat Singh Nagar,2025-10-19,0,0.0,5,0.0,0,0.32755348124098144,0
Punjab,Shahid Bhagat Singh Nagar,2025-10-20,0,0.0,5,0.0,0,0.29220486111111116,0
Punjab,Shahid Bhagat Singh Nagar,2025-10-21,5,28.2,5,1.0,0,0.735470238095238,1
Punjab,Shahid Bhagat Singh Nagar,2025-10-22,3,9.35,5,3.0,1,0.7044226190476192,1
Punjab,Shahid Bhagat Singh Nagar,2025-10-23,0,0.0,5,0.0,0,0.5335773809523809,1
Punjab,Shahid Bhagat Singh Nagar,2025-10-24,0,0.0,5,1.0,0,0.5260595238095239,1
Punjab,Shahid Bhagat Singh Nagar,2025-10-25,0,0.0,5,0.0,0,0.44040972222222236,1
Punjab,Shahid Bhagat Singh Nagar,2025-10-26,1,1.55,5,1.0,0,0.44648394423558907,1
Punjab,Shahid Bhagat Singh Nagar,2025-10-27,3,11.89,5,6.0,1,0.5819985119047622,1
Punjab,Shahid Bhagat Singh Nagar,2025-10-28,0,0.0,5,9.0,1,0.5965238095238096,1
Punjab,Shahid Bhagat Singh Nagar,2025-10-29,1,7.58,5,3.0,1,0.6760595238095237,1
Punjab,Shahid Bhagat Singh Nagar,2025-10-30,0,0.0,5,3.0,1,0.466148538961039,1
Punjab,Shahid Bhagat Singh Nagar,2025-10-31,1,2.69,5,1.0,0,0.33031929369795454,0
Punjab,Shahid Bhagat Singh Nagar,2025-11-01,6,25.75,5,4.0,1,0.78975,1
Punjab,Shahid Bhagat Singh Nagar,2025-11-02,9,46.72,5,3.0,1,0.7584166666666667,1
Punjab,Shahid Bhagat Singh Nagar,2025-11-03,3,7.68,5,4.0,1,0.5848561827956988,1
Punjab,Shahid Bhagat Singh Nagar,2025-11-04,3,13.45,5,0.0,0,0.6355486431131593,1
Punjab,Shahid Bhagat Singh Nagar,2025-11-05,1,0.97,5,0.0,0,0.4260764208909371,1
Punjab,Shahid Bhagat Singh Nagar,2025-11-06,4,11.08,5,1.0,0,0.4942192780337941,1
Punjab,Shahid Bhagat Singh Nagar,2025-11-07,3,11.85,5,3.0,1,0.4743145161290323,1
Punjab,Shahid Bhagat Singh Nagar,2025-11-08,4,15.3,5,3.0,1,0.5505803571428571,1
Punjab,Shahid Bhagat Singh Nagar,2025-11-09,0,0.0,5,0.0,0,0.34882738095238097,0
Punjab,Shahid Bhagat Singh Nagar,2025-11-10,0,0.0,5,2.0,0,0.2678699633699633,0
Punjab,Shahid Bhagat Singh Nagar,2025-11-11,1,3.51,5,2.0,0,0.38226365032816645,0
Punjab,Shahid Bhagat Singh Nagar,2025-11-12,3,10.78,5,0.0,0,0.3054648137480799,0
Punjab,Shahid Bhagat Singh Nagar,2025-11-13,3,15.14,5,0.0,0,0.4890446748591909,1
Punjab,Shahid Bhagat Singh Nagar,2025-11-14,0,0.0,5,3.0,1,0.2760208333333333,0
Punjab,Shahid Bhagat Singh Nagar,2025-11-15,2,5.73,5,0.0,0,0.2989732462877624,0
Punjab,Shahid Bhagat Singh Nagar,2025-11-16,2,5.65,5,0.0,0,0.21356451612903232,0
Punjab,Shahid Bhagat Singh Nagar,2025-11-17,0,0.0,5,0.0,0,0.14429166666666668,0
Punjab,Shahid Bhagat Singh Nagar,2025-11-18,0,0.0,5,0.0,0,0.1861282894736842,0
Punjab,Shahid Bhagat Singh Nagar,2025-11-19,3,9.82,5,0.0,0,0.3456240079365079,0
Punjab,Shahid Bhagat Singh Nagar,2025-11-20,0,0.0,5,0.0,0,0.18664583333333332,0
Punjab,Shahid Bhagat Singh Nagar,2025-11-21,0,0.0,5,0.0,0,0.11179166666666668,0
Punjab,Shahid Bhagat Singh Nagar,2025-11-22,0,0.0,5,0.0,0,0.16442559523809527,0
Punjab,Shahid Bhagat Singh Nagar,2025-11-23,0,0.0,5,0.0,0,0.08957345848595846,0
Punjab,Sri Muktsar Sahib,2025-10-15,0,0.0,5,0.0,0,0.36672947994987454,0
Punjab,Sri Muktsar Sahib,2025-10-16,1,5.86,5,4.0,1,0.46205884502923955,1
Punjab,Sri Muktsar Sahib,2025-10-17,0,0.0,5,10.0,1,0.5441780303030304,1
Punjab,Sri Muktsar Sahib,2025-10-18,2,8.21,5,1.0,0,0.4431490384615384,1
Punjab,Sri Muktsar Sahib,2025-10-19,2,8.68,5,2.0,0,0.6193752289377289,1
Punjab,Sri Muktsar Sahib,2025-10-20,0,0.0,5,2.0,0,0.4657775974025974,1
Punjab,Sri Muktsar Sahib,2025-10-21,4,17.89,5,13.0,1,0.7055148809523808,1
Punjab,Sri Muktsar Sahib,2025-10-22,10,37.72,5,0.0,0,0.8502857142857145,1
Punjab,Sri Muktsar Sahib,2025-10-23,1,3.49,5,2.0,0,0.6625208333333334,1
Punjab,Sri Muktsar Sahib,2025-10-24,2,16.65,5,7.0,1,0.6974847883597886,1
Punjab,Sri Muktsar Sahib,2025-10-25,2,7.71,5,12.0,1,0.6486534391534391,1
Punjab,Sri Muktsar Sahib,2025-10-26,13,86.17,5,17.0,1,0.7986428571428574,1
Punjab,Sri Muktsar Sahib,2025-10-27,0,0.0,5,21.0,1,0.5592506613756613,1
Punjab,Sri Muktsar Sahib,2025-10-28,2,11.65,5,41.0,1,0.6148372252747253,1
Punjab,Sri Muktsar Sahib,2025-10-29,7,33.11,5,12.0,1,0.7903154761904763,1
Punjab,Sri Muktsar Sahib,2025-10-30,12,70.77,5,15.0,1,0.933291666666667,1
Punjab,Sri Muktsar Sahib,2025-10-31,17,171.26,5,29.0,1,0.8217500000000001,1
Punjab,Sri Muktsar Sahib,2025-11-01,21,102.23,5,48.0,1,0.8402797619047617,1
Punjab,Sri Muktsar Sahib,2025-11-02,41,334.81,5,37.0,1,0.8530431286549708,1
Punjab,Sri Muktsar Sahib,2025-11-03,12,70.67999999999999,5,25.0,1,0.8969166666666666,1
Punjab,Sri Muktsar Sahib,2025-11-04,15,124.78,5,28.0,1,0.8989597953216375,1
Punjab,Sri Muktsar Sahib,2025-11-05,29,173.99,5,31.0,1,0.6920238095238095,1
Punjab,Sri Muktsar Sahib,2025-11-06,48,331.47,5,39.0,1,0.6102857142857144,1
Punjab,Sri Muktsar Sahib,2025-11-07,37,200.69,5,14.0,1,0.7467023809523812,1
Punjab,Sri Muktsar Sahib,2025-11-08,25,149.07999999999998,5,21.0,1,0.751376461988304,1
Punjab,Sri Muktsar Sahib,2025-11-09,28,136.62,5,20.0,1,0.8620153508771929,1
Punjab,Sri Muktsar Sahib,2025-11-10,31,131.89,5,32.0,1,0.7516011904761905,1
Punjab,Sri Muktsar Sahib,2025-11-11,39,236.67,5,28.0,1,0.8543154761904762,1
Punjab,Sri Muktsar Sahib,2025-11-12,14,71.45,5,9.0,1,0.7666904761904764,1
Punjab,Sri Muktsar Sahib,2025-11-13,21,114.28,5,10.0,1,0.880828842940685,1
Punjab,Sri Muktsar Sahib,2025-11-14,20,110.72,5,9.0,1,0.8383333333333333,1
Punjab,Sri Muktsar Sahib,2025-11-15,32,161.38,5,8.0,1,0.7088367794486214,1
Punjab,Sri Muktsar Sahib,2025-11-16,28,148.9,5,4.0,1,0.7298928571428572,1
Punjab,Sri Muktsar Sahib,2025-11-17,9,21.88,5,4.0,1,0.6938303571428573,1
Punjab,Sri Muktsar Sahib,2025-11-18,10,38.26,5,12.0,1,0.6499940476190477,1
Punjab,Sri Muktsar Sahib,2025-11-19,9,38.03,5,0.0,0,0.5629265873015874,1
Punjab,Sri Muktsar Sahib,2025-11-20,8,34.36,5,2.0,0,0.199375,0
Punjab,Sri Muktsar Sahib,2025-11-21,4,16.88,5,3.0,1,0.107,0
Punjab,Sri Muktsar Sahib,2025-11-22,4,12.72,5,7.0,1,0.12633333333333335,0
Punjab,Sri Muktsar Sahib,2025-11-23,12,164.88,5,2.0,0,0.27628663003663007,0
Punjab,Tarn Taran,2025-10-15,16,63.69,5,34.0,1,0.9192023809523807,1
Punjab,Tarn Taran,2025-10-16,28,119.02,5,36.0,1,0.9606249999999998,1
Punjab,Tarn Taran,2025-10-17,21,79.39,5,35.0,1,0.9622083333333333,1
Punjab,Tarn Taran,2025-10-18,30,124.33,5,21.0,1,0.9789583333333333,1
Punjab,Tarn Taran,2025-10-19,45,228.67,5,18.0,1,0.9830833333333332,1
Punjab,Tarn Taran,2025-10-20,34,139.39,5,45.0,1,0.915,1
Punjab,Tarn Taran,2025-10-21,36,129.44,5,62.0,1,0.9360000000000003,1
Punjab,Tarn Taran,2025-10-22,35,183.31,5,39.0,1,0.9598333333333333,1
Punjab,Tarn Taran,2025-10-23,21,99.69,5,22.0,1,0.9725000000000001,1
Punjab,Tarn Taran,2025-10-24,18,109.0,5,54.0,1,0.9698486842105264,1
Punjab,Tarn Taran,2025-10-25,45,224.23,5,48.0,1,0.9645416666666669,1
Punjab,Tarn Taran,2025-10-26,62,283.48,5,87.0,1,0.9625416666666665,1
Punjab,Tarn Taran,2025-10-27,39,154.78,5,71.0,1,0.9452083333333333,1
Punjab,Tarn Taran,2025-10-28,22,130.01,5,59.0,1,0.9609523809523809,1
Punjab,Tarn Taran,2025-10-29,54,438.06,5,33.0,1,0.9908333333333332,1
Punjab,Tarn Taran,2025-10-30,48,232.45,5,63.0,1,0.9908333333333332,1
Punjab,Tarn Taran,2025-10-31,87,391.43,5,5.0,1,0.9637083333333334,1
Punjab,Tarn Taran,2025-11-01,71,330.73,5,44.0,1,0.9348392857142858,1
Punjab,Tarn Taran,2025-11-02,59,307.36,5,29.0,1,0.9045119047619046,1
Punjab,Tarn Taran,2025-11-03,33,138.16,5,31.0,1,0.8959821428571427,1
Punjab,Tarn Taran,2025-11-04,63,392.89,5,41.0,1,0.9482678571428571,1
Punjab,Tarn Taran,2025-11-05,5,15.96,5,58.0,1,0.6243363095238097,1
Punjab,Tarn Taran,2025-11-06,44,172.83,5,48.0,1,0.5794404761904761,1
Punjab,Tarn Taran,2025-11-07,29,157.01,5,18.0,1,0.5729285714285713,1
Punjab,Tarn Taran,2025-11-08,31,146.95,5,17.0,1,0.8689320175438597,1
Punjab,Tarn Taran,2025-11-09,41,243.63,5,23.0,1,0.7970714285714284,1
Punjab,Tarn Taran,2025-11-10,58,351.23,5,12.0,1,0.8851249999999999,1
Punjab,Tarn Taran,2025-11-11,48,221.82,5,12.0,1,0.6441904761904763,1
Punjab,Tarn Taran,2025-11-12,18,70.46000000000001,5,5.0,1,0.616375,1
Punjab,Tarn Taran,2025-11-13,17,79.45,5,3.0,1,0.7241488095238097,1
Punjab,Tarn Taran,2025-11-14,23,97.54,5,0.0,0,0.7474166666666667,1
Punjab,Tarn Taran,2025-11-15,12,45.89,5,3.0,1,0.7105416666666667,1
Punjab,Tarn Taran,2025-11-16,12,50.37,5,4.0,1,0.614482142857143,1
Punjab,Tarn Taran,2025-11-17,5,19.08,5,2.0,0,0.6115565476190477,1
Punjab,Tarn Taran,2025-11-18,3,8.22,5,0.0,0,0.4933065476190475,1
Punjab,Tarn Taran,2025-11-19,0,0.0,5,0.0,0,0.3671907894736842,0
Punjab,Tarn Taran,2025-11-20,3,13.18,5,0.0,0,0.24046726190476198,0
Punjab,Tarn Taran,2025-11-21,4,29.09,5,0.0,0,0.2968273809523811,0
Punjab,Tarn Taran,2025-11-22,2,6.27,5,0.0,0,0.2544534050179211,0
Punjab,Tarn Taran,2025-11-23,0,0.0,5,0.0,0,0.23933234126984132,0
