arm,arm_label,horizon,threshold,f1,precision,recall,accuracy,predicted_positive_rate
v2,V2,+1d,0.05,0.6311071268489467,0.462853385930309,0.9915492957746479,0.5427777777777778,0.845
v2,V2,+1d,0.055,0.63710407239819,0.4693333333333333,0.9915492957746479,0.5544444444444444,0.8333333333333334
v2,V2,+1d,0.06,0.6417161113646737,0.474679270762998,0.9901408450704225,0.5638888888888889,0.8227777777777778
v2,V2,+1d,0.065,0.6470317533364013,0.4805194805194805,0.9901408450704225,0.5738888888888889,0.8127777777777778
v2,V2,+1d,0.07,0.6506024096385542,0.48480662983425415,0.9887323943661972,0.5811111111111111,0.8044444444444444
v2,V2,+1d,0.075,0.6566744730679157,0.4919298245614035,0.9873239436619718,0.5927777777777777,0.7916666666666666
v2,V2,+1d,0.08,0.6600284495021337,0.49749821300929237,0.9802816901408451,0.6016666666666667,0.7772222222222223
v2,V2,+1d,0.08499999999999999,0.6669861044561571,0.5054466230936819,0.9802816901408451,0.6138888888888889,0.765
v2,V2,+1d,0.09,0.6727887868535524,0.5121412803532008,0.9802816901408451,0.6238888888888889,0.755
v2,V2,+1d,0.095,0.6767136606708799,0.5167037861915368,0.9802816901408451,0.6305555555555555,0.7483333333333333
v2,V2,+1d,0.09999999999999999,0.6807051909892263,0.5217717717717718,0.9788732394366197,0.6377777777777778,0.74
v2,V2,+1d,0.105,0.6834071885770556,0.5253595760787282,0.9774647887323944,0.6427777777777778,0.7338888888888889
v2,V2,+1d,0.10999999999999999,0.6864490603363007,0.5289634146341463,0.9774647887323944,0.6477777777777778,0.7288888888888889
v2,V2,+1d,0.11499999999999999,0.6895522388059703,0.5330769230769231,0.976056338028169,0.6533333333333333,0.7222222222222222
v2,V2,+1d,0.12,0.690963554667998,0.5351894818252126,0.9746478873239437,0.6561111111111111,0.7183333333333334
v2,V2,+1d,0.12499999999999999,0.6954773869346734,0.540625,0.9746478873239437,0.6633333333333333,0.7111111111111111
v2,V2,+1d,0.13,0.69903894790086,0.5453827940015785,0.9732394366197183,0.6694444444444444,0.7038888888888889
v2,V2,+1d,0.135,0.7005592272496187,0.5481304693715194,0.9704225352112676,0.6727777777777778,0.6983333333333334
v2,V2,+1d,0.13999999999999999,0.7024539877300613,0.5513643659711075,0.967605633802817,0.6766666666666666,0.6922222222222222
v2,V2,+1d,0.145,0.7040082219938336,0.5542071197411004,0.9647887323943662,0.68,0.6866666666666666
v2,V2,+1d,0.14999999999999997,0.7050952135872363,0.5555555555555556,0.9647887323943662,0.6816666666666666,0.685
v2,V2,+1d,0.15499999999999997,0.7071021254536028,0.5594749794913864,0.9605633802816902,0.6861111111111111,0.6772222222222222
v2,V2,+1d,0.15999999999999998,0.7107868681605003,0.5641025641025641,0.9605633802816902,0.6916666666666667,0.6716666666666666
v2,V2,+1d,0.16499999999999998,0.713089005235602,0.5675,0.9591549295774648,0.6955555555555556,0.6666666666666666
v2,V2,+1d,0.16999999999999998,0.7149606299212599,0.5698744769874478,0.9591549295774648,0.6983333333333334,0.6638888888888889
v2,V2,+1d,0.175,0.7191129883843718,0.575168918918919,0.9591549295774648,0.7044444444444444,0.6577777777777778
v2,V2,+1d,0.18,0.7218683651804672,0.5792163543441227,0.9577464788732394,0.7088888888888889,0.6522222222222223
v2,V2,+1d,0.185,0.724174653887114,0.5821917808219178,0.9577464788732394,0.7122222222222222,0.6488888888888888
v2,V2,+1d,0.19,0.7254273504273505,0.5843373493975904,0.956338028169014,0.7144444444444444,0.6455555555555555
v2,V2,+1d,0.195,0.7249329758713137,0.5852813852813853,0.952112676056338,0.715,0.6416666666666667
v2,V2,+1d,0.19999999999999996,0.7253103076092822,0.5879265091863517,0.9464788732394366,0.7172222222222222,0.635
v2,V2,+1d,0.20499999999999996,0.7262872628726287,0.5903083700440529,0.9436619718309859,0.7194444444444444,0.6305555555555555
v2,V2,+1d,0.20999999999999996,0.7286568787384448,0.5934455270150576,0.9436619718309859,0.7227777777777777,0.6272222222222222
v2,V2,+1d,0.21499999999999997,0.729950900163666,0.5957257346393589,0.9422535211267605,0.725,0.6238888888888889
v2,V2,+1d,0.21999999999999997,0.7302631578947368,0.5978456014362658,0.9380281690140845,0.7266666666666667,0.6188888888888889
v2,V2,+1d,0.22499999999999998,0.7309812568908489,0.6005434782608695,0.9338028169014084,0.7288888888888889,0.6133333333333333
v2,V2,+1d,0.22999999999999998,0.7323008849557522,0.6029143897996357,0.9323943661971831,0.7311111111111112,0.61
v2,V2,+1d,0.235,0.7318156579677957,0.6040329972502292,0.928169014084507,0.7316666666666667,0.6061111111111112
v2,V2,+1d,0.24,0.7324414715719064,0.6060885608856088,0.9253521126760563,0.7333333333333333,0.6022222222222222
v2,V2,+1d,0.245,0.7341913822048124,0.6090993500464252,0.923943661971831,0.7361111111111112,0.5983333333333334
v2,V2,+1d,0.24999999999999994,0.7363687464867903,0.6127221702525725,0.9225352112676056,0.7394444444444445,0.5938888888888889
v2,V2,+1d,0.25499999999999995,0.7352941176470589,0.6143667296786389,0.9154929577464789,0.74,0.5877777777777777
v2,V2,+1d,0.25999999999999995,0.7375,0.6180952380952381,0.9140845070422535,0.7433333333333333,0.5833333333333334
v2,V2,+1d,0.26499999999999996,0.7393040501996577,0.6212847555129435,0.9126760563380282,0.7461111111111111,0.5794444444444444
v2,V2,+1d,0.26999999999999996,0.742398164084911,0.6263310745401742,0.9112676056338028,0.7505555555555555,0.5738888888888889
v2,V2,+1d,0.27499999999999997,0.7427912341407151,0.62890625,0.9070422535211268,0.7522222222222222,0.5688888888888889
v2,V2,+1d,0.27999999999999997,0.7403123192596878,0.6280667320902846,0.9014084507042254,0.7505555555555555,0.5661111111111111
v2,V2,+1d,0.285,0.7421602787456445,0.6314229249011858,0.9,0.7533333333333333,0.5622222222222222
v2,V2,+1d,0.29,0.7470725995316159,0.6392785571142284,0.8985915492957747,0.76,0.5544444444444444
v2,V2,+1d,0.295,0.7473560517038778,0.6411290322580645,0.895774647887324,0.7611111111111111,0.5511111111111111
v2,V2,+1d,0.3,0.7497048406139315,0.6453252032520326,0.8943661971830986,0.7644444444444445,0.5466666666666666
v2,V2,+1d,0.30499999999999994,0.75222816399287,0.6505652620760535,0.8915492957746479,0.7683333333333333,0.5405555555555556
v2,V2,+1d,0.30999999999999994,0.7543335325762104,0.6552440290758048,0.8887323943661972,0.7716666666666666,0.535
v2,V2,+1d,0.31499999999999995,0.7576668671076369,0.6610703043022036,0.8873239436619719,0.7761111111111111,0.5294444444444445
v2,V2,+1d,0.31999999999999995,0.7591240875912408,0.6680942184154176,0.8788732394366198,0.78,0.5188888888888888
v2,V2,+1d,0.32499999999999996,0.7611484422724495,0.6720604099244876,0.8774647887323944,0.7827777777777778,0.515
v2,V2,+1d,0.32999999999999996,0.7613776137761379,0.675764192139738,0.8718309859154929,0.7844444444444445,0.5088888888888888
v2,V2,+1d,0.33499999999999996,0.7624922887106724,0.6783754116355654,0.8704225352112676,0.7861111111111111,0.5061111111111111
v2,V2,+1d,0.33999999999999997,0.7642679900744418,0.6829268292682927,0.8676056338028169,0.7888888888888889,0.5011111111111111
v2,V2,+1d,0.3449999999999999,0.7658779576587796,0.6863839285714286,0.8661971830985915,0.7911111111111111,0.49777777777777776
v2,V2,+1d,0.3499999999999999,0.7660636306924518,0.6875699888017918,0.8647887323943662,0.7916666666666666,0.4961111111111111
v2,V2,+1d,0.3549999999999999,0.7685534591194968,0.6943181818181818,0.8605633802816901,0.7955555555555556,0.4888888888888889
v2,V2,+1d,0.35999999999999993,0.7663077897403419,0.6962025316455697,0.852112676056338,0.795,0.48277777777777775
v2,V2,+1d,0.36499999999999994,0.7659033078880407,0.6983758700696056,0.847887323943662,0.7955555555555556,0.47888888888888886
v2,V2,+1d,0.36999999999999994,0.7657945118059987,0.7001166861143524,0.8450704225352113,0.7961111111111111,0.4761111111111111
v2,V2,+1d,0.37499999999999994,0.7659846547314578,0.7014051522248244,0.8436619718309859,0.7966666666666666,0.47444444444444445
v2,V2,+1d,0.37999999999999995,0.7686375321336761,0.706855791962175,0.8422535211267606,0.8,0.47
v2,V2,+1d,0.38499999999999995,0.7705235940530057,0.7120669056152927,0.8394366197183099,0.8027777777777778,0.465
v2,V2,+1d,0.38999999999999996,0.7730220492866406,0.7163461538461539,0.8394366197183099,0.8055555555555556,0.4622222222222222
v2,V2,+1d,0.39499999999999996,0.7727272727272728,0.7168674698795181,0.8380281690140845,0.8055555555555556,0.46111111111111114
v2,V2,+1d,0.3999999999999999,0.7739413680781759,0.72,0.8366197183098592,0.8072222222222222,0.4583333333333333
v2,V2,+1d,0.4049999999999999,0.7733507511430437,0.7210718635809987,0.8338028169014085,0.8072222222222222,0.45611111111111113
v2,V2,+1d,0.4099999999999999,0.7753765553372626,0.7246022031823746,0.8338028169014085,0.8094444444444444,0.4538888888888889
v2,V2,+1d,0.4149999999999999,0.7731755424063117,0.7250308261405672,0.828169014084507,0.8083333333333333,0.45055555555555554
v2,V2,+1d,0.41999999999999993,0.770957095709571,0.7254658385093168,0.8225352112676056,0.8072222222222222,0.44722222222222224
v2,V2,+1d,0.42499999999999993,0.7718832891246685,0.7293233082706767,0.819718309859155,0.8088888888888889,0.44333333333333336
v2,V2,+1d,0.42999999999999994,0.7751834556370913,0.7363751584283904,0.8183098591549296,0.8127777777777778,0.43833333333333335
v2,V2,+1d,0.43499999999999994,0.7762191048764195,0.7382465057179162,0.8183098591549296,0.8138888888888889,0.43722222222222223
v2,V2,+1d,0.43999999999999995,0.7741935483870968,0.7403598971722365,0.8112676056338028,0.8133333333333334,0.43222222222222223
v2,V2,+1d,0.44499999999999995,0.775235531628533,0.7422680412371134,0.8112676056338028,0.8144444444444444,0.4311111111111111
v2,V2,+1d,0.4499999999999999,0.7759784075573549,0.7448186528497409,0.8098591549295775,0.8155555555555556,0.4288888888888889
v2,V2,+1d,0.4549999999999999,0.7742372881355932,0.74640522875817,0.8042253521126761,0.815,0.425
v2,V2,+1d,0.4599999999999999,0.7749830047586675,0.7490144546649146,0.8028169014084507,0.8161111111111111,0.42277777777777775
v2,V2,+1d,0.4649999999999999,0.7745901639344261,0.7519893899204244,0.7985915492957747,0.8166666666666667,0.41888888888888887
v2,V2,+1d,0.4699999999999999,0.7747252747252747,0.7560321715817694,0.7943661971830986,0.8177777777777778,0.41444444444444445
v2,V2,+1d,0.4749999999999999,0.7744154057771664,0.7567204301075269,0.7929577464788733,0.8177777777777778,0.41333333333333333
v2,V2,+1d,0.4799999999999999,0.7743271221532091,0.7591339648173207,0.7901408450704225,0.8183333333333334,0.41055555555555556
v2,V2,+1d,0.48499999999999993,0.7750865051903114,0.7619047619047619,0.7887323943661971,0.8194444444444444,0.4083333333333333
v2,V2,+1d,0.48999999999999994,0.7727588603196663,0.7626886145404664,0.7830985915492957,0.8183333333333334,0.405
v2,V2,+1d,0.49499999999999994,0.7700908455625437,0.7642163661581137,0.776056338028169,0.8172222222222222,0.40055555555555555
v2,V2,+1d,0.49999999999999994,0.770745428973277,0.7696629213483146,0.7718309859154929,0.8188888888888889,0.39555555555555555
v2,V2,+1d,0.5049999999999999,0.7692307692307692,0.7708628005657708,0.7676056338028169,0.8183333333333334,0.3927777777777778
v2,V2,+1d,0.5099999999999999,0.7702127659574468,0.7757142857142857,0.7647887323943662,0.82,0.3888888888888889
v2,V2,+1d,0.5149999999999999,0.7681365576102418,0.7758620689655172,0.7605633802816901,0.8188888888888889,0.38666666666666666
v2,V2,+1d,0.5199999999999999,0.76802284082798,0.7785817655571635,0.7577464788732394,0.8194444444444444,0.3838888888888889
v2,V2,+1d,0.5249999999999999,0.7679083094555873,0.7813411078717201,0.7549295774647887,0.82,0.3811111111111111
v2,V2,+1d,0.5299999999999999,0.7677929547088426,0.7841409691629956,0.752112676056338,0.8205555555555556,0.37833333333333335
v2,V2,+1d,0.5349999999999999,0.7655571635311144,0.7872023809523809,0.7450704225352113,0.82,0.37333333333333335
v2,V2,+1d,0.5399999999999999,0.7634252539912918,0.7874251497005988,0.7408450704225352,0.8188888888888889,0.3711111111111111
v2,V2,+1d,0.5449999999999999,0.7589220684632193,0.7858220211161387,0.7338028169014085,0.8161111111111111,0.36833333333333335
v2,V2,+1d,0.5499999999999999,0.7533039647577093,0.7868098159509203,0.7225352112676057,0.8133333333333334,0.3622222222222222
v2,V2,+1d,0.5549999999999999,0.7531319086219601,0.7897990726429676,0.719718309859155,0.8138888888888889,0.35944444444444446
v2,V2,+1d,0.5599999999999999,0.7481481481481482,0.7890625,0.7112676056338029,0.8111111111111111,0.35555555555555557
v2,V2,+1d,0.565,0.7438386855862583,0.7917329093799682,0.7014084507042253,0.8094444444444444,0.34944444444444445
v2,V2,+1d,0.57,0.7421289355322338,0.7932692307692307,0.6971830985915493,0.8088888888888889,0.3466666666666667
v2,V2,+1d,0.575,0.7400150715900526,0.7957860615883307,0.6915492957746479,0.8083333333333333,0.3427777777777778
v2,V2,+1d,0.58,0.7369219105382865,0.7980295566502463,0.6845070422535211,0.8072222222222222,0.3383333333333333
v2,V2,+1d,0.585,0.7347560975609756,0.8006644518272426,0.6788732394366197,0.8066666666666666,0.33444444444444443
v2,V2,+1d,0.59,0.7302075326671791,0.8037225042301185,0.6690140845070423,0.805,0.3283333333333333
v2,V2,+1d,0.595,0.7291021671826625,0.8092783505154639,0.6633802816901408,0.8055555555555556,0.3233333333333333
v2,V2,+1d,0.6,0.7278382581648523,0.8125,0.6591549295774648,0.8055555555555556,0.32
v2,V2,+1d,0.605,0.7255668491008601,0.8154657293497364,0.6535211267605634,0.805,0.3161111111111111
v2,V2,+1d,0.61,0.7221350078492935,0.8156028368794326,0.647887323943662,0.8033333333333333,0.31333333333333335
v2,V2,+1d,0.615,0.7176656151419557,0.8154121863799283,0.6408450704225352,0.8011111111111111,0.31
v2,V2,+1d,0.62,0.7173396674584323,0.8191681735985533,0.6380281690140845,0.8016666666666666,0.30722222222222223
v2,V2,+1d,0.625,0.7170111287758347,0.822992700729927,0.6352112676056338,0.8022222222222222,0.30444444444444446
v2,V2,+1d,0.63,0.7166799680766162,0.8268876611418048,0.6323943661971831,0.8027777777777778,0.3016666666666667
v2,V2,+1d,0.635,0.7168000000000001,0.8296296296296296,0.6309859154929578,0.8033333333333333,0.3
v2,V2,+1d,0.6399999999999999,0.7158908507223114,0.832089552238806,0.6281690140845071,0.8033333333333333,0.29777777777777775
v2,V2,+1d,0.6449999999999999,0.7149758454106281,0.8345864661654135,0.6253521126760564,0.8033333333333333,0.29555555555555557
v2,V2,+1d,0.6499999999999999,0.7141700404858299,0.84,0.6211267605633802,0.8038888888888889,0.2916666666666667
v2,V2,+1d,0.6549999999999999,0.7154471544715447,0.8461538461538461,0.6197183098591549,0.8055555555555556,0.28888888888888886
v2,V2,+1d,0.6599999999999999,0.7134693877551019,0.8485436893203884,0.6154929577464788,0.805,0.2861111111111111
v2,V2,+1d,0.6649999999999999,0.7104183757178015,0.8506876227897839,0.6098591549295774,0.8038888888888889,0.2827777777777778
v2,V2,+1d,0.6699999999999999,0.7089859851607583,0.8548707753479126,0.6056338028169014,0.8038888888888889,0.27944444444444444
v2,V2,+1d,0.6749999999999999,0.7075393537696768,0.8591549295774648,0.6014084507042253,0.8038888888888889,0.2761111111111111
v2,V2,+1d,0.6799999999999999,0.7066666666666667,0.8653061224489796,0.5971830985915493,0.8044444444444444,0.2722222222222222
v2,V2,+1d,0.6849999999999999,0.7008403361344538,0.86875,0.5873239436619718,0.8022222222222222,0.26666666666666666
v2,V2,+1d,0.69,0.6987341772151898,0.871578947368421,0.5830985915492958,0.8016666666666666,0.2638888888888889
v2,V2,+1d,0.695,0.6988155668358714,0.875,0.5816901408450704,0.8022222222222222,0.26222222222222225
v2,V2,+1d,0.7,0.6956521739130435,0.8812095032397408,0.5746478873239437,0.8016666666666666,0.25722222222222224
v2,V2,+1d,0.705,0.692967409948542,0.8859649122807017,0.5690140845070423,0.8011111111111111,0.25333333333333335
v2,V2,+1d,0.71,0.6897147796024201,0.8926174496644296,0.5619718309859155,0.8005555555555556,0.24833333333333332
v2,V2,+1d,0.715,0.6875543951261968,0.8997722095671982,0.5563380281690141,0.8005555555555556,0.24388888888888888
v2,V2,+1d,0.72,0.6835664335664337,0.9009216589861752,0.5507042253521127,0.7988888888888889,0.2411111111111111
v2,V2,+1d,0.725,0.680701754385965,0.9023255813953488,0.5464788732394367,0.7977777777777778,0.2388888888888889
v2,V2,+1d,0.73,0.6801762114537444,0.908235294117647,0.543661971830986,0.7983333333333333,0.2361111111111111
v2,V2,+1d,0.735,0.6761313220940549,0.9136690647482014,0.5366197183098591,0.7972222222222223,0.23166666666666666
v2,V2,+1d,0.74,0.6720142602495544,0.9150485436893204,0.5309859154929577,0.7955555555555556,0.2288888888888889
v2,V2,+1d,0.7449999999999999,0.6666666666666666,0.916256157635468,0.523943661971831,0.7933333333333333,0.22555555555555556
v2,V2,+1d,0.7499999999999999,0.6624662466246626,0.9177057356608479,0.5183098591549296,0.7916666666666666,0.22277777777777777
v2,V2,+1d,0.7549999999999999,0.6600361663652803,0.9217171717171717,0.5140845070422535,0.7911111111111111,0.22
v2,V2,+1d,0.7599999999999999,0.6563636363636364,0.9256410256410257,0.5084507042253521,0.79,0.21666666666666667
v2,V2,+1d,0.7649999999999999,0.6489459211732357,0.9291338582677166,0.49859154929577465,0.7872222222222223,0.21166666666666667
v2,V2,+1d,0.7699999999999999,0.6414746543778801,0.928,0.49014084507042255,0.7838888888888889,0.20833333333333334
v2,V2,+1d,0.7749999999999999,0.6357738646895273,0.9295392953929539,0.4830985915492958,0.7816666666666666,0.205
v2,V2,+1d,0.7799999999999999,0.6306976744186047,0.9287671232876712,0.47746478873239434,0.7794444444444445,0.20277777777777778
v2,V2,+1d,0.7849999999999999,0.6230121608980356,0.9275766016713092,0.46901408450704224,0.7761111111111111,0.19944444444444445
v2,V2,+1d,0.7899999999999999,0.6177024482109228,0.9318181818181818,0.4619718309859155,0.7744444444444445,0.19555555555555557
v2,V2,+1d,0.7949999999999999,0.6137865911237016,0.9312320916905444,0.45774647887323944,0.7727777777777778,0.1938888888888889
v2,V2,+1d,0.7999999999999999,0.6038095238095238,0.9323529411764706,0.44647887323943664,0.7688888888888888,0.18888888888888888
v2,V2,+1d,0.8049999999999999,0.5977011494252873,0.9341317365269461,0.4394366197183099,0.7666666666666667,0.18555555555555556
v2,V2,+1d,0.8099999999999999,0.5907335907335907,0.9386503067484663,0.4309859154929577,0.7644444444444445,0.1811111111111111
v2,V2,+1d,0.815,0.5885769603097772,0.9411764705882353,0.428169014084507,0.7638888888888888,0.17944444444444443
v2,V2,+1d,0.82,0.5767350928641252,0.9424920127795527,0.4154929577464789,0.7594444444444445,0.1738888888888889
v2,V2,+1d,0.825,0.5674876847290641,0.9442622950819672,0.4056338028169014,0.7561111111111111,0.16944444444444445
v2,V2,+1d,0.83,0.5546719681908548,0.9425675675675675,0.3929577464788732,0.7511111111111111,0.16444444444444445
v2,V2,+1d,0.835,0.5503489531405783,0.9419795221843004,0.38873239436619716,0.7494444444444445,0.16277777777777777
v2,V2,+1d,0.84,0.5368314833501513,0.9466192170818505,0.37464788732394366,0.745,0.15611111111111112
v2,V2,+1d,0.845,0.5224489795918368,0.9481481481481482,0.36056338028169016,0.74,0.15
v2,V2,+1d,0.8499999999999999,0.5118191161356629,0.9467680608365019,0.35070422535211265,0.7361111111111112,0.1461111111111111
v2,V2,+1d,0.8549999999999999,0.5061983471074379,0.9496124031007752,0.34507042253521125,0.7344444444444445,0.14333333333333334
v2,V2,+1d,0.8599999999999999,0.4906054279749479,0.9475806451612904,0.33098591549295775,0.7288888888888889,0.13777777777777778
v2,V2,+1d,0.8649999999999999,0.48000000000000004,0.95,0.3211267605633803,0.7255555555555555,0.13333333333333333
v2,V2,+1d,0.8699999999999999,0.4740740740740741,0.9531914893617022,0.3154929577464789,0.7238888888888889,0.13055555555555556
v2,V2,+1d,0.8749999999999999,0.46432374866879655,0.9519650655021834,0.30704225352112674,0.7205555555555555,0.1272222222222222
v2,V2,+1d,0.8799999999999999,0.4653148345784418,0.960352422907489,0.30704225352112674,0.7216666666666667,0.12611111111111112
v2,V2,+1d,0.8849999999999999,0.4520990312163617,0.958904109589041,0.29577464788732394,0.7172222222222222,0.12166666666666667
v2,V2,+1d,0.8899999999999999,0.44708423326133906,0.9583333333333334,0.2915492957746479,0.7155555555555555,0.12
v2,V2,+1d,0.8949999999999999,0.44082519001085774,0.9620853080568721,0.2859154929577465,0.7138888888888889,0.11722222222222223
v2,V2,+1d,0.8999999999999999,0.4306010928961749,0.9609756097560975,0.2774647887323944,0.7105555555555556,0.11388888888888889
v2,V2,+1d,0.9049999999999999,0.41850220264317184,0.9595959595959596,0.2676056338028169,0.7066666666666667,0.11
v2,V2,+1d,0.9099999999999999,0.4053452115812917,0.9680851063829787,0.2563380281690141,0.7033333333333334,0.10444444444444445
v2,V2,+1d,0.9149999999999999,0.3968609865470852,0.9725274725274725,0.24929577464788732,0.7011111111111111,0.10111111111111111
v2,V2,+1d,0.9199999999999999,0.375,0.9705882352941176,0.2323943661971831,0.6944444444444444,0.09444444444444444
v2,V2,+1d,0.9249999999999999,0.3721461187214612,0.9819277108433735,0.2295774647887324,0.6944444444444444,0.09222222222222222
v2,V2,+1d,0.9299999999999999,0.34953703703703703,0.9805194805194806,0.21267605633802816,0.6877777777777778,0.08555555555555555
v2,V2,+1d,0.9349999999999999,0.33021077283372363,0.9791666666666666,0.19859154929577466,0.6822222222222222,0.08
v2,V2,+1d,0.94,0.32075471698113206,0.9855072463768116,0.19154929577464788,0.68,0.07666666666666666
v2,V2,+1d,0.945,0.30071599045346065,0.984375,0.17746478873239438,0.6744444444444444,0.07111111111111111
v2,V2,+1d,0.95,0.28640192539109505,0.9834710743801653,0.1676056338028169,0.6705555555555556,0.06722222222222222
v2,V2,+2d,0.05,0.6264418811002662,0.4572538860103627,0.9943661971830986,0.5322222222222223,0.8577777777777778
v2,V2,+2d,0.055,0.6289027653880463,0.4601827676240209,0.9929577464788732,0.5377777777777778,0.8511111111111112
v2,V2,+2d,0.06,0.6342342342342342,0.46622516556291393,0.9915492957746479,0.5488888888888889,0.8388888888888889
v2,V2,+2d,0.065,0.6378918673330304,0.4708249496981891,0.9887323943661972,0.5572222222222222,0.8283333333333334
v2,V2,+2d,0.07,0.6416475972540046,0.4752542372881356,0.9873239436619718,0.565,0.8194444444444444
v2,V2,+2d,0.075,0.6463808206546795,0.48046607265250174,0.9873239436619718,0.5738888888888889,0.8105555555555556
v2,V2,+2d,0.08,0.6486988847583643,0.4840499306518724,0.9830985915492958,0.58,0.8011111111111111
v2,V2,+2d,0.08499999999999999,0.6529466791393826,0.4887955182072829,0.9830985915492958,0.5877777777777777,0.7933333333333333
v2,V2,+2d,0.09,0.6563088512241054,0.4929278642149929,0.9816901408450704,0.5944444444444444,0.7855555555555556
v2,V2,+2d,0.095,0.6612903225806451,0.49856938483547925,0.9816901408450704,0.6033333333333334,0.7766666666666666
v2,V2,+2d,0.09999999999999999,0.6650763358778626,0.5028860028860029,0.9816901408450704,0.61,0.77
v2,V2,+2d,0.105,0.6669874879692012,0.506578947368421,0.976056338028169,0.6155555555555555,0.76
v2,V2,+2d,0.10999999999999999,0.669893514036786,0.5103244837758112,0.9746478873239437,0.6211111111111111,0.7533333333333333
v2,V2,+2d,0.11499999999999999,0.6708860759493671,0.5126488095238095,0.9704225352112676,0.6244444444444445,0.7466666666666667
v2,V2,+2d,0.12,0.671882640586797,0.5146067415730337,0.967605633802817,0.6272222222222222,0.7416666666666667
v2,V2,+2d,0.12499999999999999,0.6761811023622046,0.5196671709531013,0.967605633802817,0.6344444444444445,0.7344444444444445
v2,V2,+2d,0.13,0.6798810703666998,0.5244648318042814,0.9661971830985916,0.6411111111111111,0.7266666666666667
v2,V2,+2d,0.135,0.6846307385229542,0.5301391035548686,0.9661971830985916,0.6488888888888888,0.7188888888888889
v2,V2,+2d,0.13999999999999999,0.687374749498998,0.5334370139968896,0.9661971830985916,0.6533333333333333,0.7144444444444444
v2,V2,+2d,0.145,0.6905241935483871,0.5376766091051806,0.9647887323943662,0.6588888888888889,0.7077777777777777
v2,V2,+2d,0.14999999999999997,0.6933603649265079,0.5415676959619953,0.9633802816901409,0.6638888888888889,0.7016666666666667
v2,V2,+2d,0.15499999999999997,0.6967213114754099,0.5475040257648953,0.9577464788732394,0.6711111111111111,0.69
v2,V2,+2d,0.15999999999999998,0.6996393611540443,0.5515840779853778,0.956338028169014,0.6761111111111111,0.6838888888888889
v2,V2,+2d,0.16499999999999998,0.7005181347150259,0.5540983606557377,0.952112676056338,0.6788888888888889,0.6777777777777778
v2,V2,+2d,0.16999999999999998,0.7020280811232449,0.5564715581203628,0.9507042253521126,0.6816666666666666,0.6738888888888889
v2,V2,+2d,0.175,0.7040923399790138,0.5610367892976589,0.9450704225352112,0.6866666666666666,0.6644444444444444
v2,V2,+2d,0.18,0.706378492356352,0.5644481887110362,0.9436619718309859,0.6905555555555556,0.6594444444444445
v2,V2,+2d,0.185,0.709506107275624,0.5694799658994032,0.9408450704225352,0.6961111111111111,0.6516666666666666
v2,V2,+2d,0.19,0.7129135538954109,0.5738831615120275,0.9408450704225352,0.7011111111111111,0.6466666666666666
v2,V2,+2d,0.195,0.7146695325094035,0.577758470894874,0.9366197183098591,0.705,0.6394444444444445
v2,V2,+2d,0.19999999999999996,0.7166756610901241,0.5809273840769904,0.9352112676056338,0.7083333333333334,0.635
v2,V2,+2d,0.20499999999999996,0.720173535791757,0.5855379188712522,0.9352112676056338,0.7133333333333334,0.63
v2,V2,+2d,0.20999999999999996,0.7234972677595629,0.5910714285714286,0.9323943661971831,0.7188888888888889,0.6222222222222222
v2,V2,+2d,0.21499999999999997,0.7245739417262231,0.5942290351668169,0.928169014084507,0.7216666666666667,0.6161111111111112
v2,V2,+2d,0.21999999999999997,0.7271721084670725,0.5989061075660893,0.9253521126760563,0.7261111111111112,0.6094444444444445
v2,V2,+2d,0.22499999999999998,0.7281823235130628,0.6014692378328742,0.9225352112676056,0.7283333333333334,0.605
v2,V2,+2d,0.22999999999999998,0.7295036252091466,0.6038781163434903,0.9211267605633803,0.7305555555555555,0.6016666666666667
v2,V2,+2d,0.235,0.7293064876957494,0.6048237476808905,0.9183098591549296,0.7311111111111112,0.5988888888888889
v2,V2,+2d,0.24,0.7307476110174256,0.608044901777362,0.9154929577464789,0.7338888888888889,0.5938888888888889
v2,V2,+2d,0.245,0.7313769751693002,0.6101694915254238,0.9126760563380282,0.7355555555555555,0.59
v2,V2,+2d,0.24999999999999994,0.7327293318233297,0.6126893939393939,0.9112676056338028,0.7377777777777778,0.5866666666666667
v2,V2,+2d,0.25499999999999995,0.734624145785877,0.6166347992351816,0.9084507042253521,0.7411111111111112,0.5811111111111111
v2,V2,+2d,0.25999999999999995,0.7350917431192661,0.6199226305609284,0.9028169014084507,0.7433333333333333,0.5744444444444444
v2,V2,+2d,0.26499999999999996,0.7377521613832853,0.624390243902439,0.9014084507042254,0.7472222222222222,0.5694444444444444
v2,V2,+2d,0.26999999999999996,0.7408270238788586,0.631578947368421,0.895774647887324,0.7527777777777778,0.5594444444444444
v2,V2,+2d,0.27499999999999997,0.743859649122807,0.636,0.895774647887324,0.7566666666666667,0.5555555555555556
v2,V2,+2d,0.27999999999999997,0.7473560517038778,0.6411290322580645,0.895774647887324,0.7611111111111111,0.5511111111111111
v2,V2,+2d,0.285,0.7473435655253836,0.6432926829268293,0.8915492957746479,0.7622222222222222,0.5466666666666666
v2,V2,+2d,0.29,0.7479289940828402,0.6448979591836734,0.8901408450704226,0.7633333333333333,0.5444444444444444
v2,V2,+2d,0.295,0.7477744807121662,0.6461538461538462,0.8873239436619719,0.7638888888888888,0.5416666666666666
v2,V2,+2d,0.3,0.7479091995221028,0.6493775933609959,0.8816901408450705,0.7655555555555555,0.5355555555555556
v2,V2,+2d,0.30499999999999994,0.7466986794717887,0.6506276150627615,0.8760563380281691,0.7655555555555555,0.5311111111111111
v2,V2,+2d,0.30999999999999994,0.7469733656174333,0.6549893842887473,0.8690140845070422,0.7677777777777778,0.5233333333333333
v2,V2,+2d,0.31499999999999995,0.7469586374695864,0.6573875802997858,0.8647887323943662,0.7688888888888888,0.5188888888888888
v2,V2,+2d,0.31999999999999995,0.746487477092242,0.6591154261057174,0.8605633802816901,0.7694444444444445,0.515
v2,V2,+2d,0.32499999999999996,0.745554874310239,0.6601520086862106,0.856338028169014,0.7694444444444445,0.5116666666666667
v2,V2,+2d,0.32999999999999996,0.7446153846153845,0.6612021857923497,0.852112676056338,0.7694444444444445,0.5083333333333333
v2,V2,+2d,0.33499999999999996,0.748299319727891,0.6670341786108048,0.852112676056338,0.7738888888888888,0.5038888888888889
v2,V2,+2d,0.33999999999999997,0.7489096573208722,0.6715083798882682,0.8464788732394366,0.7761111111111111,0.49722222222222223
v2,V2,+2d,0.3449999999999999,0.7501565435190983,0.6753100338218715,0.8436619718309859,0.7783333333333333,0.49277777777777776
v2,V2,+2d,0.3499999999999999,0.7493702770780857,0.6776765375854215,0.8380281690140845,0.7788888888888889,0.48777777777777775
v2,V2,+2d,0.3549999999999999,0.7515842839036754,0.6831797235023042,0.8352112676056338,0.7822222222222223,0.4822222222222222
v2,V2,+2d,0.35999999999999993,0.749840865690643,0.6840882694541232,0.8295774647887324,0.7816666666666666,0.47833333333333333
v2,V2,+2d,0.36499999999999994,0.7503201024327786,0.687793427230047,0.8253521126760563,0.7833333333333333,0.47333333333333333
v2,V2,+2d,0.36999999999999994,0.7519280205655527,0.6914893617021277,0.823943661971831,0.7855555555555556,0.47
v2,V2,+2d,0.37499999999999994,0.7496774193548387,0.6916666666666667,0.8183098591549296,0.7844444444444445,0.4666666666666667
v2,V2,+2d,0.37999999999999995,0.7509727626459144,0.6959134615384616,0.8154929577464789,0.7866666666666666,0.4622222222222222
v2,V2,+2d,0.38499999999999995,0.7516254876462939,0.6980676328502415,0.8140845070422535,0.7877777777777778,0.46
v2,V2,+2d,0.38999999999999996,0.7527723418134377,0.701093560145808,0.8126760563380282,0.7894444444444444,0.4572222222222222
v2,V2,+2d,0.39499999999999996,0.7529411764705882,0.7024390243902439,0.8112676056338028,0.79,0.45555555555555555
v2,V2,+2d,0.3999999999999999,0.7511490479317138,0.7035670356703567,0.8056338028169014,0.7894444444444444,0.45166666666666666
v2,V2,+2d,0.4049999999999999,0.7483443708609272,0.70625,0.795774647887324,0.7888888888888889,0.4444444444444444
v2,V2,+2d,0.4099999999999999,0.7500000000000001,0.7103274559193955,0.7943661971830986,0.7911111111111111,0.4411111111111111
v2,V2,+2d,0.4149999999999999,0.7478260869565216,0.7121019108280254,0.7873239436619718,0.7905555555555556,0.4361111111111111
v2,V2,+2d,0.41999999999999993,0.7505043712172159,0.7181467181467182,0.7859154929577464,0.7938888888888889,0.43166666666666664
v2,V2,+2d,0.42499999999999993,0.7510148849797023,0.72265625,0.7816901408450704,0.7955555555555556,0.4266666666666667
v2,V2,+2d,0.42999999999999994,0.747612551159618,0.7248677248677249,0.7718309859154929,0.7944444444444444,0.42
v2,V2,+2d,0.43499999999999994,0.7484578478409869,0.7289719626168224,0.7690140845070422,0.7961111111111111,0.4161111111111111
v2,V2,+2d,0.43999999999999995,0.7463917525773196,0.7288590604026846,0.7647887323943662,0.795,0.41388888888888886
v2,V2,+2d,0.44499999999999995,0.7427385892116184,0.7296195652173914,0.7563380281690141,0.7933333333333333,0.4088888888888889
v2,V2,+2d,0.4499999999999999,0.7428967428967429,0.7312414733969986,0.7549295774647887,0.7938888888888889,0.4072222222222222
v2,V2,+2d,0.4549999999999999,0.7414634146341463,0.7337931034482759,0.7492957746478873,0.7938888888888889,0.4027777777777778
v2,V2,+2d,0.4599999999999999,0.73986013986014,0.7347222222222223,0.7450704225352113,0.7933333333333333,0.4
v2,V2,+2d,0.4649999999999999,0.7408450704225351,0.7408450704225352,0.7408450704225352,0.7955555555555556,0.39444444444444443
v2,V2,+2d,0.4699999999999999,0.7379603399433428,0.7421652421652422,0.7338028169014085,0.7944444444444444,0.39
v2,V2,+2d,0.4749999999999999,0.7348105789849894,0.7460087082728593,0.723943661971831,0.7938888888888889,0.3827777777777778
v2,V2,+2d,0.4799999999999999,0.7341954022988507,0.749266862170088,0.719718309859155,0.7944444444444444,0.3788888888888889
v2,V2,+2d,0.48499999999999993,0.7337192474674386,0.7544642857142857,0.7140845070422536,0.7955555555555556,0.37333333333333335
v2,V2,+2d,0.48999999999999994,0.7328467153284671,0.7606060606060606,0.7070422535211267,0.7966666666666666,0.36666666666666664
v2,V2,+2d,0.49499999999999994,0.7296703296703296,0.7603053435114504,0.7014084507042253,0.795,0.3638888888888889
v2,V2,+2d,0.49999999999999994,0.7308823529411764,0.7646153846153846,0.7,0.7966666666666666,0.3611111111111111
v2,V2,+2d,0.5049999999999999,0.7288888888888889,0.76875,0.6929577464788732,0.7966666666666666,0.35555555555555557
v2,V2,+2d,0.5099999999999999,0.7282204020848845,0.7725118483412322,0.6887323943661972,0.7972222222222223,0.3516666666666667
v2,V2,+2d,0.5149999999999999,0.7255048616305161,0.773524720893142,0.6830985915492958,0.7961111111111111,0.34833333333333333
v2,V2,+2d,0.5199999999999999,0.7238525206922498,0.777059773828756,0.6774647887323944,0.7961111111111111,0.3438888888888889
v2,V2,+2d,0.5249999999999999,0.7234363225320273,0.7779578606158833,0.676056338028169,0.7961111111111111,0.3427777777777778
v2,V2,+2d,0.5299999999999999,0.7232752084912814,0.7832512315270936,0.671830985915493,0.7972222222222223,0.3383333333333333
v2,V2,+2d,0.5349999999999999,0.7215865751334858,0.7870216306156406,0.6661971830985915,0.7972222222222223,0.3338888888888889
v2,V2,+2d,0.5399999999999999,0.7203065134099618,0.7899159663865546,0.6619718309859155,0.7972222222222223,0.33055555555555555
v2,V2,+2d,0.5449999999999999,0.7160493827160495,0.7918088737201365,0.6535211267605634,0.7955555555555556,0.32555555555555554
v2,V2,+2d,0.5499999999999999,0.718266253869969,0.7972508591065293,0.6535211267605634,0.7977777777777778,0.3233333333333333
v2,V2,+2d,0.5549999999999999,0.7150663544106167,0.8021015761821366,0.6450704225352113,0.7972222222222223,0.31722222222222224
v2,V2,+2d,0.5599999999999999,0.7100313479623823,0.8003533568904594,0.6380281690140845,0.7944444444444444,0.31444444444444447
v2,V2,+2d,0.565,0.7055118110236221,0.8,0.6309859154929578,0.7922222222222223,0.3111111111111111
v2,V2,+2d,0.57,0.7000000000000001,0.8018181818181818,0.6211267605633802,0.79,0.3055555555555556
v2,V2,+2d,0.575,0.699601593625498,0.8055045871559633,0.6183098591549295,0.7905555555555556,0.30277777777777776
v2,V2,+2d,0.58,0.6981585268214572,0.8089053803339518,0.6140845070422535,0.7905555555555556,0.29944444444444446
v2,V2,+2d,0.585,0.6957223567393059,0.8147448015122873,0.6070422535211267,0.7905555555555556,0.29388888888888887
v2,V2,+2d,0.59,0.6942416869424168,0.8183556405353728,0.6028169014084507,0.7905555555555556,0.29055555555555557
v2,V2,+2d,0.595,0.6916192026037429,0.8188824662813102,0.5985915492957746,0.7894444444444444,0.28833333333333333
v2,V2,+2d,0.6,0.6889795918367347,0.8194174757281554,0.5943661971830986,0.7883333333333333,0.2861111111111111
v2,V2,+2d,0.605,0.6873977086743043,0.8203125,0.5915492957746479,0.7877777777777778,0.28444444444444444
v2,V2,+2d,0.61,0.6803953871499175,0.8194444444444444,0.5816901408450704,0.7844444444444445,0.28
v2,V2,+2d,0.615,0.6809563066776587,0.8210735586481114,0.5816901408450704,0.785,0.27944444444444444
v2,V2,+2d,0.62,0.6771523178807948,0.821285140562249,0.576056338028169,0.7833333333333333,0.27666666666666667
v2,V2,+2d,0.625,0.6738949124270226,0.8261758691206544,0.5690140845070423,0.7827777777777778,0.27166666666666667
v2,V2,+2d,0.63,0.6744574290484141,0.8278688524590164,0.5690140845070423,0.7833333333333333,0.27111111111111114
v2,V2,+2d,0.635,0.6733837111670865,0.8336798336798337,0.5647887323943662,0.7838888888888889,0.26722222222222225
v2,V2,+2d,0.6399999999999999,0.6689189189189189,0.8354430379746836,0.5577464788732395,0.7822222222222223,0.2633333333333333
v2,V2,+2d,0.6449999999999999,0.6666666666666666,0.837953091684435,0.5535211267605634,0.7816666666666666,0.26055555555555554
v2,V2,+2d,0.6499999999999999,0.664965986394558,0.8390557939914163,0.5507042253521127,0.7811111111111111,0.2588888888888889
v2,V2,+2d,0.6549999999999999,0.6615384615384615,0.841304347826087,0.5450704225352113,0.78,0.25555555555555554
v2,V2,+2d,0.6599999999999999,0.6603773584905661,0.8442982456140351,0.5422535211267606,0.78,0.25333333333333335
v2,V2,+2d,0.6649999999999999,0.65514261019879,0.8478747203579419,0.5338028169014084,0.7783333333333333,0.24833333333333332
v2,V2,+2d,0.6699999999999999,0.6533449174630755,0.8526077097505669,0.5295774647887324,0.7783333333333333,0.245
v2,V2,+2d,0.6749999999999999,0.6515679442508711,0.8538812785388128,0.5267605633802817,0.7777777777777778,0.24333333333333335
v2,V2,+2d,0.6799999999999999,0.6514886164623467,0.8611111111111112,0.523943661971831,0.7788888888888889,0.24
v2,V2,+2d,0.6849999999999999,0.6520595968448729,0.8631090487238979,0.523943661971831,0.7794444444444445,0.23944444444444443
v2,V2,+2d,0.69,0.6484098939929328,0.8696682464454977,0.5169014084507042,0.7788888888888889,0.23444444444444446
v2,V2,+2d,0.695,0.6465364120781527,0.875,0.5126760563380282,0.7788888888888889,0.2311111111111111
v2,V2,+2d,0.7,0.6476868327402134,0.8792270531400966,0.5126760563380282,0.78,0.23
v2,V2,+2d,0.705,0.6427931960608774,0.8820638820638821,0.5056338028169014,0.7783333333333333,0.22611111111111112
v2,V2,+2d,0.71,0.6433063791554358,0.8883374689826302,0.504225352112676,0.7794444444444445,0.2238888888888889
v2,V2,+2d,0.715,0.6395663956639567,0.8916876574307305,0.49859154929577465,0.7783333333333333,0.22055555555555556
v2,V2,+2d,0.72,0.6357856494096277,0.8951406649616368,0.49295774647887325,0.7772222222222223,0.21722222222222223
v2,V2,+2d,0.725,0.633879781420765,0.8969072164948454,0.49014084507042255,0.7766666666666666,0.21555555555555556
v2,V2,+2d,0.73,0.6331198536139067,0.9033942558746736,0.48732394366197185,0.7772222222222223,0.2127777777777778
v2,V2,+2d,0.735,0.6310947562097518,0.9098143236074271,0.4830985915492958,0.7772222222222223,0.20944444444444443
v2,V2,+2d,0.74,0.6309963099630997,0.9144385026737968,0.48169014084507045,0.7777777777777778,0.20777777777777778
v2,V2,+2d,0.7449999999999999,0.6252319109461967,0.9157608695652174,0.47464788732394364,0.7755555555555556,0.20444444444444446
v2,V2,+2d,0.7499999999999999,0.6213953488372093,0.915068493150685,0.4704225352112676,0.7738888888888888,0.20277777777777778
v2,V2,+2d,0.7549999999999999,0.6168224299065421,0.9166666666666666,0.4647887323943662,0.7722222222222223,0.2
v2,V2,+2d,0.7599999999999999,0.6095954844778927,0.9178470254957507,0.4563380281690141,0.7694444444444445,0.19611111111111112
v2,V2,+2d,0.7649999999999999,0.6056603773584905,0.9171428571428571,0.45211267605633804,0.7677777777777778,0.19444444444444445
v2,V2,+2d,0.7699999999999999,0.5988593155893536,0.9210526315789473,0.44366197183098594,0.7655555555555555,0.19
v2,V2,+2d,0.7749999999999999,0.5927342256214149,0.9226190476190477,0.43661971830985913,0.7633333333333333,0.18666666666666668
v2,V2,+2d,0.7799999999999999,0.5832531280076997,0.9209726443768997,0.4267605633802817,0.7594444444444445,0.1827777777777778
v2,V2,+2d,0.7849999999999999,0.5766990291262136,0.928125,0.4183098591549296,0.7577777777777778,0.17777777777777778
v2,V2,+2d,0.7899999999999999,0.571150097465887,0.9272151898734177,0.4126760563380282,0.7555555555555555,0.17555555555555555
v2,V2,+2d,0.7949999999999999,0.5703125,0.9299363057324841,0.4112676056338028,0.7555555555555555,0.17444444444444446
v2,V2,+2d,0.7999999999999999,0.5647058823529412,0.9290322580645162,0.4056338028169014,0.7533333333333333,0.17222222222222222
v2,V2,+2d,0.8049999999999999,0.5504950495049504,0.9266666666666666,0.39154929577464787,0.7477777777777778,0.16666666666666666
v2,V2,+2d,0.8099999999999999,0.5443668993020937,0.931740614334471,0.3845070422535211,0.7461111111111111,0.16277777777777777
v2,V2,+2d,0.815,0.542,0.9344827586206896,0.3816901408450704,0.7455555555555555,0.16111111111111112
v2,V2,+2d,0.82,0.5307769929364279,0.9359430604982206,0.3704225352112676,0.7416666666666667,0.15611111111111112
v2,V2,+2d,0.825,0.524822695035461,0.9350180505415162,0.3647887323943662,0.7394444444444445,0.15388888888888888
v2,V2,+2d,0.83,0.5218274111675127,0.9345454545454546,0.3619718309859155,0.7383333333333333,0.1527777777777778
v2,V2,+2d,0.835,0.5142857142857143,0.9333333333333333,0.35492957746478876,0.7355555555555555,0.15
v2,V2,+2d,0.84,0.5087179487179487,0.9358490566037736,0.3492957746478873,0.7338888888888889,0.14722222222222223
v2,V2,+2d,0.845,0.5056526207605344,0.935361216730038,0.3464788732394366,0.7327777777777778,0.1461111111111111
v2,V2,+2d,0.8499999999999999,0.49533678756476685,0.9372549019607843,0.33661971830985915,0.7294444444444445,0.14166666666666666
v2,V2,+2d,0.8549999999999999,0.48535564853556484,0.943089430894309,0.3267605633802817,0.7266666666666667,0.13666666666666666
v2,V2,+2d,0.8599999999999999,0.4789915966386555,0.9421487603305785,0.3211267605633803,0.7244444444444444,0.13444444444444445
v2,V2,+2d,0.8649999999999999,0.4682203389830508,0.9444444444444444,0.3112676056338028,0.7211111111111111,0.13
v2,V2,+2d,0.8699999999999999,0.45064377682403434,0.9459459459459459,0.29577464788732394,0.7155555555555555,0.12333333333333334
v2,V2,+2d,0.8749999999999999,0.4355362946912243,0.9436619718309859,0.2830985915492958,0.7105555555555556,0.11833333333333333
v2,V2,+2d,0.8799999999999999,0.43260869565217386,0.9476190476190476,0.2802816901408451,0.71,0.11666666666666667
v2,V2,+2d,0.8849999999999999,0.42059145673603504,0.9458128078817734,0.2704225352112676,0.7061111111111111,0.11277777777777778
v2,V2,+2d,0.8899999999999999,0.41712403951701427,0.945273631840796,0.2676056338028169,0.705,0.11166666666666666
v2,V2,+2d,0.8949999999999999,0.40753045404208194,0.9533678756476683,0.2591549295774648,0.7027777777777777,0.10722222222222222
v2,V2,+2d,0.8999999999999999,0.39149888143176736,0.9510869565217391,0.24647887323943662,0.6977777777777778,0.10222222222222223
v2,V2,+2d,0.9049999999999999,0.36961451247165533,0.9476744186046512,0.2295774647887324,0.6911111111111111,0.09555555555555556
v2,V2,+2d,0.9099999999999999,0.35361653272101035,0.9565217391304348,0.21690140845070421,0.6872222222222222,0.08944444444444444
v2,V2,+2d,0.9149999999999999,0.3445086705202312,0.9612903225806452,0.20985915492957746,0.685,0.08611111111111111
v2,V2,+2d,0.9199999999999999,0.3372093023255814,0.9666666666666667,0.20422535211267606,0.6833333333333333,0.08333333333333333
v2,V2,+2d,0.9249999999999999,0.32037691401648993,0.9784172661870504,0.19154929577464788,0.6794444444444444,0.07722222222222222
v2,V2,+2d,0.9299999999999999,0.3084223013048636,0.9774436090225563,0.18309859154929578,0.6761111111111111,0.07388888888888889
v2,V2,+2d,0.9349999999999999,0.28811524609843936,0.975609756097561,0.16901408450704225,0.6705555555555556,0.06833333333333333
v2,V2,+2d,0.94,0.2736077481840194,0.9741379310344828,0.1591549295774648,0.6666666666666666,0.06444444444444444
v2,V2,+2d,0.945,0.25458996328029376,0.9719626168224299,0.14647887323943662,0.6616666666666666,0.059444444444444446
v2,V2,+2d,0.95,0.22443890274314215,0.9782608695652174,0.1267605633802817,0.6544444444444445,0.051111111111111114
v2,V2,+3d,0.05,0.6224580017683466,0.4524421593830334,0.9971671388101983,0.5255555555555556,0.8644444444444445
v2,V2,+3d,0.055,0.6260017809439002,0.4564935064935065,0.9957507082152974,0.5333333333333333,0.8555555555555555
v2,V2,+3d,0.06,0.6296462158531124,0.46037982973149966,0.9957507082152974,0.5405555555555556,0.8483333333333334
v2,V2,+3d,0.065,0.6349637681159421,0.466711051930759,0.9929178470254958,0.5522222222222222,0.8344444444444444
v2,V2,+3d,0.07,0.6363636363636364,0.4685408299866131,0.9915014164305949,0.5555555555555556,0.83
v2,V2,+3d,0.075,0.6398169336384439,0.4726166328600406,0.990084985835694,0.5627777777777778,0.8216666666666667
v2,V2,+3d,0.08,0.6442396313364055,0.4774590163934426,0.990084985835694,0.5711111111111111,0.8133333333333334
v2,V2,+3d,0.08499999999999999,0.648346530041919,0.48299791811242193,0.9858356940509915,0.5805555555555556,0.8005555555555556
v2,V2,+3d,0.09,0.6504217432052484,0.48599439775910364,0.9830028328611898,0.5855555555555556,0.7933333333333333
v2,V2,+3d,0.095,0.6543909348441925,0.49079320113314445,0.9815864022662889,0.5933333333333334,0.7844444444444445
v2,V2,+3d,0.09999999999999999,0.6562203228869896,0.49357142857142855,0.9787535410764873,0.5977777777777777,0.7777777777777778
v2,V2,+3d,0.105,0.6561453849832616,0.49530685920577616,0.9716713881019831,0.6005555555555555,0.7694444444444445
v2,V2,+3d,0.10999999999999999,0.6611969111969112,0.5014641288433382,0.9702549575070821,0.61,0.7588888888888888
v2,V2,+3d,0.11499999999999999,0.6627850557981562,0.5040590405904058,0.9674220963172805,0.6138888888888889,0.7527777777777778
v2,V2,+3d,0.12,0.669279764821166,0.5116104868913858,0.9674220963172805,0.625,0.7416666666666667
v2,V2,+3d,0.12499999999999999,0.6709233791748526,0.5135338345864662,0.9674220963172805,0.6277777777777778,0.7388888888888889
v2,V2,+3d,0.13,0.6716196136701337,0.5163747143945163,0.9603399433427762,0.6316666666666667,0.7294444444444445
v2,V2,+3d,0.135,0.674975074775673,0.5207692307692308,0.9589235127478754,0.6377777777777778,0.7222222222222222
v2,V2,+3d,0.13999999999999999,0.679037111334002,0.5256211180124224,0.9589235127478754,0.6444444444444445,0.7155555555555555
v2,V2,+3d,0.145,0.6814516129032258,0.5289514866979655,0.9575070821529745,0.6488888888888888,0.71
v2,V2,+3d,0.14999999999999997,0.6839167935058346,0.532806324110672,0.9546742209631728,0.6538888888888889,0.7027777777777777
v2,V2,+3d,0.15499999999999997,0.6884576098059244,0.5383386581469649,0.9546742209631728,0.6611111111111111,0.6955555555555556
v2,V2,+3d,0.15999999999999998,0.6920700308959834,0.5436893203883495,0.9518413597733711,0.6677777777777778,0.6866666666666666
v2,V2,+3d,0.16499999999999998,0.6911157024793388,0.5439024390243903,0.9475920679886686,0.6677777777777778,0.6833333333333333
v2,V2,+3d,0.16999999999999998,0.6940259740259741,0.5479901558654635,0.9461756373937678,0.6727777777777778,0.6772222222222222
v2,V2,+3d,0.175,0.6948798328108673,0.5504966887417219,0.9419263456090652,0.6755555555555556,0.6711111111111111
v2,V2,+3d,0.18,0.6950131233595801,0.5521267723102585,0.9376770538243626,0.6772222222222222,0.6661111111111111
v2,V2,+3d,0.185,0.6975763962065332,0.5553691275167785,0.9376770538243626,0.6811111111111111,0.6622222222222223
v2,V2,+3d,0.19,0.6994708994708995,0.558277027027027,0.9362606232294618,0.6844444444444444,0.6577777777777778
v2,V2,+3d,0.195,0.7014369345396487,0.5618073316283035,0.93342776203966,0.6883333333333334,0.6516666666666666
v2,V2,+3d,0.19999999999999996,0.7044967880085653,0.5662650602409639,0.9320113314447592,0.6933333333333334,0.6455555555555555
v2,V2,+3d,0.20499999999999996,0.706072004298764,0.5688311688311688,0.9305949008498584,0.6961111111111111,0.6416666666666667
v2,V2,+3d,0.20999999999999996,0.7083557951482479,0.5718015665796344,0.9305949008498584,0.6994444444444444,0.6383333333333333
v2,V2,+3d,0.21499999999999997,0.7095727420227149,0.573928258967629,0.9291784702549575,0.7016666666666667,0.635
v2,V2,+3d,0.21999999999999997,0.7097826086956521,0.5758377425044092,0.9249291784702549,0.7033333333333334,0.63
v2,V2,+3d,0.22499999999999998,0.7096774193548387,0.5779162956366874,0.9192634560906515,0.705,0.6238888888888889
v2,V2,+3d,0.22999999999999998,0.71326362135388,0.5832583258325833,0.9178470254957507,0.7105555555555556,0.6172222222222222
v2,V2,+3d,0.235,0.7168975069252077,0.5887170154686078,0.9164305949008499,0.7161111111111111,0.6105555555555555
v2,V2,+3d,0.24,0.7180346175321051,0.5926267281105991,0.9107648725212465,0.7194444444444444,0.6027777777777777
v2,V2,+3d,0.245,0.7194163860830527,0.595724907063197,0.9079320113314447,0.7222222222222222,0.5977777777777777
v2,V2,+3d,0.24999999999999994,0.7211267605633803,0.598690364826941,0.9065155807365439,0.725,0.5938888888888889
v2,V2,+3d,0.25499999999999995,0.7228506787330317,0.6016949152542372,0.9050991501416431,0.7277777777777777,0.59
v2,V2,+3d,0.25999999999999995,0.7211811470755252,0.6018957345971564,0.8994334277620396,0.7272222222222222,0.5861111111111111
v2,V2,+3d,0.26499999999999996,0.7244723331431832,0.606494746895893,0.8994334277620396,0.7316666666666667,0.5816666666666667
v2,V2,+3d,0.26999999999999996,0.7263339070567986,0.6104146576663452,0.896600566572238,0.735,0.5761111111111111
v2,V2,+3d,0.27499999999999997,0.7285302593659942,0.6141885325558795,0.8951841359773371,0.7383333333333333,0.5716666666666667
v2,V2,+3d,0.27999999999999997,0.7325581395348837,0.621301775147929,0.8923512747875354,0.7444444444444445,0.5633333333333334
v2,V2,+3d,0.285,0.7323943661971831,0.625250501002004,0.8838526912181303,0.7466666666666667,0.5544444444444444
v2,V2,+3d,0.29,0.7318797878609311,0.6266397578203835,0.8796033994334278,0.7472222222222222,0.5505555555555556
v2,V2,+3d,0.295,0.7317939609236236,0.6286876907426246,0.8753541076487252,0.7483333333333333,0.5461111111111111
v2,V2,+3d,0.3,0.730196545562835,0.6300102774922919,0.8682719546742209,0.7483333333333333,0.5405555555555556
v2,V2,+3d,0.30499999999999994,0.730424387328153,0.6318510858324715,0.8654390934844193,0.7494444444444445,0.5372222222222223
v2,V2,+3d,0.30999999999999994,0.7307692307692308,0.6346555323590815,0.8611898016997167,0.7511111111111111,0.5322222222222223
v2,V2,+3d,0.31499999999999995,0.7281494876431585,0.633788037775446,0.8555240793201133,0.7494444444444445,0.5294444444444445
v2,V2,+3d,0.31999999999999995,0.7285974499089253,0.6376195536663124,0.8498583569405099,0.7516666666666667,0.5227777777777778
v2,V2,+3d,0.32499999999999996,0.7269395235186317,0.6390977443609023,0.8427762039660056,0.7516666666666667,0.5172222222222222
v2,V2,+3d,0.32999999999999996,0.7263803680981594,0.6406926406926406,0.8385269121813032,0.7522222222222222,0.5133333333333333
v2,V2,+3d,0.33499999999999996,0.7276096355775171,0.6451259583789705,0.8342776203966006,0.755,0.5072222222222222
v2,V2,+3d,0.33999999999999997,0.7280647168637212,0.6492785793562708,0.8286118980169972,0.7572222222222222,0.5005555555555555
v2,V2,+3d,0.3449999999999999,0.7305764411027569,0.6550561797752809,0.8257790368271954,0.7611111111111111,0.49444444444444446
v2,V2,+3d,0.3499999999999999,0.731615336266499,0.6576271186440678,0.8243626062322946,0.7627777777777778,0.49166666666666664
v2,V2,+3d,0.3549999999999999,0.7331230283911672,0.6609783845278726,0.8229461756373938,0.765,0.48833333333333334
v2,V2,+3d,0.35999999999999993,0.7333755541481951,0.6632302405498282,0.8201133144475921,0.7661111111111111,0.485
v2,V2,+3d,0.36499999999999994,0.7337579617834394,0.6666666666666666,0.8158640226628895,0.7677777777777778,0.48
v2,V2,+3d,0.36999999999999994,0.7303010890454836,0.6666666666666666,0.8073654390934845,0.7661111111111111,0.475
v2,V2,+3d,0.37499999999999994,0.730892742453436,0.6686251468860165,0.8059490084985835,0.7672222222222222,0.4727777777777778
v2,V2,+3d,0.37999999999999995,0.7312661498708011,0.672209026128266,0.8016997167138811,0.7688888888888888,0.4677777777777778
v2,V2,+3d,0.38499999999999995,0.7302204928664073,0.6734449760765551,0.7974504249291785,0.7688888888888888,0.46444444444444444
v2,V2,+3d,0.38999999999999996,0.7307189542483661,0.6783980582524272,0.7917847025495751,0.7711111111111111,0.4577777777777778
v2,V2,+3d,0.39499999999999996,0.732764281024294,0.6829865361077111,0.7903682719546742,0.7738888888888888,0.4538888888888889
v2,V2,+3d,0.3999999999999999,0.7331571994715985,0.6868811881188119,0.7861189801699717,0.7755555555555556,0.4488888888888889
v2,V2,+3d,0.4049999999999999,0.7324503311258279,0.6878109452736318,0.78328611898017,0.7755555555555556,0.44666666666666666
v2,V2,+3d,0.4099999999999999,0.7346666666666666,0.6939546599496221,0.7804532577903682,0.7788888888888889,0.4411111111111111
v2,V2,+3d,0.4149999999999999,0.7349397590361445,0.6967005076142132,0.7776203966005666,0.78,0.43777777777777777
v2,V2,+3d,0.41999999999999993,0.738399462004035,0.7029449423815621,0.7776203966005666,0.7838888888888889,0.4338888888888889
v2,V2,+3d,0.42499999999999993,0.7369844489519946,0.705045278137128,0.7719546742209632,0.7838888888888889,0.42944444444444446
v2,V2,+3d,0.42999999999999994,0.7401360544217686,0.7120418848167539,0.7705382436260623,0.7877777777777778,0.42444444444444446
v2,V2,+3d,0.43499999999999994,0.7428180574555404,0.7182539682539683,0.7691218130311614,0.7911111111111111,0.42
v2,V2,+3d,0.43999999999999995,0.7431318681318682,0.7213333333333334,0.7662889518413598,0.7922222222222223,0.4166666666666667
v2,V2,+3d,0.44499999999999995,0.7437673130193907,0.7276422764227642,0.7606232294617564,0.7944444444444444,0.41
v2,V2,+3d,0.4499999999999999,0.7405857740585774,0.7293956043956044,0.7521246458923513,0.7933333333333333,0.40444444444444444
v2,V2,+3d,0.4549999999999999,0.7403778866340097,0.7316735822959889,0.7492917847025495,0.7938888888888889,0.40166666666666667
v2,V2,+3d,0.4599999999999999,0.7389162561576353,0.7342657342657343,0.7436260623229461,0.7938888888888889,0.3972222222222222
v2,V2,+3d,0.4649999999999999,0.7387005649717514,0.7366197183098592,0.7407932011331445,0.7944444444444444,0.39444444444444443
v2,V2,+3d,0.4699999999999999,0.7402135231316725,0.7439198855507868,0.7365439093484419,0.7972222222222223,0.3883333333333333
v2,V2,+3d,0.4749999999999999,0.7406876790830946,0.7492753623188406,0.7322946175637394,0.7988888888888889,0.38333333333333336
v2,V2,+3d,0.4799999999999999,0.7364620938628159,0.7511045655375552,0.7223796033994334,0.7972222222222223,0.37722222222222224
v2,V2,+3d,0.48499999999999993,0.7343976777939042,0.7529761904761905,0.71671388101983,0.7966666666666666,0.37333333333333335
v2,V2,+3d,0.48999999999999994,0.7299270072992702,0.7530120481927711,0.7082152974504249,0.7944444444444444,0.3688888888888889
v2,V2,+3d,0.49499999999999994,0.7316715542521994,0.7583586626139818,0.7067988668555241,0.7966666666666666,0.3655555555555556
v2,V2,+3d,0.49999999999999994,0.7210682492581603,0.7570093457943925,0.6883852691218131,0.7911111111111111,0.3566666666666667
v2,V2,+3d,0.5049999999999999,0.7202380952380951,0.7586206896551724,0.6855524079320113,0.7911111111111111,0.35444444444444445
v2,V2,+3d,0.5099999999999999,0.7200598802395208,0.7634920634920634,0.6813031161473088,0.7922222222222223,0.35
v2,V2,+3d,0.5149999999999999,0.7182569496619082,0.7648,0.6770538243626062,0.7916666666666666,0.3472222222222222
v2,V2,+3d,0.5199999999999999,0.7134238310708898,0.7629032258064516,0.669971671388102,0.7888888888888889,0.34444444444444444
v2,V2,+3d,0.5249999999999999,0.7100681302043905,0.7626016260162601,0.6643059490084986,0.7872222222222223,0.3416666666666667
v2,V2,+3d,0.5299999999999999,0.70918754745634,0.7643207855973814,0.6614730878186968,0.7872222222222223,0.33944444444444444
v2,V2,+3d,0.5349999999999999,0.7109077040427155,0.7702479338842976,0.660056657223796,0.7894444444444444,0.33611111111111114
v2,V2,+3d,0.5399999999999999,0.7049808429118773,0.7679465776293823,0.6515580736543909,0.7861111111111111,0.3327777777777778
v2,V2,+3d,0.5449999999999999,0.7000000000000001,0.765993265993266,0.6444759206798867,0.7833333333333333,0.33
v2,V2,+3d,0.5499999999999999,0.6904577191621412,0.7632933104631218,0.6303116147308782,0.7783333333333333,0.3238888888888889
v2,V2,+3d,0.5549999999999999,0.6894409937888198,0.7628865979381443,0.6288951841359773,0.7777777777777778,0.3233333333333333
v2,V2,+3d,0.5599999999999999,0.688037529319781,0.7678883071553229,0.623229461756374,0.7783333333333333,0.31833333333333336
v2,V2,+3d,0.565,0.6849960722702279,0.7689594356261023,0.6175637393767706,0.7772222222222223,0.315
v2,V2,+3d,0.57,0.6824644549763034,0.7714285714285715,0.6118980169971672,0.7766666666666666,0.3111111111111111
v2,V2,+3d,0.575,0.6804123711340206,0.772972972972973,0.6076487252124646,0.7761111111111111,0.30833333333333335
v2,V2,+3d,0.58,0.6772908366533865,0.7741347905282332,0.6019830028328612,0.775,0.305
v2,V2,+3d,0.585,0.6752205292702487,0.7781885397412199,0.5963172804532578,0.775,0.3005555555555556
v2,V2,+3d,0.59,0.6752618855761482,0.7831775700934579,0.5934844192634561,0.7761111111111111,0.2972222222222222
v2,V2,+3d,0.595,0.6709886547811993,0.7840909090909091,0.5864022662889519,0.7744444444444445,0.29333333333333333
v2,V2,+3d,0.6,0.66884176182708,0.7884615384615384,0.5807365439093485,0.7744444444444445,0.28888888888888886
v2,V2,+3d,0.605,0.6661197703035274,0.7914230019493177,0.5750708215297451,0.7738888888888888,0.285
v2,V2,+3d,0.61,0.6644573322286661,0.8003992015968064,0.5679886685552408,0.775,0.2783333333333333
v2,V2,+3d,0.615,0.6633416458852869,0.8028169014084507,0.5651558073654391,0.775,0.2761111111111111
v2,V2,+3d,0.62,0.6594142259414226,0.8057259713701431,0.5580736543909348,0.7738888888888888,0.27166666666666667
v2,V2,+3d,0.625,0.6593776282590412,0.8115942028985508,0.5552407932011332,0.775,0.2683333333333333
v2,V2,+3d,0.63,0.6565400843881856,0.8121085594989561,0.5509915014164306,0.7738888888888888,0.26611111111111113
v2,V2,+3d,0.635,0.6547921967769297,0.8160676532769556,0.546742209631728,0.7738888888888888,0.2627777777777778
v2,V2,+3d,0.6399999999999999,0.6530612244897959,0.8170212765957446,0.5439093484419264,0.7733333333333333,0.2611111111111111
v2,V2,+3d,0.6449999999999999,0.6495726495726495,0.8189655172413793,0.5382436260623229,0.7722222222222223,0.2577777777777778
v2,V2,+3d,0.6499999999999999,0.6471600688468158,0.8245614035087719,0.5325779036827195,0.7722222222222223,0.25333333333333335
v2,V2,+3d,0.6549999999999999,0.648228176318064,0.8314855875831486,0.5311614730878187,0.7738888888888888,0.25055555555555553
v2,V2,+3d,0.6599999999999999,0.6475195822454307,0.8397291196388262,0.5269121813031161,0.775,0.2461111111111111
v2,V2,+3d,0.6649999999999999,0.6432953549517966,0.8436781609195402,0.5198300283286119,0.7738888888888888,0.24166666666666667
v2,V2,+3d,0.6699999999999999,0.6390114739629303,0.8477751756440282,0.5127478753541076,0.7727777777777778,0.23722222222222222
v2,V2,+3d,0.6749999999999999,0.6317657497781722,0.8456057007125891,0.5042492917847026,0.7694444444444445,0.2338888888888889
v2,V2,+3d,0.6799999999999999,0.6273458445040214,0.8498789346246973,0.4971671388101983,0.7683333333333333,0.22944444444444445
v2,V2,+3d,0.6849999999999999,0.6217430368373765,0.8501228501228502,0.49008498583569404,0.7661111111111111,0.22611111111111112
v2,V2,+3d,0.69,0.6221821460775474,0.8560794044665012,0.4886685552407932,0.7672222222222222,0.2238888888888889
v2,V2,+3d,0.695,0.6177536231884058,0.8567839195979899,0.4830028328611898,0.7655555555555555,0.22111111111111112
v2,V2,+3d,0.7,0.6138433515482695,0.8596938775510204,0.4773371104815864,0.7644444444444445,0.21777777777777776
v2,V2,+3d,0.705,0.6136986301369862,0.8637532133676092,0.47592067988668557,0.765,0.21611111111111111
v2,V2,+3d,0.71,0.6110091743119266,0.8671875,0.471671388101983,0.7644444444444445,0.21333333333333335
v2,V2,+3d,0.715,0.6075715604801478,0.8726790450928382,0.4660056657223796,0.7638888888888888,0.20944444444444443
v2,V2,+3d,0.72,0.6055555555555555,0.8743315508021391,0.4631728045325779,0.7633333333333333,0.20777777777777778
v2,V2,+3d,0.725,0.6007462686567163,0.8797814207650273,0.45609065155807366,0.7622222222222222,0.20333333333333334
v2,V2,+3d,0.73,0.5984990619136961,0.8861111111111111,0.4518413597733711,0.7622222222222222,0.2
v2,V2,+3d,0.735,0.5882352941176471,0.8908045977011494,0.43909348441926344,0.7588888888888888,0.19333333333333333
v2,V2,+3d,0.74,0.5834127740705434,0.892128279883382,0.43342776203966005,0.7572222222222222,0.19055555555555556
v2,V2,+3d,0.7449999999999999,0.5777351247600767,0.8958333333333334,0.4263456090651558,0.7555555555555555,0.18666666666666668
v2,V2,+3d,0.7499999999999999,0.5728061716489875,0.8972809667673716,0.4206798866855524,0.7538888888888889,0.18388888888888888
v2,V2,+3d,0.7549999999999999,0.5686653771760155,0.8963414634146342,0.4164305949008499,0.7522222222222222,0.18222222222222223
v2,V2,+3d,0.7599999999999999,0.565597667638484,0.9009287925696594,0.4121813031161473,0.7516666666666667,0.17944444444444443
v2,V2,+3d,0.7649999999999999,0.56,0.8996865203761756,0.4065155807365439,0.7494444444444445,0.17722222222222223
v2,V2,+3d,0.7699999999999999,0.5557729941291585,0.8987341772151899,0.40226628895184136,0.7477777777777778,0.17555555555555555
v2,V2,+3d,0.7749999999999999,0.5526057030481809,0.9035369774919614,0.3980169971671388,0.7472222222222222,0.17277777777777778
v2,V2,+3d,0.7799999999999999,0.5470763131813677,0.9108910891089109,0.3909348441926346,0.7461111111111111,0.16833333333333333
v2,V2,+3d,0.7849999999999999,0.5467196819085487,0.9166666666666666,0.3895184135977337,0.7466666666666667,0.16666666666666666
v2,V2,+3d,0.7899999999999999,0.5405405405405406,0.9215017064846417,0.38243626062322944,0.745,0.16277777777777777
v2,V2,+3d,0.7949999999999999,0.5372233400402414,0.9270833333333334,0.3781869688385269,0.7444444444444445,0.16
v2,V2,+3d,0.7999999999999999,0.5288753799392097,0.9288256227758007,0.3696883852691218,0.7416666666666667,0.15611111111111112
v2,V2,+3d,0.8049999999999999,0.520408163265306,0.9306569343065694,0.3611898016997167,0.7388888888888889,0.15222222222222223
v2,V2,+3d,0.8099999999999999,0.5158648925281474,0.9298892988929889,0.35694050991501414,0.7372222222222222,0.15055555555555555
v2,V2,+3d,0.815,0.5087538619979404,0.9320754716981132,0.34985835694050993,0.735,0.14722222222222223
v2,V2,+3d,0.82,0.506198347107438,0.9351145038167938,0.34702549575070823,0.7344444444444445,0.14555555555555555
v2,V2,+3d,0.825,0.5015544041450778,0.9343629343629344,0.34277620396600567,0.7327777777777778,0.1438888888888889
v2,V2,+3d,0.83,0.49163179916317984,0.94,0.3328611898016997,0.73,0.1388888888888889
v2,V2,+3d,0.835,0.48370136698212407,0.9387755102040817,0.32577903682719545,0.7272222222222222,0.1361111111111111
v2,V2,+3d,0.84,0.47780126849894294,0.9416666666666667,0.32011331444759206,0.7255555555555555,0.13333333333333333
v2,V2,+3d,0.845,0.4664536741214057,0.9399141630901288,0.3101983002832861,0.7216666666666667,0.12944444444444445
v2,V2,+3d,0.8499999999999999,0.4608788853161843,0.947136563876652,0.3045325779036827,0.7205555555555555,0.12611111111111112
v2,V2,+3d,0.8549999999999999,0.45591397849462373,0.9464285714285714,0.3002832861189802,0.7188888888888889,0.12444444444444444
v2,V2,+3d,0.8599999999999999,0.44347826086956527,0.9532710280373832,0.28895184135977336,0.7155555555555555,0.11888888888888889
v2,V2,+3d,0.8649999999999999,0.4349726775956284,0.9521531100478469,0.2818696883852691,0.7127777777777777,0.11611111111111111
v2,V2,+3d,0.8699999999999999,0.4298245614035088,0.9514563106796117,0.2776203966005666,0.7111111111111111,0.11444444444444445
v2,V2,+3d,0.8749999999999999,0.4211686879823594,0.9502487562189055,0.2705382436260623,0.7083333333333334,0.11166666666666666
v2,V2,+3d,0.8799999999999999,0.41463414634146345,0.9540816326530612,0.26487252124645894,0.7066666666666667,0.10888888888888888
v2,V2,+3d,0.8849999999999999,0.4044692737430167,0.9576719576719577,0.2563739376770538,0.7038888888888889,0.105
v2,V2,+3d,0.8899999999999999,0.3864406779661017,0.9553072625698324,0.24220963172804533,0.6983333333333334,0.09944444444444445
v2,V2,+3d,0.8949999999999999,0.3836549375709421,0.9657142857142857,0.23937677053824363,0.6983333333333334,0.09722222222222222
v2,V2,+3d,0.8999999999999999,0.3762827822120866,0.9649122807017544,0.23371104815864022,0.6961111111111111,0.095
v2,V2,+3d,0.9049999999999999,0.35796766743648956,0.96875,0.21954674220963172,0.6911111111111111,0.08888888888888889
v2,V2,+3d,0.9099999999999999,0.3522595596755504,0.9681528662420382,0.21529745042492918,0.6894444444444444,0.08722222222222223
v2,V2,+3d,0.9149999999999999,0.3329425556858147,0.9659863945578231,0.20113314447592068,0.6838888888888889,0.08166666666666667
v2,V2,+3d,0.9199999999999999,0.31715976331360946,0.9640287769784173,0.18980169971671387,0.6794444444444444,0.07722222222222222
v2,V2,+3d,0.9249999999999999,0.2949640287769784,0.9609375,0.17422096317280453,0.6733333333333333,0.07111111111111111
v2,V2,+3d,0.9299999999999999,0.2766990291262136,0.9661016949152542,0.16147308781869688,0.6688888888888889,0.06555555555555556
v2,V2,+3d,0.9349999999999999,0.25552825552825553,0.9629629629629629,0.14730878186968838,0.6633333333333333,0.06
v2,V2,+3d,0.94,0.23850931677018636,0.9696969696969697,0.1359773371104816,0.6594444444444445,0.055
v2,V2,+3d,0.945,0.21437578814627997,0.9770114942528736,0.12039660056657224,0.6538888888888889,0.04833333333333333
v2,V2,+3d,0.95,0.1984732824427481,0.975,0.11048158640226628,0.65,0.044444444444444446
v2,V2,+5d,0.05,0.6189845474613687,0.44878361075544176,0.9971550497866287,0.5205555555555555,0.8677777777777778
v2,V2,+5d,0.055,0.6228342958685029,0.4528423772609819,0.9971550497866287,0.5283333333333333,0.86
v2,V2,+5d,0.06,0.6284177498879426,0.4587696335078534,0.9971550497866287,0.5394444444444444,0.8488888888888889
v2,V2,+5d,0.065,0.6305329719963866,0.4619457313037723,0.9928876244665719,0.5455555555555556,0.8394444444444444
v2,V2,+5d,0.07,0.6344576116681859,0.46680080482897385,0.9900426742532006,0.5544444444444444,0.8283333333333334
v2,V2,+5d,0.075,0.6382393397524072,0.4709066305818674,0.9900426742532006,0.5616666666666666,0.8211111111111111
v2,V2,+5d,0.08,0.6404805914972274,0.47433264887063653,0.9857752489331437,0.5677777777777778,0.8116666666666666
v2,V2,+5d,0.08499999999999999,0.6427573358174196,0.4778393351800554,0.9815078236130867,0.5738888888888889,0.8022222222222222
v2,V2,+5d,0.09,0.6454033771106943,0.4814555633310007,0.9786628733997155,0.58,0.7938888888888889
v2,V2,+5d,0.095,0.6453132359868111,0.4823943661971831,0.9743954480796586,0.5816666666666667,0.7888888888888889
v2,V2,+5d,0.09999999999999999,0.6498812351543943,0.48787446504992865,0.972972972972973,0.5905555555555555,0.7788888888888889
v2,V2,+5d,0.105,0.6491897044804577,0.4881720430107527,0.968705547652916,0.5911111111111111,0.775
v2,V2,+5d,0.10999999999999999,0.6503597122302158,0.4905933429811867,0.9644381223328592,0.595,0.7677777777777778
v2,V2,+5d,0.11499999999999999,0.6509161041465766,0.4923413566739606,0.9601706970128022,0.5977777777777777,0.7616666666666667
v2,V2,+5d,0.12,0.6527643064985451,0.4952170713760118,0.957325746799431,0.6022222222222222,0.755
v2,V2,+5d,0.12499999999999999,0.6546692607003892,0.49741315594974134,0.957325746799431,0.6055555555555555,0.7516666666666667
v2,V2,+5d,0.13,0.6572127139364303,0.5007451564828614,0.9559032716927454,0.6105555555555555,0.7455555555555555
v2,V2,+5d,0.135,0.6604330708661418,0.5048908954100828,0.9544807965860598,0.6166666666666667,0.7383333333333333
v2,V2,+5d,0.13999999999999999,0.6623762376237625,0.5079726651480638,0.9516358463726885,0.6211111111111111,0.7316666666666667
v2,V2,+5d,0.145,0.6640159045725645,0.5103132161955691,0.9502133712660028,0.6244444444444445,0.7272222222222222
v2,V2,+5d,0.14999999999999997,0.6666666666666667,0.5138674884437596,0.9487908961593172,0.6294444444444445,0.7211111111111111
v2,V2,+5d,0.15499999999999997,0.6690140845070423,0.5175097276264592,0.9459459459459459,0.6344444444444445,0.7138888888888889
v2,V2,+5d,0.15999999999999998,0.669021190716448,0.5183737294761532,0.9431009957325747,0.6355555555555555,0.7105555555555556
v2,V2,+5d,0.16499999999999998,0.6724137931034482,0.5224586288416075,0.9431009957325747,0.6411111111111111,0.705
v2,V2,+5d,0.16999999999999998,0.6734486266531028,0.5241488519398259,0.9416785206258891,0.6433333333333333,0.7016666666666667
v2,V2,+5d,0.175,0.6765913757700206,0.5293172690763053,0.9374110953058321,0.65,0.6916666666666667
v2,V2,+5d,0.18,0.6793814432989691,0.5327405012126112,0.9374110953058321,0.6544444444444445,0.6872222222222222
v2,V2,+5d,0.185,0.6832814122533749,0.5380212591986917,0.9359886201991465,0.6611111111111111,0.6794444444444444
v2,V2,+5d,0.19,0.6865515436944009,0.543046357615894,0.9331436699857752,0.6672222222222223,0.6711111111111111
v2,V2,+5d,0.195,0.6880589163598106,0.5459098497495827,0.930298719772404,0.6705555555555556,0.6655555555555556
v2,V2,+5d,0.19999999999999996,0.6888536714210249,0.5478991596638656,0.9274537695590327,0.6727777777777778,0.6611111111111111
v2,V2,+5d,0.20499999999999996,0.6907545164718386,0.5513146734520781,0.9246088193456614,0.6766666666666666,0.655
v2,V2,+5d,0.20999999999999996,0.693048128342246,0.5552699228791774,0.9217638691322901,0.6811111111111111,0.6483333333333333
v2,V2,+5d,0.21499999999999997,0.6928034371643396,0.5565142364106989,0.9174964438122333,0.6822222222222222,0.6438888888888888
v2,V2,+5d,0.21999999999999997,0.6954177897574124,0.5598958333333334,0.9174964438122333,0.6861111111111111,0.64
v2,V2,+5d,0.22499999999999998,0.696969696969697,0.5624454148471616,0.9160739687055477,0.6888888888888889,0.6361111111111111
v2,V2,+5d,0.22999999999999998,0.6942779291553133,0.5627208480565371,0.9061166429587483,0.6883333333333334,0.6288888888888889
v2,V2,+5d,0.235,0.6957946477334789,0.5647163120567376,0.9061166429587483,0.6905555555555556,0.6266666666666667
v2,V2,+5d,0.24,0.6967032967032967,0.567591763652641,0.9018492176386913,0.6933333333333334,0.6205555555555555
v2,V2,+5d,0.245,0.6983951300498065,0.5715579710144928,0.8975817923186344,0.6972222222222222,0.6133333333333333
v2,V2,+5d,0.24999999999999994,0.7007218212104386,0.5746812386156649,0.8975817923186344,0.7005555555555556,0.61
v2,V2,+5d,0.25499999999999995,0.7027932960893855,0.578656853725851,0.8947368421052632,0.7044444444444444,0.6038888888888889
v2,V2,+5d,0.25999999999999995,0.7044307347167695,0.5814814814814815,0.8933143669985776,0.7072222222222222,0.6
v2,V2,+5d,0.26499999999999996,0.7058159232072276,0.5852059925093633,0.8890469416785206,0.7105555555555556,0.5933333333333334
v2,V2,+5d,0.26999999999999996,0.7075525269733105,0.5888468809073724,0.8862019914651493,0.7138888888888889,0.5877777777777777
v2,V2,+5d,0.27499999999999997,0.7096406160867084,0.5923809523809523,0.8847795163584637,0.7172222222222222,0.5833333333333334
v2,V2,+5d,0.27999999999999997,0.7122343480758185,0.5973025048169557,0.8819345661450925,0.7216666666666667,0.5766666666666667
v2,V2,+5d,0.285,0.7133757961783439,0.6015625,0.8762446657183499,0.725,0.5688888888888889
v2,V2,+5d,0.29,0.7155322862129146,0.6053149606299213,0.8748221906116643,0.7283333333333334,0.5644444444444444
v2,V2,+5d,0.295,0.7162083089526039,0.6083499005964215,0.8705547652916074,0.7305555555555555,0.5588888888888889
v2,V2,+5d,0.3,0.7168922895821072,0.6114457831325302,0.8662873399715505,0.7327777777777778,0.5533333333333333
v2,V2,+5d,0.30499999999999994,0.7180094786729857,0.6152284263959391,0.8620199146514936,0.7355555555555555,0.5472222222222223
v2,V2,+5d,0.30999999999999994,0.7214285714285715,0.6202661207778914,0.8620199146514936,0.74,0.5427777777777778
v2,V2,+5d,0.31499999999999995,0.7213900539245057,0.6231884057971014,0.8563300142247511,0.7416666666666667,0.5366666666666666
v2,V2,+5d,0.31999999999999995,0.7261761158021715,0.6303664921465969,0.8563300142247511,0.7477777777777778,0.5305555555555556
v2,V2,+5d,0.32499999999999996,0.7281553398058253,0.6349206349206349,0.8534850640113798,0.7511111111111111,0.525
v2,V2,+5d,0.32999999999999996,0.7295980511571255,0.6379126730564431,0.8520625889046942,0.7533333333333333,0.5216666666666666
v2,V2,+5d,0.33499999999999996,0.7302752293577981,0.6405579399141631,0.8492176386913229,0.755,0.5177777777777778
v2,V2,+5d,0.33999999999999997,0.7292817679558011,0.6414686825053996,0.844950213371266,0.755,0.5144444444444445
v2,V2,+5d,0.3449999999999999,0.7276096355775169,0.6430131004366813,0.8378378378378378,0.755,0.5088888888888888
v2,V2,+5d,0.3499999999999999,0.7261462205700123,0.6432491767288694,0.833570412517781,0.7544444444444445,0.5061111111111111
v2,V2,+5d,0.3549999999999999,0.7289719626168224,0.6485587583148559,0.8321479374110953,0.7583333333333333,0.5011111111111111
v2,V2,+5d,0.35999999999999993,0.7311557788944725,0.6546681664791901,0.8278805120910384,0.7622222222222222,0.4938888888888889
v2,V2,+5d,0.36499999999999994,0.7318611987381705,0.6575963718820862,0.8250355618776671,0.7638888888888888,0.49
v2,V2,+5d,0.36999999999999994,0.7317691819911224,0.6601830663615561,0.8207681365576103,0.765,0.4855555555555556
v2,V2,+5d,0.37499999999999994,0.7308673469387755,0.6624277456647398,0.8150782361308677,0.7655555555555555,0.48055555555555557
v2,V2,+5d,0.37999999999999995,0.7342747111681643,0.6690058479532164,0.813655761024182,0.77,0.475
v2,V2,+5d,0.38499999999999995,0.7353509336767547,0.6717647058823529,0.8122332859174964,0.7716666666666666,0.4722222222222222
v2,V2,+5d,0.38999999999999996,0.7328145265888457,0.6734207389749702,0.8036984352773826,0.7711111111111111,0.4661111111111111
v2,V2,+5d,0.39499999999999996,0.7361563517915308,0.6790865384615384,0.8036984352773826,0.775,0.4622222222222222
v2,V2,+5d,0.3999999999999999,0.7345597897503285,0.6825396825396826,0.7951635846372689,0.7755555555555556,0.455
v2,V2,+5d,0.4049999999999999,0.7351778656126483,0.6846625766871166,0.7937411095305832,0.7766666666666666,0.4527777777777778
v2,V2,+5d,0.4099999999999999,0.7347480106100795,0.6881987577639752,0.7880512091038406,0.7777777777777778,0.44722222222222224
v2,V2,+5d,0.4149999999999999,0.732,0.6888331242158093,0.7809388335704125,0.7766666666666666,0.44277777777777777
v2,V2,+5d,0.41999999999999993,0.7322623828647924,0.6915297092288243,0.7780938833570412,0.7777777777777778,0.43944444444444447
v2,V2,+5d,0.42499999999999993,0.7340067340067339,0.69693094629156,0.7752489331436699,0.7805555555555556,0.43444444444444447
v2,V2,+5d,0.42999999999999994,0.7347767253044656,0.7006451612903226,0.7724039829302988,0.7822222222222223,0.4305555555555556
v2,V2,+5d,0.43499999999999994,0.7328348062542487,0.7018229166666666,0.7667140825035562,0.7816666666666666,0.4266666666666667
v2,V2,+5d,0.43999999999999995,0.7332421340629274,0.7061923583662714,0.7624466571834992,0.7833333333333333,0.4216666666666667
v2,V2,+5d,0.44499999999999995,0.7340206185567011,0.7101063829787234,0.7596017069701281,0.785,0.4177777777777778
v2,V2,+5d,0.4499999999999999,0.7340720221606648,0.7152496626180836,0.7539118065433855,0.7866666666666666,0.4116666666666667
v2,V2,+5d,0.4549999999999999,0.7347222222222222,0.7177747625508819,0.7524893314366998,0.7877777777777778,0.40944444444444444
v2,V2,+5d,0.4599999999999999,0.7324929971988796,0.7213793103448276,0.7439544807965861,0.7877777777777778,0.4027777777777778
v2,V2,+5d,0.4649999999999999,0.7322557976106817,0.7236111111111111,0.7411095305832148,0.7883333333333333,0.4
v2,V2,+5d,0.4699999999999999,0.7293286219081273,0.7247191011235955,0.7339971550497866,0.7872222222222223,0.39555555555555555
v2,V2,+5d,0.4749999999999999,0.7271438695960312,0.7245762711864406,0.7297297297297297,0.7861111111111111,0.3933333333333333
v2,V2,+5d,0.4799999999999999,0.7229778095919829,0.7276657060518732,0.7183499288762447,0.785,0.38555555555555554
v2,V2,+5d,0.48499999999999993,0.722822174226062,0.7317784256559767,0.7140825035561877,0.7861111111111111,0.3811111111111111
v2,V2,+5d,0.48999999999999994,0.7179115300942712,0.7322485207100592,0.7041251778093883,0.7838888888888889,0.37555555555555553
v2,V2,+5d,0.49499999999999994,0.7149122807017543,0.7353383458646616,0.6955903271692745,0.7833333333333333,0.36944444444444446
v2,V2,+5d,0.49999999999999994,0.7121879588839941,0.7359635811836115,0.689900426742532,0.7822222222222223,0.3661111111111111
v2,V2,+5d,0.5049999999999999,0.7129151291512915,0.74079754601227,0.6870554765291608,0.7838888888888889,0.3622222222222222
v2,V2,+5d,0.5099999999999999,0.7133283693224124,0.7484375,0.6813655761024182,0.7861111111111111,0.35555555555555557
v2,V2,+5d,0.5149999999999999,0.7111777944486121,0.7523809523809524,0.6742532005689901,0.7861111111111111,0.35
v2,V2,+5d,0.5199999999999999,0.708018154311649,0.7560581583198708,0.6657183499288762,0.7855555555555556,0.3438888888888889
v2,V2,+5d,0.5249999999999999,0.7038167938931297,0.7594728171334432,0.6557610241820768,0.7844444444444445,0.3372222222222222
v2,V2,+5d,0.5299999999999999,0.7024539877300613,0.762063227953411,0.65149359886202,0.7844444444444445,0.3338888888888889
v2,V2,+5d,0.5349999999999999,0.6959876543209876,0.760539629005059,0.6415362731152204,0.7811111111111111,0.32944444444444443
v2,V2,+5d,0.5399999999999999,0.6920684292379471,0.7632933104631218,0.6330014224751067,0.78,0.3238888888888889
v2,V2,+5d,0.5449999999999999,0.6932084309133489,0.7681660899653979,0.631578947368421,0.7816666666666666,0.3211111111111111
v2,V2,+5d,0.5499999999999999,0.691764705882353,0.7709790209790209,0.6273115220483642,0.7816666666666666,0.31777777777777777
v2,V2,+5d,0.5549999999999999,0.6907946498819827,0.772887323943662,0.6244665718349929,0.7816666666666666,0.31555555555555553
v2,V2,+5d,0.5599999999999999,0.6856690419635788,0.7732142857142857,0.615931721194879,0.7794444444444445,0.3111111111111111
v2,V2,+5d,0.565,0.6878980891719745,0.7811934900542495,0.6145092460881935,0.7822222222222223,0.30722222222222223
v2,V2,+5d,0.57,0.688,0.7861060329067642,0.6116642958748222,0.7833333333333333,0.3038888888888889
v2,V2,+5d,0.575,0.6854838709677419,0.7914338919925512,0.604551920341394,0.7833333333333333,0.29833333333333334
v2,V2,+5d,0.58,0.6797066014669927,0.7958015267175572,0.5931721194879089,0.7816666666666666,0.2911111111111111
v2,V2,+5d,0.585,0.6776045939294504,0.8003875968992248,0.5874822190611664,0.7816666666666666,0.2866666666666667
v2,V2,+5d,0.59,0.6776586974443529,0.8058823529411765,0.5846372688477952,0.7827777777777778,0.2833333333333333
v2,V2,+5d,0.595,0.6738589211618257,0.8087649402390438,0.577524893314367,0.7816666666666666,0.2788888888888889
v2,V2,+5d,0.6,0.6722268557130943,0.8125,0.5732574679943101,0.7816666666666666,0.27555555555555555
v2,V2,+5d,0.605,0.6677852348993288,0.8139059304703476,0.566145092460882,0.78,0.27166666666666667
v2,V2,+5d,0.61,0.6644182124789206,0.8157349896480331,0.5604551920341394,0.7788888888888889,0.2683333333333333
v2,V2,+5d,0.615,0.6632739609838847,0.8214285714285714,0.5561877667140825,0.7794444444444445,0.2644444444444444
v2,V2,+5d,0.62,0.6604095563139932,0.8251599147121536,0.55049786628734,0.7788888888888889,0.26055555555555554
v2,V2,+5d,0.625,0.6563838903170522,0.8254310344827587,0.5448079658605974,0.7772222222222223,0.2577777777777778
v2,V2,+5d,0.63,0.6424242424242425,0.8207964601769911,0.5277382645803699,0.7705555555555555,0.2511111111111111
v2,V2,+5d,0.635,0.6388888888888888,0.8195991091314031,0.5234708392603129,0.7688888888888888,0.24944444444444444
v2,V2,+5d,0.6399999999999999,0.6328671328671328,0.8208616780045351,0.5149359886201992,0.7666666666666667,0.245
v2,V2,+5d,0.6449999999999999,0.6309314586994728,0.825287356321839,0.5106685633001422,0.7666666666666667,0.24166666666666667
v2,V2,+5d,0.6499999999999999,0.6294326241134752,0.8352941176470589,0.5049786628733998,0.7677777777777778,0.2361111111111111
v2,V2,+5d,0.6549999999999999,0.6219839142091153,0.8365384615384616,0.4950213371266003,0.765,0.2311111111111111
v2,V2,+5d,0.6599999999999999,0.6175942549371634,0.8369829683698297,0.48933143669985774,0.7633333333333333,0.22833333333333333
v2,V2,+5d,0.6649999999999999,0.6110607434270173,0.8425,0.4793741109530583,0.7616666666666667,0.2222222222222222
v2,V2,+5d,0.6699999999999999,0.6071103008204193,0.8451776649746193,0.47368421052631576,0.7605555555555555,0.21888888888888888
v2,V2,+5d,0.6749999999999999,0.6018348623853211,0.8475452196382429,0.4665718349928876,0.7588888888888888,0.215
v2,V2,+5d,0.6799999999999999,0.5912882298424467,0.848404255319149,0.45376955903271693,0.755,0.2088888888888889
v2,V2,+5d,0.6849999999999999,0.5897674418604651,0.8521505376344086,0.45092460881934565,0.755,0.20666666666666667
v2,V2,+5d,0.69,0.5823970037453183,0.852054794520548,0.4423897581792319,0.7522222222222222,0.20277777777777778
v2,V2,+5d,0.695,0.5760151085930123,0.8567415730337079,0.43385490753911804,0.7505555555555555,0.19777777777777777
v2,V2,+5d,0.7,0.5711574952561669,0.8575498575498576,0.42816500711237554,0.7488888888888889,0.195
v2,V2,+5d,0.705,0.5607655502392345,0.8567251461988304,0.4167852062588905,0.745,0.19
v2,V2,+5d,0.71,0.5582290664100097,0.8630952380952381,0.41251778093883357,0.745,0.18666666666666668
v2,V2,+5d,0.715,0.5481049562682215,0.8650306748466258,0.4011379800853485,0.7416666666666667,0.1811111111111111
v2,V2,+5d,0.72,0.5426052889324192,0.8710691823899371,0.3940256045519203,0.7405555555555555,0.17666666666666667
v2,V2,+5d,0.725,0.5375494071146245,0.8802588996763754,0.3869132290184922,0.74,0.17166666666666666
v2,V2,+5d,0.73,0.5278884462151394,0.8803986710963455,0.37695590327169276,0.7366666666666667,0.16722222222222222
v2,V2,+5d,0.735,0.5225225225225225,0.8817567567567568,0.3712660028449502,0.735,0.16444444444444445
v2,V2,+5d,0.74,0.5180722891566265,0.8805460750853242,0.3669985775248933,0.7333333333333333,0.16277777777777777
v2,V2,+5d,0.7449999999999999,0.5040650406504066,0.8825622775800712,0.352773826458037,0.7288888888888889,0.15611111111111112
v2,V2,+5d,0.7499999999999999,0.4969325153374233,0.8836363636363637,0.3456614509246088,0.7266666666666667,0.1527777777777778
v2,V2,+5d,0.7549999999999999,0.484472049689441,0.8897338403041825,0.3328591749644381,0.7233333333333334,0.1461111111111111
v2,V2,+5d,0.7599999999999999,0.47708333333333336,0.8910505836575876,0.32574679943101,0.7211111111111111,0.14277777777777778
v2,V2,+5d,0.7649999999999999,0.4631578947368422,0.8906882591093117,0.3129445234708393,0.7166666666666667,0.13722222222222222
v2,V2,+5d,0.7699999999999999,0.44680851063829785,0.8860759493670886,0.29871977240398295,0.7111111111111111,0.13166666666666665
v2,V2,+5d,0.7749999999999999,0.44017094017094016,0.8841201716738197,0.2930298719772404,0.7088888888888889,0.12944444444444445
v2,V2,+5d,0.7799999999999999,0.4305705059203444,0.8849557522123894,0.2844950213371266,0.7061111111111111,0.12555555555555556
v2,V2,+5d,0.7849999999999999,0.42299349240780915,0.8904109589041096,0.2773826458036984,0.7044444444444444,0.12166666666666667
v2,V2,+5d,0.7899999999999999,0.4161220043572985,0.8883720930232558,0.2716927453769559,0.7022222222222222,0.11944444444444445
v2,V2,+5d,0.7949999999999999,0.41182913472070104,0.8952380952380953,0.267425320056899,0.7016666666666667,0.11666666666666667
v2,V2,+5d,0.7999999999999999,0.40528634361233473,0.8975609756097561,0.26173541963015645,0.7,0.11388888888888889
v2,V2,+5d,0.8049999999999999,0.40044247787610615,0.900497512437811,0.2574679943100996,0.6988888888888889,0.11166666666666666
v2,V2,+5d,0.8099999999999999,0.3888268156424581,0.90625,0.24751066856330015,0.6961111111111111,0.10666666666666667
v2,V2,+5d,0.815,0.3792325056433408,0.9180327868852459,0.23897581792318634,0.6944444444444444,0.10166666666666667
v2,V2,+5d,0.82,0.37272727272727274,0.9265536723163842,0.2332859174964438,0.6933333333333334,0.09833333333333333
v2,V2,+5d,0.825,0.3657142857142857,0.9302325581395349,0.22759601706970128,0.6916666666666667,0.09555555555555556
v2,V2,+5d,0.83,0.3619702176403207,0.9294117647058824,0.22475106685633,0.6905555555555556,0.09444444444444444
v2,V2,+5d,0.835,0.3563218390804598,0.9281437125748503,0.22048364153627312,0.6888888888888889,0.09277777777777778
v2,V2,+5d,0.84,0.35103926096997695,0.9325153374233128,0.21621621621621623,0.6877777777777778,0.09055555555555556
v2,V2,+5d,0.845,0.3337222870478413,0.9285714285714286,0.2034139402560455,0.6827777777777778,0.08555555555555555
v2,V2,+5d,0.8499999999999999,0.323943661971831,0.9261744966442953,0.19630156472261737,0.68,0.08277777777777778
v2,V2,+5d,0.8549999999999999,0.3104265402843602,0.9290780141843972,0.18634423897581792,0.6766666666666666,0.07833333333333334
v2,V2,+5d,0.8599999999999999,0.3031026252983293,0.9407407407407408,0.1806543385490754,0.6755555555555556,0.075
v2,V2,+5d,0.8649999999999999,0.28674698795180725,0.937007874015748,0.16927453769559034,0.6711111111111111,0.07055555555555555
v2,V2,+5d,0.8699999999999999,0.284680337756333,0.9365079365079365,0.1678520625889047,0.6705555555555556,0.07
v2,V2,+5d,0.8749999999999999,0.27878787878787875,0.9426229508196722,0.16358463726884778,0.6694444444444444,0.06777777777777778
v2,V2,+5d,0.8799999999999999,0.2661782661782662,0.9396551724137931,0.155049786628734,0.6661111111111111,0.06444444444444444
v2,V2,+5d,0.8849999999999999,0.25980392156862747,0.9380530973451328,0.1507823613086771,0.6644444444444444,0.06277777777777778
v2,V2,+5d,0.8899999999999999,0.2456575682382134,0.9611650485436893,0.14082503556187767,0.6622222222222223,0.05722222222222222
v2,V2,+5d,0.8949999999999999,0.23470661672908866,0.9591836734693877,0.1337126600284495,0.6594444444444445,0.05444444444444444
v2,V2,+5d,0.8999999999999999,0.21969696969696972,0.9775280898876404,0.12375533428165007,0.6566666666666666,0.049444444444444444
v2,V2,+5d,0.9049999999999999,0.2038216560509554,0.975609756097561,0.11379800853485064,0.6527777777777778,0.04555555555555556
v2,V2,+5d,0.9099999999999999,0.19693094629156008,0.9746835443037974,0.10953058321479374,0.6511111111111111,0.04388888888888889
v2,V2,+5d,0.9149999999999999,0.18532818532818532,0.972972972972973,0.10241820768136557,0.6483333333333333,0.04111111111111111
v2,V2,+5d,0.9199999999999999,0.1806451612903226,0.9722222222222222,0.09957325746799431,0.6472222222222223,0.04
v2,V2,+5d,0.9249999999999999,0.1640625,0.9692307692307692,0.08961593172119488,0.6433333333333333,0.03611111111111111
v2,V2,+5d,0.9299999999999999,0.15203145478374835,0.9666666666666667,0.08250355618776671,0.6405555555555555,0.03333333333333333
v2,V2,+5d,0.9349999999999999,0.14756258234519104,1.0,0.07965860597439545,0.6405555555555555,0.03111111111111111
v2,V2,+5d,0.94,0.1278295605858855,1.0,0.06827880512091039,0.6361111111111111,0.02666666666666667
v2,V2,+5d,0.945,0.11780455153949129,1.0,0.06258890469416785,0.6338888888888888,0.024444444444444446
v2,V2,+5d,0.95,0.10767160161507403,1.0,0.05689900426742532,0.6316666666666667,0.022222222222222223
v2,V2,+7d,0.05,0.5896870868223887,0.419435736677116,0.9925816023738873,0.48277777777777775,0.8861111111111111
v2,V2,+7d,0.055,0.5915742793791574,0.42188488298545224,0.9896142433234422,0.48833333333333334,0.8783333333333333
v2,V2,+7d,0.06,0.5955357142857143,0.42592592592592593,0.9896142433234422,0.49666666666666665,0.87
v2,V2,+7d,0.065,0.6003600360036003,0.43087855297157623,0.9896142433234422,0.5066666666666667,0.86
v2,V2,+7d,0.07,0.6035342093339374,0.4344422700587084,0.9881305637982196,0.5138888888888888,0.8516666666666667
v2,V2,+7d,0.075,0.6057298772169167,0.4367213114754098,0.9881305637982196,0.5183333333333333,0.8472222222222222
v2,V2,+7d,0.08,0.6098901098901099,0.4410596026490066,0.9881305637982196,0.5266666666666666,0.8388888888888889
v2,V2,+7d,0.08499999999999999,0.6119815668202765,0.44385026737967914,0.9851632047477745,0.5322222222222223,0.8311111111111111
v2,V2,+7d,0.09,0.6147426981919332,0.4470667565745111,0.983679525222552,0.5383333333333333,0.8238888888888889
v2,V2,+7d,0.095,0.6184701492537313,0.45102040816326533,0.983679525222552,0.5455555555555556,0.8166666666666667
v2,V2,+7d,0.09999999999999999,0.6204960224613945,0.4531784005468216,0.983679525222552,0.5494444444444444,0.8127777777777778
v2,V2,+7d,0.105,0.6234626300851466,0.4576388888888889,0.9777448071216617,0.5577777777777778,0.8
v2,V2,+7d,0.10999999999999999,0.6254752851711026,0.46013986013986014,0.9762611275964391,0.5622222222222222,0.7944444444444444
v2,V2,+7d,0.11499999999999999,0.6278625954198473,0.46272855133614627,0.9762611275964391,0.5666666666666667,0.79
v2,V2,+7d,0.12,0.6308209313490158,0.46628814762242726,0.9747774480712166,0.5727777777777778,0.7827777777777778
v2,V2,+7d,0.12499999999999999,0.6337687469762942,0.47020818377602297,0.9718100890207715,0.5794444444444444,0.7738888888888888
v2,V2,+7d,0.13,0.6351219512195122,0.4731104651162791,0.9658753709198813,0.5844444444444444,0.7644444444444445
v2,V2,+7d,0.135,0.6394490900147566,0.4782928623988227,0.9643916913946587,0.5927777777777777,0.755
v2,V2,+7d,0.13999999999999999,0.6444554947787171,0.4846671652954376,0.9614243323442137,0.6027777777777777,0.7427777777777778
v2,V2,+7d,0.145,0.6482133870156014,0.49047981721249045,0.9554896142433235,0.6116666666666667,0.7294444444444445
v2,V2,+7d,0.14999999999999997,0.6494427558257345,0.4930769230769231,0.9510385756676558,0.6155555555555555,0.7222222222222222
v2,V2,+7d,0.15499999999999997,0.6537084398976981,0.49882903981264637,0.9480712166172107,0.6238888888888889,0.7116666666666667
v2,V2,+7d,0.15999999999999998,0.6563307493540051,0.5035685963521015,0.9421364985163204,0.6305555555555555,0.7005555555555556
v2,V2,+7d,0.16499999999999998,0.6562662506500261,0.5052041633306645,0.9362017804154302,0.6327777777777778,0.6938888888888889
v2,V2,+7d,0.16999999999999998,0.6575773466177243,0.5085158150851582,0.93026706231454,0.6372222222222222,0.685
v2,V2,+7d,0.175,0.6603275224511358,0.5127153404429861,0.9272997032640949,0.6427777777777778,0.6772222222222222
v2,V2,+7d,0.18,0.6617179215270413,0.5148514851485149,0.9258160237388724,0.6455555555555555,0.6733333333333333
v2,V2,+7d,0.185,0.6638297872340426,0.5174129353233831,0.9258160237388724,0.6488888888888888,0.67
v2,V2,+7d,0.19,0.6688172043010752,0.524451939291737,0.9228486646884273,0.6577777777777778,0.6588888888888889
v2,V2,+7d,0.195,0.6699081577525661,0.5267629566694987,0.9198813056379822,0.6605555555555556,0.6538888888888889
v2,V2,+7d,0.19999999999999996,0.6699293094072866,0.5287553648068669,0.913946587537092,0.6627777777777778,0.6472222222222223
v2,V2,+7d,0.20499999999999996,0.6703176341730559,0.53125,0.9080118694362018,0.6655555555555556,0.64
v2,V2,+7d,0.20999999999999996,0.6732782369146005,0.5354951796669588,0.9065281899109793,0.6705555555555556,0.6338888888888888
v2,V2,+7d,0.21499999999999997,0.6744315030504714,0.5385296722763507,0.9020771513353115,0.6738888888888889,0.6272222222222222
v2,V2,+7d,0.21999999999999997,0.6782122905027933,0.5439068100358423,0.900593471810089,0.68,0.62
v2,V2,+7d,0.22499999999999998,0.6816901408450704,0.5495004541326067,0.8976261127596439,0.6861111111111111,0.6116666666666667
v2,V2,+7d,0.22999999999999998,0.6810198300283286,0.5508707607699358,0.8916913946587537,0.6872222222222222,0.6061111111111112
v2,V2,+7d,0.235,0.6829545454545455,0.5534069981583793,0.8916913946587537,0.69,0.6033333333333334
v2,V2,+7d,0.24,0.6872498570611778,0.5590697674418604,0.8916913946587537,0.6961111111111111,0.5972222222222222
v2,V2,+7d,0.245,0.6892590465249857,0.5623242736644799,0.8902077151335311,0.6994444444444444,0.5927777777777777
v2,V2,+7d,0.24999999999999994,0.6924408540103866,0.56657223796034,0.8902077151335311,0.7038888888888889,0.5883333333333334
v2,V2,+7d,0.25499999999999995,0.6918165989553104,0.5681601525262154,0.884272997032641,0.705,0.5827777777777777
v2,V2,+7d,0.25999999999999995,0.6935201401050788,0.5717035611164581,0.8813056379821959,0.7083333333333334,0.5772222222222222
v2,V2,+7d,0.26499999999999996,0.6955503512880562,0.574468085106383,0.8813056379821959,0.7111111111111111,0.5744444444444444
v2,V2,+7d,0.26999999999999996,0.6972369194591418,0.5774099318403116,0.8798219584569733,0.7138888888888889,0.5705555555555556
v2,V2,+7d,0.27499999999999997,0.6998223801065719,0.5822660098522168,0.8768545994065282,0.7183333333333334,0.5638888888888889
v2,V2,+7d,0.27999999999999997,0.7011289364230541,0.5847373637264618,0.8753709198813057,0.7205555555555555,0.5605555555555556
v2,V2,+7d,0.285,0.702089552238806,0.5874125874125874,0.8724035608308606,0.7227777777777777,0.5561111111111111
v2,V2,+7d,0.29,0.7019230769230771,0.5898989898989899,0.8664688427299704,0.7244444444444444,0.55
v2,V2,+7d,0.295,0.7024096385542168,0.5912778904665315,0.8649851632047477,0.7255555555555555,0.5477777777777778
v2,V2,+7d,0.3,0.7042424242424242,0.5952868852459017,0.8620178041543026,0.7288888888888889,0.5422222222222223
v2,V2,+7d,0.30499999999999994,0.7045177045177045,0.5985477178423236,0.8560830860534124,0.7311111111111112,0.5355555555555556
v2,V2,+7d,0.30999999999999994,0.7075413856529738,0.6029258098223615,0.8560830860534124,0.735,0.5316666666666666
v2,V2,+7d,0.31499999999999995,0.7068965517241379,0.6042105263157894,0.8516320474777448,0.7355555555555555,0.5277777777777778
v2,V2,+7d,0.31999999999999995,0.7058823529411765,0.6057385759829969,0.8456973293768546,0.7361111111111112,0.5227777777777778
v2,V2,+7d,0.32499999999999996,0.7077881619937696,0.6100966702470462,0.8427299703264095,0.7394444444444445,0.5172222222222222
v2,V2,+7d,0.32999999999999996,0.707942464040025,0.6118918918918919,0.8397626112759644,0.7405555555555555,0.5138888888888888
v2,V2,+7d,0.33499999999999996,0.7093534212178281,0.6147986942328618,0.8382789317507419,0.7427777777777778,0.5105555555555555
v2,V2,+7d,0.33999999999999997,0.7111390811831341,0.6174863387978142,0.8382789317507419,0.745,0.5083333333333333
v2,V2,+7d,0.3449999999999999,0.7113076437144663,0.6193619361936193,0.8353115727002968,0.7461111111111111,0.505
v2,V2,+7d,0.3499999999999999,0.7114774889029803,0.6212624584717608,0.8323442136498517,0.7472222222222222,0.5016666666666667
v2,V2,+7d,0.3549999999999999,0.710006373486297,0.6223463687150838,0.8264094955489614,0.7472222222222222,0.49722222222222223
v2,V2,+7d,0.35999999999999993,0.7093469910371318,0.6238738738738738,0.8219584569732937,0.7477777777777778,0.49333333333333335
v2,V2,+7d,0.36499999999999994,0.7107969151670951,0.626984126984127,0.8204747774480712,0.75,0.49
v2,V2,+7d,0.36999999999999994,0.7104247104247104,0.6272727272727273,0.8189910979228486,0.75,0.4888888888888889
v2,V2,+7d,0.37499999999999994,0.7118863049095607,0.6304347826086957,0.8175074183976261,0.7522222222222222,0.4855555555555556
v2,V2,+7d,0.37999999999999995,0.7137305699481865,0.6333333333333333,0.8175074183976261,0.7544444444444445,0.48333333333333334
v2,V2,+7d,0.38499999999999995,0.7154046997389033,0.6386946386946387,0.8130563798219584,0.7577777777777778,0.4766666666666667
v2,V2,+7d,0.38999999999999996,0.7155963302752294,0.6408450704225352,0.8100890207715133,0.7588888888888888,0.47333333333333333
v2,V2,+7d,0.39499999999999996,0.716358839050132,0.6448931116389549,0.8056379821958457,0.7611111111111111,0.4677777777777778
v2,V2,+7d,0.3999999999999999,0.7185628742514971,0.6513872135102533,0.8011869436201781,0.765,0.46055555555555555
v2,V2,+7d,0.4049999999999999,0.7189805499664654,0.6560587515299877,0.7952522255192879,0.7672222222222222,0.4538888888888889
v2,V2,+7d,0.4099999999999999,0.7196765498652291,0.6592592592592592,0.7922848664688428,0.7688888888888888,0.45
v2,V2,+7d,0.4149999999999999,0.7182620502376104,0.6620775969962454,0.7848664688427299,0.7694444444444445,0.4438888888888889
v2,V2,+7d,0.41999999999999993,0.7171097477845945,0.6633039092055486,0.7804154302670623,0.7694444444444445,0.44055555555555553
v2,V2,+7d,0.42499999999999993,0.7187928669410151,0.6683673469387755,0.7774480712166172,0.7722222222222223,0.43555555555555553
v2,V2,+7d,0.42999999999999994,0.7172413793103448,0.6701030927835051,0.771513353115727,0.7722222222222223,0.4311111111111111
v2,V2,+7d,0.43499999999999994,0.7162726008344923,0.6740837696335078,0.7640949554896143,0.7733333333333333,0.42444444444444446
v2,V2,+7d,0.43999999999999995,0.7165850244926523,0.6781456953642384,0.7596439169139466,0.775,0.41944444444444445
v2,V2,+7d,0.44499999999999995,0.7159971811134601,0.6818791946308724,0.7537091988130564,0.7761111111111111,0.41388888888888886
v2,V2,+7d,0.4499999999999999,0.7146892655367232,0.6819407008086253,0.7507418397626113,0.7755555555555556,0.4122222222222222
v2,V2,+7d,0.4549999999999999,0.7129695251594614,0.6824966078697422,0.7462908011869436,0.775,0.40944444444444444
v2,V2,+7d,0.4599999999999999,0.7130681818181818,0.6839237057220708,0.744807121661721,0.7755555555555556,0.4077777777777778
v2,V2,+7d,0.4649999999999999,0.7118402282453637,0.6854395604395604,0.7403560830860534,0.7755555555555556,0.40444444444444444
v2,V2,+7d,0.4699999999999999,0.7116212338593975,0.6888888888888889,0.7359050445103857,0.7766666666666666,0.4
v2,V2,+7d,0.4749999999999999,0.7133574007220217,0.6947960618846695,0.7329376854599406,0.7794444444444445,0.395
v2,V2,+7d,0.4799999999999999,0.7137654770575381,0.7010014306151645,0.7270029673590505,0.7816666666666666,0.3883333333333333
v2,V2,+7d,0.48499999999999993,0.7160674981658107,0.7082728592162555,0.7240356083086054,0.785,0.3827777777777778
v2,V2,+7d,0.48999999999999994,0.7153392330383481,0.7111436950146628,0.7195845697329377,0.7855555555555556,0.3788888888888889
v2,V2,+7d,0.49499999999999994,0.714603409933284,0.7140740740740741,0.7151335311572701,0.7861111111111111,0.375
v2,V2,+7d,0.49999999999999994,0.7106446776611693,0.7181818181818181,0.7032640949554896,0.7855555555555556,0.36666666666666664
v2,V2,+7d,0.5049999999999999,0.7083647324792767,0.7197549770290965,0.6973293768545994,0.785,0.36277777777777775
v2,V2,+7d,0.5099999999999999,0.707482993197279,0.7211093990755008,0.6943620178041543,0.785,0.3605555555555556
v2,V2,+7d,0.5149999999999999,0.70918754745634,0.7262830482115086,0.6928783382789317,0.7872222222222223,0.3572222222222222
v2,V2,+7d,0.5199999999999999,0.7075038284839205,0.7310126582278481,0.685459940652819,0.7877777777777778,0.3511111111111111
v2,V2,+7d,0.5249999999999999,0.7042471042471043,0.7342995169082126,0.6765578635014837,0.7872222222222223,0.345
v2,V2,+7d,0.5299999999999999,0.7013188518231187,0.734959349593496,0.6706231454005934,0.7861111111111111,0.3416666666666667
v2,V2,+7d,0.5349999999999999,0.7,0.7392739273927392,0.6646884272997032,0.7866666666666666,0.33666666666666667
v2,V2,+7d,0.5399999999999999,0.6983372921615202,0.7487266553480475,0.6543026706231454,0.7883333333333333,0.32722222222222225
v2,V2,+7d,0.5449999999999999,0.696969696969697,0.753448275862069,0.6483679525222552,0.7888888888888889,0.32222222222222224
v2,V2,+7d,0.5499999999999999,0.6977491961414791,0.7614035087719299,0.6439169139465876,0.7911111111111111,0.31666666666666665
v2,V2,+7d,0.5549999999999999,0.6941747572815534,0.7633451957295374,0.6364985163204748,0.79,0.31222222222222223
v2,V2,+7d,0.5599999999999999,0.6937449228269699,0.7666068222621185,0.6335311572700296,0.7905555555555556,0.30944444444444447
v2,V2,+7d,0.565,0.6927465362673186,0.7685352622061483,0.6305637982195845,0.7905555555555556,0.30722222222222223
v2,V2,+7d,0.57,0.6917416189697464,0.7704918032786885,0.6275964391691394,0.7905555555555556,0.305
v2,V2,+7d,0.575,0.6918032786885245,0.7728937728937729,0.6261127596439169,0.7911111111111111,0.30333333333333334
v2,V2,+7d,0.58,0.6896551724137931,0.7720588235294118,0.6231454005934718,0.79,0.3022222222222222
v2,V2,+7d,0.585,0.6821192052980132,0.7715355805243446,0.6112759643916914,0.7866666666666666,0.2966666666666667
v2,V2,+7d,0.59,0.6761032472939218,0.7703984819734345,0.6023738872403561,0.7838888888888889,0.2927777777777778
v2,V2,+7d,0.595,0.6755852842809366,0.7739463601532567,0.599406528189911,0.7844444444444445,0.29
v2,V2,+7d,0.6,0.6745164003364171,0.7786407766990291,0.5949554896142433,0.785,0.2861111111111111
v2,V2,+7d,0.605,0.6711979609175871,0.7852882703777336,0.586053412462908,0.785,0.27944444444444444
v2,V2,+7d,0.61,0.6649528706083977,0.7870182555780934,0.5756676557863502,0.7827777777777778,0.2738888888888889
v2,V2,+7d,0.615,0.6580310880829016,0.7871900826446281,0.5652818991097923,0.78,0.2688888888888889
v2,V2,+7d,0.62,0.6527777777777778,0.7866108786610879,0.5578635014836796,0.7777777777777778,0.26555555555555554
v2,V2,+7d,0.625,0.6516072980017376,0.7861635220125787,0.5563798219584569,0.7772222222222223,0.265
v2,V2,+7d,0.63,0.646288209606987,0.7855626326963907,0.5489614243323442,0.775,0.26166666666666666
v2,V2,+7d,0.635,0.6427320490367775,0.7841880341880342,0.5445103857566765,0.7733333333333333,0.26
v2,V2,+7d,0.6399999999999999,0.6378854625550662,0.7852494577006508,0.5370919881305638,0.7716666666666666,0.2561111111111111
v2,V2,+7d,0.6449999999999999,0.6336283185840708,0.7850877192982456,0.5311572700296736,0.77,0.25333333333333335
v2,V2,+7d,0.6499999999999999,0.6280107047279215,0.7874720357941835,0.5222551928783383,0.7683333333333333,0.24833333333333332
v2,V2,+7d,0.6549999999999999,0.6253369272237196,0.7927107061503417,0.516320474777448,0.7683333333333333,0.24388888888888888
v2,V2,+7d,0.6599999999999999,0.6190045248868778,0.7935034802784223,0.5074183976261127,0.7661111111111111,0.23944444444444443
v2,V2,+7d,0.6649999999999999,0.6169244767970883,0.7976470588235294,0.5029673590504451,0.7661111111111111,0.2361111111111111
v2,V2,+7d,0.6699999999999999,0.6118721461187215,0.7957244655581948,0.4970326409495549,0.7638888888888888,0.2338888888888889
v2,V2,+7d,0.6749999999999999,0.6053357865685373,0.7966101694915254,0.48813056379821956,0.7616666666666667,0.22944444444444445
v2,V2,+7d,0.6799999999999999,0.6024096385542168,0.8024691358024691,0.4821958456973294,0.7616666666666667,0.225
v2,V2,+7d,0.6849999999999999,0.5975723622782446,0.8060453400503779,0.47477744807121663,0.7605555555555555,0.22055555555555556
v2,V2,+7d,0.69,0.5907808090310442,0.8071979434447301,0.4658753709198813,0.7583333333333333,0.21611111111111111
v2,V2,+7d,0.695,0.5844402277039848,0.8105263157894737,0.456973293768546,0.7566666666666667,0.2111111111111111
v2,V2,+7d,0.7,0.5771812080536912,0.8157181571815718,0.4465875370919881,0.755,0.205
v2,V2,+7d,0.705,0.5689488910318226,0.8126721763085399,0.43768545994065283,0.7516666666666667,0.20166666666666666
v2,V2,+7d,0.71,0.5658914728682171,0.8156424581005587,0.4332344213649852,0.7511111111111111,0.1988888888888889
v2,V2,+7d,0.715,0.5617103984450923,0.8140845070422535,0.4287833827893175,0.7494444444444445,0.19722222222222222
v2,V2,+7d,0.72,0.5591397849462366,0.8194842406876791,0.42433234421364985,0.7494444444444445,0.1938888888888889
v2,V2,+7d,0.725,0.5488647581441264,0.8200589970501475,0.4124629080118694,0.7461111111111111,0.18833333333333332
v2,V2,+7d,0.73,0.5479723046488625,0.8219584569732937,0.41097922848664686,0.7461111111111111,0.18722222222222223
v2,V2,+7d,0.735,0.5429141716566867,0.8292682926829268,0.4035608308605341,0.7455555555555555,0.18222222222222223
v2,V2,+7d,0.74,0.5405405405405406,0.8307692307692308,0.40059347181008903,0.745,0.18055555555555555
v2,V2,+7d,0.7449999999999999,0.5337361530715005,0.8307210031347962,0.39317507418397624,0.7427777777777778,0.17722222222222223
v2,V2,+7d,0.7499999999999999,0.5224489795918368,0.8366013071895425,0.3798219584569733,0.74,0.17
v2,V2,+7d,0.7549999999999999,0.5179856115107914,0.842809364548495,0.37388724035608306,0.7394444444444445,0.1661111111111111
v2,V2,+7d,0.7599999999999999,0.5098445595854922,0.845360824742268,0.3649851632047478,0.7372222222222222,0.16166666666666665
v2,V2,+7d,0.7649999999999999,0.4994775339602926,0.8445229681978799,0.3545994065281899,0.7338888888888889,0.15722222222222224
v2,V2,+7d,0.7699999999999999,0.4941921858500528,0.8571428571428571,0.34718100890207715,0.7338888888888889,0.15166666666666667
v2,V2,+7d,0.7749999999999999,0.48775292864749736,0.8641509433962264,0.3397626112759644,0.7327777777777778,0.14722222222222223
v2,V2,+7d,0.7799999999999999,0.47802786709539125,0.861003861003861,0.33086053412462907,0.7294444444444445,0.1438888888888889
v2,V2,+7d,0.7849999999999999,0.4698275862068966,0.8582677165354331,0.32344213649851633,0.7266666666666667,0.1411111111111111
v2,V2,+7d,0.7899999999999999,0.4630434782608695,0.8658536585365854,0.31602373887240354,0.7255555555555555,0.13666666666666666
v2,V2,+7d,0.7949999999999999,0.4585152838427948,0.8677685950413223,0.3115727002967359,0.7244444444444444,0.13444444444444445
v2,V2,+7d,0.7999999999999999,0.456140350877193,0.8739495798319328,0.3086053412462908,0.7244444444444444,0.1322222222222222
v2,V2,+7d,0.8049999999999999,0.44690265486725667,0.8782608695652174,0.2997032640949555,0.7222222222222222,0.12777777777777777
v2,V2,+7d,0.8099999999999999,0.4375,0.8828828828828829,0.29080118694362017,0.72,0.12333333333333334
v2,V2,+7d,0.815,0.42921348314606744,0.8842592592592593,0.28338278931750743,0.7177777777777777,0.12
v2,V2,+7d,0.82,0.42081447963800905,0.8857142857142857,0.27596439169139464,0.7155555555555555,0.11666666666666667
v2,V2,+7d,0.825,0.41230068337129844,0.8872549019607843,0.2685459940652819,0.7133333333333334,0.11333333333333333
v2,V2,+7d,0.83,0.4073226544622426,0.89,0.26409495548961426,0.7122222222222222,0.1111111111111111
v2,V2,+7d,0.835,0.37995337995337997,0.8858695652173914,0.24183976261127596,0.7044444444444444,0.10222222222222223
v2,V2,+7d,0.84,0.37411764705882355,0.9034090909090909,0.23590504451038577,0.7044444444444444,0.09777777777777778
v2,V2,+7d,0.845,0.36104513064133015,0.9047619047619048,0.22551928783382788,0.7011111111111111,0.09333333333333334
v2,V2,+7d,0.8499999999999999,0.34970059880239523,0.906832298136646,0.2166172106824926,0.6983333333333334,0.08944444444444444
v2,V2,+7d,0.8549999999999999,0.3389830508474576,0.9210526315789473,0.20771513353115728,0.6966666666666667,0.08444444444444445
v2,V2,+7d,0.8599999999999999,0.3357664233576642,0.9324324324324325,0.20474777448071216,0.6966666666666667,0.08222222222222222
v2,V2,+7d,0.8649999999999999,0.31527093596059114,0.927536231884058,0.18991097922848665,0.6911111111111111,0.07666666666666666
v2,V2,+7d,0.8699999999999999,0.2992518703241896,0.9375,0.17804154302670624,0.6877777777777778,0.07111111111111111
v2,V2,+7d,0.8749999999999999,0.29712858926342073,0.937007874015748,0.17655786350148367,0.6872222222222222,0.07055555555555555
v2,V2,+7d,0.8799999999999999,0.27226463104325704,0.9553571428571429,0.15875370919881307,0.6822222222222222,0.06222222222222222
v2,V2,+7d,0.8849999999999999,0.258974358974359,0.9528301886792453,0.14985163204747776,0.6788888888888889,0.058888888888888886
v2,V2,+7d,0.8899999999999999,0.24806201550387597,0.96,0.142433234421365,0.6766666666666666,0.05555555555555555
v2,V2,+7d,0.8949999999999999,0.2277486910994764,0.9666666666666667,0.129080118694362,0.6722222222222223,0.05
v2,V2,+7d,0.8999999999999999,0.19759679572763686,0.9866666666666667,0.10979228486646884,0.6661111111111111,0.041666666666666664
v2,V2,+7d,0.9049999999999999,0.18548387096774194,0.9857142857142858,0.10237388724035608,0.6633333333333333,0.03888888888888889
v2,V2,+7d,0.9099999999999999,0.18059299191374664,0.9852941176470589,0.09940652818991098,0.6622222222222223,0.03777777777777778
v2,V2,+7d,0.9149999999999999,0.17073170731707316,0.984375,0.09347181008902077,0.66,0.035555555555555556
v2,V2,+7d,0.9199999999999999,0.15321477428180574,0.9824561403508771,0.0830860534124629,0.6561111111111111,0.03166666666666667
v2,V2,+7d,0.9249999999999999,0.13793103448275862,0.9803921568627451,0.07418397626112759,0.6527777777777778,0.028333333333333332
v2,V2,+7d,0.9299999999999999,0.13278008298755187,0.9795918367346939,0.0712166172106825,0.6516666666666666,0.02722222222222222
v2,V2,+7d,0.9349999999999999,0.12760055478502083,0.9787234042553191,0.06824925816023739,0.6505555555555556,0.026111111111111113
v2,V2,+7d,0.94,0.11188811188811189,0.975609756097561,0.05934718100890208,0.6472222222222223,0.02277777777777778
v2,V2,+7d,0.945,0.10659186535764376,0.9743589743589743,0.05637982195845697,0.6461111111111111,0.021666666666666667
v2,V2,+7d,0.95,0.10393258426966291,0.9736842105263158,0.05489614243323442,0.6455555555555555,0.021111111111111112
spatial,V2.3 Spatial,+1d,0.05,0.6481994459833795,0.48214285714285715,0.9887323943661972,0.5766666666666667,0.8088888888888889
spatial,V2.3 Spatial,+1d,0.055,0.6544943820224719,0.4901823281907433,0.9845070422535211,0.59,0.7922222222222223
spatial,V2.3 Spatial,+1d,0.06,0.662873399715505,0.4996426018584703,0.9845070422535211,0.605,0.7772222222222223
spatial,V2.3 Spatial,+1d,0.065,0.6679444178246287,0.5061728395061729,0.9816901408450704,0.615,0.765
spatial,V2.3 Spatial,+1d,0.07,0.6705202312138728,0.5095168374816984,0.9802816901408451,0.62,0.7588888888888888
spatial,V2.3 Spatial,+1d,0.075,0.6754002911208151,0.5151739452257587,0.9802816901408451,0.6283333333333333,0.7505555555555555
spatial,V2.3 Spatial,+1d,0.08,0.6780487804878048,0.5186567164179104,0.9788732394366197,0.6333333333333333,0.7444444444444445
spatial,V2.3 Spatial,+1d,0.08499999999999999,0.6794117647058824,0.5210526315789473,0.976056338028169,0.6366666666666667,0.7388888888888889
spatial,V2.3 Spatial,+1d,0.09,0.6837691169215591,0.5261958997722096,0.976056338028169,0.6438888888888888,0.7316666666666667
spatial,V2.3 Spatial,+1d,0.095,0.6905829596412556,0.5343099460292984,0.976056338028169,0.655,0.7205555555555555
spatial,V2.3 Spatial,+1d,0.09999999999999999,0.6961325966850829,0.5409836065573771,0.976056338028169,0.6638888888888889,0.7116666666666667
spatial,V2.3 Spatial,+1d,0.105,0.7000000000000001,0.5456692913385827,0.976056338028169,0.67,0.7055555555555556
spatial,V2.3 Spatial,+1d,0.10999999999999999,0.7028948704926358,0.5496425734710088,0.9746478873239437,0.675,0.6994444444444444
spatial,V2.3 Spatial,+1d,0.11499999999999999,0.7043832823649336,0.5519169329073482,0.9732394366197183,0.6777777777777778,0.6955555555555556
spatial,V2.3 Spatial,+1d,0.12,0.7066052227342551,0.5551086082059533,0.971830985915493,0.6816666666666666,0.6905555555555556
spatial,V2.3 Spatial,+1d,0.12499999999999999,0.7091469681397738,0.558252427184466,0.971830985915493,0.6855555555555556,0.6866666666666666
spatial,V2.3 Spatial,+1d,0.13,0.7101449275362318,0.5613747954173486,0.9661971830985916,0.6888888888888889,0.6788888888888889
spatial,V2.3 Spatial,+1d,0.135,0.712799167533819,0.5651815181518152,0.9647887323943662,0.6933333333333334,0.6733333333333333
spatial,V2.3 Spatial,+1d,0.13999999999999999,0.7125717266562337,0.5658657829328915,0.9619718309859155,0.6938888888888889,0.6705555555555556
spatial,V2.3 Spatial,+1d,0.145,0.7156348373557189,0.5702341137123745,0.9605633802816902,0.6988888888888889,0.6644444444444444
spatial,V2.3 Spatial,+1d,0.14999999999999997,0.716842105263158,0.5722689075630252,0.9591549295774648,0.7011111111111111,0.6611111111111111
spatial,V2.3 Spatial,+1d,0.15499999999999997,0.7172995780590717,0.5733558178752108,0.9577464788732394,0.7022222222222222,0.6588888888888889
spatial,V2.3 Spatial,+1d,0.15999999999999998,0.7178401270513499,0.5750636132315522,0.9549295774647887,0.7038888888888889,0.655
spatial,V2.3 Spatial,+1d,0.16499999999999998,0.7217484008528784,0.5806174957118353,0.9535211267605633,0.71,0.6477777777777778
spatial,V2.3 Spatial,+1d,0.16999999999999998,0.7217158176943699,0.5826839826839827,0.9478873239436619,0.7116666666666667,0.6416666666666667
spatial,V2.3 Spatial,+1d,0.175,0.7233584499461786,0.5853658536585366,0.9464788732394366,0.7144444444444444,0.6377777777777778
spatial,V2.3 Spatial,+1d,0.18,0.7247160627366144,0.5882352941176471,0.9436619718309859,0.7172222222222222,0.6327777777777778
spatial,V2.3 Spatial,+1d,0.185,0.727865290602933,0.5923961096374889,0.9436619718309859,0.7216666666666667,0.6283333333333333
spatial,V2.3 Spatial,+1d,0.19,0.7295528898582334,0.5951957295373665,0.9422535211267605,0.7244444444444444,0.6244444444444445
spatial,V2.3 Spatial,+1d,0.195,0.732054794520548,0.5991031390134529,0.9408450704225352,0.7283333333333334,0.6194444444444445
spatial,V2.3 Spatial,+1d,0.19999999999999996,0.7330764997248213,0.6016260162601627,0.9380281690140845,0.7305555555555555,0.615
spatial,V2.3 Spatial,+1d,0.20499999999999996,0.7337016574585635,0.6036363636363636,0.9352112676056338,0.7322222222222222,0.6111111111111112
spatial,V2.3 Spatial,+1d,0.20999999999999996,0.7339246119733924,0.6051188299817185,0.9323943661971831,0.7333333333333333,0.6077777777777778
spatial,V2.3 Spatial,+1d,0.21499999999999997,0.7369007803790413,0.6097785977859779,0.9309859154929577,0.7377777777777778,0.6022222222222222
spatial,V2.3 Spatial,+1d,0.21999999999999997,0.7394957983193277,0.6139534883720931,0.9295774647887324,0.7416666666666667,0.5972222222222222
spatial,V2.3 Spatial,+1d,0.22499999999999998,0.7418263810597521,0.618421052631579,0.9267605633802817,0.7455555555555555,0.5911111111111111
spatial,V2.3 Spatial,+1d,0.22999999999999998,0.7429218573046433,0.6212121212121212,0.923943661971831,0.7477777777777778,0.5866666666666667
spatial,V2.3 Spatial,+1d,0.235,0.745164960182025,0.625,0.9225352112676056,0.7511111111111111,0.5822222222222222
spatial,V2.3 Spatial,+1d,0.24,0.7451428571428571,0.6269230769230769,0.9183098591549296,0.7522222222222222,0.5777777777777777
spatial,V2.3 Spatial,+1d,0.245,0.746131805157593,0.6289855072463768,0.9169014084507042,0.7538888888888889,0.575
spatial,V2.3 Spatial,+1d,0.24999999999999994,0.7475560667050029,0.6316812439261419,0.9154929577464789,0.7561111111111111,0.5716666666666667
spatial,V2.3 Spatial,+1d,0.25499999999999995,0.7479768786127169,0.634313725490196,0.9112676056338028,0.7577777777777778,0.5666666666666667
spatial,V2.3 Spatial,+1d,0.25999999999999995,0.747239976757699,0.636003956478734,0.9056338028169014,0.7583333333333333,0.5616666666666666
spatial,V2.3 Spatial,+1d,0.26499999999999996,0.7488317757009346,0.6397205588822356,0.9028169014084507,0.7611111111111111,0.5566666666666666
spatial,V2.3 Spatial,+1d,0.26999999999999996,0.7495601173020529,0.6422110552763819,0.9,0.7627777777777778,0.5527777777777778
spatial,V2.3 Spatial,+1d,0.27499999999999997,0.75,0.6428571428571429,0.9,0.7633333333333333,0.5522222222222222
spatial,V2.3 Spatial,+1d,0.27999999999999997,0.7511792452830188,0.6460446247464503,0.8971830985915493,0.7655555555555555,0.5477777777777778
spatial,V2.3 Spatial,+1d,0.285,0.7483718176435761,0.6455566905005107,0.8901408450704226,0.7638888888888888,0.5438888888888889
spatial,V2.3 Spatial,+1d,0.29,0.7489614243323441,0.6471794871794871,0.8887323943661972,0.765,0.5416666666666666
spatial,V2.3 Spatial,+1d,0.295,0.751196172248804,0.6528066528066528,0.8845070422535212,0.7688888888888888,0.5344444444444445
spatial,V2.3 Spatial,+1d,0.3,0.751951951951952,0.6554973821989529,0.8816901408450705,0.7705555555555555,0.5305555555555556
spatial,V2.3 Spatial,+1d,0.30499999999999994,0.752870090634441,0.6592592592592592,0.8774647887323944,0.7727777777777778,0.525
spatial,V2.3 Spatial,+1d,0.30999999999999994,0.7556094602789569,0.663471778487753,0.8774647887323944,0.7761111111111111,0.5216666666666666
spatial,V2.3 Spatial,+1d,0.31499999999999995,0.7571515520389531,0.6666666666666666,0.8760563380281691,0.7783333333333333,0.5183333333333333
spatial,V2.3 Spatial,+1d,0.31999999999999995,0.7577791336180599,0.6684607104413348,0.8746478873239436,0.7794444444444445,0.5161111111111111
spatial,V2.3 Spatial,+1d,0.32499999999999996,0.7619631901840491,0.675,0.8746478873239436,0.7844444444444445,0.5111111111111111
spatial,V2.3 Spatial,+1d,0.32999999999999996,0.7590881084411583,0.6746987951807228,0.8676056338028169,0.7827777777777778,0.5072222222222222
spatial,V2.3 Spatial,+1d,0.33499999999999996,0.7601977750309022,0.6773127753303965,0.8661971830985915,0.7844444444444445,0.5044444444444445
spatial,V2.3 Spatial,+1d,0.33999999999999997,0.761609907120743,0.6795580110497238,0.8661971830985915,0.7861111111111111,0.5027777777777778
spatial,V2.3 Spatial,+1d,0.3449999999999999,0.7624378109452737,0.6826280623608018,0.8633802816901408,0.7877777777777778,0.4988888888888889
spatial,V2.3 Spatial,+1d,0.3499999999999999,0.7614276768941766,0.685456595264938,0.856338028169014,0.7883333333333333,0.49277777777777776
spatial,V2.3 Spatial,+1d,0.3549999999999999,0.7602265575833859,0.6871444823663254,0.8507042253521127,0.7883333333333333,0.48833333333333334
spatial,V2.3 Spatial,+1d,0.35999999999999993,0.7621451104100946,0.6902857142857143,0.8507042253521127,0.7905555555555556,0.4861111111111111
spatial,V2.3 Spatial,+1d,0.36499999999999994,0.7634749524413444,0.6943483275663207,0.847887323943662,0.7927777777777778,0.4816666666666667
spatial,V2.3 Spatial,+1d,0.36999999999999994,0.7633587786259541,0.6960556844547564,0.8450704225352113,0.7933333333333333,0.47888888888888886
spatial,V2.3 Spatial,+1d,0.37499999999999994,0.763241863433312,0.6977829638273045,0.8422535211267606,0.7938888888888889,0.4761111111111111
spatial,V2.3 Spatial,+1d,0.37999999999999995,0.7642172523961662,0.6994152046783626,0.8422535211267606,0.795,0.475
spatial,V2.3 Spatial,+1d,0.38499999999999995,0.7642903018625562,0.7024793388429752,0.8380281690140845,0.7961111111111111,0.47055555555555556
spatial,V2.3 Spatial,+1d,0.38999999999999996,0.7660401814646792,0.709483793517407,0.8323943661971831,0.7994444444444444,0.4627777777777778
spatial,V2.3 Spatial,+1d,0.39499999999999996,0.7669270833333334,0.7130750605326877,0.8295774647887324,0.8011111111111111,0.4588888888888889
spatial,V2.3 Spatial,+1d,0.3999999999999999,0.7689295039164491,0.7165450121654501,0.8295774647887324,0.8033333333333333,0.45666666666666667
spatial,V2.3 Spatial,+1d,0.4049999999999999,0.767716535433071,0.7186732186732187,0.823943661971831,0.8033333333333333,0.45222222222222225
spatial,V2.3 Spatial,+1d,0.4099999999999999,0.7678100263852243,0.7220843672456576,0.819718309859155,0.8044444444444444,0.4477777777777778
spatial,V2.3 Spatial,+1d,0.4149999999999999,0.7677035076108538,0.7240948813982522,0.8169014084507042,0.805,0.445
spatial,V2.3 Spatial,+1d,0.41999999999999993,0.7681063122923588,0.7270440251572327,0.8140845070422535,0.8061111111111111,0.44166666666666665
spatial,V2.3 Spatial,+1d,0.42499999999999993,0.7693333333333334,0.730379746835443,0.8126760563380282,0.8077777777777778,0.4388888888888889
spatial,V2.3 Spatial,+1d,0.42999999999999994,0.7719063545150501,0.7350318471337579,0.8126760563380282,0.8105555555555556,0.4361111111111111
spatial,V2.3 Spatial,+1d,0.43499999999999994,0.7718120805369127,0.7371794871794872,0.8098591549295775,0.8111111111111111,0.43333333333333335
spatial,V2.3 Spatial,+1d,0.43999999999999995,0.7720242098184263,0.7387387387387387,0.8084507042253521,0.8116666666666666,0.43166666666666664
spatial,V2.3 Spatial,+1d,0.44499999999999995,0.7719298245614035,0.7409326424870466,0.8056338028169014,0.8122222222222222,0.4288888888888889
spatial,V2.3 Spatial,+1d,0.4499999999999999,0.7744565217391304,0.7480314960629921,0.8028169014084507,0.8155555555555556,0.42333333333333334
spatial,V2.3 Spatial,+1d,0.4549999999999999,0.7762619372442019,0.7526455026455027,0.8014084507042254,0.8177777777777778,0.42
spatial,V2.3 Spatial,+1d,0.4599999999999999,0.7722908093278464,0.7526737967914439,0.7929577464788733,0.8155555555555556,0.41555555555555557
spatial,V2.3 Spatial,+1d,0.4649999999999999,0.7706043956043956,0.7520107238605898,0.7901408450704225,0.8144444444444444,0.41444444444444445
spatial,V2.3 Spatial,+1d,0.4699999999999999,0.7715665976535541,0.7564276048714479,0.7873239436619718,0.8161111111111111,0.41055555555555556
spatial,V2.3 Spatial,+1d,0.4749999999999999,0.772318339100346,0.7591836734693878,0.7859154929577464,0.8172222222222222,0.4083333333333333
spatial,V2.3 Spatial,+1d,0.4799999999999999,0.7725381414701803,0.7609289617486339,0.7845070422535211,0.8177777777777778,0.4066666666666667
spatial,V2.3 Spatial,+1d,0.48499999999999993,0.7727588603196663,0.7626886145404664,0.7830985915492957,0.8183333333333334,0.405
spatial,V2.3 Spatial,+1d,0.48999999999999994,0.7728860936408105,0.7669902912621359,0.7788732394366197,0.8194444444444444,0.40055555555555555
spatial,V2.3 Spatial,+1d,0.49499999999999994,0.7741935483870966,0.770949720670391,0.7774647887323943,0.8211111111111111,0.3977777777777778
spatial,V2.3 Spatial,+1d,0.49999999999999994,0.7738764044943821,0.7717086834733894,0.776056338028169,0.8211111111111111,0.39666666666666667
spatial,V2.3 Spatial,+1d,0.5049999999999999,0.7746478873239436,0.7746478873239436,0.7746478873239436,0.8222222222222222,0.39444444444444443
spatial,V2.3 Spatial,+1d,0.5099999999999999,0.772919605077574,0.7740112994350282,0.7718309859154929,0.8211111111111111,0.3933333333333333
spatial,V2.3 Spatial,+1d,0.5149999999999999,0.7719546742209632,0.7763532763532763,0.7676056338028169,0.8211111111111111,0.39
spatial,V2.3 Spatial,+1d,0.5199999999999999,0.7701067615658362,0.7784172661870503,0.7619718309859155,0.8205555555555556,0.3861111111111111
spatial,V2.3 Spatial,+1d,0.5249999999999999,0.76802284082798,0.7785817655571635,0.7577464788732394,0.8194444444444444,0.3838888888888889
spatial,V2.3 Spatial,+1d,0.5299999999999999,0.7642393655371306,0.7828655834564254,0.7464788732394366,0.8183333333333334,0.3761111111111111
spatial,V2.3 Spatial,+1d,0.5349999999999999,0.7590711175616837,0.7829341317365269,0.7366197183098592,0.8155555555555556,0.3711111111111111
spatial,V2.3 Spatial,+1d,0.5399999999999999,0.7565597667638483,0.783987915407855,0.7309859154929578,0.8144444444444444,0.36777777777777776
spatial,V2.3 Spatial,+1d,0.5449999999999999,0.7558479532163742,0.7857142857142857,0.7281690140845071,0.8144444444444444,0.3655555555555556
spatial,V2.3 Spatial,+1d,0.5499999999999999,0.7483394833948339,0.786046511627907,0.7140845070422536,0.8105555555555556,0.35833333333333334
spatial,V2.3 Spatial,+1d,0.5549999999999999,0.7475943745373799,0.7878315132605305,0.7112676056338029,0.8105555555555556,0.3561111111111111
spatial,V2.3 Spatial,+1d,0.5599999999999999,0.7457121551081282,0.7923930269413629,0.704225352112676,0.8105555555555556,0.35055555555555556
spatial,V2.3 Spatial,+1d,0.565,0.7426856714178545,0.7945425361155698,0.6971830985915493,0.8094444444444444,0.3461111111111111
spatial,V2.3 Spatial,+1d,0.57,0.7419112114371709,0.7964458804523424,0.6943661971830986,0.8094444444444444,0.3438888888888889
spatial,V2.3 Spatial,+1d,0.575,0.7389984825493172,0.8009868421052632,0.6859154929577465,0.8088888888888889,0.3377777777777778
spatial,V2.3 Spatial,+1d,0.58,0.7382039573820396,0.8029801324503312,0.6830985915492958,0.8088888888888889,0.33555555555555555
spatial,V2.3 Spatial,+1d,0.585,0.7370030581039755,0.8060200668896321,0.6788732394366197,0.8088888888888889,0.3322222222222222
spatial,V2.3 Spatial,+1d,0.59,0.735632183908046,0.8067226890756303,0.676056338028169,0.8083333333333333,0.33055555555555555
spatial,V2.3 Spatial,+1d,0.595,0.7357910906298002,0.8091216216216216,0.6746478873239437,0.8088888888888889,0.3288888888888889
spatial,V2.3 Spatial,+1d,0.6,0.7324595219737856,0.8091993185689949,0.6690140845070423,0.8072222222222222,0.32611111111111113
spatial,V2.3 Spatial,+1d,0.605,0.7343144848954299,0.8158347676419966,0.6676056338028169,0.8094444444444444,0.3227777777777778
spatial,V2.3 Spatial,+1d,0.61,0.7309486780715395,0.8159722222222222,0.6619718309859155,0.8077777777777778,0.32
spatial,V2.3 Spatial,+1d,0.615,0.7267032106499609,0.818342151675485,0.6535211267605634,0.8061111111111111,0.315
spatial,V2.3 Spatial,+1d,0.62,0.7222659323367427,0.8181818181818182,0.6464788732394366,0.8038888888888889,0.31166666666666665
spatial,V2.3 Spatial,+1d,0.625,0.7209486166007906,0.8216216216216217,0.6422535211267606,0.8038888888888889,0.30833333333333335
spatial,V2.3 Spatial,+1d,0.63,0.7143993635640414,0.8208409506398537,0.6323943661971831,0.8005555555555556,0.3038888888888889
spatial,V2.3 Spatial,+1d,0.635,0.7137129109863672,0.8286778398510242,0.6267605633802817,0.8016666666666666,0.29833333333333334
spatial,V2.3 Spatial,+1d,0.6399999999999999,0.7145161290322581,0.8358490566037736,0.6239436619718309,0.8033333333333333,0.29444444444444445
spatial,V2.3 Spatial,+1d,0.6449999999999999,0.7094155844155844,0.8371647509578544,0.6154929577464788,0.8011111111111111,0.29
spatial,V2.3 Spatial,+1d,0.6499999999999999,0.7053061224489796,0.8388349514563107,0.6084507042253521,0.7994444444444444,0.2861111111111111
spatial,V2.3 Spatial,+1d,0.6549999999999999,0.7017255546425637,0.8422090729783037,0.6014084507042253,0.7983333333333333,0.2816666666666667
spatial,V2.3 Spatial,+1d,0.6599999999999999,0.6992543496271747,0.8490945674044266,0.5943661971830986,0.7983333333333333,0.2761111111111111
spatial,V2.3 Spatial,+1d,0.6649999999999999,0.6983333333333333,0.8551020408163266,0.5901408450704225,0.7988888888888889,0.2722222222222222
spatial,V2.3 Spatial,+1d,0.6699999999999999,0.6923721709974853,0.855072463768116,0.5816901408450704,0.7961111111111111,0.2683333333333333
spatial,V2.3 Spatial,+1d,0.6749999999999999,0.6907563025210084,0.85625,0.5788732394366197,0.7955555555555556,0.26666666666666666
spatial,V2.3 Spatial,+1d,0.6799999999999999,0.6875,0.8586497890295358,0.5732394366197183,0.7944444444444444,0.2633333333333333
spatial,V2.3 Spatial,+1d,0.6849999999999999,0.6887755102040817,0.869098712446352,0.5704225352112676,0.7966666666666666,0.2588888888888889
spatial,V2.3 Spatial,+1d,0.69,0.6872322193658954,0.8774617067833698,0.5647887323943662,0.7972222222222223,0.2538888888888889
spatial,V2.3 Spatial,+1d,0.695,0.6833477135461605,0.8819599109131403,0.5577464788732395,0.7961111111111111,0.24944444444444444
spatial,V2.3 Spatial,+1d,0.7,0.684575389948007,0.8896396396396397,0.5563380281690141,0.7977777777777778,0.24666666666666667
spatial,V2.3 Spatial,+1d,0.705,0.6846220677671591,0.8934240362811792,0.5549295774647888,0.7983333333333333,0.245
spatial,V2.3 Spatial,+1d,0.71,0.6789151356080491,0.8960739030023095,0.5464788732394367,0.7961111111111111,0.24055555555555555
spatial,V2.3 Spatial,+1d,0.715,0.6771929824561405,0.8976744186046511,0.543661971830986,0.7955555555555556,0.2388888888888889
spatial,V2.3 Spatial,+1d,0.72,0.6742957746478873,0.8990610328638498,0.5394366197183098,0.7944444444444444,0.23666666666666666
spatial,V2.3 Spatial,+1d,0.725,0.6708074534161491,0.9064748201438849,0.532394366197183,0.7938888888888889,0.23166666666666666
spatial,V2.3 Spatial,+1d,0.73,0.6648793565683646,0.9095354523227384,0.523943661971831,0.7916666666666666,0.22722222222222221
spatial,V2.3 Spatial,+1d,0.735,0.658273381294964,0.9104477611940298,0.5154929577464789,0.7888888888888889,0.22333333333333333
spatial,V2.3 Spatial,+1d,0.74,0.6540198735320687,0.9118387909319899,0.5098591549295775,0.7872222222222223,0.22055555555555556
spatial,V2.3 Spatial,+1d,0.7449999999999999,0.6435733819507748,0.9121447028423773,0.4971830985915493,0.7827777777777778,0.215
spatial,V2.3 Spatial,+1d,0.7499999999999999,0.636697247706422,0.9131578947368421,0.4887323943661972,0.78,0.2111111111111111
spatial,V2.3 Spatial,+1d,0.7549999999999999,0.6304147465437787,0.912,0.48169014084507045,0.7772222222222223,0.20833333333333334
spatial,V2.3 Spatial,+1d,0.7599999999999999,0.6270871985157699,0.9184782608695652,0.476056338028169,0.7766666666666666,0.20444444444444446
spatial,V2.3 Spatial,+1d,0.7649999999999999,0.6237161531279178,0.925207756232687,0.4704225352112676,0.7761111111111111,0.20055555555555554
spatial,V2.3 Spatial,+1d,0.7699999999999999,0.6210131332082551,0.9297752808988764,0.46619718309859154,0.7755555555555556,0.19777777777777777
spatial,V2.3 Spatial,+1d,0.7749999999999999,0.6130558183538316,0.9337175792507204,0.4563380281690141,0.7727777777777778,0.19277777777777777
spatial,V2.3 Spatial,+1d,0.7799999999999999,0.6051379638439581,0.9325513196480938,0.447887323943662,0.7694444444444445,0.18944444444444444
spatial,V2.3 Spatial,+1d,0.7849999999999999,0.603629417382999,0.9376854599406528,0.4450704225352113,0.7694444444444445,0.18722222222222223
spatial,V2.3 Spatial,+1d,0.7899999999999999,0.6021093000958773,0.9429429429429429,0.4422535211267606,0.7694444444444445,0.185
spatial,V2.3 Spatial,+1d,0.7949999999999999,0.5986525505293552,0.9452887537993921,0.43802816901408453,0.7683333333333333,0.1827777777777778
spatial,V2.3 Spatial,+1d,0.7999999999999999,0.5918762088974854,0.9444444444444444,0.4309859154929577,0.7655555555555555,0.18
spatial,V2.3 Spatial,+1d,0.8049999999999999,0.5875486381322957,0.949685534591195,0.4253521126760563,0.7644444444444445,0.17666666666666667
spatial,V2.3 Spatial,+1d,0.8099999999999999,0.5756385068762279,0.9512987012987013,0.4126760563380282,0.76,0.1711111111111111
spatial,V2.3 Spatial,+1d,0.815,0.5700197238658777,0.9506578947368421,0.4070422535211268,0.7577777777777778,0.1688888888888889
spatial,V2.3 Spatial,+1d,0.82,0.562624254473161,0.956081081081081,0.39859154929577467,0.7555555555555555,0.16444444444444445
spatial,V2.3 Spatial,+1d,0.825,0.545271629778672,0.954225352112676,0.3816901408450704,0.7488888888888889,0.15777777777777777
spatial,V2.3 Spatial,+1d,0.83,0.5364372469635628,0.9532374100719424,0.3732394366197183,0.7455555555555555,0.15444444444444444
spatial,V2.3 Spatial,+1d,0.835,0.5274949083503055,0.9522058823529411,0.3647887323943662,0.7422222222222222,0.1511111111111111
spatial,V2.3 Spatial,+1d,0.84,0.523517382413088,0.9552238805970149,0.36056338028169016,0.7411111111111112,0.14888888888888888
spatial,V2.3 Spatial,+1d,0.845,0.5067218200620477,0.953307392996109,0.34507042253521125,0.735,0.14277777777777778
spatial,V2.3 Spatial,+1d,0.8499999999999999,0.4968684759916493,0.9596774193548387,0.3352112676056338,0.7322222222222222,0.13777777777777778
spatial,V2.3 Spatial,+1d,0.8549999999999999,0.4847207586933614,0.9623430962343096,0.323943661971831,0.7283333333333334,0.13277777777777777
spatial,V2.3 Spatial,+1d,0.8599999999999999,0.47183846971307114,0.961038961038961,0.3126760563380282,0.7238888888888889,0.12833333333333333
spatial,V2.3 Spatial,+1d,0.8649999999999999,0.45376344086021503,0.9590909090909091,0.2971830985915493,0.7177777777777777,0.12222222222222222
spatial,V2.3 Spatial,+1d,0.8699999999999999,0.4454054054054054,0.958139534883721,0.29014084507042254,0.715,0.11944444444444445
spatial,V2.3 Spatial,+1d,0.8749999999999999,0.4386536373507058,0.957345971563981,0.28450704225352114,0.7127777777777777,0.11722222222222223
spatial,V2.3 Spatial,+1d,0.8799999999999999,0.4344978165938864,0.9660194174757282,0.2802816901408451,0.7122222222222222,0.11444444444444445
spatial,V2.3 Spatial,+1d,0.8849999999999999,0.42464246424642466,0.9698492462311558,0.271830985915493,0.7094444444444444,0.11055555555555556
spatial,V2.3 Spatial,+1d,0.8899999999999999,0.4216335540838852,0.9744897959183674,0.26901408450704223,0.7088888888888889,0.10888888888888888
spatial,V2.3 Spatial,+1d,0.8949999999999999,0.4203539823008849,0.979381443298969,0.2676056338028169,0.7088888888888889,0.10777777777777778
spatial,V2.3 Spatial,+1d,0.8999999999999999,0.41906873614190693,0.984375,0.2661971830985915,0.7088888888888889,0.10666666666666667
spatial,V2.3 Spatial,+1d,0.9049999999999999,0.40492170022371365,0.9836956521739131,0.2549295774647887,0.7044444444444444,0.10222222222222223
spatial,V2.3 Spatial,+1d,0.9099999999999999,0.39775280898876403,0.9833333333333333,0.24929577464788732,0.7022222222222222,0.1
spatial,V2.3 Spatial,+1d,0.9149999999999999,0.3850509626274065,0.9826589595375722,0.23943661971830985,0.6983333333333334,0.0961111111111111
spatial,V2.3 Spatial,+1d,0.9199999999999999,0.36655211912943875,0.9815950920245399,0.22535211267605634,0.6927777777777778,0.09055555555555556
spatial,V2.3 Spatial,+1d,0.9249999999999999,0.3437862950058072,0.9801324503311258,0.2084507042253521,0.6861111111111111,0.08388888888888889
spatial,V2.3 Spatial,+1d,0.9299999999999999,0.3223529411764705,0.9785714285714285,0.19295774647887323,0.68,0.07777777777777778
spatial,V2.3 Spatial,+1d,0.9349999999999999,0.3043995243757432,0.9770992366412213,0.18028169014084508,0.675,0.07277777777777777
spatial,V2.3 Spatial,+1d,0.94,0.28640192539109505,0.9834710743801653,0.1676056338028169,0.6705555555555556,0.06722222222222222
spatial,V2.3 Spatial,+1d,0.945,0.26763990267639903,0.9821428571428571,0.15492957746478872,0.6655555555555556,0.06222222222222222
spatial,V2.3 Spatial,+1d,0.95,0.23762376237623759,0.9795918367346939,0.1352112676056338,0.6577777777777778,0.05444444444444444
spatial,V2.3 Spatial,+2d,0.05,0.632003585835948,0.4635108481262327,0.9929577464788732,0.5438888888888889,0.845
spatial,V2.3 Spatial,+2d,0.055,0.6376417233560091,0.47023411371237456,0.9901408450704225,0.5561111111111111,0.8305555555555556
spatial,V2.3 Spatial,+2d,0.06,0.6425629290617849,0.4759322033898305,0.9887323943661972,0.5661111111111111,0.8194444444444444
spatial,V2.3 Spatial,+2d,0.065,0.6473029045643154,0.48115147361206306,0.9887323943661972,0.575,0.8105555555555556
spatial,V2.3 Spatial,+2d,0.07,0.6520522388059703,0.4874476987447699,0.9845070422535211,0.5855555555555556,0.7966666666666666
spatial,V2.3 Spatial,+2d,0.075,0.6557069046500705,0.4918957011980268,0.9830985915492958,0.5927777777777777,0.7883333333333333
spatial,V2.3 Spatial,+2d,0.08,0.6606635071090048,0.49785714285714283,0.9816901408450704,0.6022222222222222,0.7777777777777778
spatial,V2.3 Spatial,+2d,0.08499999999999999,0.6634890371782651,0.5014409221902018,0.9802816901408451,0.6077777777777778,0.7711111111111111
spatial,V2.3 Spatial,+2d,0.09,0.6666666666666666,0.5054545454545455,0.9788732394366197,0.6138888888888889,0.7638888888888888
spatial,V2.3 Spatial,+2d,0.095,0.667308618199326,0.506949524506218,0.976056338028169,0.6161111111111112,0.7594444444444445
spatial,V2.3 Spatial,+2d,0.09999999999999999,0.6715186802523048,0.5122131754256106,0.9746478873239437,0.6238888888888889,0.7505555555555555
spatial,V2.3 Spatial,+2d,0.105,0.6715470961444607,0.513816280806572,0.9690140845070423,0.6261111111111111,0.7438888888888889
spatial,V2.3 Spatial,+2d,0.10999999999999999,0.6742014742014742,0.5177358490566037,0.9661971830985916,0.6316666666666667,0.7361111111111112
spatial,V2.3 Spatial,+2d,0.11499999999999999,0.6765578635014836,0.5213414634146342,0.9633802816901409,0.6366666666666667,0.7288888888888889
spatial,V2.3 Spatial,+2d,0.12,0.6776119402985075,0.5238461538461539,0.9591549295774648,0.64,0.7222222222222222
spatial,V2.3 Spatial,+2d,0.12499999999999999,0.6793206793206793,0.5263157894736842,0.9577464788732394,0.6433333333333333,0.7177777777777777
spatial,V2.3 Spatial,+2d,0.13,0.6827309236947792,0.5304212168486739,0.9577464788732394,0.6488888888888888,0.7122222222222222
spatial,V2.3 Spatial,+2d,0.135,0.6841839312784234,0.5334909377462569,0.9535211267605633,0.6527777777777778,0.705
spatial,V2.3 Spatial,+2d,0.13999999999999999,0.6883579054397558,0.5385839299920445,0.9535211267605633,0.6594444444444445,0.6983333333333334
spatial,V2.3 Spatial,+2d,0.145,0.6926229508196721,0.5442834138486312,0.952112676056338,0.6666666666666666,0.69
spatial,V2.3 Spatial,+2d,0.14999999999999997,0.6948018528049408,0.5474452554744526,0.9507042253521126,0.6705555555555556,0.685
spatial,V2.3 Spatial,+2d,0.15499999999999997,0.7009880395215808,0.5556471558120363,0.9492957746478873,0.6805555555555556,0.6738888888888889
spatial,V2.3 Spatial,+2d,0.15999999999999998,0.7036649214659686,0.56,0.9464788732394366,0.6855555555555556,0.6666666666666666
spatial,V2.3 Spatial,+2d,0.16499999999999998,0.7052631578947369,0.5630252100840336,0.9436619718309859,0.6888888888888889,0.6611111111111111
spatial,V2.3 Spatial,+2d,0.16999999999999998,0.7075621364357482,0.5664690939881456,0.9422535211267605,0.6927777777777778,0.6561111111111111
spatial,V2.3 Spatial,+2d,0.175,0.7088204038257172,0.5691126279863481,0.9394366197183098,0.6955555555555556,0.6511111111111111
spatial,V2.3 Spatial,+2d,0.18,0.7097118463180362,0.5713058419243986,0.9366197183098591,0.6977777777777778,0.6466666666666666
spatial,V2.3 Spatial,+2d,0.185,0.7131367292225201,0.5757575757575758,0.9366197183098591,0.7027777777777777,0.6416666666666667
spatial,V2.3 Spatial,+2d,0.19,0.7158234660925725,0.5792682926829268,0.9366197183098591,0.7066666666666667,0.6377777777777778
spatial,V2.3 Spatial,+2d,0.195,0.717920952896589,0.58311345646438,0.9338028169014084,0.7105555555555556,0.6316666666666667
spatial,V2.3 Spatial,+2d,0.19999999999999996,0.7184782608695651,0.5849557522123894,0.9309859154929577,0.7122222222222222,0.6277777777777778
spatial,V2.3 Spatial,+2d,0.20499999999999996,0.7202185792349727,0.5883928571428572,0.928169014084507,0.7155555555555555,0.6222222222222222
spatial,V2.3 Spatial,+2d,0.20999999999999996,0.725868725868726,0.5965548504079783,0.9267605633802817,0.7238888888888889,0.6127777777777778
spatial,V2.3 Spatial,+2d,0.21499999999999997,0.7268698060941827,0.5990867579908675,0.923943661971831,0.7261111111111112,0.6083333333333333
spatial,V2.3 Spatial,+2d,0.21999999999999997,0.7279821627647715,0.6023985239852399,0.9197183098591549,0.7288888888888889,0.6022222222222222
spatial,V2.3 Spatial,+2d,0.22499999999999998,0.7262569832402236,0.6018518518518519,0.9154929577464789,0.7277777777777777,0.6
spatial,V2.3 Spatial,+2d,0.22999999999999998,0.7288040426726559,0.6059757236227824,0.9140845070422535,0.7316666666666667,0.595
spatial,V2.3 Spatial,+2d,0.235,0.7285067873303167,0.6086956521739131,0.9070422535211268,0.7333333333333333,0.5877777777777777
spatial,V2.3 Spatial,+2d,0.24,0.7319294251565169,0.6141356255969437,0.9056338028169014,0.7383333333333333,0.5816666666666667
spatial,V2.3 Spatial,+2d,0.245,0.7340182648401827,0.6170825335892515,0.9056338028169014,0.7411111111111112,0.5788888888888889
spatial,V2.3 Spatial,+2d,0.24999999999999994,0.7349742415569547,0.6190935390549662,0.9042253521126761,0.7427777777777778,0.5761111111111111
spatial,V2.3 Spatial,+2d,0.25499999999999995,0.7357512953367875,0.6222005842259006,0.9,0.745,0.5705555555555556
spatial,V2.3 Spatial,+2d,0.25999999999999995,0.7369640787949016,0.6259842519685039,0.895774647887324,0.7477777777777778,0.5644444444444444
spatial,V2.3 Spatial,+2d,0.26499999999999996,0.7369033760186262,0.6279761904761905,0.8915492957746479,0.7488888888888889,0.56
spatial,V2.3 Spatial,+2d,0.26999999999999996,0.7388758782201406,0.6322645290581163,0.8887323943661972,0.7522222222222222,0.5544444444444444
spatial,V2.3 Spatial,+2d,0.27499999999999997,0.7378984651711924,0.6351626016260162,0.8802816901408451,0.7533333333333333,0.5466666666666666
spatial,V2.3 Spatial,+2d,0.27999999999999997,0.7353992848629319,0.637396694214876,0.8690140845070422,0.7533333333333333,0.5377777777777778
spatial,V2.3 Spatial,+2d,0.285,0.737410071942446,0.6419624217118998,0.8661971830985915,0.7566666666666667,0.5322222222222223
spatial,V2.3 Spatial,+2d,0.29,0.7362703681351841,0.6441393875395988,0.8591549295774648,0.7572222222222222,0.5261111111111111
spatial,V2.3 Spatial,+2d,0.295,0.7351154313487244,0.6463675213675214,0.852112676056338,0.7577777777777778,0.52
spatial,V2.3 Spatial,+2d,0.3,0.7370347773032336,0.6501614639397201,0.8507042253521127,0.7605555555555555,0.5161111111111111
spatial,V2.3 Spatial,+2d,0.30499999999999994,0.7392900856793145,0.6536796536796536,0.8507042253521127,0.7633333333333333,0.5133333333333333
spatial,V2.3 Spatial,+2d,0.30999999999999994,0.7410604192355116,0.6589912280701754,0.8464788732394366,0.7666666666666667,0.5066666666666667
spatial,V2.3 Spatial,+2d,0.31499999999999995,0.7425742574257427,0.6622516556291391,0.8450704225352113,0.7688888888888888,0.5033333333333333
spatial,V2.3 Spatial,+2d,0.31999999999999995,0.7445618396519578,0.6662958843159066,0.8436619718309859,0.7716666666666666,0.49944444444444447
spatial,V2.3 Spatial,+2d,0.32499999999999996,0.744853399875234,0.6685330347144457,0.8408450704225352,0.7727777777777778,0.4961111111111111
spatial,V2.3 Spatial,+2d,0.32999999999999996,0.7473354231974921,0.6734463276836158,0.8394366197183099,0.7761111111111111,0.49166666666666664
spatial,V2.3 Spatial,+2d,0.33499999999999996,0.7487437185929648,0.6757369614512472,0.8394366197183099,0.7777777777777778,0.49
spatial,V2.3 Spatial,+2d,0.33999999999999997,0.7503152585119797,0.6792237442922374,0.8380281690140845,0.78,0.4866666666666667
spatial,V2.3 Spatial,+2d,0.3449999999999999,0.7517372078332281,0.6815578465063001,0.8380281690140845,0.7816666666666666,0.485
spatial,V2.3 Spatial,+2d,0.3499999999999999,0.7531645569620253,0.6839080459770115,0.8380281690140845,0.7833333333333333,0.48333333333333334
spatial,V2.3 Spatial,+2d,0.3549999999999999,0.7562062380649269,0.6898954703832753,0.8366197183098592,0.7872222222222223,0.47833333333333333
spatial,V2.3 Spatial,+2d,0.35999999999999993,0.7552715654952078,0.6912280701754386,0.8323943661971831,0.7872222222222223,0.475
spatial,V2.3 Spatial,+2d,0.36499999999999994,0.7549584133077416,0.6916764361078547,0.8309859154929577,0.7872222222222223,0.4738888888888889
spatial,V2.3 Spatial,+2d,0.36999999999999994,0.7549839228295819,0.6946745562130178,0.8267605633802817,0.7883333333333333,0.46944444444444444
spatial,V2.3 Spatial,+2d,0.37499999999999994,0.7553260167850226,0.6972586412395709,0.823943661971831,0.7894444444444444,0.4661111111111111
spatial,V2.3 Spatial,+2d,0.37999999999999995,0.7546925566343042,0.6982035928143713,0.8211267605633803,0.7894444444444444,0.4638888888888889
spatial,V2.3 Spatial,+2d,0.38499999999999995,0.7527723418134377,0.701093560145808,0.8126760563380282,0.7894444444444444,0.4572222222222222
spatial,V2.3 Spatial,+2d,0.38999999999999996,0.7547416612164813,0.7045177045177046,0.8126760563380282,0.7916666666666666,0.455
spatial,V2.3 Spatial,+2d,0.39499999999999996,0.7557301899148657,0.7062423500611995,0.8126760563380282,0.7927777777777778,0.4538888888888889
spatial,V2.3 Spatial,+2d,0.3999999999999999,0.7541199736321688,0.7087980173482032,0.8056338028169014,0.7927777777777778,0.4483333333333333
spatial,V2.3 Spatial,+2d,0.4049999999999999,0.7526455026455027,0.7094763092269327,0.8014084507042254,0.7922222222222223,0.44555555555555554
spatial,V2.3 Spatial,+2d,0.4099999999999999,0.7524883875248839,0.7114178168130489,0.7985915492957747,0.7927777777777778,0.44277777777777777
spatial,V2.3 Spatial,+2d,0.4149999999999999,0.7521710086840347,0.7153748411689962,0.7929577464788733,0.7938888888888889,0.43722222222222223
spatial,V2.3 Spatial,+2d,0.41999999999999993,0.7523553162853297,0.720360824742268,0.7873239436619718,0.7955555555555556,0.4311111111111111
spatial,V2.3 Spatial,+2d,0.42499999999999993,0.7528774542992551,0.7249022164276402,0.7830985915492957,0.7972222222222223,0.4261111111111111
spatial,V2.3 Spatial,+2d,0.42999999999999994,0.747612551159618,0.7248677248677249,0.7718309859154929,0.7944444444444444,0.42
spatial,V2.3 Spatial,+2d,0.43499999999999994,0.7464114832535884,0.7250996015936255,0.7690140845070422,0.7938888888888889,0.41833333333333333
spatial,V2.3 Spatial,+2d,0.43999999999999995,0.7448559670781894,0.7259358288770054,0.7647887323943662,0.7933333333333333,0.41555555555555557
spatial,V2.3 Spatial,+2d,0.44499999999999995,0.7429359062715368,0.7273954116059379,0.7591549295774648,0.7927777777777778,0.4116666666666667
spatial,V2.3 Spatial,+2d,0.4499999999999999,0.7425399028452463,0.7318741450068399,0.7535211267605634,0.7938888888888889,0.4061111111111111
spatial,V2.3 Spatial,+2d,0.4549999999999999,0.7446068197633959,0.7359009628610729,0.7535211267605634,0.7961111111111111,0.4038888888888889
spatial,V2.3 Spatial,+2d,0.4599999999999999,0.7449336128581412,0.739251040221914,0.7507042253521127,0.7972222222222223,0.40055555555555555
spatial,V2.3 Spatial,+2d,0.4649999999999999,0.7433380084151473,0.7402234636871509,0.7464788732394366,0.7966666666666666,0.3977777777777778
spatial,V2.3 Spatial,+2d,0.4699999999999999,0.7403237156931738,0.739803094233474,0.7408450704225352,0.795,0.395
spatial,V2.3 Spatial,+2d,0.4749999999999999,0.7388535031847133,0.7425320056899004,0.7352112676056338,0.795,0.39055555555555554
spatial,V2.3 Spatial,+2d,0.4799999999999999,0.7368421052631579,0.7442528735632183,0.7295774647887324,0.7944444444444444,0.38666666666666666
spatial,V2.3 Spatial,+2d,0.48499999999999993,0.7376697641172266,0.7489114658925979,0.7267605633802817,0.7961111111111111,0.3827777777777778
spatial,V2.3 Spatial,+2d,0.48999999999999994,0.7399425287356323,0.7551319648093842,0.7253521126760564,0.7988888888888889,0.3788888888888889
spatial,V2.3 Spatial,+2d,0.49499999999999994,0.7398843930635839,0.7596439169139466,0.7211267605633803,0.8,0.37444444444444447
spatial,V2.3 Spatial,+2d,0.49999999999999994,0.7363834422657951,0.760119940029985,0.7140845070422536,0.7983333333333333,0.3705555555555556
spatial,V2.3 Spatial,+2d,0.5049999999999999,0.7364568081991215,0.7667682926829268,0.7084507042253522,0.8,0.36444444444444446
spatial,V2.3 Spatial,+2d,0.5099999999999999,0.7326440177252583,0.7701863354037267,0.6985915492957746,0.7988888888888889,0.35777777777777775
spatial,V2.3 Spatial,+2d,0.5149999999999999,0.7295690936106983,0.7720125786163522,0.6915492957746479,0.7977777777777778,0.35333333333333333
spatial,V2.3 Spatial,+2d,0.5199999999999999,0.7255048616305161,0.773524720893142,0.6830985915492958,0.7961111111111111,0.34833333333333333
spatial,V2.3 Spatial,+2d,0.5249999999999999,0.7218045112781956,0.7741935483870968,0.676056338028169,0.7944444444444444,0.34444444444444444
spatial,V2.3 Spatial,+2d,0.5299999999999999,0.7231467473524963,0.7810457516339869,0.6732394366197183,0.7966666666666666,0.34
spatial,V2.3 Spatial,+2d,0.5349999999999999,0.7198177676537586,0.7808896210873146,0.6676056338028169,0.795,0.3372222222222222
spatial,V2.3 Spatial,+2d,0.5399999999999999,0.7182235834609496,0.7869127516778524,0.6605633802816901,0.7955555555555556,0.33111111111111113
spatial,V2.3 Spatial,+2d,0.5449999999999999,0.7149460708782742,0.7891156462585034,0.6535211267605634,0.7944444444444444,0.32666666666666666
spatial,V2.3 Spatial,+2d,0.5499999999999999,0.7145061728395061,0.7901023890784983,0.652112676056338,0.7944444444444444,0.32555555555555554
spatial,V2.3 Spatial,+2d,0.5549999999999999,0.7107309486780715,0.7934027777777778,0.643661971830986,0.7933333333333333,0.32
spatial,V2.3 Spatial,+2d,0.5599999999999999,0.7083659108678655,0.7961335676625659,0.6380281690140845,0.7927777777777778,0.3161111111111111
spatial,V2.3 Spatial,+2d,0.565,0.7049567269866247,0.7985739750445633,0.6309859154929578,0.7916666666666666,0.31166666666666665
spatial,V2.3 Spatial,+2d,0.57,0.7035573122529645,0.8018018018018018,0.6267605633802817,0.7916666666666666,0.30833333333333335
spatial,V2.3 Spatial,+2d,0.575,0.699601593625498,0.8055045871559633,0.6183098591549295,0.7905555555555556,0.30277777777777776
spatial,V2.3 Spatial,+2d,0.58,0.6964856230031949,0.8044280442804428,0.6140845070422535,0.7888888888888889,0.3011111111111111
spatial,V2.3 Spatial,+2d,0.585,0.6934189406099518,0.8059701492537313,0.6084507042253521,0.7877777777777778,0.29777777777777775
spatial,V2.3 Spatial,+2d,0.59,0.6951612903225807,0.8132075471698114,0.6070422535211267,0.79,0.29444444444444445
spatial,V2.3 Spatial,+2d,0.595,0.6952998379254457,0.8187022900763359,0.604225352112676,0.7911111111111111,0.2911111111111111
spatial,V2.3 Spatial,+2d,0.6,0.69374492282697,0.8195777351247601,0.6014084507042253,0.7905555555555556,0.28944444444444445
spatial,V2.3 Spatial,+2d,0.605,0.6928104575163399,0.8249027237354085,0.5971830985915493,0.7911111111111111,0.28555555555555556
spatial,V2.3 Spatial,+2d,0.61,0.6890894175553732,0.825147347740668,0.5915492957746479,0.7894444444444444,0.2827777777777778
spatial,V2.3 Spatial,+2d,0.615,0.6820809248554912,0.8243512974051896,0.5816901408450704,0.7861111111111111,0.2783333333333333
spatial,V2.3 Spatial,+2d,0.62,0.6832504145936982,0.8306451612903226,0.5802816901408451,0.7877777777777778,0.27555555555555555
spatial,V2.3 Spatial,+2d,0.625,0.6810990840965861,0.8329938900203666,0.576056338028169,0.7872222222222223,0.2727777777777778
spatial,V2.3 Spatial,+2d,0.63,0.678391959798995,0.8367768595041323,0.5704225352112676,0.7866666666666666,0.2688888888888889
spatial,V2.3 Spatial,+2d,0.635,0.6761984861227922,0.8392484342379958,0.5661971830985916,0.7861111111111111,0.26611111111111113
spatial,V2.3 Spatial,+2d,0.6399999999999999,0.6745562130177516,0.8435517970401691,0.5619718309859155,0.7861111111111111,0.2627777777777778
spatial,V2.3 Spatial,+2d,0.6449999999999999,0.6728813559322034,0.8446808510638298,0.5591549295774648,0.7855555555555556,0.2611111111111111
spatial,V2.3 Spatial,+2d,0.6499999999999999,0.6700680272108843,0.8454935622317596,0.5549295774647888,0.7844444444444445,0.2588888888888889
spatial,V2.3 Spatial,+2d,0.6549999999999999,0.6655260906757914,0.8474945533769063,0.547887323943662,0.7827777777777778,0.255
spatial,V2.3 Spatial,+2d,0.6599999999999999,0.6586414445399826,0.8454746136865342,0.5394366197183098,0.7794444444444445,0.25166666666666665
spatial,V2.3 Spatial,+2d,0.6649999999999999,0.6591889559965487,0.8507795100222717,0.5380281690140845,0.7805555555555556,0.24944444444444444
spatial,V2.3 Spatial,+2d,0.6699999999999999,0.65684575389948,0.8536036036036037,0.5338028169014084,0.78,0.24666666666666667
spatial,V2.3 Spatial,+2d,0.6749999999999999,0.6562228024369017,0.8587699316628702,0.5309859154929577,0.7805555555555556,0.24388888888888888
spatial,V2.3 Spatial,+2d,0.6799999999999999,0.6555944055944056,0.8640552995391705,0.528169014084507,0.7811111111111111,0.2411111111111111
spatial,V2.3 Spatial,+2d,0.6849999999999999,0.6525945470536499,0.8688524590163934,0.5225352112676056,0.7805555555555556,0.23722222222222222
spatial,V2.3 Spatial,+2d,0.69,0.647787610619469,0.8714285714285714,0.5154929577464789,0.7788888888888889,0.23333333333333334
spatial,V2.3 Spatial,+2d,0.695,0.6459074733096086,0.8768115942028986,0.5112676056338028,0.7788888888888889,0.23
spatial,V2.3 Spatial,+2d,0.7,0.647006255585344,0.8850855745721271,0.5098591549295775,0.7805555555555556,0.22722222222222221
spatial,V2.3 Spatial,+2d,0.705,0.6433691756272402,0.8842364532019704,0.5056338028169014,0.7788888888888889,0.22555555555555556
spatial,V2.3 Spatial,+2d,0.71,0.6413730803974707,0.8942065491183879,0.5,0.7794444444444445,0.22055555555555556
spatial,V2.3 Spatial,+2d,0.715,0.6388384754990927,0.8979591836734694,0.49577464788732395,0.7788888888888889,0.21777777777777776
spatial,V2.3 Spatial,+2d,0.72,0.6307129798903108,0.8984375,0.4859154929577465,0.7755555555555556,0.21333333333333335
spatial,V2.3 Spatial,+2d,0.725,0.6275229357798165,0.9,0.48169014084507045,0.7744444444444445,0.2111111111111111
spatial,V2.3 Spatial,+2d,0.73,0.6217712177121771,0.9010695187165776,0.47464788732394364,0.7722222222222223,0.20777777777777778
spatial,V2.3 Spatial,+2d,0.735,0.6146703806870938,0.9019073569482289,0.46619718309859154,0.7694444444444445,0.2038888888888889
spatial,V2.3 Spatial,+2d,0.74,0.6145251396648045,0.9065934065934066,0.4647887323943662,0.77,0.20222222222222222
spatial,V2.3 Spatial,+2d,0.7449999999999999,0.6138059701492538,0.9088397790055248,0.46338028169014084,0.77,0.2011111111111111
spatial,V2.3 Spatial,+2d,0.7499999999999999,0.6097560975609756,0.9129213483146067,0.45774647887323944,0.7688888888888888,0.19777777777777777
spatial,V2.3 Spatial,+2d,0.7549999999999999,0.6050895381715363,0.9145299145299145,0.45211267605633804,0.7672222222222222,0.195
spatial,V2.3 Spatial,+2d,0.7599999999999999,0.5990521327014219,0.9159420289855073,0.4450704225352113,0.765,0.19166666666666668
spatial,V2.3 Spatial,+2d,0.7649999999999999,0.5916030534351145,0.9171597633136095,0.43661971830985913,0.7622222222222222,0.18777777777777777
spatial,V2.3 Spatial,+2d,0.7699999999999999,0.5900383141762452,0.9221556886227545,0.43380281690140843,0.7622222222222222,0.18555555555555556
spatial,V2.3 Spatial,+2d,0.7749999999999999,0.5846153846153846,0.9212121212121213,0.428169014084507,0.76,0.18333333333333332
spatial,V2.3 Spatial,+2d,0.7799999999999999,0.5733722060252673,0.9247648902821317,0.4154929577464789,0.7561111111111111,0.17722222222222223
spatial,V2.3 Spatial,+2d,0.7849999999999999,0.572265625,0.9331210191082803,0.4126760563380282,0.7566666666666667,0.17444444444444446
spatial,V2.3 Spatial,+2d,0.7899999999999999,0.5635467980295568,0.9377049180327869,0.4028169014084507,0.7538888888888889,0.16944444444444445
spatial,V2.3 Spatial,+2d,0.7949999999999999,0.5580933465739821,0.9461279461279462,0.3957746478873239,0.7527777777777778,0.165
spatial,V2.3 Spatial,+2d,0.7999999999999999,0.5456369107321966,0.9477351916376306,0.38309859154929576,0.7483333333333333,0.15944444444444444
spatial,V2.3 Spatial,+2d,0.8049999999999999,0.5383064516129031,0.9468085106382979,0.376056338028169,0.7455555555555555,0.15666666666666668
spatial,V2.3 Spatial,+2d,0.8099999999999999,0.5294117647058824,0.9456521739130435,0.3676056338028169,0.7422222222222222,0.15333333333333332
spatial,V2.3 Spatial,+2d,0.815,0.5254582484725051,0.9485294117647058,0.36338028169014086,0.7411111111111112,0.1511111111111111
spatial,V2.3 Spatial,+2d,0.82,0.5209397344228806,0.9479553903345725,0.3591549295774648,0.7394444444444445,0.14944444444444444
spatial,V2.3 Spatial,+2d,0.825,0.5194274028629857,0.9477611940298507,0.35774647887323946,0.7388888888888889,0.14888888888888888
spatial,V2.3 Spatial,+2d,0.83,0.5072164948453608,0.9461538461538461,0.3464788732394366,0.7344444444444445,0.14444444444444443
spatial,V2.3 Spatial,+2d,0.835,0.49844236760124616,0.9486166007905138,0.3380281690140845,0.7316666666666667,0.14055555555555554
spatial,V2.3 Spatial,+2d,0.84,0.4906054279749479,0.9475806451612904,0.33098591549295775,0.7288888888888889,0.13777777777777778
spatial,V2.3 Spatial,+2d,0.845,0.48586387434554973,0.9469387755102041,0.3267605633802817,0.7272222222222222,0.1361111111111111
spatial,V2.3 Spatial,+2d,0.8499999999999999,0.4794952681388013,0.946058091286307,0.3211267605633803,0.725,0.1338888888888889
spatial,V2.3 Spatial,+2d,0.8549999999999999,0.4665959703075291,0.944206008583691,0.30985915492957744,0.7205555555555555,0.12944444444444445
spatial,V2.3 Spatial,+2d,0.8599999999999999,0.45112781954887216,0.9502262443438914,0.29577464788732394,0.7161111111111111,0.12277777777777778
spatial,V2.3 Spatial,+2d,0.8649999999999999,0.43525571273122965,0.9569377990430622,0.28169014084507044,0.7116666666666667,0.11611111111111111
spatial,V2.3 Spatial,+2d,0.8699999999999999,0.4232456140350877,0.9554455445544554,0.271830985915493,0.7077777777777777,0.11222222222222222
spatial,V2.3 Spatial,+2d,0.8749999999999999,0.42151481888035125,0.9552238805970149,0.2704225352112676,0.7072222222222222,0.11166666666666666
spatial,V2.3 Spatial,+2d,0.8799999999999999,0.4079822616407982,0.9583333333333334,0.2591549295774648,0.7033333333333334,0.10666666666666667
spatial,V2.3 Spatial,+2d,0.8849999999999999,0.40311804008908686,0.9627659574468085,0.2549295774647887,0.7022222222222222,0.10444444444444445
spatial,V2.3 Spatial,+2d,0.8899999999999999,0.38235294117647056,0.9712643678160919,0.2380281690140845,0.6966666666666667,0.09666666666666666
spatial,V2.3 Spatial,+2d,0.8949999999999999,0.3642611683848797,0.9754601226993865,0.223943661971831,0.6916666666666667,0.09055555555555556
spatial,V2.3 Spatial,+2d,0.8999999999999999,0.3548387096774193,0.9746835443037974,0.21690140845070421,0.6888888888888889,0.08777777777777777
spatial,V2.3 Spatial,+2d,0.9049999999999999,0.33953488372093027,0.9733333333333334,0.2056338028169014,0.6844444444444444,0.08333333333333333
spatial,V2.3 Spatial,+2d,0.9099999999999999,0.31005917159763313,0.9703703703703703,0.18450704225352113,0.6761111111111111,0.075
spatial,V2.3 Spatial,+2d,0.9149999999999999,0.29425837320574155,0.9761904761904762,0.1732394366197183,0.6722222222222223,0.07
spatial,V2.3 Spatial,+2d,0.9199999999999999,0.2739393939393939,0.9826086956521739,0.1591549295774648,0.6672222222222223,0.06388888888888888
spatial,V2.3 Spatial,+2d,0.9249999999999999,0.2573529411764706,0.9905660377358491,0.14788732394366197,0.6633333333333333,0.058888888888888886
spatial,V2.3 Spatial,+2d,0.9299999999999999,0.25307125307125306,0.9903846153846154,0.14507042253521127,0.6622222222222223,0.057777777777777775
spatial,V2.3 Spatial,+2d,0.9349999999999999,0.2180451127819549,0.9886363636363636,0.12253521126760564,0.6533333333333333,0.04888888888888889
spatial,V2.3 Spatial,+2d,0.94,0.18853503184713374,0.9866666666666667,0.10422535211267606,0.6461111111111111,0.041666666666666664
spatial,V2.3 Spatial,+2d,0.945,0.16988416988416985,0.9850746268656716,0.09295774647887324,0.6416666666666667,0.03722222222222222
spatial,V2.3 Spatial,+2d,0.95,0.1484375,0.9827586206896551,0.08028169014084507,0.6366666666666667,0.03222222222222222
spatial,V2.3 Spatial,+3d,0.05,0.6294964028776978,0.461133069828722,0.9915014164305949,0.5422222222222223,0.8433333333333334
spatial,V2.3 Spatial,+3d,0.055,0.6336813436223332,0.46626586506346024,0.9886685552407932,0.5516666666666666,0.8316666666666667
spatial,V2.3 Spatial,+3d,0.06,0.6393744250229991,0.473433242506812,0.9844192634560907,0.5644444444444444,0.8155555555555556
spatial,V2.3 Spatial,+3d,0.065,0.6465116279069767,0.48130193905817176,0.9844192634560907,0.5777777777777777,0.8022222222222222
spatial,V2.3 Spatial,+3d,0.07,0.6518867924528302,0.4886845827439887,0.9787535410764873,0.59,0.7855555555555556
spatial,V2.3 Spatial,+3d,0.075,0.6536817102137767,0.49177984274481773,0.9745042492917847,0.595,0.7772222222222223
spatial,V2.3 Spatial,+3d,0.08,0.6583612841399137,0.49746560463432293,0.9730878186968839,0.6038888888888889,0.7672222222222222
spatial,V2.3 Spatial,+3d,0.08499999999999999,0.6595949855351977,0.5,0.9688385269121813,0.6077777777777778,0.76
spatial,V2.3 Spatial,+3d,0.09,0.6640701071080818,0.5059347181008902,0.9660056657223796,0.6166666666666667,0.7488888888888889
spatial,V2.3 Spatial,+3d,0.095,0.6663400293973543,0.5093632958801498,0.9631728045325779,0.6216666666666667,0.7416666666666667
spatial,V2.3 Spatial,+3d,0.09999999999999999,0.6702916460701928,0.5148063781321185,0.9603399433427762,0.6294444444444445,0.7316666666666667
spatial,V2.3 Spatial,+3d,0.105,0.674975074775673,0.5207692307692308,0.9589235127478754,0.6377777777777778,0.7222222222222222
spatial,V2.3 Spatial,+3d,0.10999999999999999,0.6767068273092369,0.5241057542768274,0.9546742209631728,0.6422222222222222,0.7144444444444444
spatial,V2.3 Spatial,+3d,0.11499999999999999,0.6825316455696202,0.5311268715524035,0.9546742209631728,0.6516666666666666,0.705
spatial,V2.3 Spatial,+3d,0.12,0.6839959225280325,0.5342356687898089,0.9504249291784702,0.6555555555555556,0.6977777777777778
spatial,V2.3 Spatial,+3d,0.12499999999999999,0.6885582349923036,0.5398230088495575,0.9504249291784702,0.6627777777777778,0.6905555555555556
spatial,V2.3 Spatial,+3d,0.13,0.6900826446280993,0.5430894308943089,0.9461756373937678,0.6666666666666666,0.6833333333333333
spatial,V2.3 Spatial,+3d,0.135,0.6936656282450675,0.5475409836065573,0.9461756373937678,0.6722222222222223,0.6777777777777778
spatial,V2.3 Spatial,+3d,0.13999999999999999,0.6951537258989057,0.549876339653751,0.9447592067988668,0.675,0.6738888888888889
spatial,V2.3 Spatial,+3d,0.145,0.6980638409209838,0.5535269709543569,0.9447592067988668,0.6794444444444444,0.6694444444444444
spatial,V2.3 Spatial,+3d,0.14999999999999997,0.6982124079915879,0.5551839464882943,0.9405099150141643,0.6811111111111111,0.6644444444444444
spatial,V2.3 Spatial,+3d,0.15499999999999997,0.6994189117802431,0.5577085088458298,0.9376770538243626,0.6838888888888889,0.6594444444444445
spatial,V2.3 Spatial,+3d,0.15999999999999998,0.7006369426751592,0.5602716468590832,0.9348441926345609,0.6866666666666666,0.6544444444444445
spatial,V2.3 Spatial,+3d,0.16499999999999998,0.7028753993610223,0.5631399317406144,0.9348441926345609,0.69,0.6511111111111111
spatial,V2.3 Spatial,+3d,0.16999999999999998,0.7040598290598291,0.565180102915952,0.93342776203966,0.6922222222222222,0.6477777777777778
spatial,V2.3 Spatial,+3d,0.175,0.7052518756698821,0.5672413793103448,0.9320113314447592,0.6944444444444444,0.6444444444444445
spatial,V2.3 Spatial,+3d,0.18,0.709051724137931,0.5721739130434783,0.9320113314447592,0.7,0.6388888888888888
spatial,V2.3 Spatial,+3d,0.185,0.7110389610389611,0.5753064798598949,0.9305949008498584,0.7033333333333334,0.6344444444444445
spatial,V2.3 Spatial,+3d,0.19,0.7138193688792165,0.5795053003533569,0.9291784702549575,0.7077777777777777,0.6288888888888889
spatial,V2.3 Spatial,+3d,0.195,0.7147540983606558,0.5818505338078291,0.9263456090651558,0.71,0.6244444444444445
spatial,V2.3 Spatial,+3d,0.19999999999999996,0.7149122807017543,0.5831842576028623,0.9235127478753541,0.7111111111111111,0.6211111111111111
spatial,V2.3 Spatial,+3d,0.20499999999999996,0.7128712871287128,0.5827338129496403,0.9178470254957507,0.71,0.6177777777777778
spatial,V2.3 Spatial,+3d,0.20999999999999996,0.7126309983452841,0.5835591689250226,0.9150141643059491,0.7105555555555556,0.615
spatial,V2.3 Spatial,+3d,0.21499999999999997,0.7135734072022161,0.5859872611464968,0.9121813031161473,0.7127777777777777,0.6105555555555555
spatial,V2.3 Spatial,+3d,0.21999999999999997,0.7145242070116863,0.5884509624197983,0.9093484419263456,0.715,0.6061111111111112
spatial,V2.3 Spatial,+3d,0.22499999999999998,0.7162011173184357,0.5913284132841329,0.9079320113314447,0.7177777777777777,0.6022222222222222
spatial,V2.3 Spatial,+3d,0.22999999999999998,0.7170868347338935,0.593141797961075,0.9065155807365439,0.7194444444444444,0.5994444444444444
spatial,V2.3 Spatial,+3d,0.235,0.7179775280898877,0.5949720670391061,0.9050991501416431,0.7211111111111111,0.5966666666666667
spatial,V2.3 Spatial,+3d,0.24,0.7192784667418263,0.5973782771535581,0.9036827195467422,0.7233333333333334,0.5933333333333334
spatial,V2.3 Spatial,+3d,0.245,0.7205882352941175,0.5998116760828626,0.9022662889518414,0.7255555555555555,0.59
spatial,V2.3 Spatial,+3d,0.24999999999999994,0.7181818181818183,0.5996204933586338,0.8951841359773371,0.7244444444444444,0.5855555555555556
spatial,V2.3 Spatial,+3d,0.25499999999999995,0.7214611872146118,0.6042065009560229,0.8951841359773371,0.7288888888888889,0.5811111111111111
spatial,V2.3 Spatial,+3d,0.25999999999999995,0.7228915662650602,0.6075216972034716,0.8923512747875354,0.7316666666666667,0.5761111111111111
spatial,V2.3 Spatial,+3d,0.26499999999999996,0.7250720461095101,0.6112730806608357,0.8909348441926346,0.735,0.5716666666666667
spatial,V2.3 Spatial,+3d,0.26999999999999996,0.7272727272727273,0.6150832517140059,0.8895184135977338,0.7383333333333333,0.5672222222222222
spatial,V2.3 Spatial,+3d,0.27499999999999997,0.7289719626168224,0.6202783300198808,0.8838526912181303,0.7422222222222222,0.5588888888888889
spatial,V2.3 Spatial,+3d,0.27999999999999997,0.732824427480916,0.6258776328986961,0.8838526912181303,0.7472222222222222,0.5538888888888889
spatial,V2.3 Spatial,+3d,0.285,0.7328605200945626,0.6288032454361054,0.8781869688385269,0.7488888888888889,0.5477777777777778
spatial,V2.3 Spatial,+3d,0.29,0.7311572700296736,0.6292134831460674,0.8725212464589235,0.7483333333333333,0.5438888888888889
spatial,V2.3 Spatial,+3d,0.295,0.7328970850684117,0.6317948717948718,0.8725212464589235,0.7505555555555555,0.5416666666666666
spatial,V2.3 Spatial,+3d,0.3,0.7359617682198326,0.6363636363636364,0.8725212464589235,0.7544444444444445,0.5377777777777778
spatial,V2.3 Spatial,+3d,0.30499999999999994,0.7346938775510203,0.6375,0.8668555240793201,0.7544444444444445,0.5333333333333333
spatial,V2.3 Spatial,+3d,0.30999999999999994,0.7332123411978221,0.6399155227032735,0.8583569405099151,0.755,0.5261111111111111
spatial,V2.3 Spatial,+3d,0.31499999999999995,0.7303712720632989,0.6403415154749199,0.8498583569405099,0.7538888888888889,0.5205555555555555
spatial,V2.3 Spatial,+3d,0.31999999999999995,0.7316176470588235,0.6447084233261339,0.8456090651558074,0.7566666666666667,0.5144444444444445
spatial,V2.3 Spatial,+3d,0.32499999999999996,0.727945712523134,0.644808743169399,0.8356940509915014,0.755,0.5083333333333333
spatial,V2.3 Spatial,+3d,0.32999999999999996,0.728287841191067,0.6479028697571744,0.8314447592067988,0.7566666666666667,0.5033333333333333
spatial,V2.3 Spatial,+3d,0.33499999999999996,0.7314641744548286,0.6529477196885428,0.8314447592067988,0.7605555555555555,0.49944444444444447
spatial,V2.3 Spatial,+3d,0.33999999999999997,0.7335423197492164,0.6580427446569179,0.8286118980169972,0.7638888888888888,0.4938888888888889
spatial,V2.3 Spatial,+3d,0.3449999999999999,0.7334593572778829,0.6606129398410897,0.8243626062322946,0.765,0.48944444444444446
spatial,V2.3 Spatial,+3d,0.3499999999999999,0.734771573604061,0.6655172413793103,0.8201133144475921,0.7677777777777778,0.48333333333333334
spatial,V2.3 Spatial,+3d,0.3549999999999999,0.7344345616264294,0.6658986175115207,0.8186968838526912,0.7677777777777778,0.4822222222222222
spatial,V2.3 Spatial,+3d,0.35999999999999993,0.7348242811501597,0.6693830034924331,0.8144475920679887,0.7694444444444445,0.4772222222222222
spatial,V2.3 Spatial,+3d,0.36499999999999994,0.7363694676074406,0.6729191090269636,0.8130311614730878,0.7716666666666666,0.4738888888888889
spatial,V2.3 Spatial,+3d,0.36999999999999994,0.7380645161290321,0.6777251184834123,0.8101983002832861,0.7744444444444445,0.4688888888888889
spatial,V2.3 Spatial,+3d,0.37499999999999994,0.7392996108949416,0.6818181818181818,0.8073654390934845,0.7766666666666666,0.46444444444444444
spatial,V2.3 Spatial,+3d,0.37999999999999995,0.7421875,0.6867469879518072,0.8073654390934845,0.78,0.46111111111111114
spatial,V2.3 Spatial,+3d,0.38499999999999995,0.736703873933027,0.6866585067319462,0.7946175637393768,0.7772222222222223,0.4538888888888889
spatial,V2.3 Spatial,+3d,0.38999999999999996,0.7369808833223468,0.689272503082614,0.7917847025495751,0.7783333333333333,0.45055555555555554
spatial,V2.3 Spatial,+3d,0.39499999999999996,0.7346128391793514,0.6894409937888198,0.7861189801699717,0.7772222222222223,0.44722222222222224
spatial,V2.3 Spatial,+3d,0.3999999999999999,0.7370517928286854,0.69375,0.7861189801699717,0.78,0.4444444444444444
spatial,V2.3 Spatial,+3d,0.4049999999999999,0.7360000000000001,0.6952141057934509,0.7818696883852692,0.78,0.4411111111111111
spatial,V2.3 Spatial,+3d,0.4099999999999999,0.7369127516778524,0.7002551020408163,0.7776203966005666,0.7822222222222223,0.43555555555555553
spatial,V2.3 Spatial,+3d,0.4149999999999999,0.7375504710632571,0.7025641025641025,0.7762039660056658,0.7833333333333333,0.43333333333333335
spatial,V2.3 Spatial,+3d,0.41999999999999993,0.7398373983739838,0.7090909090909091,0.773371104815864,0.7866666666666666,0.42777777777777776
spatial,V2.3 Spatial,+3d,0.42499999999999993,0.7370572207084468,0.7099737532808399,0.7662889518413598,0.7855555555555556,0.42333333333333334
spatial,V2.3 Spatial,+3d,0.42999999999999994,0.7378507871321013,0.713907284768212,0.7634560906515581,0.7872222222222223,0.41944444444444445
spatial,V2.3 Spatial,+3d,0.43499999999999994,0.7398205659075223,0.721399730820996,0.7592067988668555,0.7905555555555556,0.4127777777777778
spatial,V2.3 Spatial,+3d,0.43999999999999995,0.739402362751911,0.7257844474761255,0.7535410764872521,0.7916666666666666,0.4072222222222222
spatial,V2.3 Spatial,+3d,0.44499999999999995,0.7364016736401674,0.7252747252747253,0.7478753541076487,0.79,0.40444444444444444
spatial,V2.3 Spatial,+3d,0.4499999999999999,0.7373595505617978,0.7311977715877437,0.7436260623229461,0.7922222222222223,0.3988888888888889
spatial,V2.3 Spatial,+3d,0.4549999999999999,0.7362482369534554,0.7331460674157303,0.7393767705382436,0.7922222222222223,0.39555555555555555
spatial,V2.3 Spatial,+3d,0.4599999999999999,0.7347517730496455,0.7357954545454546,0.7337110481586402,0.7922222222222223,0.39111111111111113
spatial,V2.3 Spatial,+3d,0.4649999999999999,0.7327156094084105,0.7374461979913917,0.7280453257790368,0.7916666666666666,0.38722222222222225
spatial,V2.3 Spatial,+3d,0.4699999999999999,0.7335243553008597,0.7420289855072464,0.7252124645892352,0.7933333333333333,0.38333333333333336
spatial,V2.3 Spatial,+3d,0.4749999999999999,0.7305475504322766,0.7434017595307918,0.7181303116147308,0.7922222222222223,0.3788888888888889
spatial,V2.3 Spatial,+3d,0.4799999999999999,0.7267441860465117,0.746268656716418,0.7082152974504249,0.7911111111111111,0.37222222222222223
spatial,V2.3 Spatial,+3d,0.48499999999999993,0.723155588020453,0.746606334841629,0.7011331444759207,0.7894444444444444,0.36833333333333335
spatial,V2.3 Spatial,+3d,0.48999999999999994,0.722873900293255,0.7492401215805471,0.6983002832861189,0.79,0.3655555555555556
spatial,V2.3 Spatial,+3d,0.49499999999999994,0.7212389380530972,0.7523076923076923,0.6926345609065155,0.79,0.3611111111111111
spatial,V2.3 Spatial,+3d,0.49999999999999994,0.7220163083765753,0.7573872472783826,0.6898016997167139,0.7916666666666666,0.3572222222222222
spatial,V2.3 Spatial,+3d,0.5049999999999999,0.7203579418344519,0.7606299212598425,0.6841359773371105,0.7916666666666666,0.3527777777777778
spatial,V2.3 Spatial,+3d,0.5099999999999999,0.718562874251497,0.7619047619047619,0.6798866855524079,0.7911111111111111,0.35
spatial,V2.3 Spatial,+3d,0.5149999999999999,0.7157894736842104,0.7628205128205128,0.6742209631728046,0.79,0.3466666666666667
spatial,V2.3 Spatial,+3d,0.5199999999999999,0.710943396226415,0.7609046849757674,0.6671388101983002,0.7872222222222223,0.3438888888888889
spatial,V2.3 Spatial,+3d,0.5249999999999999,0.7089947089947091,0.7601296596434359,0.6643059490084986,0.7861111111111111,0.3427777777777778
spatial,V2.3 Spatial,+3d,0.5299999999999999,0.7072243346007604,0.7635467980295566,0.6586402266288952,0.7861111111111111,0.3383333333333333
spatial,V2.3 Spatial,+3d,0.5349999999999999,0.7004608294930876,0.7651006711409396,0.6458923512747875,0.7833333333333333,0.33111111111111113
spatial,V2.3 Spatial,+3d,0.5399999999999999,0.698069498069498,0.767402376910017,0.6402266288951841,0.7827777777777778,0.32722222222222225
spatial,V2.3 Spatial,+3d,0.5449999999999999,0.6936236391912909,0.7689655172413793,0.6317280453257791,0.7811111111111111,0.32222222222222224
spatial,V2.3 Spatial,+3d,0.5499999999999999,0.6906249999999999,0.7700348432055749,0.6260623229461756,0.78,0.3188888888888889
spatial,V2.3 Spatial,+3d,0.5549999999999999,0.6881382560879812,0.7724867724867724,0.6203966005665722,0.7794444444444445,0.315
spatial,V2.3 Spatial,+3d,0.5599999999999999,0.6856240126382307,0.775,0.6147308781869688,0.7788888888888889,0.3111111111111111
spatial,V2.3 Spatial,+3d,0.565,0.6825396825396826,0.776173285198556,0.6090651558073654,0.7777777777777778,0.30777777777777776
spatial,V2.3 Spatial,+3d,0.57,0.6793953858392999,0.7749546279491834,0.6048158640226629,0.7761111111111111,0.3061111111111111
spatial,V2.3 Spatial,+3d,0.575,0.6789431545236189,0.7808471454880295,0.6005665722379604,0.7772222222222223,0.3016666666666667
spatial,V2.3 Spatial,+3d,0.58,0.6779388083735911,0.7854477611940298,0.5963172804532578,0.7777777777777778,0.29777777777777775
spatial,V2.3 Spatial,+3d,0.585,0.6753246753246753,0.7908745247148289,0.5892351274787535,0.7777777777777778,0.2922222222222222
spatial,V2.3 Spatial,+3d,0.59,0.6748166259168704,0.7946257197696737,0.5864022662889519,0.7783333333333333,0.28944444444444445
spatial,V2.3 Spatial,+3d,0.595,0.67104183757178,0.797270955165692,0.5793201133144475,0.7772222222222223,0.285
spatial,V2.3 Spatial,+3d,0.6,0.6683209263854425,0.8031809145129225,0.5722379603399433,0.7772222222222223,0.27944444444444444
spatial,V2.3 Spatial,+3d,0.605,0.6655601659751038,0.8036072144288577,0.5679886685552408,0.7761111111111111,0.2772222222222222
spatial,V2.3 Spatial,+3d,0.61,0.6622185154295246,0.8052738336713996,0.5623229461756374,0.775,0.2738888888888889
spatial,V2.3 Spatial,+3d,0.615,0.6566164154103853,0.8032786885245902,0.5552407932011332,0.7722222222222223,0.27111111111111114
spatial,V2.3 Spatial,+3d,0.62,0.6559865092748736,0.8104166666666667,0.5509915014164306,0.7733333333333333,0.26666666666666666
spatial,V2.3 Spatial,+3d,0.625,0.6576500422654269,0.8155136268343816,0.5509915014164306,0.775,0.265
spatial,V2.3 Spatial,+3d,0.63,0.6552901023890786,0.8240343347639485,0.5439093484419264,0.7755555555555556,0.2588888888888889
spatial,V2.3 Spatial,+3d,0.635,0.6535162950257289,0.8282608695652174,0.5396600566572238,0.7755555555555556,0.25555555555555554
spatial,V2.3 Spatial,+3d,0.6399999999999999,0.648228176318064,0.8314855875831486,0.5311614730878187,0.7738888888888888,0.25055555555555553
spatial,V2.3 Spatial,+3d,0.6449999999999999,0.6470078057241977,0.8344519015659956,0.5283286118980169,0.7738888888888888,0.24833333333333332
spatial,V2.3 Spatial,+3d,0.6499999999999999,0.6416739319965126,0.8344671201814059,0.5212464589235127,0.7716666666666666,0.245
spatial,V2.3 Spatial,+3d,0.6549999999999999,0.6408450704225352,0.8465116279069768,0.5155807365439093,0.7733333333333333,0.2388888888888889
spatial,V2.3 Spatial,+3d,0.6599999999999999,0.6413427561837457,0.852112676056338,0.5141643059490085,0.7744444444444445,0.23666666666666666
spatial,V2.3 Spatial,+3d,0.6649999999999999,0.6316725978647687,0.8492822966507177,0.5028328611898017,0.77,0.23222222222222222
spatial,V2.3 Spatial,+3d,0.6699999999999999,0.6303571428571428,0.8526570048309179,0.5,0.77,0.23
spatial,V2.3 Spatial,+3d,0.6749999999999999,0.6276978417266187,0.8596059113300493,0.4943342776203966,0.77,0.22555555555555556
spatial,V2.3 Spatial,+3d,0.6799999999999999,0.6244343891402714,0.8646616541353384,0.4886685552407932,0.7694444444444445,0.22166666666666668
spatial,V2.3 Spatial,+3d,0.6849999999999999,0.6174863387978142,0.8647959183673469,0.4801699716713881,0.7666666666666667,0.21777777777777776
spatial,V2.3 Spatial,+3d,0.69,0.6172161172161171,0.8730569948186528,0.4773371104815864,0.7677777777777778,0.21444444444444444
spatial,V2.3 Spatial,+3d,0.695,0.6101382488479262,0.8733509234828496,0.4688385269121813,0.765,0.21055555555555555
spatial,V2.3 Spatial,+3d,0.7,0.6094182825484764,0.8753315649867374,0.46742209631728043,0.765,0.20944444444444443
spatial,V2.3 Spatial,+3d,0.705,0.6092592592592592,0.8796791443850267,0.4660056657223796,0.7655555555555555,0.20777777777777778
spatial,V2.3 Spatial,+3d,0.71,0.6039142590866728,0.8828337874659401,0.45892351274787535,0.7638888888888888,0.2038888888888889
spatial,V2.3 Spatial,+3d,0.715,0.6016869728209935,0.889196675900277,0.4546742209631728,0.7638888888888888,0.20055555555555554
spatial,V2.3 Spatial,+3d,0.72,0.5960264900662251,0.8974358974358975,0.4461756373937677,0.7627777777777778,0.195
spatial,V2.3 Spatial,+3d,0.725,0.5845272206303725,0.8973607038123167,0.43342776203966005,0.7583333333333333,0.18944444444444444
spatial,V2.3 Spatial,+3d,0.73,0.5741811175337187,0.8975903614457831,0.42209631728045327,0.7544444444444445,0.18444444444444444
spatial,V2.3 Spatial,+3d,0.735,0.5714285714285714,0.896969696969697,0.4192634560906516,0.7533333333333333,0.18333333333333332
spatial,V2.3 Spatial,+3d,0.74,0.5669902912621358,0.9012345679012346,0.41359773371104813,0.7522222222222222,0.18
spatial,V2.3 Spatial,+3d,0.7449999999999999,0.5619512195121952,0.9028213166144201,0.40793201133144474,0.7505555555555555,0.17722222222222223
spatial,V2.3 Spatial,+3d,0.7499999999999999,0.560546875,0.9025157232704403,0.4065155807365439,0.75,0.17666666666666667
spatial,V2.3 Spatial,+3d,0.7549999999999999,0.5520628683693517,0.9006410256410257,0.3980169971671388,0.7466666666666667,0.17333333333333334
spatial,V2.3 Spatial,+3d,0.7599999999999999,0.549407114624506,0.9084967320261438,0.3937677053824363,0.7466666666666667,0.17
spatial,V2.3 Spatial,+3d,0.7649999999999999,0.5423728813559322,0.9158249158249159,0.38526912181303113,0.745,0.165
spatial,V2.3 Spatial,+3d,0.7699999999999999,0.5390781563126253,0.9212328767123288,0.3810198300283286,0.7444444444444445,0.1622222222222222
spatial,V2.3 Spatial,+3d,0.7749999999999999,0.5318503538928211,0.9293286219081273,0.37252124645892354,0.7427777777777778,0.15722222222222224
spatial,V2.3 Spatial,+3d,0.7799999999999999,0.5228891149542219,0.927797833935018,0.3640226628895184,0.7394444444444445,0.15388888888888888
spatial,V2.3 Spatial,+3d,0.7849999999999999,0.5153374233128833,0.9264705882352942,0.35694050991501414,0.7366666666666667,0.1511111111111111
spatial,V2.3 Spatial,+3d,0.7899999999999999,0.5082304526748971,0.9285714285714286,0.34985835694050993,0.7344444444444445,0.14777777777777779
spatial,V2.3 Spatial,+3d,0.7949999999999999,0.5010351966873706,0.9307692307692308,0.34277620396600567,0.7322222222222222,0.14444444444444443
spatial,V2.3 Spatial,+3d,0.7999999999999999,0.49948186528497407,0.9305019305019305,0.3413597733711048,0.7316666666666667,0.1438888888888889
spatial,V2.3 Spatial,+3d,0.8049999999999999,0.4948024948024948,0.9296875,0.3371104815864023,0.73,0.14222222222222222
spatial,V2.3 Spatial,+3d,0.8099999999999999,0.4885177453027141,0.9285714285714286,0.3314447592067989,0.7277777777777777,0.14
spatial,V2.3 Spatial,+3d,0.815,0.47890295358649787,0.9380165289256198,0.32152974504249293,0.7255555555555555,0.13444444444444445
spatial,V2.3 Spatial,+3d,0.82,0.4708377518557794,0.9367088607594937,0.31444759206798867,0.7227777777777777,0.13166666666666665
spatial,V2.3 Spatial,+3d,0.825,0.46153846153846156,0.9391304347826087,0.3059490084985836,0.72,0.12777777777777777
spatial,V2.3 Spatial,+3d,0.83,0.4516129032258064,0.9375,0.29745042492917845,0.7166666666666667,0.12444444444444444
spatial,V2.3 Spatial,+3d,0.835,0.44540540540540535,0.9406392694063926,0.29178470254957506,0.715,0.12166666666666667
spatial,V2.3 Spatial,+3d,0.84,0.44203683640303365,0.9400921658986175,0.28895184135977336,0.7138888888888889,0.12055555555555555
spatial,V2.3 Spatial,+3d,0.845,0.4284153005464481,0.937799043062201,0.2776203966005666,0.7094444444444444,0.11611111111111111
spatial,V2.3 Spatial,+3d,0.8499999999999999,0.4249726177437021,0.9371980676328503,0.2747875354107649,0.7083333333333334,0.115
spatial,V2.3 Spatial,+3d,0.8549999999999999,0.4145534729878721,0.9353233830845771,0.26628895184135976,0.705,0.11166666666666666
spatial,V2.3 Spatial,+3d,0.8599999999999999,0.4115044247787611,0.9393939393939394,0.26345609065155806,0.7044444444444444,0.11
spatial,V2.3 Spatial,+3d,0.8649999999999999,0.4119601328903655,0.9441624365482234,0.26345609065155806,0.705,0.10944444444444444
spatial,V2.3 Spatial,+3d,0.8699999999999999,0.40711902113459403,0.9481865284974094,0.25920679886685555,0.7038888888888889,0.10722222222222222
spatial,V2.3 Spatial,+3d,0.8749999999999999,0.4008958566629339,0.9572192513368984,0.2535410764872521,0.7027777777777777,0.10388888888888889
spatial,V2.3 Spatial,+3d,0.8799999999999999,0.3900789177001127,0.9558011049723757,0.24504249291784702,0.6994444444444444,0.10055555555555555
spatial,V2.3 Spatial,+3d,0.8849999999999999,0.3868778280542986,0.9606741573033708,0.24220963172804533,0.6988888888888889,0.09888888888888889
spatial,V2.3 Spatial,+3d,0.8899999999999999,0.3702857142857143,0.9585798816568047,0.22946175637393768,0.6938888888888889,0.09388888888888888
spatial,V2.3 Spatial,+3d,0.8949999999999999,0.35648148148148145,0.9746835443037974,0.21813031161473087,0.6911111111111111,0.08777777777777777
spatial,V2.3 Spatial,+3d,0.8999999999999999,0.3337250293772033,0.9793103448275862,0.20113314447592068,0.685,0.08055555555555556
spatial,V2.3 Spatial,+3d,0.9049999999999999,0.3139120095124851,0.9777777777777777,0.18696883852691218,0.6794444444444444,0.075
spatial,V2.3 Spatial,+3d,0.9099999999999999,0.296028880866426,0.984,0.17422096317280453,0.675,0.06944444444444445
spatial,V2.3 Spatial,+3d,0.9149999999999999,0.2773722627737226,0.9827586206896551,0.16147308781869688,0.67,0.06444444444444444
spatial,V2.3 Spatial,+3d,0.9199999999999999,0.27106227106227104,0.9823008849557522,0.15722379603399433,0.6683333333333333,0.06277777777777778
spatial,V2.3 Spatial,+3d,0.9249999999999999,0.24535315985130113,0.9801980198019802,0.14022662889518414,0.6616666666666666,0.05611111111111111
spatial,V2.3 Spatial,+3d,0.9299999999999999,0.22999999999999998,0.9787234042553191,0.13031161473087818,0.6577777777777778,0.052222222222222225
spatial,V2.3 Spatial,+3d,0.9349999999999999,0.21212121212121213,0.9767441860465116,0.11898016997167139,0.6533333333333333,0.04777777777777778
spatial,V2.3 Spatial,+3d,0.94,0.18693982074263765,0.9733333333333334,0.10339943342776203,0.6472222222222223,0.041666666666666664
spatial,V2.3 Spatial,+3d,0.945,0.17290322580645162,0.9710144927536232,0.09490084985835694,0.6438888888888888,0.03833333333333333
spatial,V2.3 Spatial,+3d,0.95,0.15384615384615383,0.9672131147540983,0.08356940509915015,0.6394444444444445,0.03388888888888889
spatial,V2.3 Spatial,+5d,0.05,0.6192803198578409,0.4502583979328165,0.9914651493598862,0.5238888888888888,0.86
spatial,V2.3 Spatial,+5d,0.055,0.6233766233766234,0.4549019607843137,0.9900426742532006,0.5327777777777778,0.85
spatial,V2.3 Spatial,+5d,0.06,0.626408292023434,0.45844327176781,0.9886201991465149,0.5394444444444444,0.8422222222222222
spatial,V2.3 Spatial,+5d,0.065,0.631244323342416,0.46364242828552366,0.9886201991465149,0.5488888888888889,0.8327777777777777
spatial,V2.3 Spatial,+5d,0.07,0.6360294117647058,0.4697895451459606,0.984352773826458,0.56,0.8183333333333334
spatial,V2.3 Spatial,+5d,0.075,0.6388502549837738,0.47386519944979366,0.9800853485064012,0.5672222222222222,0.8077777777777778
spatial,V2.3 Spatial,+5d,0.08,0.6396270396270396,0.47572815533980584,0.9758179231863442,0.5705555555555556,0.8011111111111111
spatial,V2.3 Spatial,+5d,0.08499999999999999,0.641952135147818,0.4789915966386555,0.972972972972973,0.5761111111111111,0.7933333333333333
spatial,V2.3 Spatial,+5d,0.09,0.6430594900849858,0.4812720848056537,0.968705547652916,0.58,0.7861111111111111
spatial,V2.3 Spatial,+5d,0.095,0.6426198386331277,0.4821937321937322,0.9630156472261735,0.5816666666666667,0.78
spatial,V2.3 Spatial,+5d,0.09999999999999999,0.6466093600764088,0.4867002156721783,0.9630156472261735,0.5888888888888889,0.7727777777777778
spatial,V2.3 Spatial,+5d,0.105,0.6487781504551988,0.48916184971098264,0.9630156472261735,0.5927777777777777,0.7688888888888888
spatial,V2.3 Spatial,+5d,0.10999999999999999,0.6528247223563496,0.49415204678362573,0.9615931721194879,0.6005555555555555,0.76
spatial,V2.3 Spatial,+5d,0.11499999999999999,0.6547041707080504,0.4966887417218543,0.9601706970128022,0.6044444444444445,0.755
spatial,V2.3 Spatial,+5d,0.12,0.6572403705509509,0.5,0.9587482219061166,0.6094444444444445,0.7488888888888889
spatial,V2.3 Spatial,+5d,0.12499999999999999,0.6585007349338559,0.5022421524663677,0.9559032716927454,0.6127777777777778,0.7433333333333333
spatial,V2.3 Spatial,+5d,0.13,0.6597836774827924,0.5041322314049587,0.9544807965860598,0.6155555555555555,0.7394444444444445
spatial,V2.3 Spatial,+5d,0.135,0.6627101879327397,0.5079605761940864,0.9530583214793741,0.6211111111111111,0.7327777777777778
spatial,V2.3 Spatial,+5d,0.13999999999999999,0.6650074664011947,0.5114854517611026,0.9502133712660028,0.6261111111111111,0.7255555555555555
spatial,V2.3 Spatial,+5d,0.145,0.6676691729323307,0.5154798761609907,0.9473684210526315,0.6316666666666667,0.7177777777777777
spatial,V2.3 Spatial,+5d,0.14999999999999997,0.6707070707070708,0.5199686765857479,0.9445234708392604,0.6377777777777778,0.7094444444444444
spatial,V2.3 Spatial,+5d,0.15499999999999997,0.6741230299949161,0.5245253164556962,0.9431009957325747,0.6438888888888888,0.7022222222222222
spatial,V2.3 Spatial,+5d,0.15999999999999998,0.6755237608584568,0.5271132376395534,0.9402560455192034,0.6472222222222223,0.6966666666666667
spatial,V2.3 Spatial,+5d,0.16499999999999998,0.6772703950743971,0.5296950240770465,0.9388335704125178,0.6505555555555556,0.6922222222222222
spatial,V2.3 Spatial,+5d,0.16999999999999998,0.6790505675954592,0.5327935222672064,0.9359886201991465,0.6544444444444445,0.6861111111111111
spatial,V2.3 Spatial,+5d,0.175,0.6812045690550362,0.5363859362224039,0.9331436699857752,0.6588888888888889,0.6794444444444444
spatial,V2.3 Spatial,+5d,0.18,0.6837696335078535,0.5410107705053853,0.9288762446657184,0.6644444444444444,0.6705555555555556
spatial,V2.3 Spatial,+5d,0.185,0.6841828691539674,0.5425,0.9260312944523471,0.6661111111111111,0.6666666666666666
spatial,V2.3 Spatial,+5d,0.19,0.6853516657852987,0.5454545454545454,0.9217638691322901,0.6694444444444444,0.66
spatial,V2.3 Spatial,+5d,0.195,0.6868044515103339,0.5472972972972973,0.9217638691322901,0.6716666666666666,0.6577777777777778
spatial,V2.3 Spatial,+5d,0.19999999999999996,0.6854410201912858,0.5470737913486005,0.9174964438122333,0.6711111111111111,0.655
spatial,V2.3 Spatial,+5d,0.20499999999999996,0.688034188034188,0.5508982035928144,0.9160739687055477,0.6755555555555556,0.6494444444444445
spatial,V2.3 Spatial,+5d,0.20999999999999996,0.6902465166130761,0.5537403267411866,0.9160739687055477,0.6788888888888889,0.6461111111111111
spatial,V2.3 Spatial,+5d,0.21499999999999997,0.6928879310344828,0.5576756287944492,0.914651493598862,0.6833333333333333,0.6405555555555555
spatial,V2.3 Spatial,+5d,0.21999999999999997,0.6949891067538126,0.5631067961165048,0.9075391180654339,0.6888888888888889,0.6294444444444445
spatial,V2.3 Spatial,+5d,0.22499999999999998,0.6958904109589041,0.5659536541889483,0.903271692745377,0.6916666666666667,0.6233333333333333
spatial,V2.3 Spatial,+5d,0.22999999999999998,0.696035242290749,0.5678346810422282,0.89900426742532,0.6933333333333334,0.6183333333333333
spatial,V2.3 Spatial,+5d,0.235,0.6976229961304588,0.5705244122965641,0.8975817923186344,0.6961111111111111,0.6144444444444445
spatial,V2.3 Spatial,+5d,0.24,0.6989966555183946,0.5747021081576535,0.8918918918918919,0.7,0.6061111111111112
spatial,V2.3 Spatial,+5d,0.245,0.700280112044818,0.577634011090573,0.8890469416785206,0.7027777777777777,0.6011111111111112
spatial,V2.3 Spatial,+5d,0.24999999999999994,0.7008450704225352,0.5802238805970149,0.8847795163584637,0.705,0.5955555555555555
spatial,V2.3 Spatial,+5d,0.25499999999999995,0.7014164305949009,0.5828625235404896,0.8805120910384068,0.7072222222222222,0.59
spatial,V2.3 Spatial,+5d,0.25999999999999995,0.7070245573957737,0.5906488549618321,0.8805120910384068,0.715,0.5822222222222222
spatial,V2.3 Spatial,+5d,0.26499999999999996,0.7095292766934558,0.5948026948989413,0.8790896159317212,0.7188888888888889,0.5772222222222222
spatial,V2.3 Spatial,+5d,0.26999999999999996,0.7077809798270893,0.5949612403100775,0.8733997155049786,0.7183333333333334,0.5733333333333334
spatial,V2.3 Spatial,+5d,0.27499999999999997,0.7115496227510156,0.6009803921568627,0.871977240398293,0.7238888888888889,0.5666666666666667
spatial,V2.3 Spatial,+5d,0.27999999999999997,0.7112922002328289,0.6019704433497537,0.8691322901849218,0.7244444444444444,0.5638888888888889
spatial,V2.3 Spatial,+5d,0.285,0.7121034077555817,0.6066066066066066,0.8620199146514936,0.7277777777777777,0.555
spatial,V2.3 Spatial,+5d,0.29,0.7168246445497629,0.6142131979695431,0.8605974395448079,0.7344444444444445,0.5472222222222223
spatial,V2.3 Spatial,+5d,0.295,0.7204301075268817,0.6210092687950567,0.8577524893314367,0.74,0.5394444444444444
spatial,V2.3 Spatial,+5d,0.3,0.7232250300842358,0.6266944734098019,0.8549075391180654,0.7444444444444445,0.5327777777777778
spatial,V2.3 Spatial,+5d,0.30499999999999994,0.7254073627036814,0.629979035639413,0.8549075391180654,0.7472222222222222,0.53
spatial,V2.3 Spatial,+5d,0.30999999999999994,0.7267230955259976,0.6319663512092534,0.8549075391180654,0.7488888888888889,0.5283333333333333
spatial,V2.3 Spatial,+5d,0.31499999999999995,0.7257281553398058,0.6328042328042328,0.8506401137980085,0.7488888888888889,0.525
spatial,V2.3 Spatial,+5d,0.31999999999999995,0.7230392156862746,0.635091496232508,0.8392603129445235,0.7488888888888889,0.5161111111111111
spatial,V2.3 Spatial,+5d,0.32499999999999996,0.7267119062307218,0.6416122004357299,0.8378378378378378,0.7538888888888889,0.51
spatial,V2.3 Spatial,+5d,0.32999999999999996,0.728739913097455,0.6464757709251101,0.8349928876244666,0.7572222222222222,0.5044444444444445
spatial,V2.3 Spatial,+5d,0.33499999999999996,0.7281795511221946,0.6481687014428413,0.8307254623044097,0.7577777777777778,0.5005555555555555
spatial,V2.3 Spatial,+5d,0.33999999999999997,0.7276142767689417,0.6498881431767338,0.8264580369843528,0.7583333333333333,0.49666666666666665
spatial,V2.3 Spatial,+5d,0.3449999999999999,0.7286432160804021,0.6524184476940382,0.8250355618776671,0.76,0.4938888888888889
spatial,V2.3 Spatial,+5d,0.3499999999999999,0.7305993690851735,0.6564625850340136,0.8236130867709816,0.7627777777777778,0.49
spatial,V2.3 Spatial,+5d,0.3549999999999999,0.7326984126984126,0.661697247706422,0.8207681365576103,0.7661111111111111,0.48444444444444446
spatial,V2.3 Spatial,+5d,0.35999999999999993,0.7335463258785941,0.665893271461717,0.8165007112375533,0.7683333333333333,0.47888888888888886
spatial,V2.3 Spatial,+5d,0.36499999999999994,0.7335907335907336,0.6698002350176263,0.8108108108108109,0.77,0.4727777777777778
spatial,V2.3 Spatial,+5d,0.36999999999999994,0.7344559585492226,0.6741973840665874,0.8065433854907539,0.7722222222222223,0.4672222222222222
spatial,V2.3 Spatial,+5d,0.37499999999999994,0.7369791666666667,0.6794717887154862,0.8051209103840683,0.7755555555555556,0.4627777777777778
spatial,V2.3 Spatial,+5d,0.37999999999999995,0.7378768020969856,0.68408262454435,0.8008534850640113,0.7777777777777778,0.4572222222222222
spatial,V2.3 Spatial,+5d,0.38499999999999995,0.7384412153236459,0.689272503082614,0.7951635846372689,0.78,0.45055555555555554
spatial,V2.3 Spatial,+5d,0.38999999999999996,0.7408880053015242,0.6935483870967742,0.7951635846372689,0.7827777777777778,0.4477777777777778
spatial,V2.3 Spatial,+5d,0.39499999999999996,0.7403462050599201,0.6958698372966208,0.7908961593172119,0.7833333333333333,0.4438888888888889
spatial,V2.3 Spatial,+5d,0.3999999999999999,0.7424749163879599,0.7007575757575758,0.7894736842105263,0.7861111111111111,0.44
spatial,V2.3 Spatial,+5d,0.4049999999999999,0.7430883344571814,0.7064102564102565,0.7837837837837838,0.7883333333333333,0.43333333333333335
spatial,V2.3 Spatial,+5d,0.4099999999999999,0.7430508474576272,0.7098445595854922,0.7795163584637269,0.7894444444444444,0.4288888888888889
spatial,V2.3 Spatial,+5d,0.4149999999999999,0.742155525238745,0.7129750982961992,0.7738264580369844,0.79,0.42388888888888887
spatial,V2.3 Spatial,+5d,0.41999999999999993,0.7426218256691832,0.7175066312997348,0.7695590327169275,0.7916666666666666,0.41888888888888887
spatial,V2.3 Spatial,+5d,0.42499999999999993,0.7439613526570048,0.7225201072386059,0.7667140825035562,0.7938888888888889,0.41444444444444445
spatial,V2.3 Spatial,+5d,0.42999999999999994,0.7437673130193907,0.7246963562753036,0.7638691322901849,0.7944444444444444,0.4116666666666667
spatial,V2.3 Spatial,+5d,0.43499999999999994,0.7456445993031359,0.7308743169398907,0.7610241820768137,0.7972222222222223,0.4066666666666667
spatial,V2.3 Spatial,+5d,0.43999999999999995,0.7445766270118965,0.7327823691460055,0.7567567567567568,0.7972222222222223,0.4033333333333333
spatial,V2.3 Spatial,+5d,0.44499999999999995,0.7404795486600847,0.7342657342657343,0.7467994310099573,0.7955555555555556,0.3972222222222222
spatial,V2.3 Spatial,+5d,0.4499999999999999,0.7393767705382435,0.7362482369534555,0.7425320056899004,0.7955555555555556,0.3938888888888889
spatial,V2.3 Spatial,+5d,0.4549999999999999,0.7351891506067095,0.7378223495702005,0.732574679943101,0.7938888888888889,0.3877777777777778
spatial,V2.3 Spatial,+5d,0.4599999999999999,0.7309352517985611,0.7394468704512372,0.7226173541963016,0.7922222222222223,0.38166666666666665
spatial,V2.3 Spatial,+5d,0.4649999999999999,0.7337192474674384,0.7466863033873343,0.7211948790896159,0.7955555555555556,0.37722222222222224
spatial,V2.3 Spatial,+5d,0.4699999999999999,0.7381473377097009,0.7574850299401198,0.7197724039829303,0.8005555555555556,0.3711111111111111
spatial,V2.3 Spatial,+5d,0.4749999999999999,0.7422680412371133,0.7694656488549618,0.716927453769559,0.8055555555555556,0.3638888888888889
spatial,V2.3 Spatial,+5d,0.4799999999999999,0.7407407407407407,0.7727975270479135,0.7112375533428165,0.8055555555555556,0.35944444444444446
spatial,V2.3 Spatial,+5d,0.48499999999999993,0.7421758569299554,0.7793427230046949,0.7083926031294452,0.8077777777777778,0.355
spatial,V2.3 Spatial,+5d,0.48999999999999994,0.7417910447761195,0.7802197802197802,0.7069701280227596,0.8077777777777778,0.35388888888888886
spatial,V2.3 Spatial,+5d,0.49499999999999994,0.7407963936889556,0.785031847133758,0.701280227596017,0.8083333333333333,0.3488888888888889
spatial,V2.3 Spatial,+5d,0.49999999999999994,0.7352496217851741,0.7851373182552503,0.6913229018492176,0.8055555555555556,0.3438888888888889
spatial,V2.3 Spatial,+5d,0.5049999999999999,0.7351598173515982,0.79050736497545,0.6870554765291608,0.8066666666666666,0.33944444444444444
spatial,V2.3 Spatial,+5d,0.5099999999999999,0.7303284950343775,0.7887788778877888,0.6799431009957326,0.8038888888888889,0.33666666666666667
spatial,V2.3 Spatial,+5d,0.5149999999999999,0.7279693486590039,0.7890365448504983,0.6756756756756757,0.8027777777777778,0.33444444444444443
spatial,V2.3 Spatial,+5d,0.5199999999999999,0.7212355212355213,0.7888513513513513,0.6642958748221907,0.7994444444444444,0.3288888888888889
spatial,V2.3 Spatial,+5d,0.5249999999999999,0.7220496894409938,0.7948717948717948,0.6614509246088194,0.8011111111111111,0.325
spatial,V2.3 Spatial,+5d,0.5299999999999999,0.7214397496087638,0.8017391304347826,0.6557610241820768,0.8022222222222222,0.3194444444444444
spatial,V2.3 Spatial,+5d,0.5349999999999999,0.7169811320754716,0.8014059753954306,0.6486486486486487,0.8,0.3161111111111111
spatial,V2.3 Spatial,+5d,0.5399999999999999,0.7090620031796503,0.8036036036036036,0.6344238975817923,0.7966666666666666,0.30833333333333335
spatial,V2.3 Spatial,+5d,0.5449999999999999,0.7092651757188497,0.8087431693989071,0.631578947368421,0.7977777777777778,0.305
spatial,V2.3 Spatial,+5d,0.5499999999999999,0.7016129032258064,0.8100558659217877,0.6187766714082503,0.7944444444444444,0.29833333333333334
spatial,V2.3 Spatial,+5d,0.5549999999999999,0.6979757085020243,0.8101503759398496,0.6130867709815079,0.7927777777777778,0.29555555555555557
spatial,V2.3 Spatial,+5d,0.5599999999999999,0.6927465362673186,0.8110687022900763,0.604551920341394,0.7905555555555556,0.2911111111111111
spatial,V2.3 Spatial,+5d,0.565,0.6895986895986896,0.8127413127413128,0.5988620199146515,0.7894444444444444,0.2877777777777778
spatial,V2.3 Spatial,+5d,0.57,0.6804635761589404,0.8138613861386138,0.5846372688477952,0.7855555555555556,0.28055555555555556
spatial,V2.3 Spatial,+5d,0.575,0.6772046589018303,0.8156312625250501,0.5789473684210527,0.7844444444444445,0.2772222222222222
spatial,V2.3 Spatial,+5d,0.58,0.6711297071129707,0.8150406504065041,0.5704125177809388,0.7816666666666666,0.2733333333333333
spatial,V2.3 Spatial,+5d,0.585,0.6666666666666666,0.8164948453608247,0.5633001422475107,0.78,0.26944444444444443
spatial,V2.3 Spatial,+5d,0.59,0.6644067796610169,0.8218029350104822,0.5576102418207681,0.78,0.265
spatial,V2.3 Spatial,+5d,0.595,0.6575342465753425,0.8258064516129032,0.5462304409672831,0.7777777777777778,0.25833333333333336
spatial,V2.3 Spatial,+5d,0.6,0.6545768566493955,0.832967032967033,0.5391180654338549,0.7777777777777778,0.25277777777777777
spatial,V2.3 Spatial,+5d,0.605,0.6504347826086957,0.8366890380313199,0.5320056899004267,0.7766666666666666,0.24833333333333332
spatial,V2.3 Spatial,+5d,0.61,0.6409130816505707,0.8371559633027523,0.519203413940256,0.7727777777777778,0.24222222222222223
spatial,V2.3 Spatial,+5d,0.615,0.6390114739629303,0.8418604651162791,0.5149359886201992,0.7727777777777778,0.2388888888888889
spatial,V2.3 Spatial,+5d,0.62,0.6395039858281666,0.8474178403755869,0.5135135135135135,0.7738888888888888,0.23666666666666666
spatial,V2.3 Spatial,+5d,0.625,0.6345811051693404,0.8496420047732697,0.5064011379800853,0.7722222222222223,0.23277777777777778
spatial,V2.3 Spatial,+5d,0.63,0.6326164874551972,0.8547215496368039,0.5021337126600285,0.7722222222222223,0.22944444444444445
spatial,V2.3 Spatial,+5d,0.635,0.6282628262826283,0.8553921568627451,0.49644381223328593,0.7705555555555555,0.22666666666666666
spatial,V2.3 Spatial,+5d,0.6399999999999999,0.6238698010849909,0.8560794044665012,0.4907539118065434,0.7688888888888888,0.2238888888888889
spatial,V2.3 Spatial,+5d,0.6449999999999999,0.6194368755676657,0.8567839195979899,0.4850640113798009,0.7672222222222222,0.22111111111111112
spatial,V2.3 Spatial,+5d,0.6499999999999999,0.6117216117216117,0.8586118251928021,0.4751066856330014,0.7644444444444445,0.21611111111111111
spatial,V2.3 Spatial,+5d,0.6549999999999999,0.61044912923923,0.8582474226804123,0.47368421052631576,0.7638888888888888,0.21555555555555556
spatial,V2.3 Spatial,+5d,0.6599999999999999,0.604995374653099,0.8650793650793651,0.465149359886202,0.7627777777777778,0.21
spatial,V2.3 Spatial,+5d,0.6649999999999999,0.6003717472118959,0.8659517426273459,0.4594594594594595,0.7611111111111111,0.20722222222222222
spatial,V2.3 Spatial,+5d,0.6699999999999999,0.5949485500467726,0.8688524590163934,0.4523470839260313,0.7594444444444445,0.20333333333333334
spatial,V2.3 Spatial,+5d,0.6749999999999999,0.5902255639097744,0.8698060941828255,0.4466571834992888,0.7577777777777778,0.20055555555555554
spatial,V2.3 Spatial,+5d,0.6799999999999999,0.5879017013232515,0.8760563380281691,0.4423897581792319,0.7577777777777778,0.19722222222222222
spatial,V2.3 Spatial,+5d,0.6849999999999999,0.5836501901140685,0.8796561604584527,0.4366998577524893,0.7566666666666667,0.1938888888888889
spatial,V2.3 Spatial,+5d,0.69,0.5793499043977055,0.8833819241982507,0.4310099573257468,0.7555555555555555,0.19055555555555556
spatial,V2.3 Spatial,+5d,0.695,0.5689488910318226,0.8832335329341318,0.41963015647226176,0.7516666666666667,0.18555555555555556
spatial,V2.3 Spatial,+5d,0.7,0.5606207565470418,0.8810975609756098,0.41109530583214793,0.7483333333333333,0.18222222222222223
spatial,V2.3 Spatial,+5d,0.705,0.5552297165200392,0.8875,0.4039829302987198,0.7472222222222222,0.17777777777777778
spatial,V2.3 Spatial,+5d,0.71,0.550098231827112,0.8888888888888888,0.39829302987197723,0.7455555555555555,0.175
spatial,V2.3 Spatial,+5d,0.715,0.5405940594059406,0.8892508143322475,0.3883357041251778,0.7422222222222222,0.17055555555555554
spatial,V2.3 Spatial,+5d,0.72,0.5245245245245246,0.8851351351351351,0.37268847795163584,0.7361111111111112,0.16444444444444445
spatial,V2.3 Spatial,+5d,0.725,0.5227043390514631,0.8993055555555556,0.3684210526315789,0.7372222222222222,0.16
spatial,V2.3 Spatial,+5d,0.73,0.5177664974619289,0.9042553191489362,0.3627311522048364,0.7361111111111112,0.15666666666666668
spatial,V2.3 Spatial,+5d,0.735,0.5127681307456589,0.9094202898550725,0.35704125177809387,0.735,0.15333333333333332
spatial,V2.3 Spatial,+5d,0.74,0.4943123061013444,0.9053030303030303,0.3399715504978663,0.7283333333333334,0.14666666666666667
spatial,V2.3 Spatial,+5d,0.7449999999999999,0.4864864864864865,0.9034749034749034,0.3328591749644381,0.7255555555555555,0.1438888888888889
spatial,V2.3 Spatial,+5d,0.7499999999999999,0.4790794979079498,0.9051383399209486,0.32574679943101,0.7233333333333334,0.14055555555555554
spatial,V2.3 Spatial,+5d,0.7549999999999999,0.47207586933614326,0.9105691056910569,0.3186344238975818,0.7216666666666667,0.13666666666666666
spatial,V2.3 Spatial,+5d,0.7599999999999999,0.4661016949152542,0.9128630705394191,0.3129445234708393,0.72,0.1338888888888889
spatial,V2.3 Spatial,+5d,0.7649999999999999,0.4638297872340426,0.919831223628692,0.310099573257468,0.72,0.13166666666666665
spatial,V2.3 Spatial,+5d,0.7699999999999999,0.45230439442658094,0.9173913043478261,0.30014224751066854,0.7161111111111111,0.12777777777777777
spatial,V2.3 Spatial,+5d,0.7749999999999999,0.43986998916576375,0.9227272727272727,0.2887624466571835,0.7127777777777777,0.12222222222222222
spatial,V2.3 Spatial,+5d,0.7799999999999999,0.43013100436681223,0.9248826291079812,0.2802275960170697,0.71,0.11833333333333333
spatial,V2.3 Spatial,+5d,0.7849999999999999,0.41629955947136565,0.9219512195121952,0.26884779516358465,0.7055555555555556,0.11388888888888889
spatial,V2.3 Spatial,+5d,0.7899999999999999,0.4079822616407982,0.9246231155778895,0.26173541963015645,0.7033333333333334,0.11055555555555556
spatial,V2.3 Spatial,+5d,0.7949999999999999,0.400890868596882,0.9230769230769231,0.25604551920341395,0.7011111111111111,0.10833333333333334
spatial,V2.3 Spatial,+5d,0.7999999999999999,0.3964165733482643,0.9315789473684211,0.25177809388335703,0.7005555555555556,0.10555555555555556
spatial,V2.3 Spatial,+5d,0.8049999999999999,0.38738738738738737,0.9297297297297298,0.24466571834992887,0.6977777777777778,0.10277777777777777
spatial,V2.3 Spatial,+5d,0.8099999999999999,0.38192090395480227,0.9285714285714286,0.24039829302987198,0.6961111111111111,0.10111111111111111
spatial,V2.3 Spatial,+5d,0.815,0.38009049773755654,0.9281767955801105,0.23897581792318634,0.6955555555555556,0.10055555555555555
spatial,V2.3 Spatial,+5d,0.82,0.3731513083048919,0.9318181818181818,0.2332859174964438,0.6938888888888889,0.09777777777777778
spatial,V2.3 Spatial,+5d,0.825,0.368,0.936046511627907,0.22901849217638692,0.6927777777777778,0.09555555555555556
spatial,V2.3 Spatial,+5d,0.83,0.36280137772675086,0.9404761904761905,0.22475106685633,0.6916666666666667,0.09333333333333334
spatial,V2.3 Spatial,+5d,0.835,0.3552479815455594,0.9390243902439024,0.21906116642958748,0.6894444444444444,0.09111111111111111
spatial,V2.3 Spatial,+5d,0.84,0.338785046728972,0.9477124183006536,0.20625889046941678,0.6855555555555556,0.085
spatial,V2.3 Spatial,+5d,0.845,0.3278301886792453,0.9586206896551724,0.19772403982930298,0.6833333333333333,0.08055555555555556
spatial,V2.3 Spatial,+5d,0.8499999999999999,0.3078758949880668,0.9555555555555556,0.18349928876244664,0.6777777777777778,0.075
spatial,V2.3 Spatial,+5d,0.8549999999999999,0.2956730769230769,0.9534883720930233,0.17496443812233287,0.6744444444444444,0.07166666666666667
spatial,V2.3 Spatial,+5d,0.8599999999999999,0.2936221419975933,0.953125,0.17354196301564723,0.6738888888888889,0.07111111111111111
spatial,V2.3 Spatial,+5d,0.8649999999999999,0.28363636363636363,0.9590163934426229,0.16642958748221906,0.6716666666666666,0.06777777777777778
spatial,V2.3 Spatial,+5d,0.8699999999999999,0.2798053527980535,0.9663865546218487,0.16358463726884778,0.6711111111111111,0.0661111111111111
spatial,V2.3 Spatial,+5d,0.8749999999999999,0.2699386503067485,0.9821428571428571,0.15647226173541964,0.6694444444444444,0.06222222222222222
spatial,V2.3 Spatial,+5d,0.8799999999999999,0.25495049504950495,0.9809523809523809,0.1465149359886202,0.6655555555555556,0.058333333333333334
spatial,V2.3 Spatial,+5d,0.8849999999999999,0.23970037453183524,0.9795918367346939,0.13655761024182078,0.6616666666666666,0.05444444444444444
spatial,V2.3 Spatial,+5d,0.8899999999999999,0.22864321608040206,0.978494623655914,0.12944523470839261,0.6588888888888889,0.051666666666666666
spatial,V2.3 Spatial,+5d,0.8949999999999999,0.21292775665399236,0.9767441860465116,0.11948790896159317,0.655,0.04777777777777778
spatial,V2.3 Spatial,+5d,0.8999999999999999,0.2038216560509554,0.975609756097561,0.11379800853485064,0.6527777777777778,0.04555555555555556
spatial,V2.3 Spatial,+5d,0.9049999999999999,0.189987163029525,0.9736842105263158,0.10526315789473684,0.6494444444444445,0.042222222222222223
spatial,V2.3 Spatial,+5d,0.9099999999999999,0.17852522639068566,0.9857142857142858,0.09815078236130868,0.6472222222222223,0.03888888888888889
spatial,V2.3 Spatial,+5d,0.9149999999999999,0.17380025940337224,0.9852941176470589,0.0953058321479374,0.6461111111111111,0.03777777777777778
spatial,V2.3 Spatial,+5d,0.9199999999999999,0.15706806282722513,0.9836065573770492,0.08534850640113797,0.6422222222222222,0.03388888888888889
spatial,V2.3 Spatial,+5d,0.9249999999999999,0.14511873350923485,1.0,0.07823613086770982,0.64,0.030555555555555555
spatial,V2.3 Spatial,+5d,0.9299999999999999,0.13774834437086092,1.0,0.07396870554765292,0.6383333333333333,0.028888888888888888
spatial,V2.3 Spatial,+5d,0.9349999999999999,0.12533333333333332,1.0,0.06685633001422475,0.6355555555555555,0.026111111111111113
spatial,V2.3 Spatial,+5d,0.94,0.112751677852349,1.0,0.059743954480796585,0.6327777777777778,0.023333333333333334
spatial,V2.3 Spatial,+5d,0.945,0.1,1.0,0.05263157894736842,0.63,0.020555555555555556
spatial,V2.3 Spatial,+5d,0.95,0.08967391304347827,1.0,0.04694167852062589,0.6277777777777778,0.018333333333333333
spatial,V2.3 Spatial,+7d,0.05,0.5947625388371062,0.4243191893603547,0.9940652818991098,0.49277777777777776,0.8772222222222222
spatial,V2.3 Spatial,+7d,0.055,0.5986577181208054,0.42857142857142855,0.9925816023738873,0.5016666666666667,0.8672222222222222
spatial,V2.3 Spatial,+7d,0.06,0.6009896536212326,0.4312459651387992,0.9910979228486647,0.5072222222222222,0.8605555555555555
spatial,V2.3 Spatial,+7d,0.065,0.602616147947677,0.43292287751134156,0.9910979228486647,0.5105555555555555,0.8572222222222222
spatial,V2.3 Spatial,+7d,0.07,0.6049046321525886,0.43586387434554974,0.9881305637982196,0.5166666666666667,0.8488888888888889
spatial,V2.3 Spatial,+7d,0.075,0.6075022872827082,0.43915343915343913,0.9851632047477745,0.5233333333333333,0.84
spatial,V2.3 Spatial,+7d,0.08,0.6107784431137724,0.44288577154308617,0.983679525222552,0.5305555555555556,0.8316666666666667
spatial,V2.3 Spatial,+7d,0.08499999999999999,0.6132468735525706,0.4457912457912458,0.9821958456973294,0.5361111111111111,0.825
spatial,V2.3 Spatial,+7d,0.09,0.6175373134328358,0.45034013605442175,0.9821958456973294,0.5444444444444444,0.8166666666666667
spatial,V2.3 Spatial,+7d,0.095,0.619493908153702,0.45273972602739726,0.9807121661721068,0.5488888888888889,0.8111111111111111
spatial,V2.3 Spatial,+7d,0.09999999999999999,0.6217616580310881,0.4554865424430642,0.9792284866468842,0.5538888888888889,0.805
spatial,V2.3 Spatial,+7d,0.105,0.6224538133585978,0.4572025052192067,0.9747774480712166,0.5572222222222222,0.7983333333333333
spatial,V2.3 Spatial,+7d,0.10999999999999999,0.6266094420600858,0.4617006324666198,0.9747774480712166,0.565,0.7905555555555556
spatial,V2.3 Spatial,+7d,0.11499999999999999,0.6317307692307692,0.4672830725462304,0.9747774480712166,0.5744444444444444,0.7811111111111111
spatial,V2.3 Spatial,+7d,0.12,0.6350435624394967,0.47126436781609193,0.973293768545994,0.5811111111111111,0.7733333333333333
spatial,V2.3 Spatial,+7d,0.12499999999999999,0.6405867970660147,0.4777534646243618,0.9718100890207715,0.5916666666666667,0.7616666666666667
spatial,V2.3 Spatial,+7d,0.13,0.6439169139465875,0.48293768545994065,0.9658753709198813,0.6,0.7488888888888889
spatial,V2.3 Spatial,+7d,0.135,0.6477045908183632,0.48796992481203005,0.9629080118694362,0.6077777777777778,0.7388888888888889
spatial,V2.3 Spatial,+7d,0.13999999999999999,0.6491935483870969,0.4916030534351145,0.9554896142433235,0.6133333333333333,0.7277777777777777
spatial,V2.3 Spatial,+7d,0.145,0.6514690982776089,0.4946153846153846,0.9540059347181009,0.6177777777777778,0.7222222222222222
spatial,V2.3 Spatial,+7d,0.14999999999999997,0.6540623403168114,0.49883086515978176,0.9495548961424333,0.6238888888888889,0.7127777777777777
spatial,V2.3 Spatial,+7d,0.15499999999999997,0.6539649845520082,0.500788643533123,0.9421364985163204,0.6266666666666667,0.7044444444444444
spatial,V2.3 Spatial,+7d,0.15999999999999998,0.655297157622739,0.5027755749405234,0.9406528189910979,0.6294444444444445,0.7005555555555556
spatial,V2.3 Spatial,+7d,0.16499999999999998,0.6576341844710786,0.5068273092369477,0.9362017804154302,0.635,0.6916666666666667
spatial,V2.3 Spatial,+7d,0.16999999999999998,0.6568730325288561,0.5081168831168831,0.9287833827893175,0.6366666666666667,0.6844444444444444
spatial,V2.3 Spatial,+7d,0.175,0.6592827004219409,0.5114566284779051,0.9272997032640949,0.6411111111111111,0.6788888888888889
spatial,V2.3 Spatial,+7d,0.18,0.6616941928609483,0.516209476309227,0.9213649851632048,0.6472222222222223,0.6683333333333333
spatial,V2.3 Spatial,+7d,0.185,0.6655948553054664,0.5209731543624161,0.9213649851632048,0.6533333333333333,0.6622222222222223
spatial,V2.3 Spatial,+7d,0.19,0.6688241639697952,0.5254237288135594,0.9198813056379822,0.6588888888888889,0.6555555555555556
spatial,V2.3 Spatial,+7d,0.195,0.6731813246471227,0.5308219178082192,0.9198813056379822,0.6655555555555556,0.6488888888888888
spatial,V2.3 Spatial,+7d,0.19999999999999996,0.676164383561644,0.5360556038227628,0.9154302670623146,0.6716666666666666,0.6394444444444445
spatial,V2.3 Spatial,+7d,0.20499999999999996,0.676957001102536,0.5385964912280702,0.9109792284866469,0.6744444444444444,0.6333333333333333
spatial,V2.3 Spatial,+7d,0.20999999999999996,0.68,0.5435168738898757,0.9080118694362018,0.68,0.6255555555555555
spatial,V2.3 Spatial,+7d,0.21499999999999997,0.6837988826815642,0.5483870967741935,0.9080118694362018,0.6855555555555556,0.62
spatial,V2.3 Spatial,+7d,0.21999999999999997,0.683173888576252,0.5503173164097914,0.900593471810089,0.6872222222222222,0.6127777777777778
spatial,V2.3 Spatial,+7d,0.22499999999999998,0.686263425664217,0.554337899543379,0.900593471810089,0.6916666666666667,0.6083333333333333
spatial,V2.3 Spatial,+7d,0.22999999999999998,0.688673875924872,0.5586334256694367,0.8976261127596439,0.6961111111111111,0.6016666666666667
spatial,V2.3 Spatial,+7d,0.235,0.6891814539210074,0.5610438024231128,0.8931750741839762,0.6983333333333334,0.5961111111111111
spatial,V2.3 Spatial,+7d,0.24,0.6885057471264368,0.5619136960600375,0.8887240356083086,0.6988888888888889,0.5922222222222222
spatial,V2.3 Spatial,+7d,0.245,0.6898148148148148,0.5654648956356736,0.884272997032641,0.7022222222222222,0.5855555555555556
spatial,V2.3 Spatial,+7d,0.24999999999999994,0.6942823803967327,0.5721153846153846,0.8827893175074184,0.7088888888888889,0.5777777777777777
spatial,V2.3 Spatial,+7d,0.25499999999999995,0.6971830985915494,0.5766990291262136,0.8813056379821959,0.7133333333333334,0.5722222222222222
spatial,V2.3 Spatial,+7d,0.25999999999999995,0.6988803771361225,0.5796676441837733,0.8798219584569733,0.7161111111111111,0.5683333333333334
spatial,V2.3 Spatial,+7d,0.26499999999999996,0.6995249406175772,0.5831683168316831,0.8738872403560831,0.7188888888888889,0.5611111111111111
spatial,V2.3 Spatial,+7d,0.26999999999999996,0.7004773269689738,0.5858283433133733,0.870919881305638,0.7211111111111111,0.5566666666666666
spatial,V2.3 Spatial,+7d,0.27499999999999997,0.704259148170366,0.5911379657603223,0.870919881305638,0.7261111111111112,0.5516666666666666
spatial,V2.3 Spatial,+7d,0.27999999999999997,0.7047504509921828,0.5925176946410515,0.8694362017804155,0.7272222222222222,0.5494444444444444
spatial,V2.3 Spatial,+7d,0.285,0.7048883524441761,0.5940996948118006,0.8664688427299704,0.7283333333333334,0.5461111111111111
spatial,V2.3 Spatial,+7d,0.29,0.7042424242424242,0.5952868852459017,0.8620178041543026,0.7288888888888889,0.5422222222222223
spatial,V2.3 Spatial,+7d,0.295,0.7027355623100304,0.5952626158599382,0.857566765578635,0.7283333333333334,0.5394444444444444
spatial,V2.3 Spatial,+7d,0.3,0.7049480757483202,0.5991692627206646,0.8560830860534124,0.7316666666666667,0.535
spatial,V2.3 Spatial,+7d,0.30499999999999994,0.7050889025137952,0.6008359456635318,0.8531157270029673,0.7327777777777778,0.5316666666666666
spatial,V2.3 Spatial,+7d,0.30999999999999994,0.7051597051597053,0.6016771488469602,0.8516320474777448,0.7333333333333333,0.53
spatial,V2.3 Spatial,+7d,0.31499999999999995,0.707332101047443,0.6048472075869337,0.8516320474777448,0.7361111111111112,0.5272222222222223
spatial,V2.3 Spatial,+7d,0.31999999999999995,0.708359133126935,0.6078639744952179,0.8486646884272997,0.7383333333333333,0.5227777777777778
spatial,V2.3 Spatial,+7d,0.32499999999999996,0.7089552238805971,0.6102783725910065,0.8456973293768546,0.74,0.5188888888888888
spatial,V2.3 Spatial,+7d,0.32999999999999996,0.7113337507827175,0.6153846153846154,0.8427299703264095,0.7438888888888889,0.5127777777777778
spatial,V2.3 Spatial,+7d,0.33499999999999996,0.7144654088050314,0.6200873362445415,0.8427299703264095,0.7477777777777778,0.5088888888888888
spatial,V2.3 Spatial,+7d,0.33999999999999997,0.7151898734177214,0.6236203090507726,0.8382789317507419,0.75,0.5033333333333333
spatial,V2.3 Spatial,+7d,0.3449999999999999,0.7161904761904764,0.6259711431742508,0.8367952522255193,0.7516666666666667,0.5005555555555555
spatial,V2.3 Spatial,+7d,0.3499999999999999,0.7163798597833014,0.6279329608938548,0.8338278931750742,0.7527777777777778,0.49722222222222223
spatial,V2.3 Spatial,+7d,0.3549999999999999,0.7183098591549295,0.6317567567567568,0.8323442136498517,0.7555555555555555,0.49333333333333335
spatial,V2.3 Spatial,+7d,0.35999999999999993,0.7210796915167096,0.6360544217687075,0.8323442136498517,0.7588888888888888,0.49
spatial,V2.3 Spatial,+7d,0.36499999999999994,0.722689075630252,0.6403207331042382,0.8293768545994066,0.7616666666666667,0.485
spatial,V2.3 Spatial,+7d,0.36999999999999994,0.7233766233766233,0.6431870669745958,0.8264094955489614,0.7633333333333333,0.4811111111111111
spatial,V2.3 Spatial,+7d,0.37499999999999994,0.7215686274509803,0.6448598130841121,0.8189910979228486,0.7633333333333333,0.47555555555555556
spatial,V2.3 Spatial,+7d,0.37999999999999995,0.7220026350461134,0.6492890995260664,0.8130563798219584,0.7655555555555555,0.4688888888888889
spatial,V2.3 Spatial,+7d,0.38499999999999995,0.7213765718067504,0.6511350059737157,0.8086053412462908,0.7661111111111111,0.465
spatial,V2.3 Spatial,+7d,0.38999999999999996,0.7217043941411453,0.6545893719806763,0.8041543026706232,0.7677777777777778,0.46
spatial,V2.3 Spatial,+7d,0.39499999999999996,0.7233757535164099,0.6593406593406593,0.8011869436201781,0.7705555555555555,0.455
spatial,V2.3 Spatial,+7d,0.3999999999999999,0.7194050033806625,0.6608695652173913,0.7893175074183977,0.7694444444444445,0.44722222222222224
spatial,V2.3 Spatial,+7d,0.4049999999999999,0.723433242506812,0.6687657430730478,0.787833827893175,0.7744444444444445,0.4411111111111111
spatial,V2.3 Spatial,+7d,0.4099999999999999,0.7227926078028747,0.6709021601016518,0.7833827893175074,0.775,0.43722222222222223
spatial,V2.3 Spatial,+7d,0.4149999999999999,0.7189003436426117,0.6696542893725992,0.7759643916913946,0.7727777777777778,0.4338888888888889
spatial,V2.3 Spatial,+7d,0.41999999999999993,0.7182320441988951,0.6718346253229974,0.771513353115727,0.7733333333333333,0.43
spatial,V2.3 Spatial,+7d,0.42499999999999993,0.7214484679665738,0.6797900262467191,0.7685459940652819,0.7777777777777778,0.42333333333333334
spatial,V2.3 Spatial,+7d,0.42999999999999994,0.723969252271139,0.6842800528401585,0.7685459940652819,0.7805555555555556,0.42055555555555557
spatial,V2.3 Spatial,+7d,0.43499999999999994,0.7243319268635725,0.6885026737967914,0.7640949554896143,0.7822222222222223,0.41555555555555557
spatial,V2.3 Spatial,+7d,0.43999999999999995,0.7232837933474876,0.6914749661705006,0.7581602373887241,0.7827777777777778,0.41055555555555556
spatial,V2.3 Spatial,+7d,0.44499999999999995,0.7239176721078778,0.6938775510204082,0.7566765578635015,0.7838888888888889,0.4083333333333333
spatial,V2.3 Spatial,+7d,0.4499999999999999,0.7267525035765379,0.7016574585635359,0.7537091988130564,0.7877777777777778,0.4022222222222222
spatial,V2.3 Spatial,+7d,0.4549999999999999,0.7215007215007214,0.702247191011236,0.7418397626112759,0.7855555555555556,0.39555555555555555
spatial,V2.3 Spatial,+7d,0.4599999999999999,0.7208121827411167,0.7049645390070922,0.7373887240356083,0.7861111111111111,0.39166666666666666
spatial,V2.3 Spatial,+7d,0.4649999999999999,0.7209302325581395,0.7065527065527065,0.7359050445103857,0.7866666666666666,0.39
spatial,V2.3 Spatial,+7d,0.4699999999999999,0.7226277372262773,0.7112068965517241,0.7344213649851632,0.7888888888888889,0.38666666666666666
spatial,V2.3 Spatial,+7d,0.4749999999999999,0.7195301027900147,0.7122093023255814,0.7270029673590505,0.7877777777777778,0.38222222222222224
spatial,V2.3 Spatial,+7d,0.4799999999999999,0.7162859248341932,0.7115666178623719,0.7210682492581603,0.7861111111111111,0.3794444444444444
spatial,V2.3 Spatial,+7d,0.48499999999999993,0.7177959791511542,0.7204783258594918,0.7151335311572701,0.7894444444444444,0.37166666666666665
spatial,V2.3 Spatial,+7d,0.48999999999999994,0.7167543200601051,0.726027397260274,0.7077151335311572,0.7905555555555556,0.365
spatial,V2.3 Spatial,+7d,0.49499999999999994,0.7155824508320727,0.7299382716049383,0.701780415430267,0.7911111111111111,0.36
spatial,V2.3 Spatial,+7d,0.49999999999999994,0.7143945163747145,0.7339593114241002,0.6958456973293768,0.7916666666666666,0.355
spatial,V2.3 Spatial,+7d,0.5049999999999999,0.7132974634896234,0.7400318979266348,0.6884272997032641,0.7927777777777778,0.34833333333333333
spatial,V2.3 Spatial,+7d,0.5099999999999999,0.7098765432098767,0.7395498392282959,0.6824925816023739,0.7911111111111111,0.34555555555555556
spatial,V2.3 Spatial,+7d,0.5149999999999999,0.7059736229635377,0.7398373983739838,0.6750741839762612,0.7894444444444444,0.3416666666666667
spatial,V2.3 Spatial,+7d,0.5199999999999999,0.7037617554858934,0.7458471760797342,0.6661721068249258,0.79,0.33444444444444443
spatial,V2.3 Spatial,+7d,0.5249999999999999,0.7035573122529645,0.7529610829103215,0.6602373887240356,0.7916666666666666,0.3283333333333333
spatial,V2.3 Spatial,+7d,0.5299999999999999,0.6985645933014354,0.7551724137931034,0.6498516320474778,0.79,0.32222222222222224
spatial,V2.3 Spatial,+7d,0.5349999999999999,0.6976744186046512,0.7591623036649214,0.6454005934718101,0.7905555555555556,0.31833333333333336
spatial,V2.3 Spatial,+7d,0.5399999999999999,0.6978243352135375,0.763668430335097,0.642433234421365,0.7916666666666666,0.315
spatial,V2.3 Spatial,+7d,0.5449999999999999,0.6958637469586375,0.7674418604651163,0.6364985163204748,0.7916666666666666,0.31055555555555553
spatial,V2.3 Spatial,+7d,0.5499999999999999,0.6916802610114192,0.7681159420289855,0.629080118694362,0.79,0.30666666666666664
spatial,V2.3 Spatial,+7d,0.5549999999999999,0.6886326194398682,0.774074074074074,0.6201780415430267,0.79,0.3
spatial,V2.3 Spatial,+7d,0.5599999999999999,0.6827242524916944,0.7754716981132076,0.6097922848664689,0.7877777777777778,0.29444444444444445
spatial,V2.3 Spatial,+7d,0.565,0.6810990840965863,0.7760910815939279,0.6068249258160238,0.7872222222222223,0.2927777777777778
spatial,V2.3 Spatial,+7d,0.57,0.6806020066889632,0.7796934865900383,0.6038575667655787,0.7877777777777778,0.29
spatial,V2.3 Spatial,+7d,0.575,0.6794979079497907,0.7792706333973128,0.6023738872403561,0.7872222222222223,0.28944444444444445
spatial,V2.3 Spatial,+7d,0.58,0.6784214945424013,0.781431334622824,0.599406528189911,0.7872222222222223,0.2872222222222222
spatial,V2.3 Spatial,+7d,0.585,0.6706181202370871,0.7810650887573964,0.5875370919881305,0.7838888888888889,0.2816666666666667
spatial,V2.3 Spatial,+7d,0.59,0.6689419795221843,0.7871485943775101,0.5816023738872403,0.7844444444444445,0.27666666666666667
spatial,V2.3 Spatial,+7d,0.595,0.6643835616438356,0.7854251012145749,0.5756676557863502,0.7822222222222223,0.27444444444444444
spatial,V2.3 Spatial,+7d,0.6,0.6609294320137693,0.7868852459016393,0.56973293768546,0.7811111111111111,0.27111111111111114
spatial,V2.3 Spatial,+7d,0.605,0.6597402597402598,0.7920997920997921,0.5652818991097923,0.7816666666666666,0.26722222222222225
spatial,V2.3 Spatial,+7d,0.61,0.6550825369244135,0.790356394129979,0.5593471810089021,0.7794444444444445,0.265
spatial,V2.3 Spatial,+7d,0.615,0.6533101045296168,0.7911392405063291,0.5563798219584569,0.7788888888888889,0.2633333333333333
spatial,V2.3 Spatial,+7d,0.62,0.646801051709027,0.7901498929336188,0.5474777448071216,0.7761111111111111,0.2594444444444444
spatial,V2.3 Spatial,+7d,0.625,0.6425419240953222,0.7930283224400871,0.5400593471810089,0.775,0.255
spatial,V2.3 Spatial,+7d,0.63,0.6394316163410302,0.7964601769911505,0.5341246290801187,0.7744444444444445,0.2511111111111111
spatial,V2.3 Spatial,+7d,0.635,0.6344950848972296,0.797752808988764,0.526706231454006,0.7727777777777778,0.24722222222222223
spatial,V2.3 Spatial,+7d,0.6399999999999999,0.6306306306306306,0.8027522935779816,0.5192878338278932,0.7722222222222223,0.24222222222222223
spatial,V2.3 Spatial,+7d,0.6449999999999999,0.6268115942028986,0.8046511627906977,0.5133531157270029,0.7711111111111111,0.2388888888888889
spatial,V2.3 Spatial,+7d,0.6499999999999999,0.6173515981735159,0.8028503562945368,0.5014836795252225,0.7672222222222222,0.2338888888888889
spatial,V2.3 Spatial,+7d,0.6549999999999999,0.6128440366972477,0.8028846153846154,0.49554896142433236,0.7655555555555555,0.2311111111111111
spatial,V2.3 Spatial,+7d,0.6599999999999999,0.6081330868761552,0.8063725490196079,0.48813056379821956,0.7644444444444445,0.22666666666666666
spatial,V2.3 Spatial,+7d,0.6649999999999999,0.607242339832869,0.8114143920595533,0.48516320474777447,0.765,0.2238888888888889
spatial,V2.3 Spatial,+7d,0.6699999999999999,0.5998125585754452,0.8142493638676844,0.47477744807121663,0.7627777777777778,0.21833333333333332
spatial,V2.3 Spatial,+7d,0.6749999999999999,0.5920303605313094,0.8210526315789474,0.4629080118694362,0.7611111111111111,0.2111111111111111
spatial,V2.3 Spatial,+7d,0.6799999999999999,0.5899143672692674,0.8222811671087533,0.4599406528189911,0.7605555555555555,0.20944444444444443
spatial,V2.3 Spatial,+7d,0.6849999999999999,0.581573896353167,0.8233695652173914,0.4495548961424332,0.7577777777777778,0.20444444444444446
spatial,V2.3 Spatial,+7d,0.69,0.5758454106280193,0.8254847645429363,0.4421364985163205,0.7561111111111111,0.20055555555555554
spatial,V2.3 Spatial,+7d,0.695,0.5680933852140078,0.8248587570621468,0.4332344213649852,0.7533333333333333,0.19666666666666666
spatial,V2.3 Spatial,+7d,0.7,0.56640625,0.8285714285714286,0.43026706231454004,0.7533333333333333,0.19444444444444445
spatial,V2.3 Spatial,+7d,0.705,0.5621939275220371,0.8270893371757925,0.4258160237388724,0.7516666666666667,0.19277777777777777
spatial,V2.3 Spatial,+7d,0.71,0.5556650246305419,0.8269794721407625,0.41839762611275966,0.7494444444444445,0.18944444444444444
spatial,V2.3 Spatial,+7d,0.715,0.5504950495049504,0.8273809523809523,0.4124629080118694,0.7477777777777778,0.18666666666666668
spatial,V2.3 Spatial,+7d,0.72,0.5458167330677292,0.8303030303030303,0.4065281899109792,0.7466666666666667,0.18333333333333332
spatial,V2.3 Spatial,+7d,0.725,0.5368314833501513,0.8391167192429022,0.39465875370919884,0.745,0.1761111111111111
spatial,V2.3 Spatial,+7d,0.73,0.5269582909460834,0.8381877022653722,0.38427299703264095,0.7416666666666667,0.17166666666666666
spatial,V2.3 Spatial,+7d,0.735,0.5204918032786885,0.8410596026490066,0.3768545994065282,0.74,0.16777777777777778
spatial,V2.3 Spatial,+7d,0.74,0.5180598555211557,0.8508474576271187,0.3724035608308605,0.7405555555555555,0.1638888888888889
spatial,V2.3 Spatial,+7d,0.7449999999999999,0.5119170984455957,0.8487972508591065,0.3664688427299703,0.7383333333333333,0.16166666666666665
spatial,V2.3 Spatial,+7d,0.7499999999999999,0.5031315240083507,0.8485915492957746,0.35756676557863504,0.7355555555555555,0.15777777777777777
spatial,V2.3 Spatial,+7d,0.7549999999999999,0.49789915966386555,0.8525179856115108,0.3516320474777448,0.7344444444444445,0.15444444444444444
spatial,V2.3 Spatial,+7d,0.7599999999999999,0.4947145877378435,0.8602941176470589,0.34718100890207715,0.7344444444444445,0.1511111111111111
spatial,V2.3 Spatial,+7d,0.7649999999999999,0.4845250800426895,0.8631178707224335,0.3367952522255193,0.7316666666666667,0.1461111111111111
spatial,V2.3 Spatial,+7d,0.7699999999999999,0.4795698924731182,0.87109375,0.33086053412462907,0.7311111111111112,0.14222222222222222
spatial,V2.3 Spatial,+7d,0.7749999999999999,0.47186147186147187,0.872,0.32344213649851633,0.7288888888888889,0.1388888888888889
spatial,V2.3 Spatial,+7d,0.7799999999999999,0.46739130434782605,0.8739837398373984,0.3189910979228487,0.7277777777777777,0.13666666666666666
spatial,V2.3 Spatial,+7d,0.7849999999999999,0.46221248630887185,0.8828451882845189,0.31305637982195844,0.7272222222222222,0.13277777777777777
spatial,V2.3 Spatial,+7d,0.7899999999999999,0.451827242524917,0.8908296943231441,0.3026706231454006,0.725,0.1272222222222222
spatial,V2.3 Spatial,+7d,0.7949999999999999,0.443207126948775,0.8883928571428571,0.2952522255192878,0.7222222222222222,0.12444444444444444
spatial,V2.3 Spatial,+7d,0.7999999999999999,0.430976430976431,0.8847926267281107,0.28486646884273,0.7183333333333334,0.12055555555555555
spatial,V2.3 Spatial,+7d,0.8049999999999999,0.4154370034052214,0.8840579710144928,0.271513353115727,0.7138888888888889,0.115
spatial,V2.3 Spatial,+7d,0.8099999999999999,0.4,0.8877551020408163,0.258160237388724,0.71,0.10888888888888888
spatial,V2.3 Spatial,+7d,0.815,0.3912037037037037,0.8894736842105263,0.2507418397626113,0.7077777777777777,0.10555555555555556
spatial,V2.3 Spatial,+7d,0.82,0.3846153846153846,0.8967391304347826,0.24480712166172106,0.7066666666666667,0.10222222222222223
spatial,V2.3 Spatial,+7d,0.825,0.3679245283018868,0.896551724137931,0.2314540059347181,0.7022222222222222,0.09666666666666666
spatial,V2.3 Spatial,+7d,0.83,0.35714285714285715,0.9036144578313253,0.22255192878338279,0.7,0.09222222222222222
spatial,V2.3 Spatial,+7d,0.835,0.3417569193742479,0.9044585987261147,0.21068249258160238,0.6961111111111111,0.08722222222222223
spatial,V2.3 Spatial,+7d,0.84,0.3325242718446602,0.9133333333333333,0.2032640949554896,0.6944444444444444,0.08333333333333333
spatial,V2.3 Spatial,+7d,0.845,0.31396786155747836,0.9407407407407408,0.1884272997032641,0.6916666666666667,0.075
spatial,V2.3 Spatial,+7d,0.8499999999999999,0.30174563591022446,0.9453125,0.1795252225519288,0.6888888888888889,0.07111111111111111
spatial,V2.3 Spatial,+7d,0.8549999999999999,0.28967254408060455,0.9583333333333334,0.17062314540059348,0.6866666666666666,0.06666666666666667
spatial,V2.3 Spatial,+7d,0.8599999999999999,0.27226463104325704,0.9553571428571429,0.15875370919881307,0.6822222222222222,0.06222222222222222
spatial,V2.3 Spatial,+7d,0.8649999999999999,0.2700636942675159,0.954954954954955,0.1572700296735905,0.6816666666666666,0.06166666666666667
spatial,V2.3 Spatial,+7d,0.8699999999999999,0.2678571428571428,0.9545454545454546,0.15578635014836795,0.6811111111111111,0.06111111111111111
spatial,V2.3 Spatial,+7d,0.8749999999999999,0.2457956015523933,0.9595959595959596,0.14094955489614244,0.6761111111111111,0.055
spatial,V2.3 Spatial,+7d,0.8799999999999999,0.2297650130548303,0.9565217391304348,0.13056379821958458,0.6722222222222223,0.051111111111111114
spatial,V2.3 Spatial,+7d,0.8849999999999999,0.21578947368421053,0.9534883720930233,0.12166172106824925,0.6688888888888889,0.04777777777777778
spatial,V2.3 Spatial,+7d,0.8899999999999999,0.20927152317880796,0.9753086419753086,0.1172106824925816,0.6683333333333333,0.045
spatial,V2.3 Spatial,+7d,0.8949999999999999,0.20212765957446807,0.9743589743589743,0.11275964391691394,0.6666666666666666,0.043333333333333335
spatial,V2.3 Spatial,+7d,0.8999999999999999,0.18304172274562586,0.9855072463768116,0.10089020771513353,0.6627777777777778,0.03833333333333333
spatial,V2.3 Spatial,+7d,0.9049999999999999,0.17567567567567566,0.9848484848484849,0.09643916913946587,0.6611111111111111,0.03666666666666667
spatial,V2.3 Spatial,+7d,0.9099999999999999,0.1557377049180328,0.9827586206896551,0.08456973293768547,0.6566666666666666,0.03222222222222222
spatial,V2.3 Spatial,+7d,0.9149999999999999,0.14305364511691884,0.9811320754716981,0.0771513353115727,0.6538888888888889,0.029444444444444443
spatial,V2.3 Spatial,+7d,0.9199999999999999,0.13535911602209946,0.98,0.07270029673590504,0.6522222222222223,0.027777777777777776
spatial,V2.3 Spatial,+7d,0.9249999999999999,0.125,0.9782608695652174,0.06676557863501484,0.65,0.025555555555555557
spatial,V2.3 Spatial,+7d,0.9299999999999999,0.11977715877437325,0.9772727272727273,0.06379821958456973,0.6488888888888888,0.024444444444444446
spatial,V2.3 Spatial,+7d,0.9349999999999999,0.11715481171548117,0.9767441860465116,0.06231454005934718,0.6483333333333333,0.02388888888888889
spatial,V2.3 Spatial,+7d,0.94,0.10126582278481011,0.972972972972973,0.05341246290801187,0.645,0.020555555555555556
spatial,V2.3 Spatial,+7d,0.945,0.08781869688385269,0.96875,0.04599406528189911,0.6422222222222222,0.017777777777777778
spatial,V2.3 Spatial,+7d,0.95,0.07965860597439545,0.9655172413793104,0.04154302670623145,0.6405555555555555,0.01611111111111111
spatiotemporal,V2.4 Spatio-Temporal,+1d,0.05,0.6569136385087305,0.49396735273243436,0.9802816901408451,0.5961111111111111,0.7827777777777778
spatiotemporal,V2.4 Spatio-Temporal,+1d,0.055,0.6612672701286327,0.4996400287976962,0.9774647887323944,0.605,0.7716666666666666
spatiotemporal,V2.4 Spatio-Temporal,+1d,0.06,0.6660268714011516,0.50509461426492,0.9774647887323944,0.6133333333333333,0.7633333333333333
spatiotemporal,V2.4 Spatio-Temporal,+1d,0.065,0.668918918918919,0.5088105726872246,0.976056338028169,0.6188888888888889,0.7566666666666667
spatiotemporal,V2.4 Spatio-Temporal,+1d,0.07,0.6737967914438502,0.5144766146993318,0.976056338028169,0.6272222222222222,0.7483333333333333
spatiotemporal,V2.4 Spatio-Temporal,+1d,0.075,0.6794305351006382,0.5214770158251696,0.9746478873239437,0.6372222222222222,0.7372222222222222
spatiotemporal,V2.4 Spatio-Temporal,+1d,0.08,0.6831194471865746,0.5258358662613982,0.9746478873239437,0.6433333333333333,0.7311111111111112
spatiotemporal,V2.4 Spatio-Temporal,+1d,0.08499999999999999,0.6865375062096374,0.5303146584804298,0.9732394366197183,0.6494444444444445,0.7238888888888889
spatiotemporal,V2.4 Spatio-Temporal,+1d,0.09,0.6889332003988036,0.533179012345679,0.9732394366197183,0.6533333333333333,0.72
spatiotemporal,V2.4 Spatio-Temporal,+1d,0.095,0.6917670682730923,0.5374414976599063,0.9704225352112676,0.6588888888888889,0.7122222222222222
spatiotemporal,V2.4 Spatio-Temporal,+1d,0.09999999999999999,0.6942482341069627,0.5408805031446541,0.9690140845070423,0.6633333333333333,0.7066666666666667
spatiotemporal,V2.4 Spatio-Temporal,+1d,0.105,0.6999490575649516,0.5482841181165203,0.967605633802817,0.6727777777777778,0.6961111111111111
spatiotemporal,V2.4 Spatio-Temporal,+1d,0.10999999999999999,0.7014314928425358,0.550561797752809,0.9661971830985916,0.6755555555555556,0.6922222222222222
spatiotemporal,V2.4 Spatio-Temporal,+1d,0.11499999999999999,0.7015384615384616,0.5516129032258065,0.9633802816901409,0.6766666666666666,0.6888888888888889
spatiotemporal,V2.4 Spatio-Temporal,+1d,0.12,0.7051546391752578,0.5560975609756098,0.9633802816901409,0.6822222222222222,0.6833333333333333
spatiotemporal,V2.4 Spatio-Temporal,+1d,0.12499999999999999,0.7088738972496108,0.561216105176664,0.9619718309859155,0.6883333333333334,0.6761111111111111
spatiotemporal,V2.4 Spatio-Temporal,+1d,0.13,0.7094418362023995,0.5633802816901409,0.9577464788732394,0.6905555555555556,0.6705555555555556
spatiotemporal,V2.4 Spatio-Temporal,+1d,0.135,0.7117400419287211,0.5667779632721202,0.956338028169014,0.6944444444444444,0.6655555555555556
spatiotemporal,V2.4 Spatio-Temporal,+1d,0.13999999999999999,0.7144362486828241,0.5707070707070707,0.9549295774647887,0.6988888888888889,0.66
spatiotemporal,V2.4 Spatio-Temporal,+1d,0.145,0.7153439153439153,0.5728813559322034,0.952112676056338,0.7011111111111111,0.6555555555555556
spatiotemporal,V2.4 Spatio-Temporal,+1d,0.14999999999999997,0.7167199148029819,0.5761986301369864,0.9478873239436619,0.7044444444444444,0.6488888888888888
spatiotemporal,V2.4 Spatio-Temporal,+1d,0.15499999999999997,0.7171824973319104,0.5773195876288659,0.9464788732394366,0.7055555555555556,0.6466666666666666
spatiotemporal,V2.4 Spatio-Temporal,+1d,0.15999999999999998,0.7179487179487178,0.5783132530120482,0.9464788732394366,0.7066666666666667,0.6455555555555555
spatiotemporal,V2.4 Spatio-Temporal,+1d,0.16499999999999998,0.720257234726688,0.5813148788927336,0.9464788732394366,0.71,0.6422222222222222
spatiotemporal,V2.4 Spatio-Temporal,+1d,0.16999999999999998,0.7237479806138934,0.5858761987794245,0.9464788732394366,0.715,0.6372222222222222
spatiotemporal,V2.4 Spatio-Temporal,+1d,0.175,0.7250135062128579,0.5880806310254163,0.9450704225352112,0.7172222222222222,0.6338888888888888
spatiotemporal,V2.4 Spatio-Temporal,+1d,0.18,0.7270754205100379,0.5913503971756399,0.9436619718309859,0.7205555555555555,0.6294444444444445
spatiotemporal,V2.4 Spatio-Temporal,+1d,0.185,0.7277686852154936,0.5939447907390917,0.9394366197183098,0.7227777777777777,0.6238888888888889
spatiotemporal,V2.4 Spatio-Temporal,+1d,0.19,0.7276712328767123,0.5955156950672645,0.9352112676056338,0.7238888888888889,0.6194444444444445
spatiotemporal,V2.4 Spatio-Temporal,+1d,0.195,0.7294765840220385,0.5990950226244344,0.9323943661971831,0.7272222222222222,0.6138888888888889
spatiotemporal,V2.4 Spatio-Temporal,+1d,0.19999999999999996,0.7328159645232816,0.6042047531992687,0.9309859154929577,0.7322222222222222,0.6077777777777778
spatiotemporal,V2.4 Spatio-Temporal,+1d,0.20499999999999996,0.7338530066815144,0.6068139963167587,0.928169014084507,0.7344444444444445,0.6033333333333334
spatiotemporal,V2.4 Spatio-Temporal,+1d,0.20999999999999996,0.7354910714285715,0.6090573012939002,0.928169014084507,0.7366666666666667,0.6011111111111112
spatiotemporal,V2.4 Spatio-Temporal,+1d,0.21499999999999997,0.73542600896861,0.6108007448789572,0.923943661971831,0.7377777777777778,0.5966666666666667
spatiotemporal,V2.4 Spatio-Temporal,+1d,0.21999999999999997,0.7376126126126127,0.6144465290806754,0.9225352112676056,0.7411111111111112,0.5922222222222222
spatiotemporal,V2.4 Spatio-Temporal,+1d,0.22499999999999998,0.7395243488108719,0.6183712121212122,0.9197183098591549,0.7444444444444445,0.5866666666666667
spatiotemporal,V2.4 Spatio-Temporal,+1d,0.22999999999999998,0.7410358565737052,0.6217765042979942,0.9169014084507042,0.7472222222222222,0.5816666666666667
spatiotemporal,V2.4 Spatio-Temporal,+1d,0.235,0.7417142857142857,0.6240384615384615,0.9140845070422535,0.7488888888888889,0.5777777777777777
spatiotemporal,V2.4 Spatio-Temporal,+1d,0.24,0.7451205510907004,0.6288759689922481,0.9140845070422535,0.7533333333333333,0.5733333333333334
spatiotemporal,V2.4 Spatio-Temporal,+1d,0.245,0.745958429561201,0.6320939334637965,0.9098591549295775,0.7555555555555555,0.5677777777777778
spatiotemporal,V2.4 Spatio-Temporal,+1d,0.24999999999999994,0.746234067207416,0.6338582677165354,0.9070422535211268,0.7566666666666667,0.5644444444444444
spatiotemporal,V2.4 Spatio-Temporal,+1d,0.25499999999999995,0.7476744186046512,0.6366336633663366,0.9056338028169014,0.7588888888888888,0.5611111111111111
spatiotemporal,V2.4 Spatio-Temporal,+1d,0.25999999999999995,0.7485380116959065,0.64,0.9014084507042254,0.7611111111111111,0.5555555555555556
spatiotemporal,V2.4 Spatio-Temporal,+1d,0.26499999999999996,0.7516147974163242,0.6445115810674723,0.9014084507042254,0.765,0.5516666666666666
spatiotemporal,V2.4 Spatio-Temporal,+1d,0.26999999999999996,0.7498521584861029,0.6462793068297655,0.8929577464788733,0.765,0.545
spatiotemporal,V2.4 Spatio-Temporal,+1d,0.27499999999999997,0.7520759193357057,0.6495901639344263,0.8929577464788733,0.7677777777777778,0.5422222222222223
spatiotemporal,V2.4 Spatio-Temporal,+1d,0.27999999999999997,0.7531231409875074,0.6519052523171988,0.8915492957746479,0.7694444444444445,0.5394444444444444
spatiotemporal,V2.4 Spatio-Temporal,+1d,0.285,0.7529832935560858,0.6532091097308489,0.8887323943661972,0.77,0.5366666666666666
spatiotemporal,V2.4 Spatio-Temporal,+1d,0.29,0.7532934131736527,0.6552083333333333,0.8859154929577465,0.7711111111111111,0.5333333333333333
spatiotemporal,V2.4 Spatio-Temporal,+1d,0.295,0.7521058965102286,0.6565126050420168,0.8802816901408451,0.7711111111111111,0.5288888888888889
spatiotemporal,V2.4 Spatio-Temporal,+1d,0.3,0.7536231884057971,0.6596194503171248,0.8788732394366198,0.7733333333333333,0.5255555555555556
spatiotemporal,V2.4 Spatio-Temporal,+1d,0.30499999999999994,0.7545344619105199,0.6610169491525424,0.8788732394366198,0.7744444444444445,0.5244444444444445
spatiotemporal,V2.4 Spatio-Temporal,+1d,0.30999999999999994,0.755771567436209,0.6645299145299145,0.8760563380281691,0.7766666666666666,0.52
spatiotemporal,V2.4 Spatio-Temporal,+1d,0.31499999999999995,0.7550397067806962,0.6666666666666666,0.8704225352112676,0.7772222222222223,0.515
spatiotemporal,V2.4 Spatio-Temporal,+1d,0.31999999999999995,0.7553648068669527,0.6688382193268186,0.8676056338028169,0.7783333333333333,0.5116666666666667
spatiotemporal,V2.4 Spatio-Temporal,+1d,0.32499999999999996,0.7544615384615385,0.6699453551912569,0.8633802816901408,0.7783333333333333,0.5083333333333333
spatiotemporal,V2.4 Spatio-Temporal,+1d,0.32999999999999996,0.753551575046325,0.671067106710671,0.8591549295774648,0.7783333333333333,0.505
spatiotemporal,V2.4 Spatio-Temporal,+1d,0.33499999999999996,0.7538747675139492,0.6733111849390919,0.856338028169014,0.7794444444444445,0.5016666666666667
spatiotemporal,V2.4 Spatio-Temporal,+1d,0.33999999999999997,0.7554449284380832,0.6767001114827201,0.8549295774647887,0.7816666666666666,0.49833333333333335
spatiotemporal,V2.4 Spatio-Temporal,+1d,0.3449999999999999,0.7571964956195244,0.6813063063063063,0.852112676056338,0.7844444444444445,0.49333333333333335
spatiotemporal,V2.4 Spatio-Temporal,+1d,0.3499999999999999,0.756926952141058,0.6845102505694761,0.8464788732394366,0.7855555555555556,0.48777777777777775
spatiotemporal,V2.4 Spatio-Temporal,+1d,0.3549999999999999,0.7582278481012658,0.6885057471264368,0.8436619718309859,0.7877777777777778,0.48333333333333334
spatiotemporal,V2.4 Spatio-Temporal,+1d,0.35999999999999993,0.7601522842639593,0.6916859122401847,0.8436619718309859,0.79,0.4811111111111111
spatiotemporal,V2.4 Spatio-Temporal,+1d,0.36499999999999994,0.7592356687898089,0.6930232558139535,0.8394366197183099,0.79,0.4777777777777778
spatiotemporal,V2.4 Spatio-Temporal,+1d,0.36999999999999994,0.7626359564939218,0.6987104337631888,0.8394366197183099,0.7938888888888889,0.4738888888888889
spatiotemporal,V2.4 Spatio-Temporal,+1d,0.37499999999999994,0.7606177606177605,0.7002369668246445,0.8323943661971831,0.7933333333333333,0.4688888888888889
spatiotemporal,V2.4 Spatio-Temporal,+1d,0.37999999999999995,0.7601809954751131,0.7025089605734767,0.828169014084507,0.7938888888888889,0.465
spatiotemporal,V2.4 Spatio-Temporal,+1d,0.38499999999999995,0.7605451005840363,0.7051744885679904,0.8253521126760563,0.795,0.46166666666666667
spatiotemporal,V2.4 Spatio-Temporal,+1d,0.38999999999999996,0.7615937295885044,0.7101096224116931,0.8211267605633803,0.7972222222222223,0.45611111111111113
spatiotemporal,V2.4 Spatio-Temporal,+1d,0.39499999999999996,0.7624671916010498,0.7137592137592138,0.8183098591549296,0.7988888888888889,0.45222222222222225
spatiotemporal,V2.4 Spatio-Temporal,+1d,0.3999999999999999,0.7618421052631579,0.7148148148148148,0.8154929577464789,0.7988888888888889,0.45
spatiotemporal,V2.4 Spatio-Temporal,+1d,0.4049999999999999,0.7648612945838839,0.7201492537313433,0.8154929577464789,0.8022222222222222,0.44666666666666666
spatiotemporal,V2.4 Spatio-Temporal,+1d,0.4099999999999999,0.7620941020543406,0.7196495619524406,0.8098591549295775,0.8005555555555556,0.4438888888888889
spatiotemporal,V2.4 Spatio-Temporal,+1d,0.4149999999999999,0.7631754503002002,0.7249683143219265,0.8056338028169014,0.8027777777777778,0.43833333333333335
spatiotemporal,V2.4 Spatio-Temporal,+1d,0.41999999999999993,0.764195056780227,0.7268106734434562,0.8056338028169014,0.8038888888888889,0.43722222222222223
spatiotemporal,V2.4 Spatio-Temporal,+1d,0.42499999999999993,0.7637583892617449,0.7294871794871794,0.8014084507042254,0.8044444444444444,0.43333333333333335
spatiotemporal,V2.4 Spatio-Temporal,+1d,0.42999999999999994,0.7646662171274444,0.7335058214747736,0.7985915492957747,0.8061111111111111,0.42944444444444446
spatiotemporal,V2.4 Spatio-Temporal,+1d,0.43499999999999994,0.7637102234258633,0.7353324641460235,0.7943661971830986,0.8061111111111111,0.4261111111111111
spatiotemporal,V2.4 Spatio-Temporal,+1d,0.43999999999999995,0.7627464309993202,0.7371879106438897,0.7901408450704225,0.8061111111111111,0.42277777777777775
spatiotemporal,V2.4 Spatio-Temporal,+1d,0.44499999999999995,0.7639836289222373,0.7407407407407407,0.7887323943661971,0.8077777777777778,0.42
spatiotemporal,V2.4 Spatio-Temporal,+1d,0.4499999999999999,0.7652292950034223,0.7443408788282291,0.7873239436619718,0.8094444444444444,0.4172222222222222
spatiotemporal,V2.4 Spatio-Temporal,+1d,0.4549999999999999,0.764786795048143,0.7473118279569892,0.7830985915492957,0.81,0.41333333333333333
spatiotemporal,V2.4 Spatio-Temporal,+1d,0.4599999999999999,0.7630853994490358,0.7466307277628033,0.780281690140845,0.8088888888888889,0.4122222222222222
spatiotemporal,V2.4 Spatio-Temporal,+1d,0.4649999999999999,0.7662517289073305,0.7527173913043478,0.780281690140845,0.8122222222222222,0.4088888888888889
spatiotemporal,V2.4 Spatio-Temporal,+1d,0.4699999999999999,0.7664587664587664,0.7544338335607094,0.7788732394366197,0.8127777777777778,0.4072222222222222
spatiotemporal,V2.4 Spatio-Temporal,+1d,0.4749999999999999,0.76687543493389,0.7579092159559835,0.776056338028169,0.8138888888888889,0.4038888888888889
spatiotemporal,V2.4 Spatio-Temporal,+1d,0.4799999999999999,0.7690160502442428,0.7621023513139695,0.776056338028169,0.8161111111111111,0.40166666666666667
spatiotemporal,V2.4 Spatio-Temporal,+1d,0.48499999999999993,0.7703081232492996,0.766016713091922,0.7746478873239436,0.8177777777777778,0.3988888888888889
spatiotemporal,V2.4 Spatio-Temporal,+1d,0.48999999999999994,0.7710674157303371,0.7689075630252101,0.7732394366197183,0.8188888888888889,0.39666666666666667
spatiotemporal,V2.4 Spatio-Temporal,+1d,0.49499999999999994,0.767819336626676,0.7694483734087695,0.7661971830985915,0.8172222222222222,0.3927777777777778
spatiotemporal,V2.4 Spatio-Temporal,+1d,0.49999999999999994,0.7654145995747696,0.7703281027104137,0.7605633802816901,0.8161111111111111,0.3894444444444444
spatiotemporal,V2.4 Spatio-Temporal,+1d,0.5049999999999999,0.7670454545454545,0.7736389684813754,0.7605633802816901,0.8177777777777778,0.3877777777777778
spatiotemporal,V2.4 Spatio-Temporal,+1d,0.5099999999999999,0.7672597864768683,0.7755395683453238,0.7591549295774648,0.8183333333333334,0.3861111111111111
spatiotemporal,V2.4 Spatio-Temporal,+1d,0.5149999999999999,0.768790264853257,0.7816593886462883,0.7563380281690141,0.8205555555555556,0.38166666666666665
spatiotemporal,V2.4 Spatio-Temporal,+1d,0.5199999999999999,0.7634795111430626,0.7797356828193832,0.747887323943662,0.8172222222222222,0.37833333333333335
spatiotemporal,V2.4 Spatio-Temporal,+1d,0.5249999999999999,0.7631389488840893,0.780559646539028,0.7464788732394366,0.8172222222222222,0.37722222222222224
spatiotemporal,V2.4 Spatio-Temporal,+1d,0.5299999999999999,0.7615606936416186,0.7818991097922848,0.7422535211267606,0.8166666666666667,0.37444444444444447
spatiotemporal,V2.4 Spatio-Temporal,+1d,0.5349999999999999,0.755813953488372,0.7807807807807807,0.7323943661971831,0.8133333333333334,0.37
spatiotemporal,V2.4 Spatio-Temporal,+1d,0.5399999999999999,0.7520117044623263,0.7823439878234398,0.723943661971831,0.8116666666666666,0.365
spatiotemporal,V2.4 Spatio-Temporal,+1d,0.5449999999999999,0.7470588235294118,0.7815384615384615,0.7154929577464789,0.8088888888888889,0.3611111111111111
spatiotemporal,V2.4 Spatio-Temporal,+1d,0.5499999999999999,0.7479674796747968,0.7869362363919129,0.7126760563380282,0.8105555555555556,0.3572222222222222
spatiotemporal,V2.4 Spatio-Temporal,+1d,0.5549999999999999,0.7457375833951075,0.7871674491392802,0.7084507042253522,0.8094444444444444,0.355
spatiotemporal,V2.4 Spatio-Temporal,+1d,0.5599999999999999,0.7446016381236038,0.7898894154818326,0.704225352112676,0.8094444444444444,0.3516666666666667
spatiotemporal,V2.4 Spatio-Temporal,+1d,0.565,0.7434554973821988,0.7926634768740032,0.7,0.8094444444444444,0.34833333333333333
spatiotemporal,V2.4 Spatio-Temporal,+1d,0.57,0.7394578313253013,0.7944983818770227,0.6915492957746479,0.8077777777777778,0.3433333333333333
spatiotemporal,V2.4 Spatio-Temporal,+1d,0.575,0.7350037965072133,0.7973640856672158,0.6816901408450704,0.8061111111111111,0.3372222222222222
spatiotemporal,V2.4 Spatio-Temporal,+1d,0.58,0.7355623100303951,0.7986798679867987,0.6816901408450704,0.8066666666666666,0.33666666666666667
spatiotemporal,V2.4 Spatio-Temporal,+1d,0.585,0.7326732673267327,0.7976782752902156,0.6774647887323944,0.805,0.335
spatiotemporal,V2.4 Spatio-Temporal,+1d,0.59,0.7254601226993864,0.7962962962962963,0.6661971830985915,0.8011111111111111,0.33
spatiotemporal,V2.4 Spatio-Temporal,+1d,0.595,0.7216653816499614,0.797274275979557,0.6591549295774648,0.7994444444444444,0.32611111111111113
spatiotemporal,V2.4 Spatio-Temporal,+1d,0.6,0.718266253869969,0.7972508591065293,0.6535211267605634,0.7977777777777778,0.3233333333333333
spatiotemporal,V2.4 Spatio-Temporal,+1d,0.605,0.7159533073929962,0.8,0.647887323943662,0.7972222222222223,0.3194444444444444
spatiotemporal,V2.4 Spatio-Temporal,+1d,0.61,0.7155105222135622,0.8010471204188482,0.6464788732394366,0.7972222222222223,0.31833333333333336
spatiotemporal,V2.4 Spatio-Temporal,+1d,0.615,0.7183098591549296,0.8080985915492958,0.6464788732394366,0.8,0.31555555555555553
spatiotemporal,V2.4 Spatio-Temporal,+1d,0.62,0.7159716758457907,0.8110516934046346,0.6408450704225352,0.7994444444444444,0.31166666666666665
spatiotemporal,V2.4 Spatio-Temporal,+1d,0.625,0.7146245059288537,0.8144144144144144,0.6366197183098592,0.7994444444444444,0.30833333333333335
spatiotemporal,V2.4 Spatio-Temporal,+1d,0.63,0.7132644956314536,0.8178506375227687,0.6323943661971831,0.7994444444444444,0.305
spatiotemporal,V2.4 Spatio-Temporal,+1d,0.635,0.7110754414125201,0.8264925373134329,0.6239436619718309,0.8,0.29777777777777775
spatiotemporal,V2.4 Spatio-Temporal,+1d,0.6399999999999999,0.7123287671232877,0.832391713747646,0.6225352112676056,0.8016666666666666,0.295
spatiotemporal,V2.4 Spatio-Temporal,+1d,0.6449999999999999,0.7120843471208435,0.8393881453154876,0.6183098591549295,0.8027777777777778,0.29055555555555557
spatiotemporal,V2.4 Spatio-Temporal,+1d,0.6499999999999999,0.7103109656301145,0.84765625,0.6112676056338028,0.8033333333333333,0.28444444444444444
spatiotemporal,V2.4 Spatio-Temporal,+1d,0.6549999999999999,0.7029702970297029,0.848605577689243,0.6,0.8,0.2788888888888889
spatiotemporal,V2.4 Spatio-Temporal,+1d,0.6599999999999999,0.6949293433083956,0.847870182555781,0.5887323943661972,0.7961111111111111,0.2738888888888889
spatiotemporal,V2.4 Spatio-Temporal,+1d,0.6649999999999999,0.6901172529313232,0.8512396694214877,0.5802816901408451,0.7944444444444444,0.2688888888888889
spatiotemporal,V2.4 Spatio-Temporal,+1d,0.6699999999999999,0.6869198312236287,0.8568421052631578,0.5732394366197183,0.7938888888888889,0.2638888888888889
spatiotemporal,V2.4 Spatio-Temporal,+1d,0.6749999999999999,0.6904156064461409,0.8678038379530917,0.5732394366197183,0.7972222222222223,0.26055555555555554
spatiotemporal,V2.4 Spatio-Temporal,+1d,0.6799999999999999,0.6905982905982907,0.8782608695652174,0.5690140845070423,0.7988888888888889,0.25555555555555554
spatiotemporal,V2.4 Spatio-Temporal,+1d,0.6849999999999999,0.6861564918314703,0.8807947019867549,0.5619718309859155,0.7972222222222223,0.25166666666666665
spatiotemporal,V2.4 Spatio-Temporal,+1d,0.69,0.6816608996539792,0.8834080717488789,0.5549295774647888,0.7955555555555556,0.2477777777777778
spatiotemporal,V2.4 Spatio-Temporal,+1d,0.695,0.6765217391304348,0.884090909090909,0.547887323943662,0.7933333333333333,0.24444444444444444
spatiotemporal,V2.4 Spatio-Temporal,+1d,0.7,0.6759581881533101,0.8858447488584474,0.5464788732394367,0.7933333333333333,0.24333333333333335
spatiotemporal,V2.4 Spatio-Temporal,+1d,0.705,0.670753064798599,0.8865740740740741,0.5394366197183098,0.7911111111111111,0.24
spatiotemporal,V2.4 Spatio-Temporal,+1d,0.71,0.6637168141592921,0.8928571428571429,0.528169014084507,0.7888888888888889,0.23333333333333334
spatiotemporal,V2.4 Spatio-Temporal,+1d,0.715,0.6607301869991095,0.8983050847457628,0.5225352112676056,0.7883333333333333,0.22944444444444445
spatiotemporal,V2.4 Spatio-Temporal,+1d,0.72,0.6552962298025135,0.9034653465346535,0.5140845070422535,0.7866666666666666,0.22444444444444445
spatiotemporal,V2.4 Spatio-Temporal,+1d,0.725,0.6516245487364621,0.907035175879397,0.5084507042253521,0.7855555555555556,0.22111111111111112
spatiotemporal,V2.4 Spatio-Temporal,+1d,0.73,0.6442831215970961,0.9056122448979592,0.5,0.7822222222222223,0.21777777777777776
spatiotemporal,V2.4 Spatio-Temporal,+1d,0.735,0.6423357664233578,0.9119170984455959,0.49577464788732395,0.7822222222222223,0.21444444444444444
spatiotemporal,V2.4 Spatio-Temporal,+1d,0.74,0.6404391582799633,0.9138381201044387,0.49295774647887325,0.7816666666666666,0.2127777777777778
spatiotemporal,V2.4 Spatio-Temporal,+1d,0.7449999999999999,0.6391184573002755,0.9182058047493403,0.49014084507042255,0.7816666666666666,0.21055555555555555
spatiotemporal,V2.4 Spatio-Temporal,+1d,0.7499999999999999,0.6320667284522706,0.924119241192412,0.4802816901408451,0.7794444444444445,0.205
spatiotemporal,V2.4 Spatio-Temporal,+1d,0.7549999999999999,0.6301115241635687,0.9262295081967213,0.47746478873239434,0.7788888888888889,0.20333333333333334
spatiotemporal,V2.4 Spatio-Temporal,+1d,0.7599999999999999,0.6281453867660765,0.928374655647383,0.47464788732394364,0.7783333333333333,0.20166666666666666
spatiotemporal,V2.4 Spatio-Temporal,+1d,0.7649999999999999,0.6223055295220243,0.9299719887955182,0.4676056338028169,0.7761111111111111,0.19833333333333333
spatiotemporal,V2.4 Spatio-Temporal,+1d,0.7699999999999999,0.6208842897460018,0.9348441926345609,0.4647887323943662,0.7761111111111111,0.19611111111111112
spatiotemporal,V2.4 Spatio-Temporal,+1d,0.7749999999999999,0.6181474480151229,0.9396551724137931,0.46056338028169014,0.7755555555555556,0.19333333333333333
spatiotemporal,V2.4 Spatio-Temporal,+1d,0.7799999999999999,0.6168401135288551,0.9394812680115274,0.4591549295774648,0.775,0.19277777777777777
spatiotemporal,V2.4 Spatio-Temporal,+1d,0.7849999999999999,0.6049618320610687,0.9378698224852071,0.44647887323943664,0.77,0.18777777777777777
spatiotemporal,V2.4 Spatio-Temporal,+1d,0.7899999999999999,0.5940212150433944,0.9418960244648318,0.43380281690140843,0.7661111111111111,0.18166666666666667
spatiotemporal,V2.4 Spatio-Temporal,+1d,0.7949999999999999,0.5869776482021379,0.9467084639498433,0.4253521126760563,0.7638888888888888,0.17722222222222223
spatiotemporal,V2.4 Spatio-Temporal,+1d,0.7999999999999999,0.5814634146341463,0.946031746031746,0.4197183098591549,0.7616666666666667,0.175
spatiotemporal,V2.4 Spatio-Temporal,+1d,0.8049999999999999,0.5688976377952756,0.9444444444444444,0.4070422535211268,0.7566666666666667,0.17
spatiotemporal,V2.4 Spatio-Temporal,+1d,0.8099999999999999,0.5580933465739821,0.9461279461279462,0.3957746478873239,0.7527777777777778,0.165
spatiotemporal,V2.4 Spatio-Temporal,+1d,0.815,0.5485485485485485,0.9480968858131488,0.38591549295774646,0.7494444444444445,0.16055555555555556
spatiotemporal,V2.4 Spatio-Temporal,+1d,0.82,0.537917087967644,0.953405017921147,0.37464788732394366,0.7461111111111111,0.155
spatiotemporal,V2.4 Spatio-Temporal,+1d,0.825,0.5210256410256411,0.9584905660377359,0.35774647887323946,0.7405555555555555,0.14722222222222223
spatiotemporal,V2.4 Spatio-Temporal,+1d,0.83,0.5093167701863354,0.9609375,0.3464788732394366,0.7366666666666667,0.14222222222222222
spatiotemporal,V2.4 Spatio-Temporal,+1d,0.835,0.5010438413361169,0.967741935483871,0.3380281690140845,0.7344444444444445,0.13777777777777778
spatiotemporal,V2.4 Spatio-Temporal,+1d,0.84,0.49790794979079495,0.967479674796748,0.3352112676056338,0.7333333333333333,0.13666666666666666
spatiotemporal,V2.4 Spatio-Temporal,+1d,0.845,0.4884210526315789,0.9666666666666667,0.3267605633802817,0.73,0.13333333333333333
spatiotemporal,V2.4 Spatio-Temporal,+1d,0.8499999999999999,0.48202959830866804,0.9661016949152542,0.3211267605633803,0.7277777777777777,0.13111111111111112
spatiotemporal,V2.4 Spatio-Temporal,+1d,0.8549999999999999,0.4625267665952891,0.9642857142857143,0.30422535211267604,0.7211111111111111,0.12444444444444444
spatiotemporal,V2.4 Spatio-Temporal,+1d,0.8599999999999999,0.45523193096008635,0.9723502304147466,0.2971830985915493,0.7194444444444444,0.12055555555555555
spatiotemporal,V2.4 Spatio-Temporal,+1d,0.8649999999999999,0.4485373781148429,0.971830985915493,0.2915492957746479,0.7172222222222222,0.11833333333333333
spatiotemporal,V2.4 Spatio-Temporal,+1d,0.8699999999999999,0.441784548422198,0.9712918660287081,0.2859154929577465,0.715,0.11611111111111111
spatiotemporal,V2.4 Spatio-Temporal,+1d,0.8749999999999999,0.43497267759562835,0.9707317073170731,0.2802816901408451,0.7127777777777777,0.11388888888888889
spatiotemporal,V2.4 Spatio-Temporal,+1d,0.8799999999999999,0.42684268426842686,0.9748743718592965,0.27323943661971833,0.7105555555555556,0.11055555555555556
spatiotemporal,V2.4 Spatio-Temporal,+1d,0.8849999999999999,0.416389811738649,0.9740932642487047,0.2647887323943662,0.7072222222222222,0.10722222222222222
spatiotemporal,V2.4 Spatio-Temporal,+1d,0.8899999999999999,0.4115684093437152,0.9788359788359788,0.2605633802816901,0.7061111111111111,0.105
spatiotemporal,V2.4 Spatio-Temporal,+1d,0.8949999999999999,0.4013452914798206,0.9835164835164835,0.252112676056338,0.7033333333333334,0.10111111111111111
spatiotemporal,V2.4 Spatio-Temporal,+1d,0.8999999999999999,0.3854875283446712,0.9883720930232558,0.23943661971830985,0.6988888888888889,0.09555555555555556
spatiotemporal,V2.4 Spatio-Temporal,+1d,0.9049999999999999,0.3799772468714448,0.9881656804733728,0.2352112676056338,0.6972222222222222,0.09388888888888888
spatiotemporal,V2.4 Spatio-Temporal,+1d,0.9099999999999999,0.3707093821510298,0.9878048780487805,0.22816901408450704,0.6944444444444444,0.09111111111111111
spatiotemporal,V2.4 Spatio-Temporal,+1d,0.9149999999999999,0.3499420625724218,0.9869281045751634,0.21267605633802816,0.6883333333333334,0.085
spatiotemporal,V2.4 Spatio-Temporal,+1d,0.9199999999999999,0.33838973162193703,0.9863945578231292,0.20422535211267606,0.685,0.08166666666666667
spatiotemporal,V2.4 Spatio-Temporal,+1d,0.9249999999999999,0.32667450058754405,0.9858156028368794,0.19577464788732393,0.6816666666666666,0.07833333333333334
spatiotemporal,V2.4 Spatio-Temporal,+1d,0.9299999999999999,0.3087885985748219,0.9848484848484849,0.18309859154929578,0.6766666666666666,0.07333333333333333
spatiotemporal,V2.4 Spatio-Temporal,+1d,0.9349999999999999,0.3027413587604291,0.9844961240310077,0.17887323943661973,0.675,0.07166666666666667
spatiotemporal,V2.4 Spatio-Temporal,+1d,0.94,0.290516206482593,0.983739837398374,0.1704225352112676,0.6716666666666666,0.06833333333333333
spatiotemporal,V2.4 Spatio-Temporal,+1d,0.945,0.26552984165651644,0.9819819819819819,0.15352112676056337,0.665,0.06166666666666667
spatiotemporal,V2.4 Spatio-Temporal,+1d,0.95,0.24009900990099015,0.9897959183673469,0.13661971830985917,0.6588888888888889,0.05444444444444444
spatiotemporal,V2.4 Spatio-Temporal,+2d,0.05,0.6438042981252857,0.4766418415707515,0.9915492957746479,0.5672222222222222,0.8205555555555556
spatiotemporal,V2.4 Spatio-Temporal,+2d,0.055,0.6485490557346846,0.48186173853524983,0.9915492957746479,0.5761111111111111,0.8116666666666666
spatiotemporal,V2.4 Spatio-Temporal,+2d,0.06,0.6515291936978684,0.48549723756906077,0.9901408450704225,0.5822222222222222,0.8044444444444444
spatiotemporal,V2.4 Spatio-Temporal,+2d,0.065,0.6548175865294668,0.49019607843137253,0.9859154929577465,0.59,0.7933333333333333
spatiotemporal,V2.4 Spatio-Temporal,+2d,0.07,0.6578823529411765,0.4939929328621908,0.9845070422535211,0.5961111111111111,0.7861111111111111
spatiotemporal,V2.4 Spatio-Temporal,+2d,0.075,0.6587677725118484,0.49642857142857144,0.9788732394366197,0.6,0.7777777777777778
spatiotemporal,V2.4 Spatio-Temporal,+2d,0.08,0.6603053435114504,0.49927849927849927,0.9746478873239437,0.6044444444444445,0.77
spatiotemporal,V2.4 Spatio-Temporal,+2d,0.08499999999999999,0.6628186628186629,0.5032870708546384,0.9704225352112676,0.6105555555555555,0.7605555555555555
spatiotemporal,V2.4 Spatio-Temporal,+2d,0.09,0.6666666666666667,0.5081240768094535,0.9690140845070423,0.6177777777777778,0.7522222222222222
spatiotemporal,V2.4 Spatio-Temporal,+2d,0.095,0.669260700389105,0.5111441307578009,0.9690140845070423,0.6222222222222222,0.7477777777777778
spatiotemporal,V2.4 Spatio-Temporal,+2d,0.09999999999999999,0.6722032242305813,0.5145848915482424,0.9690140845070423,0.6272222222222222,0.7427777777777778
spatiotemporal,V2.4 Spatio-Temporal,+2d,0.105,0.6761670761670763,0.519245283018868,0.9690140845070423,0.6338888888888888,0.7361111111111112
spatiotemporal,V2.4 Spatio-Temporal,+2d,0.10999999999999999,0.6795443288756811,0.5240641711229946,0.9661971830985916,0.6405555555555555,0.7272222222222222
spatiotemporal,V2.4 Spatio-Temporal,+2d,0.11499999999999999,0.6809145129224652,0.5261136712749616,0.9647887323943662,0.6433333333333333,0.7233333333333334
spatiotemporal,V2.4 Spatio-Temporal,+2d,0.12,0.6806387225548903,0.527047913446677,0.9605633802816902,0.6444444444444445,0.7188888888888889
spatiotemporal,V2.4 Spatio-Temporal,+2d,0.12499999999999999,0.6850828729281768,0.5323965651834505,0.9605633802816902,0.6516666666666666,0.7116666666666667
spatiotemporal,V2.4 Spatio-Temporal,+2d,0.13,0.6882919412062849,0.5376088677751386,0.956338028169014,0.6583333333333333,0.7016666666666667
spatiotemporal,V2.4 Spatio-Temporal,+2d,0.135,0.6887755102040817,0.54,0.9507042253521126,0.6611111111111111,0.6944444444444444
spatiotemporal,V2.4 Spatio-Temporal,+2d,0.13999999999999999,0.6909277293695539,0.5431103948428686,0.9492957746478873,0.665,0.6894444444444444
spatiotemporal,V2.4 Spatio-Temporal,+2d,0.145,0.6930998970133883,0.5462662337662337,0.9478873239436619,0.6688888888888889,0.6844444444444444
spatiotemporal,V2.4 Spatio-Temporal,+2d,0.14999999999999997,0.695742471443406,0.5509868421052632,0.9436619718309859,0.6744444444444444,0.6755555555555556
spatiotemporal,V2.4 Spatio-Temporal,+2d,0.15499999999999997,0.6986945169712794,0.5551867219917013,0.9422535211267605,0.6794444444444444,0.6694444444444444
spatiotemporal,V2.4 Spatio-Temporal,+2d,0.15999999999999998,0.7024185068349106,0.5604026845637584,0.9408450704225352,0.6855555555555556,0.6622222222222223
spatiotemporal,V2.4 Spatio-Temporal,+2d,0.16499999999999998,0.7058823529411765,0.5658453695836874,0.9380281690140845,0.6916666666666667,0.6538888888888889
spatiotemporal,V2.4 Spatio-Temporal,+2d,0.16999999999999998,0.7092651757188498,0.5702054794520548,0.9380281690140845,0.6966666666666667,0.6488888888888888
spatiotemporal,V2.4 Spatio-Temporal,+2d,0.175,0.7130620985010707,0.5751295336787565,0.9380281690140845,0.7022222222222222,0.6433333333333333
spatiotemporal,V2.4 Spatio-Temporal,+2d,0.18,0.7150537634408602,0.5782608695652174,0.9366197183098591,0.7055555555555556,0.6388888888888888
spatiotemporal,V2.4 Spatio-Temporal,+2d,0.185,0.7135896047644829,0.5795954265611257,0.928169014084507,0.7061111111111111,0.6316666666666667
spatiotemporal,V2.4 Spatio-Temporal,+2d,0.19,0.713119216113228,0.5811889973380656,0.9225352112676056,0.7072222222222222,0.6261111111111111
spatiotemporal,V2.4 Spatio-Temporal,+2d,0.195,0.7159277504105089,0.585496866606983,0.9211267605633803,0.7116666666666667,0.6205555555555555
spatiotemporal,V2.4 Spatio-Temporal,+2d,0.19999999999999996,0.7177508269018743,0.5896739130434783,0.9169014084507042,0.7155555555555555,0.6133333333333333
spatiotemporal,V2.4 Spatio-Temporal,+2d,0.20499999999999996,0.7187153931339978,0.5921532846715328,0.9140845070422535,0.7177777777777777,0.6088888888888889
spatiotemporal,V2.4 Spatio-Temporal,+2d,0.20999999999999996,0.7204002223457477,0.5950413223140496,0.9126760563380282,0.7205555555555555,0.605
spatiotemporal,V2.4 Spatio-Temporal,+2d,0.21499999999999997,0.7218802462227195,0.5988857938718662,0.9084507042253521,0.7238888888888889,0.5983333333333334
spatiotemporal,V2.4 Spatio-Temporal,+2d,0.21999999999999997,0.7231892195395845,0.6013071895424836,0.9070422535211268,0.7261111111111112,0.595
spatiotemporal,V2.4 Spatio-Temporal,+2d,0.22499999999999998,0.7242937853107345,0.6047169811320755,0.9028169014084507,0.7288888888888889,0.5888888888888889
spatiotemporal,V2.4 Spatio-Temporal,+2d,0.22999999999999998,0.7253121452894438,0.6074144486692015,0.9,0.7311111111111112,0.5844444444444444
spatiotemporal,V2.4 Spatio-Temporal,+2d,0.235,0.7273762094479226,0.6103151862464183,0.9,0.7338888888888889,0.5816666666666667
spatiotemporal,V2.4 Spatio-Temporal,+2d,0.24,0.7303949627933601,0.6152362584378014,0.8985915492957747,0.7383333333333333,0.5761111111111111
spatiotemporal,V2.4 Spatio-Temporal,+2d,0.245,0.7310344827586206,0.6174757281553398,0.895774647887324,0.74,0.5722222222222222
spatiotemporal,V2.4 Spatio-Temporal,+2d,0.24999999999999994,0.7310584152689417,0.620215897939156,0.8901408450704226,0.7416666666666667,0.5661111111111111
spatiotemporal,V2.4 Spatio-Temporal,+2d,0.25499999999999995,0.7310826542491269,0.623015873015873,0.8845070422535212,0.7433333333333333,0.56
spatiotemporal,V2.4 Spatio-Temporal,+2d,0.25999999999999995,0.7323943661971831,0.6277665995975855,0.8788732394366198,0.7466666666666667,0.5522222222222222
spatiotemporal,V2.4 Spatio-Temporal,+2d,0.26499999999999996,0.7333725721012361,0.6299292214357938,0.8774647887323944,0.7483333333333333,0.5494444444444444
spatiotemporal,V2.4 Spatio-Temporal,+2d,0.26999999999999996,0.733608978145304,0.6317395727365208,0.8746478873239436,0.7494444444444445,0.5461111111111111
spatiotemporal,V2.4 Spatio-Temporal,+2d,0.27499999999999997,0.7355912061794414,0.6361767728674204,0.8718309859154929,0.7527777777777778,0.5405555555555556
spatiotemporal,V2.4 Spatio-Temporal,+2d,0.27999999999999997,0.7365269461077844,0.640625,0.8661971830985915,0.7555555555555555,0.5333333333333333
spatiotemporal,V2.4 Spatio-Temporal,+2d,0.285,0.7373493975903613,0.6442105263157895,0.8619718309859155,0.7577777777777778,0.5277777777777778
spatiotemporal,V2.4 Spatio-Temporal,+2d,0.29,0.7380520266182699,0.6468716861081655,0.8591549295774648,0.7594444444444445,0.5238888888888888
spatiotemporal,V2.4 Spatio-Temporal,+2d,0.295,0.7395264116575592,0.6499466382070438,0.8577464788732394,0.7616666666666667,0.5205555555555555
spatiotemporal,V2.4 Spatio-Temporal,+2d,0.3,0.7411477411477412,0.6540948275862069,0.8549295774647887,0.7644444444444445,0.5155555555555555
spatiotemporal,V2.4 Spatio-Temporal,+2d,0.30499999999999994,0.7403314917127072,0.6561479869423286,0.8492957746478873,0.765,0.5105555555555555
spatiotemporal,V2.4 Spatio-Temporal,+2d,0.30999999999999994,0.7410604192355116,0.6589912280701754,0.8464788732394366,0.7666666666666667,0.5066666666666667
spatiotemporal,V2.4 Spatio-Temporal,+2d,0.31499999999999995,0.7424336009882644,0.6611661166116611,0.8464788732394366,0.7683333333333333,0.505
spatiotemporal,V2.4 Spatio-Temporal,+2d,0.31999999999999995,0.7434944237918215,0.6637168141592921,0.8450704225352113,0.77,0.5022222222222222
spatiotemporal,V2.4 Spatio-Temporal,+2d,0.32499999999999996,0.7448789571694601,0.6659267480577137,0.8450704225352113,0.7716666666666666,0.5005555555555555
spatiotemporal,V2.4 Spatio-Temporal,+2d,0.32999999999999996,0.7462499999999999,0.6707865168539325,0.8408450704225352,0.7744444444444445,0.49444444444444446
spatiotemporal,V2.4 Spatio-Temporal,+2d,0.33499999999999996,0.7471698113207547,0.675,0.8366197183098592,0.7766666666666666,0.4888888888888889
spatiotemporal,V2.4 Spatio-Temporal,+2d,0.33999999999999997,0.748110831234257,0.6765375854214123,0.8366197183098592,0.7777777777777778,0.48777777777777775
spatiotemporal,V2.4 Spatio-Temporal,+2d,0.3449999999999999,0.75,0.6824480369515011,0.8323943661971831,0.7811111111111111,0.4811111111111111
spatiotemporal,V2.4 Spatio-Temporal,+2d,0.3499999999999999,0.7495219885277247,0.6845168800931315,0.828169014084507,0.7816666666666666,0.4772222222222222
spatiotemporal,V2.4 Spatio-Temporal,+2d,0.3549999999999999,0.7498400511836212,0.6869871043376319,0.8253521126760563,0.7827777777777778,0.4738888888888889
spatiotemporal,V2.4 Spatio-Temporal,+2d,0.35999999999999993,0.7501605651894668,0.6894923258559622,0.8225352112676056,0.7838888888888889,0.47055555555555556
spatiotemporal,V2.4 Spatio-Temporal,+2d,0.36499999999999994,0.751452550032279,0.6936829558998808,0.819718309859155,0.7861111111111111,0.4661111111111111
spatiotemporal,V2.4 Spatio-Temporal,+2d,0.36999999999999994,0.7533980582524272,0.6970059880239521,0.819718309859155,0.7883333333333333,0.4638888888888889
spatiotemporal,V2.4 Spatio-Temporal,+2d,0.37499999999999994,0.7527579493835171,0.6979542719614922,0.8169014084507042,0.7883333333333333,0.46166666666666667
spatiotemporal,V2.4 Spatio-Temporal,+2d,0.37999999999999995,0.7530944625407165,0.7006060606060606,0.8140845070422535,0.7894444444444444,0.4583333333333333
spatiotemporal,V2.4 Spatio-Temporal,+2d,0.38499999999999995,0.7539267015706806,0.7041564792176039,0.8112676056338028,0.7911111111111111,0.45444444444444443
spatiotemporal,V2.4 Spatio-Temporal,+2d,0.38999999999999996,0.7506561679790026,0.7027027027027027,0.8056338028169014,0.7888888888888889,0.45222222222222225
spatiotemporal,V2.4 Spatio-Temporal,+2d,0.39499999999999996,0.7514831905075807,0.7063197026022305,0.8028169014084507,0.7905555555555556,0.4483333333333333
spatiotemporal,V2.4 Spatio-Temporal,+2d,0.3999999999999999,0.7488402915838304,0.7071339173967459,0.795774647887324,0.7894444444444444,0.4438888888888889
spatiotemporal,V2.4 Spatio-Temporal,+2d,0.4049999999999999,0.7475016655562958,0.7092288242730721,0.7901408450704225,0.7894444444444444,0.43944444444444447
spatiotemporal,V2.4 Spatio-Temporal,+2d,0.4099999999999999,0.7458081824279007,0.7119078104993598,0.7830985915492957,0.7894444444444444,0.4338888888888889
spatiotemporal,V2.4 Spatio-Temporal,+2d,0.4149999999999999,0.7442799461641992,0.7126288659793815,0.7788732394366197,0.7888888888888889,0.4311111111111111
spatiotemporal,V2.4 Spatio-Temporal,+2d,0.41999999999999993,0.7439353099730458,0.7131782945736435,0.7774647887323943,0.7888888888888889,0.43
spatiotemporal,V2.4 Spatio-Temporal,+2d,0.42499999999999993,0.7442489851150204,0.7161458333333334,0.7746478873239436,0.79,0.4266666666666667
spatiotemporal,V2.4 Spatio-Temporal,+2d,0.42999999999999994,0.7450713800135962,0.7201051248357424,0.7718309859154929,0.7916666666666666,0.42277777777777775
spatiotemporal,V2.4 Spatio-Temporal,+2d,0.43499999999999994,0.7459016393442622,0.7241379310344828,0.7690140845070422,0.7933333333333333,0.41888888888888887
spatiotemporal,V2.4 Spatio-Temporal,+2d,0.43999999999999995,0.7477663230240549,0.7302013422818792,0.7661971830985915,0.7961111111111111,0.41388888888888886
spatiotemporal,V2.4 Spatio-Temporal,+2d,0.44499999999999995,0.7506925207756232,0.7384196185286104,0.7633802816901408,0.8,0.4077777777777778
spatiotemporal,V2.4 Spatio-Temporal,+2d,0.4499999999999999,0.7491313412091731,0.7393689986282579,0.7591549295774648,0.7994444444444444,0.405
spatiotemporal,V2.4 Spatio-Temporal,+2d,0.4549999999999999,0.7443820224719102,0.742296918767507,0.7464788732394366,0.7977777777777778,0.39666666666666667
spatiotemporal,V2.4 Spatio-Temporal,+2d,0.4599999999999999,0.7441860465116279,0.7447108603667136,0.7436619718309859,0.7983333333333333,0.3938888888888889
spatiotemporal,V2.4 Spatio-Temporal,+2d,0.4649999999999999,0.7445152158527956,0.748221906116643,0.7408450704225352,0.7994444444444444,0.39055555555555554
spatiotemporal,V2.4 Spatio-Temporal,+2d,0.4699999999999999,0.7434257285003554,0.7503586800573888,0.7366197183098592,0.7994444444444444,0.38722222222222225
spatiotemporal,V2.4 Spatio-Temporal,+2d,0.4749999999999999,0.7414285714285714,0.7521739130434782,0.7309859154929578,0.7988888888888889,0.38333333333333336
spatiotemporal,V2.4 Spatio-Temporal,+2d,0.4799999999999999,0.7404744787922357,0.7562408223201175,0.7253521126760564,0.7994444444444444,0.37833333333333335
spatiotemporal,V2.4 Spatio-Temporal,+2d,0.48499999999999993,0.7418655097613883,0.7622585438335809,0.7225352112676057,0.8016666666666666,0.3738888888888889
spatiotemporal,V2.4 Spatio-Temporal,+2d,0.48999999999999994,0.7376093294460642,0.7643504531722054,0.7126760563380282,0.8,0.36777777777777776
spatiotemporal,V2.4 Spatio-Temporal,+2d,0.49499999999999994,0.7360703812316716,0.7675840978593272,0.7070422535211267,0.8,0.36333333333333334
spatiotemporal,V2.4 Spatio-Temporal,+2d,0.49999999999999994,0.7347538574577516,0.7680491551459293,0.704225352112676,0.7994444444444444,0.3616666666666667
spatiotemporal,V2.4 Spatio-Temporal,+2d,0.5049999999999999,0.7342709104367134,0.7737909516380655,0.6985915492957746,0.8005555555555556,0.3561111111111111
spatiotemporal,V2.4 Spatio-Temporal,+2d,0.5099999999999999,0.7334818114328137,0.7755102040816326,0.6957746478873239,0.8005555555555556,0.35388888888888886
spatiotemporal,V2.4 Spatio-Temporal,+2d,0.5149999999999999,0.7297096053611319,0.7740916271721959,0.6901408450704225,0.7983333333333333,0.3516666666666667
spatiotemporal,V2.4 Spatio-Temporal,+2d,0.5199999999999999,0.7250936329588014,0.7744,0.6816901408450704,0.7961111111111111,0.3472222222222222
spatiotemporal,V2.4 Spatio-Temporal,+2d,0.5249999999999999,0.7228915662650601,0.7766990291262136,0.676056338028169,0.7955555555555556,0.3433333333333333
spatiotemporal,V2.4 Spatio-Temporal,+2d,0.5299999999999999,0.7236941710825132,0.7823240589198036,0.6732394366197183,0.7972222222222223,0.33944444444444444
spatiotemporal,V2.4 Spatio-Temporal,+2d,0.5349999999999999,0.7204874333587205,0.7844112769485904,0.6661971830985915,0.7961111111111111,0.335
spatiotemporal,V2.4 Spatio-Temporal,+2d,0.5399999999999999,0.7214121258633922,0.7925801011804384,0.6619718309859155,0.7983333333333333,0.32944444444444443
spatiotemporal,V2.4 Spatio-Temporal,+2d,0.5449999999999999,0.7167182662538699,0.7955326460481099,0.652112676056338,0.7966666666666666,0.3233333333333333
spatiotemporal,V2.4 Spatio-Temporal,+2d,0.5499999999999999,0.7118380062305296,0.7961672473867596,0.643661971830986,0.7944444444444444,0.3188888888888889
spatiotemporal,V2.4 Spatio-Temporal,+2d,0.5549999999999999,0.7078125,0.7947368421052632,0.6380281690140845,0.7922222222222223,0.31666666666666665
spatiotemporal,V2.4 Spatio-Temporal,+2d,0.5599999999999999,0.7070866141732283,0.8017857142857143,0.6323943661971831,0.7933333333333333,0.3111111111111111
spatiotemporal,V2.4 Spatio-Temporal,+2d,0.565,0.7061611374407585,0.8039568345323741,0.6295774647887324,0.7933333333333333,0.3088888888888889
spatiotemporal,V2.4 Spatio-Temporal,+2d,0.57,0.7057890563045204,0.8076225045372051,0.6267605633802817,0.7938888888888889,0.3061111111111111
spatiotemporal,V2.4 Spatio-Temporal,+2d,0.575,0.7032617342879872,0.8080438756855576,0.6225352112676056,0.7927777777777778,0.3038888888888889
spatiotemporal,V2.4 Spatio-Temporal,+2d,0.58,0.6986410871302957,0.8077634011090573,0.6154929577464788,0.7905555555555556,0.3005555555555556
spatiotemporal,V2.4 Spatio-Temporal,+2d,0.585,0.6987951807228916,0.8130841121495327,0.6126760563380281,0.7916666666666666,0.2972222222222222
spatiotemporal,V2.4 Spatio-Temporal,+2d,0.59,0.6973365617433415,0.8166351606805293,0.6084507042253521,0.7916666666666666,0.29388888888888887
spatiotemporal,V2.4 Spatio-Temporal,+2d,0.595,0.6931818181818182,0.8180076628352491,0.6014084507042253,0.79,0.29
spatiotemporal,V2.4 Spatio-Temporal,+2d,0.6,0.6868852459016392,0.8215686274509804,0.5901408450704225,0.7877777777777778,0.2833333333333333
spatiotemporal,V2.4 Spatio-Temporal,+2d,0.605,0.6863711001642036,0.8228346456692913,0.5887323943661972,0.7877777777777778,0.2822222222222222
spatiotemporal,V2.4 Spatio-Temporal,+2d,0.61,0.6837324525185797,0.8263473053892215,0.5830985915492958,0.7872222222222223,0.2783333333333333
spatiotemporal,V2.4 Spatio-Temporal,+2d,0.615,0.6793703396851698,0.8249496981891348,0.5774647887323944,0.785,0.2761111111111111
spatiotemporal,V2.4 Spatio-Temporal,+2d,0.62,0.6733500417710944,0.8275154004106776,0.5676056338028169,0.7827777777777778,0.27055555555555555
spatiotemporal,V2.4 Spatio-Temporal,+2d,0.625,0.6700251889168766,0.8295218295218295,0.5619718309859155,0.7816666666666666,0.26722222222222225
spatiotemporal,V2.4 Spatio-Temporal,+2d,0.63,0.67003367003367,0.8326359832635983,0.5605633802816902,0.7822222222222223,0.26555555555555554
spatiotemporal,V2.4 Spatio-Temporal,+2d,0.635,0.6661031276415892,0.8329809725158562,0.5549295774647888,0.7805555555555556,0.2627777777777778
spatiotemporal,V2.4 Spatio-Temporal,+2d,0.6399999999999999,0.6672340425531915,0.843010752688172,0.5521126760563381,0.7827777777777778,0.25833333333333336
spatiotemporal,V2.4 Spatio-Temporal,+2d,0.6449999999999999,0.666095890410959,0.8493449781659389,0.547887323943662,0.7833333333333333,0.2544444444444444
spatiotemporal,V2.4 Spatio-Temporal,+2d,0.6499999999999999,0.6609294320137693,0.8495575221238938,0.5408450704225352,0.7811111111111111,0.2511111111111111
spatiotemporal,V2.4 Spatio-Temporal,+2d,0.6549999999999999,0.6557093425605536,0.8497757847533632,0.5338028169014084,0.7788888888888889,0.2477777777777778
spatiotemporal,V2.4 Spatio-Temporal,+2d,0.6599999999999999,0.6573913043478261,0.8590909090909091,0.532394366197183,0.7811111111111111,0.24444444444444444
spatiotemporal,V2.4 Spatio-Temporal,+2d,0.6649999999999999,0.6585152838427948,0.8666666666666667,0.5309859154929577,0.7827777777777778,0.24166666666666667
spatiotemporal,V2.4 Spatio-Temporal,+2d,0.6699999999999999,0.657293497363796,0.8738317757009346,0.5267605633802817,0.7833333333333333,0.23777777777777778
spatiotemporal,V2.4 Spatio-Temporal,+2d,0.6749999999999999,0.6554770318021201,0.8791469194312796,0.5225352112676056,0.7833333333333333,0.23444444444444446
spatiotemporal,V2.4 Spatio-Temporal,+2d,0.6799999999999999,0.648888888888889,0.8795180722891566,0.5140845070422535,0.7805555555555556,0.23055555555555557
spatiotemporal,V2.4 Spatio-Temporal,+2d,0.6849999999999999,0.6482142857142857,0.8853658536585366,0.5112676056338028,0.7811111111111111,0.22777777777777777
spatiotemporal,V2.4 Spatio-Temporal,+2d,0.69,0.6457960644007155,0.8848039215686274,0.5084507042253521,0.78,0.22666666666666666
spatiotemporal,V2.4 Spatio-Temporal,+2d,0.695,0.6439461883408072,0.8864197530864197,0.5056338028169014,0.7794444444444445,0.225
spatiotemporal,V2.4 Spatio-Temporal,+2d,0.7,0.6389891696750902,0.8894472361809045,0.49859154929577465,0.7777777777777778,0.22111111111111112
spatiotemporal,V2.4 Spatio-Temporal,+2d,0.705,0.63710407239819,0.8911392405063291,0.49577464788732395,0.7772222222222223,0.21944444444444444
spatiotemporal,V2.4 Spatio-Temporal,+2d,0.71,0.6326344576116681,0.896640826873385,0.4887323943661972,0.7761111111111111,0.215
spatiotemporal,V2.4 Spatio-Temporal,+2d,0.715,0.6294602012808783,0.8981723237597912,0.48450704225352115,0.775,0.2127777777777778
spatiotemporal,V2.4 Spatio-Temporal,+2d,0.72,0.6262626262626263,0.899736147757256,0.4802816901408451,0.7738888888888888,0.21055555555555555
spatiotemporal,V2.4 Spatio-Temporal,+2d,0.725,0.6217712177121771,0.9010695187165776,0.47464788732394364,0.7722222222222223,0.20777777777777778
spatiotemporal,V2.4 Spatio-Temporal,+2d,0.73,0.619091751621872,0.9051490514905149,0.4704225352112676,0.7716666666666666,0.205
spatiotemporal,V2.4 Spatio-Temporal,+2d,0.735,0.6158139534883721,0.9068493150684932,0.46619718309859154,0.7705555555555555,0.20277777777777778
spatiotemporal,V2.4 Spatio-Temporal,+2d,0.74,0.608044901777362,0.9052924791086351,0.45774647887323944,0.7672222222222222,0.19944444444444445
spatiotemporal,V2.4 Spatio-Temporal,+2d,0.7449999999999999,0.6078799249530957,0.9101123595505618,0.4563380281690141,0.7677777777777778,0.19777777777777777
spatiotemporal,V2.4 Spatio-Temporal,+2d,0.7499999999999999,0.6018867924528303,0.9114285714285715,0.44929577464788734,0.7655555555555555,0.19444444444444445
spatiotemporal,V2.4 Spatio-Temporal,+2d,0.7549999999999999,0.5923809523809525,0.9147058823529411,0.43802816901408453,0.7622222222222222,0.18888888888888888
spatiotemporal,V2.4 Spatio-Temporal,+2d,0.7599999999999999,0.5821325648414987,0.9154078549848943,0.4267605633802817,0.7583333333333333,0.18388888888888888
spatiotemporal,V2.4 Spatio-Temporal,+2d,0.7649999999999999,0.5758454106280193,0.916923076923077,0.4197183098591549,0.7561111111111111,0.18055555555555555
spatiotemporal,V2.4 Spatio-Temporal,+2d,0.7699999999999999,0.5680933852140078,0.9182389937106918,0.4112676056338028,0.7533333333333333,0.17666666666666667
spatiotemporal,V2.4 Spatio-Temporal,+2d,0.7749999999999999,0.5607843137254901,0.9225806451612903,0.4028169014084507,0.7511111111111111,0.17222222222222222
spatiotemporal,V2.4 Spatio-Temporal,+2d,0.7799999999999999,0.5536945812807882,0.921311475409836,0.3957746478873239,0.7483333333333333,0.16944444444444445
spatiotemporal,V2.4 Spatio-Temporal,+2d,0.7849999999999999,0.5539070227497527,0.9302325581395349,0.39436619718309857,0.7494444444444445,0.16722222222222222
spatiotemporal,V2.4 Spatio-Temporal,+2d,0.7899999999999999,0.5454545454545454,0.9381443298969072,0.3845070422535211,0.7472222222222222,0.16166666666666665
spatiotemporal,V2.4 Spatio-Temporal,+2d,0.7949999999999999,0.5445445445445445,0.9411764705882353,0.38309859154929576,0.7472222222222222,0.16055555555555556
spatiotemporal,V2.4 Spatio-Temporal,+2d,0.7999999999999999,0.5401606425702812,0.9405594405594405,0.3788732394366197,0.7455555555555555,0.15888888888888889
spatiotemporal,V2.4 Spatio-Temporal,+2d,0.8049999999999999,0.5338725985844287,0.946236559139785,0.37183098591549296,0.7438888888888889,0.155
spatiotemporal,V2.4 Spatio-Temporal,+2d,0.8099999999999999,0.5284552845528455,0.948905109489051,0.36619718309859156,0.7422222222222222,0.15222222222222223
spatiotemporal,V2.4 Spatio-Temporal,+2d,0.815,0.5209397344228806,0.9479553903345725,0.3591549295774648,0.7394444444444445,0.14944444444444444
spatiotemporal,V2.4 Spatio-Temporal,+2d,0.82,0.5174537987679672,0.9545454545454546,0.35492957746478876,0.7388888888888889,0.14666666666666667
spatiotemporal,V2.4 Spatio-Temporal,+2d,0.825,0.5098039215686275,0.9536679536679536,0.34788732394366195,0.7361111111111112,0.1438888888888889
spatiotemporal,V2.4 Spatio-Temporal,+2d,0.83,0.498960498960499,0.9523809523809523,0.3380281690140845,0.7322222222222222,0.14
spatiotemporal,V2.4 Spatio-Temporal,+2d,0.835,0.4947807933194154,0.9556451612903226,0.33380281690140845,0.7311111111111112,0.13777777777777778
spatiotemporal,V2.4 Spatio-Temporal,+2d,0.84,0.48370136698212407,0.9543568464730291,0.323943661971831,0.7272222222222222,0.1338888888888889
spatiotemporal,V2.4 Spatio-Temporal,+2d,0.845,0.47729672650475197,0.9535864978902954,0.3183098591549296,0.725,0.13166666666666665
spatiotemporal,V2.4 Spatio-Temporal,+2d,0.8499999999999999,0.4631803628601921,0.9559471365638766,0.3056338028169014,0.7205555555555555,0.12611111111111112
spatiotemporal,V2.4 Spatio-Temporal,+2d,0.8549999999999999,0.45922746781115886,0.963963963963964,0.30140845070422534,0.72,0.12333333333333334
spatiotemporal,V2.4 Spatio-Temporal,+2d,0.8599999999999999,0.44588744588744583,0.9626168224299065,0.29014084507042254,0.7155555555555555,0.11888888888888889
spatiotemporal,V2.4 Spatio-Temporal,+2d,0.8649999999999999,0.4344978165938864,0.9660194174757282,0.2802816901408451,0.7122222222222222,0.11444444444444445
spatiotemporal,V2.4 Spatio-Temporal,+2d,0.8699999999999999,0.42244224422442245,0.964824120603015,0.2704225352112676,0.7083333333333334,0.11055555555555556
spatiotemporal,V2.4 Spatio-Temporal,+2d,0.8749999999999999,0.40843507214206437,0.9633507853403142,0.2591549295774648,0.7038888888888889,0.10611111111111111
spatiotemporal,V2.4 Spatio-Temporal,+2d,0.8799999999999999,0.39776536312849164,0.9621621621621622,0.2507042253521127,0.7005555555555556,0.10277777777777777
spatiotemporal,V2.4 Spatio-Temporal,+2d,0.8849999999999999,0.3892013498312711,0.9664804469273743,0.24366197183098592,0.6983333333333334,0.09944444444444445
spatiotemporal,V2.4 Spatio-Temporal,+2d,0.8899999999999999,0.3694412770809578,0.9700598802395209,0.22816901408450704,0.6927777777777778,0.09277777777777778
spatiotemporal,V2.4 Spatio-Temporal,+2d,0.8949999999999999,0.3638443935926774,0.9695121951219512,0.223943661971831,0.6911111111111111,0.09111111111111111
spatiotemporal,V2.4 Spatio-Temporal,+2d,0.8999999999999999,0.3525345622119816,0.9683544303797469,0.21549295774647886,0.6877777777777778,0.08777777777777777
spatiotemporal,V2.4 Spatio-Temporal,+2d,0.9049999999999999,0.3352735739231664,0.9664429530201343,0.2028169014084507,0.6827777777777778,0.08277777777777778
spatiotemporal,V2.4 Spatio-Temporal,+2d,0.9099999999999999,0.3247058823529412,0.9857142857142858,0.19436619718309858,0.6811111111111111,0.07777777777777778
spatiotemporal,V2.4 Spatio-Temporal,+2d,0.9149999999999999,0.3067776456599287,0.9847328244274809,0.18169014084507043,0.6761111111111111,0.07277777777777777
spatiotemporal,V2.4 Spatio-Temporal,+2d,0.9199999999999999,0.290516206482593,0.983739837398374,0.1704225352112676,0.6716666666666666,0.06833333333333333
spatiotemporal,V2.4 Spatio-Temporal,+2d,0.9249999999999999,0.2760290556900727,0.9827586206896551,0.16056338028169015,0.6677777777777778,0.06444444444444444
spatiotemporal,V2.4 Spatio-Temporal,+2d,0.9299999999999999,0.2634146341463415,0.9818181818181818,0.15211267605633802,0.6644444444444444,0.06111111111111111
spatiotemporal,V2.4 Spatio-Temporal,+2d,0.9349999999999999,0.2573529411764706,0.9905660377358491,0.14788732394366197,0.6633333333333333,0.058888888888888886
spatiotemporal,V2.4 Spatio-Temporal,+2d,0.94,0.23354037267080743,0.9894736842105263,0.1323943661971831,0.6572222222222223,0.05277777777777778
spatiotemporal,V2.4 Spatio-Temporal,+2d,0.945,0.2113207547169811,0.9882352941176471,0.11830985915492957,0.6516666666666666,0.04722222222222222
spatiotemporal,V2.4 Spatio-Temporal,+2d,0.95,0.1815856777493606,0.9861111111111112,0.1,0.6444444444444445,0.04
spatiotemporal,V2.4 Spatio-Temporal,+3d,0.05,0.6308664259927798,0.4629139072847682,0.990084985835694,0.5455555555555556,0.8388888888888889
spatiotemporal,V2.4 Spatio-Temporal,+3d,0.055,0.6371115173674589,0.47031039136302294,0.9872521246458924,0.5588888888888889,0.8233333333333334
spatiotemporal,V2.4 Spatio-Temporal,+3d,0.06,0.6402579456471673,0.47440273037542663,0.9844192634560907,0.5661111111111111,0.8138888888888889
spatiotemporal,V2.4 Spatio-Temporal,+3d,0.065,0.6437529029261496,0.47892190739460955,0.9815864022662889,0.5738888888888889,0.8038888888888889
spatiotemporal,V2.4 Spatio-Temporal,+3d,0.07,0.647583294228062,0.4842105263157895,0.9773371104815864,0.5827777777777777,0.7916666666666666
spatiotemporal,V2.4 Spatio-Temporal,+3d,0.075,0.6536817102137767,0.49177984274481773,0.9745042492917847,0.595,0.7772222222222223
spatiotemporal,V2.4 Spatio-Temporal,+3d,0.08,0.6596356663470758,0.4985507246376812,0.9745042492917847,0.6055555555555555,0.7666666666666667
spatiotemporal,V2.4 Spatio-Temporal,+3d,0.08499999999999999,0.6615087040618957,0.5022026431718062,0.9688385269121813,0.6111111111111112,0.7566666666666667
spatiotemporal,V2.4 Spatio-Temporal,+3d,0.09,0.666016577279376,0.5078066914498142,0.9674220963172805,0.6194444444444445,0.7472222222222222
spatiotemporal,V2.4 Spatio-Temporal,+3d,0.095,0.6676499508357916,0.5112951807228916,0.9617563739376771,0.6244444444444445,0.7377777777777778
spatiotemporal,V2.4 Spatio-Temporal,+3d,0.09999999999999999,0.6699604743083003,0.5144157814871017,0.9603399433427762,0.6288888888888889,0.7322222222222222
spatiotemporal,V2.4 Spatio-Temporal,+3d,0.105,0.672962226640159,0.5183767228177641,0.9589235127478754,0.6344444444444445,0.7255555555555555
spatiotemporal,V2.4 Spatio-Temporal,+3d,0.10999999999999999,0.6773386693346674,0.5235885537509667,0.9589235127478754,0.6416666666666667,0.7183333333333334
spatiotemporal,V2.4 Spatio-Temporal,+3d,0.11499999999999999,0.6801007556675064,0.527756059421423,0.9560906515580736,0.6472222222222223,0.7105555555555556
spatiotemporal,V2.4 Spatio-Temporal,+3d,0.12,0.6839167935058346,0.532806324110672,0.9546742209631728,0.6538888888888889,0.7027777777777777
spatiotemporal,V2.4 Spatio-Temporal,+3d,0.12499999999999999,0.6860346585117227,0.535828025477707,0.953257790368272,0.6577777777777778,0.6977777777777778
spatiotemporal,V2.4 Spatio-Temporal,+3d,0.13,0.6875320677270395,0.5390185036202735,0.9490084985835694,0.6616666666666666,0.6905555555555556
spatiotemporal,V2.4 Spatio-Temporal,+3d,0.135,0.6886938564790913,0.5418359057676686,0.9447592067988668,0.665,0.6838888888888889
spatiotemporal,V2.4 Spatio-Temporal,+3d,0.13999999999999999,0.6919087136929459,0.5458265139116203,0.9447592067988668,0.67,0.6788888888888889
spatiotemporal,V2.4 Spatio-Temporal,+3d,0.145,0.6945169712793733,0.5500413564929694,0.9419263456090652,0.675,0.6716666666666666
spatiotemporal,V2.4 Spatio-Temporal,+3d,0.14999999999999997,0.694648478488982,0.5516666666666666,0.9376770538243626,0.6766666666666666,0.6666666666666666
spatiotemporal,V2.4 Spatio-Temporal,+3d,0.15499999999999997,0.6975763962065332,0.5553691275167785,0.9376770538243626,0.6811111111111111,0.6622222222222223
spatiotemporal,V2.4 Spatio-Temporal,+3d,0.15999999999999998,0.6998411858125994,0.558748943364328,0.9362606232294618,0.685,0.6572222222222223
spatiotemporal,V2.4 Spatio-Temporal,+3d,0.16499999999999998,0.7013815090329436,0.5612244897959183,0.9348441926345609,0.6877777777777778,0.6533333333333333
spatiotemporal,V2.4 Spatio-Temporal,+3d,0.16999999999999998,0.7051282051282052,0.5660377358490566,0.9348441926345609,0.6933333333333334,0.6477777777777778
spatiotemporal,V2.4 Spatio-Temporal,+3d,0.175,0.7081545064377681,0.5699481865284974,0.9348441926345609,0.6977777777777778,0.6433333333333333
spatiotemporal,V2.4 Spatio-Temporal,+3d,0.18,0.7072776280323452,0.5709312445604874,0.9291784702549575,0.6983333333333334,0.6383333333333333
spatiotemporal,V2.4 Spatio-Temporal,+3d,0.185,0.7088744588744588,0.5735551663747811,0.9277620396600567,0.7011111111111111,0.6344444444444445
spatiotemporal,V2.4 Spatio-Temporal,+3d,0.19,0.7106267029972753,0.5775022143489814,0.9235127478753541,0.705,0.6272222222222222
spatiotemporal,V2.4 Spatio-Temporal,+3d,0.195,0.7103825136612022,0.5782918149466192,0.9206798866855525,0.7055555555555556,0.6244444444444445
spatiotemporal,V2.4 Spatio-Temporal,+3d,0.19999999999999996,0.7108433734939761,0.5794642857142858,0.9192634560906515,0.7066666666666667,0.6222222222222222
spatiotemporal,V2.4 Spatio-Temporal,+3d,0.20499999999999996,0.7128712871287128,0.5827338129496403,0.9178470254957507,0.71,0.6177777777777778
spatiotemporal,V2.4 Spatio-Temporal,+3d,0.20999999999999996,0.7146017699115043,0.5862068965517241,0.9150141643059491,0.7133333333333334,0.6122222222222222
spatiotemporal,V2.4 Spatio-Temporal,+3d,0.21499999999999997,0.7167501391207567,0.5902841429880843,0.9121813031161473,0.7172222222222222,0.6061111111111112
spatiotemporal,V2.4 Spatio-Temporal,+3d,0.21999999999999997,0.7176339285714285,0.5920810313075506,0.9107648725212465,0.7188888888888889,0.6033333333333334
spatiotemporal,V2.4 Spatio-Temporal,+3d,0.22499999999999998,0.7182072829131652,0.5940685820203893,0.9079320113314447,0.7205555555555555,0.5994444444444444
spatiotemporal,V2.4 Spatio-Temporal,+3d,0.22999999999999998,0.7177464788732394,0.5958840037418148,0.9022662889518414,0.7216666666666667,0.5938888888888889
spatiotemporal,V2.4 Spatio-Temporal,+3d,0.235,0.7169597277368123,0.597918637653737,0.8951841359773371,0.7227777777777777,0.5872222222222222
spatiotemporal,V2.4 Spatio-Temporal,+3d,0.24,0.7164009111617312,0.599047619047619,0.8909348441926346,0.7233333333333334,0.5833333333333334
spatiotemporal,V2.4 Spatio-Temporal,+3d,0.245,0.7192681532304175,0.6030680728667306,0.8909348441926346,0.7272222222222222,0.5794444444444444
spatiotemporal,V2.4 Spatio-Temporal,+3d,0.24999999999999994,0.7218390804597702,0.6073500967117988,0.8895184135977338,0.7311111111111112,0.5744444444444444
spatiotemporal,V2.4 Spatio-Temporal,+3d,0.25499999999999995,0.7212925562608193,0.6085686465433301,0.8852691218130312,0.7316666666666667,0.5705555555555556
spatiotemporal,V2.4 Spatio-Temporal,+3d,0.25999999999999995,0.7214823393167342,0.6101860920666013,0.8824362606232294,0.7327777777777778,0.5672222222222222
spatiotemporal,V2.4 Spatio-Temporal,+3d,0.26499999999999996,0.7210250436808388,0.6122650840751731,0.876770538243626,0.7338888888888889,0.5616666666666666
spatiotemporal,V2.4 Spatio-Temporal,+3d,0.26999999999999996,0.7235534774985388,0.6159203980099502,0.876770538243626,0.7372222222222222,0.5583333333333333
spatiotemporal,V2.4 Spatio-Temporal,+3d,0.27499999999999997,0.7238542890716804,0.6184738955823293,0.8725212464589235,0.7388888888888889,0.5533333333333333
spatiotemporal,V2.4 Spatio-Temporal,+3d,0.27999999999999997,0.7243816254416963,0.6199596774193549,0.8711048158640227,0.74,0.5511111111111111
spatiotemporal,V2.4 Spatio-Temporal,+3d,0.285,0.7270574304322085,0.624618514750763,0.8696883852691218,0.7438888888888889,0.5461111111111111
spatiotemporal,V2.4 Spatio-Temporal,+3d,0.29,0.7271641791044777,0.628482972136223,0.8626062322946175,0.7461111111111111,0.5383333333333333
spatiotemporal,V2.4 Spatio-Temporal,+3d,0.295,0.7276007215874924,0.632183908045977,0.8569405099150141,0.7483333333333333,0.5316666666666666
spatiotemporal,V2.4 Spatio-Temporal,+3d,0.3,0.7281494876431585,0.633788037775446,0.8555240793201133,0.7494444444444445,0.5294444444444445
spatiotemporal,V2.4 Spatio-Temporal,+3d,0.30499999999999994,0.7300242130750605,0.6374207188160677,0.8541076487252125,0.7522222222222222,0.5255555555555556
spatiotemporal,V2.4 Spatio-Temporal,+3d,0.30999999999999994,0.730816077953715,0.6410256410256411,0.8498583569405099,0.7544444444444445,0.52
spatiotemporal,V2.4 Spatio-Temporal,+3d,0.31499999999999995,0.7314984709480122,0.643702906350915,0.8470254957507082,0.7561111111111111,0.5161111111111111
spatiotemporal,V2.4 Spatio-Temporal,+3d,0.31999999999999995,0.7335384615384615,0.6485310119695321,0.8441926345609065,0.7594444444444445,0.5105555555555555
spatiotemporal,V2.4 Spatio-Temporal,+3d,0.32499999999999996,0.7337862878319951,0.6506024096385542,0.8413597733711048,0.7605555555555555,0.5072222222222222
spatiotemporal,V2.4 Spatio-Temporal,+3d,0.32999999999999996,0.7346177750155375,0.654485049833887,0.8371104815864022,0.7627777777777778,0.5016666666666667
spatiotemporal,V2.4 Spatio-Temporal,+3d,0.33499999999999996,0.737171464330413,0.6603139013452914,0.8342776203966006,0.7666666666666667,0.4955555555555556
spatiotemporal,V2.4 Spatio-Temporal,+3d,0.33999999999999997,0.7382297551789077,0.6629086809470124,0.8328611898016998,0.7683333333333333,0.49277777777777776
spatiotemporal,V2.4 Spatio-Temporal,+3d,0.3449999999999999,0.7348484848484849,0.662870159453303,0.8243626062322946,0.7666666666666667,0.48777777777777775
spatiotemporal,V2.4 Spatio-Temporal,+3d,0.3499999999999999,0.737913486005089,0.6697459584295612,0.8215297450424929,0.7711111111111111,0.4811111111111111
spatiotemporal,V2.4 Spatio-Temporal,+3d,0.3549999999999999,0.7416879795396418,0.675990675990676,0.8215297450424929,0.7755555555555556,0.4766666666666667
spatiotemporal,V2.4 Spatio-Temporal,+3d,0.35999999999999993,0.7434083601286174,0.6808009422850412,0.8186968838526912,0.7783333333333333,0.4716666666666667
spatiotemporal,V2.4 Spatio-Temporal,+3d,0.36499999999999994,0.7433742727860374,0.6837098692033293,0.8144475920679887,0.7794444444444445,0.4672222222222222
spatiotemporal,V2.4 Spatio-Temporal,+3d,0.36999999999999994,0.7464239271781534,0.6899038461538461,0.8130311614730878,0.7833333333333333,0.4622222222222222
spatiotemporal,V2.4 Spatio-Temporal,+3d,0.37499999999999994,0.7477124183006536,0.6941747572815534,0.8101983002832861,0.7855555555555556,0.4577777777777778
spatiotemporal,V2.4 Spatio-Temporal,+3d,0.37999999999999995,0.7452271231073074,0.6961869618696187,0.8016997167138811,0.785,0.45166666666666666
spatiotemporal,V2.4 Spatio-Temporal,+3d,0.38499999999999995,0.7432343234323432,0.695920889987639,0.7974504249291785,0.7838888888888889,0.4494444444444444
spatiotemporal,V2.4 Spatio-Temporal,+3d,0.38999999999999996,0.7422133863485753,0.6973848069738481,0.7932011331444759,0.7838888888888889,0.4461111111111111
spatiotemporal,V2.4 Spatio-Temporal,+3d,0.39499999999999996,0.7426666666666666,0.7015113350125944,0.7889518413597734,0.7855555555555556,0.4411111111111111
spatiotemporal,V2.4 Spatio-Temporal,+3d,0.3999999999999999,0.740790354989953,0.7026683608640406,0.78328611898017,0.785,0.43722222222222223
spatiotemporal,V2.4 Spatio-Temporal,+3d,0.4049999999999999,0.7400940228341168,0.7037037037037037,0.7804532577903682,0.785,0.435
spatiotemporal,V2.4 Spatio-Temporal,+3d,0.4099999999999999,0.738191632928475,0.7048969072164949,0.7747875354107648,0.7844444444444445,0.4311111111111111
spatiotemporal,V2.4 Spatio-Temporal,+3d,0.4149999999999999,0.7379823967501694,0.7068741893644618,0.7719546742209632,0.785,0.42833333333333334
spatiotemporal,V2.4 Spatio-Temporal,+3d,0.41999999999999993,0.7374149659863946,0.7094240837696335,0.7677053824362606,0.7855555555555556,0.42444444444444446
spatiotemporal,V2.4 Spatio-Temporal,+3d,0.42499999999999993,0.7380627557980901,0.7118421052631579,0.7662889518413598,0.7866666666666666,0.4222222222222222
spatiotemporal,V2.4 Spatio-Temporal,+3d,0.42999999999999994,0.7369863013698631,0.713527851458886,0.7620396600566572,0.7866666666666666,0.41888888888888887
spatiotemporal,V2.4 Spatio-Temporal,+3d,0.43499999999999994,0.7369146005509642,0.7171581769436998,0.7577903682719547,0.7877777777777778,0.41444444444444445
spatiotemporal,V2.4 Spatio-Temporal,+3d,0.43999999999999995,0.7354570637119113,0.7195121951219512,0.7521246458923513,0.7877777777777778,0.41
spatiotemporal,V2.4 Spatio-Temporal,+3d,0.44499999999999995,0.7369155617585486,0.7262723521320495,0.7478753541076487,0.7905555555555556,0.4038888888888889
spatiotemporal,V2.4 Spatio-Temporal,+3d,0.4499999999999999,0.7366946778711485,0.7285318559556787,0.7450424929178471,0.7911111111111111,0.4011111111111111
spatiotemporal,V2.4 Spatio-Temporal,+3d,0.4549999999999999,0.7336612789880534,0.7280334728033473,0.7393767705382436,0.7894444444444444,0.3983333333333333
spatiotemporal,V2.4 Spatio-Temporal,+3d,0.4599999999999999,0.7330508474576272,0.7309859154929578,0.7351274787535411,0.79,0.39444444444444443
spatiotemporal,V2.4 Spatio-Temporal,+3d,0.4649999999999999,0.7347517730496455,0.7357954545454546,0.7337110481586402,0.7922222222222223,0.39111111111111113
spatiotemporal,V2.4 Spatio-Temporal,+3d,0.4699999999999999,0.7303851640513552,0.735632183908046,0.7252124645892352,0.79,0.38666666666666666
spatiotemporal,V2.4 Spatio-Temporal,+3d,0.4749999999999999,0.7304097771387492,0.7416058394160584,0.7195467422096318,0.7916666666666666,0.38055555555555554
spatiotemporal,V2.4 Spatio-Temporal,+3d,0.4799999999999999,0.7246376811594203,0.7418397626112759,0.7082152974504249,0.7888888888888889,0.37444444444444447
spatiotemporal,V2.4 Spatio-Temporal,+3d,0.48499999999999993,0.7222222222222222,0.7462235649546828,0.6997167138810199,0.7888888888888889,0.36777777777777776
spatiotemporal,V2.4 Spatio-Temporal,+3d,0.48999999999999994,0.7212389380530972,0.7523076923076923,0.6926345609065155,0.79,0.3611111111111111
spatiotemporal,V2.4 Spatio-Temporal,+3d,0.49499999999999994,0.717037037037037,0.7515527950310559,0.6855524079320113,0.7877777777777778,0.35777777777777775
spatiotemporal,V2.4 Spatio-Temporal,+3d,0.49999999999999994,0.7133283693224125,0.7519623233908949,0.6784702549575071,0.7861111111111111,0.35388888888888886
spatiotemporal,V2.4 Spatio-Temporal,+3d,0.5049999999999999,0.7091454272863568,0.7531847133757962,0.669971671388102,0.7844444444444445,0.3488888888888889
spatiotemporal,V2.4 Spatio-Temporal,+3d,0.5099999999999999,0.7081770442610653,0.7527910685805422,0.6685552407932012,0.7838888888888889,0.34833333333333333
spatiotemporal,V2.4 Spatio-Temporal,+3d,0.5149999999999999,0.7098718914845517,0.7584541062801933,0.6671388101983002,0.7861111111111111,0.345
spatiotemporal,V2.4 Spatio-Temporal,+3d,0.5199999999999999,0.7056145675265554,0.7598039215686274,0.6586402266288952,0.7844444444444445,0.34
spatiotemporal,V2.4 Spatio-Temporal,+3d,0.5249999999999999,0.7031963470319634,0.7598684210526315,0.6543909348441926,0.7833333333333333,0.3377777777777778
spatiotemporal,V2.4 Spatio-Temporal,+3d,0.5299999999999999,0.6989247311827956,0.7634228187919463,0.6444759206798867,0.7822222222222223,0.33111111111111113
spatiotemporal,V2.4 Spatio-Temporal,+3d,0.5349999999999999,0.6919504643962848,0.7627986348122867,0.6331444759206799,0.7788888888888889,0.32555555555555554
spatiotemporal,V2.4 Spatio-Temporal,+3d,0.5399999999999999,0.6941634241245136,0.770293609671848,0.6317280453257791,0.7816666666666666,0.32166666666666666
spatiotemporal,V2.4 Spatio-Temporal,+3d,0.5449999999999999,0.6926677067082684,0.7708333333333334,0.6288951841359773,0.7811111111111111,0.32
spatiotemporal,V2.4 Spatio-Temporal,+3d,0.5499999999999999,0.6906812842599843,0.7723292469352014,0.6246458923512748,0.7805555555555556,0.31722222222222224
spatiotemporal,V2.4 Spatio-Temporal,+3d,0.5549999999999999,0.6866614048934492,0.7754010695187166,0.6161473087818697,0.7794444444444445,0.31166666666666665
spatiotemporal,V2.4 Spatio-Temporal,+3d,0.5599999999999999,0.6830818109610802,0.7775768535262206,0.6090651558073654,0.7783333333333333,0.30722222222222223
spatiotemporal,V2.4 Spatio-Temporal,+3d,0.565,0.684887459807074,0.79182156133829,0.603399433427762,0.7822222222222223,0.29888888888888887
spatiotemporal,V2.4 Spatio-Temporal,+3d,0.57,0.6811945117029863,0.7917448405253283,0.5977337110481586,0.7805555555555556,0.2961111111111111
spatiotemporal,V2.4 Spatio-Temporal,+3d,0.575,0.6796747967479675,0.7977099236641222,0.5920679886685553,0.7811111111111111,0.2911111111111111
spatiotemporal,V2.4 Spatio-Temporal,+3d,0.58,0.6742857142857143,0.7957610789980732,0.5849858356940509,0.7783333333333333,0.28833333333333333
spatiotemporal,V2.4 Spatio-Temporal,+3d,0.585,0.6732186732186732,0.7980582524271844,0.5821529745042493,0.7783333333333333,0.2861111111111111
spatiotemporal,V2.4 Spatio-Temporal,+3d,0.59,0.6748971193415638,0.8055009823182712,0.5807365439093485,0.7805555555555556,0.2827777777777778
spatiotemporal,V2.4 Spatio-Temporal,+3d,0.595,0.6727423363711683,0.810379241516966,0.5750708215297451,0.7805555555555556,0.2783333333333333
spatiotemporal,V2.4 Spatio-Temporal,+3d,0.6,0.6694421315570358,0.8121212121212121,0.5694050991501416,0.7794444444444445,0.275
spatiotemporal,V2.4 Spatio-Temporal,+3d,0.605,0.6649916247906198,0.8135245901639344,0.5623229461756374,0.7777777777777778,0.27111111111111114
spatiotemporal,V2.4 Spatio-Temporal,+3d,0.61,0.664983164983165,0.8195020746887967,0.5594900849858357,0.7788888888888889,0.2677777777777778
spatiotemporal,V2.4 Spatio-Temporal,+3d,0.615,0.6581849024597116,0.8202959830866807,0.5495750708215298,0.7761111111111111,0.2627777777777778
spatiotemporal,V2.4 Spatio-Temporal,+3d,0.62,0.6547314578005116,0.8222698072805139,0.5439093484419264,0.775,0.2594444444444444
spatiotemporal,V2.4 Spatio-Temporal,+3d,0.625,0.6454935622317597,0.8191721132897604,0.5325779036827195,0.7705555555555555,0.255
spatiotemporal,V2.4 Spatio-Temporal,+3d,0.63,0.6442721791559001,0.8219780219780219,0.5297450424929179,0.7705555555555555,0.25277777777777777
spatiotemporal,V2.4 Spatio-Temporal,+3d,0.635,0.640069384215091,0.825503355704698,0.5226628895184136,0.7694444444444445,0.24833333333333332
spatiotemporal,V2.4 Spatio-Temporal,+3d,0.6399999999999999,0.6327782646801052,0.8298850574712644,0.5113314447592068,0.7672222222222222,0.24166666666666667
spatiotemporal,V2.4 Spatio-Temporal,+3d,0.6449999999999999,0.6308370044052863,0.8344988344988346,0.5070821529745042,0.7672222222222222,0.23833333333333334
spatiotemporal,V2.4 Spatio-Temporal,+3d,0.6499999999999999,0.6295313881520779,0.8376470588235294,0.5042492917847026,0.7672222222222222,0.2361111111111111
spatiotemporal,V2.4 Spatio-Temporal,+3d,0.6549999999999999,0.6281138790035588,0.8444976076555024,0.5,0.7677777777777778,0.23222222222222222
spatiotemporal,V2.4 Spatio-Temporal,+3d,0.6599999999999999,0.6254480286738351,0.8512195121951219,0.4943342776203966,0.7677777777777778,0.22777777777777777
spatiotemporal,V2.4 Spatio-Temporal,+3d,0.6649999999999999,0.6258992805755396,0.8571428571428571,0.49291784702549574,0.7688888888888888,0.22555555555555556
spatiotemporal,V2.4 Spatio-Temporal,+3d,0.6699999999999999,0.6209386281588447,0.8557213930348259,0.48725212464589235,0.7666666666666667,0.22333333333333333
spatiotemporal,V2.4 Spatio-Temporal,+3d,0.6749999999999999,0.6194368755676657,0.8632911392405064,0.4830028328611898,0.7672222222222222,0.21944444444444444
spatiotemporal,V2.4 Spatio-Temporal,+3d,0.6799999999999999,0.6122823098075161,0.8675324675324675,0.4730878186968839,0.765,0.21388888888888888
spatiotemporal,V2.4 Spatio-Temporal,+3d,0.6849999999999999,0.605724838411819,0.870026525198939,0.46458923512747874,0.7627777777777778,0.20944444444444443
spatiotemporal,V2.4 Spatio-Temporal,+3d,0.69,0.6003717472118959,0.8729729729729729,0.45750708215297453,0.7611111111111111,0.20555555555555555
spatiotemporal,V2.4 Spatio-Temporal,+3d,0.695,0.5994397759103641,0.8794520547945206,0.4546742209631728,0.7616666666666667,0.20277777777777778
spatiotemporal,V2.4 Spatio-Temporal,+3d,0.7,0.5953051643192488,0.883008356545961,0.4490084985835694,0.7605555555555555,0.19944444444444445
spatiotemporal,V2.4 Spatio-Temporal,+3d,0.705,0.5964252116650988,0.8879551820728291,0.4490084985835694,0.7616666666666667,0.19833333333333333
spatiotemporal,V2.4 Spatio-Temporal,+3d,0.71,0.5954631379962193,0.8948863636363636,0.4461756373937677,0.7622222222222222,0.19555555555555557
spatiotemporal,V2.4 Spatio-Temporal,+3d,0.715,0.5925925925925926,0.899135446685879,0.44192634560906513,0.7616666666666667,0.19277777777777777
spatiotemporal,V2.4 Spatio-Temporal,+3d,0.72,0.583732057416268,0.8997050147492626,0.43201133144475923,0.7583333333333333,0.18833333333333332
spatiotemporal,V2.4 Spatio-Temporal,+3d,0.725,0.5794032723772858,0.9039039039039038,0.4263456090651558,0.7572222222222222,0.185
spatiotemporal,V2.4 Spatio-Temporal,+3d,0.73,0.574199806013579,0.9107692307692308,0.4192634560906516,0.7561111111111111,0.18055555555555555
spatiotemporal,V2.4 Spatio-Temporal,+3d,0.735,0.5678048780487805,0.9122257053291536,0.4121813031161473,0.7538888888888889,0.17722222222222223
spatiotemporal,V2.4 Spatio-Temporal,+3d,0.74,0.5613346418056918,0.9137380191693291,0.40509915014164305,0.7516666666666667,0.1738888888888889
spatiotemporal,V2.4 Spatio-Temporal,+3d,0.7449999999999999,0.5528134254689043,0.9120521172638436,0.39660056657223797,0.7483333333333333,0.17055555555555554
spatiotemporal,V2.4 Spatio-Temporal,+3d,0.7499999999999999,0.5461767626613704,0.9136212624584718,0.3895184135977337,0.7461111111111111,0.16722222222222222
spatiotemporal,V2.4 Spatio-Temporal,+3d,0.7549999999999999,0.5409181636726547,0.9155405405405406,0.3838526912181303,0.7444444444444445,0.16444444444444445
spatiotemporal,V2.4 Spatio-Temporal,+3d,0.7599999999999999,0.5341365461847389,0.9172413793103448,0.37677053824362605,0.7422222222222222,0.16111111111111112
spatiotemporal,V2.4 Spatio-Temporal,+3d,0.7649999999999999,0.5242914979757085,0.9184397163120568,0.3668555240793201,0.7388888888888889,0.15666666666666668
spatiotemporal,V2.4 Spatio-Temporal,+3d,0.7699999999999999,0.5178389398572885,0.9236363636363636,0.3597733711048159,0.7372222222222222,0.1527777777777778
spatiotemporal,V2.4 Spatio-Temporal,+3d,0.7749999999999999,0.5138178096212898,0.9261992619926199,0.3555240793201133,0.7361111111111112,0.15055555555555555
spatiotemporal,V2.4 Spatio-Temporal,+3d,0.7799999999999999,0.5107692307692308,0.9256505576208178,0.3526912181303116,0.735,0.14944444444444444
spatiotemporal,V2.4 Spatio-Temporal,+3d,0.7849999999999999,0.5010351966873706,0.9307692307692308,0.34277620396600567,0.7322222222222222,0.14444444444444443
spatiotemporal,V2.4 Spatio-Temporal,+3d,0.7899999999999999,0.4890282131661442,0.9322709163346613,0.3314447592067989,0.7283333333333334,0.13944444444444445
spatiotemporal,V2.4 Spatio-Temporal,+3d,0.7949999999999999,0.4852941176470589,0.9390243902439024,0.3271954674220963,0.7277777777777777,0.13666666666666666
spatiotemporal,V2.4 Spatio-Temporal,+3d,0.7999999999999999,0.48050579557428874,0.9382716049382716,0.32294617563739375,0.7261111111111112,0.135
spatiotemporal,V2.4 Spatio-Temporal,+3d,0.8049999999999999,0.47890295358649787,0.9380165289256198,0.32152974504249293,0.7255555555555555,0.13444444444444445
spatiotemporal,V2.4 Spatio-Temporal,+3d,0.8099999999999999,0.47890295358649787,0.9380165289256198,0.32152974504249293,0.7255555555555555,0.13444444444444445
spatiotemporal,V2.4 Spatio-Temporal,+3d,0.815,0.46921443736730356,0.9364406779661016,0.3130311614730878,0.7222222222222222,0.13111111111111112
spatiotemporal,V2.4 Spatio-Temporal,+3d,0.82,0.46104589114194244,0.935064935064935,0.3059490084985836,0.7194444444444444,0.12833333333333333
spatiotemporal,V2.4 Spatio-Temporal,+3d,0.825,0.45278969957081544,0.9336283185840708,0.2988668555240793,0.7166666666666667,0.12555555555555556
spatiotemporal,V2.4 Spatio-Temporal,+3d,0.83,0.44827586206896547,0.9369369369369369,0.29461756373937675,0.7155555555555555,0.12333333333333334
spatiotemporal,V2.4 Spatio-Temporal,+3d,0.835,0.4398699891657638,0.9354838709677419,0.28753541076487255,0.7127777777777777,0.12055555555555555
spatiotemporal,V2.4 Spatio-Temporal,+3d,0.84,0.43525571273122965,0.9389671361502347,0.28328611898017,0.7116666666666667,0.11833333333333333
spatiotemporal,V2.4 Spatio-Temporal,+3d,0.845,0.4301310043668122,0.9380952380952381,0.2790368271954674,0.71,0.11666666666666667
spatiotemporal,V2.4 Spatio-Temporal,+3d,0.8499999999999999,0.4215148188803513,0.9365853658536586,0.2719546742209632,0.7072222222222222,0.11388888888888889
spatiotemporal,V2.4 Spatio-Temporal,+3d,0.8549999999999999,0.411049723756906,0.9346733668341709,0.26345609065155806,0.7038888888888889,0.11055555555555556
spatiotemporal,V2.4 Spatio-Temporal,+3d,0.8599999999999999,0.4039955604883463,0.9333333333333333,0.2577903682719547,0.7016666666666667,0.10833333333333334
spatiotemporal,V2.4 Spatio-Temporal,+3d,0.8649999999999999,0.3973214285714286,0.9368421052631579,0.2521246458923513,0.7,0.10555555555555556
spatiotemporal,V2.4 Spatio-Temporal,+3d,0.8699999999999999,0.388327721661055,0.9351351351351351,0.24504249291784702,0.6972222222222222,0.10277777777777777
spatiotemporal,V2.4 Spatio-Temporal,+3d,0.8749999999999999,0.3796610169491525,0.9385474860335196,0.23796033994334279,0.695,0.09944444444444445
spatiotemporal,V2.4 Spatio-Temporal,+3d,0.8799999999999999,0.365296803652968,0.9411764705882353,0.22662889518413598,0.6911111111111111,0.09444444444444444
spatiotemporal,V2.4 Spatio-Temporal,+3d,0.8849999999999999,0.3623853211009174,0.9518072289156626,0.2237960339943343,0.6911111111111111,0.09222222222222222
spatiotemporal,V2.4 Spatio-Temporal,+3d,0.8899999999999999,0.35334872979214776,0.95625,0.21671388101983002,0.6888888888888889,0.08888888888888889
spatiotemporal,V2.4 Spatio-Temporal,+3d,0.8949999999999999,0.3480278422273782,0.9615384615384616,0.21246458923512748,0.6877777777777778,0.08666666666666667
spatiotemporal,V2.4 Spatio-Temporal,+3d,0.8999999999999999,0.3422584400465658,0.9607843137254902,0.20821529745042494,0.6861111111111111,0.085
spatiotemporal,V2.4 Spatio-Temporal,+3d,0.9049999999999999,0.3270588235294118,0.9652777777777778,0.19688385269121814,0.6822222222222222,0.08
spatiotemporal,V2.4 Spatio-Temporal,+3d,0.9099999999999999,0.3155397390272835,0.9708029197080292,0.18838526912181303,0.6794444444444444,0.07611111111111112
spatiotemporal,V2.4 Spatio-Temporal,+3d,0.9149999999999999,0.30952380952380953,0.9701492537313433,0.18413597733711048,0.6777777777777778,0.07444444444444444
spatiotemporal,V2.4 Spatio-Temporal,+3d,0.9199999999999999,0.28536880290205563,0.9752066115702479,0.1671388101983003,0.6716666666666666,0.06722222222222222
spatiotemporal,V2.4 Spatio-Temporal,+3d,0.9249999999999999,0.26862026862026867,0.9734513274336283,0.1558073654390935,0.6672222222222223,0.06277777777777778
spatiotemporal,V2.4 Spatio-Temporal,+3d,0.9299999999999999,0.2518518518518518,0.9807692307692307,0.14447592067988668,0.6633333333333333,0.057777777777777775
spatiotemporal,V2.4 Spatio-Temporal,+3d,0.9349999999999999,0.23661270236612703,0.979381443298969,0.13456090651558072,0.6594444444444445,0.05388888888888889
spatiotemporal,V2.4 Spatio-Temporal,+3d,0.94,0.22110552763819094,0.9777777777777777,0.12464589235127478,0.6555555555555556,0.05
spatiotemporal,V2.4 Spatio-Temporal,+3d,0.945,0.20759493670886073,0.9761904761904762,0.11614730878186968,0.6522222222222223,0.04666666666666667
spatiotemporal,V2.4 Spatio-Temporal,+3d,0.95,0.1846153846153846,0.972972972972973,0.10198300283286119,0.6466666666666666,0.04111111111111111
spatiotemporal,V2.4 Spatio-Temporal,+5d,0.05,0.6257889990982867,0.45808580858085807,0.9871977240398293,0.5388888888888889,0.8416666666666667
spatiotemporal,V2.4 Spatio-Temporal,+5d,0.055,0.628623188405797,0.4611295681063123,0.9871977240398293,0.5444444444444444,0.8361111111111111
spatiotemporal,V2.4 Spatio-Temporal,+5d,0.06,0.6314350797266515,0.4644772117962466,0.9857752489331437,0.5505555555555556,0.8288888888888889
spatiotemporal,V2.4 Spatio-Temporal,+5d,0.065,0.6333180357962368,0.46747967479674796,0.9815078236130867,0.5561111111111111,0.82
spatiotemporal,V2.4 Spatio-Temporal,+5d,0.07,0.6370781322237633,0.47191780821917806,0.9800853485064012,0.5638888888888889,0.8111111111111111
spatiotemporal,V2.4 Spatio-Temporal,+5d,0.075,0.637546468401487,0.47342995169082125,0.9758179231863442,0.5666666666666667,0.805
spatiotemporal,V2.4 Spatio-Temporal,+5d,0.08,0.6401869158878505,0.476687543493389,0.9743954480796586,0.5722222222222222,0.7983333333333333
spatiotemporal,V2.4 Spatio-Temporal,+5d,0.08499999999999999,0.6410136086344439,0.47829131652661067,0.9715504978662873,0.575,0.7933333333333333
spatiotemporal,V2.4 Spatio-Temporal,+5d,0.09,0.6436998584237849,0.481638418079096,0.9701280227596017,0.5805555555555556,0.7866666666666666
spatiotemporal,V2.4 Spatio-Temporal,+5d,0.095,0.6457739791073125,0.48467569493941554,0.9672830725462305,0.5855555555555556,0.7794444444444445
spatiotemporal,V2.4 Spatio-Temporal,+5d,0.09999999999999999,0.6481835564053537,0.48812095032397407,0.9644381223328592,0.5911111111111111,0.7716666666666666
spatiotemporal,V2.4 Spatio-Temporal,+5d,0.105,0.6512968299711817,0.4916606236403191,0.9644381223328592,0.5966666666666667,0.7661111111111111
spatiotemporal,V2.4 Spatio-Temporal,+5d,0.10999999999999999,0.6528247223563496,0.49415204678362573,0.9615931721194879,0.6005555555555555,0.76
spatiotemporal,V2.4 Spatio-Temporal,+5d,0.11499999999999999,0.6534173533688803,0.49558823529411766,0.9587482219061166,0.6027777777777777,0.7555555555555555
spatiotemporal,V2.4 Spatio-Temporal,+5d,0.12,0.6552901023890785,0.49851632047477745,0.9559032716927454,0.6072222222222222,0.7488888888888889
spatiotemporal,V2.4 Spatio-Temporal,+5d,0.12499999999999999,0.6585007349338559,0.5022421524663677,0.9559032716927454,0.6127777777777778,0.7433333333333333
spatiotemporal,V2.4 Spatio-Temporal,+5d,0.13,0.6610837438423646,0.5056518462697814,0.9544807965860598,0.6177777777777778,0.7372222222222222
spatiotemporal,V2.4 Spatio-Temporal,+5d,0.135,0.6636948984645865,0.5091185410334347,0.9530583214793741,0.6227777777777778,0.7311111111111112
spatiotemporal,V2.4 Spatio-Temporal,+5d,0.13999999999999999,0.6656716417910449,0.5118592195868401,0.9516358463726885,0.6266666666666667,0.7261111111111112
spatiotemporal,V2.4 Spatio-Temporal,+5d,0.145,0.6639879457559016,0.5131987577639752,0.9402560455192034,0.6283333333333333,0.7155555555555555
spatiotemporal,V2.4 Spatio-Temporal,+5d,0.14999999999999997,0.6656550328780981,0.5164835164835165,0.9359886201991465,0.6327777777777778,0.7077777777777777
spatiotemporal,V2.4 Spatio-Temporal,+5d,0.15499999999999997,0.6666666666666667,0.5190174326465927,0.9317211948790897,0.6361111111111111,0.7011111111111111
spatiotemporal,V2.4 Spatio-Temporal,+5d,0.15999999999999998,0.6697435897435897,0.5236567762630313,0.9288762446657184,0.6422222222222222,0.6927777777777778
spatiotemporal,V2.4 Spatio-Temporal,+5d,0.16499999999999998,0.6721734641197729,0.5275526742301458,0.9260312944523471,0.6472222222222223,0.6855555555555556
spatiotemporal,V2.4 Spatio-Temporal,+5d,0.16999999999999998,0.6756616502335236,0.5318627450980392,0.9260312944523471,0.6527777777777778,0.68
spatiotemporal,V2.4 Spatio-Temporal,+5d,0.175,0.6778242677824267,0.5359801488833746,0.9217638691322901,0.6577777777777778,0.6716666666666666
spatiotemporal,V2.4 Spatio-Temporal,+5d,0.18,0.6785902156759599,0.5383973288814691,0.9174964438122333,0.6605555555555556,0.6655555555555556
spatiotemporal,V2.4 Spatio-Temporal,+5d,0.185,0.681121099947118,0.5420875420875421,0.9160739687055477,0.665,0.66
spatiotemporal,V2.4 Spatio-Temporal,+5d,0.19,0.6840425531914893,0.546304163126593,0.914651493598862,0.67,0.6538888888888889
spatiotemporal,V2.4 Spatio-Temporal,+5d,0.195,0.6855312333155366,0.5487179487179488,0.9132290184921764,0.6727777777777778,0.65
spatiotemporal,V2.4 Spatio-Temporal,+5d,0.19999999999999996,0.6877682403433477,0.5521102497846684,0.9118065433854907,0.6766666666666666,0.645
spatiotemporal,V2.4 Spatio-Temporal,+5d,0.20499999999999996,0.6886130599028603,0.5547826086956522,0.9075391180654339,0.6794444444444444,0.6388888888888888
spatiotemporal,V2.4 Spatio-Temporal,+5d,0.20999999999999996,0.6887201735357917,0.5565293602103418,0.903271692745377,0.6811111111111111,0.6338888888888888
spatiotemporal,V2.4 Spatio-Temporal,+5d,0.21499999999999997,0.6921397379912664,0.5615589016829052,0.9018492176386913,0.6866666666666666,0.6272222222222222
spatiotemporal,V2.4 Spatio-Temporal,+5d,0.21999999999999997,0.6926027397260273,0.5632798573975044,0.89900426742532,0.6883333333333334,0.6233333333333333
spatiotemporal,V2.4 Spatio-Temporal,+5d,0.22499999999999998,0.6960838389409818,0.5684684684684684,0.8975817923186344,0.6938888888888889,0.6166666666666667
spatiotemporal,V2.4 Spatio-Temporal,+5d,0.22999999999999998,0.6966167498613423,0.5709090909090909,0.8933143669985776,0.6961111111111111,0.6111111111111112
spatiotemporal,V2.4 Spatio-Temporal,+5d,0.235,0.6967167501391208,0.5722120658135283,0.8904694167852063,0.6972222222222222,0.6077777777777778
spatiotemporal,V2.4 Spatio-Temporal,+5d,0.24,0.6991051454138703,0.576036866359447,0.8890469416785206,0.7011111111111111,0.6027777777777777
spatiotemporal,V2.4 Spatio-Temporal,+5d,0.245,0.6988222097588335,0.5768518518518518,0.8862019914651493,0.7016666666666667,0.6
spatiotemporal,V2.4 Spatio-Temporal,+5d,0.24999999999999994,0.7020316027088036,0.5818521983161834,0.8847795163584637,0.7066666666666667,0.5938888888888889
spatiotemporal,V2.4 Spatio-Temporal,+5d,0.25499999999999995,0.7045454545454545,0.586565752128666,0.8819345661450925,0.7111111111111111,0.5872222222222222
spatiotemporal,V2.4 Spatio-Temporal,+5d,0.25999999999999995,0.7058823529411764,0.5896946564885496,0.8790896159317212,0.7138888888888889,0.5822222222222222
spatiotemporal,V2.4 Spatio-Temporal,+5d,0.26499999999999996,0.7050691244239632,0.5924491771539206,0.8705547652916074,0.7155555555555555,0.5738888888888889
spatiotemporal,V2.4 Spatio-Temporal,+5d,0.26999999999999996,0.7084785133565622,0.5986261040235525,0.8677098150782361,0.7211111111111111,0.5661111111111111
spatiotemporal,V2.4 Spatio-Temporal,+5d,0.27499999999999997,0.7097902097902098,0.6011846001974334,0.8662873399715505,0.7233333333333334,0.5627777777777778
spatiotemporal,V2.4 Spatio-Temporal,+5d,0.27999999999999997,0.7105108631826189,0.605,0.8605974395448079,0.7261111111111112,0.5555555555555556
spatiotemporal,V2.4 Spatio-Temporal,+5d,0.285,0.7111636148848198,0.6080808080808081,0.8563300142247511,0.7283333333333334,0.55
spatiotemporal,V2.4 Spatio-Temporal,+5d,0.29,0.7147971360381862,0.6156217882836588,0.8520625889046942,0.7344444444444445,0.5405555555555556
spatiotemporal,V2.4 Spatio-Temporal,+5d,0.295,0.7171171171171172,0.6205821205821206,0.8492176386913229,0.7383333333333333,0.5344444444444445
spatiotemporal,V2.4 Spatio-Temporal,+5d,0.3,0.7202416918429003,0.6260504201680672,0.8477951635846372,0.7427777777777778,0.5288888888888889
spatiotemporal,V2.4 Spatio-Temporal,+5d,0.30499999999999994,0.721311475409836,0.6292372881355932,0.844950213371266,0.745,0.5244444444444445
spatiotemporal,V2.4 Spatio-Temporal,+5d,0.30999999999999994,0.724053724053724,0.6342245989304813,0.8435277382645804,0.7488888888888889,0.5194444444444445
spatiotemporal,V2.4 Spatio-Temporal,+5d,0.31499999999999995,0.7248157248157249,0.6378378378378379,0.8392603129445235,0.7511111111111111,0.5138888888888888
spatiotemporal,V2.4 Spatio-Temporal,+5d,0.31999999999999995,0.7267119062307218,0.6416122004357299,0.8378378378378378,0.7538888888888889,0.51
spatiotemporal,V2.4 Spatio-Temporal,+5d,0.32499999999999996,0.7250155183116077,0.6431718061674009,0.8307254623044097,0.7538888888888889,0.5044444444444445
spatiotemporal,V2.4 Spatio-Temporal,+5d,0.32999999999999996,0.7259073842302878,0.6480446927374302,0.8250355618776671,0.7566666666666667,0.49722222222222223
spatiotemporal,V2.4 Spatio-Temporal,+5d,0.33499999999999996,0.7273869346733668,0.6512935883014623,0.8236130867709816,0.7588888888888888,0.4938888888888889
spatiotemporal,V2.4 Spatio-Temporal,+5d,0.33999999999999997,0.7301387137452711,0.6557191392978482,0.8236130867709816,0.7622222222222222,0.4905555555555556
spatiotemporal,V2.4 Spatio-Temporal,+5d,0.3449999999999999,0.7308423052564914,0.658675799086758,0.8207681365576103,0.7638888888888888,0.4866666666666667
spatiotemporal,V2.4 Spatio-Temporal,+5d,0.3499999999999999,0.7344849648112606,0.6674418604651163,0.8165007112375533,0.7694444444444445,0.4777777777777778
spatiotemporal,V2.4 Spatio-Temporal,+5d,0.3549999999999999,0.7365038560411311,0.671746776084408,0.8150782361308677,0.7722222222222223,0.4738888888888889
spatiotemporal,V2.4 Spatio-Temporal,+5d,0.35999999999999993,0.7390180878552972,0.676923076923077,0.813655761024182,0.7755555555555556,0.46944444444444444
spatiotemporal,V2.4 Spatio-Temporal,+5d,0.36499999999999994,0.7410772225827384,0.6813842482100239,0.8122332859174964,0.7783333333333333,0.46555555555555556
spatiotemporal,V2.4 Spatio-Temporal,+5d,0.36999999999999994,0.7384213959556426,0.6819277108433734,0.8051209103840683,0.7772222222222223,0.46111111111111114
spatiotemporal,V2.4 Spatio-Temporal,+5d,0.37499999999999994,0.7393302692055155,0.6865853658536586,0.8008534850640113,0.7794444444444445,0.45555555555555555
spatiotemporal,V2.4 Spatio-Temporal,+5d,0.37999999999999995,0.7424042272126816,0.6929716399506781,0.7994310099573257,0.7833333333333333,0.45055555555555554
spatiotemporal,V2.4 Spatio-Temporal,+5d,0.38499999999999995,0.7428571428571429,0.6970074812967582,0.7951635846372689,0.785,0.44555555555555554
spatiotemporal,V2.4 Spatio-Temporal,+5d,0.38999999999999996,0.7411371237458194,0.6994949494949495,0.7880512091038406,0.785,0.44
spatiotemporal,V2.4 Spatio-Temporal,+5d,0.39499999999999996,0.7405913978494623,0.7019108280254777,0.7837837837837838,0.7855555555555556,0.4361111111111111
spatiotemporal,V2.4 Spatio-Temporal,+5d,0.3999999999999999,0.7400405131667791,0.7043701799485861,0.7795163584637269,0.7861111111111111,0.43222222222222223
spatiotemporal,V2.4 Spatio-Temporal,+5d,0.4049999999999999,0.7423521414004078,0.7109375,0.7766714082503556,0.7894444444444444,0.4266666666666667
spatiotemporal,V2.4 Spatio-Temporal,+5d,0.4099999999999999,0.7436773752563226,0.7157894736842105,0.7738264580369844,0.7916666666666666,0.4222222222222222
spatiotemporal,V2.4 Spatio-Temporal,+5d,0.4149999999999999,0.7462277091906722,0.7205298013245033,0.7738264580369844,0.7944444444444444,0.41944444444444445
spatiotemporal,V2.4 Spatio-Temporal,+5d,0.41999999999999993,0.7469050894085283,0.7230359520639148,0.7724039829302988,0.7955555555555556,0.4172222222222222
spatiotemporal,V2.4 Spatio-Temporal,+5d,0.42499999999999993,0.7496542185338866,0.7294751009421265,0.7709815078236131,0.7988888888888889,0.4127777777777778
spatiotemporal,V2.4 Spatio-Temporal,+5d,0.42999999999999994,0.751219512195122,0.7363387978142076,0.7667140825035562,0.8016666666666666,0.4066666666666667
spatiotemporal,V2.4 Spatio-Temporal,+5d,0.43499999999999994,0.7510489510489511,0.7386519944979367,0.7638691322901849,0.8022222222222222,0.4038888888888889
spatiotemporal,V2.4 Spatio-Temporal,+5d,0.43999999999999995,0.747887323943662,0.7405857740585774,0.7553342816500711,0.8011111111111111,0.3983333333333333
spatiotemporal,V2.4 Spatio-Temporal,+5d,0.44499999999999995,0.7505300353356892,0.7457865168539326,0.7553342816500711,0.8038888888888889,0.39555555555555555
spatiotemporal,V2.4 Spatio-Temporal,+5d,0.4499999999999999,0.7492877492877493,0.7503566333808844,0.748221906116643,0.8044444444444444,0.3894444444444444
spatiotemporal,V2.4 Spatio-Temporal,+5d,0.4549999999999999,0.7478386167146974,0.7576642335766424,0.7382645803698435,0.8055555555555556,0.38055555555555554
spatiotemporal,V2.4 Spatio-Temporal,+5d,0.4599999999999999,0.7452966714905933,0.7584683357879234,0.732574679943101,0.8044444444444444,0.37722222222222224
spatiotemporal,V2.4 Spatio-Temporal,+5d,0.4649999999999999,0.7419825072886297,0.7608370702541106,0.7240398293029872,0.8033333333333333,0.37166666666666665
spatiotemporal,V2.4 Spatio-Temporal,+5d,0.4699999999999999,0.7403072421360644,0.7620481927710844,0.7197724039829303,0.8027777777777778,0.3688888888888889
spatiotemporal,V2.4 Spatio-Temporal,+5d,0.4749999999999999,0.739867354458364,0.7675840978593272,0.7140825035561877,0.8038888888888889,0.36333333333333334
spatiotemporal,V2.4 Spatio-Temporal,+5d,0.4799999999999999,0.7359050445103857,0.7689922480620155,0.705547652916074,0.8022222222222222,0.35833333333333334
spatiotemporal,V2.4 Spatio-Temporal,+5d,0.48499999999999993,0.7340823970037453,0.7753164556962026,0.6970128022759602,0.8027777777777778,0.3511111111111111
spatiotemporal,V2.4 Spatio-Temporal,+5d,0.48999999999999994,0.7330316742081447,0.7800963081861958,0.6913229018492176,0.8033333333333333,0.3461111111111111
spatiotemporal,V2.4 Spatio-Temporal,+5d,0.49499999999999994,0.7278241091736163,0.7792207792207793,0.6827880512091038,0.8005555555555556,0.3422222222222222
spatiotemporal,V2.4 Spatio-Temporal,+5d,0.49999999999999994,0.726027397260274,0.7806873977086743,0.6785206258890469,0.8,0.33944444444444444
spatiotemporal,V2.4 Spatio-Temporal,+5d,0.5049999999999999,0.7233716475095787,0.7840531561461794,0.6714082503556188,0.7994444444444444,0.33444444444444443
spatiotemporal,V2.4 Spatio-Temporal,+5d,0.5099999999999999,0.7272727272727272,0.7932773109243697,0.6714082503556188,0.8033333333333333,0.33055555555555555
spatiotemporal,V2.4 Spatio-Temporal,+5d,0.5149999999999999,0.7283950617283951,0.7959527824620574,0.6714082503556188,0.8044444444444444,0.32944444444444443
spatiotemporal,V2.4 Spatio-Temporal,+5d,0.5199999999999999,0.7267080745341614,0.8,0.6657183499288762,0.8044444444444444,0.325
spatiotemporal,V2.4 Spatio-Temporal,+5d,0.5249999999999999,0.7198748043818465,0.8,0.6543385490753911,0.8011111111111111,0.3194444444444444
spatiotemporal,V2.4 Spatio-Temporal,+5d,0.5299999999999999,0.7166535122336228,0.8049645390070922,0.6458036984352774,0.8005555555555556,0.31333333333333335
spatiotemporal,V2.4 Spatio-Temporal,+5d,0.5349999999999999,0.713375796178344,0.810126582278481,0.6372688477951636,0.8,0.30722222222222223
spatiotemporal,V2.4 Spatio-Temporal,+5d,0.5399999999999999,0.7129186602870813,0.8112522686025408,0.635846372688478,0.8,0.3061111111111111
spatiotemporal,V2.4 Spatio-Temporal,+5d,0.5449999999999999,0.7093674939951962,0.8113553113553114,0.6301564722617354,0.7983333333333333,0.30333333333333334
spatiotemporal,V2.4 Spatio-Temporal,+5d,0.5499999999999999,0.703225806451613,0.8119180633147114,0.620199146514936,0.7955555555555556,0.29833333333333334
spatiotemporal,V2.4 Spatio-Temporal,+5d,0.5549999999999999,0.7028340080971661,0.8157894736842105,0.6173541963015647,0.7961111111111111,0.29555555555555557
spatiotemporal,V2.4 Spatio-Temporal,+5d,0.5599999999999999,0.6997558991049634,0.8174904942965779,0.6116642958748222,0.795,0.2922222222222222
spatiotemporal,V2.4 Spatio-Temporal,+5d,0.565,0.6955102040816327,0.8160919540229885,0.6059743954480796,0.7927777777777778,0.29
spatiotemporal,V2.4 Spatio-Temporal,+5d,0.57,0.6935086277732128,0.8210116731517509,0.6002844950213371,0.7927777777777778,0.28555555555555556
spatiotemporal,V2.4 Spatio-Temporal,+5d,0.575,0.6887417218543045,0.8237623762376237,0.5917496443812233,0.7911111111111111,0.28055555555555556
spatiotemporal,V2.4 Spatio-Temporal,+5d,0.58,0.6883333333333334,0.8309859154929577,0.5874822190611664,0.7922222222222223,0.2761111111111111
spatiotemporal,V2.4 Spatio-Temporal,+5d,0.585,0.6845637583892618,0.8343558282208589,0.5803698435277382,0.7911111111111111,0.27166666666666667
spatiotemporal,V2.4 Spatio-Temporal,+5d,0.59,0.679628064243449,0.8375,0.5718349928876245,0.7894444444444444,0.26666666666666666
spatiotemporal,V2.4 Spatio-Temporal,+5d,0.595,0.6695059625212948,0.8343949044585988,0.5590327169274538,0.7844444444444445,0.26166666666666666
spatiotemporal,V2.4 Spatio-Temporal,+5d,0.6,0.6655231560891939,0.838012958963283,0.5519203413940256,0.7833333333333333,0.25722222222222224
spatiotemporal,V2.4 Spatio-Temporal,+5d,0.605,0.6591695501730103,0.8410596026490066,0.5419630156472262,0.7811111111111111,0.25166666666666665
spatiotemporal,V2.4 Spatio-Temporal,+5d,0.61,0.6533101045296166,0.8426966292134831,0.5334281650071123,0.7788888888888889,0.24722222222222223
spatiotemporal,V2.4 Spatio-Temporal,+5d,0.615,0.647985989492119,0.8428246013667426,0.5263157894736842,0.7766666666666666,0.24388888888888888
spatiotemporal,V2.4 Spatio-Temporal,+5d,0.62,0.644307149161518,0.8488372093023255,0.519203413940256,0.7761111111111111,0.2388888888888889
spatiotemporal,V2.4 Spatio-Temporal,+5d,0.625,0.6417777777777777,0.8554502369668247,0.5135135135135135,0.7761111111111111,0.23444444444444446
spatiotemporal,V2.4 Spatio-Temporal,+5d,0.63,0.6380697050938337,0.8581730769230769,0.5078236130867709,0.775,0.2311111111111111
spatiotemporal,V2.4 Spatio-Temporal,+5d,0.635,0.6342342342342343,0.8648648648648649,0.5007112375533428,0.7744444444444445,0.22611111111111112
spatiotemporal,V2.4 Spatio-Temporal,+5d,0.6399999999999999,0.6316742081447964,0.8681592039800995,0.49644381223328593,0.7738888888888888,0.22333333333333333
spatiotemporal,V2.4 Spatio-Temporal,+5d,0.6449999999999999,0.6253418413855971,0.8705583756345178,0.4879089615931721,0.7716666666666666,0.21888888888888888
spatiotemporal,V2.4 Spatio-Temporal,+5d,0.6499999999999999,0.6182152713891443,0.875,0.4779516358463727,0.7694444444444445,0.21333333333333335
spatiotemporal,V2.4 Spatio-Temporal,+5d,0.6549999999999999,0.6129629629629629,0.8779840848806366,0.47083926031294454,0.7677777777777778,0.20944444444444443
spatiotemporal,V2.4 Spatio-Temporal,+5d,0.6599999999999999,0.6050420168067226,0.8804347826086957,0.46088193456614507,0.765,0.20444444444444446
spatiotemporal,V2.4 Spatio-Temporal,+5d,0.6649999999999999,0.5994344957587181,0.888268156424581,0.4523470839260313,0.7638888888888888,0.1988888888888889
spatiotemporal,V2.4 Spatio-Temporal,+5d,0.6699999999999999,0.5986779981114259,0.8904494382022472,0.45092460881934565,0.7638888888888888,0.19777777777777777
spatiotemporal,V2.4 Spatio-Temporal,+5d,0.6749999999999999,0.5946969696969697,0.8895184135977338,0.4466571834992888,0.7622222222222222,0.19611111111111112
spatiotemporal,V2.4 Spatio-Temporal,+5d,0.6799999999999999,0.5925925925925926,0.8914285714285715,0.4438122332859175,0.7616666666666667,0.19444444444444445
spatiotemporal,V2.4 Spatio-Temporal,+5d,0.6849999999999999,0.5883476599808978,0.8953488372093024,0.43812233285917496,0.7605555555555555,0.19111111111111112
spatiotemporal,V2.4 Spatio-Temporal,+5d,0.69,0.5785920925747348,0.8982035928143712,0.4267425320056899,0.7572222222222222,0.18555555555555556
spatiotemporal,V2.4 Spatio-Temporal,+5d,0.695,0.5689320388349515,0.8960244648318043,0.4167852062588905,0.7533333333333333,0.18166666666666667
spatiotemporal,V2.4 Spatio-Temporal,+5d,0.7,0.5680933852140078,0.8984615384615384,0.41536273115220484,0.7533333333333333,0.18055555555555555
spatiotemporal,V2.4 Spatio-Temporal,+5d,0.705,0.5602350636630754,0.89937106918239,0.406827880512091,0.7505555555555555,0.17666666666666667
spatiotemporal,V2.4 Spatio-Temporal,+5d,0.71,0.5502958579881656,0.8971061093247589,0.3968705547652916,0.7466666666666667,0.17277777777777778
spatiotemporal,V2.4 Spatio-Temporal,+5d,0.715,0.5427435387673957,0.900990099009901,0.3883357041251778,0.7444444444444445,0.16833333333333333
spatiotemporal,V2.4 Spatio-Temporal,+5d,0.72,0.5306532663316583,0.9041095890410958,0.3755334281650071,0.7405555555555555,0.1622222222222222
spatiotemporal,V2.4 Spatio-Temporal,+5d,0.725,0.5227963525835866,0.9084507042253521,0.3669985775248933,0.7383333333333333,0.15777777777777777
spatiotemporal,V2.4 Spatio-Temporal,+5d,0.73,0.5193482688391039,0.9139784946236559,0.3627311522048364,0.7377777777777778,0.155
spatiotemporal,V2.4 Spatio-Temporal,+5d,0.735,0.5132924335378323,0.9127272727272727,0.35704125177809387,0.7355555555555555,0.1527777777777778
spatiotemporal,V2.4 Spatio-Temporal,+5d,0.74,0.5056526207605344,0.9111111111111111,0.34992887624466573,0.7327777777777778,0.15
spatiotemporal,V2.4 Spatio-Temporal,+5d,0.7449999999999999,0.5046343975283213,0.914179104477612,0.3485064011379801,0.7327777777777778,0.14888888888888888
spatiotemporal,V2.4 Spatio-Temporal,+5d,0.7499999999999999,0.49428868120456904,0.9153846153846154,0.3385490753911807,0.7294444444444445,0.14444444444444443
spatiotemporal,V2.4 Spatio-Temporal,+5d,0.7549999999999999,0.49060542797494777,0.9215686274509803,0.33428165007112376,0.7288888888888889,0.14166666666666666
spatiotemporal,V2.4 Spatio-Temporal,+5d,0.7599999999999999,0.48,0.9230769230769231,0.32432432432432434,0.7255555555555555,0.13722222222222222
spatiotemporal,V2.4 Spatio-Temporal,+5d,0.7649999999999999,0.47133757961783435,0.9288702928870293,0.3157894736842105,0.7233333333333334,0.13277777777777777
spatiotemporal,V2.4 Spatio-Temporal,+5d,0.7699999999999999,0.466950959488273,0.9319148936170213,0.31152204836415365,0.7222222222222222,0.13055555555555556
spatiotemporal,V2.4 Spatio-Temporal,+5d,0.7749999999999999,0.4554242749731472,0.9298245614035088,0.3015647226173542,0.7183333333333334,0.12666666666666668
spatiotemporal,V2.4 Spatio-Temporal,+5d,0.7799999999999999,0.44875943905070115,0.9285714285714286,0.2958748221906117,0.7161111111111111,0.12444444444444444
spatiotemporal,V2.4 Spatio-Temporal,+5d,0.7849999999999999,0.43525571273122965,0.9259259259259259,0.2844950213371266,0.7116666666666667,0.12
spatiotemporal,V2.4 Spatio-Temporal,+5d,0.7899999999999999,0.4211686879823594,0.9362745098039216,0.2716927453769559,0.7083333333333334,0.11333333333333333
spatiotemporal,V2.4 Spatio-Temporal,+5d,0.7949999999999999,0.4141749723145072,0.935,0.26600284495021337,0.7061111111111111,0.1111111111111111
spatiotemporal,V2.4 Spatio-Temporal,+5d,0.7999999999999999,0.4022346368715084,0.9375,0.25604551920341395,0.7027777777777777,0.10666666666666667
spatiotemporal,V2.4 Spatio-Temporal,+5d,0.8049999999999999,0.38826185101580135,0.9398907103825137,0.24466571834992887,0.6988888888888889,0.10166666666666667
spatiotemporal,V2.4 Spatio-Temporal,+5d,0.8099999999999999,0.3827859569648924,0.9388888888888889,0.24039829302987198,0.6972222222222222,0.1
spatiotemporal,V2.4 Spatio-Temporal,+5d,0.815,0.37585421412300685,0.9428571428571428,0.23470839260312945,0.6955555555555556,0.09722222222222222
spatiotemporal,V2.4 Spatio-Temporal,+5d,0.82,0.3665521191294387,0.9411764705882353,0.22759601706970128,0.6927777777777778,0.09444444444444444
spatiotemporal,V2.4 Spatio-Temporal,+5d,0.825,0.3556581986143187,0.9447852760736196,0.21906116642958748,0.69,0.09055555555555556
spatiotemporal,V2.4 Spatio-Temporal,+5d,0.83,0.3422584400465658,0.9423076923076923,0.20910384068278806,0.6861111111111111,0.08666666666666667
spatiotemporal,V2.4 Spatio-Temporal,+5d,0.835,0.3352872215709261,0.9533333333333334,0.2034139402560455,0.685,0.08333333333333333
spatiotemporal,V2.4 Spatio-Temporal,+5d,0.84,0.31791221826809013,0.9571428571428572,0.1906116642958748,0.6805555555555556,0.07777777777777778
spatiotemporal,V2.4 Spatio-Temporal,+5d,0.845,0.3126491646778043,0.9703703703703703,0.18634423897581792,0.68,0.075
spatiotemporal,V2.4 Spatio-Temporal,+5d,0.8499999999999999,0.3086124401913875,0.9699248120300752,0.18349928876244664,0.6788888888888889,0.07388888888888889
spatiotemporal,V2.4 Spatio-Temporal,+5d,0.8549999999999999,0.2860606060606061,0.9672131147540983,0.1678520625889047,0.6727777777777778,0.06777777777777778
spatiotemporal,V2.4 Spatio-Temporal,+5d,0.8599999999999999,0.2717258261933905,0.9736842105263158,0.15789473684210525,0.6694444444444444,0.06333333333333334
spatiotemporal,V2.4 Spatio-Temporal,+5d,0.8649999999999999,0.25679012345679014,0.9719626168224299,0.14793741109530584,0.6655555555555556,0.059444444444444446
spatiotemporal,V2.4 Spatio-Temporal,+5d,0.8699999999999999,0.2415940224159402,0.97,0.1379800853485064,0.6616666666666666,0.05555555555555555
spatiotemporal,V2.4 Spatio-Temporal,+5d,0.8749999999999999,0.2305764411027569,0.968421052631579,0.13086770981507823,0.6588888888888889,0.05277777777777778
spatiotemporal,V2.4 Spatio-Temporal,+5d,0.8799999999999999,0.21717171717171715,0.9662921348314607,0.12233285917496443,0.6555555555555556,0.049444444444444444
spatiotemporal,V2.4 Spatio-Temporal,+5d,0.8849999999999999,0.21065989847715738,0.9764705882352941,0.11806543385490754,0.6544444444444445,0.04722222222222222
spatiotemporal,V2.4 Spatio-Temporal,+5d,0.8899999999999999,0.2038216560509554,0.975609756097561,0.11379800853485064,0.6527777777777778,0.04555555555555556
spatiotemporal,V2.4 Spatio-Temporal,+5d,0.8949999999999999,0.19023136246786632,0.9866666666666667,0.10526315789473684,0.65,0.041666666666666664
spatiotemporal,V2.4 Spatio-Temporal,+5d,0.8999999999999999,0.17852522639068566,0.9857142857142858,0.09815078236130868,0.6472222222222223,0.03888888888888889
spatiotemporal,V2.4 Spatio-Temporal,+5d,0.9049999999999999,0.16905071521456436,0.9848484848484849,0.09246088193456614,0.645,0.03666666666666667
spatiotemporal,V2.4 Spatio-Temporal,+5d,0.9099999999999999,0.16187989556135773,0.9841269841269841,0.08819345661450925,0.6433333333333333,0.035
spatiotemporal,V2.4 Spatio-Temporal,+5d,0.9149999999999999,0.1473684210526316,0.9824561403508771,0.07965860597439545,0.64,0.03166666666666667
spatiotemporal,V2.4 Spatio-Temporal,+5d,0.9199999999999999,0.14248021108179418,0.9818181818181818,0.07681365576102418,0.6388888888888888,0.030555555555555555
spatiotemporal,V2.4 Spatio-Temporal,+5d,0.9249999999999999,0.13756613756613756,0.9811320754716981,0.07396870554765292,0.6377777777777778,0.029444444444444443
spatiotemporal,V2.4 Spatio-Temporal,+5d,0.9299999999999999,0.12266666666666665,0.9787234042553191,0.06543385490753911,0.6344444444444445,0.026111111111111113
spatiotemporal,V2.4 Spatio-Temporal,+5d,0.9349999999999999,0.11764705882352941,0.9777777777777777,0.06258890469416785,0.6333333333333333,0.025
spatiotemporal,V2.4 Spatio-Temporal,+5d,0.94,0.1126005361930295,0.9767441860465116,0.059743954480796585,0.6322222222222222,0.02388888888888889
spatiotemporal,V2.4 Spatio-Temporal,+5d,0.945,0.10256410256410257,1.0,0.05405405405405406,0.6305555555555555,0.021111111111111112
spatiotemporal,V2.4 Spatio-Temporal,+5d,0.95,0.09485094850948508,1.0,0.049786628733997154,0.6288888888888889,0.019444444444444445
spatiotemporal,V2.4 Spatio-Temporal,+7d,0.05,0.5948352626892253,0.42493638676844786,0.9910979228486647,0.49444444444444446,0.8733333333333333
spatiotemporal,V2.4 Spatio-Temporal,+7d,0.055,0.5993719156572453,0.42958199356913185,0.9910979228486647,0.5038888888888889,0.8638888888888889
spatiotemporal,V2.4 Spatio-Temporal,+7d,0.06,0.6039783001808319,0.4343302990897269,0.9910979228486647,0.5133333333333333,0.8544444444444445
spatiotemporal,V2.4 Spatio-Temporal,+7d,0.065,0.6063636363636364,0.43709043250327656,0.9896142433234422,0.5188888888888888,0.8477777777777777
spatiotemporal,V2.4 Spatio-Temporal,+7d,0.07,0.6090534979423868,0.4401850627891606,0.9881305637982196,0.525,0.8405555555555555
spatiotemporal,V2.4 Spatio-Temporal,+7d,0.075,0.6112895823772373,0.4425249169435216,0.9881305637982196,0.5294444444444445,0.8361111111111111
spatiotemporal,V2.4 Spatio-Temporal,+7d,0.08,0.6142460684551341,0.44623655913978494,0.9851632047477745,0.5366666666666666,0.8266666666666667
spatiotemporal,V2.4 Spatio-Temporal,+7d,0.08499999999999999,0.61731843575419,0.4497964721845319,0.983679525222552,0.5433333333333333,0.8188888888888889
spatiotemporal,V2.4 Spatio-Temporal,+7d,0.09,0.6181139122315593,0.45095367847411444,0.9821958456973294,0.5455555555555556,0.8155555555555556
spatiotemporal,V2.4 Spatio-Temporal,+7d,0.095,0.6214689265536724,0.45517241379310347,0.9792284866468842,0.5533333333333333,0.8055555555555556
spatiotemporal,V2.4 Spatio-Temporal,+7d,0.09999999999999999,0.6239924134660976,0.4585365853658537,0.9762611275964391,0.5594444444444444,0.7972222222222223
spatiotemporal,V2.4 Spatio-Temporal,+7d,0.105,0.6252390057361377,0.461212976022567,0.9703264094955489,0.5644444444444444,0.7877777777777778
spatiotemporal,V2.4 Spatio-Temporal,+7d,0.10999999999999999,0.629451395572666,0.4658119658119658,0.9703264094955489,0.5722222222222222,0.78
spatiotemporal,V2.4 Spatio-Temporal,+7d,0.11499999999999999,0.6330586524478914,0.4701223902087833,0.9688427299703264,0.5794444444444444,0.7716666666666666
spatiotemporal,V2.4 Spatio-Temporal,+7d,0.12,0.6344558321132259,0.4727272727272727,0.9643916913946587,0.5838888888888889,0.7638888888888888
spatiotemporal,V2.4 Spatio-Temporal,+7d,0.12499999999999999,0.6368110236220473,0.47643593519882177,0.9599406528189911,0.59,0.7544444444444445
spatiotemporal,V2.4 Spatio-Temporal,+7d,0.13,0.6399207528479446,0.48029739776951674,0.9584569732937686,0.5961111111111111,0.7472222222222222
spatiotemporal,V2.4 Spatio-Temporal,+7d,0.135,0.6411149825783972,0.48239700374531835,0.9554896142433235,0.5994444444444444,0.7416666666666667
spatiotemporal,V2.4 Spatio-Temporal,+7d,0.13999999999999999,0.6422845691382765,0.4848714069591528,0.9510385756676558,0.6033333333333334,0.7344444444444445
spatiotemporal,V2.4 Spatio-Temporal,+7d,0.145,0.6408060453400504,0.4851258581235698,0.9436201780415431,0.6038888888888889,0.7283333333333334
spatiotemporal,V2.4 Spatio-Temporal,+7d,0.14999999999999997,0.6423505572441742,0.4876923076923077,0.9406528189910979,0.6077777777777778,0.7222222222222222
spatiotemporal,V2.4 Spatio-Temporal,+7d,0.15499999999999997,0.6432926829268293,0.4891808346213292,0.9391691394658753,0.61,0.7188888888888889
spatiotemporal,V2.4 Spatio-Temporal,+7d,0.15999999999999998,0.6447975397232187,0.4925606891151135,0.9332344213649851,0.615,0.7094444444444444
spatiotemporal,V2.4 Spatio-Temporal,+7d,0.16499999999999998,0.6456611570247934,0.49524564183835185,0.9272997032640949,0.6188888888888889,0.7011111111111111
spatiotemporal,V2.4 Spatio-Temporal,+7d,0.16999999999999998,0.6472727272727272,0.4980015987210232,0.9243323442136498,0.6227777777777778,0.695
spatiotemporal,V2.4 Spatio-Temporal,+7d,0.175,0.6499477533960292,0.5016129032258064,0.9228486646884273,0.6277777777777778,0.6888888888888889
spatiotemporal,V2.4 Spatio-Temporal,+7d,0.18,0.6536842105263158,0.5065252854812398,0.9213649851632048,0.6344444444444445,0.6811111111111111
spatiotemporal,V2.4 Spatio-Temporal,+7d,0.185,0.6627534685165422,0.5175,0.9213649851632048,0.6488888888888888,0.6666666666666666
spatiotemporal,V2.4 Spatio-Temporal,+7d,0.19,0.6655948553054664,0.5209731543624161,0.9213649851632048,0.6533333333333333,0.6622222222222223
spatiotemporal,V2.4 Spatio-Temporal,+7d,0.195,0.6691932864103952,0.5268542199488491,0.9169139465875371,0.6605555555555556,0.6516666666666666
spatiotemporal,V2.4 Spatio-Temporal,+7d,0.19999999999999996,0.67430441898527,0.5332182916307161,0.9169139465875371,0.6683333333333333,0.6438888888888888
spatiotemporal,V2.4 Spatio-Temporal,+7d,0.20499999999999996,0.6757940854326397,0.5355902777777778,0.9154302670623146,0.6711111111111111,0.64
spatiotemporal,V2.4 Spatio-Temporal,+7d,0.20999999999999996,0.676974047487576,0.5391380826737028,0.9094955489614244,0.675,0.6316666666666667
spatiotemporal,V2.4 Spatio-Temporal,+7d,0.21499999999999997,0.6755407653910149,0.5394154118689105,0.9035608308605341,0.675,0.6272222222222222
spatiotemporal,V2.4 Spatio-Temporal,+7d,0.21999999999999997,0.6763070077864293,0.5409252669039146,0.9020771513353115,0.6766666666666666,0.6244444444444445
spatiotemporal,V2.4 Spatio-Temporal,+7d,0.22499999999999998,0.676716917922948,0.5425246195165622,0.8991097922848664,0.6783333333333333,0.6205555555555555
spatiotemporal,V2.4 Spatio-Temporal,+7d,0.22999999999999998,0.6760247052217855,0.5438121047877146,0.8931750741839762,0.6794444444444444,0.615
spatiotemporal,V2.4 Spatio-Temporal,+7d,0.235,0.6745628877608573,0.5441310282074613,0.887240356083086,0.6794444444444444,0.6105555555555555
spatiotemporal,V2.4 Spatio-Temporal,+7d,0.24,0.6764872521246459,0.5472043996333639,0.8857566765578635,0.6827777777777778,0.6061111111111112
spatiotemporal,V2.4 Spatio-Temporal,+7d,0.245,0.6795895096921322,0.5518518518518518,0.884272997032641,0.6877777777777778,0.6
spatiotemporal,V2.4 Spatio-Temporal,+7d,0.24999999999999994,0.6846639862148189,0.5585754451733833,0.884272997032641,0.695,0.5927777777777777
spatiotemporal,V2.4 Spatio-Temporal,+7d,0.25499999999999995,0.6859122401847575,0.5614366729678639,0.8813056379821959,0.6977777777777778,0.5877777777777777
spatiotemporal,V2.4 Spatio-Temporal,+7d,0.25999999999999995,0.6865148861646235,0.5659287776708374,0.8724035608308606,0.7016666666666667,0.5772222222222222
spatiotemporal,V2.4 Spatio-Temporal,+7d,0.26499999999999996,0.6874265569917745,0.5690661478599222,0.8679525222551929,0.7044444444444444,0.5711111111111111
spatiotemporal,V2.4 Spatio-Temporal,+7d,0.26999999999999996,0.6919431279620853,0.5759368836291914,0.8664688427299704,0.7111111111111111,0.5633333333333334
spatiotemporal,V2.4 Spatio-Temporal,+7d,0.27499999999999997,0.69281045751634,0.5777998017839445,0.8649851632047477,0.7127777777777777,0.5605555555555556
spatiotemporal,V2.4 Spatio-Temporal,+7d,0.27999999999999997,0.6929039952295766,0.5792622133599202,0.8620178041543026,0.7138888888888889,0.5572222222222222
spatiotemporal,V2.4 Spatio-Temporal,+7d,0.285,0.6970605878824234,0.5850956696878147,0.8620178041543026,0.7194444444444444,0.5516666666666666
spatiotemporal,V2.4 Spatio-Temporal,+7d,0.29,0.6980108499095841,0.5878172588832488,0.8590504451038575,0.7216666666666667,0.5472222222222223
spatiotemporal,V2.4 Spatio-Temporal,+7d,0.295,0.6973365617433415,0.588957055214724,0.8545994065281899,0.7222222222222222,0.5433333333333333
spatiotemporal,V2.4 Spatio-Temporal,+7d,0.3,0.7003039513677812,0.5932028836251287,0.8545994065281899,0.7261111111111112,0.5394444444444444
spatiotemporal,V2.4 Spatio-Temporal,+7d,0.30499999999999994,0.7012828344532681,0.5960539979231568,0.8516320474777448,0.7283333333333334,0.535
spatiotemporal,V2.4 Spatio-Temporal,+7d,0.30999999999999994,0.6997549019607843,0.5960334029227558,0.8471810089020771,0.7277777777777777,0.5322222222222223
spatiotemporal,V2.4 Spatio-Temporal,+7d,0.31499999999999995,0.7023370233702337,0.5997899159663865,0.8471810089020771,0.7311111111111112,0.5288888888888889
spatiotemporal,V2.4 Spatio-Temporal,+7d,0.31999999999999995,0.7021013597033374,0.6016949152542372,0.8427299703264095,0.7322222222222222,0.5244444444444445
spatiotemporal,V2.4 Spatio-Temporal,+7d,0.32499999999999996,0.7039106145251397,0.6051227321237994,0.841246290801187,0.735,0.5205555555555555
spatiotemporal,V2.4 Spatio-Temporal,+7d,0.32999999999999996,0.7061759201497192,0.6092572658772875,0.8397626112759644,0.7383333333333333,0.5161111111111111
spatiotemporal,V2.4 Spatio-Temporal,+7d,0.33499999999999996,0.7071339173967458,0.6114718614718615,0.8382789317507419,0.74,0.5133333333333333
spatiotemporal,V2.4 Spatio-Temporal,+7d,0.33999999999999997,0.7069182389937108,0.6135371179039302,0.8338278931750742,0.7411111111111112,0.5088888888888888
spatiotemporal,V2.4 Spatio-Temporal,+7d,0.3449999999999999,0.7068527918781725,0.6175166297117517,0.8264094955489614,0.7433333333333333,0.5011111111111111
spatiotemporal,V2.4 Spatio-Temporal,+7d,0.3499999999999999,0.7091836734693877,0.6219239373601789,0.8249258160237388,0.7466666666666667,0.49666666666666665
spatiotemporal,V2.4 Spatio-Temporal,+7d,0.3549999999999999,0.7081462475946119,0.6237288135593221,0.8189910979228486,0.7472222222222222,0.49166666666666664
spatiotemporal,V2.4 Spatio-Temporal,+7d,0.35999999999999993,0.7062621045836023,0.6251428571428571,0.8115727002967359,0.7472222222222222,0.4861111111111111
spatiotemporal,V2.4 Spatio-Temporal,+7d,0.36499999999999994,0.7072538860103627,0.6275862068965518,0.8100890207715133,0.7488888888888889,0.48333333333333334
spatiotemporal,V2.4 Spatio-Temporal,+7d,0.36999999999999994,0.7083333333333333,0.6310904872389791,0.8071216617210683,0.7511111111111111,0.47888888888888886
spatiotemporal,V2.4 Spatio-Temporal,+7d,0.37499999999999994,0.7098886705959397,0.6354044548651817,0.8041543026706232,0.7538888888888889,0.4738888888888889
spatiotemporal,V2.4 Spatio-Temporal,+7d,0.37999999999999995,0.7118421052631577,0.6394799054373522,0.8026706231454006,0.7566666666666667,0.47
spatiotemporal,V2.4 Spatio-Temporal,+7d,0.38499999999999995,0.7137203166226913,0.6425178147268409,0.8026706231454006,0.7588888888888888,0.4677777777777778
spatiotemporal,V2.4 Spatio-Temporal,+7d,0.38999999999999996,0.7144754316069056,0.6466346153846154,0.798219584569733,0.7611111111111111,0.4622222222222222
spatiotemporal,V2.4 Spatio-Temporal,+7d,0.39499999999999996,0.7156208277703605,0.6504854368932039,0.7952522255192879,0.7633333333333333,0.4577777777777778
spatiotemporal,V2.4 Spatio-Temporal,+7d,0.3999999999999999,0.7167785234899329,0.6544117647058824,0.7922848664688428,0.7655555555555555,0.4533333333333333
spatiotemporal,V2.4 Spatio-Temporal,+7d,0.4049999999999999,0.717948717948718,0.6584158415841584,0.7893175074183977,0.7677777777777778,0.4488888888888889
spatiotemporal,V2.4 Spatio-Temporal,+7d,0.4099999999999999,0.7185385656292286,0.6604477611940298,0.787833827893175,0.7688888888888888,0.44666666666666666
spatiotemporal,V2.4 Spatio-Temporal,+7d,0.4149999999999999,0.7205982324949014,0.6649937264742786,0.7863501483679525,0.7716666666666666,0.44277777777777777
spatiotemporal,V2.4 Spatio-Temporal,+7d,0.41999999999999993,0.7200547570157425,0.6683608640406608,0.7804154302670623,0.7727777777777778,0.43722222222222223
spatiotemporal,V2.4 Spatio-Temporal,+7d,0.42499999999999993,0.7212663454920853,0.6726572528883183,0.7774480712166172,0.775,0.43277777777777776
spatiotemporal,V2.4 Spatio-Temporal,+7d,0.42999999999999994,0.7214927436074637,0.6752910737386805,0.7744807121661721,0.7761111111111111,0.42944444444444446
spatiotemporal,V2.4 Spatio-Temporal,+7d,0.43499999999999994,0.722338204592902,0.6802096985583224,0.7700296735905044,0.7783333333333333,0.42388888888888887
spatiotemporal,V2.4 Spatio-Temporal,+7d,0.43999999999999995,0.7188811188811189,0.6798941798941799,0.7626112759643917,0.7766666666666666,0.42
spatiotemporal,V2.4 Spatio-Temporal,+7d,0.44499999999999995,0.7153900210822206,0.6795727636849133,0.755192878338279,0.775,0.4161111111111111
spatiotemporal,V2.4 Spatio-Temporal,+7d,0.4499999999999999,0.7133757961783439,0.6820027063599459,0.7477744807121661,0.775,0.41055555555555556
spatiotemporal,V2.4 Spatio-Temporal,+7d,0.4549999999999999,0.7140825035561877,0.6857923497267759,0.744807121661721,0.7766666666666666,0.4066666666666667
spatiotemporal,V2.4 Spatio-Temporal,+7d,0.4599999999999999,0.7176554681915654,0.6924137931034483,0.744807121661721,0.7805555555555556,0.4027777777777778
spatiotemporal,V2.4 Spatio-Temporal,+7d,0.4649999999999999,0.7146974063400576,0.6946778711484594,0.7359050445103857,0.78,0.39666666666666667
spatiotemporal,V2.4 Spatio-Temporal,+7d,0.4699999999999999,0.7098181818181818,0.6961483594864479,0.7240356083086054,0.7783333333333333,0.3894444444444444
spatiotemporal,V2.4 Spatio-Temporal,+7d,0.4749999999999999,0.7106227106227105,0.7018813314037626,0.7195845697329377,0.7805555555555556,0.3838888888888889
spatiotemporal,V2.4 Spatio-Temporal,+7d,0.4799999999999999,0.7119645494830134,0.7088235294117647,0.7151335311572701,0.7833333333333333,0.37777777777777777
spatiotemporal,V2.4 Spatio-Temporal,+7d,0.48499999999999993,0.7132243684992571,0.7142857142857143,0.712166172106825,0.7855555555555556,0.37333333333333335
spatiotemporal,V2.4 Spatio-Temporal,+7d,0.48999999999999994,0.7124719940253921,0.7172932330827068,0.7077151335311572,0.7861111111111111,0.36944444444444446
spatiotemporal,V2.4 Spatio-Temporal,+7d,0.49499999999999994,0.7151424287856072,0.7227272727272728,0.7077151335311572,0.7888888888888889,0.36666666666666664
spatiotemporal,V2.4 Spatio-Temporal,+7d,0.49999999999999994,0.7140695915279879,0.7283950617283951,0.7002967359050445,0.79,0.36
spatiotemporal,V2.4 Spatio-Temporal,+7d,0.5049999999999999,0.7107061503416857,0.7278382581648523,0.6943620178041543,0.7883333333333333,0.3572222222222222
spatiotemporal,V2.4 Spatio-Temporal,+7d,0.5099999999999999,0.7109077040427155,0.7315541601255887,0.6913946587537092,0.7894444444444444,0.35388888888888886
spatiotemporal,V2.4 Spatio-Temporal,+7d,0.5149999999999999,0.7085889570552146,0.7333333333333333,0.685459940652819,0.7888888888888889,0.35
spatiotemporal,V2.4 Spatio-Temporal,+7d,0.5199999999999999,0.7023255813953487,0.7353896103896104,0.672106824925816,0.7866666666666666,0.3422222222222222
spatiotemporal,V2.4 Spatio-Temporal,+7d,0.5249999999999999,0.7074509803921568,0.7504159733777038,0.6691394658753709,0.7927777777777778,0.3338888888888889
spatiotemporal,V2.4 Spatio-Temporal,+7d,0.5299999999999999,0.7044917257683215,0.7512605042016807,0.6632047477744807,0.7916666666666666,0.33055555555555555
spatiotemporal,V2.4 Spatio-Temporal,+7d,0.5349999999999999,0.6979332273449921,0.7517123287671232,0.6513353115727003,0.7888888888888889,0.3244444444444444
spatiotemporal,V2.4 Spatio-Temporal,+7d,0.5399999999999999,0.6902654867256637,0.7539543057996485,0.6364985163204748,0.7861111111111111,0.3161111111111111
spatiotemporal,V2.4 Spatio-Temporal,+7d,0.5449999999999999,0.6845093268450932,0.7549194991055456,0.6261127596439169,0.7838888888888889,0.31055555555555553
spatiotemporal,V2.4 Spatio-Temporal,+7d,0.5499999999999999,0.6835236541598695,0.7590579710144928,0.6216617210682492,0.7844444444444445,0.30666666666666664
spatiotemporal,V2.4 Spatio-Temporal,+7d,0.5549999999999999,0.6814086814086814,0.7605118829981719,0.6172106824925816,0.7838888888888889,0.3038888888888889
spatiotemporal,V2.4 Spatio-Temporal,+7d,0.5599999999999999,0.6793075020610058,0.764378478664193,0.6112759643916914,0.7838888888888889,0.29944444444444446
spatiotemporal,V2.4 Spatio-Temporal,+7d,0.565,0.6788079470198675,0.7677902621722846,0.6083086053412463,0.7844444444444445,0.2966666666666667
spatiotemporal,V2.4 Spatio-Temporal,+7d,0.57,0.6716791979949874,0.768642447418738,0.5964391691394659,0.7816666666666666,0.29055555555555557
spatiotemporal,V2.4 Spatio-Temporal,+7d,0.575,0.6694701429772919,0.7728155339805826,0.5905044510385756,0.7816666666666666,0.2861111111111111
spatiotemporal,V2.4 Spatio-Temporal,+7d,0.58,0.6672297297297298,0.7745098039215687,0.586053412462908,0.7811111111111111,0.2833333333333333
spatiotemporal,V2.4 Spatio-Temporal,+7d,0.585,0.6632653061224489,0.7768924302788844,0.5786350148367952,0.78,0.2788888888888889
spatiotemporal,V2.4 Spatio-Temporal,+7d,0.59,0.660958904109589,0.7813765182186235,0.5727002967359051,0.78,0.27444444444444444
spatiotemporal,V2.4 Spatio-Temporal,+7d,0.595,0.6522864538395169,0.7793814432989691,0.5608308605341247,0.7761111111111111,0.26944444444444443
spatiotemporal,V2.4 Spatio-Temporal,+7d,0.6,0.650477016478751,0.7828810020876826,0.5563798219584569,0.7761111111111111,0.26611111111111113
spatiotemporal,V2.4 Spatio-Temporal,+7d,0.605,0.6427320490367775,0.7841880341880342,0.5445103857566765,0.7733333333333333,0.26
spatiotemporal,V2.4 Spatio-Temporal,+7d,0.61,0.6402814423922604,0.7861771058315334,0.5400593471810089,0.7727777777777778,0.25722222222222224
spatiotemporal,V2.4 Spatio-Temporal,+7d,0.615,0.6348364279398763,0.7855579868708972,0.5326409495548962,0.7705555555555555,0.2538888888888889
spatiotemporal,V2.4 Spatio-Temporal,+7d,0.62,0.6317657497781722,0.7858719646799117,0.5281899109792285,0.7694444444444445,0.25166666666666665
spatiotemporal,V2.4 Spatio-Temporal,+7d,0.625,0.6273458445040214,0.7887640449438202,0.5207715133531158,0.7683333333333333,0.24722222222222223
spatiotemporal,V2.4 Spatio-Temporal,+7d,0.63,0.6228622862286228,0.7917620137299771,0.5133531157270029,0.7672222222222222,0.2427777777777778
spatiotemporal,V2.4 Spatio-Temporal,+7d,0.635,0.6158038147138964,0.7939110070257611,0.5029673590504451,0.765,0.23722222222222222
spatiotemporal,V2.4 Spatio-Temporal,+7d,0.6399999999999999,0.6129917657822507,0.7995226730310262,0.4970326409495549,0.765,0.23277777777777778
spatiotemporal,V2.4 Spatio-Temporal,+7d,0.6449999999999999,0.6097337006427915,0.8,0.49258160237388726,0.7638888888888888,0.23055555555555557
spatiotemporal,V2.4 Spatio-Temporal,+7d,0.6499999999999999,0.603145235892692,0.800982800982801,0.4836795252225519,0.7616666666666667,0.22611111111111112
spatiotemporal,V2.4 Spatio-Temporal,+7d,0.6549999999999999,0.595903165735568,0.8,0.47477744807121663,0.7588888888888888,0.2222222222222222
spatiotemporal,V2.4 Spatio-Temporal,+7d,0.6599999999999999,0.5930776426566884,0.8025316455696202,0.47032640949554894,0.7583333333333333,0.21944444444444444
spatiotemporal,V2.4 Spatio-Temporal,+7d,0.6649999999999999,0.5849056603773585,0.8031088082901554,0.4599406528189911,0.7555555555555555,0.21444444444444444
spatiotemporal,V2.4 Spatio-Temporal,+7d,0.6699999999999999,0.5792972459639126,0.8047493403693932,0.45252225519287836,0.7538888888888889,0.21055555555555555
spatiotemporal,V2.4 Spatio-Temporal,+7d,0.6749999999999999,0.570334928229665,0.8032345013477089,0.4421364985163205,0.7505555555555555,0.2061111111111111
spatiotemporal,V2.4 Spatio-Temporal,+7d,0.6799999999999999,0.5612343297974928,0.8016528925619835,0.4317507418397626,0.7472222222222222,0.20166666666666666
spatiotemporal,V2.4 Spatio-Temporal,+7d,0.6849999999999999,0.5521951219512194,0.8062678062678063,0.4198813056379822,0.745,0.195
spatiotemporal,V2.4 Spatio-Temporal,+7d,0.69,0.5436702649656526,0.8028985507246377,0.41097922848664686,0.7416666666666667,0.19166666666666668
spatiotemporal,V2.4 Spatio-Temporal,+7d,0.695,0.5386138613861386,0.8095238095238095,0.4035608308605341,0.7411111111111112,0.18666666666666668
spatiotemporal,V2.4 Spatio-Temporal,+7d,0.7,0.531062124248497,0.8179012345679012,0.39317507418397624,0.74,0.18
spatiotemporal,V2.4 Spatio-Temporal,+7d,0.705,0.5315947843530592,0.8204334365325078,0.39317507418397624,0.7405555555555555,0.17944444444444443
spatiotemporal,V2.4 Spatio-Temporal,+7d,0.71,0.5233265720081136,0.8269230769230769,0.3827893175074184,0.7388888888888889,0.17333333333333334
spatiotemporal,V2.4 Spatio-Temporal,+7d,0.715,0.5148717948717949,0.8338870431893688,0.3724035608308605,0.7372222222222222,0.16722222222222222
spatiotemporal,V2.4 Spatio-Temporal,+7d,0.72,0.505175983436853,0.8356164383561644,0.3620178041543027,0.7344444444444445,0.1622222222222222
spatiotemporal,V2.4 Spatio-Temporal,+7d,0.725,0.5015608740894902,0.8397212543554007,0.35756676557863504,0.7338888888888889,0.15944444444444444
spatiotemporal,V2.4 Spatio-Temporal,+7d,0.73,0.5,0.8475177304964538,0.3545994065281899,0.7344444444444445,0.15666666666666668
spatiotemporal,V2.4 Spatio-Temporal,+7d,0.735,0.49367088607594944,0.8540145985401459,0.34718100890207715,0.7333333333333333,0.15222222222222223
spatiotemporal,V2.4 Spatio-Temporal,+7d,0.74,0.48510638297872344,0.8571428571428571,0.33827893175074186,0.7311111111111112,0.14777777777777779
spatiotemporal,V2.4 Spatio-Temporal,+7d,0.7449999999999999,0.47905477980665945,0.867704280155642,0.33086053412462907,0.7305555555555555,0.14277777777777778
spatiotemporal,V2.4 Spatio-Temporal,+7d,0.7499999999999999,0.4690553745928339,0.8744939271255061,0.32047477744807124,0.7283333333333334,0.13722222222222222
spatiotemporal,V2.4 Spatio-Temporal,+7d,0.7549999999999999,0.46170678336980303,0.8791666666666667,0.31305637982195844,0.7266666666666667,0.13333333333333333
spatiotemporal,V2.4 Spatio-Temporal,+7d,0.7599999999999999,0.45253863134657846,0.8836206896551724,0.30415430267062316,0.7244444444444444,0.1288888888888889
spatiotemporal,V2.4 Spatio-Temporal,+7d,0.7649999999999999,0.4466666666666667,0.8893805309734514,0.29821958456973297,0.7233333333333334,0.12555555555555556
spatiotemporal,V2.4 Spatio-Temporal,+7d,0.7699999999999999,0.4349775784753363,0.8899082568807339,0.2878338278931751,0.72,0.12111111111111111
spatiotemporal,V2.4 Spatio-Temporal,+7d,0.7749999999999999,0.4240362811791382,0.8990384615384616,0.2774480712166172,0.7177777777777777,0.11555555555555555
spatiotemporal,V2.4 Spatio-Temporal,+7d,0.7799999999999999,0.4146620847651776,0.9095477386934674,0.2685459940652819,0.7161111111111111,0.11055555555555556
spatiotemporal,V2.4 Spatio-Temporal,+7d,0.7849999999999999,0.4083044982698963,0.917098445595855,0.2626112759643917,0.715,0.10722222222222222
spatiotemporal,V2.4 Spatio-Temporal,+7d,0.7899999999999999,0.3976744186046512,0.9193548387096774,0.25370919881305637,0.7122222222222222,0.10333333333333333
spatiotemporal,V2.4 Spatio-Temporal,+7d,0.7949999999999999,0.3839811542991755,0.9314285714285714,0.24183976261127596,0.7094444444444444,0.09722222222222222
spatiotemporal,V2.4 Spatio-Temporal,+7d,0.7999999999999999,0.37485172004744965,0.9349112426035503,0.2344213649851632,0.7072222222222222,0.09388888888888888
spatiotemporal,V2.4 Spatio-Temporal,+7d,0.8049999999999999,0.3636363636363636,0.9382716049382716,0.22551928783382788,0.7044444444444444,0.09
spatiotemporal,V2.4 Spatio-Temporal,+7d,0.8099999999999999,0.3518072289156627,0.9358974358974359,0.2166172106824926,0.7011111111111111,0.08666666666666667
spatiotemporal,V2.4 Spatio-Temporal,+7d,0.815,0.3361753958587089,0.9387755102040817,0.20474777448071216,0.6972222222222222,0.08166666666666667
spatiotemporal,V2.4 Spatio-Temporal,+7d,0.82,0.3300733496332518,0.9375,0.20029673590504452,0.6955555555555556,0.08
spatiotemporal,V2.4 Spatio-Temporal,+7d,0.825,0.30310559006211185,0.9312977099236641,0.18100890207715134,0.6883333333333334,0.07277777777777777
spatiotemporal,V2.4 Spatio-Temporal,+7d,0.83,0.29712858926342073,0.937007874015748,0.17655786350148367,0.6872222222222222,0.07055555555555555
spatiotemporal,V2.4 Spatio-Temporal,+7d,0.835,0.28065739570164344,0.9487179487179487,0.16468842729970326,0.6838888888888889,0.065
spatiotemporal,V2.4 Spatio-Temporal,+7d,0.84,0.26309067688378035,0.944954128440367,0.15281899109792285,0.6794444444444444,0.06055555555555556
spatiotemporal,V2.4 Spatio-Temporal,+7d,0.845,0.258974358974359,0.9528301886792453,0.14985163204747776,0.6788888888888889,0.058888888888888886
spatiotemporal,V2.4 Spatio-Temporal,+7d,0.8499999999999999,0.24806201550387597,0.96,0.142433234421365,0.6766666666666666,0.05555555555555555
spatiotemporal,V2.4 Spatio-Temporal,+7d,0.8549999999999999,0.2366710013003901,0.9578947368421052,0.13501483679525222,0.6738888888888889,0.05277777777777778
spatiotemporal,V2.4 Spatio-Temporal,+7d,0.8599999999999999,0.22513089005235604,0.9555555555555556,0.12759643916913946,0.6711111111111111,0.05
spatiotemporal,V2.4 Spatio-Temporal,+7d,0.8649999999999999,0.21635883905013192,0.9761904761904762,0.12166172106824925,0.67,0.04666666666666667
spatiotemporal,V2.4 Spatio-Temporal,+7d,0.8699999999999999,0.19973368841544606,0.974025974025974,0.11127596439169139,0.6661111111111111,0.042777777777777776
spatiotemporal,V2.4 Spatio-Temporal,+7d,0.8749999999999999,0.1903485254691689,0.9861111111111112,0.10534124629080119,0.6644444444444444,0.04
spatiotemporal,V2.4 Spatio-Temporal,+7d,0.8799999999999999,0.18304172274562586,0.9855072463768116,0.10089020771513353,0.6627777777777778,0.03833333333333333
spatiotemporal,V2.4 Spatio-Temporal,+7d,0.8849999999999999,0.17320703653585928,0.9846153846153847,0.09495548961424333,0.6605555555555556,0.03611111111111111
spatiotemporal,V2.4 Spatio-Temporal,+7d,0.8899999999999999,0.163265306122449,0.9836065573770492,0.08902077151335312,0.6583333333333333,0.03388888888888889
spatiotemporal,V2.4 Spatio-Temporal,+7d,0.8949999999999999,0.14560439560439561,0.9814814814814815,0.07863501483679525,0.6544444444444445,0.03
spatiotemporal,V2.4 Spatio-Temporal,+7d,0.8999999999999999,0.14049586776859505,0.9807692307692307,0.07566765578635015,0.6533333333333333,0.028888888888888888
spatiotemporal,V2.4 Spatio-Temporal,+7d,0.9049999999999999,0.13019390581717452,0.9791666666666666,0.06973293768545995,0.6511111111111111,0.02666666666666667
spatiotemporal,V2.4 Spatio-Temporal,+7d,0.9099999999999999,0.12239221140472879,0.9777777777777777,0.06528189910979229,0.6494444444444445,0.025
spatiotemporal,V2.4 Spatio-Temporal,+7d,0.9149999999999999,0.11977715877437325,0.9772727272727273,0.06379821958456973,0.6488888888888888,0.024444444444444446
spatiotemporal,V2.4 Spatio-Temporal,+7d,0.9199999999999999,0.1092436974789916,0.975,0.057863501483679525,0.6466666666666666,0.022222222222222223
spatiotemporal,V2.4 Spatio-Temporal,+7d,0.9249999999999999,0.09859154929577466,0.9722222222222222,0.05192878338278932,0.6444444444444445,0.02
spatiotemporal,V2.4 Spatio-Temporal,+7d,0.9299999999999999,0.09859154929577466,0.9722222222222222,0.05192878338278932,0.6444444444444445,0.02
spatiotemporal,V2.4 Spatio-Temporal,+7d,0.9349999999999999,0.09335219236209336,1.0,0.04896142433234421,0.6438888888888888,0.018333333333333333
spatiotemporal,V2.4 Spatio-Temporal,+7d,0.94,0.08522727272727272,1.0,0.04451038575667656,0.6422222222222222,0.016666666666666666
spatiotemporal,V2.4 Spatio-Temporal,+7d,0.945,0.07428571428571427,1.0,0.03857566765578635,0.64,0.014444444444444444
spatiotemporal,V2.4 Spatio-Temporal,+7d,0.95,0.0687679083094556,1.0,0.03560830860534125,0.6388888888888888,0.013333333333333334
