district,state,date,fire_count,year,month,day,day_of_season,T2M,RH2M,WS2M,PRECTOTCORR,fire_lag_1d,fire_lag_3d,fire_lag_7d,fire_mean_3d,fire_mean_7d,next_day_fire_count
Ambala,Haryana,2023-10-08,22,2023,10,8,8,24.65,68.55,1.31,0.0,10.0,12.0,2.0,10.0,11.0,8.0
Ambala,Haryana,2023-10-09,8,2023,10,9,9,25.11,69.82,1.0,0.0,22.0,8.0,17.0,13.333333333333334,13.857142857142858,1.0
Ambala,Haryana,2023-10-10,1,2023,10,10,10,24.64,68.07,1.35,5.61,8.0,10.0,12.0,13.333333333333334,12.571428571428571,3.0
Ambala,Haryana,2023-10-11,3,2023,10,11,11,22.85,70.94,1.78,0.0,1.0,22.0,16.0,10.333333333333334,11.0,13.0
Ambala,Haryana,2023-10-12,13,2023,10,12,12,22.92,67.62,1.33,0.0,3.0,8.0,12.0,4.0,9.142857142857142,13.0
Ambala,Haryana,2023-10-13,13,2023,10,13,13,22.71,68.92,1.25,0.0,13.0,1.0,8.0,5.666666666666667,9.285714285714286,13.0
Ambala,Haryana,2023-10-14,13,2023,10,14,14,23.93,64.4,1.56,1.5,13.0,3.0,10.0,9.666666666666666,10.0,23.0
Ambala,Haryana,2023-10-15,23,2023,10,15,15,23.74,63.93,1.13,0.19,13.0,13.0,22.0,13.0,10.428571428571429,0.0
Ambala,Haryana,2023-10-16,0,2023,10,16,16,21.16,78.39,1.26,18.94,23.0,13.0,8.0,16.333333333333332,10.571428571428571,0.0
Ambala,Haryana,2023-10-17,0,2023,10,17,17,20.31,78.22,1.23,3.51,0.0,13.0,1.0,12.0,9.428571428571429,1.0
Ambala,Haryana,2023-10-18,1,2023,10,18,18,19.58,73.45,1.96,0.44,0.0,23.0,3.0,7.666666666666667,9.285714285714286,3.0
Ambala,Haryana,2023-10-19,3,2023,10,19,19,19.67,70.75,1.65,0.0,1.0,0.0,13.0,0.3333333333333333,9.0,7.0
Ambala,Haryana,2023-10-20,7,2023,10,20,20,20.13,63.65,1.04,0.0,3.0,0.0,13.0,1.3333333333333333,7.571428571428571,11.0
Ambala,Haryana,2023-10-21,11,2023,10,21,21,20.77,59.04,1.05,0.0,7.0,1.0,13.0,3.6666666666666665,6.714285714285714,0.0
Ambala,Haryana,2023-10-22,0,2023,10,22,22,20.86,66.85,1.34,0.0,11.0,3.0,23.0,7.0,6.428571428571429,12.0
Ambala,Haryana,2023-10-23,12,2023,10,23,23,21.42,64.45,0.94,0.13,0.0,7.0,0.0,6.0,3.142857142857143,30.0
Ambala,Haryana,2023-10-24,30,2023,10,24,24,21.94,63.46,1.13,0.02,12.0,11.0,0.0,7.666666666666667,4.857142857142857,14.0
Ambala,Haryana,2023-10-25,14,2023,10,25,25,21.8,64.3,1.16,0.0,30.0,0.0,1.0,14.0,9.142857142857142,17.0
Ambala,Haryana,2023-10-26,17,2023,10,26,26,21.16,63.58,1.88,0.0,14.0,12.0,3.0,18.666666666666668,11.0,17.0
Ambala,Haryana,2023-10-27,17,2023,10,27,27,20.84,62.17,1.77,0.0,17.0,30.0,7.0,20.333333333333332,13.0,6.0
Ambala,Haryana,2023-10-28,6,2023,10,28,28,21.47,64.12,1.26,0.0,17.0,14.0,11.0,16.0,14.428571428571429,27.0
Ambala,Haryana,2023-10-29,27,2023,10,29,29,21.97,63.9,1.12,0.0,6.0,17.0,0.0,13.333333333333334,13.714285714285714,8.0
Ambala,Haryana,2023-10-30,8,2023,10,30,30,21.21,65.38,1.21,0.0,27.0,17.0,12.0,16.666666666666668,17.571428571428573,5.0
Ambala,Haryana,2023-10-31,5,2023,10,31,31,21.8,60.66,1.12,0.0,8.0,6.0,30.0,13.666666666666666,17.0,21.0
Ambala,Haryana,2023-11-01,21,2023,11,1,32,22.49,56.19,1.1,0.0,5.0,27.0,14.0,13.333333333333334,13.428571428571429,9.0
Ambala,Haryana,2023-11-02,9,2023,11,2,33,22.31,55.16,0.98,0.0,21.0,8.0,17.0,11.333333333333334,14.428571428571429,3.0
Ambala,Haryana,2023-11-03,3,2023,11,3,34,21.49,58.63,1.03,0.0,9.0,5.0,17.0,11.666666666666666,13.285714285714286,7.0
Ambala,Haryana,2023-11-04,7,2023,11,4,35,21.17,56.18,1.4,0.0,3.0,21.0,6.0,11.0,11.285714285714286,8.0
Ambala,Haryana,2023-11-05,8,2023,11,5,36,20.74,56.53,1.34,0.0,7.0,9.0,27.0,6.333333333333333,11.428571428571429,2.0
Ambala,Haryana,2023-11-06,2,2023,11,6,37,20.23,55.95,1.13,0.0,8.0,3.0,8.0,6.0,8.714285714285714,0.0
Ambala,Haryana,2023-11-07,0,2023,11,7,38,20.34,57.82,1.51,0.0,2.0,7.0,5.0,5.666666666666667,7.857142857142857,0.0
Ambala,Haryana,2023-11-08,0,2023,11,8,39,20.77,61.54,1.64,0.0,0.0,8.0,21.0,3.3333333333333335,7.142857142857143,0.0
Ambala,Haryana,2023-11-09,0,2023,11,9,40,20.74,62.96,1.72,0.0,0.0,2.0,9.0,0.6666666666666666,4.142857142857143,0.0
Ambala,Haryana,2023-11-10,0,2023,11,10,41,18.47,70.41,1.54,1.51,0.0,0.0,3.0,0.0,2.857142857142857,2.0
Ambala,Haryana,2023-11-11,2,2023,11,11,42,17.9,67.52,1.44,0.02,0.0,0.0,7.0,0.0,2.4285714285714284,1.0
Ambala,Haryana,2023-11-12,1,2023,11,12,43,18.45,63.44,1.83,0.0,2.0,0.0,8.0,0.6666666666666666,1.7142857142857142,2.0
Ambala,Haryana,2023-11-13,2,2023,11,13,44,18.74,57.31,1.16,0.0,1.0,0.0,2.0,1.0,0.7142857142857143,3.0
Ambala,Haryana,2023-11-14,3,2023,11,14,45,19.31,55.75,1.14,0.0,2.0,2.0,0.0,1.6666666666666667,0.7142857142857143,0.0
Ambala,Haryana,2023-11-15,0,2023,11,15,46,19.92,55.8,1.39,0.0,3.0,1.0,0.0,2.0,1.1428571428571428,0.0
Ambala,Haryana,2023-11-16,0,2023,11,16,47,20.02,54.26,1.23,0.0,0.0,2.0,0.0,1.6666666666666667,1.1428571428571428,1.0
Ambala,Haryana,2023-11-17,1,2023,11,17,48,20.78,51.67,1.41,0.0,0.0,3.0,0.0,1.0,1.1428571428571428,2.0
Ambala,Haryana,2023-11-18,2,2023,11,18,49,20.74,55.01,1.38,0.0,1.0,0.0,2.0,0.3333333333333333,1.2857142857142858,1.0
Ambala,Haryana,2023-11-19,1,2023,11,19,50,19.35,62.76,1.51,0.0,2.0,0.0,1.0,1.0,1.2857142857142858,1.0
Ambala,Haryana,2023-11-20,1,2023,11,20,51,18.9,62.95,1.04,0.0,1.0,1.0,2.0,1.3333333333333333,1.2857142857142858,0.0
Ambala,Haryana,2023-11-21,0,2023,11,21,52,18.43,61.3,2.23,0.0,1.0,2.0,3.0,1.3333333333333333,1.1428571428571428,0.0
Ambala,Haryana,2023-11-22,0,2023,11,22,53,17.44,60.75,2.2,0.0,0.0,1.0,0.0,0.6666666666666666,0.7142857142857143,0.0
Ambala,Haryana,2023-11-23,0,2023,11,23,54,18.18,51.13,1.17,0.0,0.0,1.0,0.0,0.3333333333333333,0.7142857142857143,0.0
Ambala,Haryana,2023-11-24,0,2023,11,24,55,17.79,53.58,1.09,0.0,0.0,0.0,1.0,0.0,0.7142857142857143,1.0
Ambala,Haryana,2023-11-25,1,2023,11,25,56,17.94,53.08,1.12,0.0,0.0,0.0,2.0,0.0,0.5714285714285714,0.0
Ambala,Haryana,2023-11-26,0,2023,11,26,57,17.54,56.82,1.37,0.0,1.0,0.0,1.0,0.3333333333333333,0.42857142857142855,0.0
Ambala,Haryana,2023-11-27,0,2023,11,27,58,17.35,64.01,1.47,0.03,0.0,0.0,1.0,0.3333333333333333,0.2857142857142857,5.0
Ambala,Haryana,2023-11-28,5,2023,11,28,59,18.22,54.28,1.2,0.0,0.0,1.0,0.0,0.3333333333333333,0.14285714285714285,5.0
Ambala,Haryana,2023-11-29,5,2023,11,29,60,19.41,54.0,1.24,0.33,5.0,0.0,0.0,1.6666666666666667,0.8571428571428571,0.0
Ambala,Haryana,2023-11-30,0,2023,11,30,61,17.18,76.89,1.25,9.06,5.0,0.0,0.0,3.3333333333333335,1.5714285714285714,0.0
Ambala,Haryana,2024-10-01,0,2024,10,1,1,25.87,85.73,2.35,0.0,0.0,5.0,0.0,3.3333333333333335,1.5714285714285714,1.0
Ambala,Haryana,2024-10-02,1,2024,10,2,2,25.79,76.19,1.95,0.0,0.0,5.0,1.0,1.6666666666666667,1.5714285714285714,2.0
Ambala,Haryana,2024-10-03,2,2024,10,3,3,26.32,68.48,1.43,0.0,1.0,0.0,0.0,0.3333333333333333,1.5714285714285714,0.0
Ambala,Haryana,2024-10-04,0,2024,10,4,4,25.9,70.24,1.22,0.0,2.0,0.0,0.0,1.0,1.8571428571428572,4.0
Ambala,Haryana,2024-10-05,4,2024,10,5,5,26.01,68.4,1.19,0.27,0.0,1.0,5.0,1.0,1.8571428571428572,9.0
Ambala,Haryana,2024-10-06,9,2024,10,6,6,25.83,69.86,1.63,1.87,4.0,2.0,5.0,2.0,1.7142857142857142,2.0
Ambala,Haryana,2024-10-07,2,2024,10,7,7,25.57,70.12,1.38,0.0,9.0,0.0,0.0,4.333333333333333,2.2857142857142856,4.0
Ambala,Haryana,2024-10-08,4,2024,10,8,8,24.8,70.88,1.16,0.02,2.0,4.0,0.0,5.0,2.5714285714285716,6.0
Ambala,Haryana,2024-10-09,6,2024,10,9,9,24.29,73.46,1.99,0.0,4.0,9.0,1.0,5.0,3.142857142857143,2.0
Ambala,Haryana,2024-10-10,2,2024,10,10,10,23.23,71.67,1.99,0.0,6.0,2.0,2.0,4.0,3.857142857142857,6.0
Ambala,Haryana,2024-10-11,6,2024,10,11,11,23.3,69.76,2.08,0.0,2.0,4.0,0.0,4.0,3.857142857142857,15.0
Ambala,Haryana,2024-10-12,15,2024,10,12,12,24.23,62.06,1.42,0.0,6.0,6.0,4.0,4.666666666666667,4.714285714285714,24.0
Ambala,Haryana,2024-10-13,24,2024,10,13,13,24.54,55.88,1.2,0.0,15.0,2.0,9.0,7.666666666666667,6.285714285714286,11.0
Ambala,Haryana,2024-10-14,11,2024,10,14,14,23.34,58.69,1.66,0.0,24.0,6.0,2.0,15.0,8.428571428571429,9.0
Ambala,Haryana,2024-10-15,9,2024,10,15,15,23.05,64.46,1.97,1.11,11.0,15.0,4.0,16.666666666666668,9.714285714285714,0.0
Ambala,Haryana,2024-10-16,0,2024,10,16,16,24.32,61.82,1.31,0.0,9.0,24.0,6.0,14.666666666666666,10.428571428571429,10.0
Ambala,Haryana,2024-10-17,10,2024,10,17,17,24.41,61.09,1.27,0.0,0.0,11.0,2.0,6.666666666666667,9.571428571428571,6.0
Ambala,Haryana,2024-10-18,6,2024,10,18,18,24.76,58.57,1.38,0.0,10.0,9.0,6.0,6.333333333333333,10.714285714285714,7.0
Ambala,Haryana,2024-10-19,7,2024,10,19,19,23.26,64.7,1.49,0.0,6.0,0.0,15.0,5.333333333333333,10.714285714285714,6.0
Ambala,Haryana,2024-10-20,6,2024,10,20,20,23.35,65.09,1.29,0.0,7.0,10.0,24.0,7.666666666666667,9.571428571428571,0.0
Ambala,Haryana,2024-10-21,0,2024,10,21,21,23.41,67.72,1.03,0.0,6.0,6.0,11.0,6.333333333333333,7.0,1.0
Ambala,Haryana,2024-10-22,1,2024,10,22,22,23.42,70.93,1.32,0.0,0.0,7.0,9.0,4.333333333333333,5.428571428571429,1.0
Ambala,Haryana,2024-10-23,1,2024,10,23,23,24.31,63.56,1.78,0.0,1.0,6.0,0.0,2.3333333333333335,4.285714285714286,8.0
Ambala,Haryana,2024-10-24,8,2024,10,24,24,24.17,58.85,1.9,0.0,1.0,0.0,10.0,0.6666666666666666,4.428571428571429,2.0
Ambala,Haryana,2024-10-25,2,2024,10,25,25,24.22,57.68,2.04,0.0,8.0,1.0,6.0,3.3333333333333335,4.142857142857143,0.0
Ambala,Haryana,2024-10-26,0,2024,10,26,26,23.88,58.41,1.52,0.0,2.0,1.0,7.0,3.6666666666666665,3.5714285714285716,3.0
Ambala,Haryana,2024-10-27,3,2024,10,27,27,23.15,69.83,1.34,0.0,0.0,8.0,6.0,3.3333333333333335,2.5714285714285716,3.0
Ambala,Haryana,2024-10-28,3,2024,10,28,28,23.73,78.46,1.58,0.0,3.0,2.0,0.0,1.6666666666666667,2.142857142857143,1.0
Ambala,Haryana,2024-10-29,1,2024,10,29,29,25.05,73.27,1.12,0.0,3.0,0.0,1.0,2.0,2.5714285714285716,4.0
Ambala,Haryana,2024-10-30,4,2024,10,30,30,25.23,63.13,1.51,0.0,1.0,3.0,1.0,2.3333333333333335,2.5714285714285716,3.0
Ambala,Haryana,2024-10-31,3,2024,10,31,31,23.94,58.14,2.3,0.0,4.0,3.0,8.0,2.6666666666666665,3.0,1.0
Ambala,Haryana,2024-11-01,1,2024,11,1,32,22.45,56.69,1.98,0.0,3.0,1.0,2.0,2.6666666666666665,2.2857142857142856,3.0
Ambala,Haryana,2024-11-02,3,2024,11,2,33,23.39,44.78,1.05,0.0,1.0,4.0,0.0,2.6666666666666665,2.142857142857143,0.0
Ambala,Haryana,2024-11-03,0,2024,11,3,34,22.8,50.27,1.16,0.0,3.0,3.0,3.0,2.3333333333333335,2.5714285714285716,1.0
Ambala,Haryana,2024-11-04,1,2024,11,4,35,23.37,49.4,1.04,0.0,0.0,1.0,3.0,1.3333333333333333,2.142857142857143,1.0
Ambala,Haryana,2024-11-05,1,2024,11,5,36,22.08,62.87,1.49,0.0,1.0,3.0,1.0,1.3333333333333333,1.8571428571428572,2.0
Ambala,Haryana,2024-11-06,2,2024,11,6,37,22.77,61.78,1.12,0.0,1.0,0.0,4.0,0.6666666666666666,1.8571428571428572,0.0
Ambala,Haryana,2024-11-07,0,2024,11,7,38,22.35,67.31,1.13,0.0,2.0,1.0,3.0,1.3333333333333333,1.5714285714285714,1.0
Ambala,Haryana,2024-11-08,1,2024,11,8,39,22.84,66.68,1.07,0.0,0.0,1.0,1.0,1.0,1.1428571428571428,2.0
Ambala,Haryana,2024-11-09,2,2024,11,9,40,22.09,74.14,1.4,0.0,1.0,2.0,3.0,1.0,1.1428571428571428,0.0
Ambala,Haryana,2024-11-10,0,2024,11,10,41,22.37,72.46,0.91,0.0,2.0,0.0,0.0,1.0,1.0,1.0
Ambala,Haryana,2024-11-11,1,2024,11,11,42,22.74,69.98,0.93,0.0,0.0,1.0,1.0,1.0,1.0,1.0
Ambala,Haryana,2024-11-12,1,2024,11,12,43,21.81,64.98,1.32,0.0,1.0,2.0,1.0,1.0,1.0,1.0
Ambala,Haryana,2024-11-13,1,2024,11,13,44,21.1,57.3,1.48,0.0,1.0,0.0,2.0,0.6666666666666666,1.0,2.0
Ambala,Haryana,2024-11-14,2,2024,11,14,45,19.86,57.74,1.15,0.0,1.0,1.0,0.0,1.0,0.8571428571428571,0.0
Ambala,Haryana,2024-11-15,0,2024,11,15,46,20.15,56.38,1.38,0.0,2.0,1.0,1.0,1.3333333333333333,1.1428571428571428,0.0
Ambala,Haryana,2024-11-16,0,2024,11,16,47,19.5,58.14,1.87,0.0,0.0,1.0,2.0,1.0,1.0,0.0
Ambala,Haryana,2024-11-17,0,2024,11,17,48,18.96,52.95,1.71,0.0,0.0,2.0,0.0,0.6666666666666666,0.7142857142857143,0.0
Ambala,Haryana,2024-11-18,0,2024,11,18,49,18.58,53.8,1.38,0.0,0.0,0.0,1.0,0.0,0.7142857142857143,1.0
Ambala,Haryana,2024-11-19,1,2024,11,19,50,18.53,51.81,1.59,0.0,0.0,0.0,1.0,0.0,0.5714285714285714,0.0
Ambala,Haryana,2024-11-20,0,2024,11,20,51,18.09,49.45,1.51,0.0,1.0,0.0,1.0,0.3333333333333333,0.5714285714285714,1.0
Ambala,Haryana,2024-11-21,1,2024,11,21,52,17.93,47.6,1.65,0.0,0.0,0.0,2.0,0.3333333333333333,0.42857142857142855,1.0
Ambala,Haryana,2024-11-22,1,2024,11,22,53,18.13,46.14,1.4,0.0,1.0,1.0,0.0,0.6666666666666666,0.2857142857142857,0.0
Ambala,Haryana,2024-11-23,0,2024,11,23,54,17.86,49.32,0.95,0.0,1.0,0.0,0.0,0.6666666666666666,0.42857142857142855,3.0
Ambala,Haryana,2024-11-24,3,2024,11,24,55,18.49,50.89,1.79,0.0,0.0,1.0,0.0,0.6666666666666666,0.42857142857142855,4.0
Ambala,Haryana,2024-11-25,4,2024,11,25,56,17.29,55.25,2.16,0.0,3.0,1.0,0.0,1.3333333333333333,0.8571428571428571,10.0
Ambala,Haryana,2024-11-26,10,2024,11,26,57,17.02,50.21,1.82,0.0,4.0,0.0,1.0,2.3333333333333335,1.4285714285714286,1.0
Ambala,Haryana,2024-11-27,1,2024,11,27,58,16.86,49.41,1.53,0.0,10.0,3.0,0.0,5.666666666666667,2.7142857142857144,0.0
Ambala,Haryana,2024-11-28,0,2024,11,28,59,16.85,47.43,1.7,0.0,1.0,4.0,1.0,5.0,2.857142857142857,4.0
Ambala,Haryana,2024-11-29,4,2024,11,29,60,17.27,46.93,1.32,0.0,0.0,10.0,1.0,3.6666666666666665,2.7142857142857144,3.0
Ambala,Haryana,2024-11-30,3,2024,11,30,61,17.3,45.19,1.69,0.0,4.0,1.0,0.0,1.6666666666666667,3.142857142857143,1.0
Ambala,Haryana,2025-10-01,1,2025,10,1,1,26.62,80.1,1.03,0.15,3.0,0.0,3.0,2.3333333333333335,3.5714285714285716,0.0
Ambala,Haryana,2025-10-02,0,2025,10,2,2,26.98,79.85,0.7,5.96,1.0,4.0,4.0,2.6666666666666665,3.2857142857142856,0.0
Ambala,Haryana,2025-10-03,0,2025,10,3,3,25.46,86.69,1.07,1.22,0.0,3.0,10.0,1.3333333333333333,2.7142857142857144,1.0
Ambala,Haryana,2025-10-04,1,2025,10,4,4,25.67,85.27,2.08,0.31,0.0,1.0,1.0,0.3333333333333333,1.2857142857142858,1.0
Ambala,Haryana,2025-10-05,1,2025,10,5,5,25.17,76.08,1.35,1.05,1.0,0.0,0.0,0.3333333333333333,1.2857142857142858,0.0
Ambala,Haryana,2025-10-06,0,2025,10,6,6,23.36,78.85,1.55,18.42,1.0,0.0,4.0,0.6666666666666666,1.4285714285714286,0.0
Ambala,Haryana,2025-10-07,0,2025,10,7,7,21.37,86.18,2.53,9.49,0.0,1.0,3.0,0.6666666666666666,0.8571428571428571,0.0
Ambala,Haryana,2025-10-08,0,2025,10,8,8,21.39,86.41,1.55,14.54,0.0,1.0,1.0,0.3333333333333333,0.42857142857142855,0.0
Ambala,Haryana,2025-10-09,0,2025,10,9,9,21.87,81.43,1.15,0.55,0.0,0.0,0.0,0.0,0.2857142857142857,0.0
Ambala,Haryana,2025-10-10,0,2025,10,10,10,22.25,78.02,1.14,0.06,0.0,0.0,0.0,0.0,0.2857142857142857,0.0
Ambala,Haryana,2025-10-11,0,2025,10,11,11,22.35,81.76,1.65,0.0,0.0,0.0,1.0,0.0,0.2857142857142857,0.0
Ambala,Haryana,2025-10-12,0,2025,10,12,12,22.3,78.31,1.56,0.0,0.0,0.0,1.0,0.0,0.14285714285714285,0.0
Ambala,Haryana,2025-10-13,0,2025,10,13,13,21.97,76.88,1.68,0.0,0.0,0.0,0.0,0.0,0.0,0.0
Ambala,Haryana,2025-10-14,0,2025,10,14,14,21.95,74.63,1.53,0.0,0.0,0.0,0.0,0.0,0.0,0.0
Ambala,Haryana,2025-10-15,0,2025,10,15,15,22.62,75.66,1.19,0.0,0.0,0.0,0.0,0.0,0.0,2.0
Ambala,Haryana,2025-10-16,2,2025,10,16,16,23.34,80.4,1.27,0.0,0.0,0.0,0.0,0.0,0.0,0.0
Ambala,Haryana,2025-10-17,0,2025,10,17,17,23.55,80.63,1.17,0.0,2.0,0.0,0.0,0.6666666666666666,0.2857142857142857,0.0
Ambala,Haryana,2025-10-18,0,2025,10,18,18,23.97,74.36,1.07,0.0,0.0,0.0,0.0,0.6666666666666666,0.2857142857142857,1.0
Ambala,Haryana,2025-10-19,1,2025,10,19,19,23.83,70.39,1.13,0.0,0.0,2.0,0.0,0.6666666666666666,0.2857142857142857,3.0
Ambala,Haryana,2025-10-20,3,2025,10,20,20,24.04,67.08,0.93,0.0,1.0,0.0,0.0,0.3333333333333333,0.42857142857142855,2.0
Ambala,Haryana,2025-10-21,2,2025,10,21,21,23.66,67.92,1.02,0.02,3.0,0.0,0.0,1.3333333333333333,0.8571428571428571,1.0
Ambala,Haryana,2025-10-22,1,2025,10,22,22,23.14,69.75,1.16,0.06,2.0,1.0,0.0,2.0,1.1428571428571428,0.0
Ambala,Haryana,2025-10-23,0,2025,10,23,23,23.32,61.62,1.15,1.82,1.0,3.0,2.0,2.0,1.2857142857142858,0.0
Ambala,Haryana,2025-10-24,0,2025,10,24,24,23.82,64.35,0.92,0.27,0.0,2.0,0.0,1.0,1.0,1.0
Ambala,Haryana,2025-10-25,1,2025,10,25,25,22.04,72.96,1.2,0.0,0.0,1.0,0.0,0.3333333333333333,1.0,4.0
Ambala,Haryana,2025-10-26,4,2025,10,26,26,22.54,70.77,1.17,0.0,1.0,0.0,1.0,0.3333333333333333,1.1428571428571428,2.0
Ambala,Haryana,2025-10-27,2,2025,10,27,27,22.53,69.0,0.97,0.0,4.0,0.0,3.0,1.6666666666666667,1.5714285714285714,0.0
Ambala,Haryana,2025-10-28,0,2025,10,28,28,21.79,70.55,1.15,0.0,2.0,1.0,2.0,2.3333333333333335,1.4285714285714286,2.0
Ambala,Haryana,2025-10-29,2,2025,10,29,29,22.55,68.46,0.87,0.0,0.0,4.0,1.0,2.0,1.1428571428571428,0.0
Ambala,Haryana,2025-10-30,0,2025,10,30,30,22.79,75.41,1.19,0.0,2.0,2.0,0.0,1.3333333333333333,1.2857142857142858,3.0
Ambala,Haryana,2025-10-31,3,2025,10,31,31,21.9,82.38,1.53,0.0,0.0,0.0,0.0,0.6666666666666666,1.2857142857142858,0.0
Ambala,Haryana,2025-11-01,0,2025,11,1,32,22.01,70.1,1.71,0.0,3.0,2.0,1.0,1.6666666666666667,1.7142857142857142,4.0
Ambala,Haryana,2025-11-02,4,2025,11,2,33,20.21,71.54,2.22,0.0,0.0,0.0,4.0,1.0,1.5714285714285714,0.0
Ambala,Haryana,2025-11-03,0,2025,11,3,34,19.64,70.21,2.03,0.0,4.0,3.0,2.0,2.3333333333333335,1.5714285714285714,0.0
Ambala,Haryana,2025-11-04,0,2025,11,4,35,19.76,65.57,1.61,0.1,0.0,0.0,0.0,1.3333333333333333,1.2857142857142858,0.0
Ambala,Haryana,2025-11-05,0,2025,11,5,36,20.07,65.11,1.84,0.7,0.0,4.0,2.0,1.3333333333333333,1.2857142857142858,0.0
Ambala,Haryana,2025-11-06,0,2025,11,6,37,18.21,66.84,2.11,0.0,0.0,0.0,0.0,0.0,1.0,1.0
Ambala,Haryana,2025-11-07,1,2025,11,7,38,17.85,55.93,1.52,0.0,0.0,0.0,3.0,0.0,1.0,1.0
Ambala,Haryana,2025-11-08,1,2025,11,8,39,17.94,55.15,1.42,0.0,1.0,0.0,0.0,0.3333333333333333,0.7142857142857143,0.0
Ambala,Haryana,2025-11-09,0,2025,11,9,40,17.59,59.37,1.54,0.0,1.0,0.0,4.0,0.6666666666666666,0.8571428571428571,0.0
Ambala,Haryana,2025-11-10,0,2025,11,10,41,18.39,54.81,1.37,0.0,0.0,1.0,0.0,0.6666666666666666,0.2857142857142857,0.0
Ambala,Haryana,2025-11-11,0,2025,11,11,42,17.57,57.99,1.68,0.0,0.0,1.0,0.0,0.3333333333333333,0.2857142857142857,0.0
Ambala,Haryana,2025-11-12,0,2025,11,12,43,16.53,60.9,2.08,0.0,0.0,0.0,0.0,0.0,0.2857142857142857,2.0
Ambala,Haryana,2025-11-13,2,2025,11,13,44,16.82,59.33,1.96,0.0,0.0,0.0,0.0,0.0,0.2857142857142857,0.0
Ambala,Haryana,2025-11-14,0,2025,11,14,45,16.4,58.93,1.7,0.0,2.0,0.0,1.0,0.6666666666666666,0.5714285714285714,0.0
Ambala,Haryana,2025-11-15,0,2025,11,15,46,16.43,56.71,1.87,0.0,0.0,0.0,1.0,0.6666666666666666,0.42857142857142855,0.0
Ambala,Haryana,2025-11-16,0,2025,11,16,47,16.35,57.67,2.02,0.0,0.0,2.0,0.0,0.6666666666666666,0.2857142857142857,0.0
Ambala,Haryana,2025-11-17,0,2025,11,17,48,17.09,55.63,1.37,0.0,0.0,0.0,0.0,0.0,0.2857142857142857,0.0
Ambala,Haryana,2025-11-18,0,2025,11,18,49,17.31,59.05,1.35,0.0,0.0,0.0,0.0,0.0,0.2857142857142857,0.0
Ambala,Haryana,2025-11-19,0,2025,11,19,50,17.7,60.35,1.38,0.0,0.0,0.0,0.0,0.0,0.2857142857142857,0.0
Ambala,Haryana,2025-11-20,0,2025,11,20,51,18.63,55.24,1.0,0.0,0.0,0.0,2.0,0.0,0.2857142857142857,0.0
Ambala,Haryana,2025-11-21,0,2025,11,21,52,17.92,53.7,1.08,0.0,0.0,0.0,0.0,0.0,0.0,0.0
Ambala,Haryana,2025-11-22,0,2025,11,22,53,16.75,59.67,1.29,0.0,0.0,0.0,0.0,0.0,0.0,1.0
Ambala,Haryana,2025-11-23,1,2025,11,23,54,16.75,59.63,1.18,0.0,0.0,0.0,0.0,0.0,0.0,0.0
Ambala,Haryana,2025-11-24,0,2025,11,24,55,16.14,56.45,1.48,0.0,1.0,0.0,0.0,0.3333333333333333,0.14285714285714285,0.0
Ambala,Haryana,2025-11-25,0,2025,11,25,56,15.67,57.34,1.33,0.0,0.0,0.0,0.0,0.3333333333333333,0.14285714285714285,1.0
Ambala,Haryana,2025-11-26,1,2025,11,26,57,16.36,56.67,1.31,0.0,0.0,1.0,0.0,0.3333333333333333,0.14285714285714285,4.0
Ambala,Haryana,2025-11-27,4,2025,11,27,58,15.72,61.33,1.34,0.0,1.0,0.0,0.0,0.3333333333333333,0.2857142857142857,1.0
Ambala,Haryana,2025-11-28,1,2025,11,28,59,16.58,56.34,1.26,0.0,4.0,0.0,0.0,1.6666666666666667,0.8571428571428571,1.0
Ambala,Haryana,2025-11-29,1,2025,11,29,60,15.72,53.03,1.62,0.0,1.0,1.0,0.0,2.0,1.0,2.0
Amritsar,Punjab,2023-10-08,70,2023,10,8,8,25.52,71.27,0.79,0.0,88.0,130.0,59.0,100.66666666666667,101.14285714285714,13.0
Amritsar,Punjab,2023-10-09,13,2023,10,9,9,25.99,76.16,0.95,4.29,70.0,84.0,174.0,80.66666666666667,102.71428571428571,2.0
Amritsar,Punjab,2023-10-10,2,2023,10,10,10,24.66,77.13,1.09,14.21,13.0,88.0,78.0,57.0,79.71428571428571,10.0
Amritsar,Punjab,2023-10-11,10,2023,10,11,11,23.96,66.6,1.08,0.0,2.0,70.0,95.0,28.333333333333332,68.85714285714286,28.0
Amritsar,Punjab,2023-10-12,28,2023,10,12,12,23.37,69.41,0.86,0.0,10.0,13.0,130.0,8.333333333333334,56.714285714285715,81.0
Amritsar,Punjab,2023-10-13,81,2023,10,13,13,23.37,74.33,1.0,0.07,28.0,2.0,84.0,13.333333333333334,42.142857142857146,31.0
Amritsar,Punjab,2023-10-14,31,2023,10,14,14,23.78,74.11,0.98,18.31,81.0,10.0,88.0,39.666666666666664,41.714285714285715,0.0
Amritsar,Punjab,2023-10-15,0,2023,10,15,15,23.26,70.36,0.84,0.72,31.0,28.0,70.0,46.666666666666664,33.57142857142857,0.0
Amritsar,Punjab,2023-10-16,0,2023,10,16,16,21.56,81.9,1.23,21.85,0.0,81.0,13.0,37.333333333333336,23.571428571428573,0.0
Amritsar,Punjab,2023-10-17,0,2023,10,17,17,20.52,82.19,1.05,9.99,0.0,31.0,2.0,10.333333333333334,21.714285714285715,0.0
Amritsar,Punjab,2023-10-18,0,2023,10,18,18,19.39,76.32,1.31,0.79,0.0,0.0,10.0,0.0,21.428571428571427,13.0
Amritsar,Punjab,2023-10-19,13,2023,10,19,19,20.25,66.45,1.05,0.0,0.0,0.0,28.0,0.0,20.0,28.0
Amritsar,Punjab,2023-10-20,28,2023,10,20,20,20.73,64.68,0.62,0.0,13.0,0.0,81.0,4.333333333333333,17.857142857142858,70.0
Amritsar,Punjab,2023-10-21,70,2023,10,21,21,21.35,67.1,0.7,0.0,28.0,0.0,31.0,13.666666666666666,10.285714285714286,1.0
Amritsar,Punjab,2023-10-22,1,2023,10,22,22,21.12,75.88,1.03,0.1,70.0,13.0,0.0,37.0,15.857142857142858,89.0
Amritsar,Punjab,2023-10-23,89,2023,10,23,23,21.12,74.74,1.03,0.0,1.0,28.0,0.0,33.0,16.0,72.0
Amritsar,Punjab,2023-10-24,72,2023,10,24,24,22.18,69.33,0.85,0.0,89.0,70.0,0.0,53.333333333333336,28.714285714285715,97.0
Amritsar,Punjab,2023-10-25,97,2023,10,25,25,22.21,65.45,0.92,0.0,72.0,1.0,0.0,54.0,39.0,168.0
Amritsar,Punjab,2023-10-26,168,2023,10,26,26,22.08,61.96,1.04,0.0,97.0,89.0,13.0,86.0,52.857142857142854,108.0
Amritsar,Punjab,2023-10-27,108,2023,10,27,27,21.84,63.19,0.74,0.0,168.0,72.0,28.0,112.33333333333333,75.0,20.0
Amritsar,Punjab,2023-10-28,20,2023,10,28,28,21.68,68.52,0.79,0.0,108.0,97.0,70.0,124.33333333333333,86.42857142857143,121.0
Amritsar,Punjab,2023-10-29,121,2023,10,29,29,22.18,68.44,0.74,0.0,20.0,168.0,1.0,98.66666666666667,79.28571428571429,89.0
Amritsar,Punjab,2023-10-30,89,2023,10,30,30,21.82,72.2,0.74,0.0,121.0,108.0,89.0,83.0,96.42857142857143,94.0
Amritsar,Punjab,2023-10-31,94,2023,10,31,31,21.74,70.34,0.73,0.0,89.0,20.0,72.0,76.66666666666667,96.42857142857143,96.0
Amritsar,Punjab,2023-11-01,96,2023,11,1,32,22.34,68.25,0.85,0.0,94.0,121.0,97.0,101.33333333333333,99.57142857142857,62.0
Amritsar,Punjab,2023-11-02,62,2023,11,2,33,22.23,68.07,0.65,0.0,96.0,89.0,168.0,93.0,99.42857142857143,84.0
Amritsar,Punjab,2023-11-03,84,2023,11,3,34,21.55,69.41,0.58,0.0,62.0,94.0,108.0,84.0,84.28571428571429,58.0
Amritsar,Punjab,2023-11-04,58,2023,11,4,35,21.59,66.71,0.84,0.0,84.0,96.0,20.0,80.66666666666667,80.85714285714286,82.0
Amritsar,Punjab,2023-11-05,82,2023,11,5,36,21.35,59.78,0.69,0.0,58.0,62.0,121.0,68.0,86.28571428571429,15.0
Amritsar,Punjab,2023-11-06,15,2023,11,6,37,20.29,63.52,0.88,0.0,82.0,84.0,89.0,74.66666666666667,80.71428571428571,23.0
Amritsar,Punjab,2023-11-07,23,2023,11,7,38,20.56,71.14,0.99,0.0,15.0,58.0,94.0,51.666666666666664,70.14285714285714,27.0
Amritsar,Punjab,2023-11-08,27,2023,11,8,39,21.49,71.77,0.87,0.0,23.0,82.0,96.0,40.0,60.0,17.0
Amritsar,Punjab,2023-11-09,17,2023,11,9,40,21.42,68.16,0.89,0.55,27.0,15.0,62.0,21.666666666666668,50.142857142857146,0.0
Amritsar,Punjab,2023-11-10,0,2023,11,10,41,17.81,88.74,1.72,29.44,17.0,23.0,84.0,22.333333333333332,43.714285714285715,0.0
Amritsar,Punjab,2023-11-11,0,2023,11,11,42,17.36,81.11,1.46,0.01,0.0,27.0,58.0,14.666666666666666,31.714285714285715,2.0
Amritsar,Punjab,2023-11-12,2,2023,11,12,43,17.66,66.48,1.3,0.0,0.0,17.0,82.0,5.666666666666667,23.428571428571427,30.0
Amritsar,Punjab,2023-11-13,30,2023,11,13,44,17.83,63.33,0.83,0.0,2.0,0.0,15.0,0.6666666666666666,12.0,29.0
Amritsar,Punjab,2023-11-14,29,2023,11,14,45,17.94,63.62,1.25,0.0,30.0,0.0,23.0,10.666666666666666,14.142857142857142,33.0
Amritsar,Punjab,2023-11-15,33,2023,11,15,46,18.37,60.83,1.22,0.0,29.0,2.0,27.0,20.333333333333332,15.0,22.0
Amritsar,Punjab,2023-11-16,22,2023,11,16,47,18.92,57.95,0.76,0.0,33.0,30.0,17.0,30.666666666666668,15.857142857142858,20.0
Amritsar,Punjab,2023-11-17,20,2023,11,17,48,18.33,62.59,1.43,0.0,22.0,29.0,0.0,28.0,16.571428571428573,13.0
Amritsar,Punjab,2023-11-18,13,2023,11,18,49,17.95,62.82,1.0,0.0,20.0,33.0,0.0,25.0,19.428571428571427,38.0
Amritsar,Punjab,2023-11-19,38,2023,11,19,50,18.04,61.94,0.89,0.0,13.0,22.0,2.0,18.333333333333332,21.285714285714285,3.0
Amritsar,Punjab,2023-11-20,3,2023,11,20,51,17.07,69.53,1.33,0.0,38.0,20.0,30.0,23.666666666666668,26.428571428571427,18.0
Amritsar,Punjab,2023-11-21,18,2023,11,21,52,16.75,70.39,1.61,0.0,3.0,13.0,29.0,18.0,22.571428571428573,10.0
Amritsar,Punjab,2023-11-22,10,2023,11,22,53,16.46,66.73,1.22,0.0,18.0,38.0,33.0,19.666666666666668,21.0,1.0
Amritsar,Punjab,2023-11-23,1,2023,11,23,54,16.68,65.28,0.94,0.0,10.0,3.0,22.0,10.333333333333334,17.714285714285715,5.0
Amritsar,Punjab,2023-11-24,5,2023,11,24,55,16.93,62.72,1.09,0.0,1.0,18.0,20.0,9.666666666666666,14.714285714285714,0.0
Amritsar,Punjab,2023-11-25,0,2023,11,25,56,17.31,63.2,0.67,0.0,5.0,10.0,13.0,5.333333333333333,12.571428571428571,0.0
Amritsar,Punjab,2023-11-26,0,2023,11,26,57,16.49,74.68,0.92,0.0,0.0,1.0,38.0,2.0,10.714285714285714,0.0
Amritsar,Punjab,2023-11-27,0,2023,11,27,58,16.04,75.05,1.07,0.03,0.0,5.0,3.0,1.6666666666666667,5.285714285714286,0.0
Amritsar,Punjab,2023-11-28,0,2023,11,28,59,17.23,64.39,0.94,0.0,0.0,0.0,18.0,0.0,4.857142857142857,0.0
Amritsar,Punjab,2023-11-29,0,2023,11,29,60,17.98,63.04,0.84,0.02,0.0,0.0,10.0,0.0,2.2857142857142856,0.0
Amritsar,Punjab,2023-11-30,0,2023,11,30,61,16.6,78.79,1.07,7.9,0.0,0.0,1.0,0.0,0.8571428571428571,13.0
Amritsar,Punjab,2024-10-01,13,2024,10,1,1,27.8,76.02,1.25,0.0,0.0,0.0,5.0,0.0,0.7142857142857143,17.0
Amritsar,Punjab,2024-10-02,17,2024,10,2,2,27.66,70.79,1.04,0.0,13.0,0.0,0.0,4.333333333333333,1.8571428571428572,20.0
Amritsar,Punjab,2024-10-03,20,2024,10,3,3,27.33,67.34,1.14,0.0,17.0,0.0,0.0,10.0,4.285714285714286,10.0
Amritsar,Punjab,2024-10-04,10,2024,10,4,4,27.65,65.88,0.83,0.0,20.0,13.0,0.0,16.666666666666668,7.142857142857143,3.0
Amritsar,Punjab,2024-10-05,3,2024,10,5,5,27.19,68.14,1.03,3.25,10.0,17.0,0.0,15.666666666666666,8.571428571428571,0.0
Amritsar,Punjab,2024-10-06,0,2024,10,6,6,26.23,70.57,1.15,11.39,3.0,20.0,0.0,11.0,9.0,16.0
Amritsar,Punjab,2024-10-07,16,2024,10,7,7,25.59,71.55,1.09,0.0,0.0,10.0,0.0,4.333333333333333,9.0,11.0
Amritsar,Punjab,2024-10-08,11,2024,10,8,8,25.27,74.72,1.06,0.0,16.0,3.0,13.0,6.333333333333333,11.285714285714286,13.0
Amritsar,Punjab,2024-10-09,13,2024,10,9,9,24.58,73.52,1.51,0.0,11.0,0.0,17.0,9.0,11.0,30.0
Amritsar,Punjab,2024-10-10,30,2024,10,10,10,24.93,65.33,1.18,0.0,13.0,16.0,20.0,13.333333333333334,10.428571428571429,40.0
Amritsar,Punjab,2024-10-11,40,2024,10,11,11,25.38,58.82,1.28,0.0,30.0,11.0,10.0,18.0,11.857142857142858,61.0
Amritsar,Punjab,2024-10-12,61,2024,10,12,12,25.8,56.49,0.86,0.0,40.0,13.0,3.0,27.666666666666668,16.142857142857142,50.0
Amritsar,Punjab,2024-10-13,50,2024,10,13,13,25.18,54.24,0.89,0.0,61.0,30.0,0.0,43.666666666666664,24.428571428571427,19.0
Amritsar,Punjab,2024-10-14,19,2024,10,14,14,24.87,53.74,0.95,0.0,50.0,40.0,16.0,50.333333333333336,31.571428571428573,12.0
Amritsar,Punjab,2024-10-15,12,2024,10,15,15,25.19,57.15,1.27,0.0,19.0,61.0,11.0,43.333333333333336,32.0,20.0
Amritsar,Punjab,2024-10-16,20,2024,10,16,16,25.23,61.29,1.03,0.0,12.0,50.0,13.0,27.0,32.142857142857146,39.0
Amritsar,Punjab,2024-10-17,39,2024,10,17,17,25.75,56.61,1.1,0.0,20.0,19.0,30.0,17.0,33.142857142857146,18.0
Amritsar,Punjab,2024-10-18,18,2024,10,18,18,25.62,54.11,1.13,0.0,39.0,12.0,40.0,23.666666666666668,34.42857142857143,22.0
Amritsar,Punjab,2024-10-19,22,2024,10,19,19,24.62,61.15,1.16,0.0,18.0,20.0,61.0,25.666666666666668,31.285714285714285,14.0
Amritsar,Punjab,2024-10-20,14,2024,10,20,20,24.27,65.26,1.0,0.0,22.0,39.0,50.0,26.333333333333332,25.714285714285715,5.0
Amritsar,Punjab,2024-10-21,5,2024,10,21,21,24.69,66.67,1.17,0.0,14.0,18.0,19.0,18.0,20.571428571428573,3.0
Amritsar,Punjab,2024-10-22,3,2024,10,22,22,24.45,67.6,1.0,0.0,5.0,22.0,12.0,13.666666666666666,18.571428571428573,15.0
Amritsar,Punjab,2024-10-23,15,2024,10,23,23,24.59,64.01,2.03,0.0,3.0,14.0,20.0,7.333333333333333,17.285714285714285,12.0
Amritsar,Punjab,2024-10-24,12,2024,10,24,24,23.76,60.42,1.5,0.0,15.0,5.0,39.0,7.666666666666667,16.571428571428573,13.0
Amritsar,Punjab,2024-10-25,13,2024,10,25,25,23.97,57.66,1.62,0.0,12.0,3.0,18.0,10.0,12.714285714285714,13.0
Amritsar,Punjab,2024-10-26,13,2024,10,26,26,23.15,58.18,1.11,0.0,13.0,15.0,22.0,13.333333333333334,12.0,13.0
Amritsar,Punjab,2024-10-27,13,2024,10,27,27,24.75,54.91,0.92,0.0,13.0,12.0,14.0,12.666666666666666,10.714285714285714,23.0
Amritsar,Punjab,2024-10-28,23,2024,10,28,28,25.13,62.39,1.08,0.0,13.0,13.0,5.0,13.0,10.571428571428571,27.0
Amritsar,Punjab,2024-10-29,27,2024,10,29,29,25.88,65.17,0.99,0.0,23.0,13.0,3.0,16.333333333333332,13.142857142857142,12.0
Amritsar,Punjab,2024-10-30,12,2024,10,30,30,26.18,54.18,1.37,0.0,27.0,13.0,15.0,21.0,16.571428571428573,33.0
Amritsar,Punjab,2024-10-31,33,2024,10,31,31,24.19,55.33,2.19,0.0,12.0,23.0,12.0,20.666666666666668,16.142857142857142,87.0
Amritsar,Punjab,2024-11-01,87,2024,11,1,32,23.33,51.44,1.43,0.0,33.0,27.0,13.0,24.0,19.142857142857142,44.0
Amritsar,Punjab,2024-11-02,44,2024,11,2,33,24.14,43.31,0.85,0.0,87.0,12.0,13.0,44.0,29.714285714285715,29.0
Amritsar,Punjab,2024-11-03,29,2024,11,3,34,23.44,49.47,0.87,0.0,44.0,33.0,13.0,54.666666666666664,34.142857142857146,17.0
Amritsar,Punjab,2024-11-04,17,2024,11,4,35,24.13,47.86,1.02,0.0,29.0,87.0,23.0,53.333333333333336,36.42857142857143,5.0
Amritsar,Punjab,2024-11-05,5,2024,11,5,36,23.1,56.5,1.15,0.0,17.0,44.0,27.0,30.0,35.57142857142857,8.0
Amritsar,Punjab,2024-11-06,8,2024,11,6,37,23.38,57.46,1.2,0.0,5.0,29.0,12.0,17.0,32.42857142857143,13.0
Amritsar,Punjab,2024-11-07,13,2024,11,7,38,23.06,61.71,0.89,0.0,8.0,17.0,33.0,10.0,31.857142857142858,11.0
Amritsar,Punjab,2024-11-08,11,2024,11,8,39,23.36,62.36,0.99,0.0,13.0,5.0,87.0,8.666666666666666,29.0,7.0
Amritsar,Punjab,2024-11-09,7,2024,11,9,40,23.56,62.35,0.85,0.0,11.0,8.0,44.0,10.666666666666666,18.142857142857142,2.0
Amritsar,Punjab,2024-11-10,2,2024,11,10,41,23.81,61.34,0.64,0.0,7.0,13.0,29.0,10.333333333333334,12.857142857142858,1.0
Amritsar,Punjab,2024-11-11,1,2024,11,11,42,23.35,63.5,1.04,1.16,2.0,11.0,17.0,6.666666666666667,9.0,5.0
Amritsar,Punjab,2024-11-12,5,2024,11,12,43,22.63,61.84,1.03,0.46,1.0,7.0,5.0,3.3333333333333335,6.714285714285714,10.0
Amritsar,Punjab,2024-11-13,10,2024,11,13,44,21.83,54.1,1.02,0.0,5.0,2.0,8.0,2.6666666666666665,6.714285714285714,0.0
Amritsar,Punjab,2024-11-14,0,2024,11,14,45,20.88,57.44,0.95,0.0,10.0,1.0,13.0,5.333333333333333,7.0,0.0
Amritsar,Punjab,2024-11-15,0,2024,11,15,46,20.66,58.82,1.59,0.0,0.0,5.0,11.0,5.0,5.142857142857143,0.0
Amritsar,Punjab,2024-11-16,0,2024,11,16,47,19.05,60.81,1.26,0.0,0.0,10.0,7.0,3.3333333333333335,3.5714285714285716,30.0
Amritsar,Punjab,2024-11-17,30,2024,11,17,48,19.03,52.83,1.51,0.01,0.0,0.0,2.0,0.0,2.5714285714285716,57.0
Amritsar,Punjab,2024-11-18,57,2024,11,18,49,18.95,49.8,1.37,0.0,30.0,0.0,1.0,10.0,6.571428571428571,36.0
Amritsar,Punjab,2024-11-19,36,2024,11,19,50,19.14,44.93,1.12,0.0,57.0,0.0,5.0,29.0,14.571428571428571,20.0
Amritsar,Punjab,2024-11-20,20,2024,11,20,51,18.62,42.91,1.2,0.0,36.0,30.0,10.0,41.0,19.0,5.0
Amritsar,Punjab,2024-11-21,5,2024,11,21,52,18.9,40.85,1.19,0.0,20.0,57.0,0.0,37.666666666666664,20.428571428571427,5.0
Amritsar,Punjab,2024-11-22,5,2024,11,22,53,18.72,46.16,0.94,0.0,5.0,36.0,0.0,20.333333333333332,21.142857142857142,2.0
Amritsar,Punjab,2024-11-23,2,2024,11,23,54,19.55,47.06,0.75,0.0,5.0,20.0,0.0,10.0,21.857142857142858,8.0
Amritsar,Punjab,2024-11-24,8,2024,11,24,55,18.38,54.53,1.3,0.01,2.0,5.0,30.0,4.0,22.142857142857142,2.0
Amritsar,Punjab,2024-11-25,2,2024,11,25,56,17.12,56.9,1.54,0.0,8.0,5.0,57.0,5.0,19.0,2.0
Amritsar,Punjab,2024-11-26,2,2024,11,26,57,17.04,51.7,1.12,0.0,2.0,2.0,36.0,4.0,11.142857142857142,0.0
Amritsar,Punjab,2024-11-27,0,2024,11,27,58,16.73,48.54,1.17,0.0,2.0,8.0,20.0,4.0,6.285714285714286,0.0
Amritsar,Punjab,2024-11-28,0,2024,11,28,59,17.29,45.56,1.14,0.0,0.0,2.0,5.0,1.3333333333333333,3.4285714285714284,1.0
Amritsar,Punjab,2024-11-29,1,2024,11,29,60,17.56,43.75,1.03,0.0,0.0,2.0,5.0,0.6666666666666666,2.7142857142857144,0.0
Amritsar,Punjab,2024-11-30,0,2024,11,30,61,16.58,44.86,1.14,0.0,1.0,0.0,2.0,0.3333333333333333,2.142857142857143,5.0
Amritsar,Punjab,2025-10-01,5,2025,10,1,1,27.48,76.7,1.0,0.08,0.0,0.0,8.0,0.3333333333333333,1.8571428571428572,2.0
Amritsar,Punjab,2025-10-02,2,2025,10,2,2,27.78,75.84,1.01,0.38,5.0,1.0,2.0,2.0,1.4285714285714286,9.0
Amritsar,Punjab,2025-10-03,9,2025,10,3,3,26.82,81.07,0.95,2.9,2.0,0.0,2.0,2.3333333333333335,1.4285714285714286,14.0
Amritsar,Punjab,2025-10-04,14,2025,10,4,4,26.33,79.53,1.34,0.53,9.0,5.0,0.0,5.333333333333333,2.4285714285714284,0.0
Amritsar,Punjab,2025-10-05,0,2025,10,5,5,25.77,77.34,1.13,15.49,14.0,2.0,0.0,8.333333333333334,4.428571428571429,0.0
Amritsar,Punjab,2025-10-06,0,2025,10,6,6,22.36,87.4,2.37,14.78,0.0,9.0,1.0,7.666666666666667,4.428571428571429,0.0
Amritsar,Punjab,2025-10-07,0,2025,10,7,7,20.9,86.7,1.18,19.94,0.0,14.0,0.0,4.666666666666667,4.285714285714286,0.0
Amritsar,Punjab,2025-10-08,0,2025,10,8,8,21.39,81.23,1.12,0.19,0.0,0.0,5.0,0.0,4.285714285714286,1.0
Amritsar,Punjab,2025-10-09,1,2025,10,9,9,22.5,73.03,0.94,0.06,0.0,0.0,2.0,0.0,3.5714285714285716,4.0
Amritsar,Punjab,2025-10-10,4,2025,10,10,10,22.47,73.94,1.22,0.01,1.0,0.0,9.0,0.3333333333333333,3.4285714285714284,13.0
Amritsar,Punjab,2025-10-11,13,2025,10,11,11,22.68,74.01,1.21,0.0,4.0,0.0,14.0,1.6666666666666667,2.7142857142857144,10.0
Amritsar,Punjab,2025-10-12,10,2025,10,12,12,22.34,72.33,1.17,0.0,13.0,1.0,0.0,6.0,2.5714285714285716,5.0
Amritsar,Punjab,2025-10-13,5,2025,10,13,13,22.83,67.99,1.22,0.0,10.0,4.0,0.0,9.0,4.0,7.0
Amritsar,Punjab,2025-10-14,7,2025,10,14,14,23.27,67.82,1.06,0.0,5.0,13.0,0.0,9.333333333333334,4.714285714285714,12.0
Amritsar,Punjab,2025-10-15,12,2025,10,15,15,23.82,70.43,0.87,0.0,7.0,10.0,0.0,7.333333333333333,5.714285714285714,16.0
Amritsar,Punjab,2025-10-16,16,2025,10,16,16,23.84,72.18,1.26,0.0,12.0,5.0,1.0,8.0,7.428571428571429,8.0
Amritsar,Punjab,2025-10-17,8,2025,10,17,17,23.55,71.76,1.19,0.0,16.0,7.0,4.0,11.666666666666666,9.571428571428571,6.0
Amritsar,Punjab,2025-10-18,6,2025,10,18,18,23.98,67.83,1.0,0.0,8.0,12.0,13.0,12.0,10.142857142857142,45.0
Amritsar,Punjab,2025-10-19,45,2025,10,19,19,24.3,65.42,1.09,0.0,6.0,16.0,10.0,10.0,9.142857142857142,20.0
Amritsar,Punjab,2025-10-20,20,2025,10,20,20,23.64,61.5,1.01,0.0,45.0,8.0,5.0,19.666666666666668,14.142857142857142,19.0
Amritsar,Punjab,2025-10-21,19,2025,10,21,21,23.23,58.34,1.15,0.0,20.0,6.0,7.0,23.666666666666668,16.285714285714285,22.0
Amritsar,Punjab,2025-10-22,22,2025,10,22,22,22.94,60.24,0.88,0.01,19.0,45.0,12.0,28.0,18.0,16.0
Amritsar,Punjab,2025-10-23,16,2025,10,23,23,23.05,63.4,1.22,0.0,22.0,20.0,16.0,20.333333333333332,19.428571428571427,1.0
Amritsar,Punjab,2025-10-24,1,2025,10,24,24,22.68,64.6,1.2,0.02,16.0,19.0,8.0,19.0,19.428571428571427,13.0
Amritsar,Punjab,2025-10-25,13,2025,10,25,25,22.43,63.69,0.99,0.0,1.0,22.0,6.0,13.0,18.428571428571427,22.0
Amritsar,Punjab,2025-10-26,22,2025,10,26,26,22.42,64.17,0.92,0.0,13.0,16.0,45.0,10.0,19.428571428571427,24.0
Amritsar,Punjab,2025-10-27,24,2025,10,27,27,23.56,60.7,0.73,0.0,22.0,1.0,20.0,12.0,16.142857142857142,6.0
Amritsar,Punjab,2025-10-28,6,2025,10,28,28,22.27,69.16,1.08,0.0,24.0,13.0,19.0,19.666666666666668,16.714285714285715,7.0
Amritsar,Punjab,2025-10-29,7,2025,10,29,29,21.98,71.82,1.15,0.0,6.0,22.0,22.0,17.333333333333332,14.857142857142858,23.0
Amritsar,Punjab,2025-10-30,23,2025,10,30,30,22.62,69.71,0.89,0.0,7.0,24.0,16.0,12.333333333333334,12.714285714285714,27.0
Amritsar,Punjab,2025-10-31,27,2025,10,31,31,22.53,66.09,1.21,0.0,23.0,6.0,1.0,12.0,13.714285714285714,37.0
Amritsar,Punjab,2025-11-01,37,2025,11,1,32,21.68,62.57,1.24,0.0,27.0,7.0,13.0,19.0,17.428571428571427,28.0
Amritsar,Punjab,2025-11-02,28,2025,11,2,33,21.08,63.45,1.37,0.0,37.0,23.0,22.0,29.0,20.857142857142858,9.0
Amritsar,Punjab,2025-11-03,9,2025,11,3,34,20.54,62.44,1.36,0.0,28.0,27.0,24.0,30.666666666666668,21.714285714285715,26.0
Amritsar,Punjab,2025-11-04,26,2025,11,4,35,19.67,69.53,1.86,2.16,9.0,37.0,6.0,24.666666666666668,19.571428571428573,29.0
Amritsar,Punjab,2025-11-05,29,2025,11,5,36,18.87,70.89,1.65,0.26,26.0,28.0,7.0,21.0,22.428571428571427,23.0
Amritsar,Punjab,2025-11-06,23,2025,11,6,37,17.04,59.4,1.51,0.0,29.0,9.0,23.0,21.333333333333332,25.571428571428573,8.0
Amritsar,Punjab,2025-11-07,8,2025,11,7,38,17.93,48.79,1.23,0.0,23.0,26.0,27.0,26.0,25.571428571428573,13.0
Amritsar,Punjab,2025-11-08,13,2025,11,8,39,18.19,48.39,1.04,0.0,8.0,29.0,37.0,20.0,22.857142857142858,15.0
Amritsar,Punjab,2025-11-09,15,2025,11,9,40,17.86,53.07,1.33,0.0,13.0,23.0,28.0,14.666666666666666,19.428571428571427,9.0
Amritsar,Punjab,2025-11-10,9,2025,11,10,41,17.85,50.39,1.18,0.0,15.0,8.0,9.0,12.0,17.571428571428573,7.0
Amritsar,Punjab,2025-11-11,7,2025,11,11,42,17.66,53.34,1.18,0.0,9.0,13.0,26.0,12.333333333333334,17.571428571428573,4.0
Amritsar,Punjab,2025-11-12,4,2025,11,12,43,17.12,54.4,1.46,0.0,7.0,15.0,29.0,10.333333333333334,14.857142857142858,2.0
Amritsar,Punjab,2025-11-13,2,2025,11,13,44,17.1,54.53,1.2,0.0,4.0,9.0,23.0,6.666666666666667,11.285714285714286,2.0
Amritsar,Punjab,2025-11-14,2,2025,11,14,45,17.1,50.56,0.91,0.0,2.0,7.0,8.0,4.333333333333333,8.285714285714286,2.0
Amritsar,Punjab,2025-11-15,2,2025,11,15,46,16.93,49.56,1.07,0.0,2.0,4.0,13.0,2.6666666666666665,7.428571428571429,6.0
Amritsar,Punjab,2025-11-16,6,2025,11,16,47,16.3,54.88,1.26,0.0,2.0,2.0,15.0,2.0,5.857142857142857,0.0
Amritsar,Punjab,2025-11-17,0,2025,11,17,48,17.0,52.31,0.95,0.0,6.0,2.0,9.0,3.3333333333333335,4.571428571428571,0.0
Amritsar,Punjab,2025-11-18,0,2025,11,18,49,16.47,56.65,0.97,0.0,0.0,2.0,7.0,2.6666666666666665,3.2857142857142856,0.0
Amritsar,Punjab,2025-11-19,0,2025,11,19,50,16.99,54.61,0.81,0.0,0.0,6.0,4.0,2.0,2.2857142857142856,0.0
Amritsar,Punjab,2025-11-20,0,2025,11,20,51,17.63,56.52,0.66,0.0,0.0,0.0,2.0,0.0,1.7142857142857142,0.0
Amritsar,Punjab,2025-11-21,0,2025,11,21,52,17.26,61.8,0.77,0.0,0.0,0.0,2.0,0.0,1.4285714285714286,1.0
Amritsar,Punjab,2025-11-22,1,2025,11,22,53,16.32,63.07,1.28,0.0,0.0,0.0,2.0,0.0,1.1428571428571428,4.0
Amritsar,Punjab,2025-11-23,4,2025,11,23,54,15.96,55.44,0.91,0.0,1.0,0.0,6.0,0.3333333333333333,1.0,0.0
Amritsar,Punjab,2025-11-24,0,2025,11,24,55,15.14,55.65,1.19,0.0,4.0,0.0,0.0,1.6666666666666667,0.7142857142857143,0.0
Amritsar,Punjab,2025-11-25,0,2025,11,25,56,15.04,54.94,1.07,0.0,0.0,1.0,0.0,1.6666666666666667,0.7142857142857143,0.0
Amritsar,Punjab,2025-11-26,0,2025,11,26,57,15.07,53.11,0.93,0.0,0.0,4.0,0.0,1.3333333333333333,0.7142857142857143,0.0
Amritsar,Punjab,2025-11-27,0,2025,11,27,58,15.16,52.08,0.76,0.0,0.0,0.0,0.0,0.0,0.7142857142857143,0.0
Amritsar,Punjab,2025-11-28,0,2025,11,28,59,15.28,52.37,0.94,0.0,0.0,0.0,0.0,0.0,0.7142857142857143,0.0
Amritsar,Punjab,2025-11-29,0,2025,11,29,60,15.12,52.55,0.98,0.0,0.0,0.0,1.0,0.0,0.7142857142857143,1.0
Barnala,Punjab,2023-10-08,0,2023,10,8,8,26.64,62.77,1.31,0.0,2.0,1.0,0.0,1.6666666666666667,1.2857142857142858,0.0
Barnala,Punjab,2023-10-09,0,2023,10,9,9,26.98,64.41,0.99,0.0,0.0,2.0,1.0,1.3333333333333333,1.2857142857142858,0.0
Barnala,Punjab,2023-10-10,0,2023,10,10,10,25.4,72.32,1.47,11.63,0.0,2.0,2.0,0.6666666666666666,1.1428571428571428,0.0
Barnala,Punjab,2023-10-11,0,2023,10,11,11,24.45,64.93,1.3,0.0,0.0,0.0,1.0,0.0,0.8571428571428571,2.0
Barnala,Punjab,2023-10-12,2,2023,10,12,12,24.66,56.08,1.0,0.0,0.0,0.0,1.0,0.0,0.7142857142857143,2.0
Barnala,Punjab,2023-10-13,2,2023,10,13,13,24.62,60.23,1.12,0.0,2.0,0.0,2.0,0.6666666666666666,0.8571428571428571,1.0
Barnala,Punjab,2023-10-14,1,2023,10,14,14,25.14,60.89,1.48,2.2,2.0,0.0,2.0,1.3333333333333333,0.8571428571428571,0.0
Barnala,Punjab,2023-10-15,0,2023,10,15,15,23.99,65.95,0.97,2.71,1.0,2.0,0.0,1.6666666666666667,0.7142857142857143,0.0
Barnala,Punjab,2023-10-16,0,2023,10,16,16,21.83,79.56,1.85,43.33,0.0,2.0,0.0,1.0,0.7142857142857143,0.0
Barnala,Punjab,2023-10-17,0,2023,10,17,17,21.26,82.48,1.42,4.32,0.0,1.0,0.0,0.3333333333333333,0.7142857142857143,0.0
Barnala,Punjab,2023-10-18,0,2023,10,18,18,20.29,78.06,1.81,0.2,0.0,0.0,0.0,0.0,0.7142857142857143,1.0
Barnala,Punjab,2023-10-19,1,2023,10,19,19,20.47,69.91,1.33,0.0,0.0,0.0,2.0,0.0,0.7142857142857143,0.0
Barnala,Punjab,2023-10-20,0,2023,10,20,20,21.05,65.37,0.94,0.0,1.0,0.0,2.0,0.3333333333333333,0.5714285714285714,2.0
Barnala,Punjab,2023-10-21,2,2023,10,21,21,21.61,62.56,0.93,0.0,0.0,0.0,1.0,0.3333333333333333,0.2857142857142857,4.0
Barnala,Punjab,2023-10-22,4,2023,10,22,22,21.58,67.47,1.13,0.25,2.0,1.0,0.0,1.0,0.42857142857142855,1.0
Barnala,Punjab,2023-10-23,1,2023,10,23,23,21.2,75.06,1.4,0.0,4.0,0.0,0.0,2.0,1.0,6.0
Barnala,Punjab,2023-10-24,6,2023,10,24,24,22.21,69.34,1.22,0.01,1.0,2.0,0.0,2.3333333333333335,1.1428571428571428,4.0
Barnala,Punjab,2023-10-25,4,2023,10,25,25,21.86,69.73,1.34,0.0,6.0,4.0,0.0,3.6666666666666665,2.0,8.0
Barnala,Punjab,2023-10-26,8,2023,10,26,26,22.23,59.23,1.34,0.0,4.0,1.0,1.0,3.6666666666666665,2.5714285714285716,21.0
Barnala,Punjab,2023-10-27,21,2023,10,27,27,22.43,55.62,1.0,0.0,8.0,6.0,0.0,6.0,3.5714285714285716,2.0
Barnala,Punjab,2023-10-28,2,2023,10,28,28,22.75,59.92,0.96,0.0,21.0,4.0,2.0,11.0,6.571428571428571,42.0
Barnala,Punjab,2023-10-29,42,2023,10,29,29,23.49,62.2,0.8,0.0,2.0,8.0,4.0,10.333333333333334,6.571428571428571,51.0
Barnala,Punjab,2023-10-30,51,2023,10,30,30,22.28,66.81,1.07,0.0,42.0,21.0,1.0,21.666666666666668,12.0,62.0
Barnala,Punjab,2023-10-31,62,2023,10,31,31,22.38,63.37,0.97,0.0,51.0,2.0,6.0,31.666666666666668,19.142857142857142,78.0
Barnala,Punjab,2023-11-01,78,2023,11,1,32,22.59,61.21,1.0,0.0,62.0,42.0,4.0,51.666666666666664,27.142857142857142,80.0
Barnala,Punjab,2023-11-02,80,2023,11,2,33,22.52,66.45,0.9,0.0,78.0,51.0,8.0,63.666666666666664,37.714285714285715,81.0
Barnala,Punjab,2023-11-03,81,2023,11,3,34,21.73,71.84,0.95,0.0,80.0,62.0,21.0,73.33333333333333,48.0,169.0
Barnala,Punjab,2023-11-04,169,2023,11,4,35,21.38,66.82,1.18,0.0,81.0,78.0,2.0,79.66666666666667,56.57142857142857,345.0
Barnala,Punjab,2023-11-05,345,2023,11,5,36,21.75,57.34,0.86,0.0,169.0,80.0,42.0,110.0,80.42857142857143,290.0
Barnala,Punjab,2023-11-06,290,2023,11,6,37,20.37,58.69,1.16,0.0,345.0,81.0,51.0,198.33333333333334,123.71428571428571,342.0
Barnala,Punjab,2023-11-07,342,2023,11,7,38,20.32,67.64,1.16,0.0,290.0,169.0,62.0,268.0,157.85714285714286,388.0
Barnala,Punjab,2023-11-08,388,2023,11,8,39,20.95,73.71,1.2,0.0,342.0,345.0,78.0,325.6666666666667,197.85714285714286,137.0
Barnala,Punjab,2023-11-09,137,2023,11,9,40,22.56,60.49,0.9,0.0,388.0,290.0,80.0,340.0,242.14285714285714,0.0
Barnala,Punjab,2023-11-10,0,2023,11,10,41,19.26,74.21,1.68,4.39,137.0,342.0,81.0,289.0,250.28571428571428,1.0
Barnala,Punjab,2023-11-11,1,2023,11,11,42,18.16,78.33,1.64,0.0,0.0,388.0,169.0,175.0,238.71428571428572,124.0
Barnala,Punjab,2023-11-12,124,2023,11,12,43,18.1,72.8,1.75,0.0,1.0,137.0,345.0,46.0,214.71428571428572,346.0
Barnala,Punjab,2023-11-13,346,2023,11,13,44,17.95,63.01,1.14,0.0,124.0,0.0,290.0,41.666666666666664,183.14285714285714,486.0
Barnala,Punjab,2023-11-14,486,2023,11,14,45,17.69,64.71,1.56,0.0,346.0,1.0,342.0,157.0,191.14285714285714,400.0
Barnala,Punjab,2023-11-15,400,2023,11,15,46,17.94,62.74,1.57,0.0,486.0,124.0,388.0,318.6666666666667,211.71428571428572,290.0
Barnala,Punjab,2023-11-16,290,2023,11,16,47,18.79,61.12,1.05,0.0,400.0,346.0,137.0,410.6666666666667,213.42857142857142,183.0
Barnala,Punjab,2023-11-17,183,2023,11,17,48,19.16,62.27,1.79,0.0,290.0,486.0,0.0,392.0,235.28571428571428,114.0
Barnala,Punjab,2023-11-18,114,2023,11,18,49,18.87,59.6,1.28,0.0,183.0,400.0,1.0,291.0,261.42857142857144,116.0
Barnala,Punjab,2023-11-19,116,2023,11,19,50,19.06,60.67,1.15,0.0,114.0,290.0,124.0,195.66666666666666,277.57142857142856,34.0
Barnala,Punjab,2023-11-20,34,2023,11,20,51,17.79,65.38,1.42,0.0,116.0,183.0,346.0,137.66666666666666,276.42857142857144,91.0
Barnala,Punjab,2023-11-21,91,2023,11,21,52,17.17,67.76,1.79,0.0,34.0,114.0,486.0,88.0,231.85714285714286,45.0
Barnala,Punjab,2023-11-22,45,2023,11,22,53,16.59,64.42,1.55,0.0,91.0,116.0,400.0,80.33333333333333,175.42857142857142,8.0
Barnala,Punjab,2023-11-23,8,2023,11,23,54,18.11,51.68,0.74,0.0,45.0,34.0,290.0,56.666666666666664,124.71428571428571,21.0
Barnala,Punjab,2023-11-24,21,2023,11,24,55,16.75,58.31,1.26,0.0,8.0,91.0,183.0,48.0,84.42857142857143,0.0
Barnala,Punjab,2023-11-25,0,2023,11,25,56,16.51,64.51,0.78,0.0,21.0,45.0,114.0,24.666666666666668,61.285714285714285,0.0
Barnala,Punjab,2023-11-26,0,2023,11,26,57,15.6,67.26,1.26,0.0,0.0,8.0,116.0,9.666666666666666,45.0,0.0
Barnala,Punjab,2023-11-27,0,2023,11,27,58,16.05,70.55,1.19,0.03,0.0,21.0,34.0,7.0,28.428571428571427,1.0
Barnala,Punjab,2023-11-28,1,2023,11,28,59,16.41,68.22,1.28,0.0,0.0,0.0,91.0,0.0,23.571428571428573,7.0
Barnala,Punjab,2023-11-29,7,2023,11,29,60,19.08,60.85,0.75,0.09,1.0,0.0,45.0,0.3333333333333333,10.714285714285714,0.0
Barnala,Punjab,2023-11-30,0,2023,11,30,61,18.32,71.55,1.33,8.34,7.0,0.0,8.0,2.6666666666666665,5.285714285714286,0.0
Barnala,Punjab,2024-10-01,0,2024,10,1,1,29.49,64.34,1.62,0.0,0.0,1.0,21.0,2.6666666666666665,4.142857142857143,2.0
Barnala,Punjab,2024-10-02,2,2024,10,2,2,29.23,60.2,1.32,0.0,0.0,7.0,0.0,2.3333333333333335,1.1428571428571428,0.0
Barnala,Punjab,2024-10-03,0,2024,10,3,3,29.34,52.88,1.07,0.0,2.0,0.0,0.0,0.6666666666666666,1.4285714285714286,0.0
Barnala,Punjab,2024-10-04,0,2024,10,4,4,28.79,51.88,1.04,0.0,0.0,0.0,0.0,0.6666666666666666,1.4285714285714286,1.0
Barnala,Punjab,2024-10-05,1,2024,10,5,5,29.07,56.3,1.22,0.32,0.0,2.0,1.0,0.6666666666666666,1.4285714285714286,1.0
Barnala,Punjab,2024-10-06,1,2024,10,6,6,28.38,57.86,0.98,3.33,1.0,0.0,7.0,0.3333333333333333,1.4285714285714286,2.0
Barnala,Punjab,2024-10-07,2,2024,10,7,7,27.59,60.27,1.28,0.0,1.0,0.0,0.0,0.6666666666666666,0.5714285714285714,0.0
Barnala,Punjab,2024-10-08,0,2024,10,8,8,27.34,60.3,1.28,0.0,2.0,1.0,0.0,1.3333333333333333,0.8571428571428571,1.0
Barnala,Punjab,2024-10-09,1,2024,10,9,9,26.8,61.36,1.85,0.0,0.0,1.0,2.0,1.0,0.8571428571428571,0.0
Barnala,Punjab,2024-10-10,0,2024,10,10,10,26.24,56.66,1.63,0.0,1.0,2.0,0.0,1.0,0.7142857142857143,0.0
Barnala,Punjab,2024-10-11,0,2024,10,11,11,26.89,50.21,1.67,0.0,0.0,0.0,0.0,0.3333333333333333,0.7142857142857143,2.0
Barnala,Punjab,2024-10-12,2,2024,10,12,12,27.44,44.0,1.04,0.0,0.0,1.0,1.0,0.3333333333333333,0.7142857142857143,3.0
Barnala,Punjab,2024-10-13,3,2024,10,13,13,26.9,41.12,1.07,0.0,2.0,0.0,1.0,0.6666666666666666,0.8571428571428571,0.0
Barnala,Punjab,2024-10-14,0,2024,10,14,14,25.83,44.34,1.35,0.0,3.0,0.0,2.0,1.6666666666666667,1.1428571428571428,0.0
Barnala,Punjab,2024-10-15,0,2024,10,15,15,26.83,43.93,1.39,0.0,0.0,2.0,0.0,1.6666666666666667,0.8571428571428571,1.0
Barnala,Punjab,2024-10-16,1,2024,10,16,16,27.08,45.9,1.08,0.0,0.0,3.0,1.0,1.0,0.8571428571428571,0.0
Barnala,Punjab,2024-10-17,0,2024,10,17,17,27.1,45.47,1.17,0.0,1.0,0.0,0.0,0.3333333333333333,0.8571428571428571,1.0
Barnala,Punjab,2024-10-18,1,2024,10,18,18,27.34,43.56,1.03,0.0,0.0,0.0,0.0,0.3333333333333333,0.8571428571428571,1.0
Barnala,Punjab,2024-10-19,1,2024,10,19,19,26.62,46.76,1.34,0.0,1.0,1.0,2.0,0.6666666666666666,1.0,2.0
Barnala,Punjab,2024-10-20,2,2024,10,20,20,26.27,49.44,1.02,0.0,1.0,0.0,3.0,0.6666666666666666,0.8571428571428571,1.0
Barnala,Punjab,2024-10-21,1,2024,10,21,21,25.96,52.72,1.05,0.0,2.0,1.0,0.0,1.3333333333333333,0.7142857142857143,2.0
Barnala,Punjab,2024-10-22,2,2024,10,22,22,25.56,59.14,1.08,0.0,1.0,1.0,0.0,1.3333333333333333,0.8571428571428571,1.0
Barnala,Punjab,2024-10-23,1,2024,10,23,23,26.23,52.79,2.01,0.0,2.0,2.0,1.0,1.6666666666666667,1.1428571428571428,0.0
Barnala,Punjab,2024-10-24,0,2024,10,24,24,25.27,56.14,2.22,0.0,1.0,1.0,0.0,1.3333333333333333,1.1428571428571428,4.0
Barnala,Punjab,2024-10-25,4,2024,10,25,25,25.69,51.89,1.98,0.0,0.0,2.0,1.0,1.0,1.1428571428571428,1.0
Barnala,Punjab,2024-10-26,1,2024,10,26,26,25.65,46.23,1.59,0.0,4.0,1.0,1.0,1.6666666666666667,1.5714285714285714,7.0
Barnala,Punjab,2024-10-27,7,2024,10,27,27,26.07,47.18,1.16,0.0,1.0,0.0,2.0,1.6666666666666667,1.5714285714285714,8.0
Barnala,Punjab,2024-10-28,8,2024,10,28,28,25.95,63.99,1.9,0.0,7.0,4.0,1.0,4.0,2.2857142857142856,8.0
Barnala,Punjab,2024-10-29,8,2024,10,29,29,27.32,60.96,1.4,0.0,8.0,1.0,2.0,5.333333333333333,3.2857142857142856,8.0
Barnala,Punjab,2024-10-30,8,2024,10,30,30,27.2,53.93,1.46,0.0,8.0,7.0,1.0,7.666666666666667,4.142857142857143,18.0
Barnala,Punjab,2024-10-31,18,2024,10,31,31,25.88,46.73,2.41,0.0,8.0,8.0,0.0,8.0,5.142857142857143,23.0
Barnala,Punjab,2024-11-01,23,2024,11,1,32,24.68,40.66,1.85,0.0,18.0,8.0,4.0,11.333333333333334,7.714285714285714,16.0
Barnala,Punjab,2024-11-02,16,2024,11,2,33,25.31,34.33,0.98,0.0,23.0,8.0,1.0,16.333333333333332,10.428571428571429,13.0
Barnala,Punjab,2024-11-03,13,2024,11,3,34,24.01,40.11,0.94,0.0,16.0,18.0,7.0,19.0,12.571428571428571,9.0
Barnala,Punjab,2024-11-04,9,2024,11,4,35,24.93,38.19,1.17,0.0,13.0,23.0,8.0,17.333333333333332,13.428571428571429,8.0
Barnala,Punjab,2024-11-05,8,2024,11,5,36,23.82,49.57,1.52,0.0,9.0,16.0,8.0,12.666666666666666,13.571428571428571,1.0
Barnala,Punjab,2024-11-06,1,2024,11,6,37,24.27,51.08,1.11,0.0,8.0,13.0,8.0,10.0,13.571428571428571,18.0
Barnala,Punjab,2024-11-07,18,2024,11,7,38,24.58,51.76,1.01,0.0,1.0,9.0,18.0,6.0,12.571428571428571,24.0
Barnala,Punjab,2024-11-08,24,2024,11,8,39,24.62,53.58,1.05,0.0,18.0,8.0,23.0,9.0,12.571428571428571,35.0
Barnala,Punjab,2024-11-09,35,2024,11,9,40,23.89,62.26,1.49,0.0,24.0,1.0,16.0,14.333333333333334,12.714285714285714,6.0
Barnala,Punjab,2024-11-10,6,2024,11,10,41,24.25,63.05,0.78,0.0,35.0,18.0,13.0,25.666666666666668,15.428571428571429,8.0
Barnala,Punjab,2024-11-11,8,2024,11,11,42,24.55,58.66,1.17,0.0,6.0,24.0,9.0,21.666666666666668,14.428571428571429,0.0
Barnala,Punjab,2024-11-12,0,2024,11,12,43,23.36,50.28,1.16,0.0,8.0,35.0,8.0,16.333333333333332,14.285714285714286,16.0
Barnala,Punjab,2024-11-13,16,2024,11,13,44,22.39,51.07,1.25,0.0,0.0,6.0,1.0,4.666666666666667,13.142857142857142,0.0
Barnala,Punjab,2024-11-14,0,2024,11,14,45,21.56,45.01,1.13,0.0,16.0,8.0,18.0,8.0,15.285714285714286,2.0
Barnala,Punjab,2024-11-15,2,2024,11,15,46,20.83,50.06,1.61,0.0,0.0,0.0,24.0,5.333333333333333,12.714285714285714,21.0
Barnala,Punjab,2024-11-16,21,2024,11,16,47,20.33,53.05,1.53,0.0,2.0,16.0,35.0,6.0,9.571428571428571,17.0
Barnala,Punjab,2024-11-17,17,2024,11,17,48,19.45,48.62,1.75,0.0,21.0,0.0,6.0,7.666666666666667,7.571428571428571,68.0
Barnala,Punjab,2024-11-18,68,2024,11,18,49,18.98,44.09,1.57,0.0,17.0,2.0,8.0,13.333333333333334,9.142857142857142,26.0
Barnala,Punjab,2024-11-19,26,2024,11,19,50,18.95,38.64,1.63,0.0,68.0,21.0,0.0,35.333333333333336,17.714285714285715,13.0
Barnala,Punjab,2024-11-20,13,2024,11,20,51,18.88,36.59,1.46,0.0,26.0,17.0,16.0,37.0,21.428571428571427,8.0
Barnala,Punjab,2024-11-21,8,2024,11,21,52,19.35,34.59,1.26,0.0,13.0,68.0,0.0,35.666666666666664,21.0,6.0
Barnala,Punjab,2024-11-22,6,2024,11,22,53,20.46,32.6,1.1,0.0,8.0,26.0,2.0,15.666666666666666,22.142857142857142,29.0
Barnala,Punjab,2024-11-23,29,2024,11,23,54,19.67,38.66,1.01,0.0,6.0,13.0,21.0,9.0,22.714285714285715,4.0
Barnala,Punjab,2024-11-24,4,2024,11,24,55,19.15,44.23,1.63,0.0,29.0,8.0,17.0,14.333333333333334,23.857142857142858,3.0
Barnala,Punjab,2024-11-25,3,2024,11,25,56,17.69,51.46,1.86,0.0,4.0,6.0,68.0,13.0,22.0,1.0
Barnala,Punjab,2024-11-26,1,2024,11,26,57,17.84,45.05,1.58,0.0,3.0,29.0,26.0,12.0,12.714285714285714,3.0
Barnala,Punjab,2024-11-27,3,2024,11,27,58,18.15,41.02,1.23,0.0,1.0,4.0,13.0,2.6666666666666665,9.142857142857142,0.0
Barnala,Punjab,2024-11-28,0,2024,11,28,59,18.27,39.84,1.18,0.0,3.0,3.0,8.0,2.3333333333333335,7.714285714285714,1.0
Barnala,Punjab,2024-11-29,1,2024,11,29,60,18.39,40.23,1.09,0.0,0.0,1.0,6.0,1.3333333333333333,6.571428571428571,0.0
Barnala,Punjab,2024-11-30,0,2024,11,30,61,17.21,40.86,1.67,0.0,1.0,3.0,29.0,1.3333333333333333,5.857142857142857,0.0
Barnala,Punjab,2025-10-01,0,2025,10,1,1,28.05,73.81,1.04,0.04,0.0,0.0,4.0,0.3333333333333333,1.7142857142857142,0.0
Barnala,Punjab,2025-10-02,0,2025,10,2,2,28.37,71.13,0.83,0.43,0.0,1.0,3.0,0.3333333333333333,1.1428571428571428,0.0
Barnala,Punjab,2025-10-03,0,2025,10,3,3,27.28,77.31,1.01,0.64,0.0,0.0,1.0,0.0,0.7142857142857143,0.0
Barnala,Punjab,2025-10-04,0,2025,10,4,4,27.22,75.21,1.43,0.05,0.0,0.0,3.0,0.0,0.5714285714285714,0.0
Barnala,Punjab,2025-10-05,0,2025,10,5,5,27.38,68.22,0.7,5.47,0.0,0.0,0.0,0.0,0.14285714285714285,0.0
Barnala,Punjab,2025-10-06,0,2025,10,6,6,23.57,81.52,2.15,7.45,0.0,0.0,1.0,0.0,0.14285714285714285,0.0
Barnala,Punjab,2025-10-07,0,2025,10,7,7,22.5,87.72,1.6,24.93,0.0,0.0,0.0,0.0,0.0,0.0
Barnala,Punjab,2025-10-08,0,2025,10,8,8,21.95,83.08,1.78,3.83,0.0,0.0,0.0,0.0,0.0,0.0
Barnala,Punjab,2025-10-09,0,2025,10,9,9,22.0,73.2,1.28,0.02,0.0,0.0,0.0,0.0,0.0,1.0
Barnala,Punjab,2025-10-10,1,2025,10,10,10,22.91,66.55,1.07,0.0,0.0,0.0,0.0,0.0,0.0,0.0
Barnala,Punjab,2025-10-11,0,2025,10,11,11,23.45,68.09,1.1,0.0,1.0,0.0,0.0,0.3333333333333333,0.14285714285714285,0.0
Barnala,Punjab,2025-10-12,0,2025,10,12,12,22.87,68.24,1.36,0.0,0.0,0.0,0.0,0.3333333333333333,0.14285714285714285,0.0
Barnala,Punjab,2025-10-13,0,2025,10,13,13,23.76,59.73,1.14,0.0,0.0,1.0,0.0,0.3333333333333333,0.14285714285714285,0.0
Barnala,Punjab,2025-10-14,0,2025,10,14,14,23.88,55.6,0.85,0.0,0.0,0.0,0.0,0.0,0.14285714285714285,0.0
Barnala,Punjab,2025-10-15,0,2025,10,15,15,23.94,57.2,0.84,0.0,0.0,0.0,0.0,0.0,0.14285714285714285,0.0
Barnala,Punjab,2025-10-16,0,2025,10,16,16,23.96,65.22,1.1,0.0,0.0,0.0,0.0,0.0,0.14285714285714285,0.0
Barnala,Punjab,2025-10-17,0,2025,10,17,17,24.11,69.44,1.13,0.0,0.0,0.0,1.0,0.0,0.14285714285714285,0.0
Barnala,Punjab,2025-10-18,0,2025,10,18,18,24.23,68.54,1.02,0.0,0.0,0.0,0.0,0.0,0.0,0.0
Barnala,Punjab,2025-10-19,0,2025,10,19,19,24.84,61.01,0.8,0.0,0.0,0.0,0.0,0.0,0.0,0.0
Barnala,Punjab,2025-10-20,0,2025,10,20,20,24.33,59.11,0.93,0.0,0.0,0.0,0.0,0.0,0.0,0.0
Barnala,Punjab,2025-10-21,0,2025,10,21,21,23.55,57.26,1.19,0.0,0.0,0.0,0.0,0.0,0.0,0.0
Barnala,Punjab,2025-10-22,0,2025,10,22,22,23.3,56.45,1.4,0.0,0.0,0.0,0.0,0.0,0.0,0.0
Barnala,Punjab,2025-10-23,0,2025,10,23,23,23.75,54.6,1.12,0.06,0.0,0.0,0.0,0.0,0.0,0.0
Barnala,Punjab,2025-10-24,0,2025,10,24,24,24.2,59.0,0.91,0.09,0.0,0.0,0.0,0.0,0.0,0.0
Barnala,Punjab,2025-10-25,0,2025,10,25,25,23.29,62.29,1.13,0.0,0.0,0.0,0.0,0.0,0.0,3.0
Barnala,Punjab,2025-10-26,3,2025,10,26,26,23.42,60.01,1.01,0.0,0.0,0.0,0.0,0.0,0.0,2.0
Barnala,Punjab,2025-10-27,2,2025,10,27,27,23.99,52.91,0.78,0.0,3.0,0.0,0.0,1.0,0.42857142857142855,1.0
Barnala,Punjab,2025-10-28,1,2025,10,28,28,22.94,60.68,0.71,0.0,2.0,0.0,0.0,1.6666666666666667,0.7142857142857143,3.0
Barnala,Punjab,2025-10-29,3,2025,10,29,29,22.37,63.18,1.24,0.0,1.0,3.0,0.0,2.0,0.8571428571428571,3.0
Barnala,Punjab,2025-10-30,3,2025,10,30,30,23.52,68.75,0.89,0.0,3.0,2.0,0.0,2.0,1.2857142857142858,6.0
Barnala,Punjab,2025-10-31,6,2025,10,31,31,23.56,65.55,1.42,0.0,3.0,1.0,0.0,2.3333333333333335,1.7142857142857142,10.0
Barnala,Punjab,2025-11-01,10,2025,11,1,32,22.57,61.63,1.43,0.0,6.0,3.0,0.0,4.0,2.5714285714285716,8.0
Barnala,Punjab,2025-11-02,8,2025,11,2,33,21.81,58.37,1.68,0.0,10.0,3.0,3.0,6.333333333333333,4.0,6.0
Barnala,Punjab,2025-11-03,6,2025,11,3,34,21.99,51.35,1.42,0.0,8.0,6.0,2.0,8.0,4.714285714285714,12.0
Barnala,Punjab,2025-11-04,12,2025,11,4,35,21.31,57.25,1.85,0.0,6.0,10.0,1.0,8.0,5.285714285714286,2.0
Barnala,Punjab,2025-11-05,2,2025,11,5,36,20.15,62.5,1.84,0.48,12.0,8.0,3.0,8.666666666666666,6.857142857142857,1.0
Barnala,Punjab,2025-11-06,1,2025,11,6,37,17.26,54.58,1.97,0.0,2.0,6.0,3.0,6.666666666666667,6.714285714285714,0.0
Barnala,Punjab,2025-11-07,0,2025,11,7,38,17.3,44.9,1.73,0.0,1.0,12.0,6.0,5.0,6.428571428571429,2.0
Barnala,Punjab,2025-11-08,2,2025,11,8,39,17.85,43.26,1.49,0.0,0.0,2.0,10.0,1.0,5.571428571428571,4.0
Barnala,Punjab,2025-11-09,4,2025,11,9,40,17.41,48.55,1.61,0.0,2.0,1.0,8.0,1.0,4.428571428571429,8.0
Barnala,Punjab,2025-11-10,8,2025,11,10,41,17.94,45.16,1.35,0.0,4.0,0.0,6.0,2.0,3.857142857142857,2.0
Barnala,Punjab,2025-11-11,2,2025,11,11,42,17.14,50.73,1.63,0.0,8.0,2.0,12.0,4.666666666666667,4.142857142857143,2.0
Barnala,Punjab,2025-11-12,2,2025,11,12,43,16.95,49.85,1.75,0.0,2.0,4.0,2.0,4.666666666666667,2.7142857142857144,2.0
Barnala,Punjab,2025-11-13,2,2025,11,13,44,16.97,50.96,1.51,0.0,2.0,8.0,1.0,4.0,2.7142857142857144,1.0
Barnala,Punjab,2025-11-14,1,2025,11,14,45,16.86,47.82,1.46,0.0,2.0,2.0,0.0,2.0,2.857142857142857,5.0
Barnala,Punjab,2025-11-15,5,2025,11,15,46,17.25,44.92,1.43,0.0,1.0,2.0,2.0,1.6666666666666667,3.0,1.0
Barnala,Punjab,2025-11-16,1,2025,11,16,47,17.03,47.46,1.47,0.0,5.0,2.0,4.0,2.6666666666666665,3.4285714285714284,0.0
Barnala,Punjab,2025-11-17,0,2025,11,17,48,17.6,43.76,1.22,0.0,1.0,1.0,8.0,2.3333333333333335,3.0,0.0
Barnala,Punjab,2025-11-18,0,2025,11,18,49,17.2,46.62,1.33,0.0,0.0,5.0,2.0,2.0,1.8571428571428572,0.0
Barnala,Punjab,2025-11-19,0,2025,11,19,50,18.31,48.09,0.81,0.0,0.0,1.0,2.0,0.3333333333333333,1.5714285714285714,0.0
Barnala,Punjab,2025-11-20,0,2025,11,20,51,18.54,45.67,0.86,0.0,0.0,0.0,2.0,0.0,1.2857142857142858,0.0
Barnala,Punjab,2025-11-21,0,2025,11,21,52,17.4,51.04,1.1,0.0,0.0,0.0,1.0,0.0,1.0,0.0
Barnala,Punjab,2025-11-22,0,2025,11,22,53,16.8,58.67,1.44,0.0,0.0,0.0,5.0,0.0,0.8571428571428571,0.0
Barnala,Punjab,2025-11-23,0,2025,11,23,54,16.23,54.48,1.16,0.0,0.0,0.0,1.0,0.0,0.14285714285714285,0.0
Barnala,Punjab,2025-11-24,0,2025,11,24,55,15.47,52.1,1.45,0.0,0.0,0.0,0.0,0.0,0.0,0.0
Barnala,Punjab,2025-11-25,0,2025,11,25,56,15.14,49.93,1.49,0.0,0.0,0.0,0.0,0.0,0.0,0.0
Barnala,Punjab,2025-11-26,0,2025,11,26,57,15.02,49.22,1.34,0.0,0.0,0.0,0.0,0.0,0.0,0.0
Barnala,Punjab,2025-11-27,0,2025,11,27,58,15.19,51.56,1.04,0.0,0.0,0.0,0.0,0.0,0.0,0.0
Barnala,Punjab,2025-11-28,0,2025,11,28,59,15.28,53.63,1.47,0.0,0.0,0.0,0.0,0.0,0.0,0.0
Barnala,Punjab,2025-11-29,0,2025,11,29,60,14.16,48.51,1.61,0.0,0.0,0.0,0.0,0.0,0.0,0.0
Bathinda,Punjab,2023-10-08,0,2023,10,8,8,28.73,56.92,1.54,0.0,1.0,5.0,1.0,3.6666666666666665,3.5714285714285716,2.0
Bathinda,Punjab,2023-10-09,2,2023,10,9,9,28.78,53.83,1.32,0.22,0.0,5.0,5.0,2.0,3.4285714285714284,1.0
Bathinda,Punjab,2023-10-10,1,2023,10,10,10,26.57,62.83,1.46,5.72,2.0,1.0,2.0,1.0,3.0,1.0
Bathinda,Punjab,2023-10-11,1,2023,10,11,11,25.8,56.57,1.21,0.0,1.0,0.0,6.0,1.0,2.857142857142857,5.0
Bathinda,Punjab,2023-10-12,5,2023,10,12,12,25.44,49.96,1.36,0.0,1.0,2.0,5.0,1.3333333333333333,2.142857142857143,2.0
Bathinda,Punjab,2023-10-13,2,2023,10,13,13,26.51,52.03,1.39,0.0,5.0,1.0,5.0,2.3333333333333335,2.142857142857143,4.0
Bathinda,Punjab,2023-10-14,4,2023,10,14,14,26.63,51.41,1.73,0.0,2.0,1.0,1.0,2.6666666666666665,1.7142857142857142,0.0
Bathinda,Punjab,2023-10-15,0,2023,10,15,15,24.64,63.68,1.22,5.48,4.0,5.0,0.0,3.6666666666666665,2.142857142857143,0.0
Bathinda,Punjab,2023-10-16,0,2023,10,16,16,22.84,75.72,2.38,73.46,0.0,2.0,2.0,2.0,2.142857142857143,0.0
Bathinda,Punjab,2023-10-17,0,2023,10,17,17,21.87,81.61,1.9,4.89,0.0,4.0,1.0,1.3333333333333333,1.8571428571428572,1.0
Bathinda,Punjab,2023-10-18,1,2023,10,18,18,21.25,73.73,1.56,0.0,0.0,0.0,1.0,0.0,1.7142857142857142,0.0
Bathinda,Punjab,2023-10-19,0,2023,10,19,19,22.2,64.33,1.04,0.0,1.0,0.0,5.0,0.3333333333333333,1.7142857142857142,5.0
Bathinda,Punjab,2023-10-20,5,2023,10,20,20,22.48,62.39,0.86,0.0,0.0,0.0,2.0,0.3333333333333333,1.0,4.0
Bathinda,Punjab,2023-10-21,4,2023,10,21,21,22.61,62.64,0.99,0.0,5.0,1.0,4.0,2.0,1.4285714285714286,3.0
Bathinda,Punjab,2023-10-22,3,2023,10,22,22,22.16,65.77,1.14,1.43,4.0,0.0,0.0,3.0,1.4285714285714286,1.0
Bathinda,Punjab,2023-10-23,1,2023,10,23,23,22.25,68.25,1.22,0.0,3.0,5.0,0.0,4.0,1.8571428571428572,14.0
Bathinda,Punjab,2023-10-24,14,2023,10,24,24,23.07,65.62,1.06,0.0,1.0,4.0,0.0,2.6666666666666665,2.0,8.0
Bathinda,Punjab,2023-10-25,8,2023,10,25,25,23.08,61.05,1.3,0.0,14.0,3.0,1.0,6.0,4.0,27.0
Bathinda,Punjab,2023-10-26,27,2023,10,26,26,23.9,49.24,0.93,0.0,8.0,1.0,0.0,7.666666666666667,5.0,27.0
Bathinda,Punjab,2023-10-27,27,2023,10,27,27,23.63,49.29,1.07,0.0,27.0,14.0,5.0,16.333333333333332,8.857142857142858,8.0
Bathinda,Punjab,2023-10-28,8,2023,10,28,28,23.3,56.85,1.13,0.0,27.0,8.0,4.0,20.666666666666668,12.0,83.0
Bathinda,Punjab,2023-10-29,83,2023,10,29,29,23.77,60.35,1.11,0.0,8.0,27.0,3.0,20.666666666666668,12.571428571428571,79.0
Bathinda,Punjab,2023-10-30,79,2023,10,30,30,22.98,63.77,1.32,0.0,83.0,27.0,1.0,39.333333333333336,24.0,132.0
Bathinda,Punjab,2023-10-31,132,2023,10,31,31,22.73,63.19,1.12,0.0,79.0,8.0,14.0,56.666666666666664,35.142857142857146,121.0
Bathinda,Punjab,2023-11-01,121,2023,11,1,32,22.89,60.98,1.14,0.0,132.0,83.0,8.0,98.0,52.0,129.0
Bathinda,Punjab,2023-11-02,129,2023,11,2,33,22.72,64.42,1.01,0.0,121.0,79.0,27.0,110.66666666666667,68.14285714285714,225.0
Bathinda,Punjab,2023-11-03,225,2023,11,3,34,22.4,68.52,0.98,0.0,129.0,132.0,27.0,127.33333333333333,82.71428571428571,219.0
Bathinda,Punjab,2023-11-04,219,2023,11,4,35,21.87,67.98,1.19,0.0,225.0,121.0,8.0,158.33333333333334,111.0,421.0
Bathinda,Punjab,2023-11-05,421,2023,11,5,36,22.12,54.91,1.08,0.0,219.0,129.0,83.0,191.0,141.14285714285714,350.0
Bathinda,Punjab,2023-11-06,350,2023,11,6,37,20.53,59.62,1.54,0.0,421.0,225.0,79.0,288.3333333333333,189.42857142857142,340.0
Bathinda,Punjab,2023-11-07,340,2023,11,7,38,20.52,66.69,1.2,0.0,350.0,219.0,132.0,330.0,228.14285714285714,367.0
Bathinda,Punjab,2023-11-08,367,2023,11,8,39,21.82,68.53,0.94,0.0,340.0,421.0,121.0,370.3333333333333,257.85714285714283,81.0
Bathinda,Punjab,2023-11-09,81,2023,11,9,40,22.93,59.27,0.91,0.0,367.0,350.0,129.0,352.3333333333333,293.0,8.0
Bathinda,Punjab,2023-11-10,8,2023,11,10,41,20.24,70.21,1.69,3.36,81.0,340.0,225.0,262.6666666666667,286.14285714285717,11.0
Bathinda,Punjab,2023-11-11,11,2023,11,11,42,18.71,73.52,1.35,0.0,8.0,367.0,219.0,152.0,255.14285714285714,202.0
Bathinda,Punjab,2023-11-12,202,2023,11,12,43,19.43,67.1,1.3,0.0,11.0,81.0,421.0,33.333333333333336,225.42857142857142,542.0
Bathinda,Punjab,2023-11-13,542,2023,11,13,44,18.97,59.5,1.17,0.0,202.0,8.0,350.0,73.66666666666667,194.14285714285714,563.0
Bathinda,Punjab,2023-11-14,563,2023,11,14,45,18.37,59.56,1.27,0.0,542.0,11.0,340.0,251.66666666666666,221.57142857142858,461.0
Bathinda,Punjab,2023-11-15,461,2023,11,15,46,18.76,54.65,1.27,0.0,563.0,202.0,367.0,435.6666666666667,253.42857142857142,360.0
Bathinda,Punjab,2023-11-16,360,2023,11,16,47,18.77,55.12,0.81,0.0,461.0,542.0,81.0,522.0,266.85714285714283,156.0
Bathinda,Punjab,2023-11-17,156,2023,11,17,48,18.81,62.82,1.46,0.0,360.0,563.0,8.0,461.3333333333333,306.7142857142857,135.0
Bathinda,Punjab,2023-11-18,135,2023,11,18,49,18.84,58.86,1.11,0.0,156.0,461.0,11.0,325.6666666666667,327.85714285714283,117.0
Bathinda,Punjab,2023-11-19,117,2023,11,19,50,18.77,62.07,1.38,0.0,135.0,360.0,202.0,217.0,345.57142857142856,55.0
Bathinda,Punjab,2023-11-20,55,2023,11,20,51,18.17,63.93,1.15,0.0,117.0,156.0,542.0,136.0,333.42857142857144,84.0
Bathinda,Punjab,2023-11-21,84,2023,11,21,52,17.52,63.27,1.44,0.0,55.0,135.0,563.0,102.33333333333333,263.85714285714283,63.0
Bathinda,Punjab,2023-11-22,63,2023,11,22,53,17.45,56.58,1.32,0.0,84.0,117.0,461.0,85.33333333333333,195.42857142857142,14.0
Bathinda,Punjab,2023-11-23,14,2023,11,23,54,17.61,54.11,1.36,0.0,63.0,55.0,360.0,67.33333333333333,138.57142857142858,27.0
Bathinda,Punjab,2023-11-24,27,2023,11,24,55,16.64,59.24,1.31,0.0,14.0,84.0,156.0,53.666666666666664,89.14285714285714,5.0
Bathinda,Punjab,2023-11-25,5,2023,11,25,56,16.2,62.81,0.64,0.0,27.0,63.0,135.0,34.666666666666664,70.71428571428571,6.0
Bathinda,Punjab,2023-11-26,6,2023,11,26,57,14.84,71.17,1.56,0.0,5.0,14.0,117.0,15.333333333333334,52.142857142857146,0.0
Bathinda,Punjab,2023-11-27,0,2023,11,27,58,15.55,72.28,1.48,0.11,6.0,27.0,55.0,12.666666666666666,36.285714285714285,7.0
Bathinda,Punjab,2023-11-28,7,2023,11,28,59,16.26,67.55,1.64,0.02,0.0,5.0,84.0,3.6666666666666665,28.428571428571427,5.0
Bathinda,Punjab,2023-11-29,5,2023,11,29,60,19.1,61.28,0.84,0.08,7.0,6.0,63.0,4.333333333333333,17.428571428571427,6.0
Bathinda,Punjab,2023-11-30,6,2023,11,30,61,18.73,65.97,1.08,2.87,5.0,0.0,14.0,4.0,9.142857142857142,0.0
Bathinda,Punjab,2024-10-01,0,2024,10,1,1,31.18,54.32,1.43,0.0,6.0,7.0,27.0,6.0,8.0,1.0
Bathinda,Punjab,2024-10-02,1,2024,10,2,2,30.48,52.12,1.45,0.0,0.0,5.0,5.0,3.6666666666666665,4.142857142857143,1.0
Bathinda,Punjab,2024-10-03,1,2024,10,3,3,30.53,45.84,0.99,0.0,1.0,6.0,6.0,2.3333333333333335,3.5714285714285716,0.0
Bathinda,Punjab,2024-10-04,0,2024,10,4,4,30.02,47.73,1.33,0.0,1.0,0.0,0.0,0.6666666666666666,2.857142857142857,3.0
Bathinda,Punjab,2024-10-05,3,2024,10,5,5,30.05,55.72,1.84,1.23,0.0,1.0,7.0,0.6666666666666666,2.857142857142857,0.0
Bathinda,Punjab,2024-10-06,0,2024,10,6,6,29.24,54.29,1.11,0.94,3.0,1.0,5.0,1.3333333333333333,2.2857142857142856,1.0
Bathinda,Punjab,2024-10-07,1,2024,10,7,7,28.25,57.0,1.02,0.0,0.0,0.0,6.0,1.0,1.5714285714285714,0.0
Bathinda,Punjab,2024-10-08,0,2024,10,8,8,28.01,58.3,1.22,0.0,1.0,3.0,0.0,1.3333333333333333,0.8571428571428571,0.0
Bathinda,Punjab,2024-10-09,0,2024,10,9,9,27.92,58.26,1.35,0.05,0.0,0.0,1.0,0.3333333333333333,0.8571428571428571,0.0
Bathinda,Punjab,2024-10-10,0,2024,10,10,10,27.69,50.15,1.25,0.01,0.0,1.0,1.0,0.3333333333333333,0.7142857142857143,1.0
Bathinda,Punjab,2024-10-11,1,2024,10,11,11,28.12,43.45,1.28,0.0,0.0,0.0,0.0,0.0,0.5714285714285714,2.0
Bathinda,Punjab,2024-10-12,2,2024,10,12,12,27.92,41.87,1.14,0.0,1.0,0.0,3.0,0.3333333333333333,0.7142857142857143,0.0
Bathinda,Punjab,2024-10-13,0,2024,10,13,13,27.11,40.39,1.2,0.0,2.0,0.0,0.0,1.0,0.5714285714285714,0.0
Bathinda,Punjab,2024-10-14,0,2024,10,14,14,26.48,50.53,1.55,0.0,0.0,1.0,1.0,1.0,0.5714285714285714,0.0
Bathinda,Punjab,2024-10-15,0,2024,10,15,15,28.2,37.76,1.24,0.0,0.0,2.0,0.0,0.6666666666666666,0.42857142857142855,0.0
Bathinda,Punjab,2024-10-16,0,2024,10,16,16,28.67,33.73,1.03,0.0,0.0,0.0,0.0,0.0,0.42857142857142855,2.0
Bathinda,Punjab,2024-10-17,2,2024,10,17,17,29.48,30.72,0.79,0.0,0.0,0.0,0.0,0.0,0.42857142857142855,2.0
Bathinda,Punjab,2024-10-18,2,2024,10,18,18,28.1,36.97,1.09,0.0,2.0,0.0,1.0,0.6666666666666666,0.7142857142857143,11.0
Bathinda,Punjab,2024-10-19,11,2024,10,19,19,27.94,38.8,1.29,0.0,2.0,0.0,2.0,1.3333333333333333,0.8571428571428571,0.0
Bathinda,Punjab,2024-10-20,0,2024,10,20,20,26.87,43.05,1.17,0.0,11.0,2.0,0.0,5.0,2.142857142857143,0.0
Bathinda,Punjab,2024-10-21,0,2024,10,21,21,26.88,46.57,1.12,0.0,0.0,2.0,0.0,4.333333333333333,2.142857142857143,1.0
Bathinda,Punjab,2024-10-22,1,2024,10,22,22,27.11,49.14,0.99,0.0,0.0,11.0,0.0,3.6666666666666665,2.142857142857143,19.0
Bathinda,Punjab,2024-10-23,19,2024,10,23,23,27.22,41.46,1.49,0.0,1.0,0.0,0.0,0.3333333333333333,2.2857142857142856,2.0
Bathinda,Punjab,2024-10-24,2,2024,10,24,24,26.66,48.31,2.03,0.0,19.0,0.0,2.0,6.666666666666667,5.0,6.0
Bathinda,Punjab,2024-10-25,6,2024,10,25,25,27.49,42.42,1.86,0.0,2.0,1.0,2.0,7.333333333333333,5.0,6.0
Bathinda,Punjab,2024-10-26,6,2024,10,26,26,27.85,35.27,1.6,0.0,6.0,19.0,11.0,9.0,5.571428571428571,12.0
Bathinda,Punjab,2024-10-27,12,2024,10,27,27,27.55,36.59,1.22,0.0,6.0,2.0,0.0,4.666666666666667,4.857142857142857,23.0
Bathinda,Punjab,2024-10-28,23,2024,10,28,28,27.76,48.41,1.71,0.0,12.0,6.0,0.0,8.0,6.571428571428571,17.0
Bathinda,Punjab,2024-10-29,17,2024,10,29,29,28.56,51.65,1.25,0.0,23.0,6.0,1.0,13.666666666666666,9.857142857142858,25.0
Bathinda,Punjab,2024-10-30,25,2024,10,30,30,28.76,43.67,1.28,0.0,17.0,12.0,19.0,17.333333333333332,12.142857142857142,46.0
Bathinda,Punjab,2024-10-31,46,2024,10,31,31,27.45,37.75,2.07,0.0,25.0,23.0,2.0,21.666666666666668,13.0,67.0
Bathinda,Punjab,2024-11-01,67,2024,11,1,32,26.56,29.65,1.83,0.0,46.0,17.0,6.0,29.333333333333332,19.285714285714285,66.0
Bathinda,Punjab,2024-11-02,66,2024,11,2,33,26.99,25.65,1.16,0.0,67.0,25.0,6.0,46.0,28.0,36.0
Bathinda,Punjab,2024-11-03,36,2024,11,3,34,25.18,34.34,1.13,0.0,66.0,46.0,12.0,59.666666666666664,36.57142857142857,28.0
Bathinda,Punjab,2024-11-04,28,2024,11,4,35,25.81,29.71,1.36,0.0,36.0,67.0,23.0,56.333333333333336,40.0,18.0
Bathinda,Punjab,2024-11-05,18,2024,11,5,36,25.31,36.57,1.34,0.0,28.0,66.0,17.0,43.333333333333336,40.714285714285715,25.0
Bathinda,Punjab,2024-11-06,25,2024,11,6,37,25.48,42.85,1.16,0.0,18.0,36.0,25.0,27.333333333333332,40.857142857142854,63.0
Bathinda,Punjab,2024-11-07,63,2024,11,7,38,25.57,43.37,1.12,0.0,25.0,28.0,46.0,23.666666666666668,40.857142857142854,126.0
Bathinda,Punjab,2024-11-08,126,2024,11,8,39,25.93,44.01,1.09,0.0,63.0,18.0,67.0,35.333333333333336,43.285714285714285,57.0
Bathinda,Punjab,2024-11-09,57,2024,11,9,40,25.35,51.62,1.49,0.0,126.0,25.0,66.0,71.33333333333333,51.714285714285715,18.0
Bathinda,Punjab,2024-11-10,18,2024,11,10,41,25.34,53.93,1.03,0.0,57.0,63.0,36.0,82.0,50.42857142857143,22.0
Bathinda,Punjab,2024-11-11,22,2024,11,11,42,25.11,46.77,1.62,0.0,18.0,126.0,28.0,67.0,47.857142857142854,29.0
Bathinda,Punjab,2024-11-12,29,2024,11,12,43,24.39,36.04,1.36,0.0,22.0,57.0,18.0,32.333333333333336,47.0,87.0
Bathinda,Punjab,2024-11-13,87,2024,11,13,44,23.26,42.61,1.28,0.0,29.0,18.0,25.0,23.0,48.57142857142857,0.0
Bathinda,Punjab,2024-11-14,0,2024,11,14,45,22.43,36.62,1.18,0.0,87.0,22.0,63.0,46.0,57.42857142857143,10.0
Bathinda,Punjab,2024-11-15,10,2024,11,15,46,21.98,39.06,1.36,0.0,0.0,29.0,126.0,38.666666666666664,48.42857142857143,7.0
Bathinda,Punjab,2024-11-16,7,2024,11,16,47,21.76,44.16,1.13,0.0,10.0,87.0,57.0,32.333333333333336,31.857142857142858,149.0
Bathinda,Punjab,2024-11-17,149,2024,11,17,48,20.34,43.1,1.58,0.0,7.0,0.0,18.0,5.666666666666667,24.714285714285715,197.0
Bathinda,Punjab,2024-11-18,197,2024,11,18,49,20.07,36.04,1.78,0.0,149.0,10.0,22.0,55.333333333333336,43.42857142857143,87.0
Bathinda,Punjab,2024-11-19,87,2024,11,19,50,20.42,29.5,1.58,0.0,197.0,7.0,29.0,117.66666666666667,68.42857142857143,36.0
Bathinda,Punjab,2024-11-20,36,2024,11,20,51,20.57,27.3,1.24,0.0,87.0,149.0,87.0,144.33333333333334,76.71428571428571,15.0
Bathinda,Punjab,2024-11-21,15,2024,11,21,52,21.26,23.8,1.02,0.0,36.0,197.0,0.0,106.66666666666667,69.42857142857143,23.0
Bathinda,Punjab,2024-11-22,23,2024,11,22,53,21.98,24.43,1.45,0.0,15.0,87.0,10.0,46.0,71.57142857142857,43.0
Bathinda,Punjab,2024-11-23,43,2024,11,23,54,22.21,26.45,1.21,0.0,23.0,36.0,7.0,24.666666666666668,73.42857142857143,20.0
Bathinda,Punjab,2024-11-24,20,2024,11,24,55,21.2,31.22,1.61,0.0,43.0,15.0,149.0,27.0,78.57142857142857,20.0
Bathinda,Punjab,2024-11-25,20,2024,11,25,56,19.02,42.74,1.66,0.0,20.0,23.0,197.0,28.666666666666668,60.142857142857146,7.0
Bathinda,Punjab,2024-11-26,7,2024,11,26,57,19.51,33.95,1.42,0.0,20.0,43.0,87.0,27.666666666666668,34.857142857142854,5.0
Bathinda,Punjab,2024-11-27,5,2024,11,27,58,20.15,31.93,1.03,0.0,7.0,20.0,36.0,15.666666666666666,23.428571428571427,8.0
Bathinda,Punjab,2024-11-28,8,2024,11,28,59,20.04,29.89,0.99,0.0,5.0,20.0,15.0,10.666666666666666,19.0,10.0
Bathinda,Punjab,2024-11-29,10,2024,11,29,60,19.86,30.99,0.98,0.0,8.0,7.0,23.0,6.666666666666667,18.0,3.0
Bathinda,Punjab,2024-11-30,3,2024,11,30,61,18.89,36.17,1.58,0.0,10.0,5.0,43.0,7.666666666666667,16.142857142857142,0.0
Bathinda,Punjab,2025-10-01,0,2025,10,1,1,29.04,67.25,0.91,0.04,3.0,8.0,20.0,7.0,10.428571428571429,0.0
Bathinda,Punjab,2025-10-02,0,2025,10,2,2,28.91,64.97,1.1,0.17,0.0,10.0,20.0,4.333333333333333,7.571428571428571,0.0
Bathinda,Punjab,2025-10-03,0,2025,10,3,3,28.27,70.44,1.18,0.1,0.0,3.0,7.0,1.0,4.714285714285714,0.0
Bathinda,Punjab,2025-10-04,0,2025,10,4,4,29.06,61.57,1.19,0.0,0.0,0.0,5.0,0.0,3.7142857142857144,0.0
Bathinda,Punjab,2025-10-05,0,2025,10,5,5,27.7,65.56,1.12,6.98,0.0,0.0,8.0,0.0,3.0,6.0
Bathinda,Punjab,2025-10-06,6,2025,10,6,6,24.82,80.03,2.29,12.56,0.0,0.0,10.0,0.0,1.8571428571428572,0.0
Bathinda,Punjab,2025-10-07,0,2025,10,7,7,23.22,79.02,1.9,14.68,6.0,0.0,3.0,2.0,1.2857142857142858,0.0
Bathinda,Punjab,2025-10-08,0,2025,10,8,8,21.82,72.58,1.93,0.25,0.0,0.0,0.0,2.0,0.8571428571428571,0.0
Bathinda,Punjab,2025-10-09,0,2025,10,9,9,23.28,61.8,1.2,0.14,0.0,6.0,0.0,2.0,0.8571428571428571,1.0
Bathinda,Punjab,2025-10-10,1,2025,10,10,10,24.3,56.13,0.97,0.0,0.0,0.0,0.0,0.0,0.8571428571428571,0.0
Bathinda,Punjab,2025-10-11,0,2025,10,11,11,24.51,57.87,1.0,0.0,1.0,0.0,0.0,0.3333333333333333,1.0,0.0
Bathinda,Punjab,2025-10-12,0,2025,10,12,12,24.86,54.56,1.09,0.0,0.0,0.0,0.0,0.3333333333333333,1.0,0.0
Bathinda,Punjab,2025-10-13,0,2025,10,13,13,25.58,45.57,0.76,0.0,0.0,1.0,6.0,0.3333333333333333,1.0,4.0
Bathinda,Punjab,2025-10-14,4,2025,10,14,14,24.5,48.32,0.91,0.0,0.0,0.0,0.0,0.0,0.14285714285714285,1.0
Bathinda,Punjab,2025-10-15,1,2025,10,15,15,24.25,50.21,0.95,0.0,4.0,0.0,0.0,1.3333333333333333,0.7142857142857143,0.0
Bathinda,Punjab,2025-10-16,0,2025,10,16,16,25.09,52.22,0.92,0.0,1.0,0.0,0.0,1.6666666666666667,0.8571428571428571,4.0
Bathinda,Punjab,2025-10-17,4,2025,10,17,17,25.54,59.47,0.85,0.0,0.0,4.0,1.0,1.6666666666666667,0.8571428571428571,0.0
Bathinda,Punjab,2025-10-18,0,2025,10,18,18,25.17,59.37,0.86,0.0,4.0,1.0,0.0,1.6666666666666667,1.2857142857142858,0.0
Bathinda,Punjab,2025-10-19,0,2025,10,19,19,25.48,54.99,1.0,0.0,0.0,0.0,0.0,1.3333333333333333,1.2857142857142858,5.0
Bathinda,Punjab,2025-10-20,5,2025,10,20,20,25.19,55.69,1.26,0.0,0.0,4.0,0.0,1.3333333333333333,1.2857142857142858,2.0
Bathinda,Punjab,2025-10-21,2,2025,10,21,21,24.78,55.95,1.15,0.0,5.0,0.0,4.0,1.6666666666666667,2.0,17.0
Bathinda,Punjab,2025-10-22,17,2025,10,22,22,24.64,49.96,1.32,0.0,2.0,0.0,1.0,2.3333333333333335,1.7142857142857142,3.0
Bathinda,Punjab,2025-10-23,3,2025,10,23,23,25.08,46.02,1.04,0.0,17.0,5.0,0.0,8.0,4.0,4.0
Bathinda,Punjab,2025-10-24,4,2025,10,24,24,24.97,52.43,0.88,0.0,3.0,2.0,4.0,7.333333333333333,4.428571428571429,7.0
Bathinda,Punjab,2025-10-25,7,2025,10,25,25,24.09,56.09,1.18,0.0,4.0,17.0,0.0,8.0,4.428571428571429,13.0
Bathinda,Punjab,2025-10-26,13,2025,10,26,26,23.98,54.94,1.11,0.0,7.0,3.0,0.0,4.666666666666667,5.428571428571429,8.0
Bathinda,Punjab,2025-10-27,8,2025,10,27,27,24.23,50.55,0.86,0.0,13.0,4.0,5.0,8.0,7.285714285714286,9.0
Bathinda,Punjab,2025-10-28,9,2025,10,28,28,23.4,59.51,1.02,0.0,8.0,7.0,2.0,9.333333333333334,7.714285714285714,13.0
Bathinda,Punjab,2025-10-29,13,2025,10,29,29,22.6,60.78,1.33,0.0,9.0,13.0,17.0,10.0,8.714285714285714,18.0
Bathinda,Punjab,2025-10-30,18,2025,10,30,30,23.3,65.31,1.06,0.0,13.0,8.0,3.0,10.0,8.142857142857142,41.0
Bathinda,Punjab,2025-10-31,41,2025,10,31,31,24.2,58.6,1.35,0.0,18.0,9.0,4.0,13.333333333333334,10.285714285714286,26.0
Bathinda,Punjab,2025-11-01,26,2025,11,1,32,24.68,48.95,0.86,0.0,41.0,13.0,7.0,24.0,15.571428571428571,30.0
Bathinda,Punjab,2025-11-02,30,2025,11,2,33,23.83,44.24,1.47,0.0,26.0,18.0,13.0,28.333333333333332,18.285714285714285,17.0
Bathinda,Punjab,2025-11-03,17,2025,11,3,34,23.66,39.86,1.48,0.0,30.0,41.0,8.0,32.333333333333336,20.714285714285715,27.0
Bathinda,Punjab,2025-11-04,27,2025,11,4,35,22.63,49.57,1.73,0.0,17.0,26.0,9.0,24.333333333333332,22.0,12.0
Bathinda,Punjab,2025-11-05,12,2025,11,5,36,20.27,57.07,1.74,0.32,27.0,30.0,13.0,24.666666666666668,24.571428571428573,24.0
Bathinda,Punjab,2025-11-06,24,2025,11,6,37,17.73,47.22,1.81,0.0,12.0,17.0,18.0,18.666666666666668,24.428571428571427,41.0
Bathinda,Punjab,2025-11-07,41,2025,11,7,38,18.43,38.05,1.69,0.0,24.0,27.0,41.0,21.0,25.285714285714285,20.0
Bathinda,Punjab,2025-11-08,20,2025,11,8,39,19.63,34.41,1.27,0.0,41.0,12.0,26.0,25.666666666666668,25.285714285714285,18.0
Bathinda,Punjab,2025-11-09,18,2025,11,9,40,19.08,39.03,1.14,0.0,20.0,24.0,30.0,28.333333333333332,24.428571428571427,35.0
Bathinda,Punjab,2025-11-10,35,2025,11,10,41,19.0,37.86,1.01,0.0,18.0,41.0,17.0,26.333333333333332,22.714285714285715,32.0
Bathinda,Punjab,2025-11-11,32,2025,11,11,42,17.9,43.34,1.18,0.0,35.0,20.0,27.0,24.333333333333332,25.285714285714285,15.0
Bathinda,Punjab,2025-11-12,15,2025,11,12,43,18.55,40.96,1.38,0.0,32.0,18.0,12.0,28.333333333333332,26.0,14.0
Bathinda,Punjab,2025-11-13,14,2025,11,13,44,18.6,39.68,1.15,0.0,15.0,35.0,24.0,27.333333333333332,26.428571428571427,20.0
Bathinda,Punjab,2025-11-14,20,2025,11,14,45,18.64,37.12,1.12,0.0,14.0,32.0,41.0,20.333333333333332,25.0,11.0
Bathinda,Punjab,2025-11-15,11,2025,11,15,46,19.2,32.4,1.18,0.0,20.0,15.0,20.0,16.333333333333332,22.0,37.0
Bathinda,Punjab,2025-11-16,37,2025,11,16,47,19.15,30.81,1.37,0.0,11.0,14.0,18.0,15.0,20.714285714285715,13.0
Bathinda,Punjab,2025-11-17,13,2025,11,17,48,19.39,30.62,1.28,0.0,37.0,20.0,35.0,22.666666666666668,23.428571428571427,6.0
Bathinda,Punjab,2025-11-18,6,2025,11,18,49,18.29,36.03,1.37,0.0,13.0,11.0,32.0,20.333333333333332,20.285714285714285,6.0
Bathinda,Punjab,2025-11-19,6,2025,11,19,50,18.83,39.4,0.93,0.0,6.0,37.0,15.0,18.666666666666668,16.571428571428573,7.0
Bathinda,Punjab,2025-11-20,7,2025,11,20,51,19.31,37.43,0.88,0.0,6.0,13.0,14.0,8.333333333333334,15.285714285714286,8.0
Bathinda,Punjab,2025-11-21,8,2025,11,21,52,17.78,46.47,1.14,0.0,7.0,6.0,20.0,6.333333333333333,14.285714285714286,7.0
Bathinda,Punjab,2025-11-22,7,2025,11,22,53,17.29,55.68,1.43,0.0,8.0,6.0,11.0,7.0,12.571428571428571,1.0
Bathinda,Punjab,2025-11-23,1,2025,11,23,54,17.09,47.09,1.12,0.0,7.0,7.0,37.0,7.333333333333333,12.0,1.0
Bathinda,Punjab,2025-11-24,1,2025,11,24,55,16.94,41.1,1.21,0.0,1.0,8.0,13.0,5.333333333333333,6.857142857142857,0.0
Bathinda,Punjab,2025-11-25,0,2025,11,25,56,16.41,39.03,1.38,0.0,1.0,7.0,6.0,3.0,5.142857142857143,1.0
Bathinda,Punjab,2025-11-26,1,2025,11,26,57,16.27,37.0,1.01,0.0,0.0,1.0,6.0,0.6666666666666666,4.285714285714286,1.0
Bathinda,Punjab,2025-11-27,1,2025,11,27,58,14.98,44.27,1.38,0.0,1.0,1.0,7.0,0.6666666666666666,3.5714285714285716,0.0
Bathinda,Punjab,2025-11-28,0,2025,11,28,59,15.68,47.35,1.43,0.0,1.0,0.0,8.0,0.6666666666666666,2.7142857142857144,1.0
Bathinda,Punjab,2025-11-29,1,2025,11,29,60,15.36,38.76,1.61,0.0,0.0,1.0,7.0,0.6666666666666666,1.5714285714285714,1.0
Bhiwani,Haryana,2023-10-08,0,2023,10,8,8,30.53,46.67,2.35,0.0,1.0,1.0,0.0,0.6666666666666666,0.42857142857142855,0.0
Bhiwani,Haryana,2023-10-09,0,2023,10,9,9,30.63,47.32,2.62,0.03,0.0,0.0,1.0,0.3333333333333333,0.42857142857142855,1.0
Bhiwani,Haryana,2023-10-10,1,2023,10,10,10,29.0,44.9,2.35,0.05,0.0,1.0,0.0,0.3333333333333333,0.2857142857142857,1.0
Bhiwani,Haryana,2023-10-11,1,2023,10,11,11,27.67,43.36,1.61,0.0,1.0,0.0,0.0,0.3333333333333333,0.42857142857142855,1.0
Bhiwani,Haryana,2023-10-12,1,2023,10,12,12,28.45,31.33,1.62,0.0,1.0,0.0,1.0,0.6666666666666666,0.5714285714285714,2.0
Bhiwani,Haryana,2023-10-13,2,2023,10,13,13,29.33,35.75,1.75,0.0,1.0,1.0,0.0,1.0,0.5714285714285714,0.0
Bhiwani,Haryana,2023-10-14,0,2023,10,14,14,29.32,36.05,1.59,0.0,2.0,1.0,1.0,1.3333333333333333,0.8571428571428571,2.0
Bhiwani,Haryana,2023-10-15,2,2023,10,15,15,28.1,39.86,1.89,0.05,0.0,1.0,0.0,1.0,0.7142857142857143,1.0
Bhiwani,Haryana,2023-10-16,1,2023,10,16,16,25.59,64.68,1.89,51.78,2.0,2.0,0.0,1.3333333333333333,1.0,0.0
Bhiwani,Haryana,2023-10-17,0,2023,10,17,17,23.41,72.61,2.73,3.02,1.0,0.0,1.0,1.0,1.1428571428571428,0.0
Bhiwani,Haryana,2023-10-18,0,2023,10,18,18,23.45,61.37,1.88,0.0,0.0,2.0,1.0,1.0,1.0,0.0
Bhiwani,Haryana,2023-10-19,0,2023,10,19,19,24.13,52.42,1.23,0.0,0.0,1.0,1.0,0.3333333333333333,0.8571428571428571,0.0
Bhiwani,Haryana,2023-10-20,0,2023,10,20,20,24.14,51.84,1.16,0.0,0.0,0.0,2.0,0.0,0.7142857142857143,2.0
Bhiwani,Haryana,2023-10-21,2,2023,10,21,21,24.24,50.31,1.33,0.0,0.0,0.0,0.0,0.0,0.42857142857142855,0.0
Bhiwani,Haryana,2023-10-22,0,2023,10,22,22,24.56,46.35,1.64,0.04,2.0,0.0,2.0,0.6666666666666666,0.7142857142857143,0.0
Bhiwani,Haryana,2023-10-23,0,2023,10,23,23,23.86,53.39,1.43,0.08,0.0,0.0,1.0,0.6666666666666666,0.42857142857142855,1.0
Bhiwani,Haryana,2023-10-24,1,2023,10,24,24,24.65,51.83,1.34,0.0,0.0,2.0,0.0,0.6666666666666666,0.2857142857142857,0.0
Bhiwani,Haryana,2023-10-25,0,2023,10,25,25,24.58,49.2,1.5,0.0,1.0,0.0,0.0,0.3333333333333333,0.42857142857142855,2.0
Bhiwani,Haryana,2023-10-26,2,2023,10,26,26,24.71,39.46,1.53,0.0,0.0,0.0,0.0,0.3333333333333333,0.42857142857142855,0.0
Bhiwani,Haryana,2023-10-27,0,2023,10,27,27,25.72,33.48,1.43,0.0,2.0,1.0,0.0,1.0,0.7142857142857143,0.0
Bhiwani,Haryana,2023-10-28,0,2023,10,28,28,25.56,35.79,1.53,0.0,0.0,0.0,2.0,0.6666666666666666,0.7142857142857143,3.0
Bhiwani,Haryana,2023-10-29,3,2023,10,29,29,26.32,38.09,1.62,0.0,0.0,2.0,0.0,0.6666666666666666,0.42857142857142855,0.0
Bhiwani,Haryana,2023-10-30,0,2023,10,30,30,25.69,42.85,1.7,0.0,3.0,0.0,0.0,1.0,0.8571428571428571,0.0
Bhiwani,Haryana,2023-10-31,0,2023,10,31,31,25.12,46.51,1.7,0.0,0.0,0.0,1.0,1.0,0.8571428571428571,0.0
Bhiwani,Haryana,2023-11-01,0,2023,11,1,32,24.49,45.57,1.61,0.0,0.0,3.0,0.0,1.0,0.7142857142857143,0.0
Bhiwani,Haryana,2023-11-02,0,2023,11,2,33,24.21,47.07,1.28,0.0,0.0,0.0,2.0,0.0,0.7142857142857143,1.0
Bhiwani,Haryana,2023-11-03,1,2023,11,3,34,24.46,49.64,1.31,0.0,0.0,0.0,0.0,0.0,0.42857142857142855,0.0
Bhiwani,Haryana,2023-11-04,0,2023,11,4,35,24.14,53.49,1.46,0.0,1.0,0.0,0.0,0.3333333333333333,0.5714285714285714,0.0
Bhiwani,Haryana,2023-11-05,0,2023,11,5,36,23.76,45.74,1.46,0.0,0.0,0.0,3.0,0.3333333333333333,0.5714285714285714,5.0
Bhiwani,Haryana,2023-11-06,5,2023,11,6,37,23.23,39.6,1.71,0.0,0.0,1.0,0.0,0.3333333333333333,0.14285714285714285,4.0
Bhiwani,Haryana,2023-11-07,4,2023,11,7,38,23.49,42.05,1.53,0.0,5.0,0.0,0.0,1.6666666666666667,0.8571428571428571,1.0
Bhiwani,Haryana,2023-11-08,1,2023,11,8,39,23.19,51.69,1.3,0.0,4.0,0.0,0.0,3.0,1.4285714285714286,1.0
Bhiwani,Haryana,2023-11-09,1,2023,11,9,40,24.54,47.43,1.39,0.16,1.0,5.0,0.0,3.3333333333333335,1.5714285714285714,0.0
Bhiwani,Haryana,2023-11-10,0,2023,11,10,41,22.13,54.09,1.99,3.18,1.0,4.0,1.0,2.0,1.7142857142857142,0.0
Bhiwani,Haryana,2023-11-11,0,2023,11,11,42,19.24,65.84,1.79,0.0,0.0,1.0,0.0,0.6666666666666666,1.5714285714285714,1.0
Bhiwani,Haryana,2023-11-12,1,2023,11,12,43,19.58,58.49,1.17,0.0,0.0,1.0,0.0,0.3333333333333333,1.5714285714285714,0.0
Bhiwani,Haryana,2023-11-13,0,2023,11,13,44,19.97,52.44,1.27,0.0,1.0,0.0,5.0,0.3333333333333333,1.7142857142857142,5.0
Bhiwani,Haryana,2023-11-14,5,2023,11,14,45,19.63,43.93,1.18,0.0,0.0,0.0,4.0,0.3333333333333333,1.0,0.0
Bhiwani,Haryana,2023-11-15,0,2023,11,15,46,19.12,45.77,1.35,0.0,5.0,1.0,1.0,2.0,1.1428571428571428,0.0
Bhiwani,Haryana,2023-11-16,0,2023,11,16,47,19.1,47.32,1.02,0.0,0.0,0.0,1.0,1.6666666666666667,1.0,0.0
Bhiwani,Haryana,2023-11-17,0,2023,11,17,48,19.42,56.17,1.48,0.0,0.0,5.0,0.0,1.6666666666666667,0.8571428571428571,3.0
Bhiwani,Haryana,2023-11-18,3,2023,11,18,49,19.89,55.31,1.29,0.0,0.0,0.0,0.0,0.0,0.8571428571428571,1.0
Bhiwani,Haryana,2023-11-19,1,2023,11,19,50,20.15,49.92,0.93,0.0,3.0,0.0,1.0,1.0,1.2857142857142858,1.0
Bhiwani,Haryana,2023-11-20,1,2023,11,20,51,20.42,48.28,1.03,0.0,1.0,0.0,0.0,1.3333333333333333,1.2857142857142858,0.0
Bhiwani,Haryana,2023-11-21,0,2023,11,21,52,18.55,54.62,1.49,0.0,1.0,3.0,5.0,1.6666666666666667,1.4285714285714286,4.0
Bhiwani,Haryana,2023-11-22,4,2023,11,22,53,18.55,43.48,1.5,0.0,0.0,1.0,0.0,0.6666666666666666,0.7142857142857143,1.0
Bhiwani,Haryana,2023-11-23,1,2023,11,23,54,19.78,36.8,1.21,0.0,4.0,1.0,0.0,1.6666666666666667,1.2857142857142858,2.0
Bhiwani,Haryana,2023-11-24,2,2023,11,24,55,18.6,40.97,1.38,0.0,1.0,0.0,0.0,1.6666666666666667,1.4285714285714286,0.0
Bhiwani,Haryana,2023-11-25,0,2023,11,25,56,17.63,48.79,1.13,0.0,2.0,4.0,3.0,2.3333333333333335,1.7142857142857142,0.0
Bhiwani,Haryana,2023-11-26,0,2023,11,26,57,18.52,45.87,2.01,0.0,0.0,1.0,1.0,1.0,1.2857142857142858,0.0
Bhiwani,Haryana,2023-11-27,0,2023,11,27,58,17.54,50.72,1.96,0.55,0.0,2.0,1.0,0.6666666666666666,1.1428571428571428,0.0
Bhiwani,Haryana,2023-11-28,0,2023,11,28,59,18.15,64.62,1.48,1.45,0.0,0.0,0.0,0.0,1.0,0.0
Bhiwani,Haryana,2023-11-29,0,2023,11,29,60,19.05,60.25,1.29,0.03,0.0,0.0,4.0,0.0,1.0,1.0
Bhiwani,Haryana,2023-11-30,1,2023,11,30,61,19.6,59.54,1.33,0.5,0.0,0.0,1.0,0.0,0.42857142857142855,0.0
Bhiwani,Haryana,2024-10-01,0,2024,10,1,1,30.54,54.95,1.92,0.0,1.0,0.0,2.0,0.3333333333333333,0.42857142857142855,0.0
Bhiwani,Haryana,2024-10-02,0,2024,10,2,2,30.3,50.43,2.47,0.0,0.0,0.0,0.0,0.3333333333333333,0.14285714285714285,0.0
Bhiwani,Haryana,2024-10-03,0,2024,10,3,3,30.36,49.46,2.7,0.0,0.0,1.0,0.0,0.3333333333333333,0.14285714285714285,0.0
Bhiwani,Haryana,2024-10-04,0,2024,10,4,4,30.25,57.17,2.73,0.23,0.0,0.0,0.0,0.0,0.14285714285714285,0.0
Bhiwani,Haryana,2024-10-05,0,2024,10,5,5,29.68,58.04,2.56,0.77,0.0,0.0,0.0,0.0,0.14285714285714285,0.0
Bhiwani,Haryana,2024-10-06,0,2024,10,6,6,28.91,55.1,1.5,0.0,0.0,0.0,0.0,0.0,0.14285714285714285,0.0
Bhiwani,Haryana,2024-10-07,0,2024,10,7,7,29.14,49.59,0.88,0.0,0.0,0.0,1.0,0.0,0.14285714285714285,1.0
Bhiwani,Haryana,2024-10-08,1,2024,10,8,8,28.52,52.97,1.26,0.0,0.0,0.0,0.0,0.0,0.0,3.0
Bhiwani,Haryana,2024-10-09,3,2024,10,9,9,28.8,48.95,0.89,0.22,1.0,0.0,0.0,0.3333333333333333,0.14285714285714285,0.0
Bhiwani,Haryana,2024-10-10,0,2024,10,10,10,28.44,47.55,1.11,0.03,3.0,0.0,0.0,1.3333333333333333,0.5714285714285714,0.0
Bhiwani,Haryana,2024-10-11,0,2024,10,11,11,28.11,37.72,1.47,0.0,0.0,1.0,0.0,1.3333333333333333,0.5714285714285714,0.0
Bhiwani,Haryana,2024-10-12,0,2024,10,12,12,27.38,36.66,1.56,0.0,0.0,3.0,0.0,1.0,0.5714285714285714,1.0
Bhiwani,Haryana,2024-10-13,1,2024,10,13,13,27.16,55.06,1.29,0.0,0.0,0.0,0.0,0.0,0.5714285714285714,0.0
Bhiwani,Haryana,2024-10-14,0,2024,10,14,14,27.94,54.37,1.45,0.0,1.0,0.0,0.0,0.3333333333333333,0.7142857142857143,1.0
Bhiwani,Haryana,2024-10-15,1,2024,10,15,15,28.21,37.78,1.72,0.0,0.0,0.0,1.0,0.3333333333333333,0.7142857142857143,0.0
Bhiwani,Haryana,2024-10-16,0,2024,10,16,16,27.94,35.7,1.56,0.0,1.0,1.0,3.0,0.6666666666666666,0.7142857142857143,1.0
Bhiwani,Haryana,2024-10-17,1,2024,10,17,17,28.99,44.86,1.28,0.0,0.0,0.0,0.0,0.3333333333333333,0.2857142857142857,0.0
Bhiwani,Haryana,2024-10-18,0,2024,10,18,18,29.54,43.64,1.08,0.0,1.0,1.0,0.0,0.6666666666666666,0.42857142857142855,8.0
Bhiwani,Haryana,2024-10-19,8,2024,10,19,19,28.65,45.42,1.97,0.0,0.0,0.0,0.0,0.3333333333333333,0.42857142857142855,0.0
Bhiwani,Haryana,2024-10-20,0,2024,10,20,20,28.4,41.46,0.91,0.0,8.0,1.0,1.0,3.0,1.5714285714285714,0.0
Bhiwani,Haryana,2024-10-21,0,2024,10,21,21,27.84,54.72,1.41,0.17,0.0,0.0,0.0,2.6666666666666665,1.4285714285714286,0.0
Bhiwani,Haryana,2024-10-22,0,2024,10,22,22,27.93,48.85,0.82,0.15,0.0,8.0,1.0,2.6666666666666665,1.4285714285714286,1.0
Bhiwani,Haryana,2024-10-23,1,2024,10,23,23,27.72,41.06,1.47,0.0,0.0,0.0,0.0,0.0,1.2857142857142858,3.0
Bhiwani,Haryana,2024-10-24,3,2024,10,24,24,25.99,46.58,1.96,0.0,1.0,0.0,1.0,0.3333333333333333,1.4285714285714286,1.0
Bhiwani,Haryana,2024-10-25,1,2024,10,25,25,27.52,42.89,1.8,0.0,3.0,0.0,0.0,1.3333333333333333,1.7142857142857142,2.0
Bhiwani,Haryana,2024-10-26,2,2024,10,26,26,28.56,36.11,1.52,0.0,1.0,1.0,8.0,1.6666666666666667,1.8571428571428572,1.0
Bhiwani,Haryana,2024-10-27,1,2024,10,27,27,27.74,40.17,1.34,0.0,2.0,3.0,0.0,2.0,1.0,4.0
Bhiwani,Haryana,2024-10-28,4,2024,10,28,28,27.6,54.18,1.64,0.0,1.0,1.0,0.0,1.3333333333333333,1.1428571428571428,0.0
Bhiwani,Haryana,2024-10-29,0,2024,10,29,29,28.52,53.57,1.29,0.0,4.0,2.0,0.0,2.3333333333333335,1.7142857142857142,1.0
Bhiwani,Haryana,2024-10-30,1,2024,10,30,30,29.06,35.19,1.32,0.0,0.0,1.0,1.0,1.6666666666666667,1.7142857142857142,0.0
Bhiwani,Haryana,2024-10-31,0,2024,10,31,31,27.0,40.54,1.53,0.0,1.0,4.0,3.0,1.6666666666666667,1.7142857142857142,3.0
Bhiwani,Haryana,2024-11-01,3,2024,11,1,32,26.38,36.92,2.01,0.0,0.0,0.0,1.0,0.3333333333333333,1.2857142857142858,0.0
Bhiwani,Haryana,2024-11-02,0,2024,11,2,33,26.94,37.2,1.41,0.0,3.0,1.0,2.0,1.3333333333333333,1.5714285714285714,0.0
Bhiwani,Haryana,2024-11-03,0,2024,11,3,34,25.88,38.76,1.3,0.0,0.0,0.0,1.0,1.0,1.2857142857142858,0.0
Bhiwani,Haryana,2024-11-04,0,2024,11,4,35,26.09,34.31,1.4,0.0,0.0,3.0,4.0,1.0,1.1428571428571428,1.0
Bhiwani,Haryana,2024-11-05,1,2024,11,5,36,25.38,42.72,1.4,0.0,0.0,0.0,0.0,0.0,0.5714285714285714,0.0
Bhiwani,Haryana,2024-11-06,0,2024,11,6,37,25.46,47.69,1.34,0.0,1.0,0.0,1.0,0.3333333333333333,0.7142857142857143,2.0
Bhiwani,Haryana,2024-11-07,2,2024,11,7,38,25.94,45.61,1.23,0.0,0.0,0.0,0.0,0.3333333333333333,0.5714285714285714,3.0
Bhiwani,Haryana,2024-11-08,3,2024,11,8,39,26.72,43.39,1.21,0.0,2.0,1.0,3.0,1.0,0.8571428571428571,3.0
Bhiwani,Haryana,2024-11-09,3,2024,11,9,40,25.9,42.79,1.36,0.0,3.0,0.0,0.0,1.6666666666666667,0.8571428571428571,0.0
Bhiwani,Haryana,2024-11-10,0,2024,11,10,41,25.78,42.73,1.14,0.0,3.0,2.0,0.0,2.6666666666666665,1.2857142857142858,0.0
Bhiwani,Haryana,2024-11-11,0,2024,11,11,42,25.7,43.54,1.14,0.0,0.0,3.0,0.0,2.0,1.2857142857142858,0.0
Bhiwani,Haryana,2024-11-12,0,2024,11,12,43,24.74,35.27,1.5,0.0,0.0,3.0,1.0,1.0,1.2857142857142858,0.0
Bhiwani,Haryana,2024-11-13,0,2024,11,13,44,23.01,40.24,1.29,0.0,0.0,0.0,0.0,0.0,1.1428571428571428,0.0
Bhiwani,Haryana,2024-11-14,0,2024,11,14,45,22.82,41.53,1.08,0.0,0.0,0.0,2.0,0.0,1.1428571428571428,2.0
Bhiwani,Haryana,2024-11-15,2,2024,11,15,46,22.95,40.71,1.35,0.0,0.0,0.0,3.0,0.0,0.8571428571428571,0.0
Bhiwani,Haryana,2024-11-16,0,2024,11,16,47,23.48,36.78,1.16,0.0,2.0,0.0,3.0,0.6666666666666666,0.7142857142857143,0.0
Bhiwani,Haryana,2024-11-17,0,2024,11,17,48,21.93,43.2,1.28,0.0,0.0,0.0,0.0,0.6666666666666666,0.2857142857142857,0.0
Bhiwani,Haryana,2024-11-18,0,2024,11,18,49,20.11,41.62,1.65,0.0,0.0,2.0,0.0,0.6666666666666666,0.2857142857142857,0.0
Bhiwani,Haryana,2024-11-19,0,2024,11,19,50,19.94,36.01,1.65,0.0,0.0,0.0,0.0,0.0,0.2857142857142857,4.0
Bhiwani,Haryana,2024-11-20,4,2024,11,20,51,20.29,32.84,1.28,0.0,0.0,0.0,0.0,0.0,0.2857142857142857,1.0
Bhiwani,Haryana,2024-11-21,1,2024,11,21,52,20.74,31.1,1.19,0.0,4.0,0.0,0.0,1.3333333333333333,0.8571428571428571,2.0
Bhiwani,Haryana,2024-11-22,2,2024,11,22,53,21.11,31.31,1.53,0.0,1.0,0.0,2.0,1.6666666666666667,1.0,3.0
Bhiwani,Haryana,2024-11-23,3,2024,11,23,54,21.3,35.29,1.59,0.0,2.0,4.0,0.0,2.3333333333333335,1.0,7.0
Bhiwani,Haryana,2024-11-24,7,2024,11,24,55,20.46,41.5,2.33,0.0,3.0,1.0,0.0,2.0,1.4285714285714286,0.0
Bhiwani,Haryana,2024-11-25,0,2024,11,25,56,19.62,41.47,1.79,0.0,7.0,2.0,0.0,4.0,2.4285714285714284,0.0
Bhiwani,Haryana,2024-11-26,0,2024,11,26,57,20.01,37.21,1.53,0.0,0.0,3.0,0.0,3.3333333333333335,2.4285714285714284,2.0
Bhiwani,Haryana,2024-11-27,2,2024,11,27,58,20.51,38.29,1.39,0.0,0.0,7.0,4.0,2.3333333333333335,2.4285714285714284,0.0
Bhiwani,Haryana,2024-11-28,0,2024,11,28,59,19.71,34.52,1.2,0.0,2.0,0.0,1.0,0.6666666666666666,2.142857142857143,4.0
Bhiwani,Haryana,2024-11-29,4,2024,11,29,60,19.12,35.23,1.21,0.0,0.0,0.0,2.0,0.6666666666666666,2.0,3.0
Bhiwani,Haryana,2024-11-30,3,2024,11,30,61,19.06,37.84,1.59,0.0,4.0,2.0,3.0,2.0,2.2857142857142856,0.0
Bhiwani,Haryana,2025-10-01,0,2025,10,1,1,28.36,68.6,1.41,0.9,3.0,0.0,7.0,2.3333333333333335,2.2857142857142856,0.0
Bhiwani,Haryana,2025-10-02,0,2025,10,2,2,28.67,68.73,2.06,2.19,0.0,4.0,0.0,2.3333333333333335,1.2857142857142858,0.0
Bhiwani,Haryana,2025-10-03,0,2025,10,3,3,27.69,72.21,1.86,0.06,0.0,3.0,0.0,1.0,1.2857142857142858,0.0
Bhiwani,Haryana,2025-10-04,0,2025,10,4,4,29.37,59.06,1.58,0.0,0.0,0.0,2.0,0.0,1.2857142857142858,0.0
Bhiwani,Haryana,2025-10-05,0,2025,10,5,5,28.27,64.53,2.04,4.65,0.0,0.0,0.0,0.0,1.0,0.0
Bhiwani,Haryana,2025-10-06,0,2025,10,6,6,25.74,82.55,1.69,27.7,0.0,0.0,4.0,0.0,1.0,0.0
Bhiwani,Haryana,2025-10-07,0,2025,10,7,7,24.33,78.68,1.56,12.82,0.0,0.0,3.0,0.0,0.42857142857142855,0.0
Bhiwani,Haryana,2025-10-08,0,2025,10,8,8,21.98,68.79,1.79,0.16,0.0,0.0,0.0,0.0,0.0,0.0
Bhiwani,Haryana,2025-10-09,0,2025,10,9,9,23.35,55.9,1.53,0.03,0.0,0.0,0.0,0.0,0.0,0.0
Bhiwani,Haryana,2025-10-10,0,2025,10,10,10,24.38,49.77,1.31,0.0,0.0,0.0,0.0,0.0,0.0,0.0
Bhiwani,Haryana,2025-10-11,0,2025,10,11,11,24.89,49.75,1.42,0.0,0.0,0.0,0.0,0.0,0.0,0.0
Bhiwani,Haryana,2025-10-12,0,2025,10,12,12,25.25,49.6,1.14,0.0,0.0,0.0,0.0,0.0,0.0,0.0
Bhiwani,Haryana,2025-10-13,0,2025,10,13,13,25.71,40.51,0.86,0.0,0.0,0.0,0.0,0.0,0.0,0.0
Bhiwani,Haryana,2025-10-14,0,2025,10,14,14,25.13,42.94,0.88,0.0,0.0,0.0,0.0,0.0,0.0,0.0
Bhiwani,Haryana,2025-10-15,0,2025,10,15,15,24.66,49.31,1.02,0.0,0.0,0.0,0.0,0.0,0.0,1.0
Bhiwani,Haryana,2025-10-16,1,2025,10,16,16,25.19,43.16,1.2,0.0,0.0,0.0,0.0,0.0,0.0,0.0
Bhiwani,Haryana,2025-10-17,0,2025,10,17,17,26.01,41.98,0.84,0.0,1.0,0.0,0.0,0.3333333333333333,0.14285714285714285,2.0
Bhiwani,Haryana,2025-10-18,2,2025,10,18,18,25.89,44.61,0.94,0.0,0.0,0.0,0.0,0.3333333333333333,0.14285714285714285,0.0
Bhiwani,Haryana,2025-10-19,0,2025,10,19,19,25.23,47.94,1.68,0.0,2.0,1.0,0.0,1.0,0.42857142857142855,2.0
Bhiwani,Haryana,2025-10-20,2,2025,10,20,20,24.8,51.49,1.93,0.0,0.0,0.0,0.0,0.6666666666666666,0.42857142857142855,1.0
Bhiwani,Haryana,2025-10-21,1,2025,10,21,21,25.58,52.09,1.13,0.0,2.0,2.0,0.0,1.3333333333333333,0.7142857142857143,6.0
Bhiwani,Haryana,2025-10-22,6,2025,10,22,22,26.34,47.93,1.19,0.0,1.0,0.0,0.0,1.0,0.8571428571428571,0.0
Bhiwani,Haryana,2025-10-23,0,2025,10,23,23,25.6,39.48,1.23,0.0,6.0,2.0,1.0,3.0,1.7142857142857142,0.0
Bhiwani,Haryana,2025-10-24,0,2025,10,24,24,25.47,39.18,1.22,0.0,0.0,1.0,0.0,2.3333333333333335,1.5714285714285714,0.0
Bhiwani,Haryana,2025-10-25,0,2025,10,25,25,25.37,39.73,1.27,0.0,0.0,6.0,2.0,2.0,1.5714285714285714,1.0
Bhiwani,Haryana,2025-10-26,1,2025,10,26,26,23.81,47.56,1.76,0.0,0.0,0.0,0.0,0.0,1.2857142857142858,0.0
Bhiwani,Haryana,2025-10-27,0,2025,10,27,27,23.72,59.32,1.8,0.05,1.0,0.0,2.0,0.3333333333333333,1.4285714285714286,0.0
Bhiwani,Haryana,2025-10-28,0,2025,10,28,28,22.58,68.34,2.16,0.02,0.0,0.0,1.0,0.3333333333333333,1.1428571428571428,0.0
Bhiwani,Haryana,2025-10-29,0,2025,10,29,29,23.74,58.79,1.28,0.0,0.0,1.0,6.0,0.3333333333333333,1.0,0.0
Bhiwani,Haryana,2025-10-30,0,2025,10,30,30,24.05,64.44,1.51,0.02,0.0,0.0,0.0,0.0,0.14285714285714285,0.0
Bhiwani,Haryana,2025-10-31,0,2025,10,31,31,24.58,59.55,1.77,0.0,0.0,0.0,0.0,0.0,0.14285714285714285,0.0
Bhiwani,Haryana,2025-11-01,0,2025,11,1,32,24.78,41.46,1.09,0.0,0.0,0.0,0.0,0.0,0.14285714285714285,0.0
Bhiwani,Haryana,2025-11-02,0,2025,11,2,33,24.48,38.09,1.61,0.0,0.0,0.0,1.0,0.0,0.14285714285714285,0.0
Bhiwani,Haryana,2025-11-03,0,2025,11,3,34,24.05,33.3,2.1,0.0,0.0,0.0,0.0,0.0,0.0,0.0
Bhiwani,Haryana,2025-11-04,0,2025,11,4,35,23.94,50.39,2.12,0.25,0.0,0.0,0.0,0.0,0.0,1.0
Bhiwani,Haryana,2025-11-05,1,2025,11,5,36,21.41,50.63,2.29,0.04,0.0,0.0,0.0,0.0,0.0,2.0
Bhiwani,Haryana,2025-11-06,2,2025,11,6,37,18.59,41.26,1.99,0.0,1.0,0.0,0.0,0.3333333333333333,0.14285714285714285,4.0
Bhiwani,Haryana,2025-11-07,4,2025,11,7,38,18.9,28.82,1.89,0.0,2.0,0.0,0.0,1.0,0.42857142857142855,0.0
Bhiwani,Haryana,2025-11-08,0,2025,11,8,39,19.7,27.64,1.78,0.0,4.0,1.0,0.0,2.3333333333333335,1.0,0.0
Bhiwani,Haryana,2025-11-09,0,2025,11,9,40,20.12,28.47,1.31,0.0,0.0,2.0,0.0,2.0,1.0,0.0
Bhiwani,Haryana,2025-11-10,0,2025,11,10,41,20.08,28.71,1.25,0.0,0.0,4.0,0.0,1.3333333333333333,1.0,7.0
Bhiwani,Haryana,2025-11-11,7,2025,11,11,42,19.49,31.4,1.34,0.0,0.0,0.0,0.0,0.0,1.0,0.0
Bhiwani,Haryana,2025-11-12,0,2025,11,12,43,19.83,32.65,1.47,0.0,7.0,0.0,1.0,2.3333333333333335,2.0,0.0
Bhiwani,Haryana,2025-11-13,0,2025,11,13,44,19.61,30.02,1.4,0.0,0.0,0.0,2.0,2.3333333333333335,1.8571428571428572,0.0
Bhiwani,Haryana,2025-11-14,0,2025,11,14,45,20.09,26.86,1.33,0.0,0.0,7.0,4.0,2.3333333333333335,1.5714285714285714,1.0
Bhiwani,Haryana,2025-11-15,1,2025,11,15,46,20.11,24.76,1.23,0.0,0.0,0.0,0.0,0.0,1.0,3.0
Bhiwani,Haryana,2025-11-16,3,2025,11,16,47,19.58,24.33,1.34,0.0,1.0,0.0,0.0,0.3333333333333333,1.1428571428571428,3.0
Bhiwani,Haryana,2025-11-17,3,2025,11,17,48,19.44,26.49,1.54,0.0,3.0,0.0,0.0,1.3333333333333333,1.5714285714285714,0.0
Bhiwani,Haryana,2025-11-18,0,2025,11,18,49,19.39,30.08,1.55,0.0,3.0,1.0,7.0,2.3333333333333335,2.0,0.0
Bhiwani,Haryana,2025-11-19,0,2025,11,19,50,19.65,32.67,1.09,0.0,0.0,3.0,0.0,2.0,1.0,0.0
Bhiwani,Haryana,2025-11-20,0,2025,11,20,51,19.77,39.9,0.97,0.0,0.0,3.0,0.0,1.0,1.0,0.0
Bhiwani,Haryana,2025-11-21,0,2025,11,21,52,19.87,43.84,1.25,0.0,0.0,0.0,0.0,0.0,1.0,3.0
Bhiwani,Haryana,2025-11-22,3,2025,11,22,53,18.95,41.46,1.3,0.0,0.0,0.0,1.0,0.0,1.0,1.0
Bhiwani,Haryana,2025-11-23,1,2025,11,23,54,18.53,40.26,1.2,0.0,3.0,0.0,3.0,1.0,1.2857142857142858,0.0
Bhiwani,Haryana,2025-11-24,0,2025,11,24,55,17.97,38.51,1.34,0.0,1.0,0.0,3.0,1.3333333333333333,1.0,0.0
Bhiwani,Haryana,2025-11-25,0,2025,11,25,56,17.44,34.67,1.38,0.0,0.0,3.0,0.0,1.3333333333333333,0.5714285714285714,0.0
Bhiwani,Haryana,2025-11-26,0,2025,11,26,57,17.13,32.6,1.24,0.0,0.0,1.0,0.0,0.3333333333333333,0.5714285714285714,0.0
Bhiwani,Haryana,2025-11-27,0,2025,11,27,58,17.32,37.52,1.43,0.0,0.0,0.0,0.0,0.0,0.5714285714285714,1.0
Bhiwani,Haryana,2025-11-28,1,2025,11,28,59,18.71,42.68,0.81,0.0,0.0,0.0,0.0,0.0,0.5714285714285714,1.0
Bhiwani,Haryana,2025-11-29,1,2025,11,29,60,17.16,43.73,1.44,0.0,1.0,0.0,3.0,0.3333333333333333,0.7142857142857143,1.0
Charkhi Dadri,Haryana,2023-10-08,0,2023,10,8,8,30.52,45.75,2.06,0.0,0.0,0.0,0.0,0.0,0.2857142857142857,2.0
Charkhi Dadri,Haryana,2023-10-09,2,2023,10,9,9,30.69,47.57,2.21,0.01,0.0,0.0,0.0,0.0,0.2857142857142857,0.0
Charkhi Dadri,Haryana,2023-10-10,0,2023,10,10,10,29.42,44.39,1.95,0.04,2.0,0.0,2.0,0.6666666666666666,0.5714285714285714,0.0
Charkhi Dadri,Haryana,2023-10-11,0,2023,10,11,11,27.68,44.94,1.8,0.0,0.0,0.0,0.0,0.6666666666666666,0.2857142857142857,0.0
Charkhi Dadri,Haryana,2023-10-12,0,2023,10,12,12,27.87,36.56,1.54,0.0,0.0,2.0,0.0,0.6666666666666666,0.2857142857142857,0.0
Charkhi Dadri,Haryana,2023-10-13,0,2023,10,13,13,28.74,37.75,1.56,0.0,0.0,0.0,0.0,0.0,0.2857142857142857,0.0
Charkhi Dadri,Haryana,2023-10-14,0,2023,10,14,14,29.03,37.23,1.49,0.0,0.0,0.0,0.0,0.0,0.2857142857142857,0.0
Charkhi Dadri,Haryana,2023-10-15,0,2023,10,15,15,28.34,40.72,1.49,0.53,0.0,0.0,0.0,0.0,0.2857142857142857,0.0
Charkhi Dadri,Haryana,2023-10-16,0,2023,10,16,16,25.63,60.98,1.77,21.86,0.0,0.0,2.0,0.0,0.2857142857142857,0.0
Charkhi Dadri,Haryana,2023-10-17,0,2023,10,17,17,23.71,68.13,2.41,1.59,0.0,0.0,0.0,0.0,0.0,0.0
Charkhi Dadri,Haryana,2023-10-18,0,2023,10,18,18,23.73,59.33,2.2,0.0,0.0,0.0,0.0,0.0,0.0,0.0
Charkhi Dadri,Haryana,2023-10-19,0,2023,10,19,19,23.65,55.16,1.52,0.0,0.0,0.0,0.0,0.0,0.0,0.0
Charkhi Dadri,Haryana,2023-10-20,0,2023,10,20,20,23.81,53.41,1.18,0.0,0.0,0.0,0.0,0.0,0.0,0.0
Charkhi Dadri,Haryana,2023-10-21,0,2023,10,21,21,23.79,50.86,1.27,0.0,0.0,0.0,0.0,0.0,0.0,0.0
Charkhi Dadri,Haryana,2023-10-22,0,2023,10,22,22,24.15,47.77,1.47,0.0,0.0,0.0,0.0,0.0,0.0,0.0
Charkhi Dadri,Haryana,2023-10-23,0,2023,10,23,23,23.88,53.48,1.6,0.01,0.0,0.0,0.0,0.0,0.0,1.0
Charkhi Dadri,Haryana,2023-10-24,1,2023,10,24,24,24.51,52.27,1.48,0.0,0.0,0.0,0.0,0.0,0.0,0.0
Charkhi Dadri,Haryana,2023-10-25,0,2023,10,25,25,24.35,49.91,1.84,0.0,1.0,0.0,0.0,0.3333333333333333,0.14285714285714285,0.0
Charkhi Dadri,Haryana,2023-10-26,0,2023,10,26,26,24.0,43.1,1.74,0.0,0.0,0.0,0.0,0.3333333333333333,0.14285714285714285,0.0
Charkhi Dadri,Haryana,2023-10-27,0,2023,10,27,27,25.24,34.14,1.44,0.0,0.0,1.0,0.0,0.3333333333333333,0.14285714285714285,0.0
Charkhi Dadri,Haryana,2023-10-28,0,2023,10,28,28,25.18,36.8,1.41,0.0,0.0,0.0,0.0,0.0,0.14285714285714285,0.0
Charkhi Dadri,Haryana,2023-10-29,0,2023,10,29,29,26.04,37.74,1.49,0.0,0.0,0.0,0.0,0.0,0.14285714285714285,0.0
Charkhi Dadri,Haryana,2023-10-30,0,2023,10,30,30,25.71,42.67,1.61,0.0,0.0,0.0,0.0,0.0,0.14285714285714285,0.0
Charkhi Dadri,Haryana,2023-10-31,0,2023,10,31,31,25.08,46.08,1.43,0.0,0.0,0.0,1.0,0.0,0.14285714285714285,0.0
Charkhi Dadri,Haryana,2023-11-01,0,2023,11,1,32,24.68,43.32,1.38,0.0,0.0,0.0,0.0,0.0,0.0,0.0
Charkhi Dadri,Haryana,2023-11-02,0,2023,11,2,33,24.45,45.07,1.19,0.0,0.0,0.0,0.0,0.0,0.0,0.0
Charkhi Dadri,Haryana,2023-11-03,0,2023,11,3,34,24.51,49.28,1.36,0.0,0.0,0.0,0.0,0.0,0.0,1.0
Charkhi Dadri,Haryana,2023-11-04,1,2023,11,4,35,24.26,51.45,1.3,0.0,0.0,0.0,0.0,0.0,0.0,0.0
Charkhi Dadri,Haryana,2023-11-05,0,2023,11,5,36,23.87,41.46,1.36,0.0,1.0,0.0,0.0,0.3333333333333333,0.14285714285714285,0.0
Charkhi Dadri,Haryana,2023-11-06,0,2023,11,6,37,23.35,37.08,1.4,0.0,0.0,0.0,0.0,0.3333333333333333,0.14285714285714285,2.0
Charkhi Dadri,Haryana,2023-11-07,2,2023,11,7,38,23.56,38.3,1.34,0.0,0.0,1.0,0.0,0.3333333333333333,0.14285714285714285,0.0
Charkhi Dadri,Haryana,2023-11-08,0,2023,11,8,39,23.4,50.66,1.35,0.0,2.0,0.0,0.0,0.6666666666666666,0.42857142857142855,0.0
Charkhi Dadri,Haryana,2023-11-09,0,2023,11,9,40,24.55,46.18,1.39,0.06,0.0,0.0,0.0,0.6666666666666666,0.42857142857142855,0.0
Charkhi Dadri,Haryana,2023-11-10,0,2023,11,10,41,21.9,54.45,1.9,4.52,0.0,2.0,0.0,0.6666666666666666,0.42857142857142855,0.0
Charkhi Dadri,Haryana,2023-11-11,0,2023,11,11,42,19.46,64.4,1.96,0.06,0.0,0.0,1.0,0.0,0.42857142857142855,0.0
Charkhi Dadri,Haryana,2023-11-12,0,2023,11,12,43,19.54,60.58,1.48,0.0,0.0,0.0,0.0,0.0,0.2857142857142857,0.0
Charkhi Dadri,Haryana,2023-11-13,0,2023,11,13,44,19.95,52.42,1.16,0.0,0.0,0.0,0.0,0.0,0.2857142857142857,0.0
Charkhi Dadri,Haryana,2023-11-14,0,2023,11,14,45,19.49,44.72,1.11,0.0,0.0,0.0,2.0,0.0,0.2857142857142857,0.0
Charkhi Dadri,Haryana,2023-11-15,0,2023,11,15,46,18.72,49.36,1.42,0.0,0.0,0.0,0.0,0.0,0.0,0.0
Charkhi Dadri,Haryana,2023-11-16,0,2023,11,16,47,19.72,48.59,0.88,0.0,0.0,0.0,0.0,0.0,0.0,1.0
Charkhi Dadri,Haryana,2023-11-17,1,2023,11,17,48,20.48,52.54,1.27,0.0,0.0,0.0,0.0,0.0,0.0,0.0
Charkhi Dadri,Haryana,2023-11-18,0,2023,11,18,49,20.5,51.19,0.97,0.0,1.0,0.0,0.0,0.3333333333333333,0.14285714285714285,3.0
Charkhi Dadri,Haryana,2023-11-19,3,2023,11,19,50,20.76,44.23,0.77,0.0,0.0,0.0,0.0,0.3333333333333333,0.14285714285714285,0.0
Charkhi Dadri,Haryana,2023-11-20,0,2023,11,20,51,20.45,46.33,1.04,0.0,3.0,1.0,0.0,1.3333333333333333,0.5714285714285714,1.0
Charkhi Dadri,Haryana,2023-11-21,1,2023,11,21,52,18.71,54.32,1.78,0.0,0.0,0.0,0.0,1.0,0.5714285714285714,0.0
Charkhi Dadri,Haryana,2023-11-22,0,2023,11,22,53,18.4,45.77,1.72,0.0,1.0,3.0,0.0,1.3333333333333333,0.7142857142857143,0.0
Charkhi Dadri,Haryana,2023-11-23,0,2023,11,23,54,19.72,36.86,0.9,0.0,0.0,0.0,0.0,0.3333333333333333,0.7142857142857143,0.0
Charkhi Dadri,Haryana,2023-11-24,0,2023,11,24,55,18.61,43.64,1.12,0.0,0.0,1.0,1.0,0.3333333333333333,0.7142857142857143,0.0
Charkhi Dadri,Haryana,2023-11-25,0,2023,11,25,56,18.6,44.95,0.93,0.0,0.0,0.0,0.0,0.0,0.5714285714285714,0.0
Charkhi Dadri,Haryana,2023-11-26,0,2023,11,26,57,18.92,44.42,1.87,0.0,0.0,0.0,3.0,0.0,0.5714285714285714,0.0
Charkhi Dadri,Haryana,2023-11-27,0,2023,11,27,58,17.49,48.49,1.89,0.14,0.0,0.0,0.0,0.0,0.14285714285714285,0.0
Charkhi Dadri,Haryana,2023-11-28,0,2023,11,28,59,17.93,61.65,1.44,3.46,0.0,0.0,1.0,0.0,0.14285714285714285,0.0
Charkhi Dadri,Haryana,2023-11-29,0,2023,11,29,60,18.61,60.25,1.08,0.05,0.0,0.0,0.0,0.0,0.0,0.0
Charkhi Dadri,Haryana,2023-11-30,0,2023,11,30,61,19.37,61.31,1.28,0.18,0.0,0.0,0.0,0.0,0.0,0.0
Charkhi Dadri,Haryana,2024-10-01,0,2024,10,1,1,29.59,62.04,1.83,0.0,0.0,0.0,0.0,0.0,0.0,0.0
Charkhi Dadri,Haryana,2024-10-02,0,2024,10,2,2,29.26,58.83,2.32,0.0,0.0,0.0,0.0,0.0,0.0,0.0
Charkhi Dadri,Haryana,2024-10-03,0,2024,10,3,3,29.39,55.03,2.39,0.0,0.0,0.0,0.0,0.0,0.0,0.0
Charkhi Dadri,Haryana,2024-10-04,0,2024,10,4,4,29.28,63.81,2.25,0.42,0.0,0.0,0.0,0.0,0.0,0.0
Charkhi Dadri,Haryana,2024-10-05,0,2024,10,5,5,29.43,62.48,2.28,0.61,0.0,0.0,0.0,0.0,0.0,0.0
Charkhi Dadri,Haryana,2024-10-06,0,2024,10,6,6,28.04,60.67,1.69,0.0,0.0,0.0,0.0,0.0,0.0,0.0
Charkhi Dadri,Haryana,2024-10-07,0,2024,10,7,7,28.19,56.54,0.88,0.0,0.0,0.0,0.0,0.0,0.0,0.0
Charkhi Dadri,Haryana,2024-10-08,0,2024,10,8,8,27.8,58.08,1.04,0.0,0.0,0.0,0.0,0.0,0.0,0.0
Charkhi Dadri,Haryana,2024-10-09,0,2024,10,9,9,28.3,52.77,0.92,0.02,0.0,0.0,0.0,0.0,0.0,0.0
Charkhi Dadri,Haryana,2024-10-10,0,2024,10,10,10,27.83,52.79,1.26,0.0,0.0,0.0,0.0,0.0,0.0,0.0
Charkhi Dadri,Haryana,2024-10-11,0,2024,10,11,11,27.28,44.27,1.55,0.0,0.0,0.0,0.0,0.0,0.0,0.0
Charkhi Dadri,Haryana,2024-10-12,0,2024,10,12,12,26.88,41.57,1.49,0.0,0.0,0.0,0.0,0.0,0.0,0.0
Charkhi Dadri,Haryana,2024-10-13,0,2024,10,13,13,26.4,55.3,1.24,0.0,0.0,0.0,0.0,0.0,0.0,0.0
Charkhi Dadri,Haryana,2024-10-14,0,2024,10,14,14,27.27,57.53,1.44,0.0,0.0,0.0,0.0,0.0,0.0,0.0
Charkhi Dadri,Haryana,2024-10-15,0,2024,10,15,15,27.63,42.52,1.65,0.0,0.0,0.0,0.0,0.0,0.0,0.0
Charkhi Dadri,Haryana,2024-10-16,0,2024,10,16,16,27.78,39.41,1.45,0.0,0.0,0.0,0.0,0.0,0.0,0.0
Charkhi Dadri,Haryana,2024-10-17,0,2024,10,17,17,28.63,43.74,1.03,0.0,0.0,0.0,0.0,0.0,0.0,0.0
Charkhi Dadri,Haryana,2024-10-18,0,2024,10,18,18,28.49,47.98,1.0,0.0,0.0,0.0,0.0,0.0,0.0,0.0
Charkhi Dadri,Haryana,2024-10-19,0,2024,10,19,19,28.17,50.54,1.71,0.0,0.0,0.0,0.0,0.0,0.0,0.0
Charkhi Dadri,Haryana,2024-10-20,0,2024,10,20,20,27.42,48.18,0.98,0.0,0.0,0.0,0.0,0.0,0.0,0.0
Charkhi Dadri,Haryana,2024-10-21,0,2024,10,21,21,26.73,61.38,1.13,0.37,0.0,0.0,0.0,0.0,0.0,0.0
Charkhi Dadri,Haryana,2024-10-22,0,2024,10,22,22,26.74,56.26,1.03,0.13,0.0,0.0,0.0,0.0,0.0,0.0
Charkhi Dadri,Haryana,2024-10-23,0,2024,10,23,23,26.66,49.48,1.55,0.0,0.0,0.0,0.0,0.0,0.0,0.0
Charkhi Dadri,Haryana,2024-10-24,0,2024,10,24,24,25.51,52.87,2.23,0.0,0.0,0.0,0.0,0.0,0.0,0.0
Charkhi Dadri,Haryana,2024-10-25,0,2024,10,25,25,26.66,49.46,2.01,0.0,0.0,0.0,0.0,0.0,0.0,0.0
Charkhi Dadri,Haryana,2024-10-26,0,2024,10,26,26,27.15,44.67,1.67,0.0,0.0,0.0,0.0,0.0,0.0,0.0
Charkhi Dadri,Haryana,2024-10-27,0,2024,10,27,27,26.19,52.41,1.49,0.0,0.0,0.0,0.0,0.0,0.0,0.0
Charkhi Dadri,Haryana,2024-10-28,0,2024,10,28,28,26.57,63.1,1.97,0.0,0.0,0.0,0.0,0.0,0.0,0.0
Charkhi Dadri,Haryana,2024-10-29,0,2024,10,29,29,28.3,57.63,1.07,0.0,0.0,0.0,0.0,0.0,0.0,1.0
Charkhi Dadri,Haryana,2024-10-30,1,2024,10,30,30,29.09,40.16,1.17,0.0,0.0,0.0,0.0,0.0,0.0,0.0
Charkhi Dadri,Haryana,2024-10-31,0,2024,10,31,31,26.44,47.44,1.79,0.0,1.0,0.0,0.0,0.3333333333333333,0.14285714285714285,0.0
Charkhi Dadri,Haryana,2024-11-01,0,2024,11,1,32,25.59,41.39,2.2,0.0,0.0,0.0,0.0,0.3333333333333333,0.14285714285714285,0.0
Charkhi Dadri,Haryana,2024-11-02,0,2024,11,2,33,26.14,43.47,1.35,0.0,0.0,1.0,0.0,0.3333333333333333,0.14285714285714285,0.0
Charkhi Dadri,Haryana,2024-11-03,0,2024,11,3,34,25.02,47.85,1.24,0.0,0.0,0.0,0.0,0.0,0.14285714285714285,1.0
Charkhi Dadri,Haryana,2024-11-04,1,2024,11,4,35,25.06,44.58,1.26,0.0,0.0,0.0,0.0,0.0,0.14285714285714285,0.0
Charkhi Dadri,Haryana,2024-11-05,0,2024,11,5,36,24.0,57.12,1.56,0.0,1.0,0.0,0.0,0.3333333333333333,0.2857142857142857,0.0
Charkhi Dadri,Haryana,2024-11-06,0,2024,11,6,37,24.46,55.84,1.33,0.0,0.0,0.0,1.0,0.3333333333333333,0.2857142857142857,0.0
Charkhi Dadri,Haryana,2024-11-07,0,2024,11,7,38,24.68,56.96,1.3,0.0,0.0,1.0,0.0,0.3333333333333333,0.14285714285714285,0.0
Charkhi Dadri,Haryana,2024-11-08,0,2024,11,8,39,25.08,56.88,1.27,0.0,0.0,0.0,0.0,0.0,0.14285714285714285,0.0
Charkhi Dadri,Haryana,2024-11-09,0,2024,11,9,40,25.7,52.57,1.25,0.0,0.0,0.0,0.0,0.0,0.14285714285714285,0.0
Charkhi Dadri,Haryana,2024-11-10,0,2024,11,10,41,25.36,48.97,1.09,0.0,0.0,0.0,0.0,0.0,0.14285714285714285,0.0
Charkhi Dadri,Haryana,2024-11-11,0,2024,11,11,42,25.57,49.38,0.79,0.0,0.0,0.0,1.0,0.0,0.14285714285714285,0.0
Charkhi Dadri,Haryana,2024-11-12,0,2024,11,12,43,24.72,40.66,1.37,0.0,0.0,0.0,0.0,0.0,0.0,0.0
Charkhi Dadri,Haryana,2024-11-13,0,2024,11,13,44,22.62,44.96,1.33,0.0,0.0,0.0,0.0,0.0,0.0,0.0
Charkhi Dadri,Haryana,2024-11-14,0,2024,11,14,45,22.59,45.8,0.98,0.0,0.0,0.0,0.0,0.0,0.0,0.0
Charkhi Dadri,Haryana,2024-11-15,0,2024,11,15,46,22.75,44.55,1.42,0.0,0.0,0.0,0.0,0.0,0.0,0.0
Charkhi Dadri,Haryana,2024-11-16,0,2024,11,16,47,22.68,42.67,1.35,0.0,0.0,0.0,0.0,0.0,0.0,0.0
Charkhi Dadri,Haryana,2024-11-17,0,2024,11,17,48,21.73,48.0,1.2,0.0,0.0,0.0,0.0,0.0,0.0,0.0
Charkhi Dadri,Haryana,2024-11-18,0,2024,11,18,49,19.89,45.28,1.57,0.0,0.0,0.0,0.0,0.0,0.0,0.0
Charkhi Dadri,Haryana,2024-11-19,0,2024,11,19,50,19.24,40.93,1.75,0.0,0.0,0.0,0.0,0.0,0.0,0.0
Charkhi Dadri,Haryana,2024-11-20,0,2024,11,20,51,19.77,36.39,1.32,0.0,0.0,0.0,0.0,0.0,0.0,0.0
Charkhi Dadri,Haryana,2024-11-21,0,2024,11,21,52,20.26,33.19,1.24,0.0,0.0,0.0,0.0,0.0,0.0,0.0
Charkhi Dadri,Haryana,2024-11-22,0,2024,11,22,53,20.22,35.82,1.54,0.0,0.0,0.0,0.0,0.0,0.0,0.0
Charkhi Dadri,Haryana,2024-11-23,0,2024,11,23,54,20.66,39.76,1.49,0.0,0.0,0.0,0.0,0.0,0.0,0.0
Charkhi Dadri,Haryana,2024-11-24,0,2024,11,24,55,20.17,43.91,2.22,0.0,0.0,0.0,0.0,0.0,0.0,0.0
Charkhi Dadri,Haryana,2024-11-25,0,2024,11,25,56,19.08,44.74,1.89,0.0,0.0,0.0,0.0,0.0,0.0,0.0
Charkhi Dadri,Haryana,2024-11-26,0,2024,11,26,57,19.13,40.41,1.73,0.0,0.0,0.0,0.0,0.0,0.0,0.0
Charkhi Dadri,Haryana,2024-11-27,0,2024,11,27,58,19.95,40.65,1.45,0.0,0.0,0.0,0.0,0.0,0.0,0.0
Charkhi Dadri,Haryana,2024-11-28,0,2024,11,28,59,19.65,36.49,0.9,0.0,0.0,0.0,0.0,0.0,0.0,0.0
Charkhi Dadri,Haryana,2024-11-29,0,2024,11,29,60,18.98,38.04,1.12,0.0,0.0,0.0,0.0,0.0,0.0,0.0
Charkhi Dadri,Haryana,2024-11-30,0,2024,11,30,61,18.68,40.58,1.57,0.0,0.0,0.0,0.0,0.0,0.0,0.0
Charkhi Dadri,Haryana,2025-10-01,0,2025,10,1,1,27.49,73.86,1.19,0.69,0.0,0.0,0.0,0.0,0.0,0.0
Charkhi Dadri,Haryana,2025-10-02,0,2025,10,2,2,27.53,75.15,1.82,4.35,0.0,0.0,0.0,0.0,0.0,0.0
Charkhi Dadri,Haryana,2025-10-03,0,2025,10,3,3,26.75,79.06,1.61,0.02,0.0,0.0,0.0,0.0,0.0,0.0
Charkhi Dadri,Haryana,2025-10-04,0,2025,10,4,4,28.62,65.11,1.52,0.0,0.0,0.0,0.0,0.0,0.0,0.0
Charkhi Dadri,Haryana,2025-10-05,0,2025,10,5,5,28.07,65.39,1.52,4.71,0.0,0.0,0.0,0.0,0.0,0.0
Charkhi Dadri,Haryana,2025-10-06,0,2025,10,6,6,25.38,82.42,1.48,17.82,0.0,0.0,0.0,0.0,0.0,0.0
Charkhi Dadri,Haryana,2025-10-07,0,2025,10,7,7,24.26,82.63,1.64,21.34,0.0,0.0,0.0,0.0,0.0,0.0
Charkhi Dadri,Haryana,2025-10-08,0,2025,10,8,8,21.84,75.64,1.83,0.22,0.0,0.0,0.0,0.0,0.0,0.0
Charkhi Dadri,Haryana,2025-10-09,0,2025,10,9,9,22.59,64.07,1.59,0.0,0.0,0.0,0.0,0.0,0.0,2.0
Charkhi Dadri,Haryana,2025-10-10,2,2025,10,10,10,23.46,57.12,1.25,0.0,0.0,0.0,0.0,0.0,0.0,0.0
Charkhi Dadri,Haryana,2025-10-11,0,2025,10,11,11,24.15,55.29,1.17,0.0,2.0,0.0,0.0,0.6666666666666666,0.2857142857142857,0.0
Charkhi Dadri,Haryana,2025-10-12,0,2025,10,12,12,24.4,58.36,1.18,0.0,0.0,0.0,0.0,0.6666666666666666,0.2857142857142857,0.0
Charkhi Dadri,Haryana,2025-10-13,0,2025,10,13,13,24.93,47.91,0.68,0.0,0.0,2.0,0.0,0.6666666666666666,0.2857142857142857,0.0
Charkhi Dadri,Haryana,2025-10-14,0,2025,10,14,14,24.19,50.5,0.91,0.0,0.0,0.0,0.0,0.0,0.2857142857142857,0.0
Charkhi Dadri,Haryana,2025-10-15,0,2025,10,15,15,23.69,55.88,1.16,0.0,0.0,0.0,0.0,0.0,0.2857142857142857,0.0
Charkhi Dadri,Haryana,2025-10-16,0,2025,10,16,16,24.48,48.95,1.1,0.0,0.0,0.0,0.0,0.0,0.2857142857142857,0.0
Charkhi Dadri,Haryana,2025-10-17,0,2025,10,17,17,25.48,45.86,0.66,0.0,0.0,0.0,2.0,0.0,0.2857142857142857,0.0
Charkhi Dadri,Haryana,2025-10-18,0,2025,10,18,18,24.73,53.33,1.08,0.0,0.0,0.0,0.0,0.0,0.0,0.0
Charkhi Dadri,Haryana,2025-10-19,0,2025,10,19,19,24.33,56.27,1.6,0.0,0.0,0.0,0.0,0.0,0.0,0.0
Charkhi Dadri,Haryana,2025-10-20,0,2025,10,20,20,24.2,59.82,1.79,0.0,0.0,0.0,0.0,0.0,0.0,0.0
Charkhi Dadri,Haryana,2025-10-21,0,2025,10,21,21,24.8,62.48,1.22,0.0,0.0,0.0,0.0,0.0,0.0,0.0
Charkhi Dadri,Haryana,2025-10-22,0,2025,10,22,22,25.59,56.25,1.22,0.0,0.0,0.0,0.0,0.0,0.0,0.0
Charkhi Dadri,Haryana,2025-10-23,0,2025,10,23,23,25.27,44.51,1.04,0.0,0.0,0.0,0.0,0.0,0.0,0.0
Charkhi Dadri,Haryana,2025-10-24,0,2025,10,24,24,24.81,44.61,1.07,0.0,0.0,0.0,0.0,0.0,0.0,0.0
Charkhi Dadri,Haryana,2025-10-25,0,2025,10,25,25,24.12,45.51,1.3,0.0,0.0,0.0,0.0,0.0,0.0,0.0
Charkhi Dadri,Haryana,2025-10-26,0,2025,10,26,26,22.83,54.84,1.65,0.0,0.0,0.0,0.0,0.0,0.0,0.0
Charkhi Dadri,Haryana,2025-10-27,0,2025,10,27,27,23.1,63.2,1.78,0.06,0.0,0.0,0.0,0.0,0.0,0.0
Charkhi Dadri,Haryana,2025-10-28,0,2025,10,28,28,22.13,70.11,1.89,0.0,0.0,0.0,0.0,0.0,0.0,0.0
Charkhi Dadri,Haryana,2025-10-29,0,2025,10,29,29,23.4,64.44,1.08,0.0,0.0,0.0,0.0,0.0,0.0,0.0
Charkhi Dadri,Haryana,2025-10-30,0,2025,10,30,30,23.51,70.61,1.39,0.1,0.0,0.0,0.0,0.0,0.0,0.0
Charkhi Dadri,Haryana,2025-10-31,0,2025,10,31,31,24.62,64.42,1.71,0.0,0.0,0.0,0.0,0.0,0.0,1.0
Charkhi Dadri,Haryana,2025-11-01,1,2025,11,1,32,24.17,49.49,1.27,0.0,0.0,0.0,0.0,0.0,0.0,0.0
Charkhi Dadri,Haryana,2025-11-02,0,2025,11,2,33,23.5,46.4,1.78,0.0,1.0,0.0,0.0,0.3333333333333333,0.14285714285714285,0.0
Charkhi Dadri,Haryana,2025-11-03,0,2025,11,3,34,23.3,39.01,2.2,0.0,0.0,0.0,0.0,0.3333333333333333,0.14285714285714285,0.0
Charkhi Dadri,Haryana,2025-11-04,0,2025,11,4,35,21.98,52.84,2.01,0.11,0.0,1.0,0.0,0.3333333333333333,0.14285714285714285,0.0
Charkhi Dadri,Haryana,2025-11-05,0,2025,11,5,36,21.48,55.11,1.87,0.0,0.0,0.0,0.0,0.0,0.14285714285714285,0.0
Charkhi Dadri,Haryana,2025-11-06,0,2025,11,6,37,18.24,47.46,2.18,0.0,0.0,0.0,0.0,0.0,0.14285714285714285,0.0
Charkhi Dadri,Haryana,2025-11-07,0,2025,11,7,38,17.75,38.81,2.13,0.0,0.0,0.0,0.0,0.0,0.14285714285714285,0.0
Charkhi Dadri,Haryana,2025-11-08,0,2025,11,8,39,18.37,36.77,1.88,0.0,0.0,0.0,1.0,0.0,0.14285714285714285,0.0
Charkhi Dadri,Haryana,2025-11-09,0,2025,11,9,40,18.96,36.99,1.61,0.0,0.0,0.0,0.0,0.0,0.0,0.0
Charkhi Dadri,Haryana,2025-11-10,0,2025,11,10,41,19.41,35.45,1.28,0.0,0.0,0.0,0.0,0.0,0.0,0.0
Charkhi Dadri,Haryana,2025-11-11,0,2025,11,11,42,18.82,37.5,1.34,0.0,0.0,0.0,0.0,0.0,0.0,0.0
Charkhi Dadri,Haryana,2025-11-12,0,2025,11,12,43,18.62,40.99,1.74,0.0,0.0,0.0,0.0,0.0,0.0,0.0
Charkhi Dadri,Haryana,2025-11-13,0,2025,11,13,44,18.16,40.42,1.54,0.0,0.0,0.0,0.0,0.0,0.0,2.0
Charkhi Dadri,Haryana,2025-11-14,2,2025,11,14,45,18.91,35.22,1.47,0.0,0.0,0.0,0.0,0.0,0.0,0.0
Charkhi Dadri,Haryana,2025-11-15,0,2025,11,15,46,19.09,32.35,1.43,0.0,2.0,0.0,0.0,0.6666666666666666,0.2857142857142857,1.0
Charkhi Dadri,Haryana,2025-11-16,1,2025,11,16,47,18.27,32.34,1.72,0.0,0.0,0.0,0.0,0.6666666666666666,0.2857142857142857,0.0
Charkhi Dadri,Haryana,2025-11-17,0,2025,11,17,48,18.5,33.59,1.61,0.0,1.0,2.0,0.0,1.0,0.42857142857142855,0.0
Charkhi Dadri,Haryana,2025-11-18,0,2025,11,18,49,18.73,36.47,1.55,0.0,0.0,0.0,0.0,0.3333333333333333,0.42857142857142855,0.0
Charkhi Dadri,Haryana,2025-11-19,0,2025,11,19,50,18.74,41.12,1.08,0.0,0.0,1.0,0.0,0.3333333333333333,0.42857142857142855,0.0
Charkhi Dadri,Haryana,2025-11-20,0,2025,11,20,51,18.3,52.52,1.22,0.0,0.0,0.0,0.0,0.0,0.42857142857142855,0.0
Charkhi Dadri,Haryana,2025-11-21,0,2025,11,21,52,18.78,55.85,1.27,0.0,0.0,0.0,2.0,0.0,0.42857142857142855,0.0
Charkhi Dadri,Haryana,2025-11-22,0,2025,11,22,53,19.15,46.13,1.25,0.0,0.0,0.0,0.0,0.0,0.14285714285714285,0.0
Charkhi Dadri,Haryana,2025-11-23,0,2025,11,23,54,18.63,43.02,0.95,0.0,0.0,0.0,1.0,0.0,0.14285714285714285,0.0
Charkhi Dadri,Haryana,2025-11-24,0,2025,11,24,55,18.07,41.1,0.98,0.0,0.0,0.0,0.0,0.0,0.0,0.0
Charkhi Dadri,Haryana,2025-11-25,0,2025,11,25,56,17.19,38.74,1.2,0.0,0.0,0.0,0.0,0.0,0.0,0.0
Charkhi Dadri,Haryana,2025-11-26,0,2025,11,26,57,16.9,37.51,0.9,0.0,0.0,0.0,0.0,0.0,0.0,0.0
Charkhi Dadri,Haryana,2025-11-27,0,2025,11,27,58,17.32,39.92,1.17,0.0,0.0,0.0,0.0,0.0,0.0,0.0
Charkhi Dadri,Haryana,2025-11-28,0,2025,11,28,59,18.41,44.02,0.88,0.0,0.0,0.0,0.0,0.0,0.0,0.0
Charkhi Dadri,Haryana,2025-11-29,0,2025,11,29,60,16.86,50.1,1.57,0.0,0.0,0.0,0.0,0.0,0.0,0.0
Faridabad,Haryana,2023-10-08,0,2023,10,8,8,27.71,58.28,1.45,0.0,2.0,0.0,0.0,0.6666666666666666,0.42857142857142855,1.0
Faridabad,Haryana,2023-10-09,1,2023,10,9,9,28.38,61.7,1.46,0.0,0.0,0.0,1.0,0.6666666666666666,0.42857142857142855,1.0
Faridabad,Haryana,2023-10-10,1,2023,10,10,10,27.98,62.97,1.03,0.0,1.0,2.0,0.0,1.0,0.42857142857142855,1.0
Faridabad,Haryana,2023-10-11,1,2023,10,11,11,25.97,57.89,1.96,0.0,1.0,0.0,0.0,0.6666666666666666,0.5714285714285714,1.0
Faridabad,Haryana,2023-10-12,1,2023,10,12,12,25.37,54.62,1.41,0.0,1.0,1.0,0.0,1.0,0.7142857142857143,1.0
Faridabad,Haryana,2023-10-13,1,2023,10,13,13,26.34,50.78,1.32,0.0,1.0,1.0,0.0,1.0,0.8571428571428571,0.0
Faridabad,Haryana,2023-10-14,0,2023,10,14,14,27.22,49.83,1.28,0.0,1.0,1.0,2.0,1.0,1.0,0.0
Faridabad,Haryana,2023-10-15,0,2023,10,15,15,26.61,54.6,0.91,0.0,0.0,1.0,0.0,0.6666666666666666,0.7142857142857143,0.0
Faridabad,Haryana,2023-10-16,0,2023,10,16,16,23.96,69.61,2.28,4.31,0.0,1.0,1.0,0.3333333333333333,0.7142857142857143,0.0
Faridabad,Haryana,2023-10-17,0,2023,10,17,17,23.67,62.92,1.94,4.82,0.0,0.0,1.0,0.0,0.5714285714285714,0.0
Faridabad,Haryana,2023-10-18,0,2023,10,18,18,22.55,62.52,2.16,0.0,0.0,0.0,1.0,0.0,0.42857142857142855,1.0
Faridabad,Haryana,2023-10-19,1,2023,10,19,19,22.6,59.88,1.91,0.0,0.0,0.0,1.0,0.0,0.2857142857142857,0.0
Faridabad,Haryana,2023-10-20,0,2023,10,20,20,22.74,59.19,1.49,0.0,1.0,0.0,1.0,0.3333333333333333,0.2857142857142857,3.0
Faridabad,Haryana,2023-10-21,3,2023,10,21,21,22.61,54.65,1.37,0.0,0.0,0.0,0.0,0.3333333333333333,0.14285714285714285,1.0
Faridabad,Haryana,2023-10-22,1,2023,10,22,22,23.49,49.86,1.22,0.0,3.0,1.0,0.0,1.3333333333333333,0.5714285714285714,1.0
Faridabad,Haryana,2023-10-23,1,2023,10,23,23,23.12,58.36,1.53,0.0,1.0,0.0,0.0,1.3333333333333333,0.7142857142857143,0.0
Faridabad,Haryana,2023-10-24,0,2023,10,24,24,23.67,57.87,1.47,0.0,1.0,3.0,0.0,1.6666666666666667,0.8571428571428571,2.0
Faridabad,Haryana,2023-10-25,2,2023,10,25,25,23.59,56.08,1.74,0.0,0.0,1.0,0.0,0.6666666666666666,0.8571428571428571,2.0
Faridabad,Haryana,2023-10-26,2,2023,10,26,26,23.14,56.8,1.64,0.0,2.0,1.0,1.0,1.0,1.1428571428571428,3.0
Faridabad,Haryana,2023-10-27,3,2023,10,27,27,23.26,46.05,1.44,0.0,2.0,0.0,0.0,1.3333333333333333,1.2857142857142858,2.0
Faridabad,Haryana,2023-10-28,2,2023,10,28,28,24.05,46.53,1.2,0.0,3.0,2.0,3.0,2.3333333333333335,1.7142857142857142,4.0
Faridabad,Haryana,2023-10-29,4,2023,10,29,29,24.41,46.55,1.16,0.0,2.0,2.0,1.0,2.3333333333333335,1.5714285714285714,0.0
Faridabad,Haryana,2023-10-30,0,2023,10,30,30,24.15,51.63,1.21,0.0,4.0,3.0,1.0,3.0,2.0,1.0
Faridabad,Haryana,2023-10-31,1,2023,10,31,31,24.23,52.61,1.08,0.0,0.0,2.0,0.0,2.0,1.8571428571428572,1.0
Faridabad,Haryana,2023-11-01,1,2023,11,1,32,25.21,45.91,0.97,0.0,1.0,4.0,2.0,1.6666666666666667,2.0,0.0
Faridabad,Haryana,2023-11-02,0,2023,11,2,33,23.52,48.95,1.22,0.0,1.0,0.0,2.0,0.6666666666666666,1.8571428571428572,0.0
Faridabad,Haryana,2023-11-03,0,2023,11,3,34,23.21,52.72,1.19,0.0,0.0,1.0,3.0,0.6666666666666666,1.5714285714285714,0.0
Faridabad,Haryana,2023-11-04,0,2023,11,4,35,23.43,54.4,1.47,0.0,0.0,1.0,2.0,0.3333333333333333,1.1428571428571428,2.0
Faridabad,Haryana,2023-11-05,2,2023,11,5,36,22.91,44.19,0.93,0.0,0.0,0.0,4.0,0.0,0.8571428571428571,0.0
Faridabad,Haryana,2023-11-06,0,2023,11,6,37,22.99,40.14,1.05,0.0,2.0,0.0,0.0,0.6666666666666666,0.5714285714285714,3.0
Faridabad,Haryana,2023-11-07,3,2023,11,7,38,22.76,40.98,1.04,0.0,0.0,0.0,1.0,0.6666666666666666,0.5714285714285714,0.0
Faridabad,Haryana,2023-11-08,0,2023,11,8,39,22.62,54.16,1.28,0.0,3.0,2.0,1.0,1.6666666666666667,0.8571428571428571,0.0
Faridabad,Haryana,2023-11-09,0,2023,11,9,40,23.5,53.03,1.37,0.0,0.0,0.0,0.0,1.0,0.7142857142857143,0.0
Faridabad,Haryana,2023-11-10,0,2023,11,10,41,21.76,60.4,1.33,4.85,0.0,3.0,0.0,1.0,0.7142857142857143,0.0
Faridabad,Haryana,2023-11-11,0,2023,11,11,42,19.86,62.83,2.09,0.25,0.0,0.0,0.0,0.0,0.7142857142857143,0.0
Faridabad,Haryana,2023-11-12,0,2023,11,12,43,19.69,62.63,1.97,0.0,0.0,0.0,2.0,0.0,0.7142857142857143,0.0
Faridabad,Haryana,2023-11-13,0,2023,11,13,44,19.56,55.34,1.31,0.0,0.0,0.0,0.0,0.0,0.42857142857142855,0.0
Faridabad,Haryana,2023-11-14,0,2023,11,14,45,19.23,49.58,1.37,0.0,0.0,0.0,3.0,0.0,0.42857142857142855,0.0
Faridabad,Haryana,2023-11-15,0,2023,11,15,46,18.79,56.24,1.4,0.0,0.0,0.0,0.0,0.0,0.0,0.0
Faridabad,Haryana,2023-11-16,0,2023,11,16,47,20.29,54.99,1.07,0.0,0.0,0.0,0.0,0.0,0.0,0.0
Faridabad,Haryana,2023-11-17,0,2023,11,17,48,20.89,54.19,1.18,0.0,0.0,0.0,0.0,0.0,0.0,1.0
Faridabad,Haryana,2023-11-18,1,2023,11,18,49,20.1,50.87,1.21,0.0,0.0,0.0,0.0,0.0,0.0,0.0
Faridabad,Haryana,2023-11-19,0,2023,11,19,50,19.81,47.51,1.01,0.0,1.0,0.0,0.0,0.3333333333333333,0.14285714285714285,1.0
Faridabad,Haryana,2023-11-20,1,2023,11,20,51,19.73,51.79,1.41,0.0,0.0,0.0,0.0,0.3333333333333333,0.14285714285714285,1.0
Faridabad,Haryana,2023-11-21,1,2023,11,21,52,18.79,58.46,2.32,0.0,1.0,1.0,0.0,0.6666666666666666,0.2857142857142857,1.0
Faridabad,Haryana,2023-11-22,1,2023,11,22,53,17.72,57.83,2.07,0.0,1.0,0.0,0.0,0.6666666666666666,0.42857142857142855,0.0
Faridabad,Haryana,2023-11-23,0,2023,11,23,54,19.14,45.43,0.85,0.0,1.0,1.0,0.0,1.0,0.5714285714285714,1.0
Faridabad,Haryana,2023-11-24,1,2023,11,24,55,18.96,45.35,0.83,0.0,0.0,1.0,0.0,0.6666666666666666,0.5714285714285714,0.0
Faridabad,Haryana,2023-11-25,0,2023,11,25,56,19.05,46.12,1.01,0.0,1.0,1.0,1.0,0.6666666666666666,0.7142857142857143,0.0
Faridabad,Haryana,2023-11-26,0,2023,11,26,57,18.74,49.09,1.18,0.0,0.0,0.0,0.0,0.3333333333333333,0.5714285714285714,0.0
Faridabad,Haryana,2023-11-27,0,2023,11,27,58,17.36,53.86,1.7,0.14,0.0,1.0,1.0,0.3333333333333333,0.5714285714285714,1.0
Faridabad,Haryana,2023-11-28,1,2023,11,28,59,18.6,54.48,1.23,2.24,0.0,0.0,1.0,0.0,0.42857142857142855,6.0
Faridabad,Haryana,2023-11-29,6,2023,11,29,60,18.52,58.2,1.09,0.09,1.0,0.0,1.0,0.3333333333333333,0.42857142857142855,2.0
Faridabad,Haryana,2023-11-30,2,2023,11,30,61,19.59,62.39,1.19,0.0,6.0,0.0,0.0,2.3333333333333335,1.1428571428571428,5.0
Faridabad,Haryana,2024-10-01,5,2024,10,1,1,27.23,77.42,1.91,0.0,2.0,1.0,1.0,3.0,1.4285714285714286,3.0
Faridabad,Haryana,2024-10-02,3,2024,10,2,2,27.21,74.81,1.87,0.0,5.0,6.0,0.0,4.333333333333333,2.0,2.0
Faridabad,Haryana,2024-10-03,2,2024,10,3,3,26.92,69.29,1.67,0.0,3.0,2.0,0.0,3.3333333333333335,2.4285714285714284,1.0
Faridabad,Haryana,2024-10-04,1,2024,10,4,4,26.56,74.69,1.35,0.05,2.0,5.0,0.0,3.3333333333333335,2.7142857142857144,2.0
Faridabad,Haryana,2024-10-05,2,2024,10,5,5,27.28,78.14,1.58,0.05,1.0,3.0,1.0,2.0,2.857142857142857,3.0
Faridabad,Haryana,2024-10-06,3,2024,10,6,6,26.54,73.77,1.32,0.0,2.0,2.0,6.0,1.6666666666666667,3.0,7.0
Faridabad,Haryana,2024-10-07,7,2024,10,7,7,26.26,71.46,1.19,0.0,3.0,1.0,2.0,2.0,2.5714285714285716,0.0
Faridabad,Haryana,2024-10-08,0,2024,10,8,8,26.64,65.25,0.88,0.0,7.0,2.0,5.0,4.0,3.2857142857142856,1.0
Faridabad,Haryana,2024-10-09,1,2024,10,9,9,26.25,64.92,1.17,0.0,0.0,3.0,3.0,3.3333333333333335,2.5714285714285716,6.0
Faridabad,Haryana,2024-10-10,6,2024,10,10,10,25.34,69.56,1.76,0.0,1.0,7.0,2.0,2.6666666666666665,2.2857142857142856,3.0
Faridabad,Haryana,2024-10-11,3,2024,10,11,11,24.17,64.88,1.62,0.0,6.0,0.0,1.0,2.3333333333333335,2.857142857142857,4.0
Faridabad,Haryana,2024-10-12,4,2024,10,12,12,24.43,59.33,1.41,0.0,3.0,1.0,2.0,3.3333333333333335,3.142857142857143,8.0
Faridabad,Haryana,2024-10-13,8,2024,10,13,13,24.45,60.75,1.1,0.0,4.0,6.0,3.0,4.333333333333333,3.4285714285714284,2.0
Faridabad,Haryana,2024-10-14,2,2024,10,14,14,25.38,66.48,1.49,0.0,8.0,3.0,7.0,5.0,4.142857142857143,3.0
Faridabad,Haryana,2024-10-15,3,2024,10,15,15,24.78,56.2,1.36,0.01,2.0,4.0,0.0,4.666666666666667,3.4285714285714284,2.0
Faridabad,Haryana,2024-10-16,2,2024,10,16,16,24.55,58.63,1.28,0.0,3.0,8.0,1.0,4.333333333333333,3.857142857142857,2.0
Faridabad,Haryana,2024-10-17,2,2024,10,17,17,24.79,64.25,1.29,0.0,2.0,2.0,6.0,2.3333333333333335,4.0,4.0
Faridabad,Haryana,2024-10-18,4,2024,10,18,18,25.25,62.99,1.05,0.0,2.0,3.0,3.0,2.3333333333333335,3.4285714285714284,5.0
Faridabad,Haryana,2024-10-19,5,2024,10,19,19,25.18,67.11,1.29,0.0,4.0,2.0,4.0,2.6666666666666665,3.5714285714285716,1.0
Faridabad,Haryana,2024-10-20,1,2024,10,20,20,25.16,66.14,0.89,0.0,5.0,2.0,8.0,3.6666666666666665,3.7142857142857144,6.0
Faridabad,Haryana,2024-10-21,6,2024,10,21,21,24.92,72.21,0.97,0.05,1.0,4.0,2.0,3.3333333333333335,2.7142857142857144,2.0
Faridabad,Haryana,2024-10-22,2,2024,10,22,22,24.93,74.97,0.97,0.0,6.0,5.0,3.0,4.0,3.2857142857142856,2.0
Faridabad,Haryana,2024-10-23,2,2024,10,23,23,24.6,66.57,1.5,0.0,2.0,1.0,2.0,3.0,3.142857142857143,1.0
Faridabad,Haryana,2024-10-24,1,2024,10,24,24,24.33,66.73,1.97,0.0,2.0,6.0,2.0,3.3333333333333335,3.142857142857143,2.0
Faridabad,Haryana,2024-10-25,2,2024,10,25,25,24.85,63.01,1.8,0.0,1.0,2.0,4.0,1.6666666666666667,3.0,0.0
Faridabad,Haryana,2024-10-26,0,2024,10,26,26,24.5,61.69,1.66,0.0,2.0,2.0,5.0,1.6666666666666667,2.7142857142857144,1.0
Faridabad,Haryana,2024-10-27,1,2024,10,27,27,24.14,69.85,1.28,0.0,0.0,1.0,1.0,1.0,2.0,1.0
Faridabad,Haryana,2024-10-28,1,2024,10,28,28,24.25,79.63,1.73,0.0,1.0,2.0,6.0,1.0,2.0,2.0
Faridabad,Haryana,2024-10-29,2,2024,10,29,29,25.41,74.41,1.36,0.0,1.0,0.0,2.0,0.6666666666666666,1.2857142857142858,0.0
Faridabad,Haryana,2024-10-30,0,2024,10,30,30,26.67,65.07,1.17,0.0,2.0,1.0,2.0,1.3333333333333333,1.2857142857142858,0.0
Faridabad,Haryana,2024-10-31,0,2024,10,31,31,25.63,58.6,1.77,0.0,0.0,1.0,1.0,1.0,1.0,1.0
Faridabad,Haryana,2024-11-01,1,2024,11,1,32,24.15,49.4,1.97,0.0,0.0,2.0,2.0,0.6666666666666666,0.8571428571428571,4.0
Faridabad,Haryana,2024-11-02,4,2024,11,2,33,23.87,52.38,1.19,0.0,1.0,0.0,0.0,0.3333333333333333,0.7142857142857143,2.0
Faridabad,Haryana,2024-11-03,2,2024,11,3,34,23.81,57.63,0.96,0.0,4.0,0.0,1.0,1.6666666666666667,1.2857142857142858,2.0
Faridabad,Haryana,2024-11-04,2,2024,11,4,35,22.93,64.86,0.95,0.0,2.0,1.0,1.0,2.3333333333333335,1.4285714285714286,1.0
Faridabad,Haryana,2024-11-05,1,2024,11,5,36,22.69,69.13,1.25,0.0,2.0,4.0,2.0,2.6666666666666665,1.5714285714285714,1.0
Faridabad,Haryana,2024-11-06,1,2024,11,6,37,22.81,68.3,1.06,0.0,1.0,2.0,0.0,1.6666666666666667,1.4285714285714286,1.0
Faridabad,Haryana,2024-11-07,1,2024,11,7,38,22.78,71.49,1.18,0.0,1.0,2.0,0.0,1.3333333333333333,1.5714285714285714,2.0
Faridabad,Haryana,2024-11-08,2,2024,11,8,39,23.16,73.68,1.26,0.0,1.0,1.0,1.0,1.0,1.7142857142857142,5.0
Faridabad,Haryana,2024-11-09,5,2024,11,9,40,23.17,75.92,1.82,0.0,2.0,1.0,4.0,1.3333333333333333,1.8571428571428572,2.0
Faridabad,Haryana,2024-11-10,2,2024,11,10,41,23.65,66.71,1.42,0.0,5.0,1.0,2.0,2.6666666666666665,2.0,1.0
Faridabad,Haryana,2024-11-11,1,2024,11,11,42,23.76,64.43,1.07,0.0,2.0,2.0,2.0,3.0,2.0,4.0
Faridabad,Haryana,2024-11-12,4,2024,11,12,43,23.21,60.45,1.44,0.0,1.0,5.0,1.0,2.6666666666666665,1.8571428571428572,4.0
Faridabad,Haryana,2024-11-13,4,2024,11,13,44,22.04,53.42,1.34,0.0,4.0,2.0,1.0,2.3333333333333335,2.2857142857142856,3.0
Faridabad,Haryana,2024-11-14,3,2024,11,14,45,22.31,48.97,1.04,0.0,4.0,1.0,1.0,3.0,2.7142857142857144,4.0
Faridabad,Haryana,2024-11-15,4,2024,11,15,46,22.05,50.03,1.58,0.0,3.0,4.0,2.0,3.6666666666666665,3.0,0.0
Faridabad,Haryana,2024-11-16,0,2024,11,16,47,21.45,51.4,1.59,0.0,4.0,4.0,5.0,3.6666666666666665,3.2857142857142856,0.0
Faridabad,Haryana,2024-11-17,0,2024,11,17,48,21.13,53.46,1.37,0.0,0.0,3.0,2.0,2.3333333333333335,2.5714285714285716,2.0
Faridabad,Haryana,2024-11-18,2,2024,11,18,49,19.08,52.76,1.44,0.0,0.0,4.0,1.0,1.3333333333333333,2.2857142857142856,2.0
Faridabad,Haryana,2024-11-19,2,2024,11,19,50,18.59,48.16,1.65,0.0,2.0,0.0,4.0,0.6666666666666666,2.4285714285714284,0.0
Faridabad,Haryana,2024-11-20,0,2024,11,20,51,18.65,44.78,1.37,0.0,2.0,0.0,4.0,1.3333333333333333,2.142857142857143,0.0
Faridabad,Haryana,2024-11-21,0,2024,11,21,52,18.98,41.55,1.28,0.0,0.0,2.0,3.0,1.3333333333333333,1.5714285714285714,3.0
Faridabad,Haryana,2024-11-22,3,2024,11,22,53,18.87,41.14,1.31,0.0,0.0,2.0,4.0,0.6666666666666666,1.1428571428571428,1.0
Faridabad,Haryana,2024-11-23,1,2024,11,23,54,18.68,48.05,1.32,0.0,3.0,0.0,0.0,1.0,1.0,3.0
Faridabad,Haryana,2024-11-24,3,2024,11,24,55,19.16,50.04,1.9,0.0,1.0,0.0,0.0,1.3333333333333333,1.1428571428571428,2.0
Faridabad,Haryana,2024-11-25,2,2024,11,25,56,17.93,52.52,1.92,0.0,3.0,3.0,2.0,2.3333333333333335,1.5714285714285714,3.0
Faridabad,Haryana,2024-11-26,3,2024,11,26,57,17.53,48.36,1.84,0.0,2.0,1.0,2.0,2.0,1.5714285714285714,4.0
Faridabad,Haryana,2024-11-27,4,2024,11,27,58,17.98,48.55,1.57,0.0,3.0,3.0,0.0,2.6666666666666665,1.7142857142857142,4.0
Faridabad,Haryana,2024-11-28,4,2024,11,28,59,18.53,44.89,1.12,0.0,4.0,2.0,0.0,3.0,2.2857142857142856,0.0
Faridabad,Haryana,2024-11-29,0,2024,11,29,60,18.3,44.33,1.15,0.0,4.0,3.0,3.0,3.6666666666666665,2.857142857142857,3.0
Faridabad,Haryana,2024-11-30,3,2024,11,30,61,17.7,47.81,1.56,0.0,0.0,4.0,1.0,2.6666666666666665,2.4285714285714284,0.0
Faridabad,Haryana,2025-10-01,0,2025,10,1,1,26.77,79.51,0.74,0.03,3.0,4.0,3.0,2.3333333333333335,2.7142857142857144,0.0
Faridabad,Haryana,2025-10-02,0,2025,10,2,2,26.28,81.31,1.26,2.38,0.0,0.0,2.0,1.0,2.2857142857142856,0.0
Faridabad,Haryana,2025-10-03,0,2025,10,3,3,26.46,83.0,1.2,0.03,0.0,3.0,3.0,1.0,2.0,4.0
Faridabad,Haryana,2025-10-04,4,2025,10,4,4,26.97,76.61,1.44,0.0,0.0,0.0,4.0,0.0,1.5714285714285714,1.0
Faridabad,Haryana,2025-10-05,1,2025,10,5,5,26.79,67.73,1.22,0.28,4.0,0.0,4.0,1.3333333333333333,1.5714285714285714,0.0
Faridabad,Haryana,2025-10-06,0,2025,10,6,6,24.99,81.68,1.31,13.65,1.0,0.0,0.0,1.6666666666666667,1.1428571428571428,0.0
Faridabad,Haryana,2025-10-07,0,2025,10,7,7,23.76,87.72,2.03,14.87,0.0,4.0,3.0,1.6666666666666667,1.1428571428571428,5.0
Faridabad,Haryana,2025-10-08,5,2025,10,8,8,22.14,81.68,1.34,0.84,0.0,1.0,0.0,0.3333333333333333,0.7142857142857143,1.0
Faridabad,Haryana,2025-10-09,1,2025,10,9,9,21.88,78.45,1.67,0.0,5.0,0.0,0.0,1.6666666666666667,1.4285714285714286,1.0
Faridabad,Haryana,2025-10-10,1,2025,10,10,10,22.21,67.44,1.15,0.0,1.0,0.0,0.0,2.0,1.5714285714285714,1.0
Faridabad,Haryana,2025-10-11,1,2025,10,11,11,22.94,61.73,0.92,0.0,1.0,5.0,4.0,2.3333333333333335,1.7142857142857142,1.0
Faridabad,Haryana,2025-10-12,1,2025,10,12,12,23.53,69.84,1.31,0.0,1.0,1.0,1.0,1.0,1.2857142857142858,2.0
Faridabad,Haryana,2025-10-13,2,2025,10,13,13,23.99,56.77,0.87,0.0,1.0,1.0,0.0,1.0,1.2857142857142858,2.0
Faridabad,Haryana,2025-10-14,2,2025,10,14,14,23.6,55.44,0.89,0.0,2.0,1.0,0.0,1.3333333333333333,1.5714285714285714,3.0
Faridabad,Haryana,2025-10-15,3,2025,10,15,15,23.55,55.3,0.86,0.0,2.0,1.0,5.0,1.6666666666666667,1.8571428571428572,0.0
Faridabad,Haryana,2025-10-16,0,2025,10,16,16,23.23,55.43,0.99,0.0,3.0,2.0,1.0,2.3333333333333335,1.5714285714285714,2.0
Faridabad,Haryana,2025-10-17,2,2025,10,17,17,23.72,62.22,0.77,0.0,0.0,2.0,1.0,1.6666666666666667,1.4285714285714286,1.0
Faridabad,Haryana,2025-10-18,1,2025,10,18,18,23.69,66.53,0.95,0.0,2.0,3.0,1.0,1.6666666666666667,1.5714285714285714,0.0
Faridabad,Haryana,2025-10-19,0,2025,10,19,19,23.81,65.52,1.07,0.0,1.0,0.0,1.0,1.0,1.5714285714285714,1.0
Faridabad,Haryana,2025-10-20,1,2025,10,20,20,24.01,65.73,1.25,0.0,0.0,2.0,2.0,1.0,1.4285714285714286,0.0
Faridabad,Haryana,2025-10-21,0,2025,10,21,21,24.04,72.68,0.97,0.0,1.0,1.0,2.0,0.6666666666666666,1.2857142857142858,1.0
Faridabad,Haryana,2025-10-22,1,2025,10,22,22,24.85,66.67,0.98,0.0,0.0,0.0,3.0,0.3333333333333333,1.0,0.0
Faridabad,Haryana,2025-10-23,0,2025,10,23,23,24.09,55.94,1.19,0.0,1.0,1.0,0.0,0.6666666666666666,0.7142857142857143,0.0
Faridabad,Haryana,2025-10-24,0,2025,10,24,24,23.5,53.52,0.99,0.0,0.0,0.0,2.0,0.3333333333333333,0.7142857142857143,0.0
Faridabad,Haryana,2025-10-25,0,2025,10,25,25,22.83,52.32,0.96,0.0,0.0,1.0,1.0,0.3333333333333333,0.42857142857142855,4.0
Faridabad,Haryana,2025-10-26,4,2025,10,26,26,23.09,49.0,0.91,0.0,0.0,0.0,0.0,0.0,0.2857142857142857,0.0
Faridabad,Haryana,2025-10-27,0,2025,10,27,27,22.51,58.09,1.09,0.14,4.0,0.0,1.0,1.3333333333333333,0.8571428571428571,0.0
Faridabad,Haryana,2025-10-28,0,2025,10,28,28,20.95,75.55,1.11,0.21,0.0,0.0,0.0,1.3333333333333333,0.7142857142857143,0.0
Faridabad,Haryana,2025-10-29,0,2025,10,29,29,22.92,70.8,0.85,0.01,0.0,4.0,1.0,1.3333333333333333,0.7142857142857143,0.0
Faridabad,Haryana,2025-10-30,0,2025,10,30,30,23.02,78.93,0.91,1.39,0.0,0.0,0.0,0.0,0.5714285714285714,1.0
Faridabad,Haryana,2025-10-31,1,2025,10,31,31,23.62,76.05,1.62,0.01,0.0,0.0,0.0,0.0,0.5714285714285714,5.0
Faridabad,Haryana,2025-11-01,5,2025,11,1,32,23.21,64.18,1.55,0.0,1.0,0.0,0.0,0.3333333333333333,0.7142857142857143,2.0
Faridabad,Haryana,2025-11-02,2,2025,11,2,33,21.88,60.14,1.89,0.0,5.0,0.0,4.0,2.0,1.4285714285714286,3.0
Faridabad,Haryana,2025-11-03,3,2025,11,3,34,21.41,53.53,2.01,0.0,2.0,1.0,0.0,2.6666666666666665,1.1428571428571428,0.0
Faridabad,Haryana,2025-11-04,0,2025,11,4,35,20.47,56.64,1.06,0.0,3.0,5.0,0.0,3.3333333333333335,1.5714285714285714,8.0
Faridabad,Haryana,2025-11-05,8,2025,11,5,36,21.47,53.4,1.42,0.0,0.0,2.0,0.0,1.6666666666666667,1.5714285714285714,2.0
Faridabad,Haryana,2025-11-06,2,2025,11,6,37,18.53,59.42,2.38,0.0,8.0,3.0,0.0,3.6666666666666665,2.7142857142857144,3.0
Faridabad,Haryana,2025-11-07,3,2025,11,7,38,17.23,52.47,2.22,0.0,2.0,0.0,1.0,3.3333333333333335,3.0,4.0
Faridabad,Haryana,2025-11-08,4,2025,11,8,39,16.34,50.6,1.77,0.0,3.0,8.0,5.0,4.333333333333333,3.2857142857142856,4.0
Faridabad,Haryana,2025-11-09,4,2025,11,9,40,16.75,52.45,1.85,0.0,4.0,2.0,2.0,3.0,3.142857142857143,1.0
Faridabad,Haryana,2025-11-10,1,2025,11,10,41,18.08,47.78,1.38,0.0,4.0,3.0,3.0,3.6666666666666665,3.4285714285714284,1.0
Faridabad,Haryana,2025-11-11,1,2025,11,11,42,17.64,47.28,1.72,0.0,1.0,4.0,0.0,3.0,3.142857142857143,6.0
Faridabad,Haryana,2025-11-12,6,2025,11,12,43,16.97,53.47,2.12,0.0,1.0,4.0,8.0,2.0,3.2857142857142856,5.0
Faridabad,Haryana,2025-11-13,5,2025,11,13,44,16.77,51.62,1.66,0.0,6.0,1.0,2.0,2.6666666666666665,3.0,1.0
Faridabad,Haryana,2025-11-14,1,2025,11,14,45,16.94,48.65,1.53,0.0,5.0,1.0,3.0,4.0,3.4285714285714284,5.0
Faridabad,Haryana,2025-11-15,5,2025,11,15,46,17.13,46.68,1.77,0.0,1.0,6.0,4.0,4.0,3.142857142857143,2.0
Faridabad,Haryana,2025-11-16,2,2025,11,16,47,16.31,47.41,1.95,0.0,5.0,5.0,4.0,3.6666666666666665,3.2857142857142856,6.0
Faridabad,Haryana,2025-11-17,6,2025,11,17,48,16.85,45.66,1.5,0.0,2.0,1.0,1.0,2.6666666666666665,3.0,3.0
Faridabad,Haryana,2025-11-18,3,2025,11,18,49,17.94,44.29,1.37,0.0,6.0,5.0,1.0,4.333333333333333,3.7142857142857144,0.0
Faridabad,Haryana,2025-11-19,0,2025,11,19,50,18.32,50.34,1.15,0.0,3.0,2.0,6.0,3.6666666666666665,4.0,7.0
Faridabad,Haryana,2025-11-20,7,2025,11,20,51,17.37,64.17,1.31,0.0,0.0,6.0,5.0,3.0,3.142857142857143,0.0
Faridabad,Haryana,2025-11-21,0,2025,11,21,52,17.59,63.95,1.3,0.0,7.0,3.0,1.0,3.3333333333333335,3.4285714285714284,7.0
Faridabad,Haryana,2025-11-22,7,2025,11,22,53,18.52,55.67,1.14,0.0,0.0,0.0,5.0,2.3333333333333335,3.2857142857142856,3.0
Faridabad,Haryana,2025-11-23,3,2025,11,23,54,18.51,46.61,0.94,0.0,7.0,7.0,2.0,4.666666666666667,3.5714285714285716,0.0
Faridabad,Haryana,2025-11-24,0,2025,11,24,55,17.42,46.77,1.17,0.0,3.0,0.0,6.0,3.3333333333333335,3.7142857142857144,9.0
Faridabad,Haryana,2025-11-25,9,2025,11,25,56,15.89,48.08,1.57,0.0,0.0,7.0,3.0,3.3333333333333335,2.857142857142857,1.0
Faridabad,Haryana,2025-11-26,1,2025,11,26,57,16.42,44.76,0.96,0.0,9.0,3.0,0.0,4.0,3.7142857142857144,5.0
Faridabad,Haryana,2025-11-27,5,2025,11,27,58,17.79,38.62,0.58,0.0,1.0,0.0,7.0,3.3333333333333335,3.857142857142857,5.0
Faridabad,Haryana,2025-11-28,5,2025,11,28,59,17.18,53.02,1.49,0.0,5.0,9.0,0.0,5.0,3.5714285714285716,2.0
Faridabad,Haryana,2025-11-29,2,2025,11,29,60,16.68,54.48,2.11,0.0,5.0,1.0,7.0,3.6666666666666665,4.285714285714286,1.0
Faridkot,Punjab,2023-10-08,1,2023,10,8,8,27.45,60.79,1.43,0.0,2.0,1.0,0.0,2.0,1.2857142857142858,3.0
Faridkot,Punjab,2023-10-09,3,2023,10,9,9,27.52,61.03,1.16,0.0,1.0,3.0,2.0,2.0,1.4285714285714286,0.0
Faridkot,Punjab,2023-10-10,0,2023,10,10,10,25.47,71.67,1.61,10.5,3.0,2.0,0.0,2.0,1.5714285714285714,0.0
Faridkot,Punjab,2023-10-11,0,2023,10,11,11,25.19,60.19,1.09,0.0,0.0,1.0,1.0,1.3333333333333333,1.5714285714285714,5.0
Faridkot,Punjab,2023-10-12,5,2023,10,12,12,24.78,54.32,1.16,0.0,0.0,3.0,1.0,1.0,1.4285714285714286,0.0
Faridkot,Punjab,2023-10-13,0,2023,10,13,13,25.11,58.18,1.27,0.0,5.0,0.0,3.0,1.6666666666666667,2.0,3.0
Faridkot,Punjab,2023-10-14,3,2023,10,14,14,25.42,58.92,1.68,3.46,0.0,0.0,2.0,1.6666666666666667,1.5714285714285714,0.0
Faridkot,Punjab,2023-10-15,0,2023,10,15,15,23.91,67.51,1.11,5.21,3.0,5.0,1.0,2.6666666666666665,1.7142857142857142,0.0
Faridkot,Punjab,2023-10-16,0,2023,10,16,16,22.55,76.62,1.97,42.97,0.0,0.0,3.0,1.0,1.5714285714285714,0.0
Faridkot,Punjab,2023-10-17,0,2023,10,17,17,21.32,83.18,1.46,7.37,0.0,3.0,0.0,1.0,1.1428571428571428,0.0
Faridkot,Punjab,2023-10-18,0,2023,10,18,18,20.6,76.03,1.55,0.04,0.0,0.0,0.0,0.0,1.1428571428571428,0.0
Faridkot,Punjab,2023-10-19,0,2023,10,19,19,21.53,65.33,1.02,0.0,0.0,0.0,5.0,0.0,1.1428571428571428,7.0
Faridkot,Punjab,2023-10-20,7,2023,10,20,20,21.85,64.07,0.89,0.0,0.0,0.0,0.0,0.0,0.42857142857142855,10.0
Faridkot,Punjab,2023-10-21,10,2023,10,21,21,22.19,63.7,0.95,0.0,7.0,0.0,3.0,2.3333333333333335,1.4285714285714286,0.0
Faridkot,Punjab,2023-10-22,0,2023,10,22,22,21.71,68.25,1.06,1.09,10.0,0.0,0.0,5.666666666666667,2.4285714285714284,12.0
Faridkot,Punjab,2023-10-23,12,2023,10,23,23,21.86,71.03,1.25,0.0,0.0,7.0,0.0,5.666666666666667,2.4285714285714284,4.0
Faridkot,Punjab,2023-10-24,4,2023,10,24,24,22.76,67.19,0.99,0.0,12.0,10.0,0.0,7.333333333333333,4.142857142857143,13.0
Faridkot,Punjab,2023-10-25,13,2023,10,25,25,22.71,63.28,1.22,0.0,4.0,0.0,0.0,5.333333333333333,4.714285714285714,25.0
Faridkot,Punjab,2023-10-26,25,2023,10,26,26,23.56,51.22,0.91,0.0,13.0,12.0,0.0,9.666666666666666,6.571428571428571,7.0
Faridkot,Punjab,2023-10-27,7,2023,10,27,27,23.24,51.66,0.99,0.0,25.0,4.0,7.0,14.0,10.142857142857142,15.0
Faridkot,Punjab,2023-10-28,15,2023,10,28,28,22.93,59.33,0.99,0.0,7.0,13.0,10.0,15.0,10.142857142857142,54.0
Faridkot,Punjab,2023-10-29,54,2023,10,29,29,23.45,62.98,0.94,0.0,15.0,25.0,0.0,15.666666666666666,10.857142857142858,66.0
Faridkot,Punjab,2023-10-30,66,2023,10,30,30,22.44,67.14,1.17,0.0,54.0,7.0,12.0,25.333333333333332,18.571428571428573,104.0
Faridkot,Punjab,2023-10-31,104,2023,10,31,31,22.37,65.0,1.03,0.0,66.0,15.0,4.0,45.0,26.285714285714285,113.0
Faridkot,Punjab,2023-11-01,113,2023,11,1,32,22.73,62.56,1.04,0.0,104.0,54.0,13.0,74.66666666666667,40.57142857142857,84.0
Faridkot,Punjab,2023-11-02,84,2023,11,2,33,22.79,66.56,0.93,0.0,113.0,66.0,25.0,94.33333333333333,54.857142857142854,113.0
Faridkot,Punjab,2023-11-03,113,2023,11,3,34,21.96,72.14,0.88,0.0,84.0,104.0,7.0,100.33333333333333,63.285714285714285,121.0
Faridkot,Punjab,2023-11-04,121,2023,11,4,35,21.9,66.07,1.11,0.0,113.0,113.0,15.0,103.33333333333333,78.42857142857143,298.0
Faridkot,Punjab,2023-11-05,298,2023,11,5,36,22.37,53.86,0.77,0.0,121.0,84.0,54.0,106.0,93.57142857142857,186.0
Faridkot,Punjab,2023-11-06,186,2023,11,6,37,20.53,60.1,1.35,0.0,298.0,113.0,66.0,177.33333333333334,128.42857142857142,190.0
Faridkot,Punjab,2023-11-07,190,2023,11,7,38,20.54,68.8,1.04,0.0,186.0,121.0,104.0,201.66666666666666,145.57142857142858,174.0
Faridkot,Punjab,2023-11-08,174,2023,11,8,39,21.65,69.65,0.94,0.0,190.0,298.0,113.0,224.66666666666666,157.85714285714286,53.0
Faridkot,Punjab,2023-11-09,53,2023,11,9,40,23.14,59.0,0.83,0.0,174.0,186.0,84.0,183.33333333333334,166.57142857142858,3.0
Faridkot,Punjab,2023-11-10,3,2023,11,10,41,19.34,75.34,1.78,5.64,53.0,190.0,113.0,139.0,162.14285714285714,0.0
Faridkot,Punjab,2023-11-11,0,2023,11,11,42,18.45,75.78,1.3,0.0,3.0,174.0,121.0,76.66666666666667,146.42857142857142,57.0
Faridkot,Punjab,2023-11-12,57,2023,11,12,43,19.09,68.67,1.4,0.0,0.0,53.0,298.0,18.666666666666668,129.14285714285714,192.0
Faridkot,Punjab,2023-11-13,192,2023,11,13,44,18.74,59.49,1.07,0.0,57.0,3.0,186.0,20.0,94.71428571428571,264.0
Faridkot,Punjab,2023-11-14,264,2023,11,14,45,18.3,60.03,1.35,0.0,192.0,0.0,190.0,83.0,95.57142857142857,240.0
Faridkot,Punjab,2023-11-15,240,2023,11,15,46,18.66,55.18,1.27,0.0,264.0,57.0,174.0,171.0,106.14285714285714,155.0
Faridkot,Punjab,2023-11-16,155,2023,11,16,47,19.0,54.69,0.77,0.0,240.0,192.0,53.0,232.0,115.57142857142857,126.0
Faridkot,Punjab,2023-11-17,126,2023,11,17,48,18.78,61.99,1.42,0.0,155.0,264.0,3.0,219.66666666666666,130.14285714285714,62.0
Faridkot,Punjab,2023-11-18,62,2023,11,18,49,18.89,55.99,0.95,0.0,126.0,240.0,0.0,173.66666666666666,147.71428571428572,126.0
Faridkot,Punjab,2023-11-19,126,2023,11,19,50,18.69,59.55,1.17,0.0,62.0,155.0,57.0,114.33333333333333,156.57142857142858,52.0
Faridkot,Punjab,2023-11-20,52,2023,11,20,51,17.99,63.66,1.15,0.0,126.0,126.0,192.0,104.66666666666667,166.42857142857142,65.0
Faridkot,Punjab,2023-11-21,65,2023,11,21,52,17.42,63.5,1.5,0.0,52.0,62.0,264.0,80.0,146.42857142857142,46.0
Faridkot,Punjab,2023-11-22,46,2023,11,22,53,17.03,59.18,1.35,0.0,65.0,126.0,240.0,81.0,118.0,12.0
Faridkot,Punjab,2023-11-23,12,2023,11,23,54,17.49,54.44,1.29,0.0,46.0,52.0,155.0,54.333333333333336,90.28571428571429,14.0
Faridkot,Punjab,2023-11-24,14,2023,11,24,55,16.56,60.36,1.24,0.0,12.0,65.0,126.0,41.0,69.85714285714286,1.0
Faridkot,Punjab,2023-11-25,1,2023,11,25,56,16.56,62.66,0.6,0.0,14.0,46.0,62.0,24.0,53.857142857142854,3.0
Faridkot,Punjab,2023-11-26,3,2023,11,26,57,15.1,71.41,1.28,0.0,1.0,12.0,126.0,9.0,45.142857142857146,0.0
Faridkot,Punjab,2023-11-27,0,2023,11,27,58,15.42,73.41,1.37,0.02,3.0,14.0,52.0,6.0,27.571428571428573,0.0
Faridkot,Punjab,2023-11-28,0,2023,11,28,59,16.27,69.67,1.34,0.0,0.0,1.0,65.0,1.3333333333333333,20.142857142857142,3.0
Faridkot,Punjab,2023-11-29,3,2023,11,29,60,18.97,61.66,0.81,0.1,0.0,3.0,46.0,1.0,10.857142857142858,1.0
Faridkot,Punjab,2023-11-30,1,2023,11,30,61,18.34,68.99,1.25,4.08,3.0,0.0,12.0,1.0,4.714285714285714,0.0
Faridkot,Punjab,2024-10-01,0,2024,10,1,1,30.83,55.23,1.44,0.0,1.0,0.0,14.0,1.3333333333333333,3.142857142857143,0.0
Faridkot,Punjab,2024-10-02,0,2024,10,2,2,29.98,55.07,1.28,0.0,0.0,3.0,1.0,1.3333333333333333,1.1428571428571428,0.0
Faridkot,Punjab,2024-10-03,0,2024,10,3,3,30.0,49.96,0.97,0.0,0.0,1.0,3.0,0.3333333333333333,1.0,0.0
Faridkot,Punjab,2024-10-04,0,2024,10,4,4,29.56,48.63,1.14,0.0,0.0,0.0,0.0,0.0,0.5714285714285714,0.0
Faridkot,Punjab,2024-10-05,0,2024,10,5,5,29.92,52.97,1.42,0.83,0.0,0.0,0.0,0.0,0.5714285714285714,0.0
Faridkot,Punjab,2024-10-06,0,2024,10,6,6,29.26,54.84,1.01,2.99,0.0,0.0,3.0,0.0,0.5714285714285714,1.0
Faridkot,Punjab,2024-10-07,1,2024,10,7,7,28.14,56.88,1.12,0.0,0.0,0.0,1.0,0.0,0.14285714285714285,0.0
Faridkot,Punjab,2024-10-08,0,2024,10,8,8,27.87,59.61,1.24,0.0,1.0,0.0,0.0,0.3333333333333333,0.14285714285714285,0.0
Faridkot,Punjab,2024-10-09,0,2024,10,9,9,27.45,58.09,1.59,0.01,0.0,0.0,0.0,0.3333333333333333,0.14285714285714285,0.0
Faridkot,Punjab,2024-10-10,0,2024,10,10,10,27.05,53.01,1.38,0.0,0.0,1.0,0.0,0.3333333333333333,0.14285714285714285,0.0
Faridkot,Punjab,2024-10-11,0,2024,10,11,11,27.89,45.62,1.42,0.0,0.0,0.0,0.0,0.0,0.14285714285714285,1.0
Faridkot,Punjab,2024-10-12,1,2024,10,12,12,27.98,41.86,1.05,0.0,0.0,0.0,0.0,0.0,0.14285714285714285,0.0
Faridkot,Punjab,2024-10-13,0,2024,10,13,13,26.96,41.42,1.16,0.0,1.0,0.0,0.0,0.3333333333333333,0.2857142857142857,0.0
Faridkot,Punjab,2024-10-14,0,2024,10,14,14,26.09,46.0,1.41,0.0,0.0,0.0,1.0,0.3333333333333333,0.2857142857142857,0.0
Faridkot,Punjab,2024-10-15,0,2024,10,15,15,27.53,41.32,1.35,0.0,0.0,1.0,0.0,0.3333333333333333,0.14285714285714285,0.0
Faridkot,Punjab,2024-10-16,0,2024,10,16,16,27.63,41.96,1.22,0.0,0.0,0.0,0.0,0.0,0.14285714285714285,2.0
Faridkot,Punjab,2024-10-17,2,2024,10,17,17,28.13,38.88,1.0,0.0,0.0,0.0,0.0,0.0,0.14285714285714285,0.0
Faridkot,Punjab,2024-10-18,0,2024,10,18,18,27.52,42.15,1.1,0.0,2.0,0.0,0.0,0.6666666666666666,0.42857142857142855,0.0
Faridkot,Punjab,2024-10-19,0,2024,10,19,19,27.02,44.93,1.27,0.0,0.0,0.0,1.0,0.6666666666666666,0.42857142857142855,1.0
Faridkot,Punjab,2024-10-20,1,2024,10,20,20,26.63,47.78,1.08,0.0,0.0,2.0,0.0,0.6666666666666666,0.2857142857142857,3.0
Faridkot,Punjab,2024-10-21,3,2024,10,21,21,26.43,49.23,1.1,0.0,1.0,0.0,0.0,0.3333333333333333,0.42857142857142855,3.0
Faridkot,Punjab,2024-10-22,3,2024,10,22,22,26.21,53.81,0.97,0.0,3.0,0.0,0.0,1.3333333333333333,0.8571428571428571,5.0
Faridkot,Punjab,2024-10-23,5,2024,10,23,23,26.57,49.34,1.68,0.0,3.0,1.0,0.0,2.3333333333333335,1.2857142857142858,10.0
Faridkot,Punjab,2024-10-24,10,2024,10,24,24,25.8,53.68,2.04,0.0,5.0,3.0,2.0,3.6666666666666665,2.0,3.0
Faridkot,Punjab,2024-10-25,3,2024,10,25,25,26.51,48.08,1.86,0.0,10.0,3.0,0.0,6.0,3.142857142857143,5.0
Faridkot,Punjab,2024-10-26,5,2024,10,26,26,26.68,41.05,1.62,0.0,3.0,5.0,0.0,6.0,3.5714285714285716,6.0
Faridkot,Punjab,2024-10-27,6,2024,10,27,27,27.05,40.34,1.08,0.0,5.0,10.0,1.0,6.0,4.285714285714286,13.0
Faridkot,Punjab,2024-10-28,13,2024,10,28,28,26.95,53.61,1.67,0.0,6.0,3.0,3.0,4.666666666666667,5.0,13.0
Faridkot,Punjab,2024-10-29,13,2024,10,29,29,27.93,55.82,1.36,0.0,13.0,5.0,3.0,8.0,6.428571428571429,21.0
Faridkot,Punjab,2024-10-30,21,2024,10,30,30,28.12,46.96,1.37,0.0,13.0,6.0,5.0,10.666666666666666,7.857142857142857,15.0
Faridkot,Punjab,2024-10-31,15,2024,10,31,31,26.55,41.99,2.21,0.0,21.0,13.0,10.0,15.666666666666666,10.142857142857142,36.0
Faridkot,Punjab,2024-11-01,36,2024,11,1,32,25.56,35.39,1.74,0.0,15.0,13.0,3.0,16.333333333333332,10.857142857142858,20.0
Faridkot,Punjab,2024-11-02,20,2024,11,2,33,25.85,29.82,1.13,0.0,36.0,21.0,5.0,24.0,15.571428571428571,11.0
Faridkot,Punjab,2024-11-03,11,2024,11,3,34,24.37,36.9,1.03,0.0,20.0,15.0,6.0,23.666666666666668,17.714285714285715,3.0
Faridkot,Punjab,2024-11-04,3,2024,11,4,35,25.37,34.38,1.25,0.0,11.0,36.0,13.0,22.333333333333332,18.428571428571427,10.0
Faridkot,Punjab,2024-11-05,10,2024,11,5,36,24.64,41.87,1.34,0.0,3.0,20.0,13.0,11.333333333333334,17.0,19.0
Faridkot,Punjab,2024-11-06,19,2024,11,6,37,24.95,45.92,1.15,0.0,10.0,11.0,21.0,8.0,16.571428571428573,45.0
Faridkot,Punjab,2024-11-07,45,2024,11,7,38,24.98,47.1,1.11,0.0,19.0,3.0,15.0,10.666666666666666,16.285714285714285,52.0
Faridkot,Punjab,2024-11-08,52,2024,11,8,39,25.16,48.27,1.08,0.0,45.0,10.0,36.0,24.666666666666668,20.571428571428573,43.0
Faridkot,Punjab,2024-11-09,43,2024,11,9,40,24.72,55.44,1.36,0.0,52.0,19.0,20.0,38.666666666666664,22.857142857142858,15.0
Faridkot,Punjab,2024-11-10,15,2024,11,10,41,24.98,56.07,0.82,0.0,43.0,45.0,11.0,46.666666666666664,26.142857142857142,38.0
Faridkot,Punjab,2024-11-11,38,2024,11,11,42,25.07,50.18,1.39,0.0,15.0,52.0,3.0,36.666666666666664,26.714285714285715,9.0
Faridkot,Punjab,2024-11-12,9,2024,11,12,43,23.82,44.71,1.32,0.0,38.0,43.0,10.0,32.0,31.714285714285715,99.0
Faridkot,Punjab,2024-11-13,99,2024,11,13,44,22.78,45.03,1.22,0.0,9.0,15.0,19.0,20.666666666666668,31.571428571428573,0.0
Faridkot,Punjab,2024-11-14,0,2024,11,14,45,21.99,40.71,1.08,0.0,99.0,38.0,45.0,48.666666666666664,43.0,0.0
Faridkot,Punjab,2024-11-15,0,2024,11,15,46,21.35,45.36,1.49,0.0,0.0,9.0,52.0,36.0,36.57142857142857,0.0
Faridkot,Punjab,2024-11-16,0,2024,11,16,47,20.94,49.59,1.27,0.0,0.0,99.0,43.0,33.0,29.142857142857142,89.0
Faridkot,Punjab,2024-11-17,89,2024,11,17,48,19.82,45.71,1.68,0.0,0.0,0.0,15.0,0.0,23.0,149.0
Faridkot,Punjab,2024-11-18,149,2024,11,18,49,19.47,40.27,1.72,0.0,89.0,0.0,38.0,29.666666666666668,33.57142857142857,58.0
Faridkot,Punjab,2024-11-19,58,2024,11,19,50,19.73,33.4,1.59,0.0,149.0,0.0,9.0,79.33333333333333,49.42857142857143,17.0
Faridkot,Punjab,2024-11-20,17,2024,11,20,51,19.92,30.25,1.33,0.0,58.0,89.0,99.0,98.66666666666667,56.42857142857143,14.0
Faridkot,Punjab,2024-11-21,14,2024,11,21,52,20.62,27.43,1.0,0.0,17.0,149.0,0.0,74.66666666666667,44.714285714285715,14.0
Faridkot,Punjab,2024-11-22,14,2024,11,22,53,21.65,26.73,1.2,0.0,14.0,58.0,0.0,29.666666666666668,46.714285714285715,8.0
Faridkot,Punjab,2024-11-23,8,2024,11,23,54,21.68,30.64,1.0,0.0,14.0,17.0,0.0,15.0,48.714285714285715,4.0
Faridkot,Punjab,2024-11-24,4,2024,11,24,55,20.35,36.63,1.57,0.0,8.0,14.0,89.0,12.0,49.857142857142854,14.0
Faridkot,Punjab,2024-11-25,14,2024,11,25,56,18.36,47.4,1.73,0.0,4.0,14.0,149.0,8.666666666666666,37.714285714285715,4.0
Faridkot,Punjab,2024-11-26,4,2024,11,26,57,18.71,39.94,1.41,0.0,14.0,8.0,58.0,8.666666666666666,18.428571428571427,4.0
Faridkot,Punjab,2024-11-27,4,2024,11,27,58,19.35,34.87,1.13,0.0,4.0,4.0,17.0,7.333333333333333,10.714285714285714,1.0
Faridkot,Punjab,2024-11-28,1,2024,11,28,59,19.39,33.81,1.12,0.0,4.0,14.0,14.0,7.333333333333333,8.857142857142858,3.0
Faridkot,Punjab,2024-11-29,3,2024,11,29,60,19.16,35.93,1.06,0.0,1.0,4.0,14.0,3.0,7.0,5.0
Faridkot,Punjab,2024-11-30,5,2024,11,30,61,18.11,37.49,1.56,0.0,3.0,4.0,8.0,2.6666666666666665,5.428571428571429,0.0
Faridkot,Punjab,2025-10-01,0,2025,10,1,1,28.42,71.19,1.01,0.01,5.0,1.0,4.0,3.0,5.0,0.0
Faridkot,Punjab,2025-10-02,0,2025,10,2,2,28.49,69.12,0.92,0.04,0.0,3.0,14.0,2.6666666666666665,4.428571428571429,0.0
Faridkot,Punjab,2025-10-03,0,2025,10,3,3,27.61,74.8,0.96,0.18,0.0,5.0,4.0,1.6666666666666667,2.4285714285714284,0.0
Faridkot,Punjab,2025-10-04,0,2025,10,4,4,27.88,70.12,1.18,0.01,0.0,0.0,4.0,0.0,1.8571428571428572,0.0
Faridkot,Punjab,2025-10-05,0,2025,10,5,5,26.99,70.31,1.12,7.18,0.0,0.0,1.0,0.0,1.2857142857142858,0.0
Faridkot,Punjab,2025-10-06,0,2025,10,6,6,23.81,82.53,2.2,9.99,0.0,0.0,3.0,0.0,1.1428571428571428,0.0
Faridkot,Punjab,2025-10-07,0,2025,10,7,7,22.41,82.52,1.82,17.28,0.0,0.0,5.0,0.0,0.7142857142857143,0.0
Faridkot,Punjab,2025-10-08,0,2025,10,8,8,21.44,77.71,1.96,0.55,0.0,0.0,0.0,0.0,0.0,0.0
Faridkot,Punjab,2025-10-09,0,2025,10,9,9,22.63,66.27,1.18,0.04,0.0,0.0,0.0,0.0,0.0,0.0
Faridkot,Punjab,2025-10-10,0,2025,10,10,10,23.7,60.65,0.81,0.0,0.0,0.0,0.0,0.0,0.0,0.0
Faridkot,Punjab,2025-10-11,0,2025,10,11,11,23.89,63.08,0.92,0.0,0.0,0.0,0.0,0.0,0.0,0.0
Faridkot,Punjab,2025-10-12,0,2025,10,12,12,23.93,60.26,1.14,0.0,0.0,0.0,0.0,0.0,0.0,0.0
Faridkot,Punjab,2025-10-13,0,2025,10,13,13,24.96,50.81,0.8,0.0,0.0,0.0,0.0,0.0,0.0,0.0
Faridkot,Punjab,2025-10-14,0,2025,10,14,14,24.14,51.69,0.83,0.0,0.0,0.0,0.0,0.0,0.0,0.0
Faridkot,Punjab,2025-10-15,0,2025,10,15,15,23.93,54.84,0.84,0.0,0.0,0.0,0.0,0.0,0.0,1.0
Faridkot,Punjab,2025-10-16,1,2025,10,16,16,24.57,59.02,0.9,0.0,0.0,0.0,0.0,0.0,0.0,1.0
Faridkot,Punjab,2025-10-17,1,2025,10,17,17,24.96,62.89,0.94,0.0,1.0,0.0,0.0,0.3333333333333333,0.14285714285714285,0.0
Faridkot,Punjab,2025-10-18,0,2025,10,18,18,24.85,61.81,0.8,0.0,1.0,0.0,0.0,0.6666666666666666,0.2857142857142857,1.0
Faridkot,Punjab,2025-10-19,1,2025,10,19,19,25.09,57.42,0.83,0.0,0.0,1.0,0.0,0.6666666666666666,0.2857142857142857,0.0
Faridkot,Punjab,2025-10-20,0,2025,10,20,20,24.56,56.34,1.01,0.0,1.0,1.0,0.0,0.6666666666666666,0.42857142857142855,2.0
Faridkot,Punjab,2025-10-21,2,2025,10,21,21,23.8,54.74,1.16,0.0,0.0,0.0,0.0,0.3333333333333333,0.42857142857142855,5.0
Faridkot,Punjab,2025-10-22,5,2025,10,22,22,23.91,51.98,1.27,0.0,2.0,1.0,0.0,1.0,0.7142857142857143,1.0
Faridkot,Punjab,2025-10-23,1,2025,10,23,23,24.55,49.96,0.94,0.0,5.0,0.0,1.0,2.3333333333333335,1.4285714285714286,2.0
Faridkot,Punjab,2025-10-24,2,2025,10,24,24,24.5,55.45,0.8,0.0,1.0,2.0,1.0,2.6666666666666665,1.4285714285714286,5.0
Faridkot,Punjab,2025-10-25,5,2025,10,25,25,23.79,55.61,1.04,0.0,2.0,5.0,0.0,2.6666666666666665,1.5714285714285714,5.0
Faridkot,Punjab,2025-10-26,5,2025,10,26,26,23.34,58.12,1.0,0.0,5.0,1.0,1.0,2.6666666666666665,2.2857142857142856,3.0
Faridkot,Punjab,2025-10-27,3,2025,10,27,27,24.03,53.9,0.88,0.0,5.0,2.0,0.0,4.0,2.857142857142857,2.0
Faridkot,Punjab,2025-10-28,2,2025,10,28,28,23.56,54.47,0.73,0.0,3.0,5.0,2.0,4.333333333333333,3.2857142857142856,9.0
Faridkot,Punjab,2025-10-29,9,2025,10,29,29,22.54,59.23,1.14,0.0,2.0,5.0,5.0,3.3333333333333335,3.2857142857142856,5.0
Faridkot,Punjab,2025-10-30,5,2025,10,30,30,23.02,67.41,1.08,0.0,9.0,3.0,1.0,4.666666666666667,3.857142857142857,9.0
Faridkot,Punjab,2025-10-31,9,2025,10,31,31,23.7,61.25,1.4,0.0,5.0,2.0,2.0,5.333333333333333,4.428571428571429,4.0
Faridkot,Punjab,2025-11-01,4,2025,11,1,32,23.73,53.46,1.09,0.0,9.0,9.0,5.0,7.666666666666667,5.428571428571429,8.0
Faridkot,Punjab,2025-11-02,8,2025,11,2,33,23.08,49.76,1.42,0.0,4.0,5.0,5.0,6.0,5.285714285714286,0.0
Faridkot,Punjab,2025-11-03,0,2025,11,3,34,23.2,43.4,1.15,0.0,8.0,9.0,3.0,7.0,5.714285714285714,11.0
Faridkot,Punjab,2025-11-04,11,2025,11,4,35,21.8,50.86,1.8,0.0,0.0,4.0,2.0,4.0,5.285714285714286,12.0
Faridkot,Punjab,2025-11-05,12,2025,11,5,36,19.69,61.31,1.72,0.23,11.0,8.0,9.0,6.333333333333333,6.571428571428571,19.0
Faridkot,Punjab,2025-11-06,19,2025,11,6,37,17.36,49.25,1.78,0.0,12.0,0.0,5.0,7.666666666666667,7.0,8.0
Faridkot,Punjab,2025-11-07,8,2025,11,7,38,18.0,38.95,1.61,0.0,19.0,11.0,9.0,14.0,9.0,15.0
Faridkot,Punjab,2025-11-08,15,2025,11,8,39,19.04,36.29,1.27,0.0,8.0,12.0,4.0,13.0,8.857142857142858,20.0
Faridkot,Punjab,2025-11-09,20,2025,11,9,40,18.59,41.51,1.28,0.0,15.0,19.0,8.0,14.0,10.428571428571429,3.0
Faridkot,Punjab,2025-11-10,3,2025,11,10,41,18.71,39.54,0.99,0.0,20.0,8.0,0.0,14.333333333333334,12.142857142857142,9.0
Faridkot,Punjab,2025-11-11,9,2025,11,11,42,17.81,44.71,1.22,0.0,3.0,15.0,11.0,12.666666666666666,12.571428571428571,3.0
Faridkot,Punjab,2025-11-12,3,2025,11,12,43,18.07,42.62,1.46,0.0,9.0,20.0,12.0,10.666666666666666,12.285714285714286,4.0
Faridkot,Punjab,2025-11-13,4,2025,11,13,44,17.97,42.58,1.23,0.0,3.0,3.0,19.0,5.0,11.0,0.0
Faridkot,Punjab,2025-11-14,0,2025,11,14,45,18.06,39.65,1.12,0.0,4.0,9.0,8.0,5.333333333333333,8.857142857142858,2.0
Faridkot,Punjab,2025-11-15,2,2025,11,15,46,18.59,36.65,1.11,0.0,0.0,3.0,15.0,2.3333333333333335,7.714285714285714,7.0
Faridkot,Punjab,2025-11-16,7,2025,11,16,47,18.22,38.85,1.37,0.0,2.0,4.0,20.0,2.0,5.857142857142857,4.0
Faridkot,Punjab,2025-11-17,4,2025,11,17,48,18.33,37.22,1.22,0.0,7.0,0.0,3.0,3.0,4.0,0.0
Faridkot,Punjab,2025-11-18,0,2025,11,18,49,17.45,42.16,1.33,0.0,4.0,2.0,9.0,4.333333333333333,4.142857142857143,2.0
Faridkot,Punjab,2025-11-19,2,2025,11,19,50,18.21,44.14,0.84,0.0,0.0,7.0,3.0,3.6666666666666665,2.857142857142857,2.0
Faridkot,Punjab,2025-11-20,2,2025,11,20,51,18.2,44.72,0.96,0.0,2.0,4.0,4.0,2.0,2.7142857142857144,0.0
Faridkot,Punjab,2025-11-21,0,2025,11,21,52,17.17,52.27,1.12,0.0,2.0,0.0,0.0,1.3333333333333333,2.4285714285714284,0.0
Faridkot,Punjab,2025-11-22,0,2025,11,22,53,16.9,58.7,1.41,0.0,0.0,2.0,2.0,1.3333333333333333,2.4285714285714284,0.0
Faridkot,Punjab,2025-11-23,0,2025,11,23,54,16.54,49.48,1.12,0.0,0.0,2.0,7.0,0.6666666666666666,2.142857142857143,0.0
Faridkot,Punjab,2025-11-24,0,2025,11,24,55,16.51,44.36,1.18,0.0,0.0,0.0,4.0,0.0,1.1428571428571428,0.0
Faridkot,Punjab,2025-11-25,0,2025,11,25,56,15.98,43.09,1.3,0.0,0.0,0.0,0.0,0.0,0.5714285714285714,0.0
Faridkot,Punjab,2025-11-26,0,2025,11,26,57,15.49,42.03,1.12,0.0,0.0,0.0,2.0,0.0,0.5714285714285714,0.0
Faridkot,Punjab,2025-11-27,0,2025,11,27,58,14.6,47.79,1.27,0.0,0.0,0.0,2.0,0.0,0.2857142857142857,0.0
Faridkot,Punjab,2025-11-28,0,2025,11,28,59,14.79,51.47,1.39,0.0,0.0,0.0,0.0,0.0,0.0,0.0
Faridkot,Punjab,2025-11-29,0,2025,11,29,60,14.62,42.94,1.43,0.0,0.0,0.0,0.0,0.0,0.0,0.0
Fatehabad,Haryana,2023-10-08,16,2023,10,8,8,29.98,46.69,1.72,0.0,4.0,10.0,0.0,7.666666666666667,4.857142857142857,9.0
Fatehabad,Haryana,2023-10-09,9,2023,10,9,9,30.3,45.55,1.69,0.53,16.0,9.0,5.0,9.666666666666666,7.142857142857143,16.0
Fatehabad,Haryana,2023-10-10,16,2023,10,10,10,28.46,51.41,1.27,3.06,9.0,4.0,1.0,9.666666666666666,7.714285714285714,17.0
Fatehabad,Haryana,2023-10-11,17,2023,10,11,11,26.7,49.37,1.64,0.0,16.0,16.0,5.0,13.666666666666666,9.857142857142858,20.0
Fatehabad,Haryana,2023-10-12,20,2023,10,12,12,26.71,41.16,1.49,0.0,17.0,9.0,10.0,14.0,11.571428571428571,20.0
Fatehabad,Haryana,2023-10-13,20,2023,10,13,13,27.75,43.57,1.54,0.0,20.0,16.0,9.0,17.666666666666668,13.0,12.0
Fatehabad,Haryana,2023-10-14,12,2023,10,14,14,27.89,42.35,1.72,0.0,20.0,17.0,4.0,19.0,14.571428571428571,45.0
Fatehabad,Haryana,2023-10-15,45,2023,10,15,15,26.61,51.41,1.36,2.62,12.0,20.0,16.0,17.333333333333332,15.714285714285714,0.0
Fatehabad,Haryana,2023-10-16,0,2023,10,16,16,23.37,72.99,2.11,109.32,45.0,20.0,9.0,25.666666666666668,19.857142857142858,0.0
Fatehabad,Haryana,2023-10-17,0,2023,10,17,17,22.51,76.3,2.24,3.69,0.0,12.0,16.0,19.0,18.571428571428573,8.0
Fatehabad,Haryana,2023-10-18,8,2023,10,18,18,21.71,71.78,1.74,0.0,0.0,45.0,17.0,15.0,16.285714285714285,8.0
Fatehabad,Haryana,2023-10-19,8,2023,10,19,19,22.21,64.1,1.35,0.0,8.0,0.0,20.0,2.6666666666666665,15.0,12.0
Fatehabad,Haryana,2023-10-20,12,2023,10,20,20,22.48,62.03,1.03,0.0,8.0,0.0,20.0,5.333333333333333,13.285714285714286,22.0
Fatehabad,Haryana,2023-10-21,22,2023,10,21,21,22.77,59.38,1.14,0.0,12.0,8.0,12.0,9.333333333333334,12.142857142857142,11.0
Fatehabad,Haryana,2023-10-22,11,2023,10,22,22,22.66,61.05,1.2,0.28,22.0,8.0,45.0,14.0,13.571428571428571,14.0
Fatehabad,Haryana,2023-10-23,14,2023,10,23,23,22.37,66.75,1.41,0.01,11.0,12.0,0.0,15.0,8.714285714285714,29.0
Fatehabad,Haryana,2023-10-24,29,2023,10,24,24,23.27,63.07,1.18,0.0,14.0,22.0,0.0,15.666666666666666,10.714285714285714,21.0
Fatehabad,Haryana,2023-10-25,21,2023,10,25,25,22.9,60.75,1.56,0.0,29.0,11.0,8.0,18.0,14.857142857142858,28.0
Fatehabad,Haryana,2023-10-26,28,2023,10,26,26,23.36,50.69,1.29,0.0,21.0,14.0,8.0,21.333333333333332,16.714285714285715,16.0
Fatehabad,Haryana,2023-10-27,16,2023,10,27,27,23.67,46.28,1.14,0.0,28.0,29.0,12.0,26.0,19.571428571428573,32.0
Fatehabad,Haryana,2023-10-28,32,2023,10,28,28,23.29,55.04,1.07,0.0,16.0,21.0,22.0,21.666666666666668,20.142857142857142,51.0
Fatehabad,Haryana,2023-10-29,51,2023,10,29,29,24.15,56.44,1.13,0.0,32.0,28.0,11.0,25.333333333333332,21.571428571428573,30.0
Fatehabad,Haryana,2023-10-30,30,2023,10,30,30,23.39,59.56,1.33,0.0,51.0,16.0,14.0,33.0,27.285714285714285,26.0
Fatehabad,Haryana,2023-10-31,26,2023,10,31,31,22.86,60.79,1.21,0.0,30.0,32.0,29.0,37.666666666666664,29.571428571428573,38.0
Fatehabad,Haryana,2023-11-01,38,2023,11,1,32,22.94,58.51,1.23,0.0,26.0,51.0,21.0,35.666666666666664,29.142857142857142,21.0
Fatehabad,Haryana,2023-11-02,21,2023,11,2,33,22.71,61.16,1.02,0.0,38.0,30.0,28.0,31.333333333333332,31.571428571428573,3.0
Fatehabad,Haryana,2023-11-03,3,2023,11,3,34,22.89,64.14,1.02,0.0,21.0,26.0,16.0,28.333333333333332,30.571428571428573,18.0
Fatehabad,Haryana,2023-11-04,18,2023,11,4,35,22.08,66.65,1.22,0.0,3.0,38.0,32.0,20.666666666666668,28.714285714285715,53.0
Fatehabad,Haryana,2023-11-05,53,2023,11,5,36,22.18,52.48,1.13,0.0,18.0,21.0,51.0,14.0,26.714285714285715,36.0
Fatehabad,Haryana,2023-11-06,36,2023,11,6,37,20.82,54.9,1.41,0.0,53.0,3.0,30.0,24.666666666666668,27.0,29.0
Fatehabad,Haryana,2023-11-07,29,2023,11,7,38,20.8,58.8,1.25,0.0,36.0,18.0,26.0,35.666666666666664,27.857142857142858,45.0
Fatehabad,Haryana,2023-11-08,45,2023,11,8,39,21.52,69.02,1.14,0.0,29.0,53.0,38.0,39.333333333333336,28.285714285714285,16.0
Fatehabad,Haryana,2023-11-09,16,2023,11,9,40,23.01,57.34,1.15,0.0,45.0,36.0,21.0,36.666666666666664,29.285714285714285,0.0
Fatehabad,Haryana,2023-11-10,0,2023,11,10,41,20.41,66.84,1.7,2.54,16.0,29.0,3.0,30.0,28.571428571428573,24.0
Fatehabad,Haryana,2023-11-11,24,2023,11,11,42,18.79,71.45,1.65,0.0,0.0,45.0,18.0,20.333333333333332,28.142857142857142,103.0
Fatehabad,Haryana,2023-11-12,103,2023,11,12,43,19.02,68.85,1.53,0.0,24.0,16.0,53.0,13.333333333333334,29.0,53.0
Fatehabad,Haryana,2023-11-13,53,2023,11,13,44,19.01,58.58,1.16,0.0,103.0,0.0,36.0,42.333333333333336,36.142857142857146,15.0
Fatehabad,Haryana,2023-11-14,15,2023,11,14,45,18.44,56.84,1.34,0.0,53.0,24.0,29.0,60.0,38.57142857142857,40.0
Fatehabad,Haryana,2023-11-15,40,2023,11,15,46,18.26,57.0,1.49,0.0,15.0,103.0,45.0,57.0,36.57142857142857,33.0
Fatehabad,Haryana,2023-11-16,33,2023,11,16,47,18.94,56.35,0.98,0.0,40.0,53.0,16.0,36.0,35.857142857142854,34.0
Fatehabad,Haryana,2023-11-17,34,2023,11,17,48,19.61,59.24,1.72,0.0,33.0,15.0,0.0,29.333333333333332,38.285714285714285,16.0
Fatehabad,Haryana,2023-11-18,16,2023,11,18,49,19.44,57.71,1.36,0.0,34.0,40.0,24.0,35.666666666666664,43.142857142857146,30.0
Fatehabad,Haryana,2023-11-19,30,2023,11,19,50,19.58,57.28,1.21,0.0,16.0,33.0,103.0,27.666666666666668,42.0,17.0
Fatehabad,Haryana,2023-11-20,17,2023,11,20,51,18.93,59.13,1.19,0.0,30.0,34.0,53.0,26.666666666666668,31.571428571428573,35.0
Fatehabad,Haryana,2023-11-21,35,2023,11,21,52,17.69,62.14,1.65,0.0,17.0,16.0,15.0,21.0,26.428571428571427,23.0
Fatehabad,Haryana,2023-11-22,23,2023,11,22,53,17.54,54.11,1.52,0.0,35.0,30.0,40.0,27.333333333333332,29.285714285714285,7.0
Fatehabad,Haryana,2023-11-23,7,2023,11,23,54,18.42,46.73,1.07,0.0,23.0,17.0,33.0,25.0,26.857142857142858,9.0
Fatehabad,Haryana,2023-11-24,9,2023,11,24,55,17.07,51.43,1.21,0.0,7.0,35.0,34.0,21.666666666666668,23.142857142857142,2.0
Fatehabad,Haryana,2023-11-25,2,2023,11,25,56,16.34,58.9,1.01,0.0,9.0,23.0,16.0,13.0,19.571428571428573,3.0
Fatehabad,Haryana,2023-11-26,3,2023,11,26,57,16.01,58.77,1.78,0.0,2.0,7.0,30.0,6.0,17.571428571428573,0.0
Fatehabad,Haryana,2023-11-27,0,2023,11,27,58,16.28,62.98,1.75,0.51,3.0,9.0,17.0,4.666666666666667,13.714285714285714,0.0
Fatehabad,Haryana,2023-11-28,0,2023,11,28,59,16.95,57.62,1.73,0.31,0.0,2.0,35.0,1.6666666666666667,11.285714285714286,0.0
Fatehabad,Haryana,2023-11-29,0,2023,11,29,60,18.74,56.27,0.99,0.02,0.0,3.0,23.0,1.0,6.285714285714286,4.0
Fatehabad,Haryana,2023-11-30,4,2023,11,30,61,18.85,63.07,1.26,2.86,0.0,0.0,7.0,0.0,3.0,0.0
Fatehabad,Haryana,2024-10-01,0,2024,10,1,1,30.51,58.89,1.66,0.0,4.0,0.0,9.0,1.3333333333333333,2.5714285714285716,1.0
Fatehabad,Haryana,2024-10-02,1,2024,10,2,2,30.25,53.93,1.64,0.0,0.0,0.0,2.0,1.3333333333333333,1.2857142857142858,0.0
Fatehabad,Haryana,2024-10-03,0,2024,10,3,3,30.38,44.71,1.22,0.0,1.0,4.0,3.0,1.6666666666666667,1.1428571428571428,0.0
Fatehabad,Haryana,2024-10-04,0,2024,10,4,4,29.97,49.88,1.47,0.0,0.0,0.0,0.0,0.3333333333333333,0.7142857142857143,1.0
Fatehabad,Haryana,2024-10-05,1,2024,10,5,5,29.94,56.39,1.81,1.59,0.0,1.0,0.0,0.3333333333333333,0.7142857142857143,3.0
Fatehabad,Haryana,2024-10-06,3,2024,10,6,6,28.58,54.39,1.36,0.41,1.0,0.0,0.0,0.3333333333333333,0.8571428571428571,1.0
Fatehabad,Haryana,2024-10-07,1,2024,10,7,7,28.42,55.05,0.91,0.0,3.0,0.0,4.0,1.3333333333333333,1.2857142857142858,10.0
Fatehabad,Haryana,2024-10-08,10,2024,10,8,8,28.08,56.36,1.14,0.0,1.0,1.0,0.0,1.6666666666666667,0.8571428571428571,0.0
Fatehabad,Haryana,2024-10-09,0,2024,10,9,9,27.87,57.72,1.38,0.07,10.0,3.0,1.0,4.666666666666667,2.2857142857142856,2.0
Fatehabad,Haryana,2024-10-10,2,2024,10,10,10,27.89,50.34,1.41,0.0,0.0,1.0,0.0,3.6666666666666665,2.142857142857143,6.0
Fatehabad,Haryana,2024-10-11,6,2024,10,11,11,27.68,43.42,1.5,0.0,2.0,10.0,0.0,4.0,2.4285714285714284,17.0
Fatehabad,Haryana,2024-10-12,17,2024,10,12,12,27.57,41.42,1.3,0.0,6.0,0.0,1.0,2.6666666666666665,3.2857142857142856,2.0
Fatehabad,Haryana,2024-10-13,2,2024,10,13,13,27.21,40.51,1.14,0.0,17.0,2.0,3.0,8.333333333333334,5.571428571428571,7.0
Fatehabad,Haryana,2024-10-14,7,2024,10,14,14,26.72,53.34,1.5,0.0,2.0,6.0,1.0,8.333333333333334,5.428571428571429,2.0
Fatehabad,Haryana,2024-10-15,2,2024,10,15,15,27.84,39.78,1.33,0.0,7.0,17.0,10.0,8.666666666666666,6.285714285714286,6.0
Fatehabad,Haryana,2024-10-16,6,2024,10,16,16,28.27,35.38,1.22,0.0,2.0,2.0,0.0,3.6666666666666665,5.142857142857143,6.0
Fatehabad,Haryana,2024-10-17,6,2024,10,17,17,29.27,33.21,0.84,0.0,6.0,7.0,2.0,5.0,6.0,7.0
Fatehabad,Haryana,2024-10-18,7,2024,10,18,18,28.06,39.45,0.98,0.0,6.0,2.0,6.0,4.666666666666667,6.571428571428571,8.0
Fatehabad,Haryana,2024-10-19,8,2024,10,19,19,28.09,41.03,1.26,0.0,7.0,6.0,17.0,6.333333333333333,6.714285714285714,8.0
Fatehabad,Haryana,2024-10-20,8,2024,10,20,20,26.5,45.41,1.34,0.0,8.0,6.0,2.0,7.0,5.428571428571429,1.0
Fatehabad,Haryana,2024-10-21,1,2024,10,21,21,26.41,53.28,1.16,0.01,8.0,7.0,7.0,7.666666666666667,6.285714285714286,2.0
Fatehabad,Haryana,2024-10-22,2,2024,10,22,22,26.92,52.93,1.03,0.0,1.0,8.0,2.0,5.666666666666667,5.428571428571429,8.0
Fatehabad,Haryana,2024-10-23,8,2024,10,23,23,27.19,41.67,1.4,0.0,2.0,8.0,6.0,3.6666666666666665,5.428571428571429,11.0
Fatehabad,Haryana,2024-10-24,11,2024,10,24,24,26.49,47.78,2.2,0.0,8.0,1.0,6.0,3.6666666666666665,5.714285714285714,0.0
Fatehabad,Haryana,2024-10-25,0,2024,10,25,25,27.31,42.77,1.94,0.0,11.0,2.0,7.0,7.0,6.428571428571429,1.0
Fatehabad,Haryana,2024-10-26,1,2024,10,26,26,27.82,35.62,1.58,0.0,0.0,8.0,8.0,6.333333333333333,5.428571428571429,1.0
Fatehabad,Haryana,2024-10-27,1,2024,10,27,27,27.14,40.76,1.27,0.0,1.0,11.0,8.0,4.0,4.428571428571429,4.0
Fatehabad,Haryana,2024-10-28,4,2024,10,28,28,27.39,54.63,1.72,0.0,1.0,0.0,1.0,0.6666666666666666,3.4285714285714284,4.0
Fatehabad,Haryana,2024-10-29,4,2024,10,29,29,28.46,53.87,1.15,0.0,4.0,1.0,2.0,2.0,3.857142857142857,8.0
Fatehabad,Haryana,2024-10-30,8,2024,10,30,30,28.79,42.11,1.2,0.0,4.0,1.0,8.0,3.0,4.142857142857143,27.0
Fatehabad,Haryana,2024-10-31,27,2024,10,31,31,27.39,38.47,2.07,0.0,8.0,4.0,11.0,5.333333333333333,4.142857142857143,26.0
Fatehabad,Haryana,2024-11-01,26,2024,11,1,32,26.54,28.79,2.03,0.0,27.0,4.0,0.0,13.0,6.428571428571429,7.0
Fatehabad,Haryana,2024-11-02,7,2024,11,2,33,26.99,28.81,1.12,0.0,26.0,8.0,1.0,20.333333333333332,10.142857142857142,4.0
Fatehabad,Haryana,2024-11-03,4,2024,11,3,34,25.15,37.21,1.13,0.0,7.0,27.0,1.0,20.0,11.0,6.0
Fatehabad,Haryana,2024-11-04,6,2024,11,4,35,25.68,32.32,1.34,0.0,4.0,26.0,4.0,12.333333333333334,11.428571428571429,0.0
Fatehabad,Haryana,2024-11-05,0,2024,11,5,36,24.95,41.08,1.37,0.0,6.0,7.0,4.0,5.666666666666667,11.714285714285714,9.0
Fatehabad,Haryana,2024-11-06,9,2024,11,6,37,25.18,45.88,1.13,0.0,0.0,4.0,8.0,3.3333333333333335,11.142857142857142,23.0
Fatehabad,Haryana,2024-11-07,23,2024,11,7,38,25.37,46.89,1.13,0.0,9.0,6.0,27.0,5.0,11.285714285714286,11.0
Fatehabad,Haryana,2024-11-08,11,2024,11,8,39,25.62,47.55,1.14,0.0,23.0,0.0,26.0,10.666666666666666,10.714285714285714,18.0
Fatehabad,Haryana,2024-11-09,18,2024,11,9,40,25.36,52.42,1.45,0.0,11.0,9.0,7.0,14.333333333333334,8.571428571428571,10.0
Fatehabad,Haryana,2024-11-10,10,2024,11,10,41,25.01,55.88,1.26,0.0,18.0,23.0,4.0,17.333333333333332,10.142857142857142,6.0
Fatehabad,Haryana,2024-11-11,6,2024,11,11,42,25.29,48.84,1.33,0.0,10.0,11.0,6.0,13.0,11.0,2.0
Fatehabad,Haryana,2024-11-12,2,2024,11,12,43,24.83,32.57,1.3,0.0,6.0,18.0,0.0,11.333333333333334,11.0,8.0
Fatehabad,Haryana,2024-11-13,8,2024,11,13,44,23.02,44.46,1.4,0.0,2.0,10.0,9.0,6.0,11.285714285714286,2.0
Fatehabad,Haryana,2024-11-14,2,2024,11,14,45,22.56,36.84,1.26,0.0,8.0,6.0,23.0,5.333333333333333,11.142857142857142,4.0
Fatehabad,Haryana,2024-11-15,4,2024,11,15,46,22.11,37.13,1.46,0.0,2.0,2.0,11.0,4.0,8.142857142857142,0.0
Fatehabad,Haryana,2024-11-16,0,2024,11,16,47,21.87,42.58,1.21,0.0,4.0,8.0,18.0,4.666666666666667,7.142857142857143,1.0
Fatehabad,Haryana,2024-11-17,1,2024,11,17,48,20.71,42.75,1.47,0.0,0.0,2.0,10.0,2.0,4.571428571428571,19.0
Fatehabad,Haryana,2024-11-18,19,2024,11,18,49,20.15,36.17,1.72,0.0,1.0,4.0,6.0,1.6666666666666667,3.2857142857142856,16.0
Fatehabad,Haryana,2024-11-19,16,2024,11,19,50,20.15,30.32,1.65,0.0,19.0,0.0,2.0,6.666666666666667,5.142857142857143,16.0
Fatehabad,Haryana,2024-11-20,16,2024,11,20,51,20.15,29.15,1.31,0.0,16.0,1.0,8.0,12.0,7.142857142857143,3.0
Fatehabad,Haryana,2024-11-21,3,2024,11,21,52,20.85,24.86,1.09,0.0,16.0,19.0,2.0,17.0,8.285714285714286,5.0
Fatehabad,Haryana,2024-11-22,5,2024,11,22,53,21.59,25.86,1.3,0.0,3.0,16.0,4.0,11.666666666666666,8.428571428571429,8.0
Fatehabad,Haryana,2024-11-23,8,2024,11,23,54,21.57,28.75,1.32,0.0,5.0,16.0,0.0,8.0,8.571428571428571,15.0
Fatehabad,Haryana,2024-11-24,15,2024,11,24,55,20.69,34.29,1.82,0.0,8.0,3.0,1.0,5.333333333333333,9.714285714285714,2.0
Fatehabad,Haryana,2024-11-25,2,2024,11,25,56,19.19,40.16,1.76,0.0,15.0,5.0,19.0,9.333333333333334,11.714285714285714,1.0
Fatehabad,Haryana,2024-11-26,1,2024,11,26,57,19.34,33.76,1.58,0.0,2.0,8.0,16.0,8.333333333333334,9.285714285714286,5.0
Fatehabad,Haryana,2024-11-27,5,2024,11,27,58,20.08,33.08,1.1,0.0,1.0,15.0,16.0,6.0,7.142857142857143,3.0
Fatehabad,Haryana,2024-11-28,3,2024,11,28,59,19.84,30.43,0.93,0.0,5.0,2.0,3.0,2.6666666666666665,5.571428571428571,4.0
Fatehabad,Haryana,2024-11-29,4,2024,11,29,60,19.85,30.62,0.87,0.0,3.0,1.0,5.0,3.0,5.571428571428571,1.0
Fatehabad,Haryana,2024-11-30,1,2024,11,30,61,18.99,34.99,1.55,0.0,4.0,5.0,8.0,4.0,5.428571428571429,0.0
Fatehabad,Haryana,2025-10-01,0,2025,10,1,1,28.9,69.1,0.77,0.19,1.0,3.0,15.0,2.6666666666666665,4.428571428571429,0.0
Fatehabad,Haryana,2025-10-02,0,2025,10,2,2,28.76,67.96,1.26,1.32,0.0,4.0,2.0,1.6666666666666667,2.2857142857142856,0.0
Fatehabad,Haryana,2025-10-03,0,2025,10,3,3,28.3,71.01,1.29,0.07,0.0,1.0,1.0,0.3333333333333333,2.0,0.0
Fatehabad,Haryana,2025-10-04,0,2025,10,4,4,29.15,61.52,1.4,0.0,0.0,0.0,5.0,0.0,1.8571428571428572,1.0
Fatehabad,Haryana,2025-10-05,1,2025,10,5,5,28.27,62.75,0.97,8.75,0.0,0.0,3.0,0.0,1.1428571428571428,0.0
Fatehabad,Haryana,2025-10-06,0,2025,10,6,6,25.27,78.82,2.02,17.45,1.0,0.0,4.0,0.3333333333333333,0.8571428571428571,0.0
Fatehabad,Haryana,2025-10-07,0,2025,10,7,7,23.91,82.14,1.64,16.07,0.0,0.0,1.0,0.3333333333333333,0.2857142857142857,0.0
Fatehabad,Haryana,2025-10-08,0,2025,10,8,8,21.74,75.41,1.99,1.23,0.0,1.0,0.0,0.3333333333333333,0.14285714285714285,2.0
Fatehabad,Haryana,2025-10-09,2,2025,10,9,9,22.89,64.42,1.31,0.07,0.0,0.0,0.0,0.0,0.14285714285714285,0.0
Fatehabad,Haryana,2025-10-10,0,2025,10,10,10,23.97,57.28,1.07,0.0,2.0,0.0,0.0,0.6666666666666666,0.42857142857142855,1.0
Fatehabad,Haryana,2025-10-11,1,2025,10,11,11,24.43,57.7,0.92,0.0,0.0,0.0,0.0,0.6666666666666666,0.42857142857142855,0.0
Fatehabad,Haryana,2025-10-12,0,2025,10,12,12,24.18,59.93,1.31,0.0,1.0,2.0,1.0,1.0,0.5714285714285714,0.0
Fatehabad,Haryana,2025-10-13,0,2025,10,13,13,25.09,48.49,0.84,0.0,0.0,0.0,0.0,0.3333333333333333,0.42857142857142855,2.0
Fatehabad,Haryana,2025-10-14,2,2025,10,14,14,24.6,47.58,0.75,0.0,0.0,1.0,0.0,0.3333333333333333,0.42857142857142855,1.0
Fatehabad,Haryana,2025-10-15,1,2025,10,15,15,24.42,48.84,0.85,0.0,2.0,0.0,0.0,0.6666666666666666,0.7142857142857143,0.0
Fatehabad,Haryana,2025-10-16,0,2025,10,16,16,25.16,48.81,0.78,0.0,1.0,0.0,2.0,1.0,0.8571428571428571,0.0
Fatehabad,Haryana,2025-10-17,0,2025,10,17,17,25.32,60.3,0.9,0.0,0.0,2.0,0.0,1.0,0.5714285714285714,2.0
Fatehabad,Haryana,2025-10-18,2,2025,10,18,18,25.23,60.34,0.93,0.0,0.0,1.0,1.0,0.3333333333333333,0.5714285714285714,4.0
Fatehabad,Haryana,2025-10-19,4,2025,10,19,19,25.77,55.3,0.97,0.0,2.0,0.0,0.0,0.6666666666666666,0.7142857142857143,10.0
Fatehabad,Haryana,2025-10-20,10,2025,10,20,20,25.16,56.68,1.07,0.0,4.0,0.0,0.0,2.0,1.2857142857142858,0.0
Fatehabad,Haryana,2025-10-21,0,2025,10,21,21,25.31,57.72,0.91,0.0,10.0,2.0,2.0,5.333333333333333,2.7142857142857144,0.0
Fatehabad,Haryana,2025-10-22,0,2025,10,22,22,24.89,52.06,1.39,0.0,0.0,4.0,1.0,4.666666666666667,2.4285714285714284,0.0
Fatehabad,Haryana,2025-10-23,0,2025,10,23,23,24.76,47.0,1.13,0.0,0.0,10.0,0.0,3.3333333333333335,2.2857142857142856,0.0
Fatehabad,Haryana,2025-10-24,0,2025,10,24,24,25.68,44.6,0.61,0.0,0.0,0.0,0.0,0.0,2.2857142857142856,4.0
Fatehabad,Haryana,2025-10-25,4,2025,10,25,25,24.84,52.51,1.01,0.0,0.0,0.0,2.0,0.0,2.2857142857142856,6.0
Fatehabad,Haryana,2025-10-26,6,2025,10,26,26,24.07,50.54,1.11,0.0,4.0,0.0,4.0,1.3333333333333333,2.5714285714285716,3.0
Fatehabad,Haryana,2025-10-27,3,2025,10,27,27,23.42,54.0,1.16,0.0,6.0,0.0,10.0,3.3333333333333335,2.857142857142857,1.0
Fatehabad,Haryana,2025-10-28,1,2025,10,28,28,22.7,68.38,1.21,0.0,3.0,4.0,0.0,4.333333333333333,1.8571428571428572,1.0
Fatehabad,Haryana,2025-10-29,1,2025,10,29,29,22.73,62.68,1.43,0.0,1.0,6.0,0.0,3.3333333333333335,2.0,5.0
Fatehabad,Haryana,2025-10-30,5,2025,10,30,30,24.03,64.87,0.94,0.0,1.0,3.0,0.0,1.6666666666666667,2.142857142857143,4.0
Fatehabad,Haryana,2025-10-31,4,2025,10,31,31,24.18,61.03,1.52,0.0,5.0,1.0,0.0,2.3333333333333335,2.857142857142857,11.0
Fatehabad,Haryana,2025-11-01,11,2025,11,1,32,24.1,53.9,1.07,0.0,4.0,1.0,4.0,3.3333333333333335,3.4285714285714284,8.0
Fatehabad,Haryana,2025-11-02,8,2025,11,2,33,23.31,46.91,1.71,0.0,11.0,5.0,6.0,6.666666666666667,4.428571428571429,4.0
Fatehabad,Haryana,2025-11-03,4,2025,11,3,34,23.34,40.9,1.72,0.0,8.0,4.0,3.0,7.666666666666667,4.714285714285714,8.0
Fatehabad,Haryana,2025-11-04,8,2025,11,4,35,22.81,51.52,1.8,0.08,4.0,11.0,1.0,7.666666666666667,4.857142857142857,0.0
Fatehabad,Haryana,2025-11-05,0,2025,11,5,36,21.08,55.54,1.76,0.48,8.0,8.0,1.0,6.666666666666667,5.857142857142857,7.0
Fatehabad,Haryana,2025-11-06,7,2025,11,6,37,17.94,47.34,1.97,0.0,0.0,4.0,5.0,4.0,5.714285714285714,15.0
Fatehabad,Haryana,2025-11-07,15,2025,11,7,38,18.0,40.65,1.89,0.0,7.0,8.0,4.0,5.0,6.0,10.0
Fatehabad,Haryana,2025-11-08,10,2025,11,8,39,18.94,36.37,1.55,0.0,15.0,0.0,11.0,7.333333333333333,7.571428571428571,13.0
Fatehabad,Haryana,2025-11-09,13,2025,11,9,40,18.62,39.96,1.43,0.0,10.0,7.0,8.0,10.666666666666666,7.428571428571429,14.0
Fatehabad,Haryana,2025-11-10,14,2025,11,10,41,18.95,37.52,1.19,0.0,13.0,15.0,4.0,12.666666666666666,8.142857142857142,15.0
Fatehabad,Haryana,2025-11-11,15,2025,11,11,42,17.6,43.74,1.37,0.0,14.0,10.0,8.0,12.333333333333334,9.571428571428571,3.0
Fatehabad,Haryana,2025-11-12,3,2025,11,12,43,18.0,43.34,1.66,0.0,15.0,13.0,0.0,14.0,10.571428571428571,4.0
Fatehabad,Haryana,2025-11-13,4,2025,11,13,44,18.03,42.5,1.39,0.0,3.0,14.0,7.0,10.666666666666666,11.0,1.0
Fatehabad,Haryana,2025-11-14,1,2025,11,14,45,18.3,39.05,1.33,0.0,4.0,15.0,15.0,7.333333333333333,10.571428571428571,8.0
Fatehabad,Haryana,2025-11-15,8,2025,11,15,46,18.63,35.27,1.33,0.0,1.0,3.0,10.0,2.6666666666666665,8.571428571428571,5.0
Fatehabad,Haryana,2025-11-16,5,2025,11,16,47,18.37,33.94,1.49,0.0,8.0,4.0,13.0,4.333333333333333,8.285714285714286,3.0
Fatehabad,Haryana,2025-11-17,3,2025,11,17,48,19.03,32.55,1.34,0.0,5.0,1.0,14.0,4.666666666666667,7.142857142857143,2.0
Fatehabad,Haryana,2025-11-18,2,2025,11,18,49,18.65,35.26,1.36,0.0,3.0,8.0,15.0,5.333333333333333,5.571428571428571,1.0
Fatehabad,Haryana,2025-11-19,1,2025,11,19,50,18.96,39.54,0.92,0.0,2.0,5.0,3.0,3.3333333333333335,3.7142857142857144,0.0
Fatehabad,Haryana,2025-11-20,0,2025,11,20,51,20.01,36.25,0.66,0.0,1.0,3.0,4.0,2.0,3.4285714285714284,0.0
Fatehabad,Haryana,2025-11-21,0,2025,11,21,52,18.92,45.25,0.99,0.0,0.0,2.0,1.0,1.0,2.857142857142857,2.0
Fatehabad,Haryana,2025-11-22,2,2025,11,22,53,17.69,49.26,1.46,0.0,0.0,1.0,8.0,0.3333333333333333,2.7142857142857144,1.0
Fatehabad,Haryana,2025-11-23,1,2025,11,23,54,17.38,48.52,1.08,0.0,2.0,0.0,5.0,0.6666666666666666,1.8571428571428572,2.0
Fatehabad,Haryana,2025-11-24,2,2025,11,24,55,16.72,42.22,1.24,0.0,1.0,0.0,3.0,1.0,1.2857142857142858,0.0
Fatehabad,Haryana,2025-11-25,0,2025,11,25,56,16.13,40.48,1.42,0.0,2.0,2.0,2.0,1.6666666666666667,1.1428571428571428,2.0
Fatehabad,Haryana,2025-11-26,2,2025,11,26,57,16.33,38.8,1.03,0.0,0.0,1.0,1.0,1.0,0.8571428571428571,5.0
Fatehabad,Haryana,2025-11-27,5,2025,11,27,58,16.41,41.04,1.14,0.0,2.0,2.0,0.0,1.3333333333333333,1.0,1.0
Fatehabad,Haryana,2025-11-28,1,2025,11,28,59,16.83,45.43,1.3,0.0,5.0,0.0,0.0,2.3333333333333335,1.7142857142857142,0.0
Fatehabad,Haryana,2025-11-29,0,2025,11,29,60,15.9,40.45,1.86,0.0,1.0,2.0,2.0,2.6666666666666665,1.8571428571428572,0.0
Fatehgarh Sahib,Punjab,2023-10-08,6,2023,10,8,8,26.01,65.41,1.18,0.0,2.0,2.0,0.0,1.3333333333333333,1.2857142857142858,5.0
Fatehgarh Sahib,Punjab,2023-10-09,5,2023,10,9,9,26.3,68.51,0.86,0.0,6.0,0.0,4.0,2.6666666666666665,2.142857142857143,0.0
Fatehgarh Sahib,Punjab,2023-10-10,0,2023,10,10,10,25.37,70.93,1.26,10.02,5.0,2.0,0.0,4.333333333333333,2.2857142857142856,3.0
Fatehgarh Sahib,Punjab,2023-10-11,3,2023,10,11,11,23.92,69.55,1.58,0.0,0.0,6.0,1.0,3.6666666666666665,2.2857142857142856,11.0
Fatehgarh Sahib,Punjab,2023-10-12,11,2023,10,12,12,24.07,62.55,1.05,0.0,3.0,5.0,2.0,2.6666666666666665,2.5714285714285716,12.0
Fatehgarh Sahib,Punjab,2023-10-13,12,2023,10,13,13,23.94,65.48,1.12,0.0,11.0,0.0,0.0,4.666666666666667,3.857142857142857,17.0
Fatehgarh Sahib,Punjab,2023-10-14,17,2023,10,14,14,24.83,63.48,1.37,2.08,12.0,3.0,2.0,8.666666666666666,5.571428571428571,0.0
Fatehgarh Sahib,Punjab,2023-10-15,0,2023,10,15,15,23.86,66.23,1.03,0.58,17.0,11.0,6.0,13.333333333333334,7.714285714285714,0.0
Fatehgarh Sahib,Punjab,2023-10-16,0,2023,10,16,16,21.26,81.45,1.61,30.5,0.0,12.0,5.0,9.666666666666666,6.857142857142857,0.0
Fatehgarh Sahib,Punjab,2023-10-17,0,2023,10,17,17,21.13,80.69,1.46,1.41,0.0,17.0,0.0,5.666666666666667,6.142857142857143,2.0
Fatehgarh Sahib,Punjab,2023-10-18,2,2023,10,18,18,20.08,79.01,2.11,0.56,0.0,0.0,3.0,0.0,6.142857142857143,3.0
Fatehgarh Sahib,Punjab,2023-10-19,3,2023,10,19,19,19.92,73.24,1.65,0.0,2.0,0.0,11.0,0.6666666666666666,6.0,12.0
Fatehgarh Sahib,Punjab,2023-10-20,12,2023,10,20,20,20.57,65.58,1.05,0.0,3.0,0.0,12.0,1.6666666666666667,4.857142857142857,10.0
Fatehgarh Sahib,Punjab,2023-10-21,10,2023,10,21,21,21.49,59.56,0.84,0.0,12.0,2.0,17.0,5.666666666666667,4.857142857142857,0.0
Fatehgarh Sahib,Punjab,2023-10-22,0,2023,10,22,22,21.44,67.18,1.22,0.01,10.0,3.0,0.0,8.333333333333334,3.857142857142857,38.0
Fatehgarh Sahib,Punjab,2023-10-23,38,2023,10,23,23,21.16,74.26,1.27,0.03,0.0,12.0,0.0,7.333333333333333,3.857142857142857,70.0
Fatehgarh Sahib,Punjab,2023-10-24,70,2023,10,24,24,22.08,68.93,1.2,0.04,38.0,10.0,0.0,16.0,9.285714285714286,42.0
Fatehgarh Sahib,Punjab,2023-10-25,42,2023,10,25,25,21.72,71.47,1.39,0.0,70.0,0.0,2.0,36.0,19.285714285714285,69.0
Fatehgarh Sahib,Punjab,2023-10-26,69,2023,10,26,26,21.51,65.95,1.71,0.0,42.0,38.0,3.0,50.0,25.0,70.0
Fatehgarh Sahib,Punjab,2023-10-27,70,2023,10,27,27,21.81,59.83,1.38,0.0,69.0,70.0,12.0,60.333333333333336,34.42857142857143,47.0
Fatehgarh Sahib,Punjab,2023-10-28,47,2023,10,28,28,22.52,61.31,1.06,0.0,70.0,42.0,10.0,60.333333333333336,42.714285714285715,124.0
Fatehgarh Sahib,Punjab,2023-10-29,124,2023,10,29,29,23.41,61.54,0.83,0.0,47.0,69.0,0.0,62.0,48.0,51.0
Fatehgarh Sahib,Punjab,2023-10-30,51,2023,10,30,30,22.05,66.54,1.12,0.0,124.0,70.0,38.0,80.33333333333333,65.71428571428571,128.0
Fatehgarh Sahib,Punjab,2023-10-31,128,2023,10,31,31,22.55,61.13,0.95,0.0,51.0,47.0,70.0,74.0,67.57142857142857,143.0
Fatehgarh Sahib,Punjab,2023-11-01,143,2023,11,1,32,22.68,59.0,0.96,0.0,128.0,124.0,42.0,101.0,75.85714285714286,93.0
Fatehgarh Sahib,Punjab,2023-11-02,93,2023,11,2,33,22.66,61.8,0.87,0.0,143.0,51.0,69.0,107.33333333333333,90.28571428571429,101.0
Fatehgarh Sahib,Punjab,2023-11-03,101,2023,11,3,34,21.84,66.14,0.95,0.0,93.0,128.0,70.0,121.33333333333333,93.71428571428571,75.0
Fatehgarh Sahib,Punjab,2023-11-04,75,2023,11,4,35,21.26,64.35,1.28,0.0,101.0,143.0,47.0,112.33333333333333,98.14285714285714,130.0
Fatehgarh Sahib,Punjab,2023-11-05,130,2023,11,5,36,21.32,58.41,1.12,0.0,75.0,93.0,124.0,89.66666666666667,102.14285714285714,47.0
Fatehgarh Sahib,Punjab,2023-11-06,47,2023,11,6,37,20.56,57.74,0.99,0.0,130.0,101.0,51.0,102.0,103.0,43.0
Fatehgarh Sahib,Punjab,2023-11-07,43,2023,11,7,38,20.89,61.7,1.3,0.0,47.0,75.0,128.0,84.0,102.42857142857143,37.0
Fatehgarh Sahib,Punjab,2023-11-08,37,2023,11,8,39,21.02,70.29,1.48,0.0,43.0,130.0,143.0,73.33333333333333,90.28571428571429,15.0
Fatehgarh Sahib,Punjab,2023-11-09,15,2023,11,9,40,22.09,61.73,1.3,0.0,37.0,47.0,93.0,42.333333333333336,75.14285714285714,0.0
Fatehgarh Sahib,Punjab,2023-11-10,0,2023,11,10,41,19.35,71.51,1.47,2.62,15.0,43.0,101.0,31.666666666666668,64.0,9.0
Fatehgarh Sahib,Punjab,2023-11-11,9,2023,11,11,42,18.31,73.78,1.66,0.0,0.0,37.0,75.0,17.333333333333332,49.57142857142857,61.0
Fatehgarh Sahib,Punjab,2023-11-12,61,2023,11,12,43,18.16,71.64,2.13,0.0,9.0,15.0,130.0,8.0,40.142857142857146,20.0
Fatehgarh Sahib,Punjab,2023-11-13,20,2023,11,13,44,17.97,64.46,1.23,0.0,61.0,0.0,47.0,23.333333333333332,30.285714285714285,10.0
Fatehgarh Sahib,Punjab,2023-11-14,10,2023,11,14,45,18.25,64.29,1.59,0.0,20.0,9.0,43.0,30.0,26.428571428571427,14.0
Fatehgarh Sahib,Punjab,2023-11-15,14,2023,11,15,46,18.57,65.36,1.76,0.0,10.0,61.0,37.0,30.333333333333332,21.714285714285715,14.0
Fatehgarh Sahib,Punjab,2023-11-16,14,2023,11,16,47,19.72,58.88,1.2,0.0,14.0,20.0,15.0,14.666666666666666,18.428571428571427,3.0
Fatehgarh Sahib,Punjab,2023-11-17,3,2023,11,17,48,20.25,56.65,1.8,0.0,14.0,10.0,0.0,12.666666666666666,18.285714285714285,17.0
Fatehgarh Sahib,Punjab,2023-11-18,17,2023,11,18,49,20.07,58.33,1.04,0.0,3.0,14.0,9.0,10.333333333333334,18.714285714285715,13.0
Fatehgarh Sahib,Punjab,2023-11-19,13,2023,11,19,50,20.18,58.73,1.16,0.0,17.0,14.0,61.0,11.333333333333334,19.857142857142858,6.0
Fatehgarh Sahib,Punjab,2023-11-20,6,2023,11,20,51,18.67,63.45,1.48,0.0,13.0,3.0,20.0,11.0,13.0,5.0
Fatehgarh Sahib,Punjab,2023-11-21,5,2023,11,21,52,17.58,68.69,2.26,0.0,6.0,17.0,10.0,12.0,11.0,3.0
Fatehgarh Sahib,Punjab,2023-11-22,3,2023,11,22,53,16.64,67.71,1.98,0.0,5.0,13.0,14.0,8.0,10.285714285714286,0.0
Fatehgarh Sahib,Punjab,2023-11-23,0,2023,11,23,54,18.2,52.21,0.75,0.0,3.0,6.0,14.0,4.666666666666667,8.714285714285714,8.0
Fatehgarh Sahib,Punjab,2023-11-24,8,2023,11,24,55,17.43,55.25,1.03,0.0,0.0,5.0,3.0,2.6666666666666665,6.714285714285714,0.0
Fatehgarh Sahib,Punjab,2023-11-25,0,2023,11,25,56,17.43,59.02,0.92,0.0,8.0,3.0,17.0,3.6666666666666665,7.428571428571429,0.0
Fatehgarh Sahib,Punjab,2023-11-26,0,2023,11,26,57,16.52,62.58,1.26,0.0,0.0,0.0,13.0,2.6666666666666665,5.0,0.0
Fatehgarh Sahib,Punjab,2023-11-27,0,2023,11,27,58,16.91,67.03,1.24,0.04,0.0,8.0,6.0,2.6666666666666665,3.142857142857143,0.0
Fatehgarh Sahib,Punjab,2023-11-28,0,2023,11,28,59,17.36,62.52,1.01,0.0,0.0,0.0,5.0,0.0,2.2857142857142856,0.0
Fatehgarh Sahib,Punjab,2023-11-29,0,2023,11,29,60,19.82,55.58,0.96,0.24,0.0,0.0,3.0,0.0,1.5714285714285714,0.0
Fatehgarh Sahib,Punjab,2023-11-30,0,2023,11,30,61,17.96,76.97,1.29,12.85,0.0,0.0,0.0,0.0,1.1428571428571428,0.0
Fatehgarh Sahib,Punjab,2024-10-01,0,2024,10,1,1,27.71,77.02,1.82,0.0,0.0,0.0,8.0,0.0,1.1428571428571428,1.0
Fatehgarh Sahib,Punjab,2024-10-02,1,2024,10,2,2,28.07,67.22,1.39,0.0,0.0,0.0,0.0,0.0,0.0,0.0
Fatehgarh Sahib,Punjab,2024-10-03,0,2024,10,3,3,28.04,60.85,1.13,0.0,1.0,0.0,0.0,0.3333333333333333,0.14285714285714285,0.0
Fatehgarh Sahib,Punjab,2024-10-04,0,2024,10,4,4,27.2,63.62,1.12,0.0,0.0,0.0,0.0,0.3333333333333333,0.14285714285714285,0.0
Fatehgarh Sahib,Punjab,2024-10-05,0,2024,10,5,5,27.3,65.41,1.07,0.17,0.0,1.0,0.0,0.3333333333333333,0.14285714285714285,1.0
Fatehgarh Sahib,Punjab,2024-10-06,1,2024,10,6,6,27.04,65.81,1.31,3.07,0.0,0.0,0.0,0.0,0.14285714285714285,9.0
Fatehgarh Sahib,Punjab,2024-10-07,9,2024,10,7,7,26.71,66.4,1.34,0.0,1.0,0.0,0.0,0.3333333333333333,0.2857142857142857,1.0
Fatehgarh Sahib,Punjab,2024-10-08,1,2024,10,8,8,26.21,65.27,1.18,0.0,9.0,0.0,0.0,3.3333333333333335,1.5714285714285714,0.0
Fatehgarh Sahib,Punjab,2024-10-09,0,2024,10,9,9,25.53,69.51,1.94,0.0,1.0,1.0,1.0,3.6666666666666665,1.7142857142857142,3.0
Fatehgarh Sahib,Punjab,2024-10-10,3,2024,10,10,10,25.11,64.6,1.77,0.0,0.0,9.0,0.0,3.3333333333333335,1.5714285714285714,1.0
Fatehgarh Sahib,Punjab,2024-10-11,1,2024,10,11,11,25.4,59.54,1.82,0.0,3.0,1.0,0.0,1.3333333333333333,2.0,1.0
Fatehgarh Sahib,Punjab,2024-10-12,1,2024,10,12,12,26.31,51.19,1.09,0.0,1.0,0.0,0.0,1.3333333333333333,2.142857142857143,2.0
Fatehgarh Sahib,Punjab,2024-10-13,2,2024,10,13,13,26.26,46.22,0.93,0.0,1.0,3.0,1.0,1.6666666666666667,2.2857142857142856,2.0
Fatehgarh Sahib,Punjab,2024-10-14,2,2024,10,14,14,24.99,49.3,1.34,0.01,2.0,1.0,9.0,1.3333333333333333,2.4285714285714284,5.0
Fatehgarh Sahib,Punjab,2024-10-15,5,2024,10,15,15,25.49,52.2,1.58,0.1,2.0,1.0,1.0,1.6666666666666667,1.4285714285714286,2.0
Fatehgarh Sahib,Punjab,2024-10-16,2,2024,10,16,16,26.27,52.81,1.07,0.0,5.0,2.0,0.0,3.0,2.0,9.0
Fatehgarh Sahib,Punjab,2024-10-17,9,2024,10,17,17,25.96,54.26,1.22,0.0,2.0,2.0,3.0,3.0,2.2857142857142856,2.0
Fatehgarh Sahib,Punjab,2024-10-18,2,2024,10,18,18,26.74,48.61,1.05,0.0,9.0,5.0,1.0,5.333333333333333,3.142857142857143,12.0
Fatehgarh Sahib,Punjab,2024-10-19,12,2024,10,19,19,25.59,53.09,1.36,0.0,2.0,2.0,1.0,4.333333333333333,3.2857142857142856,14.0
Fatehgarh Sahib,Punjab,2024-10-20,14,2024,10,20,20,25.34,55.29,1.17,0.0,12.0,9.0,2.0,7.666666666666667,4.857142857142857,6.0
Fatehgarh Sahib,Punjab,2024-10-21,6,2024,10,21,21,24.86,60.81,1.02,0.0,14.0,2.0,2.0,9.333333333333334,6.571428571428571,11.0
Fatehgarh Sahib,Punjab,2024-10-22,11,2024,10,22,22,24.8,65.12,1.21,0.0,6.0,12.0,5.0,10.666666666666666,7.142857142857143,13.0
Fatehgarh Sahib,Punjab,2024-10-23,13,2024,10,23,23,25.81,56.49,2.21,0.0,11.0,14.0,2.0,10.333333333333334,8.0,10.0
Fatehgarh Sahib,Punjab,2024-10-24,10,2024,10,24,24,24.85,57.72,2.31,0.0,13.0,6.0,9.0,10.0,9.571428571428571,10.0
Fatehgarh Sahib,Punjab,2024-10-25,10,2024,10,25,25,25.14,54.54,1.92,0.0,10.0,11.0,2.0,11.333333333333334,9.714285714285714,7.0
Fatehgarh Sahib,Punjab,2024-10-26,7,2024,10,26,26,24.94,52.39,1.39,0.0,10.0,13.0,12.0,11.0,10.857142857142858,39.0
Fatehgarh Sahib,Punjab,2024-10-27,39,2024,10,27,27,24.86,57.84,1.38,0.0,7.0,10.0,14.0,9.0,10.142857142857142,5.0
Fatehgarh Sahib,Punjab,2024-10-28,5,2024,10,28,28,25.18,71.79,2.04,0.0,39.0,10.0,6.0,18.666666666666668,13.714285714285714,10.0
Fatehgarh Sahib,Punjab,2024-10-29,10,2024,10,29,29,26.68,66.25,1.33,0.0,5.0,7.0,11.0,17.0,13.571428571428571,22.0
Fatehgarh Sahib,Punjab,2024-10-30,22,2024,10,30,30,26.47,59.29,1.49,0.0,10.0,39.0,13.0,18.0,13.428571428571429,56.0
Fatehgarh Sahib,Punjab,2024-10-31,56,2024,10,31,31,25.24,51.88,2.38,0.0,22.0,5.0,10.0,12.333333333333334,14.714285714285714,54.0
Fatehgarh Sahib,Punjab,2024-11-01,54,2024,11,1,32,24.01,46.6,1.86,0.0,56.0,10.0,10.0,29.333333333333332,21.285714285714285,11.0
Fatehgarh Sahib,Punjab,2024-11-02,11,2024,11,2,33,25.04,37.15,0.93,0.0,54.0,22.0,7.0,44.0,27.571428571428573,10.0
Fatehgarh Sahib,Punjab,2024-11-03,10,2024,11,3,34,23.71,43.63,0.98,0.0,11.0,56.0,39.0,40.333333333333336,28.142857142857142,3.0
Fatehgarh Sahib,Punjab,2024-11-04,3,2024,11,4,35,24.36,42.45,0.95,0.0,10.0,54.0,5.0,25.0,24.0,4.0
Fatehgarh Sahib,Punjab,2024-11-05,4,2024,11,5,36,23.32,55.99,1.66,0.0,3.0,11.0,10.0,8.0,23.714285714285715,1.0
Fatehgarh Sahib,Punjab,2024-11-06,1,2024,11,6,37,23.85,55.98,1.1,0.0,4.0,10.0,22.0,5.666666666666667,22.857142857142858,15.0
Fatehgarh Sahib,Punjab,2024-11-07,15,2024,11,7,38,23.94,58.05,1.14,0.0,1.0,3.0,56.0,2.6666666666666665,19.857142857142858,13.0
Fatehgarh Sahib,Punjab,2024-11-08,13,2024,11,8,39,24.13,59.57,1.04,0.0,15.0,4.0,54.0,6.666666666666667,14.0,27.0
Fatehgarh Sahib,Punjab,2024-11-09,27,2024,11,9,40,23.23,68.54,1.67,0.0,13.0,1.0,11.0,9.666666666666666,8.142857142857142,7.0
Fatehgarh Sahib,Punjab,2024-11-10,7,2024,11,10,41,23.63,68.0,0.96,0.0,27.0,15.0,10.0,18.333333333333332,10.428571428571429,3.0
Fatehgarh Sahib,Punjab,2024-11-11,3,2024,11,11,42,23.79,67.03,1.15,0.0,7.0,13.0,3.0,15.666666666666666,10.0,2.0
Fatehgarh Sahib,Punjab,2024-11-12,2,2024,11,12,43,22.79,61.65,1.37,0.0,3.0,27.0,4.0,12.333333333333334,10.0,3.0
Fatehgarh Sahib,Punjab,2024-11-13,3,2024,11,13,44,22.52,52.93,1.3,0.0,2.0,7.0,1.0,4.0,9.714285714285714,6.0
Fatehgarh Sahib,Punjab,2024-11-14,6,2024,11,14,45,20.92,51.33,1.19,0.0,3.0,3.0,15.0,2.6666666666666665,10.0,1.0
Fatehgarh Sahib,Punjab,2024-11-15,1,2024,11,15,46,20.81,52.71,1.55,0.0,6.0,2.0,13.0,3.6666666666666665,8.714285714285714,1.0
Fatehgarh Sahib,Punjab,2024-11-16,1,2024,11,16,47,20.21,55.34,1.66,0.0,1.0,3.0,27.0,3.3333333333333335,7.0,0.0
Fatehgarh Sahib,Punjab,2024-11-17,0,2024,11,17,48,19.73,49.66,1.76,0.0,1.0,6.0,7.0,2.6666666666666665,3.2857142857142856,8.0
Fatehgarh Sahib,Punjab,2024-11-18,8,2024,11,18,49,18.95,49.12,1.44,0.0,0.0,1.0,3.0,0.6666666666666666,2.2857142857142856,7.0
Fatehgarh Sahib,Punjab,2024-11-19,7,2024,11,19,50,18.88,45.17,1.5,0.0,8.0,1.0,2.0,3.0,3.0,6.0
Fatehgarh Sahib,Punjab,2024-11-20,6,2024,11,20,51,18.62,43.04,1.5,0.0,7.0,0.0,3.0,5.0,3.7142857142857144,8.0
Fatehgarh Sahib,Punjab,2024-11-21,8,2024,11,21,52,18.73,41.78,1.35,0.0,6.0,8.0,6.0,7.0,4.142857142857143,5.0
Fatehgarh Sahib,Punjab,2024-11-22,5,2024,11,22,53,19.64,38.79,1.01,0.0,8.0,7.0,1.0,7.0,4.428571428571429,3.0
Fatehgarh Sahib,Punjab,2024-11-23,3,2024,11,23,54,18.25,46.83,1.04,0.0,5.0,6.0,1.0,6.333333333333333,5.0,4.0
Fatehgarh Sahib,Punjab,2024-11-24,4,2024,11,24,55,19.11,47.42,1.57,0.0,3.0,8.0,0.0,5.333333333333333,5.285714285714286,12.0
Fatehgarh Sahib,Punjab,2024-11-25,12,2024,11,25,56,17.56,53.99,2.01,0.0,4.0,5.0,8.0,4.0,5.857142857142857,3.0
Fatehgarh Sahib,Punjab,2024-11-26,3,2024,11,26,57,17.52,48.02,1.63,0.0,12.0,3.0,7.0,6.333333333333333,6.428571428571429,2.0
Fatehgarh Sahib,Punjab,2024-11-27,2,2024,11,27,58,17.47,46.37,1.2,0.0,3.0,4.0,6.0,6.333333333333333,5.857142857142857,2.0
Fatehgarh Sahib,Punjab,2024-11-28,2,2024,11,28,59,17.81,43.63,1.37,0.0,2.0,12.0,8.0,5.666666666666667,5.285714285714286,1.0
Fatehgarh Sahib,Punjab,2024-11-29,1,2024,11,29,60,18.0,42.99,1.2,0.0,2.0,3.0,5.0,2.3333333333333335,4.428571428571429,2.0
Fatehgarh Sahib,Punjab,2024-11-30,2,2024,11,30,61,17.11,43.25,1.79,0.0,1.0,2.0,3.0,1.6666666666666667,3.857142857142857,0.0
Fatehgarh Sahib,Punjab,2025-10-01,0,2025,10,1,1,27.68,77.63,1.01,0.13,2.0,2.0,4.0,1.6666666666666667,3.7142857142857144,0.0
Fatehgarh Sahib,Punjab,2025-10-02,0,2025,10,2,2,27.98,75.85,0.68,2.43,0.0,1.0,12.0,1.0,3.142857142857143,0.0
Fatehgarh Sahib,Punjab,2025-10-03,0,2025,10,3,3,26.62,82.49,1.15,1.29,0.0,2.0,3.0,0.6666666666666666,1.4285714285714286,0.0
Fatehgarh Sahib,Punjab,2025-10-04,0,2025,10,4,4,26.64,81.51,1.58,0.16,0.0,0.0,2.0,0.0,1.0,1.0
Fatehgarh Sahib,Punjab,2025-10-05,1,2025,10,5,5,26.87,71.01,0.7,2.86,0.0,0.0,2.0,0.0,0.7142857142857143,0.0
Fatehgarh Sahib,Punjab,2025-10-06,0,2025,10,6,6,23.26,83.69,1.82,9.65,1.0,0.0,1.0,0.3333333333333333,0.5714285714285714,0.0
Fatehgarh Sahib,Punjab,2025-10-07,0,2025,10,7,7,22.48,86.76,2.36,22.23,0.0,0.0,2.0,0.3333333333333333,0.42857142857142855,0.0
Fatehgarh Sahib,Punjab,2025-10-08,0,2025,10,8,8,22.29,85.51,0.92,10.88,0.0,1.0,0.0,0.3333333333333333,0.14285714285714285,0.0
Fatehgarh Sahib,Punjab,2025-10-09,0,2025,10,9,9,21.89,81.8,1.38,0.05,0.0,0.0,0.0,0.0,0.14285714285714285,0.0
Fatehgarh Sahib,Punjab,2025-10-10,0,2025,10,10,10,22.52,74.96,1.27,0.02,0.0,0.0,0.0,0.0,0.14285714285714285,0.0
Fatehgarh Sahib,Punjab,2025-10-11,0,2025,10,11,11,23.02,76.23,1.4,0.0,0.0,0.0,0.0,0.0,0.14285714285714285,0.0
Fatehgarh Sahib,Punjab,2025-10-12,0,2025,10,12,12,22.39,76.83,1.52,0.0,0.0,0.0,1.0,0.0,0.14285714285714285,0.0
Fatehgarh Sahib,Punjab,2025-10-13,0,2025,10,13,13,22.72,69.91,1.45,0.0,0.0,0.0,0.0,0.0,0.0,1.0
Fatehgarh Sahib,Punjab,2025-10-14,1,2025,10,14,14,23.11,64.22,1.26,0.0,0.0,0.0,0.0,0.0,0.0,0.0
Fatehgarh Sahib,Punjab,2025-10-15,0,2025,10,15,15,23.68,64.25,0.96,0.0,1.0,0.0,0.0,0.3333333333333333,0.14285714285714285,0.0
Fatehgarh Sahib,Punjab,2025-10-16,0,2025,10,16,16,23.64,73.5,1.2,0.0,0.0,0.0,0.0,0.3333333333333333,0.14285714285714285,0.0
Fatehgarh Sahib,Punjab,2025-10-17,0,2025,10,17,17,23.85,77.29,1.21,0.0,0.0,1.0,0.0,0.3333333333333333,0.14285714285714285,0.0
Fatehgarh Sahib,Punjab,2025-10-18,0,2025,10,18,18,24.22,74.95,1.01,0.0,0.0,0.0,0.0,0.0,0.14285714285714285,4.0
Fatehgarh Sahib,Punjab,2025-10-19,4,2025,10,19,19,24.79,65.85,0.93,0.0,0.0,0.0,0.0,0.0,0.14285714285714285,1.0
Fatehgarh Sahib,Punjab,2025-10-20,1,2025,10,20,20,24.59,62.01,0.8,0.0,4.0,0.0,0.0,1.3333333333333333,0.7142857142857143,6.0
Fatehgarh Sahib,Punjab,2025-10-21,6,2025,10,21,21,23.94,61.52,1.03,0.01,1.0,0.0,1.0,1.6666666666666667,0.8571428571428571,2.0
Fatehgarh Sahib,Punjab,2025-10-22,2,2025,10,22,22,23.74,60.7,1.27,0.02,6.0,4.0,0.0,3.6666666666666665,1.5714285714285714,0.0
Fatehgarh Sahib,Punjab,2025-10-23,0,2025,10,23,23,23.38,60.38,1.24,0.61,2.0,1.0,0.0,3.0,1.8571428571428572,0.0
Fatehgarh Sahib,Punjab,2025-10-24,0,2025,10,24,24,24.3,62.32,0.72,0.48,0.0,6.0,0.0,2.6666666666666665,1.8571428571428572,0.0
Fatehgarh Sahib,Punjab,2025-10-25,0,2025,10,25,25,23.22,68.45,1.08,0.0,0.0,2.0,0.0,0.6666666666666666,1.8571428571428572,14.0
Fatehgarh Sahib,Punjab,2025-10-26,14,2025,10,26,26,23.37,65.39,1.07,0.0,0.0,0.0,4.0,0.0,1.8571428571428572,3.0
Fatehgarh Sahib,Punjab,2025-10-27,3,2025,10,27,27,23.18,61.47,0.87,0.0,14.0,0.0,1.0,4.666666666666667,3.2857142857142856,4.0
Fatehgarh Sahib,Punjab,2025-10-28,4,2025,10,28,28,22.42,66.91,0.72,0.0,3.0,0.0,6.0,5.666666666666667,3.5714285714285716,3.0
Fatehgarh Sahib,Punjab,2025-10-29,3,2025,10,29,29,22.25,69.49,1.2,0.0,4.0,14.0,2.0,7.0,3.2857142857142856,0.0
Fatehgarh Sahib,Punjab,2025-10-30,0,2025,10,30,30,24.3,68.65,0.71,0.0,3.0,3.0,0.0,3.3333333333333335,3.4285714285714284,5.0
Fatehgarh Sahib,Punjab,2025-10-31,5,2025,10,31,31,23.0,74.41,1.38,0.0,0.0,4.0,0.0,2.3333333333333335,3.4285714285714284,8.0
Fatehgarh Sahib,Punjab,2025-11-01,8,2025,11,1,32,22.08,69.15,1.62,0.0,5.0,3.0,0.0,2.6666666666666665,4.142857142857143,5.0
Fatehgarh Sahib,Punjab,2025-11-02,5,2025,11,2,33,20.92,67.3,1.88,0.0,8.0,0.0,14.0,4.333333333333333,5.285714285714286,1.0
Fatehgarh Sahib,Punjab,2025-11-03,1,2025,11,3,34,20.8,62.39,1.7,0.0,5.0,5.0,3.0,6.0,4.0,3.0
Fatehgarh Sahib,Punjab,2025-11-04,3,2025,11,4,35,20.49,65.31,1.93,0.0,1.0,8.0,4.0,4.666666666666667,3.7142857142857144,6.0
Fatehgarh Sahib,Punjab,2025-11-05,6,2025,11,5,36,20.34,65.73,1.87,0.83,3.0,5.0,3.0,3.0,3.5714285714285716,6.0
Fatehgarh Sahib,Punjab,2025-11-06,6,2025,11,6,37,17.58,66.2,2.41,0.0,6.0,1.0,0.0,3.3333333333333335,4.0,8.0
Fatehgarh Sahib,Punjab,2025-11-07,8,2025,11,7,38,17.15,56.15,1.99,0.0,6.0,3.0,5.0,5.0,4.857142857142857,8.0
Fatehgarh Sahib,Punjab,2025-11-08,8,2025,11,8,39,17.19,54.45,1.63,0.0,8.0,6.0,8.0,6.666666666666667,5.285714285714286,5.0
Fatehgarh Sahib,Punjab,2025-11-09,5,2025,11,9,40,16.99,58.89,1.79,0.0,8.0,6.0,5.0,7.333333333333333,5.285714285714286,1.0
Fatehgarh Sahib,Punjab,2025-11-10,1,2025,11,10,41,17.64,55.87,1.54,0.0,5.0,8.0,1.0,7.0,5.285714285714286,3.0
Fatehgarh Sahib,Punjab,2025-11-11,3,2025,11,11,42,17.28,57.34,1.82,0.0,1.0,8.0,3.0,4.666666666666667,5.285714285714286,1.0
Fatehgarh Sahib,Punjab,2025-11-12,1,2025,11,12,43,16.53,58.91,2.01,0.0,3.0,5.0,6.0,3.0,5.285714285714286,0.0
Fatehgarh Sahib,Punjab,2025-11-13,0,2025,11,13,44,16.82,57.6,1.78,0.0,1.0,1.0,6.0,1.6666666666666667,4.571428571428571,2.0
Fatehgarh Sahib,Punjab,2025-11-14,2,2025,11,14,45,16.39,56.0,1.66,0.0,0.0,3.0,8.0,1.3333333333333333,3.7142857142857144,3.0
Fatehgarh Sahib,Punjab,2025-11-15,3,2025,11,15,46,16.46,53.78,1.74,0.0,2.0,1.0,8.0,1.0,2.857142857142857,4.0
Fatehgarh Sahib,Punjab,2025-11-16,4,2025,11,16,47,16.47,54.84,1.85,0.0,3.0,0.0,5.0,1.6666666666666667,2.142857142857143,1.0
Fatehgarh Sahib,Punjab,2025-11-17,1,2025,11,17,48,17.12,52.46,1.39,0.0,4.0,2.0,1.0,3.0,2.0,1.0
Fatehgarh Sahib,Punjab,2025-11-18,1,2025,11,18,49,17.0,56.68,1.38,0.0,1.0,3.0,3.0,2.6666666666666665,2.0,6.0
Fatehgarh Sahib,Punjab,2025-11-19,6,2025,11,19,50,18.74,53.16,0.98,0.0,1.0,4.0,1.0,2.0,1.7142857142857142,3.0
Fatehgarh Sahib,Punjab,2025-11-20,3,2025,11,20,51,18.89,50.24,0.75,0.0,6.0,1.0,0.0,2.6666666666666665,2.4285714285714284,0.0
Fatehgarh Sahib,Punjab,2025-11-21,0,2025,11,21,52,17.59,53.82,1.12,0.0,3.0,1.0,2.0,3.3333333333333335,2.857142857142857,0.0
Fatehgarh Sahib,Punjab,2025-11-22,0,2025,11,22,53,17.24,57.59,1.31,0.0,0.0,6.0,3.0,3.0,2.5714285714285716,0.0
Fatehgarh Sahib,Punjab,2025-11-23,0,2025,11,23,54,16.74,58.55,1.14,0.0,0.0,3.0,4.0,1.0,2.142857142857143,0.0
Fatehgarh Sahib,Punjab,2025-11-24,0,2025,11,24,55,15.52,57.33,1.59,0.0,0.0,0.0,1.0,0.0,1.5714285714285714,0.0
Fatehgarh Sahib,Punjab,2025-11-25,0,2025,11,25,56,15.23,56.3,1.53,0.0,0.0,0.0,1.0,0.0,1.4285714285714286,0.0
Fatehgarh Sahib,Punjab,2025-11-26,0,2025,11,26,57,15.6,55.1,1.5,0.0,0.0,0.0,6.0,0.0,1.2857142857142858,1.0
Fatehgarh Sahib,Punjab,2025-11-27,1,2025,11,27,58,16.31,54.93,1.01,0.0,0.0,0.0,3.0,0.0,0.42857142857142855,0.0
Fatehgarh Sahib,Punjab,2025-11-28,0,2025,11,28,59,16.38,54.2,1.35,0.0,1.0,0.0,0.0,0.3333333333333333,0.14285714285714285,0.0
Fatehgarh Sahib,Punjab,2025-11-29,0,2025,11,29,60,14.78,52.72,1.86,0.0,0.0,0.0,0.0,0.3333333333333333,0.14285714285714285,0.0
Fazilka,Punjab,2023-10-08,2,2023,10,8,8,28.8,56.11,1.45,0.0,0.0,1.0,0.0,0.3333333333333333,0.2857142857142857,0.0
Fazilka,Punjab,2023-10-09,0,2023,10,9,9,28.25,55.67,1.3,0.0,2.0,0.0,0.0,0.6666666666666666,0.5714285714285714,0.0
Fazilka,Punjab,2023-10-10,0,2023,10,10,10,25.9,65.18,1.62,8.31,0.0,0.0,1.0,0.6666666666666666,0.5714285714285714,2.0
Fazilka,Punjab,2023-10-11,2,2023,10,11,11,26.24,54.21,0.94,0.0,0.0,2.0,0.0,0.6666666666666666,0.42857142857142855,1.0
Fazilka,Punjab,2023-10-12,1,2023,10,12,12,25.38,49.49,1.27,0.0,2.0,0.0,1.0,0.6666666666666666,0.7142857142857143,2.0
Fazilka,Punjab,2023-10-13,2,2023,10,13,13,26.29,52.14,1.37,0.0,1.0,0.0,0.0,1.0,0.7142857142857143,5.0
Fazilka,Punjab,2023-10-14,5,2023,10,14,14,26.03,55.54,1.8,5.18,2.0,2.0,0.0,1.6666666666666667,1.0,0.0
Fazilka,Punjab,2023-10-15,0,2023,10,15,15,24.2,66.49,1.3,6.3,5.0,1.0,2.0,2.6666666666666665,1.7142857142857142,0.0
Fazilka,Punjab,2023-10-16,0,2023,10,16,16,23.39,72.13,2.0,30.66,0.0,2.0,0.0,2.3333333333333335,1.4285714285714286,0.0
Fazilka,Punjab,2023-10-17,0,2023,10,17,17,21.59,80.88,1.71,8.04,0.0,5.0,0.0,1.6666666666666667,1.4285714285714286,0.0
Fazilka,Punjab,2023-10-18,0,2023,10,18,18,21.3,71.93,1.44,0.0,0.0,0.0,2.0,0.0,1.4285714285714286,0.0
Fazilka,Punjab,2023-10-19,0,2023,10,19,19,22.58,61.29,0.9,0.0,0.0,0.0,1.0,0.0,1.1428571428571428,2.0
Fazilka,Punjab,2023-10-20,2,2023,10,20,20,22.84,60.42,0.84,0.0,0.0,0.0,2.0,0.0,1.0,6.0
Fazilka,Punjab,2023-10-21,6,2023,10,21,21,23.23,60.54,1.03,0.0,2.0,0.0,5.0,0.6666666666666666,1.0,0.0
Fazilka,Punjab,2023-10-22,0,2023,10,22,22,22.41,65.27,1.14,2.02,6.0,0.0,0.0,2.6666666666666665,1.1428571428571428,4.0
Fazilka,Punjab,2023-10-23,4,2023,10,23,23,22.71,64.99,1.09,0.0,0.0,2.0,0.0,2.6666666666666665,1.1428571428571428,1.0
Fazilka,Punjab,2023-10-24,1,2023,10,24,24,23.32,64.02,1.11,0.0,4.0,6.0,0.0,3.3333333333333335,1.7142857142857142,6.0
Fazilka,Punjab,2023-10-25,6,2023,10,25,25,23.78,56.87,1.14,0.0,1.0,0.0,0.0,1.6666666666666667,1.8571428571428572,6.0
Fazilka,Punjab,2023-10-26,6,2023,10,26,26,24.45,47.88,0.92,0.0,6.0,4.0,0.0,3.6666666666666665,2.7142857142857144,18.0
Fazilka,Punjab,2023-10-27,18,2023,10,27,27,23.72,49.7,1.14,0.0,6.0,1.0,2.0,4.333333333333333,3.5714285714285716,1.0
Fazilka,Punjab,2023-10-28,1,2023,10,28,28,23.46,55.38,1.36,0.0,18.0,6.0,6.0,10.0,5.857142857142857,23.0
Fazilka,Punjab,2023-10-29,23,2023,10,29,29,23.9,59.19,1.39,0.0,1.0,6.0,0.0,8.333333333333334,5.142857142857143,20.0
Fazilka,Punjab,2023-10-30,20,2023,10,30,30,23.0,63.19,1.4,0.0,23.0,18.0,4.0,14.0,8.428571428571429,20.0
Fazilka,Punjab,2023-10-31,20,2023,10,31,31,22.87,62.52,1.15,0.0,20.0,1.0,1.0,14.666666666666666,10.714285714285714,31.0
Fazilka,Punjab,2023-11-01,31,2023,11,1,32,23.15,60.78,1.06,0.0,20.0,23.0,6.0,21.0,13.428571428571429,12.0
Fazilka,Punjab,2023-11-02,12,2023,11,2,33,23.08,65.06,1.01,0.0,31.0,20.0,6.0,23.666666666666668,17.0,24.0
Fazilka,Punjab,2023-11-03,24,2023,11,3,34,22.59,69.34,0.92,0.0,12.0,20.0,18.0,21.0,17.857142857142858,35.0
Fazilka,Punjab,2023-11-04,35,2023,11,4,35,22.41,64.21,1.13,0.0,24.0,31.0,1.0,22.333333333333332,18.714285714285715,90.0
Fazilka,Punjab,2023-11-05,90,2023,11,5,36,22.39,53.93,1.03,0.0,35.0,12.0,23.0,23.666666666666668,23.571428571428573,46.0
Fazilka,Punjab,2023-11-06,46,2023,11,6,37,20.81,59.9,1.62,0.0,90.0,24.0,20.0,49.666666666666664,33.142857142857146,93.0
Fazilka,Punjab,2023-11-07,93,2023,11,7,38,21.13,65.99,1.06,0.0,46.0,35.0,20.0,57.0,36.857142857142854,86.0
Fazilka,Punjab,2023-11-08,86,2023,11,8,39,22.36,64.77,0.89,0.0,93.0,90.0,31.0,76.33333333333333,47.285714285714285,53.0
Fazilka,Punjab,2023-11-09,53,2023,11,9,40,23.62,56.76,0.83,0.0,86.0,46.0,12.0,75.0,55.142857142857146,1.0
Fazilka,Punjab,2023-11-10,1,2023,11,10,41,19.49,74.03,1.88,5.57,53.0,93.0,24.0,77.33333333333333,61.0,20.0
Fazilka,Punjab,2023-11-11,20,2023,11,11,42,18.92,72.37,1.09,0.0,1.0,86.0,35.0,46.666666666666664,57.714285714285715,143.0
Fazilka,Punjab,2023-11-12,143,2023,11,12,43,20.25,59.66,1.01,0.0,20.0,53.0,90.0,24.666666666666668,55.57142857142857,213.0
Fazilka,Punjab,2023-11-13,213,2023,11,13,44,19.28,56.77,1.17,0.0,143.0,1.0,46.0,54.666666666666664,63.142857142857146,230.0
Fazilka,Punjab,2023-11-14,230,2023,11,14,45,19.13,54.52,1.17,0.0,213.0,20.0,93.0,125.33333333333333,87.0,177.0
Fazilka,Punjab,2023-11-15,177,2023,11,15,46,19.68,48.11,1.03,0.0,230.0,143.0,86.0,195.33333333333334,106.57142857142857,159.0
Fazilka,Punjab,2023-11-16,159,2023,11,16,47,19.54,46.85,0.57,0.0,177.0,213.0,53.0,206.66666666666666,119.57142857142857,147.0
Fazilka,Punjab,2023-11-17,147,2023,11,17,48,19.22,54.25,1.12,0.0,159.0,230.0,1.0,188.66666666666666,134.71428571428572,214.0
Fazilka,Punjab,2023-11-18,214,2023,11,18,49,19.44,50.39,0.89,0.0,147.0,177.0,20.0,161.0,155.57142857142858,256.0
Fazilka,Punjab,2023-11-19,256,2023,11,19,50,19.21,54.72,1.09,0.0,214.0,159.0,143.0,173.33333333333334,183.28571428571428,160.0
Fazilka,Punjab,2023-11-20,160,2023,11,20,51,18.56,58.51,0.99,0.0,256.0,147.0,213.0,205.66666666666666,199.42857142857142,214.0
Fazilka,Punjab,2023-11-21,214,2023,11,21,52,18.2,55.93,1.29,0.0,160.0,214.0,230.0,210.0,191.85714285714286,177.0
Fazilka,Punjab,2023-11-22,177,2023,11,22,53,17.95,53.48,1.3,0.0,214.0,256.0,177.0,210.0,189.57142857142858,60.0
Fazilka,Punjab,2023-11-23,60,2023,11,23,54,17.47,54.7,1.51,0.0,177.0,160.0,159.0,183.66666666666666,189.57142857142858,89.0
Fazilka,Punjab,2023-11-24,89,2023,11,24,55,17.05,58.12,1.22,0.0,60.0,214.0,147.0,150.33333333333334,175.42857142857142,24.0
Fazilka,Punjab,2023-11-25,24,2023,11,25,56,16.92,59.39,0.52,0.0,89.0,177.0,214.0,108.66666666666667,167.14285714285714,40.0
Fazilka,Punjab,2023-11-26,40,2023,11,26,57,15.19,70.79,1.35,0.0,24.0,60.0,256.0,57.666666666666664,140.0,0.0
Fazilka,Punjab,2023-11-27,0,2023,11,27,58,14.94,76.05,1.44,0.02,40.0,89.0,160.0,51.0,109.14285714285714,21.0
Fazilka,Punjab,2023-11-28,21,2023,11,28,59,16.6,67.72,1.28,0.0,0.0,24.0,214.0,21.333333333333332,86.28571428571429,4.0
Fazilka,Punjab,2023-11-29,4,2023,11,29,60,19.28,57.25,0.78,0.13,21.0,40.0,177.0,20.333333333333332,58.714285714285715,12.0
Fazilka,Punjab,2023-11-30,12,2023,11,30,61,18.1,68.49,1.07,1.84,4.0,0.0,60.0,8.333333333333334,34.0,2.0
Fazilka,Punjab,2024-10-01,2,2024,10,1,1,31.95,49.31,1.21,0.0,12.0,21.0,89.0,12.333333333333334,27.142857142857142,0.0
Fazilka,Punjab,2024-10-02,0,2024,10,2,2,30.95,48.64,1.14,0.0,2.0,4.0,24.0,6.0,14.714285714285714,0.0
Fazilka,Punjab,2024-10-03,0,2024,10,3,3,30.6,46.33,0.7,0.0,0.0,12.0,40.0,4.666666666666667,11.285714285714286,0.0
Fazilka,Punjab,2024-10-04,0,2024,10,4,4,30.0,46.77,1.23,0.0,0.0,2.0,0.0,0.6666666666666666,5.571428571428571,1.0
Fazilka,Punjab,2024-10-05,1,2024,10,5,5,30.6,50.1,1.51,1.55,0.0,0.0,21.0,0.0,5.571428571428571,2.0
Fazilka,Punjab,2024-10-06,2,2024,10,6,6,29.43,53.02,1.09,1.61,1.0,0.0,4.0,0.3333333333333333,2.7142857142857144,0.0
Fazilka,Punjab,2024-10-07,0,2024,10,7,7,28.52,55.24,1.04,0.0,2.0,0.0,12.0,1.0,2.4285714285714284,0.0
Fazilka,Punjab,2024-10-08,0,2024,10,8,8,28.31,57.84,1.21,0.0,0.0,1.0,2.0,1.0,0.7142857142857143,1.0
Fazilka,Punjab,2024-10-09,1,2024,10,9,9,27.95,56.04,1.34,0.01,0.0,2.0,0.0,0.6666666666666666,0.42857142857142855,1.0
Fazilka,Punjab,2024-10-10,1,2024,10,10,10,27.71,50.59,1.06,0.01,1.0,0.0,0.0,0.3333333333333333,0.5714285714285714,1.0
Fazilka,Punjab,2024-10-11,1,2024,10,11,11,28.68,41.91,1.21,0.0,1.0,0.0,0.0,0.6666666666666666,0.7142857142857143,3.0
Fazilka,Punjab,2024-10-12,3,2024,10,12,12,28.38,40.59,1.07,0.0,1.0,1.0,1.0,1.0,0.8571428571428571,1.0
Fazilka,Punjab,2024-10-13,1,2024,10,13,13,27.21,39.03,1.21,0.0,3.0,1.0,2.0,1.6666666666666667,1.1428571428571428,1.0
Fazilka,Punjab,2024-10-14,1,2024,10,14,14,26.64,43.27,1.43,0.0,1.0,1.0,0.0,1.6666666666666667,1.0,3.0
Fazilka,Punjab,2024-10-15,3,2024,10,15,15,28.26,36.92,1.32,0.0,1.0,3.0,0.0,1.6666666666666667,1.1428571428571428,0.0
Fazilka,Punjab,2024-10-16,0,2024,10,16,16,28.55,34.87,1.1,0.0,3.0,1.0,1.0,1.6666666666666667,1.5714285714285714,4.0
Fazilka,Punjab,2024-10-17,4,2024,10,17,17,29.32,31.83,0.8,0.0,0.0,1.0,1.0,1.3333333333333333,1.4285714285714286,5.0
Fazilka,Punjab,2024-10-18,5,2024,10,18,18,28.05,36.52,1.2,0.0,4.0,3.0,1.0,2.3333333333333335,1.8571428571428572,6.0
Fazilka,Punjab,2024-10-19,6,2024,10,19,19,27.79,38.97,1.18,0.0,5.0,0.0,3.0,3.0,2.4285714285714284,4.0
Fazilka,Punjab,2024-10-20,4,2024,10,20,20,27.26,42.44,1.03,0.0,6.0,4.0,1.0,5.0,2.857142857142857,6.0
Fazilka,Punjab,2024-10-21,6,2024,10,21,21,27.03,44.94,1.05,0.0,4.0,5.0,1.0,5.0,3.2857142857142856,0.0
Fazilka,Punjab,2024-10-22,0,2024,10,22,22,27.05,47.58,1.01,0.0,6.0,6.0,3.0,5.333333333333333,4.0,2.0
Fazilka,Punjab,2024-10-23,2,2024,10,23,23,27.05,44.44,1.42,0.0,0.0,4.0,0.0,3.3333333333333335,3.5714285714285716,2.0
Fazilka,Punjab,2024-10-24,2,2024,10,24,24,26.3,51.07,1.77,0.0,2.0,6.0,4.0,2.6666666666666665,3.857142857142857,6.0
Fazilka,Punjab,2024-10-25,6,2024,10,25,25,27.26,44.73,1.72,0.0,2.0,0.0,5.0,1.3333333333333333,3.5714285714285716,0.0
Fazilka,Punjab,2024-10-26,0,2024,10,26,26,27.63,37.05,1.52,0.0,6.0,2.0,6.0,3.3333333333333335,3.7142857142857144,4.0
Fazilka,Punjab,2024-10-27,4,2024,10,27,27,27.71,36.3,1.15,0.0,0.0,2.0,4.0,2.6666666666666665,2.857142857142857,4.0
Fazilka,Punjab,2024-10-28,4,2024,10,28,28,27.84,44.66,1.67,0.0,4.0,6.0,6.0,3.3333333333333335,2.857142857142857,7.0
Fazilka,Punjab,2024-10-29,7,2024,10,29,29,28.36,51.22,1.34,0.0,4.0,0.0,0.0,2.6666666666666665,2.5714285714285716,1.0
Fazilka,Punjab,2024-10-30,1,2024,10,30,30,28.56,43.38,1.36,0.0,7.0,4.0,2.0,5.0,3.5714285714285716,2.0
Fazilka,Punjab,2024-10-31,2,2024,10,31,31,26.83,40.33,2.01,0.0,1.0,4.0,2.0,4.0,3.4285714285714284,9.0
Fazilka,Punjab,2024-11-01,9,2024,11,1,32,26.17,32.41,1.62,0.0,2.0,7.0,6.0,3.3333333333333335,3.4285714285714284,9.0
Fazilka,Punjab,2024-11-02,9,2024,11,2,33,26.15,27.46,1.2,0.0,9.0,1.0,0.0,4.0,3.857142857142857,4.0
Fazilka,Punjab,2024-11-03,4,2024,11,3,34,24.68,34.16,1.09,0.0,9.0,2.0,4.0,6.666666666666667,5.142857142857143,4.0
Fazilka,Punjab,2024-11-04,4,2024,11,4,35,25.55,32.7,1.17,0.0,4.0,9.0,4.0,7.333333333333333,5.142857142857143,0.0
Fazilka,Punjab,2024-11-05,0,2024,11,5,36,25.26,37.76,1.25,0.0,4.0,9.0,7.0,5.666666666666667,5.142857142857143,6.0
Fazilka,Punjab,2024-11-06,6,2024,11,6,37,25.36,42.98,1.14,0.0,0.0,4.0,1.0,2.6666666666666665,4.142857142857143,5.0
Fazilka,Punjab,2024-11-07,5,2024,11,7,38,25.29,43.98,1.17,0.0,6.0,4.0,2.0,3.3333333333333335,4.857142857142857,8.0
Fazilka,Punjab,2024-11-08,8,2024,11,8,39,25.52,45.49,1.14,0.0,5.0,0.0,9.0,3.6666666666666665,5.285714285714286,5.0
Fazilka,Punjab,2024-11-09,5,2024,11,9,40,25.06,51.43,1.37,0.0,8.0,6.0,9.0,6.333333333333333,5.142857142857143,3.0
Fazilka,Punjab,2024-11-10,3,2024,11,10,41,25.12,52.56,0.91,0.0,5.0,5.0,4.0,6.0,4.571428571428571,13.0
Fazilka,Punjab,2024-11-11,13,2024,11,11,42,24.87,45.44,1.56,0.0,3.0,8.0,4.0,5.333333333333333,4.428571428571429,16.0
Fazilka,Punjab,2024-11-12,16,2024,11,12,43,23.37,49.2,1.51,0.0,13.0,5.0,0.0,7.0,5.714285714285714,13.0
Fazilka,Punjab,2024-11-13,13,2024,11,13,44,23.18,41.86,1.18,0.0,16.0,3.0,6.0,10.666666666666666,8.0,0.0
Fazilka,Punjab,2024-11-14,0,2024,11,14,45,22.16,39.11,1.06,0.0,13.0,13.0,5.0,14.0,9.0,10.0
Fazilka,Punjab,2024-11-15,10,2024,11,15,46,21.9,42.46,1.22,0.0,0.0,16.0,8.0,9.666666666666666,8.285714285714286,2.0
Fazilka,Punjab,2024-11-16,2,2024,11,16,47,21.19,48.8,1.06,0.0,10.0,13.0,5.0,7.666666666666667,8.571428571428571,106.0
Fazilka,Punjab,2024-11-17,106,2024,11,17,48,20.02,45.82,1.63,0.0,2.0,0.0,3.0,4.0,8.142857142857142,120.0
Fazilka,Punjab,2024-11-18,120,2024,11,18,49,19.95,38.76,1.75,0.0,106.0,10.0,13.0,39.333333333333336,22.857142857142858,58.0
Fazilka,Punjab,2024-11-19,58,2024,11,19,50,20.33,31.09,1.45,0.0,120.0,2.0,16.0,76.0,38.142857142857146,16.0
Fazilka,Punjab,2024-11-20,16,2024,11,20,51,20.6,27.86,1.1,0.0,58.0,106.0,13.0,94.66666666666667,44.142857142857146,42.0
Fazilka,Punjab,2024-11-21,42,2024,11,21,52,21.04,25.8,1.0,0.0,16.0,120.0,0.0,64.66666666666667,44.57142857142857,69.0
Fazilka,Punjab,2024-11-22,69,2024,11,22,53,21.91,26.33,1.42,0.0,42.0,58.0,10.0,38.666666666666664,50.57142857142857,32.0
Fazilka,Punjab,2024-11-23,32,2024,11,23,54,22.56,29.31,0.99,0.0,69.0,16.0,2.0,42.333333333333336,59.0,28.0
Fazilka,Punjab,2024-11-24,28,2024,11,24,55,21.38,34.0,1.33,0.0,32.0,42.0,106.0,47.666666666666664,63.285714285714285,27.0
Fazilka,Punjab,2024-11-25,27,2024,11,25,56,18.84,46.06,1.57,0.0,28.0,69.0,120.0,43.0,52.142857142857146,12.0
Fazilka,Punjab,2024-11-26,12,2024,11,26,57,19.36,37.32,1.21,0.0,27.0,32.0,58.0,29.0,38.857142857142854,20.0
Fazilka,Punjab,2024-11-27,20,2024,11,27,58,20.02,32.62,0.95,0.0,12.0,28.0,16.0,22.333333333333332,32.285714285714285,33.0
Fazilka,Punjab,2024-11-28,33,2024,11,28,59,19.95,31.97,1.04,0.0,20.0,27.0,42.0,19.666666666666668,32.857142857142854,17.0
Fazilka,Punjab,2024-11-29,17,2024,11,29,60,19.5,33.92,1.07,0.0,33.0,12.0,69.0,21.666666666666668,31.571428571428573,14.0
Fazilka,Punjab,2024-11-30,14,2024,11,30,61,18.58,38.12,1.48,0.0,17.0,20.0,32.0,23.333333333333332,24.142857142857142,0.0
Fazilka,Punjab,2025-10-01,0,2025,10,1,1,29.21,65.14,1.01,0.0,14.0,33.0,28.0,21.333333333333332,21.571428571428573,0.0
Fazilka,Punjab,2025-10-02,0,2025,10,2,2,28.93,63.51,1.13,0.01,0.0,17.0,27.0,10.333333333333334,17.571428571428573,0.0
Fazilka,Punjab,2025-10-03,0,2025,10,3,3,28.34,69.36,1.17,0.06,0.0,14.0,12.0,4.666666666666667,13.714285714285714,1.0
Fazilka,Punjab,2025-10-04,1,2025,10,4,4,29.15,62.02,0.89,0.01,0.0,0.0,20.0,0.0,12.0,0.0
Fazilka,Punjab,2025-10-05,0,2025,10,5,5,27.56,64.59,1.42,6.04,1.0,0.0,33.0,0.3333333333333333,9.285714285714286,0.0
Fazilka,Punjab,2025-10-06,0,2025,10,6,6,24.61,79.41,1.57,12.07,0.0,0.0,17.0,0.3333333333333333,4.571428571428571,0.0
Fazilka,Punjab,2025-10-07,0,2025,10,7,7,22.42,75.01,2.09,7.59,0.0,1.0,14.0,0.3333333333333333,2.142857142857143,0.0
Fazilka,Punjab,2025-10-08,0,2025,10,8,8,22.0,69.61,1.73,0.06,0.0,0.0,0.0,0.0,0.14285714285714285,0.0
Fazilka,Punjab,2025-10-09,0,2025,10,9,9,23.64,59.2,1.13,0.03,0.0,0.0,0.0,0.0,0.14285714285714285,9.0
Fazilka,Punjab,2025-10-10,9,2025,10,10,10,24.44,56.0,1.05,0.0,0.0,0.0,0.0,0.0,0.14285714285714285,1.0
Fazilka,Punjab,2025-10-11,1,2025,10,11,11,24.61,57.02,1.13,0.0,9.0,0.0,1.0,3.0,1.4285714285714286,0.0
Fazilka,Punjab,2025-10-12,0,2025,10,12,12,25.32,51.56,0.94,0.0,1.0,0.0,0.0,3.3333333333333335,1.4285714285714286,0.0
Fazilka,Punjab,2025-10-13,0,2025,10,13,13,25.69,45.53,0.88,0.0,0.0,9.0,0.0,3.3333333333333335,1.4285714285714286,2.0
Fazilka,Punjab,2025-10-14,2,2025,10,14,14,24.2,49.04,1.12,0.0,0.0,1.0,0.0,0.3333333333333333,1.4285714285714286,0.0
Fazilka,Punjab,2025-10-15,0,2025,10,15,15,24.2,51.51,1.07,0.0,2.0,0.0,0.0,0.6666666666666666,1.7142857142857142,2.0
Fazilka,Punjab,2025-10-16,2,2025,10,16,16,25.43,51.37,0.87,0.0,0.0,0.0,0.0,0.6666666666666666,1.7142857142857142,3.0
Fazilka,Punjab,2025-10-17,3,2025,10,17,17,25.77,55.57,0.91,0.0,2.0,2.0,9.0,1.3333333333333333,2.0,0.0
Fazilka,Punjab,2025-10-18,0,2025,10,18,18,25.4,55.39,0.77,0.0,3.0,0.0,1.0,1.6666666666666667,1.1428571428571428,4.0
Fazilka,Punjab,2025-10-19,4,2025,10,19,19,25.56,52.9,0.98,0.0,0.0,2.0,0.0,1.6666666666666667,1.0,7.0
Fazilka,Punjab,2025-10-20,7,2025,10,20,20,25.29,51.62,1.09,0.0,4.0,3.0,0.0,2.3333333333333335,1.5714285714285714,4.0
Fazilka,Punjab,2025-10-21,4,2025,10,21,21,24.78,49.78,0.99,0.0,7.0,0.0,2.0,3.6666666666666665,2.5714285714285716,2.0
Fazilka,Punjab,2025-10-22,2,2025,10,22,22,24.8,47.2,1.18,0.0,4.0,4.0,0.0,5.0,2.857142857142857,0.0
Fazilka,Punjab,2025-10-23,0,2025,10,23,23,25.53,44.76,0.94,0.0,2.0,7.0,2.0,4.333333333333333,3.142857142857143,4.0
Fazilka,Punjab,2025-10-24,4,2025,10,24,24,24.9,50.79,0.95,0.0,0.0,4.0,3.0,2.0,2.857142857142857,0.0
Fazilka,Punjab,2025-10-25,0,2025,10,25,25,24.35,50.79,1.01,0.0,4.0,2.0,0.0,2.0,3.0,7.0
Fazilka,Punjab,2025-10-26,7,2025,10,26,26,23.64,54.1,1.13,0.0,0.0,0.0,4.0,1.3333333333333333,3.0,1.0
Fazilka,Punjab,2025-10-27,1,2025,10,27,27,23.97,54.03,1.01,0.0,7.0,4.0,7.0,3.6666666666666665,3.4285714285714284,2.0
Fazilka,Punjab,2025-10-28,2,2025,10,28,28,24.0,51.43,0.86,0.0,1.0,0.0,4.0,2.6666666666666665,2.5714285714285716,4.0
Fazilka,Punjab,2025-10-29,4,2025,10,29,29,23.15,54.39,1.14,0.0,2.0,7.0,2.0,3.3333333333333335,2.2857142857142856,5.0
Fazilka,Punjab,2025-10-30,5,2025,10,30,30,23.57,60.84,1.06,0.0,4.0,1.0,0.0,2.3333333333333335,2.5714285714285716,10.0
Fazilka,Punjab,2025-10-31,10,2025,10,31,31,24.48,52.85,1.2,0.0,5.0,2.0,4.0,3.6666666666666665,3.2857142857142856,12.0
Fazilka,Punjab,2025-11-01,12,2025,11,1,32,24.68,46.4,0.92,0.0,10.0,4.0,0.0,6.333333333333333,4.142857142857143,13.0
Fazilka,Punjab,2025-11-02,13,2025,11,2,33,23.91,43.24,1.41,0.0,12.0,5.0,7.0,9.0,5.857142857142857,13.0
Fazilka,Punjab,2025-11-03,13,2025,11,3,34,23.5,38.74,1.41,0.0,13.0,10.0,1.0,11.666666666666666,6.714285714285714,16.0
Fazilka,Punjab,2025-11-04,16,2025,11,4,35,22.39,42.17,1.93,0.0,13.0,12.0,2.0,12.666666666666666,8.428571428571429,18.0
Fazilka,Punjab,2025-11-05,18,2025,11,5,36,19.71,51.84,1.6,0.08,16.0,13.0,4.0,14.0,10.428571428571429,25.0
Fazilka,Punjab,2025-11-06,25,2025,11,6,37,18.13,40.5,1.74,0.0,18.0,13.0,5.0,15.666666666666666,12.428571428571429,20.0
Fazilka,Punjab,2025-11-07,20,2025,11,7,38,19.0,31.23,1.55,0.0,25.0,16.0,10.0,19.666666666666668,15.285714285714286,24.0
Fazilka,Punjab,2025-11-08,24,2025,11,8,39,20.05,30.42,1.16,0.0,20.0,18.0,12.0,21.0,16.714285714285715,46.0
Fazilka,Punjab,2025-11-09,46,2025,11,9,40,19.4,35.81,1.02,0.0,24.0,25.0,13.0,23.0,18.428571428571427,17.0
Fazilka,Punjab,2025-11-10,17,2025,11,10,41,18.79,36.35,1.1,0.0,46.0,20.0,13.0,30.0,23.142857142857142,23.0
Fazilka,Punjab,2025-11-11,23,2025,11,11,42,18.48,38.7,1.03,0.0,17.0,24.0,16.0,29.0,23.714285714285715,14.0
Fazilka,Punjab,2025-11-12,14,2025,11,12,43,19.04,35.85,1.18,0.0,23.0,46.0,18.0,28.666666666666668,24.714285714285715,19.0
Fazilka,Punjab,2025-11-13,19,2025,11,13,44,18.98,34.42,1.01,0.0,14.0,17.0,25.0,18.0,24.142857142857142,29.0
Fazilka,Punjab,2025-11-14,29,2025,11,14,45,18.98,33.25,1.03,0.0,19.0,23.0,20.0,18.666666666666668,23.285714285714285,18.0
Fazilka,Punjab,2025-11-15,18,2025,11,15,46,19.38,29.9,1.26,0.0,29.0,14.0,24.0,20.666666666666668,24.571428571428573,29.0
Fazilka,Punjab,2025-11-16,29,2025,11,16,47,19.35,29.28,1.44,0.0,18.0,19.0,46.0,22.0,23.714285714285715,7.0
Fazilka,Punjab,2025-11-17,7,2025,11,17,48,19.32,29.41,1.33,0.0,29.0,29.0,17.0,25.333333333333332,21.285714285714285,3.0
Fazilka,Punjab,2025-11-18,3,2025,11,18,49,18.25,33.37,1.36,0.0,7.0,18.0,23.0,18.0,19.857142857142858,10.0
Fazilka,Punjab,2025-11-19,10,2025,11,19,50,18.47,38.25,1.04,0.0,3.0,29.0,14.0,13.0,17.0,1.0
Fazilka,Punjab,2025-11-20,1,2025,11,20,51,18.44,39.85,1.03,0.0,10.0,7.0,19.0,6.666666666666667,16.428571428571427,10.0
Fazilka,Punjab,2025-11-21,10,2025,11,21,52,17.27,48.29,1.16,0.0,1.0,3.0,29.0,4.666666666666667,13.857142857142858,4.0
Fazilka,Punjab,2025-11-22,4,2025,11,22,53,17.5,50.31,1.34,0.0,10.0,10.0,18.0,7.0,11.142857142857142,3.0
Fazilka,Punjab,2025-11-23,3,2025,11,23,54,17.06,43.61,1.13,0.0,4.0,1.0,29.0,5.0,9.142857142857142,0.0
Fazilka,Punjab,2025-11-24,0,2025,11,24,55,17.37,37.76,1.13,0.0,3.0,10.0,7.0,5.666666666666667,5.428571428571429,5.0
Fazilka,Punjab,2025-11-25,5,2025,11,25,56,16.6,37.13,1.32,0.0,0.0,4.0,3.0,2.3333333333333335,4.428571428571429,1.0
Fazilka,Punjab,2025-11-26,1,2025,11,26,57,16.25,34.56,0.98,0.0,5.0,3.0,10.0,2.6666666666666665,4.714285714285714,4.0
Fazilka,Punjab,2025-11-27,4,2025,11,27,58,14.89,40.46,1.39,0.0,1.0,0.0,1.0,2.0,3.4285714285714284,2.0
Fazilka,Punjab,2025-11-28,2,2025,11,28,59,15.25,42.57,1.32,0.0,4.0,5.0,10.0,3.3333333333333335,3.857142857142857,0.0
Fazilka,Punjab,2025-11-29,0,2025,11,29,60,15.41,36.38,1.3,0.0,2.0,1.0,4.0,2.3333333333333335,2.7142857142857144,5.0
Ferozepur,Punjab,2023-10-08,7,2023,10,8,8,27.56,60.81,1.36,0.0,8.0,8.0,1.0,7.0,5.571428571428571,3.0
Ferozepur,Punjab,2023-10-09,3,2023,10,9,9,27.38,63.79,1.36,2.2,7.0,5.0,8.0,6.666666666666667,6.428571428571429,3.0
Ferozepur,Punjab,2023-10-10,3,2023,10,10,10,25.19,72.73,1.62,11.37,3.0,8.0,4.0,6.0,5.714285714285714,13.0
Ferozepur,Punjab,2023-10-11,13,2023,10,11,11,25.73,56.89,1.06,0.0,3.0,7.0,5.0,4.333333333333333,5.571428571428571,10.0
Ferozepur,Punjab,2023-10-12,10,2023,10,12,12,24.65,54.17,1.15,0.0,13.0,3.0,8.0,6.333333333333333,6.714285714285714,8.0
Ferozepur,Punjab,2023-10-13,8,2023,10,13,13,25.03,57.35,1.4,0.0,10.0,3.0,5.0,8.666666666666666,7.0,12.0
Ferozepur,Punjab,2023-10-14,12,2023,10,14,14,24.8,64.19,1.77,18.45,8.0,13.0,8.0,10.333333333333334,7.428571428571429,0.0
Ferozepur,Punjab,2023-10-15,0,2023,10,15,15,23.58,69.82,1.2,2.65,12.0,10.0,7.0,10.0,8.0,0.0
Ferozepur,Punjab,2023-10-16,0,2023,10,16,16,22.68,76.23,1.5,19.95,0.0,8.0,3.0,6.666666666666667,7.0,0.0
Ferozepur,Punjab,2023-10-17,0,2023,10,17,17,20.99,82.65,1.51,8.87,0.0,12.0,3.0,4.0,6.571428571428571,11.0
Ferozepur,Punjab,2023-10-18,11,2023,10,18,18,20.65,73.41,1.43,0.0,0.0,0.0,13.0,0.0,6.142857142857143,14.0
Ferozepur,Punjab,2023-10-19,14,2023,10,19,19,21.87,61.58,0.79,0.0,11.0,0.0,10.0,3.6666666666666665,5.857142857142857,24.0
Ferozepur,Punjab,2023-10-20,24,2023,10,20,20,21.83,63.97,0.89,0.0,14.0,0.0,8.0,8.333333333333334,6.428571428571429,45.0
Ferozepur,Punjab,2023-10-21,45,2023,10,21,21,22.51,63.35,1.01,0.0,24.0,11.0,12.0,16.333333333333332,8.714285714285714,9.0
Ferozepur,Punjab,2023-10-22,9,2023,10,22,22,21.91,67.86,1.13,1.13,45.0,14.0,0.0,27.666666666666668,13.428571428571429,49.0
Ferozepur,Punjab,2023-10-23,49,2023,10,23,23,22.26,68.3,1.15,0.0,9.0,24.0,0.0,26.0,14.714285714285714,74.0
Ferozepur,Punjab,2023-10-24,74,2023,10,24,24,22.96,65.1,1.04,0.0,49.0,45.0,0.0,34.333333333333336,21.714285714285715,64.0
Ferozepur,Punjab,2023-10-25,64,2023,10,25,25,23.42,57.46,1.05,0.0,74.0,9.0,11.0,44.0,32.285714285714285,145.0
Ferozepur,Punjab,2023-10-26,145,2023,10,26,26,23.85,50.16,0.92,0.0,64.0,49.0,14.0,62.333333333333336,39.857142857142854,109.0
Ferozepur,Punjab,2023-10-27,109,2023,10,27,27,23.18,52.52,1.07,0.0,145.0,74.0,24.0,94.33333333333333,58.57142857142857,93.0
Ferozepur,Punjab,2023-10-28,93,2023,10,28,28,22.96,59.25,1.16,0.0,109.0,64.0,45.0,106.0,70.71428571428571,297.0
Ferozepur,Punjab,2023-10-29,297,2023,10,29,29,23.21,63.38,1.21,0.0,93.0,145.0,9.0,115.66666666666667,77.57142857142857,173.0
Ferozepur,Punjab,2023-10-30,173,2023,10,30,30,22.41,67.39,1.34,0.0,297.0,109.0,49.0,166.33333333333334,118.71428571428571,334.0
Ferozepur,Punjab,2023-10-31,334,2023,10,31,31,22.23,66.97,1.11,0.0,173.0,93.0,74.0,187.66666666666666,136.42857142857142,279.0
Ferozepur,Punjab,2023-11-01,279,2023,11,1,32,22.81,63.99,1.01,0.0,334.0,297.0,64.0,268.0,173.57142857142858,208.0
Ferozepur,Punjab,2023-11-02,208,2023,11,2,33,22.88,67.48,0.94,0.0,279.0,173.0,145.0,262.0,204.28571428571428,317.0
Ferozepur,Punjab,2023-11-03,317,2023,11,3,34,21.93,73.45,0.89,0.0,208.0,334.0,109.0,273.6666666666667,213.28571428571428,270.0
Ferozepur,Punjab,2023-11-04,270,2023,11,4,35,22.22,64.89,1.03,0.0,317.0,279.0,93.0,268.0,243.0,591.0
Ferozepur,Punjab,2023-11-05,591,2023,11,5,36,22.37,53.84,0.85,0.0,270.0,208.0,297.0,265.0,268.2857142857143,264.0
Ferozepur,Punjab,2023-11-06,264,2023,11,6,37,20.78,60.56,1.4,0.0,591.0,317.0,173.0,392.6666666666667,310.2857142857143,365.0
Ferozepur,Punjab,2023-11-07,365,2023,11,7,38,21.33,66.34,0.86,0.0,264.0,270.0,334.0,375.0,323.2857142857143,170.0
Ferozepur,Punjab,2023-11-08,170,2023,11,8,39,22.1,65.62,0.96,0.0,365.0,591.0,279.0,406.6666666666667,327.7142857142857,181.0
Ferozepur,Punjab,2023-11-09,181,2023,11,9,40,22.97,59.87,0.88,0.0,170.0,264.0,208.0,266.3333333333333,312.14285714285717,1.0
Ferozepur,Punjab,2023-11-10,1,2023,11,10,41,18.26,81.22,1.72,10.33,181.0,365.0,317.0,238.66666666666666,308.2857142857143,0.0
Ferozepur,Punjab,2023-11-11,0,2023,11,11,42,18.8,74.32,1.0,0.01,1.0,170.0,270.0,117.33333333333333,263.14285714285717,37.0
Ferozepur,Punjab,2023-11-12,37,2023,11,12,43,19.78,61.23,1.13,0.0,0.0,181.0,591.0,60.666666666666664,224.57142857142858,141.0
Ferozepur,Punjab,2023-11-13,141,2023,11,13,44,19.12,55.58,1.07,0.0,37.0,1.0,264.0,12.666666666666666,145.42857142857142,321.0
Ferozepur,Punjab,2023-11-14,321,2023,11,14,45,19.01,54.53,1.12,0.0,141.0,0.0,365.0,59.333333333333336,127.85714285714286,285.0
Ferozepur,Punjab,2023-11-15,285,2023,11,15,46,19.38,49.84,1.09,0.0,321.0,37.0,170.0,166.33333333333334,121.57142857142857,159.0
Ferozepur,Punjab,2023-11-16,159,2023,11,16,47,19.61,47.45,0.5,0.0,285.0,141.0,181.0,249.0,138.0,203.0
Ferozepur,Punjab,2023-11-17,203,2023,11,17,48,19.33,52.03,1.14,0.0,159.0,321.0,1.0,255.0,134.85714285714286,143.0
Ferozepur,Punjab,2023-11-18,143,2023,11,18,49,19.13,50.44,0.91,0.0,203.0,285.0,0.0,215.66666666666666,163.71428571428572,167.0
Ferozepur,Punjab,2023-11-19,167,2023,11,19,50,19.05,53.12,0.84,0.0,143.0,159.0,37.0,168.33333333333334,184.14285714285714,101.0
Ferozepur,Punjab,2023-11-20,101,2023,11,20,51,18.3,58.6,1.08,0.0,167.0,203.0,141.0,171.0,202.71428571428572,111.0
Ferozepur,Punjab,2023-11-21,111,2023,11,21,52,17.82,58.25,1.47,0.0,101.0,143.0,321.0,137.0,197.0,76.0
Ferozepur,Punjab,2023-11-22,76,2023,11,22,53,17.33,56.71,1.36,0.0,111.0,167.0,285.0,126.33333333333333,167.0,10.0
Ferozepur,Punjab,2023-11-23,10,2023,11,23,54,17.13,56.11,1.44,0.0,76.0,101.0,159.0,96.0,137.14285714285714,45.0
Ferozepur,Punjab,2023-11-24,45,2023,11,24,55,16.91,60.04,1.11,0.0,10.0,111.0,203.0,65.66666666666667,115.85714285714286,6.0
Ferozepur,Punjab,2023-11-25,6,2023,11,25,56,16.92,61.1,0.72,0.0,45.0,76.0,143.0,43.666666666666664,93.28571428571429,1.0
Ferozepur,Punjab,2023-11-26,1,2023,11,26,57,15.54,69.82,1.13,0.0,6.0,10.0,167.0,20.333333333333332,73.71428571428571,0.0
Ferozepur,Punjab,2023-11-27,0,2023,11,27,58,15.03,79.59,1.25,0.0,1.0,45.0,101.0,17.333333333333332,50.0,0.0
Ferozepur,Punjab,2023-11-28,0,2023,11,28,59,16.92,65.23,1.0,0.0,0.0,6.0,111.0,2.3333333333333335,35.57142857142857,1.0
Ferozepur,Punjab,2023-11-29,1,2023,11,29,60,18.97,57.53,0.75,0.06,0.0,1.0,76.0,0.3333333333333333,19.714285714285715,2.0
Ferozepur,Punjab,2023-11-30,2,2023,11,30,61,17.74,71.55,1.1,2.36,1.0,0.0,10.0,0.3333333333333333,9.0,5.0
Ferozepur,Punjab,2024-10-01,5,2024,10,1,1,31.36,52.65,1.22,0.0,2.0,0.0,45.0,1.0,7.857142857142857,1.0
Ferozepur,Punjab,2024-10-02,1,2024,10,2,2,30.18,52.75,1.11,0.0,5.0,1.0,6.0,2.6666666666666665,2.142857142857143,0.0
Ferozepur,Punjab,2024-10-03,0,2024,10,3,3,30.06,50.11,0.88,0.0,1.0,2.0,1.0,2.6666666666666665,1.4285714285714286,0.0
Ferozepur,Punjab,2024-10-04,0,2024,10,4,4,29.39,50.15,1.18,0.0,0.0,5.0,0.0,2.0,1.2857142857142858,1.0
Ferozepur,Punjab,2024-10-05,1,2024,10,5,5,29.92,49.66,1.1,1.25,0.0,1.0,0.0,0.3333333333333333,1.2857142857142858,0.0
Ferozepur,Punjab,2024-10-06,0,2024,10,6,6,28.62,57.7,1.17,4.88,1.0,0.0,1.0,0.3333333333333333,1.4285714285714286,3.0
Ferozepur,Punjab,2024-10-07,3,2024,10,7,7,28.07,57.03,1.15,0.0,0.0,0.0,2.0,0.3333333333333333,1.2857142857142858,2.0
Ferozepur,Punjab,2024-10-08,2,2024,10,8,8,27.82,60.54,1.25,0.0,3.0,1.0,5.0,1.3333333333333333,1.4285714285714286,5.0
Ferozepur,Punjab,2024-10-09,5,2024,10,9,9,27.25,58.41,1.55,0.0,2.0,0.0,1.0,1.6666666666666667,1.0,4.0
Ferozepur,Punjab,2024-10-10,4,2024,10,10,10,27.0,54.94,1.25,0.0,5.0,3.0,0.0,3.3333333333333335,1.5714285714285714,11.0
Ferozepur,Punjab,2024-10-11,11,2024,10,11,11,28.24,44.05,1.23,0.0,4.0,2.0,0.0,3.6666666666666665,2.142857142857143,3.0
Ferozepur,Punjab,2024-10-12,3,2024,10,12,12,28.02,42.95,0.97,0.0,11.0,5.0,1.0,6.666666666666667,3.7142857142857144,7.0
Ferozepur,Punjab,2024-10-13,7,2024,10,13,13,26.66,43.36,1.16,0.0,3.0,4.0,0.0,6.0,4.0,6.0
Ferozepur,Punjab,2024-10-14,6,2024,10,14,14,26.19,43.72,1.28,0.0,7.0,11.0,3.0,7.0,5.0,2.0
Ferozepur,Punjab,2024-10-15,2,2024,10,15,15,27.34,42.1,1.38,0.0,6.0,3.0,2.0,5.333333333333333,5.428571428571429,21.0
Ferozepur,Punjab,2024-10-16,21,2024,10,16,16,26.91,46.29,1.28,0.0,2.0,7.0,5.0,5.0,5.428571428571429,23.0
Ferozepur,Punjab,2024-10-17,23,2024,10,17,17,27.59,42.68,0.99,0.0,21.0,6.0,4.0,9.666666666666666,7.714285714285714,16.0
Ferozepur,Punjab,2024-10-18,16,2024,10,18,18,27.23,43.39,1.22,0.0,23.0,2.0,11.0,15.333333333333334,10.428571428571429,7.0
Ferozepur,Punjab,2024-10-19,7,2024,10,19,19,26.81,46.62,1.17,0.0,16.0,21.0,3.0,20.0,11.142857142857142,22.0
Ferozepur,Punjab,2024-10-20,22,2024,10,20,20,26.5,48.91,1.04,0.0,7.0,23.0,7.0,15.333333333333334,11.714285714285714,15.0
Ferozepur,Punjab,2024-10-21,15,2024,10,21,21,26.21,53.95,1.05,0.0,22.0,16.0,6.0,15.0,13.857142857142858,26.0
Ferozepur,Punjab,2024-10-22,26,2024,10,22,22,26.04,55.4,0.97,0.0,15.0,7.0,2.0,14.666666666666666,15.142857142857142,23.0
Ferozepur,Punjab,2024-10-23,23,2024,10,23,23,26.25,53.11,1.57,0.0,26.0,22.0,21.0,21.0,18.571428571428573,34.0
Ferozepur,Punjab,2024-10-24,34,2024,10,24,24,25.32,56.55,1.87,0.0,23.0,15.0,23.0,21.333333333333332,18.857142857142858,26.0
Ferozepur,Punjab,2024-10-25,26,2024,10,25,25,26.13,50.56,1.78,0.0,34.0,26.0,16.0,27.666666666666668,20.428571428571427,34.0
Ferozepur,Punjab,2024-10-26,34,2024,10,26,26,26.33,43.11,1.58,0.0,26.0,23.0,7.0,27.666666666666668,21.857142857142858,64.0
Ferozepur,Punjab,2024-10-27,64,2024,10,27,27,26.89,42.02,1.01,0.0,34.0,34.0,22.0,31.333333333333332,25.714285714285715,38.0
Ferozepur,Punjab,2024-10-28,38,2024,10,28,28,26.88,50.03,1.44,0.0,64.0,26.0,15.0,41.333333333333336,31.714285714285715,60.0
Ferozepur,Punjab,2024-10-29,60,2024,10,29,29,27.52,56.78,1.35,0.0,38.0,34.0,26.0,45.333333333333336,35.0,36.0
Ferozepur,Punjab,2024-10-30,36,2024,10,30,30,27.44,48.72,1.36,0.0,60.0,64.0,23.0,54.0,39.857142857142854,87.0
Ferozepur,Punjab,2024-10-31,87,2024,10,31,31,25.89,45.25,2.12,0.0,36.0,38.0,34.0,44.666666666666664,41.714285714285715,122.0
Ferozepur,Punjab,2024-11-01,122,2024,11,1,32,25.18,38.91,1.56,0.0,87.0,60.0,26.0,61.0,49.285714285714285,136.0
Ferozepur,Punjab,2024-11-02,136,2024,11,2,33,25.1,34.53,1.09,0.0,122.0,36.0,34.0,81.66666666666667,63.0,43.0
Ferozepur,Punjab,2024-11-03,43,2024,11,3,34,23.99,39.12,0.99,0.0,136.0,87.0,64.0,115.0,77.57142857142857,24.0
Ferozepur,Punjab,2024-11-04,24,2024,11,4,35,25.13,38.72,1.13,0.0,43.0,122.0,38.0,100.33333333333333,74.57142857142857,20.0
Ferozepur,Punjab,2024-11-05,20,2024,11,5,36,24.65,42.99,1.12,0.0,24.0,136.0,60.0,67.66666666666667,72.57142857142857,34.0
Ferozepur,Punjab,2024-11-06,34,2024,11,6,37,24.66,47.86,1.09,0.0,20.0,43.0,36.0,29.0,66.85714285714286,108.0
Ferozepur,Punjab,2024-11-07,108,2024,11,7,38,24.43,50.04,1.12,0.0,34.0,24.0,87.0,26.0,66.57142857142857,129.0
Ferozepur,Punjab,2024-11-08,129,2024,11,8,39,24.47,52.78,1.09,0.0,108.0,20.0,122.0,54.0,69.57142857142857,64.0
Ferozepur,Punjab,2024-11-09,64,2024,11,9,40,24.24,57.02,1.2,0.0,129.0,34.0,136.0,90.33333333333333,70.57142857142857,17.0
Ferozepur,Punjab,2024-11-10,17,2024,11,10,41,24.45,55.42,0.82,0.0,64.0,108.0,43.0,100.33333333333333,60.285714285714285,80.0
Ferozepur,Punjab,2024-11-11,80,2024,11,11,42,24.43,51.03,1.36,0.0,17.0,129.0,24.0,70.0,56.57142857142857,0.0
Ferozepur,Punjab,2024-11-12,0,2024,11,12,43,22.87,55.61,1.57,0.02,80.0,64.0,20.0,53.666666666666664,64.57142857142857,99.0
Ferozepur,Punjab,2024-11-13,99,2024,11,13,44,22.53,46.48,1.13,0.0,0.0,17.0,34.0,32.333333333333336,61.714285714285715,1.0
Ferozepur,Punjab,2024-11-14,1,2024,11,14,45,21.8,44.97,1.02,0.0,99.0,80.0,108.0,59.666666666666664,71.0,0.0
Ferozepur,Punjab,2024-11-15,0,2024,11,15,46,21.27,48.83,1.4,0.0,1.0,0.0,129.0,33.333333333333336,55.714285714285715,21.0
Ferozepur,Punjab,2024-11-16,21,2024,11,16,47,20.3,54.78,1.19,0.0,0.0,99.0,64.0,33.333333333333336,37.285714285714285,159.0
Ferozepur,Punjab,2024-11-17,159,2024,11,17,48,19.5,49.5,1.68,0.0,21.0,1.0,17.0,7.333333333333333,31.142857142857142,200.0
Ferozepur,Punjab,2024-11-18,200,2024,11,18,49,19.27,43.58,1.7,0.0,159.0,0.0,80.0,60.0,51.42857142857143,60.0
Ferozepur,Punjab,2024-11-19,60,2024,11,19,50,19.56,35.62,1.47,0.0,200.0,21.0,0.0,126.66666666666667,68.57142857142857,48.0
Ferozepur,Punjab,2024-11-20,48,2024,11,20,51,19.77,32.35,1.19,0.0,60.0,159.0,99.0,139.66666666666666,77.14285714285714,39.0
Ferozepur,Punjab,2024-11-21,39,2024,11,21,52,20.57,29.66,0.84,0.0,48.0,200.0,1.0,102.66666666666667,69.85714285714286,63.0
Ferozepur,Punjab,2024-11-22,63,2024,11,22,53,21.17,30.8,1.17,0.0,39.0,60.0,0.0,49.0,75.28571428571429,30.0
Ferozepur,Punjab,2024-11-23,30,2024,11,23,54,21.6,35.09,0.95,0.0,63.0,48.0,21.0,50.0,84.28571428571429,22.0
Ferozepur,Punjab,2024-11-24,22,2024,11,24,55,20.18,41.36,1.27,0.0,30.0,39.0,159.0,44.0,85.57142857142857,27.0
Ferozepur,Punjab,2024-11-25,27,2024,11,25,56,18.28,50.0,1.72,0.0,22.0,63.0,200.0,38.333333333333336,66.0,9.0
Ferozepur,Punjab,2024-11-26,9,2024,11,26,57,18.53,44.14,1.2,0.0,27.0,30.0,60.0,26.333333333333332,41.285714285714285,6.0
Ferozepur,Punjab,2024-11-27,6,2024,11,27,58,19.14,36.45,1.06,0.0,9.0,22.0,48.0,19.333333333333332,34.0,3.0
Ferozepur,Punjab,2024-11-28,3,2024,11,28,59,19.33,36.15,1.04,0.0,6.0,27.0,39.0,14.0,28.0,1.0
Ferozepur,Punjab,2024-11-29,1,2024,11,29,60,18.68,40.15,1.07,0.0,3.0,9.0,63.0,6.0,22.857142857142858,1.0
Ferozepur,Punjab,2024-11-30,1,2024,11,30,61,17.82,40.5,1.47,0.0,1.0,6.0,30.0,3.3333333333333335,14.0,0.0
Ferozepur,Punjab,2025-10-01,0,2025,10,1,1,28.45,69.1,1.04,0.0,1.0,3.0,22.0,1.6666666666666667,9.857142857142858,2.0
Ferozepur,Punjab,2025-10-02,2,2025,10,2,2,28.35,68.94,0.94,0.02,0.0,1.0,27.0,0.6666666666666666,6.714285714285714,0.0
Ferozepur,Punjab,2025-10-03,0,2025,10,3,3,27.66,74.09,0.97,0.41,2.0,1.0,9.0,1.0,3.142857142857143,0.0
Ferozepur,Punjab,2025-10-04,0,2025,10,4,4,27.91,69.4,0.96,0.02,0.0,0.0,6.0,0.6666666666666666,1.8571428571428572,0.0
Ferozepur,Punjab,2025-10-05,0,2025,10,5,5,26.43,71.91,1.59,10.53,0.0,2.0,3.0,0.6666666666666666,1.0,0.0
Ferozepur,Punjab,2025-10-06,0,2025,10,6,6,23.44,84.34,1.95,12.03,0.0,0.0,1.0,0.0,0.5714285714285714,0.0
Ferozepur,Punjab,2025-10-07,0,2025,10,7,7,21.5,81.16,1.91,8.22,0.0,0.0,1.0,0.0,0.42857142857142855,0.0
Ferozepur,Punjab,2025-10-08,0,2025,10,8,8,21.31,75.31,1.72,0.1,0.0,0.0,0.0,0.0,0.2857142857142857,1.0
Ferozepur,Punjab,2025-10-09,1,2025,10,9,9,22.98,63.47,1.05,0.0,0.0,0.0,2.0,0.0,0.2857142857142857,1.0
Ferozepur,Punjab,2025-10-10,1,2025,10,10,10,23.85,60.19,0.85,0.0,1.0,0.0,0.0,0.3333333333333333,0.14285714285714285,1.0
Ferozepur,Punjab,2025-10-11,1,2025,10,11,11,23.85,62.54,1.04,0.0,1.0,0.0,0.0,0.6666666666666666,0.2857142857142857,3.0
Ferozepur,Punjab,2025-10-12,3,2025,10,12,12,24.07,58.51,1.06,0.0,1.0,1.0,0.0,1.0,0.42857142857142855,7.0
Ferozepur,Punjab,2025-10-13,7,2025,10,13,13,24.95,51.54,0.82,0.0,3.0,1.0,0.0,1.6666666666666667,0.8571428571428571,6.0
Ferozepur,Punjab,2025-10-14,6,2025,10,14,14,23.53,55.17,1.05,0.0,7.0,1.0,0.0,3.6666666666666665,1.8571428571428572,3.0
Ferozepur,Punjab,2025-10-15,3,2025,10,15,15,24.01,54.79,0.85,0.0,6.0,3.0,0.0,5.333333333333333,2.7142857142857144,9.0
Ferozepur,Punjab,2025-10-16,9,2025,10,16,16,25.13,55.47,0.79,0.0,3.0,7.0,1.0,5.333333333333333,3.142857142857143,7.0
Ferozepur,Punjab,2025-10-17,7,2025,10,17,17,25.17,59.29,0.89,0.0,9.0,6.0,1.0,6.0,4.285714285714286,10.0
Ferozepur,Punjab,2025-10-18,10,2025,10,18,18,24.99,57.99,0.71,0.0,7.0,3.0,1.0,6.333333333333333,5.142857142857143,7.0
Ferozepur,Punjab,2025-10-19,7,2025,10,19,19,25.44,54.54,0.73,0.0,10.0,9.0,3.0,8.666666666666666,6.428571428571429,18.0
Ferozepur,Punjab,2025-10-20,18,2025,10,20,20,25.15,48.84,0.71,0.0,7.0,7.0,7.0,8.0,7.0,31.0
Ferozepur,Punjab,2025-10-21,31,2025,10,21,21,24.23,49.09,0.98,0.0,18.0,10.0,6.0,11.666666666666666,8.571428571428571,18.0
Ferozepur,Punjab,2025-10-22,18,2025,10,22,22,24.01,49.79,1.13,0.0,31.0,7.0,3.0,18.666666666666668,12.142857142857142,5.0
Ferozepur,Punjab,2025-10-23,5,2025,10,23,23,24.8,49.21,0.89,0.0,18.0,18.0,9.0,22.333333333333332,14.285714285714286,7.0
Ferozepur,Punjab,2025-10-24,7,2025,10,24,24,24.63,51.78,0.79,0.0,5.0,31.0,7.0,18.0,13.714285714285714,12.0
Ferozepur,Punjab,2025-10-25,12,2025,10,25,25,24.18,50.23,0.78,0.0,7.0,18.0,10.0,10.0,13.714285714285714,25.0
Ferozepur,Punjab,2025-10-26,25,2025,10,26,26,23.36,54.85,0.98,0.0,12.0,5.0,7.0,8.0,14.0,14.0
Ferozepur,Punjab,2025-10-27,14,2025,10,27,27,23.8,55.56,0.95,0.0,25.0,7.0,18.0,14.666666666666666,16.571428571428573,10.0
Ferozepur,Punjab,2025-10-28,10,2025,10,28,28,23.74,54.67,0.8,0.0,14.0,12.0,31.0,17.0,16.0,27.0
Ferozepur,Punjab,2025-10-29,27,2025,10,29,29,22.91,57.81,1.03,0.0,10.0,25.0,18.0,16.333333333333332,13.0,43.0
Ferozepur,Punjab,2025-10-30,43,2025,10,30,30,23.31,62.03,0.98,0.0,27.0,14.0,5.0,17.0,14.285714285714286,35.0
Ferozepur,Punjab,2025-10-31,35,2025,10,31,31,23.85,55.23,1.25,0.0,43.0,10.0,7.0,26.666666666666668,19.714285714285715,33.0
Ferozepur,Punjab,2025-11-01,33,2025,11,1,32,23.8,49.87,0.98,0.0,35.0,27.0,12.0,35.0,23.714285714285715,47.0
Ferozepur,Punjab,2025-11-02,47,2025,11,2,33,23.2,48.31,1.29,0.0,33.0,43.0,25.0,37.0,26.714285714285715,26.0
Ferozepur,Punjab,2025-11-03,26,2025,11,3,34,22.89,43.35,1.1,0.0,47.0,35.0,14.0,38.333333333333336,29.857142857142858,69.0
Ferozepur,Punjab,2025-11-04,69,2025,11,4,35,21.28,48.69,1.99,0.13,26.0,33.0,10.0,35.333333333333336,31.571428571428573,5.0
Ferozepur,Punjab,2025-11-05,5,2025,11,5,36,19.08,60.16,1.6,0.06,69.0,47.0,27.0,47.333333333333336,40.0,20.0
Ferozepur,Punjab,2025-11-06,20,2025,11,6,37,17.52,45.26,1.75,0.0,5.0,26.0,43.0,33.333333333333336,36.857142857142854,48.0
Ferozepur,Punjab,2025-11-07,48,2025,11,7,38,18.48,34.85,1.42,0.0,20.0,69.0,35.0,31.333333333333332,33.57142857142857,46.0
Ferozepur,Punjab,2025-11-08,46,2025,11,8,39,19.34,32.77,1.16,0.0,48.0,5.0,33.0,24.333333333333332,35.42857142857143,77.0
Ferozepur,Punjab,2025-11-09,77,2025,11,9,40,19.11,37.62,1.09,0.0,46.0,20.0,47.0,38.0,37.285714285714285,39.0
Ferozepur,Punjab,2025-11-10,39,2025,11,10,41,18.75,37.27,0.95,0.0,77.0,48.0,26.0,57.0,41.57142857142857,23.0
Ferozepur,Punjab,2025-11-11,23,2025,11,11,42,18.41,40.79,0.86,0.0,39.0,46.0,69.0,54.0,43.42857142857143,22.0
Ferozepur,Punjab,2025-11-12,22,2025,11,12,43,18.43,38.83,1.31,0.0,23.0,77.0,5.0,46.333333333333336,36.857142857142854,21.0
Ferozepur,Punjab,2025-11-13,21,2025,11,13,44,18.16,39.08,1.14,0.0,22.0,39.0,20.0,28.0,39.285714285714285,12.0
Ferozepur,Punjab,2025-11-14,12,2025,11,14,45,18.36,36.63,0.96,0.0,21.0,23.0,48.0,22.0,39.42857142857143,20.0
Ferozepur,Punjab,2025-11-15,20,2025,11,15,46,18.47,36.41,1.17,0.0,12.0,22.0,46.0,18.333333333333332,34.285714285714285,19.0
Ferozepur,Punjab,2025-11-16,19,2025,11,16,47,18.16,38.29,1.35,0.0,20.0,21.0,77.0,17.666666666666668,30.571428571428573,2.0
Ferozepur,Punjab,2025-11-17,2,2025,11,17,48,18.29,36.4,1.14,0.0,19.0,12.0,39.0,17.0,22.285714285714285,4.0
Ferozepur,Punjab,2025-11-18,4,2025,11,18,49,17.13,42.14,1.21,0.0,2.0,20.0,23.0,13.666666666666666,17.0,1.0
Ferozepur,Punjab,2025-11-19,1,2025,11,19,50,17.67,43.21,0.94,0.0,4.0,19.0,22.0,8.333333333333334,14.285714285714286,1.0
Ferozepur,Punjab,2025-11-20,1,2025,11,20,51,17.78,45.82,0.92,0.0,1.0,2.0,21.0,2.3333333333333335,11.285714285714286,1.0
Ferozepur,Punjab,2025-11-21,1,2025,11,21,52,17.13,52.56,1.05,0.0,1.0,4.0,12.0,2.0,8.428571428571429,3.0
Ferozepur,Punjab,2025-11-22,3,2025,11,22,53,17.0,52.07,1.41,0.0,1.0,1.0,20.0,1.0,6.857142857142857,0.0
Ferozepur,Punjab,2025-11-23,0,2025,11,23,54,16.69,44.57,1.0,0.0,3.0,1.0,19.0,1.6666666666666667,4.428571428571429,2.0
Ferozepur,Punjab,2025-11-24,2,2025,11,24,55,16.82,41.39,1.07,0.0,0.0,1.0,2.0,1.3333333333333333,1.7142857142857142,1.0
Ferozepur,Punjab,2025-11-25,1,2025,11,25,56,15.97,41.78,1.25,0.0,2.0,3.0,4.0,1.6666666666666667,1.7142857142857142,0.0
Ferozepur,Punjab,2025-11-26,0,2025,11,26,57,15.4,39.67,1.1,0.0,1.0,0.0,1.0,1.0,1.2857142857142858,1.0
Ferozepur,Punjab,2025-11-27,1,2025,11,27,58,14.96,42.63,1.17,0.0,0.0,2.0,1.0,1.0,1.1428571428571428,0.0
Ferozepur,Punjab,2025-11-28,0,2025,11,28,59,14.83,44.69,1.17,0.0,1.0,1.0,1.0,0.6666666666666666,1.1428571428571428,0.0
Ferozepur,Punjab,2025-11-29,0,2025,11,29,60,14.99,40.37,1.12,0.0,0.0,0.0,3.0,0.3333333333333333,1.0,0.0
Gurdaspur,Punjab,2023-10-08,2,2023,10,8,8,25.52,71.27,0.79,0.0,5.0,6.0,1.0,4.333333333333333,2.7142857142857144,0.0
Gurdaspur,Punjab,2023-10-09,0,2023,10,9,9,25.99,76.16,0.95,4.29,2.0,2.0,1.0,3.0,2.857142857142857,0.0
Gurdaspur,Punjab,2023-10-10,0,2023,10,10,10,24.66,77.13,1.09,14.21,0.0,5.0,3.0,2.3333333333333335,2.7142857142857144,0.0
Gurdaspur,Punjab,2023-10-11,0,2023,10,11,11,23.96,66.6,1.08,0.0,0.0,2.0,1.0,0.6666666666666666,2.2857142857142856,2.0
Gurdaspur,Punjab,2023-10-12,2,2023,10,12,12,23.37,69.41,0.86,0.0,0.0,0.0,6.0,0.0,2.142857142857143,5.0
Gurdaspur,Punjab,2023-10-13,5,2023,10,13,13,23.37,74.33,1.0,0.07,2.0,0.0,2.0,0.6666666666666666,1.5714285714285714,0.0
Gurdaspur,Punjab,2023-10-14,0,2023,10,14,14,23.78,74.11,0.98,18.31,5.0,0.0,5.0,2.3333333333333335,2.0,0.0
Gurdaspur,Punjab,2023-10-15,0,2023,10,15,15,23.26,70.36,0.84,0.72,0.0,2.0,2.0,2.3333333333333335,1.2857142857142858,0.0
Gurdaspur,Punjab,2023-10-16,0,2023,10,16,16,21.56,81.9,1.23,21.85,0.0,5.0,0.0,1.6666666666666667,1.0,0.0
Gurdaspur,Punjab,2023-10-17,0,2023,10,17,17,20.52,82.19,1.05,9.99,0.0,0.0,0.0,0.0,1.0,0.0
Gurdaspur,Punjab,2023-10-18,0,2023,10,18,18,19.39,76.32,1.31,0.79,0.0,0.0,0.0,0.0,1.0,1.0
Gurdaspur,Punjab,2023-10-19,1,2023,10,19,19,20.25,66.45,1.05,0.0,0.0,0.0,2.0,0.0,1.0,2.0
Gurdaspur,Punjab,2023-10-20,2,2023,10,20,20,20.73,64.68,0.62,0.0,1.0,0.0,5.0,0.3333333333333333,0.8571428571428571,6.0
Gurdaspur,Punjab,2023-10-21,6,2023,10,21,21,21.35,67.1,0.7,0.0,2.0,0.0,0.0,1.0,0.42857142857142855,0.0
Gurdaspur,Punjab,2023-10-22,0,2023,10,22,22,21.12,75.88,1.03,0.1,6.0,1.0,0.0,3.0,1.2857142857142858,20.0
Gurdaspur,Punjab,2023-10-23,20,2023,10,23,23,21.12,74.74,1.03,0.0,0.0,2.0,0.0,2.6666666666666665,1.2857142857142858,34.0
Gurdaspur,Punjab,2023-10-24,34,2023,10,24,24,22.18,69.33,0.85,0.0,20.0,6.0,0.0,8.666666666666666,4.142857142857143,8.0
Gurdaspur,Punjab,2023-10-25,8,2023,10,25,25,22.21,65.45,0.92,0.0,34.0,0.0,0.0,18.0,9.0,43.0
Gurdaspur,Punjab,2023-10-26,43,2023,10,26,26,22.08,61.96,1.04,0.0,8.0,20.0,1.0,20.666666666666668,10.142857142857142,21.0
Gurdaspur,Punjab,2023-10-27,21,2023,10,27,27,21.84,63.19,0.74,0.0,43.0,34.0,2.0,28.333333333333332,16.142857142857142,15.0
Gurdaspur,Punjab,2023-10-28,15,2023,10,28,28,21.68,68.52,0.79,0.0,21.0,8.0,6.0,24.0,18.857142857142858,73.0
Gurdaspur,Punjab,2023-10-29,73,2023,10,29,29,22.18,68.44,0.74,0.0,15.0,43.0,0.0,26.333333333333332,20.142857142857142,50.0
Gurdaspur,Punjab,2023-10-30,50,2023,10,30,30,21.82,72.2,0.74,0.0,73.0,21.0,20.0,36.333333333333336,30.571428571428573,73.0
Gurdaspur,Punjab,2023-10-31,73,2023,10,31,31,21.74,70.34,0.73,0.0,50.0,15.0,34.0,46.0,34.857142857142854,61.0
Gurdaspur,Punjab,2023-11-01,61,2023,11,1,32,22.34,68.25,0.85,0.0,73.0,73.0,8.0,65.33333333333333,40.42857142857143,25.0
Gurdaspur,Punjab,2023-11-02,25,2023,11,2,33,22.23,68.07,0.65,0.0,61.0,50.0,43.0,61.333333333333336,48.0,63.0
Gurdaspur,Punjab,2023-11-03,63,2023,11,3,34,21.55,69.41,0.58,0.0,25.0,73.0,21.0,53.0,45.42857142857143,50.0
Gurdaspur,Punjab,2023-11-04,50,2023,11,4,35,21.59,66.71,0.84,0.0,63.0,61.0,15.0,49.666666666666664,51.42857142857143,81.0
Gurdaspur,Punjab,2023-11-05,81,2023,11,5,36,21.35,59.78,0.69,0.0,50.0,25.0,73.0,46.0,56.42857142857143,20.0
Gurdaspur,Punjab,2023-11-06,20,2023,11,6,37,20.29,63.52,0.88,0.0,81.0,63.0,50.0,64.66666666666667,57.57142857142857,12.0
Gurdaspur,Punjab,2023-11-07,12,2023,11,7,38,20.56,71.14,0.99,0.0,20.0,50.0,73.0,50.333333333333336,53.285714285714285,13.0
Gurdaspur,Punjab,2023-11-08,13,2023,11,8,39,21.49,71.77,0.87,0.0,12.0,81.0,61.0,37.666666666666664,44.57142857142857,11.0
Gurdaspur,Punjab,2023-11-09,11,2023,11,9,40,21.42,68.16,0.89,0.55,13.0,20.0,25.0,15.0,37.714285714285715,0.0
Gurdaspur,Punjab,2023-11-10,0,2023,11,10,41,17.81,88.74,1.72,29.44,11.0,12.0,63.0,12.0,35.714285714285715,0.0
Gurdaspur,Punjab,2023-11-11,0,2023,11,11,42,17.36,81.11,1.46,0.01,0.0,13.0,50.0,8.0,26.714285714285715,0.0
Gurdaspur,Punjab,2023-11-12,0,2023,11,12,43,17.66,66.48,1.3,0.0,0.0,11.0,81.0,3.6666666666666665,19.571428571428573,0.0
Gurdaspur,Punjab,2023-11-13,0,2023,11,13,44,17.83,63.33,0.83,0.0,0.0,0.0,20.0,0.0,8.0,5.0
Gurdaspur,Punjab,2023-11-14,5,2023,11,14,45,17.94,63.62,1.25,0.0,0.0,0.0,12.0,0.0,5.142857142857143,3.0
Gurdaspur,Punjab,2023-11-15,3,2023,11,15,46,18.37,60.83,1.22,0.0,5.0,0.0,13.0,1.6666666666666667,4.142857142857143,4.0
Gurdaspur,Punjab,2023-11-16,4,2023,11,16,47,18.92,57.95,0.76,0.0,3.0,0.0,11.0,2.6666666666666665,2.7142857142857144,4.0
Gurdaspur,Punjab,2023-11-17,4,2023,11,17,48,18.33,62.59,1.43,0.0,4.0,5.0,0.0,4.0,1.7142857142857142,1.0
Gurdaspur,Punjab,2023-11-18,1,2023,11,18,49,17.95,62.82,1.0,0.0,4.0,3.0,0.0,3.6666666666666665,2.2857142857142856,8.0
Gurdaspur,Punjab,2023-11-19,8,2023,11,19,50,18.04,61.94,0.89,0.0,1.0,4.0,0.0,3.0,2.4285714285714284,4.0
Gurdaspur,Punjab,2023-11-20,4,2023,11,20,51,17.07,69.53,1.33,0.0,8.0,4.0,0.0,4.333333333333333,3.5714285714285716,5.0
Gurdaspur,Punjab,2023-11-21,5,2023,11,21,52,16.75,70.39,1.61,0.0,4.0,1.0,5.0,4.333333333333333,4.142857142857143,4.0
Gurdaspur,Punjab,2023-11-22,4,2023,11,22,53,16.46,66.73,1.22,0.0,5.0,8.0,3.0,5.666666666666667,4.142857142857143,0.0
Gurdaspur,Punjab,2023-11-23,0,2023,11,23,54,16.68,65.28,0.94,0.0,4.0,4.0,4.0,4.333333333333333,4.285714285714286,4.0
Gurdaspur,Punjab,2023-11-24,4,2023,11,24,55,16.93,62.72,1.09,0.0,0.0,5.0,4.0,3.0,3.7142857142857144,0.0
Gurdaspur,Punjab,2023-11-25,0,2023,11,25,56,17.31,63.2,0.67,0.0,4.0,4.0,1.0,2.6666666666666665,3.7142857142857144,0.0
Gurdaspur,Punjab,2023-11-26,0,2023,11,26,57,16.49,74.68,0.92,0.0,0.0,0.0,8.0,1.3333333333333333,3.5714285714285716,0.0
Gurdaspur,Punjab,2023-11-27,0,2023,11,27,58,16.04,75.05,1.07,0.03,0.0,4.0,4.0,1.3333333333333333,2.4285714285714284,1.0
Gurdaspur,Punjab,2023-11-28,1,2023,11,28,59,17.23,64.39,0.94,0.0,0.0,0.0,5.0,0.0,1.8571428571428572,0.0
Gurdaspur,Punjab,2023-11-29,0,2023,11,29,60,17.98,63.04,0.84,0.02,1.0,0.0,4.0,0.3333333333333333,1.2857142857142858,0.0
Gurdaspur,Punjab,2023-11-30,0,2023,11,30,61,16.6,78.79,1.07,7.9,0.0,0.0,0.0,0.3333333333333333,0.7142857142857143,1.0
Gurdaspur,Punjab,2024-10-01,1,2024,10,1,1,27.8,76.02,1.25,0.0,0.0,1.0,4.0,0.3333333333333333,0.7142857142857143,3.0
Gurdaspur,Punjab,2024-10-02,3,2024,10,2,2,27.66,70.79,1.04,0.0,1.0,0.0,0.0,0.3333333333333333,0.2857142857142857,4.0
Gurdaspur,Punjab,2024-10-03,4,2024,10,3,3,27.33,67.34,1.14,0.0,3.0,0.0,0.0,1.3333333333333333,0.7142857142857143,0.0
Gurdaspur,Punjab,2024-10-04,0,2024,10,4,4,27.65,65.88,0.83,0.0,4.0,1.0,0.0,2.6666666666666665,1.2857142857142858,0.0
Gurdaspur,Punjab,2024-10-05,0,2024,10,5,5,27.19,68.14,1.03,3.25,0.0,3.0,1.0,2.3333333333333335,1.2857142857142858,0.0
Gurdaspur,Punjab,2024-10-06,0,2024,10,6,6,26.23,70.57,1.15,11.39,0.0,4.0,0.0,1.3333333333333333,1.1428571428571428,0.0
Gurdaspur,Punjab,2024-10-07,0,2024,10,7,7,25.59,71.55,1.09,0.0,0.0,0.0,0.0,0.0,1.1428571428571428,2.0
Gurdaspur,Punjab,2024-10-08,2,2024,10,8,8,25.27,74.72,1.06,0.0,0.0,0.0,1.0,0.0,1.1428571428571428,1.0
Gurdaspur,Punjab,2024-10-09,1,2024,10,9,9,24.58,73.52,1.51,0.0,2.0,0.0,3.0,0.6666666666666666,1.2857142857142858,3.0
Gurdaspur,Punjab,2024-10-10,3,2024,10,10,10,24.93,65.33,1.18,0.0,1.0,0.0,4.0,1.0,1.0,0.0
Gurdaspur,Punjab,2024-10-11,0,2024,10,11,11,25.38,58.82,1.28,0.0,3.0,2.0,0.0,2.0,0.8571428571428571,10.0
Gurdaspur,Punjab,2024-10-12,10,2024,10,12,12,25.8,56.49,0.86,0.0,0.0,1.0,0.0,1.3333333333333333,0.8571428571428571,10.0
Gurdaspur,Punjab,2024-10-13,10,2024,10,13,13,25.18,54.24,0.89,0.0,10.0,3.0,0.0,4.333333333333333,2.2857142857142856,2.0
Gurdaspur,Punjab,2024-10-14,2,2024,10,14,14,24.87,53.74,0.95,0.0,10.0,0.0,0.0,6.666666666666667,3.7142857142857144,6.0
Gurdaspur,Punjab,2024-10-15,6,2024,10,15,15,25.19,57.15,1.27,0.0,2.0,10.0,2.0,7.333333333333333,4.0,3.0
Gurdaspur,Punjab,2024-10-16,3,2024,10,16,16,25.23,61.29,1.03,0.0,6.0,10.0,1.0,6.0,4.571428571428571,3.0
Gurdaspur,Punjab,2024-10-17,3,2024,10,17,17,25.75,56.61,1.1,0.0,3.0,2.0,3.0,3.6666666666666665,4.857142857142857,4.0
Gurdaspur,Punjab,2024-10-18,4,2024,10,18,18,25.62,54.11,1.13,0.0,3.0,6.0,0.0,4.0,4.857142857142857,7.0
Gurdaspur,Punjab,2024-10-19,7,2024,10,19,19,24.62,61.15,1.16,0.0,4.0,3.0,10.0,3.3333333333333335,5.428571428571429,2.0
Gurdaspur,Punjab,2024-10-20,2,2024,10,20,20,24.27,65.26,1.0,0.0,7.0,3.0,10.0,4.666666666666667,5.0,4.0
Gurdaspur,Punjab,2024-10-21,4,2024,10,21,21,24.69,66.67,1.17,0.0,2.0,4.0,2.0,4.333333333333333,3.857142857142857,1.0
Gurdaspur,Punjab,2024-10-22,1,2024,10,22,22,24.45,67.6,1.0,0.0,4.0,7.0,6.0,4.333333333333333,4.142857142857143,4.0
Gurdaspur,Punjab,2024-10-23,4,2024,10,23,23,24.59,64.01,2.03,0.0,1.0,2.0,3.0,2.3333333333333335,3.4285714285714284,8.0
Gurdaspur,Punjab,2024-10-24,8,2024,10,24,24,23.76,60.42,1.5,0.0,4.0,4.0,3.0,3.0,3.5714285714285716,14.0
Gurdaspur,Punjab,2024-10-25,14,2024,10,25,25,23.97,57.66,1.62,0.0,8.0,1.0,4.0,4.333333333333333,4.285714285714286,4.0
Gurdaspur,Punjab,2024-10-26,4,2024,10,26,26,23.15,58.18,1.11,0.0,14.0,4.0,7.0,8.666666666666666,5.714285714285714,18.0
Gurdaspur,Punjab,2024-10-27,18,2024,10,27,27,24.75,54.91,0.92,0.0,4.0,8.0,2.0,8.666666666666666,5.285714285714286,15.0
Gurdaspur,Punjab,2024-10-28,15,2024,10,28,28,25.13,62.39,1.08,0.0,18.0,14.0,4.0,12.0,7.571428571428571,27.0
Gurdaspur,Punjab,2024-10-29,27,2024,10,29,29,25.88,65.17,0.99,0.0,15.0,4.0,1.0,12.333333333333334,9.142857142857142,17.0
Gurdaspur,Punjab,2024-10-30,17,2024,10,30,30,26.18,54.18,1.37,0.0,27.0,18.0,4.0,20.0,12.857142857142858,31.0
Gurdaspur,Punjab,2024-10-31,31,2024,10,31,31,24.19,55.33,2.19,0.0,17.0,15.0,8.0,19.666666666666668,14.714285714285714,70.0
Gurdaspur,Punjab,2024-11-01,70,2024,11,1,32,23.33,51.44,1.43,0.0,31.0,27.0,14.0,25.0,18.0,32.0
Gurdaspur,Punjab,2024-11-02,32,2024,11,2,33,24.14,43.31,0.85,0.0,70.0,17.0,4.0,39.333333333333336,26.0,18.0
Gurdaspur,Punjab,2024-11-03,18,2024,11,3,34,23.44,49.47,0.87,0.0,32.0,31.0,18.0,44.333333333333336,30.0,22.0
Gurdaspur,Punjab,2024-11-04,22,2024,11,4,35,24.13,47.86,1.02,0.0,18.0,70.0,15.0,40.0,30.0,4.0
Gurdaspur,Punjab,2024-11-05,4,2024,11,5,36,23.1,56.5,1.15,0.0,22.0,32.0,27.0,24.0,31.0,2.0
Gurdaspur,Punjab,2024-11-06,2,2024,11,6,37,23.38,57.46,1.2,0.0,4.0,18.0,17.0,14.666666666666666,27.714285714285715,9.0
Gurdaspur,Punjab,2024-11-07,9,2024,11,7,38,23.06,61.71,0.89,0.0,2.0,22.0,31.0,9.333333333333334,25.571428571428573,10.0
Gurdaspur,Punjab,2024-11-08,10,2024,11,8,39,23.36,62.36,0.99,0.0,9.0,4.0,70.0,5.0,22.428571428571427,3.0
Gurdaspur,Punjab,2024-11-09,3,2024,11,9,40,23.56,62.35,0.85,0.0,10.0,2.0,32.0,7.0,13.857142857142858,4.0
Gurdaspur,Punjab,2024-11-10,4,2024,11,10,41,23.81,61.34,0.64,0.0,3.0,9.0,18.0,7.333333333333333,9.714285714285714,1.0
Gurdaspur,Punjab,2024-11-11,1,2024,11,11,42,23.35,63.5,1.04,1.16,4.0,10.0,22.0,5.666666666666667,7.714285714285714,2.0
Gurdaspur,Punjab,2024-11-12,2,2024,11,12,43,22.63,61.84,1.03,0.46,1.0,3.0,4.0,2.6666666666666665,4.714285714285714,0.0
Gurdaspur,Punjab,2024-11-13,0,2024,11,13,44,21.83,54.1,1.02,0.0,2.0,4.0,2.0,2.3333333333333335,4.428571428571429,0.0
Gurdaspur,Punjab,2024-11-14,0,2024,11,14,45,20.88,57.44,0.95,0.0,0.0,1.0,9.0,1.0,4.142857142857143,1.0
Gurdaspur,Punjab,2024-11-15,1,2024,11,15,46,20.66,58.82,1.59,0.0,0.0,2.0,10.0,0.6666666666666666,2.857142857142857,0.0
Gurdaspur,Punjab,2024-11-16,0,2024,11,16,47,19.05,60.81,1.26,0.0,1.0,0.0,3.0,0.3333333333333333,1.5714285714285714,0.0
Gurdaspur,Punjab,2024-11-17,0,2024,11,17,48,19.03,52.83,1.51,0.01,0.0,0.0,4.0,0.3333333333333333,1.1428571428571428,1.0
Gurdaspur,Punjab,2024-11-18,1,2024,11,18,49,18.95,49.8,1.37,0.0,0.0,1.0,1.0,0.3333333333333333,0.5714285714285714,6.0
Gurdaspur,Punjab,2024-11-19,6,2024,11,19,50,19.14,44.93,1.12,0.0,1.0,0.0,2.0,0.3333333333333333,0.5714285714285714,11.0
Gurdaspur,Punjab,2024-11-20,11,2024,11,20,51,18.62,42.91,1.2,0.0,6.0,0.0,0.0,2.3333333333333335,1.1428571428571428,4.0
Gurdaspur,Punjab,2024-11-21,4,2024,11,21,52,18.9,40.85,1.19,0.0,11.0,1.0,0.0,6.0,2.7142857142857144,1.0
Gurdaspur,Punjab,2024-11-22,1,2024,11,22,53,18.72,46.16,0.94,0.0,4.0,6.0,1.0,7.0,3.2857142857142856,0.0
Gurdaspur,Punjab,2024-11-23,0,2024,11,23,54,19.55,47.06,0.75,0.0,1.0,11.0,0.0,5.333333333333333,3.2857142857142856,5.0
Gurdaspur,Punjab,2024-11-24,5,2024,11,24,55,18.38,54.53,1.3,0.01,0.0,4.0,0.0,1.6666666666666667,3.2857142857142856,1.0
Gurdaspur,Punjab,2024-11-25,1,2024,11,25,56,17.12,56.9,1.54,0.0,5.0,1.0,1.0,2.0,4.0,0.0
Gurdaspur,Punjab,2024-11-26,0,2024,11,26,57,17.04,51.7,1.12,0.0,1.0,0.0,6.0,2.0,4.0,1.0
Gurdaspur,Punjab,2024-11-27,1,2024,11,27,58,16.73,48.54,1.17,0.0,0.0,5.0,11.0,2.0,3.142857142857143,0.0
Gurdaspur,Punjab,2024-11-28,0,2024,11,28,59,17.29,45.56,1.14,0.0,1.0,1.0,4.0,0.6666666666666666,1.7142857142857142,0.0
Gurdaspur,Punjab,2024-11-29,0,2024,11,29,60,17.56,43.75,1.03,0.0,0.0,0.0,1.0,0.3333333333333333,1.1428571428571428,3.0
Gurdaspur,Punjab,2024-11-30,3,2024,11,30,61,16.58,44.86,1.14,0.0,0.0,1.0,0.0,0.3333333333333333,1.0,1.0
Gurdaspur,Punjab,2025-10-01,1,2025,10,1,1,27.48,76.7,1.0,0.08,3.0,0.0,5.0,1.0,1.4285714285714286,0.0
Gurdaspur,Punjab,2025-10-02,0,2025,10,2,2,27.78,75.84,1.01,0.38,1.0,0.0,1.0,1.3333333333333333,0.8571428571428571,1.0
Gurdaspur,Punjab,2025-10-03,1,2025,10,3,3,26.82,81.07,0.95,2.9,0.0,3.0,0.0,1.3333333333333333,0.7142857142857143,0.0
Gurdaspur,Punjab,2025-10-04,0,2025,10,4,4,26.33,79.53,1.34,0.53,1.0,1.0,1.0,0.6666666666666666,0.8571428571428571,0.0
Gurdaspur,Punjab,2025-10-05,0,2025,10,5,5,25.77,77.34,1.13,15.49,0.0,0.0,0.0,0.3333333333333333,0.7142857142857143,0.0
Gurdaspur,Punjab,2025-10-06,0,2025,10,6,6,22.36,87.4,2.37,14.78,0.0,1.0,0.0,0.3333333333333333,0.7142857142857143,0.0
Gurdaspur,Punjab,2025-10-07,0,2025,10,7,7,20.9,86.7,1.18,19.94,0.0,0.0,3.0,0.0,0.7142857142857143,0.0
Gurdaspur,Punjab,2025-10-08,0,2025,10,8,8,21.39,81.23,1.12,0.19,0.0,0.0,1.0,0.0,0.2857142857142857,0.0
Gurdaspur,Punjab,2025-10-09,0,2025,10,9,9,22.5,73.03,0.94,0.06,0.0,0.0,0.0,0.0,0.14285714285714285,1.0
Gurdaspur,Punjab,2025-10-10,1,2025,10,10,10,22.47,73.94,1.22,0.01,0.0,0.0,1.0,0.0,0.14285714285714285,1.0
Gurdaspur,Punjab,2025-10-11,1,2025,10,11,11,22.68,74.01,1.21,0.0,1.0,0.0,0.0,0.3333333333333333,0.14285714285714285,2.0
Gurdaspur,Punjab,2025-10-12,2,2025,10,12,12,22.34,72.33,1.17,0.0,1.0,0.0,0.0,0.6666666666666666,0.2857142857142857,0.0
Gurdaspur,Punjab,2025-10-13,0,2025,10,13,13,22.83,67.99,1.22,0.0,2.0,1.0,0.0,1.3333333333333333,0.5714285714285714,4.0
Gurdaspur,Punjab,2025-10-14,4,2025,10,14,14,23.27,67.82,1.06,0.0,0.0,1.0,0.0,1.0,0.5714285714285714,0.0
Gurdaspur,Punjab,2025-10-15,0,2025,10,15,15,23.82,70.43,0.87,0.0,4.0,2.0,0.0,2.0,1.1428571428571428,1.0
Gurdaspur,Punjab,2025-10-16,1,2025,10,16,16,23.84,72.18,1.26,0.0,0.0,0.0,0.0,1.3333333333333333,1.1428571428571428,2.0
Gurdaspur,Punjab,2025-10-17,2,2025,10,17,17,23.55,71.76,1.19,0.0,1.0,4.0,1.0,1.6666666666666667,1.2857142857142858,3.0
Gurdaspur,Punjab,2025-10-18,3,2025,10,18,18,23.98,67.83,1.0,0.0,2.0,0.0,1.0,1.0,1.4285714285714286,4.0
Gurdaspur,Punjab,2025-10-19,4,2025,10,19,19,24.3,65.42,1.09,0.0,3.0,1.0,2.0,2.0,1.7142857142857142,10.0
Gurdaspur,Punjab,2025-10-20,10,2025,10,20,20,23.64,61.5,1.01,0.0,4.0,2.0,0.0,3.0,2.0,11.0
Gurdaspur,Punjab,2025-10-21,11,2025,10,21,21,23.23,58.34,1.15,0.0,10.0,3.0,4.0,5.666666666666667,3.4285714285714284,18.0
Gurdaspur,Punjab,2025-10-22,18,2025,10,22,22,22.94,60.24,0.88,0.01,11.0,4.0,0.0,8.333333333333334,4.428571428571429,5.0
Gurdaspur,Punjab,2025-10-23,5,2025,10,23,23,23.05,63.4,1.22,0.0,18.0,10.0,1.0,13.0,7.0,4.0
Gurdaspur,Punjab,2025-10-24,4,2025,10,24,24,22.68,64.6,1.2,0.02,5.0,11.0,2.0,11.333333333333334,7.571428571428571,7.0
Gurdaspur,Punjab,2025-10-25,7,2025,10,25,25,22.43,63.69,0.99,0.0,4.0,18.0,3.0,9.0,7.857142857142857,23.0
Gurdaspur,Punjab,2025-10-26,23,2025,10,26,26,22.42,64.17,0.92,0.0,7.0,5.0,4.0,5.333333333333333,8.428571428571429,9.0
Gurdaspur,Punjab,2025-10-27,9,2025,10,27,27,23.56,60.7,0.73,0.0,23.0,4.0,10.0,11.333333333333334,11.142857142857142,5.0
Gurdaspur,Punjab,2025-10-28,5,2025,10,28,28,22.27,69.16,1.08,0.0,9.0,7.0,11.0,13.0,11.0,0.0
Gurdaspur,Punjab,2025-10-29,0,2025,10,29,29,21.98,71.82,1.15,0.0,5.0,23.0,18.0,12.333333333333334,10.142857142857142,5.0
Gurdaspur,Punjab,2025-10-30,5,2025,10,30,30,22.62,69.71,0.89,0.0,0.0,9.0,5.0,4.666666666666667,7.571428571428571,10.0
Gurdaspur,Punjab,2025-10-31,10,2025,10,31,31,22.53,66.09,1.21,0.0,5.0,5.0,4.0,3.3333333333333335,7.571428571428571,10.0
Gurdaspur,Punjab,2025-11-01,10,2025,11,1,32,21.68,62.57,1.24,0.0,10.0,0.0,7.0,5.0,8.428571428571429,6.0
Gurdaspur,Punjab,2025-11-02,6,2025,11,2,33,21.08,63.45,1.37,0.0,10.0,5.0,23.0,8.333333333333334,8.857142857142858,3.0
Gurdaspur,Punjab,2025-11-03,3,2025,11,3,34,20.54,62.44,1.36,0.0,6.0,10.0,9.0,8.666666666666666,6.428571428571429,5.0
Gurdaspur,Punjab,2025-11-04,5,2025,11,4,35,19.67,69.53,1.86,2.16,3.0,10.0,5.0,6.333333333333333,5.571428571428571,2.0
Gurdaspur,Punjab,2025-11-05,2,2025,11,5,36,18.87,70.89,1.65,0.26,5.0,6.0,0.0,4.666666666666667,5.571428571428571,6.0
Gurdaspur,Punjab,2025-11-06,6,2025,11,6,37,17.04,59.4,1.51,0.0,2.0,3.0,5.0,3.3333333333333335,5.857142857142857,6.0
Gurdaspur,Punjab,2025-11-07,6,2025,11,7,38,17.93,48.79,1.23,0.0,6.0,5.0,10.0,4.333333333333333,6.0,5.0
Gurdaspur,Punjab,2025-11-08,5,2025,11,8,39,18.19,48.39,1.04,0.0,6.0,2.0,10.0,4.666666666666667,5.428571428571429,4.0
Gurdaspur,Punjab,2025-11-09,4,2025,11,9,40,17.86,53.07,1.33,0.0,5.0,6.0,6.0,5.666666666666667,4.714285714285714,12.0
Gurdaspur,Punjab,2025-11-10,12,2025,11,10,41,17.85,50.39,1.18,0.0,4.0,6.0,3.0,5.0,4.428571428571429,6.0
Gurdaspur,Punjab,2025-11-11,6,2025,11,11,42,17.66,53.34,1.18,0.0,12.0,5.0,5.0,7.0,5.714285714285714,2.0
Gurdaspur,Punjab,2025-11-12,2,2025,11,12,43,17.12,54.4,1.46,0.0,6.0,4.0,2.0,7.333333333333333,5.857142857142857,0.0
Gurdaspur,Punjab,2025-11-13,0,2025,11,13,44,17.1,54.53,1.2,0.0,2.0,12.0,6.0,6.666666666666667,5.857142857142857,0.0
Gurdaspur,Punjab,2025-11-14,0,2025,11,14,45,17.1,50.56,0.91,0.0,0.0,6.0,6.0,2.6666666666666665,5.0,0.0
Gurdaspur,Punjab,2025-11-15,0,2025,11,15,46,16.93,49.56,1.07,0.0,0.0,2.0,5.0,0.6666666666666666,4.142857142857143,1.0
Gurdaspur,Punjab,2025-11-16,1,2025,11,16,47,16.3,54.88,1.26,0.0,0.0,0.0,4.0,0.0,3.4285714285714284,0.0
Gurdaspur,Punjab,2025-11-17,0,2025,11,17,48,17.0,52.31,0.95,0.0,1.0,0.0,12.0,0.3333333333333333,3.0,0.0
Gurdaspur,Punjab,2025-11-18,0,2025,11,18,49,16.47,56.65,0.97,0.0,0.0,0.0,6.0,0.3333333333333333,1.2857142857142858,0.0
Gurdaspur,Punjab,2025-11-19,0,2025,11,19,50,16.99,54.61,0.81,0.0,0.0,1.0,2.0,0.3333333333333333,0.42857142857142855,0.0
Gurdaspur,Punjab,2025-11-20,0,2025,11,20,51,17.63,56.52,0.66,0.0,0.0,0.0,0.0,0.0,0.14285714285714285,0.0
Gurdaspur,Punjab,2025-11-21,0,2025,11,21,52,17.26,61.8,0.77,0.0,0.0,0.0,0.0,0.0,0.14285714285714285,1.0
Gurdaspur,Punjab,2025-11-22,1,2025,11,22,53,16.32,63.07,1.28,0.0,0.0,0.0,0.0,0.0,0.14285714285714285,0.0
Gurdaspur,Punjab,2025-11-23,0,2025,11,23,54,15.96,55.44,0.91,0.0,1.0,0.0,1.0,0.3333333333333333,0.2857142857142857,0.0
Gurdaspur,Punjab,2025-11-24,0,2025,11,24,55,15.14,55.65,1.19,0.0,0.0,0.0,0.0,0.3333333333333333,0.14285714285714285,0.0
Gurdaspur,Punjab,2025-11-25,0,2025,11,25,56,15.04,54.94,1.07,0.0,0.0,1.0,0.0,0.3333333333333333,0.14285714285714285,0.0
Gurdaspur,Punjab,2025-11-26,0,2025,11,26,57,15.07,53.11,0.93,0.0,0.0,0.0,0.0,0.0,0.14285714285714285,0.0
Gurdaspur,Punjab,2025-11-27,0,2025,11,27,58,15.16,52.08,0.76,0.0,0.0,0.0,0.0,0.0,0.14285714285714285,0.0
Gurdaspur,Punjab,2025-11-28,0,2025,11,28,59,15.28,52.37,0.94,0.0,0.0,0.0,0.0,0.0,0.14285714285714285,1.0
Gurdaspur,Punjab,2025-11-29,1,2025,11,29,60,15.12,52.55,0.98,0.0,0.0,0.0,1.0,0.0,0.14285714285714285,0.0
Gurugram,Haryana,2023-10-08,0,2023,10,8,8,29.09,52.93,1.6,0.0,0.0,0.0,0.0,0.0,0.42857142857142855,2.0
Gurugram,Haryana,2023-10-09,2,2023,10,9,9,29.46,56.01,1.73,0.0,0.0,0.0,0.0,0.0,0.42857142857142855,0.0
Gurugram,Haryana,2023-10-10,0,2023,10,10,10,28.7,54.27,1.3,0.0,2.0,0.0,0.0,0.6666666666666666,0.7142857142857143,0.0
Gurugram,Haryana,2023-10-11,0,2023,10,11,11,26.75,52.31,1.82,0.0,0.0,0.0,3.0,0.6666666666666666,0.7142857142857143,1.0
Gurugram,Haryana,2023-10-12,1,2023,10,12,12,26.49,47.72,1.3,0.0,0.0,2.0,0.0,0.6666666666666666,0.2857142857142857,3.0
Gurugram,Haryana,2023-10-13,3,2023,10,13,13,27.22,46.34,1.3,0.0,1.0,0.0,0.0,0.3333333333333333,0.42857142857142855,0.0
Gurugram,Haryana,2023-10-14,0,2023,10,14,14,27.69,46.75,1.35,0.0,3.0,0.0,0.0,1.3333333333333333,0.8571428571428571,1.0
Gurugram,Haryana,2023-10-15,1,2023,10,15,15,27.46,49.55,0.87,0.18,0.0,1.0,0.0,1.3333333333333333,0.8571428571428571,0.0
Gurugram,Haryana,2023-10-16,0,2023,10,16,16,24.34,66.25,1.91,6.01,1.0,3.0,2.0,1.3333333333333333,1.0,0.0
Gurugram,Haryana,2023-10-17,0,2023,10,17,17,23.73,64.28,2.22,1.77,0.0,0.0,0.0,0.3333333333333333,0.7142857142857143,0.0
Gurugram,Haryana,2023-10-18,0,2023,10,18,18,23.57,57.91,2.3,0.0,0.0,1.0,0.0,0.3333333333333333,0.7142857142857143,0.0
Gurugram,Haryana,2023-10-19,0,2023,10,19,19,23.21,56.08,1.75,0.0,0.0,0.0,1.0,0.0,0.7142857142857143,0.0
Gurugram,Haryana,2023-10-20,0,2023,10,20,20,23.42,54.75,1.29,0.0,0.0,0.0,3.0,0.0,0.5714285714285714,1.0
Gurugram,Haryana,2023-10-21,1,2023,10,21,21,23.25,51.85,1.3,0.0,0.0,0.0,0.0,0.0,0.14285714285714285,0.0
Gurugram,Haryana,2023-10-22,0,2023,10,22,22,23.76,49.24,1.3,0.0,1.0,0.0,1.0,0.3333333333333333,0.2857142857142857,1.0
Gurugram,Haryana,2023-10-23,1,2023,10,23,23,23.45,56.15,1.61,0.0,0.0,0.0,0.0,0.3333333333333333,0.14285714285714285,0.0
Gurugram,Haryana,2023-10-24,0,2023,10,24,24,23.96,55.19,1.56,0.0,1.0,1.0,0.0,0.6666666666666666,0.2857142857142857,0.0
Gurugram,Haryana,2023-10-25,0,2023,10,25,25,23.82,53.42,1.89,0.0,0.0,0.0,0.0,0.3333333333333333,0.2857142857142857,5.0
Gurugram,Haryana,2023-10-26,5,2023,10,26,26,23.23,51.36,1.7,0.0,0.0,1.0,0.0,0.3333333333333333,0.2857142857142857,0.0
Gurugram,Haryana,2023-10-27,0,2023,10,27,27,23.88,40.97,1.43,0.0,5.0,0.0,0.0,1.6666666666666667,1.0,0.0
Gurugram,Haryana,2023-10-28,0,2023,10,28,28,24.2,44.27,1.29,0.0,0.0,0.0,1.0,1.6666666666666667,1.0,0.0
Gurugram,Haryana,2023-10-29,0,2023,10,29,29,24.97,43.85,1.25,0.0,0.0,5.0,0.0,1.6666666666666667,0.8571428571428571,0.0
Gurugram,Haryana,2023-10-30,0,2023,10,30,30,24.56,48.83,1.37,0.0,0.0,0.0,1.0,0.0,0.8571428571428571,0.0
Gurugram,Haryana,2023-10-31,0,2023,10,31,31,24.26,51.21,1.22,0.0,0.0,0.0,0.0,0.0,0.7142857142857143,1.0
Gurugram,Haryana,2023-11-01,1,2023,11,1,32,24.42,46.08,1.21,0.0,0.0,0.0,0.0,0.0,0.7142857142857143,0.0
Gurugram,Haryana,2023-11-02,0,2023,11,2,33,23.73,47.72,1.21,0.0,1.0,0.0,5.0,0.3333333333333333,0.8571428571428571,0.0
Gurugram,Haryana,2023-11-03,0,2023,11,3,34,23.91,50.38,1.22,0.0,0.0,0.0,0.0,0.3333333333333333,0.14285714285714285,0.0
Gurugram,Haryana,2023-11-04,0,2023,11,4,35,23.72,53.73,1.27,0.0,0.0,1.0,0.0,0.3333333333333333,0.14285714285714285,0.0
Gurugram,Haryana,2023-11-05,0,2023,11,5,36,23.05,43.88,1.09,0.0,0.0,0.0,0.0,0.0,0.14285714285714285,1.0
Gurugram,Haryana,2023-11-06,1,2023,11,6,37,22.7,41.2,1.2,0.0,0.0,0.0,0.0,0.0,0.14285714285714285,0.0
Gurugram,Haryana,2023-11-07,0,2023,11,7,38,22.82,40.87,1.06,0.0,1.0,0.0,0.0,0.3333333333333333,0.2857142857142857,0.0
Gurugram,Haryana,2023-11-08,0,2023,11,8,39,22.84,53.71,1.34,0.0,0.0,0.0,1.0,0.3333333333333333,0.2857142857142857,0.0
Gurugram,Haryana,2023-11-09,0,2023,11,9,40,23.99,49.79,1.25,0.01,0.0,1.0,0.0,0.3333333333333333,0.14285714285714285,0.0
Gurugram,Haryana,2023-11-10,0,2023,11,10,41,21.32,60.33,1.5,5.27,0.0,0.0,0.0,0.0,0.14285714285714285,0.0
Gurugram,Haryana,2023-11-11,0,2023,11,11,42,19.55,63.21,2.04,0.32,0.0,0.0,0.0,0.0,0.14285714285714285,0.0
Gurugram,Haryana,2023-11-12,0,2023,11,12,43,19.48,62.66,1.74,0.0,0.0,0.0,0.0,0.0,0.14285714285714285,0.0
Gurugram,Haryana,2023-11-13,0,2023,11,13,44,19.63,54.31,1.12,0.0,0.0,0.0,1.0,0.0,0.14285714285714285,3.0
Gurugram,Haryana,2023-11-14,3,2023,11,14,45,19.2,47.48,1.24,0.0,0.0,0.0,0.0,0.0,0.0,0.0
Gurugram,Haryana,2023-11-15,0,2023,11,15,46,18.48,54.64,1.43,0.0,3.0,0.0,0.0,1.0,0.42857142857142855,0.0
Gurugram,Haryana,2023-11-16,0,2023,11,16,47,19.94,53.26,0.98,0.0,0.0,0.0,0.0,1.0,0.42857142857142855,0.0
Gurugram,Haryana,2023-11-17,0,2023,11,17,48,20.91,52.18,1.09,0.0,0.0,3.0,0.0,1.0,0.42857142857142855,0.0
Gurugram,Haryana,2023-11-18,0,2023,11,18,49,20.13,51.16,1.11,0.0,0.0,0.0,0.0,0.0,0.42857142857142855,0.0
Gurugram,Haryana,2023-11-19,0,2023,11,19,50,19.98,45.74,1.18,0.0,0.0,0.0,0.0,0.0,0.42857142857142855,0.0
Gurugram,Haryana,2023-11-20,0,2023,11,20,51,19.91,49.29,1.13,0.0,0.0,0.0,0.0,0.0,0.42857142857142855,0.0
Gurugram,Haryana,2023-11-21,0,2023,11,21,52,18.56,56.66,2.05,0.0,0.0,0.0,3.0,0.0,0.42857142857142855,0.0
Gurugram,Haryana,2023-11-22,0,2023,11,22,53,17.93,51.89,1.91,0.0,0.0,0.0,0.0,0.0,0.0,2.0
Gurugram,Haryana,2023-11-23,2,2023,11,23,54,19.21,41.91,0.72,0.0,0.0,0.0,0.0,0.0,0.0,0.0
Gurugram,Haryana,2023-11-24,0,2023,11,24,55,18.69,45.66,0.92,0.0,2.0,0.0,0.0,0.6666666666666666,0.2857142857142857,0.0
Gurugram,Haryana,2023-11-25,0,2023,11,25,56,18.9,45.25,0.85,0.0,0.0,0.0,0.0,0.6666666666666666,0.2857142857142857,0.0
Gurugram,Haryana,2023-11-26,0,2023,11,26,57,18.79,47.22,1.5,0.0,0.0,2.0,0.0,0.6666666666666666,0.2857142857142857,0.0
Gurugram,Haryana,2023-11-27,0,2023,11,27,58,17.23,51.52,1.81,0.06,0.0,0.0,0.0,0.0,0.2857142857142857,0.0
Gurugram,Haryana,2023-11-28,0,2023,11,28,59,17.93,58.44,1.4,3.68,0.0,0.0,0.0,0.0,0.2857142857142857,0.0
Gurugram,Haryana,2023-11-29,0,2023,11,29,60,18.27,58.99,1.06,0.08,0.0,0.0,0.0,0.0,0.2857142857142857,0.0
Gurugram,Haryana,2023-11-30,0,2023,11,30,61,19.0,63.8,1.25,0.01,0.0,0.0,2.0,0.0,0.2857142857142857,0.0
Gurugram,Haryana,2024-10-01,0,2024,10,1,1,28.21,70.35,1.71,0.0,0.0,0.0,0.0,0.0,0.0,0.0
Gurugram,Haryana,2024-10-02,0,2024,10,2,2,28.03,67.87,2.0,0.0,0.0,0.0,0.0,0.0,0.0,0.0
Gurugram,Haryana,2024-10-03,0,2024,10,3,3,27.95,62.69,1.96,0.0,0.0,0.0,0.0,0.0,0.0,1.0
Gurugram,Haryana,2024-10-04,1,2024,10,4,4,27.85,70.42,1.67,0.32,0.0,0.0,0.0,0.0,0.0,0.0
Gurugram,Haryana,2024-10-05,0,2024,10,5,5,28.38,70.48,1.84,0.21,1.0,0.0,0.0,0.3333333333333333,0.14285714285714285,1.0
Gurugram,Haryana,2024-10-06,1,2024,10,6,6,26.86,69.46,1.65,0.0,0.0,0.0,0.0,0.3333333333333333,0.14285714285714285,0.0
Gurugram,Haryana,2024-10-07,0,2024,10,7,7,26.78,66.38,1.11,0.0,1.0,1.0,0.0,0.6666666666666666,0.2857142857142857,1.0
Gurugram,Haryana,2024-10-08,1,2024,10,8,8,26.58,65.41,0.89,0.0,0.0,0.0,0.0,0.3333333333333333,0.2857142857142857,0.0
Gurugram,Haryana,2024-10-09,0,2024,10,9,9,27.26,58.6,0.84,0.0,1.0,1.0,0.0,0.6666666666666666,0.42857142857142855,0.0
Gurugram,Haryana,2024-10-10,0,2024,10,10,10,26.53,62.36,1.42,0.0,0.0,0.0,0.0,0.3333333333333333,0.42857142857142855,0.0
Gurugram,Haryana,2024-10-11,0,2024,10,11,11,25.49,56.26,1.49,0.0,0.0,1.0,1.0,0.3333333333333333,0.42857142857142855,3.0
Gurugram,Haryana,2024-10-12,3,2024,10,12,12,25.35,52.44,1.33,0.0,0.0,0.0,0.0,0.0,0.2857142857142857,2.0
Gurugram,Haryana,2024-10-13,2,2024,10,13,13,24.91,59.89,1.16,0.0,3.0,0.0,1.0,1.0,0.7142857142857143,0.0
Gurugram,Haryana,2024-10-14,0,2024,10,14,14,26.07,62.75,1.4,0.0,2.0,0.0,0.0,1.6666666666666667,0.8571428571428571,0.0
Gurugram,Haryana,2024-10-15,0,2024,10,15,15,26.2,49.19,1.36,0.0,0.0,3.0,1.0,1.6666666666666667,0.8571428571428571,0.0
Gurugram,Haryana,2024-10-16,0,2024,10,16,16,26.2,49.34,1.3,0.0,0.0,2.0,0.0,0.6666666666666666,0.7142857142857143,4.0
Gurugram,Haryana,2024-10-17,4,2024,10,17,17,26.4,53.59,1.18,0.0,0.0,0.0,0.0,0.0,0.7142857142857143,0.0
Gurugram,Haryana,2024-10-18,0,2024,10,18,18,26.25,57.36,1.09,0.0,4.0,0.0,0.0,1.3333333333333333,1.2857142857142858,4.0
Gurugram,Haryana,2024-10-19,4,2024,10,19,19,26.24,61.9,1.46,0.0,0.0,0.0,3.0,1.3333333333333333,1.2857142857142858,2.0
Gurugram,Haryana,2024-10-20,2,2024,10,20,20,25.89,58.38,0.95,0.0,4.0,4.0,2.0,2.6666666666666665,1.4285714285714286,1.0
Gurugram,Haryana,2024-10-21,1,2024,10,21,21,25.43,68.04,0.88,0.26,2.0,0.0,0.0,2.0,1.4285714285714286,0.0
Gurugram,Haryana,2024-10-22,0,2024,10,22,22,25.51,66.85,1.05,0.02,1.0,4.0,0.0,2.3333333333333335,1.5714285714285714,4.0
Gurugram,Haryana,2024-10-23,4,2024,10,23,23,25.56,58.3,1.51,0.0,0.0,2.0,0.0,1.0,1.5714285714285714,4.0
Gurugram,Haryana,2024-10-24,4,2024,10,24,24,24.91,60.45,2.35,0.0,4.0,1.0,4.0,1.6666666666666667,2.142857142857143,1.0
Gurugram,Haryana,2024-10-25,1,2024,10,25,25,25.85,55.55,1.97,0.0,4.0,0.0,0.0,2.6666666666666665,2.142857142857143,1.0
Gurugram,Haryana,2024-10-26,1,2024,10,26,26,25.3,55.51,1.71,0.0,1.0,4.0,4.0,3.0,2.2857142857142856,1.0
Gurugram,Haryana,2024-10-27,1,2024,10,27,27,24.82,63.31,1.42,0.0,1.0,4.0,2.0,2.0,1.8571428571428572,0.0
Gurugram,Haryana,2024-10-28,0,2024,10,28,28,24.99,74.01,2.06,0.0,1.0,1.0,1.0,1.0,1.7142857142857142,0.0
Gurugram,Haryana,2024-10-29,0,2024,10,29,29,26.42,68.99,1.33,0.0,0.0,1.0,0.0,0.6666666666666666,1.5714285714285714,1.0
Gurugram,Haryana,2024-10-30,1,2024,10,30,30,28.0,50.74,1.11,0.0,0.0,1.0,4.0,0.3333333333333333,1.5714285714285714,2.0
Gurugram,Haryana,2024-10-31,2,2024,10,31,31,25.78,54.21,1.83,0.0,1.0,0.0,4.0,0.3333333333333333,1.1428571428571428,2.0
Gurugram,Haryana,2024-11-01,2,2024,11,1,32,24.59,46.65,2.13,0.0,2.0,0.0,1.0,1.0,0.8571428571428571,2.0
Gurugram,Haryana,2024-11-02,2,2024,11,2,33,24.81,49.57,1.22,0.0,2.0,1.0,1.0,1.6666666666666667,1.0,1.0
Gurugram,Haryana,2024-11-03,1,2024,11,3,34,23.91,56.14,1.17,0.0,2.0,2.0,1.0,2.0,1.1428571428571428,1.0
Gurugram,Haryana,2024-11-04,1,2024,11,4,35,23.37,57.7,1.09,0.0,1.0,2.0,0.0,1.6666666666666667,1.1428571428571428,0.0
Gurugram,Haryana,2024-11-05,0,2024,11,5,36,22.84,67.02,1.55,0.0,1.0,2.0,0.0,1.3333333333333333,1.2857142857142858,0.0
Gurugram,Haryana,2024-11-06,0,2024,11,6,37,23.35,63.72,1.27,0.0,0.0,1.0,1.0,0.6666666666666666,1.2857142857142858,0.0
Gurugram,Haryana,2024-11-07,0,2024,11,7,38,23.43,66.89,1.34,0.0,0.0,1.0,2.0,0.3333333333333333,1.1428571428571428,0.0
Gurugram,Haryana,2024-11-08,0,2024,11,8,39,23.65,68.52,1.28,0.0,0.0,0.0,2.0,0.0,0.8571428571428571,0.0
Gurugram,Haryana,2024-11-09,0,2024,11,9,40,23.89,70.38,1.78,0.0,0.0,0.0,2.0,0.0,0.5714285714285714,0.0
Gurugram,Haryana,2024-11-10,0,2024,11,10,41,23.95,59.86,1.11,0.0,0.0,0.0,1.0,0.0,0.2857142857142857,0.0
Gurugram,Haryana,2024-11-11,0,2024,11,11,42,24.62,56.06,0.87,0.0,0.0,0.0,1.0,0.0,0.14285714285714285,0.0
Gurugram,Haryana,2024-11-12,0,2024,11,12,43,23.9,51.68,1.34,0.0,0.0,0.0,0.0,0.0,0.0,0.0
Gurugram,Haryana,2024-11-13,0,2024,11,13,44,22.15,50.21,1.35,0.0,0.0,0.0,0.0,0.0,0.0,0.0
Gurugram,Haryana,2024-11-14,0,2024,11,14,45,22.48,47.15,0.92,0.0,0.0,0.0,0.0,0.0,0.0,0.0
Gurugram,Haryana,2024-11-15,0,2024,11,15,46,22.32,48.48,1.47,0.0,0.0,0.0,0.0,0.0,0.0,0.0
Gurugram,Haryana,2024-11-16,0,2024,11,16,47,21.94,47.82,1.45,0.0,0.0,0.0,0.0,0.0,0.0,0.0
Gurugram,Haryana,2024-11-17,0,2024,11,17,48,21.33,51.29,1.18,0.0,0.0,0.0,0.0,0.0,0.0,0.0
Gurugram,Haryana,2024-11-18,0,2024,11,18,49,19.34,49.74,1.34,0.0,0.0,0.0,0.0,0.0,0.0,0.0
Gurugram,Haryana,2024-11-19,0,2024,11,19,50,18.77,44.89,1.67,0.0,0.0,0.0,0.0,0.0,0.0,0.0
Gurugram,Haryana,2024-11-20,0,2024,11,20,51,19.11,40.64,1.27,0.0,0.0,0.0,0.0,0.0,0.0,0.0
Gurugram,Haryana,2024-11-21,0,2024,11,21,52,19.57,36.85,1.2,0.0,0.0,0.0,0.0,0.0,0.0,0.0
Gurugram,Haryana,2024-11-22,0,2024,11,22,53,18.96,40.81,1.46,0.0,0.0,0.0,0.0,0.0,0.0,0.0
Gurugram,Haryana,2024-11-23,0,2024,11,23,54,19.01,47.51,1.5,0.0,0.0,0.0,0.0,0.0,0.0,0.0
Gurugram,Haryana,2024-11-24,0,2024,11,24,55,19.51,48.07,2.01,0.0,0.0,0.0,0.0,0.0,0.0,0.0
Gurugram,Haryana,2024-11-25,0,2024,11,25,56,18.25,49.88,1.89,0.0,0.0,0.0,0.0,0.0,0.0,0.0
Gurugram,Haryana,2024-11-26,0,2024,11,26,57,18.15,45.09,1.77,0.0,0.0,0.0,0.0,0.0,0.0,0.0
Gurugram,Haryana,2024-11-27,0,2024,11,27,58,18.93,45.57,1.48,0.0,0.0,0.0,0.0,0.0,0.0,0.0
Gurugram,Haryana,2024-11-28,0,2024,11,28,59,19.28,40.02,0.77,0.0,0.0,0.0,0.0,0.0,0.0,0.0
Gurugram,Haryana,2024-11-29,0,2024,11,29,60,18.67,41.59,1.03,0.0,0.0,0.0,0.0,0.0,0.0,0.0
Gurugram,Haryana,2024-11-30,0,2024,11,30,61,17.94,45.74,1.56,0.0,0.0,0.0,0.0,0.0,0.0,0.0
Gurugram,Haryana,2025-10-01,0,2025,10,1,1,26.96,77.49,0.91,0.37,0.0,0.0,0.0,0.0,0.0,1.0
Gurugram,Haryana,2025-10-02,1,2025,10,2,2,26.47,80.32,1.52,4.87,0.0,0.0,0.0,0.0,0.0,0.0
Gurugram,Haryana,2025-10-03,0,2025,10,3,3,26.29,82.6,1.35,0.0,1.0,0.0,0.0,0.3333333333333333,0.14285714285714285,0.0
Gurugram,Haryana,2025-10-04,0,2025,10,4,4,27.54,72.0,1.42,0.0,0.0,0.0,0.0,0.3333333333333333,0.14285714285714285,0.0
Gurugram,Haryana,2025-10-05,0,2025,10,5,5,27.23,67.6,1.25,3.06,0.0,1.0,0.0,0.3333333333333333,0.14285714285714285,0.0
Gurugram,Haryana,2025-10-06,0,2025,10,6,6,24.95,82.62,1.38,11.63,0.0,0.0,0.0,0.0,0.14285714285714285,0.0
Gurugram,Haryana,2025-10-07,0,2025,10,7,7,23.85,85.99,2.0,21.21,0.0,0.0,0.0,0.0,0.14285714285714285,3.0
Gurugram,Haryana,2025-10-08,3,2025,10,8,8,21.71,80.29,1.56,0.68,0.0,0.0,0.0,0.0,0.14285714285714285,0.0
Gurugram,Haryana,2025-10-09,0,2025,10,9,9,21.87,72.79,1.6,0.0,3.0,0.0,1.0,1.0,0.5714285714285714,0.0
Gurugram,Haryana,2025-10-10,0,2025,10,10,10,22.55,63.72,1.1,0.0,0.0,0.0,0.0,1.0,0.42857142857142855,0.0
Gurugram,Haryana,2025-10-11,0,2025,10,11,11,23.41,59.3,0.91,0.0,0.0,3.0,0.0,1.0,0.42857142857142855,1.0
Gurugram,Haryana,2025-10-12,1,2025,10,12,12,23.84,64.95,1.23,0.0,0.0,0.0,0.0,0.0,0.42857142857142855,0.0
Gurugram,Haryana,2025-10-13,0,2025,10,13,13,24.44,52.02,0.73,0.0,1.0,0.0,0.0,0.3333333333333333,0.5714285714285714,1.0
Gurugram,Haryana,2025-10-14,1,2025,10,14,14,23.56,55.46,0.88,0.0,0.0,0.0,0.0,0.3333333333333333,0.5714285714285714,0.0
Gurugram,Haryana,2025-10-15,0,2025,10,15,15,23.27,58.16,1.08,0.0,1.0,1.0,3.0,0.6666666666666666,0.7142857142857143,0.0
Gurugram,Haryana,2025-10-16,0,2025,10,16,16,23.65,53.72,0.98,0.0,0.0,0.0,0.0,0.3333333333333333,0.2857142857142857,0.0
Gurugram,Haryana,2025-10-17,0,2025,10,17,17,24.51,54.3,0.76,0.0,0.0,1.0,0.0,0.3333333333333333,0.2857142857142857,0.0
Gurugram,Haryana,2025-10-18,0,2025,10,18,18,23.86,61.49,1.05,0.0,0.0,0.0,0.0,0.0,0.2857142857142857,0.0
Gurugram,Haryana,2025-10-19,0,2025,10,19,19,23.6,64.0,1.34,0.0,0.0,0.0,1.0,0.0,0.2857142857142857,1.0
Gurugram,Haryana,2025-10-20,1,2025,10,20,20,23.7,65.69,1.54,0.0,0.0,0.0,0.0,0.0,0.14285714285714285,0.0
Gurugram,Haryana,2025-10-21,0,2025,10,21,21,24.21,69.31,1.13,0.0,1.0,0.0,1.0,0.3333333333333333,0.2857142857142857,0.0
Gurugram,Haryana,2025-10-22,0,2025,10,22,22,24.86,63.31,1.1,0.0,0.0,0.0,0.0,0.3333333333333333,0.14285714285714285,0.0
Gurugram,Haryana,2025-10-23,0,2025,10,23,23,24.54,51.42,1.04,0.0,0.0,1.0,0.0,0.3333333333333333,0.14285714285714285,0.0
Gurugram,Haryana,2025-10-24,0,2025,10,24,24,23.8,51.39,1.02,0.0,0.0,0.0,0.0,0.0,0.14285714285714285,0.0
Gurugram,Haryana,2025-10-25,0,2025,10,25,25,23.05,51.25,1.2,0.0,0.0,0.0,0.0,0.0,0.14285714285714285,0.0
Gurugram,Haryana,2025-10-26,0,2025,10,26,26,22.24,57.38,1.36,0.0,0.0,0.0,0.0,0.0,0.14285714285714285,0.0
Gurugram,Haryana,2025-10-27,0,2025,10,27,27,22.51,63.07,1.53,0.15,0.0,0.0,1.0,0.0,0.14285714285714285,0.0
Gurugram,Haryana,2025-10-28,0,2025,10,28,28,21.54,72.3,1.36,0.0,0.0,0.0,0.0,0.0,0.0,0.0
Gurugram,Haryana,2025-10-29,0,2025,10,29,29,22.84,68.47,1.01,0.0,0.0,0.0,0.0,0.0,0.0,0.0
Gurugram,Haryana,2025-10-30,0,2025,10,30,30,22.9,76.37,1.2,0.8,0.0,0.0,0.0,0.0,0.0,0.0
Gurugram,Haryana,2025-10-31,0,2025,10,31,31,24.23,70.72,1.52,0.01,0.0,0.0,0.0,0.0,0.0,0.0
Gurugram,Haryana,2025-11-01,0,2025,11,1,32,23.68,57.03,1.36,0.0,0.0,0.0,0.0,0.0,0.0,1.0
Gurugram,Haryana,2025-11-02,1,2025,11,2,33,22.51,54.49,1.83,0.0,0.0,0.0,0.0,0.0,0.0,0.0
Gurugram,Haryana,2025-11-03,0,2025,11,3,34,22.05,47.42,2.14,0.0,1.0,0.0,0.0,0.3333333333333333,0.14285714285714285,1.0
Gurugram,Haryana,2025-11-04,1,2025,11,4,35,20.5,56.24,1.42,0.01,0.0,0.0,0.0,0.3333333333333333,0.14285714285714285,0.0
Gurugram,Haryana,2025-11-05,0,2025,11,5,36,21.03,56.94,1.52,0.0,1.0,1.0,0.0,0.6666666666666666,0.2857142857142857,0.0
Gurugram,Haryana,2025-11-06,0,2025,11,6,37,18.14,54.34,2.24,0.0,0.0,0.0,0.0,0.3333333333333333,0.2857142857142857,0.0
Gurugram,Haryana,2025-11-07,0,2025,11,7,38,17.11,46.83,2.17,0.0,0.0,1.0,0.0,0.3333333333333333,0.2857142857142857,0.0
Gurugram,Haryana,2025-11-08,0,2025,11,8,39,16.9,45.39,1.79,0.0,0.0,0.0,0.0,0.0,0.2857142857142857,0.0
Gurugram,Haryana,2025-11-09,0,2025,11,9,40,17.56,45.74,1.77,0.0,0.0,0.0,1.0,0.0,0.2857142857142857,0.0
Gurugram,Haryana,2025-11-10,0,2025,11,10,41,18.4,43.15,1.32,0.0,0.0,0.0,0.0,0.0,0.14285714285714285,0.0
Gurugram,Haryana,2025-11-11,0,2025,11,11,42,17.98,43.35,1.5,0.0,0.0,0.0,1.0,0.0,0.14285714285714285,0.0
Gurugram,Haryana,2025-11-12,0,2025,11,12,43,17.34,48.61,1.92,0.0,0.0,0.0,0.0,0.0,0.0,0.0
Gurugram,Haryana,2025-11-13,0,2025,11,13,44,17.06,47.62,1.57,0.0,0.0,0.0,0.0,0.0,0.0,0.0
Gurugram,Haryana,2025-11-14,0,2025,11,14,45,17.64,43.32,1.49,0.0,0.0,0.0,0.0,0.0,0.0,0.0
Gurugram,Haryana,2025-11-15,0,2025,11,15,46,17.92,39.99,1.59,0.0,0.0,0.0,0.0,0.0,0.0,0.0
Gurugram,Haryana,2025-11-16,0,2025,11,16,47,17.08,40.98,1.87,0.0,0.0,0.0,0.0,0.0,0.0,1.0
Gurugram,Haryana,2025-11-17,1,2025,11,17,48,17.29,40.87,1.59,0.0,0.0,0.0,0.0,0.0,0.0,0.0
Gurugram,Haryana,2025-11-18,0,2025,11,18,49,17.97,41.2,1.41,0.0,1.0,0.0,0.0,0.3333333333333333,0.14285714285714285,0.0
Gurugram,Haryana,2025-11-19,0,2025,11,19,50,18.26,46.42,1.08,0.0,0.0,0.0,0.0,0.3333333333333333,0.14285714285714285,0.0
Gurugram,Haryana,2025-11-20,0,2025,11,20,51,17.21,61.16,1.37,0.0,0.0,1.0,0.0,0.3333333333333333,0.14285714285714285,1.0
Gurugram,Haryana,2025-11-21,1,2025,11,21,52,17.51,63.79,1.48,0.0,0.0,0.0,0.0,0.0,0.14285714285714285,0.0
Gurugram,Haryana,2025-11-22,0,2025,11,22,53,18.73,51.77,1.18,0.0,1.0,0.0,0.0,0.3333333333333333,0.2857142857142857,0.0
Gurugram,Haryana,2025-11-23,0,2025,11,23,54,18.79,42.28,0.82,0.0,0.0,0.0,0.0,0.3333333333333333,0.2857142857142857,0.0
Gurugram,Haryana,2025-11-24,0,2025,11,24,55,17.78,43.25,0.94,0.0,0.0,1.0,1.0,0.3333333333333333,0.2857142857142857,0.0
Gurugram,Haryana,2025-11-25,0,2025,11,25,56,16.45,43.2,1.4,0.0,0.0,0.0,0.0,0.0,0.14285714285714285,0.0
Gurugram,Haryana,2025-11-26,0,2025,11,26,57,16.44,42.74,0.9,0.0,0.0,0.0,0.0,0.0,0.14285714285714285,0.0
Gurugram,Haryana,2025-11-27,0,2025,11,27,58,17.41,39.76,0.86,0.0,0.0,0.0,0.0,0.0,0.14285714285714285,0.0
Gurugram,Haryana,2025-11-28,0,2025,11,28,59,17.72,48.0,1.19,0.0,0.0,0.0,1.0,0.0,0.14285714285714285,0.0
Gurugram,Haryana,2025-11-29,0,2025,11,29,60,16.73,53.16,1.85,0.0,0.0,0.0,0.0,0.0,0.0,0.0
Hisar,Haryana,2023-10-08,14,2023,10,8,8,30.94,43.88,1.84,0.0,8.0,6.0,1.0,6.333333333333333,4.857142857142857,9.0
Hisar,Haryana,2023-10-09,9,2023,10,9,9,31.03,44.26,2.06,0.25,14.0,5.0,1.0,9.0,6.714285714285714,14.0
Hisar,Haryana,2023-10-10,14,2023,10,10,10,29.13,44.95,1.59,0.6,9.0,8.0,5.0,10.333333333333334,7.857142857142857,4.0
Hisar,Haryana,2023-10-11,4,2023,10,11,11,27.39,46.23,1.67,0.0,14.0,14.0,8.0,12.333333333333334,9.142857142857142,15.0
Hisar,Haryana,2023-10-12,15,2023,10,12,12,27.65,35.88,1.62,0.0,4.0,9.0,6.0,9.0,8.571428571428571,12.0
Hisar,Haryana,2023-10-13,12,2023,10,13,13,28.88,37.79,1.65,0.0,15.0,14.0,5.0,11.0,9.857142857142858,25.0
Hisar,Haryana,2023-10-14,25,2023,10,14,14,28.93,36.74,1.63,0.0,12.0,4.0,8.0,10.333333333333334,10.857142857142858,16.0
Hisar,Haryana,2023-10-15,16,2023,10,15,15,27.8,43.61,1.45,0.79,25.0,15.0,14.0,17.333333333333332,13.285714285714286,3.0
Hisar,Haryana,2023-10-16,3,2023,10,16,16,24.83,66.54,1.96,97.9,16.0,12.0,9.0,17.666666666666668,13.571428571428571,1.0
Hisar,Haryana,2023-10-17,1,2023,10,17,17,23.21,72.95,2.65,4.76,3.0,25.0,14.0,14.666666666666666,12.714285714285714,4.0
Hisar,Haryana,2023-10-18,4,2023,10,18,18,22.88,65.93,1.77,0.0,1.0,16.0,4.0,6.666666666666667,10.857142857142858,11.0
Hisar,Haryana,2023-10-19,11,2023,10,19,19,23.39,58.14,1.3,0.0,4.0,3.0,15.0,2.6666666666666665,10.857142857142858,16.0
Hisar,Haryana,2023-10-20,16,2023,10,20,20,23.45,57.04,1.12,0.0,11.0,1.0,12.0,5.333333333333333,10.285714285714286,19.0
Hisar,Haryana,2023-10-21,19,2023,10,21,21,23.71,54.67,1.25,0.0,16.0,4.0,25.0,10.333333333333334,10.857142857142858,8.0
Hisar,Haryana,2023-10-22,8,2023,10,22,22,23.67,53.65,1.45,0.13,19.0,11.0,16.0,15.333333333333334,10.0,17.0
Hisar,Haryana,2023-10-23,17,2023,10,23,23,23.23,60.26,1.4,0.06,8.0,16.0,3.0,14.333333333333334,8.857142857142858,27.0
Hisar,Haryana,2023-10-24,27,2023,10,24,24,24.12,57.44,1.24,0.0,17.0,19.0,1.0,14.666666666666666,10.857142857142858,13.0
Hisar,Haryana,2023-10-25,13,2023,10,25,25,23.88,54.79,1.57,0.0,27.0,8.0,4.0,17.333333333333332,14.571428571428571,25.0
Hisar,Haryana,2023-10-26,25,2023,10,26,26,24.11,45.19,1.39,0.0,13.0,17.0,11.0,19.0,15.857142857142858,14.0
Hisar,Haryana,2023-10-27,14,2023,10,27,27,24.78,39.96,1.29,0.0,25.0,27.0,16.0,21.666666666666668,17.857142857142858,21.0
Hisar,Haryana,2023-10-28,21,2023,10,28,28,24.33,46.33,1.29,0.0,14.0,13.0,19.0,17.333333333333332,17.571428571428573,19.0
Hisar,Haryana,2023-10-29,19,2023,10,29,29,25.36,47.03,1.42,0.0,21.0,25.0,8.0,20.0,17.857142857142858,10.0
Hisar,Haryana,2023-10-30,10,2023,10,30,30,24.54,51.81,1.56,0.0,19.0,14.0,17.0,18.0,19.428571428571427,16.0
Hisar,Haryana,2023-10-31,16,2023,10,31,31,23.91,54.57,1.51,0.0,10.0,21.0,27.0,16.666666666666668,18.428571428571427,5.0
Hisar,Haryana,2023-11-01,5,2023,11,1,32,23.59,53.18,1.46,0.0,16.0,19.0,13.0,15.0,16.857142857142858,2.0
Hisar,Haryana,2023-11-02,2,2023,11,2,33,23.46,54.32,1.16,0.0,5.0,10.0,25.0,10.333333333333334,15.714285714285714,11.0
Hisar,Haryana,2023-11-03,11,2023,11,3,34,23.71,57.48,1.09,0.0,2.0,16.0,14.0,7.666666666666667,12.428571428571429,1.0
Hisar,Haryana,2023-11-04,1,2023,11,4,35,23.22,61.0,1.33,0.0,11.0,5.0,21.0,6.0,12.0,11.0
Hisar,Haryana,2023-11-05,11,2023,11,5,36,22.96,49.46,1.31,0.0,1.0,2.0,19.0,4.666666666666667,9.142857142857142,5.0
Hisar,Haryana,2023-11-06,5,2023,11,6,37,21.84,47.82,1.61,0.0,11.0,11.0,10.0,7.666666666666667,8.0,3.0
Hisar,Haryana,2023-11-07,3,2023,11,7,38,22.1,48.34,1.49,0.0,5.0,1.0,16.0,5.666666666666667,7.285714285714286,8.0
Hisar,Haryana,2023-11-08,8,2023,11,8,39,22.44,60.84,1.24,0.0,3.0,11.0,5.0,6.333333333333333,5.428571428571429,2.0
Hisar,Haryana,2023-11-09,2,2023,11,9,40,23.84,51.6,1.35,0.03,8.0,5.0,2.0,5.333333333333333,5.857142857142857,1.0
Hisar,Haryana,2023-11-10,1,2023,11,10,41,21.13,60.99,2.03,2.95,2.0,3.0,11.0,4.333333333333333,5.857142857142857,0.0
Hisar,Haryana,2023-11-11,0,2023,11,11,42,19.09,67.96,1.73,0.0,1.0,8.0,1.0,3.6666666666666665,4.428571428571429,12.0
Hisar,Haryana,2023-11-12,12,2023,11,12,43,19.44,63.8,1.34,0.0,0.0,2.0,11.0,1.0,4.285714285714286,3.0
Hisar,Haryana,2023-11-13,3,2023,11,13,44,19.55,55.35,1.2,0.0,12.0,1.0,5.0,4.333333333333333,4.428571428571429,8.0
Hisar,Haryana,2023-11-14,8,2023,11,14,45,19.14,50.34,1.19,0.0,3.0,0.0,3.0,5.0,4.142857142857143,6.0
Hisar,Haryana,2023-11-15,6,2023,11,15,46,18.74,51.07,1.43,0.0,8.0,12.0,8.0,7.666666666666667,4.857142857142857,3.0
Hisar,Haryana,2023-11-16,3,2023,11,16,47,19.02,52.09,0.99,0.0,6.0,3.0,2.0,5.666666666666667,4.571428571428571,9.0
Hisar,Haryana,2023-11-17,9,2023,11,17,48,19.66,57.61,1.59,0.0,3.0,8.0,1.0,5.666666666666667,4.714285714285714,7.0
Hisar,Haryana,2023-11-18,7,2023,11,18,49,19.81,56.29,1.36,0.0,9.0,6.0,0.0,6.0,5.857142857142857,14.0
Hisar,Haryana,2023-11-19,14,2023,11,19,50,19.79,54.23,1.06,0.0,7.0,3.0,12.0,6.333333333333333,6.857142857142857,1.0
Hisar,Haryana,2023-11-20,1,2023,11,20,51,19.94,52.85,1.07,0.0,14.0,9.0,3.0,10.0,7.142857142857143,4.0
Hisar,Haryana,2023-11-21,4,2023,11,21,52,18.26,57.11,1.55,0.0,1.0,7.0,8.0,7.333333333333333,6.857142857142857,4.0
Hisar,Haryana,2023-11-22,4,2023,11,22,53,18.24,46.8,1.51,0.0,4.0,14.0,6.0,6.333333333333333,6.285714285714286,6.0
Hisar,Haryana,2023-11-23,6,2023,11,23,54,19.17,40.23,1.18,0.0,4.0,1.0,3.0,3.0,6.0,0.0
Hisar,Haryana,2023-11-24,0,2023,11,24,55,17.79,45.57,1.28,0.0,6.0,4.0,9.0,4.666666666666667,6.428571428571429,0.0
Hisar,Haryana,2023-11-25,0,2023,11,25,56,16.93,53.99,1.08,0.0,0.0,4.0,7.0,3.3333333333333335,5.142857142857143,1.0
Hisar,Haryana,2023-11-26,1,2023,11,26,57,17.35,50.52,1.94,0.0,0.0,6.0,14.0,2.0,4.142857142857143,1.0
Hisar,Haryana,2023-11-27,1,2023,11,27,58,17.1,54.24,1.97,0.44,1.0,0.0,1.0,0.3333333333333333,2.2857142857142856,3.0
Hisar,Haryana,2023-11-28,3,2023,11,28,59,17.83,58.04,1.6,1.21,1.0,0.0,4.0,0.6666666666666666,2.2857142857142856,0.0
Hisar,Haryana,2023-11-29,0,2023,11,29,60,18.95,55.11,1.12,0.0,3.0,1.0,4.0,1.6666666666666667,2.142857142857143,0.0
Hisar,Haryana,2023-11-30,0,2023,11,30,61,19.01,61.05,1.35,1.4,0.0,1.0,6.0,1.3333333333333333,1.5714285714285714,3.0
Hisar,Haryana,2024-10-01,3,2024,10,1,1,30.88,55.73,1.78,0.0,0.0,3.0,0.0,1.0,0.7142857142857143,2.0
Hisar,Haryana,2024-10-02,2,2024,10,2,2,30.53,51.89,2.11,0.0,3.0,0.0,0.0,1.0,1.1428571428571428,2.0
Hisar,Haryana,2024-10-03,2,2024,10,3,3,30.31,44.95,1.95,0.0,2.0,0.0,1.0,1.6666666666666667,1.4285714285714286,1.0
Hisar,Haryana,2024-10-04,1,2024,10,4,4,30.43,53.11,1.97,0.04,2.0,3.0,1.0,2.3333333333333335,1.5714285714285714,6.0
Hisar,Haryana,2024-10-05,6,2024,10,5,5,30.12,56.56,2.22,1.44,1.0,2.0,3.0,1.6666666666666667,1.5714285714285714,8.0
Hisar,Haryana,2024-10-06,8,2024,10,6,6,28.77,54.66,1.53,0.05,6.0,2.0,0.0,3.0,2.0,4.0
Hisar,Haryana,2024-10-07,4,2024,10,7,7,28.9,51.17,0.84,0.0,8.0,1.0,0.0,5.0,3.142857142857143,6.0
Hisar,Haryana,2024-10-08,6,2024,10,8,8,28.47,53.88,1.17,0.0,4.0,6.0,3.0,6.0,3.7142857142857144,2.0
Hisar,Haryana,2024-10-09,2,2024,10,9,9,28.16,55.21,1.14,0.16,6.0,8.0,2.0,6.0,4.142857142857143,10.0
Hisar,Haryana,2024-10-10,10,2024,10,10,10,28.46,48.31,1.18,0.01,2.0,4.0,2.0,4.0,4.142857142857143,4.0
Hisar,Haryana,2024-10-11,4,2024,10,11,11,28.1,39.93,1.46,0.0,10.0,6.0,1.0,6.0,5.285714285714286,8.0
Hisar,Haryana,2024-10-12,8,2024,10,12,12,27.65,38.86,1.45,0.0,4.0,2.0,6.0,5.333333333333333,5.714285714285714,11.0
Hisar,Haryana,2024-10-13,11,2024,10,13,13,27.12,47.06,1.24,0.0,8.0,10.0,8.0,7.333333333333333,6.0,7.0
Hisar,Haryana,2024-10-14,7,2024,10,14,14,27.65,55.26,1.43,0.0,11.0,4.0,4.0,7.666666666666667,6.428571428571429,4.0
Hisar,Haryana,2024-10-15,4,2024,10,15,15,28.34,38.72,1.4,0.0,7.0,8.0,6.0,8.666666666666666,6.857142857142857,5.0
Hisar,Haryana,2024-10-16,5,2024,10,16,16,28.03,35.96,1.52,0.0,4.0,11.0,2.0,7.333333333333333,6.571428571428571,9.0
Hisar,Haryana,2024-10-17,9,2024,10,17,17,29.34,38.44,1.05,0.0,5.0,7.0,10.0,5.333333333333333,7.0,6.0
Hisar,Haryana,2024-10-18,6,2024,10,18,18,28.95,42.49,0.92,0.0,9.0,4.0,4.0,6.0,6.857142857142857,10.0
Hisar,Haryana,2024-10-19,10,2024,10,19,19,28.48,44.62,1.42,0.0,6.0,5.0,8.0,6.666666666666667,7.142857142857143,7.0
Hisar,Haryana,2024-10-20,7,2024,10,20,20,27.55,40.96,1.27,0.0,10.0,9.0,11.0,8.333333333333334,7.428571428571429,4.0
Hisar,Haryana,2024-10-21,4,2024,10,21,21,26.78,56.13,1.14,0.05,7.0,6.0,7.0,7.666666666666667,6.857142857142857,6.0
Hisar,Haryana,2024-10-22,6,2024,10,22,22,27.54,51.22,0.9,0.02,4.0,10.0,4.0,7.0,6.428571428571429,2.0
Hisar,Haryana,2024-10-23,2,2024,10,23,23,27.42,42.02,1.3,0.0,6.0,7.0,5.0,5.666666666666667,6.714285714285714,6.0
Hisar,Haryana,2024-10-24,6,2024,10,24,24,26.1,49.65,2.04,0.0,2.0,4.0,9.0,4.0,6.285714285714286,6.0
Hisar,Haryana,2024-10-25,6,2024,10,25,25,27.32,44.92,1.86,0.0,6.0,6.0,6.0,4.666666666666667,5.857142857142857,2.0
Hisar,Haryana,2024-10-26,2,2024,10,26,26,28.31,36.91,1.53,0.0,6.0,2.0,10.0,4.666666666666667,5.857142857142857,3.0
Hisar,Haryana,2024-10-27,3,2024,10,27,27,27.3,42.91,1.27,0.0,2.0,6.0,7.0,4.666666666666667,4.714285714285714,7.0
Hisar,Haryana,2024-10-28,7,2024,10,28,28,27.31,56.01,1.7,0.0,3.0,6.0,4.0,3.6666666666666665,4.142857142857143,3.0
Hisar,Haryana,2024-10-29,3,2024,10,29,29,28.6,54.55,1.12,0.0,7.0,2.0,6.0,4.0,4.571428571428571,0.0
Hisar,Haryana,2024-10-30,0,2024,10,30,30,29.19,38.61,1.11,0.0,3.0,3.0,2.0,4.333333333333333,4.142857142857143,10.0
Hisar,Haryana,2024-10-31,10,2024,10,31,31,26.95,42.21,1.74,0.0,0.0,7.0,6.0,3.3333333333333335,3.857142857142857,12.0
Hisar,Haryana,2024-11-01,12,2024,11,1,32,26.31,34.39,2.06,0.0,10.0,3.0,6.0,4.333333333333333,4.428571428571429,10.0
Hisar,Haryana,2024-11-02,10,2024,11,2,33,27.14,34.03,1.27,0.0,12.0,0.0,2.0,7.333333333333333,5.285714285714286,6.0
Hisar,Haryana,2024-11-03,6,2024,11,3,34,25.46,39.95,1.17,0.0,10.0,10.0,3.0,10.666666666666666,6.428571428571429,5.0
Hisar,Haryana,2024-11-04,5,2024,11,4,35,26.04,33.27,1.33,0.0,6.0,12.0,7.0,9.333333333333334,6.857142857142857,2.0
Hisar,Haryana,2024-11-05,2,2024,11,5,36,25.37,40.97,1.33,0.0,5.0,10.0,3.0,7.0,6.571428571428571,0.0
Hisar,Haryana,2024-11-06,0,2024,11,6,37,25.46,46.17,1.13,0.0,2.0,6.0,0.0,4.333333333333333,6.428571428571429,6.0
Hisar,Haryana,2024-11-07,6,2024,11,7,38,25.76,46.5,1.09,0.0,0.0,5.0,10.0,2.3333333333333335,6.428571428571429,13.0
Hisar,Haryana,2024-11-08,13,2024,11,8,39,26.17,46.26,1.13,0.0,6.0,2.0,12.0,2.6666666666666665,5.857142857142857,11.0
Hisar,Haryana,2024-11-09,11,2024,11,9,40,25.83,46.49,1.12,0.0,13.0,0.0,10.0,6.333333333333333,6.0,3.0
Hisar,Haryana,2024-11-10,3,2024,11,10,41,25.55,51.13,1.11,0.0,11.0,6.0,6.0,10.0,6.142857142857143,7.0
Hisar,Haryana,2024-11-11,7,2024,11,11,42,25.31,46.91,1.29,0.0,3.0,13.0,5.0,9.0,5.714285714285714,4.0
Hisar,Haryana,2024-11-12,4,2024,11,12,43,24.78,33.47,1.46,0.0,7.0,11.0,2.0,7.0,6.0,1.0
Hisar,Haryana,2024-11-13,1,2024,11,13,44,22.99,42.62,1.39,0.0,4.0,3.0,0.0,4.666666666666667,6.285714285714286,3.0
Hisar,Haryana,2024-11-14,3,2024,11,14,45,22.73,38.52,1.15,0.0,1.0,7.0,6.0,4.0,6.428571428571429,0.0
Hisar,Haryana,2024-11-15,0,2024,11,15,46,22.55,38.17,1.42,0.0,3.0,4.0,13.0,2.6666666666666665,6.0,1.0
Hisar,Haryana,2024-11-16,1,2024,11,16,47,22.83,38.08,1.13,0.0,0.0,1.0,11.0,1.3333333333333333,4.142857142857143,2.0
Hisar,Haryana,2024-11-17,2,2024,11,17,48,21.24,44.16,1.29,0.0,1.0,3.0,3.0,1.3333333333333333,2.7142857142857144,4.0
Hisar,Haryana,2024-11-18,4,2024,11,18,49,20.24,38.73,1.73,0.0,2.0,0.0,7.0,1.0,2.5714285714285716,20.0
Hisar,Haryana,2024-11-19,20,2024,11,19,50,20.02,33.28,1.69,0.0,4.0,1.0,4.0,2.3333333333333335,2.142857142857143,17.0
Hisar,Haryana,2024-11-20,17,2024,11,20,51,20.33,30.53,1.29,0.0,20.0,2.0,1.0,8.666666666666666,4.428571428571429,2.0
Hisar,Haryana,2024-11-21,2,2024,11,21,52,20.83,28.14,1.18,0.0,17.0,4.0,3.0,13.666666666666666,6.714285714285714,3.0
Hisar,Haryana,2024-11-22,3,2024,11,22,53,21.34,29.17,1.47,0.0,2.0,20.0,0.0,13.0,6.571428571428571,24.0
Hisar,Haryana,2024-11-23,24,2024,11,23,54,21.58,32.07,1.46,0.0,3.0,17.0,1.0,7.333333333333333,7.0,24.0
Hisar,Haryana,2024-11-24,24,2024,11,24,55,20.48,38.91,2.07,0.0,24.0,2.0,2.0,9.666666666666666,10.285714285714286,4.0
Hisar,Haryana,2024-11-25,4,2024,11,25,56,19.47,39.49,1.77,0.0,24.0,3.0,4.0,17.0,13.428571428571429,5.0
Hisar,Haryana,2024-11-26,5,2024,11,26,57,19.66,35.42,1.58,0.0,4.0,24.0,20.0,17.333333333333332,13.428571428571429,5.0
Hisar,Haryana,2024-11-27,5,2024,11,27,58,20.59,35.24,1.2,0.0,5.0,24.0,17.0,11.0,11.285714285714286,4.0
Hisar,Haryana,2024-11-28,4,2024,11,28,59,20.08,31.21,0.96,0.0,5.0,4.0,2.0,4.666666666666667,9.571428571428571,6.0
Hisar,Haryana,2024-11-29,6,2024,11,29,60,19.64,31.53,1.0,0.0,4.0,5.0,3.0,4.666666666666667,9.857142857142858,11.0
Hisar,Haryana,2024-11-30,11,2024,11,30,61,19.37,35.34,1.5,0.0,6.0,5.0,24.0,5.0,10.285714285714286,1.0
Hisar,Haryana,2025-10-01,1,2025,10,1,1,28.76,68.54,1.01,0.28,11.0,4.0,24.0,7.0,8.428571428571429,2.0
Hisar,Haryana,2025-10-02,2,2025,10,2,2,28.83,68.2,1.7,1.75,1.0,6.0,4.0,6.0,5.142857142857143,1.0
Hisar,Haryana,2025-10-03,1,2025,10,3,3,28.24,71.44,1.69,0.03,2.0,11.0,5.0,4.666666666666667,4.857142857142857,1.0
Hisar,Haryana,2025-10-04,1,2025,10,4,4,29.47,59.97,1.54,0.0,1.0,1.0,5.0,1.3333333333333333,4.285714285714286,6.0
Hisar,Haryana,2025-10-05,6,2025,10,5,5,28.27,64.6,1.44,8.63,1.0,2.0,4.0,1.3333333333333333,3.7142857142857144,0.0
Hisar,Haryana,2025-10-06,0,2025,10,6,6,25.73,80.71,1.79,22.97,6.0,1.0,6.0,2.6666666666666665,4.0,0.0
Hisar,Haryana,2025-10-07,0,2025,10,7,7,24.49,78.41,1.53,13.34,0.0,1.0,11.0,2.3333333333333335,3.142857142857143,1.0
Hisar,Haryana,2025-10-08,1,2025,10,8,8,21.95,71.24,1.9,0.53,0.0,6.0,1.0,2.0,1.5714285714285714,0.0
Hisar,Haryana,2025-10-09,0,2025,10,9,9,23.3,59.57,1.42,0.05,1.0,0.0,2.0,0.3333333333333333,1.5714285714285714,1.0
Hisar,Haryana,2025-10-10,1,2025,10,10,10,24.38,53.09,1.14,0.0,0.0,0.0,1.0,0.3333333333333333,1.2857142857142858,2.0
Hisar,Haryana,2025-10-11,2,2025,10,11,11,24.91,52.72,1.05,0.0,1.0,1.0,1.0,0.6666666666666666,1.2857142857142858,3.0
Hisar,Haryana,2025-10-12,3,2025,10,12,12,24.82,55.42,1.19,0.0,2.0,0.0,6.0,1.0,1.4285714285714286,2.0
Hisar,Haryana,2025-10-13,2,2025,10,13,13,25.49,44.8,0.79,0.0,3.0,1.0,0.0,2.0,1.0,4.0
Hisar,Haryana,2025-10-14,4,2025,10,14,14,24.86,45.44,0.81,0.0,2.0,2.0,0.0,2.3333333333333335,1.2857142857142858,3.0
Hisar,Haryana,2025-10-15,3,2025,10,15,15,24.47,50.39,0.96,0.0,4.0,3.0,1.0,3.0,1.8571428571428572,3.0
Hisar,Haryana,2025-10-16,3,2025,10,16,16,25.49,44.4,0.96,0.0,3.0,2.0,0.0,3.0,2.142857142857143,1.0
Hisar,Haryana,2025-10-17,1,2025,10,17,17,25.9,52.01,0.76,0.0,3.0,4.0,1.0,3.3333333333333335,2.5714285714285716,2.0
Hisar,Haryana,2025-10-18,2,2025,10,18,18,25.89,52.22,0.85,0.0,1.0,3.0,2.0,2.3333333333333335,2.5714285714285716,10.0
Hisar,Haryana,2025-10-19,10,2025,10,19,19,25.4,52.12,1.3,0.0,2.0,3.0,3.0,2.0,2.5714285714285716,13.0
Hisar,Haryana,2025-10-20,13,2025,10,20,20,24.71,56.48,1.49,0.0,10.0,1.0,2.0,4.333333333333333,3.5714285714285716,5.0
Hisar,Haryana,2025-10-21,5,2025,10,21,21,25.63,55.44,1.02,0.0,13.0,2.0,4.0,8.333333333333334,5.142857142857143,1.0
Hisar,Haryana,2025-10-22,1,2025,10,22,22,25.91,50.39,1.24,0.0,5.0,10.0,3.0,9.333333333333334,5.285714285714286,0.0
Hisar,Haryana,2025-10-23,0,2025,10,23,23,25.14,44.25,1.18,0.0,1.0,13.0,3.0,6.333333333333333,5.0,2.0
Hisar,Haryana,2025-10-24,2,2025,10,24,24,25.71,41.53,0.86,0.0,0.0,5.0,1.0,2.0,4.571428571428571,2.0
Hisar,Haryana,2025-10-25,2,2025,10,25,25,25.29,45.21,0.91,0.0,2.0,1.0,2.0,1.0,4.714285714285714,15.0
Hisar,Haryana,2025-10-26,15,2025,10,26,26,23.62,50.48,1.42,0.0,2.0,0.0,10.0,1.3333333333333333,4.714285714285714,6.0
Hisar,Haryana,2025-10-27,6,2025,10,27,27,23.49,56.02,1.57,0.0,15.0,2.0,13.0,6.333333333333333,5.428571428571429,0.0
Hisar,Haryana,2025-10-28,0,2025,10,28,28,22.58,69.89,1.64,0.0,6.0,2.0,5.0,7.666666666666667,4.428571428571429,1.0
Hisar,Haryana,2025-10-29,1,2025,10,29,29,23.41,60.05,1.24,0.0,0.0,15.0,1.0,7.0,3.7142857142857144,3.0
Hisar,Haryana,2025-10-30,3,2025,10,30,30,24.01,64.37,1.22,0.0,1.0,6.0,0.0,2.3333333333333335,3.7142857142857144,5.0
Hisar,Haryana,2025-10-31,5,2025,10,31,31,24.31,62.18,1.73,0.0,3.0,0.0,2.0,1.3333333333333333,4.142857142857143,11.0
Hisar,Haryana,2025-11-01,11,2025,11,1,32,24.52,47.78,1.02,0.0,5.0,1.0,2.0,3.0,4.571428571428571,6.0
Hisar,Haryana,2025-11-02,6,2025,11,2,33,23.83,43.13,1.68,0.0,11.0,3.0,15.0,6.333333333333333,5.857142857142857,5.0
Hisar,Haryana,2025-11-03,5,2025,11,3,34,23.56,37.9,1.91,0.0,6.0,5.0,6.0,7.333333333333333,4.571428571428571,4.0
Hisar,Haryana,2025-11-04,4,2025,11,4,35,23.5,51.47,1.9,0.27,5.0,11.0,0.0,7.333333333333333,4.428571428571429,5.0
Hisar,Haryana,2025-11-05,5,2025,11,5,36,21.31,54.38,1.85,0.17,4.0,6.0,1.0,5.0,5.0,15.0
Hisar,Haryana,2025-11-06,15,2025,11,6,37,18.15,45.91,1.97,0.0,5.0,5.0,3.0,4.666666666666667,5.571428571428571,13.0
Hisar,Haryana,2025-11-07,13,2025,11,7,38,18.35,37.59,1.89,0.0,15.0,4.0,5.0,8.0,7.285714285714286,16.0
Hisar,Haryana,2025-11-08,16,2025,11,8,39,19.25,33.76,1.66,0.0,13.0,5.0,11.0,11.0,8.428571428571429,16.0
Hisar,Haryana,2025-11-09,16,2025,11,9,40,19.33,35.44,1.33,0.0,16.0,15.0,6.0,14.666666666666666,9.142857142857142,12.0
Hisar,Haryana,2025-11-10,12,2025,11,10,41,19.34,34.5,1.16,0.0,16.0,13.0,5.0,15.0,10.571428571428571,21.0
Hisar,Haryana,2025-11-11,21,2025,11,11,42,18.31,39.17,1.26,0.0,12.0,16.0,4.0,14.666666666666666,11.571428571428571,4.0
Hisar,Haryana,2025-11-12,4,2025,11,12,43,18.62,40.59,1.52,0.0,21.0,16.0,5.0,16.333333333333332,14.0,6.0
Hisar,Haryana,2025-11-13,6,2025,11,13,44,18.71,37.92,1.34,0.0,4.0,12.0,15.0,12.333333333333334,13.857142857142858,8.0
Hisar,Haryana,2025-11-14,8,2025,11,14,45,19.21,34.0,1.27,0.0,6.0,21.0,13.0,10.333333333333334,12.571428571428571,10.0
Hisar,Haryana,2025-11-15,10,2025,11,15,46,19.24,31.32,1.29,0.0,8.0,4.0,16.0,6.0,11.857142857142858,11.0
Hisar,Haryana,2025-11-16,11,2025,11,16,47,18.74,29.95,1.48,0.0,10.0,6.0,16.0,8.0,11.0,7.0
Hisar,Haryana,2025-11-17,7,2025,11,17,48,19.2,30.41,1.45,0.0,11.0,8.0,12.0,9.666666666666666,10.285714285714286,5.0
Hisar,Haryana,2025-11-18,5,2025,11,18,49,19.21,32.74,1.43,0.0,7.0,10.0,21.0,9.333333333333334,9.571428571428571,0.0
Hisar,Haryana,2025-11-19,0,2025,11,19,50,18.9,38.44,1.11,0.0,5.0,11.0,4.0,7.666666666666667,7.285714285714286,6.0
Hisar,Haryana,2025-11-20,6,2025,11,20,51,19.65,40.41,0.79,0.0,0.0,7.0,6.0,4.0,6.714285714285714,6.0
Hisar,Haryana,2025-11-21,6,2025,11,21,52,19.52,45.23,1.04,0.0,6.0,5.0,8.0,3.6666666666666665,6.714285714285714,4.0
Hisar,Haryana,2025-11-22,4,2025,11,22,53,18.25,47.4,1.32,0.0,6.0,0.0,10.0,4.0,6.428571428571429,2.0
Hisar,Haryana,2025-11-23,2,2025,11,23,54,17.9,46.83,1.13,0.0,4.0,6.0,11.0,5.333333333333333,5.571428571428571,1.0
Hisar,Haryana,2025-11-24,1,2025,11,24,55,17.17,42.25,1.19,0.0,2.0,6.0,7.0,4.0,4.285714285714286,5.0
Hisar,Haryana,2025-11-25,5,2025,11,25,56,16.56,39.11,1.39,0.0,1.0,4.0,5.0,2.3333333333333335,3.4285714285714284,2.0
Hisar,Haryana,2025-11-26,2,2025,11,26,57,16.78,37.43,1.04,0.0,5.0,2.0,0.0,2.6666666666666665,3.4285714285714284,1.0
Hisar,Haryana,2025-11-27,1,2025,11,27,58,17.03,40.08,1.2,0.0,2.0,1.0,6.0,2.6666666666666665,3.7142857142857144,3.0
Hisar,Haryana,2025-11-28,3,2025,11,28,59,17.66,44.14,1.08,0.0,1.0,5.0,6.0,2.6666666666666665,3.0,1.0
Hisar,Haryana,2025-11-29,1,2025,11,29,60,16.29,44.65,1.64,0.0,3.0,2.0,4.0,2.0,2.5714285714285716,5.0
Hoshiarpur,Punjab,2023-10-08,0,2023,10,8,8,25.46,68.6,1.01,0.0,0.0,0.0,0.0,0.0,0.2857142857142857,0.0
Hoshiarpur,Punjab,2023-10-09,0,2023,10,9,9,26.1,72.35,0.98,2.23,0.0,0.0,1.0,0.0,0.2857142857142857,0.0
Hoshiarpur,Punjab,2023-10-10,0,2023,10,10,10,24.71,75.84,1.29,12.54,0.0,0.0,0.0,0.0,0.14285714285714285,0.0
Hoshiarpur,Punjab,2023-10-11,0,2023,10,11,11,23.76,69.18,1.16,0.0,0.0,0.0,1.0,0.0,0.14285714285714285,0.0
Hoshiarpur,Punjab,2023-10-12,0,2023,10,12,12,23.68,67.15,1.0,0.0,0.0,0.0,0.0,0.0,0.0,0.0
Hoshiarpur,Punjab,2023-10-13,0,2023,10,13,13,23.76,69.23,0.99,0.0,0.0,0.0,0.0,0.0,0.0,0.0
Hoshiarpur,Punjab,2023-10-14,0,2023,10,14,14,24.16,70.59,1.16,10.21,0.0,0.0,0.0,0.0,0.0,0.0
Hoshiarpur,Punjab,2023-10-15,0,2023,10,15,15,23.4,69.04,0.99,0.5,0.0,0.0,0.0,0.0,0.0,0.0
Hoshiarpur,Punjab,2023-10-16,0,2023,10,16,16,21.67,79.5,1.53,13.82,0.0,0.0,0.0,0.0,0.0,0.0
Hoshiarpur,Punjab,2023-10-17,0,2023,10,17,17,20.51,81.37,1.25,4.56,0.0,0.0,0.0,0.0,0.0,0.0
Hoshiarpur,Punjab,2023-10-18,0,2023,10,18,18,19.4,79.23,1.56,1.21,0.0,0.0,0.0,0.0,0.0,0.0
Hoshiarpur,Punjab,2023-10-19,0,2023,10,19,19,20.02,69.74,1.25,0.0,0.0,0.0,0.0,0.0,0.0,0.0
Hoshiarpur,Punjab,2023-10-20,0,2023,10,20,20,20.49,66.99,0.83,0.0,0.0,0.0,0.0,0.0,0.0,0.0
Hoshiarpur,Punjab,2023-10-21,0,2023,10,21,21,21.28,66.37,0.79,0.0,0.0,0.0,0.0,0.0,0.0,0.0
Hoshiarpur,Punjab,2023-10-22,0,2023,10,22,22,21.18,73.56,1.21,0.02,0.0,0.0,0.0,0.0,0.0,0.0
Hoshiarpur,Punjab,2023-10-23,0,2023,10,23,23,21.13,75.42,1.09,0.0,0.0,0.0,0.0,0.0,0.0,3.0
Hoshiarpur,Punjab,2023-10-24,3,2023,10,24,24,22.17,69.46,0.96,0.01,0.0,0.0,0.0,0.0,0.0,1.0
Hoshiarpur,Punjab,2023-10-25,1,2023,10,25,25,22.03,69.82,1.12,0.0,3.0,0.0,0.0,1.0,0.42857142857142855,5.0
Hoshiarpur,Punjab,2023-10-26,5,2023,10,26,26,22.02,64.07,1.36,0.0,1.0,0.0,0.0,1.3333333333333333,0.5714285714285714,0.0
Hoshiarpur,Punjab,2023-10-27,0,2023,10,27,27,21.85,63.19,1.05,0.0,5.0,3.0,0.0,3.0,1.2857142857142858,0.0
Hoshiarpur,Punjab,2023-10-28,0,2023,10,28,28,21.95,66.62,0.99,0.0,0.0,1.0,0.0,2.0,1.2857142857142858,8.0
Hoshiarpur,Punjab,2023-10-29,8,2023,10,29,29,22.36,68.15,0.95,0.0,0.0,5.0,0.0,1.6666666666666667,1.2857142857142858,5.0
Hoshiarpur,Punjab,2023-10-30,5,2023,10,30,30,21.89,69.89,0.95,0.0,8.0,0.0,0.0,2.6666666666666665,2.4285714285714284,10.0
Hoshiarpur,Punjab,2023-10-31,10,2023,10,31,31,22.02,67.09,0.95,0.0,5.0,0.0,3.0,4.333333333333333,3.142857142857143,17.0
Hoshiarpur,Punjab,2023-11-01,17,2023,11,1,32,22.33,64.39,0.94,0.0,10.0,8.0,1.0,7.666666666666667,4.142857142857143,15.0
Hoshiarpur,Punjab,2023-11-02,15,2023,11,2,33,22.36,67.45,0.8,0.0,17.0,5.0,5.0,10.666666666666666,6.428571428571429,16.0
Hoshiarpur,Punjab,2023-11-03,16,2023,11,3,34,21.5,71.01,0.75,0.0,15.0,10.0,0.0,14.0,7.857142857142857,22.0
Hoshiarpur,Punjab,2023-11-04,22,2023,11,4,35,21.43,66.61,1.03,0.0,16.0,17.0,0.0,16.0,10.142857142857142,44.0
Hoshiarpur,Punjab,2023-11-05,44,2023,11,5,36,21.31,62.11,0.89,0.0,22.0,15.0,8.0,17.666666666666668,13.285714285714286,23.0
Hoshiarpur,Punjab,2023-11-06,23,2023,11,6,37,20.27,62.98,1.05,0.0,44.0,16.0,5.0,27.333333333333332,18.428571428571427,15.0
Hoshiarpur,Punjab,2023-11-07,15,2023,11,7,38,20.57,70.47,1.18,0.0,23.0,22.0,10.0,29.666666666666668,21.0,11.0
Hoshiarpur,Punjab,2023-11-08,11,2023,11,8,39,21.0,73.17,1.13,0.0,15.0,44.0,17.0,27.333333333333332,21.714285714285715,12.0
Hoshiarpur,Punjab,2023-11-09,12,2023,11,9,40,21.7,65.9,1.04,0.09,11.0,23.0,15.0,16.333333333333332,20.857142857142858,0.0
Hoshiarpur,Punjab,2023-11-10,0,2023,11,10,41,18.31,82.9,1.75,14.95,12.0,15.0,16.0,12.666666666666666,20.428571428571427,0.0
Hoshiarpur,Punjab,2023-11-11,0,2023,11,11,42,17.5,81.54,1.56,0.02,0.0,11.0,22.0,7.666666666666667,18.142857142857142,4.0
Hoshiarpur,Punjab,2023-11-12,4,2023,11,12,43,17.65,69.34,1.55,0.0,0.0,12.0,44.0,4.0,15.0,3.0
Hoshiarpur,Punjab,2023-11-13,3,2023,11,13,44,17.79,65.26,0.98,0.0,4.0,0.0,23.0,1.3333333333333333,9.285714285714286,4.0
Hoshiarpur,Punjab,2023-11-14,4,2023,11,14,45,17.81,66.81,1.36,0.0,3.0,0.0,15.0,2.3333333333333335,6.428571428571429,7.0
Hoshiarpur,Punjab,2023-11-15,7,2023,11,15,46,18.2,63.87,1.39,0.0,4.0,4.0,11.0,3.6666666666666665,4.857142857142857,6.0
Hoshiarpur,Punjab,2023-11-16,6,2023,11,16,47,18.91,61.39,1.04,0.0,7.0,3.0,12.0,4.666666666666667,4.285714285714286,2.0
Hoshiarpur,Punjab,2023-11-17,2,2023,11,17,48,18.77,62.46,1.6,0.0,6.0,4.0,0.0,5.666666666666667,3.4285714285714284,5.0
Hoshiarpur,Punjab,2023-11-18,5,2023,11,18,49,18.47,61.6,1.03,0.0,2.0,7.0,0.0,5.0,3.7142857142857144,2.0
Hoshiarpur,Punjab,2023-11-19,2,2023,11,19,50,18.68,60.38,0.91,0.0,5.0,6.0,4.0,4.333333333333333,4.428571428571429,1.0
Hoshiarpur,Punjab,2023-11-20,1,2023,11,20,51,17.51,66.73,1.43,0.0,2.0,2.0,3.0,3.0,4.142857142857143,2.0
Hoshiarpur,Punjab,2023-11-21,2,2023,11,21,52,16.78,71.59,1.76,0.0,1.0,5.0,4.0,2.6666666666666665,3.857142857142857,1.0
Hoshiarpur,Punjab,2023-11-22,1,2023,11,22,53,16.19,70.14,1.36,0.0,2.0,2.0,7.0,1.6666666666666667,3.5714285714285716,3.0
Hoshiarpur,Punjab,2023-11-23,3,2023,11,23,54,17.39,60.0,0.89,0.0,1.0,1.0,6.0,1.3333333333333333,2.7142857142857144,3.0
Hoshiarpur,Punjab,2023-11-24,3,2023,11,24,55,16.84,62.96,1.11,0.0,3.0,2.0,2.0,2.0,2.2857142857142856,0.0
Hoshiarpur,Punjab,2023-11-25,0,2023,11,25,56,17.52,64.17,0.63,0.0,3.0,1.0,5.0,2.3333333333333335,2.4285714285714284,0.0
Hoshiarpur,Punjab,2023-11-26,0,2023,11,26,57,16.51,68.93,1.1,0.0,0.0,3.0,2.0,2.0,1.7142857142857142,0.0
Hoshiarpur,Punjab,2023-11-27,0,2023,11,27,58,16.51,69.24,1.03,0.0,0.0,3.0,1.0,1.0,1.4285714285714286,1.0
Hoshiarpur,Punjab,2023-11-28,1,2023,11,28,59,16.93,65.72,1.17,0.0,0.0,0.0,2.0,0.0,1.2857142857142858,0.0
Hoshiarpur,Punjab,2023-11-29,0,2023,11,29,60,18.26,62.24,0.82,0.04,1.0,0.0,1.0,0.3333333333333333,1.1428571428571428,0.0
Hoshiarpur,Punjab,2023-11-30,0,2023,11,30,61,16.75,81.49,1.17,11.62,0.0,0.0,3.0,0.3333333333333333,1.0,1.0
Hoshiarpur,Punjab,2024-10-01,1,2024,10,1,1,27.74,76.65,1.44,0.0,0.0,1.0,3.0,0.3333333333333333,0.5714285714285714,0.0
Hoshiarpur,Punjab,2024-10-02,0,2024,10,2,2,27.97,68.39,1.31,0.0,1.0,0.0,0.0,0.3333333333333333,0.2857142857142857,0.0
Hoshiarpur,Punjab,2024-10-03,0,2024,10,3,3,27.77,63.87,1.27,0.0,0.0,0.0,0.0,0.3333333333333333,0.2857142857142857,0.0
Hoshiarpur,Punjab,2024-10-04,0,2024,10,4,4,27.62,64.6,1.04,0.0,0.0,1.0,0.0,0.3333333333333333,0.2857142857142857,0.0
Hoshiarpur,Punjab,2024-10-05,0,2024,10,5,5,27.67,63.25,1.09,1.77,0.0,0.0,1.0,0.0,0.2857142857142857,0.0
Hoshiarpur,Punjab,2024-10-06,0,2024,10,6,6,26.96,66.49,1.32,8.25,0.0,0.0,0.0,0.0,0.14285714285714285,0.0
Hoshiarpur,Punjab,2024-10-07,0,2024,10,7,7,25.98,69.91,1.27,0.0,0.0,0.0,0.0,0.0,0.14285714285714285,1.0
Hoshiarpur,Punjab,2024-10-08,1,2024,10,8,8,25.81,70.09,1.17,0.0,0.0,0.0,1.0,0.0,0.14285714285714285,0.0
Hoshiarpur,Punjab,2024-10-09,0,2024,10,9,9,25.18,71.5,1.63,0.0,1.0,0.0,0.0,0.3333333333333333,0.14285714285714285,0.0
Hoshiarpur,Punjab,2024-10-10,0,2024,10,10,10,25.22,63.52,1.42,0.0,0.0,0.0,0.0,0.3333333333333333,0.14285714285714285,0.0
Hoshiarpur,Punjab,2024-10-11,0,2024,10,11,11,25.62,57.76,1.46,0.0,0.0,1.0,0.0,0.3333333333333333,0.14285714285714285,2.0
Hoshiarpur,Punjab,2024-10-12,2,2024,10,12,12,25.97,56.51,1.04,0.0,0.0,0.0,0.0,0.0,0.14285714285714285,0.0
Hoshiarpur,Punjab,2024-10-13,0,2024,10,13,13,25.78,50.91,0.96,0.0,2.0,0.0,0.0,0.6666666666666666,0.42857142857142855,0.0
Hoshiarpur,Punjab,2024-10-14,0,2024,10,14,14,24.94,51.62,1.28,0.0,0.0,0.0,0.0,0.6666666666666666,0.42857142857142855,0.0
Hoshiarpur,Punjab,2024-10-15,0,2024,10,15,15,25.43,54.47,1.51,0.0,0.0,2.0,1.0,0.6666666666666666,0.42857142857142855,0.0
Hoshiarpur,Punjab,2024-10-16,0,2024,10,16,16,25.64,58.08,1.19,0.0,0.0,0.0,0.0,0.0,0.2857142857142857,0.0
Hoshiarpur,Punjab,2024-10-17,0,2024,10,17,17,25.73,56.51,1.26,0.0,0.0,0.0,0.0,0.0,0.2857142857142857,0.0
Hoshiarpur,Punjab,2024-10-18,0,2024,10,18,18,26.06,52.15,1.33,0.0,0.0,0.0,0.0,0.0,0.2857142857142857,0.0
Hoshiarpur,Punjab,2024-10-19,0,2024,10,19,19,24.96,58.1,1.42,0.0,0.0,0.0,2.0,0.0,0.2857142857142857,1.0
Hoshiarpur,Punjab,2024-10-20,1,2024,10,20,20,24.91,60.75,1.26,0.0,0.0,0.0,0.0,0.0,0.0,0.0
Hoshiarpur,Punjab,2024-10-21,0,2024,10,21,21,24.78,64.96,1.33,0.0,1.0,0.0,0.0,0.3333333333333333,0.14285714285714285,0.0
Hoshiarpur,Punjab,2024-10-22,0,2024,10,22,22,24.58,67.36,1.17,0.0,0.0,0.0,0.0,0.3333333333333333,0.14285714285714285,0.0
Hoshiarpur,Punjab,2024-10-23,0,2024,10,23,23,25.18,61.17,2.18,0.0,0.0,1.0,0.0,0.3333333333333333,0.14285714285714285,1.0
Hoshiarpur,Punjab,2024-10-24,1,2024,10,24,24,24.03,60.84,1.65,0.0,0.0,0.0,0.0,0.0,0.14285714285714285,1.0
Hoshiarpur,Punjab,2024-10-25,1,2024,10,25,25,24.23,58.82,1.67,0.0,1.0,0.0,0.0,0.3333333333333333,0.2857142857142857,0.0
Hoshiarpur,Punjab,2024-10-26,0,2024,10,26,26,23.75,57.23,1.3,0.0,1.0,0.0,0.0,0.6666666666666666,0.42857142857142855,2.0
Hoshiarpur,Punjab,2024-10-27,2,2024,10,27,27,25.0,53.81,1.21,0.0,0.0,1.0,1.0,0.6666666666666666,0.42857142857142855,3.0
Hoshiarpur,Punjab,2024-10-28,3,2024,10,28,28,25.25,65.27,1.41,0.0,2.0,1.0,0.0,1.0,0.5714285714285714,2.0
Hoshiarpur,Punjab,2024-10-29,2,2024,10,29,29,26.38,64.22,1.09,0.0,3.0,0.0,0.0,1.6666666666666667,1.0,4.0
Hoshiarpur,Punjab,2024-10-30,4,2024,10,30,30,26.14,56.77,1.43,0.0,2.0,2.0,0.0,2.3333333333333335,1.2857142857142858,10.0
Hoshiarpur,Punjab,2024-10-31,10,2024,10,31,31,24.49,54.65,2.25,0.0,4.0,3.0,1.0,3.0,1.8571428571428572,4.0
Hoshiarpur,Punjab,2024-11-01,4,2024,11,1,32,23.66,50.8,1.53,0.0,10.0,2.0,1.0,5.333333333333333,3.142857142857143,5.0
Hoshiarpur,Punjab,2024-11-02,5,2024,11,2,33,24.57,41.37,0.91,0.0,4.0,4.0,0.0,6.0,3.5714285714285716,1.0
Hoshiarpur,Punjab,2024-11-03,1,2024,11,3,34,23.04,47.94,1.01,0.0,5.0,10.0,2.0,6.333333333333333,4.285714285714286,5.0
Hoshiarpur,Punjab,2024-11-04,5,2024,11,4,35,24.13,47.74,1.02,0.0,1.0,4.0,3.0,3.3333333333333335,4.142857142857143,1.0
Hoshiarpur,Punjab,2024-11-05,1,2024,11,5,36,23.18,54.86,1.34,0.0,5.0,5.0,2.0,3.6666666666666665,4.428571428571429,0.0
Hoshiarpur,Punjab,2024-11-06,0,2024,11,6,37,23.46,56.74,1.32,0.0,1.0,1.0,4.0,2.3333333333333335,4.285714285714286,8.0
Hoshiarpur,Punjab,2024-11-07,8,2024,11,7,38,23.47,59.74,1.1,0.0,0.0,5.0,10.0,2.0,3.7142857142857144,3.0
Hoshiarpur,Punjab,2024-11-08,3,2024,11,8,39,23.51,61.59,1.14,0.0,8.0,1.0,4.0,3.0,3.4285714285714284,5.0
Hoshiarpur,Punjab,2024-11-09,5,2024,11,9,40,23.77,62.81,1.04,0.0,3.0,0.0,5.0,3.6666666666666665,3.2857142857142856,1.0
Hoshiarpur,Punjab,2024-11-10,1,2024,11,10,41,23.88,62.52,0.81,0.0,5.0,8.0,1.0,5.333333333333333,3.2857142857142856,0.0
Hoshiarpur,Punjab,2024-11-11,0,2024,11,11,42,23.99,61.9,1.0,0.18,1.0,3.0,5.0,3.0,3.2857142857142856,0.0
Hoshiarpur,Punjab,2024-11-12,0,2024,11,12,43,22.61,63.09,1.07,0.06,0.0,5.0,1.0,2.0,2.5714285714285716,0.0
Hoshiarpur,Punjab,2024-11-13,0,2024,11,13,44,22.2,53.97,1.04,0.0,0.0,1.0,0.0,0.3333333333333333,2.4285714285714284,0.0
Hoshiarpur,Punjab,2024-11-14,0,2024,11,14,45,20.55,56.24,1.07,0.0,0.0,0.0,8.0,0.0,2.4285714285714284,2.0
Hoshiarpur,Punjab,2024-11-15,2,2024,11,15,46,20.88,56.42,1.43,0.0,0.0,0.0,3.0,0.0,1.2857142857142858,0.0
Hoshiarpur,Punjab,2024-11-16,0,2024,11,16,47,19.37,60.07,1.31,0.0,2.0,0.0,5.0,0.6666666666666666,1.1428571428571428,0.0
Hoshiarpur,Punjab,2024-11-17,0,2024,11,17,48,19.14,51.9,1.53,0.0,0.0,0.0,1.0,0.6666666666666666,0.42857142857142855,0.0
Hoshiarpur,Punjab,2024-11-18,0,2024,11,18,49,19.17,50.4,1.18,0.0,0.0,2.0,0.0,0.6666666666666666,0.2857142857142857,3.0
Hoshiarpur,Punjab,2024-11-19,3,2024,11,19,50,18.9,46.95,1.15,0.0,0.0,0.0,0.0,0.0,0.2857142857142857,2.0
Hoshiarpur,Punjab,2024-11-20,2,2024,11,20,51,18.64,44.26,1.21,0.0,3.0,0.0,0.0,1.0,0.7142857142857143,2.0
Hoshiarpur,Punjab,2024-11-21,2,2024,11,21,52,18.87,42.04,1.18,0.0,2.0,0.0,0.0,1.6666666666666667,1.0,1.0
Hoshiarpur,Punjab,2024-11-22,1,2024,11,22,53,18.81,44.54,1.08,0.0,2.0,3.0,2.0,2.3333333333333335,1.2857142857142858,2.0
Hoshiarpur,Punjab,2024-11-23,2,2024,11,23,54,19.16,47.84,0.97,0.0,1.0,2.0,0.0,1.6666666666666667,1.1428571428571428,0.0
Hoshiarpur,Punjab,2024-11-24,0,2024,11,24,55,18.58,51.79,1.42,0.0,2.0,2.0,0.0,1.6666666666666667,1.4285714285714286,0.0
Hoshiarpur,Punjab,2024-11-25,0,2024,11,25,56,17.19,57.55,1.61,0.0,0.0,1.0,0.0,1.0,1.4285714285714286,2.0
Hoshiarpur,Punjab,2024-11-26,2,2024,11,26,57,17.16,52.3,1.27,0.0,0.0,2.0,3.0,0.6666666666666666,1.4285714285714286,1.0
Hoshiarpur,Punjab,2024-11-27,1,2024,11,27,58,17.02,48.37,1.23,0.0,2.0,0.0,2.0,0.6666666666666666,1.2857142857142858,1.0
Hoshiarpur,Punjab,2024-11-28,1,2024,11,28,59,17.47,46.09,1.3,0.0,1.0,0.0,2.0,1.0,1.1428571428571428,1.0
Hoshiarpur,Punjab,2024-11-29,1,2024,11,29,60,17.58,44.78,1.21,0.0,1.0,2.0,1.0,1.3333333333333333,1.0,2.0
Hoshiarpur,Punjab,2024-11-30,2,2024,11,30,61,16.65,44.08,1.3,0.0,1.0,1.0,2.0,1.0,1.0,1.0
Hoshiarpur,Punjab,2025-10-01,1,2025,10,1,1,27.17,79.34,1.1,0.11,2.0,1.0,0.0,1.3333333333333333,1.0,0.0
Hoshiarpur,Punjab,2025-10-02,0,2025,10,2,2,27.55,78.01,1.05,0.09,1.0,1.0,0.0,1.3333333333333333,1.1428571428571428,0.0
Hoshiarpur,Punjab,2025-10-03,0,2025,10,3,3,26.46,84.09,1.22,0.46,0.0,2.0,2.0,1.0,1.1428571428571428,0.0
Hoshiarpur,Punjab,2025-10-04,0,2025,10,4,4,26.28,81.5,1.39,0.15,0.0,1.0,1.0,0.3333333333333333,0.8571428571428571,0.0
Hoshiarpur,Punjab,2025-10-05,0,2025,10,5,5,26.23,74.24,1.03,9.32,0.0,0.0,1.0,0.0,0.7142857142857143,0.0
Hoshiarpur,Punjab,2025-10-06,0,2025,10,6,6,22.56,85.93,2.22,11.13,0.0,0.0,1.0,0.0,0.5714285714285714,0.0
Hoshiarpur,Punjab,2025-10-07,0,2025,10,7,7,20.77,88.89,1.66,27.35,0.0,0.0,2.0,0.0,0.42857142857142855,0.0
Hoshiarpur,Punjab,2025-10-08,0,2025,10,8,8,21.95,84.03,1.03,4.09,0.0,0.0,1.0,0.0,0.14285714285714285,0.0
Hoshiarpur,Punjab,2025-10-09,0,2025,10,9,9,21.96,78.97,1.18,0.07,0.0,0.0,0.0,0.0,0.0,0.0
Hoshiarpur,Punjab,2025-10-10,0,2025,10,10,10,22.21,77.18,1.32,0.03,0.0,0.0,0.0,0.0,0.0,0.0
Hoshiarpur,Punjab,2025-10-11,0,2025,10,11,11,22.67,76.79,1.34,0.0,0.0,0.0,0.0,0.0,0.0,0.0
Hoshiarpur,Punjab,2025-10-12,0,2025,10,12,12,22.16,76.7,1.2,0.0,0.0,0.0,0.0,0.0,0.0,0.0
Hoshiarpur,Punjab,2025-10-13,0,2025,10,13,13,22.72,70.45,1.3,0.0,0.0,0.0,0.0,0.0,0.0,0.0
Hoshiarpur,Punjab,2025-10-14,0,2025,10,14,14,23.14,69.01,1.15,0.0,0.0,0.0,0.0,0.0,0.0,0.0
Hoshiarpur,Punjab,2025-10-15,0,2025,10,15,15,23.81,69.57,0.94,0.0,0.0,0.0,0.0,0.0,0.0,0.0
Hoshiarpur,Punjab,2025-10-16,0,2025,10,16,16,23.71,75.47,1.26,0.0,0.0,0.0,0.0,0.0,0.0,0.0
Hoshiarpur,Punjab,2025-10-17,0,2025,10,17,17,23.57,74.73,1.2,0.0,0.0,0.0,0.0,0.0,0.0,0.0
Hoshiarpur,Punjab,2025-10-18,0,2025,10,18,18,23.84,72.89,1.08,0.0,0.0,0.0,0.0,0.0,0.0,0.0
Hoshiarpur,Punjab,2025-10-19,0,2025,10,19,19,24.41,67.91,0.98,0.0,0.0,0.0,0.0,0.0,0.0,0.0
Hoshiarpur,Punjab,2025-10-20,0,2025,10,20,20,23.73,62.54,1.01,0.0,0.0,0.0,0.0,0.0,0.0,1.0
Hoshiarpur,Punjab,2025-10-21,1,2025,10,21,21,23.17,61.61,1.28,0.01,0.0,0.0,0.0,0.0,0.0,1.0
Hoshiarpur,Punjab,2025-10-22,1,2025,10,22,22,23.06,61.74,1.08,0.14,1.0,0.0,0.0,0.3333333333333333,0.14285714285714285,0.0
Hoshiarpur,Punjab,2025-10-23,0,2025,10,23,23,23.38,62.77,1.02,0.72,1.0,0.0,0.0,0.6666666666666666,0.2857142857142857,3.0
Hoshiarpur,Punjab,2025-10-24,3,2025,10,24,24,23.18,65.81,1.02,0.08,0.0,1.0,0.0,0.6666666666666666,0.2857142857142857,1.0
Hoshiarpur,Punjab,2025-10-25,1,2025,10,25,25,22.42,66.87,1.05,0.0,3.0,1.0,0.0,1.3333333333333333,0.7142857142857143,3.0
Hoshiarpur,Punjab,2025-10-26,3,2025,10,26,26,22.4,68.08,1.07,0.0,1.0,0.0,0.0,1.3333333333333333,0.8571428571428571,1.0
Hoshiarpur,Punjab,2025-10-27,1,2025,10,27,27,23.47,63.43,0.86,0.0,3.0,3.0,0.0,2.3333333333333335,1.2857142857142858,1.0
Hoshiarpur,Punjab,2025-10-28,1,2025,10,28,28,21.67,69.8,1.18,0.0,1.0,1.0,1.0,1.6666666666666667,1.4285714285714286,2.0
Hoshiarpur,Punjab,2025-10-29,2,2025,10,29,29,21.88,74.02,1.18,0.0,1.0,3.0,1.0,1.6666666666666667,1.4285714285714286,1.0
Hoshiarpur,Punjab,2025-10-30,1,2025,10,30,30,23.05,72.09,0.84,0.0,2.0,1.0,0.0,1.3333333333333333,1.5714285714285714,7.0
Hoshiarpur,Punjab,2025-10-31,7,2025,10,31,31,22.61,72.76,1.34,0.0,1.0,1.0,3.0,1.3333333333333333,1.7142857142857142,11.0
Hoshiarpur,Punjab,2025-11-01,11,2025,11,1,32,21.72,66.0,1.37,0.0,7.0,2.0,1.0,3.3333333333333335,2.2857142857142856,2.0
Hoshiarpur,Punjab,2025-11-02,2,2025,11,2,33,20.92,65.64,1.51,0.0,11.0,1.0,3.0,6.333333333333333,3.7142857142857144,0.0
Hoshiarpur,Punjab,2025-11-03,0,2025,11,3,34,20.59,63.24,1.4,0.0,2.0,7.0,1.0,6.666666666666667,3.5714285714285716,3.0
Hoshiarpur,Punjab,2025-11-04,3,2025,11,4,35,20.26,64.56,1.99,0.47,0.0,11.0,1.0,4.333333333333333,3.4285714285714284,1.0
Hoshiarpur,Punjab,2025-11-05,1,2025,11,5,36,19.54,69.21,1.75,0.34,3.0,2.0,2.0,1.6666666666666667,3.7142857142857144,0.0
Hoshiarpur,Punjab,2025-11-06,0,2025,11,6,37,16.77,64.37,1.64,0.0,1.0,0.0,1.0,1.3333333333333333,3.5714285714285716,0.0
Hoshiarpur,Punjab,2025-11-07,0,2025,11,7,38,17.27,53.44,1.38,0.0,0.0,3.0,7.0,1.3333333333333333,3.4285714285714284,0.0
Hoshiarpur,Punjab,2025-11-08,0,2025,11,8,39,17.93,51.03,1.15,0.0,0.0,1.0,11.0,0.3333333333333333,2.4285714285714284,0.0
Hoshiarpur,Punjab,2025-11-09,0,2025,11,9,40,17.49,56.25,1.42,0.0,0.0,0.0,2.0,0.0,0.8571428571428571,1.0
Hoshiarpur,Punjab,2025-11-10,1,2025,11,10,41,17.7,53.57,1.16,0.0,0.0,0.0,0.0,0.0,0.5714285714285714,4.0
Hoshiarpur,Punjab,2025-11-11,4,2025,11,11,42,17.37,56.54,1.3,0.0,1.0,0.0,3.0,0.3333333333333333,0.7142857142857143,1.0
Hoshiarpur,Punjab,2025-11-12,1,2025,11,12,43,16.71,57.44,1.6,0.0,4.0,0.0,1.0,1.6666666666666667,0.8571428571428571,1.0
Hoshiarpur,Punjab,2025-11-13,1,2025,11,13,44,17.09,56.44,1.3,0.0,1.0,1.0,0.0,2.0,0.8571428571428571,0.0
Hoshiarpur,Punjab,2025-11-14,0,2025,11,14,45,16.84,54.13,1.1,0.0,1.0,4.0,0.0,2.0,1.0,1.0
Hoshiarpur,Punjab,2025-11-15,1,2025,11,15,46,16.76,52.25,1.25,0.0,0.0,1.0,0.0,0.6666666666666666,1.0,0.0
Hoshiarpur,Punjab,2025-11-16,0,2025,11,16,47,16.35,55.76,1.38,0.0,1.0,1.0,0.0,0.6666666666666666,1.1428571428571428,1.0
Hoshiarpur,Punjab,2025-11-17,1,2025,11,17,48,16.96,53.13,1.0,0.0,0.0,0.0,1.0,0.3333333333333333,1.1428571428571428,1.0
Hoshiarpur,Punjab,2025-11-18,1,2025,11,18,49,16.59,57.37,1.19,0.0,1.0,1.0,4.0,0.6666666666666666,1.1428571428571428,1.0
Hoshiarpur,Punjab,2025-11-19,1,2025,11,19,50,17.51,55.65,0.91,0.0,1.0,0.0,1.0,0.6666666666666666,0.7142857142857143,0.0
Hoshiarpur,Punjab,2025-11-20,0,2025,11,20,51,17.7,57.01,0.86,0.0,1.0,1.0,1.0,1.0,0.7142857142857143,0.0
Hoshiarpur,Punjab,2025-11-21,0,2025,11,21,52,17.07,59.33,1.07,0.0,0.0,1.0,0.0,0.6666666666666666,0.5714285714285714,0.0
Hoshiarpur,Punjab,2025-11-22,0,2025,11,22,53,16.57,62.78,1.19,0.0,0.0,1.0,1.0,0.3333333333333333,0.5714285714285714,0.0
Hoshiarpur,Punjab,2025-11-23,0,2025,11,23,54,15.9,58.63,0.96,0.0,0.0,0.0,0.0,0.0,0.42857142857142855,2.0
Hoshiarpur,Punjab,2025-11-24,2,2025,11,24,55,15.24,58.0,1.25,0.0,0.0,0.0,1.0,0.0,0.42857142857142855,0.0
Hoshiarpur,Punjab,2025-11-25,0,2025,11,25,56,15.12,57.04,1.11,0.0,2.0,0.0,1.0,0.6666666666666666,0.5714285714285714,2.0
Hoshiarpur,Punjab,2025-11-26,2,2025,11,26,57,15.21,55.46,1.04,0.0,0.0,0.0,1.0,0.6666666666666666,0.42857142857142855,1.0
Hoshiarpur,Punjab,2025-11-27,1,2025,11,27,58,15.15,56.56,0.87,0.0,2.0,2.0,0.0,1.3333333333333333,0.5714285714285714,0.0
Hoshiarpur,Punjab,2025-11-28,0,2025,11,28,59,15.2,57.86,1.0,0.0,1.0,0.0,0.0,1.0,0.7142857142857143,0.0
Hoshiarpur,Punjab,2025-11-29,0,2025,11,29,60,14.61,55.7,1.1,0.0,0.0,2.0,0.0,1.0,0.7142857142857143,0.0
Jalandhar,Punjab,2023-10-08,1,2023,10,8,8,25.46,68.6,1.01,0.0,2.0,9.0,0.0,5.333333333333333,3.5714285714285716,3.0
Jalandhar,Punjab,2023-10-09,3,2023,10,9,9,26.1,72.35,0.98,2.23,1.0,5.0,5.0,2.6666666666666665,3.7142857142857144,0.0
Jalandhar,Punjab,2023-10-10,0,2023,10,10,10,24.71,75.84,1.29,12.54,3.0,2.0,3.0,2.0,3.4285714285714284,0.0
Jalandhar,Punjab,2023-10-11,0,2023,10,11,11,23.76,69.18,1.16,0.0,0.0,1.0,1.0,1.3333333333333333,3.0,1.0
Jalandhar,Punjab,2023-10-12,1,2023,10,12,12,23.68,67.15,1.0,0.0,0.0,3.0,9.0,1.0,2.857142857142857,2.0
Jalandhar,Punjab,2023-10-13,2,2023,10,13,13,23.76,69.23,0.99,0.0,1.0,0.0,5.0,0.3333333333333333,1.7142857142857142,4.0
Jalandhar,Punjab,2023-10-14,4,2023,10,14,14,24.16,70.59,1.16,10.21,2.0,0.0,2.0,1.0,1.2857142857142858,0.0
Jalandhar,Punjab,2023-10-15,0,2023,10,15,15,23.4,69.04,0.99,0.5,4.0,1.0,1.0,2.3333333333333335,1.5714285714285714,0.0
Jalandhar,Punjab,2023-10-16,0,2023,10,16,16,21.67,79.5,1.53,13.82,0.0,2.0,3.0,2.0,1.4285714285714286,0.0
Jalandhar,Punjab,2023-10-17,0,2023,10,17,17,20.51,81.37,1.25,4.56,0.0,4.0,0.0,1.3333333333333333,1.0,0.0
Jalandhar,Punjab,2023-10-18,0,2023,10,18,18,19.4,79.23,1.56,1.21,0.0,0.0,0.0,0.0,1.0,0.0
Jalandhar,Punjab,2023-10-19,0,2023,10,19,19,20.02,69.74,1.25,0.0,0.0,0.0,1.0,0.0,1.0,8.0
Jalandhar,Punjab,2023-10-20,8,2023,10,20,20,20.49,66.99,0.83,0.0,0.0,0.0,2.0,0.0,0.8571428571428571,8.0
Jalandhar,Punjab,2023-10-21,8,2023,10,21,21,21.28,66.37,0.79,0.0,8.0,0.0,4.0,2.6666666666666665,1.7142857142857142,1.0
Jalandhar,Punjab,2023-10-22,1,2023,10,22,22,21.18,73.56,1.21,0.02,8.0,0.0,0.0,5.333333333333333,2.2857142857142856,11.0
Jalandhar,Punjab,2023-10-23,11,2023,10,23,23,21.13,75.42,1.09,0.0,1.0,8.0,0.0,5.666666666666667,2.4285714285714284,26.0
Jalandhar,Punjab,2023-10-24,26,2023,10,24,24,22.17,69.46,0.96,0.01,11.0,8.0,0.0,6.666666666666667,4.0,10.0
Jalandhar,Punjab,2023-10-25,10,2023,10,25,25,22.03,69.82,1.12,0.0,26.0,1.0,0.0,12.666666666666666,7.714285714285714,39.0
Jalandhar,Punjab,2023-10-26,39,2023,10,26,26,22.02,64.07,1.36,0.0,10.0,11.0,0.0,15.666666666666666,9.142857142857142,43.0
Jalandhar,Punjab,2023-10-27,43,2023,10,27,27,21.85,63.19,1.05,0.0,39.0,26.0,8.0,25.0,14.714285714285714,21.0
Jalandhar,Punjab,2023-10-28,21,2023,10,28,28,21.95,66.62,0.99,0.0,43.0,10.0,8.0,30.666666666666668,19.714285714285715,53.0
Jalandhar,Punjab,2023-10-29,53,2023,10,29,29,22.36,68.15,0.95,0.0,21.0,39.0,1.0,34.333333333333336,21.571428571428573,51.0
Jalandhar,Punjab,2023-10-30,51,2023,10,30,30,21.89,69.89,0.95,0.0,53.0,43.0,11.0,39.0,29.0,83.0
Jalandhar,Punjab,2023-10-31,83,2023,10,31,31,22.02,67.09,0.95,0.0,51.0,21.0,26.0,41.666666666666664,34.714285714285715,106.0
Jalandhar,Punjab,2023-11-01,106,2023,11,1,32,22.33,64.39,0.94,0.0,83.0,53.0,10.0,62.333333333333336,42.857142857142854,69.0
Jalandhar,Punjab,2023-11-02,69,2023,11,2,33,22.36,67.45,0.8,0.0,106.0,51.0,39.0,80.0,56.57142857142857,95.0
Jalandhar,Punjab,2023-11-03,95,2023,11,3,34,21.5,71.01,0.75,0.0,69.0,83.0,43.0,86.0,60.857142857142854,126.0
Jalandhar,Punjab,2023-11-04,126,2023,11,4,35,21.43,66.61,1.03,0.0,95.0,106.0,21.0,90.0,68.28571428571429,206.0
Jalandhar,Punjab,2023-11-05,206,2023,11,5,36,21.31,62.11,0.89,0.0,126.0,69.0,53.0,96.66666666666667,83.28571428571429,112.0
Jalandhar,Punjab,2023-11-06,112,2023,11,6,37,20.27,62.98,1.05,0.0,206.0,95.0,51.0,142.33333333333334,105.14285714285714,131.0
Jalandhar,Punjab,2023-11-07,131,2023,11,7,38,20.57,70.47,1.18,0.0,112.0,126.0,83.0,148.0,113.85714285714286,116.0
Jalandhar,Punjab,2023-11-08,116,2023,11,8,39,21.0,73.17,1.13,0.0,131.0,206.0,106.0,149.66666666666666,120.71428571428571,107.0
Jalandhar,Punjab,2023-11-09,107,2023,11,9,40,21.7,65.9,1.04,0.09,116.0,112.0,69.0,119.66666666666667,122.14285714285714,0.0
Jalandhar,Punjab,2023-11-10,0,2023,11,10,41,18.31,82.9,1.75,14.95,107.0,131.0,95.0,118.0,127.57142857142857,0.0
Jalandhar,Punjab,2023-11-11,0,2023,11,11,42,17.5,81.54,1.56,0.02,0.0,116.0,126.0,74.33333333333333,114.0,4.0
Jalandhar,Punjab,2023-11-12,4,2023,11,12,43,17.65,69.34,1.55,0.0,0.0,107.0,206.0,35.666666666666664,96.0,46.0
Jalandhar,Punjab,2023-11-13,46,2023,11,13,44,17.79,65.26,0.98,0.0,4.0,0.0,112.0,1.3333333333333333,67.14285714285714,74.0
Jalandhar,Punjab,2023-11-14,74,2023,11,14,45,17.81,66.81,1.36,0.0,46.0,0.0,131.0,16.666666666666668,57.714285714285715,85.0
Jalandhar,Punjab,2023-11-15,85,2023,11,15,46,18.2,63.87,1.39,0.0,74.0,4.0,116.0,41.333333333333336,49.57142857142857,81.0
Jalandhar,Punjab,2023-11-16,81,2023,11,16,47,18.91,61.39,1.04,0.0,85.0,46.0,107.0,68.33333333333333,45.142857142857146,64.0
Jalandhar,Punjab,2023-11-17,64,2023,11,17,48,18.77,62.46,1.6,0.0,81.0,74.0,0.0,80.0,41.42857142857143,27.0
Jalandhar,Punjab,2023-11-18,27,2023,11,18,49,18.47,61.6,1.03,0.0,64.0,85.0,0.0,76.66666666666667,50.57142857142857,36.0
Jalandhar,Punjab,2023-11-19,36,2023,11,19,50,18.68,60.38,0.91,0.0,27.0,81.0,4.0,57.333333333333336,54.42857142857143,19.0
Jalandhar,Punjab,2023-11-20,19,2023,11,20,51,17.51,66.73,1.43,0.0,36.0,64.0,46.0,42.333333333333336,59.0,15.0
Jalandhar,Punjab,2023-11-21,15,2023,11,21,52,16.78,71.59,1.76,0.0,19.0,27.0,74.0,27.333333333333332,55.142857142857146,16.0
Jalandhar,Punjab,2023-11-22,16,2023,11,22,53,16.19,70.14,1.36,0.0,15.0,36.0,85.0,23.333333333333332,46.714285714285715,6.0
Jalandhar,Punjab,2023-11-23,6,2023,11,23,54,17.39,60.0,0.89,0.0,16.0,19.0,81.0,16.666666666666668,36.857142857142854,7.0
Jalandhar,Punjab,2023-11-24,7,2023,11,24,55,16.84,62.96,1.11,0.0,6.0,15.0,64.0,12.333333333333334,26.142857142857142,1.0
Jalandhar,Punjab,2023-11-25,1,2023,11,25,56,17.52,64.17,0.63,0.0,7.0,16.0,27.0,9.666666666666666,18.0,1.0
Jalandhar,Punjab,2023-11-26,1,2023,11,26,57,16.51,68.93,1.1,0.0,1.0,6.0,36.0,4.666666666666667,14.285714285714286,0.0
Jalandhar,Punjab,2023-11-27,0,2023,11,27,58,16.51,69.24,1.03,0.0,1.0,7.0,19.0,3.0,9.285714285714286,5.0
Jalandhar,Punjab,2023-11-28,5,2023,11,28,59,16.93,65.72,1.17,0.0,0.0,1.0,15.0,0.6666666666666666,6.571428571428571,0.0
Jalandhar,Punjab,2023-11-29,0,2023,11,29,60,18.26,62.24,0.82,0.04,5.0,1.0,16.0,2.0,5.142857142857143,0.0
Jalandhar,Punjab,2023-11-30,0,2023,11,30,61,16.75,81.49,1.17,11.62,0.0,0.0,6.0,1.6666666666666667,2.857142857142857,2.0
Jalandhar,Punjab,2024-10-01,2,2024,10,1,1,27.74,76.65,1.44,0.0,0.0,5.0,7.0,1.6666666666666667,2.0,1.0
Jalandhar,Punjab,2024-10-02,1,2024,10,2,2,27.97,68.39,1.31,0.0,2.0,0.0,1.0,0.6666666666666666,1.2857142857142858,1.0
Jalandhar,Punjab,2024-10-03,1,2024,10,3,3,27.77,63.87,1.27,0.0,1.0,0.0,1.0,1.0,1.2857142857142858,0.0
Jalandhar,Punjab,2024-10-04,0,2024,10,4,4,27.62,64.6,1.04,0.0,1.0,2.0,0.0,1.3333333333333333,1.2857142857142858,0.0
Jalandhar,Punjab,2024-10-05,0,2024,10,5,5,27.67,63.25,1.09,1.77,0.0,1.0,5.0,0.6666666666666666,1.2857142857142858,0.0
Jalandhar,Punjab,2024-10-06,0,2024,10,6,6,26.96,66.49,1.32,8.25,0.0,1.0,0.0,0.3333333333333333,0.5714285714285714,1.0
Jalandhar,Punjab,2024-10-07,1,2024,10,7,7,25.98,69.91,1.27,0.0,0.0,0.0,0.0,0.0,0.5714285714285714,1.0
Jalandhar,Punjab,2024-10-08,1,2024,10,8,8,25.81,70.09,1.17,0.0,1.0,0.0,2.0,0.3333333333333333,0.7142857142857143,0.0
Jalandhar,Punjab,2024-10-09,0,2024,10,9,9,25.18,71.5,1.63,0.0,1.0,0.0,1.0,0.6666666666666666,0.5714285714285714,0.0
Jalandhar,Punjab,2024-10-10,0,2024,10,10,10,25.22,63.52,1.42,0.0,0.0,1.0,1.0,0.6666666666666666,0.42857142857142855,0.0
Jalandhar,Punjab,2024-10-11,0,2024,10,11,11,25.62,57.76,1.46,0.0,0.0,1.0,0.0,0.3333333333333333,0.2857142857142857,1.0
Jalandhar,Punjab,2024-10-12,1,2024,10,12,12,25.97,56.51,1.04,0.0,0.0,0.0,0.0,0.0,0.2857142857142857,0.0
Jalandhar,Punjab,2024-10-13,0,2024,10,13,13,25.78,50.91,0.96,0.0,1.0,0.0,0.0,0.3333333333333333,0.42857142857142855,0.0
Jalandhar,Punjab,2024-10-14,0,2024,10,14,14,24.94,51.62,1.28,0.0,0.0,0.0,1.0,0.3333333333333333,0.42857142857142855,0.0
Jalandhar,Punjab,2024-10-15,0,2024,10,15,15,25.43,54.47,1.51,0.0,0.0,1.0,1.0,0.3333333333333333,0.2857142857142857,3.0
Jalandhar,Punjab,2024-10-16,3,2024,10,16,16,25.64,58.08,1.19,0.0,0.0,0.0,0.0,0.0,0.14285714285714285,2.0
Jalandhar,Punjab,2024-10-17,2,2024,10,17,17,25.73,56.51,1.26,0.0,3.0,0.0,0.0,1.0,0.5714285714285714,5.0
Jalandhar,Punjab,2024-10-18,5,2024,10,18,18,26.06,52.15,1.33,0.0,2.0,0.0,0.0,1.6666666666666667,0.8571428571428571,0.0
Jalandhar,Punjab,2024-10-19,0,2024,10,19,19,24.96,58.1,1.42,0.0,5.0,3.0,1.0,3.3333333333333335,1.5714285714285714,4.0
Jalandhar,Punjab,2024-10-20,4,2024,10,20,20,24.91,60.75,1.26,0.0,0.0,2.0,0.0,2.3333333333333335,1.4285714285714286,0.0
Jalandhar,Punjab,2024-10-21,0,2024,10,21,21,24.78,64.96,1.33,0.0,4.0,5.0,0.0,3.0,2.0,3.0
Jalandhar,Punjab,2024-10-22,3,2024,10,22,22,24.58,67.36,1.17,0.0,0.0,0.0,0.0,1.3333333333333333,2.0,5.0
Jalandhar,Punjab,2024-10-23,5,2024,10,23,23,25.18,61.17,2.18,0.0,3.0,4.0,3.0,2.3333333333333335,2.4285714285714284,2.0
Jalandhar,Punjab,2024-10-24,2,2024,10,24,24,24.03,60.84,1.65,0.0,5.0,0.0,2.0,2.6666666666666665,2.7142857142857144,1.0
Jalandhar,Punjab,2024-10-25,1,2024,10,25,25,24.23,58.82,1.67,0.0,2.0,3.0,5.0,3.3333333333333335,2.7142857142857144,1.0
Jalandhar,Punjab,2024-10-26,1,2024,10,26,26,23.75,57.23,1.3,0.0,1.0,5.0,0.0,2.6666666666666665,2.142857142857143,5.0
Jalandhar,Punjab,2024-10-27,5,2024,10,27,27,25.0,53.81,1.21,0.0,1.0,2.0,4.0,1.3333333333333333,2.2857142857142856,8.0
Jalandhar,Punjab,2024-10-28,8,2024,10,28,28,25.25,65.27,1.41,0.0,5.0,1.0,0.0,2.3333333333333335,2.4285714285714284,5.0
Jalandhar,Punjab,2024-10-29,5,2024,10,29,29,26.38,64.22,1.09,0.0,8.0,1.0,3.0,4.666666666666667,3.5714285714285716,7.0
Jalandhar,Punjab,2024-10-30,7,2024,10,30,30,26.14,56.77,1.43,0.0,5.0,5.0,5.0,6.0,3.857142857142857,20.0
Jalandhar,Punjab,2024-10-31,20,2024,10,31,31,24.49,54.65,2.25,0.0,7.0,8.0,2.0,6.666666666666667,4.142857142857143,27.0
Jalandhar,Punjab,2024-11-01,27,2024,11,1,32,23.66,50.8,1.53,0.0,20.0,5.0,1.0,10.666666666666666,6.714285714285714,27.0
Jalandhar,Punjab,2024-11-02,27,2024,11,2,33,24.57,41.37,0.91,0.0,27.0,7.0,1.0,18.0,10.428571428571429,3.0
Jalandhar,Punjab,2024-11-03,3,2024,11,3,34,23.04,47.94,1.01,0.0,27.0,20.0,5.0,24.666666666666668,14.142857142857142,6.0
Jalandhar,Punjab,2024-11-04,6,2024,11,4,35,24.13,47.74,1.02,0.0,3.0,27.0,8.0,19.0,13.857142857142858,3.0
Jalandhar,Punjab,2024-11-05,3,2024,11,5,36,23.18,54.86,1.34,0.0,6.0,27.0,5.0,12.0,13.571428571428571,1.0
Jalandhar,Punjab,2024-11-06,1,2024,11,6,37,23.46,56.74,1.32,0.0,3.0,3.0,7.0,4.0,13.285714285714286,7.0
Jalandhar,Punjab,2024-11-07,7,2024,11,7,38,23.47,59.74,1.1,0.0,1.0,6.0,20.0,3.3333333333333335,12.428571428571429,12.0
Jalandhar,Punjab,2024-11-08,12,2024,11,8,39,23.51,61.59,1.14,0.0,7.0,3.0,27.0,3.6666666666666665,10.571428571428571,13.0
Jalandhar,Punjab,2024-11-09,13,2024,11,9,40,23.77,62.81,1.04,0.0,12.0,1.0,27.0,6.666666666666667,8.428571428571429,9.0
Jalandhar,Punjab,2024-11-10,9,2024,11,10,41,23.88,62.52,0.81,0.0,13.0,7.0,3.0,10.666666666666666,6.428571428571429,7.0
Jalandhar,Punjab,2024-11-11,7,2024,11,11,42,23.99,61.9,1.0,0.18,9.0,12.0,6.0,11.333333333333334,7.285714285714286,2.0
Jalandhar,Punjab,2024-11-12,2,2024,11,12,43,22.61,63.09,1.07,0.06,7.0,13.0,3.0,9.666666666666666,7.428571428571429,0.0
Jalandhar,Punjab,2024-11-13,0,2024,11,13,44,22.2,53.97,1.04,0.0,2.0,9.0,1.0,6.0,7.285714285714286,2.0
Jalandhar,Punjab,2024-11-14,2,2024,11,14,45,20.55,56.24,1.07,0.0,0.0,7.0,7.0,3.0,7.142857142857143,0.0
Jalandhar,Punjab,2024-11-15,0,2024,11,15,46,20.88,56.42,1.43,0.0,2.0,2.0,12.0,1.3333333333333333,6.428571428571429,0.0
Jalandhar,Punjab,2024-11-16,0,2024,11,16,47,19.37,60.07,1.31,0.0,0.0,0.0,13.0,0.6666666666666666,4.714285714285714,2.0
Jalandhar,Punjab,2024-11-17,2,2024,11,17,48,19.14,51.9,1.53,0.0,0.0,2.0,9.0,0.6666666666666666,2.857142857142857,47.0
Jalandhar,Punjab,2024-11-18,47,2024,11,18,49,19.17,50.4,1.18,0.0,2.0,0.0,7.0,0.6666666666666666,1.8571428571428572,22.0
Jalandhar,Punjab,2024-11-19,22,2024,11,19,50,18.9,46.95,1.15,0.0,47.0,0.0,2.0,16.333333333333332,7.571428571428571,16.0
Jalandhar,Punjab,2024-11-20,16,2024,11,20,51,18.64,44.26,1.21,0.0,22.0,2.0,0.0,23.666666666666668,10.428571428571429,10.0
Jalandhar,Punjab,2024-11-21,10,2024,11,21,52,18.87,42.04,1.18,0.0,16.0,47.0,2.0,28.333333333333332,12.714285714285714,3.0
Jalandhar,Punjab,2024-11-22,3,2024,11,22,53,18.81,44.54,1.08,0.0,10.0,22.0,0.0,16.0,13.857142857142858,5.0
Jalandhar,Punjab,2024-11-23,5,2024,11,23,54,19.16,47.84,0.97,0.0,3.0,16.0,0.0,9.666666666666666,14.285714285714286,7.0
Jalandhar,Punjab,2024-11-24,7,2024,11,24,55,18.58,51.79,1.42,0.0,5.0,10.0,2.0,6.0,15.0,6.0
Jalandhar,Punjab,2024-11-25,6,2024,11,25,56,17.19,57.55,1.61,0.0,7.0,3.0,47.0,5.0,15.714285714285714,3.0
Jalandhar,Punjab,2024-11-26,3,2024,11,26,57,17.16,52.3,1.27,0.0,6.0,5.0,22.0,6.0,9.857142857142858,1.0
Jalandhar,Punjab,2024-11-27,1,2024,11,27,58,17.02,48.37,1.23,0.0,3.0,7.0,16.0,5.333333333333333,7.142857142857143,3.0
Jalandhar,Punjab,2024-11-28,3,2024,11,28,59,17.47,46.09,1.3,0.0,1.0,6.0,10.0,3.3333333333333335,5.0,5.0
Jalandhar,Punjab,2024-11-29,5,2024,11,29,60,17.58,44.78,1.21,0.0,3.0,3.0,3.0,2.3333333333333335,4.0,0.0
Jalandhar,Punjab,2024-11-30,0,2024,11,30,61,16.65,44.08,1.3,0.0,5.0,1.0,5.0,3.0,4.285714285714286,3.0
Jalandhar,Punjab,2025-10-01,3,2025,10,1,1,27.17,79.34,1.1,0.11,0.0,3.0,7.0,2.6666666666666665,3.5714285714285716,1.0
Jalandhar,Punjab,2025-10-02,1,2025,10,2,2,27.55,78.01,1.05,0.09,3.0,5.0,6.0,2.6666666666666665,3.0,0.0
Jalandhar,Punjab,2025-10-03,0,2025,10,3,3,26.46,84.09,1.22,0.46,1.0,0.0,3.0,1.3333333333333333,2.2857142857142856,2.0
Jalandhar,Punjab,2025-10-04,2,2025,10,4,4,26.28,81.5,1.39,0.15,0.0,3.0,1.0,1.3333333333333333,1.8571428571428572,0.0
Jalandhar,Punjab,2025-10-05,0,2025,10,5,5,26.23,74.24,1.03,9.32,2.0,1.0,3.0,1.0,2.0,0.0
Jalandhar,Punjab,2025-10-06,0,2025,10,6,6,22.56,85.93,2.22,11.13,0.0,0.0,5.0,0.6666666666666666,1.5714285714285714,0.0
Jalandhar,Punjab,2025-10-07,0,2025,10,7,7,20.77,88.89,1.66,27.35,0.0,2.0,0.0,0.6666666666666666,0.8571428571428571,0.0
Jalandhar,Punjab,2025-10-08,0,2025,10,8,8,21.95,84.03,1.03,4.09,0.0,0.0,3.0,0.0,0.8571428571428571,0.0
Jalandhar,Punjab,2025-10-09,0,2025,10,9,9,21.96,78.97,1.18,0.07,0.0,0.0,1.0,0.0,0.42857142857142855,0.0
Jalandhar,Punjab,2025-10-10,0,2025,10,10,10,22.21,77.18,1.32,0.03,0.0,0.0,0.0,0.0,0.2857142857142857,1.0
Jalandhar,Punjab,2025-10-11,1,2025,10,11,11,22.67,76.79,1.34,0.0,0.0,0.0,2.0,0.0,0.2857142857142857,0.0
Jalandhar,Punjab,2025-10-12,0,2025,10,12,12,22.16,76.7,1.2,0.0,1.0,0.0,0.0,0.3333333333333333,0.14285714285714285,0.0
Jalandhar,Punjab,2025-10-13,0,2025,10,13,13,22.72,70.45,1.3,0.0,0.0,0.0,0.0,0.3333333333333333,0.14285714285714285,0.0
Jalandhar,Punjab,2025-10-14,0,2025,10,14,14,23.14,69.01,1.15,0.0,0.0,1.0,0.0,0.3333333333333333,0.14285714285714285,0.0
Jalandhar,Punjab,2025-10-15,0,2025,10,15,15,23.81,69.57,0.94,0.0,0.0,0.0,0.0,0.0,0.14285714285714285,0.0
Jalandhar,Punjab,2025-10-16,0,2025,10,16,16,23.71,75.47,1.26,0.0,0.0,0.0,0.0,0.0,0.14285714285714285,4.0
Jalandhar,Punjab,2025-10-17,4,2025,10,17,17,23.57,74.73,1.2,0.0,0.0,0.0,0.0,0.0,0.14285714285714285,2.0
Jalandhar,Punjab,2025-10-18,2,2025,10,18,18,23.84,72.89,1.08,0.0,4.0,0.0,1.0,1.3333333333333333,0.7142857142857143,0.0
Jalandhar,Punjab,2025-10-19,0,2025,10,19,19,24.41,67.91,0.98,0.0,2.0,0.0,0.0,2.0,0.8571428571428571,2.0
Jalandhar,Punjab,2025-10-20,2,2025,10,20,20,23.73,62.54,1.01,0.0,0.0,4.0,0.0,2.0,0.8571428571428571,3.0
Jalandhar,Punjab,2025-10-21,3,2025,10,21,21,23.17,61.61,1.28,0.01,2.0,2.0,0.0,1.3333333333333333,1.1428571428571428,4.0
Jalandhar,Punjab,2025-10-22,4,2025,10,22,22,23.06,61.74,1.08,0.14,3.0,0.0,0.0,1.6666666666666667,1.5714285714285714,1.0
Jalandhar,Punjab,2025-10-23,1,2025,10,23,23,23.38,62.77,1.02,0.72,4.0,2.0,0.0,3.0,2.142857142857143,0.0
Jalandhar,Punjab,2025-10-24,0,2025,10,24,24,23.18,65.81,1.02,0.08,1.0,3.0,4.0,2.6666666666666665,2.2857142857142856,8.0
Jalandhar,Punjab,2025-10-25,8,2025,10,25,25,22.42,66.87,1.05,0.0,0.0,4.0,2.0,1.6666666666666667,1.7142857142857142,12.0
Jalandhar,Punjab,2025-10-26,12,2025,10,26,26,22.4,68.08,1.07,0.0,8.0,1.0,0.0,3.0,2.5714285714285716,8.0
Jalandhar,Punjab,2025-10-27,8,2025,10,27,27,23.47,63.43,0.86,0.0,12.0,0.0,2.0,6.666666666666667,4.285714285714286,6.0
Jalandhar,Punjab,2025-10-28,6,2025,10,28,28,21.67,69.8,1.18,0.0,8.0,8.0,3.0,9.333333333333334,5.142857142857143,12.0
Jalandhar,Punjab,2025-10-29,12,2025,10,29,29,21.88,74.02,1.18,0.0,6.0,12.0,4.0,8.666666666666666,5.571428571428571,5.0
Jalandhar,Punjab,2025-10-30,5,2025,10,30,30,23.05,72.09,0.84,0.0,12.0,8.0,1.0,8.666666666666666,6.714285714285714,13.0
Jalandhar,Punjab,2025-10-31,13,2025,10,31,31,22.61,72.76,1.34,0.0,5.0,6.0,0.0,7.666666666666667,7.285714285714286,18.0
Jalandhar,Punjab,2025-11-01,18,2025,11,1,32,21.72,66.0,1.37,0.0,13.0,12.0,8.0,10.0,9.142857142857142,15.0
Jalandhar,Punjab,2025-11-02,15,2025,11,2,33,20.92,65.64,1.51,0.0,18.0,5.0,12.0,12.0,10.571428571428571,5.0
Jalandhar,Punjab,2025-11-03,5,2025,11,3,34,20.59,63.24,1.4,0.0,15.0,13.0,8.0,15.333333333333334,11.0,9.0
Jalandhar,Punjab,2025-11-04,9,2025,11,4,35,20.26,64.56,1.99,0.47,5.0,18.0,6.0,12.666666666666666,10.571428571428571,8.0
Jalandhar,Punjab,2025-11-05,8,2025,11,5,36,19.54,69.21,1.75,0.34,9.0,15.0,12.0,9.666666666666666,11.0,11.0
Jalandhar,Punjab,2025-11-06,11,2025,11,6,37,16.77,64.37,1.64,0.0,8.0,5.0,5.0,7.333333333333333,10.428571428571429,16.0
Jalandhar,Punjab,2025-11-07,16,2025,11,7,38,17.27,53.44,1.38,0.0,11.0,9.0,13.0,9.333333333333334,11.285714285714286,5.0
Jalandhar,Punjab,2025-11-08,5,2025,11,8,39,17.93,51.03,1.15,0.0,16.0,8.0,18.0,11.666666666666666,11.714285714285714,9.0
Jalandhar,Punjab,2025-11-09,9,2025,11,9,40,17.49,56.25,1.42,0.0,5.0,11.0,15.0,10.666666666666666,9.857142857142858,16.0
Jalandhar,Punjab,2025-11-10,16,2025,11,10,41,17.7,53.57,1.16,0.0,9.0,16.0,5.0,10.0,9.0,19.0
Jalandhar,Punjab,2025-11-11,19,2025,11,11,42,17.37,56.54,1.3,0.0,16.0,5.0,9.0,10.0,10.571428571428571,10.0
Jalandhar,Punjab,2025-11-12,10,2025,11,12,43,16.71,57.44,1.6,0.0,19.0,9.0,8.0,14.666666666666666,12.0,4.0
Jalandhar,Punjab,2025-11-13,4,2025,11,13,44,17.09,56.44,1.3,0.0,10.0,16.0,11.0,15.0,12.285714285714286,1.0
Jalandhar,Punjab,2025-11-14,1,2025,11,14,45,16.84,54.13,1.1,0.0,4.0,19.0,16.0,11.0,11.285714285714286,2.0
Jalandhar,Punjab,2025-11-15,2,2025,11,15,46,16.76,52.25,1.25,0.0,1.0,10.0,5.0,5.0,9.142857142857142,4.0
Jalandhar,Punjab,2025-11-16,4,2025,11,16,47,16.35,55.76,1.38,0.0,2.0,4.0,9.0,2.3333333333333335,8.714285714285714,1.0
Jalandhar,Punjab,2025-11-17,1,2025,11,17,48,16.96,53.13,1.0,0.0,4.0,1.0,16.0,2.3333333333333335,8.0,1.0
Jalandhar,Punjab,2025-11-18,1,2025,11,18,49,16.59,57.37,1.19,0.0,1.0,2.0,19.0,2.3333333333333335,5.857142857142857,1.0
Jalandhar,Punjab,2025-11-19,1,2025,11,19,50,17.51,55.65,0.91,0.0,1.0,4.0,10.0,2.0,3.2857142857142856,0.0
Jalandhar,Punjab,2025-11-20,0,2025,11,20,51,17.7,57.01,0.86,0.0,1.0,1.0,4.0,1.0,2.0,1.0
Jalandhar,Punjab,2025-11-21,1,2025,11,21,52,17.07,59.33,1.07,0.0,0.0,1.0,1.0,0.6666666666666666,1.4285714285714286,0.0
Jalandhar,Punjab,2025-11-22,0,2025,11,22,53,16.57,62.78,1.19,0.0,1.0,1.0,2.0,0.6666666666666666,1.4285714285714286,0.0
Jalandhar,Punjab,2025-11-23,0,2025,11,23,54,15.9,58.63,0.96,0.0,0.0,0.0,4.0,0.3333333333333333,1.1428571428571428,7.0
Jalandhar,Punjab,2025-11-24,7,2025,11,24,55,15.24,58.0,1.25,0.0,0.0,1.0,1.0,0.3333333333333333,0.5714285714285714,0.0
Jalandhar,Punjab,2025-11-25,0,2025,11,25,56,15.12,57.04,1.11,0.0,7.0,0.0,1.0,2.3333333333333335,1.4285714285714286,1.0
Jalandhar,Punjab,2025-11-26,1,2025,11,26,57,15.21,55.46,1.04,0.0,0.0,0.0,1.0,2.3333333333333335,1.2857142857142858,0.0
Jalandhar,Punjab,2025-11-27,0,2025,11,27,58,15.15,56.56,0.87,0.0,1.0,7.0,0.0,2.6666666666666665,1.2857142857142858,2.0
Jalandhar,Punjab,2025-11-28,2,2025,11,28,59,15.2,57.86,1.0,0.0,0.0,0.0,1.0,0.3333333333333333,1.2857142857142858,0.0
Jalandhar,Punjab,2025-11-29,0,2025,11,29,60,14.61,55.7,1.1,0.0,2.0,1.0,0.0,1.0,1.4285714285714286,0.0
Jhajjar,Haryana,2023-10-08,1,2023,10,8,8,29.09,52.93,1.6,0.0,3.0,3.0,1.0,3.0,2.142857142857143,2.0
Jhajjar,Haryana,2023-10-09,2,2023,10,9,9,29.46,56.01,1.73,0.0,1.0,3.0,1.0,2.3333333333333335,2.142857142857143,1.0
Jhajjar,Haryana,2023-10-10,1,2023,10,10,10,28.7,54.27,1.3,0.0,2.0,3.0,4.0,2.0,2.2857142857142856,0.0
Jhajjar,Haryana,2023-10-11,0,2023,10,11,11,26.75,52.31,1.82,0.0,1.0,1.0,0.0,1.3333333333333333,1.8571428571428572,3.0
Jhajjar,Haryana,2023-10-12,3,2023,10,12,12,26.49,47.72,1.3,0.0,0.0,2.0,3.0,1.0,1.8571428571428572,3.0
Jhajjar,Haryana,2023-10-13,3,2023,10,13,13,27.22,46.34,1.3,0.0,3.0,1.0,3.0,1.3333333333333333,1.8571428571428572,1.0
Jhajjar,Haryana,2023-10-14,1,2023,10,14,14,27.69,46.75,1.35,0.0,3.0,0.0,3.0,2.0,1.8571428571428572,3.0
Jhajjar,Haryana,2023-10-15,3,2023,10,15,15,27.46,49.55,0.87,0.18,1.0,3.0,1.0,2.3333333333333335,1.5714285714285714,1.0
Jhajjar,Haryana,2023-10-16,1,2023,10,16,16,24.34,66.25,1.91,6.01,3.0,3.0,2.0,2.3333333333333335,1.8571428571428572,3.0
Jhajjar,Haryana,2023-10-17,3,2023,10,17,17,23.73,64.28,2.22,1.77,1.0,1.0,1.0,1.6666666666666667,1.7142857142857142,0.0
Jhajjar,Haryana,2023-10-18,0,2023,10,18,18,23.57,57.91,2.3,0.0,3.0,3.0,0.0,2.3333333333333335,2.0,0.0
Jhajjar,Haryana,2023-10-19,0,2023,10,19,19,23.21,56.08,1.75,0.0,0.0,1.0,3.0,1.3333333333333333,2.0,1.0
Jhajjar,Haryana,2023-10-20,1,2023,10,20,20,23.42,54.75,1.29,0.0,0.0,3.0,3.0,1.0,1.5714285714285714,1.0
Jhajjar,Haryana,2023-10-21,1,2023,10,21,21,23.25,51.85,1.3,0.0,1.0,0.0,1.0,0.3333333333333333,1.2857142857142858,2.0
Jhajjar,Haryana,2023-10-22,2,2023,10,22,22,23.76,49.24,1.3,0.0,1.0,0.0,3.0,0.6666666666666666,1.2857142857142858,4.0
Jhajjar,Haryana,2023-10-23,4,2023,10,23,23,23.45,56.15,1.61,0.0,2.0,1.0,1.0,1.3333333333333333,1.1428571428571428,0.0
Jhajjar,Haryana,2023-10-24,0,2023,10,24,24,23.96,55.19,1.56,0.0,4.0,1.0,3.0,2.3333333333333335,1.5714285714285714,2.0
Jhajjar,Haryana,2023-10-25,2,2023,10,25,25,23.82,53.42,1.89,0.0,0.0,2.0,0.0,2.0,1.1428571428571428,2.0
Jhajjar,Haryana,2023-10-26,2,2023,10,26,26,23.23,51.36,1.7,0.0,2.0,4.0,0.0,2.0,1.4285714285714286,2.0
Jhajjar,Haryana,2023-10-27,2,2023,10,27,27,23.88,40.97,1.43,0.0,2.0,0.0,1.0,1.3333333333333333,1.7142857142857142,2.0
Jhajjar,Haryana,2023-10-28,2,2023,10,28,28,24.2,44.27,1.29,0.0,2.0,2.0,1.0,2.0,1.8571428571428572,2.0
Jhajjar,Haryana,2023-10-29,2,2023,10,29,29,24.97,43.85,1.25,0.0,2.0,2.0,2.0,2.0,2.0,2.0
Jhajjar,Haryana,2023-10-30,2,2023,10,30,30,24.56,48.83,1.37,0.0,2.0,2.0,4.0,2.0,2.0,1.0
Jhajjar,Haryana,2023-10-31,1,2023,10,31,31,24.26,51.21,1.22,0.0,2.0,2.0,0.0,2.0,1.7142857142857142,1.0
Jhajjar,Haryana,2023-11-01,1,2023,11,1,32,24.42,46.08,1.21,0.0,1.0,2.0,2.0,1.6666666666666667,1.8571428571428572,2.0
Jhajjar,Haryana,2023-11-02,2,2023,11,2,33,23.73,47.72,1.21,0.0,1.0,2.0,2.0,1.3333333333333333,1.7142857142857142,0.0
Jhajjar,Haryana,2023-11-03,0,2023,11,3,34,23.91,50.38,1.22,0.0,2.0,1.0,2.0,1.3333333333333333,1.7142857142857142,4.0
Jhajjar,Haryana,2023-11-04,4,2023,11,4,35,23.72,53.73,1.27,0.0,0.0,1.0,2.0,1.0,1.4285714285714286,3.0
Jhajjar,Haryana,2023-11-05,3,2023,11,5,36,23.05,43.88,1.09,0.0,4.0,2.0,2.0,2.0,1.7142857142857142,2.0
Jhajjar,Haryana,2023-11-06,2,2023,11,6,37,22.7,41.2,1.2,0.0,3.0,0.0,2.0,2.3333333333333335,1.8571428571428572,1.0
Jhajjar,Haryana,2023-11-07,1,2023,11,7,38,22.82,40.87,1.06,0.0,2.0,4.0,1.0,3.0,1.8571428571428572,0.0
Jhajjar,Haryana,2023-11-08,0,2023,11,8,39,22.84,53.71,1.34,0.0,1.0,3.0,1.0,2.0,1.8571428571428572,1.0
Jhajjar,Haryana,2023-11-09,1,2023,11,9,40,23.99,49.79,1.25,0.01,0.0,2.0,2.0,1.0,1.7142857142857142,0.0
Jhajjar,Haryana,2023-11-10,0,2023,11,10,41,21.32,60.33,1.5,5.27,1.0,1.0,0.0,0.6666666666666666,1.5714285714285714,0.0
Jhajjar,Haryana,2023-11-11,0,2023,11,11,42,19.55,63.21,2.04,0.32,0.0,0.0,4.0,0.3333333333333333,1.5714285714285714,1.0
Jhajjar,Haryana,2023-11-12,1,2023,11,12,43,19.48,62.66,1.74,0.0,0.0,1.0,3.0,0.3333333333333333,1.0,1.0
Jhajjar,Haryana,2023-11-13,1,2023,11,13,44,19.63,54.31,1.12,0.0,1.0,0.0,2.0,0.3333333333333333,0.7142857142857143,0.0
Jhajjar,Haryana,2023-11-14,0,2023,11,14,45,19.2,47.48,1.24,0.0,1.0,0.0,1.0,0.6666666666666666,0.5714285714285714,1.0
Jhajjar,Haryana,2023-11-15,1,2023,11,15,46,18.48,54.64,1.43,0.0,0.0,1.0,0.0,0.6666666666666666,0.42857142857142855,0.0
Jhajjar,Haryana,2023-11-16,0,2023,11,16,47,19.94,53.26,0.98,0.0,1.0,1.0,1.0,0.6666666666666666,0.5714285714285714,2.0
Jhajjar,Haryana,2023-11-17,2,2023,11,17,48,20.91,52.18,1.09,0.0,0.0,0.0,0.0,0.3333333333333333,0.42857142857142855,11.0
Jhajjar,Haryana,2023-11-18,11,2023,11,18,49,20.13,51.16,1.11,0.0,2.0,1.0,0.0,1.0,0.7142857142857143,0.0
Jhajjar,Haryana,2023-11-19,0,2023,11,19,50,19.98,45.74,1.18,0.0,11.0,0.0,1.0,4.333333333333333,2.2857142857142856,0.0
Jhajjar,Haryana,2023-11-20,0,2023,11,20,51,19.91,49.29,1.13,0.0,0.0,2.0,1.0,4.333333333333333,2.142857142857143,2.0
Jhajjar,Haryana,2023-11-21,2,2023,11,21,52,18.56,56.66,2.05,0.0,0.0,11.0,0.0,3.6666666666666665,2.0,1.0
Jhajjar,Haryana,2023-11-22,1,2023,11,22,53,17.93,51.89,1.91,0.0,2.0,0.0,1.0,0.6666666666666666,2.2857142857142856,3.0
Jhajjar,Haryana,2023-11-23,3,2023,11,23,54,19.21,41.91,0.72,0.0,1.0,0.0,0.0,1.0,2.2857142857142856,7.0
Jhajjar,Haryana,2023-11-24,7,2023,11,24,55,18.69,45.66,0.92,0.0,3.0,2.0,2.0,2.0,2.7142857142857144,0.0
Jhajjar,Haryana,2023-11-25,0,2023,11,25,56,18.9,45.25,0.85,0.0,7.0,1.0,11.0,3.6666666666666665,3.4285714285714284,1.0
Jhajjar,Haryana,2023-11-26,1,2023,11,26,57,18.79,47.22,1.5,0.0,0.0,3.0,0.0,3.3333333333333335,1.8571428571428572,0.0
Jhajjar,Haryana,2023-11-27,0,2023,11,27,58,17.23,51.52,1.81,0.06,1.0,7.0,0.0,2.6666666666666665,2.0,1.0
Jhajjar,Haryana,2023-11-28,1,2023,11,28,59,17.93,58.44,1.4,3.68,0.0,0.0,2.0,0.3333333333333333,2.0,0.0
Jhajjar,Haryana,2023-11-29,0,2023,11,29,60,18.27,58.99,1.06,0.08,1.0,1.0,1.0,0.6666666666666666,1.8571428571428572,1.0
Jhajjar,Haryana,2023-11-30,1,2023,11,30,61,19.0,63.8,1.25,0.01,0.0,0.0,3.0,0.3333333333333333,1.7142857142857142,0.0
Jhajjar,Haryana,2024-10-01,0,2024,10,1,1,28.21,70.35,1.71,0.0,1.0,1.0,7.0,0.6666666666666666,1.4285714285714286,0.0
Jhajjar,Haryana,2024-10-02,0,2024,10,2,2,28.03,67.87,2.0,0.0,0.0,0.0,0.0,0.3333333333333333,0.42857142857142855,1.0
Jhajjar,Haryana,2024-10-03,1,2024,10,3,3,27.95,62.69,1.96,0.0,0.0,1.0,1.0,0.3333333333333333,0.42857142857142855,0.0
Jhajjar,Haryana,2024-10-04,0,2024,10,4,4,27.85,70.42,1.67,0.32,1.0,0.0,0.0,0.3333333333333333,0.42857142857142855,3.0
Jhajjar,Haryana,2024-10-05,3,2024,10,5,5,28.38,70.48,1.84,0.21,0.0,0.0,1.0,0.3333333333333333,0.42857142857142855,0.0
Jhajjar,Haryana,2024-10-06,0,2024,10,6,6,26.86,69.46,1.65,0.0,3.0,1.0,0.0,1.3333333333333333,0.7142857142857143,4.0
Jhajjar,Haryana,2024-10-07,4,2024,10,7,7,26.78,66.38,1.11,0.0,0.0,0.0,1.0,1.0,0.7142857142857143,1.0
Jhajjar,Haryana,2024-10-08,1,2024,10,8,8,26.58,65.41,0.89,0.0,4.0,3.0,0.0,2.3333333333333335,1.1428571428571428,1.0
Jhajjar,Haryana,2024-10-09,1,2024,10,9,9,27.26,58.6,0.84,0.0,1.0,0.0,0.0,1.6666666666666667,1.2857142857142858,1.0
Jhajjar,Haryana,2024-10-10,1,2024,10,10,10,26.53,62.36,1.42,0.0,1.0,4.0,1.0,2.0,1.4285714285714286,2.0
Jhajjar,Haryana,2024-10-11,2,2024,10,11,11,25.49,56.26,1.49,0.0,1.0,1.0,0.0,1.0,1.4285714285714286,0.0
Jhajjar,Haryana,2024-10-12,0,2024,10,12,12,25.35,52.44,1.33,0.0,2.0,1.0,3.0,1.3333333333333333,1.7142857142857142,3.0
Jhajjar,Haryana,2024-10-13,3,2024,10,13,13,24.91,59.89,1.16,0.0,0.0,1.0,0.0,1.0,1.2857142857142858,0.0
Jhajjar,Haryana,2024-10-14,0,2024,10,14,14,26.07,62.75,1.4,0.0,3.0,2.0,4.0,1.6666666666666667,1.7142857142857142,3.0
Jhajjar,Haryana,2024-10-15,3,2024,10,15,15,26.2,49.19,1.36,0.0,0.0,0.0,1.0,1.0,1.1428571428571428,0.0
Jhajjar,Haryana,2024-10-16,0,2024,10,16,16,26.2,49.34,1.3,0.0,3.0,3.0,1.0,2.0,1.4285714285714286,8.0
Jhajjar,Haryana,2024-10-17,8,2024,10,17,17,26.4,53.59,1.18,0.0,0.0,0.0,1.0,1.0,1.2857142857142858,4.0
Jhajjar,Haryana,2024-10-18,4,2024,10,18,18,26.25,57.36,1.09,0.0,8.0,3.0,2.0,3.6666666666666665,2.2857142857142856,1.0
Jhajjar,Haryana,2024-10-19,1,2024,10,19,19,26.24,61.9,1.46,0.0,4.0,0.0,0.0,4.0,2.5714285714285716,2.0
Jhajjar,Haryana,2024-10-20,2,2024,10,20,20,25.89,58.38,0.95,0.0,1.0,8.0,3.0,4.333333333333333,2.7142857142857144,3.0
Jhajjar,Haryana,2024-10-21,3,2024,10,21,21,25.43,68.04,0.88,0.26,2.0,4.0,0.0,2.3333333333333335,2.5714285714285716,2.0
Jhajjar,Haryana,2024-10-22,2,2024,10,22,22,25.51,66.85,1.05,0.02,3.0,1.0,3.0,2.0,3.0,1.0
Jhajjar,Haryana,2024-10-23,1,2024,10,23,23,25.56,58.3,1.51,0.0,2.0,2.0,0.0,2.3333333333333335,2.857142857142857,6.0
Jhajjar,Haryana,2024-10-24,6,2024,10,24,24,24.91,60.45,2.35,0.0,1.0,3.0,8.0,2.0,3.0,2.0
Jhajjar,Haryana,2024-10-25,2,2024,10,25,25,25.85,55.55,1.97,0.0,6.0,2.0,4.0,3.0,2.7142857142857144,0.0
Jhajjar,Haryana,2024-10-26,0,2024,10,26,26,25.3,55.51,1.71,0.0,2.0,1.0,1.0,3.0,2.4285714285714284,0.0
Jhajjar,Haryana,2024-10-27,0,2024,10,27,27,24.82,63.31,1.42,0.0,0.0,6.0,2.0,2.6666666666666665,2.2857142857142856,0.0
Jhajjar,Haryana,2024-10-28,0,2024,10,28,28,24.99,74.01,2.06,0.0,0.0,2.0,3.0,0.6666666666666666,2.0,2.0
Jhajjar,Haryana,2024-10-29,2,2024,10,29,29,26.42,68.99,1.33,0.0,0.0,0.0,2.0,0.0,1.5714285714285714,0.0
Jhajjar,Haryana,2024-10-30,0,2024,10,30,30,28.0,50.74,1.11,0.0,2.0,0.0,1.0,0.6666666666666666,1.5714285714285714,1.0
Jhajjar,Haryana,2024-10-31,1,2024,10,31,31,25.78,54.21,1.83,0.0,0.0,0.0,6.0,0.6666666666666666,1.4285714285714286,2.0
Jhajjar,Haryana,2024-11-01,2,2024,11,1,32,24.59,46.65,2.13,0.0,1.0,2.0,2.0,1.0,0.7142857142857143,7.0
Jhajjar,Haryana,2024-11-02,7,2024,11,2,33,24.81,49.57,1.22,0.0,2.0,0.0,0.0,1.0,0.7142857142857143,3.0
Jhajjar,Haryana,2024-11-03,3,2024,11,3,34,23.91,56.14,1.17,0.0,7.0,1.0,0.0,3.3333333333333335,1.7142857142857142,0.0
Jhajjar,Haryana,2024-11-04,0,2024,11,4,35,23.37,57.7,1.09,0.0,3.0,2.0,0.0,4.0,2.142857142857143,0.0
Jhajjar,Haryana,2024-11-05,0,2024,11,5,36,22.84,67.02,1.55,0.0,0.0,7.0,2.0,3.3333333333333335,2.142857142857143,0.0
Jhajjar,Haryana,2024-11-06,0,2024,11,6,37,23.35,63.72,1.27,0.0,0.0,3.0,0.0,1.0,1.8571428571428572,2.0
Jhajjar,Haryana,2024-11-07,2,2024,11,7,38,23.43,66.89,1.34,0.0,0.0,0.0,1.0,0.0,1.8571428571428572,1.0
Jhajjar,Haryana,2024-11-08,1,2024,11,8,39,23.65,68.52,1.28,0.0,2.0,0.0,2.0,0.6666666666666666,2.0,4.0
Jhajjar,Haryana,2024-11-09,4,2024,11,9,40,23.89,70.38,1.78,0.0,1.0,0.0,7.0,1.0,1.8571428571428572,5.0
Jhajjar,Haryana,2024-11-10,5,2024,11,10,41,23.95,59.86,1.11,0.0,4.0,2.0,3.0,2.3333333333333335,1.4285714285714286,0.0
Jhajjar,Haryana,2024-11-11,0,2024,11,11,42,24.62,56.06,0.87,0.0,5.0,1.0,0.0,3.3333333333333335,1.7142857142857142,2.0
Jhajjar,Haryana,2024-11-12,2,2024,11,12,43,23.9,51.68,1.34,0.0,0.0,4.0,0.0,3.0,1.7142857142857142,1.0
Jhajjar,Haryana,2024-11-13,1,2024,11,13,44,22.15,50.21,1.35,0.0,2.0,5.0,0.0,2.3333333333333335,2.0,4.0
Jhajjar,Haryana,2024-11-14,4,2024,11,14,45,22.48,47.15,0.92,0.0,1.0,0.0,2.0,1.0,2.142857142857143,2.0
Jhajjar,Haryana,2024-11-15,2,2024,11,15,46,22.32,48.48,1.47,0.0,4.0,2.0,1.0,2.3333333333333335,2.4285714285714284,1.0
Jhajjar,Haryana,2024-11-16,1,2024,11,16,47,21.94,47.82,1.45,0.0,2.0,1.0,4.0,2.3333333333333335,2.5714285714285716,0.0
Jhajjar,Haryana,2024-11-17,0,2024,11,17,48,21.33,51.29,1.18,0.0,1.0,4.0,5.0,2.3333333333333335,2.142857142857143,2.0
Jhajjar,Haryana,2024-11-18,2,2024,11,18,49,19.34,49.74,1.34,0.0,0.0,2.0,0.0,1.0,1.4285714285714286,2.0
Jhajjar,Haryana,2024-11-19,2,2024,11,19,50,18.77,44.89,1.67,0.0,2.0,1.0,2.0,1.0,1.7142857142857142,0.0
Jhajjar,Haryana,2024-11-20,0,2024,11,20,51,19.11,40.64,1.27,0.0,2.0,0.0,1.0,1.3333333333333333,1.7142857142857142,4.0
Jhajjar,Haryana,2024-11-21,4,2024,11,21,52,19.57,36.85,1.2,0.0,0.0,2.0,4.0,1.3333333333333333,1.5714285714285714,4.0
Jhajjar,Haryana,2024-11-22,4,2024,11,22,53,18.96,40.81,1.46,0.0,4.0,2.0,2.0,2.0,1.5714285714285714,5.0
Jhajjar,Haryana,2024-11-23,5,2024,11,23,54,19.01,47.51,1.5,0.0,4.0,0.0,1.0,2.6666666666666665,1.8571428571428572,6.0
Jhajjar,Haryana,2024-11-24,6,2024,11,24,55,19.51,48.07,2.01,0.0,5.0,4.0,0.0,4.333333333333333,2.4285714285714284,2.0
Jhajjar,Haryana,2024-11-25,2,2024,11,25,56,18.25,49.88,1.89,0.0,6.0,4.0,2.0,5.0,3.2857142857142856,2.0
Jhajjar,Haryana,2024-11-26,2,2024,11,26,57,18.15,45.09,1.77,0.0,2.0,5.0,2.0,4.333333333333333,3.2857142857142856,4.0
Jhajjar,Haryana,2024-11-27,4,2024,11,27,58,18.93,45.57,1.48,0.0,2.0,6.0,0.0,3.3333333333333335,3.2857142857142856,1.0
Jhajjar,Haryana,2024-11-28,1,2024,11,28,59,19.28,40.02,0.77,0.0,4.0,2.0,4.0,2.6666666666666665,3.857142857142857,3.0
Jhajjar,Haryana,2024-11-29,3,2024,11,29,60,18.67,41.59,1.03,0.0,1.0,2.0,4.0,2.3333333333333335,3.4285714285714284,2.0
Jhajjar,Haryana,2024-11-30,2,2024,11,30,61,17.94,45.74,1.56,0.0,3.0,4.0,5.0,2.6666666666666665,3.2857142857142856,1.0
Jhajjar,Haryana,2025-10-01,1,2025,10,1,1,26.96,77.49,0.91,0.37,2.0,1.0,6.0,2.0,2.857142857142857,1.0
Jhajjar,Haryana,2025-10-02,1,2025,10,2,2,26.47,80.32,1.52,4.87,1.0,3.0,2.0,2.0,2.142857142857143,1.0
Jhajjar,Haryana,2025-10-03,1,2025,10,3,3,26.29,82.6,1.35,0.0,1.0,2.0,2.0,1.3333333333333333,2.0,3.0
Jhajjar,Haryana,2025-10-04,3,2025,10,4,4,27.54,72.0,1.42,0.0,1.0,1.0,4.0,1.0,1.8571428571428572,1.0
Jhajjar,Haryana,2025-10-05,1,2025,10,5,5,27.23,67.6,1.25,3.06,3.0,1.0,1.0,1.6666666666666667,1.7142857142857142,0.0
Jhajjar,Haryana,2025-10-06,0,2025,10,6,6,24.95,82.62,1.38,11.63,1.0,1.0,3.0,1.6666666666666667,1.7142857142857142,0.0
Jhajjar,Haryana,2025-10-07,0,2025,10,7,7,23.85,85.99,2.0,21.21,0.0,3.0,2.0,1.3333333333333333,1.2857142857142858,2.0
Jhajjar,Haryana,2025-10-08,2,2025,10,8,8,21.71,80.29,1.56,0.68,0.0,1.0,1.0,0.3333333333333333,1.0,6.0
Jhajjar,Haryana,2025-10-09,6,2025,10,9,9,21.87,72.79,1.6,0.0,2.0,0.0,1.0,0.6666666666666666,1.1428571428571428,0.0
Jhajjar,Haryana,2025-10-10,0,2025,10,10,10,22.55,63.72,1.1,0.0,6.0,0.0,1.0,2.6666666666666665,1.8571428571428572,5.0
Jhajjar,Haryana,2025-10-11,5,2025,10,11,11,23.41,59.3,0.91,0.0,0.0,2.0,3.0,2.6666666666666665,1.7142857142857142,4.0
Jhajjar,Haryana,2025-10-12,4,2025,10,12,12,23.84,64.95,1.23,0.0,5.0,6.0,1.0,3.6666666666666665,2.0,4.0
Jhajjar,Haryana,2025-10-13,4,2025,10,13,13,24.44,52.02,0.73,0.0,4.0,0.0,0.0,3.0,2.4285714285714284,2.0
Jhajjar,Haryana,2025-10-14,2,2025,10,14,14,23.56,55.46,0.88,0.0,4.0,5.0,0.0,4.333333333333333,3.0,2.0
Jhajjar,Haryana,2025-10-15,2,2025,10,15,15,23.27,58.16,1.08,0.0,2.0,4.0,2.0,3.3333333333333335,3.2857142857142856,2.0
Jhajjar,Haryana,2025-10-16,2,2025,10,16,16,23.65,53.72,0.98,0.0,2.0,4.0,6.0,2.6666666666666665,3.2857142857142856,1.0
Jhajjar,Haryana,2025-10-17,1,2025,10,17,17,24.51,54.3,0.76,0.0,2.0,2.0,0.0,2.0,2.7142857142857144,0.0
Jhajjar,Haryana,2025-10-18,0,2025,10,18,18,23.86,61.49,1.05,0.0,1.0,2.0,5.0,1.6666666666666667,2.857142857142857,0.0
Jhajjar,Haryana,2025-10-19,0,2025,10,19,19,23.6,64.0,1.34,0.0,0.0,2.0,4.0,1.0,2.142857142857143,0.0
Jhajjar,Haryana,2025-10-20,0,2025,10,20,20,23.7,65.69,1.54,0.0,0.0,1.0,4.0,0.3333333333333333,1.5714285714285714,0.0
Jhajjar,Haryana,2025-10-21,0,2025,10,21,21,24.21,69.31,1.13,0.0,0.0,0.0,2.0,0.0,1.0,3.0
Jhajjar,Haryana,2025-10-22,3,2025,10,22,22,24.86,63.31,1.1,0.0,0.0,0.0,2.0,0.0,0.7142857142857143,1.0
Jhajjar,Haryana,2025-10-23,1,2025,10,23,23,24.54,51.42,1.04,0.0,3.0,0.0,2.0,1.0,0.8571428571428571,1.0
Jhajjar,Haryana,2025-10-24,1,2025,10,24,24,23.8,51.39,1.02,0.0,1.0,0.0,1.0,1.3333333333333333,0.7142857142857143,2.0
Jhajjar,Haryana,2025-10-25,2,2025,10,25,25,23.05,51.25,1.2,0.0,1.0,3.0,0.0,1.6666666666666667,0.7142857142857143,2.0
Jhajjar,Haryana,2025-10-26,2,2025,10,26,26,22.24,57.38,1.36,0.0,2.0,1.0,0.0,1.3333333333333333,1.0,0.0
Jhajjar,Haryana,2025-10-27,0,2025,10,27,27,22.51,63.07,1.53,0.15,2.0,1.0,0.0,1.6666666666666667,1.2857142857142858,0.0
Jhajjar,Haryana,2025-10-28,0,2025,10,28,28,21.54,72.3,1.36,0.0,0.0,2.0,0.0,1.3333333333333333,1.2857142857142858,0.0
Jhajjar,Haryana,2025-10-29,0,2025,10,29,29,22.84,68.47,1.01,0.0,0.0,2.0,3.0,0.6666666666666666,1.2857142857142858,1.0
Jhajjar,Haryana,2025-10-30,1,2025,10,30,30,22.9,76.37,1.2,0.8,0.0,0.0,1.0,0.0,0.8571428571428571,1.0
Jhajjar,Haryana,2025-10-31,1,2025,10,31,31,24.23,70.72,1.52,0.01,1.0,0.0,1.0,0.3333333333333333,0.8571428571428571,1.0
Jhajjar,Haryana,2025-11-01,1,2025,11,1,32,23.68,57.03,1.36,0.0,1.0,0.0,2.0,0.6666666666666666,0.8571428571428571,0.0
Jhajjar,Haryana,2025-11-02,0,2025,11,2,33,22.51,54.49,1.83,0.0,1.0,1.0,2.0,1.0,0.7142857142857143,3.0
Jhajjar,Haryana,2025-11-03,3,2025,11,3,34,22.05,47.42,2.14,0.0,0.0,1.0,0.0,0.6666666666666666,0.42857142857142855,4.0
Jhajjar,Haryana,2025-11-04,4,2025,11,4,35,20.5,56.24,1.42,0.01,3.0,1.0,0.0,1.3333333333333333,0.8571428571428571,3.0
Jhajjar,Haryana,2025-11-05,3,2025,11,5,36,21.03,56.94,1.52,0.0,4.0,0.0,0.0,2.3333333333333335,1.4285714285714286,2.0
Jhajjar,Haryana,2025-11-06,2,2025,11,6,37,18.14,54.34,2.24,0.0,3.0,3.0,1.0,3.3333333333333335,1.8571428571428572,6.0
Jhajjar,Haryana,2025-11-07,6,2025,11,7,38,17.11,46.83,2.17,0.0,2.0,4.0,1.0,3.0,2.0,5.0
Jhajjar,Haryana,2025-11-08,5,2025,11,8,39,16.9,45.39,1.79,0.0,6.0,3.0,1.0,3.6666666666666665,2.7142857142857144,4.0
Jhajjar,Haryana,2025-11-09,4,2025,11,9,40,17.56,45.74,1.77,0.0,5.0,2.0,0.0,4.333333333333333,3.2857142857142856,2.0
Jhajjar,Haryana,2025-11-10,2,2025,11,10,41,18.4,43.15,1.32,0.0,4.0,6.0,3.0,5.0,3.857142857142857,1.0
Jhajjar,Haryana,2025-11-11,1,2025,11,11,42,17.98,43.35,1.5,0.0,2.0,5.0,4.0,3.6666666666666665,3.7142857142857144,2.0
Jhajjar,Haryana,2025-11-12,2,2025,11,12,43,17.34,48.61,1.92,0.0,1.0,4.0,3.0,2.3333333333333335,3.2857142857142856,3.0
Jhajjar,Haryana,2025-11-13,3,2025,11,13,44,17.06,47.62,1.57,0.0,2.0,2.0,2.0,1.6666666666666667,3.142857142857143,1.0
Jhajjar,Haryana,2025-11-14,1,2025,11,14,45,17.64,43.32,1.49,0.0,3.0,1.0,6.0,2.0,3.2857142857142856,1.0
Jhajjar,Haryana,2025-11-15,1,2025,11,15,46,17.92,39.99,1.59,0.0,1.0,2.0,5.0,2.0,2.5714285714285716,5.0
Jhajjar,Haryana,2025-11-16,5,2025,11,16,47,17.08,40.98,1.87,0.0,1.0,3.0,4.0,1.6666666666666667,2.0,7.0
Jhajjar,Haryana,2025-11-17,7,2025,11,17,48,17.29,40.87,1.59,0.0,5.0,1.0,2.0,2.3333333333333335,2.142857142857143,6.0
Jhajjar,Haryana,2025-11-18,6,2025,11,18,49,17.97,41.2,1.41,0.0,7.0,1.0,1.0,4.333333333333333,2.857142857142857,4.0
Jhajjar,Haryana,2025-11-19,4,2025,11,19,50,18.26,46.42,1.08,0.0,6.0,5.0,2.0,6.0,3.5714285714285716,0.0
Jhajjar,Haryana,2025-11-20,0,2025,11,20,51,17.21,61.16,1.37,0.0,4.0,7.0,3.0,5.666666666666667,3.857142857142857,3.0
Jhajjar,Haryana,2025-11-21,3,2025,11,21,52,17.51,63.79,1.48,0.0,0.0,6.0,1.0,3.3333333333333335,3.4285714285714284,2.0
Jhajjar,Haryana,2025-11-22,2,2025,11,22,53,18.73,51.77,1.18,0.0,3.0,4.0,1.0,2.3333333333333335,3.7142857142857144,6.0
Jhajjar,Haryana,2025-11-23,6,2025,11,23,54,18.79,42.28,0.82,0.0,2.0,0.0,5.0,1.6666666666666667,3.857142857142857,2.0
Jhajjar,Haryana,2025-11-24,2,2025,11,24,55,17.78,43.25,0.94,0.0,6.0,3.0,7.0,3.6666666666666665,4.0,2.0
Jhajjar,Haryana,2025-11-25,2,2025,11,25,56,16.45,43.2,1.4,0.0,2.0,2.0,6.0,3.3333333333333335,3.2857142857142856,4.0
Jhajjar,Haryana,2025-11-26,4,2025,11,26,57,16.44,42.74,0.9,0.0,2.0,6.0,4.0,3.3333333333333335,2.7142857142857144,6.0
Jhajjar,Haryana,2025-11-27,6,2025,11,27,58,17.41,39.76,0.86,0.0,4.0,2.0,0.0,2.6666666666666665,2.7142857142857144,1.0
Jhajjar,Haryana,2025-11-28,1,2025,11,28,59,17.72,48.0,1.19,0.0,6.0,2.0,3.0,4.0,3.5714285714285716,1.0
Jhajjar,Haryana,2025-11-29,1,2025,11,29,60,16.73,53.16,1.85,0.0,1.0,4.0,2.0,3.6666666666666665,3.2857142857142856,9.0
Jind,Haryana,2023-10-08,16,2023,10,8,8,28.77,51.65,1.65,0.0,6.0,9.0,1.0,7.333333333333333,4.285714285714286,7.0
Jind,Haryana,2023-10-09,7,2023,10,9,9,29.2,52.79,1.51,0.13,16.0,7.0,1.0,9.666666666666666,6.428571428571429,19.0
Jind,Haryana,2023-10-10,19,2023,10,10,10,27.85,58.58,1.39,3.03,7.0,6.0,0.0,9.666666666666666,7.285714285714286,20.0
Jind,Haryana,2023-10-11,20,2023,10,11,11,26.22,52.93,1.88,0.0,19.0,16.0,6.0,14.0,10.0,14.0
Jind,Haryana,2023-10-12,14,2023,10,12,12,26.19,45.38,1.37,0.0,20.0,7.0,9.0,15.333333333333334,12.0,10.0
Jind,Haryana,2023-10-13,10,2023,10,13,13,26.79,47.16,1.5,0.0,14.0,19.0,7.0,17.666666666666668,12.714285714285714,20.0
Jind,Haryana,2023-10-14,20,2023,10,14,14,27.25,46.37,1.67,0.0,10.0,20.0,6.0,14.666666666666666,13.142857142857142,24.0
Jind,Haryana,2023-10-15,24,2023,10,15,15,26.34,52.84,1.18,1.08,20.0,14.0,16.0,14.666666666666666,15.142857142857142,2.0
Jind,Haryana,2023-10-16,2,2023,10,16,16,22.89,75.92,1.74,58.42,24.0,10.0,7.0,18.0,16.285714285714285,0.0
Jind,Haryana,2023-10-17,0,2023,10,17,17,22.55,72.02,1.97,2.2,2.0,20.0,19.0,15.333333333333334,15.571428571428571,9.0
Jind,Haryana,2023-10-18,9,2023,10,18,18,21.72,69.76,2.12,0.12,0.0,24.0,20.0,8.666666666666666,12.857142857142858,16.0
Jind,Haryana,2023-10-19,16,2023,10,19,19,21.81,63.04,1.74,0.0,9.0,2.0,14.0,3.6666666666666665,11.285714285714286,19.0
Jind,Haryana,2023-10-20,19,2023,10,20,20,22.08,60.57,1.26,0.0,16.0,0.0,10.0,8.333333333333334,11.571428571428571,26.0
Jind,Haryana,2023-10-21,26,2023,10,21,21,22.35,56.18,1.23,0.0,19.0,9.0,20.0,14.666666666666666,12.857142857142858,8.0
Jind,Haryana,2023-10-22,8,2023,10,22,22,22.63,58.38,1.24,0.01,26.0,16.0,24.0,20.333333333333332,13.714285714285714,5.0
Jind,Haryana,2023-10-23,5,2023,10,23,23,22.27,65.94,1.6,0.0,8.0,19.0,2.0,17.666666666666668,11.428571428571429,16.0
Jind,Haryana,2023-10-24,16,2023,10,24,24,23.05,62.49,1.42,0.0,5.0,26.0,0.0,13.0,11.857142857142858,10.0
Jind,Haryana,2023-10-25,10,2023,10,25,25,22.68,61.32,1.67,0.0,16.0,8.0,9.0,9.666666666666666,14.142857142857142,20.0
Jind,Haryana,2023-10-26,20,2023,10,26,26,22.64,55.72,1.62,0.0,10.0,5.0,16.0,10.333333333333334,14.285714285714286,13.0
Jind,Haryana,2023-10-27,13,2023,10,27,27,22.98,46.96,1.38,0.0,20.0,16.0,19.0,15.333333333333334,14.857142857142858,12.0
Jind,Haryana,2023-10-28,12,2023,10,28,28,23.17,53.47,1.08,0.0,13.0,10.0,26.0,14.333333333333334,14.0,13.0
Jind,Haryana,2023-10-29,13,2023,10,29,29,24.18,54.12,1.03,0.0,12.0,20.0,8.0,15.0,12.0,16.0
Jind,Haryana,2023-10-30,16,2023,10,30,30,23.21,58.71,1.25,0.0,13.0,13.0,5.0,12.666666666666666,12.714285714285714,19.0
Jind,Haryana,2023-10-31,19,2023,10,31,31,22.97,58.15,1.15,0.0,16.0,12.0,16.0,13.666666666666666,14.285714285714286,20.0
Jind,Haryana,2023-11-01,20,2023,11,1,32,23.1,55.55,1.2,0.0,19.0,13.0,10.0,16.0,14.714285714285714,11.0
Jind,Haryana,2023-11-02,11,2023,11,2,33,22.85,58.81,1.07,0.0,20.0,16.0,20.0,18.333333333333332,16.142857142857142,17.0
Jind,Haryana,2023-11-03,17,2023,11,3,34,22.84,62.42,1.1,0.0,11.0,19.0,13.0,16.666666666666668,14.857142857142858,10.0
Jind,Haryana,2023-11-04,10,2023,11,4,35,22.06,64.23,1.38,0.0,17.0,20.0,12.0,16.0,15.428571428571429,34.0
Jind,Haryana,2023-11-05,34,2023,11,5,36,22.07,49.58,1.07,0.0,10.0,11.0,13.0,12.666666666666666,15.142857142857142,30.0
Jind,Haryana,2023-11-06,30,2023,11,6,37,21.03,51.6,1.21,0.0,34.0,17.0,16.0,20.333333333333332,18.142857142857142,32.0
Jind,Haryana,2023-11-07,32,2023,11,7,38,21.02,55.37,1.18,0.0,30.0,10.0,19.0,24.666666666666668,20.142857142857142,17.0
Jind,Haryana,2023-11-08,17,2023,11,8,39,21.46,67.95,1.38,0.0,32.0,34.0,20.0,32.0,22.0,11.0
Jind,Haryana,2023-11-09,11,2023,11,9,40,22.86,57.03,1.21,0.0,17.0,30.0,11.0,26.333333333333332,21.571428571428573,0.0
Jind,Haryana,2023-11-10,0,2023,11,10,41,20.17,67.27,1.71,2.19,11.0,32.0,17.0,20.0,21.571428571428573,8.0
Jind,Haryana,2023-11-11,8,2023,11,11,42,18.85,70.3,1.9,0.0,0.0,17.0,10.0,9.333333333333334,19.142857142857142,69.0
Jind,Haryana,2023-11-12,69,2023,11,12,43,18.95,67.84,1.98,0.0,8.0,11.0,34.0,6.333333333333333,18.857142857142858,22.0
Jind,Haryana,2023-11-13,22,2023,11,13,44,18.66,58.98,1.21,0.0,69.0,0.0,30.0,25.666666666666668,23.857142857142858,19.0
Jind,Haryana,2023-11-14,19,2023,11,14,45,18.35,57.8,1.48,0.0,22.0,8.0,32.0,33.0,22.714285714285715,17.0
Jind,Haryana,2023-11-15,17,2023,11,15,46,18.23,62.1,1.64,0.0,19.0,69.0,17.0,36.666666666666664,20.857142857142858,24.0
Jind,Haryana,2023-11-16,24,2023,11,16,47,19.46,57.37,1.02,0.0,17.0,22.0,11.0,19.333333333333332,20.857142857142858,9.0
Jind,Haryana,2023-11-17,9,2023,11,17,48,20.31,56.16,1.61,0.0,24.0,19.0,0.0,20.0,22.714285714285715,12.0
Jind,Haryana,2023-11-18,12,2023,11,18,49,20.52,54.61,1.24,0.0,9.0,17.0,8.0,16.666666666666668,24.0,17.0
Jind,Haryana,2023-11-19,17,2023,11,19,50,20.34,52.56,1.05,0.0,12.0,24.0,69.0,15.0,24.571428571428573,9.0
Jind,Haryana,2023-11-20,9,2023,11,20,51,19.2,56.3,1.29,0.0,17.0,9.0,22.0,12.666666666666666,17.142857142857142,13.0
Jind,Haryana,2023-11-21,13,2023,11,21,52,17.85,63.72,2.11,0.0,9.0,12.0,19.0,12.666666666666666,15.285714285714286,17.0
Jind,Haryana,2023-11-22,17,2023,11,22,53,17.2,58.53,1.97,0.0,13.0,17.0,17.0,13.0,14.428571428571429,1.0
Jind,Haryana,2023-11-23,1,2023,11,23,54,18.6,45.89,0.69,0.0,17.0,9.0,24.0,13.0,14.428571428571429,9.0
Jind,Haryana,2023-11-24,9,2023,11,24,55,17.34,48.9,1.03,0.0,1.0,13.0,9.0,10.333333333333334,11.142857142857142,0.0
Jind,Haryana,2023-11-25,0,2023,11,25,56,16.78,56.85,1.19,0.0,9.0,17.0,12.0,9.0,11.142857142857142,2.0
Jind,Haryana,2023-11-26,2,2023,11,26,57,16.63,55.82,1.51,0.0,0.0,1.0,17.0,3.3333333333333335,9.428571428571429,0.0
Jind,Haryana,2023-11-27,0,2023,11,27,58,16.34,61.73,1.62,0.79,2.0,9.0,9.0,3.6666666666666665,7.285714285714286,1.0
Jind,Haryana,2023-11-28,1,2023,11,28,59,17.09,55.59,1.58,0.6,0.0,0.0,13.0,0.6666666666666666,6.0,0.0
Jind,Haryana,2023-11-29,0,2023,11,29,60,18.85,54.08,1.06,0.06,1.0,2.0,17.0,1.0,4.285714285714286,2.0
Jind,Haryana,2023-11-30,2,2023,11,30,61,19.01,61.79,1.26,2.77,0.0,0.0,1.0,0.3333333333333333,1.8571428571428572,3.0
Jind,Haryana,2024-10-01,3,2024,10,1,1,28.86,67.89,1.78,0.0,2.0,1.0,9.0,1.0,2.0,3.0
Jind,Haryana,2024-10-02,3,2024,10,2,2,29.02,61.67,1.58,0.0,3.0,0.0,0.0,1.6666666666666667,1.1428571428571428,4.0
Jind,Haryana,2024-10-03,4,2024,10,3,3,29.36,51.48,1.11,0.0,3.0,2.0,2.0,2.6666666666666665,1.5714285714285714,8.0
Jind,Haryana,2024-10-04,8,2024,10,4,4,28.7,54.28,1.14,0.0,4.0,3.0,0.0,3.3333333333333335,1.8571428571428572,2.0
Jind,Haryana,2024-10-05,2,2024,10,5,5,29.19,59.29,1.44,1.06,8.0,3.0,1.0,5.0,3.0,2.0
Jind,Haryana,2024-10-06,2,2024,10,6,6,27.84,58.01,1.5,0.66,2.0,4.0,0.0,4.666666666666667,3.142857142857143,5.0
Jind,Haryana,2024-10-07,5,2024,10,7,7,27.59,60.39,1.2,0.0,2.0,8.0,2.0,4.0,3.4285714285714284,13.0
Jind,Haryana,2024-10-08,13,2024,10,8,8,27.52,58.36,1.01,0.0,5.0,2.0,3.0,3.0,3.857142857142857,4.0
Jind,Haryana,2024-10-09,4,2024,10,9,9,27.0,60.1,1.64,0.01,13.0,2.0,3.0,6.666666666666667,5.285714285714286,5.0
Jind,Haryana,2024-10-10,5,2024,10,10,10,26.68,55.65,1.74,0.0,4.0,5.0,4.0,7.333333333333333,5.428571428571429,3.0
Jind,Haryana,2024-10-11,3,2024,10,11,11,26.31,50.84,1.74,0.0,5.0,13.0,8.0,7.333333333333333,5.571428571428571,19.0
Jind,Haryana,2024-10-12,19,2024,10,12,12,26.63,46.12,1.31,0.0,3.0,4.0,2.0,4.0,4.857142857142857,11.0
Jind,Haryana,2024-10-13,11,2024,10,13,13,26.61,42.53,1.03,0.0,19.0,5.0,2.0,9.0,7.285714285714286,2.0
Jind,Haryana,2024-10-14,2,2024,10,14,14,25.76,52.35,1.5,0.0,11.0,3.0,5.0,11.0,8.571428571428571,3.0
Jind,Haryana,2024-10-15,3,2024,10,15,15,26.73,43.9,1.35,0.06,2.0,19.0,13.0,10.666666666666666,8.142857142857142,0.0
Jind,Haryana,2024-10-16,0,2024,10,16,16,27.42,41.26,1.14,0.0,3.0,11.0,4.0,5.333333333333333,6.714285714285714,4.0
Jind,Haryana,2024-10-17,4,2024,10,17,17,27.84,40.21,0.94,0.0,0.0,2.0,5.0,1.6666666666666667,6.142857142857143,7.0
Jind,Haryana,2024-10-18,7,2024,10,18,18,26.84,45.47,1.07,0.0,4.0,3.0,3.0,2.3333333333333335,6.0,5.0
Jind,Haryana,2024-10-19,5,2024,10,19,19,27.36,44.47,1.16,0.0,7.0,0.0,19.0,3.6666666666666665,6.571428571428571,3.0
Jind,Haryana,2024-10-20,3,2024,10,20,20,25.67,52.04,1.39,0.0,5.0,4.0,11.0,5.333333333333333,4.571428571428571,2.0
Jind,Haryana,2024-10-21,2,2024,10,21,21,25.34,60.4,1.17,0.01,3.0,7.0,2.0,5.0,3.4285714285714284,1.0
Jind,Haryana,2024-10-22,1,2024,10,22,22,25.8,60.23,1.17,0.0,2.0,5.0,3.0,3.3333333333333335,3.4285714285714284,3.0
Jind,Haryana,2024-10-23,3,2024,10,23,23,26.3,49.72,1.69,0.0,1.0,3.0,0.0,2.0,3.142857142857143,4.0
Jind,Haryana,2024-10-24,4,2024,10,24,24,25.72,52.65,2.52,0.0,3.0,2.0,4.0,2.0,3.5714285714285716,2.0
Jind,Haryana,2024-10-25,2,2024,10,25,25,26.09,50.14,2.06,0.0,4.0,1.0,7.0,2.6666666666666665,3.5714285714285716,1.0
Jind,Haryana,2024-10-26,1,2024,10,26,26,26.51,44.14,1.53,0.0,2.0,3.0,5.0,3.0,2.857142857142857,1.0
Jind,Haryana,2024-10-27,1,2024,10,27,27,25.72,53.17,1.3,0.0,1.0,4.0,3.0,2.3333333333333335,2.2857142857142856,4.0
Jind,Haryana,2024-10-28,4,2024,10,28,28,26.06,65.71,1.8,0.0,1.0,2.0,2.0,1.3333333333333333,2.0,2.0
Jind,Haryana,2024-10-29,2,2024,10,29,29,27.18,62.45,1.29,0.0,4.0,1.0,1.0,2.0,2.2857142857142856,2.0
Jind,Haryana,2024-10-30,2,2024,10,30,30,27.64,51.83,1.32,0.0,2.0,1.0,3.0,2.3333333333333335,2.4285714285714284,9.0
Jind,Haryana,2024-10-31,9,2024,10,31,31,26.32,46.17,2.25,0.0,2.0,4.0,4.0,2.6666666666666665,2.2857142857142856,15.0
Jind,Haryana,2024-11-01,15,2024,11,1,32,25.41,35.2,2.09,0.0,9.0,2.0,2.0,4.333333333333333,3.0,17.0
Jind,Haryana,2024-11-02,17,2024,11,2,33,25.42,36.49,0.99,0.0,15.0,2.0,1.0,8.666666666666666,4.857142857142857,5.0
Jind,Haryana,2024-11-03,5,2024,11,3,34,24.05,43.74,1.18,0.0,17.0,9.0,1.0,13.666666666666666,7.142857142857143,1.0
Jind,Haryana,2024-11-04,1,2024,11,4,35,24.63,40.98,1.13,0.0,5.0,15.0,4.0,12.333333333333334,7.714285714285714,3.0
Jind,Haryana,2024-11-05,3,2024,11,5,36,23.46,56.11,1.45,0.0,1.0,17.0,2.0,7.666666666666667,7.285714285714286,1.0
Jind,Haryana,2024-11-06,1,2024,11,6,37,24.21,53.99,1.1,0.0,3.0,5.0,2.0,3.0,7.428571428571429,8.0
Jind,Haryana,2024-11-07,8,2024,11,7,38,24.09,56.65,1.15,0.0,1.0,1.0,9.0,1.6666666666666667,7.285714285714286,29.0
Jind,Haryana,2024-11-08,29,2024,11,8,39,24.13,58.29,1.23,0.0,8.0,3.0,15.0,4.0,7.142857142857143,21.0
Jind,Haryana,2024-11-09,21,2024,11,9,40,24.05,63.17,1.65,0.0,29.0,1.0,17.0,12.666666666666666,9.142857142857142,11.0
Jind,Haryana,2024-11-10,11,2024,11,10,41,23.9,63.92,1.3,0.0,21.0,8.0,5.0,19.333333333333332,9.714285714285714,18.0
Jind,Haryana,2024-11-11,18,2024,11,11,42,24.73,58.57,0.81,0.0,11.0,29.0,1.0,20.333333333333332,10.571428571428571,12.0
Jind,Haryana,2024-11-12,12,2024,11,12,43,24.03,45.05,1.17,0.0,18.0,21.0,3.0,16.666666666666668,13.0,0.0
Jind,Haryana,2024-11-13,0,2024,11,13,44,22.52,48.66,1.48,0.0,12.0,11.0,1.0,13.666666666666666,14.285714285714286,2.0
Jind,Haryana,2024-11-14,2,2024,11,14,45,21.98,42.63,1.29,0.0,0.0,18.0,8.0,10.0,14.142857142857142,4.0
Jind,Haryana,2024-11-15,4,2024,11,15,46,21.57,42.01,1.57,0.0,2.0,12.0,29.0,4.666666666666667,13.285714285714286,10.0
Jind,Haryana,2024-11-16,10,2024,11,16,47,20.99,49.29,1.51,0.0,4.0,0.0,21.0,2.0,9.714285714285714,3.0
Jind,Haryana,2024-11-17,3,2024,11,17,48,20.35,46.34,1.6,0.0,10.0,2.0,11.0,5.333333333333333,8.142857142857142,6.0
Jind,Haryana,2024-11-18,6,2024,11,18,49,19.67,41.44,1.57,0.0,3.0,4.0,18.0,5.666666666666667,7.0,29.0
Jind,Haryana,2024-11-19,29,2024,11,19,50,19.34,35.98,1.67,0.0,6.0,10.0,12.0,6.333333333333333,5.285714285714286,36.0
Jind,Haryana,2024-11-20,36,2024,11,20,51,19.13,35.29,1.47,0.0,29.0,3.0,0.0,12.666666666666666,7.714285714285714,24.0
Jind,Haryana,2024-11-21,24,2024,11,21,52,19.69,30.7,1.25,0.0,36.0,6.0,2.0,23.666666666666668,12.857142857142858,8.0
Jind,Haryana,2024-11-22,8,2024,11,22,53,20.27,31.0,1.27,0.0,24.0,29.0,4.0,29.666666666666668,16.0,37.0
Jind,Haryana,2024-11-23,37,2024,11,23,54,19.81,37.5,1.39,0.0,8.0,36.0,10.0,22.666666666666668,16.571428571428573,37.0
Jind,Haryana,2024-11-24,37,2024,11,24,55,19.92,40.32,1.85,0.0,37.0,24.0,3.0,23.0,20.428571428571427,13.0
Jind,Haryana,2024-11-25,13,2024,11,25,56,18.36,46.29,1.94,0.0,37.0,8.0,6.0,27.333333333333332,25.285714285714285,2.0
Jind,Haryana,2024-11-26,2,2024,11,26,57,18.31,39.27,1.75,0.0,13.0,37.0,29.0,29.0,26.285714285714285,3.0
Jind,Haryana,2024-11-27,3,2024,11,27,58,18.85,38.96,1.23,0.0,2.0,37.0,36.0,17.333333333333332,22.428571428571427,3.0
Jind,Haryana,2024-11-28,3,2024,11,28,59,18.92,36.29,1.0,0.0,3.0,13.0,24.0,6.0,17.714285714285715,3.0
Jind,Haryana,2024-11-29,3,2024,11,29,60,19.18,36.18,0.95,0.0,3.0,2.0,8.0,2.6666666666666665,14.714285714285714,6.0
Jind,Haryana,2024-11-30,6,2024,11,30,61,17.89,39.42,1.71,0.0,3.0,3.0,37.0,3.0,14.0,0.0
Jind,Haryana,2025-10-01,0,2025,10,1,1,27.89,75.06,0.82,0.14,6.0,3.0,37.0,4.0,9.571428571428571,0.0
Jind,Haryana,2025-10-02,0,2025,10,2,2,27.7,74.42,1.12,3.33,0.0,3.0,13.0,3.0,4.285714285714286,0.0
Jind,Haryana,2025-10-03,0,2025,10,3,3,27.42,75.85,1.11,0.14,0.0,6.0,2.0,2.0,2.4285714285714284,2.0
Jind,Haryana,2025-10-04,2,2025,10,4,4,27.98,68.96,1.56,0.01,0.0,0.0,3.0,0.0,2.142857142857143,2.0
Jind,Haryana,2025-10-05,2,2025,10,5,5,27.96,62.97,0.7,4.81,2.0,0.0,3.0,0.6666666666666666,2.0,0.0
Jind,Haryana,2025-10-06,0,2025,10,6,6,24.56,78.88,1.89,11.0,2.0,0.0,3.0,1.3333333333333333,1.8571428571428572,0.0
Jind,Haryana,2025-10-07,0,2025,10,7,7,23.53,86.36,2.11,18.81,0.0,2.0,6.0,1.3333333333333333,1.4285714285714286,0.0
Jind,Haryana,2025-10-08,0,2025,10,8,8,21.73,81.56,1.76,4.03,0.0,2.0,0.0,0.6666666666666666,0.5714285714285714,1.0
Jind,Haryana,2025-10-09,1,2025,10,9,9,22.1,73.29,1.49,0.0,0.0,0.0,0.0,0.0,0.5714285714285714,2.0
Jind,Haryana,2025-10-10,2,2025,10,10,10,23.02,63.17,1.11,0.0,1.0,0.0,0.0,0.3333333333333333,0.7142857142857143,5.0
Jind,Haryana,2025-10-11,5,2025,10,11,11,23.75,61.89,0.91,0.0,2.0,0.0,2.0,1.0,1.0,4.0
Jind,Haryana,2025-10-12,4,2025,10,12,12,23.25,67.53,1.51,0.0,5.0,1.0,2.0,2.6666666666666665,1.4285714285714286,2.0
Jind,Haryana,2025-10-13,2,2025,10,13,13,24.13,55.69,1.04,0.0,4.0,2.0,0.0,3.6666666666666665,1.7142857142857142,7.0
Jind,Haryana,2025-10-14,7,2025,10,14,14,24.51,49.19,0.62,0.0,2.0,5.0,0.0,3.6666666666666665,2.0,5.0
Jind,Haryana,2025-10-15,5,2025,10,15,15,24.46,47.86,0.59,0.0,7.0,4.0,0.0,4.333333333333333,3.0,0.0
Jind,Haryana,2025-10-16,0,2025,10,16,16,24.62,50.6,0.86,0.0,5.0,2.0,1.0,4.666666666666667,3.7142857142857144,0.0
Jind,Haryana,2025-10-17,0,2025,10,17,17,24.98,62.98,0.92,0.0,0.0,7.0,2.0,4.0,3.5714285714285716,0.0
Jind,Haryana,2025-10-18,0,2025,10,18,18,25.31,62.69,0.68,0.0,0.0,5.0,5.0,1.6666666666666667,3.2857142857142856,4.0
Jind,Haryana,2025-10-19,4,2025,10,19,19,25.75,56.26,0.64,0.0,0.0,0.0,4.0,0.0,2.5714285714285716,13.0
Jind,Haryana,2025-10-20,13,2025,10,20,20,24.89,58.88,1.0,0.0,4.0,0.0,2.0,1.3333333333333333,2.5714285714285716,5.0
Jind,Haryana,2025-10-21,5,2025,10,21,21,25.34,58.25,0.62,0.0,13.0,0.0,7.0,5.666666666666667,4.142857142857143,5.0
Jind,Haryana,2025-10-22,5,2025,10,22,22,24.55,55.13,1.29,0.0,5.0,4.0,5.0,7.333333333333333,3.857142857142857,0.0
Jind,Haryana,2025-10-23,0,2025,10,23,23,24.21,50.42,1.19,0.0,5.0,13.0,0.0,7.666666666666667,3.857142857142857,0.0
Jind,Haryana,2025-10-24,0,2025,10,24,24,25.4,43.86,0.51,0.01,0.0,5.0,0.0,3.3333333333333335,3.857142857142857,6.0
Jind,Haryana,2025-10-25,6,2025,10,25,25,24.56,50.66,0.75,0.0,0.0,5.0,0.0,1.6666666666666667,3.857142857142857,5.0
Jind,Haryana,2025-10-26,5,2025,10,26,26,23.48,51.91,1.19,0.0,6.0,0.0,4.0,2.0,4.714285714285714,6.0
Jind,Haryana,2025-10-27,6,2025,10,27,27,22.91,55.37,1.28,0.0,5.0,0.0,13.0,3.6666666666666665,4.857142857142857,0.0
Jind,Haryana,2025-10-28,0,2025,10,28,28,22.48,68.73,1.07,0.0,6.0,6.0,5.0,5.666666666666667,3.857142857142857,2.0
Jind,Haryana,2025-10-29,2,2025,10,29,29,22.79,64.36,1.32,0.0,0.0,5.0,5.0,3.6666666666666665,3.142857142857143,0.0
Jind,Haryana,2025-10-30,0,2025,10,30,30,23.97,67.01,1.11,0.0,2.0,6.0,0.0,2.6666666666666665,2.7142857142857144,1.0
Jind,Haryana,2025-10-31,1,2025,10,31,31,24.04,65.89,1.82,0.0,0.0,0.0,0.0,0.6666666666666666,2.7142857142857144,7.0
Jind,Haryana,2025-11-01,7,2025,11,1,32,23.47,59.57,1.37,0.0,1.0,2.0,6.0,1.0,2.857142857142857,8.0
Jind,Haryana,2025-11-02,8,2025,11,2,33,22.35,53.87,1.93,0.0,7.0,0.0,5.0,2.6666666666666665,3.0,4.0
Jind,Haryana,2025-11-03,4,2025,11,3,34,22.37,47.24,1.83,0.0,8.0,1.0,6.0,5.333333333333333,3.4285714285714284,3.0
Jind,Haryana,2025-11-04,3,2025,11,4,35,21.88,52.23,1.94,0.06,4.0,7.0,0.0,6.333333333333333,3.142857142857143,7.0
Jind,Haryana,2025-11-05,7,2025,11,5,36,21.06,55.0,1.68,0.41,3.0,8.0,2.0,5.0,3.5714285714285716,15.0
Jind,Haryana,2025-11-06,15,2025,11,6,37,18.23,50.88,2.29,0.0,7.0,4.0,0.0,4.666666666666667,4.285714285714286,15.0
Jind,Haryana,2025-11-07,15,2025,11,7,38,17.56,44.87,2.13,0.0,15.0,3.0,1.0,8.333333333333334,6.428571428571429,25.0
Jind,Haryana,2025-11-08,25,2025,11,8,39,17.5,42.5,1.73,0.0,15.0,7.0,7.0,12.333333333333334,8.428571428571429,39.0
Jind,Haryana,2025-11-09,39,2025,11,9,40,17.47,45.74,1.78,0.0,25.0,15.0,8.0,18.333333333333332,11.0,38.0
Jind,Haryana,2025-11-10,38,2025,11,10,41,18.11,42.79,1.51,0.0,39.0,15.0,4.0,26.333333333333332,15.428571428571429,28.0
Jind,Haryana,2025-11-11,28,2025,11,11,42,17.3,48.16,1.73,0.0,38.0,25.0,3.0,34.0,20.285714285714285,14.0
Jind,Haryana,2025-11-12,14,2025,11,12,43,17.15,48.38,2.0,0.0,28.0,39.0,7.0,35.0,23.857142857142858,12.0
Jind,Haryana,2025-11-13,12,2025,11,13,44,17.06,48.05,1.65,0.0,14.0,38.0,15.0,26.666666666666668,24.857142857142858,2.0
Jind,Haryana,2025-11-14,2,2025,11,14,45,17.07,45.65,1.6,0.0,12.0,28.0,15.0,18.0,24.428571428571427,13.0
Jind,Haryana,2025-11-15,13,2025,11,15,46,17.41,41.74,1.69,0.0,2.0,14.0,25.0,9.333333333333334,22.571428571428573,17.0
Jind,Haryana,2025-11-16,17,2025,11,16,47,17.17,41.77,1.79,0.0,13.0,12.0,39.0,9.0,20.857142857142858,6.0
Jind,Haryana,2025-11-17,6,2025,11,17,48,17.97,39.9,1.4,0.0,17.0,2.0,38.0,10.666666666666666,17.714285714285715,3.0
Jind,Haryana,2025-11-18,3,2025,11,18,49,18.05,39.67,1.36,0.0,6.0,13.0,28.0,12.0,13.142857142857142,2.0
Jind,Haryana,2025-11-19,2,2025,11,19,50,18.74,43.56,0.9,0.0,3.0,17.0,14.0,8.666666666666666,9.571428571428571,6.0
Jind,Haryana,2025-11-20,6,2025,11,20,51,19.09,43.79,0.73,0.0,2.0,6.0,12.0,3.6666666666666665,7.857142857142857,6.0
Jind,Haryana,2025-11-21,6,2025,11,21,52,18.62,52.12,0.9,0.0,6.0,3.0,2.0,3.6666666666666665,7.0,3.0
Jind,Haryana,2025-11-22,3,2025,11,22,53,18.12,50.34,1.23,0.0,6.0,2.0,13.0,4.666666666666667,7.571428571428571,2.0
Jind,Haryana,2025-11-23,2,2025,11,23,54,17.18,53.18,1.09,0.0,3.0,6.0,17.0,5.0,6.142857142857143,2.0
Jind,Haryana,2025-11-24,2,2025,11,24,55,15.99,47.69,1.48,0.0,2.0,6.0,6.0,3.6666666666666665,4.0,0.0
Jind,Haryana,2025-11-25,0,2025,11,25,56,15.35,47.23,1.61,0.0,2.0,3.0,3.0,2.3333333333333335,3.4285714285714284,4.0
Jind,Haryana,2025-11-26,4,2025,11,26,57,15.88,45.9,1.16,0.0,0.0,2.0,2.0,1.3333333333333333,3.0,1.0
Jind,Haryana,2025-11-27,1,2025,11,27,58,17.13,43.5,0.9,0.0,4.0,2.0,6.0,2.0,3.2857142857142856,0.0
Jind,Haryana,2025-11-28,0,2025,11,28,59,17.01,49.57,1.33,0.0,1.0,0.0,6.0,1.6666666666666667,2.5714285714285716,0.0
Jind,Haryana,2025-11-29,0,2025,11,29,60,15.9,45.19,2.14,0.0,0.0,4.0,3.0,1.6666666666666667,1.7142857142857142,0.0
Kaithal,Haryana,2023-10-08,10,2023,10,8,8,27.06,58.76,1.41,0.0,7.0,3.0,2.0,4.666666666666667,4.285714285714286,9.0
Kaithal,Haryana,2023-10-09,9,2023,10,9,9,27.52,61.21,1.08,0.06,10.0,4.0,7.0,7.0,5.428571428571429,4.0
Kaithal,Haryana,2023-10-10,4,2023,10,10,10,26.2,67.87,1.46,7.31,9.0,7.0,5.0,8.666666666666666,5.714285714285714,8.0
Kaithal,Haryana,2023-10-11,8,2023,10,11,11,24.85,61.8,1.77,0.0,4.0,10.0,2.0,7.666666666666667,5.571428571428571,10.0
Kaithal,Haryana,2023-10-12,10,2023,10,12,12,24.88,53.65,1.15,0.0,8.0,9.0,3.0,7.0,6.428571428571429,9.0
Kaithal,Haryana,2023-10-13,9,2023,10,13,13,25.06,57.31,1.29,0.0,10.0,4.0,4.0,7.333333333333333,7.428571428571429,15.0
Kaithal,Haryana,2023-10-14,15,2023,10,14,14,25.72,55.82,1.54,0.36,9.0,8.0,7.0,9.0,8.142857142857142,23.0
Kaithal,Haryana,2023-10-15,23,2023,10,15,15,24.84,60.26,1.06,1.0,15.0,10.0,10.0,11.333333333333334,9.285714285714286,0.0
Kaithal,Haryana,2023-10-16,0,2023,10,16,16,21.56,81.3,1.6,48.91,23.0,9.0,9.0,15.666666666666666,11.142857142857142,0.0
Kaithal,Haryana,2023-10-17,0,2023,10,17,17,21.76,76.99,1.62,1.26,0.0,15.0,4.0,12.666666666666666,9.857142857142858,4.0
Kaithal,Haryana,2023-10-18,4,2023,10,18,18,20.74,75.61,2.26,0.53,0.0,23.0,8.0,7.666666666666667,9.285714285714286,14.0
Kaithal,Haryana,2023-10-19,14,2023,10,19,19,20.6,68.91,1.73,0.0,4.0,0.0,10.0,1.3333333333333333,8.714285714285714,17.0
Kaithal,Haryana,2023-10-20,17,2023,10,20,20,20.98,64.43,1.24,0.0,14.0,0.0,9.0,6.0,9.285714285714286,28.0
Kaithal,Haryana,2023-10-21,28,2023,10,21,21,21.57,58.74,1.05,0.0,17.0,4.0,15.0,11.666666666666666,10.428571428571429,27.0
Kaithal,Haryana,2023-10-22,27,2023,10,22,22,21.92,63.21,1.19,0.02,28.0,14.0,23.0,19.666666666666668,12.285714285714286,19.0
Kaithal,Haryana,2023-10-23,19,2023,10,23,23,21.44,71.5,1.52,0.0,27.0,17.0,0.0,24.0,12.857142857142858,25.0
Kaithal,Haryana,2023-10-24,25,2023,10,24,24,22.29,67.21,1.36,0.01,19.0,28.0,0.0,24.666666666666668,15.571428571428571,10.0
Kaithal,Haryana,2023-10-25,10,2023,10,25,25,21.99,67.86,1.55,0.0,25.0,27.0,4.0,23.666666666666668,19.142857142857142,17.0
Kaithal,Haryana,2023-10-26,17,2023,10,26,26,21.94,61.22,1.73,0.0,10.0,19.0,14.0,18.0,20.0,12.0
Kaithal,Haryana,2023-10-27,12,2023,10,27,27,22.11,53.95,1.41,0.0,17.0,25.0,17.0,17.333333333333332,20.428571428571427,10.0
Kaithal,Haryana,2023-10-28,10,2023,10,28,28,22.98,55.96,1.08,0.0,12.0,10.0,28.0,13.0,19.714285714285715,36.0
Kaithal,Haryana,2023-10-29,36,2023,10,29,29,23.73,57.64,0.88,0.0,10.0,17.0,27.0,13.0,17.142857142857142,12.0
Kaithal,Haryana,2023-10-30,12,2023,10,30,30,22.4,63.93,1.16,0.0,36.0,12.0,19.0,19.333333333333332,18.428571428571427,10.0
Kaithal,Haryana,2023-10-31,10,2023,10,31,31,22.66,59.78,0.99,0.0,12.0,10.0,25.0,19.333333333333332,17.428571428571427,12.0
Kaithal,Haryana,2023-11-01,12,2023,11,1,32,22.74,57.39,1.07,0.0,10.0,36.0,10.0,19.333333333333332,15.285714285714286,10.0
Kaithal,Haryana,2023-11-02,10,2023,11,2,33,22.56,61.37,1.01,0.0,12.0,12.0,17.0,11.333333333333334,15.571428571428571,17.0
Kaithal,Haryana,2023-11-03,17,2023,11,3,34,22.1,65.29,1.05,0.0,10.0,10.0,12.0,10.666666666666666,14.571428571428571,8.0
Kaithal,Haryana,2023-11-04,8,2023,11,4,35,21.45,64.63,1.4,0.0,17.0,12.0,10.0,13.0,15.285714285714286,24.0
Kaithal,Haryana,2023-11-05,24,2023,11,5,36,21.5,53.82,1.12,0.0,8.0,10.0,36.0,11.666666666666666,15.0,9.0
Kaithal,Haryana,2023-11-06,9,2023,11,6,37,20.71,53.52,1.11,0.0,24.0,17.0,12.0,16.333333333333332,13.285714285714286,7.0
Kaithal,Haryana,2023-11-07,7,2023,11,7,38,20.71,59.37,1.22,0.0,9.0,8.0,10.0,13.666666666666666,12.857142857142858,10.0
Kaithal,Haryana,2023-11-08,10,2023,11,8,39,21.19,69.69,1.46,0.0,7.0,24.0,12.0,13.333333333333334,12.428571428571429,1.0
Kaithal,Haryana,2023-11-09,1,2023,11,9,40,22.39,59.1,1.25,0.0,10.0,9.0,10.0,8.666666666666666,12.142857142857142,0.0
Kaithal,Haryana,2023-11-10,0,2023,11,10,41,19.78,68.97,1.68,1.75,1.0,7.0,17.0,6.0,10.857142857142858,4.0
Kaithal,Haryana,2023-11-11,4,2023,11,11,42,18.58,72.65,1.85,0.0,0.0,10.0,8.0,3.6666666666666665,8.428571428571429,20.0
Kaithal,Haryana,2023-11-12,20,2023,11,12,43,18.52,69.9,2.22,0.0,4.0,1.0,24.0,1.6666666666666667,7.857142857142857,12.0
Kaithal,Haryana,2023-11-13,12,2023,11,13,44,18.05,61.99,1.28,0.0,20.0,0.0,9.0,8.0,7.285714285714286,5.0
Kaithal,Haryana,2023-11-14,5,2023,11,14,45,18.16,60.96,1.65,0.0,12.0,4.0,7.0,12.0,7.714285714285714,12.0
Kaithal,Haryana,2023-11-15,12,2023,11,15,46,18.35,64.14,1.83,0.0,5.0,20.0,10.0,12.333333333333334,7.428571428571429,4.0
Kaithal,Haryana,2023-11-16,4,2023,11,16,47,19.61,58.31,1.05,0.0,12.0,12.0,1.0,9.666666666666666,7.714285714285714,8.0
Kaithal,Haryana,2023-11-17,8,2023,11,17,48,20.39,55.68,1.76,0.0,4.0,5.0,0.0,7.0,8.142857142857142,2.0
Kaithal,Haryana,2023-11-18,2,2023,11,18,49,20.19,56.71,1.26,0.0,8.0,12.0,4.0,8.0,9.285714285714286,6.0
Kaithal,Haryana,2023-11-19,6,2023,11,19,50,20.03,56.03,1.26,0.0,2.0,4.0,20.0,4.666666666666667,9.0,3.0
Kaithal,Haryana,2023-11-20,3,2023,11,20,51,18.73,60.65,1.49,0.0,6.0,8.0,12.0,5.333333333333333,7.0,2.0
Kaithal,Haryana,2023-11-21,2,2023,11,21,52,17.74,65.83,2.34,0.0,3.0,2.0,5.0,3.6666666666666665,5.714285714285714,0.0
Kaithal,Haryana,2023-11-22,0,2023,11,22,53,16.82,63.51,2.11,0.0,2.0,6.0,12.0,3.6666666666666665,5.285714285714286,1.0
Kaithal,Haryana,2023-11-23,1,2023,11,23,54,18.18,50.16,0.68,0.0,0.0,3.0,4.0,1.6666666666666667,3.5714285714285716,0.0
Kaithal,Haryana,2023-11-24,0,2023,11,24,55,17.21,53.31,1.1,0.0,1.0,2.0,8.0,1.0,3.142857142857143,0.0
Kaithal,Haryana,2023-11-25,0,2023,11,25,56,16.7,59.34,1.07,0.0,0.0,0.0,2.0,0.3333333333333333,2.0,0.0
Kaithal,Haryana,2023-11-26,0,2023,11,26,57,16.16,61.14,1.39,0.0,0.0,1.0,6.0,0.3333333333333333,1.7142857142857142,0.0
Kaithal,Haryana,2023-11-27,0,2023,11,27,58,16.34,67.84,1.42,0.33,0.0,0.0,3.0,0.0,0.8571428571428571,0.0
Kaithal,Haryana,2023-11-28,0,2023,11,28,59,16.77,61.92,1.32,0.03,0.0,0.0,2.0,0.0,0.42857142857142855,0.0
Kaithal,Haryana,2023-11-29,0,2023,11,29,60,19.08,57.95,1.09,0.2,0.0,0.0,0.0,0.0,0.14285714285714285,0.0
Kaithal,Haryana,2023-11-30,0,2023,11,30,61,18.55,68.71,1.29,7.49,0.0,0.0,1.0,0.0,0.14285714285714285,0.0
Kaithal,Haryana,2024-10-01,0,2024,10,1,1,28.24,71.99,1.86,0.0,0.0,0.0,0.0,0.0,0.0,3.0
Kaithal,Haryana,2024-10-02,3,2024,10,2,2,28.42,65.08,1.43,0.0,0.0,0.0,0.0,0.0,0.0,4.0
Kaithal,Haryana,2024-10-03,4,2024,10,3,3,28.64,56.55,0.96,0.0,3.0,0.0,0.0,1.0,0.42857142857142855,4.0
Kaithal,Haryana,2024-10-04,4,2024,10,4,4,27.64,59.16,1.0,0.0,4.0,0.0,0.0,2.3333333333333335,1.0,1.0
Kaithal,Haryana,2024-10-05,1,2024,10,5,5,28.05,63.53,1.21,0.82,4.0,3.0,0.0,3.6666666666666665,1.5714285714285714,1.0
Kaithal,Haryana,2024-10-06,1,2024,10,6,6,27.16,63.36,1.28,1.8,1.0,4.0,0.0,3.0,1.7142857142857142,5.0
Kaithal,Haryana,2024-10-07,5,2024,10,7,7,26.92,64.86,1.31,0.0,1.0,4.0,0.0,2.0,1.8571428571428572,17.0
Kaithal,Haryana,2024-10-08,17,2024,10,8,8,26.73,61.71,1.11,0.0,5.0,1.0,0.0,2.3333333333333335,2.5714285714285716,11.0
Kaithal,Haryana,2024-10-09,11,2024,10,9,9,26.2,64.27,1.95,0.0,17.0,1.0,3.0,7.666666666666667,5.0,4.0
Kaithal,Haryana,2024-10-10,4,2024,10,10,10,25.85,59.16,1.9,0.0,11.0,5.0,4.0,11.0,6.142857142857143,6.0
Kaithal,Haryana,2024-10-11,6,2024,10,11,11,25.78,55.38,1.87,0.0,4.0,17.0,4.0,10.666666666666666,6.142857142857143,24.0
Kaithal,Haryana,2024-10-12,24,2024,10,12,12,26.35,48.24,1.24,0.0,6.0,11.0,1.0,7.0,6.428571428571429,23.0
Kaithal,Haryana,2024-10-13,23,2024,10,13,13,26.39,43.22,0.95,0.0,24.0,4.0,1.0,11.333333333333334,9.714285714285714,5.0
Kaithal,Haryana,2024-10-14,5,2024,10,14,14,25.24,47.56,1.45,0.0,23.0,6.0,5.0,17.666666666666668,12.857142857142858,7.0
Kaithal,Haryana,2024-10-15,7,2024,10,15,15,25.93,48.06,1.48,0.13,5.0,24.0,17.0,17.333333333333332,12.857142857142858,0.0
Kaithal,Haryana,2024-10-16,0,2024,10,16,16,26.72,47.24,0.98,0.0,7.0,23.0,11.0,11.666666666666666,11.428571428571429,25.0
Kaithal,Haryana,2024-10-17,25,2024,10,17,17,26.65,48.15,1.11,0.0,0.0,5.0,4.0,4.0,9.857142857142858,17.0
Kaithal,Haryana,2024-10-18,17,2024,10,18,18,26.65,46.07,1.05,0.0,25.0,7.0,6.0,10.666666666666666,12.857142857142858,10.0
Kaithal,Haryana,2024-10-19,10,2024,10,19,19,26.35,48.21,1.27,0.0,17.0,0.0,24.0,14.0,14.428571428571429,13.0
Kaithal,Haryana,2024-10-20,13,2024,10,20,20,25.07,55.96,1.39,0.0,10.0,25.0,23.0,17.333333333333332,12.428571428571429,5.0
Kaithal,Haryana,2024-10-21,5,2024,10,21,21,24.77,62.19,1.17,0.0,13.0,17.0,5.0,13.333333333333334,11.0,7.0
Kaithal,Haryana,2024-10-22,7,2024,10,22,22,25.1,63.29,1.17,0.0,5.0,10.0,7.0,9.333333333333334,11.0,5.0
Kaithal,Haryana,2024-10-23,5,2024,10,23,23,25.93,53.7,2.09,0.0,7.0,13.0,0.0,8.333333333333334,11.0,3.0
Kaithal,Haryana,2024-10-24,3,2024,10,24,24,25.27,55.5,2.63,0.0,5.0,5.0,25.0,5.666666666666667,11.714285714285714,7.0
Kaithal,Haryana,2024-10-25,7,2024,10,25,25,25.39,53.25,2.08,0.0,3.0,7.0,17.0,5.0,8.571428571428571,5.0
Kaithal,Haryana,2024-10-26,5,2024,10,26,26,25.53,49.02,1.32,0.0,7.0,5.0,10.0,5.0,7.142857142857143,3.0
Kaithal,Haryana,2024-10-27,3,2024,10,27,27,25.05,55.86,1.29,0.0,5.0,3.0,13.0,5.0,6.428571428571429,3.0
Kaithal,Haryana,2024-10-28,3,2024,10,28,28,25.48,69.63,1.86,0.0,3.0,7.0,5.0,5.0,5.0,10.0
Kaithal,Haryana,2024-10-29,10,2024,10,29,29,26.58,66.39,1.41,0.0,3.0,5.0,7.0,3.6666666666666665,4.714285714285714,8.0
Kaithal,Haryana,2024-10-30,8,2024,10,30,30,26.75,58.62,1.49,0.0,10.0,3.0,5.0,5.333333333333333,5.142857142857143,5.0
Kaithal,Haryana,2024-10-31,5,2024,10,31,31,25.67,49.58,2.47,0.0,8.0,3.0,3.0,7.0,5.571428571428571,15.0
Kaithal,Haryana,2024-11-01,15,2024,11,1,32,24.44,41.2,2.02,0.0,5.0,10.0,7.0,7.666666666666667,5.857142857142857,6.0
Kaithal,Haryana,2024-11-02,6,2024,11,2,33,24.52,39.91,0.99,0.0,15.0,8.0,5.0,9.333333333333334,7.0,1.0
Kaithal,Haryana,2024-11-03,1,2024,11,3,34,23.82,43.78,1.04,0.0,6.0,5.0,3.0,8.666666666666666,7.142857142857143,5.0
Kaithal,Haryana,2024-11-04,5,2024,11,4,35,24.35,41.21,1.01,0.0,1.0,15.0,3.0,7.333333333333333,6.857142857142857,1.0
Kaithal,Haryana,2024-11-05,1,2024,11,5,36,23.1,57.75,1.61,0.0,5.0,6.0,10.0,4.0,7.142857142857143,1.0
Kaithal,Haryana,2024-11-06,1,2024,11,6,37,24.01,55.29,1.01,0.0,1.0,1.0,8.0,2.3333333333333335,5.857142857142857,6.0
Kaithal,Haryana,2024-11-07,6,2024,11,7,38,23.86,57.23,1.15,0.0,1.0,5.0,5.0,2.3333333333333335,4.857142857142857,15.0
Kaithal,Haryana,2024-11-08,15,2024,11,8,39,23.76,60.65,1.22,0.0,6.0,1.0,15.0,2.6666666666666665,5.0,3.0
Kaithal,Haryana,2024-11-09,3,2024,11,9,40,23.32,68.05,1.72,0.0,15.0,1.0,6.0,7.333333333333333,5.0,8.0
Kaithal,Haryana,2024-11-10,8,2024,11,10,41,23.35,69.87,1.22,0.0,3.0,6.0,1.0,8.0,4.571428571428571,2.0
Kaithal,Haryana,2024-11-11,2,2024,11,11,42,23.96,66.96,0.98,0.0,8.0,15.0,5.0,8.666666666666666,5.571428571428571,10.0
Kaithal,Haryana,2024-11-12,10,2024,11,12,43,23.05,57.62,1.28,0.0,2.0,3.0,1.0,4.333333333333333,5.142857142857143,1.0
Kaithal,Haryana,2024-11-13,1,2024,11,13,44,22.33,52.3,1.41,0.0,10.0,8.0,1.0,6.666666666666667,6.428571428571429,0.0
Kaithal,Haryana,2024-11-14,0,2024,11,14,45,21.28,47.59,1.25,0.0,1.0,2.0,6.0,4.333333333333333,6.428571428571429,5.0
Kaithal,Haryana,2024-11-15,5,2024,11,15,46,20.82,48.46,1.64,0.0,0.0,10.0,15.0,3.6666666666666665,5.571428571428571,3.0
Kaithal,Haryana,2024-11-16,3,2024,11,16,47,20.31,54.03,1.69,0.0,5.0,1.0,3.0,2.0,4.142857142857143,0.0
Kaithal,Haryana,2024-11-17,0,2024,11,17,48,19.8,49.42,1.79,0.0,3.0,0.0,8.0,2.6666666666666665,4.142857142857143,0.0
Kaithal,Haryana,2024-11-18,0,2024,11,18,49,18.91,46.48,1.57,0.0,0.0,5.0,2.0,2.6666666666666665,3.0,8.0
Kaithal,Haryana,2024-11-19,8,2024,11,19,50,18.65,41.92,1.66,0.0,0.0,3.0,10.0,1.0,2.7142857142857144,8.0
Kaithal,Haryana,2024-11-20,8,2024,11,20,51,18.49,40.07,1.56,0.0,8.0,0.0,1.0,2.6666666666666665,2.4285714285714284,6.0
Kaithal,Haryana,2024-11-21,6,2024,11,21,52,18.77,37.6,1.36,0.0,8.0,0.0,0.0,5.333333333333333,3.4285714285714284,0.0
Kaithal,Haryana,2024-11-22,0,2024,11,22,53,19.83,35.63,1.02,0.0,6.0,8.0,5.0,7.333333333333333,4.285714285714286,0.0
Kaithal,Haryana,2024-11-23,0,2024,11,23,54,18.8,42.73,1.07,0.0,0.0,8.0,3.0,4.666666666666667,3.5714285714285716,1.0
Kaithal,Haryana,2024-11-24,1,2024,11,24,55,19.2,45.6,1.73,0.0,0.0,6.0,0.0,2.0,3.142857142857143,0.0
Kaithal,Haryana,2024-11-25,0,2024,11,25,56,17.6,52.44,2.08,0.0,1.0,0.0,0.0,0.3333333333333333,3.2857142857142856,2.0
Kaithal,Haryana,2024-11-26,2,2024,11,26,57,17.53,45.7,1.76,0.0,0.0,0.0,8.0,0.3333333333333333,3.2857142857142856,0.0
Kaithal,Haryana,2024-11-27,0,2024,11,27,58,17.67,44.91,1.19,0.0,2.0,1.0,8.0,1.0,2.4285714285714284,0.0
Kaithal,Haryana,2024-11-28,0,2024,11,28,59,17.96,42.04,1.21,0.0,0.0,0.0,6.0,0.6666666666666666,1.2857142857142858,0.0
Kaithal,Haryana,2024-11-29,0,2024,11,29,60,18.35,41.11,1.04,0.0,0.0,2.0,0.0,0.6666666666666666,0.42857142857142855,0.0
Kaithal,Haryana,2024-11-30,0,2024,11,30,61,17.08,42.6,1.88,0.0,0.0,0.0,0.0,0.0,0.42857142857142855,0.0
Kaithal,Haryana,2025-10-01,0,2025,10,1,1,28.08,75.22,0.93,0.27,0.0,0.0,1.0,0.0,0.42857142857142855,0.0
Kaithal,Haryana,2025-10-02,0,2025,10,2,2,27.89,74.34,0.79,3.51,0.0,0.0,0.0,0.0,0.2857142857142857,0.0
Kaithal,Haryana,2025-10-03,0,2025,10,3,3,27.37,76.14,0.84,0.69,0.0,0.0,2.0,0.0,0.2857142857142857,0.0
Kaithal,Haryana,2025-10-04,0,2025,10,4,4,27.41,72.94,1.59,0.04,0.0,0.0,0.0,0.0,0.0,0.0
Kaithal,Haryana,2025-10-05,0,2025,10,5,5,27.5,66.98,0.67,2.93,0.0,0.0,0.0,0.0,0.0,0.0
Kaithal,Haryana,2025-10-06,0,2025,10,6,6,23.84,80.55,1.84,8.67,0.0,0.0,0.0,0.0,0.0,0.0
Kaithal,Haryana,2025-10-07,0,2025,10,7,7,22.95,87.57,2.23,20.99,0.0,0.0,0.0,0.0,0.0,0.0
Kaithal,Haryana,2025-10-08,0,2025,10,8,8,22.09,83.91,1.47,6.85,0.0,0.0,0.0,0.0,0.0,0.0
Kaithal,Haryana,2025-10-09,0,2025,10,9,9,21.99,77.66,1.5,0.01,0.0,0.0,0.0,0.0,0.0,0.0
Kaithal,Haryana,2025-10-10,0,2025,10,10,10,22.71,68.57,1.2,0.0,0.0,0.0,0.0,0.0,0.0,0.0
Kaithal,Haryana,2025-10-11,0,2025,10,11,11,23.32,68.95,1.2,0.0,0.0,0.0,0.0,0.0,0.0,0.0
Kaithal,Haryana,2025-10-12,0,2025,10,12,12,22.72,71.46,1.58,0.0,0.0,0.0,0.0,0.0,0.0,1.0
Kaithal,Haryana,2025-10-13,1,2025,10,13,13,23.21,63.56,1.34,0.0,0.0,0.0,0.0,0.0,0.0,0.0
Kaithal,Haryana,2025-10-14,0,2025,10,14,14,23.73,56.09,1.02,0.0,1.0,0.0,0.0,0.3333333333333333,0.14285714285714285,0.0
Kaithal,Haryana,2025-10-15,0,2025,10,15,15,24.03,54.59,0.75,0.0,0.0,0.0,0.0,0.3333333333333333,0.14285714285714285,1.0
Kaithal,Haryana,2025-10-16,1,2025,10,16,16,24.04,61.36,1.04,0.0,0.0,1.0,0.0,0.3333333333333333,0.14285714285714285,0.0
Kaithal,Haryana,2025-10-17,0,2025,10,17,17,24.22,71.36,1.16,0.0,1.0,0.0,0.0,0.3333333333333333,0.2857142857142857,1.0
Kaithal,Haryana,2025-10-18,1,2025,10,18,18,24.48,70.94,0.88,0.0,0.0,0.0,0.0,0.3333333333333333,0.2857142857142857,2.0
Kaithal,Haryana,2025-10-19,2,2025,10,19,19,25.57,60.6,0.69,0.0,1.0,1.0,0.0,0.6666666666666666,0.42857142857142855,2.0
Kaithal,Haryana,2025-10-20,2,2025,10,20,20,25.37,56.74,0.81,0.0,2.0,0.0,1.0,1.0,0.7142857142857143,9.0
Kaithal,Haryana,2025-10-21,9,2025,10,21,21,24.74,58.77,0.73,0.0,2.0,1.0,0.0,1.6666666666666667,0.8571428571428571,1.0
Kaithal,Haryana,2025-10-22,1,2025,10,22,22,23.75,57.93,1.45,0.0,9.0,2.0,0.0,4.333333333333333,2.142857142857143,0.0
Kaithal,Haryana,2025-10-23,0,2025,10,23,23,23.63,54.48,1.27,0.0,1.0,2.0,1.0,4.0,2.2857142857142856,0.0
Kaithal,Haryana,2025-10-24,0,2025,10,24,24,25.2,50.55,0.43,0.19,0.0,9.0,0.0,3.3333333333333335,2.142857142857143,1.0
Kaithal,Haryana,2025-10-25,1,2025,10,25,25,24.18,58.04,1.01,0.0,0.0,1.0,1.0,0.3333333333333333,2.142857142857143,9.0
Kaithal,Haryana,2025-10-26,9,2025,10,26,26,24.1,53.05,0.94,0.0,1.0,0.0,2.0,0.3333333333333333,2.142857142857143,5.0
Kaithal,Haryana,2025-10-27,5,2025,10,27,27,23.1,54.74,1.02,0.0,9.0,0.0,2.0,3.3333333333333335,3.142857142857143,0.0
Kaithal,Haryana,2025-10-28,0,2025,10,28,28,22.56,66.51,0.72,0.0,5.0,1.0,9.0,5.0,3.5714285714285716,2.0
Kaithal,Haryana,2025-10-29,2,2025,10,29,29,22.39,66.07,1.44,0.0,0.0,9.0,1.0,4.666666666666667,2.2857142857142856,2.0
Kaithal,Haryana,2025-10-30,2,2025,10,30,30,24.13,67.4,0.93,0.0,2.0,5.0,0.0,2.3333333333333335,2.4285714285714284,1.0
Kaithal,Haryana,2025-10-31,1,2025,10,31,31,23.66,66.66,1.57,0.0,2.0,0.0,0.0,1.3333333333333333,2.7142857142857144,7.0
Kaithal,Haryana,2025-11-01,7,2025,11,1,32,22.71,63.53,1.57,0.0,1.0,2.0,1.0,1.6666666666666667,2.857142857142857,6.0
Kaithal,Haryana,2025-11-02,6,2025,11,2,33,21.62,59.48,1.99,0.0,7.0,2.0,9.0,3.3333333333333335,3.7142857142857144,3.0
Kaithal,Haryana,2025-11-03,3,2025,11,3,34,21.61,53.65,1.77,0.0,6.0,1.0,5.0,4.666666666666667,3.2857142857142856,1.0
Kaithal,Haryana,2025-11-04,1,2025,11,4,35,21.17,58.84,1.92,0.0,3.0,7.0,0.0,5.333333333333333,3.0,3.0
Kaithal,Haryana,2025-11-05,3,2025,11,5,36,20.82,58.21,1.82,0.77,1.0,6.0,2.0,3.3333333333333335,3.142857142857143,7.0
Kaithal,Haryana,2025-11-06,7,2025,11,6,37,18.04,56.82,2.54,0.0,3.0,3.0,2.0,2.3333333333333335,3.2857142857142856,4.0
Kaithal,Haryana,2025-11-07,4,2025,11,7,38,17.44,48.09,2.21,0.0,7.0,1.0,1.0,3.6666666666666665,4.0,7.0
Kaithal,Haryana,2025-11-08,7,2025,11,8,39,17.18,46.64,1.77,0.0,4.0,3.0,7.0,4.666666666666667,4.428571428571429,8.0
Kaithal,Haryana,2025-11-09,8,2025,11,9,40,17.07,50.85,1.89,0.0,7.0,7.0,6.0,6.0,4.428571428571429,5.0
Kaithal,Haryana,2025-11-10,5,2025,11,10,41,17.63,48.75,1.64,0.0,8.0,4.0,3.0,6.333333333333333,4.714285714285714,13.0
Kaithal,Haryana,2025-11-11,13,2025,11,11,42,17.27,51.27,1.92,0.0,5.0,7.0,1.0,6.666666666666667,5.0,4.0
Kaithal,Haryana,2025-11-12,4,2025,11,12,43,16.85,51.72,2.13,0.0,13.0,8.0,3.0,8.666666666666666,6.714285714285714,4.0
Kaithal,Haryana,2025-11-13,4,2025,11,13,44,16.88,51.63,1.8,0.0,4.0,5.0,7.0,7.333333333333333,6.857142857142857,1.0
Kaithal,Haryana,2025-11-14,1,2025,11,14,45,16.49,50.15,1.7,0.0,4.0,13.0,4.0,7.0,6.428571428571429,1.0
Kaithal,Haryana,2025-11-15,1,2025,11,15,46,16.73,47.35,1.81,0.0,1.0,4.0,7.0,3.0,6.0,1.0
Kaithal,Haryana,2025-11-16,1,2025,11,16,47,16.59,48.6,1.9,0.0,1.0,4.0,8.0,2.0,5.142857142857143,0.0
Kaithal,Haryana,2025-11-17,0,2025,11,17,48,17.4,46.22,1.43,0.0,1.0,1.0,5.0,1.0,4.142857142857143,4.0
Kaithal,Haryana,2025-11-18,4,2025,11,18,49,17.53,45.09,1.33,0.0,0.0,1.0,13.0,0.6666666666666666,3.4285714285714284,0.0
Kaithal,Haryana,2025-11-19,0,2025,11,19,50,18.87,47.57,0.83,0.0,4.0,1.0,4.0,1.6666666666666667,2.142857142857143,1.0
Kaithal,Haryana,2025-11-20,1,2025,11,20,51,19.7,39.92,0.52,0.0,0.0,0.0,4.0,1.3333333333333333,1.5714285714285714,0.0
Kaithal,Haryana,2025-11-21,0,2025,11,21,52,18.44,48.97,0.88,0.0,1.0,4.0,1.0,1.6666666666666667,1.1428571428571428,0.0
Kaithal,Haryana,2025-11-22,0,2025,11,22,53,17.59,52.21,1.37,0.0,0.0,0.0,1.0,0.3333333333333333,1.0,2.0
Kaithal,Haryana,2025-11-23,2,2025,11,23,54,16.72,56.01,1.14,0.0,0.0,1.0,1.0,0.3333333333333333,0.8571428571428571,8.0
Kaithal,Haryana,2025-11-24,8,2025,11,24,55,15.49,52.82,1.69,0.0,2.0,0.0,0.0,0.6666666666666666,1.0,5.0
Kaithal,Haryana,2025-11-25,5,2025,11,25,56,14.93,52.81,1.69,0.0,8.0,0.0,4.0,3.3333333333333335,2.142857142857143,0.0
Kaithal,Haryana,2025-11-26,0,2025,11,26,57,15.37,51.0,1.43,0.0,5.0,2.0,0.0,5.0,2.2857142857142856,0.0
Kaithal,Haryana,2025-11-27,0,2025,11,27,58,16.56,49.25,0.93,0.0,0.0,8.0,1.0,4.333333333333333,2.2857142857142856,0.0
Kaithal,Haryana,2025-11-28,0,2025,11,28,59,16.54,50.74,1.53,0.0,0.0,5.0,0.0,1.6666666666666667,2.142857142857143,0.0
Kaithal,Haryana,2025-11-29,0,2025,11,29,60,15.19,46.6,2.15,0.0,0.0,0.0,0.0,0.0,2.142857142857143,20.0
Kapurthala,Punjab,2023-10-08,5,2023,10,8,8,25.46,71.39,1.07,0.0,11.0,11.0,4.0,10.0,10.857142857142858,3.0
Kapurthala,Punjab,2023-10-09,3,2023,10,9,9,26.04,75.56,1.03,6.36,5.0,8.0,14.0,8.0,11.0,0.0
Kapurthala,Punjab,2023-10-10,0,2023,10,10,10,24.63,77.98,1.28,11.0,3.0,11.0,15.0,6.333333333333333,9.428571428571429,0.0
Kapurthala,Punjab,2023-10-11,0,2023,10,11,11,23.97,67.55,1.22,0.0,0.0,5.0,13.0,2.6666666666666665,7.285714285714286,4.0
Kapurthala,Punjab,2023-10-12,4,2023,10,12,12,23.46,66.66,0.96,0.0,0.0,3.0,11.0,1.0,5.428571428571429,11.0
Kapurthala,Punjab,2023-10-13,11,2023,10,13,13,23.42,71.13,1.06,0.0,4.0,0.0,8.0,1.3333333333333333,4.428571428571429,8.0
Kapurthala,Punjab,2023-10-14,8,2023,10,14,14,23.69,74.07,1.27,17.81,11.0,0.0,11.0,5.0,4.857142857142857,0.0
Kapurthala,Punjab,2023-10-15,0,2023,10,15,15,23.07,72.33,0.94,1.02,8.0,4.0,5.0,7.666666666666667,4.428571428571429,0.0
Kapurthala,Punjab,2023-10-16,0,2023,10,16,16,21.82,80.69,1.3,14.92,0.0,11.0,3.0,6.333333333333333,3.7142857142857144,0.0
Kapurthala,Punjab,2023-10-17,0,2023,10,17,17,20.5,84.06,1.14,7.71,0.0,8.0,0.0,2.6666666666666665,3.2857142857142856,0.0
Kapurthala,Punjab,2023-10-18,0,2023,10,18,18,19.74,78.14,1.51,0.64,0.0,0.0,0.0,0.0,3.2857142857142856,0.0
Kapurthala,Punjab,2023-10-19,0,2023,10,19,19,20.52,67.09,1.07,0.0,0.0,0.0,4.0,0.0,3.2857142857142856,12.0
Kapurthala,Punjab,2023-10-20,12,2023,10,20,20,20.85,65.22,0.72,0.0,0.0,0.0,11.0,0.0,2.7142857142857144,6.0
Kapurthala,Punjab,2023-10-21,6,2023,10,21,21,21.45,66.21,0.79,0.0,12.0,0.0,8.0,4.0,2.857142857142857,1.0
Kapurthala,Punjab,2023-10-22,1,2023,10,22,22,21.23,74.4,1.11,0.15,6.0,0.0,0.0,6.0,2.5714285714285716,11.0
Kapurthala,Punjab,2023-10-23,11,2023,10,23,23,21.23,75.57,1.12,0.0,1.0,12.0,0.0,6.333333333333333,2.7142857142857144,20.0
Kapurthala,Punjab,2023-10-24,20,2023,10,24,24,22.28,70.11,0.87,0.0,11.0,6.0,0.0,6.0,4.285714285714286,21.0
Kapurthala,Punjab,2023-10-25,21,2023,10,25,25,22.27,66.01,0.97,0.0,20.0,1.0,0.0,10.666666666666666,7.142857142857143,40.0
Kapurthala,Punjab,2023-10-26,40,2023,10,26,26,22.41,59.83,1.04,0.0,21.0,11.0,0.0,17.333333333333332,10.142857142857142,47.0
Kapurthala,Punjab,2023-10-27,47,2023,10,27,27,22.17,60.72,0.84,0.0,40.0,20.0,12.0,27.0,15.857142857142858,34.0
Kapurthala,Punjab,2023-10-28,34,2023,10,28,28,21.96,67.53,0.88,0.0,47.0,21.0,6.0,36.0,20.857142857142858,72.0
Kapurthala,Punjab,2023-10-29,72,2023,10,29,29,22.23,70.2,0.81,0.0,34.0,40.0,1.0,40.333333333333336,24.857142857142858,54.0
Kapurthala,Punjab,2023-10-30,54,2023,10,30,30,21.75,73.4,0.89,0.0,72.0,47.0,11.0,51.0,35.0,98.0
Kapurthala,Punjab,2023-10-31,98,2023,10,31,31,21.62,71.86,0.91,0.0,54.0,34.0,20.0,53.333333333333336,41.142857142857146,148.0
Kapurthala,Punjab,2023-11-01,148,2023,11,1,32,22.34,68.32,0.9,0.0,98.0,72.0,21.0,74.66666666666667,52.285714285714285,61.0
Kapurthala,Punjab,2023-11-02,61,2023,11,2,33,22.35,70.56,0.71,0.0,148.0,54.0,40.0,100.0,70.42857142857143,121.0
Kapurthala,Punjab,2023-11-03,121,2023,11,3,34,21.32,75.6,0.64,0.0,61.0,98.0,47.0,102.33333333333333,73.42857142857143,93.0
Kapurthala,Punjab,2023-11-04,93,2023,11,4,35,21.67,68.88,0.76,0.0,121.0,148.0,34.0,110.0,84.0,224.0
Kapurthala,Punjab,2023-11-05,224,2023,11,5,36,21.69,59.18,0.67,0.0,93.0,61.0,72.0,91.66666666666667,92.42857142857143,108.0
Kapurthala,Punjab,2023-11-06,108,2023,11,6,37,20.55,63.13,0.99,0.0,224.0,121.0,54.0,146.0,114.14285714285714,103.0
Kapurthala,Punjab,2023-11-07,103,2023,11,7,38,20.62,72.25,0.92,0.0,108.0,93.0,98.0,141.66666666666666,121.85714285714286,107.0
Kapurthala,Punjab,2023-11-08,107,2023,11,8,39,21.32,73.06,1.06,0.0,103.0,224.0,148.0,145.0,122.57142857142857,121.0
Kapurthala,Punjab,2023-11-09,121,2023,11,9,40,21.71,68.6,0.84,0.0,107.0,108.0,61.0,106.0,116.71428571428571,0.0
Kapurthala,Punjab,2023-11-10,0,2023,11,10,41,18.02,86.65,1.78,18.35,121.0,103.0,121.0,110.33333333333333,125.28571428571429,1.0
Kapurthala,Punjab,2023-11-11,1,2023,11,11,42,17.7,80.95,1.43,0.01,0.0,107.0,93.0,76.0,108.0,0.0
Kapurthala,Punjab,2023-11-12,0,2023,11,12,43,18.07,68.88,1.4,0.0,1.0,121.0,224.0,40.666666666666664,94.85714285714286,5.0
Kapurthala,Punjab,2023-11-13,5,2023,11,13,44,18.03,62.57,0.96,0.0,0.0,0.0,108.0,0.3333333333333333,62.857142857142854,21.0
Kapurthala,Punjab,2023-11-14,21,2023,11,14,45,17.87,63.88,1.33,0.0,5.0,1.0,103.0,2.0,48.142857142857146,15.0
Kapurthala,Punjab,2023-11-15,15,2023,11,15,46,18.16,61.14,1.29,0.0,21.0,0.0,107.0,8.666666666666666,36.42857142857143,26.0
Kapurthala,Punjab,2023-11-16,26,2023,11,16,47,19.06,57.18,0.62,0.0,15.0,5.0,121.0,13.666666666666666,23.285714285714285,39.0
Kapurthala,Punjab,2023-11-17,39,2023,11,17,48,18.5,62.56,1.41,0.0,26.0,21.0,0.0,20.666666666666668,9.714285714285714,14.0
Kapurthala,Punjab,2023-11-18,14,2023,11,18,49,18.11,60.66,0.98,0.0,39.0,15.0,1.0,26.666666666666668,15.285714285714286,30.0
Kapurthala,Punjab,2023-11-19,30,2023,11,19,50,18.16,60.49,0.81,0.0,14.0,26.0,0.0,26.333333333333332,17.142857142857142,17.0
Kapurthala,Punjab,2023-11-20,17,2023,11,20,51,17.19,68.22,1.31,0.0,30.0,39.0,5.0,27.666666666666668,21.428571428571427,23.0
Kapurthala,Punjab,2023-11-21,23,2023,11,21,52,16.78,69.71,1.66,0.0,17.0,14.0,21.0,20.333333333333332,23.142857142857142,6.0
Kapurthala,Punjab,2023-11-22,6,2023,11,22,53,16.37,66.75,1.35,0.0,23.0,30.0,15.0,23.333333333333332,23.428571428571427,8.0
Kapurthala,Punjab,2023-11-23,8,2023,11,23,54,16.84,62.23,1.09,0.0,6.0,17.0,26.0,15.333333333333334,22.142857142857142,8.0
Kapurthala,Punjab,2023-11-24,8,2023,11,24,55,16.56,65.49,1.08,0.0,8.0,23.0,39.0,12.333333333333334,19.571428571428573,0.0
Kapurthala,Punjab,2023-11-25,0,2023,11,25,56,16.99,65.42,0.62,0.0,8.0,6.0,14.0,7.333333333333333,15.142857142857142,1.0
Kapurthala,Punjab,2023-11-26,1,2023,11,26,57,16.11,73.08,0.99,0.0,0.0,8.0,30.0,5.333333333333333,13.142857142857142,0.0
Kapurthala,Punjab,2023-11-27,0,2023,11,27,58,15.39,79.15,0.99,0.0,1.0,8.0,17.0,3.0,9.0,3.0
Kapurthala,Punjab,2023-11-28,3,2023,11,28,59,16.83,67.01,0.98,0.0,0.0,0.0,23.0,0.3333333333333333,6.571428571428571,2.0
Kapurthala,Punjab,2023-11-29,2,2023,11,29,60,18.05,64.69,0.8,0.01,3.0,1.0,6.0,1.3333333333333333,3.7142857142857144,0.0
Kapurthala,Punjab,2023-11-30,0,2023,11,30,61,17.36,78.25,1.18,6.42,2.0,0.0,8.0,1.6666666666666667,3.142857142857143,0.0
Kapurthala,Punjab,2024-10-01,0,2024,10,1,1,28.97,68.89,1.38,0.0,0.0,3.0,8.0,1.6666666666666667,2.0,7.0
Kapurthala,Punjab,2024-10-02,7,2024,10,2,2,28.5,66.04,1.1,0.0,0.0,2.0,0.0,0.6666666666666666,0.8571428571428571,3.0
Kapurthala,Punjab,2024-10-03,3,2024,10,3,3,28.32,61.05,1.1,0.0,7.0,0.0,1.0,2.3333333333333335,1.8571428571428572,1.0
Kapurthala,Punjab,2024-10-04,1,2024,10,4,4,28.18,61.0,0.98,0.0,3.0,0.0,0.0,3.3333333333333335,2.142857142857143,0.0
Kapurthala,Punjab,2024-10-05,0,2024,10,5,5,27.84,62.69,1.2,0.9,1.0,7.0,3.0,3.6666666666666665,2.2857142857142856,0.0
Kapurthala,Punjab,2024-10-06,0,2024,10,6,6,27.12,65.71,1.21,10.3,0.0,3.0,2.0,1.3333333333333333,1.8571428571428572,3.0
Kapurthala,Punjab,2024-10-07,3,2024,10,7,7,26.38,67.26,1.33,0.0,0.0,1.0,0.0,0.3333333333333333,1.5714285714285714,5.0
Kapurthala,Punjab,2024-10-08,5,2024,10,8,8,26.15,69.53,1.23,0.0,3.0,0.0,0.0,1.0,2.0,6.0
Kapurthala,Punjab,2024-10-09,6,2024,10,9,9,25.42,69.4,1.7,0.0,5.0,0.0,7.0,2.6666666666666665,2.7142857142857144,1.0
Kapurthala,Punjab,2024-10-10,1,2024,10,10,10,25.43,63.8,1.42,0.0,6.0,3.0,3.0,4.666666666666667,2.5714285714285716,5.0
Kapurthala,Punjab,2024-10-11,5,2024,10,11,11,26.34,54.14,1.41,0.0,1.0,5.0,1.0,4.0,2.2857142857142856,10.0
Kapurthala,Punjab,2024-10-12,10,2024,10,12,12,26.72,51.4,0.87,0.0,5.0,6.0,0.0,4.0,2.857142857142857,2.0
Kapurthala,Punjab,2024-10-13,2,2024,10,13,13,25.76,50.4,1.09,0.0,10.0,1.0,0.0,5.333333333333333,4.285714285714286,2.0
Kapurthala,Punjab,2024-10-14,2,2024,10,14,14,25.4,49.22,1.19,0.0,2.0,5.0,3.0,5.666666666666667,4.571428571428571,3.0
Kapurthala,Punjab,2024-10-15,3,2024,10,15,15,26.01,50.78,1.36,0.0,2.0,10.0,5.0,4.666666666666667,4.428571428571429,3.0
Kapurthala,Punjab,2024-10-16,3,2024,10,16,16,25.92,56.29,1.11,0.0,3.0,2.0,6.0,2.3333333333333335,4.142857142857143,4.0
Kapurthala,Punjab,2024-10-17,4,2024,10,17,17,26.31,53.13,1.12,0.0,3.0,2.0,1.0,2.6666666666666665,3.7142857142857144,9.0
Kapurthala,Punjab,2024-10-18,9,2024,10,18,18,26.37,50.17,1.11,0.0,4.0,3.0,5.0,3.3333333333333335,4.142857142857143,2.0
Kapurthala,Punjab,2024-10-19,2,2024,10,19,19,25.47,55.95,1.26,0.0,9.0,3.0,10.0,5.333333333333333,4.714285714285714,2.0
Kapurthala,Punjab,2024-10-20,2,2024,10,20,20,25.41,58.13,1.04,0.0,2.0,4.0,2.0,5.0,3.5714285714285716,4.0
Kapurthala,Punjab,2024-10-21,4,2024,10,21,21,25.38,62.22,1.19,0.0,2.0,9.0,2.0,4.333333333333333,3.5714285714285716,3.0
Kapurthala,Punjab,2024-10-22,3,2024,10,22,22,25.33,62.44,0.94,0.0,4.0,2.0,3.0,2.6666666666666665,3.857142857142857,3.0
Kapurthala,Punjab,2024-10-23,3,2024,10,23,23,25.38,60.23,2.11,0.0,3.0,2.0,3.0,3.0,3.857142857142857,5.0
Kapurthala,Punjab,2024-10-24,5,2024,10,24,24,24.13,61.87,1.92,0.0,3.0,4.0,4.0,3.3333333333333335,3.857142857142857,13.0
Kapurthala,Punjab,2024-10-25,13,2024,10,25,25,24.69,56.81,1.91,0.0,5.0,3.0,9.0,3.6666666666666665,4.0,9.0
Kapurthala,Punjab,2024-10-26,9,2024,10,26,26,24.21,52.92,1.54,0.0,13.0,3.0,2.0,7.0,4.571428571428571,6.0
Kapurthala,Punjab,2024-10-27,6,2024,10,27,27,25.77,49.33,0.93,0.0,9.0,5.0,2.0,9.0,5.571428571428571,25.0
Kapurthala,Punjab,2024-10-28,25,2024,10,28,28,25.99,58.51,1.13,0.0,6.0,13.0,4.0,9.333333333333334,6.142857142857143,26.0
Kapurthala,Punjab,2024-10-29,26,2024,10,29,29,26.5,63.68,1.2,0.0,25.0,9.0,3.0,13.333333333333334,9.142857142857142,22.0
Kapurthala,Punjab,2024-10-30,22,2024,10,30,30,26.65,53.4,1.35,0.0,26.0,6.0,3.0,19.0,12.428571428571429,50.0
Kapurthala,Punjab,2024-10-31,50,2024,10,31,31,24.99,51.25,2.36,0.0,22.0,25.0,5.0,24.333333333333332,15.142857142857142,74.0
Kapurthala,Punjab,2024-11-01,74,2024,11,1,32,23.74,49.45,1.65,0.0,50.0,26.0,13.0,32.666666666666664,21.571428571428573,29.0
Kapurthala,Punjab,2024-11-02,29,2024,11,2,33,24.77,39.39,0.87,0.0,74.0,22.0,9.0,48.666666666666664,30.285714285714285,14.0
Kapurthala,Punjab,2024-11-03,14,2024,11,3,34,23.49,44.5,0.87,0.0,29.0,50.0,6.0,51.0,33.142857142857146,16.0
Kapurthala,Punjab,2024-11-04,16,2024,11,4,35,24.57,44.52,1.06,0.0,14.0,74.0,25.0,39.0,34.285714285714285,8.0
Kapurthala,Punjab,2024-11-05,8,2024,11,5,36,23.93,49.61,1.15,0.0,16.0,29.0,26.0,19.666666666666668,33.0,3.0
Kapurthala,Punjab,2024-11-06,3,2024,11,6,37,24.05,52.95,1.17,0.0,8.0,14.0,22.0,12.666666666666666,30.428571428571427,25.0
Kapurthala,Punjab,2024-11-07,25,2024,11,7,38,23.88,55.86,0.86,0.0,3.0,16.0,50.0,9.0,27.714285714285715,26.0
Kapurthala,Punjab,2024-11-08,26,2024,11,8,39,23.8,59.07,1.03,0.0,25.0,8.0,74.0,12.0,24.142857142857142,13.0
Kapurthala,Punjab,2024-11-09,13,2024,11,9,40,24.06,59.94,0.84,0.0,26.0,3.0,29.0,18.0,17.285714285714285,7.0
Kapurthala,Punjab,2024-11-10,7,2024,11,10,41,24.26,58.36,0.62,0.0,13.0,25.0,14.0,21.333333333333332,15.0,5.0
Kapurthala,Punjab,2024-11-11,5,2024,11,11,42,24.27,57.34,1.09,0.19,7.0,26.0,16.0,15.333333333333334,14.0,7.0
Kapurthala,Punjab,2024-11-12,7,2024,11,12,43,22.76,59.56,1.18,0.19,5.0,13.0,8.0,8.333333333333334,12.428571428571429,11.0
Kapurthala,Punjab,2024-11-13,11,2024,11,13,44,21.98,52.8,1.11,0.0,7.0,7.0,3.0,6.333333333333333,12.285714285714286,8.0
Kapurthala,Punjab,2024-11-14,8,2024,11,14,45,21.29,52.12,1.01,0.0,11.0,5.0,25.0,7.666666666666667,13.428571428571429,5.0
Kapurthala,Punjab,2024-11-15,5,2024,11,15,46,20.74,55.76,1.68,0.0,8.0,7.0,26.0,8.666666666666666,11.0,0.0
Kapurthala,Punjab,2024-11-16,0,2024,11,16,47,19.43,59.45,1.48,0.0,5.0,11.0,13.0,8.0,8.0,16.0
Kapurthala,Punjab,2024-11-17,16,2024,11,17,48,19.05,52.11,1.64,0.0,0.0,8.0,7.0,4.333333333333333,6.142857142857143,24.0
Kapurthala,Punjab,2024-11-18,24,2024,11,18,49,18.76,49.07,1.51,0.0,16.0,5.0,5.0,7.0,7.428571428571429,14.0
Kapurthala,Punjab,2024-11-19,14,2024,11,19,50,18.87,42.18,1.41,0.0,24.0,0.0,7.0,13.333333333333334,10.142857142857142,8.0
Kapurthala,Punjab,2024-11-20,8,2024,11,20,51,18.73,39.73,1.34,0.0,14.0,16.0,11.0,18.0,11.142857142857142,8.0
Kapurthala,Punjab,2024-11-21,8,2024,11,21,52,19.36,36.94,1.16,0.0,8.0,24.0,8.0,15.333333333333334,10.714285714285714,5.0
Kapurthala,Punjab,2024-11-22,5,2024,11,22,53,19.41,40.36,1.06,0.0,8.0,14.0,5.0,10.0,10.714285714285714,4.0
Kapurthala,Punjab,2024-11-23,4,2024,11,23,54,19.84,44.83,0.93,0.0,5.0,8.0,0.0,7.0,10.714285714285714,11.0
Kapurthala,Punjab,2024-11-24,11,2024,11,24,55,18.45,51.0,1.41,0.0,4.0,8.0,16.0,5.666666666666667,11.285714285714286,4.0
Kapurthala,Punjab,2024-11-25,4,2024,11,25,56,17.42,55.58,1.84,0.0,11.0,5.0,24.0,6.666666666666667,10.571428571428571,2.0
Kapurthala,Punjab,2024-11-26,2,2024,11,26,57,17.32,52.22,1.37,0.0,4.0,4.0,14.0,6.333333333333333,7.714285714285714,2.0
Kapurthala,Punjab,2024-11-27,2,2024,11,27,58,17.25,45.21,1.28,0.0,2.0,11.0,8.0,5.666666666666667,6.0,1.0
Kapurthala,Punjab,2024-11-28,1,2024,11,28,59,17.81,43.04,1.19,0.0,2.0,4.0,8.0,2.6666666666666665,5.142857142857143,0.0
Kapurthala,Punjab,2024-11-29,0,2024,11,29,60,17.88,43.17,1.07,0.0,1.0,2.0,5.0,1.6666666666666667,4.142857142857143,4.0
Kapurthala,Punjab,2024-11-30,4,2024,11,30,61,16.75,43.14,1.36,0.0,0.0,2.0,4.0,1.0,3.4285714285714284,0.0
Kapurthala,Punjab,2025-10-01,0,2025,10,1,1,27.44,76.85,1.12,0.03,4.0,1.0,11.0,1.6666666666666667,3.4285714285714284,0.0
Kapurthala,Punjab,2025-10-02,0,2025,10,2,2,28.01,74.15,0.89,0.18,0.0,0.0,4.0,1.3333333333333333,1.8571428571428572,0.0
Kapurthala,Punjab,2025-10-03,0,2025,10,3,3,26.94,80.65,0.98,1.1,0.0,4.0,2.0,1.3333333333333333,1.2857142857142858,0.0
Kapurthala,Punjab,2025-10-04,0,2025,10,4,4,26.37,80.33,1.29,0.05,0.0,0.0,2.0,0.0,1.0,0.0
Kapurthala,Punjab,2025-10-05,0,2025,10,5,5,25.96,77.56,1.26,13.63,0.0,0.0,1.0,0.0,0.7142857142857143,0.0
Kapurthala,Punjab,2025-10-06,0,2025,10,6,6,22.72,86.66,2.45,10.54,0.0,0.0,0.0,0.0,0.5714285714285714,0.0
Kapurthala,Punjab,2025-10-07,0,2025,10,7,7,21.4,86.37,0.77,20.48,0.0,0.0,4.0,0.0,0.5714285714285714,0.0
Kapurthala,Punjab,2025-10-08,0,2025,10,8,8,21.3,83.7,1.59,0.4,0.0,0.0,0.0,0.0,0.0,0.0
Kapurthala,Punjab,2025-10-09,0,2025,10,9,9,22.1,73.52,1.13,0.01,0.0,0.0,0.0,0.0,0.0,0.0
Kapurthala,Punjab,2025-10-10,0,2025,10,10,10,22.58,71.41,1.21,0.01,0.0,0.0,0.0,0.0,0.0,0.0
Kapurthala,Punjab,2025-10-11,0,2025,10,11,11,22.94,71.68,1.16,0.0,0.0,0.0,0.0,0.0,0.0,3.0
Kapurthala,Punjab,2025-10-12,3,2025,10,12,12,22.42,71.03,1.29,0.0,0.0,0.0,0.0,0.0,0.0,1.0
Kapurthala,Punjab,2025-10-13,1,2025,10,13,13,23.53,62.42,1.11,0.0,3.0,0.0,0.0,1.0,0.42857142857142855,0.0
Kapurthala,Punjab,2025-10-14,0,2025,10,14,14,23.71,61.83,0.8,0.0,1.0,0.0,0.0,1.3333333333333333,0.5714285714285714,0.0
Kapurthala,Punjab,2025-10-15,0,2025,10,15,15,24.02,63.29,0.64,0.0,0.0,3.0,0.0,1.3333333333333333,0.5714285714285714,2.0
Kapurthala,Punjab,2025-10-16,2,2025,10,16,16,23.84,70.02,1.23,0.0,0.0,1.0,0.0,0.3333333333333333,0.5714285714285714,0.0
Kapurthala,Punjab,2025-10-17,0,2025,10,17,17,23.79,70.09,1.15,0.0,2.0,0.0,0.0,0.6666666666666666,0.8571428571428571,1.0
Kapurthala,Punjab,2025-10-18,1,2025,10,18,18,24.25,65.91,0.95,0.0,0.0,0.0,0.0,0.6666666666666666,0.8571428571428571,0.0
Kapurthala,Punjab,2025-10-19,0,2025,10,19,19,24.61,63.54,0.88,0.0,1.0,2.0,3.0,1.0,1.0,0.0
Kapurthala,Punjab,2025-10-20,0,2025,10,20,20,23.94,57.88,0.87,0.0,0.0,0.0,1.0,0.3333333333333333,0.5714285714285714,18.0
Kapurthala,Punjab,2025-10-21,18,2025,10,21,21,23.09,58.45,1.2,0.0,0.0,1.0,0.0,0.3333333333333333,0.42857142857142855,6.0
Kapurthala,Punjab,2025-10-22,6,2025,10,22,22,22.64,59.47,1.13,0.0,18.0,0.0,0.0,6.0,3.0,5.0
Kapurthala,Punjab,2025-10-23,5,2025,10,23,23,22.96,62.27,1.15,0.0,6.0,0.0,2.0,8.0,3.857142857142857,2.0
Kapurthala,Punjab,2025-10-24,2,2025,10,24,24,22.88,63.44,1.14,0.02,5.0,18.0,0.0,9.666666666666666,4.285714285714286,8.0
Kapurthala,Punjab,2025-10-25,8,2025,10,25,25,22.68,61.63,0.94,0.0,2.0,6.0,1.0,4.333333333333333,4.571428571428571,13.0
Kapurthala,Punjab,2025-10-26,13,2025,10,26,26,22.65,63.62,0.84,0.0,8.0,5.0,0.0,5.0,5.571428571428571,14.0
Kapurthala,Punjab,2025-10-27,14,2025,10,27,27,23.56,60.58,0.66,0.0,13.0,2.0,0.0,7.666666666666667,7.428571428571429,3.0
Kapurthala,Punjab,2025-10-28,3,2025,10,28,28,22.61,63.93,0.99,0.0,14.0,8.0,18.0,11.666666666666666,9.428571428571429,18.0
Kapurthala,Punjab,2025-10-29,18,2025,10,29,29,21.79,71.93,1.13,0.0,3.0,13.0,6.0,10.0,7.285714285714286,12.0
Kapurthala,Punjab,2025-10-30,12,2025,10,30,30,22.29,72.23,1.0,0.0,18.0,14.0,5.0,11.666666666666666,9.0,31.0
Kapurthala,Punjab,2025-10-31,31,2025,10,31,31,22.56,67.31,1.33,0.0,12.0,3.0,2.0,11.0,10.0,35.0
Kapurthala,Punjab,2025-11-01,35,2025,11,1,32,21.69,62.47,1.32,0.0,31.0,18.0,8.0,20.333333333333332,14.142857142857142,26.0
Kapurthala,Punjab,2025-11-02,26,2025,11,2,33,21.23,62.41,1.47,0.0,35.0,12.0,13.0,26.0,18.0,11.0
Kapurthala,Punjab,2025-11-03,11,2025,11,3,34,20.89,59.84,1.28,0.0,26.0,31.0,14.0,30.666666666666668,19.857142857142858,11.0
Kapurthala,Punjab,2025-11-04,11,2025,11,4,35,19.9,65.86,2.02,0.8,11.0,35.0,3.0,24.0,19.428571428571427,0.0
Kapurthala,Punjab,2025-11-05,0,2025,11,5,36,18.54,73.72,1.8,0.1,11.0,26.0,18.0,16.0,20.571428571428573,5.0
Kapurthala,Punjab,2025-11-06,5,2025,11,6,37,16.4,61.09,1.73,0.0,0.0,11.0,12.0,7.333333333333333,18.0,14.0
Kapurthala,Punjab,2025-11-07,14,2025,11,7,38,17.32,50.15,1.35,0.0,5.0,11.0,31.0,5.333333333333333,17.0,10.0
Kapurthala,Punjab,2025-11-08,10,2025,11,8,39,17.89,45.7,1.23,0.0,14.0,0.0,35.0,6.333333333333333,14.571428571428571,9.0
Kapurthala,Punjab,2025-11-09,9,2025,11,9,40,17.49,51.6,1.39,0.0,10.0,5.0,26.0,9.666666666666666,11.0,6.0
Kapurthala,Punjab,2025-11-10,6,2025,11,10,41,17.72,47.92,1.19,0.0,9.0,14.0,11.0,11.0,8.571428571428571,8.0
Kapurthala,Punjab,2025-11-11,8,2025,11,11,42,17.16,52.94,1.26,0.0,6.0,10.0,11.0,8.333333333333334,7.857142857142857,2.0
Kapurthala,Punjab,2025-11-12,2,2025,11,12,43,16.84,52.76,1.55,0.0,8.0,9.0,0.0,7.666666666666667,7.428571428571429,2.0
Kapurthala,Punjab,2025-11-13,2,2025,11,13,44,16.8,53.34,1.31,0.0,2.0,6.0,5.0,5.333333333333333,7.714285714285714,0.0
Kapurthala,Punjab,2025-11-14,0,2025,11,14,45,16.79,49.32,1.09,0.0,2.0,8.0,14.0,4.0,7.285714285714286,2.0
Kapurthala,Punjab,2025-11-15,2,2025,11,15,46,17.07,47.79,1.05,0.0,0.0,2.0,10.0,1.3333333333333333,5.285714285714286,4.0
Kapurthala,Punjab,2025-11-16,4,2025,11,16,47,16.56,51.67,1.21,0.0,2.0,2.0,9.0,1.3333333333333333,4.142857142857143,0.0
Kapurthala,Punjab,2025-11-17,0,2025,11,17,48,17.02,48.63,1.07,0.0,4.0,0.0,6.0,2.0,3.4285714285714284,1.0
Kapurthala,Punjab,2025-11-18,1,2025,11,18,49,16.34,54.04,1.07,0.0,0.0,2.0,8.0,2.0,2.5714285714285716,1.0
Kapurthala,Punjab,2025-11-19,1,2025,11,19,50,17.13,51.55,0.71,0.0,1.0,4.0,2.0,1.6666666666666667,1.5714285714285714,0.0
Kapurthala,Punjab,2025-11-20,0,2025,11,20,51,17.19,55.64,0.72,0.0,1.0,0.0,2.0,0.6666666666666666,1.4285714285714286,1.0
Kapurthala,Punjab,2025-11-21,1,2025,11,21,52,16.87,59.98,0.82,0.0,0.0,1.0,0.0,0.6666666666666666,1.1428571428571428,0.0
Kapurthala,Punjab,2025-11-22,0,2025,11,22,53,16.07,63.23,1.38,0.0,1.0,1.0,2.0,0.6666666666666666,1.2857142857142858,0.0
Kapurthala,Punjab,2025-11-23,0,2025,11,23,54,15.59,54.04,1.02,0.0,0.0,0.0,4.0,0.3333333333333333,1.0,0.0
Kapurthala,Punjab,2025-11-24,0,2025,11,24,55,15.15,53.34,1.28,0.0,0.0,1.0,0.0,0.3333333333333333,0.42857142857142855,0.0
Kapurthala,Punjab,2025-11-25,0,2025,11,25,56,14.78,53.1,1.3,0.0,0.0,0.0,1.0,0.0,0.42857142857142855,0.0
Kapurthala,Punjab,2025-11-26,0,2025,11,26,57,14.65,50.2,1.07,0.0,0.0,0.0,1.0,0.0,0.2857142857142857,1.0
Kapurthala,Punjab,2025-11-27,1,2025,11,27,58,14.54,52.24,0.85,0.0,0.0,0.0,0.0,0.0,0.14285714285714285,3.0
Kapurthala,Punjab,2025-11-28,3,2025,11,28,59,14.48,54.18,1.04,0.0,1.0,0.0,1.0,0.3333333333333333,0.2857142857142857,0.0
Kapurthala,Punjab,2025-11-29,0,2025,11,29,60,14.37,50.35,1.0,0.0,3.0,0.0,0.0,1.3333333333333333,0.5714285714285714,0.0
Karnal,Haryana,2023-10-08,6,2023,10,8,8,27.32,58.87,1.34,0.0,0.0,0.0,0.0,0.6666666666666666,0.5714285714285714,0.0
Karnal,Haryana,2023-10-09,0,2023,10,9,9,27.87,61.65,1.25,0.01,6.0,2.0,2.0,2.6666666666666665,1.4285714285714286,1.0
Karnal,Haryana,2023-10-10,1,2023,10,10,10,27.05,63.53,1.21,1.15,0.0,0.0,0.0,2.0,1.1428571428571428,3.0
Karnal,Haryana,2023-10-11,3,2023,10,11,11,25.43,58.7,2.07,0.0,1.0,6.0,0.0,2.3333333333333335,1.2857142857142858,2.0
Karnal,Haryana,2023-10-12,2,2023,10,12,12,24.98,54.47,1.35,0.0,3.0,0.0,0.0,1.3333333333333333,1.7142857142857142,2.0
Karnal,Haryana,2023-10-13,2,2023,10,13,13,25.79,52.12,1.34,0.0,2.0,1.0,2.0,2.0,2.0,4.0
Karnal,Haryana,2023-10-14,4,2023,10,14,14,26.57,50.6,1.47,0.0,2.0,3.0,0.0,2.3333333333333335,2.0,16.0
Karnal,Haryana,2023-10-15,16,2023,10,15,15,25.67,56.4,0.83,0.79,4.0,2.0,6.0,2.6666666666666665,2.5714285714285716,0.0
Karnal,Haryana,2023-10-16,0,2023,10,16,16,22.85,75.69,1.56,19.52,16.0,2.0,0.0,7.333333333333333,4.0,0.0
Karnal,Haryana,2023-10-17,0,2023,10,17,17,22.59,68.65,1.62,0.6,0.0,4.0,1.0,6.666666666666667,4.0,0.0
Karnal,Haryana,2023-10-18,0,2023,10,18,18,21.81,67.94,2.5,0.22,0.0,16.0,3.0,5.333333333333333,3.857142857142857,1.0
Karnal,Haryana,2023-10-19,1,2023,10,19,19,21.62,62.62,1.99,0.0,0.0,0.0,2.0,0.0,3.4285714285714284,4.0
Karnal,Haryana,2023-10-20,4,2023,10,20,20,21.65,61.02,1.43,0.0,1.0,0.0,2.0,0.3333333333333333,3.2857142857142856,14.0
Karnal,Haryana,2023-10-21,14,2023,10,21,21,21.9,54.56,1.15,0.0,4.0,0.0,4.0,1.6666666666666667,3.5714285714285716,0.0
Karnal,Haryana,2023-10-22,0,2023,10,22,22,22.37,58.81,1.22,0.0,14.0,1.0,16.0,6.333333333333333,5.0,4.0
Karnal,Haryana,2023-10-23,4,2023,10,23,23,22.33,64.64,1.44,0.0,0.0,4.0,0.0,6.0,2.7142857142857144,10.0
Karnal,Haryana,2023-10-24,10,2023,10,24,24,23.09,61.09,1.29,0.0,4.0,14.0,0.0,6.0,3.2857142857142856,5.0
Karnal,Haryana,2023-10-25,5,2023,10,25,25,22.86,60.84,1.57,0.0,10.0,0.0,0.0,4.666666666666667,4.714285714285714,2.0
Karnal,Haryana,2023-10-26,2,2023,10,26,26,22.56,58.5,1.81,0.0,5.0,4.0,1.0,6.333333333333333,5.428571428571429,5.0
Karnal,Haryana,2023-10-27,5,2023,10,27,27,22.25,50.79,1.57,0.0,2.0,10.0,4.0,5.666666666666667,5.571428571428571,6.0
Karnal,Haryana,2023-10-28,6,2023,10,28,28,22.96,53.47,1.06,0.0,5.0,5.0,14.0,4.0,5.714285714285714,19.0
Karnal,Haryana,2023-10-29,19,2023,10,29,29,24.11,53.53,1.08,0.0,6.0,2.0,0.0,4.333333333333333,4.571428571428571,11.0
Karnal,Haryana,2023-10-30,11,2023,10,30,30,22.97,59.3,1.16,0.0,19.0,5.0,4.0,10.0,7.285714285714286,14.0
Karnal,Haryana,2023-10-31,14,2023,10,31,31,23.03,56.8,1.09,0.0,11.0,6.0,10.0,12.0,8.285714285714286,15.0
Karnal,Haryana,2023-11-01,15,2023,11,1,32,23.36,53.36,1.08,0.0,14.0,19.0,5.0,14.666666666666666,8.857142857142858,4.0
Karnal,Haryana,2023-11-02,4,2023,11,2,33,23.13,53.62,1.07,0.0,15.0,11.0,2.0,13.333333333333334,10.285714285714286,11.0
Karnal,Haryana,2023-11-03,11,2023,11,3,34,22.86,57.67,1.09,0.0,4.0,14.0,5.0,11.0,10.571428571428571,1.0
Karnal,Haryana,2023-11-04,1,2023,11,4,35,22.14,59.82,1.51,0.0,11.0,15.0,6.0,10.0,11.428571428571429,4.0
Karnal,Haryana,2023-11-05,4,2023,11,5,36,21.88,47.76,1.07,0.0,1.0,4.0,19.0,5.333333333333333,10.714285714285714,3.0
Karnal,Haryana,2023-11-06,3,2023,11,6,37,21.41,48.61,1.04,0.0,4.0,11.0,11.0,5.333333333333333,8.571428571428571,2.0
Karnal,Haryana,2023-11-07,2,2023,11,7,38,21.41,52.14,1.23,0.0,3.0,1.0,14.0,2.6666666666666665,7.428571428571429,2.0
Karnal,Haryana,2023-11-08,2,2023,11,8,39,21.73,62.36,1.52,0.0,2.0,4.0,15.0,3.0,5.714285714285714,2.0
Karnal,Haryana,2023-11-09,2,2023,11,9,40,22.57,57.0,1.54,0.0,2.0,3.0,4.0,2.3333333333333335,3.857142857142857,0.0
Karnal,Haryana,2023-11-10,0,2023,11,10,41,20.48,64.99,1.78,1.91,2.0,2.0,11.0,2.0,3.5714285714285716,3.0
Karnal,Haryana,2023-11-11,3,2023,11,11,42,19.16,65.14,1.9,0.0,0.0,2.0,1.0,1.3333333333333333,2.0,8.0
Karnal,Haryana,2023-11-12,8,2023,11,12,43,19.34,64.16,2.35,0.0,3.0,2.0,4.0,1.6666666666666667,2.2857142857142856,2.0
Karnal,Haryana,2023-11-13,2,2023,11,13,44,18.71,57.5,1.3,0.0,8.0,0.0,3.0,3.6666666666666665,2.857142857142857,2.0
Karnal,Haryana,2023-11-14,2,2023,11,14,45,18.81,54.13,1.34,0.0,2.0,3.0,2.0,4.333333333333333,2.7142857142857144,8.0
Karnal,Haryana,2023-11-15,8,2023,11,15,46,19.0,61.38,1.55,0.0,2.0,8.0,2.0,4.0,2.7142857142857144,12.0
Karnal,Haryana,2023-11-16,12,2023,11,16,47,20.24,56.45,0.97,0.0,8.0,2.0,2.0,4.0,3.5714285714285716,5.0
Karnal,Haryana,2023-11-17,5,2023,11,17,48,21.02,54.28,1.2,0.0,12.0,2.0,0.0,7.333333333333333,5.0,0.0
Karnal,Haryana,2023-11-18,0,2023,11,18,49,20.73,54.25,1.24,0.0,5.0,8.0,3.0,8.333333333333334,5.714285714285714,0.0
Karnal,Haryana,2023-11-19,0,2023,11,19,50,20.19,49.59,1.21,0.0,0.0,12.0,8.0,5.666666666666667,5.285714285714286,2.0
Karnal,Haryana,2023-11-20,2,2023,11,20,51,19.13,55.32,1.44,0.0,0.0,5.0,2.0,1.6666666666666667,4.142857142857143,2.0
Karnal,Haryana,2023-11-21,2,2023,11,21,52,18.28,62.96,2.46,0.0,2.0,0.0,2.0,0.6666666666666666,4.142857142857143,3.0
Karnal,Haryana,2023-11-22,3,2023,11,22,53,17.36,61.59,2.36,0.0,2.0,0.0,8.0,1.3333333333333333,4.142857142857143,0.0
Karnal,Haryana,2023-11-23,0,2023,11,23,54,18.55,47.21,0.75,0.0,3.0,2.0,12.0,2.3333333333333335,3.4285714285714284,2.0
Karnal,Haryana,2023-11-24,2,2023,11,24,55,17.71,48.13,1.06,0.0,0.0,2.0,5.0,1.6666666666666667,1.7142857142857142,2.0
Karnal,Haryana,2023-11-25,2,2023,11,25,56,17.41,53.61,1.22,0.0,2.0,3.0,0.0,1.6666666666666667,1.2857142857142858,0.0
Karnal,Haryana,2023-11-26,0,2023,11,26,57,17.42,54.3,1.32,0.0,2.0,0.0,0.0,1.3333333333333333,1.5714285714285714,0.0
Karnal,Haryana,2023-11-27,0,2023,11,27,58,16.66,60.72,1.58,0.54,0.0,2.0,2.0,1.3333333333333333,1.5714285714285714,0.0
Karnal,Haryana,2023-11-28,0,2023,11,28,59,17.5,54.95,1.41,0.59,0.0,2.0,2.0,0.6666666666666666,1.2857142857142858,0.0
Karnal,Haryana,2023-11-29,0,2023,11,29,60,19.11,52.26,1.21,0.04,0.0,0.0,3.0,0.0,1.0,0.0
Karnal,Haryana,2023-11-30,0,2023,11,30,61,19.48,59.36,1.22,1.19,0.0,0.0,0.0,0.0,0.5714285714285714,0.0
Karnal,Haryana,2024-10-01,0,2024,10,1,1,27.19,80.29,1.88,0.0,0.0,0.0,2.0,0.0,0.5714285714285714,5.0
Karnal,Haryana,2024-10-02,5,2024,10,2,2,27.32,72.91,1.56,0.0,0.0,0.0,2.0,0.0,0.2857142857142857,1.0
Karnal,Haryana,2024-10-03,1,2024,10,3,3,27.65,64.01,0.99,0.0,5.0,0.0,0.0,1.6666666666666667,0.7142857142857143,6.0
Karnal,Haryana,2024-10-04,6,2024,10,4,4,27.05,62.56,0.89,0.0,1.0,0.0,0.0,2.0,0.8571428571428571,1.0
Karnal,Haryana,2024-10-05,1,2024,10,5,5,27.36,69.48,1.18,0.4,6.0,5.0,0.0,4.0,1.7142857142857142,1.0
Karnal,Haryana,2024-10-06,1,2024,10,6,6,26.7,68.64,1.55,0.48,1.0,1.0,0.0,2.6666666666666665,1.8571428571428572,0.0
Karnal,Haryana,2024-10-07,0,2024,10,7,7,26.39,69.24,1.26,0.0,1.0,6.0,0.0,2.6666666666666665,2.0,2.0
Karnal,Haryana,2024-10-08,2,2024,10,8,8,26.44,64.65,0.82,0.0,0.0,1.0,0.0,0.6666666666666666,2.0,3.0
Karnal,Haryana,2024-10-09,3,2024,10,9,9,25.34,70.05,1.7,0.0,2.0,1.0,5.0,1.0,2.2857142857142856,4.0
Karnal,Haryana,2024-10-10,4,2024,10,10,10,24.81,67.82,1.91,0.0,3.0,0.0,1.0,1.6666666666666667,2.0,1.0
Karnal,Haryana,2024-10-11,1,2024,10,11,11,24.29,64.93,1.8,0.0,4.0,2.0,6.0,3.0,2.4285714285714284,9.0
Karnal,Haryana,2024-10-12,9,2024,10,12,12,24.93,57.55,1.27,0.0,1.0,3.0,1.0,2.6666666666666665,1.7142857142857142,6.0
Karnal,Haryana,2024-10-13,6,2024,10,13,13,25.38,50.49,0.85,0.0,9.0,4.0,1.0,4.666666666666667,2.857142857142857,0.0
Karnal,Haryana,2024-10-14,0,2024,10,14,14,24.06,59.5,1.46,0.0,6.0,1.0,0.0,5.333333333333333,3.5714285714285716,3.0
Karnal,Haryana,2024-10-15,3,2024,10,15,15,24.65,55.43,1.35,0.49,0.0,9.0,2.0,5.0,3.5714285714285716,0.0
Karnal,Haryana,2024-10-16,0,2024,10,16,16,25.37,54.51,0.97,0.0,3.0,6.0,3.0,3.0,3.7142857142857144,9.0
Karnal,Haryana,2024-10-17,9,2024,10,17,17,25.71,53.19,1.01,0.0,0.0,0.0,4.0,1.0,3.2857142857142856,12.0
Karnal,Haryana,2024-10-18,12,2024,10,18,18,25.52,55.02,1.09,0.0,9.0,3.0,1.0,4.0,4.0,2.0
Karnal,Haryana,2024-10-19,2,2024,10,19,19,25.86,53.08,0.97,0.0,12.0,0.0,9.0,7.0,5.571428571428571,7.0
Karnal,Haryana,2024-10-20,7,2024,10,20,20,24.21,64.79,1.35,0.0,2.0,9.0,6.0,7.666666666666667,4.571428571428571,0.0
Karnal,Haryana,2024-10-21,0,2024,10,21,21,23.94,71.51,1.12,0.0,7.0,12.0,0.0,7.0,4.714285714285714,5.0
Karnal,Haryana,2024-10-22,5,2024,10,22,22,24.62,69.82,1.15,0.0,0.0,2.0,3.0,3.0,4.714285714285714,2.0
Karnal,Haryana,2024-10-23,2,2024,10,23,23,24.8,63.16,1.83,0.0,5.0,7.0,0.0,4.0,5.0,0.0
Karnal,Haryana,2024-10-24,0,2024,10,24,24,24.51,61.4,2.52,0.0,2.0,0.0,9.0,2.3333333333333335,5.285714285714286,0.0
Karnal,Haryana,2024-10-25,0,2024,10,25,25,24.45,60.58,1.97,0.0,0.0,5.0,12.0,2.3333333333333335,4.0,1.0
Karnal,Haryana,2024-10-26,1,2024,10,26,26,25.03,55.04,1.36,0.0,0.0,2.0,2.0,0.6666666666666666,2.2857142857142856,3.0
Karnal,Haryana,2024-10-27,3,2024,10,27,27,24.34,66.36,1.23,0.0,1.0,0.0,7.0,0.3333333333333333,2.142857142857143,0.0
Karnal,Haryana,2024-10-28,0,2024,10,28,28,24.67,76.11,1.66,0.0,3.0,0.0,0.0,1.3333333333333333,1.5714285714285714,2.0
Karnal,Haryana,2024-10-29,2,2024,10,29,29,25.67,72.09,1.24,0.0,0.0,1.0,5.0,1.3333333333333333,1.5714285714285714,1.0
Karnal,Haryana,2024-10-30,1,2024,10,30,30,26.24,63.43,1.34,0.0,2.0,3.0,2.0,1.6666666666666667,1.1428571428571428,3.0
Karnal,Haryana,2024-10-31,3,2024,10,31,31,24.97,56.77,2.29,0.0,1.0,0.0,0.0,1.0,1.0,9.0
Karnal,Haryana,2024-11-01,9,2024,11,1,32,23.98,45.45,2.04,0.0,3.0,2.0,0.0,2.0,1.4285714285714286,6.0
Karnal,Haryana,2024-11-02,6,2024,11,2,33,23.58,48.5,0.95,0.0,9.0,1.0,1.0,4.333333333333333,2.7142857142857144,1.0
Karnal,Haryana,2024-11-03,1,2024,11,3,34,23.19,49.95,1.15,0.0,6.0,3.0,3.0,6.0,3.4285714285714284,0.0
Karnal,Haryana,2024-11-04,0,2024,11,4,35,23.57,48.37,0.87,0.0,1.0,9.0,0.0,5.333333333333333,3.142857142857143,1.0
Karnal,Haryana,2024-11-05,1,2024,11,5,36,22.52,65.65,1.42,0.0,0.0,6.0,2.0,2.3333333333333335,3.142857142857143,0.0
Karnal,Haryana,2024-11-06,0,2024,11,6,37,23.51,60.46,0.95,0.0,1.0,1.0,1.0,0.6666666666666666,3.0,0.0
Karnal,Haryana,2024-11-07,0,2024,11,7,38,23.15,64.59,1.07,0.0,0.0,0.0,3.0,0.3333333333333333,2.857142857142857,0.0
Karnal,Haryana,2024-11-08,0,2024,11,8,39,23.3,66.28,1.16,0.0,0.0,1.0,9.0,0.3333333333333333,2.4285714285714284,2.0
Karnal,Haryana,2024-11-09,2,2024,11,9,40,22.89,72.59,1.54,0.0,0.0,0.0,6.0,0.0,1.1428571428571428,0.0
Karnal,Haryana,2024-11-10,0,2024,11,10,41,22.78,72.87,1.21,0.0,2.0,0.0,1.0,0.6666666666666666,0.5714285714285714,2.0
Karnal,Haryana,2024-11-11,2,2024,11,11,42,23.31,70.84,0.95,0.0,0.0,0.0,0.0,0.6666666666666666,0.42857142857142855,3.0
Karnal,Haryana,2024-11-12,3,2024,11,12,43,22.76,60.04,1.32,0.0,2.0,2.0,1.0,1.3333333333333333,0.7142857142857143,0.0
Karnal,Haryana,2024-11-13,0,2024,11,13,44,21.81,55.55,1.43,0.0,3.0,0.0,0.0,1.6666666666666667,1.0,0.0
Karnal,Haryana,2024-11-14,0,2024,11,14,45,21.38,50.56,1.18,0.0,0.0,2.0,0.0,1.6666666666666667,1.0,0.0
Karnal,Haryana,2024-11-15,0,2024,11,15,46,20.78,49.19,1.57,0.0,0.0,3.0,0.0,1.0,1.0,1.0
Karnal,Haryana,2024-11-16,1,2024,11,16,47,20.12,57.33,1.71,0.0,0.0,0.0,2.0,0.0,1.0,0.0
Karnal,Haryana,2024-11-17,0,2024,11,17,48,19.89,52.51,1.69,0.0,1.0,0.0,0.0,0.3333333333333333,0.8571428571428571,0.0
Karnal,Haryana,2024-11-18,0,2024,11,18,49,19.05,49.52,1.44,0.0,0.0,0.0,2.0,0.3333333333333333,0.8571428571428571,4.0
Karnal,Haryana,2024-11-19,4,2024,11,19,50,18.47,47.03,1.59,0.0,0.0,1.0,3.0,0.3333333333333333,0.5714285714285714,1.0
Karnal,Haryana,2024-11-20,1,2024,11,20,51,18.28,44.05,1.52,0.0,4.0,0.0,0.0,1.3333333333333333,0.7142857142857143,1.0
Karnal,Haryana,2024-11-21,1,2024,11,21,52,18.47,41.34,1.35,0.0,1.0,0.0,0.0,1.6666666666666667,0.8571428571428571,0.0
Karnal,Haryana,2024-11-22,0,2024,11,22,53,18.87,40.43,1.18,0.0,1.0,4.0,0.0,2.0,1.0,2.0
Karnal,Haryana,2024-11-23,2,2024,11,23,54,18.47,46.58,1.07,0.0,0.0,1.0,1.0,0.6666666666666666,1.0,0.0
Karnal,Haryana,2024-11-24,0,2024,11,24,55,19.17,47.33,1.72,0.0,2.0,1.0,0.0,1.0,1.1428571428571428,1.0
Karnal,Haryana,2024-11-25,1,2024,11,25,56,17.55,55.32,2.15,0.0,0.0,0.0,0.0,0.6666666666666666,1.1428571428571428,0.0
Karnal,Haryana,2024-11-26,0,2024,11,26,57,17.14,48.56,1.83,0.0,1.0,2.0,4.0,1.0,1.2857142857142858,0.0
Karnal,Haryana,2024-11-27,0,2024,11,27,58,17.32,48.29,1.36,0.0,0.0,0.0,1.0,0.3333333333333333,0.7142857142857143,0.0
Karnal,Haryana,2024-11-28,0,2024,11,28,59,17.58,45.6,1.33,0.0,0.0,1.0,1.0,0.3333333333333333,0.5714285714285714,3.0
Karnal,Haryana,2024-11-29,3,2024,11,29,60,17.95,44.63,1.22,0.0,0.0,0.0,0.0,0.0,0.42857142857142855,3.0
Karnal,Haryana,2024-11-30,3,2024,11,30,61,16.9,46.68,1.76,0.0,3.0,0.0,2.0,1.0,0.8571428571428571,0.0
Karnal,Haryana,2025-10-01,0,2025,10,1,1,27.17,80.51,0.89,0.05,3.0,0.0,0.0,2.0,1.0,0.0
Karnal,Haryana,2025-10-02,0,2025,10,2,2,26.91,79.73,1.05,4.96,0.0,3.0,1.0,2.0,1.0,0.0
Karnal,Haryana,2025-10-03,0,2025,10,3,3,26.7,80.62,0.85,0.21,0.0,3.0,0.0,1.0,0.8571428571428571,0.0
Karnal,Haryana,2025-10-04,0,2025,10,4,4,26.9,77.45,1.67,0.01,0.0,0.0,0.0,0.0,0.8571428571428571,0.0
Karnal,Haryana,2025-10-05,0,2025,10,5,5,26.89,69.83,0.94,1.46,0.0,0.0,0.0,0.0,0.8571428571428571,0.0
Karnal,Haryana,2025-10-06,0,2025,10,6,6,23.91,82.76,1.64,7.38,0.0,0.0,3.0,0.0,0.8571428571428571,0.0
Karnal,Haryana,2025-10-07,0,2025,10,7,7,22.72,89.97,2.36,15.79,0.0,0.0,3.0,0.0,0.42857142857142855,0.0
Karnal,Haryana,2025-10-08,0,2025,10,8,8,21.78,84.22,1.25,6.31,0.0,0.0,0.0,0.0,0.0,0.0
Karnal,Haryana,2025-10-09,0,2025,10,9,9,21.97,81.04,1.57,0.01,0.0,0.0,0.0,0.0,0.0,0.0
Karnal,Haryana,2025-10-10,0,2025,10,10,10,22.38,71.25,1.18,0.0,0.0,0.0,0.0,0.0,0.0,0.0
Karnal,Haryana,2025-10-11,0,2025,10,11,11,23.2,69.51,1.02,0.0,0.0,0.0,0.0,0.0,0.0,0.0
Karnal,Haryana,2025-10-12,0,2025,10,12,12,22.78,74.3,1.63,0.0,0.0,0.0,0.0,0.0,0.0,0.0
Karnal,Haryana,2025-10-13,0,2025,10,13,13,23.04,65.4,1.27,0.0,0.0,0.0,0.0,0.0,0.0,0.0
Karnal,Haryana,2025-10-14,0,2025,10,14,14,23.74,56.48,0.85,0.0,0.0,0.0,0.0,0.0,0.0,0.0
Karnal,Haryana,2025-10-15,0,2025,10,15,15,24.3,50.04,0.52,0.0,0.0,0.0,0.0,0.0,0.0,0.0
Karnal,Haryana,2025-10-16,0,2025,10,16,16,23.92,56.95,0.95,0.0,0.0,0.0,0.0,0.0,0.0,0.0
Karnal,Haryana,2025-10-17,0,2025,10,17,17,24.74,70.13,0.87,0.0,0.0,0.0,0.0,0.0,0.0,0.0
Karnal,Haryana,2025-10-18,0,2025,10,18,18,25.13,66.65,0.56,0.0,0.0,0.0,0.0,0.0,0.0,3.0
Karnal,Haryana,2025-10-19,3,2025,10,19,19,25.16,60.85,0.57,0.0,0.0,0.0,0.0,0.0,0.0,4.0
Karnal,Haryana,2025-10-20,4,2025,10,20,20,24.61,61.58,0.85,0.0,3.0,0.0,0.0,1.0,0.42857142857142855,4.0
Karnal,Haryana,2025-10-21,4,2025,10,21,21,24.73,64.03,0.57,0.0,4.0,0.0,0.0,2.3333333333333335,1.0,2.0
Karnal,Haryana,2025-10-22,2,2025,10,22,22,23.55,67.17,1.23,0.0,4.0,3.0,0.0,3.6666666666666665,1.5714285714285714,1.0
Karnal,Haryana,2025-10-23,1,2025,10,23,23,23.67,56.78,1.15,0.0,2.0,4.0,0.0,3.3333333333333335,1.8571428571428572,0.0
Karnal,Haryana,2025-10-24,0,2025,10,24,24,24.23,49.53,0.54,0.02,1.0,4.0,0.0,2.3333333333333335,2.0,1.0
Karnal,Haryana,2025-10-25,1,2025,10,25,25,23.24,56.09,0.97,0.0,0.0,2.0,0.0,1.0,2.0,2.0
Karnal,Haryana,2025-10-26,2,2025,10,26,26,22.83,56.79,1.11,0.0,1.0,1.0,3.0,0.6666666666666666,2.142857142857143,1.0
Karnal,Haryana,2025-10-27,1,2025,10,27,27,22.11,61.03,1.21,0.0,2.0,0.0,4.0,1.0,2.0,0.0
Karnal,Haryana,2025-10-28,0,2025,10,28,28,22.09,71.69,0.8,0.0,1.0,1.0,4.0,1.3333333333333333,1.5714285714285714,0.0
Karnal,Haryana,2025-10-29,0,2025,10,29,29,22.66,67.49,0.9,0.0,0.0,2.0,2.0,1.0,1.0,0.0
Karnal,Haryana,2025-10-30,0,2025,10,30,30,23.48,71.81,1.0,0.04,0.0,1.0,1.0,0.3333333333333333,0.7142857142857143,2.0
Karnal,Haryana,2025-10-31,2,2025,10,31,31,23.43,74.53,1.71,0.0,0.0,0.0,0.0,0.0,0.5714285714285714,1.0
Karnal,Haryana,2025-11-01,1,2025,11,1,32,22.67,68.93,1.49,0.0,2.0,0.0,1.0,0.6666666666666666,0.8571428571428571,1.0
Karnal,Haryana,2025-11-02,1,2025,11,2,33,21.11,64.29,2.06,0.0,1.0,0.0,2.0,1.0,0.8571428571428571,0.0
Karnal,Haryana,2025-11-03,0,2025,11,3,34,20.74,60.12,1.9,0.0,1.0,2.0,1.0,1.3333333333333333,0.7142857142857143,2.0
Karnal,Haryana,2025-11-04,2,2025,11,4,35,20.08,62.84,1.71,0.05,0.0,1.0,0.0,0.6666666666666666,0.5714285714285714,3.0
Karnal,Haryana,2025-11-05,3,2025,11,5,36,20.43,59.47,1.62,0.15,2.0,1.0,0.0,1.0,0.8571428571428571,9.0
Karnal,Haryana,2025-11-06,9,2025,11,6,37,18.2,62.82,2.54,0.0,3.0,0.0,0.0,1.6666666666666667,1.2857142857142858,6.0
Karnal,Haryana,2025-11-07,6,2025,11,7,38,17.15,54.26,2.22,0.0,9.0,2.0,2.0,4.666666666666667,2.5714285714285716,6.0
Karnal,Haryana,2025-11-08,6,2025,11,8,39,16.44,52.86,1.75,0.0,6.0,3.0,1.0,6.0,3.142857142857143,1.0
Karnal,Haryana,2025-11-09,1,2025,11,9,40,16.66,56.08,1.87,0.0,6.0,9.0,1.0,7.0,3.857142857142857,2.0
Karnal,Haryana,2025-11-10,2,2025,11,10,41,17.58,52.22,1.63,0.0,1.0,6.0,0.0,4.333333333333333,3.857142857142857,0.0
Karnal,Haryana,2025-11-11,0,2025,11,11,42,17.15,55.02,1.88,0.0,2.0,6.0,2.0,3.0,4.142857142857143,1.0
Karnal,Haryana,2025-11-12,1,2025,11,12,43,16.58,56.42,2.25,0.0,0.0,1.0,3.0,1.0,3.857142857142857,2.0
Karnal,Haryana,2025-11-13,2,2025,11,13,44,16.45,56.05,1.82,0.0,1.0,2.0,9.0,1.0,3.5714285714285716,0.0
Karnal,Haryana,2025-11-14,0,2025,11,14,45,16.09,54.95,1.67,0.0,2.0,0.0,6.0,1.0,2.5714285714285716,0.0
Karnal,Haryana,2025-11-15,0,2025,11,15,46,16.19,52.87,1.87,0.0,0.0,1.0,6.0,1.0,1.7142857142857142,0.0
Karnal,Haryana,2025-11-16,0,2025,11,16,47,16.15,51.65,1.94,0.0,0.0,2.0,1.0,0.6666666666666666,0.8571428571428571,1.0
Karnal,Haryana,2025-11-17,1,2025,11,17,48,17.1,48.46,1.34,0.0,0.0,0.0,2.0,0.0,0.7142857142857143,0.0
Karnal,Haryana,2025-11-18,0,2025,11,18,49,17.61,47.03,1.22,0.0,1.0,0.0,0.0,0.3333333333333333,0.5714285714285714,0.0
Karnal,Haryana,2025-11-19,0,2025,11,19,50,18.42,50.02,1.0,0.0,0.0,0.0,1.0,0.3333333333333333,0.5714285714285714,0.0
Karnal,Haryana,2025-11-20,0,2025,11,20,51,18.06,53.2,0.97,0.0,0.0,1.0,2.0,0.3333333333333333,0.42857142857142855,0.0
Karnal,Haryana,2025-11-21,0,2025,11,21,52,17.85,58.81,1.1,0.0,0.0,0.0,0.0,0.0,0.14285714285714285,1.0
Karnal,Haryana,2025-11-22,1,2025,11,22,53,17.58,56.5,1.2,0.0,0.0,0.0,0.0,0.0,0.14285714285714285,0.0
Karnal,Haryana,2025-11-23,0,2025,11,23,54,17.36,55.72,0.95,0.0,1.0,0.0,0.0,0.3333333333333333,0.2857142857142857,0.0
Karnal,Haryana,2025-11-24,0,2025,11,24,55,15.6,53.48,1.53,0.0,0.0,0.0,1.0,0.3333333333333333,0.2857142857142857,0.0
Karnal,Haryana,2025-11-25,0,2025,11,25,56,14.8,55.16,1.59,0.0,0.0,1.0,0.0,0.3333333333333333,0.14285714285714285,1.0
Karnal,Haryana,2025-11-26,1,2025,11,26,57,16.32,51.21,1.04,0.0,0.0,0.0,0.0,0.0,0.14285714285714285,6.0
Karnal,Haryana,2025-11-27,6,2025,11,27,58,17.09,48.23,0.94,0.0,1.0,0.0,0.0,0.3333333333333333,0.2857142857142857,0.0
Karnal,Haryana,2025-11-28,0,2025,11,28,59,16.7,56.91,1.47,0.0,6.0,0.0,0.0,2.3333333333333335,1.1428571428571428,0.0
Karnal,Haryana,2025-11-29,0,2025,11,29,60,15.92,49.99,2.33,0.0,0.0,1.0,1.0,2.3333333333333335,1.1428571428571428,0.0
Kurukshetra,Haryana,2023-10-08,12,2023,10,8,8,25.58,67.89,1.14,0.0,8.0,9.0,4.0,6.666666666666667,7.428571428571429,2.0
Kurukshetra,Haryana,2023-10-09,2,2023,10,9,9,26.21,69.46,0.87,0.01,12.0,3.0,14.0,7.666666666666667,8.571428571428571,3.0
Kurukshetra,Haryana,2023-10-10,3,2023,10,10,10,25.58,69.87,1.18,3.48,2.0,8.0,4.0,7.333333333333333,6.857142857142857,1.0
Kurukshetra,Haryana,2023-10-11,1,2023,10,11,11,23.95,68.36,1.92,0.0,3.0,12.0,10.0,5.666666666666667,6.714285714285714,10.0
Kurukshetra,Haryana,2023-10-12,10,2023,10,12,12,23.73,65.18,1.26,0.0,1.0,2.0,9.0,2.0,5.428571428571429,11.0
Kurukshetra,Haryana,2023-10-13,11,2023,10,13,13,23.91,65.23,1.19,0.0,10.0,3.0,3.0,4.666666666666667,5.571428571428571,8.0
Kurukshetra,Haryana,2023-10-14,8,2023,10,14,14,24.8,62.4,1.45,0.26,11.0,1.0,8.0,7.333333333333333,6.714285714285714,25.0
Kurukshetra,Haryana,2023-10-15,25,2023,10,15,15,24.44,63.78,0.81,0.37,8.0,10.0,12.0,9.666666666666666,6.714285714285714,0.0
Kurukshetra,Haryana,2023-10-16,0,2023,10,16,16,22.24,77.63,1.22,22.89,25.0,11.0,2.0,14.666666666666666,8.571428571428571,0.0
Kurukshetra,Haryana,2023-10-17,0,2023,10,17,17,21.63,75.84,1.28,0.97,0.0,8.0,3.0,11.0,8.285714285714286,1.0
Kurukshetra,Haryana,2023-10-18,1,2023,10,18,18,20.51,75.3,2.37,0.55,0.0,25.0,1.0,8.333333333333334,7.857142857142857,5.0
Kurukshetra,Haryana,2023-10-19,5,2023,10,19,19,20.33,71.26,1.9,0.0,1.0,0.0,10.0,0.3333333333333333,7.857142857142857,10.0
Kurukshetra,Haryana,2023-10-20,10,2023,10,20,20,20.59,66.39,1.15,0.0,5.0,0.0,11.0,2.0,7.142857142857143,8.0
Kurukshetra,Haryana,2023-10-21,8,2023,10,21,21,21.29,59.27,0.76,0.0,10.0,1.0,8.0,5.333333333333333,7.0,6.0
Kurukshetra,Haryana,2023-10-22,6,2023,10,22,22,21.51,67.09,1.18,0.0,8.0,5.0,25.0,7.666666666666667,7.0,13.0
Kurukshetra,Haryana,2023-10-23,13,2023,10,23,23,21.64,69.24,1.04,0.02,6.0,10.0,0.0,8.0,4.285714285714286,19.0
Kurukshetra,Haryana,2023-10-24,19,2023,10,24,24,22.39,65.3,1.05,0.01,13.0,8.0,0.0,9.0,6.142857142857143,25.0
Kurukshetra,Haryana,2023-10-25,25,2023,10,25,25,22.1,67.16,1.35,0.0,19.0,6.0,1.0,12.666666666666666,8.857142857142858,16.0
Kurukshetra,Haryana,2023-10-26,16,2023,10,26,26,21.7,64.07,1.86,0.0,25.0,13.0,5.0,19.0,12.285714285714286,4.0
Kurukshetra,Haryana,2023-10-27,4,2023,10,27,27,21.38,60.12,1.64,0.0,16.0,19.0,10.0,20.0,13.857142857142858,3.0
Kurukshetra,Haryana,2023-10-28,3,2023,10,28,28,22.21,62.08,1.08,0.0,4.0,25.0,8.0,15.0,13.0,24.0
Kurukshetra,Haryana,2023-10-29,24,2023,10,29,29,23.18,61.4,0.88,0.0,3.0,16.0,6.0,7.666666666666667,12.285714285714286,4.0
Kurukshetra,Haryana,2023-10-30,4,2023,10,30,30,21.96,65.96,1.1,0.0,24.0,4.0,13.0,10.333333333333334,14.857142857142858,4.0
Kurukshetra,Haryana,2023-10-31,4,2023,10,31,31,22.34,61.72,0.97,0.0,4.0,3.0,19.0,10.333333333333334,13.571428571428571,11.0
Kurukshetra,Haryana,2023-11-01,11,2023,11,1,32,23.01,56.39,0.97,0.0,4.0,24.0,25.0,10.666666666666666,11.428571428571429,4.0
Kurukshetra,Haryana,2023-11-02,4,2023,11,2,33,22.92,56.06,0.8,0.0,11.0,4.0,16.0,6.333333333333333,9.428571428571429,8.0
Kurukshetra,Haryana,2023-11-03,8,2023,11,3,34,22.08,60.77,0.88,0.0,4.0,4.0,4.0,6.333333333333333,7.714285714285714,1.0
Kurukshetra,Haryana,2023-11-04,1,2023,11,4,35,21.59,59.31,1.45,0.0,8.0,11.0,3.0,7.666666666666667,8.285714285714286,2.0
Kurukshetra,Haryana,2023-11-05,2,2023,11,5,36,21.13,54.69,1.11,0.0,1.0,4.0,24.0,4.333333333333333,8.0,3.0
Kurukshetra,Haryana,2023-11-06,3,2023,11,6,37,20.89,53.92,1.0,0.0,2.0,8.0,4.0,3.6666666666666665,4.857142857142857,0.0
Kurukshetra,Haryana,2023-11-07,0,2023,11,7,38,20.79,58.55,1.32,0.0,3.0,1.0,4.0,2.0,4.714285714285714,1.0
Kurukshetra,Haryana,2023-11-08,1,2023,11,8,39,21.42,62.35,1.43,0.0,0.0,2.0,11.0,1.6666666666666667,4.142857142857143,2.0
Kurukshetra,Haryana,2023-11-09,2,2023,11,9,40,21.79,61.76,1.68,0.0,1.0,3.0,4.0,1.3333333333333333,2.7142857142857144,0.0
Kurukshetra,Haryana,2023-11-10,0,2023,11,10,41,19.56,69.95,1.74,1.19,2.0,0.0,8.0,1.0,2.4285714285714284,1.0
Kurukshetra,Haryana,2023-11-11,1,2023,11,11,42,18.78,67.23,1.67,0.0,0.0,1.0,1.0,1.0,1.2857142857142858,1.0
Kurukshetra,Haryana,2023-11-12,1,2023,11,12,43,18.9,65.56,2.28,0.0,1.0,2.0,2.0,1.0,1.2857142857142858,1.0
Kurukshetra,Haryana,2023-11-13,1,2023,11,13,44,18.46,60.33,1.1,0.0,1.0,0.0,3.0,0.6666666666666666,1.1428571428571428,0.0
Kurukshetra,Haryana,2023-11-14,0,2023,11,14,45,19.11,56.94,1.26,0.0,1.0,1.0,0.0,1.0,0.8571428571428571,2.0
Kurukshetra,Haryana,2023-11-15,2,2023,11,15,46,19.41,61.29,1.46,0.0,0.0,1.0,1.0,0.6666666666666666,0.8571428571428571,1.0
Kurukshetra,Haryana,2023-11-16,1,2023,11,16,47,20.33,57.12,0.93,0.0,2.0,1.0,2.0,1.0,1.0,0.0
Kurukshetra,Haryana,2023-11-17,0,2023,11,17,48,21.16,53.78,1.16,0.0,1.0,0.0,0.0,1.0,0.8571428571428571,0.0
Kurukshetra,Haryana,2023-11-18,0,2023,11,18,49,21.2,55.12,1.12,0.0,0.0,2.0,1.0,1.0,0.8571428571428571,0.0
Kurukshetra,Haryana,2023-11-19,0,2023,11,19,50,19.91,55.88,1.38,0.0,0.0,1.0,1.0,0.3333333333333333,0.7142857142857143,3.0
Kurukshetra,Haryana,2023-11-20,3,2023,11,20,51,18.9,61.0,1.32,0.0,0.0,0.0,1.0,0.0,0.5714285714285714,2.0
Kurukshetra,Haryana,2023-11-21,2,2023,11,21,52,18.46,64.26,2.57,0.0,3.0,0.0,0.0,1.0,0.8571428571428571,0.0
Kurukshetra,Haryana,2023-11-22,0,2023,11,22,53,17.48,64.03,2.49,0.0,2.0,0.0,2.0,1.6666666666666667,1.1428571428571428,0.0
Kurukshetra,Haryana,2023-11-23,0,2023,11,23,54,18.32,51.17,0.76,0.0,0.0,3.0,1.0,1.6666666666666667,0.8571428571428571,0.0
Kurukshetra,Haryana,2023-11-24,0,2023,11,24,55,17.53,54.3,1.07,0.0,0.0,2.0,0.0,0.6666666666666666,0.7142857142857143,0.0
Kurukshetra,Haryana,2023-11-25,0,2023,11,25,56,17.47,54.89,1.06,0.0,0.0,0.0,0.0,0.0,0.7142857142857143,0.0
Kurukshetra,Haryana,2023-11-26,0,2023,11,26,57,17.02,59.46,1.31,0.0,0.0,0.0,0.0,0.0,0.7142857142857143,0.0
Kurukshetra,Haryana,2023-11-27,0,2023,11,27,58,16.94,66.97,1.43,0.27,0.0,0.0,3.0,0.0,0.7142857142857143,1.0
Kurukshetra,Haryana,2023-11-28,1,2023,11,28,59,17.82,58.73,1.15,0.02,0.0,0.0,2.0,0.0,0.2857142857142857,0.0
Kurukshetra,Haryana,2023-11-29,0,2023,11,29,60,19.66,54.55,1.15,0.16,1.0,0.0,0.0,0.3333333333333333,0.14285714285714285,0.0
Kurukshetra,Haryana,2023-11-30,0,2023,11,30,61,18.7,68.78,1.17,4.68,0.0,0.0,0.0,0.3333333333333333,0.14285714285714285,2.0
Kurukshetra,Haryana,2024-10-01,2,2024,10,1,1,26.7,84.22,2.16,0.0,0.0,1.0,0.0,0.3333333333333333,0.14285714285714285,8.0
Kurukshetra,Haryana,2024-10-02,8,2024,10,2,2,26.54,76.87,1.64,0.0,2.0,0.0,0.0,0.6666666666666666,0.42857142857142855,5.0
Kurukshetra,Haryana,2024-10-03,5,2024,10,3,3,26.94,70.13,1.06,0.0,8.0,0.0,0.0,3.3333333333333335,1.5714285714285714,3.0
Kurukshetra,Haryana,2024-10-04,3,2024,10,4,4,26.25,70.09,1.03,0.0,5.0,2.0,0.0,5.0,2.2857142857142856,12.0
Kurukshetra,Haryana,2024-10-05,12,2024,10,5,5,26.4,72.57,1.03,0.34,3.0,8.0,1.0,5.333333333333333,2.7142857142857144,15.0
Kurukshetra,Haryana,2024-10-06,15,2024,10,6,6,25.92,73.44,1.52,1.57,12.0,5.0,0.0,6.666666666666667,4.285714285714286,9.0
Kurukshetra,Haryana,2024-10-07,9,2024,10,7,7,25.95,72.57,1.22,0.0,15.0,3.0,0.0,10.0,6.428571428571429,7.0
Kurukshetra,Haryana,2024-10-08,7,2024,10,8,8,25.44,70.91,1.01,0.01,9.0,12.0,2.0,12.0,7.714285714285714,6.0
Kurukshetra,Haryana,2024-10-09,6,2024,10,9,9,24.76,73.62,1.96,0.0,7.0,15.0,8.0,10.333333333333334,8.428571428571429,1.0
Kurukshetra,Haryana,2024-10-10,1,2024,10,10,10,24.24,70.7,2.02,0.0,6.0,9.0,5.0,7.333333333333333,8.142857142857142,7.0
Kurukshetra,Haryana,2024-10-11,7,2024,10,11,11,23.85,69.47,1.98,0.0,1.0,7.0,3.0,4.666666666666667,7.571428571428571,14.0
Kurukshetra,Haryana,2024-10-12,14,2024,10,12,12,24.6,61.09,1.35,0.0,7.0,6.0,12.0,4.666666666666667,8.142857142857142,17.0
Kurukshetra,Haryana,2024-10-13,17,2024,10,13,13,25.34,52.92,0.83,0.0,14.0,1.0,15.0,7.333333333333333,8.428571428571429,9.0
Kurukshetra,Haryana,2024-10-14,9,2024,10,14,14,23.68,57.57,1.43,0.0,17.0,7.0,9.0,12.666666666666666,8.714285714285714,5.0
Kurukshetra,Haryana,2024-10-15,5,2024,10,15,15,23.85,62.09,1.63,1.13,9.0,14.0,7.0,13.333333333333334,8.714285714285714,0.0
Kurukshetra,Haryana,2024-10-16,0,2024,10,16,16,24.84,61.84,0.96,0.0,5.0,17.0,6.0,10.333333333333334,8.428571428571429,5.0
Kurukshetra,Haryana,2024-10-17,5,2024,10,17,17,24.7,62.45,1.05,0.0,0.0,9.0,1.0,4.666666666666667,7.571428571428571,6.0
Kurukshetra,Haryana,2024-10-18,6,2024,10,18,18,25.3,57.55,0.99,0.0,5.0,5.0,7.0,3.3333333333333335,8.142857142857142,3.0
Kurukshetra,Haryana,2024-10-19,3,2024,10,19,19,24.25,63.38,1.27,0.0,6.0,0.0,14.0,3.6666666666666665,8.0,3.0
Kurukshetra,Haryana,2024-10-20,3,2024,10,20,20,23.57,68.92,1.3,0.0,3.0,5.0,17.0,4.666666666666667,6.428571428571429,0.0
Kurukshetra,Haryana,2024-10-21,0,2024,10,21,21,23.29,74.51,1.17,0.0,3.0,6.0,9.0,4.0,4.428571428571429,4.0
Kurukshetra,Haryana,2024-10-22,4,2024,10,22,22,23.83,74.27,1.18,0.0,0.0,3.0,5.0,2.0,3.142857142857143,8.0
Kurukshetra,Haryana,2024-10-23,8,2024,10,23,23,24.51,65.16,1.83,0.0,4.0,3.0,0.0,2.3333333333333335,3.0,5.0
Kurukshetra,Haryana,2024-10-24,5,2024,10,24,24,24.22,63.01,2.25,0.0,8.0,0.0,5.0,4.0,4.142857142857143,7.0
Kurukshetra,Haryana,2024-10-25,7,2024,10,25,25,24.08,62.63,1.83,0.0,5.0,4.0,6.0,5.666666666666667,4.142857142857143,2.0
Kurukshetra,Haryana,2024-10-26,2,2024,10,26,26,24.49,60.45,1.25,0.0,7.0,8.0,3.0,6.666666666666667,4.285714285714286,3.0
Kurukshetra,Haryana,2024-10-27,3,2024,10,27,27,23.54,72.81,1.26,0.0,2.0,5.0,3.0,4.666666666666667,4.142857142857143,4.0
Kurukshetra,Haryana,2024-10-28,4,2024,10,28,28,24.13,80.87,1.67,0.0,3.0,7.0,0.0,4.0,4.142857142857143,2.0
Kurukshetra,Haryana,2024-10-29,2,2024,10,29,29,25.11,77.32,1.33,0.0,4.0,2.0,4.0,3.0,4.714285714285714,15.0
Kurukshetra,Haryana,2024-10-30,15,2024,10,30,30,25.43,68.96,1.41,0.0,2.0,3.0,8.0,3.0,4.428571428571429,9.0
Kurukshetra,Haryana,2024-10-31,9,2024,10,31,31,24.3,60.54,2.37,0.0,15.0,4.0,5.0,7.0,5.428571428571429,6.0
Kurukshetra,Haryana,2024-11-01,6,2024,11,1,32,22.82,55.66,2.02,0.0,9.0,2.0,7.0,8.666666666666666,6.0,2.0
Kurukshetra,Haryana,2024-11-02,2,2024,11,2,33,23.01,52.76,0.98,0.0,6.0,15.0,2.0,10.0,5.857142857142857,0.0
Kurukshetra,Haryana,2024-11-03,0,2024,11,3,34,22.9,52.42,0.95,0.0,2.0,9.0,3.0,5.666666666666667,5.857142857142857,0.0
Kurukshetra,Haryana,2024-11-04,0,2024,11,4,35,23.14,52.36,0.84,0.0,0.0,6.0,4.0,2.6666666666666665,5.428571428571429,0.0
Kurukshetra,Haryana,2024-11-05,0,2024,11,5,36,22.29,66.97,1.52,0.0,0.0,2.0,2.0,0.6666666666666666,4.857142857142857,0.0
Kurukshetra,Haryana,2024-11-06,0,2024,11,6,37,23.26,63.93,0.85,0.0,0.0,0.0,15.0,0.0,4.571428571428571,0.0
Kurukshetra,Haryana,2024-11-07,0,2024,11,7,38,22.78,67.94,1.07,0.0,0.0,0.0,9.0,0.0,2.4285714285714284,2.0
Kurukshetra,Haryana,2024-11-08,2,2024,11,8,39,22.85,70.46,1.13,0.0,0.0,0.0,6.0,0.0,1.1428571428571428,0.0
Kurukshetra,Haryana,2024-11-09,0,2024,11,9,40,22.24,78.18,1.63,0.0,2.0,0.0,2.0,0.6666666666666666,0.5714285714285714,4.0
Kurukshetra,Haryana,2024-11-10,4,2024,11,10,41,22.38,77.2,1.23,0.0,0.0,0.0,0.0,0.6666666666666666,0.2857142857142857,0.0
Kurukshetra,Haryana,2024-11-11,0,2024,11,11,42,22.64,78.16,1.09,0.0,4.0,2.0,0.0,2.0,0.8571428571428571,0.0
Kurukshetra,Haryana,2024-11-12,0,2024,11,12,43,22.12,69.27,1.29,0.0,0.0,0.0,0.0,1.3333333333333333,0.8571428571428571,0.0
Kurukshetra,Haryana,2024-11-13,0,2024,11,13,44,21.62,58.84,1.28,0.0,0.0,4.0,0.0,1.3333333333333333,0.8571428571428571,0.0
Kurukshetra,Haryana,2024-11-14,0,2024,11,14,45,20.33,59.12,1.2,0.0,0.0,0.0,0.0,0.0,0.8571428571428571,0.0
Kurukshetra,Haryana,2024-11-15,0,2024,11,15,46,20.19,56.12,1.51,0.0,0.0,0.0,2.0,0.0,0.8571428571428571,0.0
Kurukshetra,Haryana,2024-11-16,0,2024,11,16,47,19.67,61.22,1.81,0.0,0.0,0.0,0.0,0.0,0.5714285714285714,0.0
Kurukshetra,Haryana,2024-11-17,0,2024,11,17,48,19.46,55.08,1.79,0.0,0.0,0.0,4.0,0.0,0.5714285714285714,1.0
Kurukshetra,Haryana,2024-11-18,1,2024,11,18,49,18.45,55.78,1.47,0.0,0.0,0.0,0.0,0.0,0.0,1.0
Kurukshetra,Haryana,2024-11-19,1,2024,11,19,50,18.28,52.81,1.55,0.0,1.0,0.0,0.0,0.3333333333333333,0.14285714285714285,2.0
Kurukshetra,Haryana,2024-11-20,2,2024,11,20,51,18.12,49.3,1.46,0.0,1.0,0.0,0.0,0.6666666666666666,0.2857142857142857,1.0
Kurukshetra,Haryana,2024-11-21,1,2024,11,21,52,18.08,48.33,1.31,0.0,2.0,1.0,0.0,1.3333333333333333,0.5714285714285714,0.0
Kurukshetra,Haryana,2024-11-22,0,2024,11,22,53,18.67,45.28,0.83,0.0,1.0,1.0,0.0,1.3333333333333333,0.7142857142857143,0.0
Kurukshetra,Haryana,2024-11-23,0,2024,11,23,54,17.55,52.94,0.9,0.0,0.0,2.0,0.0,1.0,0.7142857142857143,2.0
Kurukshetra,Haryana,2024-11-24,2,2024,11,24,55,18.54,52.46,1.64,0.0,0.0,1.0,0.0,0.3333333333333333,0.7142857142857143,2.0
Kurukshetra,Haryana,2024-11-25,2,2024,11,25,56,17.32,57.88,2.34,0.0,2.0,0.0,1.0,0.6666666666666666,1.0,1.0
Kurukshetra,Haryana,2024-11-26,1,2024,11,26,57,16.83,52.82,1.81,0.0,2.0,0.0,1.0,1.3333333333333333,1.1428571428571428,0.0
Kurukshetra,Haryana,2024-11-27,0,2024,11,27,58,16.71,53.02,1.32,0.0,1.0,2.0,2.0,1.6666666666666667,1.1428571428571428,0.0
Kurukshetra,Haryana,2024-11-28,0,2024,11,28,59,16.93,50.8,1.37,0.0,0.0,2.0,1.0,1.0,0.8571428571428571,0.0
Kurukshetra,Haryana,2024-11-29,0,2024,11,29,60,17.45,49.18,1.03,0.0,0.0,1.0,0.0,0.3333333333333333,0.7142857142857143,0.0
Kurukshetra,Haryana,2024-11-30,0,2024,11,30,61,16.95,48.22,1.65,0.0,0.0,0.0,0.0,0.0,0.7142857142857143,0.0
Kurukshetra,Haryana,2025-10-01,0,2025,10,1,1,27.34,81.26,0.95,0.18,0.0,0.0,2.0,0.0,0.7142857142857143,0.0
Kurukshetra,Haryana,2025-10-02,0,2025,10,2,2,27.23,80.04,0.76,6.31,0.0,0.0,2.0,0.0,0.42857142857142855,0.0
Kurukshetra,Haryana,2025-10-03,0,2025,10,3,3,26.59,82.03,0.85,0.89,0.0,0.0,1.0,0.0,0.14285714285714285,0.0
Kurukshetra,Haryana,2025-10-04,0,2025,10,4,4,26.58,82.04,1.83,0.07,0.0,0.0,0.0,0.0,0.0,1.0
Kurukshetra,Haryana,2025-10-05,1,2025,10,5,5,26.25,74.99,1.18,0.61,0.0,0.0,0.0,0.0,0.0,0.0
Kurukshetra,Haryana,2025-10-06,0,2025,10,6,6,23.7,83.72,1.56,12.3,1.0,0.0,0.0,0.3333333333333333,0.14285714285714285,0.0
Kurukshetra,Haryana,2025-10-07,0,2025,10,7,7,22.43,89.17,2.55,11.15,0.0,0.0,0.0,0.3333333333333333,0.14285714285714285,0.0
Kurukshetra,Haryana,2025-10-08,0,2025,10,8,8,22.18,85.04,1.04,9.26,0.0,1.0,0.0,0.3333333333333333,0.14285714285714285,0.0
Kurukshetra,Haryana,2025-10-09,0,2025,10,9,9,22.12,83.15,1.44,0.13,0.0,0.0,0.0,0.0,0.14285714285714285,0.0
Kurukshetra,Haryana,2025-10-10,0,2025,10,10,10,22.54,76.68,1.23,0.01,0.0,0.0,0.0,0.0,0.14285714285714285,1.0
Kurukshetra,Haryana,2025-10-11,1,2025,10,11,11,23.1,78.17,1.39,0.0,0.0,0.0,0.0,0.0,0.14285714285714285,1.0
Kurukshetra,Haryana,2025-10-12,1,2025,10,12,12,22.58,78.57,1.66,0.0,1.0,0.0,1.0,0.3333333333333333,0.2857142857142857,0.0
Kurukshetra,Haryana,2025-10-13,0,2025,10,13,13,22.38,74.17,1.48,0.0,1.0,0.0,0.0,0.6666666666666666,0.2857142857142857,0.0
Kurukshetra,Haryana,2025-10-14,0,2025,10,14,14,22.61,68.26,1.34,0.0,0.0,1.0,0.0,0.6666666666666666,0.2857142857142857,2.0
Kurukshetra,Haryana,2025-10-15,2,2025,10,15,15,23.37,65.61,0.8,0.0,0.0,1.0,0.0,0.3333333333333333,0.2857142857142857,2.0
Kurukshetra,Haryana,2025-10-16,2,2025,10,16,16,23.47,74.06,1.11,0.0,2.0,0.0,0.0,0.6666666666666666,0.5714285714285714,1.0
Kurukshetra,Haryana,2025-10-17,1,2025,10,17,17,24.31,79.0,1.02,0.0,2.0,0.0,0.0,1.3333333333333333,0.8571428571428571,1.0
Kurukshetra,Haryana,2025-10-18,1,2025,10,18,18,24.71,73.47,0.8,0.0,1.0,2.0,1.0,1.6666666666666667,1.0,3.0
Kurukshetra,Haryana,2025-10-19,3,2025,10,19,19,25.17,65.45,0.67,0.0,1.0,2.0,1.0,1.3333333333333333,1.0,3.0
Kurukshetra,Haryana,2025-10-20,3,2025,10,20,20,25.06,62.02,0.6,0.0,3.0,1.0,0.0,1.6666666666666667,1.2857142857142858,4.0
Kurukshetra,Haryana,2025-10-21,4,2025,10,21,21,24.88,62.89,0.51,0.0,3.0,1.0,0.0,2.3333333333333335,1.7142857142857142,2.0
Kurukshetra,Haryana,2025-10-22,2,2025,10,22,22,23.6,67.65,1.02,0.0,4.0,3.0,2.0,3.3333333333333335,2.2857142857142856,1.0
Kurukshetra,Haryana,2025-10-23,1,2025,10,23,23,23.53,59.76,1.23,0.28,2.0,3.0,2.0,3.0,2.2857142857142856,0.0
Kurukshetra,Haryana,2025-10-24,0,2025,10,24,24,24.39,55.76,0.36,0.13,1.0,4.0,1.0,2.3333333333333335,2.142857142857143,4.0
Kurukshetra,Haryana,2025-10-25,4,2025,10,25,25,23.05,62.56,0.95,0.0,0.0,2.0,1.0,1.0,2.0,5.0
Kurukshetra,Haryana,2025-10-26,5,2025,10,26,26,23.41,60.91,0.84,0.0,4.0,1.0,3.0,1.6666666666666667,2.4285714285714284,5.0
Kurukshetra,Haryana,2025-10-27,5,2025,10,27,27,22.3,64.13,0.96,0.0,5.0,0.0,3.0,3.0,2.7142857142857144,0.0
Kurukshetra,Haryana,2025-10-28,0,2025,10,28,28,21.85,72.03,0.85,0.0,5.0,4.0,4.0,4.666666666666667,3.0,0.0
Kurukshetra,Haryana,2025-10-29,0,2025,10,29,29,22.67,69.13,0.92,0.0,0.0,5.0,2.0,3.3333333333333335,2.4285714285714284,0.0
Kurukshetra,Haryana,2025-10-30,0,2025,10,30,30,23.1,76.18,1.11,0.0,0.0,5.0,1.0,1.6666666666666667,2.142857142857143,1.0
Kurukshetra,Haryana,2025-10-31,1,2025,10,31,31,22.7,79.12,1.47,0.0,0.0,0.0,0.0,0.0,2.0,3.0
Kurukshetra,Haryana,2025-11-01,3,2025,11,1,32,22.35,71.66,1.66,0.0,1.0,0.0,4.0,0.3333333333333333,2.142857142857143,1.0
Kurukshetra,Haryana,2025-11-02,1,2025,11,2,33,20.65,69.6,2.16,0.0,3.0,0.0,5.0,1.3333333333333333,2.0,0.0
Kurukshetra,Haryana,2025-11-03,0,2025,11,3,34,20.24,67.38,1.96,0.0,1.0,1.0,5.0,1.6666666666666667,1.4285714285714286,0.0
Kurukshetra,Haryana,2025-11-04,0,2025,11,4,35,19.73,69.9,1.71,0.0,0.0,3.0,0.0,1.3333333333333333,0.7142857142857143,0.0
Kurukshetra,Haryana,2025-11-05,0,2025,11,5,36,20.34,64.47,1.79,0.54,0.0,1.0,0.0,0.3333333333333333,0.7142857142857143,0.0
Kurukshetra,Haryana,2025-11-06,0,2025,11,6,37,18.23,68.75,2.66,0.0,0.0,0.0,0.0,0.0,0.7142857142857143,0.0
Kurukshetra,Haryana,2025-11-07,0,2025,11,7,38,17.25,58.58,2.04,0.0,0.0,0.0,1.0,0.0,0.7142857142857143,0.0
Kurukshetra,Haryana,2025-11-08,0,2025,11,8,39,16.86,57.58,1.64,0.0,0.0,0.0,3.0,0.0,0.5714285714285714,3.0
Kurukshetra,Haryana,2025-11-09,3,2025,11,9,40,16.96,61.11,1.76,0.0,0.0,0.0,1.0,0.0,0.14285714285714285,0.0
Kurukshetra,Haryana,2025-11-10,0,2025,11,10,41,17.77,57.41,1.53,0.0,3.0,0.0,0.0,1.0,0.42857142857142855,0.0
Kurukshetra,Haryana,2025-11-11,0,2025,11,11,42,17.45,58.48,1.83,0.0,0.0,0.0,0.0,1.0,0.42857142857142855,0.0
Kurukshetra,Haryana,2025-11-12,0,2025,11,12,43,16.54,61.76,2.29,0.0,0.0,3.0,0.0,1.0,0.42857142857142855,0.0
Kurukshetra,Haryana,2025-11-13,0,2025,11,13,44,16.7,60.39,1.95,0.0,0.0,0.0,0.0,0.0,0.42857142857142855,0.0
Kurukshetra,Haryana,2025-11-14,0,2025,11,14,45,16.11,60.11,1.71,0.0,0.0,0.0,0.0,0.0,0.42857142857142855,0.0
Kurukshetra,Haryana,2025-11-15,0,2025,11,15,46,16.24,57.75,1.82,0.0,0.0,0.0,0.0,0.0,0.42857142857142855,0.0
Kurukshetra,Haryana,2025-11-16,0,2025,11,16,47,16.19,57.44,1.92,0.0,0.0,0.0,3.0,0.0,0.42857142857142855,0.0
Kurukshetra,Haryana,2025-11-17,0,2025,11,17,48,17.24,53.14,1.21,0.0,0.0,0.0,0.0,0.0,0.0,7.0
Kurukshetra,Haryana,2025-11-18,7,2025,11,18,49,17.18,58.17,1.22,0.0,0.0,0.0,0.0,0.0,0.0,0.0
Kurukshetra,Haryana,2025-11-19,0,2025,11,19,50,18.15,57.93,1.09,0.0,7.0,0.0,0.0,2.3333333333333335,1.0,0.0
Kurukshetra,Haryana,2025-11-20,0,2025,11,20,51,18.71,52.27,0.7,0.0,0.0,0.0,0.0,2.3333333333333335,1.0,0.0
Kurukshetra,Haryana,2025-11-21,0,2025,11,21,52,18.07,56.67,0.8,0.0,0.0,7.0,0.0,2.3333333333333335,1.0,0.0
Kurukshetra,Haryana,2025-11-22,0,2025,11,22,53,17.04,60.73,1.0,0.0,0.0,0.0,0.0,0.0,1.0,1.0
Kurukshetra,Haryana,2025-11-23,1,2025,11,23,54,16.76,60.71,1.03,0.0,0.0,0.0,0.0,0.0,1.0,0.0
Kurukshetra,Haryana,2025-11-24,0,2025,11,24,55,15.68,58.53,1.51,0.0,1.0,0.0,0.0,0.3333333333333333,1.1428571428571428,0.0
Kurukshetra,Haryana,2025-11-25,0,2025,11,25,56,15.15,59.46,1.3,0.0,0.0,0.0,7.0,0.3333333333333333,1.1428571428571428,1.0
Kurukshetra,Haryana,2025-11-26,1,2025,11,26,57,16.15,57.36,1.17,0.0,0.0,1.0,0.0,0.3333333333333333,0.14285714285714285,0.0
Kurukshetra,Haryana,2025-11-27,0,2025,11,27,58,16.01,61.65,1.2,0.0,1.0,0.0,0.0,0.3333333333333333,0.2857142857142857,0.0
Kurukshetra,Haryana,2025-11-28,0,2025,11,28,59,16.59,58.75,1.47,0.0,0.0,0.0,0.0,0.3333333333333333,0.2857142857142857,2.0
Kurukshetra,Haryana,2025-11-29,2,2025,11,29,60,15.55,52.73,2.18,0.0,0.0,1.0,0.0,0.3333333333333333,0.2857142857142857,0.0
Ludhiana,Punjab,2023-10-08,5,2023,10,8,8,25.68,68.35,1.13,0.0,3.0,0.0,0.0,2.0,1.8571428571428572,2.0
Ludhiana,Punjab,2023-10-09,2,2023,10,9,9,26.18,71.15,1.02,0.83,5.0,3.0,1.0,3.6666666666666665,2.5714285714285716,0.0
Ludhiana,Punjab,2023-10-10,0,2023,10,10,10,24.95,74.74,1.32,12.9,2.0,3.0,0.0,3.3333333333333335,2.7142857142857144,0.0
Ludhiana,Punjab,2023-10-11,0,2023,10,11,11,23.9,69.53,1.25,0.0,0.0,5.0,6.0,2.3333333333333335,2.7142857142857144,3.0
Ludhiana,Punjab,2023-10-12,3,2023,10,12,12,23.99,63.55,0.95,0.0,0.0,2.0,0.0,0.6666666666666666,1.8571428571428572,12.0
Ludhiana,Punjab,2023-10-13,12,2023,10,13,13,23.88,66.43,1.01,0.0,3.0,0.0,3.0,1.0,2.2857142857142856,5.0
Ludhiana,Punjab,2023-10-14,5,2023,10,14,14,24.46,67.6,1.3,6.88,12.0,0.0,3.0,5.0,3.5714285714285716,0.0
Ludhiana,Punjab,2023-10-15,0,2023,10,15,15,23.48,69.46,0.98,1.33,5.0,3.0,5.0,6.666666666666667,3.857142857142857,0.0
Ludhiana,Punjab,2023-10-16,0,2023,10,16,16,21.88,79.19,1.62,20.6,0.0,12.0,2.0,5.666666666666667,3.142857142857143,0.0
Ludhiana,Punjab,2023-10-17,0,2023,10,17,17,20.89,82.7,1.27,4.73,0.0,5.0,0.0,1.6666666666666667,2.857142857142857,0.0
Ludhiana,Punjab,2023-10-18,0,2023,10,18,18,19.88,79.58,1.72,0.45,0.0,0.0,0.0,0.0,2.857142857142857,4.0
Ludhiana,Punjab,2023-10-19,4,2023,10,19,19,20.16,70.81,1.29,0.0,0.0,0.0,3.0,0.0,2.857142857142857,9.0
Ludhiana,Punjab,2023-10-20,9,2023,10,20,20,20.58,66.75,0.87,0.0,4.0,0.0,12.0,1.3333333333333333,3.0,12.0
Ludhiana,Punjab,2023-10-21,12,2023,10,21,21,21.38,64.3,0.84,0.0,9.0,0.0,5.0,4.333333333333333,2.5714285714285716,9.0
Ludhiana,Punjab,2023-10-22,9,2023,10,22,22,21.26,70.95,1.18,0.11,12.0,4.0,0.0,8.333333333333334,3.5714285714285716,24.0
Ludhiana,Punjab,2023-10-23,24,2023,10,23,23,21.08,76.84,1.25,0.0,9.0,9.0,0.0,10.0,4.857142857142857,64.0
Ludhiana,Punjab,2023-10-24,64,2023,10,24,24,22.15,70.29,1.1,0.01,24.0,12.0,0.0,15.0,8.285714285714286,22.0
Ludhiana,Punjab,2023-10-25,22,2023,10,25,25,21.88,71.27,1.22,0.0,64.0,9.0,0.0,32.333333333333336,17.428571428571427,53.0
Ludhiana,Punjab,2023-10-26,53,2023,10,26,26,22.05,62.74,1.37,0.0,22.0,24.0,4.0,36.666666666666664,20.571428571428573,40.0
Ludhiana,Punjab,2023-10-27,40,2023,10,27,27,22.15,60.3,0.95,0.0,53.0,64.0,9.0,46.333333333333336,27.571428571428573,14.0
Ludhiana,Punjab,2023-10-28,14,2023,10,28,28,22.41,63.71,0.94,0.0,40.0,22.0,12.0,38.333333333333336,32.0,107.0
Ludhiana,Punjab,2023-10-29,107,2023,10,29,29,23.05,66.0,0.84,0.0,14.0,53.0,9.0,35.666666666666664,32.285714285714285,80.0
Ludhiana,Punjab,2023-10-30,80,2023,10,30,30,22.15,68.56,0.97,0.0,107.0,40.0,24.0,53.666666666666664,46.285714285714285,97.0
Ludhiana,Punjab,2023-10-31,97,2023,10,31,31,22.22,65.44,0.96,0.0,80.0,14.0,64.0,67.0,54.285714285714285,123.0
Ludhiana,Punjab,2023-11-01,123,2023,11,1,32,22.44,63.5,0.93,0.0,97.0,107.0,22.0,94.66666666666667,59.0,84.0
Ludhiana,Punjab,2023-11-02,84,2023,11,2,33,22.56,67.29,0.83,0.0,123.0,80.0,53.0,100.0,73.42857142857143,136.0
Ludhiana,Punjab,2023-11-03,136,2023,11,3,34,21.6,72.71,0.85,0.0,84.0,97.0,40.0,101.33333333333333,77.85714285714286,153.0
Ludhiana,Punjab,2023-11-04,153,2023,11,4,35,21.39,67.56,1.05,0.0,136.0,123.0,14.0,114.33333333333333,91.57142857142857,260.0
Ludhiana,Punjab,2023-11-05,260,2023,11,5,36,21.72,59.93,0.88,0.0,153.0,84.0,107.0,124.33333333333333,111.42857142857143,140.0
Ludhiana,Punjab,2023-11-06,140,2023,11,6,37,20.38,60.75,1.09,0.0,260.0,136.0,80.0,183.0,133.28571428571428,178.0
Ludhiana,Punjab,2023-11-07,178,2023,11,7,38,20.54,69.53,1.22,0.0,140.0,153.0,97.0,184.33333333333334,141.85714285714286,172.0
Ludhiana,Punjab,2023-11-08,172,2023,11,8,39,20.97,74.1,1.2,0.0,178.0,260.0,123.0,192.66666666666666,153.42857142857142,72.0
Ludhiana,Punjab,2023-11-09,72,2023,11,9,40,22.25,63.23,0.94,0.0,172.0,140.0,84.0,163.33333333333334,160.42857142857142,2.0
Ludhiana,Punjab,2023-11-10,2,2023,11,10,41,18.78,79.11,1.57,8.33,72.0,178.0,136.0,140.66666666666666,158.71428571428572,5.0
Ludhiana,Punjab,2023-11-11,5,2023,11,11,42,17.83,80.94,1.61,0.0,2.0,172.0,153.0,82.0,139.57142857142858,262.0
Ludhiana,Punjab,2023-11-12,262,2023,11,12,43,17.8,73.19,1.68,0.0,5.0,72.0,260.0,26.333333333333332,118.42857142857143,98.0
Ludhiana,Punjab,2023-11-13,98,2023,11,13,44,17.85,64.89,1.08,0.0,262.0,2.0,140.0,89.66666666666667,118.71428571428571,159.0
Ludhiana,Punjab,2023-11-14,159,2023,11,14,45,17.77,66.7,1.5,0.0,98.0,5.0,178.0,121.66666666666667,112.71428571428571,175.0
Ludhiana,Punjab,2023-11-15,175,2023,11,15,46,18.08,64.3,1.5,0.0,159.0,262.0,172.0,173.0,110.0,181.0
Ludhiana,Punjab,2023-11-16,181,2023,11,16,47,18.98,61.65,1.1,0.0,175.0,98.0,72.0,144.0,110.42857142857143,124.0
Ludhiana,Punjab,2023-11-17,124,2023,11,17,48,18.96,63.47,1.7,0.0,181.0,159.0,2.0,171.66666666666666,126.0,48.0
Ludhiana,Punjab,2023-11-18,48,2023,11,18,49,18.72,60.94,1.14,0.0,124.0,175.0,5.0,160.0,143.42857142857142,57.0
Ludhiana,Punjab,2023-11-19,57,2023,11,19,50,18.94,60.02,0.94,0.0,48.0,181.0,262.0,117.66666666666667,149.57142857142858,24.0
Ludhiana,Punjab,2023-11-20,24,2023,11,20,51,17.67,66.55,1.45,0.0,57.0,124.0,98.0,76.33333333333333,120.28571428571429,25.0
Ludhiana,Punjab,2023-11-21,25,2023,11,21,52,17.01,70.11,1.78,0.0,24.0,48.0,159.0,43.0,109.71428571428571,20.0
Ludhiana,Punjab,2023-11-22,20,2023,11,22,53,16.33,68.73,1.47,0.0,25.0,57.0,175.0,35.333333333333336,90.57142857142857,7.0
Ludhiana,Punjab,2023-11-23,7,2023,11,23,54,17.83,55.47,0.76,0.0,20.0,24.0,181.0,23.0,68.42857142857143,19.0
Ludhiana,Punjab,2023-11-24,19,2023,11,24,55,16.72,61.12,1.26,0.0,7.0,25.0,124.0,17.333333333333332,43.57142857142857,0.0
Ludhiana,Punjab,2023-11-25,0,2023,11,25,56,17.24,64.21,0.68,0.0,19.0,20.0,48.0,15.333333333333334,28.571428571428573,0.0
Ludhiana,Punjab,2023-11-26,0,2023,11,26,57,16.18,67.28,1.1,0.0,0.0,7.0,57.0,8.666666666666666,21.714285714285715,0.0
Ludhiana,Punjab,2023-11-27,0,2023,11,27,58,16.35,69.45,1.08,0.0,0.0,19.0,24.0,6.333333333333333,13.571428571428571,1.0
Ludhiana,Punjab,2023-11-28,1,2023,11,28,59,16.79,66.75,1.19,0.0,0.0,0.0,25.0,0.0,10.142857142857142,7.0
Ludhiana,Punjab,2023-11-29,7,2023,11,29,60,18.87,61.44,0.67,0.05,1.0,0.0,20.0,0.3333333333333333,6.714285714285714,0.0
Ludhiana,Punjab,2023-11-30,0,2023,11,30,61,17.71,77.81,1.3,10.91,7.0,0.0,7.0,2.6666666666666665,4.857142857142857,1.0
Ludhiana,Punjab,2024-10-01,1,2024,10,1,1,28.78,69.93,1.55,0.0,0.0,1.0,19.0,2.6666666666666665,3.857142857142857,1.0
Ludhiana,Punjab,2024-10-02,1,2024,10,2,2,28.73,63.95,1.27,0.0,1.0,7.0,0.0,2.6666666666666665,1.2857142857142858,1.0
Ludhiana,Punjab,2024-10-03,1,2024,10,3,3,28.72,57.52,1.18,0.0,1.0,0.0,0.0,0.6666666666666666,1.4285714285714286,0.0
Ludhiana,Punjab,2024-10-04,0,2024,10,4,4,28.43,56.72,1.01,0.0,1.0,1.0,0.0,1.0,1.5714285714285714,0.0
Ludhiana,Punjab,2024-10-05,0,2024,10,5,5,28.34,58.13,1.05,0.06,0.0,1.0,1.0,0.6666666666666666,1.5714285714285714,1.0
Ludhiana,Punjab,2024-10-06,1,2024,10,6,6,27.83,61.52,1.28,6.65,0.0,1.0,7.0,0.3333333333333333,1.4285714285714286,1.0
Ludhiana,Punjab,2024-10-07,1,2024,10,7,7,27.06,64.04,1.39,0.0,1.0,0.0,0.0,0.3333333333333333,0.5714285714285714,1.0
Ludhiana,Punjab,2024-10-08,1,2024,10,8,8,26.75,64.08,1.26,0.0,1.0,0.0,1.0,0.6666666666666666,0.7142857142857143,0.0
Ludhiana,Punjab,2024-10-09,0,2024,10,9,9,26.07,65.85,1.81,0.0,1.0,1.0,1.0,1.0,0.7142857142857143,2.0
Ludhiana,Punjab,2024-10-10,2,2024,10,10,10,25.79,60.69,1.55,0.0,0.0,1.0,1.0,0.6666666666666666,0.5714285714285714,0.0
Ludhiana,Punjab,2024-10-11,0,2024,10,11,11,26.47,53.11,1.6,0.0,2.0,1.0,0.0,1.0,0.7142857142857143,8.0
Ludhiana,Punjab,2024-10-12,8,2024,10,12,12,26.96,49.67,0.93,0.0,0.0,0.0,0.0,0.6666666666666666,0.7142857142857143,1.0
Ludhiana,Punjab,2024-10-13,1,2024,10,13,13,26.31,46.68,1.08,0.0,8.0,2.0,1.0,3.3333333333333335,1.8571428571428572,1.0
Ludhiana,Punjab,2024-10-14,1,2024,10,14,14,25.47,46.81,1.33,0.0,1.0,0.0,1.0,3.0,1.8571428571428572,1.0
Ludhiana,Punjab,2024-10-15,1,2024,10,15,15,26.31,47.8,1.47,0.0,1.0,8.0,1.0,3.3333333333333335,1.8571428571428572,0.0
Ludhiana,Punjab,2024-10-16,0,2024,10,16,16,26.46,51.92,1.12,0.0,1.0,1.0,0.0,1.0,1.8571428571428572,2.0
Ludhiana,Punjab,2024-10-17,2,2024,10,17,17,26.5,50.51,1.22,0.0,0.0,1.0,2.0,0.6666666666666666,1.8571428571428572,1.0
Ludhiana,Punjab,2024-10-18,1,2024,10,18,18,27.07,46.56,1.13,0.0,2.0,1.0,0.0,1.0,1.8571428571428572,8.0
Ludhiana,Punjab,2024-10-19,8,2024,10,19,19,25.94,51.25,1.42,0.0,1.0,0.0,8.0,1.0,2.0,3.0
Ludhiana,Punjab,2024-10-20,3,2024,10,20,20,25.94,53.23,1.21,0.0,8.0,2.0,1.0,3.6666666666666665,2.0,0.0
Ludhiana,Punjab,2024-10-21,0,2024,10,21,21,25.68,57.1,1.23,0.0,3.0,1.0,1.0,4.0,2.2857142857142856,1.0
Ludhiana,Punjab,2024-10-22,1,2024,10,22,22,25.35,61.38,1.13,0.0,0.0,8.0,1.0,3.6666666666666665,2.142857142857143,5.0
Ludhiana,Punjab,2024-10-23,5,2024,10,23,23,25.95,56.39,2.22,0.0,1.0,3.0,0.0,1.3333333333333333,2.142857142857143,3.0
Ludhiana,Punjab,2024-10-24,3,2024,10,24,24,24.76,58.98,2.06,0.0,5.0,0.0,2.0,2.0,2.857142857142857,2.0
Ludhiana,Punjab,2024-10-25,2,2024,10,25,25,25.11,55.35,1.9,0.0,3.0,1.0,1.0,3.0,3.0,15.0
Ludhiana,Punjab,2024-10-26,15,2024,10,26,26,24.84,50.74,1.55,0.0,2.0,5.0,8.0,3.3333333333333335,3.142857142857143,7.0
Ludhiana,Punjab,2024-10-27,7,2024,10,27,27,25.98,48.3,1.09,0.0,15.0,3.0,3.0,6.666666666666667,4.142857142857143,8.0
Ludhiana,Punjab,2024-10-28,8,2024,10,28,28,25.71,64.78,1.75,0.0,7.0,2.0,0.0,8.0,4.714285714285714,12.0
Ludhiana,Punjab,2024-10-29,12,2024,10,29,29,27.13,61.83,1.24,0.0,8.0,15.0,1.0,10.0,5.857142857142857,3.0
Ludhiana,Punjab,2024-10-30,3,2024,10,30,30,26.81,54.6,1.5,0.0,12.0,7.0,5.0,9.0,7.428571428571429,25.0
Ludhiana,Punjab,2024-10-31,25,2024,10,31,31,25.28,50.31,2.36,0.0,3.0,8.0,3.0,7.666666666666667,7.142857142857143,72.0
Ludhiana,Punjab,2024-11-01,72,2024,11,1,32,24.09,46.68,1.76,0.0,25.0,12.0,2.0,13.333333333333334,10.285714285714286,25.0
Ludhiana,Punjab,2024-11-02,25,2024,11,2,33,25.14,36.32,0.91,0.0,72.0,3.0,15.0,33.333333333333336,20.285714285714285,15.0
Ludhiana,Punjab,2024-11-03,15,2024,11,3,34,23.46,42.34,0.98,0.0,25.0,25.0,7.0,40.666666666666664,21.714285714285715,15.0
Ludhiana,Punjab,2024-11-04,15,2024,11,4,35,24.57,42.53,1.07,0.0,15.0,72.0,8.0,37.333333333333336,22.857142857142858,8.0
Ludhiana,Punjab,2024-11-05,8,2024,11,5,36,23.82,50.18,1.38,0.0,15.0,25.0,12.0,18.333333333333332,23.857142857142858,5.0
Ludhiana,Punjab,2024-11-06,5,2024,11,6,37,23.94,53.07,1.2,0.0,8.0,15.0,3.0,12.666666666666666,23.285714285714285,19.0
Ludhiana,Punjab,2024-11-07,19,2024,11,7,38,24.32,54.36,0.91,0.0,5.0,15.0,25.0,9.333333333333334,23.571428571428573,22.0
Ludhiana,Punjab,2024-11-08,22,2024,11,8,39,24.4,55.58,1.03,0.0,19.0,8.0,72.0,10.666666666666666,22.714285714285715,30.0
Ludhiana,Punjab,2024-11-09,30,2024,11,9,40,24.17,60.34,1.12,0.0,22.0,5.0,25.0,15.333333333333334,15.571428571428571,17.0
Ludhiana,Punjab,2024-11-10,17,2024,11,10,41,24.4,60.83,0.64,0.0,30.0,19.0,15.0,23.666666666666668,16.285714285714285,17.0
Ludhiana,Punjab,2024-11-11,17,2024,11,11,42,24.42,60.04,1.11,0.01,17.0,22.0,15.0,23.0,16.571428571428573,9.0
Ludhiana,Punjab,2024-11-12,9,2024,11,12,43,23.0,58.71,1.16,0.01,17.0,30.0,8.0,21.333333333333332,16.857142857142858,0.0
Ludhiana,Punjab,2024-11-13,0,2024,11,13,44,22.35,53.14,1.15,0.0,9.0,17.0,5.0,14.333333333333334,17.0,7.0
Ludhiana,Punjab,2024-11-14,7,2024,11,14,45,21.15,50.07,1.09,0.0,0.0,17.0,19.0,8.666666666666666,16.285714285714285,3.0
Ludhiana,Punjab,2024-11-15,3,2024,11,15,46,20.81,53.86,1.55,0.0,7.0,9.0,22.0,5.333333333333333,14.571428571428571,4.0
Ludhiana,Punjab,2024-11-16,4,2024,11,16,47,19.79,57.49,1.51,0.0,3.0,0.0,30.0,3.3333333333333335,11.857142857142858,22.0
Ludhiana,Punjab,2024-11-17,22,2024,11,17,48,19.18,50.78,1.67,0.0,4.0,7.0,17.0,4.666666666666667,8.142857142857142,81.0
Ludhiana,Punjab,2024-11-18,81,2024,11,18,49,18.98,48.04,1.41,0.0,22.0,3.0,17.0,9.666666666666666,8.857142857142858,78.0
Ludhiana,Punjab,2024-11-19,78,2024,11,19,50,18.89,42.34,1.46,0.0,81.0,4.0,9.0,35.666666666666664,18.0,31.0
Ludhiana,Punjab,2024-11-20,31,2024,11,20,51,18.64,41.29,1.37,0.0,78.0,22.0,0.0,60.333333333333336,27.857142857142858,15.0
Ludhiana,Punjab,2024-11-21,15,2024,11,21,52,19.08,39.24,1.22,0.0,31.0,81.0,7.0,63.333333333333336,32.285714285714285,4.0
Ludhiana,Punjab,2024-11-22,4,2024,11,22,53,19.56,38.67,1.09,0.0,15.0,78.0,3.0,41.333333333333336,33.42857142857143,43.0
Ludhiana,Punjab,2024-11-23,43,2024,11,23,54,19.01,44.6,1.04,0.0,4.0,31.0,4.0,16.666666666666668,33.57142857142857,11.0
Ludhiana,Punjab,2024-11-24,11,2024,11,24,55,18.69,48.59,1.54,0.0,43.0,15.0,22.0,20.666666666666668,39.142857142857146,13.0
Ludhiana,Punjab,2024-11-25,13,2024,11,25,56,17.37,55.55,1.81,0.0,11.0,4.0,81.0,19.333333333333332,37.57142857142857,4.0
Ludhiana,Punjab,2024-11-26,4,2024,11,26,57,17.47,49.72,1.52,0.0,13.0,43.0,78.0,22.333333333333332,27.857142857142858,6.0
Ludhiana,Punjab,2024-11-27,6,2024,11,27,58,17.49,45.13,1.27,0.0,4.0,11.0,31.0,9.333333333333334,17.285714285714285,2.0
Ludhiana,Punjab,2024-11-28,2,2024,11,28,59,17.81,43.52,1.27,0.0,6.0,13.0,15.0,7.666666666666667,13.714285714285714,9.0
Ludhiana,Punjab,2024-11-29,9,2024,11,29,60,17.88,43.2,1.16,0.0,2.0,4.0,4.0,4.0,11.857142857142858,4.0
Ludhiana,Punjab,2024-11-30,4,2024,11,30,61,16.84,42.78,1.51,0.0,9.0,6.0,43.0,5.666666666666667,12.571428571428571,0.0
Ludhiana,Punjab,2025-10-01,0,2025,10,1,1,27.25,78.39,1.11,0.03,4.0,2.0,11.0,5.0,7.0,0.0
Ludhiana,Punjab,2025-10-02,0,2025,10,2,2,27.99,75.43,0.8,0.08,0.0,9.0,13.0,4.333333333333333,5.428571428571429,0.0
Ludhiana,Punjab,2025-10-03,0,2025,10,3,3,26.72,82.42,1.17,0.49,0.0,4.0,4.0,1.3333333333333333,3.5714285714285716,1.0
Ludhiana,Punjab,2025-10-04,1,2025,10,4,4,26.48,81.18,1.38,0.06,0.0,0.0,6.0,0.0,3.0,0.0
Ludhiana,Punjab,2025-10-05,0,2025,10,5,5,26.56,73.53,0.87,6.94,1.0,0.0,2.0,0.3333333333333333,2.2857142857142856,0.0
Ludhiana,Punjab,2025-10-06,0,2025,10,6,6,22.89,85.78,2.05,7.45,0.0,0.0,9.0,0.3333333333333333,2.0,0.0
Ludhiana,Punjab,2025-10-07,0,2025,10,7,7,21.8,88.28,1.58,26.61,0.0,1.0,4.0,0.3333333333333333,0.7142857142857143,0.0
Ludhiana,Punjab,2025-10-08,0,2025,10,8,8,22.05,84.74,1.26,4.79,0.0,0.0,0.0,0.0,0.14285714285714285,0.0
Ludhiana,Punjab,2025-10-09,0,2025,10,9,9,21.83,77.63,1.21,0.02,0.0,0.0,0.0,0.0,0.14285714285714285,1.0
Ludhiana,Punjab,2025-10-10,1,2025,10,10,10,22.35,73.91,1.21,0.02,0.0,0.0,0.0,0.0,0.14285714285714285,1.0
Ludhiana,Punjab,2025-10-11,1,2025,10,11,11,22.95,74.07,1.2,0.0,1.0,0.0,1.0,0.3333333333333333,0.2857142857142857,0.0
Ludhiana,Punjab,2025-10-12,0,2025,10,12,12,22.3,74.52,1.34,0.0,1.0,0.0,0.0,0.6666666666666666,0.2857142857142857,2.0
Ludhiana,Punjab,2025-10-13,2,2025,10,13,13,23.09,66.47,1.23,0.0,0.0,1.0,0.0,0.6666666666666666,0.2857142857142857,0.0
Ludhiana,Punjab,2025-10-14,0,2025,10,14,14,23.39,62.8,0.95,0.0,2.0,1.0,0.0,1.0,0.5714285714285714,2.0
Ludhiana,Punjab,2025-10-15,2,2025,10,15,15,23.72,63.98,0.77,0.0,0.0,0.0,0.0,0.6666666666666666,0.5714285714285714,0.0
Ludhiana,Punjab,2025-10-16,0,2025,10,16,16,23.58,72.49,1.18,0.0,2.0,2.0,0.0,1.3333333333333333,0.8571428571428571,0.0
Ludhiana,Punjab,2025-10-17,0,2025,10,17,17,23.64,74.24,1.16,0.0,0.0,0.0,1.0,0.6666666666666666,0.8571428571428571,0.0
Ludhiana,Punjab,2025-10-18,0,2025,10,18,18,23.92,72.45,1.05,0.0,0.0,2.0,1.0,0.6666666666666666,0.7142857142857143,1.0
Ludhiana,Punjab,2025-10-19,1,2025,10,19,19,24.5,66.83,0.9,0.0,0.0,0.0,0.0,0.0,0.5714285714285714,0.0
Ludhiana,Punjab,2025-10-20,0,2025,10,20,20,23.89,60.3,0.87,0.0,1.0,0.0,2.0,0.3333333333333333,0.7142857142857143,0.0
Ludhiana,Punjab,2025-10-21,0,2025,10,21,21,22.99,62.35,1.22,0.0,0.0,0.0,0.0,0.3333333333333333,0.42857142857142855,1.0
Ludhiana,Punjab,2025-10-22,1,2025,10,22,22,22.83,61.4,1.32,0.03,0.0,1.0,2.0,0.3333333333333333,0.42857142857142855,0.0
Ludhiana,Punjab,2025-10-23,0,2025,10,23,23,23.22,61.48,1.11,0.37,1.0,0.0,0.0,0.3333333333333333,0.2857142857142857,1.0
Ludhiana,Punjab,2025-10-24,1,2025,10,24,24,23.48,64.59,0.96,0.14,0.0,0.0,0.0,0.3333333333333333,0.2857142857142857,6.0
Ludhiana,Punjab,2025-10-25,6,2025,10,25,25,22.83,65.04,0.99,0.0,1.0,1.0,0.0,0.6666666666666666,0.42857142857142855,4.0
Ludhiana,Punjab,2025-10-26,4,2025,10,26,26,22.7,65.77,1.03,0.0,6.0,0.0,1.0,2.3333333333333335,1.2857142857142858,7.0
Ludhiana,Punjab,2025-10-27,7,2025,10,27,27,23.68,59.09,0.82,0.0,4.0,1.0,0.0,3.6666666666666665,1.7142857142857142,8.0
Ludhiana,Punjab,2025-10-28,8,2025,10,28,28,22.12,64.96,0.95,0.0,7.0,6.0,0.0,5.666666666666667,2.7142857142857144,7.0
Ludhiana,Punjab,2025-10-29,7,2025,10,29,29,21.88,71.22,1.14,0.0,8.0,4.0,1.0,6.333333333333333,3.857142857142857,2.0
Ludhiana,Punjab,2025-10-30,2,2025,10,30,30,23.13,72.62,0.9,0.0,7.0,7.0,0.0,7.333333333333333,4.714285714285714,21.0
Ludhiana,Punjab,2025-10-31,21,2025,10,31,31,22.95,71.38,1.36,0.0,2.0,8.0,1.0,5.666666666666667,5.0,19.0
Ludhiana,Punjab,2025-11-01,19,2025,11,1,32,21.8,66.42,1.47,0.0,21.0,7.0,6.0,10.0,7.857142857142857,33.0
Ludhiana,Punjab,2025-11-02,33,2025,11,2,33,21.05,64.83,1.64,0.0,19.0,2.0,4.0,14.0,9.714285714285714,13.0
Ludhiana,Punjab,2025-11-03,13,2025,11,3,34,20.91,60.54,1.41,0.0,33.0,21.0,7.0,24.333333333333332,13.857142857142858,31.0
Ludhiana,Punjab,2025-11-04,31,2025,11,4,35,20.55,62.33,1.96,0.1,13.0,19.0,8.0,21.666666666666668,14.714285714285714,33.0
Ludhiana,Punjab,2025-11-05,33,2025,11,5,36,19.57,68.7,1.84,0.37,31.0,33.0,7.0,25.666666666666668,18.0,39.0
Ludhiana,Punjab,2025-11-06,39,2025,11,6,37,16.8,62.58,1.86,0.0,33.0,13.0,2.0,25.666666666666668,21.714285714285715,50.0
Ludhiana,Punjab,2025-11-07,50,2025,11,7,38,17.03,52.31,1.54,0.0,39.0,31.0,21.0,34.333333333333336,27.0,33.0
Ludhiana,Punjab,2025-11-08,33,2025,11,8,39,17.7,48.79,1.31,0.0,50.0,33.0,19.0,40.666666666666664,31.142857142857142,32.0
Ludhiana,Punjab,2025-11-09,32,2025,11,9,40,17.27,54.03,1.52,0.0,33.0,39.0,33.0,40.666666666666664,33.142857142857146,34.0
Ludhiana,Punjab,2025-11-10,34,2025,11,10,41,17.72,51.19,1.27,0.0,32.0,50.0,13.0,38.333333333333336,33.0,21.0
Ludhiana,Punjab,2025-11-11,21,2025,11,11,42,17.15,55.4,1.5,0.0,34.0,33.0,31.0,33.0,36.0,8.0
Ludhiana,Punjab,2025-11-12,8,2025,11,12,43,16.65,55.3,1.67,0.0,21.0,32.0,33.0,29.0,34.57142857142857,21.0
Ludhiana,Punjab,2025-11-13,21,2025,11,13,44,16.78,56.04,1.45,0.0,8.0,34.0,39.0,21.0,31.0,5.0
Ludhiana,Punjab,2025-11-14,5,2025,11,14,45,16.63,53.2,1.37,0.0,21.0,21.0,50.0,16.666666666666668,28.428571428571427,15.0
Ludhiana,Punjab,2025-11-15,15,2025,11,15,46,16.73,50.93,1.36,0.0,5.0,8.0,33.0,11.333333333333334,22.0,13.0
Ludhiana,Punjab,2025-11-16,13,2025,11,16,47,16.54,53.67,1.42,0.0,15.0,21.0,32.0,13.666666666666666,19.428571428571427,6.0
Ludhiana,Punjab,2025-11-17,6,2025,11,17,48,17.03,50.79,1.08,0.0,13.0,5.0,34.0,11.0,16.714285714285715,1.0
Ludhiana,Punjab,2025-11-18,1,2025,11,18,49,16.61,55.23,1.29,0.0,6.0,15.0,21.0,11.333333333333334,12.714285714285714,0.0
Ludhiana,Punjab,2025-11-19,0,2025,11,19,50,17.85,52.85,0.9,0.0,1.0,13.0,8.0,6.666666666666667,9.857142857142858,6.0
Ludhiana,Punjab,2025-11-20,6,2025,11,20,51,17.96,52.62,0.83,0.0,0.0,6.0,21.0,2.3333333333333335,8.714285714285714,1.0
Ludhiana,Punjab,2025-11-21,1,2025,11,21,52,17.05,56.38,1.09,0.0,6.0,1.0,5.0,2.3333333333333335,6.571428571428571,1.0
Ludhiana,Punjab,2025-11-22,1,2025,11,22,53,16.6,61.26,1.34,0.0,1.0,0.0,15.0,2.3333333333333335,6.0,1.0
Ludhiana,Punjab,2025-11-23,1,2025,11,23,54,15.88,57.62,1.12,0.0,1.0,6.0,13.0,2.6666666666666665,4.0,0.0
Ludhiana,Punjab,2025-11-24,0,2025,11,24,55,15.23,55.84,1.36,0.0,1.0,1.0,6.0,1.0,2.2857142857142856,3.0
Ludhiana,Punjab,2025-11-25,3,2025,11,25,56,15.03,54.69,1.35,0.0,0.0,1.0,1.0,0.6666666666666666,1.4285714285714286,0.0
Ludhiana,Punjab,2025-11-26,0,2025,11,26,57,15.02,53.32,1.3,0.0,3.0,1.0,0.0,1.3333333333333333,1.7142857142857142,0.0
Ludhiana,Punjab,2025-11-27,0,2025,11,27,58,15.1,54.71,0.94,0.0,0.0,0.0,6.0,1.0,1.7142857142857142,3.0
Ludhiana,Punjab,2025-11-28,3,2025,11,28,59,15.14,56.39,1.28,0.0,0.0,3.0,1.0,1.0,0.8571428571428571,0.0
Ludhiana,Punjab,2025-11-29,0,2025,11,29,60,14.12,52.96,1.36,0.0,3.0,0.0,1.0,1.0,1.1428571428571428,0.0
Mahendragarh,Haryana,2023-10-08,1,2023,10,8,8,29.35,51.41,2.27,0.0,0.0,0.0,0.0,0.0,0.14285714285714285,0.0
Mahendragarh,Haryana,2023-10-09,0,2023,10,9,9,29.76,52.21,2.61,0.0,1.0,0.0,0.0,0.3333333333333333,0.2857142857142857,0.0
Mahendragarh,Haryana,2023-10-10,0,2023,10,10,10,28.56,49.25,2.31,0.0,0.0,0.0,1.0,0.3333333333333333,0.2857142857142857,0.0
Mahendragarh,Haryana,2023-10-11,0,2023,10,11,11,27.28,43.84,1.64,0.0,0.0,1.0,0.0,0.3333333333333333,0.14285714285714285,0.0
Mahendragarh,Haryana,2023-10-12,0,2023,10,12,12,27.73,35.65,1.38,0.0,0.0,0.0,0.0,0.0,0.14285714285714285,0.0
Mahendragarh,Haryana,2023-10-13,0,2023,10,13,13,28.71,38.18,1.52,0.0,0.0,0.0,0.0,0.0,0.14285714285714285,0.0
Mahendragarh,Haryana,2023-10-14,0,2023,10,14,14,29.27,37.18,1.28,0.0,0.0,0.0,0.0,0.0,0.14285714285714285,0.0
Mahendragarh,Haryana,2023-10-15,0,2023,10,15,15,28.6,38.91,1.94,0.03,0.0,0.0,1.0,0.0,0.14285714285714285,0.0
Mahendragarh,Haryana,2023-10-16,0,2023,10,16,16,27.12,50.89,1.8,8.33,0.0,0.0,0.0,0.0,0.0,0.0
Mahendragarh,Haryana,2023-10-17,0,2023,10,17,17,23.77,69.52,2.13,1.42,0.0,0.0,0.0,0.0,0.0,0.0
Mahendragarh,Haryana,2023-10-18,0,2023,10,18,18,23.78,57.4,2.09,0.0,0.0,0.0,0.0,0.0,0.0,0.0
Mahendragarh,Haryana,2023-10-19,0,2023,10,19,19,23.81,51.62,1.39,0.0,0.0,0.0,0.0,0.0,0.0,0.0
Mahendragarh,Haryana,2023-10-20,0,2023,10,20,20,23.98,50.41,1.1,0.0,0.0,0.0,0.0,0.0,0.0,0.0
Mahendragarh,Haryana,2023-10-21,0,2023,10,21,21,24.02,48.52,1.26,0.0,0.0,0.0,0.0,0.0,0.0,0.0
Mahendragarh,Haryana,2023-10-22,0,2023,10,22,22,24.72,42.81,1.51,0.01,0.0,0.0,0.0,0.0,0.0,0.0
Mahendragarh,Haryana,2023-10-23,0,2023,10,23,23,24.14,47.0,1.57,0.0,0.0,0.0,0.0,0.0,0.0,0.0
Mahendragarh,Haryana,2023-10-24,0,2023,10,24,24,24.48,49.06,1.42,0.0,0.0,0.0,0.0,0.0,0.0,0.0
Mahendragarh,Haryana,2023-10-25,0,2023,10,25,25,24.51,46.6,1.78,0.0,0.0,0.0,0.0,0.0,0.0,0.0
Mahendragarh,Haryana,2023-10-26,0,2023,10,26,26,24.16,38.74,1.83,0.0,0.0,0.0,0.0,0.0,0.0,0.0
Mahendragarh,Haryana,2023-10-27,0,2023,10,27,27,25.47,30.86,1.49,0.0,0.0,0.0,0.0,0.0,0.0,0.0
Mahendragarh,Haryana,2023-10-28,0,2023,10,28,28,25.64,31.59,1.45,0.0,0.0,0.0,0.0,0.0,0.0,0.0
Mahendragarh,Haryana,2023-10-29,0,2023,10,29,29,26.03,34.09,1.55,0.0,0.0,0.0,0.0,0.0,0.0,0.0
Mahendragarh,Haryana,2023-10-30,0,2023,10,30,30,25.94,37.67,1.44,0.0,0.0,0.0,0.0,0.0,0.0,0.0
Mahendragarh,Haryana,2023-10-31,0,2023,10,31,31,25.34,42.24,1.45,0.0,0.0,0.0,0.0,0.0,0.0,0.0
Mahendragarh,Haryana,2023-11-01,0,2023,11,1,32,25.12,39.06,1.41,0.0,0.0,0.0,0.0,0.0,0.0,1.0
Mahendragarh,Haryana,2023-11-02,1,2023,11,2,33,24.61,37.33,1.19,0.0,0.0,0.0,0.0,0.0,0.0,0.0
Mahendragarh,Haryana,2023-11-03,0,2023,11,3,34,24.88,42.45,1.42,0.0,1.0,0.0,0.0,0.3333333333333333,0.14285714285714285,0.0
Mahendragarh,Haryana,2023-11-04,0,2023,11,4,35,24.65,45.28,1.16,0.0,0.0,0.0,0.0,0.3333333333333333,0.14285714285714285,0.0
Mahendragarh,Haryana,2023-11-05,0,2023,11,5,36,24.46,38.52,1.39,0.0,0.0,1.0,0.0,0.3333333333333333,0.14285714285714285,0.0
Mahendragarh,Haryana,2023-11-06,0,2023,11,6,37,24.27,35.45,1.23,0.0,0.0,0.0,0.0,0.0,0.14285714285714285,0.0
Mahendragarh,Haryana,2023-11-07,0,2023,11,7,38,24.35,37.56,1.22,0.0,0.0,0.0,0.0,0.0,0.14285714285714285,0.0
Mahendragarh,Haryana,2023-11-08,0,2023,11,8,39,23.52,43.15,1.23,0.0,0.0,0.0,0.0,0.0,0.14285714285714285,0.0
Mahendragarh,Haryana,2023-11-09,0,2023,11,9,40,24.62,43.94,1.27,0.12,0.0,0.0,1.0,0.0,0.14285714285714285,0.0
Mahendragarh,Haryana,2023-11-10,0,2023,11,10,41,22.69,51.14,1.24,4.46,0.0,0.0,0.0,0.0,0.0,0.0
Mahendragarh,Haryana,2023-11-11,0,2023,11,11,42,19.49,62.72,1.91,0.06,0.0,0.0,0.0,0.0,0.0,1.0
Mahendragarh,Haryana,2023-11-12,1,2023,11,12,43,19.39,56.62,1.25,0.0,0.0,0.0,0.0,0.0,0.0,0.0
Mahendragarh,Haryana,2023-11-13,0,2023,11,13,44,20.26,50.09,1.08,0.0,1.0,0.0,0.0,0.3333333333333333,0.14285714285714285,0.0
Mahendragarh,Haryana,2023-11-14,0,2023,11,14,45,19.9,42.63,0.85,0.0,0.0,0.0,0.0,0.3333333333333333,0.14285714285714285,0.0
Mahendragarh,Haryana,2023-11-15,0,2023,11,15,46,18.67,43.96,1.39,0.0,0.0,1.0,0.0,0.3333333333333333,0.14285714285714285,0.0
Mahendragarh,Haryana,2023-11-16,0,2023,11,16,47,19.39,44.06,0.79,0.0,0.0,0.0,0.0,0.0,0.14285714285714285,0.0
Mahendragarh,Haryana,2023-11-17,0,2023,11,17,48,20.24,48.72,1.1,0.0,0.0,0.0,0.0,0.0,0.14285714285714285,0.0
Mahendragarh,Haryana,2023-11-18,0,2023,11,18,49,20.56,44.87,0.78,0.0,0.0,0.0,0.0,0.0,0.14285714285714285,1.0
Mahendragarh,Haryana,2023-11-19,1,2023,11,19,50,20.76,39.81,0.92,0.0,0.0,0.0,1.0,0.0,0.14285714285714285,0.0
Mahendragarh,Haryana,2023-11-20,0,2023,11,20,51,20.45,44.46,0.98,0.0,1.0,0.0,0.0,0.3333333333333333,0.14285714285714285,0.0
Mahendragarh,Haryana,2023-11-21,0,2023,11,21,52,18.79,51.91,1.69,0.0,0.0,0.0,0.0,0.3333333333333333,0.14285714285714285,0.0
Mahendragarh,Haryana,2023-11-22,0,2023,11,22,53,18.43,42.81,1.51,0.0,0.0,1.0,0.0,0.3333333333333333,0.14285714285714285,0.0
Mahendragarh,Haryana,2023-11-23,0,2023,11,23,54,19.73,35.76,0.9,0.0,0.0,0.0,0.0,0.0,0.14285714285714285,0.0
Mahendragarh,Haryana,2023-11-24,0,2023,11,24,55,19.08,40.82,1.21,0.0,0.0,0.0,0.0,0.0,0.14285714285714285,0.0
Mahendragarh,Haryana,2023-11-25,0,2023,11,25,56,19.37,40.4,0.84,0.0,0.0,0.0,0.0,0.0,0.14285714285714285,0.0
Mahendragarh,Haryana,2023-11-26,0,2023,11,26,57,18.83,43.64,2.05,0.0,0.0,0.0,1.0,0.0,0.14285714285714285,0.0
Mahendragarh,Haryana,2023-11-27,0,2023,11,27,58,17.16,49.04,1.97,0.52,0.0,0.0,0.0,0.0,0.0,0.0
Mahendragarh,Haryana,2023-11-28,0,2023,11,28,59,17.43,67.06,1.43,3.22,0.0,0.0,0.0,0.0,0.0,0.0
Mahendragarh,Haryana,2023-11-29,0,2023,11,29,60,18.53,63.12,1.23,0.12,0.0,0.0,0.0,0.0,0.0,0.0
Mahendragarh,Haryana,2023-11-30,0,2023,11,30,61,19.04,65.03,1.36,0.03,0.0,0.0,0.0,0.0,0.0,0.0
Mahendragarh,Haryana,2024-10-01,0,2024,10,1,1,28.15,71.83,1.96,0.0,0.0,0.0,0.0,0.0,0.0,0.0
Mahendragarh,Haryana,2024-10-02,0,2024,10,2,2,27.65,67.74,2.6,0.0,0.0,0.0,0.0,0.0,0.0,1.0
Mahendragarh,Haryana,2024-10-03,1,2024,10,3,3,27.59,70.18,3.07,0.0,0.0,0.0,0.0,0.0,0.0,0.0
Mahendragarh,Haryana,2024-10-04,0,2024,10,4,4,27.8,74.53,2.69,2.0,1.0,0.0,0.0,0.3333333333333333,0.14285714285714285,0.0
Mahendragarh,Haryana,2024-10-05,0,2024,10,5,5,27.58,72.02,2.25,0.42,0.0,0.0,0.0,0.3333333333333333,0.14285714285714285,0.0
Mahendragarh,Haryana,2024-10-06,0,2024,10,6,6,27.35,66.27,1.41,0.0,0.0,1.0,0.0,0.3333333333333333,0.14285714285714285,0.0
Mahendragarh,Haryana,2024-10-07,0,2024,10,7,7,27.45,60.76,0.79,0.0,0.0,0.0,0.0,0.0,0.14285714285714285,0.0
Mahendragarh,Haryana,2024-10-08,0,2024,10,8,8,27.15,63.67,0.99,0.0,0.0,0.0,0.0,0.0,0.14285714285714285,0.0
Mahendragarh,Haryana,2024-10-09,0,2024,10,9,9,27.44,56.26,0.78,0.01,0.0,0.0,0.0,0.0,0.14285714285714285,0.0
Mahendragarh,Haryana,2024-10-10,0,2024,10,10,10,26.46,62.3,1.19,0.0,0.0,0.0,1.0,0.0,0.14285714285714285,0.0
Mahendragarh,Haryana,2024-10-11,0,2024,10,11,11,26.32,49.43,1.4,0.0,0.0,0.0,0.0,0.0,0.0,0.0
Mahendragarh,Haryana,2024-10-12,0,2024,10,12,12,25.74,48.89,1.34,0.0,0.0,0.0,0.0,0.0,0.0,0.0
Mahendragarh,Haryana,2024-10-13,0,2024,10,13,13,25.27,70.26,1.23,0.0,0.0,0.0,0.0,0.0,0.0,0.0
Mahendragarh,Haryana,2024-10-14,0,2024,10,14,14,26.6,61.04,1.28,0.0,0.0,0.0,0.0,0.0,0.0,0.0
Mahendragarh,Haryana,2024-10-15,0,2024,10,15,15,26.63,47.27,1.62,0.0,0.0,0.0,0.0,0.0,0.0,0.0
Mahendragarh,Haryana,2024-10-16,0,2024,10,16,16,26.34,47.77,1.41,0.0,0.0,0.0,0.0,0.0,0.0,0.0
Mahendragarh,Haryana,2024-10-17,0,2024,10,17,17,26.89,56.26,1.29,0.0,0.0,0.0,0.0,0.0,0.0,0.0
Mahendragarh,Haryana,2024-10-18,0,2024,10,18,18,27.3,56.21,1.43,0.0,0.0,0.0,0.0,0.0,0.0,0.0
Mahendragarh,Haryana,2024-10-19,0,2024,10,19,19,27.0,58.38,2.12,0.0,0.0,0.0,0.0,0.0,0.0,0.0
Mahendragarh,Haryana,2024-10-20,0,2024,10,20,20,27.15,60.87,1.35,0.0,0.0,0.0,0.0,0.0,0.0,0.0
Mahendragarh,Haryana,2024-10-21,0,2024,10,21,21,27.11,62.17,1.56,0.89,0.0,0.0,0.0,0.0,0.0,0.0
Mahendragarh,Haryana,2024-10-22,0,2024,10,22,22,26.21,60.55,1.04,0.52,0.0,0.0,0.0,0.0,0.0,0.0
Mahendragarh,Haryana,2024-10-23,0,2024,10,23,23,25.98,55.02,1.48,0.0,0.0,0.0,0.0,0.0,0.0,0.0
Mahendragarh,Haryana,2024-10-24,0,2024,10,24,24,24.52,55.55,2.13,0.0,0.0,0.0,0.0,0.0,0.0,0.0
Mahendragarh,Haryana,2024-10-25,0,2024,10,25,25,25.91,53.55,1.88,0.0,0.0,0.0,0.0,0.0,0.0,0.0
Mahendragarh,Haryana,2024-10-26,0,2024,10,26,26,26.53,48.42,1.59,0.0,0.0,0.0,0.0,0.0,0.0,0.0
Mahendragarh,Haryana,2024-10-27,0,2024,10,27,27,25.48,56.01,1.4,0.0,0.0,0.0,0.0,0.0,0.0,0.0
Mahendragarh,Haryana,2024-10-28,0,2024,10,28,28,25.74,67.24,1.72,0.0,0.0,0.0,0.0,0.0,0.0,0.0
Mahendragarh,Haryana,2024-10-29,0,2024,10,29,29,26.79,64.11,1.47,0.0,0.0,0.0,0.0,0.0,0.0,1.0
Mahendragarh,Haryana,2024-10-30,1,2024,10,30,30,27.11,48.8,1.54,0.0,0.0,0.0,0.0,0.0,0.0,0.0
Mahendragarh,Haryana,2024-10-31,0,2024,10,31,31,25.66,50.43,1.63,0.0,1.0,0.0,0.0,0.3333333333333333,0.14285714285714285,0.0
Mahendragarh,Haryana,2024-11-01,0,2024,11,1,32,25.38,46.26,1.97,0.0,0.0,0.0,0.0,0.3333333333333333,0.14285714285714285,0.0
Mahendragarh,Haryana,2024-11-02,0,2024,11,2,33,25.97,47.44,1.2,0.0,0.0,1.0,0.0,0.3333333333333333,0.14285714285714285,0.0
Mahendragarh,Haryana,2024-11-03,0,2024,11,3,34,24.96,49.46,1.22,0.0,0.0,0.0,0.0,0.0,0.14285714285714285,1.0
Mahendragarh,Haryana,2024-11-04,1,2024,11,4,35,24.23,51.39,1.33,0.0,0.0,0.0,0.0,0.0,0.14285714285714285,0.0
Mahendragarh,Haryana,2024-11-05,0,2024,11,5,36,23.57,61.09,1.42,0.0,1.0,0.0,0.0,0.3333333333333333,0.2857142857142857,0.0
Mahendragarh,Haryana,2024-11-06,0,2024,11,6,37,24.01,60.09,1.34,0.0,0.0,0.0,1.0,0.3333333333333333,0.2857142857142857,0.0
Mahendragarh,Haryana,2024-11-07,0,2024,11,7,38,24.31,59.69,1.27,0.0,0.0,1.0,0.0,0.3333333333333333,0.14285714285714285,0.0
Mahendragarh,Haryana,2024-11-08,0,2024,11,8,39,24.91,56.93,1.2,0.0,0.0,0.0,0.0,0.0,0.14285714285714285,1.0
Mahendragarh,Haryana,2024-11-09,1,2024,11,9,40,24.6,58.16,1.5,0.0,0.0,0.0,0.0,0.0,0.14285714285714285,0.0
Mahendragarh,Haryana,2024-11-10,0,2024,11,10,41,24.35,50.08,1.49,0.0,1.0,0.0,0.0,0.3333333333333333,0.2857142857142857,0.0
Mahendragarh,Haryana,2024-11-11,0,2024,11,11,42,25.26,49.8,0.66,0.0,0.0,0.0,1.0,0.3333333333333333,0.2857142857142857,0.0
Mahendragarh,Haryana,2024-11-12,0,2024,11,12,43,24.17,44.62,1.28,0.0,0.0,1.0,0.0,0.3333333333333333,0.14285714285714285,0.0
Mahendragarh,Haryana,2024-11-13,0,2024,11,13,44,22.19,47.25,1.21,0.0,0.0,0.0,0.0,0.0,0.14285714285714285,0.0
Mahendragarh,Haryana,2024-11-14,0,2024,11,14,45,22.62,49.2,0.84,0.0,0.0,0.0,0.0,0.0,0.14285714285714285,0.0
Mahendragarh,Haryana,2024-11-15,0,2024,11,15,46,22.32,53.46,1.33,0.0,0.0,0.0,0.0,0.0,0.14285714285714285,0.0
Mahendragarh,Haryana,2024-11-16,0,2024,11,16,47,22.75,45.23,1.29,0.0,0.0,0.0,1.0,0.0,0.14285714285714285,0.0
Mahendragarh,Haryana,2024-11-17,0,2024,11,17,48,21.83,49.99,1.09,0.0,0.0,0.0,0.0,0.0,0.0,0.0
Mahendragarh,Haryana,2024-11-18,0,2024,11,18,49,19.27,50.52,1.43,0.0,0.0,0.0,0.0,0.0,0.0,0.0
Mahendragarh,Haryana,2024-11-19,0,2024,11,19,50,18.82,45.91,1.65,0.0,0.0,0.0,0.0,0.0,0.0,0.0
Mahendragarh,Haryana,2024-11-20,0,2024,11,20,51,19.22,41.5,1.19,0.0,0.0,0.0,0.0,0.0,0.0,0.0
Mahendragarh,Haryana,2024-11-21,0,2024,11,21,52,19.9,37.02,1.09,0.0,0.0,0.0,0.0,0.0,0.0,0.0
Mahendragarh,Haryana,2024-11-22,0,2024,11,22,53,19.64,40.67,1.41,0.0,0.0,0.0,0.0,0.0,0.0,0.0
Mahendragarh,Haryana,2024-11-23,0,2024,11,23,54,20.16,43.95,1.39,0.0,0.0,0.0,0.0,0.0,0.0,0.0
Mahendragarh,Haryana,2024-11-24,0,2024,11,24,55,19.71,48.3,2.22,0.0,0.0,0.0,0.0,0.0,0.0,0.0
Mahendragarh,Haryana,2024-11-25,0,2024,11,25,56,18.95,49.15,1.77,0.0,0.0,0.0,0.0,0.0,0.0,4.0
Mahendragarh,Haryana,2024-11-26,4,2024,11,26,57,19.16,44.49,1.61,0.0,0.0,0.0,0.0,0.0,0.0,0.0
Mahendragarh,Haryana,2024-11-27,0,2024,11,27,58,19.55,45.9,1.42,0.0,4.0,0.0,0.0,1.3333333333333333,0.5714285714285714,0.0
Mahendragarh,Haryana,2024-11-28,0,2024,11,28,59,18.74,44.95,1.06,0.0,0.0,0.0,0.0,1.3333333333333333,0.5714285714285714,0.0
Mahendragarh,Haryana,2024-11-29,0,2024,11,29,60,18.19,44.71,1.21,0.0,0.0,4.0,0.0,1.3333333333333333,0.5714285714285714,0.0
Mahendragarh,Haryana,2024-11-30,0,2024,11,30,61,18.2,46.8,1.54,0.0,0.0,0.0,0.0,0.0,0.5714285714285714,2.0
Mahendragarh,Haryana,2025-10-01,2,2025,10,1,1,26.83,76.38,1.35,3.3,0.0,0.0,0.0,0.0,0.5714285714285714,0.0
Mahendragarh,Haryana,2025-10-02,0,2025,10,2,2,26.7,77.72,1.78,3.22,2.0,0.0,0.0,0.6666666666666666,0.8571428571428571,1.0
Mahendragarh,Haryana,2025-10-03,1,2025,10,3,3,26.16,81.17,1.67,0.02,0.0,0.0,4.0,0.6666666666666666,0.8571428571428571,0.0
Mahendragarh,Haryana,2025-10-04,0,2025,10,4,4,28.22,66.43,1.44,0.0,1.0,2.0,0.0,1.0,0.42857142857142855,1.0
Mahendragarh,Haryana,2025-10-05,1,2025,10,5,5,27.46,69.81,2.02,1.93,0.0,0.0,0.0,0.3333333333333333,0.42857142857142855,0.0
Mahendragarh,Haryana,2025-10-06,0,2025,10,6,6,25.36,82.3,1.6,26.38,1.0,1.0,0.0,0.6666666666666666,0.5714285714285714,0.0
Mahendragarh,Haryana,2025-10-07,0,2025,10,7,7,24.34,79.46,1.61,16.52,0.0,0.0,0.0,0.3333333333333333,0.5714285714285714,0.0
Mahendragarh,Haryana,2025-10-08,0,2025,10,8,8,21.66,75.35,1.7,0.01,0.0,1.0,2.0,0.3333333333333333,0.5714285714285714,0.0
Mahendragarh,Haryana,2025-10-09,0,2025,10,9,9,22.36,63.77,1.59,0.0,0.0,0.0,0.0,0.0,0.2857142857142857,0.0
Mahendragarh,Haryana,2025-10-10,0,2025,10,10,10,22.97,58.17,1.34,0.0,0.0,0.0,1.0,0.0,0.2857142857142857,0.0
Mahendragarh,Haryana,2025-10-11,0,2025,10,11,11,23.39,58.48,1.49,0.0,0.0,0.0,0.0,0.0,0.14285714285714285,0.0
Mahendragarh,Haryana,2025-10-12,0,2025,10,12,12,24.43,55.79,1.04,0.0,0.0,0.0,1.0,0.0,0.14285714285714285,0.0
Mahendragarh,Haryana,2025-10-13,0,2025,10,13,13,24.21,51.89,0.86,0.0,0.0,0.0,0.0,0.0,0.0,0.0
Mahendragarh,Haryana,2025-10-14,0,2025,10,14,14,23.59,54.87,1.03,0.0,0.0,0.0,0.0,0.0,0.0,0.0
Mahendragarh,Haryana,2025-10-15,0,2025,10,15,15,23.2,59.2,1.21,0.0,0.0,0.0,0.0,0.0,0.0,0.0
Mahendragarh,Haryana,2025-10-16,0,2025,10,16,16,23.77,53.29,1.21,0.0,0.0,0.0,0.0,0.0,0.0,0.0
Mahendragarh,Haryana,2025-10-17,0,2025,10,17,17,24.82,46.14,0.86,0.0,0.0,0.0,0.0,0.0,0.0,0.0
Mahendragarh,Haryana,2025-10-18,0,2025,10,18,18,23.94,53.26,1.19,0.0,0.0,0.0,0.0,0.0,0.0,0.0
Mahendragarh,Haryana,2025-10-19,0,2025,10,19,19,23.55,58.24,1.76,0.0,0.0,0.0,0.0,0.0,0.0,0.0
Mahendragarh,Haryana,2025-10-20,0,2025,10,20,20,23.49,60.45,1.9,0.0,0.0,0.0,0.0,0.0,0.0,0.0
Mahendragarh,Haryana,2025-10-21,0,2025,10,21,21,24.09,64.55,1.23,0.0,0.0,0.0,0.0,0.0,0.0,0.0
Mahendragarh,Haryana,2025-10-22,0,2025,10,22,22,25.21,57.8,1.11,0.0,0.0,0.0,0.0,0.0,0.0,0.0
Mahendragarh,Haryana,2025-10-23,0,2025,10,23,23,24.86,46.18,1.01,0.0,0.0,0.0,0.0,0.0,0.0,0.0
Mahendragarh,Haryana,2025-10-24,0,2025,10,24,24,24.02,48.61,1.21,0.0,0.0,0.0,0.0,0.0,0.0,0.0
Mahendragarh,Haryana,2025-10-25,0,2025,10,25,25,23.61,47.67,1.23,0.0,0.0,0.0,0.0,0.0,0.0,0.0
Mahendragarh,Haryana,2025-10-26,0,2025,10,26,26,22.61,59.29,1.58,0.0,0.0,0.0,0.0,0.0,0.0,0.0
Mahendragarh,Haryana,2025-10-27,0,2025,10,27,27,22.33,71.28,1.97,0.77,0.0,0.0,0.0,0.0,0.0,0.0
Mahendragarh,Haryana,2025-10-28,0,2025,10,28,28,20.78,75.59,2.02,0.02,0.0,0.0,0.0,0.0,0.0,0.0
Mahendragarh,Haryana,2025-10-29,0,2025,10,29,29,22.56,69.41,1.41,0.02,0.0,0.0,0.0,0.0,0.0,0.0
Mahendragarh,Haryana,2025-10-30,0,2025,10,30,30,22.4,77.64,1.57,0.22,0.0,0.0,0.0,0.0,0.0,0.0
Mahendragarh,Haryana,2025-10-31,0,2025,10,31,31,24.28,66.51,1.24,0.0,0.0,0.0,0.0,0.0,0.0,2.0
Mahendragarh,Haryana,2025-11-01,2,2025,11,1,32,23.95,52.5,1.28,0.0,0.0,0.0,0.0,0.0,0.0,0.0
Mahendragarh,Haryana,2025-11-02,0,2025,11,2,33,23.49,46.24,1.59,0.0,2.0,0.0,0.0,0.6666666666666666,0.2857142857142857,0.0
Mahendragarh,Haryana,2025-11-03,0,2025,11,3,34,23.23,40.06,2.19,0.0,0.0,0.0,0.0,0.6666666666666666,0.2857142857142857,0.0
Mahendragarh,Haryana,2025-11-04,0,2025,11,4,35,20.82,59.62,1.41,0.12,0.0,2.0,0.0,0.6666666666666666,0.2857142857142857,0.0
Mahendragarh,Haryana,2025-11-05,0,2025,11,5,36,20.99,55.93,2.03,0.0,0.0,0.0,0.0,0.0,0.2857142857142857,0.0
Mahendragarh,Haryana,2025-11-06,0,2025,11,6,37,17.82,47.33,2.18,0.0,0.0,0.0,0.0,0.0,0.2857142857142857,0.0
Mahendragarh,Haryana,2025-11-07,0,2025,11,7,38,17.52,37.68,2.08,0.0,0.0,0.0,0.0,0.0,0.2857142857142857,0.0
Mahendragarh,Haryana,2025-11-08,0,2025,11,8,39,18.47,36.26,1.82,0.0,0.0,0.0,2.0,0.0,0.2857142857142857,0.0
Mahendragarh,Haryana,2025-11-09,0,2025,11,9,40,19.33,34.91,1.44,0.0,0.0,0.0,0.0,0.0,0.0,0.0
Mahendragarh,Haryana,2025-11-10,0,2025,11,10,41,20.01,33.57,1.1,0.0,0.0,0.0,0.0,0.0,0.0,0.0
Mahendragarh,Haryana,2025-11-11,0,2025,11,11,42,19.28,35.94,1.2,0.0,0.0,0.0,0.0,0.0,0.0,0.0
Mahendragarh,Haryana,2025-11-12,0,2025,11,12,43,19.38,37.94,1.53,0.0,0.0,0.0,0.0,0.0,0.0,0.0
Mahendragarh,Haryana,2025-11-13,0,2025,11,13,44,18.4,38.76,1.52,0.0,0.0,0.0,0.0,0.0,0.0,1.0
Mahendragarh,Haryana,2025-11-14,1,2025,11,14,45,19.22,33.36,1.35,0.0,0.0,0.0,0.0,0.0,0.0,2.0
Mahendragarh,Haryana,2025-11-15,2,2025,11,15,46,19.37,30.74,1.25,0.0,1.0,0.0,0.0,0.3333333333333333,0.14285714285714285,1.0
Mahendragarh,Haryana,2025-11-16,1,2025,11,16,47,18.31,32.48,1.62,0.0,2.0,0.0,0.0,1.0,0.42857142857142855,0.0
Mahendragarh,Haryana,2025-11-17,0,2025,11,17,48,18.21,34.99,1.55,0.0,1.0,1.0,0.0,1.3333333333333333,0.5714285714285714,0.0
Mahendragarh,Haryana,2025-11-18,0,2025,11,18,49,18.23,39.71,1.52,0.0,0.0,2.0,0.0,1.0,0.5714285714285714,0.0
Mahendragarh,Haryana,2025-11-19,0,2025,11,19,50,18.46,41.82,1.12,0.0,0.0,1.0,0.0,0.3333333333333333,0.5714285714285714,1.0
Mahendragarh,Haryana,2025-11-20,1,2025,11,20,51,18.11,55.47,1.33,0.0,0.0,0.0,0.0,0.0,0.5714285714285714,0.0
Mahendragarh,Haryana,2025-11-21,0,2025,11,21,52,18.56,58.12,1.32,0.0,1.0,0.0,1.0,0.3333333333333333,0.7142857142857143,0.0
Mahendragarh,Haryana,2025-11-22,0,2025,11,22,53,18.54,47.58,1.42,0.0,0.0,0.0,2.0,0.3333333333333333,0.5714285714285714,0.0
Mahendragarh,Haryana,2025-11-23,0,2025,11,23,54,18.79,40.07,0.8,0.0,0.0,1.0,1.0,0.3333333333333333,0.2857142857142857,0.0
Mahendragarh,Haryana,2025-11-24,0,2025,11,24,55,18.02,40.68,1.1,0.0,0.0,0.0,0.0,0.0,0.14285714285714285,0.0
Mahendragarh,Haryana,2025-11-25,0,2025,11,25,56,17.52,37.62,0.97,0.0,0.0,0.0,0.0,0.0,0.14285714285714285,0.0
Mahendragarh,Haryana,2025-11-26,0,2025,11,26,57,16.65,37.96,0.99,0.0,0.0,0.0,0.0,0.0,0.14285714285714285,0.0
Mahendragarh,Haryana,2025-11-27,0,2025,11,27,58,16.63,44.52,1.31,0.0,0.0,0.0,1.0,0.0,0.14285714285714285,0.0
Mahendragarh,Haryana,2025-11-28,0,2025,11,28,59,18.48,46.37,0.81,0.0,0.0,0.0,0.0,0.0,0.0,0.0
Mahendragarh,Haryana,2025-11-29,0,2025,11,29,60,17.59,50.9,1.38,0.0,0.0,0.0,0.0,0.0,0.0,0.0
Malerkotla,Punjab,2023-10-08,0,2023,10,8,8,26.64,62.77,1.31,0.0,0.0,1.0,0.0,1.6666666666666667,0.8571428571428571,0.0
Malerkotla,Punjab,2023-10-09,0,2023,10,9,9,26.98,64.41,0.99,0.0,0.0,4.0,1.0,1.3333333333333333,0.8571428571428571,0.0
Malerkotla,Punjab,2023-10-10,0,2023,10,10,10,25.4,72.32,1.47,11.63,0.0,0.0,0.0,0.0,0.7142857142857143,1.0
Malerkotla,Punjab,2023-10-11,1,2023,10,11,11,24.45,64.93,1.3,0.0,0.0,0.0,0.0,0.0,0.7142857142857143,2.0
Malerkotla,Punjab,2023-10-12,2,2023,10,12,12,24.66,56.08,1.0,0.0,1.0,0.0,1.0,0.3333333333333333,0.8571428571428571,1.0
Malerkotla,Punjab,2023-10-13,1,2023,10,13,13,24.62,60.23,1.12,0.0,2.0,0.0,4.0,1.0,1.0,1.0
Malerkotla,Punjab,2023-10-14,1,2023,10,14,14,25.14,60.89,1.48,2.2,1.0,1.0,0.0,1.3333333333333333,0.5714285714285714,0.0
Malerkotla,Punjab,2023-10-15,0,2023,10,15,15,23.99,65.95,0.97,2.71,1.0,2.0,0.0,1.3333333333333333,0.7142857142857143,0.0
Malerkotla,Punjab,2023-10-16,0,2023,10,16,16,21.83,79.56,1.85,43.33,0.0,1.0,0.0,0.6666666666666666,0.7142857142857143,0.0
Malerkotla,Punjab,2023-10-17,0,2023,10,17,17,21.26,82.48,1.42,4.32,0.0,1.0,0.0,0.3333333333333333,0.7142857142857143,0.0
Malerkotla,Punjab,2023-10-18,0,2023,10,18,18,20.29,78.06,1.81,0.2,0.0,0.0,1.0,0.0,0.7142857142857143,0.0
Malerkotla,Punjab,2023-10-19,0,2023,10,19,19,20.47,69.91,1.33,0.0,0.0,0.0,2.0,0.0,0.5714285714285714,0.0
Malerkotla,Punjab,2023-10-20,0,2023,10,20,20,21.05,65.37,0.94,0.0,0.0,0.0,1.0,0.0,0.2857142857142857,0.0
Malerkotla,Punjab,2023-10-21,0,2023,10,21,21,21.61,62.56,0.93,0.0,0.0,0.0,1.0,0.0,0.14285714285714285,0.0
Malerkotla,Punjab,2023-10-22,0,2023,10,22,22,21.58,67.47,1.13,0.25,0.0,0.0,0.0,0.0,0.0,3.0
Malerkotla,Punjab,2023-10-23,3,2023,10,23,23,21.2,75.06,1.4,0.0,0.0,0.0,0.0,0.0,0.0,6.0
Malerkotla,Punjab,2023-10-24,6,2023,10,24,24,22.21,69.34,1.22,0.01,3.0,0.0,0.0,1.0,0.42857142857142855,2.0
Malerkotla,Punjab,2023-10-25,2,2023,10,25,25,21.86,69.73,1.34,0.0,6.0,0.0,0.0,3.0,1.2857142857142858,4.0
Malerkotla,Punjab,2023-10-26,4,2023,10,26,26,22.23,59.23,1.34,0.0,2.0,3.0,0.0,3.6666666666666665,1.5714285714285714,3.0
Malerkotla,Punjab,2023-10-27,3,2023,10,27,27,22.43,55.62,1.0,0.0,4.0,6.0,0.0,4.0,2.142857142857143,0.0
Malerkotla,Punjab,2023-10-28,0,2023,10,28,28,22.75,59.92,0.96,0.0,3.0,2.0,0.0,3.0,2.5714285714285716,16.0
Malerkotla,Punjab,2023-10-29,16,2023,10,29,29,23.49,62.2,0.8,0.0,0.0,4.0,0.0,2.3333333333333335,2.5714285714285716,14.0
Malerkotla,Punjab,2023-10-30,14,2023,10,30,30,22.28,66.81,1.07,0.0,16.0,3.0,3.0,6.333333333333333,4.857142857142857,17.0
Malerkotla,Punjab,2023-10-31,17,2023,10,31,31,22.38,63.37,0.97,0.0,14.0,0.0,6.0,10.0,6.428571428571429,17.0
Malerkotla,Punjab,2023-11-01,17,2023,11,1,32,22.59,61.21,1.0,0.0,17.0,16.0,2.0,15.666666666666666,8.0,22.0
Malerkotla,Punjab,2023-11-02,22,2023,11,2,33,22.52,66.45,0.9,0.0,17.0,14.0,4.0,16.0,10.142857142857142,33.0
Malerkotla,Punjab,2023-11-03,33,2023,11,3,34,21.73,71.84,0.95,0.0,22.0,17.0,3.0,18.666666666666668,12.714285714285714,32.0
Malerkotla,Punjab,2023-11-04,32,2023,11,4,35,21.38,66.82,1.18,0.0,33.0,17.0,0.0,24.0,17.0,64.0
Malerkotla,Punjab,2023-11-05,64,2023,11,5,36,21.75,57.34,0.86,0.0,32.0,22.0,16.0,29.0,21.571428571428573,50.0
Malerkotla,Punjab,2023-11-06,50,2023,11,6,37,20.37,58.69,1.16,0.0,64.0,33.0,14.0,43.0,28.428571428571427,60.0
Malerkotla,Punjab,2023-11-07,60,2023,11,7,38,20.32,67.64,1.16,0.0,50.0,32.0,17.0,48.666666666666664,33.57142857142857,37.0
Malerkotla,Punjab,2023-11-08,37,2023,11,8,39,20.95,73.71,1.2,0.0,60.0,64.0,17.0,58.0,39.714285714285715,30.0
Malerkotla,Punjab,2023-11-09,30,2023,11,9,40,22.56,60.49,0.9,0.0,37.0,50.0,22.0,49.0,42.57142857142857,0.0
Malerkotla,Punjab,2023-11-10,0,2023,11,10,41,19.26,74.21,1.68,4.39,30.0,60.0,33.0,42.333333333333336,43.714285714285715,3.0
Malerkotla,Punjab,2023-11-11,3,2023,11,11,42,18.16,78.33,1.64,0.0,0.0,37.0,32.0,22.333333333333332,39.0,87.0
Malerkotla,Punjab,2023-11-12,87,2023,11,12,43,18.1,72.8,1.75,0.0,3.0,30.0,64.0,11.0,34.857142857142854,44.0
Malerkotla,Punjab,2023-11-13,44,2023,11,13,44,17.95,63.01,1.14,0.0,87.0,0.0,50.0,30.0,38.142857142857146,41.0
Malerkotla,Punjab,2023-11-14,41,2023,11,14,45,17.69,64.71,1.56,0.0,44.0,3.0,60.0,44.666666666666664,37.285714285714285,40.0
Malerkotla,Punjab,2023-11-15,40,2023,11,15,46,17.94,62.74,1.57,0.0,41.0,87.0,37.0,57.333333333333336,34.57142857142857,35.0
Malerkotla,Punjab,2023-11-16,35,2023,11,16,47,18.79,61.12,1.05,0.0,40.0,44.0,30.0,41.666666666666664,35.0,31.0
Malerkotla,Punjab,2023-11-17,31,2023,11,17,48,19.16,62.27,1.79,0.0,35.0,41.0,0.0,38.666666666666664,35.714285714285715,18.0
Malerkotla,Punjab,2023-11-18,18,2023,11,18,49,18.87,59.6,1.28,0.0,31.0,40.0,3.0,35.333333333333336,40.142857142857146,9.0
Malerkotla,Punjab,2023-11-19,9,2023,11,19,50,19.06,60.67,1.15,0.0,18.0,35.0,87.0,28.0,42.285714285714285,4.0
Malerkotla,Punjab,2023-11-20,4,2023,11,20,51,17.79,65.38,1.42,0.0,9.0,31.0,44.0,19.333333333333332,31.142857142857142,6.0
Malerkotla,Punjab,2023-11-21,6,2023,11,21,52,17.17,67.76,1.79,0.0,4.0,18.0,41.0,10.333333333333334,25.428571428571427,2.0
Malerkotla,Punjab,2023-11-22,2,2023,11,22,53,16.59,64.42,1.55,0.0,6.0,9.0,40.0,6.333333333333333,20.428571428571427,1.0
Malerkotla,Punjab,2023-11-23,1,2023,11,23,54,18.11,51.68,0.74,0.0,2.0,4.0,35.0,4.0,15.0,4.0
Malerkotla,Punjab,2023-11-24,4,2023,11,24,55,16.75,58.31,1.26,0.0,1.0,6.0,31.0,3.0,10.142857142857142,1.0
Malerkotla,Punjab,2023-11-25,1,2023,11,25,56,16.51,64.51,0.78,0.0,4.0,2.0,18.0,2.3333333333333335,6.285714285714286,0.0
Malerkotla,Punjab,2023-11-26,0,2023,11,26,57,15.6,67.26,1.26,0.0,1.0,1.0,9.0,2.0,3.857142857142857,0.0
Malerkotla,Punjab,2023-11-27,0,2023,11,27,58,16.05,70.55,1.19,0.03,0.0,4.0,4.0,1.6666666666666667,2.5714285714285716,0.0
Malerkotla,Punjab,2023-11-28,0,2023,11,28,59,16.41,68.22,1.28,0.0,0.0,1.0,6.0,0.3333333333333333,2.0,0.0
Malerkotla,Punjab,2023-11-29,0,2023,11,29,60,19.08,60.85,0.75,0.09,0.0,0.0,2.0,0.0,1.1428571428571428,0.0
Malerkotla,Punjab,2023-11-30,0,2023,11,30,61,18.32,71.55,1.33,8.34,0.0,0.0,1.0,0.0,0.8571428571428571,3.0
Malerkotla,Punjab,2024-10-01,3,2024,10,1,1,29.49,64.34,1.62,0.0,0.0,0.0,4.0,0.0,0.7142857142857143,0.0
Malerkotla,Punjab,2024-10-02,0,2024,10,2,2,29.23,60.2,1.32,0.0,3.0,0.0,1.0,1.0,0.5714285714285714,1.0
Malerkotla,Punjab,2024-10-03,1,2024,10,3,3,29.34,52.88,1.07,0.0,0.0,0.0,0.0,1.0,0.42857142857142855,0.0
Malerkotla,Punjab,2024-10-04,0,2024,10,4,4,28.79,51.88,1.04,0.0,1.0,3.0,0.0,1.3333333333333333,0.5714285714285714,0.0
Malerkotla,Punjab,2024-10-05,0,2024,10,5,5,29.07,56.3,1.22,0.32,0.0,0.0,0.0,0.3333333333333333,0.5714285714285714,1.0
Malerkotla,Punjab,2024-10-06,1,2024,10,6,6,28.38,57.86,0.98,3.33,0.0,1.0,0.0,0.3333333333333333,0.5714285714285714,1.0
Malerkotla,Punjab,2024-10-07,1,2024,10,7,7,27.59,60.27,1.28,0.0,1.0,0.0,0.0,0.3333333333333333,0.7142857142857143,1.0
Malerkotla,Punjab,2024-10-08,1,2024,10,8,8,27.34,60.3,1.28,0.0,1.0,0.0,3.0,0.6666666666666666,0.8571428571428571,2.0
Malerkotla,Punjab,2024-10-09,2,2024,10,9,9,26.8,61.36,1.85,0.0,1.0,1.0,0.0,1.0,0.5714285714285714,0.0
Malerkotla,Punjab,2024-10-10,0,2024,10,10,10,26.24,56.66,1.63,0.0,2.0,1.0,1.0,1.3333333333333333,0.8571428571428571,2.0
Malerkotla,Punjab,2024-10-11,2,2024,10,11,11,26.89,50.21,1.67,0.0,0.0,1.0,0.0,1.0,0.7142857142857143,3.0
Malerkotla,Punjab,2024-10-12,3,2024,10,12,12,27.44,44.0,1.04,0.0,2.0,2.0,0.0,1.3333333333333333,1.0,3.0
Malerkotla,Punjab,2024-10-13,3,2024,10,13,13,26.9,41.12,1.07,0.0,3.0,0.0,1.0,1.6666666666666667,1.4285714285714286,3.0
Malerkotla,Punjab,2024-10-14,3,2024,10,14,14,25.83,44.34,1.35,0.0,3.0,2.0,1.0,2.6666666666666665,1.7142857142857142,1.0
Malerkotla,Punjab,2024-10-15,1,2024,10,15,15,26.83,43.93,1.39,0.0,3.0,3.0,1.0,3.0,2.0,1.0
Malerkotla,Punjab,2024-10-16,1,2024,10,16,16,27.08,45.9,1.08,0.0,1.0,3.0,2.0,2.3333333333333335,2.0,4.0
Malerkotla,Punjab,2024-10-17,4,2024,10,17,17,27.1,45.47,1.17,0.0,1.0,3.0,0.0,1.6666666666666667,1.8571428571428572,1.0
Malerkotla,Punjab,2024-10-18,1,2024,10,18,18,27.34,43.56,1.03,0.0,4.0,1.0,2.0,2.0,2.4285714285714284,0.0
Malerkotla,Punjab,2024-10-19,0,2024,10,19,19,26.62,46.76,1.34,0.0,1.0,1.0,3.0,2.0,2.2857142857142856,4.0
Malerkotla,Punjab,2024-10-20,4,2024,10,20,20,26.27,49.44,1.02,0.0,0.0,4.0,3.0,1.6666666666666667,1.8571428571428572,0.0
Malerkotla,Punjab,2024-10-21,0,2024,10,21,21,25.96,52.72,1.05,0.0,4.0,1.0,3.0,1.6666666666666667,2.0,1.0
Malerkotla,Punjab,2024-10-22,1,2024,10,22,22,25.56,59.14,1.08,0.0,0.0,0.0,1.0,1.3333333333333333,1.5714285714285714,0.0
Malerkotla,Punjab,2024-10-23,0,2024,10,23,23,26.23,52.79,2.01,0.0,1.0,4.0,1.0,1.6666666666666667,1.5714285714285714,0.0
Malerkotla,Punjab,2024-10-24,0,2024,10,24,24,25.27,56.14,2.22,0.0,0.0,0.0,4.0,0.3333333333333333,1.4285714285714286,2.0
Malerkotla,Punjab,2024-10-25,2,2024,10,25,25,25.69,51.89,1.98,0.0,0.0,1.0,1.0,0.3333333333333333,0.8571428571428571,2.0
Malerkotla,Punjab,2024-10-26,2,2024,10,26,26,25.65,46.23,1.59,0.0,2.0,0.0,0.0,0.6666666666666666,1.0,3.0
Malerkotla,Punjab,2024-10-27,3,2024,10,27,27,26.07,47.18,1.16,0.0,2.0,0.0,4.0,1.3333333333333333,1.2857142857142858,6.0
Malerkotla,Punjab,2024-10-28,6,2024,10,28,28,25.95,63.99,1.9,0.0,3.0,2.0,0.0,2.3333333333333335,1.1428571428571428,10.0
Malerkotla,Punjab,2024-10-29,10,2024,10,29,29,27.32,60.96,1.4,0.0,6.0,2.0,1.0,3.6666666666666665,2.0,6.0
Malerkotla,Punjab,2024-10-30,6,2024,10,30,30,27.2,53.93,1.46,0.0,10.0,3.0,0.0,6.333333333333333,3.2857142857142856,4.0
Malerkotla,Punjab,2024-10-31,4,2024,10,31,31,25.88,46.73,2.41,0.0,6.0,6.0,0.0,7.333333333333333,4.142857142857143,34.0
Malerkotla,Punjab,2024-11-01,34,2024,11,1,32,24.68,40.66,1.85,0.0,4.0,10.0,2.0,6.666666666666667,4.714285714285714,11.0
Malerkotla,Punjab,2024-11-02,11,2024,11,2,33,25.31,34.33,0.98,0.0,34.0,6.0,2.0,14.666666666666666,9.285714285714286,7.0
Malerkotla,Punjab,2024-11-03,7,2024,11,3,34,24.01,40.11,0.94,0.0,11.0,4.0,3.0,16.333333333333332,10.571428571428571,5.0
Malerkotla,Punjab,2024-11-04,5,2024,11,4,35,24.93,38.19,1.17,0.0,7.0,34.0,6.0,17.333333333333332,11.142857142857142,10.0
Malerkotla,Punjab,2024-11-05,10,2024,11,5,36,23.82,49.57,1.52,0.0,5.0,11.0,10.0,7.666666666666667,11.0,3.0
Malerkotla,Punjab,2024-11-06,3,2024,11,6,37,24.27,51.08,1.11,0.0,10.0,7.0,6.0,7.333333333333333,11.0,16.0
Malerkotla,Punjab,2024-11-07,16,2024,11,7,38,24.58,51.76,1.01,0.0,3.0,5.0,4.0,6.0,10.571428571428571,17.0
Malerkotla,Punjab,2024-11-08,17,2024,11,8,39,24.62,53.58,1.05,0.0,16.0,10.0,34.0,9.666666666666666,12.285714285714286,39.0
Malerkotla,Punjab,2024-11-09,39,2024,11,9,40,23.89,62.26,1.49,0.0,17.0,3.0,11.0,12.0,9.857142857142858,11.0
Malerkotla,Punjab,2024-11-10,11,2024,11,10,41,24.25,63.05,0.78,0.0,39.0,16.0,7.0,24.0,13.857142857142858,10.0
Malerkotla,Punjab,2024-11-11,10,2024,11,11,42,24.55,58.66,1.17,0.0,11.0,17.0,5.0,22.333333333333332,14.428571428571429,11.0
Malerkotla,Punjab,2024-11-12,11,2024,11,12,43,23.36,50.28,1.16,0.0,10.0,39.0,10.0,20.0,15.142857142857142,0.0
Malerkotla,Punjab,2024-11-13,0,2024,11,13,44,22.39,51.07,1.25,0.0,11.0,11.0,3.0,10.666666666666666,15.285714285714286,0.0
Malerkotla,Punjab,2024-11-14,0,2024,11,14,45,21.56,45.01,1.13,0.0,0.0,10.0,16.0,7.0,14.857142857142858,0.0
Malerkotla,Punjab,2024-11-15,0,2024,11,15,46,20.83,50.06,1.61,0.0,0.0,11.0,17.0,3.6666666666666665,12.571428571428571,6.0
Malerkotla,Punjab,2024-11-16,6,2024,11,16,47,20.33,53.05,1.53,0.0,0.0,0.0,39.0,0.0,10.142857142857142,3.0
Malerkotla,Punjab,2024-11-17,3,2024,11,17,48,19.45,48.62,1.75,0.0,6.0,0.0,11.0,2.0,5.428571428571429,50.0
Malerkotla,Punjab,2024-11-18,50,2024,11,18,49,18.98,44.09,1.57,0.0,3.0,0.0,10.0,3.0,4.285714285714286,32.0
Malerkotla,Punjab,2024-11-19,32,2024,11,19,50,18.95,38.64,1.63,0.0,50.0,6.0,11.0,19.666666666666668,10.0,15.0
Malerkotla,Punjab,2024-11-20,15,2024,11,20,51,18.88,36.59,1.46,0.0,32.0,3.0,0.0,28.333333333333332,13.0,8.0
Malerkotla,Punjab,2024-11-21,8,2024,11,21,52,19.35,34.59,1.26,0.0,15.0,50.0,0.0,32.333333333333336,15.142857142857142,2.0
Malerkotla,Punjab,2024-11-22,2,2024,11,22,53,20.46,32.6,1.1,0.0,8.0,32.0,0.0,18.333333333333332,16.285714285714285,10.0
Malerkotla,Punjab,2024-11-23,10,2024,11,23,54,19.67,38.66,1.01,0.0,2.0,15.0,6.0,8.333333333333334,16.571428571428573,2.0
Malerkotla,Punjab,2024-11-24,2,2024,11,24,55,19.15,44.23,1.63,0.0,10.0,8.0,3.0,6.666666666666667,17.142857142857142,5.0
Malerkotla,Punjab,2024-11-25,5,2024,11,25,56,17.69,51.46,1.86,0.0,2.0,2.0,50.0,4.666666666666667,17.0,3.0
Malerkotla,Punjab,2024-11-26,3,2024,11,26,57,17.84,45.05,1.58,0.0,5.0,10.0,32.0,5.666666666666667,10.571428571428571,1.0
Malerkotla,Punjab,2024-11-27,1,2024,11,27,58,18.15,41.02,1.23,0.0,3.0,2.0,15.0,3.3333333333333335,6.428571428571429,0.0
Malerkotla,Punjab,2024-11-28,0,2024,11,28,59,18.27,39.84,1.18,0.0,1.0,5.0,8.0,3.0,4.428571428571429,0.0
Malerkotla,Punjab,2024-11-29,0,2024,11,29,60,18.39,40.23,1.09,0.0,0.0,3.0,2.0,1.3333333333333333,3.2857142857142856,0.0
Malerkotla,Punjab,2024-11-30,0,2024,11,30,61,17.21,40.86,1.67,0.0,0.0,1.0,10.0,0.3333333333333333,3.0,0.0
Malerkotla,Punjab,2025-10-01,0,2025,10,1,1,28.05,73.81,1.04,0.04,0.0,0.0,2.0,0.0,1.5714285714285714,0.0
Malerkotla,Punjab,2025-10-02,0,2025,10,2,2,28.37,71.13,0.83,0.43,0.0,0.0,5.0,0.0,1.2857142857142858,0.0
Malerkotla,Punjab,2025-10-03,0,2025,10,3,3,27.28,77.31,1.01,0.64,0.0,0.0,3.0,0.0,0.5714285714285714,0.0
Malerkotla,Punjab,2025-10-04,0,2025,10,4,4,27.22,75.21,1.43,0.05,0.0,0.0,1.0,0.0,0.14285714285714285,0.0
Malerkotla,Punjab,2025-10-05,0,2025,10,5,5,27.38,68.22,0.7,5.47,0.0,0.0,0.0,0.0,0.0,0.0
Malerkotla,Punjab,2025-10-06,0,2025,10,6,6,23.57,81.52,2.15,7.45,0.0,0.0,0.0,0.0,0.0,0.0
Malerkotla,Punjab,2025-10-07,0,2025,10,7,7,22.5,87.72,1.6,24.93,0.0,0.0,0.0,0.0,0.0,0.0
Malerkotla,Punjab,2025-10-08,0,2025,10,8,8,21.95,83.08,1.78,3.83,0.0,0.0,0.0,0.0,0.0,0.0
Malerkotla,Punjab,2025-10-09,0,2025,10,9,9,22.0,73.2,1.28,0.02,0.0,0.0,0.0,0.0,0.0,0.0
Malerkotla,Punjab,2025-10-10,0,2025,10,10,10,22.91,66.55,1.07,0.0,0.0,0.0,0.0,0.0,0.0,1.0
Malerkotla,Punjab,2025-10-11,1,2025,10,11,11,23.45,68.09,1.1,0.0,0.0,0.0,0.0,0.0,0.0,0.0
Malerkotla,Punjab,2025-10-12,0,2025,10,12,12,22.87,68.24,1.36,0.0,1.0,0.0,0.0,0.3333333333333333,0.14285714285714285,0.0
Malerkotla,Punjab,2025-10-13,0,2025,10,13,13,23.76,59.73,1.14,0.0,0.0,0.0,0.0,0.3333333333333333,0.14285714285714285,0.0
Malerkotla,Punjab,2025-10-14,0,2025,10,14,14,23.88,55.6,0.85,0.0,0.0,1.0,0.0,0.3333333333333333,0.14285714285714285,0.0
Malerkotla,Punjab,2025-10-15,0,2025,10,15,15,23.94,57.2,0.84,0.0,0.0,0.0,0.0,0.0,0.14285714285714285,0.0
Malerkotla,Punjab,2025-10-16,0,2025,10,16,16,23.96,65.22,1.1,0.0,0.0,0.0,0.0,0.0,0.14285714285714285,0.0
Malerkotla,Punjab,2025-10-17,0,2025,10,17,17,24.11,69.44,1.13,0.0,0.0,0.0,0.0,0.0,0.14285714285714285,0.0
Malerkotla,Punjab,2025-10-18,0,2025,10,18,18,24.23,68.54,1.02,0.0,0.0,0.0,1.0,0.0,0.14285714285714285,0.0
Malerkotla,Punjab,2025-10-19,0,2025,10,19,19,24.84,61.01,0.8,0.0,0.0,0.0,0.0,0.0,0.0,0.0
Malerkotla,Punjab,2025-10-20,0,2025,10,20,20,24.33,59.11,0.93,0.0,0.0,0.0,0.0,0.0,0.0,0.0
Malerkotla,Punjab,2025-10-21,0,2025,10,21,21,23.55,57.26,1.19,0.0,0.0,0.0,0.0,0.0,0.0,0.0
Malerkotla,Punjab,2025-10-22,0,2025,10,22,22,23.3,56.45,1.4,0.0,0.0,0.0,0.0,0.0,0.0,0.0
Malerkotla,Punjab,2025-10-23,0,2025,10,23,23,23.75,54.6,1.12,0.06,0.0,0.0,0.0,0.0,0.0,0.0
Malerkotla,Punjab,2025-10-24,0,2025,10,24,24,24.2,59.0,0.91,0.09,0.0,0.0,0.0,0.0,0.0,0.0
Malerkotla,Punjab,2025-10-25,0,2025,10,25,25,23.29,62.29,1.13,0.0,0.0,0.0,0.0,0.0,0.0,2.0
Malerkotla,Punjab,2025-10-26,2,2025,10,26,26,23.42,60.01,1.01,0.0,0.0,0.0,0.0,0.0,0.0,1.0
Malerkotla,Punjab,2025-10-27,1,2025,10,27,27,23.99,52.91,0.78,0.0,2.0,0.0,0.0,0.6666666666666666,0.2857142857142857,1.0
Malerkotla,Punjab,2025-10-28,1,2025,10,28,28,22.94,60.68,0.71,0.0,1.0,0.0,0.0,1.0,0.42857142857142855,6.0
Malerkotla,Punjab,2025-10-29,6,2025,10,29,29,22.37,63.18,1.24,0.0,1.0,2.0,0.0,1.3333333333333333,0.5714285714285714,4.0
Malerkotla,Punjab,2025-10-30,4,2025,10,30,30,23.52,68.75,0.89,0.0,6.0,1.0,0.0,2.6666666666666665,1.4285714285714286,11.0
Malerkotla,Punjab,2025-10-31,11,2025,10,31,31,23.56,65.55,1.42,0.0,4.0,1.0,0.0,3.6666666666666665,2.0,8.0
Malerkotla,Punjab,2025-11-01,8,2025,11,1,32,22.57,61.63,1.43,0.0,11.0,6.0,0.0,7.0,3.5714285714285716,14.0
Malerkotla,Punjab,2025-11-02,14,2025,11,2,33,21.81,58.37,1.68,0.0,8.0,4.0,2.0,7.666666666666667,4.714285714285714,7.0
Malerkotla,Punjab,2025-11-03,7,2025,11,3,34,21.99,51.35,1.42,0.0,14.0,11.0,1.0,11.0,6.428571428571429,12.0
Malerkotla,Punjab,2025-11-04,12,2025,11,4,35,21.31,57.25,1.85,0.0,7.0,8.0,1.0,9.666666666666666,7.285714285714286,4.0
Malerkotla,Punjab,2025-11-05,4,2025,11,5,36,20.15,62.5,1.84,0.48,12.0,14.0,6.0,11.0,8.857142857142858,6.0
Malerkotla,Punjab,2025-11-06,6,2025,11,6,37,17.26,54.58,1.97,0.0,4.0,7.0,4.0,7.666666666666667,8.571428571428571,10.0
Malerkotla,Punjab,2025-11-07,10,2025,11,7,38,17.3,44.9,1.73,0.0,6.0,12.0,11.0,7.333333333333333,8.857142857142858,7.0
Malerkotla,Punjab,2025-11-08,7,2025,11,8,39,17.85,43.26,1.49,0.0,10.0,4.0,8.0,6.666666666666667,8.714285714285714,6.0
Malerkotla,Punjab,2025-11-09,6,2025,11,9,40,17.41,48.55,1.61,0.0,7.0,6.0,14.0,7.666666666666667,8.571428571428571,11.0
Malerkotla,Punjab,2025-11-10,11,2025,11,10,41,17.94,45.16,1.35,0.0,6.0,10.0,7.0,7.666666666666667,7.428571428571429,3.0
Malerkotla,Punjab,2025-11-11,3,2025,11,11,42,17.14,50.73,1.63,0.0,11.0,7.0,12.0,8.0,8.0,6.0
Malerkotla,Punjab,2025-11-12,6,2025,11,12,43,16.95,49.85,1.75,0.0,3.0,6.0,4.0,6.666666666666667,6.714285714285714,1.0
Malerkotla,Punjab,2025-11-13,1,2025,11,13,44,16.97,50.96,1.51,0.0,6.0,11.0,6.0,6.666666666666667,7.0,1.0
Malerkotla,Punjab,2025-11-14,1,2025,11,14,45,16.86,47.82,1.46,0.0,1.0,3.0,10.0,3.3333333333333335,6.285714285714286,1.0
Malerkotla,Punjab,2025-11-15,1,2025,11,15,46,17.25,44.92,1.43,0.0,1.0,6.0,7.0,2.6666666666666665,5.0,1.0
Malerkotla,Punjab,2025-11-16,1,2025,11,16,47,17.03,47.46,1.47,0.0,1.0,1.0,6.0,1.0,4.142857142857143,0.0
Malerkotla,Punjab,2025-11-17,0,2025,11,17,48,17.6,43.76,1.22,0.0,1.0,1.0,11.0,1.0,3.4285714285714284,0.0
Malerkotla,Punjab,2025-11-18,0,2025,11,18,49,17.2,46.62,1.33,0.0,0.0,1.0,3.0,0.6666666666666666,1.8571428571428572,0.0
Malerkotla,Punjab,2025-11-19,0,2025,11,19,50,18.31,48.09,0.81,0.0,0.0,1.0,6.0,0.3333333333333333,1.4285714285714286,0.0
Malerkotla,Punjab,2025-11-20,0,2025,11,20,51,18.54,45.67,0.86,0.0,0.0,0.0,1.0,0.0,0.5714285714285714,0.0
Malerkotla,Punjab,2025-11-21,0,2025,11,21,52,17.4,51.04,1.1,0.0,0.0,0.0,1.0,0.0,0.42857142857142855,1.0
Malerkotla,Punjab,2025-11-22,1,2025,11,22,53,16.8,58.67,1.44,0.0,0.0,0.0,1.0,0.0,0.2857142857142857,0.0
Malerkotla,Punjab,2025-11-23,0,2025,11,23,54,16.23,54.48,1.16,0.0,1.0,0.0,1.0,0.3333333333333333,0.2857142857142857,0.0
Malerkotla,Punjab,2025-11-24,0,2025,11,24,55,15.47,52.1,1.45,0.0,0.0,0.0,0.0,0.3333333333333333,0.14285714285714285,0.0
Malerkotla,Punjab,2025-11-25,0,2025,11,25,56,15.14,49.93,1.49,0.0,0.0,1.0,0.0,0.3333333333333333,0.14285714285714285,0.0
Malerkotla,Punjab,2025-11-26,0,2025,11,26,57,15.02,49.22,1.34,0.0,0.0,0.0,0.0,0.0,0.14285714285714285,0.0
Malerkotla,Punjab,2025-11-27,0,2025,11,27,58,15.19,51.56,1.04,0.0,0.0,0.0,0.0,0.0,0.14285714285714285,2.0
Malerkotla,Punjab,2025-11-28,2,2025,11,28,59,15.28,53.63,1.47,0.0,0.0,0.0,0.0,0.0,0.14285714285714285,0.0
Malerkotla,Punjab,2025-11-29,0,2025,11,29,60,14.16,48.51,1.61,0.0,2.0,0.0,1.0,0.6666666666666666,0.42857142857142855,7.0
Mansa,Punjab,2023-10-08,4,2023,10,8,8,27.97,56.26,1.56,0.0,3.0,7.0,0.0,3.6666666666666665,2.0,2.0
Mansa,Punjab,2023-10-09,2,2023,10,9,9,28.35,55.68,1.25,0.21,4.0,1.0,3.0,2.6666666666666665,2.5714285714285716,4.0
Mansa,Punjab,2023-10-10,4,2023,10,10,10,26.4,66.51,1.59,7.75,2.0,3.0,0.0,3.0,2.4285714285714284,6.0
Mansa,Punjab,2023-10-11,6,2023,10,11,11,25.35,58.25,1.45,0.0,4.0,4.0,0.0,3.3333333333333335,3.0,11.0
Mansa,Punjab,2023-10-12,11,2023,10,12,12,25.42,49.37,1.24,0.0,6.0,2.0,7.0,4.0,3.857142857142857,15.0
Mansa,Punjab,2023-10-13,15,2023,10,13,13,25.74,54.17,1.32,0.0,11.0,4.0,1.0,7.0,4.428571428571429,15.0
Mansa,Punjab,2023-10-14,15,2023,10,14,14,26.22,53.13,1.65,0.19,15.0,6.0,3.0,10.666666666666666,6.428571428571429,18.0
Mansa,Punjab,2023-10-15,18,2023,10,15,15,24.91,60.4,1.15,2.84,15.0,11.0,4.0,13.666666666666666,8.142857142857142,0.0
Mansa,Punjab,2023-10-16,0,2023,10,16,16,21.97,79.56,2.06,80.14,18.0,15.0,2.0,16.0,10.142857142857142,1.0
Mansa,Punjab,2023-10-17,1,2023,10,17,17,21.71,80.5,1.8,3.24,0.0,15.0,4.0,11.0,9.857142857142858,8.0
Mansa,Punjab,2023-10-18,8,2023,10,18,18,20.83,75.43,1.8,0.05,1.0,18.0,6.0,6.333333333333333,9.428571428571429,11.0
Mansa,Punjab,2023-10-19,11,2023,10,19,19,21.22,67.06,1.37,0.0,8.0,0.0,11.0,3.0,9.714285714285714,14.0
Mansa,Punjab,2023-10-20,14,2023,10,20,20,21.75,63.34,0.99,0.0,11.0,1.0,15.0,6.666666666666667,9.714285714285714,21.0
Mansa,Punjab,2023-10-21,21,2023,10,21,21,22.05,61.25,1.04,0.0,14.0,8.0,15.0,11.0,9.571428571428571,6.0
Mansa,Punjab,2023-10-22,6,2023,10,22,22,22.04,64.48,1.11,0.35,21.0,11.0,18.0,15.333333333333334,10.428571428571429,21.0
Mansa,Punjab,2023-10-23,21,2023,10,23,23,21.7,70.94,1.43,0.0,6.0,14.0,0.0,13.666666666666666,8.714285714285714,44.0
Mansa,Punjab,2023-10-24,44,2023,10,24,24,22.65,66.23,1.2,0.0,21.0,21.0,1.0,16.0,11.714285714285714,43.0
Mansa,Punjab,2023-10-25,43,2023,10,25,25,22.29,64.87,1.46,0.0,44.0,6.0,8.0,23.666666666666668,17.857142857142858,56.0
Mansa,Punjab,2023-10-26,56,2023,10,26,26,22.81,54.13,1.28,0.0,43.0,21.0,11.0,36.0,22.857142857142858,69.0
Mansa,Punjab,2023-10-27,69,2023,10,27,27,23.0,49.73,1.06,0.0,56.0,44.0,14.0,47.666666666666664,29.285714285714285,63.0
Mansa,Punjab,2023-10-28,63,2023,10,28,28,23.21,55.78,1.01,0.0,69.0,43.0,21.0,56.0,37.142857142857146,152.0
Mansa,Punjab,2023-10-29,152,2023,10,29,29,23.75,59.08,0.91,0.0,63.0,56.0,6.0,62.666666666666664,43.142857142857146,139.0
Mansa,Punjab,2023-10-30,139,2023,10,30,30,22.75,63.6,1.19,0.0,152.0,69.0,21.0,94.66666666666667,64.0,211.0
Mansa,Punjab,2023-10-31,211,2023,10,31,31,22.66,61.32,1.02,0.0,139.0,63.0,44.0,118.0,80.85714285714286,224.0
Mansa,Punjab,2023-11-01,224,2023,11,1,32,22.78,58.84,1.1,0.0,211.0,152.0,43.0,167.33333333333334,104.71428571428571,173.0
Mansa,Punjab,2023-11-02,173,2023,11,2,33,22.61,63.51,0.94,0.0,224.0,139.0,56.0,191.33333333333334,130.57142857142858,137.0
Mansa,Punjab,2023-11-03,137,2023,11,3,34,22.16,68.37,0.99,0.0,173.0,211.0,69.0,202.66666666666666,147.28571428571428,240.0
Mansa,Punjab,2023-11-04,240,2023,11,4,35,21.64,66.33,1.25,0.0,137.0,224.0,63.0,178.0,157.0,539.0
Mansa,Punjab,2023-11-05,539,2023,11,5,36,21.94,53.52,0.96,0.0,240.0,173.0,152.0,183.33333333333334,182.28571428571428,331.0
Mansa,Punjab,2023-11-06,331,2023,11,6,37,20.54,56.03,1.27,0.0,539.0,137.0,139.0,305.3333333333333,237.57142857142858,357.0
Mansa,Punjab,2023-11-07,357,2023,11,7,38,20.36,64.21,1.14,0.0,331.0,240.0,211.0,370.0,265.0,219.0
Mansa,Punjab,2023-11-08,219,2023,11,8,39,21.21,71.87,1.14,0.0,357.0,539.0,224.0,409.0,285.85714285714283,153.0
Mansa,Punjab,2023-11-09,153,2023,11,9,40,22.72,58.98,0.94,0.0,219.0,331.0,173.0,302.3333333333333,285.14285714285717,0.0
Mansa,Punjab,2023-11-10,0,2023,11,10,41,19.98,69.41,1.72,2.76,153.0,357.0,137.0,243.0,282.2857142857143,39.0
Mansa,Punjab,2023-11-11,39,2023,11,11,42,18.54,74.77,1.62,0.0,0.0,219.0,240.0,124.0,262.7142857142857,124.0
Mansa,Punjab,2023-11-12,124,2023,11,12,43,18.59,71.06,1.69,0.0,39.0,153.0,539.0,64.0,234.0,207.0
Mansa,Punjab,2023-11-13,207,2023,11,13,44,18.44,60.22,1.12,0.0,124.0,0.0,331.0,54.333333333333336,174.71428571428572,131.0
Mansa,Punjab,2023-11-14,131,2023,11,14,45,17.91,61.11,1.49,0.0,207.0,39.0,357.0,123.33333333333333,157.0,89.0
Mansa,Punjab,2023-11-15,89,2023,11,15,46,18.04,60.27,1.55,0.0,131.0,124.0,219.0,154.0,124.71428571428571,59.0
Mansa,Punjab,2023-11-16,59,2023,11,16,47,18.86,58.77,0.99,0.0,89.0,207.0,153.0,142.33333333333334,106.14285714285714,25.0
Mansa,Punjab,2023-11-17,25,2023,11,17,48,19.45,60.5,1.79,0.0,59.0,131.0,0.0,93.0,92.71428571428571,18.0
Mansa,Punjab,2023-11-18,18,2023,11,18,49,19.14,58.73,1.35,0.0,25.0,89.0,39.0,57.666666666666664,96.28571428571429,27.0
Mansa,Punjab,2023-11-19,27,2023,11,19,50,19.34,59.8,1.33,0.0,18.0,59.0,124.0,34.0,93.28571428571429,14.0
Mansa,Punjab,2023-11-20,14,2023,11,20,51,18.23,63.0,1.31,0.0,27.0,25.0,207.0,23.333333333333332,79.42857142857143,35.0
Mansa,Punjab,2023-11-21,35,2023,11,21,52,17.37,65.53,1.75,0.0,14.0,18.0,131.0,19.666666666666668,51.857142857142854,19.0
Mansa,Punjab,2023-11-22,19,2023,11,22,53,16.97,59.95,1.55,0.0,35.0,27.0,89.0,25.333333333333332,38.142857142857146,4.0
Mansa,Punjab,2023-11-23,4,2023,11,23,54,18.2,49.82,0.93,0.0,19.0,14.0,59.0,22.666666666666668,28.142857142857142,17.0
Mansa,Punjab,2023-11-24,17,2023,11,24,55,16.85,56.05,1.17,0.0,4.0,35.0,25.0,19.333333333333332,20.285714285714285,2.0
Mansa,Punjab,2023-11-25,2,2023,11,25,56,16.24,62.94,0.89,0.0,17.0,19.0,18.0,13.333333333333334,19.142857142857142,0.0
Mansa,Punjab,2023-11-26,0,2023,11,26,57,15.4,65.44,1.49,0.0,2.0,4.0,27.0,7.666666666666667,16.857142857142858,0.0
Mansa,Punjab,2023-11-27,0,2023,11,27,58,15.99,69.36,1.44,0.2,0.0,17.0,14.0,6.333333333333333,13.0,0.0
Mansa,Punjab,2023-11-28,0,2023,11,28,59,16.31,64.73,1.54,0.02,0.0,2.0,35.0,0.6666666666666666,11.0,0.0
Mansa,Punjab,2023-11-29,0,2023,11,29,60,18.9,60.65,0.9,0.07,0.0,0.0,19.0,0.0,6.0,4.0
Mansa,Punjab,2023-11-30,4,2023,11,30,61,18.64,66.56,1.21,5.19,0.0,0.0,4.0,0.0,3.2857142857142856,0.0
Mansa,Punjab,2024-10-01,0,2024,10,1,1,30.13,59.49,1.65,0.0,4.0,0.0,17.0,1.3333333333333333,3.2857142857142856,0.0
Mansa,Punjab,2024-10-02,0,2024,10,2,2,29.76,56.17,1.46,0.0,0.0,0.0,2.0,1.3333333333333333,0.8571428571428571,8.0
Mansa,Punjab,2024-10-03,8,2024,10,3,3,29.98,48.35,1.07,0.0,0.0,4.0,0.0,1.3333333333333333,0.5714285714285714,0.0
Mansa,Punjab,2024-10-04,0,2024,10,4,4,29.37,48.66,1.15,0.0,8.0,0.0,0.0,2.6666666666666665,1.7142857142857142,0.0
Mansa,Punjab,2024-10-05,0,2024,10,5,5,29.76,54.62,1.53,0.95,0.0,0.0,0.0,2.6666666666666665,1.7142857142857142,1.0
Mansa,Punjab,2024-10-06,1,2024,10,6,6,28.52,55.31,1.06,1.43,0.0,8.0,0.0,2.6666666666666665,1.7142857142857142,10.0
Mansa,Punjab,2024-10-07,10,2024,10,7,7,27.89,58.23,1.09,0.0,1.0,0.0,4.0,0.3333333333333333,1.8571428571428572,0.0
Mansa,Punjab,2024-10-08,0,2024,10,8,8,27.75,57.14,1.2,0.0,10.0,0.0,0.0,3.6666666666666665,2.7142857142857144,5.0
Mansa,Punjab,2024-10-09,5,2024,10,9,9,27.5,58.19,1.72,0.02,0.0,1.0,0.0,3.6666666666666665,2.7142857142857144,1.0
Mansa,Punjab,2024-10-10,1,2024,10,10,10,27.03,51.76,1.62,0.0,5.0,10.0,8.0,5.0,3.4285714285714284,0.0
Mansa,Punjab,2024-10-11,0,2024,10,11,11,27.26,46.57,1.64,0.0,1.0,0.0,0.0,2.0,2.4285714285714284,6.0
Mansa,Punjab,2024-10-12,6,2024,10,12,12,27.56,41.55,1.16,0.0,0.0,5.0,0.0,2.0,2.4285714285714284,5.0
Mansa,Punjab,2024-10-13,5,2024,10,13,13,27.15,38.71,1.1,0.0,6.0,1.0,1.0,2.3333333333333335,3.2857142857142856,1.0
Mansa,Punjab,2024-10-14,1,2024,10,14,14,26.09,46.99,1.45,0.0,5.0,0.0,10.0,3.6666666666666665,3.857142857142857,4.0
Mansa,Punjab,2024-10-15,4,2024,10,15,15,27.31,41.12,1.33,0.0,1.0,6.0,0.0,4.0,2.5714285714285716,0.0
Mansa,Punjab,2024-10-16,0,2024,10,16,16,28.03,37.85,1.04,0.0,4.0,5.0,5.0,3.3333333333333335,3.142857142857143,6.0
Mansa,Punjab,2024-10-17,6,2024,10,17,17,28.31,36.71,0.99,0.0,0.0,1.0,1.0,1.6666666666666667,2.4285714285714284,7.0
Mansa,Punjab,2024-10-18,7,2024,10,18,18,27.5,40.15,1.06,0.0,6.0,4.0,0.0,3.3333333333333335,3.142857142857143,1.0
Mansa,Punjab,2024-10-19,1,2024,10,19,19,27.24,42.8,1.3,0.0,7.0,0.0,6.0,4.333333333333333,4.142857142857143,0.0
Mansa,Punjab,2024-10-20,0,2024,10,20,20,26.15,47.89,1.23,0.0,1.0,6.0,5.0,4.666666666666667,3.4285714285714284,2.0
Mansa,Punjab,2024-10-21,2,2024,10,21,21,25.93,53.49,1.11,0.0,0.0,7.0,1.0,2.6666666666666665,2.7142857142857144,6.0
Mansa,Punjab,2024-10-22,6,2024,10,22,22,25.99,56.77,1.09,0.0,2.0,1.0,4.0,1.0,2.857142857142857,3.0
Mansa,Punjab,2024-10-23,3,2024,10,23,23,26.76,46.56,1.7,0.0,6.0,0.0,0.0,2.6666666666666665,3.142857142857143,2.0
Mansa,Punjab,2024-10-24,2,2024,10,24,24,25.96,51.72,2.29,0.0,3.0,2.0,6.0,3.6666666666666665,3.5714285714285716,3.0
Mansa,Punjab,2024-10-25,3,2024,10,25,25,26.5,47.19,2.0,0.0,2.0,6.0,7.0,3.6666666666666665,3.0,7.0
Mansa,Punjab,2024-10-26,7,2024,10,26,26,26.59,41.22,1.58,0.0,3.0,3.0,1.0,2.6666666666666665,2.4285714285714284,14.0
Mansa,Punjab,2024-10-27,14,2024,10,27,27,26.25,44.77,1.27,0.0,7.0,2.0,0.0,4.0,3.2857142857142856,31.0
Mansa,Punjab,2024-10-28,31,2024,10,28,28,26.56,59.58,1.8,0.0,14.0,3.0,2.0,8.0,5.285714285714286,36.0
Mansa,Punjab,2024-10-29,36,2024,10,29,29,27.62,58.76,1.36,0.0,31.0,7.0,6.0,17.333333333333332,9.428571428571429,28.0
Mansa,Punjab,2024-10-30,28,2024,10,30,30,27.83,50.51,1.39,0.0,36.0,14.0,3.0,27.0,13.714285714285714,49.0
Mansa,Punjab,2024-10-31,49,2024,10,31,31,26.67,42.75,2.32,0.0,28.0,31.0,2.0,31.666666666666668,17.285714285714285,80.0
Mansa,Punjab,2024-11-01,80,2024,11,1,32,25.57,34.08,1.93,0.0,49.0,36.0,3.0,37.666666666666664,24.0,58.0
Mansa,Punjab,2024-11-02,58,2024,11,2,33,25.79,32.24,1.08,0.0,80.0,28.0,7.0,52.333333333333336,35.0,29.0
Mansa,Punjab,2024-11-03,29,2024,11,3,34,24.46,39.25,1.07,0.0,58.0,49.0,14.0,62.333333333333336,42.285714285714285,20.0
Mansa,Punjab,2024-11-04,20,2024,11,4,35,25.06,36.03,1.26,0.0,29.0,80.0,31.0,55.666666666666664,44.42857142857143,24.0
Mansa,Punjab,2024-11-05,24,2024,11,5,36,23.99,47.39,1.5,0.0,20.0,58.0,36.0,35.666666666666664,42.857142857142854,27.0
Mansa,Punjab,2024-11-06,27,2024,11,6,37,24.54,49.41,1.12,0.0,24.0,29.0,28.0,24.333333333333332,41.142857142857146,55.0
Mansa,Punjab,2024-11-07,55,2024,11,7,38,24.65,50.39,1.14,0.0,27.0,20.0,49.0,23.666666666666668,41.0,90.0
Mansa,Punjab,2024-11-08,90,2024,11,8,39,24.74,52.13,1.2,0.0,55.0,24.0,80.0,35.333333333333336,41.857142857142854,73.0
Mansa,Punjab,2024-11-09,73,2024,11,9,40,24.35,59.73,1.65,0.0,90.0,27.0,58.0,57.333333333333336,43.285714285714285,36.0
Mansa,Punjab,2024-11-10,36,2024,11,10,41,24.32,62.24,1.13,0.0,73.0,55.0,29.0,72.66666666666667,45.42857142857143,52.0
Mansa,Punjab,2024-11-11,52,2024,11,11,42,25.01,54.49,1.19,0.0,36.0,90.0,20.0,66.33333333333333,46.42857142857143,3.0
Mansa,Punjab,2024-11-12,3,2024,11,12,43,24.14,40.86,1.16,0.0,52.0,73.0,24.0,53.666666666666664,51.0,37.0
Mansa,Punjab,2024-11-13,37,2024,11,13,44,22.71,48.17,1.34,0.0,3.0,36.0,27.0,30.333333333333332,48.0,3.0
Mansa,Punjab,2024-11-14,3,2024,11,14,45,21.89,41.26,1.24,0.0,37.0,52.0,55.0,30.666666666666668,49.42857142857143,13.0
Mansa,Punjab,2024-11-15,13,2024,11,15,46,21.3,43.88,1.54,0.0,3.0,3.0,90.0,14.333333333333334,42.0,4.0
Mansa,Punjab,2024-11-16,4,2024,11,16,47,20.91,48.87,1.38,0.0,13.0,37.0,73.0,17.666666666666668,31.0,25.0
Mansa,Punjab,2024-11-17,25,2024,11,17,48,19.9,46.34,1.66,0.0,4.0,3.0,36.0,6.666666666666667,21.142857142857142,67.0
Mansa,Punjab,2024-11-18,67,2024,11,18,49,19.47,39.91,1.66,0.0,25.0,13.0,52.0,14.0,19.571428571428573,48.0
Mansa,Punjab,2024-11-19,48,2024,11,19,50,19.49,34.8,1.63,0.0,67.0,4.0,3.0,32.0,21.714285714285715,26.0
Mansa,Punjab,2024-11-20,26,2024,11,20,51,19.51,32.43,1.41,0.0,48.0,25.0,37.0,46.666666666666664,28.142857142857142,17.0
Mansa,Punjab,2024-11-21,17,2024,11,21,52,20.03,29.36,1.15,0.0,26.0,67.0,3.0,47.0,26.571428571428573,12.0
Mansa,Punjab,2024-11-22,12,2024,11,22,53,21.18,28.25,1.1,0.0,17.0,48.0,13.0,30.333333333333332,28.571428571428573,36.0
Mansa,Punjab,2024-11-23,36,2024,11,23,54,20.7,32.85,1.15,0.0,12.0,26.0,4.0,18.333333333333332,28.428571428571427,13.0
Mansa,Punjab,2024-11-24,13,2024,11,24,55,19.97,38.74,1.71,0.0,36.0,17.0,25.0,21.666666666666668,33.0,9.0
Mansa,Punjab,2024-11-25,9,2024,11,25,56,18.29,46.92,1.82,0.0,13.0,12.0,67.0,20.333333333333332,31.285714285714285,2.0
Mansa,Punjab,2024-11-26,2,2024,11,26,57,18.54,38.86,1.59,0.0,9.0,36.0,48.0,19.333333333333332,23.0,1.0
Mansa,Punjab,2024-11-27,1,2024,11,27,58,19.05,37.12,1.13,0.0,2.0,13.0,26.0,8.0,16.428571428571427,1.0
Mansa,Punjab,2024-11-28,1,2024,11,28,59,19.02,35.31,1.05,0.0,1.0,9.0,17.0,4.0,12.857142857142858,7.0
Mansa,Punjab,2024-11-29,7,2024,11,29,60,19.18,36.02,0.95,0.0,1.0,2.0,12.0,1.3333333333333333,10.571428571428571,1.0
Mansa,Punjab,2024-11-30,1,2024,11,30,61,17.97,38.37,1.69,0.0,7.0,1.0,36.0,3.0,9.857142857142858,0.0
Mansa,Punjab,2025-10-01,0,2025,10,1,1,28.74,69.9,0.92,0.13,1.0,1.0,13.0,3.0,4.857142857142857,0.0
Mansa,Punjab,2025-10-02,0,2025,10,2,2,28.64,68.03,1.02,1.02,0.0,7.0,9.0,2.6666666666666665,3.0,0.0
Mansa,Punjab,2025-10-03,0,2025,10,3,3,28.05,71.38,1.02,0.32,0.0,1.0,2.0,0.3333333333333333,1.7142857142857142,0.0
Mansa,Punjab,2025-10-04,0,2025,10,4,4,28.41,65.37,1.44,0.03,0.0,0.0,1.0,0.0,1.4285714285714286,2.0
Mansa,Punjab,2025-10-05,2,2025,10,5,5,27.99,63.98,0.72,6.36,0.0,0.0,1.0,0.0,1.2857142857142858,0.0
Mansa,Punjab,2025-10-06,0,2025,10,6,6,24.45,78.8,2.21,11.49,2.0,0.0,7.0,0.6666666666666666,1.4285714285714286,0.0
Mansa,Punjab,2025-10-07,0,2025,10,7,7,23.18,86.06,1.66,21.0,0.0,0.0,1.0,0.6666666666666666,0.42857142857142855,0.0
Mansa,Punjab,2025-10-08,0,2025,10,8,8,21.82,79.56,2.05,2.35,0.0,2.0,0.0,0.6666666666666666,0.2857142857142857,1.0
Mansa,Punjab,2025-10-09,1,2025,10,9,9,22.42,68.32,1.31,0.05,0.0,0.0,0.0,0.0,0.2857142857142857,1.0
Mansa,Punjab,2025-10-10,1,2025,10,10,10,23.55,60.41,1.03,0.0,1.0,0.0,0.0,0.3333333333333333,0.42857142857142855,0.0
Mansa,Punjab,2025-10-11,0,2025,10,11,11,24.0,61.71,0.98,0.0,1.0,0.0,0.0,0.6666666666666666,0.5714285714285714,1.0
Mansa,Punjab,2025-10-12,1,2025,10,12,12,23.64,62.29,1.35,0.0,0.0,1.0,2.0,0.6666666666666666,0.5714285714285714,0.0
Mansa,Punjab,2025-10-13,0,2025,10,13,13,24.59,52.62,0.97,0.0,1.0,1.0,0.0,0.6666666666666666,0.42857142857142855,0.0
Mansa,Punjab,2025-10-14,0,2025,10,14,14,24.48,49.56,0.74,0.0,0.0,0.0,0.0,0.3333333333333333,0.42857142857142855,0.0
Mansa,Punjab,2025-10-15,0,2025,10,15,15,24.26,50.19,0.8,0.0,0.0,1.0,0.0,0.3333333333333333,0.42857142857142855,0.0
Mansa,Punjab,2025-10-16,0,2025,10,16,16,24.71,55.34,0.92,0.0,0.0,0.0,1.0,0.0,0.42857142857142855,0.0
Mansa,Punjab,2025-10-17,0,2025,10,17,17,24.81,64.14,1.05,0.0,0.0,0.0,1.0,0.0,0.2857142857142857,0.0
Mansa,Punjab,2025-10-18,0,2025,10,18,18,24.69,64.24,0.96,0.0,0.0,0.0,0.0,0.0,0.14285714285714285,0.0
Mansa,Punjab,2025-10-19,0,2025,10,19,19,25.53,56.67,0.81,0.0,0.0,0.0,1.0,0.0,0.14285714285714285,5.0
Mansa,Punjab,2025-10-20,5,2025,10,20,20,25.35,55.04,1.04,0.0,0.0,0.0,0.0,0.0,0.0,5.0
Mansa,Punjab,2025-10-21,5,2025,10,21,21,24.7,55.88,1.02,0.0,5.0,0.0,0.0,1.6666666666666667,0.7142857142857143,2.0
Mansa,Punjab,2025-10-22,2,2025,10,22,22,24.13,52.06,1.43,0.0,5.0,0.0,0.0,3.3333333333333335,1.4285714285714286,6.0
Mansa,Punjab,2025-10-23,6,2025,10,23,23,24.42,48.32,1.12,0.0,2.0,5.0,0.0,4.0,1.7142857142857142,0.0
Mansa,Punjab,2025-10-24,0,2025,10,24,24,25.12,50.97,0.74,0.02,6.0,5.0,0.0,4.333333333333333,2.5714285714285716,0.0
Mansa,Punjab,2025-10-25,0,2025,10,25,25,23.98,58.71,1.22,0.0,0.0,2.0,0.0,2.6666666666666665,2.5714285714285716,1.0
Mansa,Punjab,2025-10-26,1,2025,10,26,26,24.33,51.38,0.99,0.0,0.0,6.0,0.0,2.0,2.5714285714285716,2.0
Mansa,Punjab,2025-10-27,2,2025,10,27,27,23.94,49.85,0.83,0.0,1.0,0.0,5.0,0.3333333333333333,2.7142857142857144,2.0
Mansa,Punjab,2025-10-28,2,2025,10,28,28,23.04,63.27,0.94,0.0,2.0,0.0,5.0,1.0,2.2857142857142856,9.0
Mansa,Punjab,2025-10-29,9,2025,10,29,29,22.57,61.47,1.46,0.0,2.0,1.0,2.0,1.6666666666666667,1.8571428571428572,19.0
Mansa,Punjab,2025-10-30,19,2025,10,30,30,23.95,64.93,0.84,0.0,9.0,2.0,6.0,4.333333333333333,2.857142857142857,19.0
Mansa,Punjab,2025-10-31,19,2025,10,31,31,24.11,60.53,1.41,0.0,19.0,2.0,0.0,10.0,4.714285714285714,22.0
Mansa,Punjab,2025-11-01,22,2025,11,1,32,23.57,56.27,1.27,0.0,19.0,9.0,0.0,15.666666666666666,7.428571428571429,10.0
Mansa,Punjab,2025-11-02,10,2025,11,2,33,22.74,50.67,1.72,0.0,22.0,19.0,1.0,20.0,10.571428571428571,17.0
Mansa,Punjab,2025-11-03,17,2025,11,3,34,23.04,43.67,1.47,0.0,10.0,19.0,2.0,17.0,11.857142857142858,31.0
Mansa,Punjab,2025-11-04,31,2025,11,4,35,22.21,52.13,1.8,0.0,17.0,22.0,2.0,16.333333333333332,14.0,8.0
Mansa,Punjab,2025-11-05,8,2025,11,5,36,20.67,56.92,1.81,0.57,31.0,10.0,9.0,19.333333333333332,18.142857142857142,15.0
Mansa,Punjab,2025-11-06,15,2025,11,6,37,17.73,48.93,1.98,0.0,8.0,17.0,19.0,18.666666666666668,18.0,15.0
Mansa,Punjab,2025-11-07,15,2025,11,7,38,17.71,40.76,1.86,0.0,15.0,31.0,19.0,18.0,17.428571428571427,22.0
Mansa,Punjab,2025-11-08,22,2025,11,8,39,18.42,37.97,1.55,0.0,15.0,8.0,22.0,12.666666666666666,16.857142857142858,36.0
Mansa,Punjab,2025-11-09,36,2025,11,9,40,18.0,42.91,1.58,0.0,22.0,15.0,10.0,17.333333333333332,16.857142857142858,20.0
Mansa,Punjab,2025-11-10,20,2025,11,10,41,18.5,39.79,1.32,0.0,36.0,15.0,17.0,24.333333333333332,20.571428571428573,29.0
Mansa,Punjab,2025-11-11,29,2025,11,11,42,17.4,46.02,1.57,0.0,20.0,22.0,31.0,26.0,21.0,8.0
Mansa,Punjab,2025-11-12,8,2025,11,12,43,17.48,45.27,1.75,0.0,29.0,36.0,8.0,28.333333333333332,20.714285714285715,12.0
Mansa,Punjab,2025-11-13,12,2025,11,13,44,17.5,45.62,1.47,0.0,8.0,20.0,15.0,19.0,20.714285714285715,9.0
Mansa,Punjab,2025-11-14,9,2025,11,14,45,17.54,42.32,1.42,0.0,12.0,29.0,15.0,16.333333333333332,20.285714285714285,3.0
Mansa,Punjab,2025-11-15,3,2025,11,15,46,18.04,38.86,1.41,0.0,9.0,8.0,22.0,9.666666666666666,19.428571428571427,7.0
Mansa,Punjab,2025-11-16,7,2025,11,16,47,17.74,40.2,1.47,0.0,3.0,12.0,36.0,8.0,16.714285714285715,6.0
Mansa,Punjab,2025-11-17,6,2025,11,17,48,18.35,37.17,1.27,0.0,7.0,9.0,20.0,6.333333333333333,12.571428571428571,1.0
Mansa,Punjab,2025-11-18,1,2025,11,18,49,17.85,39.72,1.34,0.0,6.0,3.0,29.0,5.333333333333333,10.571428571428571,4.0
Mansa,Punjab,2025-11-19,4,2025,11,19,50,18.8,43.43,0.75,0.0,1.0,7.0,8.0,4.666666666666667,6.571428571428571,3.0
Mansa,Punjab,2025-11-20,3,2025,11,20,51,19.43,38.52,0.81,0.0,4.0,6.0,12.0,3.6666666666666665,6.0,2.0
Mansa,Punjab,2025-11-21,2,2025,11,21,52,18.08,46.65,1.07,0.0,3.0,1.0,9.0,2.6666666666666665,4.714285714285714,2.0
Mansa,Punjab,2025-11-22,2,2025,11,22,53,17.14,54.93,1.5,0.0,2.0,4.0,3.0,3.0,3.7142857142857144,1.0
Mansa,Punjab,2025-11-23,1,2025,11,23,54,16.7,51.52,1.15,0.0,2.0,3.0,7.0,2.3333333333333335,3.5714285714285716,0.0
Mansa,Punjab,2025-11-24,0,2025,11,24,55,16.0,47.53,1.41,0.0,1.0,2.0,6.0,1.6666666666666667,2.7142857142857144,1.0
Mansa,Punjab,2025-11-25,1,2025,11,25,56,15.52,45.72,1.5,0.0,0.0,2.0,1.0,1.0,1.8571428571428572,1.0
Mansa,Punjab,2025-11-26,1,2025,11,26,57,15.49,44.05,1.23,0.0,1.0,1.0,4.0,0.6666666666666666,1.8571428571428572,0.0
Mansa,Punjab,2025-11-27,0,2025,11,27,58,15.59,46.93,1.15,0.0,1.0,0.0,3.0,0.6666666666666666,1.4285714285714286,0.0
Mansa,Punjab,2025-11-28,0,2025,11,28,59,15.81,49.94,1.46,0.0,0.0,1.0,2.0,0.6666666666666666,1.0,0.0
Mansa,Punjab,2025-11-29,0,2025,11,29,60,14.89,44.17,1.79,0.0,0.0,1.0,2.0,0.3333333333333333,0.7142857142857143,0.0
Moga,Punjab,2023-10-08,0,2023,10,8,8,26.29,66.91,1.25,0.0,0.0,0.0,0.0,0.6666666666666666,0.7142857142857143,1.0
Moga,Punjab,2023-10-09,1,2023,10,9,9,26.54,69.74,1.16,2.65,0.0,2.0,3.0,0.6666666666666666,0.7142857142857143,0.0
Moga,Punjab,2023-10-10,0,2023,10,10,10,24.89,75.88,1.48,12.05,1.0,0.0,0.0,0.3333333333333333,0.42857142857142855,1.0
Moga,Punjab,2023-10-11,1,2023,10,11,11,24.53,64.4,1.16,0.0,0.0,0.0,0.0,0.3333333333333333,0.42857142857142855,2.0
Moga,Punjab,2023-10-12,2,2023,10,12,12,24.08,60.44,1.03,0.0,1.0,1.0,0.0,0.6666666666666666,0.5714285714285714,4.0
Moga,Punjab,2023-10-13,4,2023,10,13,13,24.14,64.29,1.14,0.0,2.0,0.0,2.0,1.0,0.8571428571428571,7.0
Moga,Punjab,2023-10-14,7,2023,10,14,14,24.44,67.19,1.52,12.23,4.0,1.0,0.0,2.3333333333333335,1.1428571428571428,0.0
Moga,Punjab,2023-10-15,0,2023,10,15,15,23.34,71.16,1.05,2.37,7.0,2.0,0.0,4.333333333333333,2.142857142857143,0.0
Moga,Punjab,2023-10-16,0,2023,10,16,16,22.2,78.45,1.54,20.88,0.0,4.0,1.0,3.6666666666666665,2.142857142857143,0.0
Moga,Punjab,2023-10-17,0,2023,10,17,17,20.87,83.68,1.25,8.3,0.0,7.0,0.0,2.3333333333333335,2.0,2.0
Moga,Punjab,2023-10-18,2,2023,10,18,18,20.14,77.6,1.56,0.21,0.0,0.0,1.0,0.0,2.0,3.0
Moga,Punjab,2023-10-19,3,2023,10,19,19,20.98,66.15,1.08,0.0,2.0,0.0,2.0,0.6666666666666666,2.142857142857143,13.0
Moga,Punjab,2023-10-20,13,2023,10,20,20,21.23,65.25,0.89,0.0,3.0,0.0,4.0,1.6666666666666667,2.2857142857142856,8.0
Moga,Punjab,2023-10-21,8,2023,10,21,21,21.79,64.9,0.94,0.0,13.0,2.0,7.0,6.0,3.5714285714285716,4.0
Moga,Punjab,2023-10-22,4,2023,10,22,22,21.44,70.77,1.09,0.52,8.0,3.0,0.0,8.0,3.7142857142857144,7.0
Moga,Punjab,2023-10-23,7,2023,10,23,23,21.51,73.73,1.23,0.0,4.0,13.0,0.0,8.333333333333334,4.285714285714286,22.0
Moga,Punjab,2023-10-24,22,2023,10,24,24,22.52,68.69,0.93,0.0,7.0,8.0,0.0,6.333333333333333,5.285714285714286,21.0
Moga,Punjab,2023-10-25,21,2023,10,25,25,22.5,64.75,1.1,0.0,22.0,4.0,2.0,11.0,8.428571428571429,56.0
Moga,Punjab,2023-10-26,56,2023,10,26,26,23.03,55.02,1.0,0.0,21.0,7.0,3.0,16.666666666666668,11.142857142857142,54.0
Moga,Punjab,2023-10-27,54,2023,10,27,27,22.79,55.44,0.93,0.0,56.0,22.0,13.0,33.0,18.714285714285715,12.0
Moga,Punjab,2023-10-28,12,2023,10,28,28,22.58,62.62,0.93,0.0,54.0,21.0,8.0,43.666666666666664,24.571428571428573,63.0
Moga,Punjab,2023-10-29,63,2023,10,29,29,22.99,66.33,0.84,0.0,12.0,56.0,4.0,40.666666666666664,25.142857142857142,76.0
Moga,Punjab,2023-10-30,76,2023,10,30,30,22.12,70.21,1.03,0.0,63.0,54.0,7.0,43.0,33.57142857142857,54.0
Moga,Punjab,2023-10-31,54,2023,10,31,31,22.0,68.34,1.01,0.0,76.0,12.0,22.0,50.333333333333336,43.42857142857143,89.0
Moga,Punjab,2023-11-01,89,2023,11,1,32,22.6,64.68,0.98,0.0,54.0,63.0,21.0,64.33333333333333,48.0,67.0
Moga,Punjab,2023-11-02,67,2023,11,2,33,22.75,68.42,0.85,0.0,89.0,76.0,56.0,73.0,57.714285714285715,85.0
Moga,Punjab,2023-11-03,85,2023,11,3,34,21.58,75.05,0.83,0.0,67.0,54.0,54.0,70.0,59.285714285714285,129.0
Moga,Punjab,2023-11-04,129,2023,11,4,35,21.81,67.22,0.97,0.0,85.0,89.0,12.0,80.33333333333333,63.714285714285715,261.0
Moga,Punjab,2023-11-05,261,2023,11,5,36,22.27,55.75,0.63,0.0,129.0,67.0,63.0,93.66666666666667,80.42857142857143,163.0
Moga,Punjab,2023-11-06,163,2023,11,6,37,20.67,60.6,1.16,0.0,261.0,85.0,76.0,158.33333333333334,108.71428571428571,269.0
Moga,Punjab,2023-11-07,269,2023,11,7,38,20.7,69.91,1.0,0.0,163.0,129.0,54.0,184.33333333333334,121.14285714285714,170.0
Moga,Punjab,2023-11-08,170,2023,11,8,39,21.49,70.93,1.04,0.0,269.0,261.0,89.0,231.0,151.85714285714286,78.0
Moga,Punjab,2023-11-09,78,2023,11,9,40,22.68,62.01,0.85,0.0,170.0,163.0,67.0,200.66666666666666,163.42857142857142,13.0
Moga,Punjab,2023-11-10,13,2023,11,10,41,18.49,81.49,1.76,10.21,78.0,269.0,85.0,172.33333333333334,165.0,0.0
Moga,Punjab,2023-11-11,0,2023,11,11,42,18.14,78.37,1.36,0.0,13.0,170.0,129.0,87.0,154.71428571428572,112.0
Moga,Punjab,2023-11-12,112,2023,11,12,43,18.7,68.87,1.44,0.0,0.0,78.0,261.0,30.333333333333332,136.28571428571428,257.0
Moga,Punjab,2023-11-13,257,2023,11,13,44,18.5,60.13,1.01,0.0,112.0,13.0,163.0,41.666666666666664,115.0,391.0
Moga,Punjab,2023-11-14,391,2023,11,14,45,18.18,61.1,1.38,0.0,257.0,0.0,269.0,123.0,128.42857142857142,366.0
Moga,Punjab,2023-11-15,366,2023,11,15,46,18.5,57.34,1.29,0.0,391.0,112.0,170.0,253.33333333333334,145.85714285714286,370.0
Moga,Punjab,2023-11-16,370,2023,11,16,47,19.22,55.13,0.69,0.0,366.0,257.0,78.0,338.0,173.85714285714286,329.0
Moga,Punjab,2023-11-17,329,2023,11,17,48,18.77,61.23,1.43,0.0,370.0,391.0,13.0,375.6666666666667,215.57142857142858,243.0
Moga,Punjab,2023-11-18,243,2023,11,18,49,18.72,56.05,0.89,0.0,329.0,366.0,0.0,355.0,260.7142857142857,269.0
Moga,Punjab,2023-11-19,269,2023,11,19,50,18.59,58.01,0.92,0.0,243.0,370.0,112.0,314.0,295.42857142857144,132.0
Moga,Punjab,2023-11-20,132,2023,11,20,51,17.71,64.68,1.24,0.0,269.0,329.0,257.0,280.3333333333333,317.85714285714283,201.0
Moga,Punjab,2023-11-21,201,2023,11,21,52,17.23,65.33,1.61,0.0,132.0,243.0,391.0,214.66666666666666,300.0,138.0
Moga,Punjab,2023-11-22,138,2023,11,22,53,16.71,62.13,1.4,0.0,201.0,269.0,366.0,200.66666666666666,272.85714285714283,28.0
Moga,Punjab,2023-11-23,28,2023,11,23,54,17.34,56.14,1.19,0.0,138.0,132.0,370.0,157.0,240.28571428571428,74.0
Moga,Punjab,2023-11-24,74,2023,11,24,55,16.49,63.0,1.22,0.0,28.0,201.0,329.0,122.33333333333333,191.42857142857142,2.0
Moga,Punjab,2023-11-25,2,2023,11,25,56,16.95,63.11,0.63,0.0,74.0,138.0,243.0,80.0,155.0,1.0
Moga,Punjab,2023-11-26,1,2023,11,26,57,15.71,70.28,1.09,0.0,2.0,28.0,269.0,34.666666666666664,120.57142857142857,0.0
Moga,Punjab,2023-11-27,0,2023,11,27,58,15.35,75.76,1.27,0.0,1.0,74.0,132.0,25.666666666666668,82.28571428571429,1.0
Moga,Punjab,2023-11-28,1,2023,11,28,59,16.73,67.23,1.11,0.0,0.0,2.0,201.0,1.0,63.42857142857143,1.0
Moga,Punjab,2023-11-29,1,2023,11,29,60,18.51,62.93,0.77,0.05,1.0,1.0,138.0,0.6666666666666666,34.857142857142854,0.0
Moga,Punjab,2023-11-30,0,2023,11,30,61,17.89,74.27,1.3,5.38,1.0,0.0,28.0,0.6666666666666666,15.285714285714286,0.0
Moga,Punjab,2024-10-01,0,2024,10,1,1,30.15,60.29,1.46,0.0,0.0,1.0,74.0,0.6666666666666666,11.285714285714286,0.0
Moga,Punjab,2024-10-02,0,2024,10,2,2,29.43,59.25,1.18,0.0,0.0,1.0,2.0,0.3333333333333333,0.7142857142857143,0.0
Moga,Punjab,2024-10-03,0,2024,10,3,3,29.42,53.74,1.09,0.0,0.0,0.0,1.0,0.0,0.42857142857142855,0.0
Moga,Punjab,2024-10-04,0,2024,10,4,4,29.15,51.84,1.03,0.0,0.0,0.0,0.0,0.0,0.2857142857142857,1.0
Moga,Punjab,2024-10-05,1,2024,10,5,5,29.3,52.89,1.12,0.4,0.0,0.0,1.0,0.0,0.2857142857142857,0.0
Moga,Punjab,2024-10-06,0,2024,10,6,6,28.63,57.71,1.25,6.66,1.0,0.0,1.0,0.3333333333333333,0.2857142857142857,2.0
Moga,Punjab,2024-10-07,2,2024,10,7,7,27.66,59.5,1.28,0.0,0.0,0.0,0.0,0.3333333333333333,0.14285714285714285,1.0
Moga,Punjab,2024-10-08,1,2024,10,8,8,27.4,62.15,1.31,0.0,2.0,1.0,0.0,1.0,0.42857142857142855,0.0
Moga,Punjab,2024-10-09,0,2024,10,9,9,26.75,61.09,1.72,0.0,1.0,0.0,0.0,1.0,0.5714285714285714,0.0
Moga,Punjab,2024-10-10,0,2024,10,10,10,26.43,57.5,1.47,0.0,0.0,2.0,0.0,1.0,0.5714285714285714,0.0
Moga,Punjab,2024-10-11,0,2024,10,11,11,27.45,47.93,1.46,0.0,0.0,1.0,0.0,0.3333333333333333,0.5714285714285714,2.0
Moga,Punjab,2024-10-12,2,2024,10,12,12,27.67,44.92,0.94,0.0,0.0,0.0,1.0,0.0,0.5714285714285714,1.0
Moga,Punjab,2024-10-13,1,2024,10,13,13,26.55,44.74,1.13,0.0,2.0,0.0,0.0,0.6666666666666666,0.7142857142857143,0.0
Moga,Punjab,2024-10-14,0,2024,10,14,14,25.94,44.65,1.31,0.0,1.0,0.0,2.0,1.0,0.8571428571428571,0.0
Moga,Punjab,2024-10-15,0,2024,10,15,15,26.94,44.5,1.41,0.0,0.0,2.0,1.0,1.0,0.5714285714285714,1.0
Moga,Punjab,2024-10-16,1,2024,10,16,16,26.72,49.31,1.21,0.0,0.0,1.0,0.0,0.3333333333333333,0.42857142857142855,1.0
Moga,Punjab,2024-10-17,1,2024,10,17,17,27.25,45.71,1.11,0.0,1.0,0.0,0.0,0.3333333333333333,0.5714285714285714,2.0
Moga,Punjab,2024-10-18,2,2024,10,18,18,27.24,44.89,1.11,0.0,1.0,0.0,0.0,0.6666666666666666,0.7142857142857143,2.0
Moga,Punjab,2024-10-19,2,2024,10,19,19,26.47,49.01,1.29,0.0,2.0,1.0,2.0,1.3333333333333333,1.0,2.0
Moga,Punjab,2024-10-20,2,2024,10,20,20,26.27,52.0,1.11,0.0,2.0,1.0,1.0,1.6666666666666667,1.0,1.0
Moga,Punjab,2024-10-21,1,2024,10,21,21,26.06,55.31,1.16,0.0,2.0,2.0,0.0,2.0,1.1428571428571428,2.0
Moga,Punjab,2024-10-22,2,2024,10,22,22,25.92,57.17,0.95,0.0,1.0,2.0,0.0,1.6666666666666667,1.2857142857142858,5.0
Moga,Punjab,2024-10-23,5,2024,10,23,23,26.14,54.88,1.94,0.0,2.0,2.0,1.0,1.6666666666666667,1.5714285714285714,3.0
Moga,Punjab,2024-10-24,3,2024,10,24,24,25.12,57.65,2.04,0.0,5.0,1.0,1.0,2.6666666666666665,2.142857142857143,4.0
Moga,Punjab,2024-10-25,4,2024,10,25,25,25.71,52.25,1.91,0.0,3.0,2.0,2.0,3.3333333333333335,2.4285714285714284,6.0
Moga,Punjab,2024-10-26,6,2024,10,26,26,25.59,45.97,1.63,0.0,4.0,5.0,2.0,4.0,2.7142857142857144,10.0
Moga,Punjab,2024-10-27,10,2024,10,27,27,26.62,43.79,0.98,0.0,6.0,3.0,2.0,4.333333333333333,3.2857142857142856,14.0
Moga,Punjab,2024-10-28,14,2024,10,28,28,26.47,56.49,1.44,0.0,10.0,4.0,1.0,6.666666666666667,4.428571428571429,8.0
Moga,Punjab,2024-10-29,8,2024,10,29,29,27.33,59.67,1.32,0.0,14.0,6.0,2.0,10.0,6.285714285714286,13.0
Moga,Punjab,2024-10-30,13,2024,10,30,30,27.4,49.74,1.4,0.0,8.0,10.0,5.0,10.666666666666666,7.142857142857143,34.0
Moga,Punjab,2024-10-31,34,2024,10,31,31,25.76,46.4,2.32,0.0,13.0,14.0,3.0,11.666666666666666,8.285714285714286,48.0
Moga,Punjab,2024-11-01,48,2024,11,1,32,24.66,42.92,1.68,0.0,34.0,8.0,4.0,18.333333333333332,12.714285714285714,50.0
Moga,Punjab,2024-11-02,50,2024,11,2,33,25.22,35.07,1.01,0.0,48.0,13.0,6.0,31.666666666666668,19.0,29.0
Moga,Punjab,2024-11-03,29,2024,11,3,34,23.8,40.03,0.96,0.0,50.0,34.0,10.0,44.0,25.285714285714285,24.0
Moga,Punjab,2024-11-04,24,2024,11,4,35,24.99,39.94,1.15,0.0,29.0,48.0,14.0,42.333333333333336,28.0,14.0
Moga,Punjab,2024-11-05,14,2024,11,5,36,24.31,45.56,1.23,0.0,24.0,50.0,8.0,34.333333333333336,29.428571428571427,19.0
Moga,Punjab,2024-11-06,19,2024,11,6,37,24.52,49.02,1.13,0.0,14.0,29.0,13.0,22.333333333333332,30.285714285714285,48.0
Moga,Punjab,2024-11-07,48,2024,11,7,38,24.5,51.12,0.95,0.0,19.0,24.0,34.0,19.0,31.142857142857142,80.0
Moga,Punjab,2024-11-08,80,2024,11,8,39,24.49,53.44,1.05,0.0,48.0,14.0,48.0,27.0,33.142857142857146,63.0
Moga,Punjab,2024-11-09,63,2024,11,9,40,24.43,57.18,1.06,0.0,80.0,19.0,50.0,49.0,37.714285714285715,20.0
Moga,Punjab,2024-11-10,20,2024,11,10,41,24.78,56.08,0.68,0.0,63.0,48.0,29.0,63.666666666666664,39.57142857142857,57.0
Moga,Punjab,2024-11-11,57,2024,11,11,42,24.91,53.04,1.13,0.02,20.0,80.0,24.0,54.333333333333336,38.285714285714285,0.0
Moga,Punjab,2024-11-12,0,2024,11,12,43,23.24,53.88,1.28,0.03,57.0,63.0,14.0,46.666666666666664,43.0,137.0
Moga,Punjab,2024-11-13,137,2024,11,13,44,22.34,49.28,1.17,0.0,0.0,20.0,19.0,25.666666666666668,41.0,0.0
Moga,Punjab,2024-11-14,0,2024,11,14,45,21.71,46.24,1.04,0.0,137.0,57.0,48.0,64.66666666666667,57.857142857142854,0.0
Moga,Punjab,2024-11-15,0,2024,11,15,46,20.94,51.31,1.61,0.0,0.0,0.0,80.0,45.666666666666664,51.0,3.0
Moga,Punjab,2024-11-16,3,2024,11,16,47,20.18,55.17,1.42,0.0,0.0,137.0,63.0,45.666666666666664,39.57142857142857,78.0
Moga,Punjab,2024-11-17,78,2024,11,17,48,19.36,49.35,1.7,0.0,3.0,0.0,20.0,1.0,31.0,226.0
Moga,Punjab,2024-11-18,226,2024,11,18,49,18.99,45.39,1.63,0.0,78.0,0.0,57.0,27.0,39.285714285714285,90.0
Moga,Punjab,2024-11-19,90,2024,11,19,50,19.13,38.11,1.57,0.0,226.0,3.0,0.0,102.33333333333333,63.42857142857143,25.0
Moga,Punjab,2024-11-20,25,2024,11,20,51,19.22,35.06,1.37,0.0,90.0,78.0,137.0,131.33333333333334,76.28571428571429,31.0
Moga,Punjab,2024-11-21,31,2024,11,21,52,20.0,32.47,1.05,0.0,25.0,226.0,0.0,113.66666666666667,60.285714285714285,11.0
Moga,Punjab,2024-11-22,11,2024,11,22,53,20.59,32.74,1.11,0.0,31.0,90.0,0.0,48.666666666666664,64.71428571428571,19.0
Moga,Punjab,2024-11-23,19,2024,11,23,54,20.73,37.66,1.0,0.0,11.0,25.0,3.0,22.333333333333332,66.28571428571429,19.0
Moga,Punjab,2024-11-24,19,2024,11,24,55,19.28,44.32,1.49,0.0,19.0,31.0,78.0,20.333333333333332,68.57142857142857,20.0
Moga,Punjab,2024-11-25,20,2024,11,25,56,17.86,51.93,1.83,0.0,19.0,11.0,226.0,16.333333333333332,60.142857142857146,1.0
Moga,Punjab,2024-11-26,1,2024,11,26,57,17.98,47.37,1.41,0.0,20.0,19.0,90.0,19.333333333333332,30.714285714285715,4.0
Moga,Punjab,2024-11-27,4,2024,11,27,58,18.31,39.85,1.25,0.0,1.0,19.0,25.0,13.333333333333334,18.0,2.0
Moga,Punjab,2024-11-28,2,2024,11,28,59,18.63,38.79,1.14,0.0,4.0,20.0,31.0,8.333333333333334,15.0,3.0
Moga,Punjab,2024-11-29,3,2024,11,29,60,18.44,40.65,1.11,0.0,2.0,1.0,11.0,2.3333333333333335,10.857142857142858,4.0
Moga,Punjab,2024-11-30,4,2024,11,30,61,17.3,40.54,1.48,0.0,3.0,4.0,19.0,3.0,9.714285714285714,0.0
Moga,Punjab,2025-10-01,0,2025,10,1,1,27.69,75.08,1.08,0.01,4.0,2.0,19.0,3.0,7.571428571428571,0.0
Moga,Punjab,2025-10-02,0,2025,10,2,2,28.15,73.2,0.75,0.04,0.0,3.0,20.0,2.3333333333333335,4.857142857142857,0.0
Moga,Punjab,2025-10-03,0,2025,10,3,3,27.1,79.12,0.94,0.32,0.0,4.0,1.0,1.3333333333333333,2.0,0.0
Moga,Punjab,2025-10-04,0,2025,10,4,4,26.83,77.5,1.2,0.03,0.0,0.0,4.0,0.0,1.8571428571428572,0.0
Moga,Punjab,2025-10-05,0,2025,10,5,5,26.22,75.78,1.27,9.68,0.0,0.0,2.0,0.0,1.2857142857142858,0.0
Moga,Punjab,2025-10-06,0,2025,10,6,6,22.94,85.9,2.36,9.79,0.0,0.0,3.0,0.0,1.0,0.0
Moga,Punjab,2025-10-07,0,2025,10,7,7,21.75,85.63,1.35,18.97,0.0,0.0,4.0,0.0,0.5714285714285714,0.0
Moga,Punjab,2025-10-08,0,2025,10,8,8,21.27,82.51,1.87,0.68,0.0,0.0,0.0,0.0,0.0,0.0
Moga,Punjab,2025-10-09,0,2025,10,9,9,22.13,71.08,1.16,0.0,0.0,0.0,0.0,0.0,0.0,0.0
Moga,Punjab,2025-10-10,0,2025,10,10,10,23.04,66.47,0.93,0.0,0.0,0.0,0.0,0.0,0.0,0.0
Moga,Punjab,2025-10-11,0,2025,10,11,11,23.31,68.61,0.96,0.0,0.0,0.0,0.0,0.0,0.0,0.0
Moga,Punjab,2025-10-12,0,2025,10,12,12,22.99,66.74,1.21,0.0,0.0,0.0,0.0,0.0,0.0,0.0
Moga,Punjab,2025-10-13,0,2025,10,13,13,24.23,57.18,0.88,0.0,0.0,0.0,0.0,0.0,0.0,0.0
Moga,Punjab,2025-10-14,0,2025,10,14,14,23.75,57.14,0.76,0.0,0.0,0.0,0.0,0.0,0.0,0.0
Moga,Punjab,2025-10-15,0,2025,10,15,15,23.88,58.78,0.69,0.0,0.0,0.0,0.0,0.0,0.0,1.0
Moga,Punjab,2025-10-16,1,2025,10,16,16,24.08,65.0,1.07,0.0,0.0,0.0,0.0,0.0,0.0,0.0
Moga,Punjab,2025-10-17,0,2025,10,17,17,24.29,66.88,1.04,0.0,1.0,0.0,0.0,0.3333333333333333,0.14285714285714285,0.0
Moga,Punjab,2025-10-18,0,2025,10,18,18,24.5,64.24,0.83,0.0,0.0,0.0,0.0,0.3333333333333333,0.14285714285714285,1.0
Moga,Punjab,2025-10-19,1,2025,10,19,19,24.84,61.18,0.78,0.0,0.0,1.0,0.0,0.3333333333333333,0.14285714285714285,0.0
Moga,Punjab,2025-10-20,0,2025,10,20,20,24.31,55.1,0.7,0.0,1.0,0.0,0.0,0.3333333333333333,0.2857142857142857,2.0
Moga,Punjab,2025-10-21,2,2025,10,21,21,23.29,56.86,1.16,0.0,0.0,0.0,0.0,0.3333333333333333,0.2857142857142857,2.0
Moga,Punjab,2025-10-22,2,2025,10,22,22,23.1,56.11,1.24,0.0,2.0,1.0,0.0,1.0,0.5714285714285714,3.0
Moga,Punjab,2025-10-23,3,2025,10,23,23,23.74,56.36,1.02,0.0,2.0,0.0,1.0,1.3333333333333333,0.8571428571428571,1.0
Moga,Punjab,2025-10-24,1,2025,10,24,24,23.85,58.69,0.95,0.01,3.0,2.0,0.0,2.3333333333333335,1.1428571428571428,4.0
Moga,Punjab,2025-10-25,4,2025,10,25,25,23.32,57.58,0.9,0.0,1.0,2.0,0.0,2.0,1.2857142857142858,3.0
Moga,Punjab,2025-10-26,3,2025,10,26,26,22.9,60.95,0.91,0.0,4.0,3.0,1.0,2.6666666666666665,1.8571428571428572,4.0
Moga,Punjab,2025-10-27,4,2025,10,27,27,23.79,57.82,0.82,0.0,3.0,1.0,0.0,2.6666666666666665,2.142857142857143,2.0
Moga,Punjab,2025-10-28,2,2025,10,28,28,23.13,57.11,0.86,0.0,4.0,4.0,2.0,3.6666666666666665,2.7142857142857144,5.0
Moga,Punjab,2025-10-29,5,2025,10,29,29,22.17,65.16,1.1,0.0,2.0,3.0,2.0,3.0,2.7142857142857144,5.0
Moga,Punjab,2025-10-30,5,2025,10,30,30,22.69,69.59,1.08,0.0,5.0,4.0,3.0,3.6666666666666665,3.142857142857143,21.0
Moga,Punjab,2025-10-31,21,2025,10,31,31,23.17,64.19,1.39,0.0,5.0,2.0,1.0,4.0,3.4285714285714284,16.0
Moga,Punjab,2025-11-01,16,2025,11,1,32,22.62,57.88,1.27,0.0,21.0,5.0,4.0,10.333333333333334,6.285714285714286,20.0
Moga,Punjab,2025-11-02,20,2025,11,2,33,22.14,56.35,1.43,0.0,16.0,5.0,3.0,14.0,8.0,18.0
Moga,Punjab,2025-11-03,18,2025,11,3,34,22.01,51.49,1.17,0.0,20.0,21.0,4.0,19.0,10.428571428571429,44.0
Moga,Punjab,2025-11-04,44,2025,11,4,35,20.72,57.41,1.96,0.15,18.0,16.0,2.0,18.0,12.428571428571429,35.0
Moga,Punjab,2025-11-05,35,2025,11,5,36,19.02,68.24,1.77,0.15,44.0,20.0,5.0,27.333333333333332,18.428571428571427,36.0
Moga,Punjab,2025-11-06,36,2025,11,6,37,16.89,54.32,1.77,0.0,35.0,18.0,5.0,32.333333333333336,22.714285714285715,47.0
Moga,Punjab,2025-11-07,47,2025,11,7,38,17.64,43.41,1.48,0.0,36.0,44.0,21.0,38.333333333333336,27.142857142857142,42.0
Moga,Punjab,2025-11-08,42,2025,11,8,39,18.51,39.61,1.25,0.0,47.0,35.0,16.0,39.333333333333336,30.857142857142858,44.0
Moga,Punjab,2025-11-09,44,2025,11,9,40,18.06,45.67,1.38,0.0,42.0,36.0,20.0,41.666666666666664,34.57142857142857,42.0
Moga,Punjab,2025-11-10,42,2025,11,10,41,18.31,42.63,1.08,0.0,44.0,47.0,18.0,44.333333333333336,38.0,43.0
Moga,Punjab,2025-11-11,43,2025,11,11,42,17.58,47.81,1.25,0.0,42.0,42.0,44.0,42.666666666666664,41.42857142857143,6.0
Moga,Punjab,2025-11-12,6,2025,11,12,43,17.5,46.13,1.53,0.0,43.0,44.0,35.0,43.0,41.285714285714285,19.0
Moga,Punjab,2025-11-13,19,2025,11,13,44,17.38,46.73,1.33,0.0,6.0,42.0,36.0,30.333333333333332,37.142857142857146,5.0
Moga,Punjab,2025-11-14,5,2025,11,14,45,17.43,43.58,1.16,0.0,19.0,43.0,47.0,22.666666666666668,34.714285714285715,13.0
Moga,Punjab,2025-11-15,13,2025,11,15,46,17.78,42.26,1.09,0.0,5.0,6.0,42.0,10.0,28.714285714285715,8.0
Moga,Punjab,2025-11-16,8,2025,11,16,47,17.38,45.74,1.21,0.0,13.0,19.0,44.0,12.333333333333334,24.571428571428573,0.0
Moga,Punjab,2025-11-17,0,2025,11,17,48,17.65,42.51,1.09,0.0,8.0,5.0,42.0,8.666666666666666,19.428571428571427,1.0
Moga,Punjab,2025-11-18,1,2025,11,18,49,16.87,47.51,1.22,0.0,0.0,13.0,43.0,7.0,13.428571428571429,1.0
Moga,Punjab,2025-11-19,1,2025,11,19,50,17.7,47.37,0.77,0.0,1.0,8.0,6.0,3.0,7.428571428571429,1.0
Moga,Punjab,2025-11-20,1,2025,11,20,51,17.63,50.06,0.92,0.0,1.0,0.0,19.0,0.6666666666666666,6.714285714285714,3.0
Moga,Punjab,2025-11-21,3,2025,11,21,52,16.98,55.88,1.03,0.0,1.0,1.0,5.0,1.0,4.142857142857143,1.0
Moga,Punjab,2025-11-22,1,2025,11,22,53,16.54,59.93,1.43,0.0,3.0,1.0,13.0,1.6666666666666667,3.857142857142857,0.0
Moga,Punjab,2025-11-23,0,2025,11,23,54,16.13,50.25,1.09,0.0,1.0,1.0,8.0,1.6666666666666667,2.142857142857143,2.0
Moga,Punjab,2025-11-24,2,2025,11,24,55,15.98,47.04,1.18,0.0,0.0,3.0,0.0,1.3333333333333333,1.0,1.0
Moga,Punjab,2025-11-25,1,2025,11,25,56,15.46,46.96,1.31,0.0,2.0,1.0,1.0,1.0,1.2857142857142858,2.0
Moga,Punjab,2025-11-26,2,2025,11,26,57,15.03,45.17,1.2,0.0,1.0,0.0,1.0,1.0,1.2857142857142858,2.0
Moga,Punjab,2025-11-27,2,2025,11,27,58,14.62,49.03,1.12,0.0,2.0,2.0,1.0,1.6666666666666667,1.4285714285714286,2.0
Moga,Punjab,2025-11-28,2,2025,11,28,59,14.48,52.53,1.28,0.0,2.0,1.0,3.0,1.6666666666666667,1.5714285714285714,0.0
Moga,Punjab,2025-11-29,0,2025,11,29,60,14.38,45.39,1.24,0.0,2.0,2.0,1.0,2.0,1.4285714285714286,0.0
Nuh,Haryana,2023-10-08,0,2023,10,8,8,29.41,53.3,1.69,0.0,0.0,1.0,0.0,0.3333333333333333,0.14285714285714285,0.0
Nuh,Haryana,2023-10-09,0,2023,10,9,9,29.68,56.53,1.86,0.0,0.0,0.0,0.0,0.0,0.14285714285714285,1.0
Nuh,Haryana,2023-10-10,1,2023,10,10,10,28.61,55.94,1.61,0.0,0.0,0.0,0.0,0.0,0.14285714285714285,0.0
Nuh,Haryana,2023-10-11,0,2023,10,11,11,26.85,52.82,1.69,0.0,1.0,0.0,0.0,0.3333333333333333,0.2857142857142857,0.0
Nuh,Haryana,2023-10-12,0,2023,10,12,12,26.62,46.05,1.2,0.0,0.0,0.0,1.0,0.3333333333333333,0.2857142857142857,0.0
Nuh,Haryana,2023-10-13,0,2023,10,13,13,27.5,46.05,1.19,0.0,0.0,1.0,0.0,0.3333333333333333,0.14285714285714285,0.0
Nuh,Haryana,2023-10-14,0,2023,10,14,14,28.31,45.34,1.01,0.0,0.0,0.0,0.0,0.0,0.14285714285714285,0.0
Nuh,Haryana,2023-10-15,0,2023,10,15,15,28.51,45.29,1.3,0.01,0.0,0.0,0.0,0.0,0.14285714285714285,0.0
Nuh,Haryana,2023-10-16,0,2023,10,16,16,25.94,58.9,2.04,1.78,0.0,0.0,0.0,0.0,0.14285714285714285,0.0
Nuh,Haryana,2023-10-17,0,2023,10,17,17,23.9,68.22,1.98,3.1,0.0,0.0,1.0,0.0,0.14285714285714285,1.0
Nuh,Haryana,2023-10-18,1,2023,10,18,18,23.6,57.59,2.16,0.0,0.0,0.0,0.0,0.0,0.0,1.0
Nuh,Haryana,2023-10-19,1,2023,10,19,19,23.46,55.51,1.54,0.0,1.0,0.0,0.0,0.3333333333333333,0.14285714285714285,0.0
Nuh,Haryana,2023-10-20,0,2023,10,20,20,23.66,54.62,1.07,0.0,1.0,0.0,0.0,0.6666666666666666,0.2857142857142857,0.0
Nuh,Haryana,2023-10-21,0,2023,10,21,21,23.63,53.41,1.1,0.0,0.0,1.0,0.0,0.6666666666666666,0.2857142857142857,0.0
Nuh,Haryana,2023-10-22,0,2023,10,22,22,24.23,47.85,1.22,0.0,0.0,1.0,0.0,0.3333333333333333,0.2857142857142857,0.0
Nuh,Haryana,2023-10-23,0,2023,10,23,23,23.71,52.81,1.56,0.0,0.0,0.0,0.0,0.0,0.2857142857142857,0.0
Nuh,Haryana,2023-10-24,0,2023,10,24,24,23.97,54.8,1.5,0.0,0.0,0.0,0.0,0.0,0.2857142857142857,0.0
Nuh,Haryana,2023-10-25,0,2023,10,25,25,23.88,52.92,1.89,0.0,0.0,0.0,1.0,0.0,0.2857142857142857,0.0
Nuh,Haryana,2023-10-26,0,2023,10,26,26,23.35,48.3,1.8,0.0,0.0,0.0,1.0,0.0,0.14285714285714285,1.0
Nuh,Haryana,2023-10-27,1,2023,10,27,27,24.11,40.57,1.39,0.0,0.0,0.0,0.0,0.0,0.0,0.0
Nuh,Haryana,2023-10-28,0,2023,10,28,28,24.7,40.49,1.28,0.0,1.0,0.0,0.0,0.3333333333333333,0.14285714285714285,0.0
Nuh,Haryana,2023-10-29,0,2023,10,29,29,25.23,41.68,1.28,0.0,0.0,0.0,0.0,0.3333333333333333,0.14285714285714285,0.0
Nuh,Haryana,2023-10-30,0,2023,10,30,30,24.82,46.27,1.34,0.0,0.0,1.0,0.0,0.3333333333333333,0.14285714285714285,0.0
Nuh,Haryana,2023-10-31,0,2023,10,31,31,24.61,49.28,1.24,0.0,0.0,0.0,0.0,0.0,0.14285714285714285,0.0
Nuh,Haryana,2023-11-01,0,2023,11,1,32,25.07,44.19,1.2,0.0,0.0,0.0,0.0,0.0,0.14285714285714285,0.0
Nuh,Haryana,2023-11-02,0,2023,11,2,33,24.26,42.07,1.21,0.0,0.0,0.0,0.0,0.0,0.14285714285714285,1.0
Nuh,Haryana,2023-11-03,1,2023,11,3,34,24.35,46.64,1.28,0.0,0.0,0.0,1.0,0.0,0.14285714285714285,0.0
Nuh,Haryana,2023-11-04,0,2023,11,4,35,24.34,49.45,1.02,0.0,1.0,0.0,0.0,0.3333333333333333,0.14285714285714285,0.0
Nuh,Haryana,2023-11-05,0,2023,11,5,36,23.79,43.23,1.08,0.0,0.0,0.0,0.0,0.3333333333333333,0.14285714285714285,0.0
Nuh,Haryana,2023-11-06,0,2023,11,6,37,23.66,39.25,1.08,0.0,0.0,1.0,0.0,0.3333333333333333,0.14285714285714285,2.0
Nuh,Haryana,2023-11-07,2,2023,11,7,38,23.63,40.56,1.12,0.0,0.0,0.0,0.0,0.0,0.14285714285714285,0.0
Nuh,Haryana,2023-11-08,0,2023,11,8,39,23.44,45.52,1.12,0.0,2.0,0.0,0.0,0.6666666666666666,0.42857142857142855,0.0
Nuh,Haryana,2023-11-09,0,2023,11,9,40,24.45,47.21,1.06,0.01,0.0,0.0,0.0,0.6666666666666666,0.42857142857142855,0.0
Nuh,Haryana,2023-11-10,0,2023,11,10,41,21.84,56.79,1.35,5.66,0.0,2.0,1.0,0.6666666666666666,0.42857142857142855,0.0
Nuh,Haryana,2023-11-11,0,2023,11,11,42,19.68,63.96,2.0,0.32,0.0,0.0,0.0,0.0,0.2857142857142857,0.0
Nuh,Haryana,2023-11-12,0,2023,11,12,43,19.6,59.95,1.49,0.0,0.0,0.0,0.0,0.0,0.2857142857142857,0.0
Nuh,Haryana,2023-11-13,0,2023,11,13,44,19.97,52.92,0.95,0.0,0.0,0.0,0.0,0.0,0.2857142857142857,0.0
Nuh,Haryana,2023-11-14,0,2023,11,14,45,19.96,45.67,0.97,0.0,0.0,0.0,2.0,0.0,0.2857142857142857,0.0
Nuh,Haryana,2023-11-15,0,2023,11,15,46,18.7,48.47,1.4,0.0,0.0,0.0,0.0,0.0,0.0,0.0
Nuh,Haryana,2023-11-16,0,2023,11,16,47,19.64,49.86,0.85,0.0,0.0,0.0,0.0,0.0,0.0,0.0
Nuh,Haryana,2023-11-17,0,2023,11,17,48,20.43,49.79,1.08,0.0,0.0,0.0,0.0,0.0,0.0,0.0
Nuh,Haryana,2023-11-18,0,2023,11,18,49,20.06,46.83,0.99,0.0,0.0,0.0,0.0,0.0,0.0,0.0
Nuh,Haryana,2023-11-19,0,2023,11,19,50,19.68,45.18,1.24,0.0,0.0,0.0,0.0,0.0,0.0,0.0
Nuh,Haryana,2023-11-20,0,2023,11,20,51,20.43,47.28,0.85,0.0,0.0,0.0,0.0,0.0,0.0,0.0
Nuh,Haryana,2023-11-21,0,2023,11,21,52,18.77,54.41,1.85,0.0,0.0,0.0,0.0,0.0,0.0,0.0
Nuh,Haryana,2023-11-22,0,2023,11,22,53,18.46,47.61,1.65,0.0,0.0,0.0,0.0,0.0,0.0,0.0
Nuh,Haryana,2023-11-23,0,2023,11,23,54,19.32,41.18,0.77,0.0,0.0,0.0,0.0,0.0,0.0,1.0
Nuh,Haryana,2023-11-24,1,2023,11,24,55,18.99,45.69,1.02,0.0,0.0,0.0,0.0,0.0,0.0,0.0
Nuh,Haryana,2023-11-25,0,2023,11,25,56,18.85,44.89,0.97,0.0,1.0,0.0,0.0,0.3333333333333333,0.14285714285714285,0.0
Nuh,Haryana,2023-11-26,0,2023,11,26,57,18.5,47.43,1.56,0.0,0.0,0.0,0.0,0.3333333333333333,0.14285714285714285,0.0
Nuh,Haryana,2023-11-27,0,2023,11,27,58,17.17,50.69,1.82,0.3,0.0,1.0,0.0,0.3333333333333333,0.14285714285714285,0.0
Nuh,Haryana,2023-11-28,0,2023,11,28,59,17.66,63.54,1.25,4.07,0.0,0.0,0.0,0.0,0.14285714285714285,0.0
Nuh,Haryana,2023-11-29,0,2023,11,29,60,18.43,63.02,1.07,0.11,0.0,0.0,0.0,0.0,0.14285714285714285,0.0
Nuh,Haryana,2023-11-30,0,2023,11,30,61,18.94,68.72,1.32,0.0,0.0,0.0,0.0,0.0,0.14285714285714285,0.0
Nuh,Haryana,2024-10-01,0,2024,10,1,1,27.99,74.73,1.99,0.0,0.0,0.0,1.0,0.0,0.14285714285714285,0.0
Nuh,Haryana,2024-10-02,0,2024,10,2,2,27.42,72.48,2.42,0.0,0.0,0.0,0.0,0.0,0.0,1.0
Nuh,Haryana,2024-10-03,1,2024,10,3,3,27.44,73.28,2.72,0.0,0.0,0.0,0.0,0.0,0.0,0.0
Nuh,Haryana,2024-10-04,0,2024,10,4,4,27.76,77.16,2.24,1.23,1.0,0.0,0.0,0.3333333333333333,0.14285714285714285,0.0
Nuh,Haryana,2024-10-05,0,2024,10,5,5,27.95,73.61,2.01,0.36,0.0,0.0,0.0,0.3333333333333333,0.14285714285714285,0.0
Nuh,Haryana,2024-10-06,0,2024,10,6,6,27.05,71.07,1.58,0.0,0.0,1.0,0.0,0.3333333333333333,0.14285714285714285,1.0
Nuh,Haryana,2024-10-07,1,2024,10,7,7,27.06,65.97,0.97,0.0,0.0,0.0,0.0,0.0,0.14285714285714285,0.0
Nuh,Haryana,2024-10-08,0,2024,10,8,8,26.59,67.17,0.96,0.0,1.0,0.0,0.0,0.3333333333333333,0.2857142857142857,1.0
Nuh,Haryana,2024-10-09,1,2024,10,9,9,27.17,61.58,0.94,0.0,0.0,0.0,0.0,0.3333333333333333,0.2857142857142857,0.0
Nuh,Haryana,2024-10-10,0,2024,10,10,10,26.56,63.7,1.29,0.0,1.0,1.0,1.0,0.6666666666666666,0.42857142857142855,0.0
Nuh,Haryana,2024-10-11,0,2024,10,11,11,25.6,56.58,1.42,0.0,0.0,0.0,0.0,0.3333333333333333,0.2857142857142857,1.0
Nuh,Haryana,2024-10-12,1,2024,10,12,12,25.29,53.61,1.33,0.0,0.0,1.0,0.0,0.3333333333333333,0.2857142857142857,0.0
Nuh,Haryana,2024-10-13,0,2024,10,13,13,25.03,71.15,1.19,0.0,1.0,0.0,0.0,0.3333333333333333,0.42857142857142855,0.0
Nuh,Haryana,2024-10-14,0,2024,10,14,14,26.36,63.25,1.31,0.0,0.0,0.0,1.0,0.3333333333333333,0.42857142857142855,0.0
Nuh,Haryana,2024-10-15,0,2024,10,15,15,25.94,52.9,1.44,0.0,0.0,1.0,0.0,0.3333333333333333,0.2857142857142857,0.0
Nuh,Haryana,2024-10-16,0,2024,10,16,16,26.09,50.47,1.24,0.0,0.0,0.0,1.0,0.0,0.2857142857142857,0.0
Nuh,Haryana,2024-10-17,0,2024,10,17,17,26.85,55.17,1.17,0.0,0.0,0.0,0.0,0.0,0.14285714285714285,0.0
Nuh,Haryana,2024-10-18,0,2024,10,18,18,27.21,57.16,1.2,0.0,0.0,0.0,0.0,0.0,0.14285714285714285,0.0
Nuh,Haryana,2024-10-19,0,2024,10,19,19,26.98,62.0,1.65,0.0,0.0,0.0,1.0,0.0,0.14285714285714285,0.0
Nuh,Haryana,2024-10-20,0,2024,10,20,20,27.06,63.1,1.09,0.0,0.0,0.0,0.0,0.0,0.0,0.0
Nuh,Haryana,2024-10-21,0,2024,10,21,21,26.67,68.9,1.03,0.67,0.0,0.0,0.0,0.0,0.0,0.0
Nuh,Haryana,2024-10-22,0,2024,10,22,22,25.74,66.1,0.92,0.15,0.0,0.0,0.0,0.0,0.0,0.0
Nuh,Haryana,2024-10-23,0,2024,10,23,23,25.73,58.33,1.45,0.0,0.0,0.0,0.0,0.0,0.0,2.0
Nuh,Haryana,2024-10-24,2,2024,10,24,24,24.89,59.12,2.33,0.0,0.0,0.0,0.0,0.0,0.0,0.0
Nuh,Haryana,2024-10-25,0,2024,10,25,25,25.82,56.39,1.88,0.0,2.0,0.0,0.0,0.6666666666666666,0.2857142857142857,1.0
Nuh,Haryana,2024-10-26,1,2024,10,26,26,25.32,56.63,1.72,0.0,0.0,0.0,0.0,0.6666666666666666,0.2857142857142857,0.0
Nuh,Haryana,2024-10-27,0,2024,10,27,27,24.65,63.98,1.35,0.0,1.0,2.0,0.0,1.0,0.42857142857142855,0.0
Nuh,Haryana,2024-10-28,0,2024,10,28,28,24.85,74.92,2.04,0.0,0.0,0.0,0.0,0.3333333333333333,0.42857142857142855,0.0
Nuh,Haryana,2024-10-29,0,2024,10,29,29,26.21,71.52,1.38,0.0,0.0,1.0,0.0,0.3333333333333333,0.42857142857142855,0.0
Nuh,Haryana,2024-10-30,0,2024,10,30,30,27.35,52.67,1.24,0.0,0.0,0.0,0.0,0.0,0.42857142857142855,2.0
Nuh,Haryana,2024-10-31,2,2024,10,31,31,25.7,55.05,1.73,0.0,0.0,0.0,2.0,0.0,0.42857142857142855,0.0
Nuh,Haryana,2024-11-01,0,2024,11,1,32,24.96,48.48,2.04,0.0,2.0,0.0,0.0,0.6666666666666666,0.42857142857142855,0.0
Nuh,Haryana,2024-11-02,0,2024,11,2,33,25.34,52.02,1.09,0.0,0.0,0.0,1.0,0.6666666666666666,0.42857142857142855,0.0
Nuh,Haryana,2024-11-03,0,2024,11,3,34,24.13,59.43,1.12,0.0,0.0,2.0,0.0,0.6666666666666666,0.2857142857142857,0.0
Nuh,Haryana,2024-11-04,0,2024,11,4,35,23.33,63.13,1.15,0.0,0.0,0.0,0.0,0.0,0.2857142857142857,0.0
Nuh,Haryana,2024-11-05,0,2024,11,5,36,22.79,68.74,1.52,0.0,0.0,0.0,0.0,0.0,0.2857142857142857,0.0
Nuh,Haryana,2024-11-06,0,2024,11,6,37,23.32,65.79,1.32,0.0,0.0,0.0,0.0,0.0,0.2857142857142857,0.0
Nuh,Haryana,2024-11-07,0,2024,11,7,38,23.44,69.19,1.3,0.0,0.0,0.0,2.0,0.0,0.2857142857142857,0.0
Nuh,Haryana,2024-11-08,0,2024,11,8,39,23.7,69.18,1.25,0.0,0.0,0.0,0.0,0.0,0.0,0.0
Nuh,Haryana,2024-11-09,0,2024,11,9,40,23.85,71.85,1.89,0.0,0.0,0.0,0.0,0.0,0.0,0.0
Nuh,Haryana,2024-11-10,0,2024,11,10,41,24.17,57.79,1.31,0.0,0.0,0.0,0.0,0.0,0.0,0.0
Nuh,Haryana,2024-11-11,0,2024,11,11,42,24.78,54.27,0.76,0.0,0.0,0.0,0.0,0.0,0.0,0.0
Nuh,Haryana,2024-11-12,0,2024,11,12,43,23.91,53.77,1.19,0.0,0.0,0.0,0.0,0.0,0.0,0.0
Nuh,Haryana,2024-11-13,0,2024,11,13,44,22.09,49.52,1.27,0.0,0.0,0.0,0.0,0.0,0.0,0.0
Nuh,Haryana,2024-11-14,0,2024,11,14,45,22.39,50.64,0.86,0.0,0.0,0.0,0.0,0.0,0.0,0.0
Nuh,Haryana,2024-11-15,0,2024,11,15,46,22.3,55.49,1.41,0.0,0.0,0.0,0.0,0.0,0.0,0.0
Nuh,Haryana,2024-11-16,0,2024,11,16,47,22.41,47.63,1.37,0.0,0.0,0.0,0.0,0.0,0.0,0.0
Nuh,Haryana,2024-11-17,0,2024,11,17,48,22.0,51.7,0.98,0.0,0.0,0.0,0.0,0.0,0.0,0.0
Nuh,Haryana,2024-11-18,0,2024,11,18,49,19.32,52.69,1.37,0.0,0.0,0.0,0.0,0.0,0.0,1.0
Nuh,Haryana,2024-11-19,1,2024,11,19,50,18.67,48.05,1.69,0.0,0.0,0.0,0.0,0.0,0.0,0.0
Nuh,Haryana,2024-11-20,0,2024,11,20,51,19.0,43.64,1.16,0.0,1.0,0.0,0.0,0.3333333333333333,0.14285714285714285,0.0
Nuh,Haryana,2024-11-21,0,2024,11,21,52,19.49,39.9,1.15,0.0,0.0,0.0,0.0,0.3333333333333333,0.14285714285714285,0.0
Nuh,Haryana,2024-11-22,0,2024,11,22,53,18.8,44.0,1.41,0.0,0.0,1.0,0.0,0.3333333333333333,0.14285714285714285,0.0
Nuh,Haryana,2024-11-23,0,2024,11,23,54,19.2,49.56,1.48,0.0,0.0,0.0,0.0,0.0,0.14285714285714285,0.0
Nuh,Haryana,2024-11-24,0,2024,11,24,55,19.6,50.87,2.04,0.0,0.0,0.0,0.0,0.0,0.14285714285714285,1.0
Nuh,Haryana,2024-11-25,1,2024,11,25,56,18.62,51.45,1.8,0.0,0.0,0.0,0.0,0.0,0.14285714285714285,0.0
Nuh,Haryana,2024-11-26,0,2024,11,26,57,18.61,46.82,1.69,0.0,1.0,0.0,1.0,0.3333333333333333,0.2857142857142857,0.0
Nuh,Haryana,2024-11-27,0,2024,11,27,58,19.09,48.53,1.43,0.0,0.0,0.0,0.0,0.3333333333333333,0.14285714285714285,0.0
Nuh,Haryana,2024-11-28,0,2024,11,28,59,19.14,44.66,0.8,0.0,0.0,1.0,0.0,0.3333333333333333,0.14285714285714285,0.0
Nuh,Haryana,2024-11-29,0,2024,11,29,60,18.61,43.95,1.01,0.0,0.0,0.0,0.0,0.0,0.14285714285714285,0.0
Nuh,Haryana,2024-11-30,0,2024,11,30,61,18.03,48.64,1.46,0.0,0.0,0.0,0.0,0.0,0.14285714285714285,0.0
Nuh,Haryana,2025-10-01,0,2025,10,1,1,26.58,79.44,1.06,1.16,0.0,0.0,0.0,0.0,0.14285714285714285,0.0
Nuh,Haryana,2025-10-02,0,2025,10,2,2,26.22,81.48,1.54,3.0,0.0,0.0,1.0,0.0,0.14285714285714285,0.0
Nuh,Haryana,2025-10-03,0,2025,10,3,3,26.13,83.89,1.5,0.01,0.0,0.0,0.0,0.0,0.0,0.0
Nuh,Haryana,2025-10-04,0,2025,10,4,4,27.85,70.59,1.24,0.0,0.0,0.0,0.0,0.0,0.0,0.0
Nuh,Haryana,2025-10-05,0,2025,10,5,5,27.2,71.59,1.55,1.52,0.0,0.0,0.0,0.0,0.0,0.0
Nuh,Haryana,2025-10-06,0,2025,10,6,6,25.37,83.1,1.52,16.4,0.0,0.0,0.0,0.0,0.0,0.0
Nuh,Haryana,2025-10-07,0,2025,10,7,7,24.41,82.81,1.85,17.67,0.0,0.0,0.0,0.0,0.0,0.0
Nuh,Haryana,2025-10-08,0,2025,10,8,8,22.05,78.41,1.54,0.09,0.0,0.0,0.0,0.0,0.0,0.0
Nuh,Haryana,2025-10-09,0,2025,10,9,9,22.12,68.97,1.62,0.0,0.0,0.0,0.0,0.0,0.0,0.0
Nuh,Haryana,2025-10-10,0,2025,10,10,10,22.44,63.59,1.24,0.0,0.0,0.0,0.0,0.0,0.0,0.0
Nuh,Haryana,2025-10-11,0,2025,10,11,11,23.06,61.5,1.18,0.0,0.0,0.0,0.0,0.0,0.0,0.0
Nuh,Haryana,2025-10-12,0,2025,10,12,12,24.08,61.29,1.1,0.0,0.0,0.0,0.0,0.0,0.0,0.0
Nuh,Haryana,2025-10-13,0,2025,10,13,13,23.98,56.63,0.98,0.0,0.0,0.0,0.0,0.0,0.0,1.0
Nuh,Haryana,2025-10-14,1,2025,10,14,14,23.32,59.16,1.05,0.0,0.0,0.0,0.0,0.0,0.0,0.0
Nuh,Haryana,2025-10-15,0,2025,10,15,15,22.92,61.42,1.23,0.0,1.0,0.0,0.0,0.3333333333333333,0.14285714285714285,0.0
Nuh,Haryana,2025-10-16,0,2025,10,16,16,23.34,57.11,1.1,0.0,0.0,0.0,0.0,0.3333333333333333,0.14285714285714285,0.0
Nuh,Haryana,2025-10-17,0,2025,10,17,17,24.31,52.56,0.88,0.0,0.0,1.0,0.0,0.3333333333333333,0.14285714285714285,0.0
Nuh,Haryana,2025-10-18,0,2025,10,18,18,23.51,59.99,1.18,0.0,0.0,0.0,0.0,0.0,0.14285714285714285,1.0
Nuh,Haryana,2025-10-19,1,2025,10,19,19,23.39,63.3,1.55,0.0,0.0,0.0,0.0,0.0,0.14285714285714285,1.0
Nuh,Haryana,2025-10-20,1,2025,10,20,20,23.61,64.66,1.77,0.0,1.0,0.0,0.0,0.3333333333333333,0.2857142857142857,0.0
Nuh,Haryana,2025-10-21,0,2025,10,21,21,24.11,69.97,1.15,0.0,1.0,0.0,1.0,0.6666666666666666,0.42857142857142855,0.0
Nuh,Haryana,2025-10-22,0,2025,10,22,22,25.42,60.45,0.9,0.0,0.0,1.0,0.0,0.6666666666666666,0.2857142857142857,0.0
Nuh,Haryana,2025-10-23,0,2025,10,23,23,24.81,50.74,1.01,0.0,0.0,1.0,0.0,0.3333333333333333,0.2857142857142857,0.0
Nuh,Haryana,2025-10-24,0,2025,10,24,24,23.73,53.78,1.12,0.0,0.0,0.0,0.0,0.0,0.2857142857142857,0.0
Nuh,Haryana,2025-10-25,0,2025,10,25,25,23.03,54.75,1.13,0.0,0.0,0.0,0.0,0.0,0.2857142857142857,0.0
Nuh,Haryana,2025-10-26,0,2025,10,26,26,22.62,61.2,1.28,0.0,0.0,0.0,1.0,0.0,0.2857142857142857,0.0
Nuh,Haryana,2025-10-27,0,2025,10,27,27,21.71,74.1,1.56,1.2,0.0,0.0,1.0,0.0,0.14285714285714285,0.0
Nuh,Haryana,2025-10-28,0,2025,10,28,28,20.33,78.03,1.51,0.08,0.0,0.0,0.0,0.0,0.0,0.0
Nuh,Haryana,2025-10-29,0,2025,10,29,29,22.55,71.74,1.18,0.07,0.0,0.0,0.0,0.0,0.0,0.0
Nuh,Haryana,2025-10-30,0,2025,10,30,30,22.37,81.54,1.25,0.78,0.0,0.0,0.0,0.0,0.0,0.0
Nuh,Haryana,2025-10-31,0,2025,10,31,31,23.93,72.15,1.21,0.01,0.0,0.0,0.0,0.0,0.0,0.0
Nuh,Haryana,2025-11-01,0,2025,11,1,32,23.89,58.97,1.34,0.0,0.0,0.0,0.0,0.0,0.0,0.0
Nuh,Haryana,2025-11-02,0,2025,11,2,33,23.22,50.97,1.58,0.0,0.0,0.0,0.0,0.0,0.0,0.0
Nuh,Haryana,2025-11-03,0,2025,11,3,34,22.69,44.99,2.2,0.0,0.0,0.0,0.0,0.0,0.0,0.0
Nuh,Haryana,2025-11-04,0,2025,11,4,35,20.87,58.39,1.18,0.02,0.0,0.0,0.0,0.0,0.0,0.0
Nuh,Haryana,2025-11-05,0,2025,11,5,36,21.47,56.95,1.53,0.0,0.0,0.0,0.0,0.0,0.0,0.0
Nuh,Haryana,2025-11-06,0,2025,11,6,37,18.11,52.33,2.31,0.0,0.0,0.0,0.0,0.0,0.0,0.0
Nuh,Haryana,2025-11-07,0,2025,11,7,38,17.29,43.02,2.2,0.0,0.0,0.0,0.0,0.0,0.0,0.0
Nuh,Haryana,2025-11-08,0,2025,11,8,39,17.6,42.56,1.78,0.0,0.0,0.0,0.0,0.0,0.0,0.0
Nuh,Haryana,2025-11-09,0,2025,11,9,40,18.35,41.66,1.63,0.0,0.0,0.0,0.0,0.0,0.0,0.0
Nuh,Haryana,2025-11-10,0,2025,11,10,41,18.9,40.99,1.29,0.0,0.0,0.0,0.0,0.0,0.0,2.0
Nuh,Haryana,2025-11-11,2,2025,11,11,42,18.6,41.52,1.4,0.0,0.0,0.0,0.0,0.0,0.0,0.0
Nuh,Haryana,2025-11-12,0,2025,11,12,43,18.38,44.38,1.72,0.0,2.0,0.0,0.0,0.6666666666666666,0.2857142857142857,0.0
Nuh,Haryana,2025-11-13,0,2025,11,13,44,17.73,44.57,1.51,0.0,0.0,0.0,0.0,0.6666666666666666,0.2857142857142857,0.0
Nuh,Haryana,2025-11-14,0,2025,11,14,45,18.41,39.08,1.35,0.0,0.0,2.0,0.0,0.6666666666666666,0.2857142857142857,0.0
Nuh,Haryana,2025-11-15,0,2025,11,15,46,18.41,37.3,1.44,0.0,0.0,0.0,0.0,0.0,0.2857142857142857,0.0
Nuh,Haryana,2025-11-16,0,2025,11,16,47,17.26,40.22,1.84,0.0,0.0,0.0,0.0,0.0,0.2857142857142857,0.0
Nuh,Haryana,2025-11-17,0,2025,11,17,48,17.32,40.68,1.57,0.0,0.0,0.0,0.0,0.0,0.2857142857142857,0.0
Nuh,Haryana,2025-11-18,0,2025,11,18,49,17.69,43.89,1.49,0.0,0.0,0.0,2.0,0.0,0.2857142857142857,0.0
Nuh,Haryana,2025-11-19,0,2025,11,19,50,17.73,49.01,1.17,0.0,0.0,0.0,0.0,0.0,0.0,0.0
Nuh,Haryana,2025-11-20,0,2025,11,20,51,17.39,61.92,1.46,0.0,0.0,0.0,0.0,0.0,0.0,0.0
Nuh,Haryana,2025-11-21,0,2025,11,21,52,17.55,64.88,1.46,0.0,0.0,0.0,0.0,0.0,0.0,0.0
Nuh,Haryana,2025-11-22,0,2025,11,22,53,18.7,52.45,1.18,0.0,0.0,0.0,0.0,0.0,0.0,0.0
Nuh,Haryana,2025-11-23,0,2025,11,23,54,18.87,41.9,0.83,0.0,0.0,0.0,0.0,0.0,0.0,0.0
Nuh,Haryana,2025-11-24,0,2025,11,24,55,18.41,42.34,0.83,0.0,0.0,0.0,0.0,0.0,0.0,0.0
Nuh,Haryana,2025-11-25,0,2025,11,25,56,17.21,40.59,1.2,0.0,0.0,0.0,0.0,0.0,0.0,0.0
Nuh,Haryana,2025-11-26,0,2025,11,26,57,16.32,41.92,1.04,0.0,0.0,0.0,0.0,0.0,0.0,0.0
Nuh,Haryana,2025-11-27,0,2025,11,27,58,16.94,42.72,1.0,0.0,0.0,0.0,0.0,0.0,0.0,0.0
Nuh,Haryana,2025-11-28,0,2025,11,28,59,17.93,48.27,1.21,0.0,0.0,0.0,0.0,0.0,0.0,0.0
Nuh,Haryana,2025-11-29,0,2025,11,29,60,17.36,53.79,1.67,0.0,0.0,0.0,0.0,0.0,0.0,0.0
Palwal,Haryana,2023-10-08,9,2023,10,8,8,28.54,55.4,1.53,0.0,6.0,5.0,1.0,4.333333333333333,4.428571428571429,3.0
Palwal,Haryana,2023-10-09,3,2023,10,9,9,29.37,58.87,1.56,0.0,9.0,2.0,6.0,5.666666666666667,5.571428571428571,1.0
Palwal,Haryana,2023-10-10,1,2023,10,10,10,28.87,59.62,1.26,0.0,3.0,6.0,7.0,6.0,5.142857142857143,8.0
Palwal,Haryana,2023-10-11,8,2023,10,11,11,26.84,56.05,1.76,0.0,1.0,9.0,4.0,4.333333333333333,4.285714285714286,4.0
Palwal,Haryana,2023-10-12,4,2023,10,12,12,26.09,49.47,1.29,0.0,8.0,3.0,5.0,4.0,4.857142857142857,8.0
Palwal,Haryana,2023-10-13,8,2023,10,13,13,26.86,48.07,1.23,0.0,4.0,1.0,2.0,4.333333333333333,4.714285714285714,7.0
Palwal,Haryana,2023-10-14,7,2023,10,14,14,27.66,48.92,1.1,0.0,8.0,8.0,6.0,6.666666666666667,5.571428571428571,12.0
Palwal,Haryana,2023-10-15,12,2023,10,15,15,27.72,50.36,1.1,0.0,7.0,4.0,9.0,6.333333333333333,5.714285714285714,6.0
Palwal,Haryana,2023-10-16,6,2023,10,16,16,26.35,59.07,2.41,0.45,12.0,8.0,3.0,9.0,6.142857142857143,1.0
Palwal,Haryana,2023-10-17,1,2023,10,17,17,24.45,65.31,1.86,5.08,6.0,7.0,1.0,8.333333333333334,6.571428571428571,5.0
Palwal,Haryana,2023-10-18,5,2023,10,18,18,22.86,60.4,2.06,0.0,1.0,12.0,8.0,6.333333333333333,6.571428571428571,5.0
Palwal,Haryana,2023-10-19,5,2023,10,19,19,23.2,57.64,1.67,0.0,5.0,6.0,4.0,4.0,6.142857142857143,5.0
Palwal,Haryana,2023-10-20,5,2023,10,20,20,23.49,56.5,1.28,0.0,5.0,1.0,8.0,3.6666666666666665,6.285714285714286,7.0
Palwal,Haryana,2023-10-21,7,2023,10,21,21,23.4,54.52,1.27,0.0,5.0,5.0,7.0,5.0,5.857142857142857,8.0
Palwal,Haryana,2023-10-22,8,2023,10,22,22,24.25,47.21,1.15,0.0,7.0,5.0,12.0,5.666666666666667,5.857142857142857,2.0
Palwal,Haryana,2023-10-23,2,2023,10,23,23,23.68,54.36,1.49,0.0,8.0,5.0,6.0,6.666666666666667,5.285714285714286,12.0
Palwal,Haryana,2023-10-24,12,2023,10,24,24,24.0,56.0,1.49,0.0,2.0,7.0,1.0,5.666666666666667,4.714285714285714,8.0
Palwal,Haryana,2023-10-25,8,2023,10,25,25,23.95,54.07,1.81,0.0,12.0,8.0,5.0,7.333333333333333,6.285714285714286,5.0
Palwal,Haryana,2023-10-26,5,2023,10,26,26,23.52,52.2,1.65,0.0,8.0,2.0,5.0,7.333333333333333,6.714285714285714,7.0
Palwal,Haryana,2023-10-27,7,2023,10,27,27,23.8,42.83,1.27,0.0,5.0,12.0,5.0,8.333333333333334,6.714285714285714,0.0
Palwal,Haryana,2023-10-28,0,2023,10,28,28,24.47,42.19,1.18,0.0,7.0,8.0,7.0,6.666666666666667,7.0,5.0
Palwal,Haryana,2023-10-29,5,2023,10,29,29,24.98,43.21,1.19,0.0,0.0,5.0,8.0,4.0,6.0,1.0
Palwal,Haryana,2023-10-30,1,2023,10,30,30,24.68,48.48,1.15,0.0,5.0,7.0,2.0,4.0,5.571428571428571,3.0
Palwal,Haryana,2023-10-31,3,2023,10,31,31,24.67,50.88,1.09,0.0,1.0,0.0,12.0,2.0,5.428571428571429,4.0
Palwal,Haryana,2023-11-01,4,2023,11,1,32,25.65,45.34,1.05,0.0,3.0,5.0,8.0,3.0,4.142857142857143,0.0
Palwal,Haryana,2023-11-02,0,2023,11,2,33,24.46,43.12,1.11,0.0,4.0,1.0,5.0,2.6666666666666665,3.5714285714285716,2.0
Palwal,Haryana,2023-11-03,2,2023,11,3,34,23.81,49.64,1.14,0.0,0.0,3.0,7.0,2.3333333333333335,2.857142857142857,0.0
Palwal,Haryana,2023-11-04,0,2023,11,4,35,23.97,52.72,1.21,0.0,2.0,4.0,0.0,2.0,2.142857142857143,0.0
Palwal,Haryana,2023-11-05,0,2023,11,5,36,23.44,45.53,0.93,0.0,0.0,0.0,5.0,0.6666666666666666,2.142857142857143,0.0
Palwal,Haryana,2023-11-06,0,2023,11,6,37,23.66,39.53,1.03,0.0,0.0,2.0,1.0,0.6666666666666666,1.4285714285714286,2.0
Palwal,Haryana,2023-11-07,2,2023,11,7,38,23.5,40.12,1.06,0.0,0.0,0.0,3.0,0.0,1.2857142857142858,0.0
Palwal,Haryana,2023-11-08,0,2023,11,8,39,23.46,46.83,1.01,0.0,2.0,0.0,4.0,0.6666666666666666,1.1428571428571428,3.0
Palwal,Haryana,2023-11-09,3,2023,11,9,40,24.18,50.53,1.03,0.0,0.0,0.0,0.0,0.6666666666666666,0.5714285714285714,2.0
Palwal,Haryana,2023-11-10,2,2023,11,10,41,21.76,59.08,1.19,6.15,3.0,2.0,2.0,1.6666666666666667,1.0,0.0
Palwal,Haryana,2023-11-11,0,2023,11,11,42,20.1,63.67,1.96,0.21,2.0,0.0,0.0,1.6666666666666667,1.0,0.0
Palwal,Haryana,2023-11-12,0,2023,11,12,43,20.07,60.07,1.66,0.0,0.0,3.0,0.0,1.6666666666666667,1.0,0.0
Palwal,Haryana,2023-11-13,0,2023,11,13,44,20.1,52.58,1.03,0.0,0.0,2.0,0.0,0.6666666666666666,1.0,0.0
Palwal,Haryana,2023-11-14,0,2023,11,14,45,19.94,48.06,1.12,0.0,0.0,0.0,2.0,0.0,1.0,0.0
Palwal,Haryana,2023-11-15,0,2023,11,15,46,18.98,51.46,1.36,0.0,0.0,0.0,0.0,0.0,0.7142857142857143,0.0
Palwal,Haryana,2023-11-16,0,2023,11,16,47,19.92,51.87,1.02,0.0,0.0,0.0,3.0,0.0,0.7142857142857143,0.0
Palwal,Haryana,2023-11-17,0,2023,11,17,48,20.38,51.78,1.12,0.0,0.0,0.0,2.0,0.0,0.2857142857142857,0.0
Palwal,Haryana,2023-11-18,0,2023,11,18,49,20.06,47.11,1.1,0.0,0.0,0.0,0.0,0.0,0.0,0.0
Palwal,Haryana,2023-11-19,0,2023,11,19,50,19.83,47.58,1.05,0.0,0.0,0.0,0.0,0.0,0.0,0.0
Palwal,Haryana,2023-11-20,0,2023,11,20,51,20.36,49.64,1.07,0.0,0.0,0.0,0.0,0.0,0.0,0.0
Palwal,Haryana,2023-11-21,0,2023,11,21,52,18.83,57.53,1.93,0.0,0.0,0.0,0.0,0.0,0.0,0.0
Palwal,Haryana,2023-11-22,0,2023,11,22,53,18.45,53.66,1.71,0.0,0.0,0.0,0.0,0.0,0.0,0.0
Palwal,Haryana,2023-11-23,0,2023,11,23,54,19.11,46.6,0.88,0.0,0.0,0.0,0.0,0.0,0.0,1.0
Palwal,Haryana,2023-11-24,1,2023,11,24,55,19.09,47.26,0.83,0.0,0.0,0.0,0.0,0.0,0.0,0.0
Palwal,Haryana,2023-11-25,0,2023,11,25,56,19.16,45.38,0.87,0.0,1.0,0.0,0.0,0.3333333333333333,0.14285714285714285,0.0
Palwal,Haryana,2023-11-26,0,2023,11,26,57,18.19,50.08,1.06,0.0,0.0,0.0,0.0,0.3333333333333333,0.14285714285714285,0.0
Palwal,Haryana,2023-11-27,0,2023,11,27,58,17.38,53.61,1.78,0.1,0.0,1.0,0.0,0.3333333333333333,0.14285714285714285,0.0
Palwal,Haryana,2023-11-28,0,2023,11,28,59,18.26,57.72,1.18,3.01,0.0,0.0,0.0,0.0,0.14285714285714285,0.0
Palwal,Haryana,2023-11-29,0,2023,11,29,60,18.57,61.59,1.04,0.18,0.0,0.0,0.0,0.0,0.14285714285714285,0.0
Palwal,Haryana,2023-11-30,0,2023,11,30,61,19.39,68.45,1.25,0.0,0.0,0.0,0.0,0.0,0.14285714285714285,1.0
Palwal,Haryana,2024-10-01,1,2024,10,1,1,27.59,78.34,2.0,0.0,0.0,0.0,1.0,0.0,0.14285714285714285,2.0
Palwal,Haryana,2024-10-02,2,2024,10,2,2,27.36,75.66,2.19,0.0,1.0,0.0,0.0,0.3333333333333333,0.14285714285714285,1.0
Palwal,Haryana,2024-10-03,1,2024,10,3,3,27.39,73.54,2.22,0.0,2.0,0.0,0.0,1.0,0.42857142857142855,1.0
Palwal,Haryana,2024-10-04,1,2024,10,4,4,27.39,78.87,1.69,0.21,1.0,1.0,0.0,1.3333333333333333,0.5714285714285714,3.0
Palwal,Haryana,2024-10-05,3,2024,10,5,5,27.88,76.8,1.74,0.09,1.0,2.0,0.0,1.3333333333333333,0.7142857142857143,7.0
Palwal,Haryana,2024-10-06,7,2024,10,6,6,27.1,73.29,1.34,0.0,3.0,1.0,0.0,1.6666666666666667,1.1428571428571428,2.0
Palwal,Haryana,2024-10-07,2,2024,10,7,7,26.87,69.73,1.13,0.0,7.0,1.0,0.0,3.6666666666666665,2.142857142857143,13.0
Palwal,Haryana,2024-10-08,13,2024,10,8,8,26.71,65.94,0.9,0.0,2.0,3.0,1.0,4.0,2.4285714285714284,1.0
Palwal,Haryana,2024-10-09,1,2024,10,9,9,26.77,66.33,1.08,0.0,13.0,7.0,2.0,7.333333333333333,4.142857142857143,3.0
Palwal,Haryana,2024-10-10,3,2024,10,10,10,26.33,66.38,1.49,0.0,1.0,2.0,1.0,5.333333333333333,4.0,2.0
Palwal,Haryana,2024-10-11,2,2024,10,11,11,25.19,61.63,1.46,0.0,3.0,13.0,1.0,5.666666666666667,4.285714285714286,9.0
Palwal,Haryana,2024-10-12,9,2024,10,12,12,24.84,57.72,1.4,0.0,2.0,1.0,3.0,2.0,4.428571428571429,1.0
Palwal,Haryana,2024-10-13,1,2024,10,13,13,24.94,71.94,1.25,0.0,9.0,3.0,7.0,4.666666666666667,5.285714285714286,2.0
Palwal,Haryana,2024-10-14,2,2024,10,14,14,26.11,66.14,1.33,0.0,1.0,2.0,2.0,4.0,4.428571428571429,3.0
Palwal,Haryana,2024-10-15,3,2024,10,15,15,25.25,59.57,1.4,0.0,2.0,9.0,13.0,4.0,4.428571428571429,1.0
Palwal,Haryana,2024-10-16,1,2024,10,16,16,24.85,58.08,1.26,0.0,3.0,1.0,1.0,2.0,3.0,0.0
Palwal,Haryana,2024-10-17,0,2024,10,17,17,25.51,64.89,1.46,0.0,1.0,2.0,3.0,2.0,3.0,2.0
Palwal,Haryana,2024-10-18,2,2024,10,18,18,26.2,63.66,1.21,0.0,0.0,3.0,2.0,1.3333333333333333,2.5714285714285716,2.0
Palwal,Haryana,2024-10-19,2,2024,10,19,19,26.05,69.44,1.46,0.0,2.0,1.0,9.0,1.0,2.5714285714285716,1.0
Palwal,Haryana,2024-10-20,1,2024,10,20,20,26.33,67.76,0.98,0.0,2.0,0.0,1.0,1.3333333333333333,1.5714285714285714,3.0
Palwal,Haryana,2024-10-21,3,2024,10,21,21,26.09,75.4,0.92,0.13,1.0,2.0,2.0,1.6666666666666667,1.5714285714285714,1.0
Palwal,Haryana,2024-10-22,1,2024,10,22,22,25.62,72.5,0.92,0.01,3.0,2.0,3.0,2.0,1.7142857142857142,1.0
Palwal,Haryana,2024-10-23,1,2024,10,23,23,25.27,63.45,1.39,0.0,1.0,1.0,1.0,1.6666666666666667,1.4285714285714286,2.0
Palwal,Haryana,2024-10-24,2,2024,10,24,24,24.95,62.64,2.01,0.0,1.0,3.0,0.0,1.6666666666666667,1.4285714285714286,3.0
Palwal,Haryana,2024-10-25,3,2024,10,25,25,25.66,59.66,1.65,0.0,2.0,1.0,2.0,1.3333333333333333,1.7142857142857142,0.0
Palwal,Haryana,2024-10-26,0,2024,10,26,26,24.97,60.47,1.63,0.0,3.0,1.0,2.0,2.0,1.8571428571428572,1.0
Palwal,Haryana,2024-10-27,1,2024,10,27,27,23.84,71.33,1.31,0.0,0.0,2.0,1.0,1.6666666666666667,1.5714285714285714,2.0
Palwal,Haryana,2024-10-28,2,2024,10,28,28,24.24,79.43,1.9,0.0,1.0,3.0,3.0,1.3333333333333333,1.5714285714285714,6.0
Palwal,Haryana,2024-10-29,6,2024,10,29,29,25.49,75.92,1.58,0.0,2.0,0.0,1.0,1.0,1.4285714285714286,2.0
Palwal,Haryana,2024-10-30,2,2024,10,30,30,27.02,61.32,1.28,0.0,6.0,1.0,1.0,3.0,2.142857142857143,5.0
Palwal,Haryana,2024-10-31,5,2024,10,31,31,26.41,54.31,1.57,0.0,2.0,2.0,2.0,3.3333333333333335,2.2857142857142856,5.0
Palwal,Haryana,2024-11-01,5,2024,11,1,32,24.78,49.13,1.86,0.0,5.0,6.0,3.0,4.333333333333333,2.7142857142857144,7.0
Palwal,Haryana,2024-11-02,7,2024,11,2,33,24.72,53.63,1.07,0.0,5.0,2.0,0.0,4.0,3.0,0.0
Palwal,Haryana,2024-11-03,0,2024,11,3,34,23.71,63.97,1.02,0.0,7.0,5.0,1.0,5.666666666666667,4.0,0.0
Palwal,Haryana,2024-11-04,0,2024,11,4,35,22.77,71.5,1.01,0.0,0.0,5.0,2.0,4.0,3.857142857142857,0.0
Palwal,Haryana,2024-11-05,0,2024,11,5,36,22.61,70.4,1.34,0.0,0.0,7.0,6.0,2.3333333333333335,3.5714285714285716,0.0
Palwal,Haryana,2024-11-06,0,2024,11,6,37,22.72,69.9,1.21,0.0,0.0,0.0,2.0,0.0,2.7142857142857144,0.0
Palwal,Haryana,2024-11-07,0,2024,11,7,38,22.8,72.8,1.39,0.0,0.0,0.0,5.0,0.0,2.4285714285714284,0.0
Palwal,Haryana,2024-11-08,0,2024,11,8,39,23.3,74.22,1.39,0.0,0.0,0.0,5.0,0.0,1.7142857142857142,4.0
Palwal,Haryana,2024-11-09,4,2024,11,9,40,23.47,75.49,2.26,0.0,0.0,0.0,7.0,0.0,1.0,1.0
Palwal,Haryana,2024-11-10,1,2024,11,10,41,23.44,68.83,1.74,0.0,4.0,0.0,0.0,1.3333333333333333,0.5714285714285714,0.0
Palwal,Haryana,2024-11-11,0,2024,11,11,42,23.34,68.54,1.39,0.0,1.0,0.0,0.0,1.6666666666666667,0.7142857142857143,1.0
Palwal,Haryana,2024-11-12,1,2024,11,12,43,23.79,58.97,1.34,0.0,0.0,4.0,0.0,1.6666666666666667,0.7142857142857143,2.0
Palwal,Haryana,2024-11-13,2,2024,11,13,44,22.34,51.47,1.24,0.0,1.0,1.0,0.0,0.6666666666666666,0.8571428571428571,0.0
Palwal,Haryana,2024-11-14,0,2024,11,14,45,22.69,48.98,0.89,0.0,2.0,0.0,0.0,1.0,1.1428571428571428,0.0
Palwal,Haryana,2024-11-15,0,2024,11,15,46,22.19,56.14,1.45,0.0,0.0,1.0,0.0,1.0,1.1428571428571428,0.0
Palwal,Haryana,2024-11-16,0,2024,11,16,47,22.53,47.31,1.34,0.0,0.0,2.0,4.0,0.6666666666666666,1.1428571428571428,0.0
Palwal,Haryana,2024-11-17,0,2024,11,17,48,22.18,50.67,0.88,0.0,0.0,0.0,1.0,0.0,0.5714285714285714,0.0
Palwal,Haryana,2024-11-18,0,2024,11,18,49,19.6,52.27,1.37,0.0,0.0,0.0,0.0,0.0,0.42857142857142855,0.0
Palwal,Haryana,2024-11-19,0,2024,11,19,50,18.83,47.79,1.56,0.0,0.0,0.0,1.0,0.0,0.42857142857142855,0.0
Palwal,Haryana,2024-11-20,0,2024,11,20,51,19.11,43.67,1.11,0.0,0.0,0.0,2.0,0.0,0.2857142857142857,0.0
Palwal,Haryana,2024-11-21,0,2024,11,21,52,19.46,40.86,1.07,0.0,0.0,0.0,0.0,0.0,0.0,0.0
Palwal,Haryana,2024-11-22,0,2024,11,22,53,18.87,42.07,1.26,0.0,0.0,0.0,0.0,0.0,0.0,0.0
Palwal,Haryana,2024-11-23,0,2024,11,23,54,18.56,51.92,1.47,0.0,0.0,0.0,0.0,0.0,0.0,0.0
Palwal,Haryana,2024-11-24,0,2024,11,24,55,19.66,51.06,1.79,0.0,0.0,0.0,0.0,0.0,0.0,0.0
Palwal,Haryana,2024-11-25,0,2024,11,25,56,18.52,50.83,1.75,0.0,0.0,0.0,0.0,0.0,0.0,0.0
Palwal,Haryana,2024-11-26,0,2024,11,26,57,18.34,46.53,1.64,0.0,0.0,0.0,0.0,0.0,0.0,0.0
Palwal,Haryana,2024-11-27,0,2024,11,27,58,18.73,48.11,1.44,0.0,0.0,0.0,0.0,0.0,0.0,0.0
Palwal,Haryana,2024-11-28,0,2024,11,28,59,19.16,45.08,0.75,0.0,0.0,0.0,0.0,0.0,0.0,0.0
Palwal,Haryana,2024-11-29,0,2024,11,29,60,18.99,42.02,0.81,0.0,0.0,0.0,0.0,0.0,0.0,2.0
Palwal,Haryana,2024-11-30,2,2024,11,30,61,18.23,46.9,1.31,0.0,0.0,0.0,0.0,0.0,0.0,0.0
Palwal,Haryana,2025-10-01,0,2025,10,1,1,26.46,81.54,0.86,0.07,2.0,0.0,0.0,0.6666666666666666,0.2857142857142857,0.0
Palwal,Haryana,2025-10-02,0,2025,10,2,2,26.11,83.55,1.36,1.17,0.0,0.0,0.0,0.6666666666666666,0.2857142857142857,0.0
Palwal,Haryana,2025-10-03,0,2025,10,3,3,26.32,85.41,1.41,0.05,0.0,2.0,0.0,0.6666666666666666,0.2857142857142857,1.0
Palwal,Haryana,2025-10-04,1,2025,10,4,4,27.24,77.05,1.26,0.01,0.0,0.0,0.0,0.0,0.2857142857142857,0.0
Palwal,Haryana,2025-10-05,0,2025,10,5,5,26.74,73.75,1.32,0.27,1.0,0.0,0.0,0.3333333333333333,0.42857142857142855,0.0
Palwal,Haryana,2025-10-06,0,2025,10,6,6,25.23,84.44,1.29,10.02,0.0,0.0,0.0,0.3333333333333333,0.42857142857142855,0.0
Palwal,Haryana,2025-10-07,0,2025,10,7,7,24.18,86.6,2.06,17.71,0.0,1.0,2.0,0.3333333333333333,0.42857142857142855,0.0
Palwal,Haryana,2025-10-08,0,2025,10,8,8,22.5,81.69,1.21,0.14,0.0,0.0,0.0,0.0,0.14285714285714285,0.0
Palwal,Haryana,2025-10-09,0,2025,10,9,9,22.0,74.94,1.59,0.0,0.0,0.0,0.0,0.0,0.14285714285714285,1.0
Palwal,Haryana,2025-10-10,1,2025,10,10,10,22.28,65.89,1.09,0.0,0.0,0.0,0.0,0.0,0.14285714285714285,0.0
Palwal,Haryana,2025-10-11,0,2025,10,11,11,23.0,61.48,0.94,0.0,1.0,0.0,1.0,0.3333333333333333,0.2857142857142857,0.0
Palwal,Haryana,2025-10-12,0,2025,10,12,12,23.89,65.19,1.04,0.0,0.0,0.0,0.0,0.3333333333333333,0.14285714285714285,0.0
Palwal,Haryana,2025-10-13,0,2025,10,13,13,23.81,61.21,0.89,0.0,0.0,1.0,0.0,0.3333333333333333,0.14285714285714285,0.0
Palwal,Haryana,2025-10-14,0,2025,10,14,14,23.37,60.67,0.93,0.0,0.0,0.0,0.0,0.0,0.14285714285714285,0.0
Palwal,Haryana,2025-10-15,0,2025,10,15,15,23.16,60.58,1.02,0.0,0.0,0.0,0.0,0.0,0.14285714285714285,1.0
Palwal,Haryana,2025-10-16,1,2025,10,16,16,22.98,58.53,0.99,0.0,0.0,0.0,0.0,0.0,0.14285714285714285,0.0
Palwal,Haryana,2025-10-17,0,2025,10,17,17,23.55,60.07,0.69,0.0,1.0,0.0,1.0,0.3333333333333333,0.2857142857142857,1.0
Palwal,Haryana,2025-10-18,1,2025,10,18,18,23.1,66.27,1.08,0.0,0.0,0.0,0.0,0.3333333333333333,0.14285714285714285,0.0
Palwal,Haryana,2025-10-19,0,2025,10,19,19,23.49,66.03,1.28,0.0,1.0,1.0,0.0,0.6666666666666666,0.2857142857142857,4.0
Palwal,Haryana,2025-10-20,4,2025,10,20,20,24.09,66.21,1.49,0.0,0.0,0.0,0.0,0.3333333333333333,0.2857142857142857,1.0
Palwal,Haryana,2025-10-21,1,2025,10,21,21,24.02,73.84,1.05,0.0,4.0,1.0,0.0,1.6666666666666667,0.8571428571428571,5.0
Palwal,Haryana,2025-10-22,5,2025,10,22,22,25.41,63.68,0.72,0.0,1.0,0.0,0.0,1.6666666666666667,1.0,0.0
Palwal,Haryana,2025-10-23,0,2025,10,23,23,24.51,56.27,1.08,0.0,5.0,4.0,1.0,3.3333333333333335,1.7142857142857142,2.0
Palwal,Haryana,2025-10-24,2,2025,10,24,24,23.52,56.15,1.03,0.0,0.0,1.0,0.0,2.0,1.5714285714285714,0.0
Palwal,Haryana,2025-10-25,0,2025,10,25,25,22.48,60.56,1.07,0.0,2.0,5.0,1.0,2.3333333333333335,1.8571428571428572,3.0
Palwal,Haryana,2025-10-26,3,2025,10,26,26,23.24,56.67,0.95,0.0,0.0,0.0,0.0,0.6666666666666666,1.7142857142857142,0.0
Palwal,Haryana,2025-10-27,0,2025,10,27,27,21.2,72.19,1.25,0.41,3.0,2.0,4.0,1.6666666666666667,2.142857142857143,0.0
Palwal,Haryana,2025-10-28,0,2025,10,28,28,19.85,81.99,1.34,1.6,0.0,0.0,1.0,1.0,1.5714285714285714,0.0
Palwal,Haryana,2025-10-29,0,2025,10,29,29,22.78,73.48,0.87,0.01,0.0,3.0,5.0,1.0,1.4285714285714286,0.0
Palwal,Haryana,2025-10-30,0,2025,10,30,30,22.52,84.07,1.09,1.08,0.0,0.0,0.0,0.0,0.7142857142857143,0.0
Palwal,Haryana,2025-10-31,0,2025,10,31,31,23.02,78.99,1.3,0.06,0.0,0.0,2.0,0.0,0.7142857142857143,2.0
Palwal,Haryana,2025-11-01,2,2025,11,1,32,23.66,66.09,1.4,0.0,0.0,0.0,0.0,0.0,0.42857142857142855,6.0
Palwal,Haryana,2025-11-02,6,2025,11,2,33,23.06,55.26,1.52,0.0,2.0,0.0,3.0,0.6666666666666666,0.7142857142857143,6.0
Palwal,Haryana,2025-11-03,6,2025,11,3,34,21.68,53.18,2.03,0.0,6.0,0.0,0.0,2.6666666666666665,1.1428571428571428,0.0
Palwal,Haryana,2025-11-04,0,2025,11,4,35,20.58,62.63,1.14,0.0,6.0,2.0,0.0,4.666666666666667,2.0,2.0
Palwal,Haryana,2025-11-05,2,2025,11,5,36,21.6,57.61,1.3,0.0,0.0,6.0,0.0,4.0,2.0,2.0
Palwal,Haryana,2025-11-06,2,2025,11,6,37,18.37,59.18,2.22,0.0,2.0,6.0,0.0,2.6666666666666665,2.2857142857142856,1.0
Palwal,Haryana,2025-11-07,1,2025,11,7,38,17.11,50.59,2.06,0.0,2.0,0.0,0.0,1.3333333333333333,2.5714285714285716,0.0
Palwal,Haryana,2025-11-08,0,2025,11,8,39,16.68,49.08,1.58,0.0,1.0,2.0,2.0,1.6666666666666667,2.7142857142857144,0.0
Palwal,Haryana,2025-11-09,0,2025,11,9,40,17.4,49.26,1.64,0.0,0.0,2.0,6.0,1.0,2.4285714285714284,5.0
Palwal,Haryana,2025-11-10,5,2025,11,10,41,17.9,48.35,1.33,0.0,0.0,1.0,6.0,0.3333333333333333,1.5714285714285714,1.0
Palwal,Haryana,2025-11-11,1,2025,11,11,42,18.11,46.76,1.37,0.0,5.0,0.0,0.0,1.6666666666666667,1.4285714285714286,0.0
Palwal,Haryana,2025-11-12,0,2025,11,12,43,17.65,51.13,1.73,0.0,1.0,0.0,2.0,2.0,1.5714285714285714,0.0
Palwal,Haryana,2025-11-13,0,2025,11,13,44,17.5,48.53,1.42,0.0,0.0,5.0,2.0,2.0,1.2857142857142858,2.0
Palwal,Haryana,2025-11-14,2,2025,11,14,45,17.77,44.56,1.24,0.0,0.0,1.0,1.0,0.3333333333333333,1.0,0.0
Palwal,Haryana,2025-11-15,0,2025,11,15,46,17.66,43.49,1.48,0.0,2.0,0.0,0.0,0.6666666666666666,1.1428571428571428,0.0
Palwal,Haryana,2025-11-16,0,2025,11,16,47,16.62,46.34,1.76,0.0,0.0,0.0,0.0,0.6666666666666666,1.1428571428571428,0.0
Palwal,Haryana,2025-11-17,0,2025,11,17,48,16.77,45.23,1.41,0.0,0.0,2.0,5.0,0.6666666666666666,1.1428571428571428,0.0
Palwal,Haryana,2025-11-18,0,2025,11,18,49,17.3,49.01,1.36,0.0,0.0,0.0,1.0,0.0,0.42857142857142855,0.0
Palwal,Haryana,2025-11-19,0,2025,11,19,50,17.52,55.16,1.19,0.0,0.0,0.0,0.0,0.0,0.2857142857142857,1.0
Palwal,Haryana,2025-11-20,1,2025,11,20,51,17.09,67.37,1.36,0.0,0.0,0.0,0.0,0.0,0.2857142857142857,0.0
Palwal,Haryana,2025-11-21,0,2025,11,21,52,17.03,69.09,1.33,0.0,1.0,0.0,2.0,0.3333333333333333,0.42857142857142855,0.0
Palwal,Haryana,2025-11-22,0,2025,11,22,53,17.78,62.85,1.27,0.0,0.0,0.0,0.0,0.3333333333333333,0.14285714285714285,0.0
Palwal,Haryana,2025-11-23,0,2025,11,23,54,18.16,55.21,0.98,0.0,0.0,1.0,0.0,0.3333333333333333,0.14285714285714285,0.0
Palwal,Haryana,2025-11-24,0,2025,11,24,55,17.9,50.67,0.9,0.0,0.0,0.0,0.0,0.0,0.14285714285714285,0.0
Palwal,Haryana,2025-11-25,0,2025,11,25,56,16.87,43.7,1.3,0.0,0.0,0.0,0.0,0.0,0.14285714285714285,0.0
Palwal,Haryana,2025-11-26,0,2025,11,26,57,16.17,43.96,0.99,0.0,0.0,0.0,0.0,0.0,0.14285714285714285,1.0
Palwal,Haryana,2025-11-27,1,2025,11,27,58,16.92,42.49,0.75,0.0,0.0,0.0,1.0,0.0,0.14285714285714285,0.0
Palwal,Haryana,2025-11-28,0,2025,11,28,59,17.47,50.61,1.35,0.0,1.0,0.0,0.0,0.3333333333333333,0.14285714285714285,0.0
Palwal,Haryana,2025-11-29,0,2025,11,29,60,17.42,55.71,1.77,0.0,0.0,0.0,0.0,0.3333333333333333,0.14285714285714285,0.0
Panchkula,Haryana,2023-10-08,2,2023,10,8,8,24.65,68.55,1.31,0.0,2.0,0.0,2.0,1.3333333333333333,1.4285714285714286,2.0
Panchkula,Haryana,2023-10-09,2,2023,10,9,9,25.11,69.82,1.0,0.0,2.0,2.0,3.0,2.0,1.4285714285714286,0.0
Panchkula,Haryana,2023-10-10,0,2023,10,10,10,24.64,68.07,1.35,5.61,2.0,2.0,1.0,2.0,1.2857142857142858,5.0
Panchkula,Haryana,2023-10-11,5,2023,10,11,11,22.85,70.94,1.78,0.0,0.0,2.0,0.0,1.3333333333333333,1.1428571428571428,6.0
Panchkula,Haryana,2023-10-12,6,2023,10,12,12,22.92,67.62,1.33,0.0,5.0,2.0,0.0,2.3333333333333335,1.8571428571428572,3.0
Panchkula,Haryana,2023-10-13,3,2023,10,13,13,22.71,68.92,1.25,0.0,6.0,0.0,2.0,3.6666666666666665,2.7142857142857144,2.0
Panchkula,Haryana,2023-10-14,2,2023,10,14,14,23.93,64.4,1.56,1.5,3.0,5.0,2.0,4.666666666666667,2.857142857142857,0.0
Panchkula,Haryana,2023-10-15,0,2023,10,15,15,23.74,63.93,1.13,0.19,2.0,6.0,2.0,3.6666666666666665,2.857142857142857,0.0
Panchkula,Haryana,2023-10-16,0,2023,10,16,16,21.16,78.39,1.26,18.94,0.0,3.0,2.0,1.6666666666666667,2.5714285714285716,0.0
Panchkula,Haryana,2023-10-17,0,2023,10,17,17,20.31,78.22,1.23,3.51,0.0,2.0,0.0,0.6666666666666666,2.2857142857142856,1.0
Panchkula,Haryana,2023-10-18,1,2023,10,18,18,19.58,73.45,1.96,0.44,0.0,0.0,5.0,0.0,2.2857142857142856,2.0
Panchkula,Haryana,2023-10-19,2,2023,10,19,19,19.67,70.75,1.65,0.0,1.0,0.0,6.0,0.3333333333333333,1.7142857142857142,0.0
Panchkula,Haryana,2023-10-20,0,2023,10,20,20,20.13,63.65,1.04,0.0,2.0,0.0,3.0,1.0,1.1428571428571428,3.0
Panchkula,Haryana,2023-10-21,3,2023,10,21,21,20.77,59.04,1.05,0.0,0.0,1.0,2.0,1.0,0.7142857142857143,0.0
Panchkula,Haryana,2023-10-22,0,2023,10,22,22,20.86,66.85,1.34,0.0,3.0,2.0,0.0,1.6666666666666667,0.8571428571428571,0.0
Panchkula,Haryana,2023-10-23,0,2023,10,23,23,21.42,64.45,0.94,0.13,0.0,0.0,0.0,1.0,0.8571428571428571,2.0
Panchkula,Haryana,2023-10-24,2,2023,10,24,24,21.94,63.46,1.13,0.02,0.0,3.0,0.0,1.0,0.8571428571428571,0.0
Panchkula,Haryana,2023-10-25,0,2023,10,25,25,21.8,64.3,1.16,0.0,2.0,0.0,1.0,0.6666666666666666,1.1428571428571428,1.0
Panchkula,Haryana,2023-10-26,1,2023,10,26,26,21.16,63.58,1.88,0.0,0.0,0.0,2.0,0.6666666666666666,1.0,0.0
Panchkula,Haryana,2023-10-27,0,2023,10,27,27,20.84,62.17,1.77,0.0,1.0,2.0,0.0,1.0,0.8571428571428571,2.0
Panchkula,Haryana,2023-10-28,2,2023,10,28,28,21.47,64.12,1.26,0.0,0.0,0.0,3.0,0.3333333333333333,0.8571428571428571,0.0
Panchkula,Haryana,2023-10-29,0,2023,10,29,29,21.97,63.9,1.12,0.0,2.0,1.0,0.0,1.0,0.7142857142857143,0.0
Panchkula,Haryana,2023-10-30,0,2023,10,30,30,21.21,65.38,1.21,0.0,0.0,0.0,0.0,0.6666666666666666,0.7142857142857143,1.0
Panchkula,Haryana,2023-10-31,1,2023,10,31,31,21.8,60.66,1.12,0.0,0.0,2.0,2.0,0.6666666666666666,0.7142857142857143,1.0
Panchkula,Haryana,2023-11-01,1,2023,11,1,32,22.49,56.19,1.1,0.0,1.0,0.0,0.0,0.3333333333333333,0.5714285714285714,1.0
Panchkula,Haryana,2023-11-02,1,2023,11,2,33,22.31,55.16,0.98,0.0,1.0,0.0,1.0,0.6666666666666666,0.7142857142857143,0.0
Panchkula,Haryana,2023-11-03,0,2023,11,3,34,21.49,58.63,1.03,0.0,1.0,1.0,0.0,1.0,0.7142857142857143,0.0
Panchkula,Haryana,2023-11-04,0,2023,11,4,35,21.17,56.18,1.4,0.0,0.0,1.0,2.0,0.6666666666666666,0.7142857142857143,0.0
Panchkula,Haryana,2023-11-05,0,2023,11,5,36,20.74,56.53,1.34,0.0,0.0,1.0,0.0,0.3333333333333333,0.42857142857142855,0.0
Panchkula,Haryana,2023-11-06,0,2023,11,6,37,20.23,55.95,1.13,0.0,0.0,0.0,0.0,0.0,0.42857142857142855,0.0
Panchkula,Haryana,2023-11-07,0,2023,11,7,38,20.34,57.82,1.51,0.0,0.0,0.0,1.0,0.0,0.42857142857142855,0.0
Panchkula,Haryana,2023-11-08,0,2023,11,8,39,20.77,61.54,1.64,0.0,0.0,0.0,1.0,0.0,0.2857142857142857,0.0
Panchkula,Haryana,2023-11-09,0,2023,11,9,40,20.74,62.96,1.72,0.0,0.0,0.0,1.0,0.0,0.14285714285714285,0.0
Panchkula,Haryana,2023-11-10,0,2023,11,10,41,18.47,70.41,1.54,1.51,0.0,0.0,0.0,0.0,0.0,0.0
Panchkula,Haryana,2023-11-11,0,2023,11,11,42,17.9,67.52,1.44,0.02,0.0,0.0,0.0,0.0,0.0,0.0
Panchkula,Haryana,2023-11-12,0,2023,11,12,43,18.45,63.44,1.83,0.0,0.0,0.0,0.0,0.0,0.0,0.0
Panchkula,Haryana,2023-11-13,0,2023,11,13,44,18.74,57.31,1.16,0.0,0.0,0.0,0.0,0.0,0.0,0.0
Panchkula,Haryana,2023-11-14,0,2023,11,14,45,19.31,55.75,1.14,0.0,0.0,0.0,0.0,0.0,0.0,0.0
Panchkula,Haryana,2023-11-15,0,2023,11,15,46,19.92,55.8,1.39,0.0,0.0,0.0,0.0,0.0,0.0,0.0
Panchkula,Haryana,2023-11-16,0,2023,11,16,47,20.02,54.26,1.23,0.0,0.0,0.0,0.0,0.0,0.0,0.0
Panchkula,Haryana,2023-11-17,0,2023,11,17,48,20.78,51.67,1.41,0.0,0.0,0.0,0.0,0.0,0.0,0.0
Panchkula,Haryana,2023-11-18,0,2023,11,18,49,20.74,55.01,1.38,0.0,0.0,0.0,0.0,0.0,0.0,0.0
Panchkula,Haryana,2023-11-19,0,2023,11,19,50,19.35,62.76,1.51,0.0,0.0,0.0,0.0,0.0,0.0,0.0
Panchkula,Haryana,2023-11-20,0,2023,11,20,51,18.9,62.95,1.04,0.0,0.0,0.0,0.0,0.0,0.0,0.0
Panchkula,Haryana,2023-11-21,0,2023,11,21,52,18.43,61.3,2.23,0.0,0.0,0.0,0.0,0.0,0.0,0.0
Panchkula,Haryana,2023-11-22,0,2023,11,22,53,17.44,60.75,2.2,0.0,0.0,0.0,0.0,0.0,0.0,0.0
Panchkula,Haryana,2023-11-23,0,2023,11,23,54,18.18,51.13,1.17,0.0,0.0,0.0,0.0,0.0,0.0,0.0
Panchkula,Haryana,2023-11-24,0,2023,11,24,55,17.79,53.58,1.09,0.0,0.0,0.0,0.0,0.0,0.0,0.0
Panchkula,Haryana,2023-11-25,0,2023,11,25,56,17.94,53.08,1.12,0.0,0.0,0.0,0.0,0.0,0.0,0.0
Panchkula,Haryana,2023-11-26,0,2023,11,26,57,17.54,56.82,1.37,0.0,0.0,0.0,0.0,0.0,0.0,0.0
Panchkula,Haryana,2023-11-27,0,2023,11,27,58,17.35,64.01,1.47,0.03,0.0,0.0,0.0,0.0,0.0,0.0
Panchkula,Haryana,2023-11-28,0,2023,11,28,59,18.22,54.28,1.2,0.0,0.0,0.0,0.0,0.0,0.0,0.0
Panchkula,Haryana,2023-11-29,0,2023,11,29,60,19.41,54.0,1.24,0.33,0.0,0.0,0.0,0.0,0.0,0.0
Panchkula,Haryana,2023-11-30,0,2023,11,30,61,17.18,76.89,1.25,9.06,0.0,0.0,0.0,0.0,0.0,0.0
Panchkula,Haryana,2024-10-01,0,2024,10,1,1,25.87,85.73,2.35,0.0,0.0,0.0,0.0,0.0,0.0,0.0
Panchkula,Haryana,2024-10-02,0,2024,10,2,2,25.79,76.19,1.95,0.0,0.0,0.0,0.0,0.0,0.0,0.0
Panchkula,Haryana,2024-10-03,0,2024,10,3,3,26.32,68.48,1.43,0.0,0.0,0.0,0.0,0.0,0.0,0.0
Panchkula,Haryana,2024-10-04,0,2024,10,4,4,25.9,70.24,1.22,0.0,0.0,0.0,0.0,0.0,0.0,1.0
Panchkula,Haryana,2024-10-05,1,2024,10,5,5,26.01,68.4,1.19,0.27,0.0,0.0,0.0,0.0,0.0,5.0
Panchkula,Haryana,2024-10-06,5,2024,10,6,6,25.83,69.86,1.63,1.87,1.0,0.0,0.0,0.3333333333333333,0.14285714285714285,5.0
Panchkula,Haryana,2024-10-07,5,2024,10,7,7,25.57,70.12,1.38,0.0,5.0,0.0,0.0,2.0,0.8571428571428571,0.0
Panchkula,Haryana,2024-10-08,0,2024,10,8,8,24.8,70.88,1.16,0.02,5.0,1.0,0.0,3.6666666666666665,1.5714285714285714,3.0
Panchkula,Haryana,2024-10-09,3,2024,10,9,9,24.29,73.46,1.99,0.0,0.0,5.0,0.0,3.3333333333333335,1.5714285714285714,0.0
Panchkula,Haryana,2024-10-10,0,2024,10,10,10,23.23,71.67,1.99,0.0,3.0,5.0,0.0,2.6666666666666665,2.0,2.0
Panchkula,Haryana,2024-10-11,2,2024,10,11,11,23.3,69.76,2.08,0.0,0.0,0.0,0.0,1.0,2.0,3.0
Panchkula,Haryana,2024-10-12,3,2024,10,12,12,24.23,62.06,1.42,0.0,2.0,3.0,1.0,1.6666666666666667,2.2857142857142856,5.0
Panchkula,Haryana,2024-10-13,5,2024,10,13,13,24.54,55.88,1.2,0.0,3.0,0.0,5.0,1.6666666666666667,2.5714285714285716,4.0
Panchkula,Haryana,2024-10-14,4,2024,10,14,14,23.34,58.69,1.66,0.0,5.0,2.0,5.0,3.3333333333333335,2.5714285714285716,3.0
Panchkula,Haryana,2024-10-15,3,2024,10,15,15,23.05,64.46,1.97,1.11,4.0,3.0,0.0,4.0,2.4285714285714284,0.0
Panchkula,Haryana,2024-10-16,0,2024,10,16,16,24.32,61.82,1.31,0.0,3.0,5.0,3.0,4.0,2.857142857142857,0.0
Panchkula,Haryana,2024-10-17,0,2024,10,17,17,24.41,61.09,1.27,0.0,0.0,4.0,0.0,2.3333333333333335,2.4285714285714284,1.0
Panchkula,Haryana,2024-10-18,1,2024,10,18,18,24.76,58.57,1.38,0.0,0.0,3.0,2.0,1.0,2.4285714285714284,1.0
Panchkula,Haryana,2024-10-19,1,2024,10,19,19,23.26,64.7,1.49,0.0,1.0,0.0,3.0,0.3333333333333333,2.2857142857142856,4.0
Panchkula,Haryana,2024-10-20,4,2024,10,20,20,23.35,65.09,1.29,0.0,1.0,0.0,5.0,0.6666666666666666,2.0,0.0
Panchkula,Haryana,2024-10-21,0,2024,10,21,21,23.41,67.72,1.03,0.0,4.0,1.0,4.0,2.0,1.8571428571428572,1.0
Panchkula,Haryana,2024-10-22,1,2024,10,22,22,23.42,70.93,1.32,0.0,0.0,1.0,3.0,1.6666666666666667,1.2857142857142858,0.0
Panchkula,Haryana,2024-10-23,0,2024,10,23,23,24.31,63.56,1.78,0.0,1.0,4.0,0.0,1.6666666666666667,1.0,1.0
Panchkula,Haryana,2024-10-24,1,2024,10,24,24,24.17,58.85,1.9,0.0,0.0,0.0,0.0,0.3333333333333333,1.0,0.0
Panchkula,Haryana,2024-10-25,0,2024,10,25,25,24.22,57.68,2.04,0.0,1.0,1.0,1.0,0.6666666666666666,1.1428571428571428,0.0
Panchkula,Haryana,2024-10-26,0,2024,10,26,26,23.88,58.41,1.52,0.0,0.0,0.0,1.0,0.3333333333333333,1.0,1.0
Panchkula,Haryana,2024-10-27,1,2024,10,27,27,23.15,69.83,1.34,0.0,0.0,1.0,4.0,0.3333333333333333,0.8571428571428571,0.0
Panchkula,Haryana,2024-10-28,0,2024,10,28,28,23.73,78.46,1.58,0.0,1.0,0.0,0.0,0.3333333333333333,0.42857142857142855,1.0
Panchkula,Haryana,2024-10-29,1,2024,10,29,29,25.05,73.27,1.12,0.0,0.0,0.0,1.0,0.3333333333333333,0.42857142857142855,1.0
Panchkula,Haryana,2024-10-30,1,2024,10,30,30,25.23,63.13,1.51,0.0,1.0,1.0,0.0,0.6666666666666666,0.42857142857142855,2.0
Panchkula,Haryana,2024-10-31,2,2024,10,31,31,23.94,58.14,2.3,0.0,1.0,0.0,1.0,0.6666666666666666,0.5714285714285714,1.0
Panchkula,Haryana,2024-11-01,1,2024,11,1,32,22.45,56.69,1.98,0.0,2.0,1.0,0.0,1.3333333333333333,0.7142857142857143,3.0
Panchkula,Haryana,2024-11-02,3,2024,11,2,33,23.39,44.78,1.05,0.0,1.0,1.0,0.0,1.3333333333333333,0.8571428571428571,4.0
Panchkula,Haryana,2024-11-03,4,2024,11,3,34,22.8,50.27,1.16,0.0,3.0,2.0,1.0,2.0,1.2857142857142858,1.0
Panchkula,Haryana,2024-11-04,1,2024,11,4,35,23.37,49.4,1.04,0.0,4.0,1.0,0.0,2.6666666666666665,1.7142857142857142,0.0
Panchkula,Haryana,2024-11-05,0,2024,11,5,36,22.08,62.87,1.49,0.0,1.0,3.0,1.0,2.6666666666666665,1.8571428571428572,0.0
Panchkula,Haryana,2024-11-06,0,2024,11,6,37,22.77,61.78,1.12,0.0,0.0,4.0,1.0,1.6666666666666667,1.7142857142857142,0.0
Panchkula,Haryana,2024-11-07,0,2024,11,7,38,22.35,67.31,1.13,0.0,0.0,1.0,2.0,0.3333333333333333,1.5714285714285714,0.0
Panchkula,Haryana,2024-11-08,0,2024,11,8,39,22.84,66.68,1.07,0.0,0.0,0.0,1.0,0.0,1.2857142857142858,0.0
Panchkula,Haryana,2024-11-09,0,2024,11,9,40,22.09,74.14,1.4,0.0,0.0,0.0,3.0,0.0,1.1428571428571428,1.0
Panchkula,Haryana,2024-11-10,1,2024,11,10,41,22.37,72.46,0.91,0.0,0.0,0.0,4.0,0.0,0.7142857142857143,0.0
Panchkula,Haryana,2024-11-11,0,2024,11,11,42,22.74,69.98,0.93,0.0,1.0,0.0,1.0,0.3333333333333333,0.2857142857142857,0.0
Panchkula,Haryana,2024-11-12,0,2024,11,12,43,21.81,64.98,1.32,0.0,0.0,0.0,0.0,0.3333333333333333,0.14285714285714285,1.0
Panchkula,Haryana,2024-11-13,1,2024,11,13,44,21.1,57.3,1.48,0.0,0.0,1.0,0.0,0.3333333333333333,0.14285714285714285,0.0
Panchkula,Haryana,2024-11-14,0,2024,11,14,45,19.86,57.74,1.15,0.0,1.0,0.0,0.0,0.3333333333333333,0.2857142857142857,0.0
Panchkula,Haryana,2024-11-15,0,2024,11,15,46,20.15,56.38,1.38,0.0,0.0,0.0,0.0,0.3333333333333333,0.2857142857142857,0.0
Panchkula,Haryana,2024-11-16,0,2024,11,16,47,19.5,58.14,1.87,0.0,0.0,1.0,0.0,0.3333333333333333,0.2857142857142857,0.0
Panchkula,Haryana,2024-11-17,0,2024,11,17,48,18.96,52.95,1.71,0.0,0.0,0.0,1.0,0.0,0.2857142857142857,1.0
Panchkula,Haryana,2024-11-18,1,2024,11,18,49,18.58,53.8,1.38,0.0,0.0,0.0,0.0,0.0,0.14285714285714285,0.0
Panchkula,Haryana,2024-11-19,0,2024,11,19,50,18.53,51.81,1.59,0.0,1.0,0.0,0.0,0.3333333333333333,0.2857142857142857,0.0
Panchkula,Haryana,2024-11-20,0,2024,11,20,51,18.09,49.45,1.51,0.0,0.0,0.0,1.0,0.3333333333333333,0.2857142857142857,0.0
Panchkula,Haryana,2024-11-21,0,2024,11,21,52,17.93,47.6,1.65,0.0,0.0,1.0,0.0,0.3333333333333333,0.14285714285714285,0.0
Panchkula,Haryana,2024-11-22,0,2024,11,22,53,18.13,46.14,1.4,0.0,0.0,0.0,0.0,0.0,0.14285714285714285,0.0
Panchkula,Haryana,2024-11-23,0,2024,11,23,54,17.86,49.32,0.95,0.0,0.0,0.0,0.0,0.0,0.14285714285714285,0.0
Panchkula,Haryana,2024-11-24,0,2024,11,24,55,18.49,50.89,1.79,0.0,0.0,0.0,0.0,0.0,0.14285714285714285,0.0
Panchkula,Haryana,2024-11-25,0,2024,11,25,56,17.29,55.25,2.16,0.0,0.0,0.0,1.0,0.0,0.14285714285714285,0.0
Panchkula,Haryana,2024-11-26,0,2024,11,26,57,17.02,50.21,1.82,0.0,0.0,0.0,0.0,0.0,0.0,0.0
Panchkula,Haryana,2024-11-27,0,2024,11,27,58,16.86,49.41,1.53,0.0,0.0,0.0,0.0,0.0,0.0,0.0
Panchkula,Haryana,2024-11-28,0,2024,11,28,59,16.85,47.43,1.7,0.0,0.0,0.0,0.0,0.0,0.0,0.0
Panchkula,Haryana,2024-11-29,0,2024,11,29,60,17.27,46.93,1.32,0.0,0.0,0.0,0.0,0.0,0.0,0.0
Panchkula,Haryana,2024-11-30,0,2024,11,30,61,17.3,45.19,1.69,0.0,0.0,0.0,0.0,0.0,0.0,3.0
Panchkula,Haryana,2025-10-01,3,2025,10,1,1,26.62,80.1,1.03,0.15,0.0,0.0,0.0,0.0,0.0,1.0
Panchkula,Haryana,2025-10-02,1,2025,10,2,2,26.98,79.85,0.7,5.96,3.0,0.0,0.0,1.0,0.42857142857142855,0.0
Panchkula,Haryana,2025-10-03,0,2025,10,3,3,25.46,86.69,1.07,1.22,1.0,0.0,0.0,1.3333333333333333,0.5714285714285714,0.0
Panchkula,Haryana,2025-10-04,0,2025,10,4,4,25.67,85.27,2.08,0.31,0.0,3.0,0.0,1.3333333333333333,0.5714285714285714,0.0
Panchkula,Haryana,2025-10-05,0,2025,10,5,5,25.17,76.08,1.35,1.05,0.0,1.0,0.0,0.3333333333333333,0.5714285714285714,0.0
Panchkula,Haryana,2025-10-06,0,2025,10,6,6,23.36,78.85,1.55,18.42,0.0,0.0,0.0,0.0,0.5714285714285714,0.0
Panchkula,Haryana,2025-10-07,0,2025,10,7,7,21.37,86.18,2.53,9.49,0.0,0.0,0.0,0.0,0.5714285714285714,0.0
Panchkula,Haryana,2025-10-08,0,2025,10,8,8,21.39,86.41,1.55,14.54,0.0,0.0,3.0,0.0,0.5714285714285714,0.0
Panchkula,Haryana,2025-10-09,0,2025,10,9,9,21.87,81.43,1.15,0.55,0.0,0.0,1.0,0.0,0.14285714285714285,0.0
Panchkula,Haryana,2025-10-10,0,2025,10,10,10,22.25,78.02,1.14,0.06,0.0,0.0,0.0,0.0,0.0,0.0
Panchkula,Haryana,2025-10-11,0,2025,10,11,11,22.35,81.76,1.65,0.0,0.0,0.0,0.0,0.0,0.0,0.0
Panchkula,Haryana,2025-10-12,0,2025,10,12,12,22.3,78.31,1.56,0.0,0.0,0.0,0.0,0.0,0.0,0.0
Panchkula,Haryana,2025-10-13,0,2025,10,13,13,21.97,76.88,1.68,0.0,0.0,0.0,0.0,0.0,0.0,0.0
Panchkula,Haryana,2025-10-14,0,2025,10,14,14,21.95,74.63,1.53,0.0,0.0,0.0,0.0,0.0,0.0,0.0
Panchkula,Haryana,2025-10-15,0,2025,10,15,15,22.62,75.66,1.19,0.0,0.0,0.0,0.0,0.0,0.0,0.0
Panchkula,Haryana,2025-10-16,0,2025,10,16,16,23.34,80.4,1.27,0.0,0.0,0.0,0.0,0.0,0.0,0.0
Panchkula,Haryana,2025-10-17,0,2025,10,17,17,23.55,80.63,1.17,0.0,0.0,0.0,0.0,0.0,0.0,0.0
Panchkula,Haryana,2025-10-18,0,2025,10,18,18,23.97,74.36,1.07,0.0,0.0,0.0,0.0,0.0,0.0,0.0
Panchkula,Haryana,2025-10-19,0,2025,10,19,19,23.83,70.39,1.13,0.0,0.0,0.0,0.0,0.0,0.0,2.0
Panchkula,Haryana,2025-10-20,2,2025,10,20,20,24.04,67.08,0.93,0.0,0.0,0.0,0.0,0.0,0.0,1.0
Panchkula,Haryana,2025-10-21,1,2025,10,21,21,23.66,67.92,1.02,0.02,2.0,0.0,0.0,0.6666666666666666,0.2857142857142857,0.0
Panchkula,Haryana,2025-10-22,0,2025,10,22,22,23.14,69.75,1.16,0.06,1.0,0.0,0.0,1.0,0.42857142857142855,0.0
Panchkula,Haryana,2025-10-23,0,2025,10,23,23,23.32,61.62,1.15,1.82,0.0,2.0,0.0,1.0,0.42857142857142855,0.0
Panchkula,Haryana,2025-10-24,0,2025,10,24,24,23.82,64.35,0.92,0.27,0.0,1.0,0.0,0.3333333333333333,0.42857142857142855,0.0
Panchkula,Haryana,2025-10-25,0,2025,10,25,25,22.04,72.96,1.2,0.0,0.0,0.0,0.0,0.0,0.42857142857142855,0.0
Panchkula,Haryana,2025-10-26,0,2025,10,26,26,22.54,70.77,1.17,0.0,0.0,0.0,0.0,0.0,0.42857142857142855,0.0
Panchkula,Haryana,2025-10-27,0,2025,10,27,27,22.53,69.0,0.97,0.0,0.0,0.0,2.0,0.0,0.42857142857142855,1.0
Panchkula,Haryana,2025-10-28,1,2025,10,28,28,21.79,70.55,1.15,0.0,0.0,0.0,1.0,0.0,0.14285714285714285,0.0
Panchkula,Haryana,2025-10-29,0,2025,10,29,29,22.55,68.46,0.87,0.0,1.0,0.0,0.0,0.3333333333333333,0.14285714285714285,0.0
Panchkula,Haryana,2025-10-30,0,2025,10,30,30,22.79,75.41,1.19,0.0,0.0,0.0,0.0,0.3333333333333333,0.14285714285714285,2.0
Panchkula,Haryana,2025-10-31,2,2025,10,31,31,21.9,82.38,1.53,0.0,0.0,1.0,0.0,0.3333333333333333,0.14285714285714285,0.0
Panchkula,Haryana,2025-11-01,0,2025,11,1,32,22.01,70.1,1.71,0.0,2.0,0.0,0.0,0.6666666666666666,0.42857142857142855,0.0
Panchkula,Haryana,2025-11-02,0,2025,11,2,33,20.21,71.54,2.22,0.0,0.0,0.0,0.0,0.6666666666666666,0.42857142857142855,0.0
Panchkula,Haryana,2025-11-03,0,2025,11,3,34,19.64,70.21,2.03,0.0,0.0,2.0,0.0,0.6666666666666666,0.42857142857142855,0.0
Panchkula,Haryana,2025-11-04,0,2025,11,4,35,19.76,65.57,1.61,0.1,0.0,0.0,1.0,0.0,0.42857142857142855,0.0
Panchkula,Haryana,2025-11-05,0,2025,11,5,36,20.07,65.11,1.84,0.7,0.0,0.0,0.0,0.0,0.2857142857142857,0.0
Panchkula,Haryana,2025-11-06,0,2025,11,6,37,18.21,66.84,2.11,0.0,0.0,0.0,0.0,0.0,0.2857142857142857,0.0
Panchkula,Haryana,2025-11-07,0,2025,11,7,38,17.85,55.93,1.52,0.0,0.0,0.0,2.0,0.0,0.2857142857142857,0.0
Panchkula,Haryana,2025-11-08,0,2025,11,8,39,17.94,55.15,1.42,0.0,0.0,0.0,0.0,0.0,0.0,0.0
Panchkula,Haryana,2025-11-09,0,2025,11,9,40,17.59,59.37,1.54,0.0,0.0,0.0,0.0,0.0,0.0,0.0
Panchkula,Haryana,2025-11-10,0,2025,11,10,41,18.39,54.81,1.37,0.0,0.0,0.0,0.0,0.0,0.0,0.0
Panchkula,Haryana,2025-11-11,0,2025,11,11,42,17.57,57.99,1.68,0.0,0.0,0.0,0.0,0.0,0.0,0.0
Panchkula,Haryana,2025-11-12,0,2025,11,12,43,16.53,60.9,2.08,0.0,0.0,0.0,0.0,0.0,0.0,0.0
Panchkula,Haryana,2025-11-13,0,2025,11,13,44,16.82,59.33,1.96,0.0,0.0,0.0,0.0,0.0,0.0,0.0
Panchkula,Haryana,2025-11-14,0,2025,11,14,45,16.4,58.93,1.7,0.0,0.0,0.0,0.0,0.0,0.0,0.0
Panchkula,Haryana,2025-11-15,0,2025,11,15,46,16.43,56.71,1.87,0.0,0.0,0.0,0.0,0.0,0.0,0.0
Panchkula,Haryana,2025-11-16,0,2025,11,16,47,16.35,57.67,2.02,0.0,0.0,0.0,0.0,0.0,0.0,0.0
Panchkula,Haryana,2025-11-17,0,2025,11,17,48,17.09,55.63,1.37,0.0,0.0,0.0,0.0,0.0,0.0,0.0
Panchkula,Haryana,2025-11-18,0,2025,11,18,49,17.31,59.05,1.35,0.0,0.0,0.0,0.0,0.0,0.0,0.0
Panchkula,Haryana,2025-11-19,0,2025,11,19,50,17.7,60.35,1.38,0.0,0.0,0.0,0.0,0.0,0.0,0.0
Panchkula,Haryana,2025-11-20,0,2025,11,20,51,18.63,55.24,1.0,0.0,0.0,0.0,0.0,0.0,0.0,0.0
Panchkula,Haryana,2025-11-21,0,2025,11,21,52,17.92,53.7,1.08,0.0,0.0,0.0,0.0,0.0,0.0,0.0
Panchkula,Haryana,2025-11-22,0,2025,11,22,53,16.75,59.67,1.29,0.0,0.0,0.0,0.0,0.0,0.0,0.0
Panchkula,Haryana,2025-11-23,0,2025,11,23,54,16.75,59.63,1.18,0.0,0.0,0.0,0.0,0.0,0.0,0.0
Panchkula,Haryana,2025-11-24,0,2025,11,24,55,16.14,56.45,1.48,0.0,0.0,0.0,0.0,0.0,0.0,0.0
Panchkula,Haryana,2025-11-25,0,2025,11,25,56,15.67,57.34,1.33,0.0,0.0,0.0,0.0,0.0,0.0,0.0
Panchkula,Haryana,2025-11-26,0,2025,11,26,57,16.36,56.67,1.31,0.0,0.0,0.0,0.0,0.0,0.0,0.0
Panchkula,Haryana,2025-11-27,0,2025,11,27,58,15.72,61.33,1.34,0.0,0.0,0.0,0.0,0.0,0.0,0.0
Panchkula,Haryana,2025-11-28,0,2025,11,28,59,16.58,56.34,1.26,0.0,0.0,0.0,0.0,0.0,0.0,0.0
Panchkula,Haryana,2025-11-29,0,2025,11,29,60,15.72,53.03,1.62,0.0,0.0,0.0,0.0,0.0,0.0,0.0
Panipat,Haryana,2023-10-08,5,2023,10,8,8,27.32,58.87,1.34,0.0,4.0,4.0,1.0,2.6666666666666665,2.142857142857143,7.0
Panipat,Haryana,2023-10-09,7,2023,10,9,9,27.87,61.65,1.25,0.01,5.0,0.0,1.0,3.0,2.7142857142857144,1.0
Panipat,Haryana,2023-10-10,1,2023,10,10,10,27.05,63.53,1.21,1.15,7.0,4.0,3.0,5.333333333333333,3.5714285714285716,5.0
Panipat,Haryana,2023-10-11,5,2023,10,11,11,25.43,58.7,2.07,0.0,1.0,5.0,2.0,4.333333333333333,3.2857142857142856,2.0
Panipat,Haryana,2023-10-12,2,2023,10,12,12,24.98,54.47,1.35,0.0,5.0,7.0,4.0,4.333333333333333,3.7142857142857144,1.0
Panipat,Haryana,2023-10-13,1,2023,10,13,13,25.79,52.12,1.34,0.0,2.0,1.0,0.0,2.6666666666666665,3.4285714285714284,1.0
Panipat,Haryana,2023-10-14,1,2023,10,14,14,26.57,50.6,1.47,0.0,1.0,5.0,4.0,2.6666666666666665,3.5714285714285716,4.0
Panipat,Haryana,2023-10-15,4,2023,10,15,15,25.67,56.4,0.83,0.79,1.0,2.0,5.0,1.3333333333333333,3.142857142857143,0.0
Panipat,Haryana,2023-10-16,0,2023,10,16,16,22.85,75.69,1.56,19.52,4.0,1.0,7.0,2.0,3.0,0.0
Panipat,Haryana,2023-10-17,0,2023,10,17,17,22.59,68.65,1.62,0.6,0.0,1.0,1.0,1.6666666666666667,2.0,0.0
Panipat,Haryana,2023-10-18,0,2023,10,18,18,21.81,67.94,2.5,0.22,0.0,4.0,5.0,1.3333333333333333,1.8571428571428572,0.0
Panipat,Haryana,2023-10-19,0,2023,10,19,19,21.62,62.62,1.99,0.0,0.0,0.0,2.0,0.0,1.1428571428571428,1.0
Panipat,Haryana,2023-10-20,1,2023,10,20,20,21.65,61.02,1.43,0.0,0.0,0.0,1.0,0.0,0.8571428571428571,5.0
Panipat,Haryana,2023-10-21,5,2023,10,21,21,21.9,54.56,1.15,0.0,1.0,0.0,1.0,0.3333333333333333,0.8571428571428571,1.0
Panipat,Haryana,2023-10-22,1,2023,10,22,22,22.37,58.81,1.22,0.0,5.0,0.0,4.0,2.0,1.4285714285714286,6.0
Panipat,Haryana,2023-10-23,6,2023,10,23,23,22.33,64.64,1.44,0.0,1.0,1.0,0.0,2.3333333333333335,1.0,9.0
Panipat,Haryana,2023-10-24,9,2023,10,24,24,23.09,61.09,1.29,0.0,6.0,5.0,0.0,4.0,1.8571428571428572,3.0
Panipat,Haryana,2023-10-25,3,2023,10,25,25,22.86,60.84,1.57,0.0,9.0,1.0,0.0,5.333333333333333,3.142857142857143,7.0
Panipat,Haryana,2023-10-26,7,2023,10,26,26,22.56,58.5,1.81,0.0,3.0,6.0,0.0,6.0,3.5714285714285716,1.0
Panipat,Haryana,2023-10-27,1,2023,10,27,27,22.25,50.79,1.57,0.0,7.0,9.0,1.0,6.333333333333333,4.571428571428571,3.0
Panipat,Haryana,2023-10-28,3,2023,10,28,28,22.96,53.47,1.06,0.0,1.0,3.0,5.0,3.6666666666666665,4.571428571428571,5.0
Panipat,Haryana,2023-10-29,5,2023,10,29,29,24.11,53.53,1.08,0.0,3.0,7.0,1.0,3.6666666666666665,4.285714285714286,2.0
Panipat,Haryana,2023-10-30,2,2023,10,30,30,22.97,59.3,1.16,0.0,5.0,1.0,6.0,3.0,4.857142857142857,0.0
Panipat,Haryana,2023-10-31,0,2023,10,31,31,23.03,56.8,1.09,0.0,2.0,3.0,9.0,3.3333333333333335,4.285714285714286,1.0
Panipat,Haryana,2023-11-01,1,2023,11,1,32,23.36,53.36,1.08,0.0,0.0,5.0,3.0,2.3333333333333335,3.0,1.0
Panipat,Haryana,2023-11-02,1,2023,11,2,33,23.13,53.62,1.07,0.0,1.0,2.0,7.0,1.0,2.7142857142857144,2.0
Panipat,Haryana,2023-11-03,2,2023,11,3,34,22.86,57.67,1.09,0.0,1.0,0.0,1.0,0.6666666666666666,1.8571428571428572,3.0
Panipat,Haryana,2023-11-04,3,2023,11,4,35,22.14,59.82,1.51,0.0,2.0,1.0,3.0,1.3333333333333333,2.0,10.0
Panipat,Haryana,2023-11-05,10,2023,11,5,36,21.88,47.76,1.07,0.0,3.0,1.0,5.0,2.0,2.0,7.0
Panipat,Haryana,2023-11-06,7,2023,11,6,37,21.41,48.61,1.04,0.0,10.0,2.0,2.0,5.0,2.7142857142857144,4.0
Panipat,Haryana,2023-11-07,4,2023,11,7,38,21.41,52.14,1.23,0.0,7.0,3.0,0.0,6.666666666666667,3.4285714285714284,4.0
Panipat,Haryana,2023-11-08,4,2023,11,8,39,21.73,62.36,1.52,0.0,4.0,10.0,1.0,7.0,4.0,1.0
Panipat,Haryana,2023-11-09,1,2023,11,9,40,22.57,57.0,1.54,0.0,4.0,7.0,1.0,5.0,4.428571428571429,5.0
Panipat,Haryana,2023-11-10,5,2023,11,10,41,20.48,64.99,1.78,1.91,1.0,4.0,2.0,3.0,4.428571428571429,4.0
Panipat,Haryana,2023-11-11,4,2023,11,11,42,19.16,65.14,1.9,0.0,5.0,4.0,3.0,3.3333333333333335,4.857142857142857,2.0
Panipat,Haryana,2023-11-12,2,2023,11,12,43,19.34,64.16,2.35,0.0,4.0,1.0,10.0,3.3333333333333335,5.0,1.0
Panipat,Haryana,2023-11-13,1,2023,11,13,44,18.71,57.5,1.3,0.0,2.0,5.0,7.0,3.6666666666666665,3.857142857142857,0.0
Panipat,Haryana,2023-11-14,0,2023,11,14,45,18.81,54.13,1.34,0.0,1.0,4.0,4.0,2.3333333333333335,3.0,0.0
Panipat,Haryana,2023-11-15,0,2023,11,15,46,19.0,61.38,1.55,0.0,0.0,2.0,4.0,1.0,2.4285714285714284,4.0
Panipat,Haryana,2023-11-16,4,2023,11,16,47,20.24,56.45,0.97,0.0,0.0,1.0,1.0,0.3333333333333333,1.8571428571428572,0.0
Panipat,Haryana,2023-11-17,0,2023,11,17,48,21.02,54.28,1.2,0.0,4.0,0.0,5.0,1.3333333333333333,2.2857142857142856,4.0
Panipat,Haryana,2023-11-18,4,2023,11,18,49,20.73,54.25,1.24,0.0,0.0,0.0,4.0,1.3333333333333333,1.5714285714285714,15.0
Panipat,Haryana,2023-11-19,15,2023,11,19,50,20.19,49.59,1.21,0.0,4.0,4.0,2.0,2.6666666666666665,1.5714285714285714,8.0
Panipat,Haryana,2023-11-20,8,2023,11,20,51,19.13,55.32,1.44,0.0,15.0,0.0,1.0,6.333333333333333,3.4285714285714284,7.0
Panipat,Haryana,2023-11-21,7,2023,11,21,52,18.28,62.96,2.46,0.0,8.0,4.0,0.0,9.0,4.428571428571429,5.0
Panipat,Haryana,2023-11-22,5,2023,11,22,53,17.36,61.59,2.36,0.0,7.0,15.0,0.0,10.0,5.428571428571429,3.0
Panipat,Haryana,2023-11-23,3,2023,11,23,54,18.55,47.21,0.75,0.0,5.0,8.0,4.0,6.666666666666667,6.142857142857143,8.0
Panipat,Haryana,2023-11-24,8,2023,11,24,55,17.71,48.13,1.06,0.0,3.0,7.0,0.0,5.0,6.0,0.0
Panipat,Haryana,2023-11-25,0,2023,11,25,56,17.41,53.61,1.22,0.0,8.0,5.0,4.0,5.333333333333333,7.142857142857143,1.0
Panipat,Haryana,2023-11-26,1,2023,11,26,57,17.42,54.3,1.32,0.0,0.0,3.0,15.0,3.6666666666666665,6.571428571428571,0.0
Panipat,Haryana,2023-11-27,0,2023,11,27,58,16.66,60.72,1.58,0.54,1.0,8.0,8.0,3.0,4.571428571428571,0.0
Panipat,Haryana,2023-11-28,0,2023,11,28,59,17.5,54.95,1.41,0.59,0.0,0.0,7.0,0.3333333333333333,3.4285714285714284,4.0
Panipat,Haryana,2023-11-29,4,2023,11,29,60,19.11,52.26,1.21,0.04,0.0,1.0,5.0,0.3333333333333333,2.4285714285714284,4.0
Panipat,Haryana,2023-11-30,4,2023,11,30,61,19.48,59.36,1.22,1.19,4.0,0.0,3.0,1.3333333333333333,2.2857142857142856,1.0
Panipat,Haryana,2024-10-01,1,2024,10,1,1,27.19,80.29,1.88,0.0,4.0,0.0,8.0,2.6666666666666665,2.4285714285714284,3.0
Panipat,Haryana,2024-10-02,3,2024,10,2,2,27.32,72.91,1.56,0.0,1.0,4.0,0.0,3.0,1.4285714285714286,6.0
Panipat,Haryana,2024-10-03,6,2024,10,3,3,27.65,64.01,0.99,0.0,3.0,4.0,1.0,2.6666666666666665,1.8571428571428572,0.0
Panipat,Haryana,2024-10-04,0,2024,10,4,4,27.05,62.56,0.89,0.0,6.0,1.0,0.0,3.3333333333333335,2.5714285714285716,2.0
Panipat,Haryana,2024-10-05,2,2024,10,5,5,27.36,69.48,1.18,0.4,0.0,3.0,0.0,3.0,2.5714285714285716,3.0
Panipat,Haryana,2024-10-06,3,2024,10,6,6,26.7,68.64,1.55,0.48,2.0,6.0,4.0,2.6666666666666665,2.857142857142857,2.0
Panipat,Haryana,2024-10-07,2,2024,10,7,7,26.39,69.24,1.26,0.0,3.0,0.0,4.0,1.6666666666666667,2.7142857142857144,6.0
Panipat,Haryana,2024-10-08,6,2024,10,8,8,26.44,64.65,0.82,0.0,2.0,2.0,1.0,2.3333333333333335,2.4285714285714284,1.0
Panipat,Haryana,2024-10-09,1,2024,10,9,9,25.34,70.05,1.7,0.0,6.0,3.0,3.0,3.6666666666666665,3.142857142857143,6.0
Panipat,Haryana,2024-10-10,6,2024,10,10,10,24.81,67.82,1.91,0.0,1.0,2.0,6.0,3.0,2.857142857142857,3.0
Panipat,Haryana,2024-10-11,3,2024,10,11,11,24.29,64.93,1.8,0.0,6.0,6.0,0.0,4.333333333333333,2.857142857142857,11.0
Panipat,Haryana,2024-10-12,11,2024,10,12,12,24.93,57.55,1.27,0.0,3.0,1.0,2.0,3.3333333333333335,3.2857142857142856,11.0
Panipat,Haryana,2024-10-13,11,2024,10,13,13,25.38,50.49,0.85,0.0,11.0,6.0,3.0,6.666666666666667,4.571428571428571,0.0
Panipat,Haryana,2024-10-14,0,2024,10,14,14,24.06,59.5,1.46,0.0,11.0,3.0,2.0,8.333333333333334,5.714285714285714,5.0
Panipat,Haryana,2024-10-15,5,2024,10,15,15,24.65,55.43,1.35,0.49,0.0,11.0,6.0,7.333333333333333,5.428571428571429,0.0
Panipat,Haryana,2024-10-16,0,2024,10,16,16,25.37,54.51,0.97,0.0,5.0,11.0,1.0,5.333333333333333,5.285714285714286,3.0
Panipat,Haryana,2024-10-17,3,2024,10,17,17,25.71,53.19,1.01,0.0,0.0,0.0,6.0,1.6666666666666667,5.142857142857143,3.0
Panipat,Haryana,2024-10-18,3,2024,10,18,18,25.52,55.02,1.09,0.0,3.0,5.0,3.0,2.6666666666666665,4.714285714285714,0.0
Panipat,Haryana,2024-10-19,0,2024,10,19,19,25.86,53.08,0.97,0.0,3.0,0.0,11.0,2.0,4.714285714285714,0.0
Panipat,Haryana,2024-10-20,0,2024,10,20,20,24.21,64.79,1.35,0.0,0.0,3.0,11.0,2.0,3.142857142857143,0.0
Panipat,Haryana,2024-10-21,0,2024,10,21,21,23.94,71.51,1.12,0.0,0.0,3.0,0.0,1.0,1.5714285714285714,0.0
Panipat,Haryana,2024-10-22,0,2024,10,22,22,24.62,69.82,1.15,0.0,0.0,0.0,5.0,0.0,1.5714285714285714,1.0
Panipat,Haryana,2024-10-23,1,2024,10,23,23,24.8,63.16,1.83,0.0,0.0,0.0,0.0,0.0,0.8571428571428571,0.0
Panipat,Haryana,2024-10-24,0,2024,10,24,24,24.51,61.4,2.52,0.0,1.0,0.0,3.0,0.3333333333333333,1.0,0.0
Panipat,Haryana,2024-10-25,0,2024,10,25,25,24.45,60.58,1.97,0.0,0.0,0.0,3.0,0.3333333333333333,0.5714285714285714,1.0
Panipat,Haryana,2024-10-26,1,2024,10,26,26,25.03,55.04,1.36,0.0,0.0,1.0,0.0,0.3333333333333333,0.14285714285714285,0.0
Panipat,Haryana,2024-10-27,0,2024,10,27,27,24.34,66.36,1.23,0.0,1.0,0.0,0.0,0.3333333333333333,0.2857142857142857,0.0
Panipat,Haryana,2024-10-28,0,2024,10,28,28,24.67,76.11,1.66,0.0,0.0,0.0,0.0,0.3333333333333333,0.2857142857142857,0.0
Panipat,Haryana,2024-10-29,0,2024,10,29,29,25.67,72.09,1.24,0.0,0.0,1.0,0.0,0.3333333333333333,0.2857142857142857,0.0
Panipat,Haryana,2024-10-30,0,2024,10,30,30,26.24,63.43,1.34,0.0,0.0,0.0,1.0,0.0,0.2857142857142857,1.0
Panipat,Haryana,2024-10-31,1,2024,10,31,31,24.97,56.77,2.29,0.0,0.0,0.0,0.0,0.0,0.14285714285714285,3.0
Panipat,Haryana,2024-11-01,3,2024,11,1,32,23.98,45.45,2.04,0.0,1.0,0.0,0.0,0.3333333333333333,0.2857142857142857,1.0
Panipat,Haryana,2024-11-02,1,2024,11,2,33,23.58,48.5,0.95,0.0,3.0,0.0,1.0,1.3333333333333333,0.7142857142857143,0.0
Panipat,Haryana,2024-11-03,0,2024,11,3,34,23.19,49.95,1.15,0.0,1.0,1.0,0.0,1.6666666666666667,0.7142857142857143,3.0
Panipat,Haryana,2024-11-04,3,2024,11,4,35,23.57,48.37,0.87,0.0,0.0,3.0,0.0,1.3333333333333333,0.7142857142857143,0.0
Panipat,Haryana,2024-11-05,0,2024,11,5,36,22.52,65.65,1.42,0.0,3.0,1.0,0.0,1.3333333333333333,1.1428571428571428,0.0
Panipat,Haryana,2024-11-06,0,2024,11,6,37,23.51,60.46,0.95,0.0,0.0,0.0,0.0,1.0,1.1428571428571428,0.0
Panipat,Haryana,2024-11-07,0,2024,11,7,38,23.15,64.59,1.07,0.0,0.0,3.0,1.0,1.0,1.1428571428571428,0.0
Panipat,Haryana,2024-11-08,0,2024,11,8,39,23.3,66.28,1.16,0.0,0.0,0.0,3.0,0.0,1.0,2.0
Panipat,Haryana,2024-11-09,2,2024,11,9,40,22.89,72.59,1.54,0.0,0.0,0.0,1.0,0.0,0.5714285714285714,1.0
Panipat,Haryana,2024-11-10,1,2024,11,10,41,22.78,72.87,1.21,0.0,2.0,0.0,0.0,0.6666666666666666,0.7142857142857143,0.0
Panipat,Haryana,2024-11-11,0,2024,11,11,42,23.31,70.84,0.95,0.0,1.0,0.0,3.0,1.0,0.8571428571428571,1.0
Panipat,Haryana,2024-11-12,1,2024,11,12,43,22.76,60.04,1.32,0.0,0.0,2.0,0.0,1.0,0.42857142857142855,1.0
Panipat,Haryana,2024-11-13,1,2024,11,13,44,21.81,55.55,1.43,0.0,1.0,1.0,0.0,0.6666666666666666,0.5714285714285714,1.0
Panipat,Haryana,2024-11-14,1,2024,11,14,45,21.38,50.56,1.18,0.0,1.0,0.0,0.0,0.6666666666666666,0.7142857142857143,0.0
Panipat,Haryana,2024-11-15,0,2024,11,15,46,20.78,49.19,1.57,0.0,1.0,1.0,0.0,1.0,0.8571428571428571,0.0
Panipat,Haryana,2024-11-16,0,2024,11,16,47,20.12,57.33,1.71,0.0,0.0,1.0,2.0,0.6666666666666666,0.8571428571428571,3.0
Panipat,Haryana,2024-11-17,3,2024,11,17,48,19.89,52.51,1.69,0.0,0.0,1.0,1.0,0.3333333333333333,0.5714285714285714,2.0
Panipat,Haryana,2024-11-18,2,2024,11,18,49,19.05,49.52,1.44,0.0,3.0,0.0,0.0,1.0,0.8571428571428571,3.0
Panipat,Haryana,2024-11-19,3,2024,11,19,50,18.47,47.03,1.59,0.0,2.0,0.0,1.0,1.6666666666666667,1.1428571428571428,2.0
Panipat,Haryana,2024-11-20,2,2024,11,20,51,18.28,44.05,1.52,0.0,3.0,3.0,1.0,2.6666666666666665,1.4285714285714286,1.0
Panipat,Haryana,2024-11-21,1,2024,11,21,52,18.47,41.34,1.35,0.0,2.0,2.0,1.0,2.3333333333333335,1.5714285714285714,3.0
Panipat,Haryana,2024-11-22,3,2024,11,22,53,18.87,40.43,1.18,0.0,1.0,3.0,0.0,2.0,1.5714285714285714,4.0
Panipat,Haryana,2024-11-23,4,2024,11,23,54,18.47,46.58,1.07,0.0,3.0,2.0,0.0,2.0,2.0,6.0
Panipat,Haryana,2024-11-24,6,2024,11,24,55,19.17,47.33,1.72,0.0,4.0,1.0,3.0,2.6666666666666665,2.5714285714285716,2.0
Panipat,Haryana,2024-11-25,2,2024,11,25,56,17.55,55.32,2.15,0.0,6.0,3.0,2.0,4.333333333333333,3.0,4.0
Panipat,Haryana,2024-11-26,4,2024,11,26,57,17.14,48.56,1.83,0.0,2.0,4.0,3.0,4.0,3.0,6.0
Panipat,Haryana,2024-11-27,6,2024,11,27,58,17.32,48.29,1.36,0.0,4.0,6.0,2.0,4.0,3.142857142857143,0.0
Panipat,Haryana,2024-11-28,0,2024,11,28,59,17.58,45.6,1.33,0.0,6.0,2.0,1.0,4.0,3.7142857142857144,2.0
Panipat,Haryana,2024-11-29,2,2024,11,29,60,17.95,44.63,1.22,0.0,0.0,4.0,3.0,3.3333333333333335,3.5714285714285716,4.0
Panipat,Haryana,2024-11-30,4,2024,11,30,61,16.9,46.68,1.76,0.0,2.0,6.0,4.0,2.6666666666666665,3.4285714285714284,0.0
Panipat,Haryana,2025-10-01,0,2025,10,1,1,27.17,80.51,0.89,0.05,4.0,0.0,6.0,2.0,3.4285714285714284,0.0
Panipat,Haryana,2025-10-02,0,2025,10,2,2,26.91,79.73,1.05,4.96,0.0,2.0,2.0,2.0,2.5714285714285716,1.0
Panipat,Haryana,2025-10-03,1,2025,10,3,3,26.7,80.62,0.85,0.21,0.0,4.0,4.0,1.3333333333333333,2.2857142857142856,0.0
Panipat,Haryana,2025-10-04,0,2025,10,4,4,26.9,77.45,1.67,0.01,1.0,0.0,6.0,0.3333333333333333,1.8571428571428572,0.0
Panipat,Haryana,2025-10-05,0,2025,10,5,5,26.89,69.83,0.94,1.46,0.0,0.0,0.0,0.3333333333333333,1.0,0.0
Panipat,Haryana,2025-10-06,0,2025,10,6,6,23.91,82.76,1.64,7.38,0.0,1.0,2.0,0.3333333333333333,1.0,10.0
Panipat,Haryana,2025-10-07,10,2025,10,7,7,22.72,89.97,2.36,15.79,0.0,0.0,4.0,0.0,0.7142857142857143,0.0
Panipat,Haryana,2025-10-08,0,2025,10,8,8,21.78,84.22,1.25,6.31,10.0,0.0,0.0,3.3333333333333335,1.5714285714285714,0.0
Panipat,Haryana,2025-10-09,0,2025,10,9,9,21.97,81.04,1.57,0.01,0.0,0.0,0.0,3.3333333333333335,1.5714285714285714,1.0
Panipat,Haryana,2025-10-10,1,2025,10,10,10,22.38,71.25,1.18,0.0,0.0,10.0,1.0,3.3333333333333335,1.5714285714285714,0.0
Panipat,Haryana,2025-10-11,0,2025,10,11,11,23.2,69.51,1.02,0.0,1.0,0.0,0.0,0.3333333333333333,1.5714285714285714,0.0
Panipat,Haryana,2025-10-12,0,2025,10,12,12,22.78,74.3,1.63,0.0,0.0,0.0,0.0,0.3333333333333333,1.5714285714285714,2.0
Panipat,Haryana,2025-10-13,2,2025,10,13,13,23.04,65.4,1.27,0.0,0.0,1.0,0.0,0.3333333333333333,1.5714285714285714,0.0
Panipat,Haryana,2025-10-14,0,2025,10,14,14,23.74,56.48,0.85,0.0,2.0,0.0,10.0,0.6666666666666666,1.8571428571428572,1.0
Panipat,Haryana,2025-10-15,1,2025,10,15,15,24.3,50.04,0.52,0.0,0.0,0.0,0.0,0.6666666666666666,0.42857142857142855,2.0
Panipat,Haryana,2025-10-16,2,2025,10,16,16,23.92,56.95,0.95,0.0,1.0,2.0,0.0,1.0,0.5714285714285714,0.0
Panipat,Haryana,2025-10-17,0,2025,10,17,17,24.74,70.13,0.87,0.0,2.0,0.0,1.0,1.0,0.8571428571428571,2.0
Panipat,Haryana,2025-10-18,2,2025,10,18,18,25.13,66.65,0.56,0.0,0.0,1.0,0.0,1.0,0.7142857142857143,4.0
Panipat,Haryana,2025-10-19,4,2025,10,19,19,25.16,60.85,0.57,0.0,2.0,2.0,0.0,1.3333333333333333,1.0,0.0
Panipat,Haryana,2025-10-20,0,2025,10,20,20,24.61,61.58,0.85,0.0,4.0,0.0,2.0,2.0,1.5714285714285714,0.0
Panipat,Haryana,2025-10-21,0,2025,10,21,21,24.73,64.03,0.57,0.0,0.0,2.0,0.0,2.0,1.2857142857142858,3.0
Panipat,Haryana,2025-10-22,3,2025,10,22,22,23.55,67.17,1.23,0.0,0.0,4.0,1.0,1.3333333333333333,1.2857142857142858,0.0
Panipat,Haryana,2025-10-23,0,2025,10,23,23,23.67,56.78,1.15,0.0,3.0,0.0,2.0,1.0,1.5714285714285714,0.0
Panipat,Haryana,2025-10-24,0,2025,10,24,24,24.23,49.53,0.54,0.02,0.0,0.0,0.0,1.0,1.2857142857142858,0.0
Panipat,Haryana,2025-10-25,0,2025,10,25,25,23.24,56.09,0.97,0.0,0.0,3.0,2.0,1.0,1.2857142857142858,1.0
Panipat,Haryana,2025-10-26,1,2025,10,26,26,22.83,56.79,1.11,0.0,0.0,0.0,4.0,0.0,1.0,0.0
Panipat,Haryana,2025-10-27,0,2025,10,27,27,22.11,61.03,1.21,0.0,1.0,0.0,0.0,0.3333333333333333,0.5714285714285714,0.0
Panipat,Haryana,2025-10-28,0,2025,10,28,28,22.09,71.69,0.8,0.0,0.0,0.0,0.0,0.3333333333333333,0.5714285714285714,0.0
Panipat,Haryana,2025-10-29,0,2025,10,29,29,22.66,67.49,0.9,0.0,0.0,1.0,3.0,0.3333333333333333,0.5714285714285714,0.0
Panipat,Haryana,2025-10-30,0,2025,10,30,30,23.48,71.81,1.0,0.04,0.0,0.0,0.0,0.0,0.14285714285714285,0.0
Panipat,Haryana,2025-10-31,0,2025,10,31,31,23.43,74.53,1.71,0.0,0.0,0.0,0.0,0.0,0.14285714285714285,0.0
Panipat,Haryana,2025-11-01,0,2025,11,1,32,22.67,68.93,1.49,0.0,0.0,0.0,0.0,0.0,0.14285714285714285,1.0
Panipat,Haryana,2025-11-02,1,2025,11,2,33,21.11,64.29,2.06,0.0,0.0,0.0,1.0,0.0,0.14285714285714285,0.0
Panipat,Haryana,2025-11-03,0,2025,11,3,34,20.74,60.12,1.9,0.0,1.0,0.0,0.0,0.3333333333333333,0.14285714285714285,0.0
Panipat,Haryana,2025-11-04,0,2025,11,4,35,20.08,62.84,1.71,0.05,0.0,0.0,0.0,0.3333333333333333,0.14285714285714285,0.0
Panipat,Haryana,2025-11-05,0,2025,11,5,36,20.43,59.47,1.62,0.15,0.0,1.0,0.0,0.3333333333333333,0.14285714285714285,2.0
Panipat,Haryana,2025-11-06,2,2025,11,6,37,18.2,62.82,2.54,0.0,0.0,0.0,0.0,0.0,0.14285714285714285,4.0
Panipat,Haryana,2025-11-07,4,2025,11,7,38,17.15,54.26,2.22,0.0,2.0,0.0,0.0,0.6666666666666666,0.42857142857142855,0.0
Panipat,Haryana,2025-11-08,0,2025,11,8,39,16.44,52.86,1.75,0.0,4.0,0.0,0.0,2.0,1.0,6.0
Panipat,Haryana,2025-11-09,6,2025,11,9,40,16.66,56.08,1.87,0.0,0.0,2.0,1.0,2.0,1.0,0.0
Panipat,Haryana,2025-11-10,0,2025,11,10,41,17.58,52.22,1.63,0.0,6.0,4.0,0.0,3.3333333333333335,1.7142857142857142,1.0
Panipat,Haryana,2025-11-11,1,2025,11,11,42,17.15,55.02,1.88,0.0,0.0,0.0,0.0,2.0,1.7142857142857142,2.0
Panipat,Haryana,2025-11-12,2,2025,11,12,43,16.58,56.42,2.25,0.0,1.0,6.0,0.0,2.3333333333333335,1.8571428571428572,2.0
Panipat,Haryana,2025-11-13,2,2025,11,13,44,16.45,56.05,1.82,0.0,2.0,0.0,2.0,1.0,2.142857142857143,0.0
Panipat,Haryana,2025-11-14,0,2025,11,14,45,16.09,54.95,1.67,0.0,2.0,1.0,4.0,1.6666666666666667,2.142857142857143,0.0
Panipat,Haryana,2025-11-15,0,2025,11,15,46,16.19,52.87,1.87,0.0,0.0,2.0,0.0,1.3333333333333333,1.5714285714285714,2.0
Panipat,Haryana,2025-11-16,2,2025,11,16,47,16.15,51.65,1.94,0.0,0.0,2.0,6.0,0.6666666666666666,1.5714285714285714,0.0
Panipat,Haryana,2025-11-17,0,2025,11,17,48,17.1,48.46,1.34,0.0,2.0,0.0,0.0,0.6666666666666666,1.0,2.0
Panipat,Haryana,2025-11-18,2,2025,11,18,49,17.61,47.03,1.22,0.0,0.0,0.0,1.0,0.6666666666666666,1.0,1.0
Panipat,Haryana,2025-11-19,1,2025,11,19,50,18.42,50.02,1.0,0.0,2.0,2.0,2.0,1.3333333333333333,1.1428571428571428,5.0
Panipat,Haryana,2025-11-20,5,2025,11,20,51,18.06,53.2,0.97,0.0,1.0,0.0,2.0,1.0,1.0,0.0
Panipat,Haryana,2025-11-21,0,2025,11,21,52,17.85,58.81,1.1,0.0,5.0,2.0,0.0,2.6666666666666665,1.4285714285714286,3.0
Panipat,Haryana,2025-11-22,3,2025,11,22,53,17.58,56.5,1.2,0.0,0.0,1.0,0.0,2.0,1.4285714285714286,0.0
Panipat,Haryana,2025-11-23,0,2025,11,23,54,17.36,55.72,0.95,0.0,3.0,5.0,2.0,2.6666666666666665,1.8571428571428572,1.0
Panipat,Haryana,2025-11-24,1,2025,11,24,55,15.6,53.48,1.53,0.0,0.0,0.0,0.0,1.0,1.5714285714285714,2.0
Panipat,Haryana,2025-11-25,2,2025,11,25,56,14.8,55.16,1.59,0.0,1.0,3.0,2.0,1.3333333333333333,1.7142857142857142,1.0
Panipat,Haryana,2025-11-26,1,2025,11,26,57,16.32,51.21,1.04,0.0,2.0,0.0,1.0,1.0,1.7142857142857142,0.0
Panipat,Haryana,2025-11-27,0,2025,11,27,58,17.09,48.23,0.94,0.0,1.0,1.0,5.0,1.3333333333333333,1.7142857142857142,0.0
Panipat,Haryana,2025-11-28,0,2025,11,28,59,16.7,56.91,1.47,0.0,0.0,2.0,0.0,1.0,1.0,1.0
Panipat,Haryana,2025-11-29,1,2025,11,29,60,15.92,49.99,2.33,0.0,0.0,1.0,3.0,0.3333333333333333,1.0,7.0
Pathankot,Punjab,2023-10-08,0,2023,10,8,8,22.69,67.1,1.11,0.0,0.0,0.0,0.0,0.0,0.0,0.0
Pathankot,Punjab,2023-10-09,0,2023,10,9,9,22.14,71.42,1.15,6.48,0.0,0.0,0.0,0.0,0.0,0.0
Pathankot,Punjab,2023-10-10,0,2023,10,10,10,20.5,70.1,1.14,10.03,0.0,0.0,0.0,0.0,0.0,0.0
Pathankot,Punjab,2023-10-11,0,2023,10,11,11,20.62,58.28,1.26,0.0,0.0,0.0,0.0,0.0,0.0,0.0
Pathankot,Punjab,2023-10-12,0,2023,10,12,12,20.69,62.12,1.18,0.0,0.0,0.0,0.0,0.0,0.0,0.0
Pathankot,Punjab,2023-10-13,0,2023,10,13,13,20.51,67.26,1.18,0.61,0.0,0.0,0.0,0.0,0.0,0.0
Pathankot,Punjab,2023-10-14,0,2023,10,14,14,20.54,65.71,1.09,8.81,0.0,0.0,0.0,0.0,0.0,0.0
Pathankot,Punjab,2023-10-15,0,2023,10,15,15,19.09,67.1,1.24,0.27,0.0,0.0,0.0,0.0,0.0,0.0
Pathankot,Punjab,2023-10-16,0,2023,10,16,16,17.34,76.5,1.23,25.31,0.0,0.0,0.0,0.0,0.0,0.0
Pathankot,Punjab,2023-10-17,0,2023,10,17,17,16.17,75.77,1.14,14.77,0.0,0.0,0.0,0.0,0.0,0.0
Pathankot,Punjab,2023-10-18,0,2023,10,18,18,15.83,63.17,1.32,0.75,0.0,0.0,0.0,0.0,0.0,0.0
Pathankot,Punjab,2023-10-19,0,2023,10,19,19,16.87,60.99,1.32,0.0,0.0,0.0,0.0,0.0,0.0,0.0
Pathankot,Punjab,2023-10-20,0,2023,10,20,20,17.29,61.0,1.14,0.0,0.0,0.0,0.0,0.0,0.0,0.0
Pathankot,Punjab,2023-10-21,0,2023,10,21,21,17.76,65.01,1.27,0.0,0.0,0.0,0.0,0.0,0.0,0.0
Pathankot,Punjab,2023-10-22,0,2023,10,22,22,17.62,70.22,1.2,0.11,0.0,0.0,0.0,0.0,0.0,0.0
Pathankot,Punjab,2023-10-23,0,2023,10,23,23,17.58,66.61,1.16,0.0,0.0,0.0,0.0,0.0,0.0,0.0
Pathankot,Punjab,2023-10-24,0,2023,10,24,24,18.16,65.29,1.25,0.0,0.0,0.0,0.0,0.0,0.0,0.0
Pathankot,Punjab,2023-10-25,0,2023,10,25,25,18.24,62.45,1.25,0.0,0.0,0.0,0.0,0.0,0.0,1.0
Pathankot,Punjab,2023-10-26,1,2023,10,26,26,18.32,60.62,1.49,0.0,0.0,0.0,0.0,0.0,0.0,0.0
Pathankot,Punjab,2023-10-27,0,2023,10,27,27,18.18,62.35,1.37,0.0,1.0,0.0,0.0,0.3333333333333333,0.14285714285714285,0.0
Pathankot,Punjab,2023-10-28,0,2023,10,28,28,18.34,63.13,1.26,0.0,0.0,0.0,0.0,0.3333333333333333,0.14285714285714285,0.0
Pathankot,Punjab,2023-10-29,0,2023,10,29,29,18.22,66.89,1.27,0.0,0.0,1.0,0.0,0.3333333333333333,0.14285714285714285,0.0
Pathankot,Punjab,2023-10-30,0,2023,10,30,30,18.35,69.27,1.0,0.0,0.0,0.0,0.0,0.0,0.14285714285714285,0.0
Pathankot,Punjab,2023-10-31,0,2023,10,31,31,18.52,63.42,1.12,0.0,0.0,0.0,0.0,0.0,0.14285714285714285,1.0
Pathankot,Punjab,2023-11-01,1,2023,11,1,32,18.97,60.52,1.12,0.0,0.0,0.0,0.0,0.0,0.14285714285714285,0.0
Pathankot,Punjab,2023-11-02,0,2023,11,2,33,18.31,59.51,1.0,0.03,1.0,0.0,1.0,0.3333333333333333,0.2857142857142857,0.0
Pathankot,Punjab,2023-11-03,0,2023,11,3,34,17.62,57.3,1.07,0.01,0.0,0.0,0.0,0.3333333333333333,0.14285714285714285,1.0
Pathankot,Punjab,2023-11-04,1,2023,11,4,35,17.19,62.62,1.38,0.0,0.0,1.0,0.0,0.3333333333333333,0.14285714285714285,2.0
Pathankot,Punjab,2023-11-05,2,2023,11,5,36,17.47,55.28,1.18,0.0,1.0,0.0,0.0,0.3333333333333333,0.2857142857142857,0.0
Pathankot,Punjab,2023-11-06,0,2023,11,6,37,16.7,57.73,1.05,0.0,2.0,0.0,0.0,1.0,0.5714285714285714,0.0
Pathankot,Punjab,2023-11-07,0,2023,11,7,38,17.25,62.01,1.22,0.0,0.0,1.0,0.0,1.0,0.5714285714285714,1.0
Pathankot,Punjab,2023-11-08,1,2023,11,8,39,17.3,65.79,1.2,0.0,0.0,2.0,1.0,0.6666666666666666,0.5714285714285714,0.0
Pathankot,Punjab,2023-11-09,0,2023,11,9,40,16.76,64.96,1.19,5.13,1.0,0.0,0.0,0.3333333333333333,0.5714285714285714,0.0
Pathankot,Punjab,2023-11-10,0,2023,11,10,41,13.65,84.24,1.28,30.02,0.0,0.0,0.0,0.3333333333333333,0.5714285714285714,0.0
Pathankot,Punjab,2023-11-11,0,2023,11,11,42,13.6,72.1,1.33,0.04,0.0,1.0,1.0,0.3333333333333333,0.5714285714285714,0.0
Pathankot,Punjab,2023-11-12,0,2023,11,12,43,15.0,52.46,1.28,0.0,0.0,0.0,2.0,0.0,0.42857142857142855,0.0
Pathankot,Punjab,2023-11-13,0,2023,11,13,44,15.52,52.69,1.17,0.0,0.0,0.0,0.0,0.0,0.14285714285714285,0.0
Pathankot,Punjab,2023-11-14,0,2023,11,14,45,15.68,55.64,1.25,0.0,0.0,0.0,0.0,0.0,0.14285714285714285,0.0
Pathankot,Punjab,2023-11-15,0,2023,11,15,46,16.39,50.73,1.25,0.0,0.0,0.0,1.0,0.0,0.14285714285714285,1.0
Pathankot,Punjab,2023-11-16,1,2023,11,16,47,16.37,50.34,1.19,0.0,0.0,0.0,0.0,0.0,0.0,0.0
Pathankot,Punjab,2023-11-17,0,2023,11,17,48,16.5,50.33,1.33,0.0,1.0,0.0,0.0,0.3333333333333333,0.14285714285714285,0.0
Pathankot,Punjab,2023-11-18,0,2023,11,18,49,16.51,50.31,1.07,0.0,0.0,0.0,0.0,0.3333333333333333,0.14285714285714285,0.0
Pathankot,Punjab,2023-11-19,0,2023,11,19,50,16.13,55.83,1.11,0.0,0.0,1.0,0.0,0.3333333333333333,0.14285714285714285,0.0
Pathankot,Punjab,2023-11-20,0,2023,11,20,51,15.11,60.55,1.16,0.0,0.0,0.0,0.0,0.0,0.14285714285714285,0.0
Pathankot,Punjab,2023-11-21,0,2023,11,21,52,14.99,56.06,1.45,0.0,0.0,0.0,0.0,0.0,0.14285714285714285,0.0
Pathankot,Punjab,2023-11-22,0,2023,11,22,53,15.02,50.12,1.19,0.0,0.0,0.0,0.0,0.0,0.14285714285714285,0.0
Pathankot,Punjab,2023-11-23,0,2023,11,23,54,14.76,54.79,1.03,0.0,0.0,0.0,1.0,0.0,0.14285714285714285,1.0
Pathankot,Punjab,2023-11-24,1,2023,11,24,55,14.55,54.66,1.2,0.0,0.0,0.0,0.0,0.0,0.0,0.0
Pathankot,Punjab,2023-11-25,0,2023,11,25,56,15.56,48.24,1.05,0.0,1.0,0.0,0.0,0.3333333333333333,0.14285714285714285,0.0
Pathankot,Punjab,2023-11-26,0,2023,11,26,57,15.4,53.46,0.78,0.0,0.0,0.0,0.0,0.3333333333333333,0.14285714285714285,0.0
Pathankot,Punjab,2023-11-27,0,2023,11,27,58,14.25,61.64,1.16,0.17,0.0,1.0,0.0,0.3333333333333333,0.14285714285714285,0.0
Pathankot,Punjab,2023-11-28,0,2023,11,28,59,14.09,61.49,1.26,0.02,0.0,0.0,0.0,0.0,0.14285714285714285,0.0
Pathankot,Punjab,2023-11-29,0,2023,11,29,60,15.29,56.52,1.11,0.65,0.0,0.0,0.0,0.0,0.14285714285714285,0.0
Pathankot,Punjab,2023-11-30,0,2023,11,30,61,11.26,80.1,1.25,12.22,0.0,0.0,0.0,0.0,0.14285714285714285,0.0
Pathankot,Punjab,2024-10-01,0,2024,10,1,1,23.68,71.41,1.44,0.0,0.0,0.0,1.0,0.0,0.14285714285714285,0.0
Pathankot,Punjab,2024-10-02,0,2024,10,2,2,23.71,67.66,1.41,0.0,0.0,0.0,0.0,0.0,0.0,0.0
Pathankot,Punjab,2024-10-03,0,2024,10,3,3,23.51,65.28,1.43,0.0,0.0,0.0,0.0,0.0,0.0,0.0
Pathankot,Punjab,2024-10-04,0,2024,10,4,4,23.47,66.19,1.28,0.0,0.0,0.0,0.0,0.0,0.0,0.0
Pathankot,Punjab,2024-10-05,0,2024,10,5,5,23.15,67.64,1.09,7.91,0.0,0.0,0.0,0.0,0.0,0.0
Pathankot,Punjab,2024-10-06,0,2024,10,6,6,22.07,68.91,1.27,2.19,0.0,0.0,0.0,0.0,0.0,0.0
Pathankot,Punjab,2024-10-07,0,2024,10,7,7,22.12,66.78,1.27,0.0,0.0,0.0,0.0,0.0,0.0,0.0
Pathankot,Punjab,2024-10-08,0,2024,10,8,8,21.82,72.06,1.27,0.0,0.0,0.0,0.0,0.0,0.0,0.0
Pathankot,Punjab,2024-10-09,0,2024,10,9,9,21.19,65.21,1.32,0.0,0.0,0.0,0.0,0.0,0.0,0.0
Pathankot,Punjab,2024-10-10,0,2024,10,10,10,21.07,56.74,1.32,0.0,0.0,0.0,0.0,0.0,0.0,0.0
Pathankot,Punjab,2024-10-11,0,2024,10,11,11,21.02,59.58,1.58,0.0,0.0,0.0,0.0,0.0,0.0,1.0
Pathankot,Punjab,2024-10-12,1,2024,10,12,12,21.35,61.59,1.32,0.0,0.0,0.0,0.0,0.0,0.0,0.0
Pathankot,Punjab,2024-10-13,0,2024,10,13,13,21.09,58.23,1.22,0.0,1.0,0.0,0.0,0.3333333333333333,0.14285714285714285,0.0
Pathankot,Punjab,2024-10-14,0,2024,10,14,14,20.49,57.93,1.27,0.0,0.0,0.0,0.0,0.3333333333333333,0.14285714285714285,2.0
Pathankot,Punjab,2024-10-15,2,2024,10,15,15,21.13,59.62,1.52,0.0,0.0,1.0,0.0,0.3333333333333333,0.14285714285714285,0.0
Pathankot,Punjab,2024-10-16,0,2024,10,16,16,21.17,60.86,1.38,0.0,2.0,0.0,0.0,0.6666666666666666,0.42857142857142855,1.0
Pathankot,Punjab,2024-10-17,1,2024,10,17,17,20.92,58.13,1.47,0.0,0.0,0.0,0.0,0.6666666666666666,0.42857142857142855,0.0
Pathankot,Punjab,2024-10-18,0,2024,10,18,18,20.65,57.43,1.61,0.0,1.0,2.0,0.0,1.0,0.5714285714285714,0.0
Pathankot,Punjab,2024-10-19,0,2024,10,19,19,20.92,57.47,1.34,0.0,0.0,0.0,1.0,0.3333333333333333,0.5714285714285714,0.0
Pathankot,Punjab,2024-10-20,0,2024,10,20,20,20.29,65.38,1.27,0.0,0.0,1.0,0.0,0.3333333333333333,0.42857142857142855,0.0
Pathankot,Punjab,2024-10-21,0,2024,10,21,21,20.6,66.33,1.25,0.0,0.0,0.0,0.0,0.0,0.42857142857142855,0.0
Pathankot,Punjab,2024-10-22,0,2024,10,22,22,20.0,68.08,1.24,0.0,0.0,0.0,2.0,0.0,0.42857142857142855,0.0
Pathankot,Punjab,2024-10-23,0,2024,10,23,23,20.6,59.82,1.67,0.0,0.0,0.0,0.0,0.0,0.14285714285714285,1.0
Pathankot,Punjab,2024-10-24,1,2024,10,24,24,20.88,49.68,1.39,0.0,0.0,0.0,1.0,0.0,0.14285714285714285,1.0
Pathankot,Punjab,2024-10-25,1,2024,10,25,25,21.58,47.56,1.47,0.0,1.0,0.0,0.0,0.3333333333333333,0.14285714285714285,0.0
Pathankot,Punjab,2024-10-26,0,2024,10,26,26,21.64,44.1,1.29,0.0,1.0,0.0,0.0,0.6666666666666666,0.2857142857142857,0.0
Pathankot,Punjab,2024-10-27,0,2024,10,27,27,21.82,48.82,1.15,0.0,0.0,1.0,0.0,0.6666666666666666,0.2857142857142857,1.0
Pathankot,Punjab,2024-10-28,1,2024,10,28,28,21.52,60.14,1.17,0.0,0.0,1.0,0.0,0.3333333333333333,0.2857142857142857,0.0
Pathankot,Punjab,2024-10-29,0,2024,10,29,29,21.67,62.93,1.17,0.0,1.0,0.0,0.0,0.3333333333333333,0.42857142857142855,0.0
Pathankot,Punjab,2024-10-30,0,2024,10,30,30,21.75,52.0,1.37,0.0,0.0,0.0,0.0,0.3333333333333333,0.42857142857142855,0.0
Pathankot,Punjab,2024-10-31,0,2024,10,31,31,20.79,51.4,1.71,0.0,0.0,1.0,1.0,0.3333333333333333,0.42857142857142855,2.0
Pathankot,Punjab,2024-11-01,2,2024,11,1,32,20.96,42.88,1.35,0.0,0.0,0.0,1.0,0.0,0.2857142857142857,2.0
Pathankot,Punjab,2024-11-02,2,2024,11,2,33,20.3,45.16,1.19,0.0,2.0,0.0,0.0,0.6666666666666666,0.42857142857142855,0.0
Pathankot,Punjab,2024-11-03,0,2024,11,3,34,20.14,50.74,1.17,0.0,2.0,0.0,0.0,1.3333333333333333,0.7142857142857143,0.0
Pathankot,Punjab,2024-11-04,0,2024,11,4,35,20.41,48.93,1.31,0.0,0.0,2.0,1.0,1.3333333333333333,0.7142857142857143,1.0
Pathankot,Punjab,2024-11-05,1,2024,11,5,36,19.74,56.12,1.29,0.0,0.0,2.0,0.0,0.6666666666666666,0.5714285714285714,0.0
Pathankot,Punjab,2024-11-06,0,2024,11,6,37,20.13,53.8,1.31,0.0,1.0,0.0,0.0,0.3333333333333333,0.7142857142857143,1.0
Pathankot,Punjab,2024-11-07,1,2024,11,7,38,20.04,58.29,1.13,0.0,0.0,0.0,0.0,0.3333333333333333,0.7142857142857143,1.0
Pathankot,Punjab,2024-11-08,1,2024,11,8,39,20.12,59.02,1.19,0.0,1.0,1.0,2.0,0.6666666666666666,0.8571428571428571,1.0
Pathankot,Punjab,2024-11-09,1,2024,11,9,40,19.73,62.44,1.19,0.0,1.0,0.0,2.0,0.6666666666666666,0.7142857142857143,0.0
Pathankot,Punjab,2024-11-10,0,2024,11,10,41,19.59,62.35,1.11,0.0,1.0,1.0,0.0,1.0,0.5714285714285714,1.0
Pathankot,Punjab,2024-11-11,1,2024,11,11,42,18.91,65.46,1.1,2.95,0.0,1.0,0.0,0.6666666666666666,0.5714285714285714,0.0
Pathankot,Punjab,2024-11-12,0,2024,11,12,43,17.98,63.68,1.14,0.92,1.0,1.0,1.0,0.6666666666666666,0.7142857142857143,0.0
Pathankot,Punjab,2024-11-13,0,2024,11,13,44,17.44,52.36,1.28,0.0,0.0,0.0,0.0,0.3333333333333333,0.5714285714285714,0.0
Pathankot,Punjab,2024-11-14,0,2024,11,14,45,16.73,58.35,1.17,0.0,0.0,1.0,1.0,0.3333333333333333,0.5714285714285714,0.0
Pathankot,Punjab,2024-11-15,0,2024,11,15,46,17.39,55.96,1.27,0.0,0.0,0.0,1.0,0.0,0.42857142857142855,0.0
Pathankot,Punjab,2024-11-16,0,2024,11,16,47,16.23,52.75,1.18,0.05,0.0,0.0,1.0,0.0,0.2857142857142857,0.0
Pathankot,Punjab,2024-11-17,0,2024,11,17,48,15.91,48.84,1.26,0.0,0.0,0.0,0.0,0.0,0.14285714285714285,0.0
Pathankot,Punjab,2024-11-18,0,2024,11,18,49,16.25,46.43,1.31,0.0,0.0,0.0,1.0,0.0,0.14285714285714285,3.0
Pathankot,Punjab,2024-11-19,3,2024,11,19,50,15.99,44.78,1.33,0.0,0.0,0.0,0.0,0.0,0.0,2.0
Pathankot,Punjab,2024-11-20,2,2024,11,20,51,15.67,38.94,1.31,0.0,3.0,0.0,0.0,1.0,0.42857142857142855,0.0
Pathankot,Punjab,2024-11-21,0,2024,11,21,52,15.7,38.39,1.43,0.0,2.0,0.0,0.0,1.6666666666666667,0.7142857142857143,0.0
Pathankot,Punjab,2024-11-22,0,2024,11,22,53,15.56,42.87,1.27,0.0,0.0,3.0,0.0,1.6666666666666667,0.7142857142857143,0.0
Pathankot,Punjab,2024-11-23,0,2024,11,23,54,15.18,48.42,1.21,0.01,0.0,2.0,0.0,0.6666666666666666,0.7142857142857143,0.0
Pathankot,Punjab,2024-11-24,0,2024,11,24,55,14.94,53.74,1.44,0.01,0.0,0.0,0.0,0.0,0.7142857142857143,0.0
Pathankot,Punjab,2024-11-25,0,2024,11,25,56,14.53,50.85,1.24,0.0,0.0,0.0,0.0,0.0,0.7142857142857143,0.0
Pathankot,Punjab,2024-11-26,0,2024,11,26,57,14.34,46.01,1.37,0.0,0.0,0.0,3.0,0.0,0.7142857142857143,0.0
Pathankot,Punjab,2024-11-27,0,2024,11,27,58,13.94,45.47,1.37,0.0,0.0,0.0,2.0,0.0,0.2857142857142857,0.0
Pathankot,Punjab,2024-11-28,0,2024,11,28,59,14.45,40.28,1.3,0.0,0.0,0.0,0.0,0.0,0.0,0.0
Pathankot,Punjab,2024-11-29,0,2024,11,29,60,14.87,39.66,1.11,0.0,0.0,0.0,0.0,0.0,0.0,0.0
Pathankot,Punjab,2024-11-30,0,2024,11,30,61,14.49,40.79,1.06,0.18,0.0,0.0,0.0,0.0,0.0,0.0
Pathankot,Punjab,2025-10-01,0,2025,10,1,1,23.71,75.06,1.23,0.35,0.0,0.0,0.0,0.0,0.0,0.0
Pathankot,Punjab,2025-10-02,0,2025,10,2,2,23.75,76.43,1.32,0.43,0.0,0.0,0.0,0.0,0.0,0.0
Pathankot,Punjab,2025-10-03,0,2025,10,3,3,22.79,78.72,1.32,2.01,0.0,0.0,0.0,0.0,0.0,0.0
Pathankot,Punjab,2025-10-04,0,2025,10,4,4,22.89,68.99,1.51,1.83,0.0,0.0,0.0,0.0,0.0,0.0
Pathankot,Punjab,2025-10-05,0,2025,10,5,5,21.7,71.65,1.26,7.24,0.0,0.0,0.0,0.0,0.0,0.0
Pathankot,Punjab,2025-10-06,0,2025,10,6,6,17.43,83.21,2.32,33.93,0.0,0.0,0.0,0.0,0.0,0.0
Pathankot,Punjab,2025-10-07,0,2025,10,7,7,16.43,80.38,1.65,15.65,0.0,0.0,0.0,0.0,0.0,0.0
Pathankot,Punjab,2025-10-08,0,2025,10,8,8,18.1,77.38,1.23,2.47,0.0,0.0,0.0,0.0,0.0,0.0
Pathankot,Punjab,2025-10-09,0,2025,10,9,9,18.47,73.72,1.27,0.22,0.0,0.0,0.0,0.0,0.0,0.0
Pathankot,Punjab,2025-10-10,0,2025,10,10,10,19.24,69.64,1.27,0.02,0.0,0.0,0.0,0.0,0.0,1.0
Pathankot,Punjab,2025-10-11,1,2025,10,11,11,19.2,70.94,1.52,0.0,0.0,0.0,0.0,0.0,0.0,0.0
Pathankot,Punjab,2025-10-12,0,2025,10,12,12,19.87,66.95,1.3,0.0,1.0,0.0,0.0,0.3333333333333333,0.14285714285714285,0.0
Pathankot,Punjab,2025-10-13,0,2025,10,13,13,19.9,71.03,1.37,0.0,0.0,0.0,0.0,0.3333333333333333,0.14285714285714285,0.0
Pathankot,Punjab,2025-10-14,0,2025,10,14,14,19.77,73.42,1.42,0.0,0.0,1.0,0.0,0.3333333333333333,0.14285714285714285,0.0
Pathankot,Punjab,2025-10-15,0,2025,10,15,15,20.18,76.58,1.21,0.0,0.0,0.0,0.0,0.0,0.14285714285714285,1.0
Pathankot,Punjab,2025-10-16,1,2025,10,16,16,20.71,69.59,1.25,0.0,0.0,0.0,0.0,0.0,0.14285714285714285,0.0
Pathankot,Punjab,2025-10-17,0,2025,10,17,17,20.62,68.69,1.33,0.0,1.0,0.0,0.0,0.3333333333333333,0.2857142857142857,0.0
Pathankot,Punjab,2025-10-18,0,2025,10,18,18,20.59,69.0,1.28,0.0,0.0,0.0,1.0,0.3333333333333333,0.2857142857142857,0.0
Pathankot,Punjab,2025-10-19,0,2025,10,19,19,20.93,63.84,1.33,0.0,0.0,1.0,0.0,0.3333333333333333,0.14285714285714285,0.0
Pathankot,Punjab,2025-10-20,0,2025,10,20,20,20.47,61.62,1.24,0.0,0.0,0.0,0.0,0.0,0.14285714285714285,0.0
Pathankot,Punjab,2025-10-21,0,2025,10,21,21,19.75,61.9,1.33,0.23,0.0,0.0,0.0,0.0,0.14285714285714285,0.0
Pathankot,Punjab,2025-10-22,0,2025,10,22,22,19.6,64.19,1.26,0.38,0.0,0.0,0.0,0.0,0.14285714285714285,0.0
Pathankot,Punjab,2025-10-23,0,2025,10,23,23,20.15,60.28,1.28,0.25,0.0,0.0,1.0,0.0,0.14285714285714285,0.0
Pathankot,Punjab,2025-10-24,0,2025,10,24,24,19.95,58.95,1.33,0.02,0.0,0.0,0.0,0.0,0.0,0.0
Pathankot,Punjab,2025-10-25,0,2025,10,25,25,18.83,60.24,1.35,0.0,0.0,0.0,0.0,0.0,0.0,0.0
Pathankot,Punjab,2025-10-26,0,2025,10,26,26,18.94,59.79,1.31,0.0,0.0,0.0,0.0,0.0,0.0,0.0
Pathankot,Punjab,2025-10-27,0,2025,10,27,27,19.52,62.22,1.19,0.0,0.0,0.0,0.0,0.0,0.0,0.0
Pathankot,Punjab,2025-10-28,0,2025,10,28,28,18.67,70.78,1.22,0.0,0.0,0.0,0.0,0.0,0.0,0.0
Pathankot,Punjab,2025-10-29,0,2025,10,29,29,19.21,65.58,1.3,0.0,0.0,0.0,0.0,0.0,0.0,0.0
Pathankot,Punjab,2025-10-30,0,2025,10,30,30,20.0,60.33,1.22,0.0,0.0,0.0,0.0,0.0,0.0,0.0
Pathankot,Punjab,2025-10-31,0,2025,10,31,31,19.33,61.38,1.41,0.0,0.0,0.0,0.0,0.0,0.0,0.0
Pathankot,Punjab,2025-11-01,0,2025,11,1,32,19.24,56.35,1.37,0.0,0.0,0.0,0.0,0.0,0.0,1.0
Pathankot,Punjab,2025-11-02,1,2025,11,2,33,18.57,58.21,1.41,0.0,0.0,0.0,0.0,0.0,0.0,0.0
Pathankot,Punjab,2025-11-03,0,2025,11,3,34,18.14,54.22,1.42,0.0,1.0,0.0,0.0,0.3333333333333333,0.14285714285714285,2.0
Pathankot,Punjab,2025-11-04,2,2025,11,4,35,16.5,63.95,1.66,2.85,0.0,0.0,0.0,0.3333333333333333,0.14285714285714285,0.0
Pathankot,Punjab,2025-11-05,0,2025,11,5,36,15.41,67.86,1.37,1.62,2.0,1.0,0.0,1.0,0.42857142857142855,0.0
Pathankot,Punjab,2025-11-06,0,2025,11,6,37,15.47,47.79,1.39,0.0,0.0,0.0,0.0,0.6666666666666666,0.42857142857142855,0.0
Pathankot,Punjab,2025-11-07,0,2025,11,7,38,15.91,39.66,1.22,0.0,0.0,2.0,0.0,0.6666666666666666,0.42857142857142855,1.0
Pathankot,Punjab,2025-11-08,1,2025,11,8,39,16.14,44.57,1.23,0.0,0.0,0.0,0.0,0.0,0.42857142857142855,0.0
Pathankot,Punjab,2025-11-09,0,2025,11,9,40,15.52,46.7,1.31,0.0,1.0,0.0,1.0,0.3333333333333333,0.5714285714285714,0.0
Pathankot,Punjab,2025-11-10,0,2025,11,10,41,15.39,45.88,1.28,0.0,0.0,0.0,0.0,0.3333333333333333,0.42857142857142855,0.0
Pathankot,Punjab,2025-11-11,0,2025,11,11,42,15.16,47.41,1.26,0.0,0.0,1.0,2.0,0.3333333333333333,0.42857142857142855,0.0
Pathankot,Punjab,2025-11-12,0,2025,11,12,43,15.09,45.62,1.38,0.0,0.0,0.0,0.0,0.0,0.14285714285714285,0.0
Pathankot,Punjab,2025-11-13,0,2025,11,13,44,14.6,49.31,1.44,0.0,0.0,0.0,0.0,0.0,0.14285714285714285,0.0
Pathankot,Punjab,2025-11-14,0,2025,11,14,45,14.59,46.15,1.23,0.0,0.0,0.0,0.0,0.0,0.14285714285714285,2.0
Pathankot,Punjab,2025-11-15,2,2025,11,15,46,14.81,44.18,1.31,0.0,0.0,0.0,1.0,0.0,0.14285714285714285,0.0
Pathankot,Punjab,2025-11-16,0,2025,11,16,47,15.15,45.25,1.4,0.0,2.0,0.0,0.0,0.6666666666666666,0.2857142857142857,0.0
Pathankot,Punjab,2025-11-17,0,2025,11,17,48,16.01,43.38,1.11,0.0,0.0,0.0,0.0,0.6666666666666666,0.2857142857142857,0.0
Pathankot,Punjab,2025-11-18,0,2025,11,18,49,15.87,47.52,1.12,0.0,0.0,2.0,0.0,0.6666666666666666,0.2857142857142857,0.0
Pathankot,Punjab,2025-11-19,0,2025,11,19,50,15.58,50.38,1.07,0.0,0.0,0.0,0.0,0.0,0.2857142857142857,0.0
Pathankot,Punjab,2025-11-20,0,2025,11,20,51,15.51,56.15,1.1,0.0,0.0,0.0,0.0,0.0,0.2857142857142857,0.0
Pathankot,Punjab,2025-11-21,0,2025,11,21,52,14.84,58.92,1.21,0.0,0.0,0.0,0.0,0.0,0.2857142857142857,0.0
Pathankot,Punjab,2025-11-22,0,2025,11,22,53,13.82,57.44,1.31,0.0,0.0,0.0,2.0,0.0,0.2857142857142857,0.0
Pathankot,Punjab,2025-11-23,0,2025,11,23,54,13.81,52.94,1.17,0.0,0.0,0.0,0.0,0.0,0.0,0.0
Pathankot,Punjab,2025-11-24,0,2025,11,24,55,13.45,52.42,1.18,0.0,0.0,0.0,0.0,0.0,0.0,0.0
Pathankot,Punjab,2025-11-25,0,2025,11,25,56,13.32,51.81,1.27,0.0,0.0,0.0,0.0,0.0,0.0,0.0
Pathankot,Punjab,2025-11-26,0,2025,11,26,57,13.21,51.98,1.19,0.0,0.0,0.0,0.0,0.0,0.0,0.0
Pathankot,Punjab,2025-11-27,0,2025,11,27,58,13.86,46.79,1.13,0.0,0.0,0.0,0.0,0.0,0.0,0.0
Pathankot,Punjab,2025-11-28,0,2025,11,28,59,13.82,44.95,1.22,0.0,0.0,0.0,0.0,0.0,0.0,0.0
Pathankot,Punjab,2025-11-29,0,2025,11,29,60,13.38,44.75,1.14,0.0,0.0,0.0,0.0,0.0,0.0,0.0
Patiala,Punjab,2023-10-08,37,2023,10,8,8,27.06,58.76,1.41,0.0,13.0,20.0,5.0,17.333333333333332,15.285714285714286,19.0
Patiala,Punjab,2023-10-09,19,2023,10,9,9,27.52,61.21,1.08,0.06,37.0,19.0,21.0,23.0,19.857142857142858,3.0
Patiala,Punjab,2023-10-10,3,2023,10,10,10,26.2,67.87,1.46,7.31,19.0,13.0,12.0,23.0,19.571428571428573,18.0
Patiala,Punjab,2023-10-11,18,2023,10,11,11,24.85,61.8,1.77,0.0,3.0,37.0,17.0,19.666666666666668,18.285714285714285,29.0
Patiala,Punjab,2023-10-12,29,2023,10,12,12,24.88,53.65,1.15,0.0,18.0,19.0,20.0,13.333333333333334,18.428571428571427,45.0
Patiala,Punjab,2023-10-13,45,2023,10,13,13,25.06,57.31,1.29,0.0,29.0,3.0,19.0,16.666666666666668,19.714285714285715,40.0
Patiala,Punjab,2023-10-14,40,2023,10,14,14,25.72,55.82,1.54,0.36,45.0,18.0,13.0,30.666666666666668,23.428571428571427,42.0
Patiala,Punjab,2023-10-15,42,2023,10,15,15,24.84,60.26,1.06,1.0,40.0,29.0,37.0,38.0,27.285714285714285,0.0
Patiala,Punjab,2023-10-16,0,2023,10,16,16,21.56,81.3,1.6,48.91,42.0,45.0,19.0,42.333333333333336,28.0,0.0
Patiala,Punjab,2023-10-17,0,2023,10,17,17,21.76,76.99,1.62,1.26,0.0,40.0,3.0,27.333333333333332,25.285714285714285,8.0
Patiala,Punjab,2023-10-18,8,2023,10,18,18,20.74,75.61,2.26,0.53,0.0,42.0,18.0,14.0,24.857142857142858,19.0
Patiala,Punjab,2023-10-19,19,2023,10,19,19,20.6,68.91,1.73,0.0,8.0,0.0,29.0,2.6666666666666665,23.428571428571427,30.0
Patiala,Punjab,2023-10-20,30,2023,10,20,20,20.98,64.43,1.24,0.0,19.0,0.0,45.0,9.0,22.0,36.0
Patiala,Punjab,2023-10-21,36,2023,10,21,21,21.57,58.74,1.05,0.0,30.0,8.0,40.0,19.0,19.857142857142858,7.0
Patiala,Punjab,2023-10-22,7,2023,10,22,22,21.92,63.21,1.19,0.02,36.0,19.0,42.0,28.333333333333332,19.285714285714285,53.0
Patiala,Punjab,2023-10-23,53,2023,10,23,23,21.44,71.5,1.52,0.0,7.0,30.0,0.0,24.333333333333332,14.285714285714286,134.0
Patiala,Punjab,2023-10-24,134,2023,10,24,24,22.29,67.21,1.36,0.01,53.0,36.0,0.0,32.0,21.857142857142858,86.0
Patiala,Punjab,2023-10-25,86,2023,10,25,25,21.99,67.86,1.55,0.0,134.0,7.0,8.0,64.66666666666667,41.0,155.0
Patiala,Punjab,2023-10-26,155,2023,10,26,26,21.94,61.22,1.73,0.0,86.0,53.0,19.0,91.0,52.142857142857146,127.0
Patiala,Punjab,2023-10-27,127,2023,10,27,27,22.11,53.95,1.41,0.0,155.0,134.0,30.0,125.0,71.57142857142857,83.0
Patiala,Punjab,2023-10-28,83,2023,10,28,28,22.98,55.96,1.08,0.0,127.0,86.0,36.0,122.66666666666667,85.42857142857143,177.0
Patiala,Punjab,2023-10-29,177,2023,10,29,29,23.73,57.64,0.88,0.0,83.0,155.0,7.0,121.66666666666667,92.14285714285714,98.0
Patiala,Punjab,2023-10-30,98,2023,10,30,30,22.4,63.93,1.16,0.0,177.0,127.0,53.0,129.0,116.42857142857143,135.0
Patiala,Punjab,2023-10-31,135,2023,10,31,31,22.66,59.78,0.99,0.0,98.0,83.0,134.0,119.33333333333333,122.85714285714286,219.0
Patiala,Punjab,2023-11-01,219,2023,11,1,32,22.74,57.39,1.07,0.0,135.0,177.0,86.0,136.66666666666666,123.0,102.0
Patiala,Punjab,2023-11-02,102,2023,11,2,33,22.56,61.37,1.01,0.0,219.0,98.0,155.0,150.66666666666666,142.0,150.0
Patiala,Punjab,2023-11-03,150,2023,11,3,34,22.1,65.29,1.05,0.0,102.0,135.0,127.0,152.0,134.42857142857142,141.0
Patiala,Punjab,2023-11-04,141,2023,11,4,35,21.45,64.63,1.4,0.0,150.0,219.0,83.0,157.0,137.71428571428572,244.0
Patiala,Punjab,2023-11-05,244,2023,11,5,36,21.5,53.82,1.12,0.0,141.0,102.0,177.0,131.0,146.0,196.0
Patiala,Punjab,2023-11-06,196,2023,11,6,37,20.71,53.52,1.11,0.0,244.0,150.0,98.0,178.33333333333334,155.57142857142858,169.0
Patiala,Punjab,2023-11-07,169,2023,11,7,38,20.71,59.37,1.22,0.0,196.0,141.0,135.0,193.66666666666666,169.57142857142858,202.0
Patiala,Punjab,2023-11-08,202,2023,11,8,39,21.19,69.69,1.46,0.0,169.0,244.0,219.0,203.0,174.42857142857142,92.0
Patiala,Punjab,2023-11-09,92,2023,11,9,40,22.39,59.1,1.25,0.0,202.0,196.0,102.0,189.0,172.0,0.0
Patiala,Punjab,2023-11-10,0,2023,11,10,41,19.78,68.97,1.68,1.75,92.0,169.0,150.0,154.33333333333334,170.57142857142858,7.0
Patiala,Punjab,2023-11-11,7,2023,11,11,42,18.58,72.65,1.85,0.0,0.0,202.0,141.0,98.0,149.14285714285714,116.0
Patiala,Punjab,2023-11-12,116,2023,11,12,43,18.52,69.9,2.22,0.0,7.0,92.0,244.0,33.0,130.0,92.0
Patiala,Punjab,2023-11-13,92,2023,11,13,44,18.05,61.99,1.28,0.0,116.0,0.0,196.0,41.0,111.71428571428571,110.0
Patiala,Punjab,2023-11-14,110,2023,11,14,45,18.16,60.96,1.65,0.0,92.0,7.0,169.0,71.66666666666667,96.85714285714286,91.0
Patiala,Punjab,2023-11-15,91,2023,11,15,46,18.35,64.14,1.83,0.0,110.0,116.0,202.0,106.0,88.42857142857143,55.0
Patiala,Punjab,2023-11-16,55,2023,11,16,47,19.61,58.31,1.05,0.0,91.0,92.0,92.0,97.66666666666667,72.57142857142857,51.0
Patiala,Punjab,2023-11-17,51,2023,11,17,48,20.39,55.68,1.76,0.0,55.0,110.0,0.0,85.33333333333333,67.28571428571429,30.0
Patiala,Punjab,2023-11-18,30,2023,11,18,49,20.19,56.71,1.26,0.0,51.0,91.0,7.0,65.66666666666667,74.57142857142857,20.0
Patiala,Punjab,2023-11-19,20,2023,11,19,50,20.03,56.03,1.26,0.0,30.0,55.0,116.0,45.333333333333336,77.85714285714286,4.0
Patiala,Punjab,2023-11-20,4,2023,11,20,51,18.73,60.65,1.49,0.0,20.0,51.0,92.0,33.666666666666664,64.14285714285714,17.0
Patiala,Punjab,2023-11-21,17,2023,11,21,52,17.74,65.83,2.34,0.0,4.0,30.0,110.0,18.0,51.57142857142857,15.0
Patiala,Punjab,2023-11-22,15,2023,11,22,53,16.82,63.51,2.11,0.0,17.0,20.0,91.0,13.666666666666666,38.285714285714285,2.0
Patiala,Punjab,2023-11-23,2,2023,11,23,54,18.18,50.16,0.68,0.0,15.0,4.0,55.0,12.0,27.428571428571427,10.0
Patiala,Punjab,2023-11-24,10,2023,11,24,55,17.21,53.31,1.1,0.0,2.0,17.0,51.0,11.333333333333334,19.857142857142858,0.0
Patiala,Punjab,2023-11-25,0,2023,11,25,56,16.7,59.34,1.07,0.0,10.0,15.0,30.0,9.0,14.0,1.0
Patiala,Punjab,2023-11-26,1,2023,11,26,57,16.16,61.14,1.39,0.0,0.0,2.0,20.0,4.0,9.714285714285714,0.0
Patiala,Punjab,2023-11-27,0,2023,11,27,58,16.34,67.84,1.42,0.33,1.0,10.0,4.0,3.6666666666666665,7.0,0.0
Patiala,Punjab,2023-11-28,0,2023,11,28,59,16.77,61.92,1.32,0.03,0.0,0.0,17.0,0.3333333333333333,6.428571428571429,1.0
Patiala,Punjab,2023-11-29,1,2023,11,29,60,19.08,57.95,1.09,0.2,0.0,1.0,15.0,0.3333333333333333,4.0,0.0
Patiala,Punjab,2023-11-30,0,2023,11,30,61,18.55,68.71,1.29,7.49,1.0,0.0,2.0,0.3333333333333333,2.0,6.0
Patiala,Punjab,2024-10-01,6,2024,10,1,1,28.24,71.99,1.86,0.0,0.0,0.0,10.0,0.3333333333333333,1.7142857142857142,3.0
Patiala,Punjab,2024-10-02,3,2024,10,2,2,28.42,65.08,1.43,0.0,6.0,1.0,0.0,2.3333333333333335,1.1428571428571428,2.0
Patiala,Punjab,2024-10-03,2,2024,10,3,3,28.64,56.55,0.96,0.0,3.0,0.0,1.0,3.0,1.5714285714285714,1.0
Patiala,Punjab,2024-10-04,1,2024,10,4,4,27.64,59.16,1.0,0.0,2.0,6.0,0.0,3.6666666666666665,1.7142857142857142,0.0
Patiala,Punjab,2024-10-05,0,2024,10,5,5,28.05,63.53,1.21,0.82,1.0,3.0,0.0,2.0,1.8571428571428572,1.0
Patiala,Punjab,2024-10-06,1,2024,10,6,6,27.16,63.36,1.28,1.8,0.0,2.0,1.0,1.0,1.8571428571428572,5.0
Patiala,Punjab,2024-10-07,5,2024,10,7,7,26.92,64.86,1.31,0.0,1.0,1.0,0.0,0.6666666666666666,1.8571428571428572,10.0
Patiala,Punjab,2024-10-08,10,2024,10,8,8,26.73,61.71,1.11,0.0,5.0,0.0,6.0,2.0,2.5714285714285716,4.0
Patiala,Punjab,2024-10-09,4,2024,10,9,9,26.2,64.27,1.95,0.0,10.0,1.0,3.0,5.333333333333333,3.142857142857143,19.0
Patiala,Punjab,2024-10-10,19,2024,10,10,10,25.85,59.16,1.9,0.0,4.0,5.0,2.0,6.333333333333333,3.2857142857142856,9.0
Patiala,Punjab,2024-10-11,9,2024,10,11,11,25.78,55.38,1.87,0.0,19.0,10.0,1.0,11.0,5.714285714285714,11.0
Patiala,Punjab,2024-10-12,11,2024,10,12,12,26.35,48.24,1.24,0.0,9.0,4.0,0.0,10.666666666666666,6.857142857142857,28.0
Patiala,Punjab,2024-10-13,28,2024,10,13,13,26.39,43.22,0.95,0.0,11.0,19.0,1.0,13.0,8.428571428571429,17.0
Patiala,Punjab,2024-10-14,17,2024,10,14,14,25.24,47.56,1.45,0.0,28.0,9.0,5.0,16.0,12.285714285714286,32.0
Patiala,Punjab,2024-10-15,32,2024,10,15,15,25.93,48.06,1.48,0.13,17.0,11.0,10.0,18.666666666666668,14.0,0.0
Patiala,Punjab,2024-10-16,0,2024,10,16,16,26.72,47.24,0.98,0.0,32.0,28.0,4.0,25.666666666666668,17.142857142857142,21.0
Patiala,Punjab,2024-10-17,21,2024,10,17,17,26.65,48.15,1.11,0.0,0.0,17.0,19.0,16.333333333333332,16.571428571428573,29.0
Patiala,Punjab,2024-10-18,29,2024,10,18,18,26.65,46.07,1.05,0.0,21.0,32.0,9.0,17.666666666666668,16.857142857142858,35.0
Patiala,Punjab,2024-10-19,35,2024,10,19,19,26.35,48.21,1.27,0.0,29.0,0.0,11.0,16.666666666666668,19.714285714285715,27.0
Patiala,Punjab,2024-10-20,27,2024,10,20,20,25.07,55.96,1.39,0.0,35.0,21.0,28.0,28.333333333333332,23.142857142857142,11.0
Patiala,Punjab,2024-10-21,11,2024,10,21,21,24.77,62.19,1.17,0.0,27.0,29.0,17.0,30.333333333333332,23.0,22.0
Patiala,Punjab,2024-10-22,22,2024,10,22,22,25.1,63.29,1.17,0.0,11.0,35.0,32.0,24.333333333333332,22.142857142857142,40.0
Patiala,Punjab,2024-10-23,40,2024,10,23,23,25.93,53.7,2.09,0.0,22.0,27.0,0.0,20.0,20.714285714285715,38.0
Patiala,Punjab,2024-10-24,38,2024,10,24,24,25.27,55.5,2.63,0.0,40.0,11.0,21.0,24.333333333333332,26.428571428571427,37.0
Patiala,Punjab,2024-10-25,37,2024,10,25,25,25.39,53.25,2.08,0.0,38.0,22.0,29.0,33.333333333333336,28.857142857142858,11.0
Patiala,Punjab,2024-10-26,11,2024,10,26,26,25.53,49.02,1.32,0.0,37.0,40.0,35.0,38.333333333333336,30.0,28.0
Patiala,Punjab,2024-10-27,28,2024,10,27,27,25.05,55.86,1.29,0.0,11.0,38.0,27.0,28.666666666666668,26.571428571428573,39.0
Patiala,Punjab,2024-10-28,39,2024,10,28,28,25.48,69.63,1.86,0.0,28.0,37.0,11.0,25.333333333333332,26.714285714285715,57.0
Patiala,Punjab,2024-10-29,57,2024,10,29,29,26.58,66.39,1.41,0.0,39.0,11.0,22.0,26.0,30.714285714285715,33.0
Patiala,Punjab,2024-10-30,33,2024,10,30,30,26.75,58.62,1.49,0.0,57.0,28.0,40.0,41.333333333333336,35.714285714285715,53.0
Patiala,Punjab,2024-10-31,53,2024,10,31,31,25.67,49.58,2.47,0.0,33.0,39.0,38.0,43.0,34.714285714285715,96.0
Patiala,Punjab,2024-11-01,96,2024,11,1,32,24.44,41.2,2.02,0.0,53.0,57.0,37.0,47.666666666666664,36.857142857142854,45.0
Patiala,Punjab,2024-11-02,45,2024,11,2,33,24.52,39.91,0.99,0.0,96.0,33.0,11.0,60.666666666666664,45.285714285714285,24.0
Patiala,Punjab,2024-11-03,24,2024,11,3,34,23.82,43.78,1.04,0.0,45.0,53.0,28.0,64.66666666666667,50.142857142857146,16.0
Patiala,Punjab,2024-11-04,16,2024,11,4,35,24.35,41.21,1.01,0.0,24.0,96.0,39.0,55.0,49.57142857142857,6.0
Patiala,Punjab,2024-11-05,6,2024,11,5,36,23.1,57.75,1.61,0.0,16.0,45.0,57.0,28.333333333333332,46.285714285714285,1.0
Patiala,Punjab,2024-11-06,1,2024,11,6,37,24.01,55.29,1.01,0.0,6.0,24.0,33.0,15.333333333333334,39.0,32.0
Patiala,Punjab,2024-11-07,32,2024,11,7,38,23.86,57.23,1.15,0.0,1.0,16.0,53.0,7.666666666666667,34.42857142857143,39.0
Patiala,Punjab,2024-11-08,39,2024,11,8,39,23.76,60.65,1.22,0.0,32.0,6.0,96.0,13.0,31.428571428571427,58.0
Patiala,Punjab,2024-11-09,58,2024,11,9,40,23.32,68.05,1.72,0.0,39.0,1.0,45.0,24.0,23.285714285714285,9.0
Patiala,Punjab,2024-11-10,9,2024,11,10,41,23.35,69.87,1.22,0.0,58.0,32.0,24.0,43.0,25.142857142857142,10.0
Patiala,Punjab,2024-11-11,10,2024,11,11,42,23.96,66.96,0.98,0.0,9.0,39.0,16.0,35.333333333333336,23.0,13.0
Patiala,Punjab,2024-11-12,13,2024,11,12,43,23.05,57.62,1.28,0.0,10.0,58.0,6.0,25.666666666666668,22.142857142857142,0.0
Patiala,Punjab,2024-11-13,0,2024,11,13,44,22.33,52.3,1.41,0.0,13.0,9.0,1.0,10.666666666666666,23.142857142857142,0.0
Patiala,Punjab,2024-11-14,0,2024,11,14,45,21.28,47.59,1.25,0.0,0.0,10.0,32.0,7.666666666666667,23.0,19.0
Patiala,Punjab,2024-11-15,19,2024,11,15,46,20.82,48.46,1.64,0.0,0.0,13.0,39.0,4.333333333333333,18.428571428571427,20.0
Patiala,Punjab,2024-11-16,20,2024,11,16,47,20.31,54.03,1.69,0.0,19.0,0.0,58.0,6.333333333333333,15.571428571428571,4.0
Patiala,Punjab,2024-11-17,4,2024,11,17,48,19.8,49.42,1.79,0.0,20.0,0.0,9.0,13.0,10.142857142857142,15.0
Patiala,Punjab,2024-11-18,15,2024,11,18,49,18.91,46.48,1.57,0.0,4.0,19.0,10.0,14.333333333333334,9.428571428571429,7.0
Patiala,Punjab,2024-11-19,7,2024,11,19,50,18.65,41.92,1.66,0.0,15.0,20.0,13.0,13.0,10.142857142857142,7.0
Patiala,Punjab,2024-11-20,7,2024,11,20,51,18.49,40.07,1.56,0.0,7.0,4.0,0.0,8.666666666666666,9.285714285714286,3.0
Patiala,Punjab,2024-11-21,3,2024,11,21,52,18.77,37.6,1.36,0.0,7.0,15.0,0.0,9.666666666666666,10.285714285714286,0.0
Patiala,Punjab,2024-11-22,0,2024,11,22,53,19.83,35.63,1.02,0.0,3.0,7.0,19.0,5.666666666666667,10.714285714285714,1.0
Patiala,Punjab,2024-11-23,1,2024,11,23,54,18.8,42.73,1.07,0.0,0.0,7.0,20.0,3.3333333333333335,8.0,0.0
Patiala,Punjab,2024-11-24,0,2024,11,24,55,19.2,45.6,1.73,0.0,1.0,3.0,4.0,1.3333333333333333,5.285714285714286,2.0
Patiala,Punjab,2024-11-25,2,2024,11,25,56,17.6,52.44,2.08,0.0,0.0,0.0,15.0,0.3333333333333333,4.714285714285714,1.0
Patiala,Punjab,2024-11-26,1,2024,11,26,57,17.53,45.7,1.76,0.0,2.0,1.0,7.0,1.0,2.857142857142857,0.0
Patiala,Punjab,2024-11-27,0,2024,11,27,58,17.67,44.91,1.19,0.0,1.0,0.0,7.0,1.0,2.0,0.0
Patiala,Punjab,2024-11-28,0,2024,11,28,59,17.96,42.04,1.21,0.0,0.0,2.0,3.0,1.0,1.0,2.0
Patiala,Punjab,2024-11-29,2,2024,11,29,60,18.35,41.11,1.04,0.0,0.0,1.0,0.0,0.3333333333333333,0.5714285714285714,1.0
Patiala,Punjab,2024-11-30,1,2024,11,30,61,17.08,42.6,1.88,0.0,2.0,0.0,1.0,0.6666666666666666,0.8571428571428571,0.0
Patiala,Punjab,2025-10-01,0,2025,10,1,1,28.08,75.22,0.93,0.27,1.0,0.0,0.0,1.0,0.8571428571428571,0.0
Patiala,Punjab,2025-10-02,0,2025,10,2,2,27.89,74.34,0.79,3.51,0.0,2.0,2.0,1.0,0.8571428571428571,0.0
Patiala,Punjab,2025-10-03,0,2025,10,3,3,27.37,76.14,0.84,0.69,0.0,1.0,1.0,0.3333333333333333,0.5714285714285714,0.0
Patiala,Punjab,2025-10-04,0,2025,10,4,4,27.41,72.94,1.59,0.04,0.0,0.0,0.0,0.0,0.42857142857142855,5.0
Patiala,Punjab,2025-10-05,5,2025,10,5,5,27.5,66.98,0.67,2.93,0.0,0.0,0.0,0.0,0.42857142857142855,0.0
Patiala,Punjab,2025-10-06,0,2025,10,6,6,23.84,80.55,1.84,8.67,5.0,0.0,2.0,1.6666666666666667,1.1428571428571428,0.0
Patiala,Punjab,2025-10-07,0,2025,10,7,7,22.95,87.57,2.23,20.99,0.0,0.0,1.0,1.6666666666666667,0.8571428571428571,2.0
Patiala,Punjab,2025-10-08,2,2025,10,8,8,22.09,83.91,1.47,6.85,0.0,5.0,0.0,1.6666666666666667,0.7142857142857143,1.0
Patiala,Punjab,2025-10-09,1,2025,10,9,9,21.99,77.66,1.5,0.01,2.0,0.0,0.0,0.6666666666666666,1.0,0.0
Patiala,Punjab,2025-10-10,0,2025,10,10,10,22.71,68.57,1.2,0.0,1.0,0.0,0.0,1.0,1.1428571428571428,0.0
Patiala,Punjab,2025-10-11,0,2025,10,11,11,23.32,68.95,1.2,0.0,0.0,2.0,0.0,1.0,1.1428571428571428,0.0
Patiala,Punjab,2025-10-12,0,2025,10,12,12,22.72,71.46,1.58,0.0,0.0,1.0,5.0,0.3333333333333333,1.1428571428571428,0.0
Patiala,Punjab,2025-10-13,0,2025,10,13,13,23.21,63.56,1.34,0.0,0.0,0.0,0.0,0.0,0.42857142857142855,1.0
Patiala,Punjab,2025-10-14,1,2025,10,14,14,23.73,56.09,1.02,0.0,0.0,0.0,0.0,0.0,0.42857142857142855,3.0
Patiala,Punjab,2025-10-15,3,2025,10,15,15,24.03,54.59,0.75,0.0,1.0,0.0,2.0,0.3333333333333333,0.5714285714285714,3.0
Patiala,Punjab,2025-10-16,3,2025,10,16,16,24.04,61.36,1.04,0.0,3.0,0.0,1.0,1.3333333333333333,0.7142857142857143,4.0
Patiala,Punjab,2025-10-17,4,2025,10,17,17,24.22,71.36,1.16,0.0,3.0,1.0,0.0,2.3333333333333335,1.0,2.0
Patiala,Punjab,2025-10-18,2,2025,10,18,18,24.48,70.94,0.88,0.0,4.0,3.0,0.0,3.3333333333333335,1.5714285714285714,6.0
Patiala,Punjab,2025-10-19,6,2025,10,19,19,25.57,60.6,0.69,0.0,2.0,3.0,0.0,3.0,1.8571428571428572,14.0
Patiala,Punjab,2025-10-20,14,2025,10,20,20,25.37,56.74,0.81,0.0,6.0,4.0,0.0,4.0,2.7142857142857144,18.0
Patiala,Punjab,2025-10-21,18,2025,10,21,21,24.74,58.77,0.73,0.0,14.0,2.0,1.0,7.333333333333333,4.714285714285714,11.0
Patiala,Punjab,2025-10-22,11,2025,10,22,22,23.75,57.93,1.45,0.0,18.0,6.0,3.0,12.666666666666666,7.142857142857143,2.0
Patiala,Punjab,2025-10-23,2,2025,10,23,23,23.63,54.48,1.27,0.0,11.0,14.0,3.0,14.333333333333334,8.285714285714286,1.0
Patiala,Punjab,2025-10-24,1,2025,10,24,24,25.2,50.55,0.43,0.19,2.0,18.0,4.0,10.333333333333334,8.142857142857142,10.0
Patiala,Punjab,2025-10-25,10,2025,10,25,25,24.18,58.04,1.01,0.0,1.0,11.0,2.0,4.666666666666667,7.714285714285714,4.0
Patiala,Punjab,2025-10-26,4,2025,10,26,26,24.1,53.05,0.94,0.0,10.0,2.0,6.0,4.333333333333333,8.857142857142858,11.0
Patiala,Punjab,2025-10-27,11,2025,10,27,27,23.1,54.74,1.02,0.0,4.0,1.0,14.0,5.0,8.571428571428571,6.0
Patiala,Punjab,2025-10-28,6,2025,10,28,28,22.56,66.51,0.72,0.0,11.0,10.0,18.0,8.333333333333334,8.142857142857142,18.0
Patiala,Punjab,2025-10-29,18,2025,10,29,29,22.39,66.07,1.44,0.0,6.0,4.0,11.0,7.0,6.428571428571429,13.0
Patiala,Punjab,2025-10-30,13,2025,10,30,30,24.13,67.4,0.93,0.0,18.0,11.0,2.0,11.666666666666666,7.428571428571429,41.0
Patiala,Punjab,2025-10-31,41,2025,10,31,31,23.66,66.66,1.57,0.0,13.0,6.0,1.0,12.333333333333334,9.0,44.0
Patiala,Punjab,2025-11-01,44,2025,11,1,32,22.71,63.53,1.57,0.0,41.0,18.0,10.0,24.0,14.714285714285714,27.0
Patiala,Punjab,2025-11-02,27,2025,11,2,33,21.62,59.48,1.99,0.0,44.0,13.0,4.0,32.666666666666664,19.571428571428573,11.0
Patiala,Punjab,2025-11-03,11,2025,11,3,34,21.61,53.65,1.77,0.0,27.0,41.0,11.0,37.333333333333336,22.857142857142858,20.0
Patiala,Punjab,2025-11-04,20,2025,11,4,35,21.17,58.84,1.92,0.0,11.0,44.0,6.0,27.333333333333332,22.857142857142858,10.0
Patiala,Punjab,2025-11-05,10,2025,11,5,36,20.82,58.21,1.82,0.77,20.0,27.0,18.0,19.333333333333332,24.857142857142858,24.0
Patiala,Punjab,2025-11-06,24,2025,11,6,37,18.04,56.82,2.54,0.0,10.0,11.0,13.0,13.666666666666666,23.714285714285715,12.0
Patiala,Punjab,2025-11-07,12,2025,11,7,38,17.44,48.09,2.21,0.0,24.0,20.0,41.0,18.0,25.285714285714285,21.0
Patiala,Punjab,2025-11-08,21,2025,11,8,39,17.18,46.64,1.77,0.0,12.0,10.0,44.0,15.333333333333334,21.142857142857142,30.0
Patiala,Punjab,2025-11-09,30,2025,11,9,40,17.07,50.85,1.89,0.0,21.0,24.0,27.0,19.0,17.857142857142858,6.0
Patiala,Punjab,2025-11-10,6,2025,11,10,41,17.63,48.75,1.64,0.0,30.0,12.0,11.0,21.0,18.285714285714285,11.0
Patiala,Punjab,2025-11-11,11,2025,11,11,42,17.27,51.27,1.92,0.0,6.0,21.0,20.0,19.0,17.571428571428573,1.0
Patiala,Punjab,2025-11-12,1,2025,11,12,43,16.85,51.72,2.13,0.0,11.0,30.0,10.0,15.666666666666666,16.285714285714285,3.0
Patiala,Punjab,2025-11-13,3,2025,11,13,44,16.88,51.63,1.8,0.0,1.0,6.0,24.0,6.0,15.0,1.0
Patiala,Punjab,2025-11-14,1,2025,11,14,45,16.49,50.15,1.7,0.0,3.0,11.0,12.0,5.0,12.0,4.0
Patiala,Punjab,2025-11-15,4,2025,11,15,46,16.73,47.35,1.81,0.0,1.0,1.0,21.0,1.6666666666666667,10.428571428571429,2.0
Patiala,Punjab,2025-11-16,2,2025,11,16,47,16.59,48.6,1.9,0.0,4.0,3.0,30.0,2.6666666666666665,8.0,0.0
Patiala,Punjab,2025-11-17,0,2025,11,17,48,17.4,46.22,1.43,0.0,2.0,1.0,6.0,2.3333333333333335,4.0,3.0
Patiala,Punjab,2025-11-18,3,2025,11,18,49,17.53,45.09,1.33,0.0,0.0,4.0,11.0,2.0,3.142857142857143,0.0
Patiala,Punjab,2025-11-19,0,2025,11,19,50,18.87,47.57,0.83,0.0,3.0,2.0,1.0,1.6666666666666667,2.0,0.0
Patiala,Punjab,2025-11-20,0,2025,11,20,51,19.7,39.92,0.52,0.0,0.0,0.0,3.0,1.0,1.8571428571428572,2.0
Patiala,Punjab,2025-11-21,2,2025,11,21,52,18.44,48.97,0.88,0.0,0.0,3.0,1.0,1.0,1.4285714285714286,0.0
Patiala,Punjab,2025-11-22,0,2025,11,22,53,17.59,52.21,1.37,0.0,2.0,0.0,4.0,0.6666666666666666,1.5714285714285714,0.0
Patiala,Punjab,2025-11-23,0,2025,11,23,54,16.72,56.01,1.14,0.0,0.0,0.0,2.0,0.6666666666666666,1.0,0.0
Patiala,Punjab,2025-11-24,0,2025,11,24,55,15.49,52.82,1.69,0.0,0.0,2.0,0.0,0.6666666666666666,0.7142857142857143,0.0
Patiala,Punjab,2025-11-25,0,2025,11,25,56,14.93,52.81,1.69,0.0,0.0,0.0,3.0,0.0,0.7142857142857143,0.0
Patiala,Punjab,2025-11-26,0,2025,11,26,57,15.37,51.0,1.43,0.0,0.0,0.0,0.0,0.0,0.2857142857142857,0.0
Patiala,Punjab,2025-11-27,0,2025,11,27,58,16.56,49.25,0.93,0.0,0.0,0.0,0.0,0.0,0.2857142857142857,0.0
Patiala,Punjab,2025-11-28,0,2025,11,28,59,16.54,50.74,1.53,0.0,0.0,0.0,2.0,0.0,0.2857142857142857,0.0
Patiala,Punjab,2025-11-29,0,2025,11,29,60,15.19,46.6,2.15,0.0,0.0,0.0,0.0,0.0,0.0,0.0
Rewari,Haryana,2023-10-08,0,2023,10,8,8,29.41,53.3,1.69,0.0,0.0,0.0,0.0,0.0,0.0,0.0
Rewari,Haryana,2023-10-09,0,2023,10,9,9,29.68,56.53,1.86,0.0,0.0,0.0,0.0,0.0,0.0,0.0
Rewari,Haryana,2023-10-10,0,2023,10,10,10,28.61,55.94,1.61,0.0,0.0,0.0,0.0,0.0,0.0,0.0
Rewari,Haryana,2023-10-11,0,2023,10,11,11,26.85,52.82,1.69,0.0,0.0,0.0,0.0,0.0,0.0,1.0
Rewari,Haryana,2023-10-12,1,2023,10,12,12,26.62,46.05,1.2,0.0,0.0,0.0,0.0,0.0,0.0,0.0
Rewari,Haryana,2023-10-13,0,2023,10,13,13,27.5,46.05,1.19,0.0,1.0,0.0,0.0,0.3333333333333333,0.14285714285714285,0.0
Rewari,Haryana,2023-10-14,0,2023,10,14,14,28.31,45.34,1.01,0.0,0.0,0.0,0.0,0.3333333333333333,0.14285714285714285,0.0
Rewari,Haryana,2023-10-15,0,2023,10,15,15,28.51,45.29,1.3,0.01,0.0,1.0,0.0,0.3333333333333333,0.14285714285714285,0.0
Rewari,Haryana,2023-10-16,0,2023,10,16,16,25.94,58.9,2.04,1.78,0.0,0.0,0.0,0.0,0.14285714285714285,0.0
Rewari,Haryana,2023-10-17,0,2023,10,17,17,23.9,68.22,1.98,3.1,0.0,0.0,0.0,0.0,0.14285714285714285,0.0
Rewari,Haryana,2023-10-18,0,2023,10,18,18,23.6,57.59,2.16,0.0,0.0,0.0,0.0,0.0,0.14285714285714285,0.0
Rewari,Haryana,2023-10-19,0,2023,10,19,19,23.46,55.51,1.54,0.0,0.0,0.0,1.0,0.0,0.14285714285714285,0.0
Rewari,Haryana,2023-10-20,0,2023,10,20,20,23.66,54.62,1.07,0.0,0.0,0.0,0.0,0.0,0.0,1.0
Rewari,Haryana,2023-10-21,1,2023,10,21,21,23.63,53.41,1.1,0.0,0.0,0.0,0.0,0.0,0.0,0.0
Rewari,Haryana,2023-10-22,0,2023,10,22,22,24.23,47.85,1.22,0.0,1.0,0.0,0.0,0.3333333333333333,0.14285714285714285,0.0
Rewari,Haryana,2023-10-23,0,2023,10,23,23,23.71,52.81,1.56,0.0,0.0,0.0,0.0,0.3333333333333333,0.14285714285714285,0.0
Rewari,Haryana,2023-10-24,0,2023,10,24,24,23.97,54.8,1.5,0.0,0.0,1.0,0.0,0.3333333333333333,0.14285714285714285,0.0
Rewari,Haryana,2023-10-25,0,2023,10,25,25,23.88,52.92,1.89,0.0,0.0,0.0,0.0,0.0,0.14285714285714285,0.0
Rewari,Haryana,2023-10-26,0,2023,10,26,26,23.35,48.3,1.8,0.0,0.0,0.0,0.0,0.0,0.14285714285714285,1.0
Rewari,Haryana,2023-10-27,1,2023,10,27,27,24.11,40.57,1.39,0.0,0.0,0.0,0.0,0.0,0.14285714285714285,0.0
Rewari,Haryana,2023-10-28,0,2023,10,28,28,24.7,40.49,1.28,0.0,1.0,0.0,1.0,0.3333333333333333,0.2857142857142857,0.0
Rewari,Haryana,2023-10-29,0,2023,10,29,29,25.23,41.68,1.28,0.0,0.0,0.0,0.0,0.3333333333333333,0.14285714285714285,0.0
Rewari,Haryana,2023-10-30,0,2023,10,30,30,24.82,46.27,1.34,0.0,0.0,1.0,0.0,0.3333333333333333,0.14285714285714285,0.0
Rewari,Haryana,2023-10-31,0,2023,10,31,31,24.61,49.28,1.24,0.0,0.0,0.0,0.0,0.0,0.14285714285714285,0.0
Rewari,Haryana,2023-11-01,0,2023,11,1,32,25.07,44.19,1.2,0.0,0.0,0.0,0.0,0.0,0.14285714285714285,0.0
Rewari,Haryana,2023-11-02,0,2023,11,2,33,24.26,42.07,1.21,0.0,0.0,0.0,0.0,0.0,0.14285714285714285,1.0
Rewari,Haryana,2023-11-03,1,2023,11,3,34,24.35,46.64,1.28,0.0,0.0,0.0,1.0,0.0,0.14285714285714285,0.0
Rewari,Haryana,2023-11-04,0,2023,11,4,35,24.34,49.45,1.02,0.0,1.0,0.0,0.0,0.3333333333333333,0.14285714285714285,0.0
Rewari,Haryana,2023-11-05,0,2023,11,5,36,23.79,43.23,1.08,0.0,0.0,0.0,0.0,0.3333333333333333,0.14285714285714285,0.0
Rewari,Haryana,2023-11-06,0,2023,11,6,37,23.66,39.25,1.08,0.0,0.0,1.0,0.0,0.3333333333333333,0.14285714285714285,0.0
Rewari,Haryana,2023-11-07,0,2023,11,7,38,23.63,40.56,1.12,0.0,0.0,0.0,0.0,0.0,0.14285714285714285,0.0
Rewari,Haryana,2023-11-08,0,2023,11,8,39,23.44,45.52,1.12,0.0,0.0,0.0,0.0,0.0,0.14285714285714285,0.0
Rewari,Haryana,2023-11-09,0,2023,11,9,40,24.45,47.21,1.06,0.01,0.0,0.0,0.0,0.0,0.14285714285714285,0.0
Rewari,Haryana,2023-11-10,0,2023,11,10,41,21.84,56.79,1.35,5.66,0.0,0.0,1.0,0.0,0.14285714285714285,8.0
Rewari,Haryana,2023-11-11,8,2023,11,11,42,19.68,63.96,2.0,0.32,0.0,0.0,0.0,0.0,0.0,0.0
Rewari,Haryana,2023-11-12,0,2023,11,12,43,19.6,59.95,1.49,0.0,8.0,0.0,0.0,2.6666666666666665,1.1428571428571428,0.0
Rewari,Haryana,2023-11-13,0,2023,11,13,44,19.97,52.92,0.95,0.0,0.0,0.0,0.0,2.6666666666666665,1.1428571428571428,0.0
Rewari,Haryana,2023-11-14,0,2023,11,14,45,19.96,45.67,0.97,0.0,0.0,8.0,0.0,2.6666666666666665,1.1428571428571428,0.0
Rewari,Haryana,2023-11-15,0,2023,11,15,46,18.7,48.47,1.4,0.0,0.0,0.0,0.0,0.0,1.1428571428571428,0.0
Rewari,Haryana,2023-11-16,0,2023,11,16,47,19.64,49.86,0.85,0.0,0.0,0.0,0.0,0.0,1.1428571428571428,0.0
Rewari,Haryana,2023-11-17,0,2023,11,17,48,20.43,49.79,1.08,0.0,0.0,0.0,0.0,0.0,1.1428571428571428,0.0
Rewari,Haryana,2023-11-18,0,2023,11,18,49,20.06,46.83,0.99,0.0,0.0,0.0,8.0,0.0,1.1428571428571428,0.0
Rewari,Haryana,2023-11-19,0,2023,11,19,50,19.68,45.18,1.24,0.0,0.0,0.0,0.0,0.0,0.0,0.0
Rewari,Haryana,2023-11-20,0,2023,11,20,51,20.43,47.28,0.85,0.0,0.0,0.0,0.0,0.0,0.0,0.0
Rewari,Haryana,2023-11-21,0,2023,11,21,52,18.77,54.41,1.85,0.0,0.0,0.0,0.0,0.0,0.0,0.0
Rewari,Haryana,2023-11-22,0,2023,11,22,53,18.46,47.61,1.65,0.0,0.0,0.0,0.0,0.0,0.0,0.0
Rewari,Haryana,2023-11-23,0,2023,11,23,54,19.32,41.18,0.77,0.0,0.0,0.0,0.0,0.0,0.0,0.0
Rewari,Haryana,2023-11-24,0,2023,11,24,55,18.99,45.69,1.02,0.0,0.0,0.0,0.0,0.0,0.0,0.0
Rewari,Haryana,2023-11-25,0,2023,11,25,56,18.85,44.89,0.97,0.0,0.0,0.0,0.0,0.0,0.0,0.0
Rewari,Haryana,2023-11-26,0,2023,11,26,57,18.5,47.43,1.56,0.0,0.0,0.0,0.0,0.0,0.0,0.0
Rewari,Haryana,2023-11-27,0,2023,11,27,58,17.17,50.69,1.82,0.3,0.0,0.0,0.0,0.0,0.0,0.0
Rewari,Haryana,2023-11-28,0,2023,11,28,59,17.66,63.54,1.25,4.07,0.0,0.0,0.0,0.0,0.0,0.0
Rewari,Haryana,2023-11-29,0,2023,11,29,60,18.43,63.02,1.07,0.11,0.0,0.0,0.0,0.0,0.0,0.0
Rewari,Haryana,2023-11-30,0,2023,11,30,61,18.94,68.72,1.32,0.0,0.0,0.0,0.0,0.0,0.0,0.0
Rewari,Haryana,2024-10-01,0,2024,10,1,1,27.99,74.73,1.99,0.0,0.0,0.0,0.0,0.0,0.0,0.0
Rewari,Haryana,2024-10-02,0,2024,10,2,2,27.42,72.48,2.42,0.0,0.0,0.0,0.0,0.0,0.0,1.0
Rewari,Haryana,2024-10-03,1,2024,10,3,3,27.44,73.28,2.72,0.0,0.0,0.0,0.0,0.0,0.0,0.0
Rewari,Haryana,2024-10-04,0,2024,10,4,4,27.76,77.16,2.24,1.23,1.0,0.0,0.0,0.3333333333333333,0.14285714285714285,0.0
Rewari,Haryana,2024-10-05,0,2024,10,5,5,27.95,73.61,2.01,0.36,0.0,0.0,0.0,0.3333333333333333,0.14285714285714285,1.0
Rewari,Haryana,2024-10-06,1,2024,10,6,6,27.05,71.07,1.58,0.0,0.0,1.0,0.0,0.3333333333333333,0.14285714285714285,1.0
Rewari,Haryana,2024-10-07,1,2024,10,7,7,27.06,65.97,0.97,0.0,1.0,0.0,0.0,0.3333333333333333,0.2857142857142857,1.0
Rewari,Haryana,2024-10-08,1,2024,10,8,8,26.59,67.17,0.96,0.0,1.0,0.0,0.0,0.6666666666666666,0.42857142857142855,2.0
Rewari,Haryana,2024-10-09,2,2024,10,9,9,27.17,61.58,0.94,0.0,1.0,1.0,0.0,1.0,0.5714285714285714,1.0
Rewari,Haryana,2024-10-10,1,2024,10,10,10,26.56,63.7,1.29,0.0,2.0,1.0,1.0,1.3333333333333333,0.8571428571428571,2.0
Rewari,Haryana,2024-10-11,2,2024,10,11,11,25.6,56.58,1.42,0.0,1.0,1.0,0.0,1.3333333333333333,0.8571428571428571,1.0
Rewari,Haryana,2024-10-12,1,2024,10,12,12,25.29,53.61,1.33,0.0,2.0,2.0,0.0,1.6666666666666667,1.1428571428571428,2.0
Rewari,Haryana,2024-10-13,2,2024,10,13,13,25.03,71.15,1.19,0.0,1.0,1.0,1.0,1.3333333333333333,1.2857142857142858,1.0
Rewari,Haryana,2024-10-14,1,2024,10,14,14,26.36,63.25,1.31,0.0,2.0,2.0,1.0,1.6666666666666667,1.4285714285714286,1.0
Rewari,Haryana,2024-10-15,1,2024,10,15,15,25.94,52.9,1.44,0.0,1.0,1.0,1.0,1.3333333333333333,1.4285714285714286,2.0
Rewari,Haryana,2024-10-16,2,2024,10,16,16,26.09,50.47,1.24,0.0,1.0,2.0,2.0,1.3333333333333333,1.4285714285714286,2.0
Rewari,Haryana,2024-10-17,2,2024,10,17,17,26.85,55.17,1.17,0.0,2.0,1.0,1.0,1.3333333333333333,1.4285714285714286,0.0
Rewari,Haryana,2024-10-18,0,2024,10,18,18,27.21,57.16,1.2,0.0,2.0,1.0,2.0,1.6666666666666667,1.5714285714285714,2.0
Rewari,Haryana,2024-10-19,2,2024,10,19,19,26.98,62.0,1.65,0.0,0.0,2.0,1.0,1.3333333333333333,1.2857142857142858,0.0
Rewari,Haryana,2024-10-20,0,2024,10,20,20,27.06,63.1,1.09,0.0,2.0,2.0,2.0,1.3333333333333333,1.4285714285714286,1.0
Rewari,Haryana,2024-10-21,1,2024,10,21,21,26.67,68.9,1.03,0.67,0.0,0.0,1.0,0.6666666666666666,1.1428571428571428,0.0
Rewari,Haryana,2024-10-22,0,2024,10,22,22,25.74,66.1,0.92,0.15,1.0,2.0,1.0,1.0,1.1428571428571428,2.0
Rewari,Haryana,2024-10-23,2,2024,10,23,23,25.73,58.33,1.45,0.0,0.0,0.0,2.0,0.3333333333333333,1.0,0.0
Rewari,Haryana,2024-10-24,0,2024,10,24,24,24.89,59.12,2.33,0.0,2.0,1.0,2.0,1.0,1.0,1.0
Rewari,Haryana,2024-10-25,1,2024,10,25,25,25.82,56.39,1.88,0.0,0.0,0.0,0.0,0.6666666666666666,0.7142857142857143,2.0
Rewari,Haryana,2024-10-26,2,2024,10,26,26,25.32,56.63,1.72,0.0,1.0,2.0,2.0,1.0,0.8571428571428571,1.0
Rewari,Haryana,2024-10-27,1,2024,10,27,27,24.65,63.98,1.35,0.0,2.0,0.0,0.0,1.0,0.8571428571428571,2.0
Rewari,Haryana,2024-10-28,2,2024,10,28,28,24.85,74.92,2.04,0.0,1.0,1.0,1.0,1.3333333333333333,1.0,3.0
Rewari,Haryana,2024-10-29,3,2024,10,29,29,26.21,71.52,1.38,0.0,2.0,2.0,0.0,1.6666666666666667,1.1428571428571428,1.0
Rewari,Haryana,2024-10-30,1,2024,10,30,30,27.35,52.67,1.24,0.0,3.0,1.0,2.0,2.0,1.5714285714285714,0.0
Rewari,Haryana,2024-10-31,0,2024,10,31,31,25.7,55.05,1.73,0.0,1.0,2.0,0.0,2.0,1.4285714285714286,2.0
Rewari,Haryana,2024-11-01,2,2024,11,1,32,24.96,48.48,2.04,0.0,0.0,3.0,1.0,1.3333333333333333,1.4285714285714286,0.0
Rewari,Haryana,2024-11-02,0,2024,11,2,33,25.34,52.02,1.09,0.0,2.0,1.0,2.0,1.0,1.5714285714285714,2.0
Rewari,Haryana,2024-11-03,2,2024,11,3,34,24.13,59.43,1.12,0.0,0.0,0.0,1.0,0.6666666666666666,1.2857142857142858,0.0
Rewari,Haryana,2024-11-04,0,2024,11,4,35,23.33,63.13,1.15,0.0,2.0,2.0,2.0,1.3333333333333333,1.4285714285714286,1.0
Rewari,Haryana,2024-11-05,1,2024,11,5,36,22.79,68.74,1.52,0.0,0.0,0.0,3.0,0.6666666666666666,1.1428571428571428,0.0
Rewari,Haryana,2024-11-06,0,2024,11,6,37,23.32,65.79,1.32,0.0,1.0,2.0,1.0,1.0,0.8571428571428571,0.0
Rewari,Haryana,2024-11-07,0,2024,11,7,38,23.44,69.19,1.3,0.0,0.0,0.0,0.0,0.3333333333333333,0.7142857142857143,1.0
Rewari,Haryana,2024-11-08,1,2024,11,8,39,23.7,69.18,1.25,0.0,0.0,1.0,2.0,0.3333333333333333,0.7142857142857143,0.0
Rewari,Haryana,2024-11-09,0,2024,11,9,40,23.85,71.85,1.89,0.0,1.0,0.0,0.0,0.3333333333333333,0.5714285714285714,0.0
Rewari,Haryana,2024-11-10,0,2024,11,10,41,24.17,57.79,1.31,0.0,0.0,0.0,2.0,0.3333333333333333,0.5714285714285714,0.0
Rewari,Haryana,2024-11-11,0,2024,11,11,42,24.78,54.27,0.76,0.0,0.0,1.0,0.0,0.3333333333333333,0.2857142857142857,1.0
Rewari,Haryana,2024-11-12,1,2024,11,12,43,23.91,53.77,1.19,0.0,0.0,0.0,1.0,0.0,0.2857142857142857,0.0
Rewari,Haryana,2024-11-13,0,2024,11,13,44,22.09,49.52,1.27,0.0,1.0,0.0,0.0,0.3333333333333333,0.2857142857142857,1.0
Rewari,Haryana,2024-11-14,1,2024,11,14,45,22.39,50.64,0.86,0.0,0.0,0.0,0.0,0.3333333333333333,0.2857142857142857,0.0
Rewari,Haryana,2024-11-15,0,2024,11,15,46,22.3,55.49,1.41,0.0,1.0,1.0,1.0,0.6666666666666666,0.42857142857142855,0.0
Rewari,Haryana,2024-11-16,0,2024,11,16,47,22.41,47.63,1.37,0.0,0.0,0.0,0.0,0.3333333333333333,0.2857142857142857,0.0
Rewari,Haryana,2024-11-17,0,2024,11,17,48,22.0,51.7,0.98,0.0,0.0,1.0,0.0,0.3333333333333333,0.2857142857142857,0.0
Rewari,Haryana,2024-11-18,0,2024,11,18,49,19.32,52.69,1.37,0.0,0.0,0.0,0.0,0.0,0.2857142857142857,1.0
Rewari,Haryana,2024-11-19,1,2024,11,19,50,18.67,48.05,1.69,0.0,0.0,0.0,1.0,0.0,0.2857142857142857,1.0
Rewari,Haryana,2024-11-20,1,2024,11,20,51,19.0,43.64,1.16,0.0,1.0,0.0,0.0,0.3333333333333333,0.2857142857142857,0.0
Rewari,Haryana,2024-11-21,0,2024,11,21,52,19.49,39.9,1.15,0.0,1.0,0.0,1.0,0.6666666666666666,0.42857142857142855,0.0
Rewari,Haryana,2024-11-22,0,2024,11,22,53,18.8,44.0,1.41,0.0,0.0,1.0,0.0,0.6666666666666666,0.2857142857142857,0.0
Rewari,Haryana,2024-11-23,0,2024,11,23,54,19.2,49.56,1.48,0.0,0.0,1.0,0.0,0.3333333333333333,0.2857142857142857,0.0
Rewari,Haryana,2024-11-24,0,2024,11,24,55,19.6,50.87,2.04,0.0,0.0,0.0,0.0,0.0,0.2857142857142857,0.0
Rewari,Haryana,2024-11-25,0,2024,11,25,56,18.62,51.45,1.8,0.0,0.0,0.0,0.0,0.0,0.2857142857142857,0.0
Rewari,Haryana,2024-11-26,0,2024,11,26,57,18.61,46.82,1.69,0.0,0.0,0.0,1.0,0.0,0.2857142857142857,0.0
Rewari,Haryana,2024-11-27,0,2024,11,27,58,19.09,48.53,1.43,0.0,0.0,0.0,1.0,0.0,0.14285714285714285,0.0
Rewari,Haryana,2024-11-28,0,2024,11,28,59,19.14,44.66,0.8,0.0,0.0,0.0,0.0,0.0,0.0,0.0
Rewari,Haryana,2024-11-29,0,2024,11,29,60,18.61,43.95,1.01,0.0,0.0,0.0,0.0,0.0,0.0,0.0
Rewari,Haryana,2024-11-30,0,2024,11,30,61,18.03,48.64,1.46,0.0,0.0,0.0,0.0,0.0,0.0,0.0
Rewari,Haryana,2025-10-01,0,2025,10,1,1,26.58,79.44,1.06,1.16,0.0,0.0,0.0,0.0,0.0,0.0
Rewari,Haryana,2025-10-02,0,2025,10,2,2,26.22,81.48,1.54,3.0,0.0,0.0,0.0,0.0,0.0,0.0
Rewari,Haryana,2025-10-03,0,2025,10,3,3,26.13,83.89,1.5,0.01,0.0,0.0,0.0,0.0,0.0,0.0
Rewari,Haryana,2025-10-04,0,2025,10,4,4,27.85,70.59,1.24,0.0,0.0,0.0,0.0,0.0,0.0,4.0
Rewari,Haryana,2025-10-05,4,2025,10,5,5,27.2,71.59,1.55,1.52,0.0,0.0,0.0,0.0,0.0,0.0
Rewari,Haryana,2025-10-06,0,2025,10,6,6,25.37,83.1,1.52,16.4,4.0,0.0,0.0,1.3333333333333333,0.5714285714285714,0.0
Rewari,Haryana,2025-10-07,0,2025,10,7,7,24.41,82.81,1.85,17.67,0.0,0.0,0.0,1.3333333333333333,0.5714285714285714,0.0
Rewari,Haryana,2025-10-08,0,2025,10,8,8,22.05,78.41,1.54,0.09,0.0,4.0,0.0,1.3333333333333333,0.5714285714285714,0.0
Rewari,Haryana,2025-10-09,0,2025,10,9,9,22.12,68.97,1.62,0.0,0.0,0.0,0.0,0.0,0.5714285714285714,0.0
Rewari,Haryana,2025-10-10,0,2025,10,10,10,22.44,63.59,1.24,0.0,0.0,0.0,0.0,0.0,0.5714285714285714,2.0
Rewari,Haryana,2025-10-11,2,2025,10,11,11,23.06,61.5,1.18,0.0,0.0,0.0,0.0,0.0,0.5714285714285714,0.0
Rewari,Haryana,2025-10-12,0,2025,10,12,12,24.08,61.29,1.1,0.0,2.0,0.0,4.0,0.6666666666666666,0.8571428571428571,0.0
Rewari,Haryana,2025-10-13,0,2025,10,13,13,23.98,56.63,0.98,0.0,0.0,0.0,0.0,0.6666666666666666,0.2857142857142857,0.0
Rewari,Haryana,2025-10-14,0,2025,10,14,14,23.32,59.16,1.05,0.0,0.0,2.0,0.0,0.6666666666666666,0.2857142857142857,0.0
Rewari,Haryana,2025-10-15,0,2025,10,15,15,22.92,61.42,1.23,0.0,0.0,0.0,0.0,0.0,0.2857142857142857,0.0
Rewari,Haryana,2025-10-16,0,2025,10,16,16,23.34,57.11,1.1,0.0,0.0,0.0,0.0,0.0,0.2857142857142857,0.0
Rewari,Haryana,2025-10-17,0,2025,10,17,17,24.31,52.56,0.88,0.0,0.0,0.0,0.0,0.0,0.2857142857142857,0.0
Rewari,Haryana,2025-10-18,0,2025,10,18,18,23.51,59.99,1.18,0.0,0.0,0.0,2.0,0.0,0.2857142857142857,0.0
Rewari,Haryana,2025-10-19,0,2025,10,19,19,23.39,63.3,1.55,0.0,0.0,0.0,0.0,0.0,0.0,0.0
Rewari,Haryana,2025-10-20,0,2025,10,20,20,23.61,64.66,1.77,0.0,0.0,0.0,0.0,0.0,0.0,0.0
Rewari,Haryana,2025-10-21,0,2025,10,21,21,24.11,69.97,1.15,0.0,0.0,0.0,0.0,0.0,0.0,1.0
Rewari,Haryana,2025-10-22,1,2025,10,22,22,25.42,60.45,0.9,0.0,0.0,0.0,0.0,0.0,0.0,0.0
Rewari,Haryana,2025-10-23,0,2025,10,23,23,24.81,50.74,1.01,0.0,1.0,0.0,0.0,0.3333333333333333,0.14285714285714285,0.0
Rewari,Haryana,2025-10-24,0,2025,10,24,24,23.73,53.78,1.12,0.0,0.0,0.0,0.0,0.3333333333333333,0.14285714285714285,0.0
Rewari,Haryana,2025-10-25,0,2025,10,25,25,23.03,54.75,1.13,0.0,0.0,1.0,0.0,0.3333333333333333,0.14285714285714285,0.0
Rewari,Haryana,2025-10-26,0,2025,10,26,26,22.62,61.2,1.28,0.0,0.0,0.0,0.0,0.0,0.14285714285714285,0.0
Rewari,Haryana,2025-10-27,0,2025,10,27,27,21.71,74.1,1.56,1.2,0.0,0.0,0.0,0.0,0.14285714285714285,0.0
Rewari,Haryana,2025-10-28,0,2025,10,28,28,20.33,78.03,1.51,0.08,0.0,0.0,0.0,0.0,0.14285714285714285,0.0
Rewari,Haryana,2025-10-29,0,2025,10,29,29,22.55,71.74,1.18,0.07,0.0,0.0,1.0,0.0,0.14285714285714285,0.0
Rewari,Haryana,2025-10-30,0,2025,10,30,30,22.37,81.54,1.25,0.78,0.0,0.0,0.0,0.0,0.0,0.0
Rewari,Haryana,2025-10-31,0,2025,10,31,31,23.93,72.15,1.21,0.01,0.0,0.0,0.0,0.0,0.0,0.0
Rewari,Haryana,2025-11-01,0,2025,11,1,32,23.89,58.97,1.34,0.0,0.0,0.0,0.0,0.0,0.0,0.0
Rewari,Haryana,2025-11-02,0,2025,11,2,33,23.22,50.97,1.58,0.0,0.0,0.0,0.0,0.0,0.0,0.0
Rewari,Haryana,2025-11-03,0,2025,11,3,34,22.69,44.99,2.2,0.0,0.0,0.0,0.0,0.0,0.0,0.0
Rewari,Haryana,2025-11-04,0,2025,11,4,35,20.87,58.39,1.18,0.02,0.0,0.0,0.0,0.0,0.0,0.0
Rewari,Haryana,2025-11-05,0,2025,11,5,36,21.47,56.95,1.53,0.0,0.0,0.0,0.0,0.0,0.0,2.0
Rewari,Haryana,2025-11-06,2,2025,11,6,37,18.11,52.33,2.31,0.0,0.0,0.0,0.0,0.0,0.0,0.0
Rewari,Haryana,2025-11-07,0,2025,11,7,38,17.29,43.02,2.2,0.0,2.0,0.0,0.0,0.6666666666666666,0.2857142857142857,0.0
Rewari,Haryana,2025-11-08,0,2025,11,8,39,17.6,42.56,1.78,0.0,0.0,0.0,0.0,0.6666666666666666,0.2857142857142857,0.0
Rewari,Haryana,2025-11-09,0,2025,11,9,40,18.35,41.66,1.63,0.0,0.0,2.0,0.0,0.6666666666666666,0.2857142857142857,0.0
Rewari,Haryana,2025-11-10,0,2025,11,10,41,18.9,40.99,1.29,0.0,0.0,0.0,0.0,0.0,0.2857142857142857,0.0
Rewari,Haryana,2025-11-11,0,2025,11,11,42,18.6,41.52,1.4,0.0,0.0,0.0,0.0,0.0,0.2857142857142857,0.0
Rewari,Haryana,2025-11-12,0,2025,11,12,43,18.38,44.38,1.72,0.0,0.0,0.0,0.0,0.0,0.2857142857142857,0.0
Rewari,Haryana,2025-11-13,0,2025,11,13,44,17.73,44.57,1.51,0.0,0.0,0.0,2.0,0.0,0.2857142857142857,0.0
Rewari,Haryana,2025-11-14,0,2025,11,14,45,18.41,39.08,1.35,0.0,0.0,0.0,0.0,0.0,0.0,0.0
Rewari,Haryana,2025-11-15,0,2025,11,15,46,18.41,37.3,1.44,0.0,0.0,0.0,0.0,0.0,0.0,0.0
Rewari,Haryana,2025-11-16,0,2025,11,16,47,17.26,40.22,1.84,0.0,0.0,0.0,0.0,0.0,0.0,0.0
Rewari,Haryana,2025-11-17,0,2025,11,17,48,17.32,40.68,1.57,0.0,0.0,0.0,0.0,0.0,0.0,0.0
Rewari,Haryana,2025-11-18,0,2025,11,18,49,17.69,43.89,1.49,0.0,0.0,0.0,0.0,0.0,0.0,0.0
Rewari,Haryana,2025-11-19,0,2025,11,19,50,17.73,49.01,1.17,0.0,0.0,0.0,0.0,0.0,0.0,0.0
Rewari,Haryana,2025-11-20,0,2025,11,20,51,17.39,61.92,1.46,0.0,0.0,0.0,0.0,0.0,0.0,0.0
Rewari,Haryana,2025-11-21,0,2025,11,21,52,17.55,64.88,1.46,0.0,0.0,0.0,0.0,0.0,0.0,0.0
Rewari,Haryana,2025-11-22,0,2025,11,22,53,18.7,52.45,1.18,0.0,0.0,0.0,0.0,0.0,0.0,0.0
Rewari,Haryana,2025-11-23,0,2025,11,23,54,18.87,41.9,0.83,0.0,0.0,0.0,0.0,0.0,0.0,0.0
Rewari,Haryana,2025-11-24,0,2025,11,24,55,18.41,42.34,0.83,0.0,0.0,0.0,0.0,0.0,0.0,0.0
Rewari,Haryana,2025-11-25,0,2025,11,25,56,17.21,40.59,1.2,0.0,0.0,0.0,0.0,0.0,0.0,0.0
Rewari,Haryana,2025-11-26,0,2025,11,26,57,16.32,41.92,1.04,0.0,0.0,0.0,0.0,0.0,0.0,1.0
Rewari,Haryana,2025-11-27,1,2025,11,27,58,16.94,42.72,1.0,0.0,0.0,0.0,0.0,0.0,0.0,0.0
Rewari,Haryana,2025-11-28,0,2025,11,28,59,17.93,48.27,1.21,0.0,1.0,0.0,0.0,0.3333333333333333,0.14285714285714285,0.0
Rewari,Haryana,2025-11-29,0,2025,11,29,60,17.36,53.79,1.67,0.0,0.0,0.0,0.0,0.3333333333333333,0.14285714285714285,1.0
Rohtak,Haryana,2023-10-08,2,2023,10,8,8,28.46,54.67,1.52,0.0,1.0,0.0,0.0,0.3333333333333333,0.5714285714285714,0.0
Rohtak,Haryana,2023-10-09,0,2023,10,9,9,28.95,57.45,1.5,0.0,2.0,0.0,1.0,1.0,0.8571428571428571,0.0
Rohtak,Haryana,2023-10-10,0,2023,10,10,10,28.21,57.8,1.08,0.15,0.0,1.0,2.0,1.0,0.7142857142857143,0.0
Rohtak,Haryana,2023-10-11,0,2023,10,11,11,26.43,53.34,1.98,0.0,0.0,2.0,0.0,0.6666666666666666,0.42857142857142855,0.0
Rohtak,Haryana,2023-10-12,0,2023,10,12,12,26.09,49.08,1.32,0.0,0.0,0.0,0.0,0.0,0.42857142857142855,5.0
Rohtak,Haryana,2023-10-13,5,2023,10,13,13,26.84,46.85,1.34,0.0,0.0,0.0,0.0,0.0,0.42857142857142855,0.0
Rohtak,Haryana,2023-10-14,0,2023,10,14,14,27.4,47.29,1.46,0.0,5.0,0.0,1.0,1.6666666666666667,1.1428571428571428,4.0
Rohtak,Haryana,2023-10-15,4,2023,10,15,15,26.81,52.03,0.7,0.85,0.0,0.0,2.0,1.6666666666666667,1.0,0.0
Rohtak,Haryana,2023-10-16,0,2023,10,16,16,23.34,71.86,1.96,11.9,4.0,5.0,0.0,3.0,1.2857142857142858,0.0
Rohtak,Haryana,2023-10-17,0,2023,10,17,17,23.47,62.05,2.01,1.14,0.0,0.0,0.0,1.3333333333333333,1.2857142857142858,0.0
Rohtak,Haryana,2023-10-18,0,2023,10,18,18,23.3,60.09,2.51,0.02,0.0,4.0,0.0,1.3333333333333333,1.2857142857142858,0.0
Rohtak,Haryana,2023-10-19,0,2023,10,19,19,22.79,57.04,1.94,0.0,0.0,0.0,0.0,0.0,1.2857142857142858,0.0
Rohtak,Haryana,2023-10-20,0,2023,10,20,20,22.88,56.37,1.44,0.0,0.0,0.0,5.0,0.0,1.2857142857142858,1.0
Rohtak,Haryana,2023-10-21,1,2023,10,21,21,22.86,51.43,1.27,0.0,0.0,0.0,0.0,0.0,0.5714285714285714,0.0
Rohtak,Haryana,2023-10-22,0,2023,10,22,22,23.24,52.8,1.25,0.0,1.0,0.0,4.0,0.3333333333333333,0.7142857142857143,0.0
Rohtak,Haryana,2023-10-23,0,2023,10,23,23,23.06,59.88,1.62,0.0,0.0,0.0,0.0,0.3333333333333333,0.14285714285714285,4.0
Rohtak,Haryana,2023-10-24,4,2023,10,24,24,23.71,57.3,1.49,0.0,0.0,1.0,0.0,0.3333333333333333,0.14285714285714285,1.0
Rohtak,Haryana,2023-10-25,1,2023,10,25,25,23.49,55.98,1.78,0.0,4.0,0.0,0.0,1.3333333333333333,0.7142857142857143,7.0
Rohtak,Haryana,2023-10-26,7,2023,10,26,26,23.12,54.99,1.71,0.0,1.0,0.0,0.0,1.6666666666666667,0.8571428571428571,0.0
Rohtak,Haryana,2023-10-27,0,2023,10,27,27,23.23,43.85,1.51,0.0,7.0,4.0,0.0,4.0,1.8571428571428572,0.0
Rohtak,Haryana,2023-10-28,0,2023,10,28,28,23.57,47.52,1.12,0.0,0.0,1.0,1.0,2.6666666666666665,1.8571428571428572,3.0
Rohtak,Haryana,2023-10-29,3,2023,10,29,29,24.7,46.87,1.14,0.0,0.0,7.0,0.0,2.3333333333333335,1.7142857142857142,3.0
Rohtak,Haryana,2023-10-30,3,2023,10,30,30,23.94,53.52,1.22,0.0,3.0,0.0,0.0,1.0,2.142857142857143,2.0
Rohtak,Haryana,2023-10-31,2,2023,10,31,31,23.82,52.74,1.16,0.0,3.0,0.0,4.0,2.0,2.5714285714285716,3.0
Rohtak,Haryana,2023-11-01,3,2023,11,1,32,23.85,48.87,1.17,0.0,2.0,3.0,1.0,2.6666666666666665,2.2857142857142856,1.0
Rohtak,Haryana,2023-11-02,1,2023,11,2,33,23.52,50.42,1.2,0.0,3.0,3.0,7.0,2.6666666666666665,2.5714285714285716,6.0
Rohtak,Haryana,2023-11-03,6,2023,11,3,34,23.46,53.73,1.21,0.0,1.0,2.0,0.0,2.0,1.7142857142857142,1.0
Rohtak,Haryana,2023-11-04,1,2023,11,4,35,22.97,57.86,1.47,0.0,6.0,3.0,0.0,3.3333333333333335,2.5714285714285716,11.0
Rohtak,Haryana,2023-11-05,11,2023,11,5,36,22.88,43.78,1.02,0.0,1.0,1.0,3.0,2.6666666666666665,2.7142857142857144,5.0
Rohtak,Haryana,2023-11-06,5,2023,11,6,37,22.11,44.16,1.13,0.0,11.0,6.0,3.0,6.0,3.857142857142857,10.0
Rohtak,Haryana,2023-11-07,10,2023,11,7,38,22.02,46.06,1.06,0.0,5.0,1.0,2.0,5.666666666666667,4.142857142857143,6.0
Rohtak,Haryana,2023-11-08,6,2023,11,8,39,22.24,59.82,1.51,0.0,10.0,11.0,3.0,8.666666666666666,5.285714285714286,0.0
Rohtak,Haryana,2023-11-09,0,2023,11,9,40,23.36,52.93,1.38,0.0,6.0,5.0,1.0,7.0,5.714285714285714,0.0
Rohtak,Haryana,2023-11-10,0,2023,11,10,41,20.97,63.21,1.58,3.68,0.0,10.0,6.0,5.333333333333333,5.571428571428571,0.0
Rohtak,Haryana,2023-11-11,0,2023,11,11,42,19.51,62.8,2.04,0.04,0.0,6.0,1.0,2.0,4.714285714285714,3.0
Rohtak,Haryana,2023-11-12,3,2023,11,12,43,19.58,63.24,2.06,0.0,0.0,0.0,11.0,0.0,4.571428571428571,5.0
Rohtak,Haryana,2023-11-13,5,2023,11,13,44,19.29,54.75,1.29,0.0,3.0,0.0,5.0,1.0,3.4285714285714284,3.0
Rohtak,Haryana,2023-11-14,3,2023,11,14,45,18.89,50.79,1.31,0.0,5.0,0.0,10.0,2.6666666666666665,3.4285714285714284,10.0
Rohtak,Haryana,2023-11-15,10,2023,11,15,46,18.64,59.25,1.49,0.0,3.0,3.0,6.0,3.6666666666666665,2.4285714285714284,5.0
Rohtak,Haryana,2023-11-16,5,2023,11,16,47,20.2,54.66,1.03,0.0,10.0,5.0,0.0,6.0,3.0,6.0
Rohtak,Haryana,2023-11-17,6,2023,11,17,48,21.05,54.01,1.22,0.0,5.0,3.0,0.0,6.0,3.7142857142857144,13.0
Rohtak,Haryana,2023-11-18,13,2023,11,18,49,20.13,54.15,1.29,0.0,6.0,10.0,0.0,7.0,4.571428571428571,23.0
Rohtak,Haryana,2023-11-19,23,2023,11,19,50,20.24,46.81,1.04,0.0,13.0,5.0,3.0,8.0,6.428571428571429,6.0
Rohtak,Haryana,2023-11-20,6,2023,11,20,51,19.73,50.78,1.36,0.0,23.0,6.0,5.0,14.0,9.285714285714286,10.0
Rohtak,Haryana,2023-11-21,10,2023,11,21,52,18.49,59.49,2.28,0.0,6.0,13.0,3.0,14.0,9.428571428571429,13.0
Rohtak,Haryana,2023-11-22,13,2023,11,22,53,17.57,56.9,2.15,0.0,10.0,23.0,10.0,13.0,10.428571428571429,1.0
Rohtak,Haryana,2023-11-23,1,2023,11,23,54,18.91,44.22,0.72,0.0,13.0,6.0,5.0,9.666666666666666,10.857142857142858,4.0
Rohtak,Haryana,2023-11-24,4,2023,11,24,55,18.22,44.86,0.92,0.0,1.0,10.0,6.0,8.0,10.285714285714286,0.0
Rohtak,Haryana,2023-11-25,0,2023,11,25,56,18.06,50.52,1.16,0.0,4.0,13.0,13.0,6.0,10.0,1.0
Rohtak,Haryana,2023-11-26,1,2023,11,26,57,18.33,49.94,1.34,0.0,0.0,1.0,23.0,1.6666666666666667,8.142857142857142,0.0
Rohtak,Haryana,2023-11-27,0,2023,11,27,58,16.98,55.36,1.65,0.26,1.0,4.0,6.0,1.6666666666666667,5.0,0.0
Rohtak,Haryana,2023-11-28,0,2023,11,28,59,17.97,53.58,1.44,2.23,0.0,0.0,10.0,0.3333333333333333,4.142857142857143,1.0
Rohtak,Haryana,2023-11-29,1,2023,11,29,60,18.76,52.26,1.11,0.06,0.0,1.0,13.0,0.3333333333333333,2.7142857142857144,0.0
Rohtak,Haryana,2023-11-30,0,2023,11,30,61,19.48,57.36,1.18,0.14,1.0,0.0,1.0,0.3333333333333333,1.0,0.0
Rohtak,Haryana,2024-10-01,0,2024,10,1,1,27.8,74.84,1.74,0.0,0.0,0.0,4.0,0.3333333333333333,0.8571428571428571,0.0
Rohtak,Haryana,2024-10-02,0,2024,10,2,2,27.94,69.38,1.67,0.0,0.0,1.0,0.0,0.3333333333333333,0.2857142857142857,1.0
Rohtak,Haryana,2024-10-03,1,2024,10,3,3,27.7,61.64,1.39,0.0,0.0,0.0,1.0,0.0,0.2857142857142857,0.0
Rohtak,Haryana,2024-10-04,0,2024,10,4,4,27.38,64.77,1.2,0.03,1.0,0.0,0.0,0.3333333333333333,0.2857142857142857,0.0
Rohtak,Haryana,2024-10-05,0,2024,10,5,5,28.06,70.53,1.57,0.21,0.0,0.0,0.0,0.3333333333333333,0.2857142857142857,0.0
Rohtak,Haryana,2024-10-06,0,2024,10,6,6,27.08,66.23,1.62,0.04,0.0,1.0,1.0,0.3333333333333333,0.2857142857142857,1.0
Rohtak,Haryana,2024-10-07,1,2024,10,7,7,26.68,65.99,1.29,0.0,0.0,0.0,0.0,0.0,0.14285714285714285,3.0
Rohtak,Haryana,2024-10-08,3,2024,10,8,8,26.75,64.11,0.85,0.0,1.0,0.0,0.0,0.3333333333333333,0.2857142857142857,1.0
Rohtak,Haryana,2024-10-09,1,2024,10,9,9,26.5,63.18,1.25,0.0,3.0,0.0,0.0,1.3333333333333333,0.7142857142857143,0.0
Rohtak,Haryana,2024-10-10,0,2024,10,10,10,25.62,65.69,1.66,0.0,1.0,1.0,1.0,1.6666666666666667,0.8571428571428571,1.0
Rohtak,Haryana,2024-10-11,1,2024,10,11,11,25.0,59.55,1.66,0.0,0.0,3.0,0.0,1.3333333333333333,0.7142857142857143,4.0
Rohtak,Haryana,2024-10-12,4,2024,10,12,12,25.42,53.51,1.25,0.0,1.0,1.0,0.0,0.6666666666666666,0.8571428571428571,1.0
Rohtak,Haryana,2024-10-13,1,2024,10,13,13,25.37,50.77,0.98,0.0,4.0,0.0,0.0,1.6666666666666667,1.4285714285714286,0.0
Rohtak,Haryana,2024-10-14,0,2024,10,14,14,25.19,61.98,1.44,0.0,1.0,1.0,1.0,2.0,1.5714285714285714,1.0
Rohtak,Haryana,2024-10-15,1,2024,10,15,15,25.94,49.01,1.2,0.07,0.0,4.0,3.0,1.6666666666666667,1.4285714285714286,0.0
Rohtak,Haryana,2024-10-16,0,2024,10,16,16,26.03,50.02,1.2,0.0,1.0,1.0,1.0,0.6666666666666666,1.1428571428571428,1.0
Rohtak,Haryana,2024-10-17,1,2024,10,17,17,26.15,51.86,1.03,0.0,0.0,0.0,0.0,0.3333333333333333,1.0,1.0
Rohtak,Haryana,2024-10-18,1,2024,10,18,18,25.8,54.31,1.01,0.0,1.0,1.0,1.0,0.6666666666666666,1.1428571428571428,2.0
Rohtak,Haryana,2024-10-19,2,2024,10,19,19,26.15,55.81,1.15,0.0,1.0,0.0,4.0,0.6666666666666666,1.1428571428571428,0.0
Rohtak,Haryana,2024-10-20,0,2024,10,20,20,25.04,61.04,1.25,0.0,2.0,1.0,1.0,1.3333333333333333,0.8571428571428571,0.0
Rohtak,Haryana,2024-10-21,0,2024,10,21,21,24.42,70.31,1.15,0.05,0.0,1.0,0.0,1.0,0.7142857142857143,1.0
Rohtak,Haryana,2024-10-22,1,2024,10,22,22,25.22,67.86,1.12,0.01,0.0,2.0,1.0,0.6666666666666666,0.7142857142857143,2.0
Rohtak,Haryana,2024-10-23,2,2024,10,23,23,25.44,58.83,1.61,0.0,1.0,0.0,0.0,0.3333333333333333,0.7142857142857143,0.0
Rohtak,Haryana,2024-10-24,0,2024,10,24,24,24.86,60.53,2.47,0.0,2.0,0.0,1.0,1.0,1.0,1.0
Rohtak,Haryana,2024-10-25,1,2024,10,25,25,25.45,56.78,2.0,0.0,0.0,1.0,1.0,1.0,0.8571428571428571,3.0
Rohtak,Haryana,2024-10-26,3,2024,10,26,26,25.4,53.28,1.66,0.0,1.0,2.0,2.0,1.0,0.8571428571428571,0.0
Rohtak,Haryana,2024-10-27,0,2024,10,27,27,24.89,63.48,1.32,0.0,3.0,0.0,0.0,1.3333333333333333,1.0,0.0
Rohtak,Haryana,2024-10-28,0,2024,10,28,28,25.06,73.64,1.88,0.0,0.0,1.0,0.0,1.3333333333333333,1.0,1.0
Rohtak,Haryana,2024-10-29,1,2024,10,29,29,26.18,68.82,1.32,0.0,0.0,3.0,1.0,1.0,1.0,1.0
Rohtak,Haryana,2024-10-30,1,2024,10,30,30,27.46,56.71,1.16,0.0,1.0,0.0,2.0,0.3333333333333333,1.0,4.0
Rohtak,Haryana,2024-10-31,4,2024,10,31,31,25.55,54.65,2.03,0.0,1.0,0.0,0.0,0.6666666666666666,0.8571428571428571,1.0
Rohtak,Haryana,2024-11-01,1,2024,11,1,32,24.68,42.95,2.07,0.0,4.0,1.0,1.0,2.0,1.4285714285714286,1.0
Rohtak,Haryana,2024-11-02,1,2024,11,2,33,24.3,45.95,1.04,0.0,1.0,1.0,3.0,2.0,1.4285714285714286,2.0
Rohtak,Haryana,2024-11-03,2,2024,11,3,34,23.65,50.66,1.17,0.0,1.0,4.0,0.0,2.0,1.1428571428571428,0.0
Rohtak,Haryana,2024-11-04,0,2024,11,4,35,23.47,51.66,0.98,0.0,2.0,1.0,0.0,1.3333333333333333,1.4285714285714286,0.0
Rohtak,Haryana,2024-11-05,0,2024,11,5,36,22.86,65.51,1.44,0.0,0.0,1.0,1.0,1.0,1.4285714285714286,0.0
Rohtak,Haryana,2024-11-06,0,2024,11,6,37,23.41,61.71,1.08,0.0,0.0,2.0,1.0,0.6666666666666666,1.2857142857142858,1.0
Rohtak,Haryana,2024-11-07,1,2024,11,7,38,23.4,64.57,1.19,0.0,0.0,0.0,4.0,0.0,1.1428571428571428,2.0
Rohtak,Haryana,2024-11-08,2,2024,11,8,39,23.55,66.87,1.21,0.0,1.0,0.0,1.0,0.3333333333333333,0.7142857142857143,4.0
Rohtak,Haryana,2024-11-09,4,2024,11,9,40,23.51,70.66,1.62,0.0,2.0,0.0,1.0,1.0,0.8571428571428571,0.0
Rohtak,Haryana,2024-11-10,0,2024,11,10,41,23.47,67.52,1.17,0.0,4.0,1.0,2.0,2.3333333333333335,1.2857142857142858,1.0
Rohtak,Haryana,2024-11-11,1,2024,11,11,42,24.22,61.6,0.9,0.0,0.0,2.0,0.0,2.0,1.0,4.0
Rohtak,Haryana,2024-11-12,4,2024,11,12,43,23.63,52.8,1.31,0.0,1.0,4.0,0.0,1.6666666666666667,1.1428571428571428,2.0
Rohtak,Haryana,2024-11-13,2,2024,11,13,44,22.05,52.18,1.44,0.0,4.0,0.0,0.0,1.6666666666666667,1.7142857142857142,0.0
Rohtak,Haryana,2024-11-14,0,2024,11,14,45,22.2,46.04,1.08,0.0,2.0,1.0,1.0,2.3333333333333335,2.0,3.0
Rohtak,Haryana,2024-11-15,3,2024,11,15,46,21.69,46.24,1.61,0.0,0.0,4.0,2.0,2.0,1.8571428571428572,0.0
Rohtak,Haryana,2024-11-16,0,2024,11,16,47,20.99,51.97,1.55,0.0,3.0,2.0,4.0,1.6666666666666667,2.0,0.0
Rohtak,Haryana,2024-11-17,0,2024,11,17,48,20.49,51.41,1.46,0.0,0.0,0.0,0.0,1.0,1.4285714285714286,0.0
Rohtak,Haryana,2024-11-18,0,2024,11,18,49,19.49,47.05,1.36,0.0,0.0,3.0,1.0,1.0,1.4285714285714286,4.0
Rohtak,Haryana,2024-11-19,4,2024,11,19,50,18.99,42.63,1.63,0.0,0.0,0.0,4.0,0.0,1.2857142857142858,7.0
Rohtak,Haryana,2024-11-20,7,2024,11,20,51,18.9,40.1,1.4,0.0,4.0,0.0,2.0,1.3333333333333333,1.2857142857142858,4.0
Rohtak,Haryana,2024-11-21,4,2024,11,21,52,19.36,35.79,1.23,0.0,7.0,0.0,0.0,3.6666666666666665,2.0,1.0
Rohtak,Haryana,2024-11-22,1,2024,11,22,53,18.95,38.8,1.39,0.0,4.0,4.0,3.0,5.0,2.5714285714285716,14.0
Rohtak,Haryana,2024-11-23,14,2024,11,23,54,18.72,46.2,1.4,0.0,1.0,7.0,0.0,4.0,2.2857142857142856,9.0
Rohtak,Haryana,2024-11-24,9,2024,11,24,55,19.61,45.01,1.81,0.0,14.0,4.0,0.0,6.333333333333333,4.285714285714286,5.0
Rohtak,Haryana,2024-11-25,5,2024,11,25,56,18.06,49.87,1.96,0.0,9.0,1.0,0.0,8.0,5.571428571428571,1.0
Rohtak,Haryana,2024-11-26,1,2024,11,26,57,17.79,44.21,1.81,0.0,5.0,14.0,4.0,9.333333333333334,6.285714285714286,1.0
Rohtak,Haryana,2024-11-27,1,2024,11,27,58,18.44,43.46,1.43,0.0,1.0,9.0,7.0,5.0,5.857142857142857,0.0
Rohtak,Haryana,2024-11-28,0,2024,11,28,59,18.85,39.57,0.98,0.0,1.0,5.0,4.0,2.3333333333333335,5.0,3.0
Rohtak,Haryana,2024-11-29,3,2024,11,29,60,18.69,39.85,1.09,0.0,0.0,1.0,1.0,0.6666666666666666,4.428571428571429,3.0
Rohtak,Haryana,2024-11-30,3,2024,11,30,61,17.62,44.09,1.65,0.0,3.0,1.0,14.0,1.3333333333333333,4.714285714285714,0.0
Rohtak,Haryana,2025-10-01,0,2025,10,1,1,27.07,79.01,0.75,0.02,3.0,0.0,9.0,2.0,3.142857142857143,0.0
Rohtak,Haryana,2025-10-02,0,2025,10,2,2,26.68,79.9,1.33,5.06,0.0,3.0,5.0,2.0,1.8571428571428572,0.0
Rohtak,Haryana,2025-10-03,0,2025,10,3,3,26.53,81.5,1.11,0.01,0.0,3.0,1.0,1.0,1.1428571428571428,0.0
Rohtak,Haryana,2025-10-04,0,2025,10,4,4,27.23,74.77,1.54,0.0,0.0,0.0,1.0,0.0,1.0,0.0
Rohtak,Haryana,2025-10-05,0,2025,10,5,5,27.21,66.53,0.94,3.05,0.0,0.0,0.0,0.0,0.8571428571428571,0.0
Rohtak,Haryana,2025-10-06,0,2025,10,6,6,24.44,81.85,1.57,6.68,0.0,0.0,3.0,0.0,0.8571428571428571,0.0
Rohtak,Haryana,2025-10-07,0,2025,10,7,7,23.44,87.47,2.11,22.27,0.0,0.0,3.0,0.0,0.42857142857142855,0.0
Rohtak,Haryana,2025-10-08,0,2025,10,8,8,21.63,82.45,1.5,2.96,0.0,0.0,0.0,0.0,0.0,0.0
Rohtak,Haryana,2025-10-09,0,2025,10,9,9,21.83,77.79,1.58,0.0,0.0,0.0,0.0,0.0,0.0,0.0
Rohtak,Haryana,2025-10-10,0,2025,10,10,10,22.46,66.67,1.09,0.0,0.0,0.0,0.0,0.0,0.0,1.0
Rohtak,Haryana,2025-10-11,1,2025,10,11,11,23.4,62.5,0.8,0.0,0.0,0.0,0.0,0.0,0.0,1.0
Rohtak,Haryana,2025-10-12,1,2025,10,12,12,23.27,70.27,1.51,0.0,1.0,0.0,0.0,0.3333333333333333,0.14285714285714285,0.0
Rohtak,Haryana,2025-10-13,0,2025,10,13,13,24.14,56.26,0.79,0.0,1.0,0.0,0.0,0.6666666666666666,0.2857142857142857,0.0
Rohtak,Haryana,2025-10-14,0,2025,10,14,14,24.12,51.37,0.69,0.0,0.0,1.0,0.0,0.6666666666666666,0.2857142857142857,0.0
Rohtak,Haryana,2025-10-15,0,2025,10,15,15,23.85,52.41,0.73,0.0,0.0,1.0,0.0,0.3333333333333333,0.2857142857142857,0.0
Rohtak,Haryana,2025-10-16,0,2025,10,16,16,24.0,51.75,0.8,0.0,0.0,0.0,0.0,0.0,0.2857142857142857,0.0
Rohtak,Haryana,2025-10-17,0,2025,10,17,17,24.88,59.18,0.71,0.0,0.0,0.0,0.0,0.0,0.2857142857142857,0.0
Rohtak,Haryana,2025-10-18,0,2025,10,18,18,24.45,62.86,0.79,0.0,0.0,0.0,1.0,0.0,0.2857142857142857,0.0
Rohtak,Haryana,2025-10-19,0,2025,10,19,19,24.14,62.87,1.0,0.0,0.0,0.0,1.0,0.0,0.14285714285714285,0.0
Rohtak,Haryana,2025-10-20,0,2025,10,20,20,23.84,65.28,1.1,0.0,0.0,0.0,0.0,0.0,0.0,0.0
Rohtak,Haryana,2025-10-21,0,2025,10,21,21,24.37,67.55,0.9,0.0,0.0,0.0,0.0,0.0,0.0,1.0
Rohtak,Haryana,2025-10-22,1,2025,10,22,22,24.1,66.55,1.25,0.0,0.0,0.0,0.0,0.0,0.0,0.0
Rohtak,Haryana,2025-10-23,0,2025,10,23,23,24.04,54.74,1.05,0.0,1.0,0.0,0.0,0.3333333333333333,0.14285714285714285,0.0
Rohtak,Haryana,2025-10-24,0,2025,10,24,24,23.96,49.77,0.8,0.0,0.0,0.0,0.0,0.3333333333333333,0.14285714285714285,0.0
Rohtak,Haryana,2025-10-25,0,2025,10,25,25,22.84,53.49,1.15,0.0,0.0,1.0,0.0,0.3333333333333333,0.14285714285714285,0.0
Rohtak,Haryana,2025-10-26,0,2025,10,26,26,22.18,57.04,1.3,0.0,0.0,0.0,0.0,0.0,0.14285714285714285,0.0
Rohtak,Haryana,2025-10-27,0,2025,10,27,27,22.47,58.21,1.32,0.01,0.0,0.0,0.0,0.0,0.14285714285714285,0.0
Rohtak,Haryana,2025-10-28,0,2025,10,28,28,22.23,71.11,1.03,0.0,0.0,0.0,0.0,0.0,0.14285714285714285,0.0
Rohtak,Haryana,2025-10-29,0,2025,10,29,29,22.84,66.85,0.86,0.0,0.0,0.0,1.0,0.0,0.14285714285714285,0.0
Rohtak,Haryana,2025-10-30,0,2025,10,30,30,23.51,72.12,1.02,0.33,0.0,0.0,0.0,0.0,0.0,1.0
Rohtak,Haryana,2025-10-31,1,2025,10,31,31,24.1,71.0,1.76,0.01,0.0,0.0,0.0,0.0,0.0,0.0
Rohtak,Haryana,2025-11-01,0,2025,11,1,32,23.19,63.32,1.4,0.0,1.0,0.0,0.0,0.3333333333333333,0.14285714285714285,2.0
Rohtak,Haryana,2025-11-02,2,2025,11,2,33,21.8,59.44,1.95,0.0,0.0,0.0,0.0,0.3333333333333333,0.14285714285714285,3.0
Rohtak,Haryana,2025-11-03,3,2025,11,3,34,21.35,53.59,1.96,0.0,2.0,1.0,0.0,1.0,0.42857142857142855,1.0
Rohtak,Haryana,2025-11-04,1,2025,11,4,35,20.61,57.03,1.76,0.03,3.0,0.0,0.0,1.6666666666666667,0.8571428571428571,5.0
Rohtak,Haryana,2025-11-05,5,2025,11,5,36,20.7,57.83,1.54,0.01,1.0,2.0,0.0,2.0,1.0,5.0
Rohtak,Haryana,2025-11-06,5,2025,11,6,37,18.2,57.61,2.3,0.0,5.0,3.0,0.0,3.0,1.7142857142857142,5.0
Rohtak,Haryana,2025-11-07,5,2025,11,7,38,17.14,51.11,2.15,0.0,5.0,1.0,1.0,3.6666666666666665,2.4285714285714284,6.0
Rohtak,Haryana,2025-11-08,6,2025,11,8,39,16.53,49.02,1.74,0.0,5.0,5.0,0.0,5.0,3.0,4.0
Rohtak,Haryana,2025-11-09,4,2025,11,9,40,16.98,50.84,1.82,0.0,6.0,5.0,2.0,5.333333333333333,3.857142857142857,5.0
Rohtak,Haryana,2025-11-10,5,2025,11,10,41,18.09,46.38,1.43,0.0,4.0,5.0,3.0,5.0,4.142857142857143,12.0
Rohtak,Haryana,2025-11-11,12,2025,11,11,42,17.41,48.81,1.68,0.0,5.0,6.0,1.0,5.0,4.428571428571429,6.0
Rohtak,Haryana,2025-11-12,6,2025,11,12,43,16.76,52.4,2.07,0.0,12.0,4.0,5.0,7.0,6.0,10.0
Rohtak,Haryana,2025-11-13,10,2025,11,13,44,16.54,52.1,1.67,0.0,6.0,5.0,5.0,7.666666666666667,6.142857142857143,4.0
Rohtak,Haryana,2025-11-14,4,2025,11,14,45,16.77,48.88,1.59,0.0,10.0,12.0,5.0,9.333333333333334,6.857142857142857,6.0
Rohtak,Haryana,2025-11-15,6,2025,11,15,46,17.06,45.92,1.75,0.0,4.0,6.0,6.0,6.666666666666667,6.714285714285714,23.0
Rohtak,Haryana,2025-11-16,23,2025,11,16,47,16.67,45.69,1.87,0.0,6.0,10.0,4.0,6.666666666666667,6.714285714285714,6.0
Rohtak,Haryana,2025-11-17,6,2025,11,17,48,17.19,44.02,1.48,0.0,23.0,4.0,5.0,11.0,9.428571428571429,1.0
Rohtak,Haryana,2025-11-18,1,2025,11,18,49,18.09,41.29,1.3,0.0,6.0,6.0,12.0,11.666666666666666,9.571428571428571,2.0
Rohtak,Haryana,2025-11-19,2,2025,11,19,50,18.59,45.38,1.04,0.0,1.0,23.0,6.0,10.0,8.0,3.0
Rohtak,Haryana,2025-11-20,3,2025,11,20,51,17.18,59.65,1.19,0.0,2.0,6.0,10.0,3.0,7.428571428571429,5.0
Rohtak,Haryana,2025-11-21,5,2025,11,21,52,17.46,62.37,1.35,0.0,3.0,1.0,4.0,2.0,6.428571428571429,9.0
Rohtak,Haryana,2025-11-22,9,2025,11,22,53,17.95,55.48,1.24,0.0,5.0,2.0,6.0,3.3333333333333335,6.571428571428571,7.0
Rohtak,Haryana,2025-11-23,7,2025,11,23,54,18.14,48.76,0.93,0.0,9.0,3.0,23.0,5.666666666666667,7.0,2.0
Rohtak,Haryana,2025-11-24,2,2025,11,24,55,16.47,48.03,1.29,0.0,7.0,5.0,6.0,7.0,4.714285714285714,3.0
Rohtak,Haryana,2025-11-25,3,2025,11,25,56,15.39,48.96,1.59,0.0,2.0,9.0,1.0,6.0,4.142857142857143,6.0
Rohtak,Haryana,2025-11-26,6,2025,11,26,57,16.59,46.03,0.76,0.0,3.0,7.0,2.0,4.0,4.428571428571429,5.0
Rohtak,Haryana,2025-11-27,5,2025,11,27,58,17.51,41.66,0.78,0.0,6.0,2.0,3.0,3.6666666666666665,5.0,2.0
Rohtak,Haryana,2025-11-28,2,2025,11,28,59,17.14,53.59,1.33,0.0,5.0,3.0,5.0,4.666666666666667,5.285714285714286,1.0
Rohtak,Haryana,2025-11-29,1,2025,11,29,60,16.22,51.72,2.12,0.0,2.0,6.0,9.0,4.333333333333333,4.857142857142857,2.0
Rupnagar,Punjab,2023-10-08,0,2023,10,8,8,25.76,65.61,1.12,0.0,0.0,1.0,0.0,0.3333333333333333,0.2857142857142857,0.0
Rupnagar,Punjab,2023-10-09,0,2023,10,9,9,26.14,69.03,0.94,0.02,0.0,0.0,1.0,0.0,0.2857142857142857,0.0
Rupnagar,Punjab,2023-10-10,0,2023,10,10,10,25.21,70.18,1.37,10.49,0.0,0.0,0.0,0.0,0.14285714285714285,0.0
Rupnagar,Punjab,2023-10-11,0,2023,10,11,11,23.93,68.69,1.38,0.0,0.0,0.0,0.0,0.0,0.14285714285714285,4.0
Rupnagar,Punjab,2023-10-12,4,2023,10,12,12,24.01,65.2,1.11,0.0,0.0,0.0,1.0,0.0,0.14285714285714285,1.0
Rupnagar,Punjab,2023-10-13,1,2023,10,13,13,23.88,66.09,1.07,0.0,4.0,0.0,0.0,1.3333333333333333,0.5714285714285714,2.0
Rupnagar,Punjab,2023-10-14,2,2023,10,14,14,24.75,65.46,1.3,4.88,1.0,0.0,0.0,1.6666666666666667,0.7142857142857143,0.0
Rupnagar,Punjab,2023-10-15,0,2023,10,15,15,23.65,66.3,1.18,0.25,2.0,4.0,0.0,2.3333333333333335,1.0,0.0
Rupnagar,Punjab,2023-10-16,0,2023,10,16,16,21.55,77.79,1.81,18.17,0.0,1.0,0.0,1.0,1.0,4.0
Rupnagar,Punjab,2023-10-17,4,2023,10,17,17,20.72,80.0,1.4,2.0,0.0,2.0,0.0,0.6666666666666666,1.0,0.0
Rupnagar,Punjab,2023-10-18,0,2023,10,18,18,19.86,76.56,1.75,0.29,4.0,0.0,0.0,1.3333333333333333,1.5714285714285714,0.0
Rupnagar,Punjab,2023-10-19,0,2023,10,19,19,20.12,70.22,1.43,0.0,0.0,0.0,4.0,1.3333333333333333,1.5714285714285714,0.0
Rupnagar,Punjab,2023-10-20,0,2023,10,20,20,20.82,63.03,1.01,0.0,0.0,4.0,1.0,1.3333333333333333,1.0,3.0
Rupnagar,Punjab,2023-10-21,3,2023,10,21,21,21.67,59.69,0.94,0.0,0.0,0.0,2.0,0.0,0.8571428571428571,0.0
Rupnagar,Punjab,2023-10-22,0,2023,10,22,22,21.46,67.52,1.33,0.0,3.0,0.0,0.0,1.0,1.0,2.0
Rupnagar,Punjab,2023-10-23,2,2023,10,23,23,21.54,70.86,1.07,0.1,0.0,0.0,0.0,1.0,1.0,4.0
Rupnagar,Punjab,2023-10-24,4,2023,10,24,24,22.43,65.16,1.11,0.02,2.0,3.0,4.0,1.6666666666666667,1.2857142857142858,3.0
Rupnagar,Punjab,2023-10-25,3,2023,10,25,25,22.25,67.45,1.28,0.0,4.0,0.0,0.0,2.0,1.2857142857142858,4.0
Rupnagar,Punjab,2023-10-26,4,2023,10,26,26,21.9,63.96,1.62,0.0,3.0,2.0,0.0,3.0,1.7142857142857142,5.0
Rupnagar,Punjab,2023-10-27,5,2023,10,27,27,22.14,59.95,1.36,0.0,4.0,4.0,0.0,3.6666666666666665,2.2857142857142856,3.0
Rupnagar,Punjab,2023-10-28,3,2023,10,28,28,22.49,61.99,1.17,0.0,5.0,3.0,3.0,4.0,3.0,15.0
Rupnagar,Punjab,2023-10-29,15,2023,10,29,29,23.12,62.88,1.05,0.0,3.0,4.0,0.0,4.0,3.0,4.0
Rupnagar,Punjab,2023-10-30,4,2023,10,30,30,22.28,64.16,1.11,0.0,15.0,5.0,2.0,7.666666666666667,5.142857142857143,12.0
Rupnagar,Punjab,2023-10-31,12,2023,10,31,31,22.45,60.95,1.08,0.0,4.0,3.0,4.0,7.333333333333333,5.428571428571429,10.0
Rupnagar,Punjab,2023-11-01,10,2023,11,1,32,22.87,57.19,1.03,0.0,12.0,15.0,3.0,10.333333333333334,6.571428571428571,10.0
Rupnagar,Punjab,2023-11-02,10,2023,11,2,33,22.95,58.57,0.95,0.0,10.0,4.0,4.0,8.666666666666666,7.571428571428571,5.0
Rupnagar,Punjab,2023-11-03,5,2023,11,3,34,21.99,63.19,0.95,0.0,10.0,12.0,5.0,10.666666666666666,8.428571428571429,4.0
Rupnagar,Punjab,2023-11-04,4,2023,11,4,35,21.67,60.47,1.2,0.0,5.0,10.0,3.0,8.333333333333334,8.428571428571429,13.0
Rupnagar,Punjab,2023-11-05,13,2023,11,5,36,21.74,57.34,1.19,0.0,4.0,10.0,15.0,6.333333333333333,8.571428571428571,7.0
Rupnagar,Punjab,2023-11-06,7,2023,11,6,37,20.82,57.89,1.03,0.0,13.0,5.0,4.0,7.333333333333333,8.285714285714286,1.0
Rupnagar,Punjab,2023-11-07,1,2023,11,7,38,21.08,62.64,1.39,0.0,7.0,4.0,12.0,8.0,8.714285714285714,6.0
Rupnagar,Punjab,2023-11-08,6,2023,11,8,39,21.22,67.86,1.42,0.0,1.0,13.0,10.0,7.0,7.142857142857143,3.0
Rupnagar,Punjab,2023-11-09,3,2023,11,9,40,22.05,60.68,1.28,0.02,6.0,7.0,10.0,4.666666666666667,6.571428571428571,0.0
Rupnagar,Punjab,2023-11-10,0,2023,11,10,41,19.17,71.09,1.25,5.27,3.0,1.0,5.0,3.3333333333333335,5.571428571428571,0.0
Rupnagar,Punjab,2023-11-11,0,2023,11,11,42,18.28,72.86,1.52,0.0,0.0,6.0,4.0,3.0,4.857142857142857,0.0
Rupnagar,Punjab,2023-11-12,0,2023,11,12,43,18.22,69.06,1.81,0.0,0.0,3.0,13.0,1.0,4.285714285714286,0.0
Rupnagar,Punjab,2023-11-13,0,2023,11,13,44,18.58,61.8,1.13,0.0,0.0,0.0,7.0,0.0,2.4285714285714284,1.0
Rupnagar,Punjab,2023-11-14,1,2023,11,14,45,18.85,62.59,1.44,0.0,0.0,0.0,1.0,0.0,1.4285714285714286,0.0
Rupnagar,Punjab,2023-11-15,0,2023,11,15,46,19.19,61.7,1.56,0.0,1.0,0.0,6.0,0.3333333333333333,1.4285714285714286,1.0
Rupnagar,Punjab,2023-11-16,1,2023,11,16,47,19.84,57.08,1.32,0.0,0.0,0.0,3.0,0.3333333333333333,0.5714285714285714,1.0
Rupnagar,Punjab,2023-11-17,1,2023,11,17,48,20.09,55.89,1.76,0.0,1.0,1.0,0.0,0.6666666666666666,0.2857142857142857,0.0
Rupnagar,Punjab,2023-11-18,0,2023,11,18,49,20.03,56.73,1.08,0.0,1.0,0.0,0.0,0.6666666666666666,0.42857142857142855,0.0
Rupnagar,Punjab,2023-11-19,0,2023,11,19,50,20.23,57.11,1.1,0.0,0.0,1.0,0.0,0.6666666666666666,0.42857142857142855,0.0
Rupnagar,Punjab,2023-11-20,0,2023,11,20,51,18.9,62.03,1.39,0.0,0.0,1.0,0.0,0.3333333333333333,0.42857142857142855,0.0
Rupnagar,Punjab,2023-11-21,0,2023,11,21,52,17.61,68.45,1.94,0.0,0.0,0.0,1.0,0.0,0.42857142857142855,0.0
Rupnagar,Punjab,2023-11-22,0,2023,11,22,53,17.01,66.09,1.59,0.0,0.0,0.0,0.0,0.0,0.2857142857142857,0.0
Rupnagar,Punjab,2023-11-23,0,2023,11,23,54,18.36,52.11,0.95,0.0,0.0,0.0,1.0,0.0,0.2857142857142857,0.0
Rupnagar,Punjab,2023-11-24,0,2023,11,24,55,17.93,54.02,1.11,0.0,0.0,0.0,1.0,0.0,0.14285714285714285,0.0
Rupnagar,Punjab,2023-11-25,0,2023,11,25,56,18.45,56.07,1.03,0.0,0.0,0.0,0.0,0.0,0.0,1.0
Rupnagar,Punjab,2023-11-26,1,2023,11,26,57,17.2,60.22,1.23,0.0,0.0,0.0,0.0,0.0,0.0,0.0
Rupnagar,Punjab,2023-11-27,0,2023,11,27,58,17.43,63.06,1.25,0.0,1.0,0.0,0.0,0.3333333333333333,0.14285714285714285,0.0
Rupnagar,Punjab,2023-11-28,0,2023,11,28,59,17.97,58.5,1.06,0.0,0.0,0.0,0.0,0.3333333333333333,0.14285714285714285,0.0
Rupnagar,Punjab,2023-11-29,0,2023,11,29,60,20.25,51.31,0.91,0.13,0.0,1.0,0.0,0.3333333333333333,0.14285714285714285,0.0
Rupnagar,Punjab,2023-11-30,0,2023,11,30,61,17.22,80.56,1.26,14.42,0.0,0.0,0.0,0.0,0.14285714285714285,0.0
Rupnagar,Punjab,2024-10-01,0,2024,10,1,1,27.27,79.41,1.66,0.0,0.0,0.0,0.0,0.0,0.14285714285714285,0.0
Rupnagar,Punjab,2024-10-02,0,2024,10,2,2,27.84,67.76,1.5,0.0,0.0,0.0,0.0,0.0,0.14285714285714285,0.0
Rupnagar,Punjab,2024-10-03,0,2024,10,3,3,27.77,63.25,1.29,0.0,0.0,0.0,1.0,0.0,0.14285714285714285,0.0
Rupnagar,Punjab,2024-10-04,0,2024,10,4,4,27.52,63.17,1.15,0.0,0.0,0.0,0.0,0.0,0.0,0.0
Rupnagar,Punjab,2024-10-05,0,2024,10,5,5,27.52,61.88,0.95,0.26,0.0,0.0,0.0,0.0,0.0,0.0
Rupnagar,Punjab,2024-10-06,0,2024,10,6,6,27.01,65.46,1.34,4.33,0.0,0.0,0.0,0.0,0.0,0.0
Rupnagar,Punjab,2024-10-07,0,2024,10,7,7,26.59,66.45,1.38,0.0,0.0,0.0,0.0,0.0,0.0,0.0
Rupnagar,Punjab,2024-10-08,0,2024,10,8,8,26.09,66.02,1.22,0.0,0.0,0.0,0.0,0.0,0.0,0.0
Rupnagar,Punjab,2024-10-09,0,2024,10,9,9,25.45,70.01,1.74,0.0,0.0,0.0,0.0,0.0,0.0,0.0
Rupnagar,Punjab,2024-10-10,0,2024,10,10,10,25.19,63.88,1.59,0.0,0.0,0.0,0.0,0.0,0.0,0.0
Rupnagar,Punjab,2024-10-11,0,2024,10,11,11,25.53,58.81,1.74,0.0,0.0,0.0,0.0,0.0,0.0,0.0
Rupnagar,Punjab,2024-10-12,0,2024,10,12,12,26.24,53.85,1.14,0.0,0.0,0.0,0.0,0.0,0.0,0.0
Rupnagar,Punjab,2024-10-13,0,2024,10,13,13,26.11,49.11,1.07,0.0,0.0,0.0,0.0,0.0,0.0,1.0
Rupnagar,Punjab,2024-10-14,1,2024,10,14,14,25.13,50.01,1.41,0.03,0.0,0.0,0.0,0.0,0.0,1.0
Rupnagar,Punjab,2024-10-15,1,2024,10,15,15,25.46,53.18,1.67,0.01,1.0,0.0,0.0,0.3333333333333333,0.14285714285714285,0.0
Rupnagar,Punjab,2024-10-16,0,2024,10,16,16,25.91,55.59,1.27,0.0,1.0,0.0,0.0,0.6666666666666666,0.2857142857142857,0.0
Rupnagar,Punjab,2024-10-17,0,2024,10,17,17,25.81,55.43,1.31,0.0,0.0,1.0,0.0,0.6666666666666666,0.2857142857142857,1.0
Rupnagar,Punjab,2024-10-18,1,2024,10,18,18,26.29,51.5,1.39,0.0,0.0,1.0,0.0,0.3333333333333333,0.2857142857142857,0.0
Rupnagar,Punjab,2024-10-19,0,2024,10,19,19,25.16,55.35,1.51,0.0,1.0,0.0,0.0,0.3333333333333333,0.42857142857142855,9.0
Rupnagar,Punjab,2024-10-20,9,2024,10,20,20,25.49,54.98,1.36,0.0,0.0,0.0,0.0,0.3333333333333333,0.42857142857142855,0.0
Rupnagar,Punjab,2024-10-21,0,2024,10,21,21,25.06,60.8,1.27,0.0,9.0,1.0,1.0,3.3333333333333335,1.7142857142857142,1.0
Rupnagar,Punjab,2024-10-22,1,2024,10,22,22,24.76,64.79,1.29,0.0,0.0,0.0,1.0,3.0,1.5714285714285714,0.0
Rupnagar,Punjab,2024-10-23,0,2024,10,23,23,25.57,58.01,2.13,0.0,1.0,9.0,0.0,3.3333333333333335,1.5714285714285714,0.0
Rupnagar,Punjab,2024-10-24,0,2024,10,24,24,24.83,56.24,1.77,0.0,0.0,0.0,0.0,0.3333333333333333,1.5714285714285714,1.0
Rupnagar,Punjab,2024-10-25,1,2024,10,25,25,25.39,52.42,1.61,0.0,0.0,1.0,1.0,0.3333333333333333,1.5714285714285714,1.0
Rupnagar,Punjab,2024-10-26,1,2024,10,26,26,24.72,52.88,1.47,0.0,1.0,0.0,0.0,0.3333333333333333,1.5714285714285714,3.0
Rupnagar,Punjab,2024-10-27,3,2024,10,27,27,25.23,54.04,1.38,0.0,1.0,0.0,9.0,0.6666666666666666,1.7142857142857142,1.0
Rupnagar,Punjab,2024-10-28,1,2024,10,28,28,25.25,67.94,1.81,0.0,3.0,1.0,0.0,1.6666666666666667,0.8571428571428571,0.0
Rupnagar,Punjab,2024-10-29,0,2024,10,29,29,27.12,61.0,1.09,0.0,1.0,1.0,1.0,1.6666666666666667,1.0,3.0
Rupnagar,Punjab,2024-10-30,3,2024,10,30,30,26.63,55.22,1.49,0.0,0.0,3.0,0.0,1.3333333333333333,0.8571428571428571,1.0
Rupnagar,Punjab,2024-10-31,1,2024,10,31,31,25.32,50.62,2.1,0.0,3.0,1.0,0.0,1.3333333333333333,1.2857142857142858,4.0
Rupnagar,Punjab,2024-11-01,4,2024,11,1,32,24.47,46.21,1.56,0.0,1.0,0.0,1.0,1.3333333333333333,1.4285714285714286,2.0
Rupnagar,Punjab,2024-11-02,2,2024,11,2,33,25.3,36.11,0.93,0.0,4.0,3.0,1.0,2.6666666666666665,1.8571428571428572,1.0
Rupnagar,Punjab,2024-11-03,1,2024,11,3,34,23.65,43.73,1.18,0.0,2.0,1.0,3.0,2.3333333333333335,2.0,2.0
Rupnagar,Punjab,2024-11-04,2,2024,11,4,35,24.38,44.42,1.08,0.0,1.0,4.0,1.0,2.3333333333333335,1.7142857142857142,0.0
Rupnagar,Punjab,2024-11-05,0,2024,11,5,36,23.64,52.67,1.5,0.0,2.0,2.0,0.0,1.6666666666666667,1.8571428571428572,0.0
Rupnagar,Punjab,2024-11-06,0,2024,11,6,37,23.77,55.3,1.33,0.0,0.0,1.0,3.0,1.0,1.8571428571428572,0.0
Rupnagar,Punjab,2024-11-07,0,2024,11,7,38,24.14,56.32,1.14,0.0,0.0,2.0,1.0,0.6666666666666666,1.4285714285714286,1.0
Rupnagar,Punjab,2024-11-08,1,2024,11,8,39,24.38,57.25,1.16,0.0,0.0,0.0,4.0,0.0,1.2857142857142858,1.0
Rupnagar,Punjab,2024-11-09,1,2024,11,9,40,23.78,63.35,1.31,0.0,1.0,0.0,2.0,0.3333333333333333,0.8571428571428571,0.0
Rupnagar,Punjab,2024-11-10,0,2024,11,10,41,24.06,62.86,0.92,0.0,1.0,0.0,1.0,0.6666666666666666,0.7142857142857143,0.0
Rupnagar,Punjab,2024-11-11,0,2024,11,11,42,24.01,62.41,1.11,0.0,0.0,1.0,2.0,0.6666666666666666,0.5714285714285714,0.0
Rupnagar,Punjab,2024-11-12,0,2024,11,12,43,22.95,61.45,1.31,0.0,0.0,1.0,0.0,0.3333333333333333,0.2857142857142857,0.0
Rupnagar,Punjab,2024-11-13,0,2024,11,13,44,22.55,51.96,1.21,0.0,0.0,0.0,0.0,0.0,0.2857142857142857,0.0
Rupnagar,Punjab,2024-11-14,0,2024,11,14,45,20.69,53.52,1.21,0.0,0.0,0.0,0.0,0.0,0.2857142857142857,0.0
Rupnagar,Punjab,2024-11-15,0,2024,11,15,46,21.22,52.85,1.34,0.0,0.0,0.0,1.0,0.0,0.2857142857142857,0.0
Rupnagar,Punjab,2024-11-16,0,2024,11,16,47,20.43,54.12,1.39,0.0,0.0,0.0,1.0,0.0,0.14285714285714285,1.0
Rupnagar,Punjab,2024-11-17,1,2024,11,17,48,19.93,48.14,1.5,0.0,0.0,0.0,0.0,0.0,0.0,2.0
Rupnagar,Punjab,2024-11-18,2,2024,11,18,49,19.62,48.75,1.16,0.0,1.0,0.0,0.0,0.3333333333333333,0.14285714285714285,1.0
Rupnagar,Punjab,2024-11-19,1,2024,11,19,50,19.41,46.7,1.29,0.0,2.0,0.0,0.0,1.0,0.42857142857142855,2.0
Rupnagar,Punjab,2024-11-20,2,2024,11,20,51,19.18,44.01,1.36,0.0,1.0,1.0,0.0,1.3333333333333333,0.5714285714285714,1.0
Rupnagar,Punjab,2024-11-21,1,2024,11,21,52,19.03,42.39,1.42,0.0,2.0,2.0,0.0,1.6666666666666667,0.8571428571428571,0.0
Rupnagar,Punjab,2024-11-22,0,2024,11,22,53,19.27,41.83,1.27,0.0,1.0,1.0,0.0,1.3333333333333333,1.0,0.0
Rupnagar,Punjab,2024-11-23,0,2024,11,23,54,18.59,46.83,1.16,0.0,0.0,2.0,0.0,1.0,1.0,0.0
Rupnagar,Punjab,2024-11-24,0,2024,11,24,55,19.41,47.34,1.5,0.0,0.0,1.0,1.0,0.3333333333333333,1.0,1.0
Rupnagar,Punjab,2024-11-25,1,2024,11,25,56,18.04,52.51,1.65,0.0,0.0,0.0,2.0,0.0,0.8571428571428571,0.0
Rupnagar,Punjab,2024-11-26,0,2024,11,26,57,17.93,47.29,1.42,0.0,1.0,0.0,1.0,0.3333333333333333,0.7142857142857143,0.0
Rupnagar,Punjab,2024-11-27,0,2024,11,27,58,17.75,45.59,1.3,0.0,0.0,0.0,2.0,0.3333333333333333,0.5714285714285714,0.0
Rupnagar,Punjab,2024-11-28,0,2024,11,28,59,17.9,43.56,1.53,0.0,0.0,1.0,1.0,0.3333333333333333,0.2857142857142857,4.0
Rupnagar,Punjab,2024-11-29,4,2024,11,29,60,18.09,42.25,1.36,0.0,0.0,0.0,0.0,0.0,0.14285714285714285,0.0
Rupnagar,Punjab,2024-11-30,0,2024,11,30,61,17.25,42.97,1.5,0.0,4.0,0.0,0.0,1.3333333333333333,0.7142857142857143,0.0
Rupnagar,Punjab,2025-10-01,0,2025,10,1,1,27.24,78.67,1.08,0.05,0.0,0.0,0.0,1.3333333333333333,0.7142857142857143,0.0
Rupnagar,Punjab,2025-10-02,0,2025,10,2,2,27.67,78.6,0.97,0.74,0.0,4.0,1.0,1.3333333333333333,0.7142857142857143,0.0
Rupnagar,Punjab,2025-10-03,0,2025,10,3,3,26.11,86.26,1.37,0.88,0.0,0.0,0.0,0.0,0.5714285714285714,0.0
Rupnagar,Punjab,2025-10-04,0,2025,10,4,4,26.36,82.97,1.4,0.37,0.0,0.0,0.0,0.0,0.5714285714285714,0.0
Rupnagar,Punjab,2025-10-05,0,2025,10,5,5,26.41,72.26,0.79,4.75,0.0,0.0,0.0,0.0,0.5714285714285714,0.0
Rupnagar,Punjab,2025-10-06,0,2025,10,6,6,22.98,83.4,1.91,13.89,0.0,0.0,4.0,0.0,0.5714285714285714,0.0
Rupnagar,Punjab,2025-10-07,0,2025,10,7,7,21.81,84.2,2.11,19.35,0.0,0.0,0.0,0.0,0.0,0.0
Rupnagar,Punjab,2025-10-08,0,2025,10,8,8,22.09,85.73,1.3,14.9,0.0,0.0,0.0,0.0,0.0,0.0
Rupnagar,Punjab,2025-10-09,0,2025,10,9,9,21.98,82.76,1.22,0.17,0.0,0.0,0.0,0.0,0.0,0.0
Rupnagar,Punjab,2025-10-10,0,2025,10,10,10,22.53,78.07,1.31,0.05,0.0,0.0,0.0,0.0,0.0,0.0
Rupnagar,Punjab,2025-10-11,0,2025,10,11,11,22.79,79.4,1.47,0.0,0.0,0.0,0.0,0.0,0.0,0.0
Rupnagar,Punjab,2025-10-12,0,2025,10,12,12,22.68,77.01,1.29,0.0,0.0,0.0,0.0,0.0,0.0,0.0
Rupnagar,Punjab,2025-10-13,0,2025,10,13,13,22.96,71.27,1.37,0.0,0.0,0.0,0.0,0.0,0.0,0.0
Rupnagar,Punjab,2025-10-14,0,2025,10,14,14,23.1,69.29,1.25,0.0,0.0,0.0,0.0,0.0,0.0,0.0
Rupnagar,Punjab,2025-10-15,0,2025,10,15,15,23.78,70.24,1.01,0.0,0.0,0.0,0.0,0.0,0.0,0.0
Rupnagar,Punjab,2025-10-16,0,2025,10,16,16,23.98,77.0,1.26,0.0,0.0,0.0,0.0,0.0,0.0,0.0
Rupnagar,Punjab,2025-10-17,0,2025,10,17,17,23.89,77.65,1.21,0.0,0.0,0.0,0.0,0.0,0.0,0.0
Rupnagar,Punjab,2025-10-18,0,2025,10,18,18,24.11,76.03,1.11,0.0,0.0,0.0,0.0,0.0,0.0,0.0
Rupnagar,Punjab,2025-10-19,0,2025,10,19,19,24.67,68.85,1.1,0.0,0.0,0.0,0.0,0.0,0.0,0.0
Rupnagar,Punjab,2025-10-20,0,2025,10,20,20,24.04,65.47,1.05,0.0,0.0,0.0,0.0,0.0,0.0,1.0
Rupnagar,Punjab,2025-10-21,1,2025,10,21,21,23.75,63.0,1.27,0.05,0.0,0.0,0.0,0.0,0.0,1.0
Rupnagar,Punjab,2025-10-22,1,2025,10,22,22,23.68,62.2,1.23,0.18,1.0,0.0,0.0,0.3333333333333333,0.14285714285714285,0.0
Rupnagar,Punjab,2025-10-23,0,2025,10,23,23,23.74,62.42,1.05,2.49,1.0,0.0,0.0,0.6666666666666666,0.2857142857142857,0.0
Rupnagar,Punjab,2025-10-24,0,2025,10,24,24,23.87,66.81,1.0,0.24,0.0,1.0,0.0,0.6666666666666666,0.2857142857142857,0.0
Rupnagar,Punjab,2025-10-25,0,2025,10,25,25,22.87,69.54,1.12,0.0,0.0,1.0,0.0,0.3333333333333333,0.2857142857142857,1.0
Rupnagar,Punjab,2025-10-26,1,2025,10,26,26,22.91,68.91,1.2,0.0,0.0,0.0,0.0,0.0,0.2857142857142857,0.0
Rupnagar,Punjab,2025-10-27,0,2025,10,27,27,23.39,64.93,1.07,0.0,1.0,0.0,0.0,0.3333333333333333,0.42857142857142855,0.0
Rupnagar,Punjab,2025-10-28,0,2025,10,28,28,21.99,70.14,1.1,0.0,0.0,0.0,1.0,0.3333333333333333,0.42857142857142855,0.0
Rupnagar,Punjab,2025-10-29,0,2025,10,29,29,22.28,72.97,1.29,0.0,0.0,1.0,1.0,0.3333333333333333,0.2857142857142857,0.0
Rupnagar,Punjab,2025-10-30,0,2025,10,30,30,24.19,69.46,0.88,0.0,0.0,0.0,0.0,0.0,0.14285714285714285,2.0
Rupnagar,Punjab,2025-10-31,2,2025,10,31,31,22.64,77.97,1.45,0.0,0.0,0.0,0.0,0.0,0.14285714285714285,0.0
Rupnagar,Punjab,2025-11-01,0,2025,11,1,32,22.2,68.43,1.47,0.0,2.0,0.0,0.0,0.6666666666666666,0.42857142857142855,2.0
Rupnagar,Punjab,2025-11-02,2,2025,11,2,33,21.28,66.95,1.6,0.0,0.0,0.0,1.0,0.6666666666666666,0.42857142857142855,0.0
Rupnagar,Punjab,2025-11-03,0,2025,11,3,34,21.02,63.26,1.51,0.0,2.0,2.0,0.0,1.3333333333333333,0.5714285714285714,0.0
Rupnagar,Punjab,2025-11-04,0,2025,11,4,35,20.45,63.7,1.94,0.02,0.0,0.0,0.0,0.6666666666666666,0.5714285714285714,0.0
Rupnagar,Punjab,2025-11-05,0,2025,11,5,36,20.33,66.49,1.74,0.65,0.0,2.0,0.0,0.6666666666666666,0.5714285714285714,0.0
Rupnagar,Punjab,2025-11-06,0,2025,11,6,37,17.98,65.52,1.81,0.0,0.0,0.0,0.0,0.0,0.5714285714285714,0.0
Rupnagar,Punjab,2025-11-07,0,2025,11,7,38,17.8,55.4,1.53,0.0,0.0,0.0,2.0,0.0,0.5714285714285714,1.0
Rupnagar,Punjab,2025-11-08,1,2025,11,8,39,18.26,53.32,1.33,0.0,0.0,0.0,0.0,0.0,0.2857142857142857,0.0
Rupnagar,Punjab,2025-11-09,0,2025,11,9,40,17.86,58.11,1.55,0.0,1.0,0.0,2.0,0.3333333333333333,0.42857142857142855,0.0
Rupnagar,Punjab,2025-11-10,0,2025,11,10,41,18.37,55.67,1.29,0.0,0.0,0.0,0.0,0.3333333333333333,0.14285714285714285,1.0
Rupnagar,Punjab,2025-11-11,1,2025,11,11,42,17.89,57.65,1.52,0.0,0.0,1.0,0.0,0.3333333333333333,0.14285714285714285,0.0
Rupnagar,Punjab,2025-11-12,0,2025,11,12,43,17.14,58.33,1.68,0.0,1.0,0.0,0.0,0.3333333333333333,0.2857142857142857,0.0
Rupnagar,Punjab,2025-11-13,0,2025,11,13,44,17.46,57.32,1.51,0.0,0.0,0.0,0.0,0.3333333333333333,0.2857142857142857,0.0
Rupnagar,Punjab,2025-11-14,0,2025,11,14,45,17.27,54.4,1.4,0.0,0.0,1.0,0.0,0.3333333333333333,0.2857142857142857,0.0
Rupnagar,Punjab,2025-11-15,0,2025,11,15,46,17.04,53.6,1.55,0.0,0.0,0.0,1.0,0.0,0.2857142857142857,0.0
Rupnagar,Punjab,2025-11-16,0,2025,11,16,47,17.0,55.35,1.6,0.0,0.0,0.0,0.0,0.0,0.14285714285714285,0.0
Rupnagar,Punjab,2025-11-17,0,2025,11,17,48,17.6,52.51,1.18,0.0,0.0,0.0,0.0,0.0,0.14285714285714285,0.0
Rupnagar,Punjab,2025-11-18,0,2025,11,18,49,17.42,56.85,1.31,0.0,0.0,0.0,1.0,0.0,0.14285714285714285,0.0
Rupnagar,Punjab,2025-11-19,0,2025,11,19,50,18.65,55.31,1.13,0.0,0.0,0.0,0.0,0.0,0.0,0.0
Rupnagar,Punjab,2025-11-20,0,2025,11,20,51,18.39,56.39,1.04,0.0,0.0,0.0,0.0,0.0,0.0,0.0
Rupnagar,Punjab,2025-11-21,0,2025,11,21,52,17.57,56.14,1.21,0.0,0.0,0.0,0.0,0.0,0.0,0.0
Rupnagar,Punjab,2025-11-22,0,2025,11,22,53,17.29,59.81,1.24,0.0,0.0,0.0,0.0,0.0,0.0,0.0
Rupnagar,Punjab,2025-11-23,0,2025,11,23,54,16.89,58.52,1.13,0.0,0.0,0.0,0.0,0.0,0.0,0.0
Rupnagar,Punjab,2025-11-24,0,2025,11,24,55,15.94,58.07,1.42,0.0,0.0,0.0,0.0,0.0,0.0,0.0
Rupnagar,Punjab,2025-11-25,0,2025,11,25,56,15.89,57.11,1.33,0.0,0.0,0.0,0.0,0.0,0.0,0.0
Rupnagar,Punjab,2025-11-26,0,2025,11,26,57,16.21,55.25,1.36,0.0,0.0,0.0,0.0,0.0,0.0,0.0
Rupnagar,Punjab,2025-11-27,0,2025,11,27,58,16.44,55.78,1.17,0.0,0.0,0.0,0.0,0.0,0.0,1.0
Rupnagar,Punjab,2025-11-28,1,2025,11,28,59,16.52,54.81,1.21,0.0,0.0,0.0,0.0,0.0,0.0,0.0
Rupnagar,Punjab,2025-11-29,0,2025,11,29,60,15.22,55.46,1.41,0.0,1.0,0.0,0.0,0.3333333333333333,0.14285714285714285,1.0
S A S Nagar,Punjab,2023-10-08,12,2023,10,8,8,24.65,68.55,1.31,0.0,3.0,3.0,1.0,3.6666666666666665,5.0,1.0
S A S Nagar,Punjab,2023-10-09,1,2023,10,9,9,25.11,69.82,1.0,0.0,12.0,5.0,11.0,6.666666666666667,6.571428571428571,0.0
S A S Nagar,Punjab,2023-10-10,0,2023,10,10,10,24.64,68.07,1.35,5.61,1.0,3.0,4.0,5.333333333333333,5.142857142857143,2.0
S A S Nagar,Punjab,2023-10-11,2,2023,10,11,11,22.85,70.94,1.78,0.0,0.0,12.0,8.0,4.333333333333333,4.571428571428571,10.0
S A S Nagar,Punjab,2023-10-12,10,2023,10,12,12,22.92,67.62,1.33,0.0,2.0,1.0,3.0,1.0,3.7142857142857144,13.0
S A S Nagar,Punjab,2023-10-13,13,2023,10,13,13,22.71,68.92,1.25,0.0,10.0,0.0,5.0,4.0,4.714285714285714,12.0
S A S Nagar,Punjab,2023-10-14,12,2023,10,14,14,23.93,64.4,1.56,1.5,13.0,2.0,3.0,8.333333333333334,5.857142857142857,2.0
S A S Nagar,Punjab,2023-10-15,2,2023,10,15,15,23.74,63.93,1.13,0.19,12.0,10.0,12.0,11.666666666666666,7.142857142857143,0.0
S A S Nagar,Punjab,2023-10-16,0,2023,10,16,16,21.16,78.39,1.26,18.94,2.0,13.0,1.0,9.0,5.714285714285714,0.0
S A S Nagar,Punjab,2023-10-17,0,2023,10,17,17,20.31,78.22,1.23,3.51,0.0,12.0,0.0,4.666666666666667,5.571428571428571,1.0
S A S Nagar,Punjab,2023-10-18,1,2023,10,18,18,19.58,73.45,1.96,0.44,0.0,2.0,2.0,0.6666666666666666,5.571428571428571,3.0
S A S Nagar,Punjab,2023-10-19,3,2023,10,19,19,19.67,70.75,1.65,0.0,1.0,0.0,10.0,0.3333333333333333,5.428571428571429,0.0
S A S Nagar,Punjab,2023-10-20,0,2023,10,20,20,20.13,63.65,1.04,0.0,3.0,0.0,13.0,1.3333333333333333,4.428571428571429,9.0
S A S Nagar,Punjab,2023-10-21,9,2023,10,21,21,20.77,59.04,1.05,0.0,0.0,1.0,12.0,1.3333333333333333,2.5714285714285716,0.0
S A S Nagar,Punjab,2023-10-22,0,2023,10,22,22,20.86,66.85,1.34,0.0,9.0,3.0,2.0,4.0,2.142857142857143,9.0
S A S Nagar,Punjab,2023-10-23,9,2023,10,23,23,21.42,64.45,0.94,0.13,0.0,0.0,0.0,3.0,1.8571428571428572,22.0
S A S Nagar,Punjab,2023-10-24,22,2023,10,24,24,21.94,63.46,1.13,0.02,9.0,9.0,0.0,6.0,3.142857142857143,7.0
S A S Nagar,Punjab,2023-10-25,7,2023,10,25,25,21.8,64.3,1.16,0.0,22.0,0.0,1.0,10.333333333333334,6.285714285714286,14.0
S A S Nagar,Punjab,2023-10-26,14,2023,10,26,26,21.16,63.58,1.88,0.0,7.0,9.0,3.0,12.666666666666666,7.142857142857143,14.0
S A S Nagar,Punjab,2023-10-27,14,2023,10,27,27,20.84,62.17,1.77,0.0,14.0,22.0,0.0,14.333333333333334,8.714285714285714,4.0
S A S Nagar,Punjab,2023-10-28,4,2023,10,28,28,21.47,64.12,1.26,0.0,14.0,7.0,9.0,11.666666666666666,10.714285714285714,7.0
S A S Nagar,Punjab,2023-10-29,7,2023,10,29,29,21.97,63.9,1.12,0.0,4.0,14.0,0.0,10.666666666666666,10.0,8.0
S A S Nagar,Punjab,2023-10-30,8,2023,10,30,30,21.21,65.38,1.21,0.0,7.0,14.0,9.0,8.333333333333334,11.0,7.0
S A S Nagar,Punjab,2023-10-31,7,2023,10,31,31,21.8,60.66,1.12,0.0,8.0,4.0,22.0,6.333333333333333,10.857142857142858,11.0
S A S Nagar,Punjab,2023-11-01,11,2023,11,1,32,22.49,56.19,1.1,0.0,7.0,7.0,7.0,7.333333333333333,8.714285714285714,10.0
S A S Nagar,Punjab,2023-11-02,10,2023,11,2,33,22.31,55.16,0.98,0.0,11.0,8.0,14.0,8.666666666666666,9.285714285714286,3.0
S A S Nagar,Punjab,2023-11-03,3,2023,11,3,34,21.49,58.63,1.03,0.0,10.0,7.0,14.0,9.333333333333334,8.714285714285714,2.0
S A S Nagar,Punjab,2023-11-04,2,2023,11,4,35,21.17,56.18,1.4,0.0,3.0,11.0,4.0,8.0,7.142857142857143,2.0
S A S Nagar,Punjab,2023-11-05,2,2023,11,5,36,20.74,56.53,1.34,0.0,2.0,10.0,7.0,5.0,6.857142857142857,0.0
S A S Nagar,Punjab,2023-11-06,0,2023,11,6,37,20.23,55.95,1.13,0.0,2.0,3.0,8.0,2.3333333333333335,6.142857142857143,1.0
S A S Nagar,Punjab,2023-11-07,1,2023,11,7,38,20.34,57.82,1.51,0.0,0.0,2.0,7.0,1.3333333333333333,5.0,1.0
S A S Nagar,Punjab,2023-11-08,1,2023,11,8,39,20.77,61.54,1.64,0.0,1.0,2.0,11.0,1.0,4.142857142857143,0.0
S A S Nagar,Punjab,2023-11-09,0,2023,11,9,40,20.74,62.96,1.72,0.0,1.0,0.0,10.0,0.6666666666666666,2.7142857142857144,0.0
S A S Nagar,Punjab,2023-11-10,0,2023,11,10,41,18.47,70.41,1.54,1.51,0.0,1.0,3.0,0.6666666666666666,1.2857142857142858,0.0
S A S Nagar,Punjab,2023-11-11,0,2023,11,11,42,17.9,67.52,1.44,0.02,0.0,1.0,2.0,0.3333333333333333,0.8571428571428571,0.0
S A S Nagar,Punjab,2023-11-12,0,2023,11,12,43,18.45,63.44,1.83,0.0,0.0,0.0,2.0,0.0,0.5714285714285714,1.0
S A S Nagar,Punjab,2023-11-13,1,2023,11,13,44,18.74,57.31,1.16,0.0,0.0,0.0,0.0,0.0,0.2857142857142857,0.0
S A S Nagar,Punjab,2023-11-14,0,2023,11,14,45,19.31,55.75,1.14,0.0,1.0,0.0,1.0,0.3333333333333333,0.42857142857142855,1.0
S A S Nagar,Punjab,2023-11-15,1,2023,11,15,46,19.92,55.8,1.39,0.0,0.0,0.0,1.0,0.3333333333333333,0.2857142857142857,0.0
S A S Nagar,Punjab,2023-11-16,0,2023,11,16,47,20.02,54.26,1.23,0.0,1.0,1.0,0.0,0.6666666666666666,0.2857142857142857,0.0
S A S Nagar,Punjab,2023-11-17,0,2023,11,17,48,20.78,51.67,1.41,0.0,0.0,0.0,0.0,0.3333333333333333,0.2857142857142857,0.0
S A S Nagar,Punjab,2023-11-18,0,2023,11,18,49,20.74,55.01,1.38,0.0,0.0,1.0,0.0,0.3333333333333333,0.2857142857142857,0.0
S A S Nagar,Punjab,2023-11-19,0,2023,11,19,50,19.35,62.76,1.51,0.0,0.0,0.0,0.0,0.0,0.2857142857142857,0.0
S A S Nagar,Punjab,2023-11-20,0,2023,11,20,51,18.9,62.95,1.04,0.0,0.0,0.0,1.0,0.0,0.2857142857142857,0.0
S A S Nagar,Punjab,2023-11-21,0,2023,11,21,52,18.43,61.3,2.23,0.0,0.0,0.0,0.0,0.0,0.14285714285714285,0.0
S A S Nagar,Punjab,2023-11-22,0,2023,11,22,53,17.44,60.75,2.2,0.0,0.0,0.0,1.0,0.0,0.14285714285714285,0.0
S A S Nagar,Punjab,2023-11-23,0,2023,11,23,54,18.18,51.13,1.17,0.0,0.0,0.0,0.0,0.0,0.0,2.0
S A S Nagar,Punjab,2023-11-24,2,2023,11,24,55,17.79,53.58,1.09,0.0,0.0,0.0,0.0,0.0,0.0,0.0
S A S Nagar,Punjab,2023-11-25,0,2023,11,25,56,17.94,53.08,1.12,0.0,2.0,0.0,0.0,0.6666666666666666,0.2857142857142857,0.0
S A S Nagar,Punjab,2023-11-26,0,2023,11,26,57,17.54,56.82,1.37,0.0,0.0,0.0,0.0,0.6666666666666666,0.2857142857142857,0.0
S A S Nagar,Punjab,2023-11-27,0,2023,11,27,58,17.35,64.01,1.47,0.03,0.0,2.0,0.0,0.6666666666666666,0.2857142857142857,0.0
S A S Nagar,Punjab,2023-11-28,0,2023,11,28,59,18.22,54.28,1.2,0.0,0.0,0.0,0.0,0.0,0.2857142857142857,0.0
S A S Nagar,Punjab,2023-11-29,0,2023,11,29,60,19.41,54.0,1.24,0.33,0.0,0.0,0.0,0.0,0.2857142857142857,0.0
S A S Nagar,Punjab,2023-11-30,0,2023,11,30,61,17.18,76.89,1.25,9.06,0.0,0.0,0.0,0.0,0.2857142857142857,0.0
S A S Nagar,Punjab,2024-10-01,0,2024,10,1,1,25.87,85.73,2.35,0.0,0.0,0.0,2.0,0.0,0.2857142857142857,1.0
S A S Nagar,Punjab,2024-10-02,1,2024,10,2,2,25.79,76.19,1.95,0.0,0.0,0.0,0.0,0.0,0.0,2.0
S A S Nagar,Punjab,2024-10-03,2,2024,10,3,3,26.32,68.48,1.43,0.0,1.0,0.0,0.0,0.3333333333333333,0.14285714285714285,0.0
S A S Nagar,Punjab,2024-10-04,0,2024,10,4,4,25.9,70.24,1.22,0.0,2.0,0.0,0.0,1.0,0.42857142857142855,0.0
S A S Nagar,Punjab,2024-10-05,0,2024,10,5,5,26.01,68.4,1.19,0.27,0.0,1.0,0.0,1.0,0.42857142857142855,1.0
S A S Nagar,Punjab,2024-10-06,1,2024,10,6,6,25.83,69.86,1.63,1.87,0.0,2.0,0.0,0.6666666666666666,0.42857142857142855,0.0
S A S Nagar,Punjab,2024-10-07,0,2024,10,7,7,25.57,70.12,1.38,0.0,1.0,0.0,0.0,0.3333333333333333,0.5714285714285714,1.0
S A S Nagar,Punjab,2024-10-08,1,2024,10,8,8,24.8,70.88,1.16,0.02,0.0,0.0,0.0,0.3333333333333333,0.5714285714285714,3.0
S A S Nagar,Punjab,2024-10-09,3,2024,10,9,9,24.29,73.46,1.99,0.0,1.0,1.0,1.0,0.6666666666666666,0.7142857142857143,0.0
S A S Nagar,Punjab,2024-10-10,0,2024,10,10,10,23.23,71.67,1.99,0.0,3.0,0.0,2.0,1.3333333333333333,1.0,2.0
S A S Nagar,Punjab,2024-10-11,2,2024,10,11,11,23.3,69.76,2.08,0.0,0.0,1.0,0.0,1.3333333333333333,0.7142857142857143,13.0
S A S Nagar,Punjab,2024-10-12,13,2024,10,12,12,24.23,62.06,1.42,0.0,2.0,3.0,0.0,1.6666666666666667,1.0,3.0
S A S Nagar,Punjab,2024-10-13,3,2024,10,13,13,24.54,55.88,1.2,0.0,13.0,0.0,1.0,5.0,2.857142857142857,6.0
S A S Nagar,Punjab,2024-10-14,6,2024,10,14,14,23.34,58.69,1.66,0.0,3.0,2.0,0.0,6.0,3.142857142857143,5.0
S A S Nagar,Punjab,2024-10-15,5,2024,10,15,15,23.05,64.46,1.97,1.11,6.0,13.0,1.0,7.333333333333333,4.0,0.0
S A S Nagar,Punjab,2024-10-16,0,2024,10,16,16,24.32,61.82,1.31,0.0,5.0,3.0,3.0,4.666666666666667,4.571428571428571,0.0
S A S Nagar,Punjab,2024-10-17,0,2024,10,17,17,24.41,61.09,1.27,0.0,0.0,6.0,0.0,3.6666666666666665,4.142857142857143,1.0
S A S Nagar,Punjab,2024-10-18,1,2024,10,18,18,24.76,58.57,1.38,0.0,0.0,5.0,2.0,1.6666666666666667,4.142857142857143,1.0
S A S Nagar,Punjab,2024-10-19,1,2024,10,19,19,23.26,64.7,1.49,0.0,1.0,0.0,13.0,0.3333333333333333,4.0,6.0
S A S Nagar,Punjab,2024-10-20,6,2024,10,20,20,23.35,65.09,1.29,0.0,1.0,0.0,3.0,0.6666666666666666,2.2857142857142856,3.0
S A S Nagar,Punjab,2024-10-21,3,2024,10,21,21,23.41,67.72,1.03,0.0,6.0,1.0,6.0,2.6666666666666665,2.7142857142857144,0.0
S A S Nagar,Punjab,2024-10-22,0,2024,10,22,22,23.42,70.93,1.32,0.0,3.0,1.0,5.0,3.3333333333333335,2.2857142857142856,5.0
S A S Nagar,Punjab,2024-10-23,5,2024,10,23,23,24.31,63.56,1.78,0.0,0.0,6.0,0.0,3.0,1.5714285714285714,6.0
S A S Nagar,Punjab,2024-10-24,6,2024,10,24,24,24.17,58.85,1.9,0.0,5.0,3.0,0.0,2.6666666666666665,2.2857142857142856,4.0
S A S Nagar,Punjab,2024-10-25,4,2024,10,25,25,24.22,57.68,2.04,0.0,6.0,0.0,1.0,3.6666666666666665,3.142857142857143,0.0
S A S Nagar,Punjab,2024-10-26,0,2024,10,26,26,23.88,58.41,1.52,0.0,4.0,5.0,1.0,5.0,3.5714285714285716,3.0
S A S Nagar,Punjab,2024-10-27,3,2024,10,27,27,23.15,69.83,1.34,0.0,0.0,6.0,6.0,3.3333333333333335,3.4285714285714284,2.0
S A S Nagar,Punjab,2024-10-28,2,2024,10,28,28,23.73,78.46,1.58,0.0,3.0,4.0,3.0,2.3333333333333335,3.0,1.0
S A S Nagar,Punjab,2024-10-29,1,2024,10,29,29,25.05,73.27,1.12,0.0,2.0,0.0,0.0,1.6666666666666667,2.857142857142857,4.0
S A S Nagar,Punjab,2024-10-30,4,2024,10,30,30,25.23,63.13,1.51,0.0,1.0,3.0,5.0,2.0,3.0,6.0
S A S Nagar,Punjab,2024-10-31,6,2024,10,31,31,23.94,58.14,2.3,0.0,4.0,2.0,6.0,2.3333333333333335,2.857142857142857,9.0
S A S Nagar,Punjab,2024-11-01,9,2024,11,1,32,22.45,56.69,1.98,0.0,6.0,1.0,4.0,3.6666666666666665,2.857142857142857,5.0
S A S Nagar,Punjab,2024-11-02,5,2024,11,2,33,23.39,44.78,1.05,0.0,9.0,4.0,0.0,6.333333333333333,3.5714285714285716,2.0
S A S Nagar,Punjab,2024-11-03,2,2024,11,3,34,22.8,50.27,1.16,0.0,5.0,6.0,3.0,6.666666666666667,4.285714285714286,1.0
S A S Nagar,Punjab,2024-11-04,1,2024,11,4,35,23.37,49.4,1.04,0.0,2.0,9.0,2.0,5.333333333333333,4.142857142857143,0.0
S A S Nagar,Punjab,2024-11-05,0,2024,11,5,36,22.08,62.87,1.49,0.0,1.0,5.0,1.0,2.6666666666666665,4.0,0.0
S A S Nagar,Punjab,2024-11-06,0,2024,11,6,37,22.77,61.78,1.12,0.0,0.0,2.0,4.0,1.0,3.857142857142857,2.0
S A S Nagar,Punjab,2024-11-07,2,2024,11,7,38,22.35,67.31,1.13,0.0,0.0,1.0,6.0,0.3333333333333333,3.2857142857142856,0.0
S A S Nagar,Punjab,2024-11-08,0,2024,11,8,39,22.84,66.68,1.07,0.0,2.0,0.0,9.0,0.6666666666666666,2.7142857142857144,3.0
S A S Nagar,Punjab,2024-11-09,3,2024,11,9,40,22.09,74.14,1.4,0.0,0.0,0.0,5.0,0.6666666666666666,1.4285714285714286,3.0
S A S Nagar,Punjab,2024-11-10,3,2024,11,10,41,22.37,72.46,0.91,0.0,3.0,2.0,2.0,1.6666666666666667,1.1428571428571428,1.0
S A S Nagar,Punjab,2024-11-11,1,2024,11,11,42,22.74,69.98,0.93,0.0,3.0,0.0,1.0,2.0,1.2857142857142858,0.0
S A S Nagar,Punjab,2024-11-12,0,2024,11,12,43,21.81,64.98,1.32,0.0,1.0,3.0,0.0,2.3333333333333335,1.2857142857142858,0.0
S A S Nagar,Punjab,2024-11-13,0,2024,11,13,44,21.1,57.3,1.48,0.0,0.0,3.0,0.0,1.3333333333333333,1.2857142857142858,1.0
S A S Nagar,Punjab,2024-11-14,1,2024,11,14,45,19.86,57.74,1.15,0.0,0.0,1.0,2.0,0.3333333333333333,1.2857142857142858,0.0
S A S Nagar,Punjab,2024-11-15,0,2024,11,15,46,20.15,56.38,1.38,0.0,1.0,0.0,0.0,0.3333333333333333,1.1428571428571428,0.0
S A S Nagar,Punjab,2024-11-16,0,2024,11,16,47,19.5,58.14,1.87,0.0,0.0,0.0,3.0,0.3333333333333333,1.1428571428571428,0.0
S A S Nagar,Punjab,2024-11-17,0,2024,11,17,48,18.96,52.95,1.71,0.0,0.0,1.0,3.0,0.3333333333333333,0.7142857142857143,0.0
S A S Nagar,Punjab,2024-11-18,0,2024,11,18,49,18.58,53.8,1.38,0.0,0.0,0.0,1.0,0.0,0.2857142857142857,0.0
S A S Nagar,Punjab,2024-11-19,0,2024,11,19,50,18.53,51.81,1.59,0.0,0.0,0.0,0.0,0.0,0.14285714285714285,0.0
S A S Nagar,Punjab,2024-11-20,0,2024,11,20,51,18.09,49.45,1.51,0.0,0.0,0.0,0.0,0.0,0.14285714285714285,0.0
S A S Nagar,Punjab,2024-11-21,0,2024,11,21,52,17.93,47.6,1.65,0.0,0.0,0.0,1.0,0.0,0.14285714285714285,0.0
S A S Nagar,Punjab,2024-11-22,0,2024,11,22,53,18.13,46.14,1.4,0.0,0.0,0.0,0.0,0.0,0.0,0.0
S A S Nagar,Punjab,2024-11-23,0,2024,11,23,54,17.86,49.32,0.95,0.0,0.0,0.0,0.0,0.0,0.0,0.0
S A S Nagar,Punjab,2024-11-24,0,2024,11,24,55,18.49,50.89,1.79,0.0,0.0,0.0,0.0,0.0,0.0,0.0
S A S Nagar,Punjab,2024-11-25,0,2024,11,25,56,17.29,55.25,2.16,0.0,0.0,0.0,0.0,0.0,0.0,0.0
S A S Nagar,Punjab,2024-11-26,0,2024,11,26,57,17.02,50.21,1.82,0.0,0.0,0.0,0.0,0.0,0.0,0.0
S A S Nagar,Punjab,2024-11-27,0,2024,11,27,58,16.86,49.41,1.53,0.0,0.0,0.0,0.0,0.0,0.0,0.0
S A S Nagar,Punjab,2024-11-28,0,2024,11,28,59,16.85,47.43,1.7,0.0,0.0,0.0,0.0,0.0,0.0,0.0
S A S Nagar,Punjab,2024-11-29,0,2024,11,29,60,17.27,46.93,1.32,0.0,0.0,0.0,0.0,0.0,0.0,1.0
S A S Nagar,Punjab,2024-11-30,1,2024,11,30,61,17.3,45.19,1.69,0.0,0.0,0.0,0.0,0.0,0.0,2.0
S A S Nagar,Punjab,2025-10-01,2,2025,10,1,1,26.62,80.1,1.03,0.15,1.0,0.0,0.0,0.3333333333333333,0.14285714285714285,1.0
S A S Nagar,Punjab,2025-10-02,1,2025,10,2,2,26.98,79.85,0.7,5.96,2.0,0.0,0.0,1.0,0.42857142857142855,1.0
S A S Nagar,Punjab,2025-10-03,1,2025,10,3,3,25.46,86.69,1.07,1.22,1.0,1.0,0.0,1.3333333333333333,0.5714285714285714,6.0
S A S Nagar,Punjab,2025-10-04,6,2025,10,4,4,25.67,85.27,2.08,0.31,1.0,2.0,0.0,1.3333333333333333,0.7142857142857143,5.0
S A S Nagar,Punjab,2025-10-05,5,2025,10,5,5,25.17,76.08,1.35,1.05,6.0,1.0,0.0,2.6666666666666665,1.5714285714285714,0.0
S A S Nagar,Punjab,2025-10-06,0,2025,10,6,6,23.36,78.85,1.55,18.42,5.0,1.0,0.0,4.0,2.2857142857142856,0.0
S A S Nagar,Punjab,2025-10-07,0,2025,10,7,7,21.37,86.18,2.53,9.49,0.0,6.0,1.0,3.6666666666666665,2.2857142857142856,0.0
S A S Nagar,Punjab,2025-10-08,0,2025,10,8,8,21.39,86.41,1.55,14.54,0.0,5.0,2.0,1.6666666666666667,2.142857142857143,0.0
S A S Nagar,Punjab,2025-10-09,0,2025,10,9,9,21.87,81.43,1.15,0.55,0.0,0.0,1.0,0.0,1.8571428571428572,0.0
S A S Nagar,Punjab,2025-10-10,0,2025,10,10,10,22.25,78.02,1.14,0.06,0.0,0.0,1.0,0.0,1.7142857142857142,0.0
S A S Nagar,Punjab,2025-10-11,0,2025,10,11,11,22.35,81.76,1.65,0.0,0.0,0.0,6.0,0.0,1.5714285714285714,0.0
S A S Nagar,Punjab,2025-10-12,0,2025,10,12,12,22.3,78.31,1.56,0.0,0.0,0.0,5.0,0.0,0.7142857142857143,0.0
S A S Nagar,Punjab,2025-10-13,0,2025,10,13,13,21.97,76.88,1.68,0.0,0.0,0.0,0.0,0.0,0.0,1.0
S A S Nagar,Punjab,2025-10-14,1,2025,10,14,14,21.95,74.63,1.53,0.0,0.0,0.0,0.0,0.0,0.0,0.0
S A S Nagar,Punjab,2025-10-15,0,2025,10,15,15,22.62,75.66,1.19,0.0,1.0,0.0,0.0,0.3333333333333333,0.14285714285714285,1.0
S A S Nagar,Punjab,2025-10-16,1,2025,10,16,16,23.34,80.4,1.27,0.0,0.0,0.0,0.0,0.3333333333333333,0.14285714285714285,0.0
S A S Nagar,Punjab,2025-10-17,0,2025,10,17,17,23.55,80.63,1.17,0.0,1.0,1.0,0.0,0.6666666666666666,0.2857142857142857,1.0
S A S Nagar,Punjab,2025-10-18,1,2025,10,18,18,23.97,74.36,1.07,0.0,0.0,0.0,0.0,0.3333333333333333,0.2857142857142857,2.0
S A S Nagar,Punjab,2025-10-19,2,2025,10,19,19,23.83,70.39,1.13,0.0,1.0,1.0,0.0,0.6666666666666666,0.42857142857142855,4.0
S A S Nagar,Punjab,2025-10-20,4,2025,10,20,20,24.04,67.08,0.93,0.0,2.0,0.0,0.0,1.0,0.7142857142857143,7.0
S A S Nagar,Punjab,2025-10-21,7,2025,10,21,21,23.66,67.92,1.02,0.02,4.0,1.0,1.0,2.3333333333333335,1.2857142857142858,5.0
S A S Nagar,Punjab,2025-10-22,5,2025,10,22,22,23.14,69.75,1.16,0.06,7.0,2.0,0.0,4.333333333333333,2.142857142857143,1.0
S A S Nagar,Punjab,2025-10-23,1,2025,10,23,23,23.32,61.62,1.15,1.82,5.0,4.0,1.0,5.333333333333333,2.857142857142857,3.0
S A S Nagar,Punjab,2025-10-24,3,2025,10,24,24,23.82,64.35,0.92,0.27,1.0,7.0,0.0,4.333333333333333,2.857142857142857,5.0
S A S Nagar,Punjab,2025-10-25,5,2025,10,25,25,22.04,72.96,1.2,0.0,3.0,5.0,1.0,3.0,3.2857142857142856,6.0
S A S Nagar,Punjab,2025-10-26,6,2025,10,26,26,22.54,70.77,1.17,0.0,5.0,1.0,2.0,3.0,3.857142857142857,2.0
S A S Nagar,Punjab,2025-10-27,2,2025,10,27,27,22.53,69.0,0.97,0.0,6.0,3.0,4.0,4.666666666666667,4.428571428571429,2.0
S A S Nagar,Punjab,2025-10-28,2,2025,10,28,28,21.79,70.55,1.15,0.0,2.0,5.0,7.0,4.333333333333333,4.142857142857143,6.0
S A S Nagar,Punjab,2025-10-29,6,2025,10,29,29,22.55,68.46,0.87,0.0,2.0,6.0,5.0,3.3333333333333335,3.4285714285714284,1.0
S A S Nagar,Punjab,2025-10-30,1,2025,10,30,30,22.79,75.41,1.19,0.0,6.0,2.0,1.0,3.3333333333333335,3.5714285714285716,8.0
S A S Nagar,Punjab,2025-10-31,8,2025,10,31,31,21.9,82.38,1.53,0.0,1.0,2.0,3.0,3.0,3.5714285714285716,1.0
S A S Nagar,Punjab,2025-11-01,1,2025,11,1,32,22.01,70.1,1.71,0.0,8.0,6.0,5.0,5.0,4.285714285714286,1.0
S A S Nagar,Punjab,2025-11-02,1,2025,11,2,33,20.21,71.54,2.22,0.0,1.0,1.0,6.0,3.3333333333333335,3.7142857142857144,2.0
S A S Nagar,Punjab,2025-11-03,2,2025,11,3,34,19.64,70.21,2.03,0.0,1.0,8.0,2.0,3.3333333333333335,3.0,0.0
S A S Nagar,Punjab,2025-11-04,0,2025,11,4,35,19.76,65.57,1.61,0.1,2.0,1.0,2.0,1.3333333333333333,3.0,2.0
S A S Nagar,Punjab,2025-11-05,2,2025,11,5,36,20.07,65.11,1.84,0.7,0.0,1.0,6.0,1.0,2.7142857142857144,0.0
S A S Nagar,Punjab,2025-11-06,0,2025,11,6,37,18.21,66.84,2.11,0.0,2.0,2.0,1.0,1.3333333333333333,2.142857142857143,1.0
S A S Nagar,Punjab,2025-11-07,1,2025,11,7,38,17.85,55.93,1.52,0.0,0.0,0.0,8.0,0.6666666666666666,2.0,2.0
S A S Nagar,Punjab,2025-11-08,2,2025,11,8,39,17.94,55.15,1.42,0.0,1.0,2.0,1.0,1.0,1.0,0.0
S A S Nagar,Punjab,2025-11-09,0,2025,11,9,40,17.59,59.37,1.54,0.0,2.0,0.0,1.0,1.0,1.1428571428571428,0.0
S A S Nagar,Punjab,2025-11-10,0,2025,11,10,41,18.39,54.81,1.37,0.0,0.0,1.0,2.0,1.0,1.0,0.0
S A S Nagar,Punjab,2025-11-11,0,2025,11,11,42,17.57,57.99,1.68,0.0,0.0,2.0,0.0,0.6666666666666666,0.7142857142857143,1.0
S A S Nagar,Punjab,2025-11-12,1,2025,11,12,43,16.53,60.9,2.08,0.0,0.0,0.0,2.0,0.0,0.7142857142857143,1.0
S A S Nagar,Punjab,2025-11-13,1,2025,11,13,44,16.82,59.33,1.96,0.0,1.0,0.0,0.0,0.3333333333333333,0.5714285714285714,0.0
S A S Nagar,Punjab,2025-11-14,0,2025,11,14,45,16.4,58.93,1.7,0.0,1.0,0.0,1.0,0.6666666666666666,0.7142857142857143,0.0
S A S Nagar,Punjab,2025-11-15,0,2025,11,15,46,16.43,56.71,1.87,0.0,0.0,1.0,2.0,0.6666666666666666,0.5714285714285714,0.0
S A S Nagar,Punjab,2025-11-16,0,2025,11,16,47,16.35,57.67,2.02,0.0,0.0,1.0,0.0,0.3333333333333333,0.2857142857142857,0.0
S A S Nagar,Punjab,2025-11-17,0,2025,11,17,48,17.09,55.63,1.37,0.0,0.0,0.0,0.0,0.0,0.2857142857142857,0.0
S A S Nagar,Punjab,2025-11-18,0,2025,11,18,49,17.31,59.05,1.35,0.0,0.0,0.0,0.0,0.0,0.2857142857142857,0.0
S A S Nagar,Punjab,2025-11-19,0,2025,11,19,50,17.7,60.35,1.38,0.0,0.0,0.0,1.0,0.0,0.2857142857142857,0.0
S A S Nagar,Punjab,2025-11-20,0,2025,11,20,51,18.63,55.24,1.0,0.0,0.0,0.0,1.0,0.0,0.14285714285714285,0.0
S A S Nagar,Punjab,2025-11-21,0,2025,11,21,52,17.92,53.7,1.08,0.0,0.0,0.0,0.0,0.0,0.0,0.0
S A S Nagar,Punjab,2025-11-22,0,2025,11,22,53,16.75,59.67,1.29,0.0,0.0,0.0,0.0,0.0,0.0,0.0
S A S Nagar,Punjab,2025-11-23,0,2025,11,23,54,16.75,59.63,1.18,0.0,0.0,0.0,0.0,0.0,0.0,1.0
S A S Nagar,Punjab,2025-11-24,1,2025,11,24,55,16.14,56.45,1.48,0.0,0.0,0.0,0.0,0.0,0.0,0.0
S A S Nagar,Punjab,2025-11-25,0,2025,11,25,56,15.67,57.34,1.33,0.0,1.0,0.0,0.0,0.3333333333333333,0.14285714285714285,0.0
S A S Nagar,Punjab,2025-11-26,0,2025,11,26,57,16.36,56.67,1.31,0.0,0.0,0.0,0.0,0.3333333333333333,0.14285714285714285,1.0
S A S Nagar,Punjab,2025-11-27,1,2025,11,27,58,15.72,61.33,1.34,0.0,0.0,1.0,0.0,0.3333333333333333,0.14285714285714285,0.0
S A S Nagar,Punjab,2025-11-28,0,2025,11,28,59,16.58,56.34,1.26,0.0,1.0,0.0,0.0,0.3333333333333333,0.2857142857142857,0.0
S A S Nagar,Punjab,2025-11-29,0,2025,11,29,60,15.72,53.03,1.62,0.0,0.0,0.0,0.0,0.3333333333333333,0.2857142857142857,0.0
Sangrur,Punjab,2023-10-08,17,2023,10,8,8,27.97,56.26,1.56,0.0,8.0,8.0,0.0,9.333333333333334,6.142857142857143,9.0
Sangrur,Punjab,2023-10-09,9,2023,10,9,9,28.35,55.68,1.25,0.21,17.0,12.0,8.0,12.333333333333334,8.571428571428571,11.0
Sangrur,Punjab,2023-10-10,11,2023,10,10,10,26.4,66.51,1.59,7.75,9.0,8.0,5.0,11.333333333333334,8.714285714285714,17.0
Sangrur,Punjab,2023-10-11,17,2023,10,11,11,25.35,58.25,1.45,0.0,11.0,17.0,2.0,12.333333333333334,9.571428571428571,8.0
Sangrur,Punjab,2023-10-12,8,2023,10,12,12,25.42,49.37,1.24,0.0,17.0,9.0,8.0,12.333333333333334,11.714285714285714,21.0
Sangrur,Punjab,2023-10-13,21,2023,10,13,13,25.74,54.17,1.32,0.0,8.0,11.0,12.0,12.0,11.714285714285714,27.0
Sangrur,Punjab,2023-10-14,27,2023,10,14,14,26.22,53.13,1.65,0.19,21.0,17.0,8.0,15.333333333333334,13.0,27.0
Sangrur,Punjab,2023-10-15,27,2023,10,15,15,24.91,60.4,1.15,2.84,27.0,8.0,17.0,18.666666666666668,15.714285714285714,0.0
Sangrur,Punjab,2023-10-16,0,2023,10,16,16,21.97,79.56,2.06,80.14,27.0,21.0,9.0,25.0,17.142857142857142,0.0
Sangrur,Punjab,2023-10-17,0,2023,10,17,17,21.71,80.5,1.8,3.24,0.0,27.0,11.0,18.0,15.857142857142858,2.0
Sangrur,Punjab,2023-10-18,2,2023,10,18,18,20.83,75.43,1.8,0.05,0.0,27.0,17.0,9.0,14.285714285714286,5.0
Sangrur,Punjab,2023-10-19,5,2023,10,19,19,21.22,67.06,1.37,0.0,2.0,0.0,8.0,0.6666666666666666,12.142857142857142,21.0
Sangrur,Punjab,2023-10-20,21,2023,10,20,20,21.75,63.34,0.99,0.0,5.0,0.0,21.0,2.3333333333333335,11.714285714285714,22.0
Sangrur,Punjab,2023-10-21,22,2023,10,21,21,22.05,61.25,1.04,0.0,21.0,2.0,27.0,9.333333333333334,11.714285714285714,21.0
Sangrur,Punjab,2023-10-22,21,2023,10,22,22,22.04,64.48,1.11,0.35,22.0,5.0,27.0,16.0,11.0,39.0
Sangrur,Punjab,2023-10-23,39,2023,10,23,23,21.7,70.94,1.43,0.0,21.0,21.0,0.0,21.333333333333332,10.142857142857142,53.0
Sangrur,Punjab,2023-10-24,53,2023,10,24,24,22.65,66.23,1.2,0.0,39.0,22.0,0.0,27.333333333333332,15.714285714285714,48.0
Sangrur,Punjab,2023-10-25,48,2023,10,25,25,22.29,64.87,1.46,0.0,53.0,21.0,2.0,37.666666666666664,23.285714285714285,133.0
Sangrur,Punjab,2023-10-26,133,2023,10,26,26,22.81,54.13,1.28,0.0,48.0,39.0,5.0,46.666666666666664,29.857142857142858,120.0
Sangrur,Punjab,2023-10-27,120,2023,10,27,27,23.0,49.73,1.06,0.0,133.0,53.0,21.0,78.0,48.142857142857146,123.0
Sangrur,Punjab,2023-10-28,123,2023,10,28,28,23.21,55.78,1.01,0.0,120.0,48.0,22.0,100.33333333333333,62.285714285714285,324.0
Sangrur,Punjab,2023-10-29,324,2023,10,29,29,23.75,59.08,0.91,0.0,123.0,133.0,21.0,125.33333333333333,76.71428571428571,335.0
Sangrur,Punjab,2023-10-30,335,2023,10,30,30,22.75,63.6,1.19,0.0,324.0,120.0,39.0,189.0,120.0,381.0
Sangrur,Punjab,2023-10-31,381,2023,10,31,31,22.66,61.32,1.02,0.0,335.0,123.0,53.0,260.6666666666667,162.28571428571428,566.0
Sangrur,Punjab,2023-11-01,566,2023,11,1,32,22.78,58.84,1.1,0.0,381.0,324.0,48.0,346.6666666666667,209.14285714285714,324.0
Sangrur,Punjab,2023-11-02,324,2023,11,2,33,22.61,63.51,0.94,0.0,566.0,335.0,133.0,427.3333333333333,283.14285714285717,548.0
Sangrur,Punjab,2023-11-03,548,2023,11,3,34,22.16,68.37,0.99,0.0,324.0,381.0,120.0,423.6666666666667,310.42857142857144,505.0
Sangrur,Punjab,2023-11-04,505,2023,11,4,35,21.64,66.33,1.25,0.0,548.0,566.0,123.0,479.3333333333333,371.57142857142856,874.0
Sangrur,Punjab,2023-11-05,874,2023,11,5,36,21.94,53.52,0.96,0.0,505.0,324.0,324.0,459.0,426.14285714285717,858.0
Sangrur,Punjab,2023-11-06,858,2023,11,6,37,20.54,56.03,1.27,0.0,874.0,548.0,335.0,642.3333333333334,504.7142857142857,824.0
Sangrur,Punjab,2023-11-07,824,2023,11,7,38,20.36,64.21,1.14,0.0,858.0,505.0,381.0,745.6666666666666,579.4285714285714,862.0
Sangrur,Punjab,2023-11-08,862,2023,11,8,39,21.21,71.87,1.14,0.0,824.0,874.0,566.0,852.0,642.7142857142857,451.0
Sangrur,Punjab,2023-11-09,451,2023,11,9,40,22.72,58.98,0.94,0.0,862.0,858.0,324.0,848.0,685.0,1.0
Sangrur,Punjab,2023-11-10,1,2023,11,10,41,19.98,69.41,1.72,2.76,451.0,824.0,548.0,712.3333333333334,703.1428571428571,86.0
Sangrur,Punjab,2023-11-11,86,2023,11,11,42,18.54,74.77,1.62,0.0,1.0,862.0,505.0,438.0,625.0,605.0
Sangrur,Punjab,2023-11-12,605,2023,11,12,43,18.59,71.06,1.69,0.0,86.0,451.0,874.0,179.33333333333334,565.1428571428571,474.0
Sangrur,Punjab,2023-11-13,474,2023,11,13,44,18.44,60.22,1.12,0.0,605.0,1.0,858.0,230.66666666666666,526.7142857142857,411.0
Sangrur,Punjab,2023-11-14,411,2023,11,14,45,17.91,61.11,1.49,0.0,474.0,86.0,824.0,388.3333333333333,471.85714285714283,369.0
Sangrur,Punjab,2023-11-15,369,2023,11,15,46,18.04,60.27,1.55,0.0,411.0,605.0,862.0,496.6666666666667,412.85714285714283,324.0
Sangrur,Punjab,2023-11-16,324,2023,11,16,47,18.86,58.77,0.99,0.0,369.0,474.0,451.0,418.0,342.42857142857144,183.0
Sangrur,Punjab,2023-11-17,183,2023,11,17,48,19.45,60.5,1.79,0.0,324.0,411.0,1.0,368.0,324.2857142857143,83.0
Sangrur,Punjab,2023-11-18,83,2023,11,18,49,19.14,58.73,1.35,0.0,183.0,369.0,86.0,292.0,350.2857142857143,85.0
Sangrur,Punjab,2023-11-19,85,2023,11,19,50,19.34,59.8,1.33,0.0,83.0,324.0,605.0,196.66666666666666,349.85714285714283,23.0
Sangrur,Punjab,2023-11-20,23,2023,11,20,51,18.23,63.0,1.31,0.0,85.0,183.0,474.0,117.0,275.57142857142856,37.0
Sangrur,Punjab,2023-11-21,37,2023,11,21,52,17.37,65.53,1.75,0.0,23.0,83.0,411.0,63.666666666666664,211.14285714285714,44.0
Sangrur,Punjab,2023-11-22,44,2023,11,22,53,16.97,59.95,1.55,0.0,37.0,85.0,369.0,48.333333333333336,157.71428571428572,13.0
Sangrur,Punjab,2023-11-23,13,2023,11,23,54,18.2,49.82,0.93,0.0,44.0,23.0,324.0,34.666666666666664,111.28571428571429,25.0
Sangrur,Punjab,2023-11-24,25,2023,11,24,55,16.85,56.05,1.17,0.0,13.0,37.0,183.0,31.333333333333332,66.85714285714286,3.0
Sangrur,Punjab,2023-11-25,3,2023,11,25,56,16.24,62.94,0.89,0.0,25.0,44.0,83.0,27.333333333333332,44.285714285714285,1.0
Sangrur,Punjab,2023-11-26,1,2023,11,26,57,15.4,65.44,1.49,0.0,3.0,13.0,85.0,13.666666666666666,32.857142857142854,0.0
Sangrur,Punjab,2023-11-27,0,2023,11,27,58,15.99,69.36,1.44,0.2,1.0,25.0,23.0,9.666666666666666,20.857142857142858,0.0
Sangrur,Punjab,2023-11-28,0,2023,11,28,59,16.31,64.73,1.54,0.02,0.0,3.0,37.0,1.3333333333333333,17.571428571428573,0.0
Sangrur,Punjab,2023-11-29,0,2023,11,29,60,18.9,60.65,0.9,0.07,0.0,1.0,44.0,0.3333333333333333,12.285714285714286,0.0
Sangrur,Punjab,2023-11-30,0,2023,11,30,61,18.64,66.56,1.21,5.19,0.0,0.0,13.0,0.0,6.0,2.0
Sangrur,Punjab,2024-10-01,2,2024,10,1,1,30.13,59.49,1.65,0.0,0.0,0.0,25.0,0.0,4.142857142857143,3.0
Sangrur,Punjab,2024-10-02,3,2024,10,2,2,29.76,56.17,1.46,0.0,2.0,0.0,3.0,0.6666666666666666,0.8571428571428571,4.0
Sangrur,Punjab,2024-10-03,4,2024,10,3,3,29.98,48.35,1.07,0.0,3.0,0.0,1.0,1.6666666666666667,0.8571428571428571,0.0
Sangrur,Punjab,2024-10-04,0,2024,10,4,4,29.37,48.66,1.15,0.0,4.0,2.0,0.0,3.0,1.2857142857142858,5.0
Sangrur,Punjab,2024-10-05,5,2024,10,5,5,29.76,54.62,1.53,0.95,0.0,3.0,0.0,2.3333333333333335,1.2857142857142858,2.0
Sangrur,Punjab,2024-10-06,2,2024,10,6,6,28.52,55.31,1.06,1.43,5.0,4.0,0.0,3.0,2.0,7.0
Sangrur,Punjab,2024-10-07,7,2024,10,7,7,27.89,58.23,1.09,0.0,2.0,0.0,0.0,2.3333333333333335,2.2857142857142856,9.0
Sangrur,Punjab,2024-10-08,9,2024,10,8,8,27.75,57.14,1.2,0.0,7.0,5.0,2.0,4.666666666666667,3.2857142857142856,4.0
Sangrur,Punjab,2024-10-09,4,2024,10,9,9,27.5,58.19,1.72,0.02,9.0,2.0,3.0,6.0,4.285714285714286,8.0
Sangrur,Punjab,2024-10-10,8,2024,10,10,10,27.03,51.76,1.62,0.0,4.0,7.0,4.0,6.666666666666667,4.428571428571429,2.0
Sangrur,Punjab,2024-10-11,2,2024,10,11,11,27.26,46.57,1.64,0.0,8.0,9.0,0.0,7.0,5.0,21.0
Sangrur,Punjab,2024-10-12,21,2024,10,12,12,27.56,41.55,1.16,0.0,2.0,4.0,5.0,4.666666666666667,5.285714285714286,16.0
Sangrur,Punjab,2024-10-13,16,2024,10,13,13,27.15,38.71,1.1,0.0,21.0,8.0,2.0,10.333333333333334,7.571428571428571,12.0
Sangrur,Punjab,2024-10-14,12,2024,10,14,14,26.09,46.99,1.45,0.0,16.0,2.0,7.0,13.0,9.571428571428571,14.0
Sangrur,Punjab,2024-10-15,14,2024,10,15,15,27.31,41.12,1.33,0.0,12.0,21.0,9.0,16.333333333333332,10.285714285714286,6.0
Sangrur,Punjab,2024-10-16,6,2024,10,16,16,28.03,37.85,1.04,0.0,14.0,16.0,4.0,14.0,11.0,26.0
Sangrur,Punjab,2024-10-17,26,2024,10,17,17,28.31,36.71,0.99,0.0,6.0,12.0,8.0,10.666666666666666,11.285714285714286,14.0
Sangrur,Punjab,2024-10-18,14,2024,10,18,18,27.5,40.15,1.06,0.0,26.0,14.0,2.0,15.333333333333334,13.857142857142858,10.0
Sangrur,Punjab,2024-10-19,10,2024,10,19,19,27.24,42.8,1.3,0.0,14.0,6.0,21.0,15.333333333333334,15.571428571428571,16.0
Sangrur,Punjab,2024-10-20,16,2024,10,20,20,26.15,47.89,1.23,0.0,10.0,26.0,16.0,16.666666666666668,14.0,9.0
Sangrur,Punjab,2024-10-21,9,2024,10,21,21,25.93,53.49,1.11,0.0,16.0,14.0,12.0,13.333333333333334,14.0,17.0
Sangrur,Punjab,2024-10-22,17,2024,10,22,22,25.99,56.77,1.09,0.0,9.0,10.0,14.0,11.666666666666666,13.571428571428571,8.0
Sangrur,Punjab,2024-10-23,8,2024,10,23,23,26.76,46.56,1.7,0.0,17.0,16.0,6.0,14.0,14.0,7.0
Sangrur,Punjab,2024-10-24,7,2024,10,24,24,25.96,51.72,2.29,0.0,8.0,9.0,26.0,11.333333333333334,14.285714285714286,18.0
Sangrur,Punjab,2024-10-25,18,2024,10,25,25,26.5,47.19,2.0,0.0,7.0,17.0,14.0,10.666666666666666,11.571428571428571,12.0
Sangrur,Punjab,2024-10-26,12,2024,10,26,26,26.59,41.22,1.58,0.0,18.0,8.0,10.0,11.0,12.142857142857142,34.0
Sangrur,Punjab,2024-10-27,34,2024,10,27,27,26.25,44.77,1.27,0.0,12.0,7.0,16.0,12.333333333333334,12.428571428571429,51.0
Sangrur,Punjab,2024-10-28,51,2024,10,28,28,26.56,59.58,1.8,0.0,34.0,18.0,9.0,21.333333333333332,15.0,66.0
Sangrur,Punjab,2024-10-29,66,2024,10,29,29,27.62,58.76,1.36,0.0,51.0,12.0,17.0,32.333333333333336,21.0,77.0
Sangrur,Punjab,2024-10-30,77,2024,10,30,30,27.83,50.51,1.39,0.0,66.0,34.0,8.0,50.333333333333336,28.0,143.0
Sangrur,Punjab,2024-10-31,143,2024,10,31,31,26.67,42.75,2.32,0.0,77.0,51.0,7.0,64.66666666666667,37.857142857142854,216.0
Sangrur,Punjab,2024-11-01,216,2024,11,1,32,25.57,34.08,1.93,0.0,143.0,66.0,18.0,95.33333333333333,57.285714285714285,167.0
Sangrur,Punjab,2024-11-02,167,2024,11,2,33,25.79,32.24,1.08,0.0,216.0,77.0,12.0,145.33333333333334,85.57142857142857,86.0
Sangrur,Punjab,2024-11-03,86,2024,11,3,34,24.46,39.25,1.07,0.0,167.0,143.0,34.0,175.33333333333334,107.71428571428571,108.0
Sangrur,Punjab,2024-11-04,108,2024,11,4,35,25.06,36.03,1.26,0.0,86.0,216.0,51.0,156.33333333333334,115.14285714285714,87.0
Sangrur,Punjab,2024-11-05,87,2024,11,5,36,23.99,47.39,1.5,0.0,108.0,167.0,66.0,120.33333333333333,123.28571428571429,62.0
Sangrur,Punjab,2024-11-06,62,2024,11,6,37,24.54,49.41,1.12,0.0,87.0,86.0,77.0,93.66666666666667,126.28571428571429,276.0
Sangrur,Punjab,2024-11-07,276,2024,11,7,38,24.65,50.39,1.14,0.0,62.0,108.0,143.0,85.66666666666667,124.14285714285714,329.0
Sangrur,Punjab,2024-11-08,329,2024,11,8,39,24.74,52.13,1.2,0.0,276.0,87.0,216.0,141.66666666666666,143.14285714285714,389.0
Sangrur,Punjab,2024-11-09,389,2024,11,9,40,24.35,59.73,1.65,0.0,329.0,62.0,167.0,222.33333333333334,159.28571428571428,122.0
Sangrur,Punjab,2024-11-10,122,2024,11,10,41,24.32,62.24,1.13,0.0,389.0,276.0,86.0,331.3333333333333,191.0,131.0
Sangrur,Punjab,2024-11-11,131,2024,11,11,42,25.01,54.49,1.19,0.0,122.0,329.0,108.0,280.0,196.14285714285714,13.0
Sangrur,Punjab,2024-11-12,13,2024,11,12,43,24.14,40.86,1.16,0.0,131.0,389.0,87.0,214.0,199.42857142857142,1.0
Sangrur,Punjab,2024-11-13,1,2024,11,13,44,22.71,48.17,1.34,0.0,13.0,122.0,62.0,88.66666666666667,188.85714285714286,2.0
Sangrur,Punjab,2024-11-14,2,2024,11,14,45,21.89,41.26,1.24,0.0,1.0,131.0,276.0,48.333333333333336,180.14285714285714,83.0
Sangrur,Punjab,2024-11-15,83,2024,11,15,46,21.3,43.88,1.54,0.0,2.0,13.0,329.0,5.333333333333333,141.0,57.0
Sangrur,Punjab,2024-11-16,57,2024,11,16,47,20.91,48.87,1.38,0.0,83.0,1.0,389.0,28.666666666666668,105.85714285714286,24.0
Sangrur,Punjab,2024-11-17,24,2024,11,17,48,19.9,46.34,1.66,0.0,57.0,2.0,122.0,47.333333333333336,58.42857142857143,108.0
Sangrur,Punjab,2024-11-18,108,2024,11,18,49,19.47,39.91,1.66,0.0,24.0,83.0,131.0,54.666666666666664,44.42857142857143,83.0
Sangrur,Punjab,2024-11-19,83,2024,11,19,50,19.49,34.8,1.63,0.0,108.0,57.0,13.0,63.0,41.142857142857146,47.0
Sangrur,Punjab,2024-11-20,47,2024,11,20,51,19.51,32.43,1.41,0.0,83.0,24.0,1.0,71.66666666666667,51.142857142857146,16.0
Sangrur,Punjab,2024-11-21,16,2024,11,21,52,20.03,29.36,1.15,0.0,47.0,108.0,2.0,79.33333333333333,57.714285714285715,2.0
Sangrur,Punjab,2024-11-22,2,2024,11,22,53,21.18,28.25,1.1,0.0,16.0,83.0,83.0,48.666666666666664,59.714285714285715,27.0
Sangrur,Punjab,2024-11-23,27,2024,11,23,54,20.7,32.85,1.15,0.0,2.0,47.0,57.0,21.666666666666668,48.142857142857146,9.0
Sangrur,Punjab,2024-11-24,9,2024,11,24,55,19.97,38.74,1.71,0.0,27.0,16.0,24.0,15.0,43.857142857142854,4.0
Sangrur,Punjab,2024-11-25,4,2024,11,25,56,18.29,46.92,1.82,0.0,9.0,2.0,108.0,12.666666666666666,41.714285714285715,0.0
Sangrur,Punjab,2024-11-26,0,2024,11,26,57,18.54,38.86,1.59,0.0,4.0,27.0,83.0,13.333333333333334,26.857142857142858,3.0
Sangrur,Punjab,2024-11-27,3,2024,11,27,58,19.05,37.12,1.13,0.0,0.0,9.0,47.0,4.333333333333333,15.0,1.0
Sangrur,Punjab,2024-11-28,1,2024,11,28,59,19.02,35.31,1.05,0.0,3.0,4.0,16.0,2.3333333333333335,8.714285714285714,1.0
Sangrur,Punjab,2024-11-29,1,2024,11,29,60,19.18,36.02,0.95,0.0,1.0,0.0,2.0,1.3333333333333333,6.571428571428571,2.0
Sangrur,Punjab,2024-11-30,2,2024,11,30,61,17.97,38.37,1.69,0.0,1.0,3.0,27.0,1.6666666666666667,6.428571428571429,1.0
Sangrur,Punjab,2025-10-01,1,2025,10,1,1,28.74,69.9,0.92,0.13,2.0,1.0,9.0,1.3333333333333333,2.857142857142857,0.0
Sangrur,Punjab,2025-10-02,0,2025,10,2,2,28.64,68.03,1.02,1.02,1.0,1.0,4.0,1.3333333333333333,1.7142857142857142,0.0
Sangrur,Punjab,2025-10-03,0,2025,10,3,3,28.05,71.38,1.02,0.32,0.0,2.0,0.0,1.0,1.1428571428571428,0.0
Sangrur,Punjab,2025-10-04,0,2025,10,4,4,28.41,65.37,1.44,0.03,0.0,1.0,3.0,0.3333333333333333,1.1428571428571428,4.0
Sangrur,Punjab,2025-10-05,4,2025,10,5,5,27.99,63.98,0.72,6.36,0.0,0.0,1.0,0.0,0.7142857142857143,0.0
Sangrur,Punjab,2025-10-06,0,2025,10,6,6,24.45,78.8,2.21,11.49,4.0,0.0,1.0,1.3333333333333333,1.1428571428571428,0.0
Sangrur,Punjab,2025-10-07,0,2025,10,7,7,23.18,86.06,1.66,21.0,0.0,0.0,2.0,1.3333333333333333,1.0,0.0
Sangrur,Punjab,2025-10-08,0,2025,10,8,8,21.82,79.56,2.05,2.35,0.0,4.0,1.0,1.3333333333333333,0.7142857142857143,0.0
Sangrur,Punjab,2025-10-09,0,2025,10,9,9,22.42,68.32,1.31,0.05,0.0,0.0,0.0,0.0,0.5714285714285714,1.0
Sangrur,Punjab,2025-10-10,1,2025,10,10,10,23.55,60.41,1.03,0.0,0.0,0.0,0.0,0.0,0.5714285714285714,0.0
Sangrur,Punjab,2025-10-11,0,2025,10,11,11,24.0,61.71,0.98,0.0,1.0,0.0,0.0,0.3333333333333333,0.7142857142857143,1.0
Sangrur,Punjab,2025-10-12,1,2025,10,12,12,23.64,62.29,1.35,0.0,0.0,0.0,4.0,0.3333333333333333,0.7142857142857143,1.0
Sangrur,Punjab,2025-10-13,1,2025,10,13,13,24.59,52.62,0.97,0.0,1.0,1.0,0.0,0.6666666666666666,0.2857142857142857,0.0
Sangrur,Punjab,2025-10-14,0,2025,10,14,14,24.48,49.56,0.74,0.0,1.0,0.0,0.0,0.6666666666666666,0.42857142857142855,1.0
Sangrur,Punjab,2025-10-15,1,2025,10,15,15,24.26,50.19,0.8,0.0,0.0,1.0,0.0,0.6666666666666666,0.42857142857142855,1.0
Sangrur,Punjab,2025-10-16,1,2025,10,16,16,24.71,55.34,0.92,0.0,1.0,1.0,0.0,0.6666666666666666,0.5714285714285714,4.0
Sangrur,Punjab,2025-10-17,4,2025,10,17,17,24.81,64.14,1.05,0.0,1.0,0.0,1.0,0.6666666666666666,0.7142857142857143,0.0
Sangrur,Punjab,2025-10-18,0,2025,10,18,18,24.69,64.24,0.96,0.0,4.0,1.0,0.0,2.0,1.1428571428571428,2.0
Sangrur,Punjab,2025-10-19,2,2025,10,19,19,25.53,56.67,0.81,0.0,0.0,1.0,1.0,1.6666666666666667,1.1428571428571428,4.0
Sangrur,Punjab,2025-10-20,4,2025,10,20,20,25.35,55.04,1.04,0.0,2.0,4.0,1.0,2.0,1.2857142857142858,10.0
Sangrur,Punjab,2025-10-21,10,2025,10,21,21,24.7,55.88,1.02,0.0,4.0,0.0,0.0,2.0,1.7142857142857142,4.0
Sangrur,Punjab,2025-10-22,4,2025,10,22,22,24.13,52.06,1.43,0.0,10.0,2.0,1.0,5.333333333333333,3.142857142857143,6.0
Sangrur,Punjab,2025-10-23,6,2025,10,23,23,24.42,48.32,1.12,0.0,4.0,4.0,1.0,6.0,3.5714285714285716,11.0
Sangrur,Punjab,2025-10-24,11,2025,10,24,24,25.12,50.97,0.74,0.02,6.0,10.0,4.0,6.666666666666667,4.285714285714286,19.0
Sangrur,Punjab,2025-10-25,19,2025,10,25,25,23.98,58.71,1.22,0.0,11.0,4.0,0.0,7.0,5.285714285714286,27.0
Sangrur,Punjab,2025-10-26,27,2025,10,26,26,24.33,51.38,0.99,0.0,19.0,6.0,2.0,12.0,8.0,21.0
Sangrur,Punjab,2025-10-27,21,2025,10,27,27,23.94,49.85,0.83,0.0,27.0,11.0,4.0,19.0,11.571428571428571,13.0
Sangrur,Punjab,2025-10-28,13,2025,10,28,28,23.04,63.27,0.94,0.0,21.0,19.0,10.0,22.333333333333332,14.0,48.0
Sangrur,Punjab,2025-10-29,48,2025,10,29,29,22.57,61.47,1.46,0.0,13.0,27.0,4.0,20.333333333333332,14.428571428571429,65.0
Sangrur,Punjab,2025-10-30,65,2025,10,30,30,23.95,64.93,0.84,0.0,48.0,21.0,6.0,27.333333333333332,20.714285714285715,127.0
Sangrur,Punjab,2025-10-31,127,2025,10,31,31,24.11,60.53,1.41,0.0,65.0,13.0,11.0,42.0,29.142857142857142,69.0
Sangrur,Punjab,2025-11-01,69,2025,11,1,32,23.57,56.27,1.27,0.0,127.0,48.0,19.0,80.0,45.714285714285715,65.0
Sangrur,Punjab,2025-11-02,65,2025,11,2,33,22.74,50.67,1.72,0.0,69.0,65.0,27.0,87.0,52.857142857142854,38.0
Sangrur,Punjab,2025-11-03,38,2025,11,3,34,23.04,43.67,1.47,0.0,65.0,127.0,21.0,87.0,58.285714285714285,62.0
Sangrur,Punjab,2025-11-04,62,2025,11,4,35,22.21,52.13,1.8,0.0,38.0,69.0,13.0,57.333333333333336,60.714285714285715,22.0
Sangrur,Punjab,2025-11-05,22,2025,11,5,36,20.67,56.92,1.81,0.57,62.0,65.0,48.0,55.0,67.71428571428571,24.0
Sangrur,Punjab,2025-11-06,24,2025,11,6,37,17.73,48.93,1.98,0.0,22.0,38.0,65.0,40.666666666666664,64.0,50.0
Sangrur,Punjab,2025-11-07,50,2025,11,7,38,17.71,40.76,1.86,0.0,24.0,62.0,127.0,36.0,58.142857142857146,41.0
Sangrur,Punjab,2025-11-08,41,2025,11,8,39,18.42,37.97,1.55,0.0,50.0,22.0,69.0,32.0,47.142857142857146,37.0
Sangrur,Punjab,2025-11-09,37,2025,11,9,40,18.0,42.91,1.58,0.0,41.0,24.0,65.0,38.333333333333336,43.142857142857146,24.0
Sangrur,Punjab,2025-11-10,24,2025,11,10,41,18.5,39.79,1.32,0.0,37.0,50.0,38.0,42.666666666666664,39.142857142857146,19.0
Sangrur,Punjab,2025-11-11,19,2025,11,11,42,17.4,46.02,1.57,0.0,24.0,41.0,62.0,34.0,37.142857142857146,3.0
Sangrur,Punjab,2025-11-12,3,2025,11,12,43,17.48,45.27,1.75,0.0,19.0,37.0,22.0,26.666666666666668,31.0,7.0
Sangrur,Punjab,2025-11-13,7,2025,11,13,44,17.5,45.62,1.47,0.0,3.0,24.0,24.0,15.333333333333334,28.285714285714285,6.0
Sangrur,Punjab,2025-11-14,6,2025,11,14,45,17.54,42.32,1.42,0.0,7.0,19.0,50.0,9.666666666666666,25.857142857142858,2.0
Sangrur,Punjab,2025-11-15,2,2025,11,15,46,18.04,38.86,1.41,0.0,6.0,3.0,41.0,5.333333333333333,19.571428571428573,0.0
Sangrur,Punjab,2025-11-16,0,2025,11,16,47,17.74,40.2,1.47,0.0,2.0,7.0,37.0,5.0,14.0,3.0
Sangrur,Punjab,2025-11-17,3,2025,11,17,48,18.35,37.17,1.27,0.0,0.0,6.0,24.0,2.6666666666666665,8.714285714285714,0.0
Sangrur,Punjab,2025-11-18,0,2025,11,18,49,17.85,39.72,1.34,0.0,3.0,2.0,19.0,1.6666666666666667,5.714285714285714,0.0
Sangrur,Punjab,2025-11-19,0,2025,11,19,50,18.8,43.43,0.75,0.0,0.0,0.0,3.0,1.0,3.0,1.0
Sangrur,Punjab,2025-11-20,1,2025,11,20,51,19.43,38.52,0.81,0.0,0.0,3.0,7.0,1.0,2.5714285714285716,0.0
Sangrur,Punjab,2025-11-21,0,2025,11,21,52,18.08,46.65,1.07,0.0,1.0,0.0,6.0,0.3333333333333333,1.7142857142857142,0.0
Sangrur,Punjab,2025-11-22,0,2025,11,22,53,17.14,54.93,1.5,0.0,0.0,0.0,2.0,0.3333333333333333,0.8571428571428571,0.0
Sangrur,Punjab,2025-11-23,0,2025,11,23,54,16.7,51.52,1.15,0.0,0.0,1.0,0.0,0.3333333333333333,0.5714285714285714,0.0
Sangrur,Punjab,2025-11-24,0,2025,11,24,55,16.0,47.53,1.41,0.0,0.0,0.0,3.0,0.0,0.5714285714285714,0.0
Sangrur,Punjab,2025-11-25,0,2025,11,25,56,15.52,45.72,1.5,0.0,0.0,0.0,0.0,0.0,0.14285714285714285,0.0
Sangrur,Punjab,2025-11-26,0,2025,11,26,57,15.49,44.05,1.23,0.0,0.0,0.0,0.0,0.0,0.14285714285714285,0.0
Sangrur,Punjab,2025-11-27,0,2025,11,27,58,15.59,46.93,1.15,0.0,0.0,0.0,1.0,0.0,0.14285714285714285,0.0
Sangrur,Punjab,2025-11-28,0,2025,11,28,59,15.81,49.94,1.46,0.0,0.0,0.0,0.0,0.0,0.0,0.0
Sangrur,Punjab,2025-11-29,0,2025,11,29,60,14.89,44.17,1.79,0.0,0.0,0.0,0.0,0.0,0.0,0.0
Shahid Bhagat Singh Nagar,Punjab,2023-10-08,0,2023,10,8,8,25.76,65.61,1.12,0.0,0.0,0.0,0.0,0.3333333333333333,0.2857142857142857,0.0
Shahid Bhagat Singh Nagar,Punjab,2023-10-09,0,2023,10,9,9,26.14,69.03,0.94,0.02,0.0,1.0,0.0,0.3333333333333333,0.2857142857142857,0.0
Shahid Bhagat Singh Nagar,Punjab,2023-10-10,0,2023,10,10,10,25.21,70.18,1.37,10.49,0.0,0.0,0.0,0.0,0.2857142857142857,0.0
Shahid Bhagat Singh Nagar,Punjab,2023-10-11,0,2023,10,11,11,23.93,68.69,1.38,0.0,0.0,0.0,1.0,0.0,0.2857142857142857,0.0
Shahid Bhagat Singh Nagar,Punjab,2023-10-12,0,2023,10,12,12,24.01,65.2,1.11,0.0,0.0,0.0,0.0,0.0,0.14285714285714285,0.0
Shahid Bhagat Singh Nagar,Punjab,2023-10-13,0,2023,10,13,13,23.88,66.09,1.07,0.0,0.0,0.0,1.0,0.0,0.14285714285714285,1.0
Shahid Bhagat Singh Nagar,Punjab,2023-10-14,1,2023,10,14,14,24.75,65.46,1.3,4.88,0.0,0.0,0.0,0.0,0.0,0.0
Shahid Bhagat Singh Nagar,Punjab,2023-10-15,0,2023,10,15,15,23.65,66.3,1.18,0.25,1.0,0.0,0.0,0.3333333333333333,0.14285714285714285,0.0
Shahid Bhagat Singh Nagar,Punjab,2023-10-16,0,2023,10,16,16,21.55,77.79,1.81,18.17,0.0,0.0,0.0,0.3333333333333333,0.14285714285714285,0.0
Shahid Bhagat Singh Nagar,Punjab,2023-10-17,0,2023,10,17,17,20.72,80.0,1.4,2.0,0.0,1.0,0.0,0.3333333333333333,0.14285714285714285,0.0
Shahid Bhagat Singh Nagar,Punjab,2023-10-18,0,2023,10,18,18,19.86,76.56,1.75,0.29,0.0,0.0,0.0,0.0,0.14285714285714285,0.0
Shahid Bhagat Singh Nagar,Punjab,2023-10-19,0,2023,10,19,19,20.12,70.22,1.43,0.0,0.0,0.0,0.0,0.0,0.14285714285714285,0.0
Shahid Bhagat Singh Nagar,Punjab,2023-10-20,0,2023,10,20,20,20.82,63.03,1.01,0.0,0.0,0.0,0.0,0.0,0.14285714285714285,1.0
Shahid Bhagat Singh Nagar,Punjab,2023-10-21,1,2023,10,21,21,21.67,59.69,0.94,0.0,0.0,0.0,1.0,0.0,0.14285714285714285,0.0
Shahid Bhagat Singh Nagar,Punjab,2023-10-22,0,2023,10,22,22,21.46,67.52,1.33,0.0,1.0,0.0,0.0,0.3333333333333333,0.14285714285714285,3.0
Shahid Bhagat Singh Nagar,Punjab,2023-10-23,3,2023,10,23,23,21.54,70.86,1.07,0.1,0.0,0.0,0.0,0.3333333333333333,0.14285714285714285,3.0
Shahid Bhagat Singh Nagar,Punjab,2023-10-24,3,2023,10,24,24,22.43,65.16,1.11,0.02,3.0,1.0,0.0,1.3333333333333333,0.5714285714285714,1.0
Shahid Bhagat Singh Nagar,Punjab,2023-10-25,1,2023,10,25,25,22.25,67.45,1.28,0.0,3.0,0.0,0.0,2.0,1.0,5.0
Shahid Bhagat Singh Nagar,Punjab,2023-10-26,5,2023,10,26,26,21.9,63.96,1.62,0.0,1.0,3.0,0.0,2.3333333333333335,1.1428571428571428,11.0
Shahid Bhagat Singh Nagar,Punjab,2023-10-27,11,2023,10,27,27,22.14,59.95,1.36,0.0,5.0,3.0,0.0,3.0,1.8571428571428572,7.0
Shahid Bhagat Singh Nagar,Punjab,2023-10-28,7,2023,10,28,28,22.49,61.99,1.17,0.0,11.0,1.0,1.0,5.666666666666667,3.4285714285714284,13.0
Shahid Bhagat Singh Nagar,Punjab,2023-10-29,13,2023,10,29,29,23.12,62.88,1.05,0.0,7.0,5.0,0.0,7.666666666666667,4.285714285714286,14.0
Shahid Bhagat Singh Nagar,Punjab,2023-10-30,14,2023,10,30,30,22.28,64.16,1.11,0.0,13.0,11.0,3.0,10.333333333333334,6.142857142857143,13.0
Shahid Bhagat Singh Nagar,Punjab,2023-10-31,13,2023,10,31,31,22.45,60.95,1.08,0.0,14.0,7.0,3.0,11.333333333333334,7.714285714285714,27.0
Shahid Bhagat Singh Nagar,Punjab,2023-11-01,27,2023,11,1,32,22.87,57.19,1.03,0.0,13.0,13.0,1.0,13.333333333333334,9.142857142857142,13.0
Shahid Bhagat Singh Nagar,Punjab,2023-11-02,13,2023,11,2,33,22.95,58.57,0.95,0.0,27.0,14.0,5.0,18.0,12.857142857142858,27.0
Shahid Bhagat Singh Nagar,Punjab,2023-11-03,27,2023,11,3,34,21.99,63.19,0.95,0.0,13.0,13.0,11.0,17.666666666666668,14.0,33.0
Shahid Bhagat Singh Nagar,Punjab,2023-11-04,33,2023,11,4,35,21.67,60.47,1.2,0.0,27.0,27.0,7.0,22.333333333333332,16.285714285714285,56.0
Shahid Bhagat Singh Nagar,Punjab,2023-11-05,56,2023,11,5,36,21.74,57.34,1.19,0.0,33.0,13.0,13.0,24.333333333333332,20.0,32.0
Shahid Bhagat Singh Nagar,Punjab,2023-11-06,32,2023,11,6,37,20.82,57.89,1.03,0.0,56.0,27.0,14.0,38.666666666666664,26.142857142857142,35.0
Shahid Bhagat Singh Nagar,Punjab,2023-11-07,35,2023,11,7,38,21.08,62.64,1.39,0.0,32.0,33.0,13.0,40.333333333333336,28.714285714285715,28.0
Shahid Bhagat Singh Nagar,Punjab,2023-11-08,28,2023,11,8,39,21.22,67.86,1.42,0.0,35.0,56.0,27.0,41.0,31.857142857142858,27.0
Shahid Bhagat Singh Nagar,Punjab,2023-11-09,27,2023,11,9,40,22.05,60.68,1.28,0.02,28.0,32.0,13.0,31.666666666666668,32.0,0.0
Shahid Bhagat Singh Nagar,Punjab,2023-11-10,0,2023,11,10,41,19.17,71.09,1.25,5.27,27.0,35.0,27.0,30.0,34.0,0.0
Shahid Bhagat Singh Nagar,Punjab,2023-11-11,0,2023,11,11,42,18.28,72.86,1.52,0.0,0.0,28.0,33.0,18.333333333333332,30.142857142857142,11.0
Shahid Bhagat Singh Nagar,Punjab,2023-11-12,11,2023,11,12,43,18.22,69.06,1.81,0.0,0.0,27.0,56.0,9.0,25.428571428571427,7.0
Shahid Bhagat Singh Nagar,Punjab,2023-11-13,7,2023,11,13,44,18.58,61.8,1.13,0.0,11.0,0.0,32.0,3.6666666666666665,19.0,12.0
Shahid Bhagat Singh Nagar,Punjab,2023-11-14,12,2023,11,14,45,18.85,62.59,1.44,0.0,7.0,0.0,35.0,6.0,15.428571428571429,13.0
Shahid Bhagat Singh Nagar,Punjab,2023-11-15,13,2023,11,15,46,19.19,61.7,1.56,0.0,12.0,11.0,28.0,10.0,12.142857142857142,9.0
Shahid Bhagat Singh Nagar,Punjab,2023-11-16,9,2023,11,16,47,19.84,57.08,1.32,0.0,13.0,7.0,27.0,10.666666666666666,10.0,8.0
Shahid Bhagat Singh Nagar,Punjab,2023-11-17,8,2023,11,17,48,20.09,55.89,1.76,0.0,9.0,12.0,0.0,11.333333333333334,7.428571428571429,5.0
Shahid Bhagat Singh Nagar,Punjab,2023-11-18,5,2023,11,18,49,20.03,56.73,1.08,0.0,8.0,13.0,0.0,10.0,8.571428571428571,5.0
Shahid Bhagat Singh Nagar,Punjab,2023-11-19,5,2023,11,19,50,20.23,57.11,1.1,0.0,5.0,9.0,11.0,7.333333333333333,9.285714285714286,1.0
Shahid Bhagat Singh Nagar,Punjab,2023-11-20,1,2023,11,20,51,18.9,62.03,1.39,0.0,5.0,8.0,7.0,6.0,8.428571428571429,1.0
Shahid Bhagat Singh Nagar,Punjab,2023-11-21,1,2023,11,21,52,17.61,68.45,1.94,0.0,1.0,5.0,12.0,3.6666666666666665,7.571428571428571,1.0
Shahid Bhagat Singh Nagar,Punjab,2023-11-22,1,2023,11,22,53,17.01,66.09,1.59,0.0,1.0,5.0,13.0,2.3333333333333335,6.0,0.0
Shahid Bhagat Singh Nagar,Punjab,2023-11-23,0,2023,11,23,54,18.36,52.11,0.95,0.0,1.0,1.0,9.0,1.0,4.285714285714286,3.0
Shahid Bhagat Singh Nagar,Punjab,2023-11-24,3,2023,11,24,55,17.93,54.02,1.11,0.0,0.0,1.0,8.0,0.6666666666666666,3.0,1.0
Shahid Bhagat Singh Nagar,Punjab,2023-11-25,1,2023,11,25,56,18.45,56.07,1.03,0.0,3.0,1.0,5.0,1.3333333333333333,2.2857142857142856,0.0
Shahid Bhagat Singh Nagar,Punjab,2023-11-26,0,2023,11,26,57,17.2,60.22,1.23,0.0,1.0,0.0,5.0,1.3333333333333333,1.7142857142857142,4.0
Shahid Bhagat Singh Nagar,Punjab,2023-11-27,4,2023,11,27,58,17.43,63.06,1.25,0.0,0.0,3.0,1.0,1.3333333333333333,1.0,1.0
Shahid Bhagat Singh Nagar,Punjab,2023-11-28,1,2023,11,28,59,17.97,58.5,1.06,0.0,4.0,1.0,1.0,1.6666666666666667,1.4285714285714286,0.0
Shahid Bhagat Singh Nagar,Punjab,2023-11-29,0,2023,11,29,60,20.25,51.31,0.91,0.13,1.0,0.0,1.0,1.6666666666666667,1.4285714285714286,0.0
Shahid Bhagat Singh Nagar,Punjab,2023-11-30,0,2023,11,30,61,17.22,80.56,1.26,14.42,0.0,4.0,0.0,1.6666666666666667,1.2857142857142858,0.0
Shahid Bhagat Singh Nagar,Punjab,2024-10-01,0,2024,10,1,1,27.27,79.41,1.66,0.0,0.0,1.0,3.0,0.3333333333333333,1.2857142857142858,0.0
Shahid Bhagat Singh Nagar,Punjab,2024-10-02,0,2024,10,2,2,27.84,67.76,1.5,0.0,0.0,0.0,1.0,0.0,0.8571428571428571,1.0
Shahid Bhagat Singh Nagar,Punjab,2024-10-03,1,2024,10,3,3,27.77,63.25,1.29,0.0,0.0,0.0,0.0,0.0,0.7142857142857143,0.0
Shahid Bhagat Singh Nagar,Punjab,2024-10-04,0,2024,10,4,4,27.52,63.17,1.15,0.0,1.0,0.0,4.0,0.3333333333333333,0.8571428571428571,0.0
Shahid Bhagat Singh Nagar,Punjab,2024-10-05,0,2024,10,5,5,27.52,61.88,0.95,0.26,0.0,0.0,1.0,0.3333333333333333,0.2857142857142857,0.0
Shahid Bhagat Singh Nagar,Punjab,2024-10-06,0,2024,10,6,6,27.01,65.46,1.34,4.33,0.0,1.0,0.0,0.3333333333333333,0.14285714285714285,1.0
Shahid Bhagat Singh Nagar,Punjab,2024-10-07,1,2024,10,7,7,26.59,66.45,1.38,0.0,0.0,0.0,0.0,0.0,0.14285714285714285,0.0
Shahid Bhagat Singh Nagar,Punjab,2024-10-08,0,2024,10,8,8,26.09,66.02,1.22,0.0,1.0,0.0,0.0,0.3333333333333333,0.2857142857142857,1.0
Shahid Bhagat Singh Nagar,Punjab,2024-10-09,1,2024,10,9,9,25.45,70.01,1.74,0.0,0.0,0.0,0.0,0.3333333333333333,0.2857142857142857,0.0
Shahid Bhagat Singh Nagar,Punjab,2024-10-10,0,2024,10,10,10,25.19,63.88,1.59,0.0,1.0,1.0,1.0,0.6666666666666666,0.42857142857142855,0.0
Shahid Bhagat Singh Nagar,Punjab,2024-10-11,0,2024,10,11,11,25.53,58.81,1.74,0.0,0.0,0.0,0.0,0.3333333333333333,0.2857142857142857,2.0
Shahid Bhagat Singh Nagar,Punjab,2024-10-12,2,2024,10,12,12,26.24,53.85,1.14,0.0,0.0,1.0,0.0,0.3333333333333333,0.2857142857142857,0.0
Shahid Bhagat Singh Nagar,Punjab,2024-10-13,0,2024,10,13,13,26.11,49.11,1.07,0.0,2.0,0.0,0.0,0.6666666666666666,0.5714285714285714,0.0
Shahid Bhagat Singh Nagar,Punjab,2024-10-14,0,2024,10,14,14,25.13,50.01,1.41,0.03,0.0,0.0,1.0,0.6666666666666666,0.5714285714285714,1.0
Shahid Bhagat Singh Nagar,Punjab,2024-10-15,1,2024,10,15,15,25.46,53.18,1.67,0.01,0.0,2.0,0.0,0.6666666666666666,0.42857142857142855,0.0
Shahid Bhagat Singh Nagar,Punjab,2024-10-16,0,2024,10,16,16,25.91,55.59,1.27,0.0,1.0,0.0,1.0,0.3333333333333333,0.5714285714285714,3.0
Shahid Bhagat Singh Nagar,Punjab,2024-10-17,3,2024,10,17,17,25.81,55.43,1.31,0.0,0.0,0.0,0.0,0.3333333333333333,0.42857142857142855,1.0
Shahid Bhagat Singh Nagar,Punjab,2024-10-18,1,2024,10,18,18,26.29,51.5,1.39,0.0,3.0,1.0,0.0,1.3333333333333333,0.8571428571428571,0.0
Shahid Bhagat Singh Nagar,Punjab,2024-10-19,0,2024,10,19,19,25.16,55.35,1.51,0.0,1.0,0.0,2.0,1.3333333333333333,1.0,1.0
Shahid Bhagat Singh Nagar,Punjab,2024-10-20,1,2024,10,20,20,25.49,54.98,1.36,0.0,0.0,3.0,0.0,1.3333333333333333,0.7142857142857143,0.0
Shahid Bhagat Singh Nagar,Punjab,2024-10-21,0,2024,10,21,21,25.06,60.8,1.27,0.0,1.0,1.0,0.0,0.6666666666666666,0.8571428571428571,0.0
Shahid Bhagat Singh Nagar,Punjab,2024-10-22,0,2024,10,22,22,24.76,64.79,1.29,0.0,0.0,0.0,1.0,0.3333333333333333,0.8571428571428571,4.0
Shahid Bhagat Singh Nagar,Punjab,2024-10-23,4,2024,10,23,23,25.57,58.01,2.13,0.0,0.0,1.0,0.0,0.3333333333333333,0.7142857142857143,1.0
Shahid Bhagat Singh Nagar,Punjab,2024-10-24,1,2024,10,24,24,24.83,56.24,1.77,0.0,4.0,0.0,3.0,1.3333333333333333,1.2857142857142858,1.0
Shahid Bhagat Singh Nagar,Punjab,2024-10-25,1,2024,10,25,25,25.39,52.42,1.61,0.0,1.0,0.0,1.0,1.6666666666666667,1.0,1.0
Shahid Bhagat Singh Nagar,Punjab,2024-10-26,1,2024,10,26,26,24.72,52.88,1.47,0.0,1.0,4.0,0.0,2.0,1.0,0.0
Shahid Bhagat Singh Nagar,Punjab,2024-10-27,0,2024,10,27,27,25.23,54.04,1.38,0.0,1.0,1.0,1.0,1.0,1.1428571428571428,3.0
Shahid Bhagat Singh Nagar,Punjab,2024-10-28,3,2024,10,28,28,25.25,67.94,1.81,0.0,0.0,1.0,0.0,0.6666666666666666,1.0,2.0
Shahid Bhagat Singh Nagar,Punjab,2024-10-29,2,2024,10,29,29,27.12,61.0,1.09,0.0,3.0,1.0,0.0,1.3333333333333333,1.4285714285714286,0.0
Shahid Bhagat Singh Nagar,Punjab,2024-10-30,0,2024,10,30,30,26.63,55.22,1.49,0.0,2.0,0.0,4.0,1.6666666666666667,1.7142857142857142,5.0
Shahid Bhagat Singh Nagar,Punjab,2024-10-31,5,2024,10,31,31,25.32,50.62,2.1,0.0,0.0,3.0,1.0,1.6666666666666667,1.1428571428571428,14.0
Shahid Bhagat Singh Nagar,Punjab,2024-11-01,14,2024,11,1,32,24.47,46.21,1.56,0.0,5.0,2.0,1.0,2.3333333333333335,1.7142857142857142,6.0
Shahid Bhagat Singh Nagar,Punjab,2024-11-02,6,2024,11,2,33,25.3,36.11,0.93,0.0,14.0,0.0,1.0,6.333333333333333,3.5714285714285716,2.0
Shahid Bhagat Singh Nagar,Punjab,2024-11-03,2,2024,11,3,34,23.65,43.73,1.18,0.0,6.0,5.0,0.0,8.333333333333334,4.285714285714286,3.0
Shahid Bhagat Singh Nagar,Punjab,2024-11-04,3,2024,11,4,35,24.38,44.42,1.08,0.0,2.0,14.0,3.0,7.333333333333333,4.571428571428571,5.0
Shahid Bhagat Singh Nagar,Punjab,2024-11-05,5,2024,11,5,36,23.64,52.67,1.5,0.0,3.0,6.0,2.0,3.6666666666666665,4.571428571428571,1.0
Shahid Bhagat Singh Nagar,Punjab,2024-11-06,1,2024,11,6,37,23.77,55.3,1.33,0.0,5.0,2.0,0.0,3.3333333333333335,5.0,5.0
Shahid Bhagat Singh Nagar,Punjab,2024-11-07,5,2024,11,7,38,24.14,56.32,1.14,0.0,1.0,3.0,5.0,3.0,5.142857142857143,0.0
Shahid Bhagat Singh Nagar,Punjab,2024-11-08,0,2024,11,8,39,24.38,57.25,1.16,0.0,5.0,5.0,14.0,3.6666666666666665,5.142857142857143,3.0
Shahid Bhagat Singh Nagar,Punjab,2024-11-09,3,2024,11,9,40,23.78,63.35,1.31,0.0,0.0,1.0,6.0,2.0,3.142857142857143,4.0
Shahid Bhagat Singh Nagar,Punjab,2024-11-10,4,2024,11,10,41,24.06,62.86,0.92,0.0,3.0,5.0,2.0,2.6666666666666665,2.7142857142857144,0.0
Shahid Bhagat Singh Nagar,Punjab,2024-11-11,0,2024,11,11,42,24.01,62.41,1.11,0.0,4.0,0.0,3.0,2.3333333333333335,3.0,1.0
Shahid Bhagat Singh Nagar,Punjab,2024-11-12,1,2024,11,12,43,22.95,61.45,1.31,0.0,0.0,3.0,5.0,2.3333333333333335,2.5714285714285716,0.0
Shahid Bhagat Singh Nagar,Punjab,2024-11-13,0,2024,11,13,44,22.55,51.96,1.21,0.0,1.0,4.0,1.0,1.6666666666666667,2.0,4.0
Shahid Bhagat Singh Nagar,Punjab,2024-11-14,4,2024,11,14,45,20.69,53.52,1.21,0.0,0.0,0.0,5.0,0.3333333333333333,1.8571428571428572,0.0
Shahid Bhagat Singh Nagar,Punjab,2024-11-15,0,2024,11,15,46,21.22,52.85,1.34,0.0,4.0,1.0,0.0,1.6666666666666667,1.7142857142857142,0.0
Shahid Bhagat Singh Nagar,Punjab,2024-11-16,0,2024,11,16,47,20.43,54.12,1.39,0.0,0.0,0.0,3.0,1.3333333333333333,1.7142857142857142,1.0
Shahid Bhagat Singh Nagar,Punjab,2024-11-17,1,2024,11,17,48,19.93,48.14,1.5,0.0,0.0,4.0,4.0,1.3333333333333333,1.2857142857142858,8.0
Shahid Bhagat Singh Nagar,Punjab,2024-11-18,8,2024,11,18,49,19.62,48.75,1.16,0.0,1.0,0.0,0.0,0.3333333333333333,0.8571428571428571,4.0
Shahid Bhagat Singh Nagar,Punjab,2024-11-19,4,2024,11,19,50,19.41,46.7,1.29,0.0,8.0,0.0,1.0,3.0,2.0,3.0
Shahid Bhagat Singh Nagar,Punjab,2024-11-20,3,2024,11,20,51,19.18,44.01,1.36,0.0,4.0,1.0,0.0,4.333333333333333,2.4285714285714284,2.0
Shahid Bhagat Singh Nagar,Punjab,2024-11-21,2,2024,11,21,52,19.03,42.39,1.42,0.0,3.0,8.0,4.0,5.0,2.857142857142857,0.0
Shahid Bhagat Singh Nagar,Punjab,2024-11-22,0,2024,11,22,53,19.27,41.83,1.27,0.0,2.0,4.0,0.0,3.0,2.5714285714285716,1.0
Shahid Bhagat Singh Nagar,Punjab,2024-11-23,1,2024,11,23,54,18.59,46.83,1.16,0.0,0.0,3.0,0.0,1.6666666666666667,2.5714285714285716,4.0
Shahid Bhagat Singh Nagar,Punjab,2024-11-24,4,2024,11,24,55,19.41,47.34,1.5,0.0,1.0,2.0,1.0,1.0,2.7142857142857144,1.0
Shahid Bhagat Singh Nagar,Punjab,2024-11-25,1,2024,11,25,56,18.04,52.51,1.65,0.0,4.0,0.0,8.0,1.6666666666666667,3.142857142857143,2.0
Shahid Bhagat Singh Nagar,Punjab,2024-11-26,2,2024,11,26,57,17.93,47.29,1.42,0.0,1.0,1.0,4.0,2.0,2.142857142857143,0.0
Shahid Bhagat Singh Nagar,Punjab,2024-11-27,0,2024,11,27,58,17.75,45.59,1.3,0.0,2.0,4.0,3.0,2.3333333333333335,1.8571428571428572,0.0
Shahid Bhagat Singh Nagar,Punjab,2024-11-28,0,2024,11,28,59,17.9,43.56,1.53,0.0,0.0,1.0,2.0,1.0,1.4285714285714286,2.0
Shahid Bhagat Singh Nagar,Punjab,2024-11-29,2,2024,11,29,60,18.09,42.25,1.36,0.0,0.0,2.0,0.0,0.6666666666666666,1.1428571428571428,0.0
Shahid Bhagat Singh Nagar,Punjab,2024-11-30,0,2024,11,30,61,17.25,42.97,1.5,0.0,2.0,0.0,1.0,0.6666666666666666,1.4285714285714286,2.0
Shahid Bhagat Singh Nagar,Punjab,2025-10-01,2,2025,10,1,1,27.24,78.67,1.08,0.05,0.0,0.0,4.0,0.6666666666666666,1.2857142857142858,0.0
Shahid Bhagat Singh Nagar,Punjab,2025-10-02,0,2025,10,2,2,27.67,78.6,0.97,0.74,2.0,2.0,1.0,1.3333333333333333,1.0,0.0
Shahid Bhagat Singh Nagar,Punjab,2025-10-03,0,2025,10,3,3,26.11,86.26,1.37,0.88,0.0,0.0,2.0,0.6666666666666666,0.8571428571428571,2.0
Shahid Bhagat Singh Nagar,Punjab,2025-10-04,2,2025,10,4,4,26.36,82.97,1.4,0.37,0.0,2.0,0.0,0.6666666666666666,0.5714285714285714,0.0
Shahid Bhagat Singh Nagar,Punjab,2025-10-05,0,2025,10,5,5,26.41,72.26,0.79,4.75,2.0,0.0,0.0,0.6666666666666666,0.8571428571428571,0.0
Shahid Bhagat Singh Nagar,Punjab,2025-10-06,0,2025,10,6,6,22.98,83.4,1.91,13.89,0.0,0.0,2.0,0.6666666666666666,0.8571428571428571,0.0
Shahid Bhagat Singh Nagar,Punjab,2025-10-07,0,2025,10,7,7,21.81,84.2,2.11,19.35,0.0,2.0,0.0,0.6666666666666666,0.5714285714285714,0.0
Shahid Bhagat Singh Nagar,Punjab,2025-10-08,0,2025,10,8,8,22.09,85.73,1.3,14.9,0.0,0.0,2.0,0.0,0.5714285714285714,0.0
Shahid Bhagat Singh Nagar,Punjab,2025-10-09,0,2025,10,9,9,21.98,82.76,1.22,0.17,0.0,0.0,0.0,0.0,0.2857142857142857,0.0
Shahid Bhagat Singh Nagar,Punjab,2025-10-10,0,2025,10,10,10,22.53,78.07,1.31,0.05,0.0,0.0,0.0,0.0,0.2857142857142857,0.0
Shahid Bhagat Singh Nagar,Punjab,2025-10-11,0,2025,10,11,11,22.79,79.4,1.47,0.0,0.0,0.0,2.0,0.0,0.2857142857142857,0.0
Shahid Bhagat Singh Nagar,Punjab,2025-10-12,0,2025,10,12,12,22.68,77.01,1.29,0.0,0.0,0.0,0.0,0.0,0.0,0.0
Shahid Bhagat Singh Nagar,Punjab,2025-10-13,0,2025,10,13,13,22.96,71.27,1.37,0.0,0.0,0.0,0.0,0.0,0.0,1.0
Shahid Bhagat Singh Nagar,Punjab,2025-10-14,1,2025,10,14,14,23.1,69.29,1.25,0.0,0.0,0.0,0.0,0.0,0.0,0.0
Shahid Bhagat Singh Nagar,Punjab,2025-10-15,0,2025,10,15,15,23.78,70.24,1.01,0.0,1.0,0.0,0.0,0.3333333333333333,0.14285714285714285,0.0
Shahid Bhagat Singh Nagar,Punjab,2025-10-16,0,2025,10,16,16,23.98,77.0,1.26,0.0,0.0,0.0,0.0,0.3333333333333333,0.14285714285714285,1.0
Shahid Bhagat Singh Nagar,Punjab,2025-10-17,1,2025,10,17,17,23.89,77.65,1.21,0.0,0.0,1.0,0.0,0.3333333333333333,0.14285714285714285,0.0
Shahid Bhagat Singh Nagar,Punjab,2025-10-18,0,2025,10,18,18,24.11,76.03,1.11,0.0,1.0,0.0,0.0,0.3333333333333333,0.2857142857142857,0.0
Shahid Bhagat Singh Nagar,Punjab,2025-10-19,0,2025,10,19,19,24.67,68.85,1.1,0.0,0.0,0.0,0.0,0.3333333333333333,0.2857142857142857,0.0
Shahid Bhagat Singh Nagar,Punjab,2025-10-20,0,2025,10,20,20,24.04,65.47,1.05,0.0,0.0,1.0,0.0,0.3333333333333333,0.2857142857142857,5.0
Shahid Bhagat Singh Nagar,Punjab,2025-10-21,5,2025,10,21,21,23.75,63.0,1.27,0.05,0.0,0.0,1.0,0.0,0.2857142857142857,3.0
Shahid Bhagat Singh Nagar,Punjab,2025-10-22,3,2025,10,22,22,23.68,62.2,1.23,0.18,5.0,0.0,0.0,1.6666666666666667,0.8571428571428571,0.0
Shahid Bhagat Singh Nagar,Punjab,2025-10-23,0,2025,10,23,23,23.74,62.42,1.05,2.49,3.0,0.0,0.0,2.6666666666666665,1.2857142857142858,0.0
Shahid Bhagat Singh Nagar,Punjab,2025-10-24,0,2025,10,24,24,23.87,66.81,1.0,0.24,0.0,5.0,1.0,2.6666666666666665,1.2857142857142858,0.0
Shahid Bhagat Singh Nagar,Punjab,2025-10-25,0,2025,10,25,25,22.87,69.54,1.12,0.0,0.0,3.0,0.0,1.0,1.1428571428571428,1.0
Shahid Bhagat Singh Nagar,Punjab,2025-10-26,1,2025,10,26,26,22.91,68.91,1.2,0.0,0.0,0.0,0.0,0.0,1.1428571428571428,3.0
Shahid Bhagat Singh Nagar,Punjab,2025-10-27,3,2025,10,27,27,23.39,64.93,1.07,0.0,1.0,0.0,0.0,0.3333333333333333,1.2857142857142858,0.0
Shahid Bhagat Singh Nagar,Punjab,2025-10-28,0,2025,10,28,28,21.99,70.14,1.1,0.0,3.0,0.0,5.0,1.3333333333333333,1.7142857142857142,1.0
Shahid Bhagat Singh Nagar,Punjab,2025-10-29,1,2025,10,29,29,22.28,72.97,1.29,0.0,0.0,1.0,3.0,1.3333333333333333,1.0,0.0
Shahid Bhagat Singh Nagar,Punjab,2025-10-30,0,2025,10,30,30,24.19,69.46,0.88,0.0,1.0,3.0,0.0,1.3333333333333333,0.7142857142857143,1.0
Shahid Bhagat Singh Nagar,Punjab,2025-10-31,1,2025,10,31,31,22.64,77.97,1.45,0.0,0.0,0.0,0.0,0.3333333333333333,0.7142857142857143,6.0
Shahid Bhagat Singh Nagar,Punjab,2025-11-01,6,2025,11,1,32,22.2,68.43,1.47,0.0,1.0,1.0,0.0,0.6666666666666666,0.8571428571428571,9.0
Shahid Bhagat Singh Nagar,Punjab,2025-11-02,9,2025,11,2,33,21.28,66.95,1.6,0.0,6.0,0.0,1.0,2.3333333333333335,1.7142857142857142,3.0
Shahid Bhagat Singh Nagar,Punjab,2025-11-03,3,2025,11,3,34,21.02,63.26,1.51,0.0,9.0,1.0,3.0,5.333333333333333,2.857142857142857,3.0
Shahid Bhagat Singh Nagar,Punjab,2025-11-04,3,2025,11,4,35,20.45,63.7,1.94,0.02,3.0,6.0,0.0,6.0,2.857142857142857,1.0
Shahid Bhagat Singh Nagar,Punjab,2025-11-05,1,2025,11,5,36,20.33,66.49,1.74,0.65,3.0,9.0,1.0,5.0,3.2857142857142856,4.0
Shahid Bhagat Singh Nagar,Punjab,2025-11-06,4,2025,11,6,37,17.98,65.52,1.81,0.0,1.0,3.0,0.0,2.3333333333333335,3.2857142857142856,3.0
Shahid Bhagat Singh Nagar,Punjab,2025-11-07,3,2025,11,7,38,17.8,55.4,1.53,0.0,4.0,3.0,1.0,2.6666666666666665,3.857142857142857,4.0
Shahid Bhagat Singh Nagar,Punjab,2025-11-08,4,2025,11,8,39,18.26,53.32,1.33,0.0,3.0,1.0,6.0,2.6666666666666665,4.142857142857143,0.0
Shahid Bhagat Singh Nagar,Punjab,2025-11-09,0,2025,11,9,40,17.86,58.11,1.55,0.0,4.0,4.0,9.0,3.6666666666666665,3.857142857142857,0.0
Shahid Bhagat Singh Nagar,Punjab,2025-11-10,0,2025,11,10,41,18.37,55.67,1.29,0.0,0.0,3.0,3.0,2.3333333333333335,2.5714285714285716,1.0
Shahid Bhagat Singh Nagar,Punjab,2025-11-11,1,2025,11,11,42,17.89,57.65,1.52,0.0,0.0,4.0,3.0,1.3333333333333333,2.142857142857143,3.0
Shahid Bhagat Singh Nagar,Punjab,2025-11-12,3,2025,11,12,43,17.14,58.33,1.68,0.0,1.0,0.0,1.0,0.3333333333333333,1.8571428571428572,3.0
Shahid Bhagat Singh Nagar,Punjab,2025-11-13,3,2025,11,13,44,17.46,57.32,1.51,0.0,3.0,0.0,4.0,1.3333333333333333,2.142857142857143,0.0
Shahid Bhagat Singh Nagar,Punjab,2025-11-14,0,2025,11,14,45,17.27,54.4,1.4,0.0,3.0,1.0,3.0,2.3333333333333335,2.0,2.0
Shahid Bhagat Singh Nagar,Punjab,2025-11-15,2,2025,11,15,46,17.04,53.6,1.55,0.0,0.0,3.0,4.0,2.0,1.5714285714285714,2.0
Shahid Bhagat Singh Nagar,Punjab,2025-11-16,2,2025,11,16,47,17.0,55.35,1.6,0.0,2.0,3.0,0.0,1.6666666666666667,1.2857142857142858,0.0
Shahid Bhagat Singh Nagar,Punjab,2025-11-17,0,2025,11,17,48,17.6,52.51,1.18,0.0,2.0,0.0,0.0,1.3333333333333333,1.5714285714285714,0.0
Shahid Bhagat Singh Nagar,Punjab,2025-11-18,0,2025,11,18,49,17.42,56.85,1.31,0.0,0.0,2.0,1.0,1.3333333333333333,1.5714285714285714,3.0
Shahid Bhagat Singh Nagar,Punjab,2025-11-19,3,2025,11,19,50,18.65,55.31,1.13,0.0,0.0,2.0,3.0,0.6666666666666666,1.4285714285714286,0.0
Shahid Bhagat Singh Nagar,Punjab,2025-11-20,0,2025,11,20,51,18.39,56.39,1.04,0.0,3.0,0.0,3.0,1.0,1.4285714285714286,0.0
Shahid Bhagat Singh Nagar,Punjab,2025-11-21,0,2025,11,21,52,17.57,56.14,1.21,0.0,0.0,0.0,0.0,1.0,1.0,0.0
Shahid Bhagat Singh Nagar,Punjab,2025-11-22,0,2025,11,22,53,17.29,59.81,1.24,0.0,0.0,3.0,2.0,1.0,1.0,0.0
Shahid Bhagat Singh Nagar,Punjab,2025-11-23,0,2025,11,23,54,16.89,58.52,1.13,0.0,0.0,0.0,2.0,0.0,0.7142857142857143,0.0
Shahid Bhagat Singh Nagar,Punjab,2025-11-24,0,2025,11,24,55,15.94,58.07,1.42,0.0,0.0,0.0,0.0,0.0,0.42857142857142855,0.0
Shahid Bhagat Singh Nagar,Punjab,2025-11-25,0,2025,11,25,56,15.89,57.11,1.33,0.0,0.0,0.0,0.0,0.0,0.42857142857142855,0.0
Shahid Bhagat Singh Nagar,Punjab,2025-11-26,0,2025,11,26,57,16.21,55.25,1.36,0.0,0.0,0.0,3.0,0.0,0.42857142857142855,0.0
Shahid Bhagat Singh Nagar,Punjab,2025-11-27,0,2025,11,27,58,16.44,55.78,1.17,0.0,0.0,0.0,0.0,0.0,0.0,0.0
Shahid Bhagat Singh Nagar,Punjab,2025-11-28,0,2025,11,28,59,16.52,54.81,1.21,0.0,0.0,0.0,0.0,0.0,0.0,0.0
Shahid Bhagat Singh Nagar,Punjab,2025-11-29,0,2025,11,29,60,15.22,55.46,1.41,0.0,0.0,0.0,0.0,0.0,0.0,0.0
Sirsa,Haryana,2023-10-08,4,2023,10,8,8,30.35,48.82,1.6,0.0,0.0,3.0,0.0,1.6666666666666667,1.0,0.0
Sirsa,Haryana,2023-10-09,0,2023,10,9,9,30.29,46.54,1.65,0.53,4.0,2.0,0.0,2.0,1.5714285714285714,0.0
Sirsa,Haryana,2023-10-10,0,2023,10,10,10,28.16,47.64,1.09,1.78,0.0,0.0,1.0,1.3333333333333333,1.5714285714285714,3.0
Sirsa,Haryana,2023-10-11,3,2023,10,11,11,26.66,50.24,1.4,0.0,0.0,4.0,1.0,1.3333333333333333,1.4285714285714286,3.0
Sirsa,Haryana,2023-10-12,3,2023,10,12,12,26.75,40.18,1.53,0.0,3.0,0.0,3.0,1.0,1.7142857142857142,9.0
Sirsa,Haryana,2023-10-13,9,2023,10,13,13,28.31,42.01,1.51,0.0,3.0,0.0,2.0,2.0,1.7142857142857142,4.0
Sirsa,Haryana,2023-10-14,4,2023,10,14,14,28.28,40.63,1.63,0.0,9.0,3.0,0.0,5.0,2.7142857142857144,6.0
Sirsa,Haryana,2023-10-15,6,2023,10,15,15,26.01,54.82,1.36,5.48,4.0,3.0,4.0,5.333333333333333,3.2857142857142856,0.0
Sirsa,Haryana,2023-10-16,0,2023,10,16,16,23.96,70.2,2.29,94.04,6.0,9.0,0.0,6.333333333333333,3.5714285714285716,0.0
Sirsa,Haryana,2023-10-17,0,2023,10,17,17,22.64,78.32,2.38,4.28,0.0,4.0,0.0,3.3333333333333335,3.5714285714285716,2.0
Sirsa,Haryana,2023-10-18,2,2023,10,18,18,22.12,70.25,1.58,0.0,0.0,6.0,3.0,2.0,3.5714285714285716,1.0
Sirsa,Haryana,2023-10-19,1,2023,10,19,19,23.08,61.18,1.11,0.0,2.0,0.0,3.0,0.6666666666666666,3.4285714285714284,11.0
Sirsa,Haryana,2023-10-20,11,2023,10,20,20,23.17,59.98,0.93,0.0,1.0,0.0,9.0,1.0,3.142857142857143,2.0
Sirsa,Haryana,2023-10-21,2,2023,10,21,21,23.39,58.92,1.15,0.0,11.0,2.0,4.0,4.666666666666667,3.4285714285714284,4.0
Sirsa,Haryana,2023-10-22,4,2023,10,22,22,23.12,59.6,1.32,1.23,2.0,1.0,6.0,4.666666666666667,3.142857142857143,1.0
Sirsa,Haryana,2023-10-23,1,2023,10,23,23,22.84,63.99,1.2,0.03,4.0,11.0,0.0,5.666666666666667,2.857142857142857,10.0
Sirsa,Haryana,2023-10-24,10,2023,10,24,24,23.66,61.93,1.17,0.0,1.0,2.0,0.0,2.3333333333333335,3.0,4.0
Sirsa,Haryana,2023-10-25,4,2023,10,25,25,23.75,57.21,1.34,0.0,10.0,4.0,2.0,5.0,4.428571428571429,16.0
Sirsa,Haryana,2023-10-26,16,2023,10,26,26,24.27,46.77,1.06,0.0,4.0,1.0,1.0,5.0,4.714285714285714,14.0
Sirsa,Haryana,2023-10-27,14,2023,10,27,27,24.27,45.23,1.2,0.0,16.0,10.0,11.0,10.0,6.857142857142857,6.0
Sirsa,Haryana,2023-10-28,6,2023,10,28,28,23.86,51.88,1.3,0.0,14.0,4.0,2.0,11.333333333333334,7.285714285714286,19.0
Sirsa,Haryana,2023-10-29,19,2023,10,29,29,24.59,54.31,1.3,0.0,6.0,16.0,4.0,12.0,7.857142857142857,14.0
Sirsa,Haryana,2023-10-30,14,2023,10,30,30,23.91,56.96,1.47,0.0,19.0,14.0,1.0,13.0,10.0,11.0
Sirsa,Haryana,2023-10-31,11,2023,10,31,31,23.25,59.51,1.38,0.0,14.0,6.0,10.0,13.0,11.857142857142858,6.0
Sirsa,Haryana,2023-11-01,6,2023,11,1,32,23.23,57.66,1.34,0.0,11.0,19.0,4.0,14.666666666666666,12.0,8.0
Sirsa,Haryana,2023-11-02,8,2023,11,2,33,22.86,60.52,1.11,0.0,6.0,14.0,16.0,10.333333333333334,12.285714285714286,11.0
Sirsa,Haryana,2023-11-03,11,2023,11,3,34,23.11,62.93,1.07,0.0,8.0,11.0,14.0,8.333333333333334,11.142857142857142,8.0
Sirsa,Haryana,2023-11-04,8,2023,11,4,35,22.44,66.17,1.3,0.0,11.0,6.0,6.0,8.333333333333334,10.714285714285714,27.0
Sirsa,Haryana,2023-11-05,27,2023,11,5,36,22.37,54.03,1.26,0.0,8.0,8.0,19.0,9.0,11.0,17.0
Sirsa,Haryana,2023-11-06,17,2023,11,6,37,21.14,54.79,1.74,0.0,27.0,11.0,14.0,15.333333333333334,12.142857142857142,9.0
Sirsa,Haryana,2023-11-07,9,2023,11,7,38,21.2,57.98,1.47,0.0,17.0,8.0,11.0,17.333333333333332,12.571428571428571,12.0
Sirsa,Haryana,2023-11-08,12,2023,11,8,39,22.16,64.28,1.06,0.0,9.0,27.0,6.0,17.666666666666668,12.285714285714286,8.0
Sirsa,Haryana,2023-11-09,8,2023,11,9,40,23.38,54.98,1.08,0.0,12.0,17.0,8.0,12.666666666666666,13.142857142857142,1.0
Sirsa,Haryana,2023-11-10,1,2023,11,10,41,21.1,63.64,1.72,2.48,8.0,9.0,11.0,9.666666666666666,13.142857142857142,13.0
Sirsa,Haryana,2023-11-11,13,2023,11,11,42,18.99,70.44,1.49,0.0,1.0,12.0,8.0,7.0,11.714285714285714,60.0
Sirsa,Haryana,2023-11-12,60,2023,11,12,43,19.8,63.09,1.14,0.0,13.0,8.0,27.0,7.333333333333333,12.428571428571429,33.0
Sirsa,Haryana,2023-11-13,33,2023,11,13,44,19.4,57.23,1.21,0.0,60.0,1.0,17.0,24.666666666666668,17.142857142857142,9.0
Sirsa,Haryana,2023-11-14,9,2023,11,14,45,18.93,54.01,1.25,0.0,33.0,13.0,9.0,35.333333333333336,19.428571428571427,19.0
Sirsa,Haryana,2023-11-15,19,2023,11,15,46,19.04,51.29,1.27,0.0,9.0,60.0,12.0,34.0,19.428571428571427,20.0
Sirsa,Haryana,2023-11-16,20,2023,11,16,47,18.9,51.59,0.88,0.0,19.0,33.0,8.0,20.333333333333332,20.428571428571427,9.0
Sirsa,Haryana,2023-11-17,9,2023,11,17,48,19.19,59.05,1.51,0.0,20.0,9.0,1.0,16.0,22.142857142857142,8.0
Sirsa,Haryana,2023-11-18,8,2023,11,18,49,19.27,55.86,1.29,0.0,9.0,19.0,13.0,16.0,23.285714285714285,23.0
Sirsa,Haryana,2023-11-19,23,2023,11,19,50,19.3,57.37,1.36,0.0,8.0,20.0,60.0,12.333333333333334,22.571428571428573,6.0
Sirsa,Haryana,2023-11-20,6,2023,11,20,51,18.79,59.28,1.2,0.0,23.0,9.0,33.0,13.333333333333334,17.285714285714285,18.0
Sirsa,Haryana,2023-11-21,18,2023,11,21,52,18.07,57.85,1.38,0.0,6.0,8.0,9.0,12.333333333333334,13.428571428571429,19.0
Sirsa,Haryana,2023-11-22,19,2023,11,22,53,18.33,47.64,1.28,0.0,18.0,23.0,19.0,15.666666666666666,14.714285714285714,5.0
Sirsa,Haryana,2023-11-23,5,2023,11,23,54,18.48,45.64,1.42,0.0,19.0,6.0,20.0,14.333333333333334,14.714285714285714,13.0
Sirsa,Haryana,2023-11-24,13,2023,11,24,55,17.32,50.25,1.47,0.0,5.0,18.0,9.0,14.0,12.571428571428571,2.0
Sirsa,Haryana,2023-11-25,2,2023,11,25,56,16.22,58.64,0.87,0.0,13.0,19.0,8.0,12.333333333333334,13.142857142857142,0.0
Sirsa,Haryana,2023-11-26,0,2023,11,26,57,15.74,60.76,1.94,0.0,2.0,5.0,23.0,6.666666666666667,12.285714285714286,0.0
Sirsa,Haryana,2023-11-27,0,2023,11,27,58,16.22,64.55,1.84,0.35,0.0,13.0,6.0,5.0,9.0,2.0
Sirsa,Haryana,2023-11-28,2,2023,11,28,59,17.1,58.35,1.84,0.1,0.0,2.0,18.0,0.6666666666666666,8.142857142857142,3.0
Sirsa,Haryana,2023-11-29,3,2023,11,29,60,19.03,55.47,1.08,0.02,2.0,0.0,19.0,0.6666666666666666,5.857142857142857,4.0
Sirsa,Haryana,2023-11-30,4,2023,11,30,61,19.09,60.96,1.17,1.92,3.0,0.0,5.0,1.6666666666666667,3.5714285714285716,0.0
Sirsa,Haryana,2024-10-01,0,2024,10,1,1,31.4,53.77,1.64,0.0,4.0,2.0,13.0,3.0,3.4285714285714284,1.0
Sirsa,Haryana,2024-10-02,1,2024,10,2,2,30.82,50.3,1.87,0.0,0.0,3.0,2.0,2.3333333333333335,1.5714285714285714,10.0
Sirsa,Haryana,2024-10-03,10,2024,10,3,3,31.0,40.45,1.18,0.0,1.0,4.0,0.0,1.6666666666666667,1.4285714285714286,0.0
Sirsa,Haryana,2024-10-04,0,2024,10,4,4,30.71,48.29,1.66,0.01,10.0,0.0,0.0,3.6666666666666665,2.857142857142857,1.0
Sirsa,Haryana,2024-10-05,1,2024,10,5,5,30.23,55.06,2.04,1.36,0.0,1.0,2.0,3.6666666666666665,2.857142857142857,1.0
Sirsa,Haryana,2024-10-06,1,2024,10,6,6,29.38,51.96,1.05,0.16,1.0,10.0,3.0,3.6666666666666665,2.7142857142857144,5.0
Sirsa,Haryana,2024-10-07,5,2024,10,7,7,28.76,53.32,0.98,0.0,1.0,0.0,4.0,0.6666666666666666,2.4285714285714284,1.0
Sirsa,Haryana,2024-10-08,1,2024,10,8,8,28.45,54.88,1.2,0.0,5.0,1.0,0.0,2.3333333333333335,2.5714285714285716,2.0
Sirsa,Haryana,2024-10-09,2,2024,10,9,9,28.47,56.4,1.08,0.19,1.0,1.0,1.0,2.3333333333333335,2.7142857142857144,4.0
Sirsa,Haryana,2024-10-10,4,2024,10,10,10,28.75,46.73,1.05,0.06,2.0,5.0,10.0,2.6666666666666665,2.857142857142857,2.0
Sirsa,Haryana,2024-10-11,2,2024,10,11,11,28.72,38.08,1.16,0.0,4.0,1.0,0.0,2.3333333333333335,2.0,3.0
Sirsa,Haryana,2024-10-12,3,2024,10,12,12,28.31,38.08,1.25,0.0,2.0,2.0,1.0,2.6666666666666665,2.2857142857142856,4.0
Sirsa,Haryana,2024-10-13,4,2024,10,13,13,27.51,40.63,1.17,0.0,3.0,4.0,1.0,3.0,2.5714285714285716,3.0
Sirsa,Haryana,2024-10-14,3,2024,10,14,14,27.62,52.16,1.59,0.0,4.0,2.0,5.0,3.0,3.0,0.0
Sirsa,Haryana,2024-10-15,0,2024,10,15,15,28.65,35.61,1.25,0.0,3.0,3.0,1.0,3.3333333333333335,2.7142857142857144,1.0
Sirsa,Haryana,2024-10-16,1,2024,10,16,16,28.52,31.99,1.52,0.0,0.0,4.0,2.0,2.3333333333333335,2.5714285714285716,3.0
Sirsa,Haryana,2024-10-17,3,2024,10,17,17,30.12,29.51,0.85,0.0,1.0,3.0,4.0,1.3333333333333333,2.4285714285714284,1.0
Sirsa,Haryana,2024-10-18,1,2024,10,18,18,29.12,35.83,1.08,0.0,3.0,0.0,2.0,1.3333333333333333,2.2857142857142856,12.0
Sirsa,Haryana,2024-10-19,12,2024,10,19,19,29.03,36.01,1.2,0.0,1.0,1.0,3.0,1.6666666666666667,2.142857142857143,2.0
Sirsa,Haryana,2024-10-20,2,2024,10,20,20,27.45,38.72,1.27,0.0,12.0,3.0,4.0,5.333333333333333,3.4285714285714284,0.0
Sirsa,Haryana,2024-10-21,0,2024,10,21,21,27.48,46.63,1.12,0.0,2.0,1.0,3.0,5.0,3.142857142857143,0.0
Sirsa,Haryana,2024-10-22,0,2024,10,22,22,28.19,45.42,0.85,0.0,0.0,12.0,0.0,4.666666666666667,2.7142857142857144,12.0
Sirsa,Haryana,2024-10-23,12,2024,10,23,23,28.01,35.49,1.2,0.0,0.0,2.0,1.0,0.6666666666666666,2.7142857142857144,0.0
Sirsa,Haryana,2024-10-24,0,2024,10,24,24,26.95,45.31,1.9,0.0,12.0,0.0,3.0,4.0,4.285714285714286,2.0
Sirsa,Haryana,2024-10-25,2,2024,10,25,25,28.0,40.14,1.75,0.0,0.0,0.0,1.0,4.0,3.857142857142857,0.0
Sirsa,Haryana,2024-10-26,0,2024,10,26,26,28.73,32.39,1.52,0.0,2.0,12.0,12.0,4.666666666666667,4.0,9.0
Sirsa,Haryana,2024-10-27,9,2024,10,27,27,28.12,34.71,1.21,0.0,0.0,0.0,2.0,0.6666666666666666,2.2857142857142856,7.0
Sirsa,Haryana,2024-10-28,7,2024,10,28,28,28.23,46.09,1.68,0.0,9.0,2.0,0.0,3.6666666666666665,3.2857142857142856,3.0
Sirsa,Haryana,2024-10-29,3,2024,10,29,29,29.01,49.68,1.18,0.0,7.0,0.0,0.0,5.333333333333333,4.285714285714286,7.0
Sirsa,Haryana,2024-10-30,7,2024,10,30,30,29.28,36.98,1.13,0.0,3.0,9.0,12.0,6.333333333333333,4.714285714285714,11.0
Sirsa,Haryana,2024-10-31,11,2024,10,31,31,27.53,37.79,1.78,0.0,7.0,7.0,0.0,5.666666666666667,4.0,21.0
Sirsa,Haryana,2024-11-01,21,2024,11,1,32,26.98,29.59,1.88,0.0,11.0,3.0,2.0,7.0,5.571428571428571,7.0
Sirsa,Haryana,2024-11-02,7,2024,11,2,33,27.82,26.94,1.17,0.0,21.0,7.0,0.0,13.0,8.285714285714286,4.0
Sirsa,Haryana,2024-11-03,4,2024,11,3,34,25.84,33.52,1.16,0.0,7.0,11.0,9.0,13.0,9.285714285714286,4.0
Sirsa,Haryana,2024-11-04,4,2024,11,4,35,26.36,27.95,1.34,0.0,4.0,21.0,7.0,10.666666666666666,8.571428571428571,3.0
Sirsa,Haryana,2024-11-05,3,2024,11,5,36,26.08,32.08,1.27,0.0,4.0,7.0,3.0,5.0,8.142857142857142,6.0
Sirsa,Haryana,2024-11-06,6,2024,11,6,37,26.06,39.89,1.08,0.0,3.0,4.0,7.0,3.6666666666666665,8.142857142857142,11.0
Sirsa,Haryana,2024-11-07,11,2024,11,7,38,26.4,39.84,0.97,0.0,6.0,4.0,11.0,4.333333333333333,8.0,21.0
Sirsa,Haryana,2024-11-08,21,2024,11,8,39,26.72,40.0,1.03,0.0,11.0,3.0,21.0,6.666666666666667,8.0,23.0
Sirsa,Haryana,2024-11-09,23,2024,11,9,40,26.1,43.44,1.15,0.0,21.0,6.0,7.0,12.666666666666666,8.0,7.0
Sirsa,Haryana,2024-11-10,7,2024,11,10,41,25.62,50.67,1.13,0.0,23.0,11.0,4.0,18.333333333333332,10.285714285714286,4.0
Sirsa,Haryana,2024-11-11,4,2024,11,11,42,25.19,43.41,1.6,0.0,7.0,21.0,4.0,17.0,10.714285714285714,2.0
Sirsa,Haryana,2024-11-12,2,2024,11,12,43,24.66,31.93,1.38,0.0,4.0,23.0,3.0,11.333333333333334,10.714285714285714,18.0
Sirsa,Haryana,2024-11-13,18,2024,11,13,44,23.32,41.83,1.34,0.0,2.0,7.0,6.0,4.333333333333333,10.571428571428571,0.0
Sirsa,Haryana,2024-11-14,0,2024,11,14,45,22.82,35.43,1.19,0.0,18.0,4.0,11.0,8.0,12.285714285714286,20.0
Sirsa,Haryana,2024-11-15,20,2024,11,15,46,22.45,35.51,1.27,0.0,0.0,2.0,21.0,6.666666666666667,10.714285714285714,0.0
Sirsa,Haryana,2024-11-16,0,2024,11,16,47,22.61,38.83,1.11,0.0,20.0,18.0,23.0,12.666666666666666,10.571428571428571,22.0
Sirsa,Haryana,2024-11-17,22,2024,11,17,48,20.73,42.71,1.39,0.0,0.0,0.0,7.0,6.666666666666667,7.285714285714286,56.0
Sirsa,Haryana,2024-11-18,56,2024,11,18,49,20.4,35.11,1.75,0.0,22.0,20.0,4.0,14.0,9.428571428571429,36.0
Sirsa,Haryana,2024-11-19,36,2024,11,19,50,20.63,29.03,1.59,0.0,56.0,0.0,2.0,26.0,16.857142857142858,38.0
Sirsa,Haryana,2024-11-20,38,2024,11,20,51,20.84,27.17,1.21,0.0,36.0,22.0,18.0,38.0,21.714285714285715,21.0
Sirsa,Haryana,2024-11-21,21,2024,11,21,52,21.53,24.35,1.0,0.0,38.0,56.0,0.0,43.333333333333336,24.571428571428573,27.0
Sirsa,Haryana,2024-11-22,27,2024,11,22,53,21.8,25.62,1.57,0.0,21.0,36.0,20.0,31.666666666666668,27.571428571428573,32.0
Sirsa,Haryana,2024-11-23,32,2024,11,23,54,22.23,26.44,1.39,0.0,27.0,38.0,0.0,28.666666666666668,28.571428571428573,38.0
Sirsa,Haryana,2024-11-24,38,2024,11,24,55,21.36,31.05,1.68,0.0,32.0,21.0,22.0,26.666666666666668,33.142857142857146,26.0
Sirsa,Haryana,2024-11-25,26,2024,11,25,56,19.63,38.0,1.59,0.0,38.0,27.0,56.0,32.333333333333336,35.42857142857143,14.0
Sirsa,Haryana,2024-11-26,14,2024,11,26,57,20.06,32.63,1.39,0.0,26.0,32.0,36.0,32.0,31.142857142857142,17.0
Sirsa,Haryana,2024-11-27,17,2024,11,27,58,20.7,31.79,1.04,0.0,14.0,38.0,38.0,26.0,28.0,9.0
Sirsa,Haryana,2024-11-28,9,2024,11,28,59,20.42,28.27,0.85,0.0,17.0,26.0,21.0,19.0,25.0,8.0
Sirsa,Haryana,2024-11-29,8,2024,11,29,60,20.2,27.61,0.9,0.0,9.0,14.0,27.0,13.333333333333334,23.285714285714285,9.0
Sirsa,Haryana,2024-11-30,9,2024,11,30,61,19.57,34.25,1.49,0.0,8.0,17.0,32.0,11.333333333333334,20.571428571428573,0.0
Sirsa,Haryana,2025-10-01,0,2025,10,1,1,29.45,64.9,0.78,0.11,9.0,9.0,38.0,8.666666666666666,17.285714285714285,0.0
Sirsa,Haryana,2025-10-02,0,2025,10,2,2,29.37,63.88,1.25,0.32,0.0,8.0,26.0,5.666666666666667,11.857142857142858,0.0
Sirsa,Haryana,2025-10-03,0,2025,10,3,3,28.85,68.02,1.43,0.03,0.0,9.0,14.0,3.0,8.142857142857142,1.0
Sirsa,Haryana,2025-10-04,1,2025,10,4,4,29.85,56.65,1.19,0.0,0.0,0.0,17.0,0.0,6.142857142857143,0.0
Sirsa,Haryana,2025-10-05,0,2025,10,5,5,28.22,63.4,1.35,7.72,1.0,0.0,9.0,0.3333333333333333,3.857142857142857,9.0
Sirsa,Haryana,2025-10-06,9,2025,10,6,6,25.48,80.5,2.13,17.84,0.0,0.0,8.0,0.3333333333333333,2.5714285714285716,0.0
Sirsa,Haryana,2025-10-07,0,2025,10,7,7,23.89,77.13,1.67,10.85,9.0,1.0,9.0,3.3333333333333335,2.7142857142857144,0.0
Sirsa,Haryana,2025-10-08,0,2025,10,8,8,22.09,69.5,1.81,0.14,0.0,0.0,0.0,3.0,1.4285714285714286,0.0
Sirsa,Haryana,2025-10-09,0,2025,10,9,9,23.72,58.54,1.21,0.19,0.0,9.0,0.0,3.0,1.4285714285714286,5.0
Sirsa,Haryana,2025-10-10,5,2025,10,10,10,24.71,52.78,1.07,0.0,0.0,0.0,0.0,0.0,1.4285714285714286,1.0
Sirsa,Haryana,2025-10-11,1,2025,10,11,11,25.02,53.89,1.08,0.0,5.0,0.0,1.0,1.6666666666666667,2.142857142857143,1.0
Sirsa,Haryana,2025-10-12,1,2025,10,12,12,25.4,51.21,1.03,0.0,1.0,0.0,0.0,2.0,2.142857142857143,0.0
Sirsa,Haryana,2025-10-13,0,2025,10,13,13,25.84,42.95,0.73,0.0,1.0,5.0,9.0,2.3333333333333335,2.2857142857142856,4.0
Sirsa,Haryana,2025-10-14,4,2025,10,14,14,24.73,46.01,0.95,0.0,0.0,1.0,0.0,0.6666666666666666,1.0,3.0
Sirsa,Haryana,2025-10-15,3,2025,10,15,15,24.61,47.94,1.0,0.0,4.0,1.0,0.0,1.6666666666666667,1.5714285714285714,2.0
Sirsa,Haryana,2025-10-16,2,2025,10,16,16,25.62,45.48,0.85,0.0,3.0,0.0,0.0,2.3333333333333335,2.0,8.0
Sirsa,Haryana,2025-10-17,8,2025,10,17,17,25.85,56.27,0.83,0.0,2.0,4.0,5.0,3.0,2.2857142857142856,0.0
Sirsa,Haryana,2025-10-18,0,2025,10,18,18,25.51,56.13,0.95,0.0,8.0,3.0,1.0,4.333333333333333,2.7142857142857144,1.0
Sirsa,Haryana,2025-10-19,1,2025,10,19,19,25.71,54.0,1.21,0.0,0.0,2.0,1.0,3.3333333333333335,2.5714285714285716,0.0
Sirsa,Haryana,2025-10-20,0,2025,10,20,20,25.45,53.42,1.29,0.0,1.0,8.0,0.0,3.0,2.5714285714285716,2.0
Sirsa,Haryana,2025-10-21,2,2025,10,21,21,25.42,55.74,1.07,0.0,0.0,0.0,4.0,0.3333333333333333,2.5714285714285716,14.0
Sirsa,Haryana,2025-10-22,14,2025,10,22,22,25.15,49.3,1.36,0.0,2.0,1.0,3.0,1.0,2.2857142857142856,1.0
Sirsa,Haryana,2025-10-23,1,2025,10,23,23,25.36,43.76,1.15,0.0,14.0,0.0,2.0,5.333333333333333,3.857142857142857,2.0
Sirsa,Haryana,2025-10-24,2,2025,10,24,24,25.41,47.86,0.96,0.0,1.0,2.0,8.0,5.666666666666667,3.7142857142857144,3.0
Sirsa,Haryana,2025-10-25,3,2025,10,25,25,24.78,52.63,1.15,0.0,2.0,14.0,0.0,5.666666666666667,2.857142857142857,17.0
Sirsa,Haryana,2025-10-26,17,2025,10,26,26,24.43,50.18,1.16,0.0,3.0,1.0,1.0,2.0,3.2857142857142856,6.0
Sirsa,Haryana,2025-10-27,6,2025,10,27,27,23.94,51.2,1.09,0.0,17.0,2.0,0.0,7.333333333333333,5.571428571428571,0.0
Sirsa,Haryana,2025-10-28,0,2025,10,28,28,23.14,65.5,1.31,0.0,6.0,3.0,2.0,8.666666666666666,6.428571428571429,2.0
Sirsa,Haryana,2025-10-29,2,2025,10,29,29,22.83,61.16,1.39,0.0,0.0,17.0,14.0,7.666666666666667,6.142857142857143,5.0
Sirsa,Haryana,2025-10-30,5,2025,10,30,30,23.96,60.67,0.96,0.0,2.0,6.0,1.0,2.6666666666666665,4.428571428571429,4.0
Sirsa,Haryana,2025-10-31,4,2025,10,31,31,24.71,53.68,1.11,0.0,5.0,0.0,2.0,2.3333333333333335,5.0,10.0
Sirsa,Haryana,2025-11-01,10,2025,11,1,32,25.16,44.24,0.73,0.0,4.0,2.0,3.0,3.6666666666666665,5.285714285714286,9.0
Sirsa,Haryana,2025-11-02,9,2025,11,2,33,24.23,40.36,1.51,0.0,10.0,5.0,17.0,6.333333333333333,6.285714285714286,8.0
Sirsa,Haryana,2025-11-03,8,2025,11,3,34,23.87,36.83,1.73,0.0,9.0,4.0,6.0,7.666666666666667,5.142857142857143,7.0
Sirsa,Haryana,2025-11-04,7,2025,11,4,35,23.37,49.71,1.7,0.03,8.0,10.0,0.0,9.0,5.428571428571429,7.0
Sirsa,Haryana,2025-11-05,7,2025,11,5,36,20.95,52.01,1.75,0.37,7.0,9.0,2.0,8.0,6.428571428571429,5.0
Sirsa,Haryana,2025-11-06,5,2025,11,6,37,18.29,43.01,1.79,0.0,7.0,8.0,5.0,7.333333333333333,7.142857142857143,4.0
Sirsa,Haryana,2025-11-07,4,2025,11,7,38,19.11,34.51,1.62,0.0,5.0,7.0,4.0,6.333333333333333,7.142857142857143,4.0
Sirsa,Haryana,2025-11-08,4,2025,11,8,39,20.36,29.75,1.28,0.0,4.0,7.0,10.0,5.333333333333333,7.142857142857143,9.0
Sirsa,Haryana,2025-11-09,9,2025,11,9,40,19.75,33.6,1.11,0.0,4.0,5.0,9.0,4.333333333333333,6.285714285714286,8.0
Sirsa,Haryana,2025-11-10,8,2025,11,10,41,19.48,32.76,1.09,0.0,9.0,4.0,8.0,5.666666666666667,6.285714285714286,5.0
Sirsa,Haryana,2025-11-11,5,2025,11,11,42,18.25,38.75,1.23,0.0,8.0,4.0,7.0,7.0,6.285714285714286,4.0
Sirsa,Haryana,2025-11-12,4,2025,11,12,43,19.12,36.97,1.3,0.0,5.0,9.0,7.0,7.333333333333333,6.0,4.0
Sirsa,Haryana,2025-11-13,4,2025,11,13,44,19.47,33.84,1.05,0.0,4.0,8.0,5.0,5.666666666666667,5.571428571428571,7.0
Sirsa,Haryana,2025-11-14,7,2025,11,14,45,19.61,30.96,1.14,0.0,4.0,5.0,4.0,4.333333333333333,5.428571428571429,5.0
Sirsa,Haryana,2025-11-15,5,2025,11,15,46,19.7,27.74,1.26,0.0,7.0,4.0,4.0,5.0,5.857142857142857,7.0
Sirsa,Haryana,2025-11-16,7,2025,11,16,47,19.63,25.49,1.41,0.0,5.0,4.0,9.0,5.333333333333333,6.0,8.0
Sirsa,Haryana,2025-11-17,8,2025,11,17,48,20.0,25.66,1.32,0.0,7.0,7.0,8.0,6.333333333333333,5.714285714285714,7.0
Sirsa,Haryana,2025-11-18,7,2025,11,18,49,19.39,29.1,1.34,0.0,8.0,5.0,5.0,6.666666666666667,5.714285714285714,12.0
Sirsa,Haryana,2025-11-19,12,2025,11,19,50,19.35,34.41,1.07,0.0,7.0,7.0,4.0,7.333333333333333,6.0,3.0
Sirsa,Haryana,2025-11-20,3,2025,11,20,51,20.42,31.64,0.72,0.0,12.0,8.0,4.0,9.0,7.142857142857143,2.0
Sirsa,Haryana,2025-11-21,2,2025,11,21,52,18.71,40.83,1.1,0.0,3.0,7.0,7.0,7.333333333333333,7.0,1.0
Sirsa,Haryana,2025-11-22,1,2025,11,22,53,17.64,48.8,1.38,0.0,2.0,12.0,5.0,5.666666666666667,6.285714285714286,1.0
Sirsa,Haryana,2025-11-23,1,2025,11,23,54,17.72,44.23,1.12,0.0,1.0,3.0,7.0,2.0,5.714285714285714,0.0
Sirsa,Haryana,2025-11-24,0,2025,11,24,55,17.27,38.22,1.17,0.0,1.0,2.0,8.0,1.3333333333333333,4.857142857142857,0.0
Sirsa,Haryana,2025-11-25,0,2025,11,25,56,16.7,35.8,1.43,0.0,0.0,1.0,7.0,0.6666666666666666,3.7142857142857144,0.0
Sirsa,Haryana,2025-11-26,0,2025,11,26,57,16.98,32.35,1.04,0.0,0.0,1.0,12.0,0.3333333333333333,2.7142857142857144,3.0
Sirsa,Haryana,2025-11-27,3,2025,11,27,58,15.69,39.87,1.43,0.0,0.0,0.0,3.0,0.0,1.0,2.0
Sirsa,Haryana,2025-11-28,2,2025,11,28,59,16.65,43.57,1.33,0.0,3.0,0.0,2.0,1.0,1.0,1.0
Sirsa,Haryana,2025-11-29,1,2025,11,29,60,16.06,37.39,1.66,0.0,2.0,0.0,1.0,1.6666666666666667,1.0,0.0
Sonipat,Haryana,2023-10-08,11,2023,10,8,8,28.46,54.67,1.52,0.0,3.0,2.0,5.0,2.0,3.0,3.0
Sonipat,Haryana,2023-10-09,3,2023,10,9,9,28.95,57.45,1.5,0.0,11.0,1.0,3.0,5.0,3.857142857142857,4.0
Sonipat,Haryana,2023-10-10,4,2023,10,10,10,28.21,57.8,1.08,0.15,3.0,3.0,2.0,5.666666666666667,3.857142857142857,10.0
Sonipat,Haryana,2023-10-11,10,2023,10,11,11,26.43,53.34,1.98,0.0,4.0,11.0,5.0,6.0,4.142857142857143,6.0
Sonipat,Haryana,2023-10-12,6,2023,10,12,12,26.09,49.08,1.32,0.0,10.0,3.0,2.0,5.666666666666667,4.857142857142857,7.0
Sonipat,Haryana,2023-10-13,7,2023,10,13,13,26.84,46.85,1.34,0.0,6.0,4.0,1.0,6.666666666666667,5.428571428571429,3.0
Sonipat,Haryana,2023-10-14,3,2023,10,14,14,27.4,47.29,1.46,0.0,7.0,10.0,3.0,7.666666666666667,6.285714285714286,12.0
Sonipat,Haryana,2023-10-15,12,2023,10,15,15,26.81,52.03,0.7,0.85,3.0,6.0,11.0,5.333333333333333,6.285714285714286,1.0
Sonipat,Haryana,2023-10-16,1,2023,10,16,16,23.34,71.86,1.96,11.9,12.0,7.0,3.0,7.333333333333333,6.428571428571429,4.0
Sonipat,Haryana,2023-10-17,4,2023,10,17,17,23.47,62.05,2.01,1.14,1.0,3.0,4.0,5.333333333333333,6.142857142857143,0.0
Sonipat,Haryana,2023-10-18,0,2023,10,18,18,23.3,60.09,2.51,0.02,4.0,12.0,10.0,5.666666666666667,6.142857142857143,1.0
Sonipat,Haryana,2023-10-19,1,2023,10,19,19,22.79,57.04,1.94,0.0,0.0,1.0,6.0,1.6666666666666667,4.714285714285714,5.0
Sonipat,Haryana,2023-10-20,5,2023,10,20,20,22.88,56.37,1.44,0.0,1.0,4.0,7.0,1.6666666666666667,4.0,3.0
Sonipat,Haryana,2023-10-21,3,2023,10,21,21,22.86,51.43,1.27,0.0,5.0,0.0,3.0,2.0,3.7142857142857144,2.0
Sonipat,Haryana,2023-10-22,2,2023,10,22,22,23.24,52.8,1.25,0.0,3.0,1.0,12.0,3.0,3.7142857142857144,3.0
Sonipat,Haryana,2023-10-23,3,2023,10,23,23,23.06,59.88,1.62,0.0,2.0,5.0,1.0,3.3333333333333335,2.2857142857142856,8.0
Sonipat,Haryana,2023-10-24,8,2023,10,24,24,23.71,57.3,1.49,0.0,3.0,3.0,4.0,2.6666666666666665,2.5714285714285716,4.0
Sonipat,Haryana,2023-10-25,4,2023,10,25,25,23.49,55.98,1.78,0.0,8.0,2.0,0.0,4.333333333333333,3.142857142857143,7.0
Sonipat,Haryana,2023-10-26,7,2023,10,26,26,23.12,54.99,1.71,0.0,4.0,3.0,1.0,5.0,3.7142857142857144,4.0
Sonipat,Haryana,2023-10-27,4,2023,10,27,27,23.23,43.85,1.51,0.0,7.0,8.0,5.0,6.333333333333333,4.571428571428571,0.0
Sonipat,Haryana,2023-10-28,0,2023,10,28,28,23.57,47.52,1.12,0.0,4.0,4.0,3.0,5.0,4.428571428571429,5.0
Sonipat,Haryana,2023-10-29,5,2023,10,29,29,24.7,46.87,1.14,0.0,0.0,7.0,2.0,3.6666666666666665,4.0,1.0
Sonipat,Haryana,2023-10-30,1,2023,10,30,30,23.94,53.52,1.22,0.0,5.0,4.0,3.0,3.0,4.428571428571429,3.0
Sonipat,Haryana,2023-10-31,3,2023,10,31,31,23.82,52.74,1.16,0.0,1.0,0.0,8.0,2.0,4.142857142857143,4.0
Sonipat,Haryana,2023-11-01,4,2023,11,1,32,23.85,48.87,1.17,0.0,3.0,5.0,4.0,3.0,3.4285714285714284,2.0
Sonipat,Haryana,2023-11-02,2,2023,11,2,33,23.52,50.42,1.2,0.0,4.0,1.0,7.0,2.6666666666666665,3.4285714285714284,3.0
Sonipat,Haryana,2023-11-03,3,2023,11,3,34,23.46,53.73,1.21,0.0,2.0,3.0,4.0,3.0,2.7142857142857144,1.0
Sonipat,Haryana,2023-11-04,1,2023,11,4,35,22.97,57.86,1.47,0.0,3.0,4.0,0.0,3.0,2.5714285714285716,0.0
Sonipat,Haryana,2023-11-05,0,2023,11,5,36,22.88,43.78,1.02,0.0,1.0,2.0,5.0,2.0,2.7142857142857144,1.0
Sonipat,Haryana,2023-11-06,1,2023,11,6,37,22.11,44.16,1.13,0.0,0.0,3.0,1.0,1.3333333333333333,2.0,3.0
Sonipat,Haryana,2023-11-07,3,2023,11,7,38,22.02,46.06,1.06,0.0,1.0,1.0,3.0,0.6666666666666666,2.0,5.0
Sonipat,Haryana,2023-11-08,5,2023,11,8,39,22.24,59.82,1.51,0.0,3.0,0.0,4.0,1.3333333333333333,2.0,1.0
Sonipat,Haryana,2023-11-09,1,2023,11,9,40,23.36,52.93,1.38,0.0,5.0,1.0,2.0,3.0,2.142857142857143,1.0
Sonipat,Haryana,2023-11-10,1,2023,11,10,41,20.97,63.21,1.58,3.68,1.0,3.0,3.0,3.0,2.0,0.0
Sonipat,Haryana,2023-11-11,0,2023,11,11,42,19.51,62.8,2.04,0.04,1.0,5.0,1.0,2.3333333333333335,1.7142857142857142,8.0
Sonipat,Haryana,2023-11-12,8,2023,11,12,43,19.58,63.24,2.06,0.0,0.0,1.0,0.0,0.6666666666666666,1.5714285714285714,3.0
Sonipat,Haryana,2023-11-13,3,2023,11,13,44,19.29,54.75,1.29,0.0,8.0,1.0,1.0,3.0,2.7142857142857144,1.0
Sonipat,Haryana,2023-11-14,1,2023,11,14,45,18.89,50.79,1.31,0.0,3.0,0.0,3.0,3.6666666666666665,3.0,1.0
Sonipat,Haryana,2023-11-15,1,2023,11,15,46,18.64,59.25,1.49,0.0,1.0,8.0,5.0,4.0,2.7142857142857144,6.0
Sonipat,Haryana,2023-11-16,6,2023,11,16,47,20.2,54.66,1.03,0.0,1.0,3.0,1.0,1.6666666666666667,2.142857142857143,5.0
Sonipat,Haryana,2023-11-17,5,2023,11,17,48,21.05,54.01,1.22,0.0,6.0,1.0,1.0,2.6666666666666665,2.857142857142857,6.0
Sonipat,Haryana,2023-11-18,6,2023,11,18,49,20.13,54.15,1.29,0.0,5.0,1.0,0.0,4.0,3.4285714285714284,7.0
Sonipat,Haryana,2023-11-19,7,2023,11,19,50,20.24,46.81,1.04,0.0,6.0,6.0,8.0,5.666666666666667,4.285714285714286,1.0
Sonipat,Haryana,2023-11-20,1,2023,11,20,51,19.73,50.78,1.36,0.0,7.0,5.0,3.0,6.0,4.142857142857143,2.0
Sonipat,Haryana,2023-11-21,2,2023,11,21,52,18.49,59.49,2.28,0.0,1.0,6.0,1.0,4.666666666666667,3.857142857142857,1.0
Sonipat,Haryana,2023-11-22,1,2023,11,22,53,17.57,56.9,2.15,0.0,2.0,7.0,1.0,3.3333333333333335,4.0,1.0
Sonipat,Haryana,2023-11-23,1,2023,11,23,54,18.91,44.22,0.72,0.0,1.0,1.0,6.0,1.3333333333333333,4.0,2.0
Sonipat,Haryana,2023-11-24,2,2023,11,24,55,18.22,44.86,0.92,0.0,1.0,2.0,5.0,1.3333333333333333,3.2857142857142856,0.0
Sonipat,Haryana,2023-11-25,0,2023,11,25,56,18.06,50.52,1.16,0.0,2.0,1.0,6.0,1.3333333333333333,2.857142857142857,1.0
Sonipat,Haryana,2023-11-26,1,2023,11,26,57,18.33,49.94,1.34,0.0,0.0,1.0,7.0,1.0,2.0,1.0
Sonipat,Haryana,2023-11-27,1,2023,11,27,58,16.98,55.36,1.65,0.26,1.0,2.0,1.0,1.0,1.1428571428571428,0.0
Sonipat,Haryana,2023-11-28,0,2023,11,28,59,17.97,53.58,1.44,2.23,1.0,0.0,2.0,0.6666666666666666,1.1428571428571428,0.0
Sonipat,Haryana,2023-11-29,0,2023,11,29,60,18.76,52.26,1.11,0.06,0.0,1.0,1.0,0.6666666666666666,0.8571428571428571,0.0
Sonipat,Haryana,2023-11-30,0,2023,11,30,61,19.48,57.36,1.18,0.14,0.0,1.0,1.0,0.3333333333333333,0.7142857142857143,1.0
Sonipat,Haryana,2024-10-01,1,2024,10,1,1,27.8,74.84,1.74,0.0,0.0,0.0,2.0,0.0,0.5714285714285714,9.0
Sonipat,Haryana,2024-10-02,9,2024,10,2,2,27.94,69.38,1.67,0.0,1.0,0.0,0.0,0.3333333333333333,0.42857142857142855,3.0
Sonipat,Haryana,2024-10-03,3,2024,10,3,3,27.7,61.64,1.39,0.0,9.0,0.0,1.0,3.3333333333333335,1.7142857142857142,1.0
Sonipat,Haryana,2024-10-04,1,2024,10,4,4,27.38,64.77,1.2,0.03,3.0,1.0,1.0,4.333333333333333,2.0,4.0
Sonipat,Haryana,2024-10-05,4,2024,10,5,5,28.06,70.53,1.57,0.21,1.0,9.0,0.0,4.333333333333333,2.0,0.0
Sonipat,Haryana,2024-10-06,0,2024,10,6,6,27.08,66.23,1.62,0.04,4.0,3.0,0.0,2.6666666666666665,2.5714285714285716,5.0
Sonipat,Haryana,2024-10-07,5,2024,10,7,7,26.68,65.99,1.29,0.0,0.0,1.0,0.0,1.6666666666666667,2.5714285714285716,6.0
Sonipat,Haryana,2024-10-08,6,2024,10,8,8,26.75,64.11,0.85,0.0,5.0,4.0,1.0,3.0,3.2857142857142856,2.0
Sonipat,Haryana,2024-10-09,2,2024,10,9,9,26.5,63.18,1.25,0.0,6.0,0.0,9.0,3.6666666666666665,4.0,3.0
Sonipat,Haryana,2024-10-10,3,2024,10,10,10,25.62,65.69,1.66,0.0,2.0,5.0,3.0,4.333333333333333,3.0,11.0
Sonipat,Haryana,2024-10-11,11,2024,10,11,11,25.0,59.55,1.66,0.0,3.0,6.0,1.0,3.6666666666666665,3.0,12.0
Sonipat,Haryana,2024-10-12,12,2024,10,12,12,25.42,53.51,1.25,0.0,11.0,2.0,4.0,5.333333333333333,4.428571428571429,11.0
Sonipat,Haryana,2024-10-13,11,2024,10,13,13,25.37,50.77,0.98,0.0,12.0,3.0,0.0,8.666666666666666,5.571428571428571,3.0
Sonipat,Haryana,2024-10-14,3,2024,10,14,14,25.19,61.98,1.44,0.0,11.0,11.0,5.0,11.333333333333334,7.142857142857143,1.0
Sonipat,Haryana,2024-10-15,1,2024,10,15,15,25.94,49.01,1.2,0.07,3.0,12.0,6.0,8.666666666666666,6.857142857142857,0.0
Sonipat,Haryana,2024-10-16,0,2024,10,16,16,26.03,50.02,1.2,0.0,1.0,11.0,2.0,5.0,6.142857142857143,0.0
Sonipat,Haryana,2024-10-17,0,2024,10,17,17,26.15,51.86,1.03,0.0,0.0,3.0,3.0,1.3333333333333333,5.857142857142857,1.0
Sonipat,Haryana,2024-10-18,1,2024,10,18,18,25.8,54.31,1.01,0.0,0.0,1.0,11.0,0.3333333333333333,5.428571428571429,2.0
Sonipat,Haryana,2024-10-19,2,2024,10,19,19,26.15,55.81,1.15,0.0,1.0,0.0,12.0,0.3333333333333333,4.0,0.0
Sonipat,Haryana,2024-10-20,0,2024,10,20,20,25.04,61.04,1.25,0.0,2.0,0.0,11.0,1.0,2.5714285714285716,0.0
Sonipat,Haryana,2024-10-21,0,2024,10,21,21,24.42,70.31,1.15,0.05,0.0,1.0,3.0,1.0,1.0,0.0
Sonipat,Haryana,2024-10-22,0,2024,10,22,22,25.22,67.86,1.12,0.01,0.0,2.0,1.0,0.6666666666666666,0.5714285714285714,2.0
Sonipat,Haryana,2024-10-23,2,2024,10,23,23,25.44,58.83,1.61,0.0,0.0,0.0,0.0,0.0,0.42857142857142855,0.0
Sonipat,Haryana,2024-10-24,0,2024,10,24,24,24.86,60.53,2.47,0.0,2.0,0.0,0.0,0.6666666666666666,0.7142857142857143,2.0
Sonipat,Haryana,2024-10-25,2,2024,10,25,25,25.45,56.78,2.0,0.0,0.0,0.0,1.0,0.6666666666666666,0.7142857142857143,0.0
Sonipat,Haryana,2024-10-26,0,2024,10,26,26,25.4,53.28,1.66,0.0,2.0,2.0,2.0,1.3333333333333333,0.8571428571428571,0.0
Sonipat,Haryana,2024-10-27,0,2024,10,27,27,24.89,63.48,1.32,0.0,0.0,0.0,0.0,0.6666666666666666,0.5714285714285714,1.0
Sonipat,Haryana,2024-10-28,1,2024,10,28,28,25.06,73.64,1.88,0.0,0.0,2.0,0.0,0.6666666666666666,0.5714285714285714,0.0
Sonipat,Haryana,2024-10-29,0,2024,10,29,29,26.18,68.82,1.32,0.0,1.0,0.0,0.0,0.3333333333333333,0.7142857142857143,1.0
Sonipat,Haryana,2024-10-30,1,2024,10,30,30,27.46,56.71,1.16,0.0,0.0,0.0,2.0,0.3333333333333333,0.7142857142857143,2.0
Sonipat,Haryana,2024-10-31,2,2024,10,31,31,25.55,54.65,2.03,0.0,1.0,1.0,0.0,0.6666666666666666,0.5714285714285714,3.0
Sonipat,Haryana,2024-11-01,3,2024,11,1,32,24.68,42.95,2.07,0.0,2.0,0.0,2.0,1.0,0.8571428571428571,3.0
Sonipat,Haryana,2024-11-02,3,2024,11,2,33,24.3,45.95,1.04,0.0,3.0,1.0,0.0,2.0,1.0,2.0
Sonipat,Haryana,2024-11-03,2,2024,11,3,34,23.65,50.66,1.17,0.0,3.0,2.0,0.0,2.6666666666666665,1.4285714285714286,3.0
Sonipat,Haryana,2024-11-04,3,2024,11,4,35,23.47,51.66,0.98,0.0,2.0,3.0,1.0,2.6666666666666665,1.7142857142857142,0.0
Sonipat,Haryana,2024-11-05,0,2024,11,5,36,22.86,65.51,1.44,0.0,3.0,3.0,0.0,2.6666666666666665,2.0,0.0
Sonipat,Haryana,2024-11-06,0,2024,11,6,37,23.41,61.71,1.08,0.0,0.0,2.0,1.0,1.6666666666666667,2.0,4.0
Sonipat,Haryana,2024-11-07,4,2024,11,7,38,23.4,64.57,1.19,0.0,0.0,3.0,2.0,1.0,1.8571428571428572,1.0
Sonipat,Haryana,2024-11-08,1,2024,11,8,39,23.55,66.87,1.21,0.0,4.0,0.0,3.0,1.3333333333333333,2.142857142857143,9.0
Sonipat,Haryana,2024-11-09,9,2024,11,9,40,23.51,70.66,1.62,0.0,1.0,0.0,3.0,1.6666666666666667,1.8571428571428572,0.0
Sonipat,Haryana,2024-11-10,0,2024,11,10,41,23.47,67.52,1.17,0.0,9.0,4.0,2.0,4.666666666666667,2.7142857142857144,0.0
Sonipat,Haryana,2024-11-11,0,2024,11,11,42,24.22,61.6,0.9,0.0,0.0,1.0,3.0,3.3333333333333335,2.4285714285714284,2.0
Sonipat,Haryana,2024-11-12,2,2024,11,12,43,23.63,52.8,1.31,0.0,0.0,9.0,0.0,3.0,2.0,2.0
Sonipat,Haryana,2024-11-13,2,2024,11,13,44,22.05,52.18,1.44,0.0,2.0,0.0,0.0,0.6666666666666666,2.2857142857142856,0.0
Sonipat,Haryana,2024-11-14,0,2024,11,14,45,22.2,46.04,1.08,0.0,2.0,0.0,4.0,1.3333333333333333,2.5714285714285716,3.0
Sonipat,Haryana,2024-11-15,3,2024,11,15,46,21.69,46.24,1.61,0.0,0.0,2.0,1.0,1.3333333333333333,2.0,2.0
Sonipat,Haryana,2024-11-16,2,2024,11,16,47,20.99,51.97,1.55,0.0,3.0,2.0,9.0,1.6666666666666667,2.2857142857142856,2.0
Sonipat,Haryana,2024-11-17,2,2024,11,17,48,20.49,51.41,1.46,0.0,2.0,0.0,0.0,1.6666666666666667,1.2857142857142858,1.0
Sonipat,Haryana,2024-11-18,1,2024,11,18,49,19.49,47.05,1.36,0.0,2.0,3.0,0.0,2.3333333333333335,1.5714285714285714,4.0
Sonipat,Haryana,2024-11-19,4,2024,11,19,50,18.99,42.63,1.63,0.0,1.0,2.0,2.0,1.6666666666666667,1.7142857142857142,4.0
Sonipat,Haryana,2024-11-20,4,2024,11,20,51,18.9,40.1,1.4,0.0,4.0,2.0,2.0,2.3333333333333335,2.0,2.0
Sonipat,Haryana,2024-11-21,2,2024,11,21,52,19.36,35.79,1.23,0.0,4.0,1.0,0.0,3.0,2.2857142857142856,1.0
Sonipat,Haryana,2024-11-22,1,2024,11,22,53,18.95,38.8,1.39,0.0,2.0,4.0,3.0,3.3333333333333335,2.5714285714285716,8.0
Sonipat,Haryana,2024-11-23,8,2024,11,23,54,18.72,46.2,1.4,0.0,1.0,4.0,2.0,2.3333333333333335,2.2857142857142856,5.0
Sonipat,Haryana,2024-11-24,5,2024,11,24,55,19.61,45.01,1.81,0.0,8.0,2.0,2.0,3.6666666666666665,3.142857142857143,2.0
Sonipat,Haryana,2024-11-25,2,2024,11,25,56,18.06,49.87,1.96,0.0,5.0,1.0,1.0,4.666666666666667,3.5714285714285716,2.0
Sonipat,Haryana,2024-11-26,2,2024,11,26,57,17.79,44.21,1.81,0.0,2.0,8.0,4.0,5.0,3.7142857142857144,4.0
Sonipat,Haryana,2024-11-27,4,2024,11,27,58,18.44,43.46,1.43,0.0,2.0,5.0,4.0,3.0,3.4285714285714284,0.0
Sonipat,Haryana,2024-11-28,0,2024,11,28,59,18.85,39.57,0.98,0.0,4.0,2.0,2.0,2.6666666666666665,3.4285714285714284,3.0
Sonipat,Haryana,2024-11-29,3,2024,11,29,60,18.69,39.85,1.09,0.0,0.0,2.0,1.0,2.0,3.142857142857143,4.0
Sonipat,Haryana,2024-11-30,4,2024,11,30,61,17.62,44.09,1.65,0.0,3.0,4.0,8.0,2.3333333333333335,3.4285714285714284,3.0
Sonipat,Haryana,2025-10-01,3,2025,10,1,1,27.07,79.01,0.75,0.02,4.0,0.0,5.0,2.3333333333333335,2.857142857142857,0.0
Sonipat,Haryana,2025-10-02,0,2025,10,2,2,26.68,79.9,1.33,5.06,3.0,3.0,2.0,3.3333333333333335,2.5714285714285716,0.0
Sonipat,Haryana,2025-10-03,0,2025,10,3,3,26.53,81.5,1.11,0.01,0.0,4.0,2.0,2.3333333333333335,2.2857142857142856,1.0
Sonipat,Haryana,2025-10-04,1,2025,10,4,4,27.23,74.77,1.54,0.0,0.0,3.0,4.0,1.0,2.0,1.0
Sonipat,Haryana,2025-10-05,1,2025,10,5,5,27.21,66.53,0.94,3.05,1.0,0.0,0.0,0.3333333333333333,1.5714285714285714,0.0
Sonipat,Haryana,2025-10-06,0,2025,10,6,6,24.44,81.85,1.57,6.68,1.0,0.0,3.0,0.6666666666666666,1.7142857142857142,0.0
Sonipat,Haryana,2025-10-07,0,2025,10,7,7,23.44,87.47,2.11,22.27,0.0,1.0,4.0,0.6666666666666666,1.2857142857142858,3.0
Sonipat,Haryana,2025-10-08,3,2025,10,8,8,21.63,82.45,1.5,2.96,0.0,1.0,3.0,0.3333333333333333,0.7142857142857143,2.0
Sonipat,Haryana,2025-10-09,2,2025,10,9,9,21.83,77.79,1.58,0.0,3.0,0.0,0.0,1.0,0.7142857142857143,0.0
Sonipat,Haryana,2025-10-10,0,2025,10,10,10,22.46,66.67,1.09,0.0,2.0,0.0,0.0,1.6666666666666667,1.0,1.0
Sonipat,Haryana,2025-10-11,1,2025,10,11,11,23.4,62.5,0.8,0.0,0.0,3.0,1.0,1.6666666666666667,1.0,1.0
Sonipat,Haryana,2025-10-12,1,2025,10,12,12,23.27,70.27,1.51,0.0,1.0,2.0,1.0,1.0,1.0,0.0
Sonipat,Haryana,2025-10-13,0,2025,10,13,13,24.14,56.26,0.79,0.0,1.0,0.0,0.0,0.6666666666666666,1.0,0.0
Sonipat,Haryana,2025-10-14,0,2025,10,14,14,24.12,51.37,0.69,0.0,0.0,1.0,0.0,0.6666666666666666,1.0,1.0
Sonipat,Haryana,2025-10-15,1,2025,10,15,15,23.85,52.41,0.73,0.0,0.0,1.0,3.0,0.3333333333333333,1.0,0.0
Sonipat,Haryana,2025-10-16,0,2025,10,16,16,24.0,51.75,0.8,0.0,1.0,0.0,2.0,0.3333333333333333,0.7142857142857143,0.0
Sonipat,Haryana,2025-10-17,0,2025,10,17,17,24.88,59.18,0.71,0.0,0.0,0.0,0.0,0.3333333333333333,0.42857142857142855,0.0
Sonipat,Haryana,2025-10-18,0,2025,10,18,18,24.45,62.86,0.79,0.0,0.0,1.0,1.0,0.3333333333333333,0.42857142857142855,0.0
Sonipat,Haryana,2025-10-19,0,2025,10,19,19,24.14,62.87,1.0,0.0,0.0,0.0,1.0,0.0,0.2857142857142857,0.0
Sonipat,Haryana,2025-10-20,0,2025,10,20,20,23.84,65.28,1.1,0.0,0.0,0.0,0.0,0.0,0.14285714285714285,0.0
Sonipat,Haryana,2025-10-21,0,2025,10,21,21,24.37,67.55,0.9,0.0,0.0,0.0,0.0,0.0,0.14285714285714285,0.0
Sonipat,Haryana,2025-10-22,0,2025,10,22,22,24.1,66.55,1.25,0.0,0.0,0.0,1.0,0.0,0.14285714285714285,0.0
Sonipat,Haryana,2025-10-23,0,2025,10,23,23,24.04,54.74,1.05,0.0,0.0,0.0,0.0,0.0,0.0,0.0
Sonipat,Haryana,2025-10-24,0,2025,10,24,24,23.96,49.77,0.8,0.0,0.0,0.0,0.0,0.0,0.0,0.0
Sonipat,Haryana,2025-10-25,0,2025,10,25,25,22.84,53.49,1.15,0.0,0.0,0.0,0.0,0.0,0.0,1.0
Sonipat,Haryana,2025-10-26,1,2025,10,26,26,22.18,57.04,1.3,0.0,0.0,0.0,0.0,0.0,0.0,0.0
Sonipat,Haryana,2025-10-27,0,2025,10,27,27,22.47,58.21,1.32,0.01,1.0,0.0,0.0,0.3333333333333333,0.14285714285714285,0.0
Sonipat,Haryana,2025-10-28,0,2025,10,28,28,22.23,71.11,1.03,0.0,0.0,0.0,0.0,0.3333333333333333,0.14285714285714285,0.0
Sonipat,Haryana,2025-10-29,0,2025,10,29,29,22.84,66.85,0.86,0.0,0.0,1.0,0.0,0.3333333333333333,0.14285714285714285,0.0
Sonipat,Haryana,2025-10-30,0,2025,10,30,30,23.51,72.12,1.02,0.33,0.0,0.0,0.0,0.0,0.14285714285714285,1.0
Sonipat,Haryana,2025-10-31,1,2025,10,31,31,24.1,71.0,1.76,0.01,0.0,0.0,0.0,0.0,0.14285714285714285,2.0
Sonipat,Haryana,2025-11-01,2,2025,11,1,32,23.19,63.32,1.4,0.0,1.0,0.0,0.0,0.3333333333333333,0.2857142857142857,3.0
Sonipat,Haryana,2025-11-02,3,2025,11,2,33,21.8,59.44,1.95,0.0,2.0,0.0,1.0,1.0,0.5714285714285714,1.0
Sonipat,Haryana,2025-11-03,1,2025,11,3,34,21.35,53.59,1.96,0.0,3.0,1.0,0.0,2.0,0.8571428571428571,5.0
Sonipat,Haryana,2025-11-04,5,2025,11,4,35,20.61,57.03,1.76,0.03,1.0,2.0,0.0,2.0,1.0,4.0
Sonipat,Haryana,2025-11-05,4,2025,11,5,36,20.7,57.83,1.54,0.01,5.0,3.0,0.0,3.0,1.7142857142857142,7.0
Sonipat,Haryana,2025-11-06,7,2025,11,6,37,18.2,57.61,2.3,0.0,4.0,1.0,0.0,3.3333333333333335,2.2857142857142856,6.0
Sonipat,Haryana,2025-11-07,6,2025,11,7,38,17.14,51.11,2.15,0.0,7.0,5.0,1.0,5.333333333333333,3.2857142857142856,2.0
Sonipat,Haryana,2025-11-08,2,2025,11,8,39,16.53,49.02,1.74,0.0,6.0,4.0,2.0,5.666666666666667,4.0,12.0
Sonipat,Haryana,2025-11-09,12,2025,11,9,40,16.98,50.84,1.82,0.0,2.0,7.0,3.0,5.0,4.0,1.0
Sonipat,Haryana,2025-11-10,1,2025,11,10,41,18.09,46.38,1.43,0.0,12.0,6.0,1.0,6.666666666666667,5.285714285714286,12.0
Sonipat,Haryana,2025-11-11,12,2025,11,11,42,17.41,48.81,1.68,0.0,1.0,2.0,5.0,5.0,5.285714285714286,6.0
Sonipat,Haryana,2025-11-12,6,2025,11,12,43,16.76,52.4,2.07,0.0,12.0,12.0,4.0,8.333333333333334,6.285714285714286,4.0
Sonipat,Haryana,2025-11-13,4,2025,11,13,44,16.54,52.1,1.67,0.0,6.0,1.0,7.0,6.333333333333333,6.571428571428571,10.0
Sonipat,Haryana,2025-11-14,10,2025,11,14,45,16.77,48.88,1.59,0.0,4.0,12.0,6.0,7.333333333333333,6.142857142857143,11.0
Sonipat,Haryana,2025-11-15,11,2025,11,15,46,17.06,45.92,1.75,0.0,10.0,6.0,2.0,6.666666666666667,6.714285714285714,16.0
Sonipat,Haryana,2025-11-16,16,2025,11,16,47,16.67,45.69,1.87,0.0,11.0,4.0,12.0,8.333333333333334,8.0,8.0
Sonipat,Haryana,2025-11-17,8,2025,11,17,48,17.19,44.02,1.48,0.0,16.0,10.0,1.0,12.333333333333334,8.571428571428571,2.0
Sonipat,Haryana,2025-11-18,2,2025,11,18,49,18.09,41.29,1.3,0.0,8.0,11.0,12.0,11.666666666666666,9.571428571428571,4.0
Sonipat,Haryana,2025-11-19,4,2025,11,19,50,18.59,45.38,1.04,0.0,2.0,16.0,6.0,8.666666666666666,8.142857142857142,2.0
Sonipat,Haryana,2025-11-20,2,2025,11,20,51,17.18,59.65,1.19,0.0,4.0,8.0,4.0,4.666666666666667,7.857142857142857,0.0
Sonipat,Haryana,2025-11-21,0,2025,11,21,52,17.46,62.37,1.35,0.0,2.0,2.0,10.0,2.6666666666666665,7.571428571428571,5.0
Sonipat,Haryana,2025-11-22,5,2025,11,22,53,17.95,55.48,1.24,0.0,0.0,4.0,11.0,2.0,6.142857142857143,12.0
Sonipat,Haryana,2025-11-23,12,2025,11,23,54,18.14,48.76,0.93,0.0,5.0,2.0,16.0,2.3333333333333335,5.285714285714286,1.0
Sonipat,Haryana,2025-11-24,1,2025,11,24,55,16.47,48.03,1.29,0.0,12.0,0.0,8.0,5.666666666666667,4.714285714285714,0.0
Sonipat,Haryana,2025-11-25,0,2025,11,25,56,15.39,48.96,1.59,0.0,1.0,5.0,2.0,6.0,3.7142857142857144,8.0
Sonipat,Haryana,2025-11-26,8,2025,11,26,57,16.59,46.03,0.76,0.0,0.0,12.0,4.0,4.333333333333333,3.4285714285714284,4.0
Sonipat,Haryana,2025-11-27,4,2025,11,27,58,17.51,41.66,0.78,0.0,8.0,1.0,2.0,3.0,4.0,0.0
Sonipat,Haryana,2025-11-28,0,2025,11,28,59,17.14,53.59,1.33,0.0,4.0,0.0,0.0,4.0,4.285714285714286,2.0
Sonipat,Haryana,2025-11-29,2,2025,11,29,60,16.22,51.72,2.12,0.0,0.0,8.0,5.0,4.0,4.285714285714286,3.0
Sri Muktsar Sahib,Punjab,2023-10-08,0,2023,10,8,8,28.8,56.11,1.45,0.0,0.0,0.0,0.0,0.0,0.0,0.0
Sri Muktsar Sahib,Punjab,2023-10-09,0,2023,10,9,9,28.25,55.67,1.3,0.0,0.0,0.0,0.0,0.0,0.0,1.0
Sri Muktsar Sahib,Punjab,2023-10-10,1,2023,10,10,10,25.9,65.18,1.62,8.31,0.0,0.0,0.0,0.0,0.0,0.0
Sri Muktsar Sahib,Punjab,2023-10-11,0,2023,10,11,11,26.24,54.21,0.94,0.0,1.0,0.0,0.0,0.3333333333333333,0.14285714285714285,0.0
Sri Muktsar Sahib,Punjab,2023-10-12,0,2023,10,12,12,25.38,49.49,1.27,0.0,0.0,0.0,0.0,0.3333333333333333,0.14285714285714285,0.0
Sri Muktsar Sahib,Punjab,2023-10-13,0,2023,10,13,13,26.29,52.14,1.37,0.0,0.0,1.0,0.0,0.3333333333333333,0.14285714285714285,0.0
Sri Muktsar Sahib,Punjab,2023-10-14,0,2023,10,14,14,26.03,55.54,1.8,5.18,0.0,0.0,0.0,0.0,0.14285714285714285,1.0
Sri Muktsar Sahib,Punjab,2023-10-15,1,2023,10,15,15,24.2,66.49,1.3,6.3,0.0,0.0,0.0,0.0,0.14285714285714285,0.0
Sri Muktsar Sahib,Punjab,2023-10-16,0,2023,10,16,16,23.39,72.13,2.0,30.66,1.0,0.0,0.0,0.3333333333333333,0.2857142857142857,0.0
Sri Muktsar Sahib,Punjab,2023-10-17,0,2023,10,17,17,21.59,80.88,1.71,8.04,0.0,0.0,1.0,0.3333333333333333,0.2857142857142857,0.0
Sri Muktsar Sahib,Punjab,2023-10-18,0,2023,10,18,18,21.3,71.93,1.44,0.0,0.0,1.0,0.0,0.3333333333333333,0.14285714285714285,0.0
Sri Muktsar Sahib,Punjab,2023-10-19,0,2023,10,19,19,22.58,61.29,0.9,0.0,0.0,0.0,0.0,0.0,0.14285714285714285,0.0
Sri Muktsar Sahib,Punjab,2023-10-20,0,2023,10,20,20,22.84,60.42,0.84,0.0,0.0,0.0,0.0,0.0,0.14285714285714285,2.0
Sri Muktsar Sahib,Punjab,2023-10-21,2,2023,10,21,21,23.23,60.54,1.03,0.0,0.0,0.0,0.0,0.0,0.14285714285714285,0.0
Sri Muktsar Sahib,Punjab,2023-10-22,0,2023,10,22,22,22.41,65.27,1.14,2.02,2.0,0.0,1.0,0.6666666666666666,0.42857142857142855,1.0
Sri Muktsar Sahib,Punjab,2023-10-23,1,2023,10,23,23,22.71,64.99,1.09,0.0,0.0,0.0,0.0,0.6666666666666666,0.2857142857142857,7.0
Sri Muktsar Sahib,Punjab,2023-10-24,7,2023,10,24,24,23.32,64.02,1.11,0.0,1.0,2.0,0.0,1.0,0.42857142857142855,4.0
Sri Muktsar Sahib,Punjab,2023-10-25,4,2023,10,25,25,23.78,56.87,1.14,0.0,7.0,0.0,0.0,2.6666666666666665,1.4285714285714286,6.0
Sri Muktsar Sahib,Punjab,2023-10-26,6,2023,10,26,26,24.45,47.88,0.92,0.0,4.0,1.0,0.0,4.0,2.0,9.0
Sri Muktsar Sahib,Punjab,2023-10-27,9,2023,10,27,27,23.72,49.7,1.14,0.0,6.0,7.0,0.0,5.666666666666667,2.857142857142857,5.0
Sri Muktsar Sahib,Punjab,2023-10-28,5,2023,10,28,28,23.46,55.38,1.36,0.0,9.0,4.0,2.0,6.333333333333333,4.142857142857143,47.0
Sri Muktsar Sahib,Punjab,2023-10-29,47,2023,10,29,29,23.9,59.19,1.39,0.0,5.0,6.0,0.0,6.666666666666667,4.571428571428571,14.0
Sri Muktsar Sahib,Punjab,2023-10-30,14,2023,10,30,30,23.0,63.19,1.4,0.0,47.0,9.0,1.0,20.333333333333332,11.285714285714286,35.0
Sri Muktsar Sahib,Punjab,2023-10-31,35,2023,10,31,31,22.87,62.52,1.15,0.0,14.0,5.0,7.0,22.0,13.142857142857142,55.0
Sri Muktsar Sahib,Punjab,2023-11-01,55,2023,11,1,32,23.15,60.78,1.06,0.0,35.0,47.0,4.0,32.0,17.142857142857142,39.0
Sri Muktsar Sahib,Punjab,2023-11-02,39,2023,11,2,33,23.08,65.06,1.01,0.0,55.0,14.0,6.0,34.666666666666664,24.428571428571427,103.0
Sri Muktsar Sahib,Punjab,2023-11-03,103,2023,11,3,34,22.59,69.34,0.92,0.0,39.0,35.0,9.0,43.0,29.142857142857142,82.0
Sri Muktsar Sahib,Punjab,2023-11-04,82,2023,11,4,35,22.41,64.21,1.13,0.0,103.0,55.0,5.0,65.66666666666667,42.57142857142857,217.0
Sri Muktsar Sahib,Punjab,2023-11-05,217,2023,11,5,36,22.39,53.93,1.03,0.0,82.0,39.0,47.0,74.66666666666667,53.57142857142857,136.0
Sri Muktsar Sahib,Punjab,2023-11-06,136,2023,11,6,37,20.81,59.9,1.62,0.0,217.0,103.0,14.0,134.0,77.85714285714286,142.0
Sri Muktsar Sahib,Punjab,2023-11-07,142,2023,11,7,38,21.13,65.99,1.06,0.0,136.0,82.0,35.0,145.0,95.28571428571429,162.0
Sri Muktsar Sahib,Punjab,2023-11-08,162,2023,11,8,39,22.36,64.77,0.89,0.0,142.0,217.0,55.0,165.0,110.57142857142857,33.0
Sri Muktsar Sahib,Punjab,2023-11-09,33,2023,11,9,40,23.62,56.76,0.83,0.0,162.0,136.0,39.0,146.66666666666666,125.85714285714286,0.0
Sri Muktsar Sahib,Punjab,2023-11-10,0,2023,11,10,41,19.49,74.03,1.88,5.57,33.0,142.0,103.0,112.33333333333333,125.0,10.0
Sri Muktsar Sahib,Punjab,2023-11-11,10,2023,11,11,42,18.92,72.37,1.09,0.0,0.0,162.0,82.0,65.0,110.28571428571429,152.0
Sri Muktsar Sahib,Punjab,2023-11-12,152,2023,11,12,43,20.25,59.66,1.01,0.0,10.0,33.0,217.0,14.333333333333334,100.0,280.0
Sri Muktsar Sahib,Punjab,2023-11-13,280,2023,11,13,44,19.28,56.77,1.17,0.0,152.0,0.0,136.0,54.0,90.71428571428571,269.0
Sri Muktsar Sahib,Punjab,2023-11-14,269,2023,11,14,45,19.13,54.52,1.17,0.0,280.0,10.0,142.0,147.33333333333334,111.28571428571429,170.0
Sri Muktsar Sahib,Punjab,2023-11-15,170,2023,11,15,46,19.68,48.11,1.03,0.0,269.0,152.0,162.0,233.66666666666666,129.42857142857142,106.0
Sri Muktsar Sahib,Punjab,2023-11-16,106,2023,11,16,47,19.54,46.85,0.57,0.0,170.0,280.0,33.0,239.66666666666666,130.57142857142858,125.0
Sri Muktsar Sahib,Punjab,2023-11-17,125,2023,11,17,48,19.22,54.25,1.12,0.0,106.0,269.0,0.0,181.66666666666666,141.0,96.0
Sri Muktsar Sahib,Punjab,2023-11-18,96,2023,11,18,49,19.44,50.39,0.89,0.0,125.0,170.0,10.0,133.66666666666666,158.85714285714286,118.0
Sri Muktsar Sahib,Punjab,2023-11-19,118,2023,11,19,50,19.21,54.72,1.09,0.0,96.0,106.0,152.0,109.0,171.14285714285714,62.0
Sri Muktsar Sahib,Punjab,2023-11-20,62,2023,11,20,51,18.56,58.51,0.99,0.0,118.0,125.0,280.0,113.0,166.28571428571428,114.0
Sri Muktsar Sahib,Punjab,2023-11-21,114,2023,11,21,52,18.2,55.93,1.29,0.0,62.0,96.0,269.0,92.0,135.14285714285714,69.0
Sri Muktsar Sahib,Punjab,2023-11-22,69,2023,11,22,53,17.95,53.48,1.3,0.0,114.0,118.0,170.0,98.0,113.0,20.0
Sri Muktsar Sahib,Punjab,2023-11-23,20,2023,11,23,54,17.47,54.7,1.51,0.0,69.0,62.0,106.0,81.66666666666667,98.57142857142857,29.0
Sri Muktsar Sahib,Punjab,2023-11-24,29,2023,11,24,55,17.05,58.12,1.22,0.0,20.0,114.0,125.0,67.66666666666667,86.28571428571429,5.0
Sri Muktsar Sahib,Punjab,2023-11-25,5,2023,11,25,56,16.92,59.39,0.52,0.0,29.0,69.0,96.0,39.333333333333336,72.57142857142857,19.0
Sri Muktsar Sahib,Punjab,2023-11-26,19,2023,11,26,57,15.19,70.79,1.35,0.0,5.0,20.0,118.0,18.0,59.57142857142857,0.0
Sri Muktsar Sahib,Punjab,2023-11-27,0,2023,11,27,58,14.94,76.05,1.44,0.02,19.0,29.0,62.0,17.666666666666668,45.42857142857143,9.0
Sri Muktsar Sahib,Punjab,2023-11-28,9,2023,11,28,59,16.6,67.72,1.28,0.0,0.0,5.0,114.0,8.0,36.57142857142857,7.0
Sri Muktsar Sahib,Punjab,2023-11-29,7,2023,11,29,60,19.28,57.25,0.78,0.13,9.0,19.0,69.0,9.333333333333334,21.571428571428573,4.0
Sri Muktsar Sahib,Punjab,2023-11-30,4,2023,11,30,61,18.1,68.49,1.07,1.84,7.0,0.0,20.0,5.333333333333333,12.714285714285714,0.0
Sri Muktsar Sahib,Punjab,2024-10-01,0,2024,10,1,1,31.95,49.31,1.21,0.0,4.0,9.0,29.0,6.666666666666667,10.428571428571429,0.0
Sri Muktsar Sahib,Punjab,2024-10-02,0,2024,10,2,2,30.95,48.64,1.14,0.0,0.0,7.0,5.0,3.6666666666666665,6.285714285714286,0.0
Sri Muktsar Sahib,Punjab,2024-10-03,0,2024,10,3,3,30.6,46.33,0.7,0.0,0.0,4.0,19.0,1.3333333333333333,5.571428571428571,0.0
Sri Muktsar Sahib,Punjab,2024-10-04,0,2024,10,4,4,30.0,46.77,1.23,0.0,0.0,0.0,0.0,0.0,2.857142857142857,0.0
Sri Muktsar Sahib,Punjab,2024-10-05,0,2024,10,5,5,30.6,50.1,1.51,1.55,0.0,0.0,9.0,0.0,2.857142857142857,0.0
Sri Muktsar Sahib,Punjab,2024-10-06,0,2024,10,6,6,29.43,53.02,1.09,1.61,0.0,0.0,7.0,0.0,1.5714285714285714,0.0
Sri Muktsar Sahib,Punjab,2024-10-07,0,2024,10,7,7,28.52,55.24,1.04,0.0,0.0,0.0,4.0,0.0,0.5714285714285714,0.0
Sri Muktsar Sahib,Punjab,2024-10-08,0,2024,10,8,8,28.31,57.84,1.21,0.0,0.0,0.0,0.0,0.0,0.0,0.0
Sri Muktsar Sahib,Punjab,2024-10-09,0,2024,10,9,9,27.95,56.04,1.34,0.01,0.0,0.0,0.0,0.0,0.0,0.0
Sri Muktsar Sahib,Punjab,2024-10-10,0,2024,10,10,10,27.71,50.59,1.06,0.01,0.0,0.0,0.0,0.0,0.0,0.0
Sri Muktsar Sahib,Punjab,2024-10-11,0,2024,10,11,11,28.68,41.91,1.21,0.0,0.0,0.0,0.0,0.0,0.0,1.0
Sri Muktsar Sahib,Punjab,2024-10-12,1,2024,10,12,12,28.38,40.59,1.07,0.0,0.0,0.0,0.0,0.0,0.0,0.0
Sri Muktsar Sahib,Punjab,2024-10-13,0,2024,10,13,13,27.21,39.03,1.21,0.0,1.0,0.0,0.0,0.3333333333333333,0.14285714285714285,0.0
Sri Muktsar Sahib,Punjab,2024-10-14,0,2024,10,14,14,26.64,43.27,1.43,0.0,0.0,0.0,0.0,0.3333333333333333,0.14285714285714285,0.0
Sri Muktsar Sahib,Punjab,2024-10-15,0,2024,10,15,15,28.26,36.92,1.32,0.0,0.0,1.0,0.0,0.3333333333333333,0.14285714285714285,0.0
Sri Muktsar Sahib,Punjab,2024-10-16,0,2024,10,16,16,28.55,34.87,1.1,0.0,0.0,0.0,0.0,0.0,0.14285714285714285,1.0
Sri Muktsar Sahib,Punjab,2024-10-17,1,2024,10,17,17,29.32,31.83,0.8,0.0,0.0,0.0,0.0,0.0,0.14285714285714285,1.0
Sri Muktsar Sahib,Punjab,2024-10-18,1,2024,10,18,18,28.05,36.52,1.2,0.0,1.0,0.0,0.0,0.3333333333333333,0.2857142857142857,8.0
Sri Muktsar Sahib,Punjab,2024-10-19,8,2024,10,19,19,27.79,38.97,1.18,0.0,1.0,0.0,1.0,0.6666666666666666,0.42857142857142855,1.0
Sri Muktsar Sahib,Punjab,2024-10-20,1,2024,10,20,20,27.26,42.44,1.03,0.0,8.0,1.0,0.0,3.3333333333333335,1.4285714285714286,0.0
Sri Muktsar Sahib,Punjab,2024-10-21,0,2024,10,21,21,27.03,44.94,1.05,0.0,1.0,1.0,0.0,3.3333333333333335,1.5714285714285714,0.0
Sri Muktsar Sahib,Punjab,2024-10-22,0,2024,10,22,22,27.05,47.58,1.01,0.0,0.0,8.0,0.0,3.0,1.5714285714285714,4.0
Sri Muktsar Sahib,Punjab,2024-10-23,4,2024,10,23,23,27.05,44.44,1.42,0.0,0.0,1.0,0.0,0.3333333333333333,1.5714285714285714,1.0
Sri Muktsar Sahib,Punjab,2024-10-24,1,2024,10,24,24,26.3,51.07,1.77,0.0,4.0,0.0,1.0,1.3333333333333333,2.142857142857143,1.0
Sri Muktsar Sahib,Punjab,2024-10-25,1,2024,10,25,25,27.26,44.73,1.72,0.0,1.0,0.0,1.0,1.6666666666666667,2.142857142857143,2.0
Sri Muktsar Sahib,Punjab,2024-10-26,2,2024,10,26,26,27.63,37.05,1.52,0.0,1.0,4.0,8.0,2.0,2.142857142857143,0.0
Sri Muktsar Sahib,Punjab,2024-10-27,0,2024,10,27,27,27.71,36.3,1.15,0.0,2.0,1.0,1.0,1.3333333333333333,1.2857142857142858,3.0
Sri Muktsar Sahib,Punjab,2024-10-28,3,2024,10,28,28,27.84,44.66,1.67,0.0,0.0,1.0,0.0,1.0,1.1428571428571428,4.0
Sri Muktsar Sahib,Punjab,2024-10-29,4,2024,10,29,29,28.36,51.22,1.34,0.0,3.0,2.0,0.0,1.6666666666666667,1.5714285714285714,4.0
Sri Muktsar Sahib,Punjab,2024-10-30,4,2024,10,30,30,28.56,43.38,1.36,0.0,4.0,0.0,4.0,2.3333333333333335,2.142857142857143,7.0
Sri Muktsar Sahib,Punjab,2024-10-31,7,2024,10,31,31,26.83,40.33,2.01,0.0,4.0,3.0,1.0,3.6666666666666665,2.142857142857143,45.0
Sri Muktsar Sahib,Punjab,2024-11-01,45,2024,11,1,32,26.17,32.41,1.62,0.0,7.0,4.0,1.0,5.0,3.0,25.0
Sri Muktsar Sahib,Punjab,2024-11-02,25,2024,11,2,33,26.15,27.46,1.2,0.0,45.0,4.0,2.0,18.666666666666668,9.285714285714286,15.0
Sri Muktsar Sahib,Punjab,2024-11-03,15,2024,11,3,34,24.68,34.16,1.09,0.0,25.0,7.0,0.0,25.666666666666668,12.571428571428571,9.0
Sri Muktsar Sahib,Punjab,2024-11-04,9,2024,11,4,35,25.55,32.7,1.17,0.0,15.0,45.0,3.0,28.333333333333332,14.714285714285714,4.0
Sri Muktsar Sahib,Punjab,2024-11-05,4,2024,11,5,36,25.26,37.76,1.25,0.0,9.0,25.0,4.0,16.333333333333332,15.571428571428571,20.0
Sri Muktsar Sahib,Punjab,2024-11-06,20,2024,11,6,37,25.36,42.98,1.14,0.0,4.0,15.0,4.0,9.333333333333334,15.571428571428571,66.0
Sri Muktsar Sahib,Punjab,2024-11-07,66,2024,11,7,38,25.29,43.98,1.17,0.0,20.0,9.0,7.0,11.0,17.857142857142858,85.0
Sri Muktsar Sahib,Punjab,2024-11-08,85,2024,11,8,39,25.52,45.49,1.14,0.0,66.0,4.0,45.0,30.0,26.285714285714285,37.0
Sri Muktsar Sahib,Punjab,2024-11-09,37,2024,11,9,40,25.06,51.43,1.37,0.0,85.0,20.0,25.0,57.0,32.0,32.0
Sri Muktsar Sahib,Punjab,2024-11-10,32,2024,11,10,41,25.12,52.56,0.91,0.0,37.0,66.0,15.0,62.666666666666664,33.714285714285715,51.0
Sri Muktsar Sahib,Punjab,2024-11-11,51,2024,11,11,42,24.87,45.44,1.56,0.0,32.0,85.0,9.0,51.333333333333336,36.142857142857146,45.0
Sri Muktsar Sahib,Punjab,2024-11-12,45,2024,11,12,43,23.37,49.2,1.51,0.0,51.0,37.0,4.0,40.0,42.142857142857146,85.0
Sri Muktsar Sahib,Punjab,2024-11-13,85,2024,11,13,44,23.18,41.86,1.18,0.0,45.0,32.0,20.0,42.666666666666664,48.0,1.0
Sri Muktsar Sahib,Punjab,2024-11-14,1,2024,11,14,45,22.16,39.11,1.06,0.0,85.0,51.0,66.0,60.333333333333336,57.285714285714285,9.0
Sri Muktsar Sahib,Punjab,2024-11-15,9,2024,11,15,46,21.9,42.46,1.22,0.0,1.0,45.0,85.0,43.666666666666664,48.0,2.0
Sri Muktsar Sahib,Punjab,2024-11-16,2,2024,11,16,47,21.19,48.8,1.06,0.0,9.0,85.0,37.0,31.666666666666668,37.142857142857146,147.0
Sri Muktsar Sahib,Punjab,2024-11-17,147,2024,11,17,48,20.02,45.82,1.63,0.0,2.0,1.0,32.0,4.0,32.142857142857146,422.0
Sri Muktsar Sahib,Punjab,2024-11-18,422,2024,11,18,49,19.95,38.76,1.75,0.0,147.0,9.0,51.0,52.666666666666664,48.57142857142857,133.0
Sri Muktsar Sahib,Punjab,2024-11-19,133,2024,11,19,50,20.33,31.09,1.45,0.0,422.0,2.0,45.0,190.33333333333334,101.57142857142857,48.0
Sri Muktsar Sahib,Punjab,2024-11-20,48,2024,11,20,51,20.6,27.86,1.1,0.0,133.0,147.0,85.0,234.0,114.14285714285714,22.0
Sri Muktsar Sahib,Punjab,2024-11-21,22,2024,11,21,52,21.04,25.8,1.0,0.0,48.0,422.0,1.0,201.0,108.85714285714286,61.0
Sri Muktsar Sahib,Punjab,2024-11-22,61,2024,11,22,53,21.91,26.33,1.42,0.0,22.0,133.0,9.0,67.66666666666667,111.85714285714286,18.0
Sri Muktsar Sahib,Punjab,2024-11-23,18,2024,11,23,54,22.56,29.31,0.99,0.0,61.0,48.0,2.0,43.666666666666664,119.28571428571429,10.0
Sri Muktsar Sahib,Punjab,2024-11-24,10,2024,11,24,55,21.38,34.0,1.33,0.0,18.0,22.0,147.0,33.666666666666664,121.57142857142857,12.0
Sri Muktsar Sahib,Punjab,2024-11-25,12,2024,11,25,56,18.84,46.06,1.57,0.0,10.0,61.0,422.0,29.666666666666668,102.0,11.0
Sri Muktsar Sahib,Punjab,2024-11-26,11,2024,11,26,57,19.36,37.32,1.21,0.0,12.0,18.0,133.0,13.333333333333334,43.42857142857143,19.0
Sri Muktsar Sahib,Punjab,2024-11-27,19,2024,11,27,58,20.02,32.62,0.95,0.0,11.0,10.0,48.0,11.0,26.0,14.0
Sri Muktsar Sahib,Punjab,2024-11-28,14,2024,11,28,59,19.95,31.97,1.04,0.0,19.0,12.0,22.0,14.0,21.857142857142858,8.0
Sri Muktsar Sahib,Punjab,2024-11-29,8,2024,11,29,60,19.5,33.92,1.07,0.0,14.0,11.0,61.0,14.666666666666666,20.714285714285715,5.0
Sri Muktsar Sahib,Punjab,2024-11-30,5,2024,11,30,61,18.58,38.12,1.48,0.0,8.0,19.0,18.0,13.666666666666666,13.142857142857142,0.0
Sri Muktsar Sahib,Punjab,2025-10-01,0,2025,10,1,1,29.21,65.14,1.01,0.0,5.0,14.0,10.0,9.0,11.285714285714286,0.0
Sri Muktsar Sahib,Punjab,2025-10-02,0,2025,10,2,2,28.93,63.51,1.13,0.01,0.0,8.0,12.0,4.333333333333333,9.857142857142858,0.0
Sri Muktsar Sahib,Punjab,2025-10-03,0,2025,10,3,3,28.34,69.36,1.17,0.06,0.0,5.0,11.0,1.6666666666666667,8.142857142857142,0.0
Sri Muktsar Sahib,Punjab,2025-10-04,0,2025,10,4,4,29.15,62.02,0.89,0.01,0.0,0.0,19.0,0.0,6.571428571428571,0.0
Sri Muktsar Sahib,Punjab,2025-10-05,0,2025,10,5,5,27.56,64.59,1.42,6.04,0.0,0.0,14.0,0.0,3.857142857142857,0.0
Sri Muktsar Sahib,Punjab,2025-10-06,0,2025,10,6,6,24.61,79.41,1.57,12.07,0.0,0.0,8.0,0.0,1.8571428571428572,0.0
Sri Muktsar Sahib,Punjab,2025-10-07,0,2025,10,7,7,22.42,75.01,2.09,7.59,0.0,0.0,5.0,0.0,0.7142857142857143,0.0
Sri Muktsar Sahib,Punjab,2025-10-08,0,2025,10,8,8,22.0,69.61,1.73,0.06,0.0,0.0,0.0,0.0,0.0,0.0
Sri Muktsar Sahib,Punjab,2025-10-09,0,2025,10,9,9,23.64,59.2,1.13,0.03,0.0,0.0,0.0,0.0,0.0,8.0
Sri Muktsar Sahib,Punjab,2025-10-10,8,2025,10,10,10,24.44,56.0,1.05,0.0,0.0,0.0,0.0,0.0,0.0,0.0
Sri Muktsar Sahib,Punjab,2025-10-11,0,2025,10,11,11,24.61,57.02,1.13,0.0,8.0,0.0,0.0,2.6666666666666665,1.1428571428571428,0.0
Sri Muktsar Sahib,Punjab,2025-10-12,0,2025,10,12,12,25.32,51.56,0.94,0.0,0.0,0.0,0.0,2.6666666666666665,1.1428571428571428,0.0
Sri Muktsar Sahib,Punjab,2025-10-13,0,2025,10,13,13,25.69,45.53,0.88,0.0,0.0,8.0,0.0,2.6666666666666665,1.1428571428571428,0.0
Sri Muktsar Sahib,Punjab,2025-10-14,0,2025,10,14,14,24.2,49.04,1.12,0.0,0.0,0.0,0.0,0.0,1.1428571428571428,0.0
Sri Muktsar Sahib,Punjab,2025-10-15,0,2025,10,15,15,24.2,51.51,1.07,0.0,0.0,0.0,0.0,0.0,1.1428571428571428,1.0
Sri Muktsar Sahib,Punjab,2025-10-16,1,2025,10,16,16,25.43,51.37,0.87,0.0,0.0,0.0,0.0,0.0,1.1428571428571428,0.0
Sri Muktsar Sahib,Punjab,2025-10-17,0,2025,10,17,17,25.77,55.57,0.91,0.0,1.0,0.0,8.0,0.3333333333333333,1.2857142857142858,2.0
Sri Muktsar Sahib,Punjab,2025-10-18,2,2025,10,18,18,25.4,55.39,0.77,0.0,0.0,0.0,0.0,0.3333333333333333,0.14285714285714285,2.0
Sri Muktsar Sahib,Punjab,2025-10-19,2,2025,10,19,19,25.56,52.9,0.98,0.0,2.0,1.0,0.0,1.0,0.42857142857142855,0.0
Sri Muktsar Sahib,Punjab,2025-10-20,0,2025,10,20,20,25.29,51.62,1.09,0.0,2.0,0.0,0.0,1.3333333333333333,0.7142857142857143,4.0
Sri Muktsar Sahib,Punjab,2025-10-21,4,2025,10,21,21,24.78,49.78,0.99,0.0,0.0,2.0,0.0,1.3333333333333333,0.7142857142857143,10.0
Sri Muktsar Sahib,Punjab,2025-10-22,10,2025,10,22,22,24.8,47.2,1.18,0.0,4.0,2.0,0.0,2.0,1.2857142857142858,1.0
Sri Muktsar Sahib,Punjab,2025-10-23,1,2025,10,23,23,25.53,44.76,0.94,0.0,10.0,0.0,1.0,4.666666666666667,2.7142857142857144,2.0
Sri Muktsar Sahib,Punjab,2025-10-24,2,2025,10,24,24,24.9,50.79,0.95,0.0,1.0,4.0,0.0,5.0,2.7142857142857144,2.0
Sri Muktsar Sahib,Punjab,2025-10-25,2,2025,10,25,25,24.35,50.79,1.01,0.0,2.0,10.0,2.0,4.333333333333333,3.0,13.0
Sri Muktsar Sahib,Punjab,2025-10-26,13,2025,10,26,26,23.64,54.1,1.13,0.0,2.0,1.0,2.0,1.6666666666666667,3.0,0.0
Sri Muktsar Sahib,Punjab,2025-10-27,0,2025,10,27,27,23.97,54.03,1.01,0.0,13.0,2.0,0.0,5.666666666666667,4.571428571428571,2.0
Sri Muktsar Sahib,Punjab,2025-10-28,2,2025,10,28,28,24.0,51.43,0.86,0.0,0.0,2.0,4.0,5.0,4.571428571428571,7.0
Sri Muktsar Sahib,Punjab,2025-10-29,7,2025,10,29,29,23.15,54.39,1.14,0.0,2.0,13.0,10.0,5.0,4.285714285714286,12.0
Sri Muktsar Sahib,Punjab,2025-10-30,12,2025,10,30,30,23.57,60.84,1.06,0.0,7.0,0.0,1.0,3.0,3.857142857142857,17.0
Sri Muktsar Sahib,Punjab,2025-10-31,17,2025,10,31,31,24.48,52.85,1.2,0.0,12.0,2.0,2.0,7.0,5.428571428571429,21.0
Sri Muktsar Sahib,Punjab,2025-11-01,21,2025,11,1,32,24.68,46.4,0.92,0.0,17.0,7.0,2.0,12.0,7.571428571428571,41.0
Sri Muktsar Sahib,Punjab,2025-11-02,41,2025,11,2,33,23.91,43.24,1.41,0.0,21.0,12.0,13.0,16.666666666666668,10.285714285714286,12.0
Sri Muktsar Sahib,Punjab,2025-11-03,12,2025,11,3,34,23.5,38.74,1.41,0.0,41.0,17.0,0.0,26.333333333333332,14.285714285714286,15.0
Sri Muktsar Sahib,Punjab,2025-11-04,15,2025,11,4,35,22.39,42.17,1.93,0.0,12.0,21.0,2.0,24.666666666666668,16.0,29.0
Sri Muktsar Sahib,Punjab,2025-11-05,29,2025,11,5,36,19.71,51.84,1.6,0.08,15.0,41.0,7.0,22.666666666666668,17.857142857142858,48.0
Sri Muktsar Sahib,Punjab,2025-11-06,48,2025,11,6,37,18.13,40.5,1.74,0.0,29.0,12.0,12.0,18.666666666666668,21.0,37.0
Sri Muktsar Sahib,Punjab,2025-11-07,37,2025,11,7,38,19.0,31.23,1.55,0.0,48.0,15.0,17.0,30.666666666666668,26.142857142857142,25.0
Sri Muktsar Sahib,Punjab,2025-11-08,25,2025,11,8,39,20.05,30.42,1.16,0.0,37.0,29.0,21.0,38.0,29.0,28.0
Sri Muktsar Sahib,Punjab,2025-11-09,28,2025,11,9,40,19.4,35.81,1.02,0.0,25.0,48.0,41.0,36.666666666666664,29.571428571428573,31.0
Sri Muktsar Sahib,Punjab,2025-11-10,31,2025,11,10,41,18.79,36.35,1.1,0.0,28.0,37.0,12.0,30.0,27.714285714285715,39.0
Sri Muktsar Sahib,Punjab,2025-11-11,39,2025,11,11,42,18.48,38.7,1.03,0.0,31.0,25.0,15.0,28.0,30.428571428571427,14.0
Sri Muktsar Sahib,Punjab,2025-11-12,14,2025,11,12,43,19.04,35.85,1.18,0.0,39.0,28.0,29.0,32.666666666666664,33.857142857142854,21.0
Sri Muktsar Sahib,Punjab,2025-11-13,21,2025,11,13,44,18.98,34.42,1.01,0.0,14.0,31.0,48.0,28.0,31.714285714285715,20.0
Sri Muktsar Sahib,Punjab,2025-11-14,20,2025,11,14,45,18.98,33.25,1.03,0.0,21.0,39.0,37.0,24.666666666666668,27.857142857142858,32.0
Sri Muktsar Sahib,Punjab,2025-11-15,32,2025,11,15,46,19.38,29.9,1.26,0.0,20.0,14.0,25.0,18.333333333333332,25.428571428571427,28.0
Sri Muktsar Sahib,Punjab,2025-11-16,28,2025,11,16,47,19.35,29.28,1.44,0.0,32.0,21.0,28.0,24.333333333333332,26.428571428571427,9.0
Sri Muktsar Sahib,Punjab,2025-11-17,9,2025,11,17,48,19.32,29.41,1.33,0.0,28.0,20.0,31.0,26.666666666666668,26.428571428571427,10.0
Sri Muktsar Sahib,Punjab,2025-11-18,10,2025,11,18,49,18.25,33.37,1.36,0.0,9.0,32.0,39.0,23.0,23.285714285714285,9.0
Sri Muktsar Sahib,Punjab,2025-11-19,9,2025,11,19,50,18.47,38.25,1.04,0.0,10.0,28.0,14.0,15.666666666666666,19.142857142857142,8.0
Sri Muktsar Sahib,Punjab,2025-11-20,8,2025,11,20,51,18.44,39.85,1.03,0.0,9.0,9.0,21.0,9.333333333333334,18.428571428571427,4.0
Sri Muktsar Sahib,Punjab,2025-11-21,4,2025,11,21,52,17.27,48.29,1.16,0.0,8.0,10.0,20.0,9.0,16.571428571428573,4.0
Sri Muktsar Sahib,Punjab,2025-11-22,4,2025,11,22,53,17.5,50.31,1.34,0.0,4.0,9.0,32.0,7.0,14.285714285714286,12.0
Sri Muktsar Sahib,Punjab,2025-11-23,12,2025,11,23,54,17.06,43.61,1.13,0.0,4.0,8.0,28.0,5.333333333333333,10.285714285714286,0.0
Sri Muktsar Sahib,Punjab,2025-11-24,0,2025,11,24,55,17.37,37.76,1.13,0.0,12.0,4.0,9.0,6.666666666666667,8.0,2.0
Sri Muktsar Sahib,Punjab,2025-11-25,2,2025,11,25,56,16.6,37.13,1.32,0.0,0.0,4.0,10.0,5.333333333333333,6.714285714285714,3.0
Sri Muktsar Sahib,Punjab,2025-11-26,3,2025,11,26,57,16.25,34.56,0.98,0.0,2.0,12.0,9.0,4.666666666666667,5.571428571428571,7.0
Sri Muktsar Sahib,Punjab,2025-11-27,7,2025,11,27,58,14.89,40.46,1.39,0.0,3.0,0.0,8.0,1.6666666666666667,4.714285714285714,2.0
Sri Muktsar Sahib,Punjab,2025-11-28,2,2025,11,28,59,15.25,42.57,1.32,0.0,7.0,2.0,4.0,4.0,4.571428571428571,1.0
Sri Muktsar Sahib,Punjab,2025-11-29,1,2025,11,29,60,15.41,36.38,1.3,0.0,2.0,3.0,4.0,4.0,4.285714285714286,1.0
Tarn Taran,Punjab,2023-10-08,26,2023,10,8,8,25.46,71.39,1.07,0.0,17.0,35.0,6.0,25.0,26.857142857142858,17.0
Tarn Taran,Punjab,2023-10-09,17,2023,10,9,9,26.04,75.56,1.03,6.36,26.0,23.0,29.0,22.0,29.714285714285715,1.0
Tarn Taran,Punjab,2023-10-10,1,2023,10,10,10,24.63,77.98,1.28,11.0,17.0,17.0,41.0,20.0,28.0,10.0
Tarn Taran,Punjab,2023-10-11,10,2023,10,11,11,23.97,67.55,1.22,0.0,1.0,26.0,37.0,14.666666666666666,22.285714285714285,19.0
Tarn Taran,Punjab,2023-10-12,19,2023,10,12,12,23.46,66.66,0.96,0.0,10.0,17.0,35.0,9.333333333333334,18.428571428571427,43.0
Tarn Taran,Punjab,2023-10-13,43,2023,10,13,13,23.42,71.13,1.06,0.0,19.0,1.0,23.0,10.0,16.142857142857142,9.0
Tarn Taran,Punjab,2023-10-14,9,2023,10,14,14,23.69,74.07,1.27,17.81,43.0,10.0,17.0,24.0,19.0,0.0
Tarn Taran,Punjab,2023-10-15,0,2023,10,15,15,23.07,72.33,0.94,1.02,9.0,19.0,26.0,23.666666666666668,17.857142857142858,0.0
Tarn Taran,Punjab,2023-10-16,0,2023,10,16,16,21.82,80.69,1.3,14.92,0.0,43.0,17.0,17.333333333333332,14.142857142857142,0.0
Tarn Taran,Punjab,2023-10-17,0,2023,10,17,17,20.5,84.06,1.14,7.71,0.0,9.0,1.0,3.0,11.714285714285714,0.0
Tarn Taran,Punjab,2023-10-18,0,2023,10,18,18,19.74,78.14,1.51,0.64,0.0,0.0,10.0,0.0,11.571428571428571,6.0
Tarn Taran,Punjab,2023-10-19,6,2023,10,19,19,20.52,67.09,1.07,0.0,0.0,0.0,19.0,0.0,10.142857142857142,22.0
Tarn Taran,Punjab,2023-10-20,22,2023,10,20,20,20.85,65.22,0.72,0.0,6.0,0.0,43.0,2.0,8.285714285714286,29.0
Tarn Taran,Punjab,2023-10-21,29,2023,10,21,21,21.45,66.21,0.79,0.0,22.0,0.0,9.0,9.333333333333334,5.285714285714286,1.0
Tarn Taran,Punjab,2023-10-22,1,2023,10,22,22,21.23,74.4,1.11,0.15,29.0,6.0,0.0,19.0,8.142857142857142,47.0
Tarn Taran,Punjab,2023-10-23,47,2023,10,23,23,21.23,75.57,1.12,0.0,1.0,22.0,0.0,17.333333333333332,8.285714285714286,68.0
Tarn Taran,Punjab,2023-10-24,68,2023,10,24,24,22.28,70.11,0.87,0.0,47.0,29.0,0.0,25.666666666666668,15.0,42.0
Tarn Taran,Punjab,2023-10-25,42,2023,10,25,25,22.27,66.01,0.97,0.0,68.0,1.0,0.0,38.666666666666664,24.714285714285715,145.0
Tarn Taran,Punjab,2023-10-26,145,2023,10,26,26,22.41,59.83,1.04,0.0,42.0,47.0,6.0,52.333333333333336,30.714285714285715,144.0
Tarn Taran,Punjab,2023-10-27,144,2023,10,27,27,22.17,60.72,0.84,0.0,145.0,68.0,22.0,85.0,50.57142857142857,196.0
Tarn Taran,Punjab,2023-10-28,196,2023,10,28,28,21.96,67.53,0.88,0.0,144.0,42.0,29.0,110.33333333333333,68.0,237.0
Tarn Taran,Punjab,2023-10-29,237,2023,10,29,29,22.23,70.2,0.81,0.0,196.0,145.0,1.0,161.66666666666666,91.85714285714286,208.0
Tarn Taran,Punjab,2023-10-30,208,2023,10,30,30,21.75,73.4,0.89,0.0,237.0,144.0,47.0,192.33333333333334,125.57142857142857,268.0
Tarn Taran,Punjab,2023-10-31,268,2023,10,31,31,21.62,71.86,0.91,0.0,208.0,196.0,68.0,213.66666666666666,148.57142857142858,296.0
Tarn Taran,Punjab,2023-11-01,296,2023,11,1,32,22.34,68.32,0.9,0.0,268.0,237.0,42.0,237.66666666666666,177.14285714285714,148.0
Tarn Taran,Punjab,2023-11-02,148,2023,11,2,33,22.35,70.56,0.71,0.0,296.0,208.0,145.0,257.3333333333333,213.42857142857142,277.0
Tarn Taran,Punjab,2023-11-03,277,2023,11,3,34,21.32,75.6,0.64,0.0,148.0,268.0,144.0,237.33333333333334,213.85714285714286,165.0
Tarn Taran,Punjab,2023-11-04,165,2023,11,4,35,21.67,68.88,0.76,0.0,277.0,296.0,196.0,240.33333333333334,232.85714285714286,314.0
Tarn Taran,Punjab,2023-11-05,314,2023,11,5,36,21.69,59.18,0.67,0.0,165.0,148.0,237.0,196.66666666666666,228.42857142857142,60.0
Tarn Taran,Punjab,2023-11-06,60,2023,11,6,37,20.55,63.13,0.99,0.0,314.0,277.0,208.0,252.0,239.42857142857142,86.0
Tarn Taran,Punjab,2023-11-07,86,2023,11,7,38,20.62,72.25,0.92,0.0,60.0,165.0,268.0,179.66666666666666,218.28571428571428,51.0
Tarn Taran,Punjab,2023-11-08,51,2023,11,8,39,21.32,73.06,1.06,0.0,86.0,314.0,296.0,153.33333333333334,192.28571428571428,56.0
Tarn Taran,Punjab,2023-11-09,56,2023,11,9,40,21.71,68.6,0.84,0.0,51.0,60.0,148.0,65.66666666666667,157.28571428571428,0.0
Tarn Taran,Punjab,2023-11-10,0,2023,11,10,41,18.02,86.65,1.78,18.35,56.0,86.0,277.0,64.33333333333333,144.14285714285714,0.0
Tarn Taran,Punjab,2023-11-11,0,2023,11,11,42,17.7,80.95,1.43,0.01,0.0,51.0,165.0,35.666666666666664,104.57142857142857,4.0
Tarn Taran,Punjab,2023-11-12,4,2023,11,12,43,18.07,68.88,1.4,0.0,0.0,56.0,314.0,18.666666666666668,81.0,6.0
Tarn Taran,Punjab,2023-11-13,6,2023,11,13,44,18.03,62.57,0.96,0.0,4.0,0.0,60.0,1.3333333333333333,36.714285714285715,17.0
Tarn Taran,Punjab,2023-11-14,17,2023,11,14,45,17.87,63.88,1.33,0.0,6.0,0.0,86.0,3.3333333333333335,29.0,29.0
Tarn Taran,Punjab,2023-11-15,29,2023,11,15,46,18.16,61.14,1.29,0.0,17.0,4.0,51.0,9.0,19.142857142857142,17.0
Tarn Taran,Punjab,2023-11-16,17,2023,11,16,47,19.06,57.18,0.62,0.0,29.0,6.0,56.0,17.333333333333332,16.0,29.0
Tarn Taran,Punjab,2023-11-17,29,2023,11,17,48,18.5,62.56,1.41,0.0,17.0,17.0,0.0,21.0,10.428571428571429,26.0
Tarn Taran,Punjab,2023-11-18,26,2023,11,18,49,18.11,60.66,0.98,0.0,29.0,29.0,0.0,25.0,14.571428571428571,19.0
Tarn Taran,Punjab,2023-11-19,19,2023,11,19,50,18.16,60.49,0.81,0.0,26.0,17.0,4.0,24.0,18.285714285714285,9.0
Tarn Taran,Punjab,2023-11-20,9,2023,11,20,51,17.19,68.22,1.31,0.0,19.0,29.0,6.0,24.666666666666668,20.428571428571427,10.0
Tarn Taran,Punjab,2023-11-21,10,2023,11,21,52,16.78,69.71,1.66,0.0,9.0,26.0,17.0,18.0,20.857142857142858,7.0
Tarn Taran,Punjab,2023-11-22,7,2023,11,22,53,16.37,66.75,1.35,0.0,10.0,19.0,29.0,12.666666666666666,19.857142857142858,3.0
Tarn Taran,Punjab,2023-11-23,3,2023,11,23,54,16.84,62.23,1.09,0.0,7.0,9.0,17.0,8.666666666666666,16.714285714285715,5.0
Tarn Taran,Punjab,2023-11-24,5,2023,11,24,55,16.56,65.49,1.08,0.0,3.0,10.0,29.0,6.666666666666667,14.714285714285714,0.0
Tarn Taran,Punjab,2023-11-25,0,2023,11,25,56,16.99,65.42,0.62,0.0,5.0,7.0,26.0,5.0,11.285714285714286,0.0
Tarn Taran,Punjab,2023-11-26,0,2023,11,26,57,16.11,73.08,0.99,0.0,0.0,3.0,19.0,2.6666666666666665,7.571428571428571,0.0
Tarn Taran,Punjab,2023-11-27,0,2023,11,27,58,15.39,79.15,0.99,0.0,0.0,5.0,9.0,1.6666666666666667,4.857142857142857,1.0
Tarn Taran,Punjab,2023-11-28,1,2023,11,28,59,16.83,67.01,0.98,0.0,0.0,0.0,10.0,0.0,3.5714285714285716,0.0
Tarn Taran,Punjab,2023-11-29,0,2023,11,29,60,18.05,64.69,0.8,0.01,1.0,0.0,7.0,0.3333333333333333,2.2857142857142856,0.0
Tarn Taran,Punjab,2023-11-30,0,2023,11,30,61,17.36,78.25,1.18,6.42,0.0,0.0,3.0,0.3333333333333333,1.2857142857142858,12.0
Tarn Taran,Punjab,2024-10-01,12,2024,10,1,1,28.97,68.89,1.38,0.0,0.0,1.0,5.0,0.3333333333333333,0.8571428571428571,5.0
Tarn Taran,Punjab,2024-10-02,5,2024,10,2,2,28.5,66.04,1.1,0.0,12.0,0.0,0.0,4.0,1.8571428571428572,8.0
Tarn Taran,Punjab,2024-10-03,8,2024,10,3,3,28.32,61.05,1.1,0.0,5.0,0.0,0.0,5.666666666666667,2.5714285714285716,2.0
Tarn Taran,Punjab,2024-10-04,2,2024,10,4,4,28.18,61.0,0.98,0.0,8.0,12.0,0.0,8.333333333333334,3.7142857142857144,3.0
Tarn Taran,Punjab,2024-10-05,3,2024,10,5,5,27.84,62.69,1.2,0.9,2.0,5.0,1.0,5.0,4.0,0.0
Tarn Taran,Punjab,2024-10-06,0,2024,10,6,6,27.12,65.71,1.21,10.3,3.0,8.0,0.0,4.333333333333333,4.285714285714286,3.0
Tarn Taran,Punjab,2024-10-07,3,2024,10,7,7,26.38,67.26,1.33,0.0,0.0,2.0,0.0,1.6666666666666667,4.285714285714286,12.0
Tarn Taran,Punjab,2024-10-08,12,2024,10,8,8,26.15,69.53,1.23,0.0,3.0,3.0,12.0,2.0,4.714285714285714,17.0
Tarn Taran,Punjab,2024-10-09,17,2024,10,9,9,25.42,69.4,1.7,0.0,12.0,0.0,5.0,5.0,4.714285714285714,16.0
Tarn Taran,Punjab,2024-10-10,16,2024,10,10,10,25.43,63.8,1.42,0.0,17.0,3.0,8.0,10.666666666666666,6.428571428571429,38.0
Tarn Taran,Punjab,2024-10-11,38,2024,10,11,11,26.34,54.14,1.41,0.0,16.0,12.0,2.0,15.0,7.571428571428571,35.0
Tarn Taran,Punjab,2024-10-12,35,2024,10,12,12,26.72,51.4,0.87,0.0,38.0,17.0,3.0,23.666666666666668,12.714285714285714,48.0
Tarn Taran,Punjab,2024-10-13,48,2024,10,13,13,25.76,50.4,1.09,0.0,35.0,16.0,0.0,29.666666666666668,17.285714285714285,12.0
Tarn Taran,Punjab,2024-10-14,12,2024,10,14,14,25.4,49.22,1.19,0.0,48.0,38.0,3.0,40.333333333333336,24.142857142857142,25.0
Tarn Taran,Punjab,2024-10-15,25,2024,10,15,15,26.01,50.78,1.36,0.0,12.0,35.0,12.0,31.666666666666668,25.428571428571427,29.0
Tarn Taran,Punjab,2024-10-16,29,2024,10,16,16,25.92,56.29,1.11,0.0,25.0,48.0,17.0,28.333333333333332,27.285714285714285,23.0
Tarn Taran,Punjab,2024-10-17,23,2024,10,17,17,26.31,53.13,1.12,0.0,29.0,12.0,16.0,22.0,29.0,34.0
Tarn Taran,Punjab,2024-10-18,34,2024,10,18,18,26.37,50.17,1.11,0.0,23.0,25.0,38.0,25.666666666666668,30.0,17.0
Tarn Taran,Punjab,2024-10-19,17,2024,10,19,19,25.47,55.95,1.26,0.0,34.0,29.0,35.0,28.666666666666668,29.428571428571427,23.0
Tarn Taran,Punjab,2024-10-20,23,2024,10,20,20,25.41,58.13,1.04,0.0,17.0,23.0,48.0,24.666666666666668,26.857142857142858,14.0
Tarn Taran,Punjab,2024-10-21,14,2024,10,21,21,25.38,62.22,1.19,0.0,23.0,34.0,12.0,24.666666666666668,23.285714285714285,15.0
Tarn Taran,Punjab,2024-10-22,15,2024,10,22,22,25.33,62.44,0.94,0.0,14.0,17.0,25.0,18.0,23.571428571428573,16.0
Tarn Taran,Punjab,2024-10-23,16,2024,10,23,23,25.38,60.23,2.11,0.0,15.0,23.0,29.0,17.333333333333332,22.142857142857142,23.0
Tarn Taran,Punjab,2024-10-24,23,2024,10,24,24,24.13,61.87,1.92,0.0,16.0,14.0,23.0,15.0,20.285714285714285,18.0
Tarn Taran,Punjab,2024-10-25,18,2024,10,25,25,24.69,56.81,1.91,0.0,23.0,15.0,34.0,18.0,20.285714285714285,32.0
Tarn Taran,Punjab,2024-10-26,32,2024,10,26,26,24.21,52.92,1.54,0.0,18.0,16.0,17.0,19.0,18.0,29.0
Tarn Taran,Punjab,2024-10-27,29,2024,10,27,27,25.77,49.33,0.93,0.0,32.0,23.0,23.0,24.333333333333332,20.142857142857142,26.0
Tarn Taran,Punjab,2024-10-28,26,2024,10,28,28,25.99,58.51,1.13,0.0,29.0,18.0,14.0,26.333333333333332,21.0,40.0
Tarn Taran,Punjab,2024-10-29,40,2024,10,29,29,26.5,63.68,1.2,0.0,26.0,32.0,15.0,29.0,22.714285714285715,30.0
Tarn Taran,Punjab,2024-10-30,30,2024,10,30,30,26.65,53.4,1.35,0.0,40.0,29.0,16.0,31.666666666666668,26.285714285714285,50.0
Tarn Taran,Punjab,2024-10-31,50,2024,10,31,31,24.99,51.25,2.36,0.0,30.0,26.0,23.0,32.0,28.285714285714285,139.0
Tarn Taran,Punjab,2024-11-01,139,2024,11,1,32,23.74,49.45,1.65,0.0,50.0,40.0,18.0,40.0,32.142857142857146,105.0
Tarn Taran,Punjab,2024-11-02,105,2024,11,2,33,24.77,39.39,0.87,0.0,139.0,30.0,32.0,73.0,49.42857142857143,26.0
Tarn Taran,Punjab,2024-11-03,26,2024,11,3,34,23.49,44.5,0.87,0.0,105.0,50.0,29.0,98.0,59.857142857142854,25.0
Tarn Taran,Punjab,2024-11-04,25,2024,11,4,35,24.57,44.52,1.06,0.0,26.0,139.0,26.0,90.0,59.42857142857143,8.0
Tarn Taran,Punjab,2024-11-05,8,2024,11,5,36,23.93,49.61,1.15,0.0,25.0,105.0,40.0,52.0,59.285714285714285,8.0
Tarn Taran,Punjab,2024-11-06,8,2024,11,6,37,24.05,52.95,1.17,0.0,8.0,26.0,30.0,19.666666666666668,54.714285714285715,29.0
Tarn Taran,Punjab,2024-11-07,29,2024,11,7,38,23.88,55.86,0.86,0.0,8.0,25.0,50.0,13.666666666666666,51.57142857142857,25.0
Tarn Taran,Punjab,2024-11-08,25,2024,11,8,39,23.8,59.07,1.03,0.0,29.0,8.0,139.0,15.0,48.57142857142857,14.0
Tarn Taran,Punjab,2024-11-09,14,2024,11,9,40,24.06,59.94,0.84,0.0,25.0,8.0,105.0,20.666666666666668,32.285714285714285,7.0
Tarn Taran,Punjab,2024-11-10,7,2024,11,10,41,24.26,58.36,0.62,0.0,14.0,29.0,26.0,22.666666666666668,19.285714285714285,17.0
Tarn Taran,Punjab,2024-11-11,17,2024,11,11,42,24.27,57.34,1.09,0.19,7.0,25.0,25.0,15.333333333333334,16.571428571428573,0.0
Tarn Taran,Punjab,2024-11-12,0,2024,11,12,43,22.76,59.56,1.18,0.19,17.0,14.0,8.0,12.666666666666666,15.428571428571429,64.0
Tarn Taran,Punjab,2024-11-13,64,2024,11,13,44,21.98,52.8,1.11,0.0,0.0,7.0,8.0,8.0,14.285714285714286,3.0
Tarn Taran,Punjab,2024-11-14,3,2024,11,14,45,21.29,52.12,1.01,0.0,64.0,17.0,29.0,27.0,22.285714285714285,0.0
Tarn Taran,Punjab,2024-11-15,0,2024,11,15,46,20.74,55.76,1.68,0.0,3.0,0.0,25.0,22.333333333333332,18.571428571428573,0.0
Tarn Taran,Punjab,2024-11-16,0,2024,11,16,47,19.43,59.45,1.48,0.0,0.0,64.0,14.0,22.333333333333332,15.0,41.0
Tarn Taran,Punjab,2024-11-17,41,2024,11,17,48,19.05,52.11,1.64,0.0,0.0,3.0,7.0,1.0,13.0,101.0
Tarn Taran,Punjab,2024-11-18,101,2024,11,18,49,18.76,49.07,1.51,0.0,41.0,0.0,17.0,13.666666666666666,17.857142857142858,73.0
Tarn Taran,Punjab,2024-11-19,73,2024,11,19,50,18.87,42.18,1.41,0.0,101.0,0.0,0.0,47.333333333333336,29.857142857142858,24.0
Tarn Taran,Punjab,2024-11-20,24,2024,11,20,51,18.73,39.73,1.34,0.0,73.0,41.0,64.0,71.66666666666667,40.285714285714285,32.0
Tarn Taran,Punjab,2024-11-21,32,2024,11,21,52,19.36,36.94,1.16,0.0,24.0,101.0,3.0,66.0,34.57142857142857,11.0
Tarn Taran,Punjab,2024-11-22,11,2024,11,22,53,19.41,40.36,1.06,0.0,32.0,73.0,0.0,43.0,38.714285714285715,2.0
Tarn Taran,Punjab,2024-11-23,2,2024,11,23,54,19.84,44.83,0.93,0.0,11.0,24.0,0.0,22.333333333333332,40.285714285714285,11.0
Tarn Taran,Punjab,2024-11-24,11,2024,11,24,55,18.45,51.0,1.41,0.0,2.0,32.0,41.0,15.0,40.57142857142857,8.0
Tarn Taran,Punjab,2024-11-25,8,2024,11,25,56,17.42,55.58,1.84,0.0,11.0,11.0,101.0,8.0,36.285714285714285,2.0
Tarn Taran,Punjab,2024-11-26,2,2024,11,26,57,17.32,52.22,1.37,0.0,8.0,2.0,73.0,7.0,23.0,0.0
Tarn Taran,Punjab,2024-11-27,0,2024,11,27,58,17.25,45.21,1.28,0.0,2.0,11.0,24.0,7.0,12.857142857142858,5.0
Tarn Taran,Punjab,2024-11-28,5,2024,11,28,59,17.81,43.04,1.19,0.0,0.0,8.0,32.0,3.3333333333333335,9.428571428571429,4.0
Tarn Taran,Punjab,2024-11-29,4,2024,11,29,60,17.88,43.17,1.07,0.0,5.0,2.0,11.0,2.3333333333333335,5.571428571428571,2.0
Tarn Taran,Punjab,2024-11-30,2,2024,11,30,61,16.75,43.14,1.36,0.0,4.0,0.0,2.0,3.0,4.571428571428571,1.0
Tarn Taran,Punjab,2025-10-01,1,2025,10,1,1,27.44,76.85,1.12,0.03,2.0,5.0,11.0,3.6666666666666665,4.571428571428571,1.0
Tarn Taran,Punjab,2025-10-02,1,2025,10,2,2,28.01,74.15,0.89,0.18,1.0,4.0,8.0,2.3333333333333335,3.142857142857143,4.0
Tarn Taran,Punjab,2025-10-03,4,2025,10,3,3,26.94,80.65,0.98,1.1,1.0,2.0,2.0,1.3333333333333333,2.142857142857143,9.0
Tarn Taran,Punjab,2025-10-04,9,2025,10,4,4,26.37,80.33,1.29,0.05,4.0,1.0,0.0,2.0,2.4285714285714284,0.0
Tarn Taran,Punjab,2025-10-05,0,2025,10,5,5,25.96,77.56,1.26,13.63,9.0,1.0,5.0,4.666666666666667,3.7142857142857144,0.0
Tarn Taran,Punjab,2025-10-06,0,2025,10,6,6,22.72,86.66,2.45,10.54,0.0,4.0,4.0,4.333333333333333,3.0,0.0
Tarn Taran,Punjab,2025-10-07,0,2025,10,7,7,21.4,86.37,0.77,20.48,0.0,9.0,2.0,3.0,2.4285714285714284,0.0
Tarn Taran,Punjab,2025-10-08,0,2025,10,8,8,21.3,83.7,1.59,0.4,0.0,0.0,1.0,0.0,2.142857142857143,0.0
Tarn Taran,Punjab,2025-10-09,0,2025,10,9,9,22.1,73.52,1.13,0.01,0.0,0.0,1.0,0.0,2.0,5.0
Tarn Taran,Punjab,2025-10-10,5,2025,10,10,10,22.58,71.41,1.21,0.01,0.0,0.0,4.0,0.0,1.8571428571428572,12.0
Tarn Taran,Punjab,2025-10-11,12,2025,10,11,11,22.94,71.68,1.16,0.0,5.0,0.0,9.0,1.6666666666666667,2.0,12.0
Tarn Taran,Punjab,2025-10-12,12,2025,10,12,12,22.42,71.03,1.29,0.0,12.0,0.0,0.0,5.666666666666667,2.4285714285714284,4.0
Tarn Taran,Punjab,2025-10-13,4,2025,10,13,13,23.53,62.42,1.11,0.0,12.0,5.0,0.0,9.666666666666666,4.142857142857143,20.0
Tarn Taran,Punjab,2025-10-14,20,2025,10,14,14,23.71,61.83,0.8,0.0,4.0,12.0,0.0,9.333333333333334,4.714285714285714,16.0
Tarn Taran,Punjab,2025-10-15,16,2025,10,15,15,24.02,63.29,0.64,0.0,20.0,12.0,0.0,12.0,7.571428571428571,28.0
Tarn Taran,Punjab,2025-10-16,28,2025,10,16,16,23.84,70.02,1.23,0.0,16.0,4.0,0.0,13.333333333333334,9.857142857142858,21.0
Tarn Taran,Punjab,2025-10-17,21,2025,10,17,17,23.79,70.09,1.15,0.0,28.0,20.0,5.0,21.333333333333332,13.857142857142858,30.0
Tarn Taran,Punjab,2025-10-18,30,2025,10,18,18,24.25,65.91,0.95,0.0,21.0,16.0,12.0,21.666666666666668,16.142857142857142,45.0
Tarn Taran,Punjab,2025-10-19,45,2025,10,19,19,24.61,63.54,0.88,0.0,30.0,28.0,12.0,26.333333333333332,18.714285714285715,34.0
Tarn Taran,Punjab,2025-10-20,34,2025,10,20,20,23.94,57.88,0.87,0.0,45.0,21.0,4.0,32.0,23.428571428571427,36.0
Tarn Taran,Punjab,2025-10-21,36,2025,10,21,21,23.09,58.45,1.2,0.0,34.0,30.0,20.0,36.333333333333336,27.714285714285715,35.0
Tarn Taran,Punjab,2025-10-22,35,2025,10,22,22,22.64,59.47,1.13,0.0,36.0,45.0,16.0,38.333333333333336,30.0,21.0
Tarn Taran,Punjab,2025-10-23,21,2025,10,23,23,22.96,62.27,1.15,0.0,35.0,34.0,28.0,35.0,32.714285714285715,18.0
Tarn Taran,Punjab,2025-10-24,18,2025,10,24,24,22.88,63.44,1.14,0.02,21.0,36.0,21.0,30.666666666666668,31.714285714285715,45.0
Tarn Taran,Punjab,2025-10-25,45,2025,10,25,25,22.68,61.63,0.94,0.0,18.0,35.0,30.0,24.666666666666668,31.285714285714285,62.0
Tarn Taran,Punjab,2025-10-26,62,2025,10,26,26,22.65,63.62,0.84,0.0,45.0,21.0,45.0,28.0,33.42857142857143,39.0
Tarn Taran,Punjab,2025-10-27,39,2025,10,27,27,23.56,60.58,0.66,0.0,62.0,18.0,34.0,41.666666666666664,35.857142857142854,22.0
Tarn Taran,Punjab,2025-10-28,22,2025,10,28,28,22.61,63.93,0.99,0.0,39.0,45.0,36.0,48.666666666666664,36.57142857142857,54.0
Tarn Taran,Punjab,2025-10-29,54,2025,10,29,29,21.79,71.93,1.13,0.0,22.0,62.0,35.0,41.0,34.57142857142857,48.0
Tarn Taran,Punjab,2025-10-30,48,2025,10,30,30,22.29,72.23,1.0,0.0,54.0,39.0,21.0,38.333333333333336,37.285714285714285,87.0
Tarn Taran,Punjab,2025-10-31,87,2025,10,31,31,22.56,67.31,1.33,0.0,48.0,22.0,18.0,41.333333333333336,41.142857142857146,71.0
Tarn Taran,Punjab,2025-11-01,71,2025,11,1,32,21.69,62.47,1.32,0.0,87.0,54.0,45.0,63.0,51.0,59.0
Tarn Taran,Punjab,2025-11-02,59,2025,11,2,33,21.23,62.41,1.47,0.0,71.0,48.0,62.0,68.66666666666667,54.714285714285715,33.0
Tarn Taran,Punjab,2025-11-03,33,2025,11,3,34,20.89,59.84,1.28,0.0,59.0,87.0,39.0,72.33333333333333,54.285714285714285,63.0
Tarn Taran,Punjab,2025-11-04,63,2025,11,4,35,19.9,65.86,2.02,0.8,33.0,71.0,22.0,54.333333333333336,53.42857142857143,5.0
Tarn Taran,Punjab,2025-11-05,5,2025,11,5,36,18.54,73.72,1.8,0.1,63.0,59.0,54.0,51.666666666666664,59.285714285714285,44.0
Tarn Taran,Punjab,2025-11-06,44,2025,11,6,37,16.4,61.09,1.73,0.0,5.0,33.0,48.0,33.666666666666664,52.285714285714285,29.0
Tarn Taran,Punjab,2025-11-07,29,2025,11,7,38,17.32,50.15,1.35,0.0,44.0,63.0,87.0,37.333333333333336,51.714285714285715,31.0
Tarn Taran,Punjab,2025-11-08,31,2025,11,8,39,17.89,45.7,1.23,0.0,29.0,5.0,71.0,26.0,43.42857142857143,41.0
Tarn Taran,Punjab,2025-11-09,41,2025,11,9,40,17.49,51.6,1.39,0.0,31.0,44.0,59.0,34.666666666666664,37.714285714285715,58.0
Tarn Taran,Punjab,2025-11-10,58,2025,11,10,41,17.72,47.92,1.19,0.0,41.0,29.0,33.0,33.666666666666664,35.142857142857146,48.0
Tarn Taran,Punjab,2025-11-11,48,2025,11,11,42,17.16,52.94,1.26,0.0,58.0,31.0,63.0,43.333333333333336,38.714285714285715,18.0
Tarn Taran,Punjab,2025-11-12,18,2025,11,12,43,16.84,52.76,1.55,0.0,48.0,41.0,5.0,49.0,36.57142857142857,17.0
Tarn Taran,Punjab,2025-11-13,17,2025,11,13,44,16.8,53.34,1.31,0.0,18.0,58.0,44.0,41.333333333333336,38.42857142857143,23.0
Tarn Taran,Punjab,2025-11-14,23,2025,11,14,45,16.79,49.32,1.09,0.0,17.0,48.0,29.0,27.666666666666668,34.57142857142857,12.0
Tarn Taran,Punjab,2025-11-15,12,2025,11,15,46,17.07,47.79,1.05,0.0,23.0,18.0,31.0,19.333333333333332,33.714285714285715,12.0
Tarn Taran,Punjab,2025-11-16,12,2025,11,16,47,16.56,51.67,1.21,0.0,12.0,17.0,41.0,17.333333333333332,31.0,5.0
Tarn Taran,Punjab,2025-11-17,5,2025,11,17,48,17.02,48.63,1.07,0.0,12.0,23.0,58.0,15.666666666666666,26.857142857142858,3.0
Tarn Taran,Punjab,2025-11-18,3,2025,11,18,49,16.34,54.04,1.07,0.0,5.0,12.0,48.0,9.666666666666666,19.285714285714285,0.0
Tarn Taran,Punjab,2025-11-19,0,2025,11,19,50,17.13,51.55,0.71,0.0,3.0,12.0,18.0,6.666666666666667,12.857142857142858,3.0
Tarn Taran,Punjab,2025-11-20,3,2025,11,20,51,17.19,55.64,0.72,0.0,0.0,5.0,17.0,2.6666666666666665,10.285714285714286,4.0
Tarn Taran,Punjab,2025-11-21,4,2025,11,21,52,16.87,59.98,0.82,0.0,3.0,3.0,23.0,2.0,8.285714285714286,2.0
Tarn Taran,Punjab,2025-11-22,2,2025,11,22,53,16.07,63.23,1.38,0.0,4.0,0.0,12.0,2.3333333333333335,5.571428571428571,0.0
Tarn Taran,Punjab,2025-11-23,0,2025,11,23,54,15.59,54.04,1.02,0.0,2.0,3.0,12.0,3.0,4.142857142857143,0.0
Tarn Taran,Punjab,2025-11-24,0,2025,11,24,55,15.15,53.34,1.28,0.0,0.0,4.0,5.0,2.0,2.4285714285714284,0.0
Tarn Taran,Punjab,2025-11-25,0,2025,11,25,56,14.78,53.1,1.3,0.0,0.0,2.0,3.0,0.6666666666666666,1.7142857142857142,0.0
Tarn Taran,Punjab,2025-11-26,0,2025,11,26,57,14.65,50.2,1.07,0.0,0.0,0.0,0.0,0.0,1.2857142857142858,0.0
Tarn Taran,Punjab,2025-11-27,0,2025,11,27,58,14.54,52.24,0.85,0.0,0.0,0.0,3.0,0.0,1.2857142857142858,0.0
Tarn Taran,Punjab,2025-11-28,0,2025,11,28,59,14.48,54.18,1.04,0.0,0.0,0.0,4.0,0.0,0.8571428571428571,0.0
Tarn Taran,Punjab,2025-11-29,0,2025,11,29,60,14.37,50.35,1.0,0.0,0.0,0.0,2.0,0.0,0.2857142857142857,0.0
Yamunanagar,Haryana,2023-10-08,9,2023,10,8,8,24.63,71.62,1.08,0.0,9.0,5.0,3.0,5.333333333333333,5.571428571428571,3.0
Yamunanagar,Haryana,2023-10-09,3,2023,10,9,9,24.76,75.46,0.84,0.0,9.0,2.0,15.0,6.666666666666667,6.428571428571429,0.0
Yamunanagar,Haryana,2023-10-10,0,2023,10,10,10,25.05,70.45,1.14,0.61,3.0,9.0,3.0,7.0,4.714285714285714,3.0
Yamunanagar,Haryana,2023-10-11,3,2023,10,11,11,23.42,69.38,1.41,0.0,0.0,9.0,2.0,4.0,4.285714285714286,7.0
Yamunanagar,Haryana,2023-10-12,7,2023,10,12,12,23.36,68.4,1.14,0.0,3.0,3.0,5.0,2.0,4.428571428571429,7.0
Yamunanagar,Haryana,2023-10-13,7,2023,10,13,13,23.16,68.62,1.15,0.0,7.0,0.0,2.0,3.3333333333333335,4.714285714285714,9.0
Yamunanagar,Haryana,2023-10-14,9,2023,10,14,14,23.5,70.32,1.4,0.16,7.0,3.0,9.0,5.666666666666667,5.428571428571429,11.0
Yamunanagar,Haryana,2023-10-15,11,2023,10,15,15,23.84,66.82,0.93,0.12,9.0,7.0,9.0,7.666666666666667,5.428571428571429,0.0
Yamunanagar,Haryana,2023-10-16,0,2023,10,16,16,22.46,76.84,1.32,20.14,11.0,7.0,3.0,9.0,5.714285714285714,0.0
Yamunanagar,Haryana,2023-10-17,0,2023,10,17,17,21.07,77.06,0.95,1.04,0.0,9.0,0.0,6.666666666666667,5.285714285714286,0.0
Yamunanagar,Haryana,2023-10-18,0,2023,10,18,18,20.19,74.76,1.8,0.08,0.0,11.0,3.0,3.6666666666666665,5.285714285714286,2.0
Yamunanagar,Haryana,2023-10-19,2,2023,10,19,19,19.9,73.51,1.38,0.0,0.0,0.0,7.0,0.0,4.857142857142857,3.0
Yamunanagar,Haryana,2023-10-20,3,2023,10,20,20,20.53,69.6,1.02,0.0,2.0,0.0,7.0,0.6666666666666666,4.142857142857143,5.0
Yamunanagar,Haryana,2023-10-21,5,2023,10,21,21,21.13,66.35,0.92,0.0,3.0,0.0,9.0,1.6666666666666667,3.5714285714285716,0.0
Yamunanagar,Haryana,2023-10-22,0,2023,10,22,22,21.31,70.58,1.15,0.0,5.0,2.0,11.0,3.3333333333333335,3.0,6.0
Yamunanagar,Haryana,2023-10-23,6,2023,10,23,23,21.53,69.11,0.85,0.02,0.0,3.0,0.0,2.6666666666666665,1.4285714285714286,14.0
Yamunanagar,Haryana,2023-10-24,14,2023,10,24,24,22.42,64.85,0.96,0.0,6.0,5.0,0.0,3.6666666666666665,2.2857142857142856,5.0
Yamunanagar,Haryana,2023-10-25,5,2023,10,25,25,22.25,64.33,0.95,0.0,14.0,0.0,0.0,6.666666666666667,4.285714285714286,5.0
Yamunanagar,Haryana,2023-10-26,5,2023,10,26,26,22.05,63.35,1.34,0.0,5.0,6.0,2.0,8.333333333333334,5.0,18.0
Yamunanagar,Haryana,2023-10-27,18,2023,10,27,27,21.56,64.81,1.22,0.0,5.0,14.0,3.0,8.0,5.428571428571429,2.0
Yamunanagar,Haryana,2023-10-28,2,2023,10,28,28,21.36,68.75,1.15,0.0,18.0,5.0,5.0,9.333333333333334,7.571428571428571,13.0
Yamunanagar,Haryana,2023-10-29,13,2023,10,29,29,21.91,67.68,0.94,0.0,2.0,5.0,0.0,8.333333333333334,7.142857142857143,2.0
Yamunanagar,Haryana,2023-10-30,2,2023,10,30,30,21.73,65.96,1.06,0.0,13.0,18.0,6.0,11.0,9.0,4.0
Yamunanagar,Haryana,2023-10-31,4,2023,10,31,31,21.85,64.72,0.98,0.0,2.0,2.0,14.0,5.666666666666667,8.428571428571429,12.0
Yamunanagar,Haryana,2023-11-01,12,2023,11,1,32,23.36,56.29,1.09,0.0,4.0,13.0,5.0,6.333333333333333,7.0,0.0
Yamunanagar,Haryana,2023-11-02,0,2023,11,2,33,22.52,56.63,0.81,0.0,12.0,2.0,5.0,6.0,8.0,5.0
Yamunanagar,Haryana,2023-11-03,5,2023,11,3,34,21.32,63.1,0.95,0.0,0.0,4.0,18.0,5.333333333333333,7.285714285714286,2.0
Yamunanagar,Haryana,2023-11-04,2,2023,11,4,35,21.39,57.92,1.44,0.0,5.0,12.0,2.0,5.666666666666667,5.428571428571429,2.0
Yamunanagar,Haryana,2023-11-05,2,2023,11,5,36,20.59,59.89,1.13,0.0,2.0,0.0,13.0,2.3333333333333335,5.428571428571429,1.0
Yamunanagar,Haryana,2023-11-06,1,2023,11,6,37,20.82,58.1,1.03,0.0,2.0,5.0,2.0,3.0,3.857142857142857,1.0
Yamunanagar,Haryana,2023-11-07,1,2023,11,7,38,20.6,59.58,1.3,0.0,1.0,2.0,4.0,1.6666666666666667,3.7142857142857144,1.0
Yamunanagar,Haryana,2023-11-08,1,2023,11,8,39,20.38,62.33,1.24,0.0,1.0,2.0,12.0,1.3333333333333333,3.2857142857142856,5.0
Yamunanagar,Haryana,2023-11-09,5,2023,11,9,40,20.96,64.07,1.65,0.0,1.0,1.0,0.0,1.0,1.7142857142857142,0.0
Yamunanagar,Haryana,2023-11-10,0,2023,11,10,41,19.53,72.09,1.92,1.29,5.0,1.0,5.0,2.3333333333333335,2.4285714285714284,0.0
Yamunanagar,Haryana,2023-11-11,0,2023,11,11,42,18.76,70.5,1.16,0.06,0.0,1.0,2.0,2.0,1.7142857142857142,5.0
Yamunanagar,Haryana,2023-11-12,5,2023,11,12,43,18.69,66.02,1.38,0.0,0.0,5.0,2.0,1.6666666666666667,1.4285714285714286,5.0
Yamunanagar,Haryana,2023-11-13,5,2023,11,13,44,18.68,61.38,1.0,0.0,5.0,0.0,1.0,1.6666666666666667,1.8571428571428572,0.0
Yamunanagar,Haryana,2023-11-14,0,2023,11,14,45,19.37,57.4,1.02,0.0,5.0,0.0,1.0,3.3333333333333335,2.4285714285714284,4.0
Yamunanagar,Haryana,2023-11-15,4,2023,11,15,46,19.78,60.38,0.94,0.0,0.0,5.0,1.0,3.3333333333333335,2.2857142857142856,0.0
Yamunanagar,Haryana,2023-11-16,0,2023,11,16,47,20.36,59.7,1.05,0.0,4.0,5.0,5.0,3.0,2.7142857142857144,4.0
Yamunanagar,Haryana,2023-11-17,4,2023,11,17,48,21.16,59.45,1.07,0.0,0.0,0.0,0.0,1.3333333333333333,2.0,3.0
Yamunanagar,Haryana,2023-11-18,3,2023,11,18,49,20.82,61.41,1.28,0.0,4.0,4.0,0.0,2.6666666666666665,2.5714285714285716,3.0
Yamunanagar,Haryana,2023-11-19,3,2023,11,19,50,19.15,64.29,1.35,0.0,3.0,0.0,5.0,2.3333333333333335,3.0,6.0
Yamunanagar,Haryana,2023-11-20,6,2023,11,20,51,18.86,65.62,1.03,0.0,3.0,4.0,5.0,3.3333333333333335,2.7142857142857144,2.0
Yamunanagar,Haryana,2023-11-21,2,2023,11,21,52,18.23,66.58,1.87,0.0,6.0,3.0,0.0,4.0,2.857142857142857,0.0
Yamunanagar,Haryana,2023-11-22,0,2023,11,22,53,16.97,66.79,1.53,0.0,2.0,3.0,4.0,3.6666666666666665,3.142857142857143,2.0
Yamunanagar,Haryana,2023-11-23,2,2023,11,23,54,17.92,58.76,1.03,0.0,0.0,6.0,0.0,2.6666666666666665,2.5714285714285716,0.0
Yamunanagar,Haryana,2023-11-24,0,2023,11,24,55,17.9,59.5,1.05,0.0,2.0,2.0,4.0,1.3333333333333333,2.857142857142857,4.0
Yamunanagar,Haryana,2023-11-25,4,2023,11,25,56,18.28,53.63,1.2,0.0,0.0,0.0,3.0,0.6666666666666666,2.2857142857142856,0.0
Yamunanagar,Haryana,2023-11-26,0,2023,11,26,57,18.26,57.06,1.14,0.0,4.0,2.0,3.0,2.0,2.4285714285714284,0.0
Yamunanagar,Haryana,2023-11-27,0,2023,11,27,58,17.45,68.2,1.26,0.11,0.0,0.0,6.0,1.3333333333333333,2.0,0.0
Yamunanagar,Haryana,2023-11-28,0,2023,11,28,59,18.79,57.24,1.07,0.01,0.0,4.0,2.0,1.3333333333333333,1.1428571428571428,4.0
Yamunanagar,Haryana,2023-11-29,4,2023,11,29,60,19.67,56.19,1.15,0.03,0.0,0.0,0.0,0.0,0.8571428571428571,0.0
Yamunanagar,Haryana,2023-11-30,0,2023,11,30,61,18.78,67.42,0.97,0.56,4.0,0.0,2.0,1.3333333333333333,1.4285714285714286,0.0
Yamunanagar,Haryana,2024-10-01,0,2024,10,1,1,26.37,87.56,1.92,0.0,0.0,0.0,0.0,1.3333333333333333,1.1428571428571428,0.0
Yamunanagar,Haryana,2024-10-02,0,2024,10,2,2,25.8,82.96,1.64,0.0,0.0,4.0,4.0,1.3333333333333333,1.1428571428571428,1.0
Yamunanagar,Haryana,2024-10-03,1,2024,10,3,3,26.04,76.85,1.19,0.0,0.0,0.0,0.0,0.0,0.5714285714285714,0.0
Yamunanagar,Haryana,2024-10-04,0,2024,10,4,4,25.51,75.2,1.17,0.0,1.0,0.0,0.0,0.3333333333333333,0.7142857142857143,2.0
Yamunanagar,Haryana,2024-10-05,2,2024,10,5,5,26.04,72.02,1.11,0.07,0.0,0.0,0.0,0.3333333333333333,0.7142857142857143,3.0
Yamunanagar,Haryana,2024-10-06,3,2024,10,6,6,25.78,74.97,1.43,0.29,2.0,1.0,4.0,1.0,1.0,0.0
Yamunanagar,Haryana,2024-10-07,0,2024,10,7,7,25.73,76.94,1.04,0.0,3.0,0.0,0.0,1.6666666666666667,0.8571428571428571,4.0
Yamunanagar,Haryana,2024-10-08,4,2024,10,8,8,25.04,75.5,1.11,0.04,0.0,2.0,0.0,1.6666666666666667,0.8571428571428571,2.0
Yamunanagar,Haryana,2024-10-09,2,2024,10,9,9,24.67,75.58,1.42,0.0,4.0,3.0,0.0,2.3333333333333335,1.4285714285714286,0.0
Yamunanagar,Haryana,2024-10-10,0,2024,10,10,10,23.49,75.93,1.79,0.0,2.0,0.0,1.0,2.0,1.7142857142857142,5.0
Yamunanagar,Haryana,2024-10-11,5,2024,10,11,11,23.54,74.14,1.68,0.0,0.0,4.0,0.0,2.0,1.5714285714285714,8.0
Yamunanagar,Haryana,2024-10-12,8,2024,10,12,12,23.7,70.29,1.34,0.0,5.0,2.0,2.0,2.3333333333333335,2.2857142857142856,3.0
Yamunanagar,Haryana,2024-10-13,3,2024,10,13,13,24.05,61.17,0.97,0.0,8.0,0.0,3.0,4.333333333333333,3.142857142857143,3.0
Yamunanagar,Haryana,2024-10-14,3,2024,10,14,14,22.6,68.06,1.43,0.46,3.0,5.0,0.0,5.333333333333333,3.142857142857143,3.0
Yamunanagar,Haryana,2024-10-15,3,2024,10,15,15,23.18,70.15,1.52,1.51,3.0,8.0,4.0,4.666666666666667,3.5714285714285716,0.0
Yamunanagar,Haryana,2024-10-16,0,2024,10,16,16,23.43,74.12,0.96,0.0,3.0,3.0,2.0,3.0,3.4285714285714284,3.0
Yamunanagar,Haryana,2024-10-17,3,2024,10,17,17,23.49,71.28,1.03,0.0,0.0,3.0,0.0,2.0,3.142857142857143,1.0
Yamunanagar,Haryana,2024-10-18,1,2024,10,18,18,23.59,69.36,1.19,0.0,3.0,3.0,5.0,2.0,3.5714285714285716,2.0
Yamunanagar,Haryana,2024-10-19,2,2024,10,19,19,22.8,74.78,1.3,0.0,1.0,0.0,8.0,1.3333333333333333,3.0,3.0
Yamunanagar,Haryana,2024-10-20,3,2024,10,20,20,22.86,76.67,1.26,0.0,2.0,3.0,3.0,2.0,2.142857142857143,1.0
Yamunanagar,Haryana,2024-10-21,1,2024,10,21,21,23.14,77.86,1.11,0.0,3.0,1.0,3.0,2.0,2.142857142857143,1.0
Yamunanagar,Haryana,2024-10-22,1,2024,10,22,22,23.45,77.82,1.14,0.0,1.0,2.0,3.0,2.0,1.8571428571428572,6.0
Yamunanagar,Haryana,2024-10-23,6,2024,10,23,23,23.94,69.36,0.96,0.0,1.0,3.0,0.0,1.6666666666666667,1.5714285714285714,3.0
Yamunanagar,Haryana,2024-10-24,3,2024,10,24,24,24.59,62.15,1.19,0.0,6.0,1.0,3.0,2.6666666666666665,2.4285714285714284,5.0
Yamunanagar,Haryana,2024-10-25,5,2024,10,25,25,23.12,75.32,1.42,0.0,3.0,1.0,1.0,3.3333333333333335,2.4285714285714284,0.0
Yamunanagar,Haryana,2024-10-26,0,2024,10,26,26,23.48,71.72,1.14,0.0,5.0,6.0,2.0,4.666666666666667,3.0,4.0
Yamunanagar,Haryana,2024-10-27,4,2024,10,27,27,23.15,80.44,1.29,0.0,0.0,3.0,3.0,2.6666666666666665,2.7142857142857144,2.0
Yamunanagar,Haryana,2024-10-28,2,2024,10,28,28,23.83,83.79,1.33,0.0,4.0,5.0,1.0,3.0,2.857142857142857,1.0
Yamunanagar,Haryana,2024-10-29,1,2024,10,29,29,24.65,80.82,1.1,0.0,2.0,0.0,1.0,2.0,3.0,1.0
Yamunanagar,Haryana,2024-10-30,1,2024,10,30,30,24.6,75.33,1.19,0.0,1.0,4.0,6.0,2.3333333333333335,3.0,5.0
Yamunanagar,Haryana,2024-10-31,5,2024,10,31,31,23.63,67.41,1.5,0.0,1.0,2.0,3.0,1.3333333333333333,2.2857142857142856,7.0
Yamunanagar,Haryana,2024-11-01,7,2024,11,1,32,22.44,63.65,1.53,0.0,5.0,1.0,5.0,2.3333333333333335,2.5714285714285716,6.0
Yamunanagar,Haryana,2024-11-02,6,2024,11,2,33,21.93,62.15,0.99,0.0,7.0,1.0,0.0,4.333333333333333,2.857142857142857,0.0
Yamunanagar,Haryana,2024-11-03,0,2024,11,3,34,22.54,58.94,1.08,0.0,6.0,5.0,4.0,6.0,3.7142857142857144,1.0
Yamunanagar,Haryana,2024-11-04,1,2024,11,4,35,22.09,64.0,1.04,0.0,0.0,7.0,2.0,4.333333333333333,3.142857142857143,0.0
Yamunanagar,Haryana,2024-11-05,0,2024,11,5,36,21.98,71.82,1.33,0.0,1.0,6.0,1.0,2.3333333333333335,3.0,0.0
Yamunanagar,Haryana,2024-11-06,0,2024,11,6,37,22.53,72.49,1.06,0.0,0.0,0.0,1.0,0.3333333333333333,2.857142857142857,2.0
Yamunanagar,Haryana,2024-11-07,2,2024,11,7,38,22.4,73.98,1.14,0.0,0.0,1.0,5.0,0.3333333333333333,2.7142857142857144,1.0
Yamunanagar,Haryana,2024-11-08,1,2024,11,8,39,22.48,75.79,1.17,0.0,2.0,0.0,7.0,0.6666666666666666,2.2857142857142856,1.0
Yamunanagar,Haryana,2024-11-09,1,2024,11,9,40,22.03,81.11,1.49,0.0,1.0,0.0,6.0,1.0,1.4285714285714286,0.0
Yamunanagar,Haryana,2024-11-10,0,2024,11,10,41,22.08,79.77,1.21,0.0,1.0,2.0,0.0,1.3333333333333333,0.7142857142857143,0.0
Yamunanagar,Haryana,2024-11-11,0,2024,11,11,42,22.66,78.29,0.93,0.0,0.0,1.0,1.0,0.6666666666666666,0.7142857142857143,0.0
Yamunanagar,Haryana,2024-11-12,0,2024,11,12,43,21.92,72.79,1.24,0.0,0.0,1.0,0.0,0.3333333333333333,0.5714285714285714,0.0
Yamunanagar,Haryana,2024-11-13,0,2024,11,13,44,20.78,65.62,1.17,0.0,0.0,0.0,0.0,0.0,0.5714285714285714,1.0
Yamunanagar,Haryana,2024-11-14,1,2024,11,14,45,19.91,63.75,1.24,0.0,0.0,0.0,2.0,0.0,0.5714285714285714,3.0
Yamunanagar,Haryana,2024-11-15,3,2024,11,15,46,19.77,60.92,1.3,0.0,1.0,0.0,1.0,0.3333333333333333,0.42857142857142855,1.0
Yamunanagar,Haryana,2024-11-16,1,2024,11,16,47,19.54,64.88,1.36,0.0,3.0,0.0,1.0,1.3333333333333333,0.7142857142857143,0.0
Yamunanagar,Haryana,2024-11-17,0,2024,11,17,48,19.51,57.95,1.44,0.0,1.0,1.0,0.0,1.6666666666666667,0.7142857142857143,0.0
Yamunanagar,Haryana,2024-11-18,0,2024,11,18,49,18.54,57.55,1.15,0.0,0.0,3.0,0.0,1.3333333333333333,0.7142857142857143,2.0
Yamunanagar,Haryana,2024-11-19,2,2024,11,19,50,18.11,60.42,1.11,0.0,0.0,1.0,0.0,0.3333333333333333,0.7142857142857143,4.0
Yamunanagar,Haryana,2024-11-20,4,2024,11,20,51,17.84,58.18,1.08,0.0,2.0,0.0,0.0,0.6666666666666666,1.0,2.0
Yamunanagar,Haryana,2024-11-21,2,2024,11,21,52,17.6,56.52,1.14,0.0,4.0,0.0,1.0,2.0,1.5714285714285714,0.0
Yamunanagar,Haryana,2024-11-22,0,2024,11,22,53,17.0,58.83,1.04,0.0,2.0,2.0,3.0,2.6666666666666665,1.7142857142857142,1.0
Yamunanagar,Haryana,2024-11-23,1,2024,11,23,54,17.42,58.0,0.96,0.0,0.0,4.0,1.0,2.0,1.2857142857142858,2.0
Yamunanagar,Haryana,2024-11-24,2,2024,11,24,55,17.91,58.95,1.47,0.0,1.0,2.0,0.0,1.0,1.2857142857142858,1.0
Yamunanagar,Haryana,2024-11-25,1,2024,11,25,56,16.68,63.11,1.94,0.0,2.0,0.0,0.0,1.0,1.5714285714285714,4.0
Yamunanagar,Haryana,2024-11-26,4,2024,11,26,57,16.09,61.18,1.4,0.0,1.0,1.0,2.0,1.3333333333333333,1.7142857142857142,0.0
Yamunanagar,Haryana,2024-11-27,0,2024,11,27,58,15.71,64.71,1.25,0.0,4.0,2.0,4.0,2.3333333333333335,2.0,3.0
Yamunanagar,Haryana,2024-11-28,3,2024,11,28,59,16.29,61.13,1.2,0.0,0.0,1.0,2.0,1.6666666666666667,1.4285714285714286,0.0
Yamunanagar,Haryana,2024-11-29,0,2024,11,29,60,17.17,56.65,1.01,0.0,3.0,4.0,0.0,2.3333333333333335,1.5714285714285714,0.0
Yamunanagar,Haryana,2024-11-30,0,2024,11,30,61,17.08,55.09,1.07,0.0,0.0,0.0,1.0,1.0,1.5714285714285714,0.0
Yamunanagar,Haryana,2025-10-01,0,2025,10,1,1,26.65,84.19,1.08,0.05,0.0,3.0,2.0,1.0,1.4285714285714286,0.0
Yamunanagar,Haryana,2025-10-02,0,2025,10,2,2,26.33,84.76,1.22,6.51,0.0,0.0,1.0,0.0,1.1428571428571428,0.0
Yamunanagar,Haryana,2025-10-03,0,2025,10,3,3,26.0,84.92,0.97,0.63,0.0,0.0,4.0,0.0,1.0,2.0
Yamunanagar,Haryana,2025-10-04,2,2025,10,4,4,26.19,84.41,1.84,0.03,0.0,0.0,0.0,0.0,0.42857142857142855,0.0
Yamunanagar,Haryana,2025-10-05,0,2025,10,5,5,25.52,78.62,1.44,0.24,2.0,0.0,3.0,0.6666666666666666,0.7142857142857143,0.0
Yamunanagar,Haryana,2025-10-06,0,2025,10,6,6,24.02,81.31,1.28,14.08,0.0,0.0,0.0,0.6666666666666666,0.2857142857142857,0.0
Yamunanagar,Haryana,2025-10-07,0,2025,10,7,7,22.24,86.5,2.26,3.17,0.0,2.0,0.0,0.6666666666666666,0.2857142857142857,0.0
Yamunanagar,Haryana,2025-10-08,0,2025,10,8,8,22.05,85.56,1.17,8.98,0.0,0.0,0.0,0.0,0.2857142857142857,0.0
Yamunanagar,Haryana,2025-10-09,0,2025,10,9,9,22.43,81.42,0.97,0.36,0.0,0.0,0.0,0.0,0.2857142857142857,2.0
Yamunanagar,Haryana,2025-10-10,2,2025,10,10,10,22.6,79.33,0.99,0.0,0.0,0.0,0.0,0.0,0.2857142857142857,0.0
Yamunanagar,Haryana,2025-10-11,0,2025,10,11,11,23.19,79.91,1.17,0.0,2.0,0.0,2.0,0.6666666666666666,0.5714285714285714,0.0
Yamunanagar,Haryana,2025-10-12,0,2025,10,12,12,22.89,81.47,1.08,0.0,0.0,0.0,0.0,0.6666666666666666,0.2857142857142857,0.0
Yamunanagar,Haryana,2025-10-13,0,2025,10,13,13,22.59,80.63,1.19,0.0,0.0,2.0,0.0,0.6666666666666666,0.2857142857142857,0.0
Yamunanagar,Haryana,2025-10-14,0,2025,10,14,14,22.69,75.59,1.06,0.0,0.0,0.0,0.0,0.0,0.2857142857142857,0.0
Yamunanagar,Haryana,2025-10-15,0,2025,10,15,15,22.98,71.38,1.0,0.0,0.0,0.0,0.0,0.0,0.2857142857142857,4.0
Yamunanagar,Haryana,2025-10-16,4,2025,10,16,16,23.25,76.94,0.93,0.0,0.0,0.0,0.0,0.0,0.2857142857142857,0.0
Yamunanagar,Haryana,2025-10-17,0,2025,10,17,17,24.07,80.43,0.96,0.0,4.0,0.0,2.0,1.3333333333333333,0.8571428571428571,2.0
Yamunanagar,Haryana,2025-10-18,2,2025,10,18,18,24.65,74.1,0.85,0.0,0.0,0.0,0.0,1.3333333333333333,0.5714285714285714,1.0
Yamunanagar,Haryana,2025-10-19,1,2025,10,19,19,24.4,68.78,0.81,0.0,2.0,4.0,0.0,2.0,0.8571428571428571,2.0
Yamunanagar,Haryana,2025-10-20,2,2025,10,20,20,24.31,68.69,0.84,0.0,1.0,0.0,0.0,1.0,1.0,0.0
Yamunanagar,Haryana,2025-10-21,0,2025,10,21,21,24.6,69.5,0.72,0.0,2.0,2.0,0.0,1.6666666666666667,1.2857142857142858,1.0
Yamunanagar,Haryana,2025-10-22,1,2025,10,22,22,23.26,75.81,0.97,0.0,0.0,1.0,0.0,1.0,1.2857142857142858,0.0
Yamunanagar,Haryana,2025-10-23,0,2025,10,23,23,24.03,60.5,0.95,0.3,1.0,2.0,4.0,1.0,1.4285714285714286,0.0
Yamunanagar,Haryana,2025-10-24,0,2025,10,24,24,23.34,64.7,0.86,0.01,0.0,0.0,0.0,0.3333333333333333,0.8571428571428571,0.0
Yamunanagar,Haryana,2025-10-25,0,2025,10,25,25,22.48,68.94,1.04,0.0,0.0,1.0,2.0,0.3333333333333333,0.8571428571428571,0.0
Yamunanagar,Haryana,2025-10-26,0,2025,10,26,26,23.26,66.76,0.96,0.0,0.0,0.0,1.0,0.0,0.5714285714285714,0.0
Yamunanagar,Haryana,2025-10-27,0,2025,10,27,27,22.68,71.37,0.82,0.0,0.0,0.0,2.0,0.0,0.42857142857142855,0.0
Yamunanagar,Haryana,2025-10-28,0,2025,10,28,28,21.6,74.07,1.16,0.0,0.0,0.0,0.0,0.0,0.14285714285714285,1.0
Yamunanagar,Haryana,2025-10-29,1,2025,10,29,29,22.03,73.41,0.65,0.0,0.0,0.0,1.0,0.0,0.14285714285714285,0.0
Yamunanagar,Haryana,2025-10-30,0,2025,10,30,30,22.89,80.55,0.97,0.01,1.0,0.0,0.0,0.3333333333333333,0.14285714285714285,0.0
Yamunanagar,Haryana,2025-10-31,0,2025,10,31,31,22.55,83.05,1.27,0.0,0.0,0.0,0.0,0.3333333333333333,0.14285714285714285,1.0
Yamunanagar,Haryana,2025-11-01,1,2025,11,1,32,22.24,78.85,1.3,0.0,0.0,1.0,0.0,0.3333333333333333,0.14285714285714285,5.0
Yamunanagar,Haryana,2025-11-02,5,2025,11,2,33,20.53,78.11,1.6,0.0,1.0,0.0,0.0,0.3333333333333333,0.2857142857142857,3.0
Yamunanagar,Haryana,2025-11-03,3,2025,11,3,34,19.85,77.29,1.39,0.0,5.0,0.0,0.0,2.0,1.0,0.0
Yamunanagar,Haryana,2025-11-04,0,2025,11,4,35,19.75,70.24,1.34,0.07,3.0,1.0,0.0,3.0,1.4285714285714286,0.0
Yamunanagar,Haryana,2025-11-05,0,2025,11,5,36,20.79,65.88,1.56,0.03,0.0,5.0,1.0,2.6666666666666665,1.4285714285714286,0.0
Yamunanagar,Haryana,2025-11-06,0,2025,11,6,37,17.91,75.17,1.49,0.0,0.0,3.0,0.0,1.0,1.2857142857142858,0.0
Yamunanagar,Haryana,2025-11-07,0,2025,11,7,38,17.12,65.6,1.11,0.0,0.0,0.0,0.0,0.0,1.2857142857142858,0.0
Yamunanagar,Haryana,2025-11-08,0,2025,11,8,39,17.47,61.71,1.16,0.0,0.0,0.0,1.0,0.0,1.2857142857142858,0.0
Yamunanagar,Haryana,2025-11-09,0,2025,11,9,40,17.78,60.01,1.06,0.0,0.0,0.0,5.0,0.0,1.1428571428571428,0.0
Yamunanagar,Haryana,2025-11-10,0,2025,11,10,41,18.47,56.89,1.0,0.0,0.0,0.0,3.0,0.0,0.42857142857142855,0.0
Yamunanagar,Haryana,2025-11-11,0,2025,11,11,42,17.62,61.88,1.35,0.0,0.0,0.0,0.0,0.0,0.0,0.0
Yamunanagar,Haryana,2025-11-12,0,2025,11,12,43,16.99,63.5,1.75,0.0,0.0,0.0,0.0,0.0,0.0,0.0
Yamunanagar,Haryana,2025-11-13,0,2025,11,13,44,17.11,63.59,1.36,0.0,0.0,0.0,0.0,0.0,0.0,0.0
Yamunanagar,Haryana,2025-11-14,0,2025,11,14,45,16.61,64.15,1.17,0.0,0.0,0.0,0.0,0.0,0.0,2.0
Yamunanagar,Haryana,2025-11-15,2,2025,11,15,46,16.72,63.9,1.1,0.0,0.0,0.0,0.0,0.0,0.0,0.0
Yamunanagar,Haryana,2025-11-16,0,2025,11,16,47,15.89,70.65,1.29,0.0,2.0,0.0,0.0,0.6666666666666666,0.2857142857142857,0.0
Yamunanagar,Haryana,2025-11-17,0,2025,11,17,48,16.21,69.65,0.81,0.0,0.0,0.0,0.0,0.6666666666666666,0.2857142857142857,0.0
Yamunanagar,Haryana,2025-11-18,0,2025,11,18,49,17.81,61.94,1.07,0.0,0.0,2.0,0.0,0.6666666666666666,0.2857142857142857,0.0
Yamunanagar,Haryana,2025-11-19,0,2025,11,19,50,17.75,66.02,1.3,0.0,0.0,0.0,0.0,0.0,0.2857142857142857,0.0
Yamunanagar,Haryana,2025-11-20,0,2025,11,20,51,18.63,61.21,0.83,0.0,0.0,0.0,0.0,0.0,0.2857142857142857,0.0
Yamunanagar,Haryana,2025-11-21,0,2025,11,21,52,18.54,58.29,0.81,0.0,0.0,0.0,0.0,0.0,0.2857142857142857,0.0
Yamunanagar,Haryana,2025-11-22,0,2025,11,22,53,16.99,61.63,0.95,0.0,0.0,0.0,2.0,0.0,0.2857142857142857,1.0
Yamunanagar,Haryana,2025-11-23,1,2025,11,23,54,16.77,62.99,1.09,0.0,0.0,0.0,0.0,0.0,0.0,0.0
Yamunanagar,Haryana,2025-11-24,0,2025,11,24,55,16.4,61.63,1.08,0.0,1.0,0.0,0.0,0.3333333333333333,0.14285714285714285,2.0
Yamunanagar,Haryana,2025-11-25,2,2025,11,25,56,15.63,61.74,1.09,0.0,0.0,0.0,0.0,0.3333333333333333,0.14285714285714285,1.0
Yamunanagar,Haryana,2025-11-26,1,2025,11,26,57,16.66,58.25,0.99,0.0,2.0,1.0,0.0,1.0,0.42857142857142855,2.0
Yamunanagar,Haryana,2025-11-27,2,2025,11,27,58,16.06,66.07,1.12,0.0,1.0,0.0,0.0,1.0,0.5714285714285714,1.0
Yamunanagar,Haryana,2025-11-28,1,2025,11,28,59,17.26,57.64,1.27,0.0,2.0,2.0,0.0,1.6666666666666667,0.8571428571428571,0.0
Yamunanagar,Haryana,2025-11-29,0,2025,11,29,60,16.16,56.34,1.81,0.0,1.0,1.0,0.0,1.3333333333333333,1.0,0.0
