state,district,date,fire_count,fire_count_t_plus_3d,horizon,actual_elevated,v2_probability,v2_prediction,transition_probability,transition_prediction,current_regime,transition_actual
Haryana,Ambala,2025-10-15,0,0.0,3,0,0.12229076479076482,0,0.0990128792327503,0,Normal,N->N
Haryana,Ambala,2025-10-16,2,1.0,3,0,0.1387463818860878,0,0.19199228421432374,0,Normal,N->N
Haryana,Ambala,2025-10-17,0,3.0,3,1,0.06654081561754713,0,0.05739414727026834,0,Normal,N->E
Haryana,Ambala,2025-10-18,0,2.0,3,0,0.1769669871794872,0,0.1337787071548282,0,Normal,N->N
Haryana,Ambala,2025-10-19,1,1.0,3,0,0.4938940627900336,1,0.4349288419913419,1,Normal,N->N
Haryana,Ambala,2025-10-20,3,0.0,3,0,0.3874674344375433,1,0.4414246894409938,1,Elevated,E->N
Haryana,Ambala,2025-10-21,2,0.0,3,0,0.39127736928104573,1,0.41331433150183167,0,Normal,N->N
Haryana,Ambala,2025-10-22,1,1.0,3,0,0.39305654761904757,1,0.35053467341766753,0,Normal,N->N
Haryana,Ambala,2025-10-23,0,4.0,3,1,0.17861631138469383,0,0.19794670244775314,0,Normal,N->E
Haryana,Ambala,2025-10-24,0,2.0,3,0,0.25485595980816567,0,0.2407254311548666,0,Normal,N->N
Haryana,Ambala,2025-10-25,1,0.0,3,0,0.35874984402852045,1,0.36965821909571905,0,Normal,N->N
Haryana,Ambala,2025-10-26,4,2.0,3,0,0.5836944055028763,1,0.6552104037267081,1,Elevated,E->N
Haryana,Ambala,2025-10-27,2,0.0,3,0,0.47054283126294005,1,0.378697559793148,0,Normal,N->N
Haryana,Ambala,2025-10-28,0,3.0,3,1,0.28463690476190484,0,0.22811537742899846,0,Normal,N->E
Haryana,Ambala,2025-10-29,2,0.0,3,0,0.3969702380952379,1,0.3236011904761905,0,Normal,N->N
Haryana,Ambala,2025-10-30,0,4.0,3,1,0.17170698255992373,0,0.14231898387157554,0,Normal,N->E
Haryana,Ambala,2025-10-31,3,0.0,3,0,0.5759435347261436,1,0.5895781609694652,1,Elevated,E->N
Haryana,Ambala,2025-11-01,0,0.0,3,0,0.2850364832535885,0,0.24481249999999996,0,Normal,N->N
Haryana,Ambala,2025-11-02,4,0.0,3,0,0.4693822662532371,1,0.5405262963986367,1,Elevated,E->N
Haryana,Ambala,2025-11-03,0,0.0,3,0,0.4260654334700387,1,0.415107142857143,0,Normal,N->N
Haryana,Ambala,2025-11-04,0,1.0,3,0,0.12543779178338002,0,0.12720552719858383,0,Normal,N->N
Haryana,Ambala,2025-11-05,0,1.0,3,0,0.40812499999999985,1,0.3867838504088504,0,Normal,N->N
Haryana,Ambala,2025-11-06,0,0.0,3,0,0.030089809653443947,0,0.02625168695280803,0,Normal,N->N
Haryana,Ambala,2025-11-07,1,0.0,3,0,0.29260357142857146,0,0.2973408767158768,0,Normal,N->N
Haryana,Ambala,2025-11-08,1,0.0,3,0,0.0379047619047619,0,0.04748214285714285,0,Normal,N->N
Haryana,Ambala,2025-11-09,0,0.0,3,0,0.03822222222222223,0,0.04185897435897435,0,Normal,N->N
Haryana,Ambala,2025-11-10,0,2.0,3,0,0.018358974358974357,0,0.026946816822937897,0,Normal,N->N
Haryana,Ambala,2025-11-11,0,0.0,3,0,0.021805555555555557,0,0.020261210762331835,0,Normal,N->N
Haryana,Ambala,2025-11-12,0,0.0,3,0,0.05886021576462755,0,0.06861868686868687,0,Normal,N->N
Haryana,Ambala,2025-11-13,2,0.0,3,0,0.1231470747389865,0,0.1172618874181374,0,Normal,N->N
Haryana,Ambala,2025-11-14,0,0.0,3,0,0.06042156862745097,0,0.07990064102564101,0,Normal,N->N
Haryana,Ambala,2025-11-15,0,0.0,3,0,0.06874836601307191,0,0.0711142327403538,0,Normal,N->N
Haryana,Ambala,2025-11-16,0,0.0,3,0,0.04932816203404437,0,0.066125,0,Normal,N->N
Haryana,Ambala,2025-11-17,0,0.0,3,0,0.006978495052712879,0,0.0042169738588844095,0,Normal,N->N
Haryana,Ambala,2025-11-18,0,0.0,3,0,0.10980521104712278,0,0.14571066317941317,0,Normal,N->N
Haryana,Ambala,2025-11-19,0,0.0,3,0,0.005436828386046211,0,0.0029480344649450148,0,Normal,N->N
Haryana,Ambala,2025-11-20,0,1.0,3,0,0.011291666666666667,0,0.012982801671422748,0,Normal,N->N
Haryana,Ambala,2025-11-21,0,0.0,3,0,0.006630814726209462,0,0.007111693612814689,0,Normal,N->N
Haryana,Ambala,2025-11-22,0,0.0,3,0,0.009839148059542797,0,0.004660394911515988,0,Normal,N->N
Haryana,Ambala,2025-11-23,1,1.0,3,0,0.07841720779220779,0,0.06960357142857142,0,Normal,N->N
Haryana,Bhiwani,2025-10-15,0,2.0,3,0,0.023013812576312572,0,0.01828204409566517,0,Normal,N->N
Haryana,Bhiwani,2025-10-16,1,0.0,3,0,0.06247420634920634,0,0.06414348370927318,0,Normal,N->N
Haryana,Bhiwani,2025-10-17,0,2.0,3,0,0.05076162848008758,0,0.046054259560798574,0,Normal,N->N
Haryana,Bhiwani,2025-10-18,2,1.0,3,0,0.3329906204906205,1,0.3887532467532468,0,Normal,N->N
Haryana,Bhiwani,2025-10-19,0,6.0,3,1,0.07305449760549382,0,0.05155287742899851,0,Normal,N->E
Haryana,Bhiwani,2025-10-20,2,0.0,3,0,0.31894170771756974,1,0.4117353896103896,0,Normal,N->N
Haryana,Bhiwani,2025-10-21,1,0.0,3,0,0.17698571428571433,0,0.20103456959706956,0,Normal,N->N
Haryana,Bhiwani,2025-10-22,6,0.0,3,0,0.420059523809524,1,0.36513699102829533,0,Elevated,E->N
Haryana,Bhiwani,2025-10-23,0,1.0,3,0,0.4268911910457963,1,0.4383288690476191,1,Normal,N->N
Haryana,Bhiwani,2025-10-24,0,0.0,3,0,0.20672434550743365,0,0.2098067176747742,0,Normal,N->N
Haryana,Bhiwani,2025-10-25,0,0.0,3,0,0.2728173701298701,0,0.3266383928571428,0,Normal,N->N
Haryana,Bhiwani,2025-10-26,1,0.0,3,0,0.11077137445887447,0,0.08891777666777666,0,Normal,N->N
Haryana,Bhiwani,2025-10-27,0,0.0,3,0,0.2877257950382951,0,0.315394853988604,0,Normal,N->N
Haryana,Bhiwani,2025-10-28,0,0.0,3,0,0.09334920634920632,0,0.07564216314328422,0,Normal,N->N
Haryana,Bhiwani,2025-10-29,0,0.0,3,0,0.11373511904761902,0,0.1117451851213062,0,Normal,N->N
Haryana,Bhiwani,2025-10-30,0,0.0,3,0,0.05799857660455486,0,0.053141080892201965,0,Normal,N->N
Haryana,Bhiwani,2025-10-31,0,0.0,3,0,0.08340827922077924,0,0.08360225513462623,0,Normal,N->N
Haryana,Bhiwani,2025-11-01,0,0.0,3,0,0.1145490192174975,0,0.12181349206349208,0,Normal,N->N
Haryana,Bhiwani,2025-11-02,0,1.0,3,0,0.04512251984126983,0,0.05100983713595822,0,Normal,N->N
Haryana,Bhiwani,2025-11-03,0,2.0,3,0,0.14599544778892606,0,0.1537718253968254,0,Normal,N->N
Haryana,Bhiwani,2025-11-04,0,4.0,3,1,0.08982595755693583,0,0.10771954409566518,0,Normal,N->E
Haryana,Bhiwani,2025-11-05,1,0.0,3,0,0.14543154761904764,0,0.1726190476190476,0,Normal,N->N
Haryana,Bhiwani,2025-11-06,2,0.0,3,0,0.14878571428571422,0,0.14536492673992676,0,Normal,N->N
Haryana,Bhiwani,2025-11-07,4,0.0,3,0,0.25239940476190476,0,0.2142829702803107,0,Elevated,E->N
Haryana,Bhiwani,2025-11-08,0,7.0,3,1,0.2224622588668641,0,0.22424037742899855,0,Normal,N->E
Haryana,Bhiwani,2025-11-09,0,0.0,3,0,0.1082925379359203,0,0.10875909862715522,0,Normal,N->N
Haryana,Bhiwani,2025-11-10,0,0.0,3,0,0.22778836718836715,0,0.2138935335497836,0,Normal,N->N
Haryana,Bhiwani,2025-11-11,7,0.0,3,0,0.23383006535947715,0,0.32017582742316786,0,Elevated,E->N
Haryana,Bhiwani,2025-11-12,0,1.0,3,0,0.4289044486215541,1,0.43072172619047633,1,Normal,N->N
Haryana,Bhiwani,2025-11-13,0,3.0,3,1,0.2272738095238095,0,0.1766965986271552,0,Normal,N->E
Haryana,Bhiwani,2025-11-14,0,3.0,3,1,0.36776893939393934,1,0.32641299647661753,0,Normal,N->E
Haryana,Bhiwani,2025-11-15,1,0.0,3,0,0.03948611111111111,0,0.04322210092539039,0,Normal,N->N
Haryana,Bhiwani,2025-11-16,3,0.0,3,0,0.29696190476190476,0,0.3170468591691996,0,Elevated,E->N
Haryana,Bhiwani,2025-11-17,3,0.0,3,0,0.23302876984126994,0,0.2823607744206148,0,Elevated,E->N
Haryana,Bhiwani,2025-11-18,0,0.0,3,0,0.35332544429254953,1,0.37648144885757,0,Normal,N->N
Haryana,Bhiwani,2025-11-19,0,3.0,3,1,0.1745200534759358,0,0.1449375,0,Normal,N->E
Haryana,Bhiwani,2025-11-20,0,1.0,3,0,0.11492277820219002,0,0.1036535138248848,0,Normal,N->N
Haryana,Bhiwani,2025-11-21,0,0.0,3,0,0.1334444884364002,0,0.15914500661375663,0,Normal,N->N
Haryana,Bhiwani,2025-11-22,3,0.0,3,0,0.18529220779220779,0,0.16641076609560654,0,Elevated,E->N
Haryana,Bhiwani,2025-11-23,1,0.0,3,0,0.20404821428571432,0,0.2000970695970696,0,Normal,N->N
Haryana,Charkhi Dadri,2025-10-15,0,0.0,3,0,0.06349131711200677,0,0.07505883413971651,0,Normal,N->N
Haryana,Charkhi Dadri,2025-10-16,0,0.0,3,0,0.008937294745484402,0,0.003738483489604566,0,Normal,N->N
Haryana,Charkhi Dadri,2025-10-17,0,0.0,3,0,0.08475141706793654,0,0.09668714301721143,0,Normal,N->N
Haryana,Charkhi Dadri,2025-10-18,0,0.0,3,0,0.015778072247552226,0,0.0088218168229379,0,Normal,N->N
Haryana,Charkhi Dadri,2025-10-19,0,0.0,3,0,0.0022295374490174267,0,0.0020122930134140894,0,Normal,N->N
Haryana,Charkhi Dadri,2025-10-20,0,0.0,3,0,0.021430926337906313,0,0.021671800172921248,0,Normal,N->N
Haryana,Charkhi Dadri,2025-10-21,0,0.0,3,0,0.05780656736354734,0,0.04341813716925825,0,Normal,N->N
Haryana,Charkhi Dadri,2025-10-22,0,0.0,3,0,0.004296845141325119,0,0.005190864441985518,0,Normal,N->N
Haryana,Charkhi Dadri,2025-10-23,0,0.0,3,0,0.03265944065513031,0,0.04210969561081668,0,Normal,N->N
Haryana,Charkhi Dadri,2025-10-24,0,0.0,3,0,0.04955611342680308,0,0.05957539682539684,0,Normal,N->N
Haryana,Charkhi Dadri,2025-10-25,0,0.0,3,0,0.003005747126436782,0,0.005863483489604565,0,Normal,N->N
Haryana,Charkhi Dadri,2025-10-26,0,0.0,3,0,0.026472906403940885,0,0.013474886998376494,0,Normal,N->N
Haryana,Charkhi Dadri,2025-10-27,0,0.0,3,0,0.04668869491536283,0,0.03251491306777833,0,Normal,N->N
Haryana,Charkhi Dadri,2025-10-28,0,0.0,3,0,0.05665945453014418,0,0.03416835361947469,0,Normal,N->N
Haryana,Charkhi Dadri,2025-10-29,0,1.0,3,0,0.08317298839965628,0,0.04821809554421661,0,Normal,N->N
Haryana,Charkhi Dadri,2025-10-30,0,0.0,3,0,0.04020112119681086,0,0.02444922042708569,0,Normal,N->N
Haryana,Charkhi Dadri,2025-10-31,0,0.0,3,0,0.03249731684898477,0,0.025867271368392446,0,Normal,N->N
Haryana,Charkhi Dadri,2025-11-01,1,0.0,3,0,0.024302778526409354,0,0.009537545787545789,0,Normal,N->N
Haryana,Charkhi Dadri,2025-11-02,0,0.0,3,0,0.03479391239254323,0,0.02503959904072012,0,Normal,N->N
Haryana,Charkhi Dadri,2025-11-03,0,0.0,3,0,0.03952788675151759,0,0.03595763933376041,0,Normal,N->N
Haryana,Charkhi Dadri,2025-11-04,0,0.0,3,0,0.0412719343705652,0,0.03763025838137945,0,Normal,N->N
Haryana,Charkhi Dadri,2025-11-05,0,0.0,3,0,0.016226024140444443,0,0.023329053665043162,0,Normal,N->N
Haryana,Charkhi Dadri,2025-11-06,0,0.0,3,0,0.10285048301490335,0,0.11934837706824819,0,Normal,N->N
Haryana,Charkhi Dadri,2025-11-07,0,0.0,3,0,0.03418971119572632,0,0.03293104925717033,0,Normal,N->N
Haryana,Charkhi Dadri,2025-11-08,0,0.0,3,0,0.05256075538142569,0,0.04449964119155174,0,Normal,N->N
Haryana,Charkhi Dadri,2025-11-09,0,0.0,3,0,0.0334535146437403,0,0.03450373096143098,0,Normal,N->N
Haryana,Charkhi Dadri,2025-11-10,0,0.0,3,0,0.035620181310406965,0,0.038535372565441005,0,Normal,N->N
Haryana,Charkhi Dadri,2025-11-11,0,2.0,3,0,0.037491526339646725,0,0.038348969056669076,0,Normal,N->N
Haryana,Charkhi Dadri,2025-11-12,0,0.0,3,0,0.03501930411742451,0,0.030566230961430976,0,Normal,N->N
Haryana,Charkhi Dadri,2025-11-13,0,1.0,3,0,0.03501930411742451,0,0.030744802390002404,0,Normal,N->N
Haryana,Charkhi Dadri,2025-11-14,2,0.0,3,0,0.08326841418385536,0,0.08583571428571428,0,Normal,N->N
Haryana,Charkhi Dadri,2025-11-15,0,0.0,3,0,0.09210088012477717,0,0.06919871076233183,0,Normal,N->N
Haryana,Charkhi Dadri,2025-11-16,1,0.0,3,0,0.12841319444444443,0,0.15354761904761904,0,Normal,N->N
Haryana,Charkhi Dadri,2025-11-17,0,0.0,3,0,0.08246017156862745,0,0.07334454409566517,0,Normal,N->N
Haryana,Charkhi Dadri,2025-11-18,0,0.0,3,0,0.03338140381623821,0,0.019455289709700258,0,Normal,N->N
Haryana,Charkhi Dadri,2025-11-19,0,0.0,3,0,0.13923675213675213,0,0.14661158736487687,0,Normal,N->N
Haryana,Charkhi Dadri,2025-11-20,0,0.0,3,0,0.04227138212253959,0,0.03959792623983679,0,Normal,N->N
Haryana,Charkhi Dadri,2025-11-21,0,0.0,3,0,0.06558814102564105,0,0.05126121076233184,0,Normal,N->N
Haryana,Charkhi Dadri,2025-11-22,0,0.0,3,0,0.045063048789206264,0,0.04554793675563678,0,Normal,N->N
Haryana,Charkhi Dadri,2025-11-23,0,0.0,3,0,0.040314301957620924,0,0.03781401614408458,0,Normal,N->N
Haryana,Faridabad,2025-10-15,3,1.0,3,0,0.14302827380952376,0,0.11090025252525251,0,Elevated,E->N
Haryana,Faridabad,2025-10-16,0,0.0,3,0,0.10616780608564495,0,0.10884874577633744,0,Normal,N->N
Haryana,Faridabad,2025-10-17,2,1.0,3,0,0.21069523809523816,0,0.22049075423630382,0,Normal,N->N
Haryana,Faridabad,2025-10-18,1,0.0,3,0,0.26589880952380945,0,0.3053257575757576,0,Normal,N->N
Haryana,Faridabad,2025-10-19,0,1.0,3,0,0.1517278998778999,0,0.14264880952380957,0,Normal,N->N
Haryana,Faridabad,2025-10-20,1,0.0,3,0,0.19190400237017882,0,0.23170728291316525,0,Normal,N->N
Haryana,Faridabad,2025-10-21,0,0.0,3,0,0.14176125441077997,0,0.14357749864111974,0,Normal,N->N
Haryana,Faridabad,2025-10-22,1,0.0,3,0,0.2444652014652015,0,0.2628637218045113,0,Normal,N->N
Haryana,Faridabad,2025-10-23,0,4.0,3,1,0.05409508547008546,0,0.06068689618801725,0,Normal,N->E
Haryana,Faridabad,2025-10-24,0,0.0,3,0,0.09933623321123321,0,0.07855707910967076,0,Normal,N->N
Haryana,Faridabad,2025-10-25,0,0.0,3,0,0.07903790412486066,0,0.08790704409566517,0,Normal,N->N
Haryana,Faridabad,2025-10-26,4,0.0,3,0,0.17637462537462534,0,0.11385326086956521,0,Elevated,E->N
Haryana,Faridabad,2025-10-27,0,0.0,3,0,0.10206952075702076,0,0.13284874577633746,0,Normal,N->N
Haryana,Faridabad,2025-10-28,0,1.0,3,0,0.14991353785103786,0,0.15059874577633744,0,Normal,N->N
Haryana,Faridabad,2025-10-29,0,5.0,3,1,0.175260434622567,0,0.16834735342084295,0,Normal,N->E
Haryana,Faridabad,2025-10-30,0,2.0,3,0,0.15224829908653442,0,0.11857433591831955,0,Normal,N->N
Haryana,Faridabad,2025-10-31,1,3.0,3,1,0.26687719102792634,0,0.301776059466849,0,Normal,N->E
Haryana,Faridabad,2025-11-01,5,0.0,3,0,0.09175992063492062,0,0.12940183752417794,0,Elevated,E->N
Haryana,Faridabad,2025-11-02,2,8.0,3,1,0.23652678571428573,0,0.2717380952380951,0,Normal,N->E
Haryana,Faridabad,2025-11-03,3,2.0,3,0,0.15617454481792717,0,0.13238668600902642,0,Elevated,E->N
Haryana,Faridabad,2025-11-04,0,3.0,3,1,0.1888233543417367,0,0.21481372549019614,0,Normal,N->E
Haryana,Faridabad,2025-11-05,8,4.0,3,1,0.11072023809523811,0,0.16698138297872336,0,Elevated,E->E
Haryana,Faridabad,2025-11-06,2,4.0,3,1,0.30401488095238094,1,0.34823611111111097,0,Normal,N->E
Haryana,Faridabad,2025-11-07,3,1.0,3,0,0.28023412698412686,0,0.2063033526756931,0,Elevated,E->N
Haryana,Faridabad,2025-11-08,4,1.0,3,0,0.2964434523809523,0,0.19968971631205673,0,Elevated,E->N
Haryana,Faridabad,2025-11-09,4,6.0,3,1,0.25635906862745084,0,0.1848386090859495,0,Elevated,E->E
Haryana,Faridabad,2025-11-10,1,5.0,3,1,0.2909017857142857,0,0.3555982142857142,0,Normal,N->E
Haryana,Faridabad,2025-11-11,1,1.0,3,0,0.1977172619047619,0,0.26983630952380955,0,Normal,N->N
Haryana,Faridabad,2025-11-12,6,5.0,3,1,0.3136815476190476,1,0.19458860908594958,0,Elevated,E->E
Haryana,Faridabad,2025-11-13,5,2.0,3,0,0.2284811507936508,0,0.17637432337166384,0,Elevated,E->N
Haryana,Faridabad,2025-11-14,1,6.0,3,1,0.3303779761904763,1,0.39381249999999995,0,Normal,N->E
Haryana,Faridabad,2025-11-15,5,3.0,3,1,0.32996726190476183,1,0.19297497272231315,0,Elevated,E->E
Haryana,Faridabad,2025-11-16,2,0.0,3,0,0.29661507936507947,0,0.3106666666666667,0,Normal,N->N
Haryana,Faridabad,2025-11-17,6,7.0,3,1,0.2655714285714285,0,0.1447249727223131,0,Elevated,E->E
Haryana,Faridabad,2025-11-18,3,0.0,3,0,0.2767142857142858,0,0.1188916393889798,0,Elevated,E->N
Haryana,Faridabad,2025-11-19,0,7.0,3,1,0.3235261437908497,1,0.3657619047619047,0,Normal,N->E
Haryana,Faridabad,2025-11-20,7,3.0,3,1,0.4469078204404292,1,0.441927811550152,1,Elevated,E->E
Haryana,Faridabad,2025-11-21,0,0.0,3,0,0.4097738095238097,1,0.4365267857142856,1,Normal,N->N
Haryana,Faridabad,2025-11-22,7,9.0,3,1,0.3386845238095237,1,0.2505676925025329,0,Elevated,E->E
Haryana,Faridabad,2025-11-23,3,1.0,3,0,0.27840773809523806,0,0.1164813829787234,0,Elevated,E->N
Haryana,Fatehabad,2025-10-15,1,2.0,3,0,0.1656875,0,0.141219375030714,0,Normal,N->N
Haryana,Fatehabad,2025-10-16,0,4.0,3,1,0.1297142703572657,0,0.12360927242289353,0,Normal,N->E
Haryana,Fatehabad,2025-10-17,0,10.0,3,1,0.08155901128567367,0,0.06774236155598264,0,Normal,N->E
Haryana,Fatehabad,2025-10-18,2,0.0,3,0,0.5009666125541127,1,0.5500716991341992,1,Normal,N->N
Haryana,Fatehabad,2025-10-19,4,0.0,3,0,0.4271476600985222,1,0.41276099896480334,0,Elevated,E->N
Haryana,Fatehabad,2025-10-20,10,0.0,3,0,0.679229166666667,1,0.7508869047619048,1,Elevated,E->N
Haryana,Fatehabad,2025-10-21,0,0.0,3,0,0.6049728835978835,1,0.5222387196137196,1,Normal,N->N
Haryana,Fatehabad,2025-10-22,0,4.0,3,1,0.6165654761904762,1,0.6158555718475074,1,Normal,N->E
Haryana,Fatehabad,2025-10-23,0,6.0,3,1,0.5980641233766234,1,0.5741410984848486,1,Normal,N->E
Haryana,Fatehabad,2025-10-24,0,3.0,3,1,0.2364091808744268,0,0.24696020274803168,0,Normal,N->E
Haryana,Fatehabad,2025-10-25,4,1.0,3,0,0.5498998015873015,1,0.5448025724275725,1,Elevated,E->N
Haryana,Fatehabad,2025-10-26,6,1.0,3,0,0.5794796245421248,1,0.6330535714285712,1,Elevated,E->N
Haryana,Fatehabad,2025-10-27,3,5.0,3,1,0.7285708403914924,1,0.6476019503546098,1,Elevated,E->E
Haryana,Fatehabad,2025-10-28,1,4.0,3,1,0.8006517857142857,1,0.7584403907496012,1,Normal,N->E
Haryana,Fatehabad,2025-10-29,1,11.0,3,1,0.5694510281385281,1,0.49814285714285716,1,Normal,N->E
Haryana,Fatehabad,2025-10-30,5,8.0,3,1,0.6447223947550036,1,0.6811410256410255,1,Elevated,E->E
Haryana,Fatehabad,2025-10-31,4,4.0,3,1,0.5261946839080459,1,0.6091942122593719,1,Elevated,E->E
Haryana,Fatehabad,2025-11-01,11,8.0,3,1,0.7023682950191571,1,0.7159386446886448,1,Elevated,E->E
Haryana,Fatehabad,2025-11-02,8,0.0,3,0,0.632342261904762,1,0.6827093253968255,1,Elevated,E->N
Haryana,Fatehabad,2025-11-03,4,7.0,3,1,0.49915079365079373,1,0.4610657083755488,1,Elevated,E->E
Haryana,Fatehabad,2025-11-04,8,15.0,3,1,0.7105595238095239,1,0.7293843133816539,1,Elevated,E->E
Haryana,Fatehabad,2025-11-05,0,10.0,3,1,0.583923611111111,1,0.5107808857808859,1,Normal,N->E
Haryana,Fatehabad,2025-11-06,7,13.0,3,1,0.5120803571428572,1,0.462936775135586,1,Elevated,E->E
Haryana,Fatehabad,2025-11-07,15,14.0,3,1,0.64284126984127,1,0.6741540020263426,1,Elevated,E->E
Haryana,Fatehabad,2025-11-08,10,15.0,3,1,0.7232425213675215,1,0.7102621369469776,1,Elevated,E->E
Haryana,Fatehabad,2025-11-09,13,3.0,3,1,0.8614583333333334,1,0.814595238095238,1,Elevated,E->E
Haryana,Fatehabad,2025-11-10,14,4.0,3,1,0.7789980158730156,1,0.7934069782168187,1,Elevated,E->E
Haryana,Fatehabad,2025-11-11,15,1.0,3,0,0.8769583333333334,1,0.8546071428571429,1,Elevated,E->N
Haryana,Fatehabad,2025-11-12,3,8.0,3,1,0.6616726190476192,1,0.5682636904761904,1,Elevated,E->E
Haryana,Fatehabad,2025-11-13,4,5.0,3,1,0.6013214285714286,1,0.512502976190476,1,Elevated,E->E
Haryana,Fatehabad,2025-11-14,1,3.0,3,1,0.5165297619047621,1,0.5599445970695972,1,Normal,N->E
Haryana,Fatehabad,2025-11-15,8,2.0,3,0,0.555720238095238,1,0.5495170972644376,1,Elevated,E->N
Haryana,Fatehabad,2025-11-16,5,1.0,3,0,0.4681339285714285,1,0.441493287740628,1,Elevated,E->N
Haryana,Fatehabad,2025-11-17,3,0.0,3,0,0.280202380952381,0,0.23743971631205674,0,Elevated,E->N
Haryana,Fatehabad,2025-11-18,2,0.0,3,0,0.20560912698412692,0,0.3312528103616813,0,Normal,N->N
Haryana,Fatehabad,2025-11-19,1,2.0,3,0,0.33330952380952383,1,0.36517542940930037,0,Normal,N->N
Haryana,Fatehabad,2025-11-20,0,1.0,3,0,0.21528950216450213,0,0.21898484848484842,0,Normal,N->N
Haryana,Fatehabad,2025-11-21,0,2.0,3,0,0.2036670995670995,0,0.19751653439153435,0,Normal,N->N
Haryana,Fatehabad,2025-11-22,2,0.0,3,0,0.17015659888357257,0,0.1618219373219373,0,Normal,N->N
Haryana,Fatehabad,2025-11-23,1,2.0,3,0,0.17806882832080195,0,0.17102564102564094,0,Normal,N->N
Haryana,Gurugram,2025-10-15,0,0.0,3,0,0.06076686507936509,0,0.05296580926840093,0,Normal,N->N
Haryana,Gurugram,2025-10-16,0,0.0,3,0,0.0312962695621054,0,0.046414619853240933,0,Normal,N->N
Haryana,Gurugram,2025-10-17,0,1.0,3,0,0.059073838160503794,0,0.0582847030938737,0,Normal,N->N
Haryana,Gurugram,2025-10-18,0,0.0,3,0,0.030636214010004333,0,0.02745872158484266,0,Normal,N->N
Haryana,Gurugram,2025-10-19,0,0.0,3,0,0.05645573476702509,0,0.06683750946363051,0,Normal,N->N
Haryana,Gurugram,2025-10-20,1,0.0,3,0,0.1130333791208791,0,0.11887820731899684,0,Normal,N->N
Haryana,Gurugram,2025-10-21,0,0.0,3,0,0.06924923293552326,0,0.057800712926834,0,Normal,N->N
Haryana,Gurugram,2025-10-22,0,0.0,3,0,0.11869905372405372,0,0.10420132620244725,0,Normal,N->N
Haryana,Gurugram,2025-10-23,0,0.0,3,0,0.026521825396825398,0,0.04606893082005188,0,Normal,N->N
Haryana,Gurugram,2025-10-24,0,0.0,3,0,0.013206402293358814,0,0.014121329809950886,0,Normal,N->N
Haryana,Gurugram,2025-10-25,0,0.0,3,0,0.03610119047619047,0,0.037477119853240926,0,Normal,N->N
Haryana,Gurugram,2025-10-26,0,0.0,3,0,0.03610714285714286,0,0.02819681682293789,0,Normal,N->N
Haryana,Gurugram,2025-10-27,0,0.0,3,0,0.045788259144237405,0,0.035523354626219895,0,Normal,N->N
Haryana,Gurugram,2025-10-28,0,0.0,3,0,0.07160229925303452,0,0.05526418695280802,0,Normal,N->N
Haryana,Gurugram,2025-10-29,0,0.0,3,0,0.08577843564481494,0,0.0521253466264677,0,Normal,N->N
Haryana,Gurugram,2025-10-30,0,1.0,3,0,0.10726012753586282,0,0.07311746537658065,0,Normal,N->N
Haryana,Gurugram,2025-10-31,0,0.0,3,0,0.04276984126984127,0,0.034636030387151455,0,Normal,N->N
Haryana,Gurugram,2025-11-01,0,1.0,3,0,0.00240036231884058,0,0.006886210762331839,0,Normal,N->N
Haryana,Gurugram,2025-11-02,1,0.0,3,0,0.04451190476190476,0,0.039105006105006106,0,Normal,N->N
Haryana,Gurugram,2025-11-03,0,0.0,3,0,0.03451488095238096,0,0.04658859171471279,0,Normal,N->N
Haryana,Gurugram,2025-11-04,1,0.0,3,0,0.10161011904761906,0,0.1568660714285714,0,Normal,N->N
Haryana,Gurugram,2025-11-05,0,0.0,3,0,0.06450035014005602,0,0.05675525838137946,0,Normal,N->N
Haryana,Gurugram,2025-11-06,0,0.0,3,0,0.05729030910609858,0,0.0437829081509647,0,Normal,N->N
Haryana,Gurugram,2025-11-07,0,0.0,3,0,0.08047589869281048,0,0.08883065520677627,0,Normal,N->N
Haryana,Gurugram,2025-11-08,0,0.0,3,0,0.038102255540889834,0,0.03275026775796777,0,Normal,N->N
Haryana,Gurugram,2025-11-09,0,0.0,3,0,0.08058775252525253,0,0.12285333738570844,0,Normal,N->N
Haryana,Gurugram,2025-11-10,0,0.0,3,0,0.012991509926854756,0,0.016988362996063017,0,Normal,N->N
Haryana,Gurugram,2025-11-11,0,0.0,3,0,0.01891964285714286,0,0.016350831667742215,0,Normal,N->N
Haryana,Gurugram,2025-11-12,0,0.0,3,0,0.020182299400538967,0,0.023303212620123165,0,Normal,N->N
Haryana,Gurugram,2025-11-13,0,0.0,3,0,0.012598966067205633,0,0.011261545953456504,0,Normal,N->N
Haryana,Gurugram,2025-11-14,0,1.0,3,0,0.010515632733872298,0,0.00948836299606302,0,Normal,N->N
Haryana,Gurugram,2025-11-15,0,0.0,3,0,0.01134896606720563,0,0.009309791567491591,0,Normal,N->N
Haryana,Gurugram,2025-11-16,0,0.0,3,0,0.028653318903318903,0,0.023583795341495364,0,Normal,N->N
Haryana,Gurugram,2025-11-17,1,0.0,3,0,0.021683311070028896,0,0.033497647571137074,0,Normal,N->N
Haryana,Gurugram,2025-11-18,0,1.0,3,0,0.00959280303030303,0,0.022001542317331788,0,Normal,N->N
Haryana,Gurugram,2025-11-19,0,0.0,3,0,0.000994799400538965,0,0.0046000386011596775,0,Normal,N->N
Haryana,Gurugram,2025-11-20,0,0.0,3,0,0.007828132733872298,0,0.006357364608485685,0,Normal,N->N
Haryana,Gurugram,2025-11-21,1,0.0,3,0,0.04571931593726946,0,0.03527579365079365,0,Normal,N->N
Haryana,Gurugram,2025-11-22,0,0.0,3,0,0.007246732026143791,0,0.008636210762331837,0,Normal,N->N
Haryana,Gurugram,2025-11-23,0,0.0,3,0,0.012974055774431082,0,0.018563856688816775,0,Normal,N->N
Haryana,Hisar,2025-10-15,3,2.0,3,0,0.2623672077922077,0,0.25025,0,Elevated,E->N
Haryana,Hisar,2025-10-16,3,10.0,3,1,0.3236470648604268,1,0.2941793313069909,0,Elevated,E->E
Haryana,Hisar,2025-10-17,1,13.0,3,1,0.4721027661064426,1,0.41796428571428573,0,Normal,N->E
Haryana,Hisar,2025-10-18,2,5.0,3,1,0.496817302955665,1,0.4739196428571427,1,Normal,N->E
Haryana,Hisar,2025-10-19,10,1.0,3,0,0.6683861952952097,1,0.6835126646403243,1,Elevated,E->N
Haryana,Hisar,2025-10-20,13,0.0,3,0,0.792727422003284,1,0.7965186170212768,1,Elevated,E->N
Haryana,Hisar,2025-10-21,5,2.0,3,0,0.7787946859903383,1,0.7409761904761908,1,Elevated,E->N
Haryana,Hisar,2025-10-22,1,2.0,3,0,0.6566177248677247,1,0.6036087662337661,1,Normal,N->N
Haryana,Hisar,2025-10-23,0,15.0,3,1,0.6066216931216932,1,0.5981710480379835,1,Normal,N->E
Haryana,Hisar,2025-10-24,2,6.0,3,1,0.4998702791461413,1,0.4180922619047618,0,Normal,N->E
Haryana,Hisar,2025-10-25,2,0.0,3,0,0.4188548534798536,1,0.4141485389610389,0,Normal,N->N
Haryana,Hisar,2025-10-26,15,1.0,3,0,0.615245082815735,1,0.6799800420168066,1,Elevated,E->N
Haryana,Hisar,2025-10-27,6,3.0,3,1,0.6724873857714,1,0.6765357142857144,1,Elevated,E->E
Haryana,Hisar,2025-10-28,0,5.0,3,1,0.768422668298998,1,0.7200275119617225,1,Normal,N->E
Haryana,Hisar,2025-10-29,1,11.0,3,1,0.6995343915343913,1,0.5958219696969699,1,Normal,N->E
Haryana,Hisar,2025-10-30,3,6.0,3,1,0.5900339696223316,1,0.6623085354361952,1,Elevated,E->E
Haryana,Hisar,2025-10-31,5,5.0,3,1,0.4730934934318553,1,0.5274096426623022,1,Elevated,E->E
Haryana,Hisar,2025-11-01,11,4.0,3,1,0.48440205627705646,1,0.47019047619047605,1,Elevated,E->E
Haryana,Hisar,2025-11-02,6,5.0,3,1,0.4692165093048714,1,0.46153373015873017,1,Elevated,E->E
Haryana,Hisar,2025-11-03,5,15.0,3,1,0.40176908866995076,1,0.32282463694697733,0,Elevated,E->E
Haryana,Hisar,2025-11-04,4,13.0,3,1,0.42150000000000004,1,0.40410638297872337,0,Elevated,E->E
Haryana,Hisar,2025-11-05,5,16.0,3,1,0.48861904761904745,1,0.527840545874651,1,Elevated,E->E
Haryana,Hisar,2025-11-06,15,16.0,3,1,0.4979950396825397,1,0.507850430597771,1,Elevated,E->E
Haryana,Hisar,2025-11-07,13,12.0,3,1,0.6346805555555557,1,0.6526242401215808,1,Elevated,E->E
Haryana,Hisar,2025-11-08,16,21.0,3,1,0.7888749999999998,1,0.7499464285714287,1,Elevated,E->E
Haryana,Hisar,2025-11-09,16,4.0,3,1,0.8707499999999999,1,0.8438452380952383,1,Elevated,E->E
Haryana,Hisar,2025-11-10,12,6.0,3,1,0.8284821428571426,1,0.812386904761905,1,Elevated,E->E
Haryana,Hisar,2025-11-11,21,8.0,3,1,0.895077380952381,1,0.8677797619047618,1,Elevated,E->E
Haryana,Hisar,2025-11-12,4,10.0,3,1,0.6188035714285716,1,0.5250821428571427,1,Elevated,E->E
Haryana,Hisar,2025-11-13,6,11.0,3,1,0.6228333333333333,1,0.5979047619047619,1,Elevated,E->E
Haryana,Hisar,2025-11-14,8,7.0,3,1,0.559970238095238,1,0.5167380952380954,1,Elevated,E->E
Haryana,Hisar,2025-11-15,10,5.0,3,1,0.5373958333333334,1,0.50064804964539,1,Elevated,E->E
Haryana,Hisar,2025-11-16,11,0.0,3,0,0.7304027777777778,1,0.7057916666666669,1,Elevated,E->N
Haryana,Hisar,2025-11-17,7,6.0,3,1,0.486014880952381,1,0.46993078774062824,1,Elevated,E->E
Haryana,Hisar,2025-11-18,5,6.0,3,1,0.317764880952381,1,0.34173511904761894,0,Elevated,E->E
Haryana,Hisar,2025-11-19,0,4.0,3,1,0.3335238095238095,1,0.4028794753633463,0,Normal,N->E
Haryana,Hisar,2025-11-20,6,2.0,3,0,0.31695535714285716,1,0.3650301467149872,0,Elevated,E->N
Haryana,Hisar,2025-11-21,6,1.0,3,0,0.3351904761904761,1,0.32309402034136075,0,Elevated,E->N
Haryana,Hisar,2025-11-22,4,5.0,3,1,0.25658214285714287,0,0.22062721631205676,0,Elevated,E->E
Haryana,Hisar,2025-11-23,2,2.0,3,0,0.09520238095238095,0,0.20227340088227183,0,Normal,N->N
Haryana,Jhajjar,2025-10-15,2,0.0,3,0,0.30522742200328407,1,0.33645386904761915,0,Normal,N->N
Haryana,Jhajjar,2025-10-16,2,0.0,3,0,0.27710330723198373,0,0.31763095238095235,0,Normal,N->N
Haryana,Jhajjar,2025-10-17,1,0.0,3,0,0.23315395658263294,0,0.23982115800865803,0,Normal,N->N
Haryana,Jhajjar,2025-10-18,0,0.0,3,0,0.34339078282828284,1,0.32176907467532473,0,Normal,N->N
Haryana,Jhajjar,2025-10-19,0,3.0,3,1,0.1018234126984127,0,0.11300490196078432,0,Normal,N->E
Haryana,Jhajjar,2025-10-20,0,1.0,3,0,0.16797084188213218,0,0.17961570782159014,0,Normal,N->N
Haryana,Jhajjar,2025-10-21,0,1.0,3,0,0.12016788372917409,0,0.12849110325948565,0,Normal,N->N
Haryana,Jhajjar,2025-10-22,3,2.0,3,0,0.20343487394957985,0,0.19343316707447145,0,Elevated,E->N
Haryana,Jhajjar,2025-10-23,1,2.0,3,0,0.15453069561157798,0,0.1897380952380952,0,Normal,N->N
Haryana,Jhajjar,2025-10-24,1,0.0,3,0,0.1536220238095238,0,0.18369047619047618,0,Normal,N->N
Haryana,Jhajjar,2025-10-25,2,0.0,3,0,0.1921607142857143,0,0.2262797619047619,0,Normal,N->N
Haryana,Jhajjar,2025-10-26,2,0.0,3,0,0.15236601307189543,0,0.16407738095238095,0,Normal,N->N
Haryana,Jhajjar,2025-10-27,0,1.0,3,0,0.2527216741591742,0,0.22130416492110036,0,Normal,N->N
Haryana,Jhajjar,2025-10-28,0,1.0,3,0,0.09769925213675214,0,0.10036660291919458,0,Normal,N->N
Haryana,Jhajjar,2025-10-29,0,1.0,3,0,0.13483026695526695,0,0.12872471033868094,0,Normal,N->N
Haryana,Jhajjar,2025-10-30,1,0.0,3,0,0.21665234275528394,0,0.2246770865443466,0,Normal,N->N
Haryana,Jhajjar,2025-10-31,1,3.0,3,1,0.1442902661064426,0,0.1786829858737754,0,Normal,N->E
Haryana,Jhajjar,2025-11-01,1,4.0,3,1,0.0964970238095238,0,0.11602443609022557,0,Normal,N->E
Haryana,Jhajjar,2025-11-02,0,3.0,3,1,0.06293749999999998,0,0.06319573457185564,0,Normal,N->E
Haryana,Jhajjar,2025-11-03,3,2.0,3,0,0.1264000410509031,0,0.2043682877406282,0,Elevated,E->N
Haryana,Jhajjar,2025-11-04,4,6.0,3,1,0.17860515873015875,0,0.12472001934235973,0,Elevated,E->E
Haryana,Jhajjar,2025-11-05,3,5.0,3,1,0.28474999999999995,0,0.26647001934235975,0,Elevated,E->E
Haryana,Jhajjar,2025-11-06,2,4.0,3,1,0.3142786172161172,1,0.3126666666666666,0,Normal,N->E
Haryana,Jhajjar,2025-11-07,6,2.0,3,0,0.2678194444444444,0,0.22589804964539018,0,Elevated,E->N
Haryana,Jhajjar,2025-11-08,5,1.0,3,0,0.33635416666666673,1,0.29818971631205676,0,Elevated,E->N
Haryana,Jhajjar,2025-11-09,4,2.0,3,0,0.3338839285714287,1,0.23204044891278935,0,Elevated,E->N
Haryana,Jhajjar,2025-11-10,2,3.0,3,1,0.36699702380952365,1,0.3618690476190476,0,Normal,N->E
Haryana,Jhajjar,2025-11-11,1,1.0,3,0,0.3181160714285715,1,0.39029274891774896,0,Normal,N->N
Haryana,Jhajjar,2025-11-12,2,1.0,3,0,0.2810714285714286,0,0.3186415343915343,0,Normal,N->N
Haryana,Jhajjar,2025-11-13,3,5.0,3,1,0.3080654761904762,1,0.17030830605564648,0,Elevated,E->E
Haryana,Jhajjar,2025-11-14,1,7.0,3,1,0.30994047619047627,1,0.3167172619047618,0,Normal,N->E
Haryana,Jhajjar,2025-11-15,1,6.0,3,1,0.29566666666666674,0,0.3344720695970696,0,Normal,N->E
Haryana,Jhajjar,2025-11-16,5,4.0,3,1,0.3626166666666667,1,0.3281936845660251,0,Elevated,E->E
Haryana,Jhajjar,2025-11-17,7,0.0,3,0,0.4022340367965369,1,0.3149749727223131,0,Elevated,E->N
Haryana,Jhajjar,2025-11-18,6,3.0,3,1,0.3852301587301588,1,0.35081471631205674,0,Elevated,E->E
Haryana,Jhajjar,2025-11-19,4,2.0,3,0,0.3827440476190477,1,0.30730830605564646,0,Elevated,E->N
Haryana,Jhajjar,2025-11-20,0,6.0,3,1,0.41247619047619055,1,0.4522476072314782,1,Normal,N->E
Haryana,Jhajjar,2025-11-21,3,2.0,3,0,0.3911598124098123,1,0.3049813829787234,0,Elevated,E->N
Haryana,Jhajjar,2025-11-22,2,2.0,3,0,0.25551488095238095,0,0.21039583333333328,0,Normal,N->N
Haryana,Jhajjar,2025-11-23,6,4.0,3,1,0.21704166666666666,0,0.20383554964539005,0,Elevated,E->E
Haryana,Jind,2025-10-15,5,0.0,3,0,0.39364408866995065,1,0.4533797281323877,1,Elevated,E->N
Haryana,Jind,2025-10-16,0,4.0,3,1,0.3996607142857145,1,0.37836480186480187,0,Normal,N->E
Haryana,Jind,2025-10-17,0,13.0,3,1,0.5923114177489179,1,0.5122521645021645,1,Normal,N->E
Haryana,Jind,2025-10-18,0,5.0,3,1,0.44625387806637795,1,0.4214191017316018,1,Normal,N->E
Haryana,Jind,2025-10-19,4,5.0,3,1,0.5239037040545662,1,0.5157164885941481,1,Elevated,E->E
Haryana,Jind,2025-10-20,13,0.0,3,0,0.6998392857142861,1,0.806452380952381,1,Elevated,E->N
Haryana,Jind,2025-10-21,5,0.0,3,0,0.7112986542443064,1,0.7174412360688958,1,Elevated,E->N
Haryana,Jind,2025-10-22,5,6.0,3,1,0.6620129399585921,1,0.6402738095238095,1,Elevated,E->E
Haryana,Jind,2025-10-23,0,5.0,3,1,0.5712321428571429,1,0.5640541125541125,1,Normal,N->E
Haryana,Jind,2025-10-24,0,6.0,3,1,0.5427836399711399,1,0.4983577363496719,1,Normal,N->E
Haryana,Jind,2025-10-25,6,0.0,3,0,0.6543452380952379,1,0.7089023892773894,1,Elevated,E->N
Haryana,Jind,2025-10-26,5,2.0,3,0,0.6880155677655678,1,0.6614063852813854,1,Elevated,E->N
Haryana,Jind,2025-10-27,6,0.0,3,0,0.7133288740245263,1,0.7315922619047618,1,Elevated,E->N
Haryana,Jind,2025-10-28,0,1.0,3,0,0.7736905254418555,1,0.6831845654345653,1,Normal,N->N
Haryana,Jind,2025-10-29,2,7.0,3,1,0.6713907828282829,1,0.5919237012987014,1,Normal,N->E
Haryana,Jind,2025-10-30,0,8.0,3,1,0.47136079782790286,1,0.485284090909091,1,Normal,N->E
Haryana,Jind,2025-10-31,1,4.0,3,1,0.4623982294567002,1,0.4794184981684982,1,Normal,N->E
Haryana,Jind,2025-11-01,7,3.0,3,1,0.5636087092731829,1,0.6315606684981687,1,Elevated,E->E
Haryana,Jind,2025-11-02,8,7.0,3,1,0.691012054037916,1,0.6972551925025329,1,Elevated,E->E
Haryana,Jind,2025-11-03,4,15.0,3,1,0.49658333333333327,1,0.5173186845660249,1,Elevated,E->E
Haryana,Jind,2025-11-04,3,15.0,3,1,0.5450833333333335,1,0.5422272163120566,1,Elevated,E->E
Haryana,Jind,2025-11-05,7,25.0,3,1,0.4910357142857142,1,0.5160278115501518,1,Elevated,E->E
Haryana,Jind,2025-11-06,15,39.0,3,1,0.7309325396825396,1,0.6907016210739616,1,Elevated,E->E
Haryana,Jind,2025-11-07,15,38.0,3,1,0.7117063492063492,1,0.6662909067882472,1,Elevated,E->E
Haryana,Jind,2025-11-08,25,28.0,3,1,0.8553055555555557,1,0.8116428571428572,1,Elevated,E->E
Haryana,Jind,2025-11-09,39,14.0,3,1,0.9044583333333333,1,0.873184523809524,1,Elevated,E->E
Haryana,Jind,2025-11-10,38,12.0,3,1,0.9314583333333333,1,0.885232142857143,1,Elevated,E->E
Haryana,Jind,2025-11-11,28,2.0,3,0,0.8800059523809522,1,0.849782738095238,1,Elevated,E->N
Haryana,Jind,2025-11-12,14,13.0,3,1,0.853044642857143,1,0.8532886904761903,1,Elevated,E->E
Haryana,Jind,2025-11-13,12,17.0,3,1,0.844122023809524,1,0.8129553571428567,1,Elevated,E->E
Haryana,Jind,2025-11-14,2,6.0,3,1,0.6992500000000001,1,0.7254464285714289,1,Normal,N->E
Haryana,Jind,2025-11-15,13,3.0,3,1,0.8610476190476191,1,0.8792202380952383,1,Elevated,E->E
Haryana,Jind,2025-11-16,17,2.0,3,0,0.8596785714285714,1,0.884452380952381,1,Elevated,E->N
Haryana,Jind,2025-11-17,6,6.0,3,1,0.5495059523809523,1,0.46729761904761913,1,Elevated,E->E
Haryana,Jind,2025-11-18,3,6.0,3,1,0.49724404761904767,1,0.4604702380952379,1,Elevated,E->E
Haryana,Jind,2025-11-19,2,3.0,3,1,0.32632738095238095,1,0.34695544733044725,0,Normal,N->E
Haryana,Jind,2025-11-20,6,2.0,3,0,0.31635714285714295,1,0.3242904489127893,0,Elevated,E->N
Haryana,Jind,2025-11-21,6,2.0,3,0,0.364577380952381,1,0.39076709726443776,0,Elevated,E->N
Haryana,Jind,2025-11-22,3,0.0,3,0,0.16262797619047617,0,0.13806471631205672,0,Elevated,E->N
Haryana,Jind,2025-11-23,2,4.0,3,1,0.131922619047619,0,0.2999096597846597,0,Normal,N->E
Haryana,Kaithal,2025-10-15,0,1.0,3,0,0.05611584454121985,0,0.05614482214149275,0,Normal,N->N
Haryana,Kaithal,2025-10-16,1,2.0,3,0,0.3850362964621587,1,0.3836538877788878,0,Normal,N->N
Haryana,Kaithal,2025-10-17,0,2.0,3,0,0.06116125351298501,0,0.04426319488931596,0,Normal,N->N
Haryana,Kaithal,2025-10-18,1,9.0,3,1,0.23686984126984129,0,0.2503702686202686,0,Normal,N->E
Haryana,Kaithal,2025-10-19,2,1.0,3,0,0.4715375000000001,1,0.5044389960529665,1,Normal,N->N
Haryana,Kaithal,2025-10-20,2,0.0,3,0,0.4227023809523812,1,0.5286479353979354,1,Normal,N->N
Haryana,Kaithal,2025-10-21,9,0.0,3,0,0.6870694444444446,1,0.7462916666666669,1,Elevated,E->N
Haryana,Kaithal,2025-10-22,1,1.0,3,0,0.6534298029556651,1,0.6604266774891775,1,Normal,N->N
Haryana,Kaithal,2025-10-23,0,9.0,3,1,0.6123958333333333,1,0.583857226107226,1,Normal,N->E
Haryana,Kaithal,2025-10-24,0,5.0,3,1,0.5376746031746034,1,0.4824767839687197,1,Normal,N->E
Haryana,Kaithal,2025-10-25,1,0.0,3,0,0.34350698688566333,1,0.3920186364561365,0,Normal,N->N
Haryana,Kaithal,2025-10-26,9,2.0,3,0,0.5583977516736137,1,0.6217388551165147,1,Elevated,E->N
Haryana,Kaithal,2025-10-27,5,2.0,3,0,0.6697184934318555,1,0.6896436170212766,1,Elevated,E->N
Haryana,Kaithal,2025-10-28,0,1.0,3,0,0.5562824074074073,1,0.5380476190476192,1,Normal,N->N
Haryana,Kaithal,2025-10-29,2,7.0,3,1,0.6632618729309905,1,0.5615863095238096,1,Normal,N->E
Haryana,Kaithal,2025-10-30,2,6.0,3,1,0.3772172619047619,1,0.31075,0,Normal,N->E
Haryana,Kaithal,2025-10-31,1,3.0,3,1,0.4637358751471603,1,0.4207711247086246,0,Normal,N->E
Haryana,Kaithal,2025-11-01,7,1.0,3,0,0.6606552322578206,1,0.635666937229437,1,Elevated,E->N
Haryana,Kaithal,2025-11-02,6,3.0,3,1,0.6029100899100897,1,0.6516182877406281,1,Elevated,E->E
Haryana,Kaithal,2025-11-03,3,7.0,3,1,0.4447797619047619,1,0.5089069782168185,1,Elevated,E->E
Haryana,Kaithal,2025-11-04,1,4.0,3,1,0.44132142857142875,1,0.45582846320346315,1,Normal,N->E
Haryana,Kaithal,2025-11-05,3,7.0,3,1,0.4997637987012986,1,0.5121361448834852,1,Elevated,E->E
Haryana,Kaithal,2025-11-06,7,8.0,3,1,0.4950119047619049,1,0.4306908610007014,1,Elevated,E->E
Haryana,Kaithal,2025-11-07,4,5.0,3,1,0.3560059523809524,1,0.3126909418022528,0,Elevated,E->E
Haryana,Kaithal,2025-11-08,7,13.0,3,1,0.4757038308913309,1,0.491692006913612,1,Elevated,E->E
Haryana,Kaithal,2025-11-09,8,4.0,3,1,0.61825487012987,1,0.5946688829787237,1,Elevated,E->E
Haryana,Kaithal,2025-11-10,5,4.0,3,1,0.4993055555555555,1,0.4966867401215806,1,Elevated,E->E
Haryana,Kaithal,2025-11-11,13,1.0,3,0,0.7421071428571427,1,0.7272450734549138,1,Elevated,E->N
Haryana,Kaithal,2025-11-12,4,1.0,3,0,0.5333511904761906,1,0.5310065203413606,1,Elevated,E->N
Haryana,Kaithal,2025-11-13,4,1.0,3,0,0.4330714285714285,1,0.390582115579456,0,Elevated,E->N
Haryana,Kaithal,2025-11-14,1,0.0,3,0,0.3292916666666666,1,0.36566558441558444,0,Normal,N->N
Haryana,Kaithal,2025-11-15,1,4.0,3,1,0.3206732804232804,1,0.3275535714285713,0,Normal,N->E
Haryana,Kaithal,2025-11-16,1,0.0,3,0,0.2818676378446115,0,0.2516523569023569,0,Normal,N->N
Haryana,Kaithal,2025-11-17,0,1.0,3,0,0.23491269841269852,0,0.2234689153439153,0,Normal,N->N
Haryana,Kaithal,2025-11-18,4,0.0,3,0,0.3193809523809524,1,0.25844521081755123,0,Elevated,E->N
Haryana,Kaithal,2025-11-19,0,0.0,3,0,0.2920978487886383,0,0.2634015151515151,0,Normal,N->N
Haryana,Kaithal,2025-11-20,1,2.0,3,0,0.23854094041922994,0,0.20441666666666664,0,Normal,N->N
Haryana,Kaithal,2025-11-21,0,8.0,3,1,0.10524801587301591,0,0.084484388053467,0,Normal,N->E
Haryana,Kaithal,2025-11-22,0,5.0,3,1,0.01681547619047619,0,0.03356547619047619,0,Normal,N->E
Haryana,Kaithal,2025-11-23,2,0.0,3,0,0.1728405303030303,0,0.18383498677248675,0,Normal,N->N
Haryana,Karnal,2025-10-15,0,0.0,3,0,0.06654739216026746,0,0.05952849366003269,0,Normal,N->N
Haryana,Karnal,2025-10-16,0,3.0,3,1,0.024738729879565713,0,0.023459623460744535,0,Normal,N->E
Haryana,Karnal,2025-10-17,0,4.0,3,1,0.09172657731049697,0,0.07033804777550785,0,Normal,N->E
Haryana,Karnal,2025-10-18,0,4.0,3,1,0.17063927572319532,0,0.10691939698185703,0,Normal,N->E
Haryana,Karnal,2025-10-19,3,2.0,3,0,0.46803386882443687,1,0.42328778467908895,1,Elevated,E->N
Haryana,Karnal,2025-10-20,4,1.0,3,0,0.4773627033885655,1,0.5379484989648033,1,Elevated,E->N
Haryana,Karnal,2025-10-21,4,0.0,3,0,0.5856573462457084,1,0.5824336180124223,1,Elevated,E->N
Haryana,Karnal,2025-10-22,2,1.0,3,0,0.603979707792208,1,0.562855248917749,1,Normal,N->N
Haryana,Karnal,2025-10-23,1,2.0,3,0,0.5895428981937604,1,0.5381543560606059,1,Normal,N->N
Haryana,Karnal,2025-10-24,0,1.0,3,0,0.34475387806637803,1,0.33805802795621337,0,Normal,N->N
Haryana,Karnal,2025-10-25,1,0.0,3,0,0.36095336134453776,1,0.44366988104488114,1,Normal,N->N
Haryana,Karnal,2025-10-26,2,0.0,3,0,0.4528605042016806,1,0.4813863312613313,1,Normal,N->N
Haryana,Karnal,2025-10-27,1,0.0,3,0,0.2796298701298701,0,0.2595094537815126,0,Normal,N->N
Haryana,Karnal,2025-10-28,0,2.0,3,0,0.26933530358530355,0,0.26161741460750626,0,Normal,N->N
Haryana,Karnal,2025-10-29,0,1.0,3,0,0.11821428571428572,0,0.08971257602503611,0,Normal,N->N
Haryana,Karnal,2025-10-30,0,1.0,3,0,0.11956856909430442,0,0.08061957910967077,0,Normal,N->N
Haryana,Karnal,2025-10-31,2,0.0,3,0,0.307582753266224,1,0.2897857142857143,0,Normal,N->N
Haryana,Karnal,2025-11-01,1,2.0,3,0,0.2202738095238095,0,0.20108630952380951,0,Normal,N->N
Haryana,Karnal,2025-11-02,1,3.0,3,1,0.1936220238095238,0,0.13995351217410043,0,Normal,N->E
Haryana,Karnal,2025-11-03,0,9.0,3,1,0.10413281571369809,0,0.09422804659498211,0,Normal,N->E
Haryana,Karnal,2025-11-04,2,6.0,3,1,0.1925735852311939,0,0.17418040293040296,0,Normal,N->E
Haryana,Karnal,2025-11-05,3,6.0,3,1,0.22213443043884226,0,0.266708114580455,0,Elevated,E->E
Haryana,Karnal,2025-11-06,9,1.0,3,0,0.4849632936507938,1,0.54539804964539,1,Elevated,E->N
Haryana,Karnal,2025-11-07,6,2.0,3,0,0.44009821428571444,1,0.4687081145804551,1,Elevated,E->N
Haryana,Karnal,2025-11-08,6,0.0,3,0,0.4758099816849817,1,0.49026412107396133,1,Elevated,E->N
Haryana,Karnal,2025-11-09,1,1.0,3,0,0.3584249084249085,1,0.37726893939393924,0,Normal,N->N
Haryana,Karnal,2025-11-10,2,2.0,3,0,0.44277489177489193,1,0.46942370129870126,1,Normal,N->N
Haryana,Karnal,2025-11-11,0,0.0,3,0,0.4193869047619046,1,0.4863809523809523,1,Normal,N->N
Haryana,Karnal,2025-11-12,1,0.0,3,0,0.3205075396825396,1,0.33769098494098493,0,Normal,N->N
Haryana,Karnal,2025-11-13,2,0.0,3,0,0.38631277056277064,1,0.3047696886446886,0,Normal,N->N
Haryana,Karnal,2025-11-14,0,1.0,3,0,0.2294004803675856,0,0.21083333333333334,0,Normal,N->N
Haryana,Karnal,2025-11-15,0,0.0,3,0,0.29577182539682545,0,0.2632308201058201,0,Normal,N->N
Haryana,Karnal,2025-11-16,0,0.0,3,0,0.07151406926406927,0,0.06685222458721664,0,Normal,N->N
Haryana,Karnal,2025-11-17,1,0.0,3,0,0.09166666666666667,0,0.10382986111111109,0,Normal,N->N
Haryana,Karnal,2025-11-18,0,0.0,3,0,0.11947325827767002,0,0.1529330206830207,0,Normal,N->N
Haryana,Karnal,2025-11-19,0,1.0,3,0,0.01125,0,0.0320189393939394,0,Normal,N->N
Haryana,Karnal,2025-11-20,0,0.0,3,0,0.06351488095238095,0,0.08571130952380948,0,Normal,N->N
Haryana,Karnal,2025-11-21,0,0.0,3,0,0.03964417935006169,0,0.028177863802863804,0,Normal,N->N
Haryana,Karnal,2025-11-22,1,0.0,3,0,0.04364950980392155,0,0.03535897435897436,0,Normal,N->N
Haryana,Karnal,2025-11-23,0,1.0,3,0,0.020425724637681157,0,0.03243253968253968,0,Normal,N->N
Haryana,Kurukshetra,2025-10-15,2,1.0,3,0,0.23973202075702077,0,0.2571511515874907,0,Normal,N->N
Haryana,Kurukshetra,2025-10-16,2,3.0,3,1,0.1596525793650794,0,0.19981435205661213,0,Normal,N->E
Haryana,Kurukshetra,2025-10-17,1,3.0,3,1,0.2849613095238096,0,0.2911349206349207,0,Normal,N->E
Haryana,Kurukshetra,2025-10-18,1,4.0,3,1,0.2889642857142857,0,0.29111011904761913,0,Normal,N->E
Haryana,Kurukshetra,2025-10-19,3,2.0,3,0,0.4486708743842363,1,0.44930167356797795,1,Elevated,E->N
Haryana,Kurukshetra,2025-10-20,3,1.0,3,0,0.3787294061302681,1,0.34863302277432723,0,Elevated,E->N
Haryana,Kurukshetra,2025-10-21,4,0.0,3,0,0.5967129989263611,1,0.6010327380952379,1,Elevated,E->N
Haryana,Kurukshetra,2025-10-22,2,4.0,3,1,0.600622564935065,1,0.6140054945054945,1,Normal,N->E
Haryana,Kurukshetra,2025-10-23,1,5.0,3,1,0.5691433982683984,1,0.5168489424819367,1,Normal,N->E
Haryana,Kurukshetra,2025-10-24,0,5.0,3,1,0.3672389971139971,1,0.33974282232850783,0,Normal,N->E
Haryana,Kurukshetra,2025-10-25,4,0.0,3,0,0.5347571839080458,1,0.5985874237654926,1,Elevated,E->N
Haryana,Kurukshetra,2025-10-26,5,0.0,3,0,0.6099381868131868,1,0.6446257598784194,1,Elevated,E->N
Haryana,Kurukshetra,2025-10-27,5,0.0,3,0,0.7278732553366174,1,0.7580892857142858,1,Elevated,E->N
Haryana,Kurukshetra,2025-10-28,0,1.0,3,0,0.6085651455026455,1,0.5485254329004328,1,Normal,N->N
Haryana,Kurukshetra,2025-10-29,0,3.0,3,1,0.5936259337068163,1,0.5132824675324674,1,Normal,N->E
Haryana,Kurukshetra,2025-10-30,0,1.0,3,0,0.4715401334776334,1,0.4899242724867724,1,Normal,N->N
Haryana,Kurukshetra,2025-10-31,1,0.0,3,0,0.4328319327731092,1,0.4652367100492101,1,Normal,N->N
Haryana,Kurukshetra,2025-11-01,3,0.0,3,0,0.5629538512113311,1,0.5184561688311689,1,Elevated,E->N
Haryana,Kurukshetra,2025-11-02,1,0.0,3,0,0.34426975108225105,1,0.27949815503124326,0,Normal,N->N
Haryana,Kurukshetra,2025-11-03,0,0.0,3,0,0.23527182539682545,0,0.20340773809523807,0,Normal,N->N
Haryana,Kurukshetra,2025-11-04,0,0.0,3,0,0.16882055852644087,0,0.12635119047619045,0,Normal,N->N
Haryana,Kurukshetra,2025-11-05,0,0.0,3,0,0.07819230769230769,0,0.05386348348960456,0,Normal,N->N
Haryana,Kurukshetra,2025-11-06,0,3.0,3,1,0.289831043956044,0,0.32651446007696,0,Normal,N->E
Haryana,Kurukshetra,2025-11-07,0,0.0,3,0,0.06786669799498747,0,0.07089031429768537,0,Normal,N->N
Haryana,Kurukshetra,2025-11-08,0,0.0,3,0,0.049874999999999996,0,0.05366396103896103,0,Normal,N->N
Haryana,Kurukshetra,2025-11-09,3,0.0,3,0,0.1186060924369748,0,0.14767194241928286,0,Elevated,E->N
Haryana,Kurukshetra,2025-11-10,0,0.0,3,0,0.05186387631975867,0,0.051150641025641035,0,Normal,N->N
Haryana,Kurukshetra,2025-11-11,0,0.0,3,0,0.027805555555555556,0,0.018636210762331837,0,Normal,N->N
Haryana,Kurukshetra,2025-11-12,0,0.0,3,0,0.02700595238095238,0,0.031618353619474696,0,Normal,N->N
Haryana,Kurukshetra,2025-11-13,0,0.0,3,0,0.006015632733872297,0,0.005415377428998505,0,Normal,N->N
Haryana,Kurukshetra,2025-11-14,0,0.0,3,0,0.051360368389780156,0,0.04924517496392497,0,Normal,N->N
Haryana,Kurukshetra,2025-11-15,0,7.0,3,1,0.06059165834165834,0,0.038527777777777786,0,Normal,N->E
Haryana,Kurukshetra,2025-11-16,0,0.0,3,0,0.019005952380952384,0,0.02406911119523228,0,Normal,N->N
Haryana,Kurukshetra,2025-11-17,0,0.0,3,0,0.010895161719379544,0,0.007300307192217742,0,Normal,N->N
Haryana,Kurukshetra,2025-11-18,7,0.0,3,0,0.09407021583193367,0,0.18874878224612268,0,Elevated,E->N
Haryana,Kurukshetra,2025-11-19,0,0.0,3,0,0.1951333341151452,0,0.22040406790518896,0,Normal,N->N
Haryana,Kurukshetra,2025-11-20,0,1.0,3,0,0.12519598822557249,0,0.10887629012741122,0,Normal,N->N
Haryana,Kurukshetra,2025-11-21,0,0.0,3,0,0.11595627435756914,0,0.09928418486425335,0,Normal,N->N
Haryana,Kurukshetra,2025-11-22,0,0.0,3,0,0.008124047276600934,0,0.00799565351256406,0,Normal,N->N
Haryana,Kurukshetra,2025-11-23,1,1.0,3,0,0.2534767316017316,0,0.2750337301587303,0,Normal,N->N
Haryana,Mahendragarh,2025-10-15,0,0.0,3,0,0.08241155372405373,0,0.07627453102453102,0,Normal,N->N
Haryana,Mahendragarh,2025-10-16,0,0.0,3,0,0.0012827380952380955,0,0.00017787742899850524,0,Normal,N->N
Haryana,Mahendragarh,2025-10-17,0,0.0,3,0,0.07909271631300265,0,0.07971515447057242,0,Normal,N->N
Haryana,Mahendragarh,2025-10-18,0,0.0,3,0,0.00469402841781874,0,0.0010112107623318385,0,Normal,N->N
Haryana,Mahendragarh,2025-10-19,0,0.0,3,0,0.062297889834180165,0,0.06719155844155844,0,Normal,N->N
Haryana,Mahendragarh,2025-10-20,0,0.0,3,0,0.0200918458781362,0,0.024777860778981853,0,Normal,N->N
Haryana,Mahendragarh,2025-10-21,0,0.0,3,0,0.06472542341171372,0,0.05488512851124958,0,Normal,N->N
Haryana,Mahendragarh,2025-10-22,0,0.0,3,0,0.01684764563393596,0,0.021113483489604564,0,Normal,N->N
Haryana,Mahendragarh,2025-10-23,0,0.0,3,0,0.03075757908591492,0,0.04681397050259158,0,Normal,N->N
Haryana,Mahendragarh,2025-10-24,0,0.0,3,0,0.003928571428571429,0,0.0062195440956651716,0,Normal,N->N
Haryana,Mahendragarh,2025-10-25,0,0.0,3,0,0.003,0,0.0025112107623318385,0,Normal,N->N
Haryana,Mahendragarh,2025-10-26,0,0.0,3,0,0.027630849753694578,0,0.017246816822937897,0,Normal,N->N
Haryana,Mahendragarh,2025-10-27,0,0.0,3,0,0.06797333099906629,0,0.03592084741121268,0,Normal,N->N
Haryana,Mahendragarh,2025-10-28,0,0.0,3,0,0.11564787173610704,0,0.0921590446414157,0,Normal,N->N
Haryana,Mahendragarh,2025-10-29,0,2.0,3,0,0.04927579365079365,0,0.022588808164929242,0,Normal,N->N
Haryana,Mahendragarh,2025-10-30,0,0.0,3,0,0.09445060372633901,0,0.06941151299562826,0,Normal,N->N
Haryana,Mahendragarh,2025-10-31,0,0.0,3,0,0.0441686507936508,0,0.023872141498262577,0,Normal,N->N
Haryana,Mahendragarh,2025-11-01,2,0.0,3,0,0.039749549062049055,0,0.04230143467643468,0,Normal,N->N
Haryana,Mahendragarh,2025-11-02,0,0.0,3,0,0.02948809523809524,0,0.022142163143284224,0,Normal,N->N
Haryana,Mahendragarh,2025-11-03,0,0.0,3,0,0.047964285714285716,0,0.04954778910334566,0,Normal,N->N
Haryana,Mahendragarh,2025-11-04,0,0.0,3,0,0.035529761904761904,0,0.024710456739792587,0,Normal,N->N
Haryana,Mahendragarh,2025-11-05,0,0.0,3,0,0.01329030910609858,0,0.02318809046157996,0,Normal,N->N
Haryana,Mahendragarh,2025-11-06,0,0.0,3,0,0.088407531752733,0,0.09136557539682542,0,Normal,N->N
Haryana,Mahendragarh,2025-11-07,0,0.0,3,0,0.01641818266931697,0,0.01766210986323094,0,Normal,N->N
Haryana,Mahendragarh,2025-11-08,0,0.0,3,0,0.034576023391812864,0,0.028791599233509782,0,Normal,N->N
Haryana,Mahendragarh,2025-11-09,0,0.0,3,0,0.01044984326018809,0,0.010371696329396354,0,Normal,N->N
Haryana,Mahendragarh,2025-11-10,0,0.0,3,0,0.011719291125541128,0,0.009759294111730977,0,Normal,N->N
Haryana,Mahendragarh,2025-11-11,0,1.0,3,0,0.010624759717999284,0,0.012455029662729687,0,Normal,N->N
Haryana,Mahendragarh,2025-11-12,0,2.0,3,0,0.007015632733872297,0,0.004955029662729686,0,Normal,N->N
Haryana,Mahendragarh,2025-11-13,0,1.0,3,0,0.007015632733872297,0,0.004955029662729686,0,Normal,N->N
Haryana,Mahendragarh,2025-11-14,1,0.0,3,0,0.051446428571428574,0,0.04577330447330447,0,Normal,N->N
Haryana,Mahendragarh,2025-11-15,2,0.0,3,0,0.06933630952380951,0,0.07712896825396826,0,Normal,N->N
Haryana,Mahendragarh,2025-11-16,1,0.0,3,0,0.14869047619047615,0,0.13492261904761904,0,Normal,N->N
Haryana,Mahendragarh,2025-11-17,0,1.0,3,0,0.10706468164188751,0,0.11718382980995092,0,Normal,N->N
Haryana,Mahendragarh,2025-11-18,0,0.0,3,0,0.048077731092436966,0,0.033177877428998505,0,Normal,N->N
Haryana,Mahendragarh,2025-11-19,0,0.0,3,0,0.024100898692810454,0,0.02582125671053568,0,Normal,N->N
Haryana,Mahendragarh,2025-11-20,1,0.0,3,0,0.14797941919191918,0,0.20193252465127465,0,Normal,N->N
Haryana,Mahendragarh,2025-11-21,0,0.0,3,0,0.006041666666666667,0,0.019410020286141364,0,Normal,N->N
Haryana,Mahendragarh,2025-11-22,0,0.0,3,0,0.013166666666666667,0,0.008719544095665171,0,Normal,N->N
Haryana,Mahendragarh,2025-11-23,0,0.0,3,0,0.014256664470083256,0,0.030436844081541004,0,Normal,N->N
Haryana,Nuh,2025-10-15,0,0.0,3,0,0.06196576617826619,0,0.05547549647661756,0,Normal,N->N
Haryana,Nuh,2025-10-16,0,1.0,3,0,0.04269024725274725,0,0.03226121076233184,0,Normal,N->N
Haryana,Nuh,2025-10-17,0,1.0,3,0,0.042419763068928695,0,0.026352870671909705,0,Normal,N->N
Haryana,Nuh,2025-10-18,0,0.0,3,0,0.021701964925755247,0,0.009750388251509326,0,Normal,N->N
Haryana,Nuh,2025-10-19,1,0.0,3,0,0.48823930088527184,1,0.4773083513708514,1,Normal,N->N
Haryana,Nuh,2025-10-20,1,0.0,3,0,0.36739997412008274,1,0.3869466991341992,0,Normal,N->N
Haryana,Nuh,2025-10-21,0,0.0,3,0,0.15090114379084968,0,0.1433311512385223,0,Normal,N->N
Haryana,Nuh,2025-10-22,0,0.0,3,0,0.14387746366662604,0,0.15609739227794883,0,Normal,N->N
Haryana,Nuh,2025-10-23,0,0.0,3,0,0.07646609399055049,0,0.08501039907402015,0,Normal,N->N
Haryana,Nuh,2025-10-24,0,0.0,3,0,0.07165887584637584,0,0.09211438536550641,0,Normal,N->N
Haryana,Nuh,2025-10-25,0,0.0,3,0,0.08479632173382173,0,0.09453453221212386,0,Normal,N->N
Haryana,Nuh,2025-10-26,0,0.0,3,0,0.07515873015873016,0,0.06886470897980065,0,Normal,N->N
Haryana,Nuh,2025-10-27,0,0.0,3,0,0.1118801672184025,0,0.09170013026071612,0,Normal,N->N
Haryana,Nuh,2025-10-28,0,0.0,3,0,0.10697624475198009,0,0.10568342396579501,0,Normal,N->N
Haryana,Nuh,2025-10-29,0,0.0,3,0,0.0633939659197012,0,0.03926500325536851,0,Normal,N->N
Haryana,Nuh,2025-10-30,0,0.0,3,0,0.0936589370596723,0,0.06170913204324731,0,Normal,N->N
Haryana,Nuh,2025-10-31,0,0.0,3,0,0.056818569094304376,0,0.04061519705381813,0,Normal,N->N
Haryana,Nuh,2025-11-01,0,0.0,3,0,0.005317028985507246,0,0.006261210762331839,0,Normal,N->N
Haryana,Nuh,2025-11-02,0,0.0,3,0,0.07187952898550724,0,0.06621428571428571,0,Normal,N->N
Haryana,Nuh,2025-11-03,0,0.0,3,0,0.04959381469979296,0,0.06552174189786296,0,Normal,N->N
Haryana,Nuh,2025-11-04,0,0.0,3,0,0.022436076604554867,0,0.017320470021591098,0,Normal,N->N
Haryana,Nuh,2025-11-05,0,0.0,3,0,0.006214912280701754,0,0.012539280937770436,0,Normal,N->N
Haryana,Nuh,2025-11-06,0,0.0,3,0,0.01129318266931697,0,0.02047895968008076,0,Normal,N->N
Haryana,Nuh,2025-11-07,0,0.0,3,0,0.016834849335983636,0,0.01866210986323094,0,Normal,N->N
Haryana,Nuh,2025-11-08,0,2.0,3,0,0.03043558887422317,0,0.03071693442463444,0,Normal,N->N
Haryana,Nuh,2025-11-09,0,0.0,3,0,0.012116509926854757,0,0.011943124900824926,0,Normal,N->N
Haryana,Nuh,2025-11-10,0,0.0,3,0,0.010324843260188088,0,0.009538362996063018,0,Normal,N->N
Haryana,Nuh,2025-11-11,2,0.0,3,0,0.06068154761904762,0,0.055622055137844614,0,Normal,N->N
Haryana,Nuh,2025-11-12,0,0.0,3,0,0.013654761904761902,0,0.008344544095665173,0,Normal,N->N
Haryana,Nuh,2025-11-13,0,0.0,3,0,0.04120039682539682,0,0.031211479579536138,0,Normal,N->N
Haryana,Nuh,2025-11-14,0,0.0,3,0,0.014880952380952378,0,0.01176121076233184,0,Normal,N->N
Haryana,Nuh,2025-11-15,0,0.0,3,0,0.008408176593521421,0,0.005267529662729685,0,Normal,N->N
Haryana,Nuh,2025-11-16,0,0.0,3,0,0.05224420677361853,0,0.094285213507253,0,Normal,N->N
Haryana,Nuh,2025-11-17,0,0.0,3,0,0.010960324626647717,0,0.010000944274433772,0,Normal,N->N
Haryana,Nuh,2025-11-18,0,0.0,3,0,0.0036111111111111105,0,0.006801880618791168,0,Normal,N->N
Haryana,Nuh,2025-11-19,0,0.0,3,0,0.0016210389123620006,0,0.0014253071922177422,0,Normal,N->N
Haryana,Nuh,2025-11-20,0,0.0,3,0,0.007204372245695335,0,0.002031367798278348,0,Normal,N->N
Haryana,Nuh,2025-11-21,0,0.0,3,0,0.0084444516107747,0,0.005156367798278347,0,Normal,N->N
Haryana,Nuh,2025-11-22,0,0.0,3,0,0.0006210389123620009,0,0.0005919738588844089,0,Normal,N->N
Haryana,Nuh,2025-11-23,0,0.0,3,0,0.02239496842416682,0,0.030774824376100244,0,Normal,N->N
Haryana,Palwal,2025-10-15,0,1.0,3,0,0.06447116114561768,0,0.06358074539436646,0,Normal,N->N
Haryana,Palwal,2025-10-16,1,0.0,3,0,0.3952128911909591,1,0.4151043747918748,0,Normal,N->N
Haryana,Palwal,2025-10-17,0,4.0,3,1,0.08354080883038863,0,0.08949491612645515,0,Normal,N->E
Haryana,Palwal,2025-10-18,1,1.0,3,0,0.5836797770757477,1,0.5659856185481186,1,Normal,N->N
Haryana,Palwal,2025-10-19,0,5.0,3,1,0.12550886268485895,0,0.09332940053824218,0,Normal,N->E
Haryana,Palwal,2025-10-20,4,0.0,3,0,0.5067781897741604,1,0.4986359989648033,1,Elevated,E->N
Haryana,Palwal,2025-10-21,1,2.0,3,0,0.4423291847041849,1,0.4047518315018316,0,Normal,N->N
Haryana,Palwal,2025-10-22,5,0.0,3,0,0.561130372313843,1,0.6115199275362319,1,Elevated,E->N
Haryana,Palwal,2025-10-23,0,3.0,3,1,0.4845316131237184,1,0.5542916666666666,1,Normal,N->E
Haryana,Palwal,2025-10-24,2,0.0,3,0,0.26406011904761906,0,0.28051968864468857,0,Normal,N->N
Haryana,Palwal,2025-10-25,0,0.0,3,0,0.5742297077922077,1,0.5152812500000001,1,Normal,N->N
Haryana,Palwal,2025-10-26,3,0.0,3,0,0.2080844017094017,0,0.21383143547273978,0,Elevated,E->N
Haryana,Palwal,2025-10-27,0,0.0,3,0,0.497496108058608,1,0.49370238095238117,1,Normal,N->N
Haryana,Palwal,2025-10-28,0,0.0,3,0,0.11789087301587303,0,0.11064101229534815,0,Normal,N->N
Haryana,Palwal,2025-10-29,0,2.0,3,0,0.3711392622899975,1,0.3308204895594601,0,Normal,N->N
Haryana,Palwal,2025-10-30,0,6.0,3,1,0.1270012752770106,0,0.11359328493815597,0,Normal,N->E
Haryana,Palwal,2025-10-31,0,6.0,3,1,0.19763359434682962,0,0.1979001623376623,0,Normal,N->E
Haryana,Palwal,2025-11-01,2,0.0,3,0,0.11686607142857142,0,0.09338888888888892,0,Normal,N->N
Haryana,Palwal,2025-11-02,6,2.0,3,0,0.3487797619047619,1,0.4041599544072949,0,Elevated,E->N
Haryana,Palwal,2025-11-03,6,2.0,3,0,0.5959855769230767,1,0.6415319782168187,1,Elevated,E->N
Haryana,Palwal,2025-11-04,0,1.0,3,0,0.5966941311612364,1,0.5943436147186147,1,Normal,N->N
Haryana,Palwal,2025-11-05,2,0.0,3,0,0.5313005952380953,1,0.5235427489177489,1,Normal,N->N
Haryana,Palwal,2025-11-06,2,0.0,3,0,0.36528084415584416,1,0.34100297619047615,0,Normal,N->N
Haryana,Palwal,2025-11-07,1,5.0,3,1,0.257825,0,0.29464766483516486,0,Normal,N->E
Haryana,Palwal,2025-11-08,0,1.0,3,0,0.2838455086580087,0,0.2945263270182625,0,Normal,N->N
Haryana,Palwal,2025-11-09,0,0.0,3,0,0.13872817460317458,0,0.11111693548387098,0,Normal,N->N
Haryana,Palwal,2025-11-10,5,0.0,3,0,0.435913961038961,1,0.40159844647078685,0,Elevated,E->N
Haryana,Palwal,2025-11-11,1,2.0,3,0,0.28441805555555555,0,0.31109490509490506,0,Normal,N->N
Haryana,Palwal,2025-11-12,0,0.0,3,0,0.20696428571428568,0,0.15151207481763138,0,Normal,N->N
Haryana,Palwal,2025-11-13,0,0.0,3,0,0.1726471861471862,0,0.13111028910334566,0,Normal,N->N
Haryana,Palwal,2025-11-14,2,0.0,3,0,0.08958333333333336,0,0.10331907894736841,0,Normal,N->N
Haryana,Palwal,2025-11-15,0,0.0,3,0,0.23264716117216117,0,0.26352942890442893,0,Normal,N->N
Haryana,Palwal,2025-11-16,0,0.0,3,0,0.05152038892480069,0,0.07977777777777777,0,Normal,N->N
Haryana,Palwal,2025-11-17,0,1.0,3,0,0.1166171536796537,0,0.07581547619047618,0,Normal,N->N
Haryana,Palwal,2025-11-18,0,0.0,3,0,0.005357142857142857,0,0.01335590773202881,0,Normal,N->N
Haryana,Palwal,2025-11-19,0,0.0,3,0,0.03526984779925957,0,0.0366889880952381,0,Normal,N->N
Haryana,Palwal,2025-11-20,1,0.0,3,0,0.05435813492063492,0,0.04061742424242424,0,Normal,N->N
Haryana,Palwal,2025-11-21,0,0.0,3,0,0.02033333333333333,0,0.024368353619474693,0,Normal,N->N
Haryana,Palwal,2025-11-22,0,0.0,3,0,0.008458333333333333,0,0.009344544095665173,0,Normal,N->N
Haryana,Palwal,2025-11-23,0,0.0,3,0,0.007526504604840437,0,0.00601716314328422,0,Normal,N->N
Haryana,Panchkula,2025-10-15,0,0.0,3,0,0.14925489787989787,0,0.14707363816738817,0,Normal,N->N
Haryana,Panchkula,2025-10-16,0,0.0,3,0,0.10864561827061825,0,0.11150022546897544,0,Normal,N->N
Haryana,Panchkula,2025-10-17,0,2.0,3,0,0.05394359339532489,0,0.062218146188017256,0,Normal,N->N
Haryana,Panchkula,2025-10-18,0,1.0,3,0,0.16610566694269263,0,0.09841281957019062,0,Normal,N->N
Haryana,Panchkula,2025-10-19,0,0.0,3,0,0.06473351254480286,0,0.0277244142255353,0,Normal,N->N
Haryana,Panchkula,2025-10-20,2,0.0,3,0,0.4685390816671496,1,0.45594286963036945,1,Normal,N->N
Haryana,Panchkula,2025-10-21,1,0.0,3,0,0.2770347881482843,0,0.273438355504145,0,Normal,N->N
Haryana,Panchkula,2025-10-22,0,0.0,3,0,0.21415808823529411,0,0.19466706855118387,0,Normal,N->N
Haryana,Panchkula,2025-10-23,0,0.0,3,0,0.15905223575444166,0,0.12561151299562826,0,Normal,N->N
Haryana,Panchkula,2025-10-24,0,0.0,3,0,0.08981109742747673,0,0.07038179443202813,0,Normal,N->N
Haryana,Panchkula,2025-10-25,0,1.0,3,0,0.27557687728937735,0,0.27101716570466566,0,Normal,N->N
Haryana,Panchkula,2025-10-26,0,0.0,3,0,0.07798115079365078,0,0.05378754553866661,0,Normal,N->N
Haryana,Panchkula,2025-10-27,0,0.0,3,0,0.14290079365079372,0,0.08361791410800576,0,Normal,N->N
Haryana,Panchkula,2025-10-28,1,2.0,3,0,0.1875883653856799,0,0.1663400974025974,0,Normal,N->N
Haryana,Panchkula,2025-10-29,0,0.0,3,0,0.13026793345543347,0,0.08720203550346618,0,Normal,N->N
Haryana,Panchkula,2025-10-30,0,0.0,3,0,0.13911706349206351,0,0.09894596799855966,0,Normal,N->N
Haryana,Panchkula,2025-10-31,2,0.0,3,0,0.22801033263130338,0,0.17460615079365083,0,Normal,N->N
Haryana,Panchkula,2025-11-01,0,0.0,3,0,0.06285317460317458,0,0.034749306000427076,0,Normal,N->N
Haryana,Panchkula,2025-11-02,0,0.0,3,0,0.1330049603174603,0,0.09895218298455406,0,Normal,N->N
Haryana,Panchkula,2025-11-03,0,0.0,3,0,0.07273397435897434,0,0.08502489177489178,0,Normal,N->N
Haryana,Panchkula,2025-11-04,0,0.0,3,0,0.04842063492063493,0,0.0558683536194747,0,Normal,N->N
Haryana,Panchkula,2025-11-05,0,0.0,3,0,0.11008792815371761,0,0.12993934884559882,0,Normal,N->N
Haryana,Panchkula,2025-11-06,0,0.0,3,0,0.02671480965344395,0,0.02075168695280803,0,Normal,N->N
Haryana,Panchkula,2025-11-07,0,0.0,3,0,0.013985745614035087,0,0.015427877428998505,0,Normal,N->N
Haryana,Panchkula,2025-11-08,0,0.0,3,0,0.022602255540889845,0,0.01947895968008076,0,Normal,N->N
Haryana,Panchkula,2025-11-09,0,0.0,3,0,0.004741509926854754,0,0.007038483489604566,0,Normal,N->N
Haryana,Panchkula,2025-11-10,0,0.0,3,0,0.004324843260188087,0,0.0044551501562712335,0,Normal,N->N
Haryana,Panchkula,2025-11-11,0,0.0,3,0,0.019169191919191923,0,0.016719544095665173,0,Normal,N->N
Haryana,Panchkula,2025-11-12,0,0.0,3,0,0.007091029559269123,0,0.009689186952808028,0,Normal,N->N
Haryana,Panchkula,2025-11-13,0,0.0,3,0,0.0008489660672056315,0,0.0010176501562712327,0,Normal,N->N
Haryana,Panchkula,2025-11-14,0,0.0,3,0,0.024055944055944054,0,0.019166666666666665,0,Normal,N->N
Haryana,Panchkula,2025-11-15,0,0.0,3,0,0.001682299400538965,0,0.0010176501562712327,0,Normal,N->N
Haryana,Panchkula,2025-11-16,0,0.0,3,0,0.02223487876561833,0,0.027282165611576162,0,Normal,N->N
Haryana,Panchkula,2025-11-17,0,0.0,3,0,0.003744799400538965,0,0.002920062436972987,0,Normal,N->N
Haryana,Panchkula,2025-11-18,0,0.0,3,0,0.002203132733872298,0,0.0012533957703063203,0,Normal,N->N
Haryana,Panchkula,2025-11-19,0,0.0,3,0,0.002203132733872298,0,0.002276123043033593,0,Normal,N->N
Haryana,Panchkula,2025-11-20,0,0.0,3,0,0.003807018291093688,0,0.0032593481512587013,0,Normal,N->N
Haryana,Panchkula,2025-11-21,0,0.0,3,0,0.0051197994005389635,0,0.001759348151258701,0,Normal,N->N
Haryana,Panchkula,2025-11-22,0,0.0,3,0,0.0024531327338722982,0,0.0014427897097002596,0,Normal,N->N
Haryana,Panchkula,2025-11-23,0,0.0,3,0,0.0024531327338722982,0,0.0014427897097002596,0,Normal,N->N
Haryana,Panipat,2025-10-15,1,2.0,3,0,0.15954365079365082,0,0.17807160894660895,0,Normal,N->N
Haryana,Panipat,2025-10-16,2,4.0,3,1,0.4015488505747126,1,0.4444754689754689,1,Normal,N->E
Haryana,Panipat,2025-10-17,0,0.0,3,0,0.19254194049414639,0,0.1981332345718557,0,Normal,N->N
Haryana,Panipat,2025-10-18,2,0.0,3,0,0.35437499999999994,1,0.35485119047619035,0,Normal,N->N
Haryana,Panipat,2025-10-19,4,3.0,3,1,0.25479166666666664,0,0.24173024499654935,0,Elevated,E->E
Haryana,Panipat,2025-10-20,0,0.0,3,0,0.2635188338493293,0,0.23268576975596977,0,Normal,N->N
Haryana,Panipat,2025-10-21,0,0.0,3,0,0.34815277777777776,1,0.3239489478342656,0,Normal,N->N
Haryana,Panipat,2025-10-22,3,0.0,3,0,0.22576785714285713,0,0.23935578612209038,0,Elevated,E->N
Haryana,Panipat,2025-10-23,0,1.0,3,0,0.1919424603174603,0,0.2166238553113552,0,Normal,N->N
Haryana,Panipat,2025-10-24,0,0.0,3,0,0.23116630916280506,0,0.23681321143014689,0,Normal,N->N
Haryana,Panipat,2025-10-25,0,0.0,3,0,0.11956249999999999,0,0.11007493625252791,0,Normal,N->N
Haryana,Panipat,2025-10-26,1,0.0,3,0,0.2780197404719464,0,0.23930654761904768,0,Normal,N->N
Haryana,Panipat,2025-10-27,0,0.0,3,0,0.14595238095238094,0,0.12814095381742438,0,Normal,N->N
Haryana,Panipat,2025-10-28,0,0.0,3,0,0.19534878663003666,0,0.15348161984671152,0,Normal,N->N
Haryana,Panipat,2025-10-29,0,0.0,3,0,0.16881250000000006,0,0.1350042426917028,0,Normal,N->N
Haryana,Panipat,2025-10-30,0,1.0,3,0,0.1827937675070028,0,0.16299107142857142,0,Normal,N->N
Haryana,Panipat,2025-10-31,0,0.0,3,0,0.18620556404379937,0,0.16928677894415003,0,Normal,N->N
Haryana,Panipat,2025-11-01,0,0.0,3,0,0.11554265873015877,0,0.09891489041601148,0,Normal,N->N
Haryana,Panipat,2025-11-02,1,0.0,3,0,0.2201726190476191,0,0.18748809523809523,0,Normal,N->N
Haryana,Panipat,2025-11-03,0,2.0,3,0,0.08945833333333333,0,0.07451716314328422,0,Normal,N->N
Haryana,Panipat,2025-11-04,0,4.0,3,1,0.09725595238095237,0,0.08343839791626317,0,Normal,N->E
Haryana,Panipat,2025-11-05,0,0.0,3,0,0.12720833333333334,0,0.12690515015627124,0,Normal,N->N
Haryana,Panipat,2025-11-06,2,6.0,3,1,0.10089933346296778,0,0.12161929181929183,0,Normal,N->E
Haryana,Panipat,2025-11-07,4,0.0,3,0,0.20890773809523813,0,0.2526366860090265,0,Elevated,E->N
Haryana,Panipat,2025-11-08,0,1.0,3,0,0.1842830882352941,0,0.1728624012385223,0,Normal,N->N
Haryana,Panipat,2025-11-09,6,2.0,3,0,0.3555535714285714,1,0.3906783526756932,0,Elevated,E->N
Haryana,Panipat,2025-11-10,0,2.0,3,0,0.3896308472229525,1,0.3796369047619049,0,Normal,N->N
Haryana,Panipat,2025-11-11,1,0.0,3,0,0.26545297619047625,0,0.24344230769230774,0,Normal,N->N
Haryana,Panipat,2025-11-12,2,0.0,3,0,0.4172119047619047,1,0.37074107142857143,0,Normal,N->N
Haryana,Panipat,2025-11-13,2,2.0,3,0,0.26077976190476193,0,0.2319851190476191,0,Normal,N->N
Haryana,Panipat,2025-11-14,0,0.0,3,0,0.3301604010025062,1,0.35551190476190475,0,Normal,N->N
Haryana,Panipat,2025-11-15,0,2.0,3,0,0.1585088661338661,0,0.1313921631432842,0,Normal,N->N
Haryana,Panipat,2025-11-16,2,1.0,3,0,0.33997678571428586,1,0.250625626566416,0,Normal,N->N
Haryana,Panipat,2025-11-17,0,5.0,3,1,0.1010222204266322,0,0.12286544011544014,0,Normal,N->E
Haryana,Panipat,2025-11-18,2,0.0,3,0,0.30046964285714295,1,0.3080024651274651,0,Normal,N->N
Haryana,Panipat,2025-11-19,1,3.0,3,1,0.23152738095238098,0,0.2190375457875458,0,Normal,N->E
Haryana,Panipat,2025-11-20,5,0.0,3,0,0.3268452380952381,1,0.2516505679604084,0,Elevated,E->N
Haryana,Panipat,2025-11-21,0,1.0,3,0,0.38144669913419904,1,0.3555535714285715,0,Normal,N->N
Haryana,Panipat,2025-11-22,3,2.0,3,0,0.26614285714285724,0,0.19009447821681869,0,Elevated,E->N
Haryana,Panipat,2025-11-23,0,1.0,3,0,0.2835595238095238,0,0.2562083333333333,0,Normal,N->N
Haryana,Rewari,2025-10-15,0,0.0,3,0,0.03536676245210728,0,0.0386015787276998,0,Normal,N->N
Haryana,Rewari,2025-10-16,0,0.0,3,0,0.09925521700521699,0,0.12348816869405108,0,Normal,N->N
Haryana,Rewari,2025-10-17,0,0.0,3,0,0.05529201581618144,0,0.04006700376104278,0,Normal,N->N
Haryana,Rewari,2025-10-18,0,0.0,3,0,0.07577537762416796,0,0.0746841534242451,0,Normal,N->N
Haryana,Rewari,2025-10-19,0,1.0,3,0,0.17028430619559645,0,0.16427651515151515,0,Normal,N->N
Haryana,Rewari,2025-10-20,0,0.0,3,0,0.05715335381464414,0,0.04890069627681735,0,Normal,N->N
Haryana,Rewari,2025-10-21,0,0.0,3,0,0.08032959007838039,0,0.05590298565410673,0,Normal,N->N
Haryana,Rewari,2025-10-22,1,0.0,3,0,0.2145622007894067,0,0.20905836488073337,0,Normal,N->N
Haryana,Rewari,2025-10-23,0,0.0,3,0,0.05219408702242286,0,0.06219469394581502,0,Normal,N->N
Haryana,Rewari,2025-10-24,0,0.0,3,0,0.023991071428571428,0,0.032606219919841,0,Normal,N->N
Haryana,Rewari,2025-10-25,0,0.0,3,0,0.1073065476190476,0,0.10906434537684538,0,Normal,N->N
Haryana,Rewari,2025-10-26,0,0.0,3,0,0.03921418308702791,0,0.0262468168229379,0,Normal,N->N
Haryana,Rewari,2025-10-27,0,0.0,3,0,0.12883254817078346,0,0.10431524676186202,0,Normal,N->N
Haryana,Rewari,2025-10-28,0,0.0,3,0,0.0835427130059483,0,0.07816673217731802,0,Normal,N->N
Haryana,Rewari,2025-10-29,0,0.0,3,0,0.0814346405228758,0,0.0551822651601304,0,Normal,N->N
Haryana,Rewari,2025-10-30,0,0.0,3,0,0.09761727039300565,0,0.06285619086677671,0,Normal,N->N
Haryana,Rewari,2025-10-31,0,0.0,3,0,0.060776902427637704,0,0.04101225587734754,0,Normal,N->N
Haryana,Rewari,2025-11-01,0,0.0,3,0,0.007983695652173913,0,0.007658269585861249,0,Normal,N->N
Haryana,Rewari,2025-11-02,0,0.0,3,0,0.01599411231884058,0,0.023233958808918893,0,Normal,N->N
Haryana,Rewari,2025-11-03,0,2.0,3,0,0.017676652001380265,0,0.028899251849211934,0,Normal,N->N
Haryana,Rewari,2025-11-04,0,0.0,3,0,0.025727743271221532,0,0.021134195511787177,0,Normal,N->N
Haryana,Rewari,2025-11-05,0,0.0,3,0,0.022118055555555557,0,0.02884067051826218,0,Normal,N->N
Haryana,Rewari,2025-11-06,2,0.0,3,0,0.02967413505026935,0,0.04459985935574049,0,Normal,N->N
Haryana,Rewari,2025-11-07,0,0.0,3,0,0.02036309523809524,0,0.02974435017194183,0,Normal,N->N
Haryana,Rewari,2025-11-08,0,0.0,3,0,0.030414317042606522,0,0.03542887398146564,0,Normal,N->N
Haryana,Rewari,2025-11-09,0,0.0,3,0,0.02188690476190476,0,0.01961339779098946,0,Normal,N->N
Haryana,Rewari,2025-11-10,0,0.0,3,0,0.021336748022092854,0,0.01304851705768767,0,Normal,N->N
Haryana,Rewari,2025-11-11,0,0.0,3,0,0.04604886045327221,0,0.04606277030503036,0,Normal,N->N
Haryana,Rewari,2025-11-12,0,0.0,3,0,0.015289442257681824,0,0.008777683724354335,0,Normal,N->N
Haryana,Rewari,2025-11-13,0,0.0,3,0,0.013343253968253968,0,0.014722917914828468,0,Normal,N->N
Haryana,Rewari,2025-11-14,0,0.0,3,0,0.015789442257681825,0,0.008777683724354335,0,Normal,N->N
Haryana,Rewari,2025-11-15,0,0.0,3,0,0.016747775591015156,0,0.008777683724354335,0,Normal,N->N
Haryana,Rewari,2025-11-16,0,0.0,3,0,0.041256272830490645,0,0.04374621738367746,0,Normal,N->N
Haryana,Rewari,2025-11-17,0,0.0,3,0,0.01929992362414145,0,0.015939669764629846,0,Normal,N->N
Haryana,Rewari,2025-11-18,0,0.0,3,0,0.013918971243189072,0,0.012398003097963184,0,Normal,N->N
Haryana,Rewari,2025-11-19,0,0.0,3,0,0.0037701617193795444,0,0.005364032682413821,0,Normal,N->N
Haryana,Rewari,2025-11-20,0,0.0,3,0,0.0067835925039872414,0,0.005637581940173605,0,Normal,N->N
Haryana,Rewari,2025-11-21,0,0.0,3,0,0.008343574417792243,0,0.008095093288474426,0,Normal,N->N
Haryana,Rewari,2025-11-22,0,0.0,3,0,0.0015201617193795448,0,0.003530699349080487,0,Normal,N->N
Haryana,Rewari,2025-11-23,0,0.0,3,0,0.028155202342295474,0,0.03372545462820108,0,Normal,N->N
Haryana,Rohtak,2025-10-15,0,0.0,3,0,0.08374588117125649,0,0.08753535730292572,0,Normal,N->N
Haryana,Rohtak,2025-10-16,0,0.0,3,0,0.10089560644598178,0,0.09647593792113794,0,Normal,N->N
Haryana,Rohtak,2025-10-17,0,0.0,3,0,0.10809261105427673,0,0.1109790042992043,0,Normal,N->N
Haryana,Rohtak,2025-10-18,0,0.0,3,0,0.16846368048510013,0,0.15382072033170982,0,Normal,N->N
Haryana,Rohtak,2025-10-19,0,1.0,3,0,0.11798315512278129,0,0.10457560470172575,0,Normal,N->N
Haryana,Rohtak,2025-10-20,0,0.0,3,0,0.13997343928472966,0,0.10573128235740345,0,Normal,N->N
Haryana,Rohtak,2025-10-21,0,0.0,3,0,0.19512389873906844,0,0.20090311016409979,0,Normal,N->N
Haryana,Rohtak,2025-10-22,1,0.0,3,0,0.21854265783236368,0,0.21179653679653673,0,Normal,N->N
Haryana,Rohtak,2025-10-23,0,0.0,3,0,0.08106028693528693,0,0.11631297843909955,0,Normal,N->N
Haryana,Rohtak,2025-10-24,0,0.0,3,0,0.08457417787455322,0,0.1276999916451917,0,Normal,N->N
Haryana,Rohtak,2025-10-25,0,0.0,3,0,0.08130654761904761,0,0.11054692504804615,0,Normal,N->N
Haryana,Rohtak,2025-10-26,0,0.0,3,0,0.07177380952380952,0,0.09971467396579506,0,Normal,N->N
Haryana,Rohtak,2025-10-27,0,0.0,3,0,0.06336464803312629,0,0.10242463067575178,0,Normal,N->N
Haryana,Rohtak,2025-10-28,0,1.0,3,0,0.1331796398046399,0,0.12978059554421661,0,Normal,N->N
Haryana,Rohtak,2025-10-29,0,0.0,3,0,0.1715655617131911,0,0.16753490198339147,0,Normal,N->N
Haryana,Rohtak,2025-10-30,0,2.0,3,0,0.114905870681606,0,0.11549003378039904,0,Normal,N->N
Haryana,Rohtak,2025-10-31,1,3.0,3,1,0.11368452380952383,0,0.13158612914862916,0,Normal,N->E
Haryana,Rohtak,2025-11-01,0,1.0,3,0,0.09321230158730158,0,0.10232127569739678,0,Normal,N->N
Haryana,Rohtak,2025-11-02,2,5.0,3,1,0.24406869184455385,0,0.2277738095238096,0,Normal,N->E
Haryana,Rohtak,2025-11-03,3,5.0,3,1,0.3164680064188686,1,0.36502359077093116,0,Elevated,E->E
Haryana,Rohtak,2025-11-04,1,5.0,3,1,0.2945693542568543,0,0.2920588235294118,0,Normal,N->E
Haryana,Rohtak,2025-11-05,5,6.0,3,1,0.39963392857142854,1,0.39117835267569306,0,Elevated,E->E
Haryana,Rohtak,2025-11-06,5,4.0,3,1,0.530622023809524,1,0.4995647163120569,1,Elevated,E->E
Haryana,Rohtak,2025-11-07,5,5.0,3,1,0.4573933150183152,1,0.440029272589113,1,Elevated,E->E
Haryana,Rohtak,2025-11-08,6,12.0,3,1,0.4530416666666666,1,0.4517651131374534,1,Elevated,E->E
Haryana,Rohtak,2025-11-09,4,6.0,3,1,0.46615178571428556,1,0.42416590678824717,1,Elevated,E->E
Haryana,Rohtak,2025-11-10,5,10.0,3,1,0.4761666666666666,1,0.4285228512326916,1,Elevated,E->E
Haryana,Rohtak,2025-11-11,12,4.0,3,1,0.7367916666666666,1,0.671490311550152,1,Elevated,E->E
Haryana,Rohtak,2025-11-12,6,6.0,3,1,0.5778214285714286,1,0.5996464012937416,1,Elevated,E->E
Haryana,Rohtak,2025-11-13,10,23.0,3,1,0.5663482142857142,1,0.5687016210739615,1,Elevated,E->E
Haryana,Rohtak,2025-11-14,4,6.0,3,1,0.4334722222222222,1,0.41874130361364403,0,Elevated,E->E
Haryana,Rohtak,2025-11-15,6,1.0,3,0,0.3857589285714285,1,0.3608603512326917,0,Elevated,E->N
Haryana,Rohtak,2025-11-16,23,2.0,3,0,0.659982142857143,1,0.6557748353596758,1,Elevated,E->N
Haryana,Rohtak,2025-11-17,6,3.0,3,1,0.5095029761904761,1,0.4764231870080274,1,Elevated,E->E
Haryana,Rohtak,2025-11-18,1,5.0,3,1,0.38060119047619057,1,0.45644815668202765,1,Normal,N->E
Haryana,Rohtak,2025-11-19,2,9.0,3,1,0.3076984126984126,1,0.36985227272727256,0,Normal,N->E
Haryana,Rohtak,2025-11-20,3,7.0,3,1,0.29825,1,0.27264209726443767,0,Elevated,E->E
Haryana,Rohtak,2025-11-21,5,2.0,3,0,0.3830729949874689,1,0.34379044891278937,0,Elevated,E->N
Haryana,Rohtak,2025-11-22,9,3.0,3,1,0.4087982804232804,1,0.3498603512326916,0,Elevated,E->E
Haryana,Rohtak,2025-11-23,7,6.0,3,1,0.29585010822510827,0,0.2999516210739615,0,Elevated,E->E
Haryana,Sirsa,2025-10-15,3,0.0,3,0,0.3188242862529627,1,0.20708333333333329,0,Elevated,E->N
Haryana,Sirsa,2025-10-16,2,1.0,3,0,0.2254732142857142,0,0.25262980769230764,0,Normal,N->N
Haryana,Sirsa,2025-10-17,8,0.0,3,0,0.5256629810094953,1,0.5172843733237977,1,Elevated,E->N
Haryana,Sirsa,2025-10-18,0,2.0,3,0,0.4729109421280475,1,0.4596515151515151,1,Normal,N->N
Haryana,Sirsa,2025-10-19,1,14.0,3,1,0.5743430849351234,1,0.5587544642857142,1,Normal,N->E
Haryana,Sirsa,2025-10-20,0,1.0,3,0,0.5810987554112554,1,0.5143750000000002,1,Normal,N->N
Haryana,Sirsa,2025-10-21,2,2.0,3,0,0.26091288515406164,0,0.3626953463203465,0,Normal,N->N
Haryana,Sirsa,2025-10-22,14,3.0,3,1,0.6591014610389611,1,0.7454523809523809,1,Elevated,E->E
Haryana,Sirsa,2025-10-23,1,17.0,3,1,0.625352813852814,1,0.6209594155844157,1,Normal,N->E
Haryana,Sirsa,2025-10-24,2,6.0,3,1,0.678205406394236,1,0.6448701298701299,1,Normal,N->E
Haryana,Sirsa,2025-10-25,3,0.0,3,0,0.5592724567099566,1,0.4363241725768321,1,Elevated,E->N
Haryana,Sirsa,2025-10-26,17,2.0,3,0,0.645577380952381,1,0.7552500000000001,1,Elevated,E->N
Haryana,Sirsa,2025-10-27,6,5.0,3,1,0.592559523809524,1,0.597718253968254,1,Elevated,E->E
Haryana,Sirsa,2025-10-28,0,4.0,3,1,0.8076399302037599,1,0.7345400956570312,1,Normal,N->E
Haryana,Sirsa,2025-10-29,2,10.0,3,1,0.5978611111111111,1,0.4816617965367966,1,Normal,N->E
Haryana,Sirsa,2025-10-30,5,9.0,3,1,0.5683134920634921,1,0.630719696969697,1,Elevated,E->E
Haryana,Sirsa,2025-10-31,4,8.0,3,1,0.4994479949874686,1,0.5075218253968256,1,Elevated,E->E
Haryana,Sirsa,2025-11-01,10,7.0,3,1,0.5038890381649003,1,0.49326602564102573,1,Elevated,E->E
Haryana,Sirsa,2025-11-02,9,7.0,3,1,0.4861566558441558,1,0.47152106551840606,1,Elevated,E->E
Haryana,Sirsa,2025-11-03,8,5.0,3,1,0.5800069444444446,1,0.5669853512326917,1,Elevated,E->E
Haryana,Sirsa,2025-11-04,7,4.0,3,1,0.49555952380952367,1,0.5343343591691996,1,Elevated,E->E
Haryana,Sirsa,2025-11-05,7,4.0,3,1,0.5115059523809524,1,0.4448105496453901,1,Elevated,E->E
Haryana,Sirsa,2025-11-06,5,9.0,3,1,0.32532142857142854,1,0.29302304964539005,0,Elevated,E->E
Haryana,Sirsa,2025-11-07,4,8.0,3,1,0.3142827380952381,1,0.3049069782168187,0,Elevated,E->E
Haryana,Sirsa,2025-11-08,4,5.0,3,1,0.2107291666666667,0,0.17171947821681866,0,Elevated,E->E
Haryana,Sirsa,2025-11-09,9,4.0,3,1,0.4425902777777779,1,0.4267844965318369,1,Elevated,E->E
Haryana,Sirsa,2025-11-10,8,4.0,3,1,0.4410486111111112,1,0.3974333060556464,0,Elevated,E->E
Haryana,Sirsa,2025-11-11,5,7.0,3,1,0.3662499999999999,1,0.32255677980412023,0,Elevated,E->E
Haryana,Sirsa,2025-11-12,4,5.0,3,1,0.45965476190476195,1,0.2853142584365988,0,Elevated,E->E
Haryana,Sirsa,2025-11-13,4,7.0,3,1,0.42914880952380957,1,0.4308932419530824,1,Elevated,E->E
Haryana,Sirsa,2025-11-14,7,8.0,3,1,0.5235932539682542,1,0.534307807779413,1,Elevated,E->E
Haryana,Sirsa,2025-11-15,5,7.0,3,1,0.36762500000000004,1,0.38003793059777097,0,Elevated,E->E
Haryana,Sirsa,2025-11-16,7,12.0,3,1,0.4782767857142858,1,0.42079441716675753,0,Elevated,E->E
Haryana,Sirsa,2025-11-17,8,3.0,3,1,0.38375288600288604,1,0.4235166393889799,1,Elevated,E->E
Haryana,Sirsa,2025-11-18,7,2.0,3,0,0.38541765873015876,1,0.3861237822461227,0,Elevated,E->N
Haryana,Sirsa,2025-11-19,12,1.0,3,0,0.4418492063492064,1,0.4235681099772151,1,Elevated,E->N
Haryana,Sirsa,2025-11-20,3,1.0,3,0,0.28188690476190464,0,0.2897522163120567,0,Elevated,E->N
Haryana,Sirsa,2025-11-21,2,0.0,3,0,0.23234929653679653,0,0.30364046437433534,0,Normal,N->N
Haryana,Sirsa,2025-11-22,1,0.0,3,0,0.19666774891774902,0,0.3655282710121419,0,Normal,N->N
Haryana,Sirsa,2025-11-23,1,0.0,3,0,0.15578571428571425,0,0.17910582010582007,0,Normal,N->N
Haryana,Sonipat,2025-10-15,1,0.0,3,0,0.13117261904761904,0,0.19329278772912675,0,Normal,N->N
Haryana,Sonipat,2025-10-16,0,0.0,3,0,0.07355709787288735,0,0.0808660523002229,0,Normal,N->N
Haryana,Sonipat,2025-10-17,0,0.0,3,0,0.08028986616136218,0,0.08358010458780461,0,Normal,N->N
Haryana,Sonipat,2025-10-18,0,0.0,3,0,0.1330068260368664,0,0.1367772127771728,0,Normal,N->N
Haryana,Sonipat,2025-10-19,0,0.0,3,0,0.12865506321635356,0,0.12779070210432317,0,Normal,N->N
Haryana,Sonipat,2025-10-20,0,0.0,3,0,0.10733653452282484,0,0.07705271092883201,0,Normal,N->N
Haryana,Sonipat,2025-10-21,0,0.0,3,0,0.16108520826287795,0,0.1434537054021949,0,Normal,N->N
Haryana,Sonipat,2025-10-22,0,0.0,3,0,0.1387444252432156,0,0.12040911841023949,0,Normal,N->N
Haryana,Sonipat,2025-10-23,0,1.0,3,0,0.047746642246642226,0,0.04666903904516012,0,Normal,N->N
Haryana,Sonipat,2025-10-24,0,0.0,3,0,0.07721703501741034,0,0.08093508706662607,0,Normal,N->N
Haryana,Sonipat,2025-10-25,0,0.0,3,0,0.03720238095238095,0,0.03071954409566517,0,Normal,N->N
Haryana,Sonipat,2025-10-26,1,0.0,3,0,0.09415808823529412,0,0.08176361357940305,0,Normal,N->N
Haryana,Sonipat,2025-10-27,0,0.0,3,0,0.01134381469979296,0,0.020368353619474693,0,Normal,N->N
Haryana,Sonipat,2025-10-28,0,1.0,3,0,0.08806257631257627,0,0.059229513293134355,0,Normal,N->N
Haryana,Sonipat,2025-10-29,0,2.0,3,0,0.12749420945433879,0,0.11128820178816186,0,Normal,N->N
Haryana,Sonipat,2025-10-30,0,3.0,3,1,0.08478087068160597,0,0.06326384330420856,0,Normal,N->E
Haryana,Sonipat,2025-10-31,1,1.0,3,0,0.09641369047619047,0,0.0867187049062049,0,Normal,N->N
Haryana,Sonipat,2025-11-01,2,5.0,3,1,0.14536631089217295,0,0.1056392773892774,0,Normal,N->E
Haryana,Sonipat,2025-11-02,3,4.0,3,1,0.2962928981937603,0,0.36724794974529024,0,Elevated,E->E
Haryana,Sonipat,2025-11-03,1,7.0,3,1,0.2883920732045733,0,0.3312886904761904,0,Normal,N->E
Haryana,Sonipat,2025-11-04,5,6.0,3,1,0.5235078463203462,1,0.49486828774062824,1,Elevated,E->E
Haryana,Sonipat,2025-11-05,4,2.0,3,0,0.4570305308726364,1,0.2699343050566455,0,Elevated,E->N
Haryana,Sonipat,2025-11-06,7,12.0,3,1,0.5477261904761906,1,0.6178664562387968,1,Elevated,E->E
Haryana,Sonipat,2025-11-07,6,1.0,3,0,0.37367857142857125,1,0.39085935916919945,0,Elevated,E->N
Haryana,Sonipat,2025-11-08,2,12.0,3,1,0.44933441558441556,1,0.45655952380952397,1,Normal,N->E
Haryana,Sonipat,2025-11-09,12,6.0,3,1,0.6704404761904764,1,0.6733605038578445,1,Elevated,E->E
Haryana,Sonipat,2025-11-10,1,4.0,3,1,0.43867261904761906,1,0.34220941558441553,0,Normal,N->E
Haryana,Sonipat,2025-11-11,12,10.0,3,1,0.5421160714285714,1,0.5100583060556464,1,Elevated,E->E
Haryana,Sonipat,2025-11-12,6,11.0,3,1,0.46977976190476184,1,0.5740647163120566,1,Elevated,E->E
Haryana,Sonipat,2025-11-13,4,16.0,3,1,0.5175714285714286,1,0.5012373353596757,1,Elevated,E->E
Haryana,Sonipat,2025-11-14,10,8.0,3,1,0.5077738095238096,1,0.543809908619749,1,Elevated,E->E
Haryana,Sonipat,2025-11-15,11,2.0,3,0,0.6316159812409813,1,0.602226422661263,1,Elevated,E->N
Haryana,Sonipat,2025-11-16,16,4.0,3,1,0.7728571428571428,1,0.7489226190476191,1,Elevated,E->E
Haryana,Sonipat,2025-11-17,8,2.0,3,0,0.5230178571428571,1,0.447108168693009,1,Elevated,E->N
Haryana,Sonipat,2025-11-18,2,0.0,3,0,0.34646031746031747,1,0.3976099532188244,0,Normal,N->N
Haryana,Sonipat,2025-11-19,4,5.0,3,1,0.35753571428571435,1,0.35567002766736805,0,Elevated,E->E
Haryana,Sonipat,2025-11-20,2,12.0,3,1,0.3362023809523808,1,0.33331939655326764,0,Normal,N->E
Haryana,Sonipat,2025-11-21,0,1.0,3,0,0.3531303210678211,1,0.3393768939393938,0,Normal,N->N
Haryana,Sonipat,2025-11-22,5,0.0,3,0,0.27790037593984956,0,0.25548138297872336,0,Elevated,E->N
Haryana,Sonipat,2025-11-23,12,8.0,3,1,0.3914185036454774,1,0.34181471631205673,0,Elevated,E->E
Haryana,Yamunanagar,2025-10-15,0,2.0,3,0,0.24175196608946614,0,0.2463620031928855,0,Normal,N->N
Haryana,Yamunanagar,2025-10-16,4,1.0,3,0,0.4729951783482463,1,0.4520437370600414,1,Elevated,E->N
Haryana,Yamunanagar,2025-10-17,0,2.0,3,0,0.2725972591739907,0,0.26006875044487154,0,Normal,N->N
Haryana,Yamunanagar,2025-10-18,2,0.0,3,0,0.33106233758072,1,0.3367738095238094,0,Normal,N->N
Haryana,Yamunanagar,2025-10-19,1,1.0,3,0,0.4223821169772257,1,0.42930582611832613,1,Normal,N->N
Haryana,Yamunanagar,2025-10-20,2,0.0,3,0,0.4112916407867495,1,0.45902530557677623,1,Normal,N->N
Haryana,Yamunanagar,2025-10-21,0,0.0,3,0,0.3397228535353534,1,0.34605275974025973,0,Normal,N->N
Haryana,Yamunanagar,2025-10-22,1,0.0,3,0,0.3389564255189256,1,0.3317869397759104,0,Normal,N->N
Haryana,Yamunanagar,2025-10-23,0,0.0,3,0,0.2659770923520923,0,0.25022453563877983,0,Normal,N->N
Haryana,Yamunanagar,2025-10-24,0,0.0,3,0,0.19459275793650793,0,0.14415129764026824,0,Normal,N->N
Haryana,Yamunanagar,2025-10-25,0,0.0,3,0,0.24117009379509372,0,0.24320881433381428,0,Normal,N->N
Haryana,Yamunanagar,2025-10-26,0,1.0,3,0,0.13541369047619053,0,0.11200265436774606,0,Normal,N->N
Haryana,Yamunanagar,2025-10-27,0,0.0,3,0,0.20320100957049492,0,0.14848829372838543,0,Normal,N->N
Haryana,Yamunanagar,2025-10-28,0,0.0,3,0,0.10402004817078346,0,0.07505683666420775,0,Normal,N->N
Haryana,Yamunanagar,2025-10-29,1,1.0,3,0,0.1869680411500265,0,0.14148257827698615,0,Normal,N->N
Haryana,Yamunanagar,2025-10-30,0,5.0,3,1,0.22363711166284694,0,0.18448390151515157,0,Normal,N->E
Haryana,Yamunanagar,2025-10-31,0,3.0,3,1,0.10389306404379933,0,0.08362182584169692,0,Normal,N->E
Haryana,Yamunanagar,2025-11-01,1,0.0,3,0,0.23646459691277358,0,0.22673363095238094,0,Normal,N->N
Haryana,Yamunanagar,2025-11-02,5,0.0,3,0,0.2248969155844156,0,0.22119350419084458,0,Elevated,E->N
Haryana,Yamunanagar,2025-11-03,3,0.0,3,0,0.4400143008852717,1,0.44005659942893977,1,Elevated,E->N
Haryana,Yamunanagar,2025-11-04,0,0.0,3,0,0.36088910109498334,1,0.33411766334440757,0,Normal,N->N
Haryana,Yamunanagar,2025-11-05,0,0.0,3,0,0.22199407944996177,0,0.19422933672239331,0,Normal,N->N
Haryana,Yamunanagar,2025-11-06,0,0.0,3,0,0.18135480002024124,0,0.20660978579840683,0,Normal,N->N
Haryana,Yamunanagar,2025-11-07,0,0.0,3,0,0.24537029220779225,0,0.2721060004810004,0,Normal,N->N
Haryana,Yamunanagar,2025-11-08,0,0.0,3,0,0.23354687950937955,0,0.23466629088504093,0,Normal,N->N
Haryana,Yamunanagar,2025-11-09,0,0.0,3,0,0.034270833333333334,0,0.039865377428998504,0,Normal,N->N
Haryana,Yamunanagar,2025-11-10,0,0.0,3,0,0.020145833333333335,0,0.01969871076233184,0,Normal,N->N
Haryana,Yamunanagar,2025-11-11,0,0.0,3,0,0.00911285495609452,0,0.007144544095665172,0,Normal,N->N
Haryana,Yamunanagar,2025-11-12,0,2.0,3,0,0.013832203615098354,0,0.003988483489604565,0,Normal,N->N
Haryana,Yamunanagar,2025-11-13,0,0.0,3,0,0.006751743844983409,0,0.002040377428998505,0,Normal,N->N
Haryana,Yamunanagar,2025-11-14,0,0.0,3,0,0.00929142638466595,0,0.002040377428998505,0,Normal,N->N
Haryana,Yamunanagar,2025-11-15,2,0.0,3,0,0.08696202318213186,0,0.067385989010989,0,Normal,N->N
Haryana,Yamunanagar,2025-11-16,0,0.0,3,0,0.043363876319758674,0,0.047458333333333325,0,Normal,N->N
Haryana,Yamunanagar,2025-11-17,0,0.0,3,0,0.10017857142857146,0,0.07890195670342727,0,Normal,N->N
Haryana,Yamunanagar,2025-11-18,0,0.0,3,0,0.013880952380952383,0,0.006517163143284219,0,Normal,N->N
Haryana,Yamunanagar,2025-11-19,0,0.0,3,0,0.011673931560649387,0,0.003698034464945014,0,Normal,N->N
Haryana,Yamunanagar,2025-11-20,0,1.0,3,0,0.06362253308594085,0,0.0641630496696286,0,Normal,N->N
Haryana,Yamunanagar,2025-11-21,0,0.0,3,0,0.05225242456451769,0,0.045536147117686145,0,Normal,N->N
Haryana,Yamunanagar,2025-11-22,0,2.0,3,0,0.017648809523809525,0,0.017607801671422747,0,Normal,N->N
Haryana,Yamunanagar,2025-11-23,1,1.0,3,0,0.03643101365983674,0,0.019683160698950174,0,Normal,N->N
Punjab,Amritsar,2025-10-15,12,6.0,3,1,0.6567599206349206,1,0.6593392857142857,1,Elevated,E->E
Punjab,Amritsar,2025-10-16,16,45.0,3,1,0.7542691197691195,1,0.7584233789260385,1,Elevated,E->E
Punjab,Amritsar,2025-10-17,8,20.0,3,1,0.8702847222222222,1,0.8948958333333333,1,Elevated,E->E
Punjab,Amritsar,2025-10-18,6,19.0,3,1,0.7955892857142858,1,0.8310595238095237,1,Elevated,E->E
Punjab,Amritsar,2025-10-19,45,22.0,3,1,0.9233511904761903,1,0.9028333333333333,1,Elevated,E->E
Punjab,Amritsar,2025-10-20,20,16.0,3,1,0.9877499999999999,1,0.9714583333333333,1,Elevated,E->E
Punjab,Amritsar,2025-10-21,19,1.0,3,0,0.9889166666666667,1,0.9917916666666666,1,Elevated,E->N
Punjab,Amritsar,2025-10-22,22,13.0,3,1,0.9848958333333334,1,0.9861666666666666,1,Elevated,E->E
Punjab,Amritsar,2025-10-23,16,22.0,3,1,0.98,1,0.9683333333333334,1,Elevated,E->E
Punjab,Amritsar,2025-10-24,1,24.0,3,1,0.914452380952381,1,0.8863214285714285,1,Normal,N->E
Punjab,Amritsar,2025-10-25,13,6.0,3,1,0.9523630952380953,1,0.9465,1,Elevated,E->E
Punjab,Amritsar,2025-10-26,22,7.0,3,1,0.9570833333333334,1,0.9673749999999999,1,Elevated,E->E
Punjab,Amritsar,2025-10-27,24,23.0,3,1,0.9689583333333333,1,0.9820833333333334,1,Elevated,E->E
Punjab,Amritsar,2025-10-28,6,27.0,3,1,0.9142708333333336,1,0.9286249999999998,1,Elevated,E->E
Punjab,Amritsar,2025-10-29,7,37.0,3,1,0.912294642857143,1,0.9195416666666667,1,Elevated,E->E
Punjab,Amritsar,2025-10-30,23,28.0,3,1,0.9771249999999999,1,0.993375,1,Elevated,E->E
Punjab,Amritsar,2025-10-31,27,9.0,3,1,0.9782916666666667,1,0.979375,1,Elevated,E->E
Punjab,Amritsar,2025-11-01,37,26.0,3,1,0.9139583333333334,1,0.9086755952380954,1,Elevated,E->E
Punjab,Amritsar,2025-11-02,28,29.0,3,1,0.9310833333333334,1,0.9274553571428571,1,Elevated,E->E
Punjab,Amritsar,2025-11-03,9,23.0,3,1,0.7452301587301591,1,0.6818306277056277,1,Elevated,E->E
Punjab,Amritsar,2025-11-04,26,8.0,3,1,0.879,1,0.8707767857142857,1,Elevated,E->E
Punjab,Amritsar,2025-11-05,29,13.0,3,1,0.9297916666666667,1,0.9149702380952383,1,Elevated,E->E
Punjab,Amritsar,2025-11-06,23,15.0,3,1,0.8868154761904762,1,0.8969285714285714,1,Elevated,E->E
Punjab,Amritsar,2025-11-07,8,9.0,3,1,0.5993055555555555,1,0.5915803571428571,1,Elevated,E->E
Punjab,Amritsar,2025-11-08,13,7.0,3,1,0.8311626984126984,1,0.8175208333333331,1,Elevated,E->E
Punjab,Amritsar,2025-11-09,15,4.0,3,1,0.7733452380952377,1,0.7578928571428573,1,Elevated,E->E
Punjab,Amritsar,2025-11-10,9,2.0,3,0,0.6576934523809526,1,0.6272428571428572,1,Elevated,E->N
Punjab,Amritsar,2025-11-11,7,2.0,3,0,0.6430714285714287,1,0.5125483866623572,1,Elevated,E->N
Punjab,Amritsar,2025-11-12,4,2.0,3,0,0.5085625000000001,1,0.42965552951950015,1,Elevated,E->N
Punjab,Amritsar,2025-11-13,2,6.0,3,1,0.5036388888888887,1,0.5223353174603175,1,Normal,N->E
Punjab,Amritsar,2025-11-14,2,0.0,3,0,0.3672678571428571,1,0.33338690476190463,0,Normal,N->N
Punjab,Amritsar,2025-11-15,2,0.0,3,0,0.39579166666666654,1,0.3829583333333332,0,Normal,N->N
Punjab,Amritsar,2025-11-16,6,0.0,3,0,0.49051644736842126,1,0.53946054964539,1,Elevated,E->N
Punjab,Amritsar,2025-11-17,0,0.0,3,0,0.42053625541125533,1,0.33922727272727277,0,Normal,N->N
Punjab,Amritsar,2025-11-18,0,0.0,3,0,0.48115503246753244,1,0.36937968975468977,0,Normal,N->N
Punjab,Amritsar,2025-11-19,0,1.0,3,0,0.34312061403508787,1,0.33507652368539453,0,Normal,N->N
Punjab,Amritsar,2025-11-20,0,4.0,3,1,0.16115874060150376,0,0.18016236772486768,0,Normal,N->E
Punjab,Amritsar,2025-11-21,0,0.0,3,0,0.1687940789473684,0,0.1648885582010582,0,Normal,N->N
Punjab,Amritsar,2025-11-22,1,0.0,3,0,0.07910119047619048,0,0.060343822843822836,0,Normal,N->N
Punjab,Amritsar,2025-11-23,4,0.0,3,0,0.2684315476190476,0,0.30891888297872344,0,Elevated,E->N
Punjab,Barnala,2025-10-15,0,0.0,3,0,0.13010224673392923,0,0.10302255508795753,0,Normal,N->N
Punjab,Barnala,2025-10-16,0,0.0,3,0,0.07989288956498625,0,0.07814043041121045,0,Normal,N->N
Punjab,Barnala,2025-10-17,0,0.0,3,0,0.10918198917152003,0,0.09573910337567287,0,Normal,N->N
Punjab,Barnala,2025-10-18,0,0.0,3,0,0.15862544077710405,0,0.12056298875564378,0,Normal,N->N
Punjab,Barnala,2025-10-19,0,0.0,3,0,0.1226556003527047,0,0.14023386353247996,0,Normal,N->N
Punjab,Barnala,2025-10-20,0,0.0,3,0,0.1327344748407897,0,0.14617351222657915,0,Normal,N->N
Punjab,Barnala,2025-10-21,0,0.0,3,0,0.09919867730953257,0,0.0924009293968739,0,Normal,N->N
Punjab,Barnala,2025-10-22,0,0.0,3,0,0.08631412217168796,0,0.07059374316205609,0,Normal,N->N
Punjab,Barnala,2025-10-23,0,3.0,3,1,0.08500877547160444,0,0.07415021008694406,0,Normal,N->E
Punjab,Barnala,2025-10-24,0,2.0,3,0,0.1973024862985852,0,0.168859722666466,0,Normal,N->N
Punjab,Barnala,2025-10-25,0,1.0,3,0,0.08374671928948244,0,0.08098497557193207,0,Normal,N->N
Punjab,Barnala,2025-10-26,3,3.0,3,1,0.30206483426704017,1,0.3980284051697094,0,Elevated,E->E
Punjab,Barnala,2025-10-27,2,3.0,3,1,0.36122039072039075,1,0.2918415032679738,0,Normal,N->E
Punjab,Barnala,2025-10-28,1,6.0,3,1,0.5184662420912421,1,0.4988798076923079,1,Normal,N->E
Punjab,Barnala,2025-10-29,3,10.0,3,1,0.7148672360248446,1,0.7890288561076605,1,Elevated,E->E
Punjab,Barnala,2025-10-30,3,8.0,3,1,0.6919702380952379,1,0.6887758799171845,1,Elevated,E->E
Punjab,Barnala,2025-10-31,6,6.0,3,1,0.7778992673992673,1,0.8229285714285715,1,Elevated,E->E
Punjab,Barnala,2025-11-01,10,12.0,3,1,0.8555341880341881,1,0.8683529761904762,1,Elevated,E->E
Punjab,Barnala,2025-11-02,8,2.0,3,0,0.826638888888889,1,0.8483268916367321,1,Elevated,E->N
Punjab,Barnala,2025-11-03,6,1.0,3,0,0.6417291666666668,1,0.6787075734549138,1,Elevated,E->N
Punjab,Barnala,2025-11-04,12,0.0,3,0,0.8472361111111113,1,0.8471004305977711,1,Elevated,E->N
Punjab,Barnala,2025-11-05,2,2.0,3,0,0.6319523809523809,1,0.491032738095238,1,Normal,N->N
Punjab,Barnala,2025-11-06,1,4.0,3,1,0.5928744588744592,1,0.5980515873015874,1,Normal,N->E
Punjab,Barnala,2025-11-07,0,8.0,3,1,0.5265357142857144,1,0.5349086021505378,1,Normal,N->E
Punjab,Barnala,2025-11-08,2,2.0,3,0,0.2706354949874687,0,0.25971891534391534,0,Normal,N->N
Punjab,Barnala,2025-11-09,4,2.0,3,0,0.41586180571377956,1,0.42052900202634247,0,Elevated,E->N
Punjab,Barnala,2025-11-10,8,2.0,3,0,0.6220396825396824,1,0.5795329702803107,1,Elevated,E->N
Punjab,Barnala,2025-11-11,2,1.0,3,0,0.49302944862155385,1,0.45428282828282845,1,Normal,N->N
Punjab,Barnala,2025-11-12,2,5.0,3,1,0.5611111111111111,1,0.5160725108225108,1,Normal,N->E
Punjab,Barnala,2025-11-13,2,1.0,3,0,0.5139494047619046,1,0.43991179653679646,1,Normal,N->N
Punjab,Barnala,2025-11-14,1,0.0,3,0,0.4489492395762133,1,0.3572261904761905,0,Normal,N->N
Punjab,Barnala,2025-11-15,5,0.0,3,0,0.5070175920570658,1,0.5472165020263424,1,Elevated,E->N
Punjab,Barnala,2025-11-16,1,0.0,3,0,0.48413933982683993,1,0.422669559373539,1,Normal,N->N
Punjab,Barnala,2025-11-17,0,0.0,3,0,0.3407108918128655,1,0.29942328042328037,0,Normal,N->N
Punjab,Barnala,2025-11-18,0,0.0,3,0,0.30803338459785845,1,0.28850635774022865,0,Normal,N->N
Punjab,Barnala,2025-11-19,0,0.0,3,0,0.07826848370927317,0,0.07576159464317357,0,Normal,N->N
Punjab,Barnala,2025-11-20,0,0.0,3,0,0.16433991228070174,0,0.18784399603807495,0,Normal,N->N
Punjab,Barnala,2025-11-21,0,0.0,3,0,0.008122895622895622,0,0.02822516835016835,0,Normal,N->N
Punjab,Barnala,2025-11-22,0,0.0,3,0,0.07614814814814816,0,0.05024878364389233,0,Normal,N->N
Punjab,Barnala,2025-11-23,0,0.0,3,0,0.032164562289562285,0,0.03591759259259259,0,Normal,N->N
Punjab,Bathinda,2025-10-15,1,0.0,3,0,0.273671835839599,0,0.26632738095238095,0,Normal,N->N
Punjab,Bathinda,2025-10-16,0,0.0,3,0,0.1417094865414121,0,0.1340370670995671,0,Normal,N->N
Punjab,Bathinda,2025-10-17,4,5.0,3,1,0.5599624542124543,1,0.5370068277310925,1,Elevated,E->E
Punjab,Bathinda,2025-10-18,0,2.0,3,0,0.3385480970697687,1,0.3324582194121668,0,Normal,N->N
Punjab,Bathinda,2025-10-19,0,17.0,3,1,0.3504965728715728,1,0.316790470558853,0,Normal,N->E
Punjab,Bathinda,2025-10-20,5,3.0,3,1,0.6328449730094464,1,0.7115266397956038,1,Elevated,E->E
Punjab,Bathinda,2025-10-21,2,4.0,3,1,0.542092316017316,1,0.5254363553113557,1,Normal,N->E
Punjab,Bathinda,2025-10-22,17,7.0,3,1,0.8443724816849819,1,0.8696785714285715,1,Elevated,E->E
Punjab,Bathinda,2025-10-23,3,13.0,3,1,0.713330357142857,1,0.6496458333333333,1,Elevated,E->E
Punjab,Bathinda,2025-10-24,4,8.0,3,1,0.6917172619047619,1,0.6809196428571428,1,Elevated,E->E
Punjab,Bathinda,2025-10-25,7,9.0,3,1,0.7324553571428569,1,0.7272357222844346,1,Elevated,E->E
Punjab,Bathinda,2025-10-26,13,13.0,3,1,0.9357738095238096,1,0.9363333333333336,1,Elevated,E->E
Punjab,Bathinda,2025-10-27,8,18.0,3,1,0.8677222222222223,1,0.8985833333333333,1,Elevated,E->E
Punjab,Bathinda,2025-10-28,9,41.0,3,1,0.9454166666666666,1,0.9429166666666667,1,Elevated,E->E
Punjab,Bathinda,2025-10-29,13,26.0,3,1,0.9747083333333335,1,0.9766250000000001,1,Elevated,E->E
Punjab,Bathinda,2025-10-30,18,30.0,3,1,0.981875,1,0.991875,1,Elevated,E->E
Punjab,Bathinda,2025-10-31,41,17.0,3,1,0.9941666666666665,1,0.9875833333333334,1,Elevated,E->E
Punjab,Bathinda,2025-11-01,26,27.0,3,1,0.9689107142857144,1,0.9654464285714286,1,Elevated,E->E
Punjab,Bathinda,2025-11-02,30,12.0,3,1,0.9374523809523809,1,0.9499107142857145,1,Elevated,E->E
Punjab,Bathinda,2025-11-03,17,24.0,3,1,0.9417083333333334,1,0.9521190476190476,1,Elevated,E->E
Punjab,Bathinda,2025-11-04,27,41.0,3,1,0.9504166666666665,1,0.9683035714285715,1,Elevated,E->E
Punjab,Bathinda,2025-11-05,12,20.0,3,1,0.8471250000000002,1,0.841657738095238,1,Elevated,E->E
Punjab,Bathinda,2025-11-06,24,18.0,3,1,0.9211325757575759,1,0.9389285714285713,1,Elevated,E->E
Punjab,Bathinda,2025-11-07,41,35.0,3,1,0.7238964646464647,1,0.7170595238095236,1,Elevated,E->E
Punjab,Bathinda,2025-11-08,20,32.0,3,1,0.8435631313131313,1,0.8281369047619046,1,Elevated,E->E
Punjab,Bathinda,2025-11-09,18,15.0,3,1,0.9049166666666666,1,0.9153630952380951,1,Elevated,E->E
Punjab,Bathinda,2025-11-10,35,14.0,3,1,0.9277916666666667,1,0.904342261904762,1,Elevated,E->E
Punjab,Bathinda,2025-11-11,32,20.0,3,1,0.9136547619047619,1,0.9198422619047618,1,Elevated,E->E
Punjab,Bathinda,2025-11-12,15,11.0,3,1,0.8884017857142855,1,0.8295,1,Elevated,E->E
Punjab,Bathinda,2025-11-13,14,37.0,3,1,0.9157499999999998,1,0.920488095238095,1,Elevated,E->E
Punjab,Bathinda,2025-11-14,20,13.0,3,1,0.9388749999999999,1,0.9486934523809524,1,Elevated,E->E
Punjab,Bathinda,2025-11-15,11,6.0,3,1,0.7237291666666666,1,0.7033363095238095,1,Elevated,E->E
Punjab,Bathinda,2025-11-16,37,6.0,3,1,0.9150833333333332,1,0.9104464285714287,1,Elevated,E->E
Punjab,Bathinda,2025-11-17,13,7.0,3,1,0.9143869047619044,1,0.9007886904761904,1,Elevated,E->E
Punjab,Bathinda,2025-11-18,6,8.0,3,1,0.5136071428571429,1,0.45333035714285713,1,Elevated,E->E
Punjab,Bathinda,2025-11-19,6,7.0,3,1,0.6459444444444444,1,0.6626220238095238,1,Elevated,E->E
Punjab,Bathinda,2025-11-20,7,1.0,3,0,0.3199821428571428,1,0.395154761904762,0,Elevated,E->N
Punjab,Bathinda,2025-11-21,8,1.0,3,0,0.44721428571428573,1,0.4605148809523811,1,Elevated,E->N
Punjab,Bathinda,2025-11-22,7,0.0,3,0,0.25410714285714275,0,0.2832800291038401,0,Elevated,E->N
Punjab,Bathinda,2025-11-23,1,1.0,3,0,0.14715539277795375,0,0.2848655864744574,0,Normal,N->N
Punjab,Faridkot,2025-10-15,0,0.0,3,0,0.1075401825189045,0,0.1118950894593309,0,Normal,N->N
Punjab,Faridkot,2025-10-16,1,1.0,3,0,0.24685965275264812,0,0.2628433984745905,0,Normal,N->N
Punjab,Faridkot,2025-10-17,1,0.0,3,0,0.5558588027914115,1,0.5461412962037963,1,Normal,N->N
Punjab,Faridkot,2025-10-18,0,2.0,3,0,0.1930295105877132,0,0.15702673156915609,0,Normal,N->N
Punjab,Faridkot,2025-10-19,1,5.0,3,1,0.5778731684981685,1,0.6015431627196332,1,Normal,N->E
Punjab,Faridkot,2025-10-20,0,1.0,3,0,0.19858149764434416,0,0.15086872791560293,0,Normal,N->N
Punjab,Faridkot,2025-10-21,2,2.0,3,0,0.49114880952380957,1,0.47592090548340565,1,Normal,N->N
Punjab,Faridkot,2025-10-22,5,5.0,3,1,0.5897719780219781,1,0.607147903726708,1,Elevated,E->E
Punjab,Faridkot,2025-10-23,1,5.0,3,1,0.6702768398268398,1,0.6105062229437231,1,Normal,N->E
Punjab,Faridkot,2025-10-24,2,3.0,3,1,0.5798006493506493,1,0.4945650252525254,1,Normal,N->E
Punjab,Faridkot,2025-10-25,5,2.0,3,0,0.679672619047619,1,0.690970238095238,1,Elevated,E->N
Punjab,Faridkot,2025-10-26,5,9.0,3,1,0.8048541666666668,1,0.8247031408308004,1,Elevated,E->E
Punjab,Faridkot,2025-10-27,3,5.0,3,1,0.6773566017316017,1,0.6430357142857145,1,Elevated,E->E
Punjab,Faridkot,2025-10-28,2,9.0,3,1,0.7301066017316018,1,0.5559707792207793,1,Normal,N->E
Punjab,Faridkot,2025-10-29,9,4.0,3,1,0.8343194875776397,1,0.8721645658263304,1,Elevated,E->E
Punjab,Faridkot,2025-10-30,5,8.0,3,1,0.8428958333333333,1,0.8939702380952381,1,Elevated,E->E
Punjab,Faridkot,2025-10-31,9,0.0,3,0,0.858611111111111,1,0.9001875000000001,1,Elevated,E->N
Punjab,Faridkot,2025-11-01,4,11.0,3,1,0.571157738095238,1,0.57635,1,Elevated,E->E
Punjab,Faridkot,2025-11-02,8,12.0,3,1,0.727125,1,0.7640438829787235,1,Elevated,E->E
Punjab,Faridkot,2025-11-03,0,19.0,3,1,0.556592261904762,1,0.5632844932844933,1,Normal,N->E
Punjab,Faridkot,2025-11-04,11,8.0,3,1,0.7628055555555556,1,0.7469010258358663,1,Elevated,E->E
Punjab,Faridkot,2025-11-05,12,15.0,3,1,0.8317878787878789,1,0.8245885258358662,1,Elevated,E->E
Punjab,Faridkot,2025-11-06,19,20.0,3,1,0.8795694444444444,1,0.8373147163120567,1,Elevated,E->E
Punjab,Faridkot,2025-11-07,8,3.0,3,1,0.5642202380952381,1,0.5080625000000001,1,Elevated,E->E
Punjab,Faridkot,2025-11-08,15,9.0,3,1,0.801638888888889,1,0.779034954407295,1,Elevated,E->E
Punjab,Faridkot,2025-11-09,20,3.0,3,1,0.9019166666666666,1,0.8810535714285714,1,Elevated,E->E
Punjab,Faridkot,2025-11-10,3,4.0,3,1,0.6787500000000002,1,0.5356165043290042,1,Elevated,E->E
Punjab,Faridkot,2025-11-11,9,0.0,3,0,0.7831309523809525,1,0.7902621753246752,1,Elevated,E->N
Punjab,Faridkot,2025-11-12,3,2.0,3,0,0.5808869047619047,1,0.5032470238095239,1,Elevated,E->N
Punjab,Faridkot,2025-11-13,4,7.0,3,1,0.5353154761904763,1,0.45105059523809515,1,Elevated,E->E
Punjab,Faridkot,2025-11-14,0,4.0,3,1,0.5601666666666667,1,0.5293325702075703,1,Normal,N->E
Punjab,Faridkot,2025-11-15,2,0.0,3,0,0.3362793441938179,1,0.29749404761904763,0,Normal,N->N
Punjab,Faridkot,2025-11-16,7,2.0,3,0,0.5919642857142857,1,0.6499784067882473,1,Elevated,E->N
Punjab,Faridkot,2025-11-17,4,2.0,3,0,0.4664203712953714,1,0.44867907417641456,1,Elevated,E->N
Punjab,Faridkot,2025-11-18,0,0.0,3,0,0.4433841991341991,1,0.3897950036075036,0,Normal,N->N
Punjab,Faridkot,2025-11-19,2,0.0,3,0,0.4315244708994708,1,0.33306828655215753,0,Normal,N->N
Punjab,Faridkot,2025-11-20,2,0.0,3,0,0.3546959507354245,1,0.30654721040608135,0,Normal,N->N
Punjab,Faridkot,2025-11-21,0,0.0,3,0,0.3341430707450445,1,0.30924702380952374,0,Normal,N->N
Punjab,Faridkot,2025-11-22,0,0.0,3,0,0.23209101446798827,0,0.20580397678784773,0,Normal,N->N
Punjab,Faridkot,2025-11-23,0,0.0,3,0,0.15023966165413533,0,0.13762103174603177,0,Normal,N->N
Punjab,Fatehgarh Sahib,2025-10-15,0,0.0,3,0,0.12953763471220905,0,0.09718346005846006,0,Normal,N->N
Punjab,Fatehgarh Sahib,2025-10-16,0,4.0,3,1,0.12843355385154923,0,0.08875353201548855,0,Normal,N->E
Punjab,Fatehgarh Sahib,2025-10-17,0,1.0,3,0,0.09623292041635695,0,0.08452347041042692,0,Normal,N->N
Punjab,Fatehgarh Sahib,2025-10-18,0,6.0,3,1,0.24926126275741128,0,0.20898605527246034,0,Normal,N->E
Punjab,Fatehgarh Sahib,2025-10-19,4,2.0,3,0,0.7248980418203561,1,0.617067546583851,1,Elevated,E->N
Punjab,Fatehgarh Sahib,2025-10-20,1,0.0,3,0,0.4893152374586197,1,0.4691561837285523,1,Normal,N->N
Punjab,Fatehgarh Sahib,2025-10-21,6,0.0,3,0,0.6495021367521369,1,0.6867754220417263,1,Elevated,E->N
Punjab,Fatehgarh Sahib,2025-10-22,2,0.0,3,0,0.7135649350649348,1,0.6166885822510825,1,Normal,N->N
Punjab,Fatehgarh Sahib,2025-10-23,0,14.0,3,1,0.49998669970380505,1,0.490202980804725,1,Normal,N->E
Punjab,Fatehgarh Sahib,2025-10-24,0,3.0,3,1,0.5447657828282829,1,0.4825870278914634,1,Normal,N->E
Punjab,Fatehgarh Sahib,2025-10-25,0,4.0,3,1,0.3416574288070031,1,0.2715952958072524,0,Normal,N->E
Punjab,Fatehgarh Sahib,2025-10-26,14,3.0,3,1,0.7785176583149729,1,0.801125,1,Elevated,E->E
Punjab,Fatehgarh Sahib,2025-10-27,3,0.0,3,0,0.7725,1,0.8032678571428575,1,Elevated,E->N
Punjab,Fatehgarh Sahib,2025-10-28,4,5.0,3,1,0.8162807971014492,1,0.8426488095238095,1,Elevated,E->E
Punjab,Fatehgarh Sahib,2025-10-29,3,8.0,3,1,0.7956944875776399,1,0.8139166666666666,1,Elevated,E->E
Punjab,Fatehgarh Sahib,2025-10-30,0,5.0,3,1,0.4750767543859651,1,0.4206776695526696,0,Normal,N->E
Punjab,Fatehgarh Sahib,2025-10-31,5,1.0,3,0,0.723424185463659,1,0.7502078754578756,1,Elevated,E->N
Punjab,Fatehgarh Sahib,2025-11-01,8,3.0,3,1,0.8006036324786323,1,0.8305446428571429,1,Elevated,E->E
Punjab,Fatehgarh Sahib,2025-11-02,5,6.0,3,1,0.6317886904761904,1,0.6305094696969696,1,Elevated,E->E
Punjab,Fatehgarh Sahib,2025-11-03,1,6.0,3,1,0.42286850649350655,1,0.46556358225108224,1,Normal,N->E
Punjab,Fatehgarh Sahib,2025-11-04,3,8.0,3,1,0.47979166666666656,1,0.5280173678272081,1,Elevated,E->E
Punjab,Fatehgarh Sahib,2025-11-05,6,8.0,3,1,0.4074583333333333,1,0.42676141544625584,1,Elevated,E->E
Punjab,Fatehgarh Sahib,2025-11-06,6,5.0,3,1,0.4857077922077923,1,0.42482189418320504,1,Elevated,E->E
Punjab,Fatehgarh Sahib,2025-11-07,8,1.0,3,0,0.4955446428571429,1,0.49505876393110443,1,Elevated,E->N
Punjab,Fatehgarh Sahib,2025-11-08,8,3.0,3,1,0.6139939574314576,1,0.5972849544072948,1,Elevated,E->E
Punjab,Fatehgarh Sahib,2025-11-09,5,1.0,3,0,0.4319315476190475,1,0.4274992401215804,1,Elevated,E->N
Punjab,Fatehgarh Sahib,2025-11-10,1,0.0,3,0,0.45481493506493514,1,0.4532500000000001,1,Normal,N->N
Punjab,Fatehgarh Sahib,2025-11-11,3,2.0,3,0,0.42986321548821543,1,0.39402304964539003,0,Elevated,E->N
Punjab,Fatehgarh Sahib,2025-11-12,1,3.0,3,1,0.36889000120250126,1,0.3865,0,Normal,N->E
Punjab,Fatehgarh Sahib,2025-11-13,0,4.0,3,1,0.31457738095238086,1,0.2753242466068552,0,Normal,N->E
Punjab,Fatehgarh Sahib,2025-11-14,2,1.0,3,0,0.29103475544922913,0,0.20979629629629623,0,Normal,N->N
Punjab,Fatehgarh Sahib,2025-11-15,3,1.0,3,0,0.30141769195716556,1,0.46474337099071134,1,Elevated,E->N
Punjab,Fatehgarh Sahib,2025-11-16,4,6.0,3,1,0.374344696969697,1,0.42015949653183676,0,Elevated,E->E
Punjab,Fatehgarh Sahib,2025-11-17,1,3.0,3,1,0.3401023268398269,1,0.33597910422910415,0,Normal,N->E
Punjab,Fatehgarh Sahib,2025-11-18,1,0.0,3,0,0.3107026087947142,1,0.26230738705738704,0,Normal,N->N
Punjab,Fatehgarh Sahib,2025-11-19,6,0.0,3,0,0.38561904761904764,1,0.43949118690029204,1,Elevated,E->N
Punjab,Fatehgarh Sahib,2025-11-20,3,0.0,3,0,0.34080303030303044,1,0.22564163938897985,0,Elevated,E->N
Punjab,Fatehgarh Sahib,2025-11-21,0,0.0,3,0,0.4267218614718615,1,0.3916121031746031,0,Normal,N->N
Punjab,Fatehgarh Sahib,2025-11-22,0,0.0,3,0,0.29444101731601735,0,0.32938086889734847,0,Normal,N->N
Punjab,Fatehgarh Sahib,2025-11-23,0,0.0,3,0,0.11721681096681096,0,0.09795833333333334,0,Normal,N->N
Punjab,Fazilka,2025-10-15,0,0.0,3,0,0.28680479936729936,0,0.32394689685314687,0,Normal,N->N
Punjab,Fazilka,2025-10-16,2,4.0,3,1,0.4809684065934067,1,0.49900717787114846,1,Normal,N->E
Punjab,Fazilka,2025-10-17,3,7.0,3,1,0.5859855699855698,1,0.5613863636363636,1,Elevated,E->E
Punjab,Fazilka,2025-10-18,0,4.0,3,1,0.2915943103594032,0,0.30582837301587307,0,Normal,N->E
Punjab,Fazilka,2025-10-19,4,2.0,3,0,0.5650021367521368,1,0.5261776656314701,1,Elevated,E->N
Punjab,Fazilka,2025-10-20,7,0.0,3,0,0.659449404761905,1,0.7148333333333332,1,Elevated,E->N
Punjab,Fazilka,2025-10-21,4,4.0,3,1,0.7226666666666666,1,0.694190778193438,1,Elevated,E->E
Punjab,Fazilka,2025-10-22,2,0.0,3,0,0.743953373015873,1,0.5782987012987014,1,Normal,N->N
Punjab,Fazilka,2025-10-23,0,7.0,3,1,0.6056984475076582,1,0.5028760822510823,1,Normal,N->E
Punjab,Fazilka,2025-10-24,4,1.0,3,0,0.6874847444698705,1,0.640047619047619,1,Elevated,E->N
Punjab,Fazilka,2025-10-25,0,2.0,3,0,0.4955637531328319,1,0.5308739073426576,1,Normal,N->N
Punjab,Fazilka,2025-10-26,7,4.0,3,1,0.7077611084567604,1,0.7118787360688956,1,Elevated,E->E
Punjab,Fazilka,2025-10-27,1,5.0,3,1,0.5756717472342473,1,0.4573046536796537,1,Normal,N->E
Punjab,Fazilka,2025-10-28,2,10.0,3,1,0.6150659271284271,1,0.5078174603174602,1,Normal,N->E
Punjab,Fazilka,2025-10-29,4,12.0,3,1,0.6657470669427192,1,0.6647559523809524,1,Elevated,E->E
Punjab,Fazilka,2025-10-30,5,13.0,3,1,0.6835595238095239,1,0.6864604037267084,1,Elevated,E->E
Punjab,Fazilka,2025-10-31,10,13.0,3,1,0.7620724637681161,1,0.8197622067648663,1,Elevated,E->E
Punjab,Fazilka,2025-11-01,12,16.0,3,1,0.8353829365079365,1,0.787909954407295,1,Elevated,E->E
Punjab,Fazilka,2025-11-02,13,18.0,3,1,0.8559444444444444,1,0.8380170972644376,1,Elevated,E->E
Punjab,Fazilka,2025-11-03,13,25.0,3,1,0.898527777777778,1,0.8968206686930091,1,Elevated,E->E
Punjab,Fazilka,2025-11-04,16,20.0,3,1,0.9282083333333333,1,0.9307495902616365,1,Elevated,E->E
Punjab,Fazilka,2025-11-05,18,24.0,3,1,0.9591666666666666,1,0.9555833333333333,1,Elevated,E->E
Punjab,Fazilka,2025-11-06,25,46.0,3,1,0.9211190476190473,1,0.9160297619047618,1,Elevated,E->E
Punjab,Fazilka,2025-11-07,20,17.0,3,1,0.7373055555555555,1,0.7119464285714286,1,Elevated,E->E
Punjab,Fazilka,2025-11-08,24,23.0,3,1,0.8212579365079364,1,0.7958630952380952,1,Elevated,E->E
Punjab,Fazilka,2025-11-09,46,14.0,3,1,0.931017857142857,1,0.9222380952380952,1,Elevated,E->E
Punjab,Fazilka,2025-11-10,17,19.0,3,1,0.9040416666666665,1,0.8896964285714286,1,Elevated,E->E
Punjab,Fazilka,2025-11-11,23,29.0,3,1,0.9220833333333333,1,0.8977440476190474,1,Elevated,E->E
Punjab,Fazilka,2025-11-12,14,18.0,3,1,0.9255833333333332,1,0.9041309523809522,1,Elevated,E->E
Punjab,Fazilka,2025-11-13,19,29.0,3,1,0.9550492424242427,1,0.9477380952380952,1,Elevated,E->E
Punjab,Fazilka,2025-11-14,29,7.0,3,1,0.9672575757575759,1,0.9710714285714286,1,Elevated,E->E
Punjab,Fazilka,2025-11-15,18,3.0,3,1,0.9221666666666667,1,0.9059047619047618,1,Elevated,E->E
Punjab,Fazilka,2025-11-16,29,10.0,3,1,0.915660714285714,1,0.9059880952380953,1,Elevated,E->E
Punjab,Fazilka,2025-11-17,7,1.0,3,0,0.7092916666666669,1,0.6783869047619047,1,Elevated,E->N
Punjab,Fazilka,2025-11-18,3,10.0,3,1,0.5371190476190477,1,0.5080416666666667,1,Elevated,E->E
Punjab,Fazilka,2025-11-19,10,4.0,3,1,0.5821011904761904,1,0.568779761904762,1,Elevated,E->E
Punjab,Fazilka,2025-11-20,1,3.0,3,1,0.3222261904761905,1,0.3789073294537003,0,Normal,N->E
Punjab,Fazilka,2025-11-21,10,0.0,3,0,0.733220238095238,1,0.7541785714285716,1,Elevated,E->N
Punjab,Fazilka,2025-11-22,4,5.0,3,1,0.21930844155844154,0,0.21621758427742477,0,Elevated,E->E
Punjab,Fazilka,2025-11-23,3,1.0,3,0,0.2532803927779538,0,0.28371650202634247,0,Elevated,E->N
Punjab,Ferozepur,2025-10-15,3,10.0,3,1,0.5207499999999999,1,0.6230007598784194,1,Elevated,E->E
Punjab,Ferozepur,2025-10-16,9,7.0,3,1,0.7389593253968253,1,0.727815476190476,1,Elevated,E->E
Punjab,Ferozepur,2025-10-17,7,18.0,3,1,0.8142976190476189,1,0.843569055617768,1,Elevated,E->E
Punjab,Ferozepur,2025-10-18,10,31.0,3,1,0.813806818181818,1,0.8217380952380955,1,Elevated,E->E
Punjab,Ferozepur,2025-10-19,7,18.0,3,1,0.8193303571428568,1,0.8673333333333335,1,Elevated,E->E
Punjab,Ferozepur,2025-10-20,18,5.0,3,1,0.9006458333333334,1,0.9096250000000003,1,Elevated,E->E
Punjab,Ferozepur,2025-10-21,31,7.0,3,1,0.9746190476190477,1,0.97875,1,Elevated,E->E
Punjab,Ferozepur,2025-10-22,18,12.0,3,1,0.9820773809523812,1,0.9872916666666666,1,Elevated,E->E
Punjab,Ferozepur,2025-10-23,5,25.0,3,1,0.7563809523809524,1,0.7580178571428572,1,Elevated,E->E
Punjab,Ferozepur,2025-10-24,7,14.0,3,1,0.7786726190476191,1,0.81975,1,Elevated,E->E
Punjab,Ferozepur,2025-10-25,12,10.0,3,1,0.9235059523809523,1,0.9301964285714287,1,Elevated,E->E
Punjab,Ferozepur,2025-10-26,25,27.0,3,1,0.9846666666666666,1,0.9770833333333333,1,Elevated,E->E
Punjab,Ferozepur,2025-10-27,14,43.0,3,1,0.9763825757575759,1,0.97875,1,Elevated,E->E
Punjab,Ferozepur,2025-10-28,10,35.0,3,1,0.94,1,0.9604166666666667,1,Elevated,E->E
Punjab,Ferozepur,2025-10-29,27,33.0,3,1,0.9897992424242423,1,0.9880654761904764,1,Elevated,E->E
Punjab,Ferozepur,2025-10-30,43,47.0,3,1,0.9944444444444446,1,0.9983333333333333,1,Elevated,E->E
Punjab,Ferozepur,2025-10-31,35,26.0,3,1,0.9825416666666668,1,0.995,1,Elevated,E->E
Punjab,Ferozepur,2025-11-01,33,69.0,3,1,0.9848333333333333,1,0.9675297619047618,1,Elevated,E->E
Punjab,Ferozepur,2025-11-02,47,5.0,3,1,0.9762916666666668,1,0.984732142857143,1,Elevated,E->E
Punjab,Ferozepur,2025-11-03,26,20.0,3,1,0.9673333333333336,1,0.9772619047619048,1,Elevated,E->E
Punjab,Ferozepur,2025-11-04,69,48.0,3,1,0.9425,1,0.9582261904761906,1,Elevated,E->E
Punjab,Ferozepur,2025-11-05,5,46.0,3,1,0.8066527777777778,1,0.7347651515151514,1,Elevated,E->E
Punjab,Ferozepur,2025-11-06,20,77.0,3,1,0.9119718614718615,1,0.9018630952380953,1,Elevated,E->E
Punjab,Ferozepur,2025-11-07,48,39.0,3,1,0.7429917027417029,1,0.7098095238095238,1,Elevated,E->E
Punjab,Ferozepur,2025-11-08,46,23.0,3,1,0.8694722222222224,1,0.8489047619047619,1,Elevated,E->E
Punjab,Ferozepur,2025-11-09,77,22.0,3,1,0.9491249999999998,1,0.9396130952380953,1,Elevated,E->E
Punjab,Ferozepur,2025-11-10,39,21.0,3,1,0.9547202380952379,1,0.945845238095238,1,Elevated,E->E
Punjab,Ferozepur,2025-11-11,23,12.0,3,1,0.9597916666666667,1,0.9376130952380951,1,Elevated,E->E
Punjab,Ferozepur,2025-11-12,22,20.0,3,1,0.9569285714285715,1,0.9464464285714287,1,Elevated,E->E
Punjab,Ferozepur,2025-11-13,21,19.0,3,1,0.9405833333333333,1,0.9566964285714286,1,Elevated,E->E
Punjab,Ferozepur,2025-11-14,12,2.0,3,0,0.894595238095238,1,0.9183214285714285,1,Elevated,E->N
Punjab,Ferozepur,2025-11-15,20,4.0,3,1,0.9486527777777779,1,0.9487589285714286,1,Elevated,E->E
Punjab,Ferozepur,2025-11-16,19,1.0,3,0,0.943875,1,0.9364047619047617,1,Elevated,E->N
Punjab,Ferozepur,2025-11-17,2,1.0,3,0,0.6231329365079366,1,0.57159126984127,1,Normal,N->N
Punjab,Ferozepur,2025-11-18,4,1.0,3,0,0.6125496031746032,1,0.43415773809523783,1,Elevated,E->N
Punjab,Ferozepur,2025-11-19,1,3.0,3,1,0.3986649877899878,1,0.3321865079365079,0,Normal,N->E
Punjab,Ferozepur,2025-11-20,1,0.0,3,0,0.37454239766081876,1,0.3050958994708994,0,Normal,N->N
Punjab,Ferozepur,2025-11-21,1,2.0,3,0,0.405,1,0.40925363756613764,0,Normal,N->N
Punjab,Ferozepur,2025-11-22,3,1.0,3,0,0.27655844155844156,0,0.24011233535967577,0,Elevated,E->N
Punjab,Ferozepur,2025-11-23,0,0.0,3,0,0.2741309523809523,0,0.31890605921855913,0,Normal,N->N
Punjab,Gurdaspur,2025-10-15,0,3.0,3,1,0.24310254803675854,0,0.24301392357642357,0,Normal,N->E
Punjab,Gurdaspur,2025-10-16,1,4.0,3,1,0.4223690476190476,1,0.3744080815018316,0,Normal,N->E
Punjab,Gurdaspur,2025-10-17,2,10.0,3,1,0.6063690476190476,1,0.5155405844155845,1,Normal,N->E
Punjab,Gurdaspur,2025-10-18,3,11.0,3,1,0.7331868330944414,1,0.7133329686617731,1,Elevated,E->E
Punjab,Gurdaspur,2025-10-19,4,18.0,3,1,0.660116217116217,1,0.7027678571428573,1,Elevated,E->E
Punjab,Gurdaspur,2025-10-20,10,5.0,3,1,0.8785416666666666,1,0.9123749999999999,1,Elevated,E->E
Punjab,Gurdaspur,2025-10-21,11,4.0,3,1,0.9260784161490683,1,0.9363333333333334,1,Elevated,E->E
Punjab,Gurdaspur,2025-10-22,18,7.0,3,1,0.9642430555555557,1,0.9684166666666666,1,Elevated,E->E
Punjab,Gurdaspur,2025-10-23,5,23.0,3,1,0.8942619047619047,1,0.8543750000000001,1,Elevated,E->E
Punjab,Gurdaspur,2025-10-24,4,9.0,3,1,0.8817500000000001,1,0.877172619047619,1,Elevated,E->E
Punjab,Gurdaspur,2025-10-25,7,5.0,3,1,0.7962629399585924,1,0.8456873433583959,1,Elevated,E->E
Punjab,Gurdaspur,2025-10-26,23,0.0,3,0,0.9275984848484847,1,0.9205392937130061,1,Elevated,E->N
Punjab,Gurdaspur,2025-10-27,9,5.0,3,1,0.8137410714285717,1,0.7976650816677412,1,Elevated,E->E
Punjab,Gurdaspur,2025-10-28,5,10.0,3,1,0.8387380952380952,1,0.8832083333333333,1,Elevated,E->E
Punjab,Gurdaspur,2025-10-29,0,10.0,3,1,0.8085800264550265,1,0.749892857142857,1,Normal,N->E
Punjab,Gurdaspur,2025-10-30,5,6.0,3,1,0.6826081780538302,1,0.784892857142857,1,Elevated,E->E
Punjab,Gurdaspur,2025-10-31,10,3.0,3,1,0.7877797619047618,1,0.8682032163742689,1,Elevated,E->E
Punjab,Gurdaspur,2025-11-01,10,5.0,3,1,0.7528194444444444,1,0.8038536773510176,1,Elevated,E->E
Punjab,Gurdaspur,2025-11-02,6,2.0,3,0,0.6136994047619047,1,0.6259169372294372,1,Elevated,E->N
Punjab,Gurdaspur,2025-11-03,3,6.0,3,1,0.36421572871572855,1,0.4358911773510177,1,Elevated,E->E
Punjab,Gurdaspur,2025-11-04,5,6.0,3,1,0.38349404761904765,1,0.4250573028921433,1,Elevated,E->E
Punjab,Gurdaspur,2025-11-05,2,5.0,3,1,0.4814545454545454,1,0.5015535714285716,1,Normal,N->E
Punjab,Gurdaspur,2025-11-06,6,4.0,3,1,0.4555863095238097,1,0.5163236448834854,1,Elevated,E->E
Punjab,Gurdaspur,2025-11-07,6,12.0,3,1,0.34769940476190486,1,0.3658920972644377,0,Elevated,E->E
Punjab,Gurdaspur,2025-11-08,5,6.0,3,1,0.3239613095238095,1,0.395160946470787,0,Elevated,E->E
Punjab,Gurdaspur,2025-11-09,4,2.0,3,0,0.27550595238095243,0,0.30119864488348524,0,Elevated,E->N
Punjab,Gurdaspur,2025-11-10,12,0.0,3,0,0.777060185185185,1,0.7925557877406283,1,Elevated,E->N
Punjab,Gurdaspur,2025-11-11,6,0.0,3,0,0.6096577380952383,1,0.6233909067882473,1,Elevated,E->N
Punjab,Gurdaspur,2025-11-12,2,0.0,3,0,0.5057554112554112,1,0.5051726190476191,1,Normal,N->N
Punjab,Gurdaspur,2025-11-13,0,1.0,3,0,0.4597142857142857,1,0.46337861130804675,1,Normal,N->N
Punjab,Gurdaspur,2025-11-14,0,0.0,3,0,0.3267946428571429,1,0.28259199134199126,0,Normal,N->N
Punjab,Gurdaspur,2025-11-15,0,0.0,3,0,0.3059122807017544,1,0.2686902356902357,0,Normal,N->N
Punjab,Gurdaspur,2025-11-16,1,0.0,3,0,0.28488636363636355,0,0.20632897195397193,0,Normal,N->N
Punjab,Gurdaspur,2025-11-17,0,0.0,3,0,0.23590773809523807,0,0.23311011904761905,0,Normal,N->N
Punjab,Gurdaspur,2025-11-18,0,0.0,3,0,0.10411967893217894,0,0.08607837301587302,0,Normal,N->N
Punjab,Gurdaspur,2025-11-19,0,1.0,3,0,0.04673033435862383,0,0.06539550897445634,0,Normal,N->N
Punjab,Gurdaspur,2025-11-20,0,0.0,3,0,0.07724231016343854,0,0.0718230789534969,0,Normal,N->N
Punjab,Gurdaspur,2025-11-21,0,0.0,3,0,0.07058968092992694,0,0.07757707083364977,0,Normal,N->N
Punjab,Gurdaspur,2025-11-22,1,0.0,3,0,0.06194675925925926,0,0.04188548951048952,0,Normal,N->N
Punjab,Gurdaspur,2025-11-23,0,0.0,3,0,0.04443500657838894,0,0.05730578181565024,0,Normal,N->N
Punjab,Hoshiarpur,2025-10-15,0,0.0,3,0,0.21229866077628148,0,0.214321654380478,0,Normal,N->N
Punjab,Hoshiarpur,2025-10-16,0,0.0,3,0,0.12694382799059573,0,0.13074958941740894,0,Normal,N->N
Punjab,Hoshiarpur,2025-10-17,0,0.0,3,0,0.13853139801860695,0,0.14240419869701826,0,Normal,N->N
Punjab,Hoshiarpur,2025-10-18,0,1.0,3,0,0.22321042401282257,0,0.1968288687090238,0,Normal,N->N
Punjab,Hoshiarpur,2025-10-19,0,1.0,3,0,0.20114144440948695,0,0.16355992931508434,0,Normal,N->N
Punjab,Hoshiarpur,2025-10-20,0,0.0,3,0,0.21975441601073076,0,0.20519530782546294,0,Normal,N->N
Punjab,Hoshiarpur,2025-10-21,1,3.0,3,1,0.2952479353512754,0,0.31342119755464215,0,Normal,N->E
Punjab,Hoshiarpur,2025-10-22,1,1.0,3,0,0.35978246336996333,1,0.34642551001162913,0,Normal,N->N
Punjab,Hoshiarpur,2025-10-23,0,3.0,3,1,0.28064475443828996,0,0.2744578156689348,0,Normal,N->E
Punjab,Hoshiarpur,2025-10-24,3,1.0,3,0,0.46816964285714296,1,0.543502611518916,1,Elevated,E->N
Punjab,Hoshiarpur,2025-10-25,1,1.0,3,0,0.5346053312629401,1,0.3535322732822732,0,Normal,N->N
Punjab,Hoshiarpur,2025-10-26,3,2.0,3,0,0.7337589207290296,1,0.7651811829474872,1,Elevated,E->N
Punjab,Hoshiarpur,2025-10-27,1,1.0,3,0,0.5009277170198222,1,0.45142872405372414,1,Normal,N->N
Punjab,Hoshiarpur,2025-10-28,1,7.0,3,1,0.5097207365003419,1,0.43706257631257645,1,Normal,N->E
Punjab,Hoshiarpur,2025-10-29,2,11.0,3,1,0.7474779586355672,1,0.6390256410256412,1,Normal,N->E
Punjab,Hoshiarpur,2025-10-30,1,2.0,3,0,0.5087182262182262,1,0.4745241841491842,1,Normal,N->N
Punjab,Hoshiarpur,2025-10-31,7,0.0,3,0,0.6583357226107229,1,0.5701019503546099,1,Elevated,E->N
Punjab,Hoshiarpur,2025-11-01,11,3.0,3,1,0.8251552197802198,1,0.8322968591691994,1,Elevated,E->E
Punjab,Hoshiarpur,2025-11-02,2,1.0,3,0,0.5862139724310778,1,0.4375566378066378,1,Normal,N->N
Punjab,Hoshiarpur,2025-11-03,0,0.0,3,0,0.6095158730158731,1,0.5495504672299029,1,Normal,N->N
Punjab,Hoshiarpur,2025-11-04,3,0.0,3,0,0.5332183014354067,1,0.5000501059224463,1,Elevated,E->N
Punjab,Hoshiarpur,2025-11-05,1,0.0,3,0,0.44434194862155374,1,0.46959045031055907,1,Normal,N->N
Punjab,Hoshiarpur,2025-11-06,0,0.0,3,0,0.3506378968253967,1,0.38796382701826254,0,Normal,N->N
Punjab,Hoshiarpur,2025-11-07,0,1.0,3,0,0.24029487069947592,0,0.23787318840579705,0,Normal,N->N
Punjab,Hoshiarpur,2025-11-08,0,4.0,3,1,0.21677976190476186,0,0.21031574675324677,0,Normal,N->E
Punjab,Hoshiarpur,2025-11-09,0,1.0,3,0,0.17748591269841263,0,0.19847075933325936,0,Normal,N->N
Punjab,Hoshiarpur,2025-11-10,1,1.0,3,0,0.0625300925925926,0,0.05138707126207126,0,Normal,N->N
Punjab,Hoshiarpur,2025-11-11,4,0.0,3,0,0.37761126373626375,1,0.4486480496453901,1,Elevated,E->N
Punjab,Hoshiarpur,2025-11-12,1,1.0,3,0,0.24618452380952383,0,0.24729059829059832,0,Normal,N->N
Punjab,Hoshiarpur,2025-11-13,1,0.0,3,0,0.24467857142857144,0,0.24142948717948712,0,Normal,N->N
Punjab,Hoshiarpur,2025-11-14,0,1.0,3,0,0.1892939382169258,0,0.15340384615384617,0,Normal,N->N
Punjab,Hoshiarpur,2025-11-15,1,1.0,3,0,0.16990049533799528,0,0.12500389194139194,0,Normal,N->N
Punjab,Hoshiarpur,2025-11-16,0,1.0,3,0,0.26283710317460324,0,0.280540376310485,0,Normal,N->N
Punjab,Hoshiarpur,2025-11-17,1,0.0,3,0,0.16844642857142858,0,0.15849259074259073,0,Normal,N->N
Punjab,Hoshiarpur,2025-11-18,1,0.0,3,0,0.17198480576441103,0,0.13548992673992677,0,Normal,N->N
Punjab,Hoshiarpur,2025-11-19,1,0.0,3,0,0.1173154761904762,0,0.11233683677433678,0,Normal,N->N
Punjab,Hoshiarpur,2025-11-20,0,0.0,3,0,0.13476190001518945,0,0.13716268453768451,0,Normal,N->N
Punjab,Hoshiarpur,2025-11-21,0,2.0,3,0,0.07402435064935065,0,0.056632802382802376,0,Normal,N->N
Punjab,Hoshiarpur,2025-11-22,0,0.0,3,0,0.07015530303030304,0,0.0591363738113738,0,Normal,N->N
Punjab,Hoshiarpur,2025-11-23,0,2.0,3,0,0.09454180643264225,0,0.0909764171014171,0,Normal,N->N
Punjab,Jalandhar,2025-10-15,0,2.0,3,0,0.23948190577538406,0,0.22888998882381245,0,Normal,N->N
Punjab,Jalandhar,2025-10-16,0,0.0,3,0,0.18069266029863862,0,0.1666531017676318,0,Normal,N->N
Punjab,Jalandhar,2025-10-17,4,2.0,3,0,0.6459397084870233,1,0.5917490942028985,1,Elevated,E->N
Punjab,Jalandhar,2025-10-18,2,3.0,3,1,0.7360707616658704,1,0.6215050782550781,1,Normal,N->E
Punjab,Jalandhar,2025-10-19,0,4.0,3,1,0.3879645881079702,1,0.3596788766788767,0,Normal,N->E
Punjab,Jalandhar,2025-10-20,2,1.0,3,0,0.716113095238095,1,0.6195776515151514,1,Normal,N->N
Punjab,Jalandhar,2025-10-21,3,0.0,3,0,0.7271648351648351,1,0.7353895162808206,1,Elevated,E->N
Punjab,Jalandhar,2025-10-22,4,8.0,3,1,0.7992511446886447,1,0.8113376105277702,1,Elevated,E->E
Punjab,Jalandhar,2025-10-23,1,12.0,3,1,0.7166379392666157,1,0.6345541125541128,1,Normal,N->E
Punjab,Jalandhar,2025-10-24,0,8.0,3,1,0.5352045929216982,1,0.509318015411695,1,Normal,N->E
Punjab,Jalandhar,2025-10-25,8,6.0,3,1,0.8341043391994478,1,0.8570416666666664,1,Elevated,E->E
Punjab,Jalandhar,2025-10-26,12,12.0,3,1,0.92125,1,0.9401815476190477,1,Elevated,E->E
Punjab,Jalandhar,2025-10-27,8,5.0,3,1,0.9034930555555554,1,0.9127916666666667,1,Elevated,E->E
Punjab,Jalandhar,2025-10-28,6,13.0,3,1,0.8574494047619048,1,0.8371190476190474,1,Elevated,E->E
Punjab,Jalandhar,2025-10-29,12,18.0,3,1,0.8850883367839889,1,0.8941964285714288,1,Elevated,E->E
Punjab,Jalandhar,2025-10-30,5,15.0,3,1,0.7821041666666666,1,0.8407686170212767,1,Elevated,E->E
Punjab,Jalandhar,2025-10-31,13,5.0,3,1,0.9272083333333334,1,0.9603095238095237,1,Elevated,E->E
Punjab,Jalandhar,2025-11-01,18,9.0,3,1,0.9424027777777776,1,0.9546480496453899,1,Elevated,E->E
Punjab,Jalandhar,2025-11-02,15,8.0,3,1,0.9419464285714286,1,0.929994318181818,1,Elevated,E->E
Punjab,Jalandhar,2025-11-03,5,11.0,3,1,0.8549226190476191,1,0.8312310606060604,1,Elevated,E->E
Punjab,Jalandhar,2025-11-04,9,16.0,3,1,0.858625,1,0.8545833333333335,1,Elevated,E->E
Punjab,Jalandhar,2025-11-05,8,5.0,3,1,0.8034464285714289,1,0.6230848293863,1,Elevated,E->E
Punjab,Jalandhar,2025-11-06,11,9.0,3,1,0.6944285714285714,1,0.6966123703736814,1,Elevated,E->E
Punjab,Jalandhar,2025-11-07,16,16.0,3,1,0.7263650793650795,1,0.7202708333333334,1,Elevated,E->E
Punjab,Jalandhar,2025-11-08,5,19.0,3,1,0.45895238095238083,1,0.4267589285714287,1,Elevated,E->E
Punjab,Jalandhar,2025-11-09,9,10.0,3,1,0.6409880952380953,1,0.6340000000000002,1,Elevated,E->E
Punjab,Jalandhar,2025-11-10,16,4.0,3,1,0.8202777777777777,1,0.8260974544072949,1,Elevated,E->E
Punjab,Jalandhar,2025-11-11,19,1.0,3,0,0.8904583333333332,1,0.8764821428571424,1,Elevated,E->N
Punjab,Jalandhar,2025-11-12,10,2.0,3,0,0.7870535714285716,1,0.7377678921568628,1,Elevated,E->N
Punjab,Jalandhar,2025-11-13,4,4.0,3,1,0.6684702380952381,1,0.6034422619047618,1,Elevated,E->E
Punjab,Jalandhar,2025-11-14,1,1.0,3,0,0.6660000000000003,1,0.6782382478632482,1,Normal,N->N
Punjab,Jalandhar,2025-11-15,2,1.0,3,0,0.4077638888888888,1,0.43795436507936514,1,Normal,N->N
Punjab,Jalandhar,2025-11-16,4,1.0,3,0,0.4346206140350876,1,0.48306471631205683,1,Elevated,E->N
Punjab,Jalandhar,2025-11-17,1,0.0,3,0,0.43231731316928695,1,0.3920892857142858,0,Normal,N->N
Punjab,Jalandhar,2025-11-18,1,1.0,3,0,0.36232299498746856,1,0.30312566137566127,0,Normal,N->N
Punjab,Jalandhar,2025-11-19,1,0.0,3,0,0.32265476190476194,1,0.28749577572964663,0,Normal,N->N
Punjab,Jalandhar,2025-11-20,0,0.0,3,0,0.14301361357940306,0,0.1352556818181818,0,Normal,N->N
Punjab,Jalandhar,2025-11-21,1,7.0,3,1,0.22090335213032586,0,0.1736027814777815,0,Normal,N->E
Punjab,Jalandhar,2025-11-22,0,0.0,3,0,0.10563744588744589,0,0.08291666666666667,0,Normal,N->N
Punjab,Jalandhar,2025-11-23,0,1.0,3,0,0.08941432178932178,0,0.06834027777777778,0,Normal,N->N
Punjab,Kapurthala,2025-10-15,0,1.0,3,0,0.13855398088435847,0,0.1080837542087542,0,Normal,N->N
Punjab,Kapurthala,2025-10-16,2,0.0,3,0,0.6232715012041102,1,0.5693093364968365,1,Normal,N->N
Punjab,Kapurthala,2025-10-17,0,0.0,3,0,0.392451714951715,1,0.4162575757575759,0,Normal,N->N
Punjab,Kapurthala,2025-10-18,1,18.0,3,1,0.4767727591036413,1,0.4418904723748474,1,Normal,N->E
Punjab,Kapurthala,2025-10-19,0,6.0,3,1,0.28316689450899973,0,0.2441241064308499,0,Normal,N->E
Punjab,Kapurthala,2025-10-20,0,5.0,3,1,0.162197176791217,0,0.17175917967660417,0,Normal,N->E
Punjab,Kapurthala,2025-10-21,18,2.0,3,0,0.7377351190476191,1,0.7840208333333334,1,Elevated,E->N
Punjab,Kapurthala,2025-10-22,6,8.0,3,1,0.8881636904761908,1,0.877827380952381,1,Elevated,E->E
Punjab,Kapurthala,2025-10-23,5,13.0,3,1,0.8440833333333333,1,0.8703749999999999,1,Elevated,E->E
Punjab,Kapurthala,2025-10-24,2,14.0,3,1,0.8246428571428568,1,0.6109266774891775,1,Normal,N->E
Punjab,Kapurthala,2025-10-25,8,3.0,3,1,0.8403511904761903,1,0.8153778195488719,1,Elevated,E->E
Punjab,Kapurthala,2025-10-26,13,18.0,3,1,0.9633333333333333,1,0.9707380952380953,1,Elevated,E->E
Punjab,Kapurthala,2025-10-27,14,12.0,3,1,0.9418124999999999,1,0.9597857142857145,1,Elevated,E->E
Punjab,Kapurthala,2025-10-28,3,31.0,3,1,0.8490922619047621,1,0.8442291666666669,1,Elevated,E->E
Punjab,Kapurthala,2025-10-29,18,35.0,3,1,0.9332261904761906,1,0.9401458333333333,1,Elevated,E->E
Punjab,Kapurthala,2025-10-30,12,26.0,3,1,0.9134563492063492,1,0.9280833333333334,1,Elevated,E->E
Punjab,Kapurthala,2025-10-31,31,11.0,3,1,0.9740000000000001,1,0.9856250000000002,1,Elevated,E->E
Punjab,Kapurthala,2025-11-01,35,11.0,3,1,0.9777916666666667,1,0.9854999999999999,1,Elevated,E->E
Punjab,Kapurthala,2025-11-02,26,0.0,3,0,0.9537083333333334,1,0.9719583333333333,1,Elevated,E->N
Punjab,Kapurthala,2025-11-03,11,5.0,3,1,0.8630833333333334,1,0.8294999999999999,1,Elevated,E->E
Punjab,Kapurthala,2025-11-04,11,14.0,3,1,0.8702916666666666,1,0.86175,1,Elevated,E->E
Punjab,Kapurthala,2025-11-05,0,10.0,3,1,0.8854464285714287,1,0.9357562576312575,1,Normal,N->E
Punjab,Kapurthala,2025-11-06,5,9.0,3,1,0.6492559523809526,1,0.5106435415075121,1,Elevated,E->E
Punjab,Kapurthala,2025-11-07,14,6.0,3,1,0.7330000000000001,1,0.7151428571428572,1,Elevated,E->E
Punjab,Kapurthala,2025-11-08,10,8.0,3,1,0.6986785714285715,1,0.730455357142857,1,Elevated,E->E
Punjab,Kapurthala,2025-11-09,9,2.0,3,0,0.676654761904762,1,0.6632916666666668,1,Elevated,E->N
Punjab,Kapurthala,2025-11-10,6,2.0,3,0,0.6056071428571427,1,0.6169139226612629,1,Elevated,E->N
Punjab,Kapurthala,2025-11-11,8,0.0,3,0,0.4109940476190477,1,0.4385319782168186,1,Elevated,E->N
Punjab,Kapurthala,2025-11-12,2,2.0,3,0,0.4169166666666667,1,0.42526785714285736,1,Normal,N->N
Punjab,Kapurthala,2025-11-13,2,4.0,3,1,0.44942803030303025,1,0.4028670634920635,0,Normal,N->E
Punjab,Kapurthala,2025-11-14,0,0.0,3,0,0.45331845238095225,1,0.48174282661782664,1,Normal,N->N
Punjab,Kapurthala,2025-11-15,2,1.0,3,0,0.37786829922027293,1,0.29197206959706945,0,Normal,N->N
Punjab,Kapurthala,2025-11-16,4,1.0,3,0,0.3998087754107493,1,0.42346054964539,1,Elevated,E->N
Punjab,Kapurthala,2025-11-17,0,0.0,3,0,0.39459409888357255,1,0.3516309523809524,0,Normal,N->N
Punjab,Kapurthala,2025-11-18,1,1.0,3,0,0.40710693558390937,1,0.2917083333333333,0,Normal,N->N
Punjab,Kapurthala,2025-11-19,1,0.0,3,0,0.21771261961722485,0,0.21760677291959127,0,Normal,N->N
Punjab,Kapurthala,2025-11-20,0,0.0,3,0,0.15841962007290955,0,0.17539451058201053,0,Normal,N->N
Punjab,Kapurthala,2025-11-21,1,0.0,3,0,0.19718441558441563,0,0.15795884208384206,0,Normal,N->N
Punjab,Kapurthala,2025-11-22,0,0.0,3,0,0.03422077922077922,0,0.043267917267917275,0,Normal,N->N
Punjab,Kapurthala,2025-11-23,0,0.0,3,0,0.07005717893217893,0,0.0544375,0,Normal,N->N
Punjab,Ludhiana,2025-10-15,2,0.0,3,0,0.43907738095238097,1,0.45369642857142856,1,Normal,N->N
Punjab,Ludhiana,2025-10-16,0,1.0,3,0,0.19958506987938107,0,0.17875709915084914,0,Normal,N->N
Punjab,Ludhiana,2025-10-17,0,0.0,3,0,0.14238787404116354,0,0.12591709067904724,0,Normal,N->N
Punjab,Ludhiana,2025-10-18,0,0.0,3,0,0.4573271867021868,1,0.4095174096071235,0,Normal,N->N
Punjab,Ludhiana,2025-10-19,1,1.0,3,0,0.3156753231117008,1,0.3155145970676642,0,Normal,N->N
Punjab,Ludhiana,2025-10-20,0,0.0,3,0,0.2342873490544543,0,0.21752676408021795,0,Normal,N->N
Punjab,Ludhiana,2025-10-21,0,1.0,3,0,0.15541078048413573,0,0.16421956689972197,0,Normal,N->N
Punjab,Ludhiana,2025-10-22,1,6.0,3,1,0.3353627442002443,1,0.36546019884403036,0,Normal,N->E
Punjab,Ludhiana,2025-10-23,0,4.0,3,1,0.1688879615632905,0,0.161733073744193,0,Normal,N->E
Punjab,Ludhiana,2025-10-24,1,7.0,3,1,0.31771726190476185,1,0.23771724731559285,0,Normal,N->E
Punjab,Ludhiana,2025-10-25,6,8.0,3,1,0.7054576664277747,1,0.7034752846790892,1,Elevated,E->E
Punjab,Ludhiana,2025-10-26,4,7.0,3,1,0.8031378968253969,1,0.8543601190476189,1,Elevated,E->E
Punjab,Ludhiana,2025-10-27,7,2.0,3,0,0.800761363636364,1,0.7117738095238098,1,Elevated,E->N
Punjab,Ludhiana,2025-10-28,8,21.0,3,1,0.8536696428571431,1,0.8615542901371075,1,Elevated,E->E
Punjab,Ludhiana,2025-10-29,7,19.0,3,1,0.8630069444444445,1,0.9309285714285714,1,Elevated,E->E
Punjab,Ludhiana,2025-10-30,2,33.0,3,1,0.688763888888889,1,0.46866306390977447,1,Normal,N->E
Punjab,Ludhiana,2025-10-31,21,13.0,3,1,0.9249097222222225,1,0.9101755952380952,1,Elevated,E->E
Punjab,Ludhiana,2025-11-01,19,31.0,3,1,0.9171250000000001,1,0.9312194782168186,1,Elevated,E->E
Punjab,Ludhiana,2025-11-02,33,33.0,3,1,0.9703214285714286,1,0.9647916666666667,1,Elevated,E->E
Punjab,Ludhiana,2025-11-03,13,39.0,3,1,0.9429672619047619,1,0.9407499999999999,1,Elevated,E->E
Punjab,Ludhiana,2025-11-04,31,50.0,3,1,0.9532083333333332,1,0.9645773809523811,1,Elevated,E->E
Punjab,Ludhiana,2025-11-05,33,33.0,3,1,0.8838333333333334,1,0.8738035714285715,1,Elevated,E->E
Punjab,Ludhiana,2025-11-06,39,32.0,3,1,0.8888035714285714,1,0.9078392857142856,1,Elevated,E->E
Punjab,Ludhiana,2025-11-07,50,34.0,3,1,0.6814305555555557,1,0.6857083333333334,1,Elevated,E->E
Punjab,Ludhiana,2025-11-08,33,21.0,3,1,0.787138888888889,1,0.7878214285714287,1,Elevated,E->E
Punjab,Ludhiana,2025-11-09,32,8.0,3,1,0.8585373376623376,1,0.8694345238095238,1,Elevated,E->E
Punjab,Ludhiana,2025-11-10,34,21.0,3,1,0.9014583333333333,1,0.8702321428571428,1,Elevated,E->E
Punjab,Ludhiana,2025-11-11,21,5.0,3,1,0.8983825757575759,1,0.9019821428571427,1,Elevated,E->E
Punjab,Ludhiana,2025-11-12,8,15.0,3,1,0.7410684523809523,1,0.6408125000000001,1,Elevated,E->E
Punjab,Ludhiana,2025-11-13,21,13.0,3,1,0.874323051948052,1,0.8951875,1,Elevated,E->E
Punjab,Ludhiana,2025-11-14,5,6.0,3,1,0.6448888888888888,1,0.6032321428571429,1,Elevated,E->E
Punjab,Ludhiana,2025-11-15,15,1.0,3,0,0.7779821428571431,1,0.7588303571428571,1,Elevated,E->N
Punjab,Ludhiana,2025-11-16,13,0.0,3,0,0.7873154761904761,1,0.8036458333333333,1,Elevated,E->N
Punjab,Ludhiana,2025-11-17,6,6.0,3,1,0.47947619047619033,1,0.4103124999999999,0,Elevated,E->E
Punjab,Ludhiana,2025-11-18,1,1.0,3,0,0.4177579365079365,1,0.4659977598566308,1,Normal,N->N
Punjab,Ludhiana,2025-11-19,0,1.0,3,0,0.3762857142857145,1,0.37905011028398117,0,Normal,N->N
Punjab,Ludhiana,2025-11-20,6,1.0,3,0,0.4684751984126983,1,0.4930379305977711,1,Elevated,E->N
Punjab,Ludhiana,2025-11-21,1,0.0,3,0,0.461884199134199,1,0.43715262515262515,1,Normal,N->N
Punjab,Ludhiana,2025-11-22,1,3.0,3,1,0.273281328320802,0,0.3196622150997151,0,Normal,N->E
Punjab,Ludhiana,2025-11-23,1,0.0,3,0,0.2356583994708995,0,0.3276900675489384,0,Normal,N->N
Punjab,Malerkotla,2025-10-15,0,0.0,3,0,0.14487053966176158,0,0.13835216965983213,0,Normal,N->N
Punjab,Malerkotla,2025-10-16,0,0.0,3,0,0.15912602003259896,0,0.14219305915501568,0,Normal,N->N
Punjab,Malerkotla,2025-10-17,0,0.0,3,0,0.09610243331071423,0,0.08475497639154589,0,Normal,N->N
Punjab,Malerkotla,2025-10-18,0,0.0,3,0,0.2829260315621771,0,0.2418624609337925,0,Normal,N->N
Punjab,Malerkotla,2025-10-19,0,0.0,3,0,0.17414171146381574,0,0.176607610399648,0,Normal,N->N
Punjab,Malerkotla,2025-10-20,0,0.0,3,0,0.18451820499951982,0,0.19275913493720195,0,Normal,N->N
Punjab,Malerkotla,2025-10-21,0,0.0,3,0,0.13740685801771324,0,0.12645450082544538,0,Normal,N->N
Punjab,Malerkotla,2025-10-22,0,0.0,3,0,0.12567408859415435,0,0.10748064792396086,0,Normal,N->N
Punjab,Malerkotla,2025-10-23,0,2.0,3,0,0.12497290856073748,0,0.11216211484884886,0,Normal,N->N
Punjab,Malerkotla,2025-10-24,0,1.0,3,0,0.187397877018976,0,0.17364083367432126,0,Normal,N->N
Punjab,Malerkotla,2025-10-25,0,1.0,3,0,0.17871911957438272,0,0.15171687422883073,0,Normal,N->N
Punjab,Malerkotla,2025-10-26,2,6.0,3,1,0.27893785014005607,0,0.19928532717282718,0,Normal,N->E
Punjab,Malerkotla,2025-10-27,1,4.0,3,1,0.33230372405372416,1,0.32478116777013843,0,Normal,N->E
Punjab,Malerkotla,2025-10-28,1,11.0,3,1,0.387875,1,0.3772857142857142,0,Normal,N->E
Punjab,Malerkotla,2025-10-29,6,8.0,3,1,0.7562289576365664,1,0.7882529761904761,1,Elevated,E->E
Punjab,Malerkotla,2025-10-30,4,14.0,3,1,0.7776373626373627,1,0.7639851190476195,1,Elevated,E->E
Punjab,Malerkotla,2025-10-31,11,7.0,3,1,0.8854851190476191,1,0.9325416666666668,1,Elevated,E->E
Punjab,Malerkotla,2025-11-01,8,12.0,3,1,0.7428699494949497,1,0.7837495106843511,1,Elevated,E->E
Punjab,Malerkotla,2025-11-02,14,4.0,3,1,0.8810277777777776,1,0.9128090344938748,1,Elevated,E->E
Punjab,Malerkotla,2025-11-03,7,6.0,3,1,0.6079503968253968,1,0.6714099544072948,1,Elevated,E->E
Punjab,Malerkotla,2025-11-04,12,10.0,3,1,0.8566111111111111,1,0.8700170972644377,1,Elevated,E->E
Punjab,Malerkotla,2025-11-05,4,7.0,3,1,0.758761904761905,1,0.7225597943722945,1,Elevated,E->E
Punjab,Malerkotla,2025-11-06,6,6.0,3,1,0.4858179112554111,1,0.440451656087967,1,Elevated,E->E
Punjab,Malerkotla,2025-11-07,10,11.0,3,1,0.5177003968253969,1,0.5507313829787234,1,Elevated,E->E
Punjab,Malerkotla,2025-11-08,7,3.0,3,1,0.4103521825396825,1,0.44830876393110464,1,Elevated,E->E
Punjab,Malerkotla,2025-11-09,6,6.0,3,1,0.4536785714285714,1,0.4227529761904762,1,Elevated,E->E
Punjab,Malerkotla,2025-11-10,11,1.0,3,0,0.5927222222222223,1,0.6347502321850725,1,Elevated,E->N
Punjab,Malerkotla,2025-11-11,3,1.0,3,0,0.39691666666666664,1,0.41906029018263047,0,Elevated,E->N
Punjab,Malerkotla,2025-11-12,6,1.0,3,0,0.5127569444444444,1,0.5803593591691993,1,Elevated,E->N
Punjab,Malerkotla,2025-11-13,1,1.0,3,0,0.44641071428571444,1,0.3930862531188619,0,Normal,N->N
Punjab,Malerkotla,2025-11-14,1,0.0,3,0,0.4183035714285714,1,0.39490079365079367,0,Normal,N->N
Punjab,Malerkotla,2025-11-15,1,0.0,3,0,0.36311553030303023,1,0.31947619047619047,0,Normal,N->N
Punjab,Malerkotla,2025-11-16,1,0.0,3,0,0.2788688403458141,0,0.19811492673992676,0,Normal,N->N
Punjab,Malerkotla,2025-11-17,0,0.0,3,0,0.22104422514619884,0,0.20243915343915347,0,Normal,N->N
Punjab,Malerkotla,2025-11-18,0,0.0,3,0,0.11876563568010935,0,0.09230357142857143,0,Normal,N->N
Punjab,Malerkotla,2025-11-19,0,1.0,3,0,0.11463257101086048,0,0.11105059523809527,0,Normal,N->N
Punjab,Malerkotla,2025-11-20,0,0.0,3,0,0.10770876148705097,0,0.15246602934102932,0,Normal,N->N
Punjab,Malerkotla,2025-11-21,0,0.0,3,0,0.0569740860990861,0,0.07197949735449735,0,Normal,N->N
Punjab,Malerkotla,2025-11-22,1,0.0,3,0,0.11899519230769227,0,0.10097206959706959,0,Normal,N->N
Punjab,Malerkotla,2025-11-23,0,0.0,3,0,0.03203520499108735,0,0.04409616402116403,0,Normal,N->N
Punjab,Mansa,2025-10-15,0,0.0,3,0,0.1037006923600173,0,0.08117772018429914,0,Normal,N->N
Punjab,Mansa,2025-10-16,0,0.0,3,0,0.12952275225497825,0,0.12122212854082047,0,Normal,N->N
Punjab,Mansa,2025-10-17,0,5.0,3,1,0.14986632833540736,0,0.13701762347958002,0,Normal,N->E
Punjab,Mansa,2025-10-18,0,5.0,3,1,0.16346734438670274,0,0.1300450022132007,0,Normal,N->E
Punjab,Mansa,2025-10-19,0,2.0,3,0,0.22777598902271806,0,0.22921776157887808,0,Normal,N->N
Punjab,Mansa,2025-10-20,5,6.0,3,1,0.5824768842268844,1,0.4770973084886128,1,Elevated,E->E
Punjab,Mansa,2025-10-21,5,0.0,3,0,0.6071542832167833,1,0.5336186829474875,1,Elevated,E->N
Punjab,Mansa,2025-10-22,2,0.0,3,0,0.5879781385281386,1,0.5388144841269842,1,Normal,N->N
Punjab,Mansa,2025-10-23,6,1.0,3,0,0.8197202380952381,1,0.7875486111111113,1,Elevated,E->N
Punjab,Mansa,2025-10-24,0,2.0,3,0,0.6018386591478696,1,0.5402510822510822,1,Normal,N->N
Punjab,Mansa,2025-10-25,0,2.0,3,0,0.5749285714285717,1,0.517143117635053,1,Normal,N->N
Punjab,Mansa,2025-10-26,1,9.0,3,1,0.5459077922077922,1,0.4647628713878716,1,Normal,N->E
Punjab,Mansa,2025-10-27,2,19.0,3,1,0.48534529220779205,1,0.4193857600732601,0,Normal,N->E
Punjab,Mansa,2025-10-28,2,19.0,3,1,0.6689277851248676,1,0.4588095238095239,1,Normal,N->E
Punjab,Mansa,2025-10-29,9,22.0,3,1,0.7648814102564104,1,0.8322291666666668,1,Elevated,E->E
Punjab,Mansa,2025-10-30,19,10.0,3,1,0.9374166666666666,1,0.9657291666666665,1,Elevated,E->E
Punjab,Mansa,2025-10-31,19,17.0,3,1,0.9860625000000001,1,0.9821249999999999,1,Elevated,E->E
Punjab,Mansa,2025-11-01,22,31.0,3,1,0.97675,1,0.9697499999999999,1,Elevated,E->E
Punjab,Mansa,2025-11-02,10,8.0,3,1,0.9223749999999997,1,0.9417857142857141,1,Elevated,E->E
Punjab,Mansa,2025-11-03,17,15.0,3,1,0.9240059523809524,1,0.9257500000000001,1,Elevated,E->E
Punjab,Mansa,2025-11-04,31,15.0,3,1,0.9649583333333331,1,0.9781190476190477,1,Elevated,E->E
Punjab,Mansa,2025-11-05,8,22.0,3,1,0.8608333333333333,1,0.8506071428571427,1,Elevated,E->E
Punjab,Mansa,2025-11-06,15,36.0,3,1,0.8851249999999996,1,0.9061726190476191,1,Elevated,E->E
Punjab,Mansa,2025-11-07,15,20.0,3,1,0.6537579365079367,1,0.6787619047619049,1,Elevated,E->E
Punjab,Mansa,2025-11-08,22,29.0,3,1,0.8281329365079364,1,0.8169880952380951,1,Elevated,E->E
Punjab,Mansa,2025-11-09,36,8.0,3,1,0.8805,1,0.8489583333333336,1,Elevated,E->E
Punjab,Mansa,2025-11-10,20,12.0,3,1,0.9345416666666668,1,0.9155952380952379,1,Elevated,E->E
Punjab,Mansa,2025-11-11,29,9.0,3,1,0.8990909090909089,1,0.8858333333333333,1,Elevated,E->E
Punjab,Mansa,2025-11-12,8,3.0,3,1,0.7546785714285714,1,0.6732916666666666,1,Elevated,E->E
Punjab,Mansa,2025-11-13,12,7.0,3,1,0.9040416666666665,1,0.9132797619047619,1,Elevated,E->E
Punjab,Mansa,2025-11-14,9,6.0,3,1,0.8292916666666668,1,0.8483720238095238,1,Elevated,E->E
Punjab,Mansa,2025-11-15,3,1.0,3,0,0.6057083333333333,1,0.45113988095238083,1,Elevated,E->N
Punjab,Mansa,2025-11-16,7,4.0,3,1,0.623625,1,0.5978303571428571,1,Elevated,E->E
Punjab,Mansa,2025-11-17,6,3.0,3,1,0.5491369047619047,1,0.619912930597771,1,Elevated,E->E
Punjab,Mansa,2025-11-18,1,2.0,3,0,0.44095238095238093,1,0.40076091269841263,0,Normal,N->N
Punjab,Mansa,2025-11-19,4,2.0,3,0,0.47008333333333313,1,0.5072611448834853,1,Elevated,E->N
Punjab,Mansa,2025-11-20,3,1.0,3,0,0.266577380952381,0,0.3138028115501519,0,Elevated,E->N
Punjab,Mansa,2025-11-21,2,0.0,3,0,0.30653571428571424,1,0.2932061965811966,0,Normal,N->N
Punjab,Mansa,2025-11-22,2,1.0,3,0,0.22723280423280426,0,0.3465769723108433,0,Normal,N->N
Punjab,Mansa,2025-11-23,1,1.0,3,0,0.25766435185185194,0,0.2456407203907203,0,Normal,N->N
Punjab,Moga,2025-10-15,0,0.0,3,0,0.1170729206141426,0,0.12357690764114909,0,Normal,N->N
Punjab,Moga,2025-10-16,1,1.0,3,0,0.22606030210329756,0,0.23124976783304793,0,Normal,N->N
Punjab,Moga,2025-10-17,0,0.0,3,0,0.0922935546893356,0,0.08084516640766641,0,Normal,N->N
Punjab,Moga,2025-10-18,0,2.0,3,0,0.19267270152955984,0,0.15878287994004903,0,Normal,N->N
Punjab,Moga,2025-10-19,1,2.0,3,0,0.34266664388243356,1,0.33587719811041217,0,Normal,N->N
Punjab,Moga,2025-10-20,0,3.0,3,1,0.15766699243284674,0,0.13425101386580676,0,Normal,N->E
Punjab,Moga,2025-10-21,2,1.0,3,0,0.22986849626981204,0,0.25455712826797394,0,Normal,N->N
Punjab,Moga,2025-10-22,2,4.0,3,1,0.4386279761904763,1,0.4215672123015872,1,Normal,N->E
Punjab,Moga,2025-10-23,3,3.0,3,1,0.6064326923076921,1,0.5257109448522492,1,Elevated,E->E
Punjab,Moga,2025-10-24,1,4.0,3,1,0.4455508658008657,1,0.42805173992674006,1,Normal,N->E
Punjab,Moga,2025-10-25,4,2.0,3,0,0.6922187118437119,1,0.6653740942028986,1,Elevated,E->N
Punjab,Moga,2025-10-26,3,5.0,3,1,0.7405297619047622,1,0.7743065476190476,1,Elevated,E->E
Punjab,Moga,2025-10-27,4,5.0,3,1,0.744970238095238,1,0.7053876646403241,1,Elevated,E->E
Punjab,Moga,2025-10-28,2,21.0,3,1,0.766975649350649,1,0.5588760822510824,1,Normal,N->E
Punjab,Moga,2025-10-29,5,16.0,3,1,0.8262077922077922,1,0.8568065476190476,1,Elevated,E->E
Punjab,Moga,2025-10-30,5,20.0,3,1,0.6966557971014492,1,0.7899583333333333,1,Elevated,E->E
Punjab,Moga,2025-10-31,21,18.0,3,1,0.9068928571428573,1,0.942479166666667,1,Elevated,E->E
Punjab,Moga,2025-11-01,16,44.0,3,1,0.8897658730158731,1,0.8817313829787232,1,Elevated,E->E
Punjab,Moga,2025-11-02,20,35.0,3,1,0.9150992063492063,1,0.8819397163120568,1,Elevated,E->E
Punjab,Moga,2025-11-03,18,36.0,3,1,0.9328273809523812,1,0.9406488095238095,1,Elevated,E->E
Punjab,Moga,2025-11-04,44,47.0,3,1,0.9456666666666663,1,0.9509107142857143,1,Elevated,E->E
Punjab,Moga,2025-11-05,35,42.0,3,1,0.9551249999999999,1,0.9416369047619049,1,Elevated,E->E
Punjab,Moga,2025-11-06,36,44.0,3,1,0.8834464285714287,1,0.8900535714285713,1,Elevated,E->E
Punjab,Moga,2025-11-07,47,42.0,3,1,0.6791091269841271,1,0.653934523809524,1,Elevated,E->E
Punjab,Moga,2025-11-08,42,43.0,3,1,0.8487341269841271,1,0.8479464285714288,1,Elevated,E->E
Punjab,Moga,2025-11-09,44,6.0,3,1,0.9285535714285715,1,0.9270297619047619,1,Elevated,E->E
Punjab,Moga,2025-11-10,42,19.0,3,1,0.9377797619047619,1,0.9406547619047619,1,Elevated,E->E
Punjab,Moga,2025-11-11,43,5.0,3,1,0.931215909090909,1,0.9405,1,Elevated,E->E
Punjab,Moga,2025-11-12,6,13.0,3,1,0.7915625000000002,1,0.7577142857142857,1,Elevated,E->E
Punjab,Moga,2025-11-13,19,8.0,3,1,0.9373409090909093,1,0.9429999999999998,1,Elevated,E->E
Punjab,Moga,2025-11-14,5,0.0,3,0,0.7283035714285714,1,0.7175535714285715,1,Elevated,E->N
Punjab,Moga,2025-11-15,13,1.0,3,0,0.9011369047619047,1,0.9153333333333334,1,Elevated,E->N
Punjab,Moga,2025-11-16,8,1.0,3,0,0.7950654761904765,1,0.8056160714285716,1,Elevated,E->N
Punjab,Moga,2025-11-17,0,1.0,3,0,0.6542857142857144,1,0.5830575889164598,1,Normal,N->N
Punjab,Moga,2025-11-18,1,3.0,3,1,0.5479107142857143,1,0.5351787240537241,1,Normal,N->E
Punjab,Moga,2025-11-19,1,1.0,3,0,0.378991732804233,1,0.36392658730158733,0,Normal,N->N
Punjab,Moga,2025-11-20,1,0.0,3,0,0.4069722222222222,1,0.38217328042328036,0,Normal,N->N
Punjab,Moga,2025-11-21,3,2.0,3,0,0.34744411375661377,1,0.2890428909152313,0,Elevated,E->N
Punjab,Moga,2025-11-22,1,1.0,3,0,0.23646130952380948,0,0.27862103174603164,0,Normal,N->N
Punjab,Moga,2025-11-23,0,2.0,3,0,0.26110416666666664,0,0.27942689255189246,0,Normal,N->N
Punjab,Pathankot,2025-10-15,0,0.0,3,0,0.07524925739169605,0,0.08579436783036014,0,Normal,N->N
Punjab,Pathankot,2025-10-16,1,0.0,3,0,0.24766285014005607,0,0.24869367796774747,0,Normal,N->N
Punjab,Pathankot,2025-10-17,0,0.0,3,0,0.06074281378740762,0,0.05483259556655784,0,Normal,N->N
Punjab,Pathankot,2025-10-18,0,0.0,3,0,0.1500892755772517,0,0.1361339161156805,0,Normal,N->N
Punjab,Pathankot,2025-10-19,0,0.0,3,0,0.08400735012825972,0,0.07291240315152046,0,Normal,N->N
Punjab,Pathankot,2025-10-20,0,0.0,3,0,0.05145023568112249,0,0.06022889209629887,0,Normal,N->N
Punjab,Pathankot,2025-10-21,0,0.0,3,0,0.15039588070100082,0,0.14389037827624918,0,Normal,N->N
Punjab,Pathankot,2025-10-22,0,0.0,3,0,0.061811618020832994,0,0.04695383553049592,0,Normal,N->N
Punjab,Pathankot,2025-10-23,0,0.0,3,0,0.15786954592466607,0,0.15043024119111215,0,Normal,N->N
Punjab,Pathankot,2025-10-24,0,0.0,3,0,0.03619574620989539,0,0.017074634438751752,0,Normal,N->N
Punjab,Pathankot,2025-10-25,0,0.0,3,0,0.053359691938496295,0,0.030049546186502706,0,Normal,N->N
Punjab,Pathankot,2025-10-26,0,0.0,3,0,0.01364812716227634,0,0.0030645811515376733,0,Normal,N->N
Punjab,Pathankot,2025-10-27,0,0.0,3,0,0.01563174898772725,0,0.009825133099589623,0,Normal,N->N
Punjab,Pathankot,2025-10-28,0,0.0,3,0,0.009607378732378734,0,0.018044379131335653,0,Normal,N->N
Punjab,Pathankot,2025-10-29,0,0.0,3,0,0.010302383908362172,0,0.006171515883472405,0,Normal,N->N
Punjab,Pathankot,2025-10-30,0,1.0,3,0,0.05199135928483755,0,0.05992980712926365,0,Normal,N->N
Punjab,Pathankot,2025-10-31,0,0.0,3,0,0.00947599501947328,0,0.006153658740615261,0,Normal,N->N
Punjab,Pathankot,2025-11-01,0,2.0,3,0,0.001947377803356064,0,0.0023609098228663445,0,Normal,N->N
Punjab,Pathankot,2025-11-02,1,0.0,3,0,0.045,0,0.04182808524004176,0,Normal,N->N
Punjab,Pathankot,2025-11-03,0,0.0,3,0,0.00984280303030303,0,0.00935631808278867,0,Normal,N->N
Punjab,Pathankot,2025-11-04,2,0.0,3,0,0.15176785714285715,0,0.09214628056052473,0,Normal,N->N
Punjab,Pathankot,2025-11-05,0,1.0,3,0,0.07197708174178762,0,0.06918406546080964,0,Normal,N->N
Punjab,Pathankot,2025-11-06,0,0.0,3,0,0.011536881977671453,0,0.01307619474313023,0,Normal,N->N
Punjab,Pathankot,2025-11-07,0,0.0,3,0,0.04246681096681097,0,0.02332235449735449,0,Normal,N->N
Punjab,Pathankot,2025-11-08,1,0.0,3,0,0.03541188197767144,0,0.033416910866910864,0,Normal,N->N
Punjab,Pathankot,2025-11-09,0,0.0,3,0,0.03586363636363637,0,0.05580735098235097,0,Normal,N->N
Punjab,Pathankot,2025-11-10,0,0.0,3,0,0.01003030303030303,0,0.006792592592592592,0,Normal,N->N
Punjab,Pathankot,2025-11-11,0,0.0,3,0,0.012551136363636363,0,0.017875925925925927,0,Normal,N->N
Punjab,Pathankot,2025-11-12,0,2.0,3,0,0.006618985181485181,0,0.006913274104063578,0,Normal,N->N
Punjab,Pathankot,2025-11-13,0,0.0,3,0,0.04194739057239057,0,0.04660982744107744,0,Normal,N->N
Punjab,Pathankot,2025-11-14,0,0.0,3,0,0.0037023185148185147,0,0.00524660743739691,0,Normal,N->N
Punjab,Pathankot,2025-11-15,2,0.0,3,0,0.19587499999999994,0,0.09754166666666662,0,Normal,N->N
Punjab,Pathankot,2025-11-16,0,0.0,3,0,0.15382333965054554,0,0.11782175925925926,0,Normal,N->N
Punjab,Pathankot,2025-11-17,0,0.0,3,0,0.13250948683669272,0,0.14120925925925926,0,Normal,N->N
Punjab,Pathankot,2025-11-18,0,0.0,3,0,0.09194746810207337,0,0.07733706962094057,0,Normal,N->N
Punjab,Pathankot,2025-11-19,0,0.0,3,0,0.004769347500325761,0,0.004196790587580062,0,Normal,N->N
Punjab,Pathankot,2025-11-20,0,0.0,3,0,0.14755120851370848,0,0.1593878367003367,0,Normal,N->N
Punjab,Pathankot,2025-11-21,0,0.0,3,0,0.0010193475003257612,0,0.000307504873294347,0,Normal,N->N
Punjab,Pathankot,2025-11-22,0,0.0,3,0,0.05016140572390571,0,0.03508425925925926,0,Normal,N->N
Punjab,Pathankot,2025-11-23,0,0.0,3,0,0.000811014166992428,0,0.000307504873294347,0,Normal,N->N
Punjab,Patiala,2025-10-15,3,2.0,3,0,0.5653136446886446,1,0.45680564182194616,1,Elevated,E->N
Punjab,Patiala,2025-10-16,3,6.0,3,1,0.5355160256410256,1,0.5251573734236779,1,Elevated,E->E
Punjab,Patiala,2025-10-17,4,14.0,3,1,0.5557734962406016,1,0.5274842132505176,1,Elevated,E->E
Punjab,Patiala,2025-10-18,2,18.0,3,1,0.6365592105263157,1,0.47416477272727264,1,Normal,N->E
Punjab,Patiala,2025-10-19,6,11.0,3,1,0.7463427197802196,1,0.7527797619047619,1,Elevated,E->E
Punjab,Patiala,2025-10-20,14,2.0,3,0,0.8383958333333333,1,0.8243750000000002,1,Elevated,E->N
Punjab,Patiala,2025-10-21,18,1.0,3,0,0.9357083333333334,1,0.9266785714285716,1,Elevated,E->N
Punjab,Patiala,2025-10-22,11,10.0,3,1,0.9187777777777777,1,0.9419166666666667,1,Elevated,E->E
Punjab,Patiala,2025-10-23,2,4.0,3,1,0.7942222222222223,1,0.6632828282828284,1,Normal,N->E
Punjab,Patiala,2025-10-24,1,11.0,3,1,0.6701373302623301,1,0.5894628427128427,1,Normal,N->E
Punjab,Patiala,2025-10-25,10,6.0,3,1,0.8148832070707072,1,0.8628071508558629,1,Elevated,E->E
Punjab,Patiala,2025-10-26,4,18.0,3,1,0.678125,1,0.7061922281323878,1,Elevated,E->E
Punjab,Patiala,2025-10-27,11,13.0,3,1,0.8676458333333332,1,0.8722916666666665,1,Elevated,E->E
Punjab,Patiala,2025-10-28,6,41.0,3,1,0.7850833333333332,1,0.8328124999999998,1,Elevated,E->E
Punjab,Patiala,2025-10-29,18,44.0,3,1,0.9028165113871636,1,0.9093541666666667,1,Elevated,E->E
Punjab,Patiala,2025-10-30,13,27.0,3,1,0.9479999999999998,1,0.9594016290726816,1,Elevated,E->E
Punjab,Patiala,2025-10-31,41,11.0,3,1,0.9642500000000002,1,0.9615625,1,Elevated,E->E
Punjab,Patiala,2025-11-01,44,20.0,3,1,0.9852916666666666,1,0.98175,1,Elevated,E->E
Punjab,Patiala,2025-11-02,27,10.0,3,1,0.9484999999999999,1,0.9755595238095239,1,Elevated,E->E
Punjab,Patiala,2025-11-03,11,24.0,3,1,0.8906666666666665,1,0.9136458333333332,1,Elevated,E->E
Punjab,Patiala,2025-11-04,20,12.0,3,1,0.9418749999999999,1,0.9664523809523808,1,Elevated,E->E
Punjab,Patiala,2025-11-05,10,21.0,3,1,0.7631388888888888,1,0.6400428921568629,1,Elevated,E->E
Punjab,Patiala,2025-11-06,24,30.0,3,1,0.9075238095238093,1,0.91825,1,Elevated,E->E
Punjab,Patiala,2025-11-07,12,6.0,3,1,0.6467238455988459,1,0.6734255952380951,1,Elevated,E->E
Punjab,Patiala,2025-11-08,21,11.0,3,1,0.733996031746032,1,0.7234642857142858,1,Elevated,E->E
Punjab,Patiala,2025-11-09,30,1.0,3,0,0.8286147186147184,1,0.8406011904761906,1,Elevated,E->N
Punjab,Patiala,2025-11-10,6,3.0,3,1,0.6620952380952383,1,0.6099880952380953,1,Elevated,E->E
Punjab,Patiala,2025-11-11,11,1.0,3,0,0.8493988095238096,1,0.8613065476190477,1,Elevated,E->N
Punjab,Patiala,2025-11-12,1,4.0,3,1,0.6462083333333334,1,0.6537946428571427,1,Normal,N->E
Punjab,Patiala,2025-11-13,3,2.0,3,0,0.6178142230576441,1,0.5718154761904762,1,Elevated,E->N
Punjab,Patiala,2025-11-14,1,0.0,3,0,0.6465654761904763,1,0.6255358669108668,1,Normal,N->N
Punjab,Patiala,2025-11-15,4,3.0,3,1,0.5460833333333335,1,0.6048474544072949,1,Elevated,E->E
Punjab,Patiala,2025-11-16,2,0.0,3,0,0.6156210317460318,1,0.5081912885501596,1,Normal,N->N
Punjab,Patiala,2025-11-17,0,0.0,3,0,0.4058706140350878,1,0.28789285714285723,0,Normal,N->N
Punjab,Patiala,2025-11-18,3,2.0,3,0,0.4045081801726539,1,0.4608028115501519,1,Elevated,E->N
Punjab,Patiala,2025-11-19,0,0.0,3,0,0.23940674128503073,0,0.21094318181818184,0,Normal,N->N
Punjab,Patiala,2025-11-20,0,0.0,3,0,0.3216271929824561,1,0.29578472222222224,0,Normal,N->N
Punjab,Patiala,2025-11-21,2,0.0,3,0,0.2101133088402825,0,0.18169220430107524,0,Normal,N->N
Punjab,Patiala,2025-11-22,0,0.0,3,0,0.10803430451127817,0,0.13149603174603178,0,Normal,N->N
Punjab,Patiala,2025-11-23,0,0.0,3,0,0.15027229152426522,0,0.1920196007696007,0,Normal,N->N
Punjab,Rupnagar,2025-10-15,0,0.0,3,0,0.09335068386284406,0,0.09286653069981074,0,Normal,N->N
Punjab,Rupnagar,2025-10-16,0,0.0,3,0,0.10079447734124508,0,0.11581070666273671,0,Normal,N->N
Punjab,Rupnagar,2025-10-17,0,0.0,3,0,0.10415704736925628,0,0.12067822803025809,0,Normal,N->N
Punjab,Rupnagar,2025-10-18,0,1.0,3,0,0.23682521269636123,0,0.20993515339655844,0,Normal,N->N
Punjab,Rupnagar,2025-10-19,0,1.0,3,0,0.14963246153412477,0,0.10420196783212289,0,Normal,N->N
Punjab,Rupnagar,2025-10-20,0,0.0,3,0,0.20127507951555856,0,0.16061923112438617,0,Normal,N->N
Punjab,Rupnagar,2025-10-21,1,0.0,3,0,0.435388887991094,1,0.425213713466616,1,Normal,N->N
Punjab,Rupnagar,2025-10-22,1,0.0,3,0,0.3099113553113554,1,0.24560078983516473,0,Normal,N->N
Punjab,Rupnagar,2025-10-23,0,1.0,3,0,0.22015462198620103,0,0.21318491553622604,0,Normal,N->N
Punjab,Rupnagar,2025-10-24,0,0.0,3,0,0.18655107465633786,0,0.12422495502183004,0,Normal,N->N
Punjab,Rupnagar,2025-10-25,0,0.0,3,0,0.13494230842257163,0,0.11047254217199871,0,Normal,N->N
Punjab,Rupnagar,2025-10-26,1,0.0,3,0,0.24383699035169626,0,0.16069700890896546,0,Normal,N->N
Punjab,Rupnagar,2025-10-27,0,0.0,3,0,0.1559730485158117,0,0.12065135327635325,0,Normal,N->N
Punjab,Rupnagar,2025-10-28,0,2.0,3,0,0.15199479760006082,0,0.10608699854895506,0,Normal,N->N
Punjab,Rupnagar,2025-10-29,0,0.0,3,0,0.10773180863254392,0,0.08313971527667179,0,Normal,N->N
Punjab,Rupnagar,2025-10-30,0,2.0,3,0,0.1849893358557152,0,0.15392123335757235,0,Normal,N->N
Punjab,Rupnagar,2025-10-31,2,0.0,3,0,0.2921681619507707,0,0.22237635281385282,0,Normal,N->N
Punjab,Rupnagar,2025-11-01,0,0.0,3,0,0.10666224747474741,0,0.07473902116402116,0,Normal,N->N
Punjab,Rupnagar,2025-11-02,2,0.0,3,0,0.24891666666666665,0,0.25487599206349204,0,Normal,N->N
Punjab,Rupnagar,2025-11-03,0,0.0,3,0,0.1576136732204844,0,0.10322783790283792,0,Normal,N->N
Punjab,Rupnagar,2025-11-04,0,0.0,3,0,0.08973566017316019,0,0.08104246458440006,0,Normal,N->N
Punjab,Rupnagar,2025-11-05,0,1.0,3,0,0.13955555555555554,0,0.12229758297258296,0,Normal,N->N
Punjab,Rupnagar,2025-11-06,0,0.0,3,0,0.029752007130296597,0,0.0166712962962963,0,Normal,N->N
Punjab,Rupnagar,2025-11-07,0,0.0,3,0,0.05612289562289564,0,0.04739626322751323,0,Normal,N->N
Punjab,Rupnagar,2025-11-08,1,1.0,3,0,0.07185776942355888,0,0.05804696137196138,0,Normal,N->N
Punjab,Rupnagar,2025-11-09,0,0.0,3,0,0.02475252525252525,0,0.036262678062678064,0,Normal,N->N
Punjab,Rupnagar,2025-11-10,0,0.0,3,0,0.028613636363636362,0,0.029603972520908003,0,Normal,N->N
Punjab,Rupnagar,2025-11-11,1,0.0,3,0,0.07011904761904762,0,0.060374999999999984,0,Normal,N->N
Punjab,Rupnagar,2025-11-12,0,0.0,3,0,0.014405303030303032,0,0.012219179894179895,0,Normal,N->N
Punjab,Rupnagar,2025-11-13,0,0.0,3,0,0.026240620490620484,0,0.019062929894179893,0,Normal,N->N
Punjab,Rupnagar,2025-11-14,0,0.0,3,0,0.029683080808080808,0,0.02358930976430976,0,Normal,N->N
Punjab,Rupnagar,2025-11-15,0,0.0,3,0,0.01801872895622896,0,0.024880976430976434,0,Normal,N->N
Punjab,Rupnagar,2025-11-16,0,0.0,3,0,0.03259169071669071,0,0.030175168350168348,0,Normal,N->N
Punjab,Rupnagar,2025-11-17,0,0.0,3,0,0.01018601416699243,0,0.007812555378344853,0,Normal,N->N
Punjab,Rupnagar,2025-11-18,0,0.0,3,0,0.011488636363636364,0,0.005845888711678186,0,Normal,N->N
Punjab,Rupnagar,2025-11-19,0,0.0,3,0,0.008852680833659093,0,0.005520888711678185,0,Normal,N->N
Punjab,Rupnagar,2025-11-20,0,0.0,3,0,0.014061014166992429,0,0.012368507759297232,0,Normal,N->N
Punjab,Rupnagar,2025-11-21,0,0.0,3,0,0.008852680833659093,0,0.004687555378344852,0,Normal,N->N
Punjab,Rupnagar,2025-11-22,0,0.0,3,0,0.018028198653198654,0,0.009612037037037037,0,Normal,N->N
Punjab,Rupnagar,2025-11-23,0,0.0,3,0,0.008852680833659093,0,0.0063542220450115185,0,Normal,N->N
Punjab,S A S Nagar,2025-10-15,0,1.0,3,0,0.16876309680657503,0,0.16384097476597476,0,Normal,N->N
Punjab,S A S Nagar,2025-10-16,1,2.0,3,0,0.27324503968253977,0,0.29492514107092116,0,Normal,N->N
Punjab,S A S Nagar,2025-10-17,0,4.0,3,1,0.12988502673796792,0,0.13209479039479038,0,Normal,N->E
Punjab,S A S Nagar,2025-10-18,1,7.0,3,1,0.3866070845004668,1,0.3991876563334364,0,Normal,N->E
Punjab,S A S Nagar,2025-10-19,2,5.0,3,1,0.6359288965865051,1,0.5227640068265067,1,Normal,N->E
Punjab,S A S Nagar,2025-10-20,4,1.0,3,0,0.7595320711896797,1,0.7010764751552797,1,Elevated,E->N
Punjab,S A S Nagar,2025-10-21,7,3.0,3,1,0.8437440476190478,1,0.8452172619047618,1,Elevated,E->E
Punjab,S A S Nagar,2025-10-22,5,5.0,3,1,0.8587643398268398,1,0.877462069402229,1,Elevated,E->E
Punjab,S A S Nagar,2025-10-23,1,6.0,3,1,0.766299740829346,1,0.6995909090909092,1,Normal,N->E
Punjab,S A S Nagar,2025-10-24,3,2.0,3,0,0.7025619588744588,1,0.7406245421245421,1,Elevated,E->N
Punjab,S A S Nagar,2025-10-25,5,2.0,3,0,0.7593541666666667,1,0.8062954027355622,1,Elevated,E->N
Punjab,S A S Nagar,2025-10-26,6,6.0,3,1,0.793095924908425,1,0.869875,1,Elevated,E->E
Punjab,S A S Nagar,2025-10-27,2,1.0,3,0,0.6393938916475681,1,0.5531136363636363,1,Normal,N->N
Punjab,S A S Nagar,2025-10-28,2,8.0,3,1,0.6669488636363637,1,0.6189761904761906,1,Normal,N->E
Punjab,S A S Nagar,2025-10-29,6,1.0,3,0,0.6549379940711462,1,0.6826793313069909,1,Elevated,E->N
Punjab,S A S Nagar,2025-10-30,1,1.0,3,0,0.623128469569646,1,0.5281250000000001,1,Normal,N->N
Punjab,S A S Nagar,2025-10-31,8,2.0,3,0,0.7934583764665288,1,0.8862852564102561,1,Elevated,E->N
Punjab,S A S Nagar,2025-11-01,1,0.0,3,0,0.4759317277150095,1,0.43978679653679664,1,Normal,N->N
Punjab,S A S Nagar,2025-11-02,1,2.0,3,0,0.45801623376623385,1,0.5428893445735551,1,Normal,N->N
Punjab,S A S Nagar,2025-11-03,2,0.0,3,0,0.43434956709956707,1,0.4288690476190478,1,Normal,N->N
Punjab,S A S Nagar,2025-11-04,0,1.0,3,0,0.2776935900356953,0,0.2077997757073844,0,Normal,N->N
Punjab,S A S Nagar,2025-11-05,2,2.0,3,0,0.34295580808080806,1,0.2946016992266991,0,Normal,N->N
Punjab,S A S Nagar,2025-11-06,0,0.0,3,0,0.19411440533151061,0,0.15958211697722566,0,Normal,N->N
Punjab,S A S Nagar,2025-11-07,1,0.0,3,0,0.3205838744588745,1,0.26385599816849814,0,Normal,N->N
Punjab,S A S Nagar,2025-11-08,2,0.0,3,0,0.2864987637362637,0,0.229775641025641,0,Normal,N->N
Punjab,S A S Nagar,2025-11-09,0,1.0,3,0,0.09902618215118217,0,0.1026050925925926,0,Normal,N->N
Punjab,S A S Nagar,2025-11-10,0,1.0,3,0,0.13893475165185687,0,0.12283595722300139,0,Normal,N->N
Punjab,S A S Nagar,2025-11-11,0,0.0,3,0,0.02995922459893048,0,0.03864486531986531,0,Normal,N->N
Punjab,S A S Nagar,2025-11-12,1,0.0,3,0,0.18270164141414147,0,0.2007921754171754,0,Normal,N->N
Punjab,S A S Nagar,2025-11-13,1,0.0,3,0,0.25638507326007326,0,0.23387980769230765,0,Normal,N->N
Punjab,S A S Nagar,2025-11-14,0,0.0,3,0,0.08397564935064934,0,0.07111459052219922,0,Normal,N->N
Punjab,S A S Nagar,2025-11-15,0,0.0,3,0,0.0949637445887446,0,0.10325092592592591,0,Normal,N->N
Punjab,S A S Nagar,2025-11-16,0,0.0,3,0,0.062042207792207794,0,0.0516537037037037,0,Normal,N->N
Punjab,S A S Nagar,2025-11-17,0,0.0,3,0,0.02265319865319865,0,0.021784656084656087,0,Normal,N->N
Punjab,S A S Nagar,2025-11-18,0,0.0,3,0,0.11679002525252523,0,0.1549451148388648,0,Normal,N->N
Punjab,S A S Nagar,2025-11-19,0,0.0,3,0,0.010289562289562291,0,0.00770925925925926,0,Normal,N->N
Punjab,S A S Nagar,2025-11-20,0,0.0,3,0,0.016497895622895623,0,0.023549031986531986,0,Normal,N->N
Punjab,S A S Nagar,2025-11-21,0,1.0,3,0,0.01194486531986532,0,0.021215608465608465,0,Normal,N->N
Punjab,S A S Nagar,2025-11-22,0,0.0,3,0,0.012097643097643097,0,0.015034656084656085,0,Normal,N->N
Punjab,S A S Nagar,2025-11-23,0,0.0,3,0,0.0039360141669924275,0,0.005015838206627681,0,Normal,N->N
Punjab,Sangrur,2025-10-15,1,0.0,3,0,0.32183063909774445,1,0.3390454822954823,0,Normal,N->N
Punjab,Sangrur,2025-10-16,1,2.0,3,0,0.3013598057644111,1,0.264806290566159,0,Normal,N->N
Punjab,Sangrur,2025-10-17,4,4.0,3,1,0.6825558807134893,1,0.6359017857142856,1,Elevated,E->E
Punjab,Sangrur,2025-10-18,0,10.0,3,1,0.445424976704582,1,0.4374614343989344,1,Normal,N->E
Punjab,Sangrur,2025-10-19,2,4.0,3,1,0.6262902151040448,1,0.5754561688311686,1,Normal,N->E
Punjab,Sangrur,2025-10-20,4,6.0,3,1,0.669660714285714,1,0.6228958333333334,1,Elevated,E->E
Punjab,Sangrur,2025-10-21,10,11.0,3,1,0.7747058150183154,1,0.8323839285714287,1,Elevated,E->E
Punjab,Sangrur,2025-10-22,4,19.0,3,1,0.7246696428571429,1,0.7335327380952381,1,Elevated,E->E
Punjab,Sangrur,2025-10-23,6,27.0,3,1,0.8330833333333336,1,0.8255694444444442,1,Elevated,E->E
Punjab,Sangrur,2025-10-24,11,21.0,3,1,0.8899970238095237,1,0.9055921052631581,1,Elevated,E->E
Punjab,Sangrur,2025-10-25,19,13.0,3,1,0.9772777777777777,1,0.9637083333333333,1,Elevated,E->E
Punjab,Sangrur,2025-10-26,27,48.0,3,1,0.9805416666666666,1,0.9754166666666666,1,Elevated,E->E
Punjab,Sangrur,2025-10-27,21,65.0,3,1,0.978166666666667,1,0.9739583333333333,1,Elevated,E->E
Punjab,Sangrur,2025-10-28,13,127.0,3,1,0.9506666666666668,1,0.935875,1,Elevated,E->E
Punjab,Sangrur,2025-10-29,48,69.0,3,1,0.9873750000000001,1,0.9774166666666666,1,Elevated,E->E
Punjab,Sangrur,2025-10-30,65,65.0,3,1,0.9824999999999998,1,0.9845833333333333,1,Elevated,E->E
Punjab,Sangrur,2025-10-31,127,38.0,3,1,0.9838095238095238,1,0.9976785714285714,1,Elevated,E->E
Punjab,Sangrur,2025-11-01,69,62.0,3,1,0.9905492424242424,1,0.9823333333333334,1,Elevated,E->E
Punjab,Sangrur,2025-11-02,65,22.0,3,1,0.9836742424242424,1,0.9917797619047619,1,Elevated,E->E
Punjab,Sangrur,2025-11-03,38,24.0,3,1,0.9738825757575756,1,0.9695535714285713,1,Elevated,E->E
Punjab,Sangrur,2025-11-04,62,50.0,3,1,0.9781249999999999,1,0.9892321428571429,1,Elevated,E->E
Punjab,Sangrur,2025-11-05,22,41.0,3,1,0.9316325757575757,1,0.9166309523809524,1,Elevated,E->E
Punjab,Sangrur,2025-11-06,24,37.0,3,1,0.9221666666666666,1,0.916,1,Elevated,E->E
Punjab,Sangrur,2025-11-07,50,24.0,3,1,0.7062916666666667,1,0.7088928571428571,1,Elevated,E->E
Punjab,Sangrur,2025-11-08,41,19.0,3,1,0.7858710317460317,1,0.7841369047619047,1,Elevated,E->E
Punjab,Sangrur,2025-11-09,37,3.0,3,1,0.9365833333333332,1,0.918404761904762,1,Elevated,E->E
Punjab,Sangrur,2025-11-10,24,7.0,3,1,0.9547619047619047,1,0.9389880952380953,1,Elevated,E->E
Punjab,Sangrur,2025-11-11,19,6.0,3,1,0.91825,1,0.9247026515151516,1,Elevated,E->E
Punjab,Sangrur,2025-11-12,3,2.0,3,0,0.7220493421052633,1,0.492669184981685,1,Elevated,E->N
Punjab,Sangrur,2025-11-13,7,0.0,3,0,0.7461994047619048,1,0.7408630952380948,1,Elevated,E->N
Punjab,Sangrur,2025-11-14,6,3.0,3,1,0.7334196428571428,1,0.7815178571428569,1,Elevated,E->E
Punjab,Sangrur,2025-11-15,2,0.0,3,0,0.5699523809523811,1,0.4524513888888888,1,Normal,N->N
Punjab,Sangrur,2025-11-16,0,0.0,3,0,0.6632083333333331,1,0.5213075126038834,1,Normal,N->N
Punjab,Sangrur,2025-11-17,3,1.0,3,0,0.4640208333333334,1,0.39418971631205674,0,Elevated,E->N
Punjab,Sangrur,2025-11-18,0,0.0,3,0,0.4254454365079365,1,0.394183836996337,0,Normal,N->N
Punjab,Sangrur,2025-11-19,0,0.0,3,0,0.3373646616541353,1,0.31659887566137557,0,Normal,N->N
Punjab,Sangrur,2025-11-20,1,0.0,3,0,0.27127306112503474,0,0.21698199023199027,0,Normal,N->N
Punjab,Sangrur,2025-11-21,0,0.0,3,0,0.19437996031746022,0,0.22481181318681315,0,Normal,N->N
Punjab,Sangrur,2025-11-22,0,0.0,3,0,0.1440956140350877,0,0.2001554232804232,0,Normal,N->N
Punjab,Sangrur,2025-11-23,0,0.0,3,0,0.09075998569284174,0,0.11814814814814815,0,Normal,N->N
Punjab,Shahid Bhagat Singh Nagar,2025-10-15,0,0.0,3,0,0.15829407350531485,0,0.15409854497354492,0,Normal,N->N
Punjab,Shahid Bhagat Singh Nagar,2025-10-16,0,0.0,3,0,0.08919364761541536,0,0.08692424382002388,0,Normal,N->N
Punjab,Shahid Bhagat Singh Nagar,2025-10-17,1,0.0,3,0,0.4376684578293561,1,0.43792601842601847,1,Normal,N->N
Punjab,Shahid Bhagat Singh Nagar,2025-10-18,0,5.0,3,1,0.2807222937966747,0,0.22879312296499799,0,Normal,N->E
Punjab,Shahid Bhagat Singh Nagar,2025-10-19,0,3.0,3,1,0.20053797517412067,0,0.15603552398185552,0,Normal,N->E
Punjab,Shahid Bhagat Singh Nagar,2025-10-20,0,0.0,3,0,0.20523973351210198,0,0.17237478194611344,0,Normal,N->N
Punjab,Shahid Bhagat Singh Nagar,2025-10-21,5,0.0,3,0,0.6624570245043393,1,0.6141657608695653,1,Elevated,E->N
Punjab,Shahid Bhagat Singh Nagar,2025-10-22,3,0.0,3,0,0.7020178571428568,1,0.7356633258046301,1,Elevated,E->N
Punjab,Shahid Bhagat Singh Nagar,2025-10-23,0,1.0,3,0,0.412581200662083,1,0.39524098446772876,0,Normal,N->N
Punjab,Shahid Bhagat Singh Nagar,2025-10-24,0,3.0,3,1,0.37531173577884114,1,0.3702807225074667,0,Normal,N->E
Punjab,Shahid Bhagat Singh Nagar,2025-10-25,0,0.0,3,0,0.24743476952184373,0,0.21354136604136603,0,Normal,N->N
Punjab,Shahid Bhagat Singh Nagar,2025-10-26,1,1.0,3,0,0.47546570782159026,1,0.5017783767158768,1,Normal,N->N
Punjab,Shahid Bhagat Singh Nagar,2025-10-27,3,0.0,3,0,0.6824229442055527,1,0.662490706757011,1,Elevated,E->N
Punjab,Shahid Bhagat Singh Nagar,2025-10-28,0,1.0,3,0,0.41444151572112115,1,0.33772175536881427,0,Normal,N->N
Punjab,Shahid Bhagat Singh Nagar,2025-10-29,1,6.0,3,1,0.60428207118968,1,0.5276645299145301,1,Normal,N->E
Punjab,Shahid Bhagat Singh Nagar,2025-10-30,0,9.0,3,1,0.25828125237335764,0,0.23290607041593886,0,Normal,N->E
Punjab,Shahid Bhagat Singh Nagar,2025-10-31,1,3.0,3,1,0.2792668650793651,0,0.28456064527260183,0,Normal,N->E
Punjab,Shahid Bhagat Singh Nagar,2025-11-01,6,3.0,3,1,0.6803118330944419,1,0.6920739154462558,1,Elevated,E->E
Punjab,Shahid Bhagat Singh Nagar,2025-11-02,9,1.0,3,0,0.7807693070818071,1,0.8120468591691997,1,Elevated,E->N
Punjab,Shahid Bhagat Singh Nagar,2025-11-03,3,4.0,3,1,0.548529761904762,1,0.5552572487795893,1,Elevated,E->E
Punjab,Shahid Bhagat Singh Nagar,2025-11-04,3,3.0,3,1,0.5438327922077922,1,0.5539507011605415,1,Elevated,E->E
Punjab,Shahid Bhagat Singh Nagar,2025-11-05,1,4.0,3,1,0.5460705741626797,1,0.5792790325616416,1,Normal,N->E
Punjab,Shahid Bhagat Singh Nagar,2025-11-06,4,0.0,3,0,0.5253129509379509,1,0.5134516210739614,1,Elevated,E->N
Punjab,Shahid Bhagat Singh Nagar,2025-11-07,3,0.0,3,0,0.3618804112554113,1,0.39075519250253277,0,Elevated,E->N
Punjab,Shahid Bhagat Singh Nagar,2025-11-08,4,1.0,3,0,0.40901190476190485,1,0.445052811550152,1,Elevated,E->N
Punjab,Shahid Bhagat Singh Nagar,2025-11-09,0,3.0,3,1,0.37950721500721485,1,0.4233214285714287,1,Normal,N->E
Punjab,Shahid Bhagat Singh Nagar,2025-11-10,0,3.0,3,1,0.33604261600972124,1,0.2774486454405809,0,Normal,N->E
Punjab,Shahid Bhagat Singh Nagar,2025-11-11,1,0.0,3,0,0.3857524350649351,1,0.367885582010582,0,Normal,N->N
Punjab,Shahid Bhagat Singh Nagar,2025-11-12,3,2.0,3,0,0.33245054945054947,1,0.4703450193423596,1,Elevated,E->N
Punjab,Shahid Bhagat Singh Nagar,2025-11-13,3,2.0,3,0,0.4653255494505494,1,0.5111843050566454,1,Elevated,E->N
Punjab,Shahid Bhagat Singh Nagar,2025-11-14,0,0.0,3,0,0.3348608452950558,1,0.2645089285714286,0,Normal,N->N
Punjab,Shahid Bhagat Singh Nagar,2025-11-15,2,0.0,3,0,0.42942803030303034,1,0.276875,0,Normal,N->N
Punjab,Shahid Bhagat Singh Nagar,2025-11-16,2,3.0,3,1,0.23977083333333332,0,0.1492178453267163,0,Normal,N->E
Punjab,Shahid Bhagat Singh Nagar,2025-11-17,0,0.0,3,0,0.21975178571428577,0,0.20654545454545453,0,Normal,N->N
Punjab,Shahid Bhagat Singh Nagar,2025-11-18,0,0.0,3,0,0.1711297619047619,0,0.17739865136876007,0,Normal,N->N
Punjab,Shahid Bhagat Singh Nagar,2025-11-19,3,0.0,3,0,0.3288529304029305,1,0.37552007345491384,0,Elevated,E->N
Punjab,Shahid Bhagat Singh Nagar,2025-11-20,0,0.0,3,0,0.23336575814536334,0,0.19920833333333332,0,Normal,N->N
Punjab,Shahid Bhagat Singh Nagar,2025-11-21,0,0.0,3,0,0.15853571428571425,0,0.15305357142857143,0,Normal,N->N
Punjab,Shahid Bhagat Singh Nagar,2025-11-22,0,0.0,3,0,0.10980235626946153,0,0.09325,0,Normal,N->N
Punjab,Shahid Bhagat Singh Nagar,2025-11-23,0,0.0,3,0,0.03492592592592592,0,0.04471759259259259,0,Normal,N->N
Punjab,Sri Muktsar Sahib,2025-10-15,0,2.0,3,0,0.24329623154623156,0,0.24323892835106067,0,Normal,N->N
Punjab,Sri Muktsar Sahib,2025-10-16,1,2.0,3,0,0.49428243978244013,1,0.4970916767056472,1,Normal,N->N
Punjab,Sri Muktsar Sahib,2025-10-17,0,0.0,3,0,0.2293422619047619,0,0.20171584665334663,0,Normal,N->N
Punjab,Sri Muktsar Sahib,2025-10-18,2,4.0,3,1,0.49599420024420027,1,0.5323078910468616,1,Normal,N->E
Punjab,Sri Muktsar Sahib,2025-10-19,2,10.0,3,1,0.5497311230436231,1,0.5362104353979354,1,Normal,N->E
Punjab,Sri Muktsar Sahib,2025-10-20,0,1.0,3,0,0.26045527795218193,0,0.2505054037397787,0,Normal,N->N
Punjab,Sri Muktsar Sahib,2025-10-21,4,2.0,3,0,0.5986053113553114,1,0.5551508799171843,1,Elevated,E->N
Punjab,Sri Muktsar Sahib,2025-10-22,10,2.0,3,0,0.7067400793650794,1,0.7551944444444445,1,Elevated,E->N
Punjab,Sri Muktsar Sahib,2025-10-23,1,13.0,3,1,0.6560164565826327,1,0.5538696719946721,1,Normal,N->E
Punjab,Sri Muktsar Sahib,2025-10-24,2,0.0,3,0,0.6960271656534955,1,0.5743344155844157,1,Normal,N->N
Punjab,Sri Muktsar Sahib,2025-10-25,2,2.0,3,0,0.6265669191919191,1,0.5257213203463205,1,Normal,N->N
Punjab,Sri Muktsar Sahib,2025-10-26,13,7.0,3,1,0.826580815018315,1,0.8562648809523811,1,Elevated,E->E
Punjab,Sri Muktsar Sahib,2025-10-27,0,12.0,3,1,0.5976636904761903,1,0.5287533716283717,1,Normal,N->E
Punjab,Sri Muktsar Sahib,2025-10-28,2,17.0,3,1,0.6268585858585858,1,0.5403988997113998,1,Normal,N->E
Punjab,Sri Muktsar Sahib,2025-10-29,7,21.0,3,1,0.7499305555555554,1,0.7871754385964911,1,Elevated,E->E
Punjab,Sri Muktsar Sahib,2025-10-30,12,41.0,3,1,0.914673076923077,1,0.9523333333333335,1,Elevated,E->E
Punjab,Sri Muktsar Sahib,2025-10-31,17,12.0,3,1,0.9500357142857143,1,0.9483333333333335,1,Elevated,E->E
Punjab,Sri Muktsar Sahib,2025-11-01,21,15.0,3,1,0.938875,1,0.9319516210739616,1,Elevated,E->E
Punjab,Sri Muktsar Sahib,2025-11-02,41,29.0,3,1,0.9584166666666667,1,0.9598809523809523,1,Elevated,E->E
Punjab,Sri Muktsar Sahib,2025-11-03,12,48.0,3,1,0.9168333333333334,1,0.9270357142857144,1,Elevated,E->E
Punjab,Sri Muktsar Sahib,2025-11-04,15,37.0,3,1,0.907125,1,0.9376904761904763,1,Elevated,E->E
Punjab,Sri Muktsar Sahib,2025-11-05,29,25.0,3,1,0.9569999999999999,1,0.9483333333333333,1,Elevated,E->E
Punjab,Sri Muktsar Sahib,2025-11-06,48,28.0,3,1,0.9318749999999999,1,0.9076964285714285,1,Elevated,E->E
Punjab,Sri Muktsar Sahib,2025-11-07,37,31.0,3,1,0.7189381313131313,1,0.6797470238095239,1,Elevated,E->E
Punjab,Sri Muktsar Sahib,2025-11-08,25,39.0,3,1,0.7976746031746031,1,0.7949047619047619,1,Elevated,E->E
Punjab,Sri Muktsar Sahib,2025-11-09,28,14.0,3,1,0.9437619047619047,1,0.9310297619047618,1,Elevated,E->E
Punjab,Sri Muktsar Sahib,2025-11-10,31,21.0,3,1,0.9113690476190477,1,0.8713690476190474,1,Elevated,E->E
Punjab,Sri Muktsar Sahib,2025-11-11,39,20.0,3,1,0.9305595238095238,1,0.9204940476190475,1,Elevated,E->E
Punjab,Sri Muktsar Sahib,2025-11-12,14,32.0,3,1,0.9008825757575756,1,0.9024970238095237,1,Elevated,E->E
Punjab,Sri Muktsar Sahib,2025-11-13,21,28.0,3,1,0.9531250000000001,1,0.9693214285714287,1,Elevated,E->E
Punjab,Sri Muktsar Sahib,2025-11-14,20,9.0,3,1,0.9623750000000001,1,0.9623214285714288,1,Elevated,E->E
Punjab,Sri Muktsar Sahib,2025-11-15,32,10.0,3,1,0.9564047619047621,1,0.9698630952380953,1,Elevated,E->E
Punjab,Sri Muktsar Sahib,2025-11-16,28,9.0,3,1,0.9440416666666667,1,0.9297172619047619,1,Elevated,E->E
Punjab,Sri Muktsar Sahib,2025-11-17,9,8.0,3,1,0.6727083333333335,1,0.5566101190476193,1,Elevated,E->E
Punjab,Sri Muktsar Sahib,2025-11-18,10,4.0,3,1,0.7343749999999999,1,0.7079553571428572,1,Elevated,E->E
Punjab,Sri Muktsar Sahib,2025-11-19,9,4.0,3,1,0.6185535714285715,1,0.6423511904761906,1,Elevated,E->E
Punjab,Sri Muktsar Sahib,2025-11-20,8,12.0,3,1,0.5199702380952381,1,0.5921904761904764,1,Elevated,E->E
Punjab,Sri Muktsar Sahib,2025-11-21,4,0.0,3,0,0.30122619047619037,1,0.29393452380952384,0,Elevated,E->N
Punjab,Sri Muktsar Sahib,2025-11-22,4,2.0,3,0,0.11540539277795375,0,0.12173511904761904,0,Elevated,E->N
Punjab,Sri Muktsar Sahib,2025-11-23,12,3.0,3,1,0.31698396420652514,1,0.33049999999999996,0,Elevated,E->E
Punjab,Tarn Taran,2025-10-15,16,30.0,3,1,0.7961289682539682,1,0.8323809523809524,1,Elevated,E->E
Punjab,Tarn Taran,2025-10-16,28,45.0,3,1,0.8774206349206348,1,0.8802916666666668,1,Elevated,E->E
Punjab,Tarn Taran,2025-10-17,21,34.0,3,1,0.9460873015873014,1,0.9227083333333335,1,Elevated,E->E
Punjab,Tarn Taran,2025-10-18,30,36.0,3,1,0.9710000000000001,1,0.9449166666666667,1,Elevated,E->E
Punjab,Tarn Taran,2025-10-19,45,35.0,3,1,0.9700000000000002,1,0.9490833333333332,1,Elevated,E->E
Punjab,Tarn Taran,2025-10-20,34,21.0,3,1,0.9760416666666668,1,0.9771904761904762,1,Elevated,E->E
Punjab,Tarn Taran,2025-10-21,36,18.0,3,1,0.9592083333333332,1,0.9726666666666667,1,Elevated,E->E
Punjab,Tarn Taran,2025-10-22,35,45.0,3,1,0.9897916666666667,1,0.9883333333333333,1,Elevated,E->E
Punjab,Tarn Taran,2025-10-23,21,62.0,3,1,0.9788825757575758,1,0.9821071428571427,1,Elevated,E->E
Punjab,Tarn Taran,2025-10-24,18,39.0,3,1,0.9854166666666667,1,0.9875833333333333,1,Elevated,E->E
Punjab,Tarn Taran,2025-10-25,45,22.0,3,1,0.9941666666666668,1,0.9913333333333333,1,Elevated,E->E
Punjab,Tarn Taran,2025-10-26,62,54.0,3,1,0.995625,1,0.9957142857142857,1,Elevated,E->E
Punjab,Tarn Taran,2025-10-27,39,48.0,3,1,0.9555909090909092,1,0.9577321428571429,1,Elevated,E->E
Punjab,Tarn Taran,2025-10-28,22,87.0,3,1,0.9799583333333333,1,0.9765,1,Elevated,E->E
Punjab,Tarn Taran,2025-10-29,54,71.0,3,1,0.9807916666666665,1,0.9804166666666667,1,Elevated,E->E
Punjab,Tarn Taran,2025-10-30,48,59.0,3,1,0.9912083333333334,1,0.982375,1,Elevated,E->E
Punjab,Tarn Taran,2025-10-31,87,33.0,3,1,0.984375,1,0.9896726190476189,1,Elevated,E->E
Punjab,Tarn Taran,2025-11-01,71,63.0,3,1,0.9875,1,0.9882291666666667,1,Elevated,E->E
Punjab,Tarn Taran,2025-11-02,59,5.0,3,1,0.976375,1,0.9735416666666667,1,Elevated,E->E
Punjab,Tarn Taran,2025-11-03,33,44.0,3,1,0.9733333333333334,1,0.9728143939393941,1,Elevated,E->E
Punjab,Tarn Taran,2025-11-04,63,29.0,3,1,0.9289166666666665,1,0.9217142857142858,1,Elevated,E->E
Punjab,Tarn Taran,2025-11-05,5,31.0,3,1,0.813873746867168,1,0.6559449484339188,1,Elevated,E->E
Punjab,Tarn Taran,2025-11-06,44,41.0,3,1,0.8283750000000002,1,0.8702767857142857,1,Elevated,E->E
Punjab,Tarn Taran,2025-11-07,29,58.0,3,1,0.7341250000000001,1,0.7178749999999999,1,Elevated,E->E
Punjab,Tarn Taran,2025-11-08,31,48.0,3,1,0.8389841269841269,1,0.7773035714285713,1,Elevated,E->E
Punjab,Tarn Taran,2025-11-09,41,18.0,3,1,0.9269166666666666,1,0.9255833333333334,1,Elevated,E->E
Punjab,Tarn Taran,2025-11-10,58,17.0,3,1,0.9584583333333334,1,0.9533750000000002,1,Elevated,E->E
Punjab,Tarn Taran,2025-11-11,48,23.0,3,1,0.9512619047619048,1,0.9540833333333335,1,Elevated,E->E
Punjab,Tarn Taran,2025-11-12,18,12.0,3,1,0.870470238095238,1,0.8959583333333331,1,Elevated,E->E
Punjab,Tarn Taran,2025-11-13,17,12.0,3,1,0.8464642857142859,1,0.8535654761904762,1,Elevated,E->E
Punjab,Tarn Taran,2025-11-14,23,5.0,3,1,0.8823333333333335,1,0.9037916666666667,1,Elevated,E->E
Punjab,Tarn Taran,2025-11-15,12,3.0,3,1,0.8363988095238093,1,0.8293750000000002,1,Elevated,E->E
Punjab,Tarn Taran,2025-11-16,12,0.0,3,0,0.8105654761904763,1,0.8610357142857142,1,Elevated,E->N
Punjab,Tarn Taran,2025-11-17,5,3.0,3,1,0.5513095238095239,1,0.4441024159663865,1,Elevated,E->E
Punjab,Tarn Taran,2025-11-18,3,4.0,3,1,0.4200496031746033,1,0.3322601540616247,0,Elevated,E->E
Punjab,Tarn Taran,2025-11-19,0,2.0,3,0,0.4618482142857144,1,0.3994667769506478,0,Normal,N->N
Punjab,Tarn Taran,2025-11-20,3,0.0,3,0,0.3752857142857142,1,0.3075736448834853,0,Elevated,E->N
Punjab,Tarn Taran,2025-11-21,4,0.0,3,0,0.39599999999999985,1,0.4368534067882473,1,Elevated,E->N
Punjab,Tarn Taran,2025-11-22,2,0.0,3,0,0.2983497807017544,1,0.3109700854700856,0,Normal,N->N
Punjab,Tarn Taran,2025-11-23,0,0.0,3,0,0.27837408008658016,0,0.3516742708456417,0,Normal,N->N
