state,district,date,fire_count,frp_sum,horizon,target_fire_count,actual_elevated,rf_probability,rf_prediction,threshold,error_type
Haryana,Ambala,2025-10-15,0,0.0,+5d,3.0,1,0.12370627455000482,0,0.37626262626262624,FN
Haryana,Ambala,2025-10-16,2,3.1,+5d,2.0,0,0.21926211484497554,0,0.37626262626262624,TN
Haryana,Ambala,2025-10-17,0,0.0,+5d,1.0,0,0.0695220291404502,0,0.37626262626262624,TN
Haryana,Ambala,2025-10-18,0,0.0,+5d,0.0,0,0.09419598110223112,0,0.37626262626262624,TN
Haryana,Ambala,2025-10-19,1,7.36,+5d,0.0,0,0.4202619047619047,1,0.37626262626262624,FP
Haryana,Ambala,2025-10-20,3,8.36,+5d,1.0,0,0.46760374755962997,1,0.37626262626262624,FP
Haryana,Ambala,2025-10-21,2,5.03,+5d,4.0,1,0.529656385281385,1,0.37626262626262624,TP
Haryana,Ambala,2025-10-22,1,3.08,+5d,2.0,0,0.47281267507002783,1,0.37626262626262624,FP
Haryana,Ambala,2025-10-23,0,0.0,+5d,0.0,0,0.2933924369747899,0,0.37626262626262624,TN
Haryana,Ambala,2025-10-24,0,0.0,+5d,2.0,0,0.18026785714285712,0,0.37626262626262624,TN
Haryana,Ambala,2025-10-25,1,2.44,+5d,0.0,0,0.31863095238095246,0,0.37626262626262624,TN
Haryana,Ambala,2025-10-26,4,14.37,+5d,3.0,1,0.5344788961038961,1,0.37626262626262624,TP
Haryana,Ambala,2025-10-27,2,3.93,+5d,0.0,0,0.4330541552745498,1,0.37626262626262624,FP
Haryana,Ambala,2025-10-28,0,0.0,+5d,4.0,1,0.2775382703081233,0,0.37626262626262624,FN
Haryana,Ambala,2025-10-29,2,5.92,+5d,0.0,0,0.4275602400050928,1,0.37626262626262624,FP
Haryana,Ambala,2025-10-30,0,0.0,+5d,0.0,0,0.1530211038961039,0,0.37626262626262624,TN
Haryana,Ambala,2025-10-31,3,11.989999999999998,+5d,0.0,0,0.5797628205128206,1,0.37626262626262624,FP
Haryana,Ambala,2025-11-01,0,0.0,+5d,0.0,0,0.386758708203561,1,0.37626262626262624,FP
Haryana,Ambala,2025-11-02,4,11.68,+5d,1.0,0,0.5045009157509159,1,0.37626262626262624,FP
Haryana,Ambala,2025-11-03,0,0.0,+5d,1.0,0,0.44119855576639266,1,0.37626262626262624,FP
Haryana,Ambala,2025-11-04,0,0.0,+5d,0.0,0,0.08767261904761905,0,0.37626262626262624,TN
Haryana,Ambala,2025-11-05,0,0.0,+5d,0.0,0,0.3812803030303031,1,0.37626262626262624,FP
Haryana,Ambala,2025-11-06,0,0.0,+5d,0.0,0,0.04045238095238095,0,0.37626262626262624,TN
Haryana,Ambala,2025-11-07,1,1.65,+5d,0.0,0,0.21640599093888566,0,0.37626262626262624,TN
Haryana,Ambala,2025-11-08,1,2.63,+5d,2.0,0,0.06064880952380952,0,0.37626262626262624,TN
Haryana,Ambala,2025-11-09,0,0.0,+5d,0.0,0,0.1478690861769809,0,0.37626262626262624,TN
Haryana,Ambala,2025-11-10,0,0.0,+5d,0.0,0,0.016553571428571424,0,0.37626262626262624,TN
Haryana,Ambala,2025-11-11,0,0.0,+5d,0.0,0,0.0870982142857143,0,0.37626262626262624,TN
Haryana,Ambala,2025-11-12,0,0.0,+5d,0.0,0,0.014678571428571425,0,0.37626262626262624,TN
Haryana,Ambala,2025-11-13,2,8.79,+5d,0.0,0,0.09672514005602242,0,0.37626262626262624,TN
Haryana,Ambala,2025-11-14,0,0.0,+5d,0.0,0,0.05308928571428573,0,0.37626262626262624,TN
Haryana,Ambala,2025-11-15,0,0.0,+5d,0.0,0,0.032803571428571425,0,0.37626262626262624,TN
Haryana,Ambala,2025-11-16,0,0.0,+5d,0.0,0,0.1510297619047619,0,0.37626262626262624,TN
Haryana,Ambala,2025-11-17,0,0.0,+5d,0.0,0,0.010095238095238095,0,0.37626262626262624,TN
Haryana,Ambala,2025-11-18,0,0.0,+5d,1.0,0,0.03889935064935065,0,0.37626262626262624,TN
Haryana,Ambala,2025-11-19,0,0.0,+5d,0.0,0,0.009045238095238096,0,0.37626262626262624,TN
Haryana,Ambala,2025-11-20,0,0.0,+5d,0.0,0,0.06872619047619047,0,0.37626262626262624,TN
Haryana,Ambala,2025-11-21,0,0.0,+5d,1.0,0,0.010095238095238095,0,0.37626262626262624,TN
Haryana,Ambala,2025-11-22,0,0.0,+5d,4.0,1,0.01051190476190476,0,0.37626262626262624,FN
Haryana,Ambala,2025-11-23,1,5.52,+5d,1.0,0,0.06900490196078433,0,0.37626262626262624,TN
Haryana,Bhiwani,2025-10-15,0,0.0,+5d,2.0,0,0.032677464298153956,0,0.37626262626262624,TN
Haryana,Bhiwani,2025-10-16,1,1.3,+5d,1.0,0,0.037935040055729716,0,0.37626262626262624,TN
Haryana,Bhiwani,2025-10-17,0,0.0,+5d,6.0,1,0.05052014652014652,0,0.37626262626262624,FN
Haryana,Bhiwani,2025-10-18,2,7.77,+5d,0.0,0,0.23947973962312197,0,0.37626262626262624,TN
Haryana,Bhiwani,2025-10-19,0,0.0,+5d,0.0,0,0.09876666666666668,0,0.37626262626262624,TN
Haryana,Bhiwani,2025-10-20,2,8.27,+5d,0.0,0,0.3241772186147186,0,0.37626262626262624,TN
Haryana,Bhiwani,2025-10-21,1,2.59,+5d,1.0,0,0.3623067226890756,0,0.37626262626262624,TN
Haryana,Bhiwani,2025-10-22,6,11.41,+5d,0.0,0,0.33614150432900447,0,0.37626262626262624,TN
Haryana,Bhiwani,2025-10-23,0,0.0,+5d,0.0,0,0.46034243697478994,1,0.37626262626262624,FP
Haryana,Bhiwani,2025-10-24,0,0.0,+5d,0.0,0,0.17829422268907563,0,0.37626262626262624,TN
Haryana,Bhiwani,2025-10-25,0,0.0,+5d,0.0,0,0.31975290138138435,0,0.37626262626262624,TN
Haryana,Bhiwani,2025-10-26,1,2.52,+5d,0.0,0,0.07032142857142858,0,0.37626262626262624,TN
Haryana,Bhiwani,2025-10-27,0,0.0,+5d,0.0,0,0.25897173769213244,0,0.37626262626262624,TN
Haryana,Bhiwani,2025-10-28,0,0.0,+5d,0.0,0,0.0709642857142857,0,0.37626262626262624,TN
Haryana,Bhiwani,2025-10-29,0,0.0,+5d,0.0,0,0.20047055137844613,0,0.37626262626262624,TN
Haryana,Bhiwani,2025-10-30,0,0.0,+5d,0.0,0,0.030619047619047622,0,0.37626262626262624,TN
Haryana,Bhiwani,2025-10-31,0,0.0,+5d,1.0,0,0.03933928571428571,0,0.37626262626262624,TN
Haryana,Bhiwani,2025-11-01,0,0.0,+5d,2.0,0,0.052299603174603165,0,0.37626262626262624,TN
Haryana,Bhiwani,2025-11-02,0,0.0,+5d,4.0,1,0.07334126984126985,0,0.37626262626262624,FN
Haryana,Bhiwani,2025-11-03,0,0.0,+5d,0.0,0,0.03586904761904762,0,0.37626262626262624,TN
Haryana,Bhiwani,2025-11-04,0,0.0,+5d,0.0,0,0.03545238095238095,0,0.37626262626262624,TN
Haryana,Bhiwani,2025-11-05,1,12.65,+5d,0.0,0,0.11295238095238094,0,0.37626262626262624,TN
Haryana,Bhiwani,2025-11-06,2,6.279999999999999,+5d,7.0,1,0.1605644257703081,0,0.37626262626262624,FN
Haryana,Bhiwani,2025-11-07,4,11.12,+5d,0.0,0,0.22802770146520143,0,0.37626262626262624,TN
Haryana,Bhiwani,2025-11-08,0,0.0,+5d,0.0,0,0.25651070620555916,0,0.37626262626262624,TN
Haryana,Bhiwani,2025-11-09,0,0.0,+5d,0.0,0,0.2123251444554813,0,0.37626262626262624,TN
Haryana,Bhiwani,2025-11-10,0,0.0,+5d,1.0,0,0.37040827922077924,0,0.37626262626262624,TN
Haryana,Bhiwani,2025-11-11,7,24.64,+5d,3.0,1,0.29867207792207784,0,0.37626262626262624,FN
Haryana,Bhiwani,2025-11-12,0,0.0,+5d,3.0,1,0.3611827147525677,0,0.37626262626262624,FN
Haryana,Bhiwani,2025-11-13,0,0.0,+5d,0.0,0,0.1832848209796739,0,0.37626262626262624,TN
Haryana,Bhiwani,2025-11-14,0,0.0,+5d,0.0,0,0.35187001874114876,0,0.37626262626262624,TN
Haryana,Bhiwani,2025-11-15,1,2.09,+5d,0.0,0,0.056571428571428564,0,0.37626262626262624,TN
Haryana,Bhiwani,2025-11-16,3,11.48,+5d,0.0,0,0.35337564518814524,0,0.37626262626262624,TN
Haryana,Bhiwani,2025-11-17,3,19.94,+5d,3.0,1,0.2849712301587301,0,0.37626262626262624,FN
Haryana,Bhiwani,2025-11-18,0,0.0,+5d,1.0,0,0.25375000000000003,0,0.37626262626262624,TN
Haryana,Bhiwani,2025-11-19,0,0.0,+5d,0.0,0,0.17903387322671002,0,0.37626262626262624,TN
Haryana,Bhiwani,2025-11-20,0,0.0,+5d,0.0,0,0.255298579109063,0,0.37626262626262624,TN
Haryana,Bhiwani,2025-11-21,0,0.0,+5d,0.0,0,0.08826515151515152,0,0.37626262626262624,TN
Haryana,Bhiwani,2025-11-22,3,16.310000000000002,+5d,0.0,0,0.30810687229437234,0,0.37626262626262624,TN
Haryana,Bhiwani,2025-11-23,1,2.64,+5d,1.0,0,0.2476130952380953,0,0.37626262626262624,TN
Haryana,Charkhi Dadri,2025-10-15,0,0.0,+5d,0.0,0,0.037803571428571436,0,0.37626262626262624,TN
Haryana,Charkhi Dadri,2025-10-16,0,0.0,+5d,0.0,0,0.008927464298153952,0,0.37626262626262624,TN
Haryana,Charkhi Dadri,2025-10-17,0,0.0,+5d,0.0,0,0.12047847985347984,0,0.37626262626262624,TN
Haryana,Charkhi Dadri,2025-10-18,0,0.0,+5d,0.0,0,0.01153163096482062,0,0.37626262626262624,TN
Haryana,Charkhi Dadri,2025-10-19,0,0.0,+5d,0.0,0,0.023841154774344432,0,0.37626262626262624,TN
Haryana,Charkhi Dadri,2025-10-20,0,0.0,+5d,0.0,0,0.018708723316912975,0,0.37626262626262624,TN
Haryana,Charkhi Dadri,2025-10-21,0,0.0,+5d,0.0,0,0.03752419950738916,0,0.37626262626262624,TN
Haryana,Charkhi Dadri,2025-10-22,0,0.0,+5d,0.0,0,0.022704953475643132,0,0.37626262626262624,TN
Haryana,Charkhi Dadri,2025-10-23,0,0.0,+5d,0.0,0,0.006708333333333333,0,0.37626262626262624,TN
Haryana,Charkhi Dadri,2025-10-24,0,0.0,+5d,0.0,0,0.013496336996336995,0,0.37626262626262624,TN
Haryana,Charkhi Dadri,2025-10-25,0,0.0,+5d,0.0,0,0.0008333333333333333,0,0.37626262626262624,TN
Haryana,Charkhi Dadri,2025-10-26,0,0.0,+5d,0.0,0,0.0125,0,0.37626262626262624,TN
Haryana,Charkhi Dadri,2025-10-27,0,0.0,+5d,1.0,0,0.018631547619047617,0,0.37626262626262624,TN
Haryana,Charkhi Dadri,2025-10-28,0,0.0,+5d,0.0,0,0.07177380952380952,0,0.37626262626262624,TN
Haryana,Charkhi Dadri,2025-10-29,0,0.0,+5d,0.0,0,0.018286996336996333,0,0.37626262626262624,TN
Haryana,Charkhi Dadri,2025-10-30,0,0.0,+5d,0.0,0,0.0613968253968254,0,0.37626262626262624,TN
Haryana,Charkhi Dadri,2025-10-31,0,0.0,+5d,0.0,0,0.009866666666666666,0,0.37626262626262624,TN
Haryana,Charkhi Dadri,2025-11-01,1,2.49,+5d,0.0,0,0.048597222222222215,0,0.37626262626262624,TN
Haryana,Charkhi Dadri,2025-11-02,0,0.0,+5d,0.0,0,0.0245,0,0.37626262626262624,TN
Haryana,Charkhi Dadri,2025-11-03,0,0.0,+5d,0.0,0,0.02166666666666667,0,0.37626262626262624,TN
Haryana,Charkhi Dadri,2025-11-04,0,0.0,+5d,0.0,0,0.11433630952380952,0,0.37626262626262624,TN
Haryana,Charkhi Dadri,2025-11-05,0,0.0,+5d,0.0,0,0.004583333333333333,0,0.37626262626262624,TN
Haryana,Charkhi Dadri,2025-11-06,0,0.0,+5d,0.0,0,0.010416666666666664,0,0.37626262626262624,TN
Haryana,Charkhi Dadri,2025-11-07,0,0.0,+5d,0.0,0,0.021875,0,0.37626262626262624,TN
Haryana,Charkhi Dadri,2025-11-08,0,0.0,+5d,0.0,0,0.020859126984126987,0,0.37626262626262624,TN
Haryana,Charkhi Dadri,2025-11-09,0,0.0,+5d,2.0,0,0.004999999999999999,0,0.37626262626262624,TN
Haryana,Charkhi Dadri,2025-11-10,0,0.0,+5d,0.0,0,0.0037499999999999994,0,0.37626262626262624,TN
Haryana,Charkhi Dadri,2025-11-11,0,0.0,+5d,1.0,0,0.020398809523809524,0,0.37626262626262624,TN
Haryana,Charkhi Dadri,2025-11-12,0,0.0,+5d,0.0,0,0.0,0,0.37626262626262624,TN
Haryana,Charkhi Dadri,2025-11-13,0,0.0,+5d,0.0,0,0.008333333333333333,0,0.37626262626262624,TN
Haryana,Charkhi Dadri,2025-11-14,2,11.48,+5d,0.0,0,0.10926978291316526,0,0.37626262626262624,TN
Haryana,Charkhi Dadri,2025-11-15,0,0.0,+5d,0.0,0,0.07847420634920635,0,0.37626262626262624,TN
Haryana,Charkhi Dadri,2025-11-16,1,2.21,+5d,0.0,0,0.10951190476190474,0,0.37626262626262624,TN
Haryana,Charkhi Dadri,2025-11-17,0,0.0,+5d,0.0,0,0.2567667348990878,0,0.37626262626262624,TN
Haryana,Charkhi Dadri,2025-11-18,0,0.0,+5d,0.0,0,0.004416666666666667,0,0.37626262626262624,TN
Haryana,Charkhi Dadri,2025-11-19,0,0.0,+5d,0.0,0,0.11978373015873016,0,0.37626262626262624,TN
Haryana,Charkhi Dadri,2025-11-20,0,0.0,+5d,0.0,0,0.0,0,0.37626262626262624,TN
Haryana,Charkhi Dadri,2025-11-21,0,0.0,+5d,0.0,0,0.16579761904761903,0,0.37626262626262624,TN
Haryana,Charkhi Dadri,2025-11-22,0,0.0,+5d,0.0,0,0.006500000000000001,0,0.37626262626262624,TN
Haryana,Charkhi Dadri,2025-11-23,0,0.0,+5d,0.0,0,0.024287698412698414,0,0.37626262626262624,TN
Haryana,Faridabad,2025-10-15,3,2.53,+5d,1.0,0,0.2181339285714287,0,0.37626262626262624,TN
Haryana,Faridabad,2025-10-16,0,0.0,+5d,0.0,0,0.16273750000000003,0,0.37626262626262624,TN
Haryana,Faridabad,2025-10-17,2,3.04,+5d,1.0,0,0.10844940476190472,0,0.37626262626262624,TN
Haryana,Faridabad,2025-10-18,1,0.31,+5d,0.0,0,0.17869357725607726,0,0.37626262626262624,TN
Haryana,Faridabad,2025-10-19,0,0.0,+5d,0.0,0,0.11964812271062271,0,0.37626262626262624,TN
Haryana,Faridabad,2025-10-20,1,0.53,+5d,0.0,0,0.14798690476190476,0,0.37626262626262624,TN
Haryana,Faridabad,2025-10-21,0,0.0,+5d,4.0,1,0.16892590048840045,0,0.37626262626262624,FN
Haryana,Faridabad,2025-10-22,1,0.74,+5d,0.0,0,0.21701531385281378,0,0.37626262626262624,TN
Haryana,Faridabad,2025-10-23,0,0.0,+5d,0.0,0,0.04026190476190475,0,0.37626262626262624,TN
Haryana,Faridabad,2025-10-24,0,0.0,+5d,0.0,0,0.1207977092352092,0,0.37626262626262624,TN
Haryana,Faridabad,2025-10-25,0,0.0,+5d,0.0,0,0.04872916666666667,0,0.37626262626262624,TN
Haryana,Faridabad,2025-10-26,4,4.0600000000000005,+5d,1.0,0,0.07205723443223443,0,0.37626262626262624,TN
Haryana,Faridabad,2025-10-27,0,0.0,+5d,5.0,1,0.09323749999999999,0,0.37626262626262624,FN
Haryana,Faridabad,2025-10-28,0,0.0,+5d,2.0,0,0.09186011904761904,0,0.37626262626262624,TN
Haryana,Faridabad,2025-10-29,0,0.0,+5d,3.0,1,0.1537746212121212,0,0.37626262626262624,FN
Haryana,Faridabad,2025-10-30,0,0.0,+5d,0.0,0,0.06743521062271061,0,0.37626262626262624,TN
Haryana,Faridabad,2025-10-31,1,0.79,+5d,8.0,1,0.0942014652014652,0,0.37626262626262624,FN
Haryana,Faridabad,2025-11-01,5,3.69,+5d,2.0,0,0.07431150793650794,0,0.37626262626262624,TN
Haryana,Faridabad,2025-11-02,2,1.52,+5d,3.0,1,0.18566071428571426,0,0.37626262626262624,FN
Haryana,Faridabad,2025-11-03,3,1.28,+5d,4.0,1,0.08173809523809526,0,0.37626262626262624,FN
Haryana,Faridabad,2025-11-04,0,0.0,+5d,4.0,1,0.14487990196078432,0,0.37626262626262624,FN
Haryana,Faridabad,2025-11-05,8,4.37,+5d,1.0,0,0.10774107142857144,0,0.37626262626262624,TN
Haryana,Faridabad,2025-11-06,2,0.7,+5d,1.0,0,0.2026451913606303,0,0.37626262626262624,TN
Haryana,Faridabad,2025-11-07,3,6.02,+5d,6.0,1,0.2197916666666667,0,0.37626262626262624,FN
Haryana,Faridabad,2025-11-08,4,2.47,+5d,5.0,1,0.35131056403143796,0,0.37626262626262624,FN
Haryana,Faridabad,2025-11-09,4,1.91,+5d,1.0,0,0.15907842117429496,0,0.37626262626262624,TN
Haryana,Faridabad,2025-11-10,1,0.54,+5d,5.0,1,0.27443448178035545,0,0.37626262626262624,FN
Haryana,Faridabad,2025-11-11,1,1.92,+5d,2.0,0,0.15919642857142854,0,0.37626262626262624,TN
Haryana,Faridabad,2025-11-12,6,5.140000000000001,+5d,6.0,1,0.3610427068885807,0,0.37626262626262624,FN
Haryana,Faridabad,2025-11-13,5,4.54,+5d,3.0,1,0.22930357142857144,0,0.37626262626262624,FN
Haryana,Faridabad,2025-11-14,1,0.65,+5d,0.0,0,0.261942432163306,0,0.37626262626262624,TN
Haryana,Faridabad,2025-11-15,5,5.64,+5d,7.0,1,0.28365381799969186,0,0.37626262626262624,FN
Haryana,Faridabad,2025-11-16,2,0.6799999999999999,+5d,0.0,0,0.3235962783171522,0,0.37626262626262624,TN
Haryana,Faridabad,2025-11-17,6,5.33,+5d,7.0,1,0.21541274657112042,0,0.37626262626262624,FN
Haryana,Faridabad,2025-11-18,3,1.33,+5d,3.0,1,0.31545534694460303,0,0.37626262626262624,FN
Haryana,Faridabad,2025-11-19,0,0.0,+5d,0.0,0,0.22329865926953313,0,0.37626262626262624,TN
Haryana,Faridabad,2025-11-20,7,18.13,+5d,9.0,1,0.3676935005393743,0,0.37626262626262624,FN
Haryana,Faridabad,2025-11-21,0,0.0,+5d,1.0,0,0.2582592466601695,0,0.37626262626262624,TN
Haryana,Faridabad,2025-11-22,7,3.93,+5d,5.0,1,0.19977484974572352,0,0.37626262626262624,FN
Haryana,Faridabad,2025-11-23,3,1.81,+5d,5.0,1,0.2115148707541268,0,0.37626262626262624,FN
Haryana,Fatehabad,2025-10-15,1,2.28,+5d,10.0,1,0.24706046037296045,0,0.37626262626262624,FN
Haryana,Fatehabad,2025-10-16,0,0.0,+5d,0.0,0,0.13385416666666664,0,0.37626262626262624,TN
Haryana,Fatehabad,2025-10-17,0,0.0,+5d,0.0,0,0.13957619047619044,0,0.37626262626262624,TN
Haryana,Fatehabad,2025-10-18,2,11.56,+5d,0.0,0,0.3797083333333333,1,0.37626262626262624,FP
Haryana,Fatehabad,2025-10-19,4,16.08,+5d,0.0,0,0.541376984126984,1,0.37626262626262624,FP
Haryana,Fatehabad,2025-10-20,10,49.02,+5d,4.0,1,0.7360773809523807,1,0.37626262626262624,TP
Haryana,Fatehabad,2025-10-21,0,0.0,+5d,6.0,1,0.5983046116504854,1,0.37626262626262624,TP
Haryana,Fatehabad,2025-10-22,0,0.0,+5d,3.0,1,0.4715553365751897,1,0.37626262626262624,TP
Haryana,Fatehabad,2025-10-23,0,0.0,+5d,1.0,0,0.46037448947320864,1,0.37626262626262624,FP
Haryana,Fatehabad,2025-10-24,0,0.0,+5d,1.0,0,0.14621332833832837,0,0.37626262626262624,TN
Haryana,Fatehabad,2025-10-25,4,21.46,+5d,5.0,1,0.6006339285714286,1,0.37626262626262624,TP
Haryana,Fatehabad,2025-10-26,6,43.48,+5d,4.0,1,0.6902708333333334,1,0.37626262626262624,TP
Haryana,Fatehabad,2025-10-27,3,6.8100000000000005,+5d,11.0,1,0.6918068181818182,1,0.37626262626262624,TP
Haryana,Fatehabad,2025-10-28,1,1.11,+5d,8.0,1,0.4130994295776563,1,0.37626262626262624,TP
Haryana,Fatehabad,2025-10-29,1,1.54,+5d,4.0,1,0.4066509103641456,1,0.37626262626262624,TP
Haryana,Fatehabad,2025-10-30,5,25.38,+5d,8.0,1,0.7190833333333333,1,0.37626262626262624,TP
Haryana,Fatehabad,2025-10-31,4,15.740000000000002,+5d,0.0,0,0.5962559523809524,1,0.37626262626262624,FP
Haryana,Fatehabad,2025-11-01,11,42.61,+5d,7.0,1,0.684875,1,0.37626262626262624,TP
Haryana,Fatehabad,2025-11-02,8,37.09,+5d,15.0,1,0.44916666666666666,1,0.37626262626262624,TP
Haryana,Fatehabad,2025-11-03,4,14.37,+5d,10.0,1,0.5174027777777779,1,0.37626262626262624,TP
Haryana,Fatehabad,2025-11-04,8,89.26,+5d,13.0,1,0.6784107142857142,1,0.37626262626262624,TP
Haryana,Fatehabad,2025-11-05,0,0.0,+5d,14.0,1,0.4557839533871801,1,0.37626262626262624,TP
Haryana,Fatehabad,2025-11-06,7,22.13,+5d,15.0,1,0.4514285714285712,1,0.37626262626262624,TP
Haryana,Fatehabad,2025-11-07,15,49.98,+5d,3.0,1,0.5496904761904762,1,0.37626262626262624,TP
Haryana,Fatehabad,2025-11-08,10,51.46,+5d,4.0,1,0.5923333333333335,1,0.37626262626262624,TP
Haryana,Fatehabad,2025-11-09,13,77.01,+5d,1.0,0,0.6006587301587301,1,0.37626262626262624,FP
Haryana,Fatehabad,2025-11-10,14,68.96000000000001,+5d,8.0,1,0.648375,1,0.37626262626262624,TP
Haryana,Fatehabad,2025-11-11,15,85.03999999999999,+5d,5.0,1,0.5994107142857142,1,0.37626262626262624,TP
Haryana,Fatehabad,2025-11-12,3,10.77,+5d,3.0,1,0.6116845238095237,1,0.37626262626262624,TP
Haryana,Fatehabad,2025-11-13,4,12.82,+5d,2.0,0,0.46274696545284777,1,0.37626262626262624,FP
Haryana,Fatehabad,2025-11-14,1,1.65,+5d,1.0,0,0.4173501400560224,1,0.37626262626262624,FP
Haryana,Fatehabad,2025-11-15,8,22.52,+5d,0.0,0,0.40636805555555555,1,0.37626262626262624,FP
Haryana,Fatehabad,2025-11-16,5,12.47,+5d,0.0,0,0.4312003968253966,1,0.37626262626262624,FP
Haryana,Fatehabad,2025-11-17,3,8.370000000000001,+5d,2.0,0,0.41289384920634925,1,0.37626262626262624,FP
Haryana,Fatehabad,2025-11-18,2,9.18,+5d,1.0,0,0.30051785714285717,0,0.37626262626262624,TN
Haryana,Fatehabad,2025-11-19,1,4.06,+5d,2.0,0,0.2725464285714285,0,0.37626262626262624,TN
Haryana,Fatehabad,2025-11-20,0,0.0,+5d,0.0,0,0.13777126305463688,0,0.37626262626262624,TN
Haryana,Fatehabad,2025-11-21,0,0.0,+5d,2.0,0,0.17610090138225903,0,0.37626262626262624,TN
Haryana,Fatehabad,2025-11-22,2,4.6,+5d,5.0,1,0.17920044498381882,0,0.37626262626262624,FN
Haryana,Fatehabad,2025-11-23,1,1.94,+5d,1.0,0,0.16777484974572357,0,0.37626262626262624,TN
Haryana,Gurugram,2025-10-15,0,0.0,+5d,1.0,0,0.08954494810744812,0,0.37626262626262624,TN
Haryana,Gurugram,2025-10-16,0,0.0,+5d,0.0,0,0.018982448107448105,0,0.37626262626262624,TN
Haryana,Gurugram,2025-10-17,0,0.0,+5d,0.0,0,0.04130586080586081,0,0.37626262626262624,TN
Haryana,Gurugram,2025-10-18,0,0.0,+5d,0.0,0,0.03871972620291586,0,0.37626262626262624,TN
Haryana,Gurugram,2025-10-19,0,0.0,+5d,0.0,0,0.04555495347564313,0,0.37626262626262624,TN
Haryana,Gurugram,2025-10-20,1,1.22,+5d,0.0,0,0.08245082288401255,0,0.37626262626262624,TN
Haryana,Gurugram,2025-10-21,0,0.0,+5d,0.0,0,0.11153205128205128,0,0.37626262626262624,TN
Haryana,Gurugram,2025-10-22,0,0.0,+5d,0.0,0,0.049823519536019524,0,0.37626262626262624,TN
Haryana,Gurugram,2025-10-23,0,0.0,+5d,0.0,0,0.017799908424908424,0,0.37626262626262624,TN
Haryana,Gurugram,2025-10-24,0,0.0,+5d,0.0,0,0.011797619047619048,0,0.37626262626262624,TN
Haryana,Gurugram,2025-10-25,0,0.0,+5d,0.0,0,0.007922619047619046,0,0.37626262626262624,TN
Haryana,Gurugram,2025-10-26,0,0.0,+5d,0.0,0,0.018291666666666664,0,0.37626262626262624,TN
Haryana,Gurugram,2025-10-27,0,0.0,+5d,0.0,0,0.016929166666666665,0,0.37626262626262624,TN
Haryana,Gurugram,2025-10-28,0,0.0,+5d,1.0,0,0.07194642857142858,0,0.37626262626262624,TN
Haryana,Gurugram,2025-10-29,0,0.0,+5d,0.0,0,0.057232829670329666,0,0.37626262626262624,TN
Haryana,Gurugram,2025-10-30,0,0.0,+5d,1.0,0,0.06723684210526316,0,0.37626262626262624,TN
Haryana,Gurugram,2025-10-31,0,0.0,+5d,0.0,0,0.06296428571428572,0,0.37626262626262624,TN
Haryana,Gurugram,2025-11-01,0,0.0,+5d,0.0,0,0.009122619047619048,0,0.37626262626262624,TN
Haryana,Gurugram,2025-11-02,1,3.29,+5d,0.0,0,0.040689425770308124,0,0.37626262626262624,TN
Haryana,Gurugram,2025-11-03,0,0.0,+5d,0.0,0,0.0105,0,0.37626262626262624,TN
Haryana,Gurugram,2025-11-04,1,5.38,+5d,0.0,0,0.07028168767507004,0,0.37626262626262624,TN
Haryana,Gurugram,2025-11-05,0,0.0,+5d,0.0,0,0.03844047619047618,0,0.37626262626262624,TN
Haryana,Gurugram,2025-11-06,0,0.0,+5d,0.0,0,0.009166666666666667,0,0.37626262626262624,TN
Haryana,Gurugram,2025-11-07,0,0.0,+5d,0.0,0,0.09323214285714286,0,0.37626262626262624,TN
Haryana,Gurugram,2025-11-08,0,0.0,+5d,0.0,0,0.0,0,0.37626262626262624,TN
Haryana,Gurugram,2025-11-09,0,0.0,+5d,0.0,0,0.019640422077922083,0,0.37626262626262624,TN
Haryana,Gurugram,2025-11-10,0,0.0,+5d,0.0,0,0.0016666666666666666,0,0.37626262626262624,TN
Haryana,Gurugram,2025-11-11,0,0.0,+5d,0.0,0,0.02745833333333333,0,0.37626262626262624,TN
Haryana,Gurugram,2025-11-12,0,0.0,+5d,1.0,0,0.0,0,0.37626262626262624,TN
Haryana,Gurugram,2025-11-13,0,0.0,+5d,0.0,0,0.0,0,0.37626262626262624,TN
Haryana,Gurugram,2025-11-14,0,0.0,+5d,0.0,0,0.0,0,0.37626262626262624,TN
Haryana,Gurugram,2025-11-15,0,0.0,+5d,0.0,0,0.0,0,0.37626262626262624,TN
Haryana,Gurugram,2025-11-16,0,0.0,+5d,1.0,0,0.0025,0,0.37626262626262624,TN
Haryana,Gurugram,2025-11-17,1,0.35,+5d,0.0,0,0.004672619047619047,0,0.37626262626262624,TN
Haryana,Gurugram,2025-11-18,0,0.0,+5d,0.0,0,0.0025,0,0.37626262626262624,TN
Haryana,Gurugram,2025-11-19,0,0.0,+5d,0.0,0,0.0020833333333333333,0,0.37626262626262624,TN
Haryana,Gurugram,2025-11-20,0,0.0,+5d,0.0,0,0.009011904761904763,0,0.37626262626262624,TN
Haryana,Gurugram,2025-11-21,1,2.73,+5d,0.0,0,0.0288125,0,0.37626262626262624,TN
Haryana,Gurugram,2025-11-22,0,0.0,+5d,0.0,0,0.005124999999999999,0,0.37626262626262624,TN
Haryana,Gurugram,2025-11-23,0,0.0,+5d,0.0,0,0.012065476190476189,0,0.37626262626262624,TN
Haryana,Hisar,2025-10-15,3,4.12,+5d,13.0,1,0.40970833333333334,1,0.37626262626262624,TP
Haryana,Hisar,2025-10-16,3,8.1,+5d,5.0,1,0.37613095238095234,0,0.37626262626262624,FN
Haryana,Hisar,2025-10-17,1,1.87,+5d,1.0,0,0.4544067621881197,1,0.37626262626262624,FP
Haryana,Hisar,2025-10-18,2,13.93,+5d,0.0,0,0.47344047619047613,1,0.37626262626262624,FP
Haryana,Hisar,2025-10-19,10,32.46,+5d,2.0,0,0.8223005952380952,1,0.37626262626262624,FP
Haryana,Hisar,2025-10-20,13,45.58,+5d,2.0,0,0.8426369047619048,1,0.37626262626262624,FP
Haryana,Hisar,2025-10-21,5,14.52,+5d,15.0,1,0.7869761904761904,1,0.37626262626262624,TP
Haryana,Hisar,2025-10-22,1,1.65,+5d,6.0,1,0.5568174019607846,1,0.37626262626262624,TP
Haryana,Hisar,2025-10-23,0,0.0,+5d,0.0,0,0.4338110623076713,1,0.37626262626262624,FP
Haryana,Hisar,2025-10-24,2,9.28,+5d,1.0,0,0.4585367545076282,1,0.37626262626262624,FP
Haryana,Hisar,2025-10-25,2,2.14,+5d,3.0,1,0.4227553104082494,1,0.37626262626262624,TP
Haryana,Hisar,2025-10-26,15,30.63,+5d,5.0,1,0.7441957209457211,1,0.37626262626262624,TP
Haryana,Hisar,2025-10-27,6,30.36,+5d,11.0,1,0.7194136904761905,1,0.37626262626262624,TP
Haryana,Hisar,2025-10-28,0,0.0,+5d,6.0,1,0.5820924369747897,1,0.37626262626262624,TP
Haryana,Hisar,2025-10-29,1,2.46,+5d,5.0,1,0.3917174267765358,1,0.37626262626262624,TP
Haryana,Hisar,2025-10-30,3,17.19,+5d,4.0,1,0.552607142857143,1,0.37626262626262624,TP
Haryana,Hisar,2025-10-31,5,12.87,+5d,5.0,1,0.5660637152919421,1,0.37626262626262624,TP
Haryana,Hisar,2025-11-01,11,27.73,+5d,15.0,1,0.6089406512605041,1,0.37626262626262624,TP
Haryana,Hisar,2025-11-02,6,24.24,+5d,13.0,1,0.5386488095238096,1,0.37626262626262624,TP
Haryana,Hisar,2025-11-03,5,19.47,+5d,16.0,1,0.498873015873016,1,0.37626262626262624,TP
Haryana,Hisar,2025-11-04,4,13.71,+5d,16.0,1,0.5696597703806441,1,0.37626262626262624,TP
Haryana,Hisar,2025-11-05,5,25.56,+5d,12.0,1,0.5656002465711203,1,0.37626262626262624,TP
Haryana,Hisar,2025-11-06,15,31.7,+5d,21.0,1,0.4603943850267378,1,0.37626262626262624,TP
Haryana,Hisar,2025-11-07,13,41.03,+5d,4.0,1,0.6062043650793651,1,0.37626262626262624,TP
Haryana,Hisar,2025-11-08,16,69.92,+5d,6.0,1,0.6061250000000001,1,0.37626262626262624,TP
Haryana,Hisar,2025-11-09,16,83.35,+5d,8.0,1,0.74575,1,0.37626262626262624,TP
Haryana,Hisar,2025-11-10,12,48.03,+5d,10.0,1,0.771360119047619,1,0.37626262626262624,TP
Haryana,Hisar,2025-11-11,21,87.96,+5d,11.0,1,0.7051051587301589,1,0.37626262626262624,TP
Haryana,Hisar,2025-11-12,4,13.57,+5d,7.0,1,0.6689712301587302,1,0.37626262626262624,TP
Haryana,Hisar,2025-11-13,6,31.13,+5d,5.0,1,0.5386378968253968,1,0.37626262626262624,TP
Haryana,Hisar,2025-11-14,8,23.57,+5d,0.0,0,0.5365496031746033,1,0.37626262626262624,FP
Haryana,Hisar,2025-11-15,10,26.08,+5d,6.0,1,0.4373511904761904,1,0.37626262626262624,TP
Haryana,Hisar,2025-11-16,11,41.57,+5d,6.0,1,0.42733730158730154,1,0.37626262626262624,TP
Haryana,Hisar,2025-11-17,7,20.77,+5d,4.0,1,0.38172619047619066,1,0.37626262626262624,TP
Haryana,Hisar,2025-11-18,5,13.92,+5d,2.0,0,0.38050396825396826,1,0.37626262626262624,FP
Haryana,Hisar,2025-11-19,0,0.0,+5d,1.0,0,0.29860433153844057,0,0.37626262626262624,TN
Haryana,Hisar,2025-11-20,6,27.23,+5d,5.0,1,0.3329633418092157,0,0.37626262626262624,FN
Haryana,Hisar,2025-11-21,6,11.72,+5d,2.0,0,0.3269741961509522,0,0.37626262626262624,TN
Haryana,Hisar,2025-11-22,4,10.48,+5d,1.0,0,0.24987500000000004,0,0.37626262626262624,TN
Haryana,Hisar,2025-11-23,2,8.99,+5d,3.0,1,0.14833333333333332,0,0.37626262626262624,FN
Haryana,Jhajjar,2025-10-15,2,6.04,+5d,0.0,0,0.32941666666666664,0,0.37626262626262624,TN
Haryana,Jhajjar,2025-10-16,2,3.12,+5d,0.0,0,0.3959177068885807,1,0.37626262626262624,FP
Haryana,Jhajjar,2025-10-17,1,0.82,+5d,3.0,1,0.20100000000000004,0,0.37626262626262624,FN
Haryana,Jhajjar,2025-10-18,0,0.0,+5d,1.0,0,0.3649088698922438,0,0.37626262626262624,TN
Haryana,Jhajjar,2025-10-19,0,0.0,+5d,1.0,0,0.1764070512820513,0,0.37626262626262624,TN
Haryana,Jhajjar,2025-10-20,0,0.0,+5d,2.0,0,0.1871309523809524,0,0.37626262626262624,TN
Haryana,Jhajjar,2025-10-21,0,0.0,+5d,2.0,0,0.154496336996337,0,0.37626262626262624,TN
Haryana,Jhajjar,2025-10-22,3,6.94,+5d,0.0,0,0.17012996031746033,0,0.37626262626262624,TN
Haryana,Jhajjar,2025-10-23,1,1.15,+5d,0.0,0,0.14400039543789542,0,0.37626262626262624,TN
Haryana,Jhajjar,2025-10-24,1,1.13,+5d,0.0,0,0.0496577380952381,0,0.37626262626262624,TN
Haryana,Jhajjar,2025-10-25,2,4.25,+5d,1.0,0,0.18558333333333338,0,0.37626262626262624,TN
Haryana,Jhajjar,2025-10-26,2,1.12,+5d,1.0,0,0.054726190476190484,0,0.37626262626262624,TN
Haryana,Jhajjar,2025-10-27,0,0.0,+5d,1.0,0,0.17184166666666673,0,0.37626262626262624,TN
Haryana,Jhajjar,2025-10-28,0,0.0,+5d,0.0,0,0.10940443722943724,0,0.37626262626262624,TN
Haryana,Jhajjar,2025-10-29,0,0.0,+5d,3.0,1,0.16973322510822506,0,0.37626262626262624,FN
Haryana,Jhajjar,2025-10-30,1,0.91,+5d,4.0,1,0.08713095238095239,0,0.37626262626262624,FN
Haryana,Jhajjar,2025-10-31,1,0.57,+5d,3.0,1,0.07806845238095238,0,0.37626262626262624,FN
Haryana,Jhajjar,2025-11-01,1,0.77,+5d,2.0,0,0.12872727272727272,0,0.37626262626262624,TN
Haryana,Jhajjar,2025-11-02,0,0.0,+5d,6.0,1,0.12207647907647902,0,0.37626262626262624,FN
Haryana,Jhajjar,2025-11-03,3,8.49,+5d,5.0,1,0.10542261904761904,0,0.37626262626262624,FN
Haryana,Jhajjar,2025-11-04,4,2.5,+5d,4.0,1,0.07675297619047618,0,0.37626262626262624,FN
Haryana,Jhajjar,2025-11-05,3,6.62,+5d,2.0,0,0.21135714285714285,0,0.37626262626262624,TN
Haryana,Jhajjar,2025-11-06,2,1.1,+5d,1.0,0,0.30708053221288506,0,0.37626262626262624,TN
Haryana,Jhajjar,2025-11-07,6,8.28,+5d,2.0,0,0.2630059523809524,0,0.37626262626262624,TN
Haryana,Jhajjar,2025-11-08,5,6.8,+5d,3.0,1,0.35828556403143785,0,0.37626262626262624,FN
Haryana,Jhajjar,2025-11-09,4,7.279999999999999,+5d,1.0,0,0.3369126163908431,0,0.37626262626262624,TN
Haryana,Jhajjar,2025-11-10,2,1.23,+5d,1.0,0,0.3245614743955835,0,0.37626262626262624,TN
Haryana,Jhajjar,2025-11-11,1,3.82,+5d,5.0,1,0.39034627831715213,1,0.37626262626262624,TP
Haryana,Jhajjar,2025-11-12,2,3.26,+5d,7.0,1,0.345155802126676,0,0.37626262626262624,FN
Haryana,Jhajjar,2025-11-13,3,6.0600000000000005,+5d,6.0,1,0.26700000000000007,0,0.37626262626262624,FN
Haryana,Jhajjar,2025-11-14,1,0.54,+5d,4.0,1,0.31713767025854406,0,0.37626262626262624,FN
Haryana,Jhajjar,2025-11-15,1,4.74,+5d,0.0,0,0.3450357142857145,0,0.37626262626262624,TN
Haryana,Jhajjar,2025-11-16,5,13.74,+5d,3.0,1,0.4391607142857143,1,0.37626262626262624,TP
Haryana,Jhajjar,2025-11-17,7,15.0,+5d,2.0,0,0.34050681426416723,0,0.37626262626262624,TN
Haryana,Jhajjar,2025-11-18,6,14.7,+5d,6.0,1,0.3843165164123903,1,0.37626262626262624,TP
Haryana,Jhajjar,2025-11-19,4,8.95,+5d,2.0,0,0.29790101687924364,0,0.37626262626262624,TN
Haryana,Jhajjar,2025-11-20,0,0.0,+5d,2.0,0,0.134353513965754,0,0.37626262626262624,TN
Haryana,Jhajjar,2025-11-21,3,8.0,+5d,4.0,1,0.1789415164123902,0,0.37626262626262624,FN
Haryana,Jhajjar,2025-11-22,2,1.39,+5d,6.0,1,0.19997127831715208,0,0.37626262626262624,FN
Haryana,Jhajjar,2025-11-23,6,11.22,+5d,1.0,0,0.2819653259361997,0,0.37626262626262624,TN
Haryana,Jind,2025-10-15,5,15.27,+5d,13.0,1,0.6580486592695332,1,0.37626262626262624,TP
Haryana,Jind,2025-10-16,0,0.0,+5d,5.0,1,0.5079236592695332,1,0.37626262626262624,TP
Haryana,Jind,2025-10-17,0,0.0,+5d,5.0,1,0.4975519586662148,1,0.37626262626262624,TP
Haryana,Jind,2025-10-18,0,0.0,+5d,0.0,0,0.5493478800611151,1,0.37626262626262624,FP
Haryana,Jind,2025-10-19,4,11.75,+5d,0.0,0,0.5854464285714286,1,0.37626262626262624,FP
Haryana,Jind,2025-10-20,13,46.29,+5d,6.0,1,0.8393333333333333,1,0.37626262626262624,TP
Haryana,Jind,2025-10-21,5,15.15,+5d,5.0,1,0.7832480640314379,1,0.37626262626262624,TP
Haryana,Jind,2025-10-22,5,12.64,+5d,6.0,1,0.7708571428571428,1,0.37626262626262624,TP
Haryana,Jind,2025-10-23,0,0.0,+5d,0.0,0,0.4479007461453391,1,0.37626262626262624,FP
Haryana,Jind,2025-10-24,0,0.0,+5d,2.0,0,0.41576783469404544,1,0.37626262626262624,FP
Haryana,Jind,2025-10-25,6,44.53,+5d,0.0,0,0.7302480640314378,1,0.37626262626262624,FP
Haryana,Jind,2025-10-26,5,11.43,+5d,1.0,0,0.7092956830790569,1,0.37626262626262624,FP
Haryana,Jind,2025-10-27,6,37.02,+5d,7.0,1,0.8353928571428572,1,0.37626262626262624,TP
Haryana,Jind,2025-10-28,0,0.0,+5d,8.0,1,0.5167869295776562,1,0.37626262626262624,TP
Haryana,Jind,2025-10-29,2,15.7,+5d,4.0,1,0.6695962783171521,1,0.37626262626262624,TP
Haryana,Jind,2025-10-30,0,0.0,+5d,3.0,1,0.4584495798319329,1,0.37626262626262624,TP
Haryana,Jind,2025-10-31,1,8.84,+5d,7.0,1,0.47656043956043975,1,0.37626262626262624,TP
Haryana,Jind,2025-11-01,7,25.89,+5d,15.0,1,0.607142857142857,1,0.37626262626262624,TP
Haryana,Jind,2025-11-02,8,34.84,+5d,15.0,1,0.6028869047619049,1,0.37626262626262624,TP
Haryana,Jind,2025-11-03,4,43.44,+5d,25.0,1,0.4783323894282634,1,0.37626262626262624,TP
Haryana,Jind,2025-11-04,3,11.98,+5d,39.0,1,0.5528730158730158,1,0.37626262626262624,TP
Haryana,Jind,2025-11-05,7,21.12,+5d,38.0,1,0.5434714052287581,1,0.37626262626262624,TP
Haryana,Jind,2025-11-06,15,59.03,+5d,28.0,1,0.5164126984126983,1,0.37626262626262624,TP
Haryana,Jind,2025-11-07,15,46.17,+5d,14.0,1,0.5928055555555556,1,0.37626262626262624,TP
Haryana,Jind,2025-11-08,25,135.33,+5d,12.0,1,0.6242500000000001,1,0.37626262626262624,TP
Haryana,Jind,2025-11-09,39,183.54,+5d,2.0,0,0.7715000000000002,1,0.37626262626262624,FP
Haryana,Jind,2025-11-10,38,135.94,+5d,13.0,1,0.8729583333333334,1,0.37626262626262624,TP
Haryana,Jind,2025-11-11,28,146.05,+5d,17.0,1,0.5993392857142856,1,0.37626262626262624,TP
Haryana,Jind,2025-11-12,14,55.67,+5d,6.0,1,0.648488095238095,1,0.37626262626262624,TP
Haryana,Jind,2025-11-13,12,60.45,+5d,3.0,1,0.6476369047619047,1,0.37626262626262624,TP
Haryana,Jind,2025-11-14,2,9.46,+5d,2.0,0,0.6672043650793651,1,0.37626262626262624,FP
Haryana,Jind,2025-11-15,13,65.2,+5d,6.0,1,0.5096468253968255,1,0.37626262626262624,TP
Haryana,Jind,2025-11-16,17,91.54,+5d,6.0,1,0.5014384920634922,1,0.37626262626262624,TP
Haryana,Jind,2025-11-17,6,23.5,+5d,3.0,1,0.5485297619047619,1,0.37626262626262624,TP
Haryana,Jind,2025-11-18,3,20.93,+5d,2.0,0,0.4225138888888889,1,0.37626262626262624,FP
Haryana,Jind,2025-11-19,2,10.02,+5d,2.0,0,0.33808730158730166,0,0.37626262626262624,TN
Haryana,Jind,2025-11-20,6,9.34,+5d,0.0,0,0.21510014005602238,0,0.37626262626262624,TN
Haryana,Jind,2025-11-21,6,16.43,+5d,4.0,1,0.2402748497457236,0,0.37626262626262624,FN
Haryana,Jind,2025-11-22,3,7.59,+5d,1.0,0,0.20741666666666667,0,0.37626262626262624,TN
Haryana,Jind,2025-11-23,2,6.34,+5d,0.0,0,0.2057549019607843,0,0.37626262626262624,TN
Haryana,Kaithal,2025-10-15,0,0.0,+5d,2.0,0,0.04942738095238095,0,0.37626262626262624,TN
Haryana,Kaithal,2025-10-16,1,4.43,+5d,9.0,1,0.25150719133807375,0,0.37626262626262624,FN
Haryana,Kaithal,2025-10-17,0,0.0,+5d,1.0,0,0.08213782051282051,0,0.37626262626262624,TN
Haryana,Kaithal,2025-10-18,1,2.39,+5d,0.0,0,0.24601501623376634,0,0.37626262626262624,TN
Haryana,Kaithal,2025-10-19,2,17.11,+5d,0.0,0,0.49485119047619036,1,0.37626262626262624,FP
Haryana,Kaithal,2025-10-20,2,8.18,+5d,1.0,0,0.5374420995670995,1,0.37626262626262624,FP
Haryana,Kaithal,2025-10-21,9,38.37,+5d,9.0,1,0.7757916666666665,1,0.37626262626262624,TP
Haryana,Kaithal,2025-10-22,1,7.84,+5d,5.0,1,0.6074047619047619,1,0.37626262626262624,TP
Haryana,Kaithal,2025-10-23,0,0.0,+5d,0.0,0,0.44629402705138,1,0.37626262626262624,FP
Haryana,Kaithal,2025-10-24,0,0.0,+5d,2.0,0,0.3947985725059254,1,0.37626262626262624,FP
Haryana,Kaithal,2025-10-25,1,4.02,+5d,2.0,0,0.4742398088023087,1,0.37626262626262624,FP
Haryana,Kaithal,2025-10-26,9,23.36,+5d,1.0,0,0.6465833333333333,1,0.37626262626262624,FP
Haryana,Kaithal,2025-10-27,5,13.84,+5d,7.0,1,0.6774821428571428,1,0.37626262626262624,TP
Haryana,Kaithal,2025-10-28,0,0.0,+5d,6.0,1,0.5452589285714284,1,0.37626262626262624,TP
Haryana,Kaithal,2025-10-29,2,10.18,+5d,3.0,1,0.5916736592695331,1,0.37626262626262624,TP
Haryana,Kaithal,2025-10-30,2,4.83,+5d,1.0,0,0.46819940476190475,1,0.37626262626262624,FP
Haryana,Kaithal,2025-10-31,1,3.67,+5d,3.0,1,0.50403663003663,1,0.37626262626262624,TP
Haryana,Kaithal,2025-11-01,7,31.16,+5d,7.0,1,0.7029166666666665,1,0.37626262626262624,TP
Haryana,Kaithal,2025-11-02,6,42.95,+5d,4.0,1,0.6201250000000001,1,0.37626262626262624,TP
Haryana,Kaithal,2025-11-03,3,14.52,+5d,7.0,1,0.5273700878409615,1,0.37626262626262624,TP
Haryana,Kaithal,2025-11-04,1,4.24,+5d,8.0,1,0.42949211165048545,1,0.37626262626262624,TP
Haryana,Kaithal,2025-11-05,3,14.22,+5d,5.0,1,0.4431277777777777,1,0.37626262626262624,TP
Haryana,Kaithal,2025-11-06,7,18.85,+5d,13.0,1,0.49990580212667574,1,0.37626262626262624,TP
Haryana,Kaithal,2025-11-07,4,15.5,+5d,4.0,1,0.44514389736477095,1,0.37626262626262624,TP
Haryana,Kaithal,2025-11-08,7,42.07,+5d,4.0,1,0.4312272306981045,1,0.37626262626262624,TP
Haryana,Kaithal,2025-11-09,8,29.88,+5d,1.0,0,0.46736904761904763,1,0.37626262626262624,FP
Haryana,Kaithal,2025-11-10,5,17.439999999999998,+5d,1.0,0,0.4988462783171521,1,0.37626262626262624,FP
Haryana,Kaithal,2025-11-11,13,45.1,+5d,1.0,0,0.52056746031746,1,0.37626262626262624,FP
Haryana,Kaithal,2025-11-12,4,7.75,+5d,0.0,0,0.3695188973647712,0,0.37626262626262624,TN
Haryana,Kaithal,2025-11-13,4,9.64,+5d,4.0,1,0.36341666666666667,0,0.37626262626262624,FN
Haryana,Kaithal,2025-11-14,1,2.79,+5d,0.0,0,0.3622379449838188,0,0.37626262626262624,TN
Haryana,Kaithal,2025-11-15,1,3.79,+5d,1.0,0,0.2930060005393743,0,0.37626262626262624,TN
Haryana,Kaithal,2025-11-16,1,2.22,+5d,0.0,0,0.3166796116504855,0,0.37626262626262624,TN
Haryana,Kaithal,2025-11-17,0,0.0,+5d,0.0,0,0.15033249626587009,0,0.37626262626262624,TN
Haryana,Kaithal,2025-11-18,4,9.01,+5d,2.0,0,0.34965170940170937,0,0.37626262626262624,TN
Haryana,Kaithal,2025-11-19,0,0.0,+5d,8.0,1,0.18975476190476187,0,0.37626262626262624,FN
Haryana,Kaithal,2025-11-20,1,0.59,+5d,5.0,1,0.08630461165048546,0,0.37626262626262624,FN
Haryana,Kaithal,2025-11-21,0,0.0,+5d,0.0,0,0.1638749999999999,0,0.37626262626262624,TN
Haryana,Kaithal,2025-11-22,0,0.0,+5d,0.0,0,0.06850865800865802,0,0.37626262626262624,TN
Haryana,Kaithal,2025-11-23,2,2.01,+5d,0.0,0,0.1176999458874459,0,0.37626262626262624,TN
Haryana,Karnal,2025-10-15,0,0.0,+5d,4.0,1,0.038415559536249186,0,0.37626262626262624,FN
Haryana,Karnal,2025-10-16,0,0.0,+5d,4.0,1,0.032626273821963474,0,0.37626262626262624,FN
Haryana,Karnal,2025-10-17,0,0.0,+5d,2.0,0,0.0907895362539759,0,0.37626262626262624,TN
Haryana,Karnal,2025-10-18,0,0.0,+5d,1.0,0,0.10054484344678306,0,0.37626262626262624,TN
Haryana,Karnal,2025-10-19,3,12.39,+5d,0.0,0,0.48292021581359806,1,0.37626262626262624,FP
Haryana,Karnal,2025-10-20,4,14.71,+5d,1.0,0,0.6105734126984127,1,0.37626262626262624,FP
Haryana,Karnal,2025-10-21,4,12.98,+5d,2.0,0,0.587558346065699,1,0.37626262626262624,FP
Haryana,Karnal,2025-10-22,2,3.56,+5d,1.0,0,0.5640744047619048,1,0.37626262626262624,FP
Haryana,Karnal,2025-10-23,1,5.09,+5d,0.0,0,0.43041964285714274,1,0.37626262626262624,FP
Haryana,Karnal,2025-10-24,0,0.0,+5d,0.0,0,0.39427373949579797,1,0.37626262626262624,FP
Haryana,Karnal,2025-10-25,1,1.91,+5d,0.0,0,0.24031547619047622,0,0.37626262626262624,TN
Haryana,Karnal,2025-10-26,2,4.8,+5d,2.0,0,0.356922932330827,0,0.37626262626262624,TN
Haryana,Karnal,2025-10-27,1,0.54,+5d,1.0,0,0.3270230405559353,0,0.37626262626262624,TN
Haryana,Karnal,2025-10-28,0,0.0,+5d,1.0,0,0.3169084015185022,0,0.37626262626262624,TN
Haryana,Karnal,2025-10-29,0,0.0,+5d,0.0,0,0.13870670995670992,0,0.37626262626262624,TN
Haryana,Karnal,2025-10-30,0,0.0,+5d,2.0,0,0.12313095238095238,0,0.37626262626262624,TN
Haryana,Karnal,2025-10-31,2,7.67,+5d,3.0,1,0.21954967948717946,0,0.37626262626262624,FN
Haryana,Karnal,2025-11-01,1,4.13,+5d,9.0,1,0.2450704365079365,0,0.37626262626262624,FN
Haryana,Karnal,2025-11-02,1,3.3,+5d,6.0,1,0.22205329670329682,0,0.37626262626262624,FN
Haryana,Karnal,2025-11-03,0,0.0,+5d,6.0,1,0.229119679087516,0,0.37626262626262624,FN
Haryana,Karnal,2025-11-04,2,8.219999999999999,+5d,1.0,0,0.19442857142857142,0,0.37626262626262624,TN
Haryana,Karnal,2025-11-05,3,7.050000000000001,+5d,2.0,0,0.15279258241758242,0,0.37626262626262624,TN
Haryana,Karnal,2025-11-06,9,21.36,+5d,0.0,0,0.43600686813186806,1,0.37626262626262624,FP
Haryana,Karnal,2025-11-07,6,20.0,+5d,1.0,0,0.4601081830790569,1,0.37626262626262624,FP
Haryana,Karnal,2025-11-08,6,30.8,+5d,2.0,0,0.5222380952380953,1,0.37626262626262624,FP
Haryana,Karnal,2025-11-09,1,5.56,+5d,0.0,0,0.3515605640314379,0,0.37626262626262624,TN
Haryana,Karnal,2025-11-10,2,9.34,+5d,0.0,0,0.35926175450762826,0,0.37626262626262624,TN
Haryana,Karnal,2025-11-11,0,0.0,+5d,0.0,0,0.3589107391014658,0,0.37626262626262624,TN
Haryana,Karnal,2025-11-12,1,3.08,+5d,1.0,0,0.3565961538461538,0,0.37626262626262624,TN
Haryana,Karnal,2025-11-13,2,13.18,+5d,0.0,0,0.3821964285714285,1,0.37626262626262624,FP
Haryana,Karnal,2025-11-14,0,0.0,+5d,0.0,0,0.25352777777777785,0,0.37626262626262624,TN
Haryana,Karnal,2025-11-15,0,0.0,+5d,0.0,0,0.27034913003663,0,0.37626262626262624,TN
Haryana,Karnal,2025-11-16,0,0.0,+5d,0.0,0,0.2913432219662059,0,0.37626262626262624,TN
Haryana,Karnal,2025-11-17,1,1.76,+5d,1.0,0,0.11860119047619047,0,0.37626262626262624,TN
Haryana,Karnal,2025-11-18,0,0.0,+5d,0.0,0,0.10325324675324672,0,0.37626262626262624,TN
Haryana,Karnal,2025-11-19,0,0.0,+5d,0.0,0,0.009732142857142858,0,0.37626262626262624,TN
Haryana,Karnal,2025-11-20,0,0.0,+5d,0.0,0,0.12385714285714285,0,0.37626262626262624,TN
Haryana,Karnal,2025-11-21,0,0.0,+5d,1.0,0,0.05281818181818182,0,0.37626262626262624,TN
Haryana,Karnal,2025-11-22,1,2.4,+5d,6.0,1,0.07527651515151515,0,0.37626262626262624,FN
Haryana,Karnal,2025-11-23,0,0.0,+5d,0.0,0,0.015511904761904761,0,0.37626262626262624,TN
Haryana,Kurukshetra,2025-10-15,2,4.220000000000001,+5d,3.0,1,0.2503659257409258,0,0.37626262626262624,FN
Haryana,Kurukshetra,2025-10-16,2,1.68,+5d,4.0,1,0.19644286963036958,0,0.37626262626262624,FN
Haryana,Kurukshetra,2025-10-17,1,3.6,+5d,2.0,0,0.25740692640692653,0,0.37626262626262624,TN
Haryana,Kurukshetra,2025-10-18,1,2.98,+5d,1.0,0,0.25699107142857147,0,0.37626262626262624,TN
Haryana,Kurukshetra,2025-10-19,3,7.859999999999999,+5d,0.0,0,0.3987490079365078,1,0.37626262626262624,FP
Haryana,Kurukshetra,2025-10-20,3,7.65,+5d,4.0,1,0.44154166666666655,1,0.37626262626262624,TP
Haryana,Kurukshetra,2025-10-21,4,27.3,+5d,5.0,1,0.693392857142857,1,0.37626262626262624,TP
Haryana,Kurukshetra,2025-10-22,2,3.28,+5d,5.0,1,0.5665567226890758,1,0.37626262626262624,TP
Haryana,Kurukshetra,2025-10-23,1,3.28,+5d,0.0,0,0.4154464285714285,1,0.37626262626262624,FP
Haryana,Kurukshetra,2025-10-24,0,0.0,+5d,0.0,0,0.34684481792717087,0,0.37626262626262624,TN
Haryana,Kurukshetra,2025-10-25,4,24.44,+5d,0.0,0,0.4783372113997111,1,0.37626262626262624,FP
Haryana,Kurukshetra,2025-10-26,5,11.87,+5d,1.0,0,0.6882499999999999,1,0.37626262626262624,FP
Haryana,Kurukshetra,2025-10-27,5,17.99,+5d,3.0,1,0.7086845238095241,1,0.37626262626262624,TP
Haryana,Kurukshetra,2025-10-28,0,0.0,+5d,1.0,0,0.5003630952380952,1,0.37626262626262624,FP
Haryana,Kurukshetra,2025-10-29,0,0.0,+5d,0.0,0,0.4442828117881485,1,0.37626262626262624,FP
Haryana,Kurukshetra,2025-10-30,0,0.0,+5d,0.0,0,0.46587488199863974,1,0.37626262626262624,FP
Haryana,Kurukshetra,2025-10-31,1,1.69,+5d,0.0,0,0.28365529864871974,0,0.37626262626262624,TN
Haryana,Kurukshetra,2025-11-01,3,14.97,+5d,0.0,0,0.6260663919413919,1,0.37626262626262624,FP
Haryana,Kurukshetra,2025-11-02,1,2.76,+5d,0.0,0,0.4700238095238095,1,0.37626262626262624,FP
Haryana,Kurukshetra,2025-11-03,0,0.0,+5d,0.0,0,0.2894263125763127,0,0.37626262626262624,TN
Haryana,Kurukshetra,2025-11-04,0,0.0,+5d,3.0,1,0.3146975637029007,0,0.37626262626262624,FN
Haryana,Kurukshetra,2025-11-05,0,0.0,+5d,0.0,0,0.0491875,0,0.37626262626262624,TN
Haryana,Kurukshetra,2025-11-06,0,0.0,+5d,0.0,0,0.15632559107559107,0,0.37626262626262624,TN
Haryana,Kurukshetra,2025-11-07,0,0.0,+5d,0.0,0,0.04842261904761904,0,0.37626262626262624,TN
Haryana,Kurukshetra,2025-11-08,0,0.0,+5d,0.0,0,0.14473337189126662,0,0.37626262626262624,TN
Haryana,Kurukshetra,2025-11-09,3,2.71,+5d,0.0,0,0.07241287878787878,0,0.37626262626262624,TN
Haryana,Kurukshetra,2025-11-10,0,0.0,+5d,0.0,0,0.06,0,0.37626262626262624,TN
Haryana,Kurukshetra,2025-11-11,0,0.0,+5d,0.0,0,0.030898809523809533,0,0.37626262626262624,TN
Haryana,Kurukshetra,2025-11-12,0,0.0,+5d,0.0,0,0.06522023809523811,0,0.37626262626262624,TN
Haryana,Kurukshetra,2025-11-13,0,0.0,+5d,7.0,1,0.0039499999999999995,0,0.37626262626262624,FN
Haryana,Kurukshetra,2025-11-14,0,0.0,+5d,0.0,0,0.009375,0,0.37626262626262624,TN
Haryana,Kurukshetra,2025-11-15,0,0.0,+5d,0.0,0,0.030387626262626265,0,0.37626262626262624,TN
Haryana,Kurukshetra,2025-11-16,0,0.0,+5d,0.0,0,0.02190674603174603,0,0.37626262626262624,TN
Haryana,Kurukshetra,2025-11-17,0,0.0,+5d,0.0,0,0.0,0,0.37626262626262624,TN
Haryana,Kurukshetra,2025-11-18,7,10.6,+5d,1.0,0,0.118625,0,0.37626262626262624,TN
Haryana,Kurukshetra,2025-11-19,0,0.0,+5d,0.0,0,0.11800595238095238,0,0.37626262626262624,TN
Haryana,Kurukshetra,2025-11-20,0,0.0,+5d,0.0,0,0.04095833333333333,0,0.37626262626262624,TN
Haryana,Kurukshetra,2025-11-21,0,0.0,+5d,1.0,0,0.21906496689584926,0,0.37626262626262624,TN
Haryana,Kurukshetra,2025-11-22,0,0.0,+5d,0.0,0,0.0002,0,0.37626262626262624,TN
Haryana,Kurukshetra,2025-11-23,1,5.1,+5d,0.0,0,0.1616349206349206,0,0.37626262626262624,TN
Haryana,Mahendragarh,2025-10-15,0,0.0,+5d,0.0,0,0.039910814281503934,0,0.37626262626262624,TN
Haryana,Mahendragarh,2025-10-16,0,0.0,+5d,0.0,0,0.006427464298153953,0,0.37626262626262624,TN
Haryana,Mahendragarh,2025-10-17,0,0.0,+5d,0.0,0,0.03624048461117427,0,0.37626262626262624,TN
Haryana,Mahendragarh,2025-10-18,0,0.0,+5d,0.0,0,0.00903163096482062,0,0.37626262626262624,TN
Haryana,Mahendragarh,2025-10-19,0,0.0,+5d,0.0,0,0.037934623805313455,0,0.37626262626262624,TN
Haryana,Mahendragarh,2025-10-20,0,0.0,+5d,0.0,0,0.029869437602627252,0,0.37626262626262624,TN
Haryana,Mahendragarh,2025-10-21,0,0.0,+5d,0.0,0,0.05464919950738916,0,0.37626262626262624,TN
Haryana,Mahendragarh,2025-10-22,0,0.0,+5d,0.0,0,0.045512096332785995,0,0.37626262626262624,TN
Haryana,Mahendragarh,2025-10-23,0,0.0,+5d,0.0,0,0.006708333333333333,0,0.37626262626262624,TN
Haryana,Mahendragarh,2025-10-24,0,0.0,+5d,0.0,0,0.00025,0,0.37626262626262624,TN
Haryana,Mahendragarh,2025-10-25,0,0.0,+5d,0.0,0,0.0011111111111111111,0,0.37626262626262624,TN
Haryana,Mahendragarh,2025-10-26,0,0.0,+5d,0.0,0,0.018699999999999998,0,0.37626262626262624,TN
Haryana,Mahendragarh,2025-10-27,0,0.0,+5d,2.0,0,0.06827380952380951,0,0.37626262626262624,TN
Haryana,Mahendragarh,2025-10-28,0,0.0,+5d,0.0,0,0.05962110805860804,0,0.37626262626262624,TN
Haryana,Mahendragarh,2025-10-29,0,0.0,+5d,0.0,0,0.05513988095238094,0,0.37626262626262624,TN
Haryana,Mahendragarh,2025-10-30,0,0.0,+5d,0.0,0,0.06530735492577598,0,0.37626262626262624,TN
Haryana,Mahendragarh,2025-10-31,0,0.0,+5d,0.0,0,0.03122916666666667,0,0.37626262626262624,TN
Haryana,Mahendragarh,2025-11-01,2,5.1,+5d,0.0,0,0.026240079365079362,0,0.37626262626262624,TN
Haryana,Mahendragarh,2025-11-02,0,0.0,+5d,0.0,0,0.04445833333333333,0,0.37626262626262624,TN
Haryana,Mahendragarh,2025-11-03,0,0.0,+5d,0.0,0,0.012124999999999999,0,0.37626262626262624,TN
Haryana,Mahendragarh,2025-11-04,0,0.0,+5d,0.0,0,0.06295833333333335,0,0.37626262626262624,TN
Haryana,Mahendragarh,2025-11-05,0,0.0,+5d,0.0,0,0.0034999999999999996,0,0.37626262626262624,TN
Haryana,Mahendragarh,2025-11-06,0,0.0,+5d,0.0,0,0.020685064935064935,0,0.37626262626262624,TN
Haryana,Mahendragarh,2025-11-07,0,0.0,+5d,0.0,0,0.01125,0,0.37626262626262624,TN
Haryana,Mahendragarh,2025-11-08,0,0.0,+5d,0.0,0,0.09830952380952382,0,0.37626262626262624,TN
Haryana,Mahendragarh,2025-11-09,0,0.0,+5d,1.0,0,0.004999999999999999,0,0.37626262626262624,TN
Haryana,Mahendragarh,2025-11-10,0,0.0,+5d,2.0,0,0.008083333333333335,0,0.37626262626262624,TN
Haryana,Mahendragarh,2025-11-11,0,0.0,+5d,1.0,0,0.004999999999999999,0,0.37626262626262624,TN
Haryana,Mahendragarh,2025-11-12,0,0.0,+5d,0.0,0,0.004999999999999999,0,0.37626262626262624,TN
Haryana,Mahendragarh,2025-11-13,0,0.0,+5d,0.0,0,0.006666666666666666,0,0.37626262626262624,TN
Haryana,Mahendragarh,2025-11-14,1,3.35,+5d,0.0,0,0.035879901960784305,0,0.37626262626262624,TN
Haryana,Mahendragarh,2025-11-15,2,8.9,+5d,1.0,0,0.1022202380952381,0,0.37626262626262624,TN
Haryana,Mahendragarh,2025-11-16,1,2.3,+5d,0.0,0,0.104125,0,0.37626262626262624,TN
Haryana,Mahendragarh,2025-11-17,0,0.0,+5d,0.0,0,0.1068570126768656,0,0.37626262626262624,TN
Haryana,Mahendragarh,2025-11-18,0,0.0,+5d,0.0,0,0.14283333333333328,0,0.37626262626262624,TN
Haryana,Mahendragarh,2025-11-19,0,0.0,+5d,0.0,0,0.07279166666666667,0,0.37626262626262624,TN
Haryana,Mahendragarh,2025-11-20,1,0.61,+5d,0.0,0,0.017762445887445886,0,0.37626262626262624,TN
Haryana,Mahendragarh,2025-11-21,0,0.0,+5d,0.0,0,0.0105,0,0.37626262626262624,TN
Haryana,Mahendragarh,2025-11-22,0,0.0,+5d,0.0,0,0.06873809523809524,0,0.37626262626262624,TN
Haryana,Mahendragarh,2025-11-23,0,0.0,+5d,0.0,0,0.04360912698412697,0,0.37626262626262624,TN
Haryana,Nuh,2025-10-15,0,0.0,+5d,1.0,0,0.06060714285714285,0,0.37626262626262624,TN
Haryana,Nuh,2025-10-16,0,0.0,+5d,0.0,0,0.020666666666666663,0,0.37626262626262624,TN
Haryana,Nuh,2025-10-17,0,0.0,+5d,0.0,0,0.08394871794871796,0,0.37626262626262624,TN
Haryana,Nuh,2025-10-18,0,0.0,+5d,0.0,0,0.027164170647360302,0,0.37626262626262624,TN
Haryana,Nuh,2025-10-19,1,5.29,+5d,0.0,0,0.3035164459723283,0,0.37626262626262624,TN
Haryana,Nuh,2025-10-20,1,3.84,+5d,0.0,0,0.2951116840675664,0,0.37626262626262624,TN
Haryana,Nuh,2025-10-21,0,0.0,+5d,0.0,0,0.14535714285714282,0,0.37626262626262624,TN
Haryana,Nuh,2025-10-22,0,0.0,+5d,0.0,0,0.15473690476190471,0,0.37626262626262624,TN
Haryana,Nuh,2025-10-23,0,0.0,+5d,0.0,0,0.06552014652014652,0,0.37626262626262624,TN
Haryana,Nuh,2025-10-24,0,0.0,+5d,0.0,0,0.029216575091575093,0,0.37626262626262624,TN
Haryana,Nuh,2025-10-25,0,0.0,+5d,0.0,0,0.028500541125541134,0,0.37626262626262624,TN
Haryana,Nuh,2025-10-26,0,0.0,+5d,0.0,0,0.07150595238095236,0,0.37626262626262624,TN
Haryana,Nuh,2025-10-27,0,0.0,+5d,0.0,0,0.07347321428571427,0,0.37626262626262624,TN
Haryana,Nuh,2025-10-28,0,0.0,+5d,0.0,0,0.06761217948717947,0,0.37626262626262624,TN
Haryana,Nuh,2025-10-29,0,0.0,+5d,0.0,0,0.06673214285714285,0,0.37626262626262624,TN
Haryana,Nuh,2025-10-30,0,0.0,+5d,0.0,0,0.06082944139194137,0,0.37626262626262624,TN
Haryana,Nuh,2025-10-31,0,0.0,+5d,0.0,0,0.05494642857142857,0,0.37626262626262624,TN
Haryana,Nuh,2025-11-01,0,0.0,+5d,0.0,0,0.004505555555555556,0,0.37626262626262624,TN
Haryana,Nuh,2025-11-02,0,0.0,+5d,0.0,0,0.017583333333333336,0,0.37626262626262624,TN
Haryana,Nuh,2025-11-03,0,0.0,+5d,0.0,0,0.012041666666666666,0,0.37626262626262624,TN
Haryana,Nuh,2025-11-04,0,0.0,+5d,0.0,0,0.0002,0,0.37626262626262624,TN
Haryana,Nuh,2025-11-05,0,0.0,+5d,0.0,0,0.0002,0,0.37626262626262624,TN
Haryana,Nuh,2025-11-06,0,0.0,+5d,2.0,0,0.008958333333333334,0,0.37626262626262624,TN
Haryana,Nuh,2025-11-07,0,0.0,+5d,0.0,0,0.00125,0,0.37626262626262624,TN
Haryana,Nuh,2025-11-08,0,0.0,+5d,0.0,0,0.0,0,0.37626262626262624,TN
Haryana,Nuh,2025-11-09,0,0.0,+5d,0.0,0,0.0,0,0.37626262626262624,TN
Haryana,Nuh,2025-11-10,0,0.0,+5d,0.0,0,0.00125,0,0.37626262626262624,TN
Haryana,Nuh,2025-11-11,2,6.26,+5d,0.0,0,0.03510906862745098,0,0.37626262626262624,TN
Haryana,Nuh,2025-11-12,0,0.0,+5d,0.0,0,0.006666666666666666,0,0.37626262626262624,TN
Haryana,Nuh,2025-11-13,0,0.0,+5d,0.0,0,0.003541666666666667,0,0.37626262626262624,TN
Haryana,Nuh,2025-11-14,0,0.0,+5d,0.0,0,0.08222023809523811,0,0.37626262626262624,TN
Haryana,Nuh,2025-11-15,0,0.0,+5d,0.0,0,0.004999999999999999,0,0.37626262626262624,TN
Haryana,Nuh,2025-11-16,0,0.0,+5d,0.0,0,0.017643398268398267,0,0.37626262626262624,TN
Haryana,Nuh,2025-11-17,0,0.0,+5d,0.0,0,0.0,0,0.37626262626262624,TN
Haryana,Nuh,2025-11-18,0,0.0,+5d,0.0,0,0.06324404761904762,0,0.37626262626262624,TN
Haryana,Nuh,2025-11-19,0,0.0,+5d,0.0,0,0.0,0,0.37626262626262624,TN
Haryana,Nuh,2025-11-20,0,0.0,+5d,0.0,0,0.0002,0,0.37626262626262624,TN
Haryana,Nuh,2025-11-21,0,0.0,+5d,0.0,0,0.0052,0,0.37626262626262624,TN
Haryana,Nuh,2025-11-22,0,0.0,+5d,0.0,0,0.0,0,0.37626262626262624,TN
Haryana,Nuh,2025-11-23,0,0.0,+5d,0.0,0,0.00569047619047619,0,0.37626262626262624,TN
Haryana,Palwal,2025-10-15,0,0.0,+5d,4.0,1,0.04361884236453202,0,0.37626262626262624,FN
Haryana,Palwal,2025-10-16,1,4.47,+5d,1.0,0,0.36206406501994726,0,0.37626262626262624,TN
Haryana,Palwal,2025-10-17,0,0.0,+5d,5.0,1,0.06672351953601954,0,0.37626262626262624,FN
Haryana,Palwal,2025-10-18,1,5.34,+5d,0.0,0,0.34868019480519485,0,0.37626262626262624,TN
Haryana,Palwal,2025-10-19,0,0.0,+5d,2.0,0,0.12286011904761907,0,0.37626262626262624,TN
Haryana,Palwal,2025-10-20,4,13.01,+5d,0.0,0,0.3954499777183601,1,0.37626262626262624,FP
Haryana,Palwal,2025-10-21,1,3.63,+5d,3.0,1,0.4765922619047618,1,0.37626262626262624,TP
Haryana,Palwal,2025-10-22,5,14.67,+5d,0.0,0,0.494235119047619,1,0.37626262626262624,FP
Haryana,Palwal,2025-10-23,0,0.0,+5d,0.0,0,0.48315791316526613,1,0.37626262626262624,FP
Haryana,Palwal,2025-10-24,2,3.73,+5d,0.0,0,0.22092988163007143,0,0.37626262626262624,TN
Haryana,Palwal,2025-10-25,0,0.0,+5d,0.0,0,0.48100448179271704,1,0.37626262626262624,FP
Haryana,Palwal,2025-10-26,3,6.22,+5d,0.0,0,0.13705357142857144,0,0.37626262626262624,TN
Haryana,Palwal,2025-10-27,0,0.0,+5d,2.0,0,0.5481203416149067,1,0.37626262626262624,FP
Haryana,Palwal,2025-10-28,0,0.0,+5d,6.0,1,0.08595238095238095,0,0.37626262626262624,FN
Haryana,Palwal,2025-10-29,0,0.0,+5d,6.0,1,0.34233994913754967,0,0.37626262626262624,FN
Haryana,Palwal,2025-10-30,0,0.0,+5d,0.0,0,0.0711875,0,0.37626262626262624,TN
Haryana,Palwal,2025-10-31,0,0.0,+5d,2.0,0,0.1457426948051948,0,0.37626262626262624,TN
Haryana,Palwal,2025-11-01,2,4.73,+5d,2.0,0,0.08334424603174602,0,0.37626262626262624,TN
Haryana,Palwal,2025-11-02,6,27.17,+5d,1.0,0,0.34289880952380947,0,0.37626262626262624,TN
Haryana,Palwal,2025-11-03,6,38.2,+5d,0.0,0,0.5235238095238095,1,0.37626262626262624,FP
Haryana,Palwal,2025-11-04,0,0.0,+5d,0.0,0,0.3836556399443505,1,0.37626262626262624,FP
Haryana,Palwal,2025-11-05,2,5.569999999999999,+5d,5.0,1,0.40135520688858073,1,0.37626262626262624,TP
Haryana,Palwal,2025-11-06,2,9.58,+5d,1.0,0,0.386254761904762,1,0.37626262626262624,FP
Haryana,Palwal,2025-11-07,1,4.13,+5d,0.0,0,0.2858271062271063,0,0.37626262626262624,TN
Haryana,Palwal,2025-11-08,0,0.0,+5d,0.0,0,0.27091481182216465,0,0.37626262626262624,TN
Haryana,Palwal,2025-11-09,0,0.0,+5d,2.0,0,0.27731623931623944,0,0.37626262626262624,TN
Haryana,Palwal,2025-11-10,5,21.46,+5d,0.0,0,0.36991361416361423,0,0.37626262626262624,TN
Haryana,Palwal,2025-11-11,1,3.68,+5d,0.0,0,0.22481250000000005,0,0.37626262626262624,TN
Haryana,Palwal,2025-11-12,0,0.0,+5d,0.0,0,0.13910208288443582,0,0.37626262626262624,TN
Haryana,Palwal,2025-11-13,0,0.0,+5d,0.0,0,0.23995335207448215,0,0.37626262626262624,TN
Haryana,Palwal,2025-11-14,2,5.72,+5d,0.0,0,0.09810714285714285,0,0.37626262626262624,TN
Haryana,Palwal,2025-11-15,0,0.0,+5d,1.0,0,0.1332443140193141,0,0.37626262626262624,TN
Haryana,Palwal,2025-11-16,0,0.0,+5d,0.0,0,0.06828030303030302,0,0.37626262626262624,TN
Haryana,Palwal,2025-11-17,0,0.0,+5d,0.0,0,0.18978273809523813,0,0.37626262626262624,TN
Haryana,Palwal,2025-11-18,0,0.0,+5d,0.0,0,0.01507936507936508,0,0.37626262626262624,TN
Haryana,Palwal,2025-11-19,0,0.0,+5d,0.0,0,0.013238636363636364,0,0.37626262626262624,TN
Haryana,Palwal,2025-11-20,1,3.08,+5d,0.0,0,0.060708333333333336,0,0.37626262626262624,TN
Haryana,Palwal,2025-11-21,0,0.0,+5d,0.0,0,0.077875,0,0.37626262626262624,TN
Haryana,Palwal,2025-11-22,0,0.0,+5d,1.0,0,0.005166666666666666,0,0.37626262626262624,TN
Haryana,Palwal,2025-11-23,0,0.0,+5d,0.0,0,0.0855059523809524,0,0.37626262626262624,TN
Haryana,Panchkula,2025-10-15,0,0.0,+5d,2.0,0,0.11517573655729574,0,0.37626262626262624,TN
Haryana,Panchkula,2025-10-16,0,0.0,+5d,1.0,0,0.08485553878214948,0,0.37626262626262624,TN
Haryana,Panchkula,2025-10-17,0,0.0,+5d,0.0,0,0.05317495292064258,0,0.37626262626262624,TN
Haryana,Panchkula,2025-10-18,0,0.0,+5d,0.0,0,0.11071689015007982,0,0.37626262626262624,TN
Haryana,Panchkula,2025-10-19,0,0.0,+5d,0.0,0,0.18894903300722263,0,0.37626262626262624,TN
Haryana,Panchkula,2025-10-20,2,9.82,+5d,0.0,0,0.4890511681945506,1,0.37626262626262624,FP
Haryana,Panchkula,2025-10-21,1,0.5,+5d,0.0,0,0.32214756354756346,0,0.37626262626262624,TN
Haryana,Panchkula,2025-10-22,0,0.0,+5d,0.0,0,0.23062380952380948,0,0.37626262626262624,TN
Haryana,Panchkula,2025-10-23,0,0.0,+5d,1.0,0,0.20678571428571427,0,0.37626262626262624,TN
Haryana,Panchkula,2025-10-24,0,0.0,+5d,0.0,0,0.06722252747252747,0,0.37626262626262624,TN
Haryana,Panchkula,2025-10-25,0,0.0,+5d,0.0,0,0.15504816017316012,0,0.37626262626262624,TN
Haryana,Panchkula,2025-10-26,0,0.0,+5d,2.0,0,0.0950595238095238,0,0.37626262626262624,TN
Haryana,Panchkula,2025-10-27,0,0.0,+5d,0.0,0,0.2191859193438141,0,0.37626262626262624,TN
Haryana,Panchkula,2025-10-28,1,3.76,+5d,0.0,0,0.17301383053221284,0,0.37626262626262624,TN
Haryana,Panchkula,2025-10-29,0,0.0,+5d,0.0,0,0.07676190476190477,0,0.37626262626262624,TN
Haryana,Panchkula,2025-10-30,0,0.0,+5d,0.0,0,0.05517261904761906,0,0.37626262626262624,TN
Haryana,Panchkula,2025-10-31,2,6.43,+5d,0.0,0,0.22043347338935576,0,0.37626262626262624,TN
Haryana,Panchkula,2025-11-01,0,0.0,+5d,0.0,0,0.0543531746031746,0,0.37626262626262624,TN
Haryana,Panchkula,2025-11-02,0,0.0,+5d,0.0,0,0.0863219696969697,0,0.37626262626262624,TN
Haryana,Panchkula,2025-11-03,0,0.0,+5d,0.0,0,0.1263035714285714,0,0.37626262626262624,TN
Haryana,Panchkula,2025-11-04,0,0.0,+5d,0.0,0,0.025541666666666667,0,0.37626262626262624,TN
Haryana,Panchkula,2025-11-05,0,0.0,+5d,0.0,0,0.022613636363636364,0,0.37626262626262624,TN
Haryana,Panchkula,2025-11-06,0,0.0,+5d,0.0,0,0.009687500000000002,0,0.37626262626262624,TN
Haryana,Panchkula,2025-11-07,0,0.0,+5d,0.0,0,0.09149404761904761,0,0.37626262626262624,TN
Haryana,Panchkula,2025-11-08,0,0.0,+5d,0.0,0,0.00125,0,0.37626262626262624,TN
Haryana,Panchkula,2025-11-09,0,0.0,+5d,0.0,0,0.0002,0,0.37626262626262624,TN
Haryana,Panchkula,2025-11-10,0,0.0,+5d,0.0,0,0.0,0,0.37626262626262624,TN
Haryana,Panchkula,2025-11-11,0,0.0,+5d,0.0,0,0.0,0,0.37626262626262624,TN
Haryana,Panchkula,2025-11-12,0,0.0,+5d,0.0,0,0.00145,0,0.37626262626262624,TN
Haryana,Panchkula,2025-11-13,0,0.0,+5d,0.0,0,0.0031166666666666665,0,0.37626262626262624,TN
Haryana,Panchkula,2025-11-14,0,0.0,+5d,0.0,0,0.00041666666666666664,0,0.37626262626262624,TN
Haryana,Panchkula,2025-11-15,0,0.0,+5d,0.0,0,0.0,0,0.37626262626262624,TN
Haryana,Panchkula,2025-11-16,0,0.0,+5d,0.0,0,0.00145,0,0.37626262626262624,TN
Haryana,Panchkula,2025-11-17,0,0.0,+5d,0.0,0,0.0,0,0.37626262626262624,TN
Haryana,Panchkula,2025-11-18,0,0.0,+5d,0.0,0,0.0002,0,0.37626262626262624,TN
Haryana,Panchkula,2025-11-19,0,0.0,+5d,0.0,0,0.0002,0,0.37626262626262624,TN
Haryana,Panchkula,2025-11-20,0,0.0,+5d,0.0,0,0.0,0,0.37626262626262624,TN
Haryana,Panchkula,2025-11-21,0,0.0,+5d,0.0,0,0.000625,0,0.37626262626262624,TN
Haryana,Panchkula,2025-11-22,0,0.0,+5d,0.0,0,0.0002,0,0.37626262626262624,TN
Haryana,Panchkula,2025-11-23,0,0.0,+5d,0.0,0,0.004098809523809524,0,0.37626262626262624,TN
Haryana,Panipat,2025-10-15,1,1.45,+5d,0.0,0,0.14949269480519478,0,0.37626262626262624,TN
Haryana,Panipat,2025-10-16,2,8.879999999999999,+5d,0.0,0,0.28783928571428574,0,0.37626262626262624,TN
Haryana,Panipat,2025-10-17,0,0.0,+5d,3.0,1,0.23755288461538465,0,0.37626262626262624,FN
Haryana,Panipat,2025-10-18,2,2.96,+5d,0.0,0,0.24353354978354985,0,0.37626262626262624,TN
Haryana,Panipat,2025-10-19,4,7.12,+5d,0.0,0,0.28258214285714284,0,0.37626262626262624,TN
Haryana,Panipat,2025-10-20,0,0.0,+5d,0.0,0,0.35713125901875903,0,0.37626262626262624,TN
Haryana,Panipat,2025-10-21,0,0.0,+5d,1.0,0,0.4031296703296704,1,0.37626262626262624,FP
Haryana,Panipat,2025-10-22,3,3.89,+5d,0.0,0,0.24124682539682535,0,0.37626262626262624,TN
Haryana,Panipat,2025-10-23,0,0.0,+5d,0.0,0,0.24516012569302043,0,0.37626262626262624,TN
Haryana,Panipat,2025-10-24,0,0.0,+5d,0.0,0,0.13854166666666667,0,0.37626262626262624,TN
Haryana,Panipat,2025-10-25,0,0.0,+5d,0.0,0,0.14563501082251082,0,0.37626262626262624,TN
Haryana,Panipat,2025-10-26,1,3.35,+5d,0.0,0,0.25325595238095233,0,0.37626262626262624,TN
Haryana,Panipat,2025-10-27,0,0.0,+5d,0.0,0,0.09978030303030304,0,0.37626262626262624,TN
Haryana,Panipat,2025-10-28,0,0.0,+5d,1.0,0,0.10586309523809521,0,0.37626262626262624,TN
Haryana,Panipat,2025-10-29,0,0.0,+5d,0.0,0,0.18029870129870126,0,0.37626262626262624,TN
Haryana,Panipat,2025-10-30,0,0.0,+5d,0.0,0,0.11,0,0.37626262626262624,TN
Haryana,Panipat,2025-10-31,0,0.0,+5d,0.0,0,0.09780022061272062,0,0.37626262626262624,TN
Haryana,Panipat,2025-11-01,0,0.0,+5d,2.0,0,0.1067222222222222,0,0.37626262626262624,TN
Haryana,Panipat,2025-11-02,1,2.87,+5d,4.0,1,0.14669841269841274,0,0.37626262626262624,FN
Haryana,Panipat,2025-11-03,0,0.0,+5d,0.0,0,0.05375,0,0.37626262626262624,TN
Haryana,Panipat,2025-11-04,0,0.0,+5d,6.0,1,0.05552083333333333,0,0.37626262626262624,FN
Haryana,Panipat,2025-11-05,0,0.0,+5d,0.0,0,0.09431547619047619,0,0.37626262626262624,TN
Haryana,Panipat,2025-11-06,2,4.41,+5d,1.0,0,0.1338809523809524,0,0.37626262626262624,TN
Haryana,Panipat,2025-11-07,4,8.63,+5d,2.0,0,0.2529761904761904,0,0.37626262626262624,TN
Haryana,Panipat,2025-11-08,0,0.0,+5d,2.0,0,0.21202747252747256,0,0.37626262626262624,TN
Haryana,Panipat,2025-11-09,6,16.25,+5d,0.0,0,0.40391756854256855,1,0.37626262626262624,FP
Haryana,Panipat,2025-11-10,0,0.0,+5d,0.0,0,0.43407052139037444,1,0.37626262626262624,FP
Haryana,Panipat,2025-11-11,1,2.43,+5d,2.0,0,0.28168543956043957,0,0.37626262626262624,TN
Haryana,Panipat,2025-11-12,2,6.6,+5d,0.0,0,0.4922279761904762,1,0.37626262626262624,FP
Haryana,Panipat,2025-11-13,2,11.62,+5d,2.0,0,0.3503392857142857,0,0.37626262626262624,TN
Haryana,Panipat,2025-11-14,0,0.0,+5d,1.0,0,0.3337014876463406,0,0.37626262626262624,TN
Haryana,Panipat,2025-11-15,0,0.0,+5d,5.0,1,0.25311693331178636,0,0.37626262626262624,FN
Haryana,Panipat,2025-11-16,2,4.29,+5d,0.0,0,0.38204166666666667,1,0.37626262626262624,FP
Haryana,Panipat,2025-11-17,0,0.0,+5d,3.0,1,0.09018506493506492,0,0.37626262626262624,FN
Haryana,Panipat,2025-11-18,2,5.7,+5d,0.0,0,0.20373611111111115,0,0.37626262626262624,TN
Haryana,Panipat,2025-11-19,1,5.3,+5d,1.0,0,0.2851904761904762,0,0.37626262626262624,TN
Haryana,Panipat,2025-11-20,5,9.45,+5d,2.0,0,0.27449404761904783,0,0.37626262626262624,TN
Haryana,Panipat,2025-11-21,0,0.0,+5d,1.0,0,0.2124937103666943,0,0.37626262626262624,TN
Haryana,Panipat,2025-11-22,3,8.56,+5d,0.0,0,0.2159642857142857,0,0.37626262626262624,TN
Haryana,Panipat,2025-11-23,0,0.0,+5d,0.0,0,0.22491955249841872,0,0.37626262626262624,TN
Haryana,Rewari,2025-10-15,0,0.0,+5d,0.0,0,0.06643347079166045,0,0.37626262626262624,TN
Haryana,Rewari,2025-10-16,0,0.0,+5d,0.0,0,0.047460622710622714,0,0.37626262626262624,TN
Haryana,Rewari,2025-10-17,0,0.0,+5d,1.0,0,0.02998698810767776,0,0.37626262626262624,TN
Haryana,Rewari,2025-10-18,0,0.0,+5d,0.0,0,0.09570535714285713,0,0.37626262626262624,TN
Haryana,Rewari,2025-10-19,0,0.0,+5d,0.0,0,0.11257443944943947,0,0.37626262626262624,TN
Haryana,Rewari,2025-10-20,0,0.0,+5d,0.0,0,0.05094483442802408,0,0.37626262626262624,TN
Haryana,Rewari,2025-10-21,0,0.0,+5d,0.0,0,0.11735396141215107,0,0.37626262626262624,TN
Haryana,Rewari,2025-10-22,1,2.17,+5d,0.0,0,0.24196789321789322,0,0.37626262626262624,TN
Haryana,Rewari,2025-10-23,0,0.0,+5d,0.0,0,0.020282051282051284,0,0.37626262626262624,TN
Haryana,Rewari,2025-10-24,0,0.0,+5d,0.0,0,0.008958333333333332,0,0.37626262626262624,TN
Haryana,Rewari,2025-10-25,0,0.0,+5d,0.0,0,0.04044940476190477,0,0.37626262626262624,TN
Haryana,Rewari,2025-10-26,0,0.0,+5d,0.0,0,0.02356904761904762,0,0.37626262626262624,TN
Haryana,Rewari,2025-10-27,0,0.0,+5d,0.0,0,0.06465384615384613,0,0.37626262626262624,TN
Haryana,Rewari,2025-10-28,0,0.0,+5d,0.0,0,0.06043360805860805,0,0.37626262626262624,TN
Haryana,Rewari,2025-10-29,0,0.0,+5d,0.0,0,0.06430059523809523,0,0.37626262626262624,TN
Haryana,Rewari,2025-10-30,0,0.0,+5d,0.0,0,0.06366152159244265,0,0.37626262626262624,TN
Haryana,Rewari,2025-10-31,0,0.0,+5d,0.0,0,0.05429166666666667,0,0.37626262626262624,TN
Haryana,Rewari,2025-11-01,0,0.0,+5d,2.0,0,0.007713888888888889,0,0.37626262626262624,TN
Haryana,Rewari,2025-11-02,0,0.0,+5d,0.0,0,0.013666666666666667,0,0.37626262626262624,TN
Haryana,Rewari,2025-11-03,0,0.0,+5d,0.0,0,0.004208333333333333,0,0.37626262626262624,TN
Haryana,Rewari,2025-11-04,0,0.0,+5d,0.0,0,0.0012416666666666665,0,0.37626262626262624,TN
Haryana,Rewari,2025-11-05,0,0.0,+5d,0.0,0,0.002583333333333333,0,0.37626262626262624,TN
Haryana,Rewari,2025-11-06,2,1.1800000000000002,+5d,0.0,0,0.010625,0,0.37626262626262624,TN
Haryana,Rewari,2025-11-07,0,0.0,+5d,0.0,0,0.014791666666666668,0,0.37626262626262624,TN
Haryana,Rewari,2025-11-08,0,0.0,+5d,0.0,0,0.008458333333333332,0,0.37626262626262624,TN
Haryana,Rewari,2025-11-09,0,0.0,+5d,0.0,0,0.021104166666666667,0,0.37626262626262624,TN
Haryana,Rewari,2025-11-10,0,0.0,+5d,0.0,0,0.0,0,0.37626262626262624,TN
Haryana,Rewari,2025-11-11,0,0.0,+5d,0.0,0,0.01273809523809524,0,0.37626262626262624,TN
Haryana,Rewari,2025-11-12,0,0.0,+5d,0.0,0,0.0,0,0.37626262626262624,TN
Haryana,Rewari,2025-11-13,0,0.0,+5d,0.0,0,0.0557718253968254,0,0.37626262626262624,TN
Haryana,Rewari,2025-11-14,0,0.0,+5d,0.0,0,0.009166666666666667,0,0.37626262626262624,TN
Haryana,Rewari,2025-11-15,0,0.0,+5d,0.0,0,0.006541666666666667,0,0.37626262626262624,TN
Haryana,Rewari,2025-11-16,0,0.0,+5d,0.0,0,0.0022916666666666667,0,0.37626262626262624,TN
Haryana,Rewari,2025-11-17,0,0.0,+5d,0.0,0,0.0022916666666666667,0,0.37626262626262624,TN
Haryana,Rewari,2025-11-18,0,0.0,+5d,0.0,0,0.0010416666666666667,0,0.37626262626262624,TN
Haryana,Rewari,2025-11-19,0,0.0,+5d,0.0,0,0.0010416666666666667,0,0.37626262626262624,TN
Haryana,Rewari,2025-11-20,0,0.0,+5d,0.0,0,0.000625,0,0.37626262626262624,TN
Haryana,Rewari,2025-11-21,0,0.0,+5d,0.0,0,0.006241666666666666,0,0.37626262626262624,TN
Haryana,Rewari,2025-11-22,0,0.0,+5d,1.0,0,0.0,0,0.37626262626262624,TN
Haryana,Rewari,2025-11-23,0,0.0,+5d,0.0,0,0.007148809523809524,0,0.37626262626262624,TN
Haryana,Rohtak,2025-10-15,0,0.0,+5d,0.0,0,0.06921538461538464,0,0.37626262626262624,TN
Haryana,Rohtak,2025-10-16,0,0.0,+5d,0.0,0,0.06295217569786538,0,0.37626262626262624,TN
Haryana,Rohtak,2025-10-17,0,0.0,+5d,1.0,0,0.0674855090311987,0,0.37626262626262624,TN
Haryana,Rohtak,2025-10-18,0,0.0,+5d,0.0,0,0.09287241379310343,0,0.37626262626262624,TN
Haryana,Rohtak,2025-10-19,0,0.0,+5d,0.0,0,0.12222241379310347,0,0.37626262626262624,TN
Haryana,Rohtak,2025-10-20,0,0.0,+5d,0.0,0,0.24831326877145846,0,0.37626262626262624,TN
Haryana,Rohtak,2025-10-21,0,0.0,+5d,0.0,0,0.1726206280788177,0,0.37626262626262624,TN
Haryana,Rohtak,2025-10-22,1,1.71,+5d,0.0,0,0.32499963924963926,0,0.37626262626262624,TN
Haryana,Rohtak,2025-10-23,0,0.0,+5d,0.0,0,0.04663919413919413,0,0.37626262626262624,TN
Haryana,Rohtak,2025-10-24,0,0.0,+5d,0.0,0,0.05765476190476191,0,0.37626262626262624,TN
Haryana,Rohtak,2025-10-25,0,0.0,+5d,0.0,0,0.06367857142857143,0,0.37626262626262624,TN
Haryana,Rohtak,2025-10-26,0,0.0,+5d,1.0,0,0.05594404761904762,0,0.37626262626262624,TN
Haryana,Rohtak,2025-10-27,0,0.0,+5d,0.0,0,0.051220238095238096,0,0.37626262626262624,TN
Haryana,Rohtak,2025-10-28,0,0.0,+5d,2.0,0,0.10353342490842488,0,0.37626262626262624,TN
Haryana,Rohtak,2025-10-29,0,0.0,+5d,3.0,1,0.09213659951159951,0,0.37626262626262624,FN
Haryana,Rohtak,2025-10-30,0,0.0,+5d,1.0,0,0.08777846459096458,0,0.37626262626262624,TN
Haryana,Rohtak,2025-10-31,1,3.1,+5d,5.0,1,0.1584424019607843,0,0.37626262626262624,FN
Haryana,Rohtak,2025-11-01,0,0.0,+5d,5.0,1,0.04535615079365078,0,0.37626262626262624,FN
Haryana,Rohtak,2025-11-02,2,34.44,+5d,5.0,1,0.21610014005602252,0,0.37626262626262624,FN
Haryana,Rohtak,2025-11-03,3,9.02,+5d,6.0,1,0.3399464285714286,0,0.37626262626262624,FN
Haryana,Rohtak,2025-11-04,1,3.79,+5d,4.0,1,0.31640448717948716,0,0.37626262626262624,FN
Haryana,Rohtak,2025-11-05,5,8.76,+5d,5.0,1,0.3317754650578181,0,0.37626262626262624,FN
Haryana,Rohtak,2025-11-06,5,21.52,+5d,12.0,1,0.5600416666666665,1,0.37626262626262624,TP
Haryana,Rohtak,2025-11-07,5,31.38,+5d,6.0,1,0.49871428571428567,1,0.37626262626262624,TP
Haryana,Rohtak,2025-11-08,6,25.07,+5d,10.0,1,0.5334464285714285,1,0.37626262626262624,TP
Haryana,Rohtak,2025-11-09,4,16.03,+5d,4.0,1,0.45720342117429497,1,0.37626262626262624,TP
Haryana,Rohtak,2025-11-10,5,16.18,+5d,6.0,1,0.5966042148250886,1,0.37626262626262624,TP
Haryana,Rohtak,2025-11-11,12,46.3,+5d,23.0,1,0.5684404761904761,1,0.37626262626262624,TP
Haryana,Rohtak,2025-11-12,6,14.11,+5d,6.0,1,0.5138343735552473,1,0.37626262626262624,TP
Haryana,Rohtak,2025-11-13,10,37.13,+5d,1.0,0,0.4730892857142856,1,0.37626262626262624,FP
Haryana,Rohtak,2025-11-14,4,18.22,+5d,2.0,0,0.38556056403143785,1,0.37626262626262624,FP
Haryana,Rohtak,2025-11-15,6,16.89,+5d,3.0,1,0.451970238095238,1,0.37626262626262624,TP
Haryana,Rohtak,2025-11-16,23,79.53999999999999,+5d,5.0,1,0.4384642857142857,1,0.37626262626262624,TP
Haryana,Rohtak,2025-11-17,6,12.26,+5d,9.0,1,0.3697510402219139,0,0.37626262626262624,FN
Haryana,Rohtak,2025-11-18,1,3.2,+5d,7.0,1,0.2839394257703081,0,0.37626262626262624,FN
Haryana,Rohtak,2025-11-19,2,5.550000000000001,+5d,2.0,0,0.3538243945636508,0,0.37626262626262624,TN
Haryana,Rohtak,2025-11-20,3,9.87,+5d,3.0,1,0.23724801587301592,0,0.37626262626262624,FN
Haryana,Rohtak,2025-11-21,5,7.93,+5d,6.0,1,0.26678171787759164,0,0.37626262626262624,FN
Haryana,Rohtak,2025-11-22,9,27.74,+5d,5.0,1,0.3697083333333333,0,0.37626262626262624,FN
Haryana,Rohtak,2025-11-23,7,12.76,+5d,2.0,0,0.2580714285714286,0,0.37626262626262624,TN
Haryana,Sirsa,2025-10-15,3,2.92,+5d,0.0,0,0.3237344322344321,0,0.37626262626262624,TN
Haryana,Sirsa,2025-10-16,2,4.93,+5d,2.0,0,0.23335281385281387,0,0.37626262626262624,TN
Haryana,Sirsa,2025-10-17,8,24.57,+5d,14.0,1,0.639268897364771,1,0.37626262626262624,TP
Haryana,Sirsa,2025-10-18,0,0.0,+5d,1.0,0,0.5250491075878183,1,0.37626262626262624,FP
Haryana,Sirsa,2025-10-19,1,4.81,+5d,2.0,0,0.4709285714285715,1,0.37626262626262624,FP
Haryana,Sirsa,2025-10-20,0,0.0,+5d,3.0,1,0.5625102699548628,1,0.37626262626262624,TP
Haryana,Sirsa,2025-10-21,2,4.77,+5d,17.0,1,0.3259223484848484,0,0.37626262626262624,FN
Haryana,Sirsa,2025-10-22,14,61.32,+5d,6.0,1,0.7192380952380951,1,0.37626262626262624,TP
Haryana,Sirsa,2025-10-23,1,2.2,+5d,0.0,0,0.5181054774513513,1,0.37626262626262624,FP
Haryana,Sirsa,2025-10-24,2,4.15,+5d,2.0,0,0.5140654761904763,1,0.37626262626262624,FP
Haryana,Sirsa,2025-10-25,3,5.359999999999999,+5d,5.0,1,0.45888514386337065,1,0.37626262626262624,TP
Haryana,Sirsa,2025-10-26,17,62.18,+5d,4.0,1,0.6945773809523811,1,0.37626262626262624,TP
Haryana,Sirsa,2025-10-27,6,6.94,+5d,10.0,1,0.49119746879334253,1,0.37626262626262624,TP
Haryana,Sirsa,2025-10-28,0,0.0,+5d,9.0,1,0.5354400087578456,1,0.37626262626262624,TP
Haryana,Sirsa,2025-10-29,2,9.95,+5d,8.0,1,0.5469821428571428,1,0.37626262626262624,TP
Haryana,Sirsa,2025-10-30,5,16.400000000000002,+5d,7.0,1,0.6636607142857143,1,0.37626262626262624,TP
Haryana,Sirsa,2025-10-31,4,10.83,+5d,7.0,1,0.5388700878409617,1,0.37626262626262624,TP
Haryana,Sirsa,2025-11-01,10,24.6,+5d,5.0,1,0.6291815476190474,1,0.37626262626262624,TP
Haryana,Sirsa,2025-11-02,9,18.49,+5d,4.0,1,0.3782559523809523,1,0.37626262626262624,TP
Haryana,Sirsa,2025-11-03,8,35.480000000000004,+5d,4.0,1,0.6014285714285715,1,0.37626262626262624,TP
Haryana,Sirsa,2025-11-04,7,19.47,+5d,9.0,1,0.5302361111111111,1,0.37626262626262624,TP
Haryana,Sirsa,2025-11-05,7,8.85,+5d,8.0,1,0.4108186274509804,1,0.37626262626262624,TP
Haryana,Sirsa,2025-11-06,5,8.040000000000001,+5d,5.0,1,0.2850815724347992,0,0.37626262626262624,FN
Haryana,Sirsa,2025-11-07,4,14.38,+5d,4.0,1,0.3737183021266759,0,0.37626262626262624,FN
Haryana,Sirsa,2025-11-08,4,10.9,+5d,4.0,1,0.31451587301587297,0,0.37626262626262624,FN
Haryana,Sirsa,2025-11-09,9,18.64,+5d,7.0,1,0.45463095238095236,1,0.37626262626262624,TP
Haryana,Sirsa,2025-11-10,8,15.43,+5d,5.0,1,0.38288794498381884,1,0.37626262626262624,TP
Haryana,Sirsa,2025-11-11,5,15.95,+5d,7.0,1,0.36412500000000003,0,0.37626262626262624,FN
Haryana,Sirsa,2025-11-12,4,5.46,+5d,8.0,1,0.31563702147525685,0,0.37626262626262624,FN
Haryana,Sirsa,2025-11-13,4,15.64,+5d,7.0,1,0.4452530243488982,1,0.37626262626262624,TP
Haryana,Sirsa,2025-11-14,7,33.77,+5d,12.0,1,0.5166260402219139,1,0.37626262626262624,TP
Haryana,Sirsa,2025-11-15,5,19.81,+5d,3.0,1,0.4819990560949298,1,0.37626262626262624,TP
Haryana,Sirsa,2025-11-16,7,13.23,+5d,2.0,0,0.3868601190476189,1,0.37626262626262624,FP
Haryana,Sirsa,2025-11-17,8,17.540000000000003,+5d,1.0,0,0.4426141354600092,1,0.37626262626262624,FP
Haryana,Sirsa,2025-11-18,7,16.15,+5d,1.0,0,0.39565580212667584,1,0.37626262626262624,FP
Haryana,Sirsa,2025-11-19,12,27.95,+5d,0.0,0,0.46358333333333335,1,0.37626262626262624,FP
Haryana,Sirsa,2025-11-20,3,11.03,+5d,0.0,0,0.1519117545076283,0,0.37626262626262624,TN
Haryana,Sirsa,2025-11-21,2,5.75,+5d,0.0,0,0.13968452380952381,0,0.37626262626262624,TN
Haryana,Sirsa,2025-11-22,1,2.12,+5d,3.0,1,0.1115833231350793,0,0.37626262626262624,FN
Haryana,Sirsa,2025-11-23,1,0.68,+5d,2.0,0,0.1737788179996918,0,0.37626262626262624,TN
Haryana,Sonipat,2025-10-15,1,1.64,+5d,0.0,0,0.19501419413919416,0,0.37626262626262624,TN
Haryana,Sonipat,2025-10-16,0,0.0,+5d,0.0,0,0.10769971001220995,0,0.37626262626262624,TN
Haryana,Sonipat,2025-10-17,0,0.0,+5d,0.0,0,0.05852976190476191,0,0.37626262626262624,TN
Haryana,Sonipat,2025-10-18,0,0.0,+5d,0.0,0,0.06979029304029305,0,0.37626262626262624,TN
Haryana,Sonipat,2025-10-19,0,0.0,+5d,0.0,0,0.0691222306429203,0,0.37626262626262624,TN
Haryana,Sonipat,2025-10-20,0,0.0,+5d,0.0,0,0.13343312807881771,0,0.37626262626262624,TN
Haryana,Sonipat,2025-10-21,0,0.0,+5d,1.0,0,0.1385622947454844,0,0.37626262626262624,TN
Haryana,Sonipat,2025-10-22,0,0.0,+5d,0.0,0,0.11880248094817063,0,0.37626262626262624,TN
Haryana,Sonipat,2025-10-23,0,0.0,+5d,0.0,0,0.009000000000000001,0,0.37626262626262624,TN
Haryana,Sonipat,2025-10-24,0,0.0,+5d,0.0,0,0.029934523809523807,0,0.37626262626262624,TN
Haryana,Sonipat,2025-10-25,0,0.0,+5d,0.0,0,0.038125,0,0.37626262626262624,TN
Haryana,Sonipat,2025-10-26,1,0.67,+5d,1.0,0,0.023541666666666666,0,0.37626262626262624,TN
Haryana,Sonipat,2025-10-27,0,0.0,+5d,2.0,0,0.02395833333333333,0,0.37626262626262624,TN
Haryana,Sonipat,2025-10-28,0,0.0,+5d,3.0,1,0.07496130952380953,0,0.37626262626262624,FN
Haryana,Sonipat,2025-10-29,0,0.0,+5d,1.0,0,0.08191666666666668,0,0.37626262626262624,TN
Haryana,Sonipat,2025-10-30,0,0.0,+5d,5.0,1,0.06632905982905983,0,0.37626262626262624,FN
Haryana,Sonipat,2025-10-31,1,2.27,+5d,4.0,1,0.1275505952380952,0,0.37626262626262624,FN
Haryana,Sonipat,2025-11-01,2,7.83,+5d,7.0,1,0.11682831465919699,0,0.37626262626262624,FN
Haryana,Sonipat,2025-11-02,3,13.86,+5d,6.0,1,0.2792916666666667,0,0.37626262626262624,FN
Haryana,Sonipat,2025-11-03,1,0.82,+5d,2.0,0,0.1591199095022624,0,0.37626262626262624,TN
Haryana,Sonipat,2025-11-04,5,17.57,+5d,12.0,1,0.3550595238095237,0,0.37626262626262624,FN
Haryana,Sonipat,2025-11-05,4,2.64,+5d,1.0,0,0.2704495798319327,0,0.37626262626262624,TN
Haryana,Sonipat,2025-11-06,7,23.87,+5d,12.0,1,0.5695433760683758,1,0.37626262626262624,TP
Haryana,Sonipat,2025-11-07,6,25.61,+5d,6.0,1,0.4558690476190477,1,0.37626262626262624,TP
Haryana,Sonipat,2025-11-08,2,7.57,+5d,4.0,1,0.5074831830790568,1,0.37626262626262624,TP
Haryana,Sonipat,2025-11-09,12,53.510000000000005,+5d,10.0,1,0.5375476190476189,1,0.37626262626262624,TP
Haryana,Sonipat,2025-11-10,1,3.09,+5d,11.0,1,0.4247083231350791,1,0.37626262626262624,TP
Haryana,Sonipat,2025-11-11,12,27.05,+5d,16.0,1,0.5409257575757573,1,0.37626262626262624,TP
Haryana,Sonipat,2025-11-12,6,22.36,+5d,8.0,1,0.4877093735552473,1,0.37626262626262624,TP
Haryana,Sonipat,2025-11-13,4,10.65,+5d,2.0,0,0.46946428571428567,1,0.37626262626262624,FP
Haryana,Sonipat,2025-11-14,10,36.19,+5d,4.0,1,0.4567559523809524,1,0.37626262626262624,TP
Haryana,Sonipat,2025-11-15,11,34.99,+5d,2.0,0,0.5404642857142857,1,0.37626262626262624,FP
Haryana,Sonipat,2025-11-16,16,63.61,+5d,0.0,0,0.46638095238095223,1,0.37626262626262624,FP
Haryana,Sonipat,2025-11-17,8,27.08,+5d,5.0,1,0.4159087301587303,1,0.37626262626262624,TP
Haryana,Sonipat,2025-11-18,2,7.31,+5d,12.0,1,0.2694206349206349,0,0.37626262626262624,FN
Haryana,Sonipat,2025-11-19,4,20.27,+5d,1.0,0,0.3033511904761904,0,0.37626262626262624,TN
Haryana,Sonipat,2025-11-20,2,1.2400000000000002,+5d,0.0,0,0.14611705329380947,0,0.37626262626262624,TN
Haryana,Sonipat,2025-11-21,0,0.0,+5d,8.0,1,0.21810615079365075,0,0.37626262626262624,FN
Haryana,Sonipat,2025-11-22,5,14.0,+5d,4.0,1,0.29707341269841275,0,0.37626262626262624,FN
Haryana,Sonipat,2025-11-23,12,33.33,+5d,0.0,0,0.40208928571428565,1,0.37626262626262624,FP
Haryana,Yamunanagar,2025-10-15,0,0.0,+5d,2.0,0,0.15397844863469862,0,0.37626262626262624,TN
Haryana,Yamunanagar,2025-10-16,4,15.06,+5d,0.0,0,0.42034496376301717,1,0.37626262626262624,FP
Haryana,Yamunanagar,2025-10-17,0,0.0,+5d,1.0,0,0.3637546316772322,0,0.37626262626262624,TN
Haryana,Yamunanagar,2025-10-18,2,2.39,+5d,0.0,0,0.20180469346829635,0,0.37626262626262624,TN
Haryana,Yamunanagar,2025-10-19,1,3.86,+5d,0.0,0,0.482363095238095,1,0.37626262626262624,FP
Haryana,Yamunanagar,2025-10-20,2,7.58,+5d,0.0,0,0.40064150432900436,1,0.37626262626262624,FP
Haryana,Yamunanagar,2025-10-21,0,0.0,+5d,0.0,0,0.39636624649859953,1,0.37626262626262624,FP
Haryana,Yamunanagar,2025-10-22,1,1.44,+5d,0.0,0,0.3001902151211362,0,0.37626262626262624,TN
Haryana,Yamunanagar,2025-10-23,0,0.0,+5d,0.0,0,0.2883835550414499,0,0.37626262626262624,TN
Haryana,Yamunanagar,2025-10-24,0,0.0,+5d,1.0,0,0.11598214285714281,0,0.37626262626262624,TN
Haryana,Yamunanagar,2025-10-25,0,0.0,+5d,0.0,0,0.21587364718614718,0,0.37626262626262624,TN
Haryana,Yamunanagar,2025-10-26,0,0.0,+5d,0.0,0,0.0974702380952381,0,0.37626262626262624,TN
Haryana,Yamunanagar,2025-10-27,0,0.0,+5d,1.0,0,0.24152092352092358,0,0.37626262626262624,TN
Haryana,Yamunanagar,2025-10-28,0,0.0,+5d,5.0,1,0.06619642857142857,0,0.37626262626262624,FN
Haryana,Yamunanagar,2025-10-29,1,0.38,+5d,3.0,1,0.07307211538461539,0,0.37626262626262624,FN
Haryana,Yamunanagar,2025-10-30,0,0.0,+5d,0.0,0,0.1256098484848485,0,0.37626262626262624,TN
Haryana,Yamunanagar,2025-10-31,0,0.0,+5d,0.0,0,0.08177850877192981,0,0.37626262626262624,TN
Haryana,Yamunanagar,2025-11-01,1,5.48,+5d,0.0,0,0.18549603174603177,0,0.37626262626262624,TN
Haryana,Yamunanagar,2025-11-02,5,8.93,+5d,0.0,0,0.16732612781954884,0,0.37626262626262624,TN
Haryana,Yamunanagar,2025-11-03,3,9.27,+5d,0.0,0,0.38214972527472535,1,0.37626262626262624,FP
Haryana,Yamunanagar,2025-11-04,0,0.0,+5d,0.0,0,0.2849868966817496,0,0.37626262626262624,TN
Haryana,Yamunanagar,2025-11-05,0,0.0,+5d,0.0,0,0.4029034619712987,1,0.37626262626262624,FP
Haryana,Yamunanagar,2025-11-06,0,0.0,+5d,0.0,0,0.28592857142857153,0,0.37626262626262624,TN
Haryana,Yamunanagar,2025-11-07,0,0.0,+5d,0.0,0,0.0528219696969697,0,0.37626262626262624,TN
Haryana,Yamunanagar,2025-11-08,0,0.0,+5d,0.0,0,0.14077705627705628,0,0.37626262626262624,TN
Haryana,Yamunanagar,2025-11-09,0,0.0,+5d,0.0,0,0.09967261904761907,0,0.37626262626262624,TN
Haryana,Yamunanagar,2025-11-10,0,0.0,+5d,2.0,0,0.0670062656641604,0,0.37626262626262624,TN
Haryana,Yamunanagar,2025-11-11,0,0.0,+5d,0.0,0,0.00395,0,0.37626262626262624,TN
Haryana,Yamunanagar,2025-11-12,0,0.0,+5d,0.0,0,0.00145,0,0.37626262626262624,TN
Haryana,Yamunanagar,2025-11-13,0,0.0,+5d,0.0,0,0.0027,0,0.37626262626262624,TN
Haryana,Yamunanagar,2025-11-14,0,0.0,+5d,0.0,0,0.00145,0,0.37626262626262624,TN
Haryana,Yamunanagar,2025-11-15,2,4.6,+5d,0.0,0,0.04804166666666666,0,0.37626262626262624,TN
Haryana,Yamunanagar,2025-11-16,0,0.0,+5d,0.0,0,0.0649861111111111,0,0.37626262626262624,TN
Haryana,Yamunanagar,2025-11-17,0,0.0,+5d,0.0,0,0.05783134920634922,0,0.37626262626262624,TN
Haryana,Yamunanagar,2025-11-18,0,0.0,+5d,1.0,0,0.03862499999999999,0,0.37626262626262624,TN
Haryana,Yamunanagar,2025-11-19,0,0.0,+5d,0.0,0,0.010104166666666666,0,0.37626262626262624,TN
Haryana,Yamunanagar,2025-11-20,0,0.0,+5d,2.0,0,0.017321969696969697,0,0.37626262626262624,TN
Haryana,Yamunanagar,2025-11-21,0,0.0,+5d,1.0,0,0.008658333333333334,0,0.37626262626262624,TN
Haryana,Yamunanagar,2025-11-22,0,0.0,+5d,2.0,0,0.07952182539682538,0,0.37626262626262624,TN
Haryana,Yamunanagar,2025-11-23,1,1.39,+5d,1.0,0,0.015857142857142854,0,0.37626262626262624,TN
Punjab,Amritsar,2025-10-15,12,35.05,+5d,20.0,1,0.9111055194805193,1,0.37626262626262624,TP
Punjab,Amritsar,2025-10-16,16,68.16,+5d,19.0,1,0.9305654761904764,1,0.37626262626262624,TP
Punjab,Amritsar,2025-10-17,8,32.87,+5d,22.0,1,0.8880863095238095,1,0.37626262626262624,TP
Punjab,Amritsar,2025-10-18,6,21.91,+5d,16.0,1,0.8779983766233765,1,0.37626262626262624,TP
Punjab,Amritsar,2025-10-19,45,240.68,+5d,1.0,0,0.9234642857142857,1,0.37626262626262624,FP
Punjab,Amritsar,2025-10-20,20,92.65,+5d,13.0,1,0.9451805555555556,1,0.37626262626262624,TP
Punjab,Amritsar,2025-10-21,19,88.28,+5d,22.0,1,0.973125,1,0.37626262626262624,TP
Punjab,Amritsar,2025-10-22,22,118.74,+5d,24.0,1,0.9597202380952382,1,0.37626262626262624,TP
Punjab,Amritsar,2025-10-23,16,66.03,+5d,6.0,1,0.979909090909091,1,0.37626262626262624,TP
Punjab,Amritsar,2025-10-24,1,2.08,+5d,7.0,1,0.9176758658008659,1,0.37626262626262624,TP
Punjab,Amritsar,2025-10-25,13,47.41,+5d,23.0,1,0.9328948412698415,1,0.37626262626262624,TP
Punjab,Amritsar,2025-10-26,22,98.56,+5d,27.0,1,0.9360714285714288,1,0.37626262626262624,TP
Punjab,Amritsar,2025-10-27,24,90.37,+5d,37.0,1,0.9698392857142858,1,0.37626262626262624,TP
Punjab,Amritsar,2025-10-28,6,33.58,+5d,28.0,1,0.953607142857143,1,0.37626262626262624,TP
Punjab,Amritsar,2025-10-29,7,37.73,+5d,9.0,1,0.9327291666666667,1,0.37626262626262624,TP
Punjab,Amritsar,2025-10-30,23,143.86,+5d,26.0,1,0.9463750000000001,1,0.37626262626262624,TP
Punjab,Amritsar,2025-10-31,27,94.06,+5d,29.0,1,0.9580000000000001,1,0.37626262626262624,TP
Punjab,Amritsar,2025-11-01,37,118.21,+5d,23.0,1,0.7908888888888888,1,0.37626262626262624,TP
Punjab,Amritsar,2025-11-02,28,109.47,+5d,8.0,1,0.9325972222222222,1,0.37626262626262624,TP
Punjab,Amritsar,2025-11-03,9,30.4,+5d,13.0,1,0.8476607142857142,1,0.37626262626262624,TP
Punjab,Amritsar,2025-11-04,26,112.51,+5d,15.0,1,0.9083333333333335,1,0.37626262626262624,TP
Punjab,Amritsar,2025-11-05,29,131.59,+5d,9.0,1,0.7519305555555555,1,0.37626262626262624,TP
Punjab,Amritsar,2025-11-06,23,109.0,+5d,7.0,1,0.6036607142857143,1,0.37626262626262624,TP
Punjab,Amritsar,2025-11-07,8,31.31,+5d,4.0,1,0.7447380952380951,1,0.37626262626262624,TP
Punjab,Amritsar,2025-11-08,13,70.85,+5d,2.0,0,0.7222777777777779,1,0.37626262626262624,FP
Punjab,Amritsar,2025-11-09,15,46.38,+5d,2.0,0,0.7349444444444445,1,0.37626262626262624,FP
Punjab,Amritsar,2025-11-10,9,34.5,+5d,2.0,0,0.5883690476190476,1,0.37626262626262624,FP
Punjab,Amritsar,2025-11-11,7,14.15,+5d,6.0,1,0.5659453781512604,1,0.37626262626262624,TP
Punjab,Amritsar,2025-11-12,4,9.57,+5d,0.0,0,0.5024156162464987,1,0.37626262626262624,FP
Punjab,Amritsar,2025-11-13,2,5.67,+5d,0.0,0,0.4558471638655462,1,0.37626262626262624,FP
Punjab,Amritsar,2025-11-14,2,10.12,+5d,0.0,0,0.3178541666666667,0,0.37626262626262624,TN
Punjab,Amritsar,2025-11-15,2,8.0,+5d,0.0,0,0.3707559523809524,0,0.37626262626262624,TN
Punjab,Amritsar,2025-11-16,6,30.14,+5d,0.0,0,0.49161904761904757,1,0.37626262626262624,FP
Punjab,Amritsar,2025-11-17,0,0.0,+5d,1.0,0,0.32742857142857135,0,0.37626262626262624,TN
Punjab,Amritsar,2025-11-18,0,0.0,+5d,4.0,1,0.22264600840336146,0,0.37626262626262624,FN
Punjab,Amritsar,2025-11-19,0,0.0,+5d,0.0,0,0.28800507703081235,0,0.37626262626262624,TN
Punjab,Amritsar,2025-11-20,0,0.0,+5d,0.0,0,0.10808333333333332,0,0.37626262626262624,TN
Punjab,Amritsar,2025-11-21,0,0.0,+5d,0.0,0,0.1427767857142857,0,0.37626262626262624,TN
Punjab,Amritsar,2025-11-22,1,3.81,+5d,0.0,0,0.1122202380952381,0,0.37626262626262624,TN
Punjab,Amritsar,2025-11-23,4,13.1,+5d,0.0,0,0.3211309523809524,0,0.37626262626262624,TN
Punjab,Barnala,2025-10-15,0,0.0,+5d,0.0,0,0.17630663688662754,0,0.37626262626262624,TN
Punjab,Barnala,2025-10-16,0,0.0,+5d,0.0,0,0.14025269083268146,0,0.37626262626262624,TN
Punjab,Barnala,2025-10-17,0,0.0,+5d,0.0,0,0.2603270695619077,0,0.37626262626262624,TN
Punjab,Barnala,2025-10-18,0,0.0,+5d,0.0,0,0.23727383756672477,0,0.37626262626262624,TN
Punjab,Barnala,2025-10-19,0,0.0,+5d,0.0,0,0.2857024095100146,0,0.37626262626262624,TN
Punjab,Barnala,2025-10-20,0,0.0,+5d,0.0,0,0.29532942084409103,0,0.37626262626262624,TN
Punjab,Barnala,2025-10-21,0,0.0,+5d,3.0,1,0.3152655333427035,0,0.37626262626262624,FN
Punjab,Barnala,2025-10-22,0,0.0,+5d,2.0,0,0.2912288948994475,0,0.37626262626262624,TN
Punjab,Barnala,2025-10-23,0,0.0,+5d,1.0,0,0.22604944655592699,0,0.37626262626262624,TN
Punjab,Barnala,2025-10-24,0,0.0,+5d,3.0,1,0.26120307070955123,0,0.37626262626262624,FN
Punjab,Barnala,2025-10-25,0,0.0,+5d,3.0,1,0.2299593332875529,0,0.37626262626262624,FN
Punjab,Barnala,2025-10-26,3,7.86,+5d,6.0,1,0.44106580476765495,1,0.37626262626262624,TP
Punjab,Barnala,2025-10-27,2,7.640000000000001,+5d,10.0,1,0.49727473758320523,1,0.37626262626262624,TP
Punjab,Barnala,2025-10-28,1,4.59,+5d,8.0,1,0.5766656105990784,1,0.37626262626262624,TP
Punjab,Barnala,2025-10-29,3,16.8,+5d,6.0,1,0.7336011904761903,1,0.37626262626262624,TP
Punjab,Barnala,2025-10-30,3,18.94,+5d,12.0,1,0.7180386904761904,1,0.37626262626262624,TP
Punjab,Barnala,2025-10-31,6,37.17,+5d,2.0,0,0.7964999999999998,1,0.37626262626262624,FP
Punjab,Barnala,2025-11-01,10,56.52,+5d,1.0,0,0.7008353174603174,1,0.37626262626262624,FP
Punjab,Barnala,2025-11-02,8,45.7,+5d,0.0,0,0.5873214285714285,1,0.37626262626262624,FP
Punjab,Barnala,2025-11-03,6,37.37,+5d,2.0,0,0.519202380952381,1,0.37626262626262624,FP
Punjab,Barnala,2025-11-04,12,124.62,+5d,4.0,1,0.7325000000000002,1,0.37626262626262624,TP
Punjab,Barnala,2025-11-05,2,10.62,+5d,8.0,1,0.5823571428571428,1,0.37626262626262624,TP
Punjab,Barnala,2025-11-06,1,1.65,+5d,2.0,0,0.4229821428571428,1,0.37626262626262624,FP
Punjab,Barnala,2025-11-07,0,0.0,+5d,2.0,0,0.41309523809523796,1,0.37626262626262624,FP
Punjab,Barnala,2025-11-08,2,4.4,+5d,2.0,0,0.3200763888888889,0,0.37626262626262624,TN
Punjab,Barnala,2025-11-09,4,11.85,+5d,1.0,0,0.4309473443223444,1,0.37626262626262624,FP
Punjab,Barnala,2025-11-10,8,38.44,+5d,5.0,1,0.5637449633699634,1,0.37626262626262624,TP
Punjab,Barnala,2025-11-11,2,5.19,+5d,1.0,0,0.39661904761904765,1,0.37626262626262624,FP
Punjab,Barnala,2025-11-12,2,39.4,+5d,0.0,0,0.48001190476190464,1,0.37626262626262624,FP
Punjab,Barnala,2025-11-13,2,15.18,+5d,0.0,0,0.41763492063492075,1,0.37626262626262624,FP
Punjab,Barnala,2025-11-14,1,3.39,+5d,0.0,0,0.29892559523809525,0,0.37626262626262624,TN
Punjab,Barnala,2025-11-15,5,33.09,+5d,0.0,0,0.4076587301587302,1,0.37626262626262624,FP
Punjab,Barnala,2025-11-16,1,1.66,+5d,0.0,0,0.28235119047619056,0,0.37626262626262624,TN
Punjab,Barnala,2025-11-17,0,0.0,+5d,0.0,0,0.22993650793650794,0,0.37626262626262624,TN
Punjab,Barnala,2025-11-18,0,0.0,+5d,0.0,0,0.2565199579831933,0,0.37626262626262624,TN
Punjab,Barnala,2025-11-19,0,0.0,+5d,0.0,0,0.21123115079365082,0,0.37626262626262624,TN
Punjab,Barnala,2025-11-20,0,0.0,+5d,0.0,0,0.2053988095238095,0,0.37626262626262624,TN
Punjab,Barnala,2025-11-21,0,0.0,+5d,0.0,0,0.026394777265745007,0,0.37626262626262624,TN
Punjab,Barnala,2025-11-22,0,0.0,+5d,0.0,0,0.20478563797313798,0,0.37626262626262624,TN
Punjab,Barnala,2025-11-23,0,0.0,+5d,0.0,0,0.042625296746264495,0,0.37626262626262624,TN
Punjab,Bathinda,2025-10-15,1,1.18,+5d,5.0,1,0.2831646185355863,0,0.37626262626262624,FN
Punjab,Bathinda,2025-10-16,0,0.0,+5d,2.0,0,0.20764591972232224,0,0.37626262626262624,TN
Punjab,Bathinda,2025-10-17,4,63.8,+5d,17.0,1,0.5460416666666665,1,0.37626262626262624,TP
Punjab,Bathinda,2025-10-18,0,0.0,+5d,3.0,1,0.4564337068160599,1,0.37626262626262624,TP
Punjab,Bathinda,2025-10-19,0,0.0,+5d,4.0,1,0.478163206304027,1,0.37626262626262624,TP
Punjab,Bathinda,2025-10-20,5,17.72,+5d,7.0,1,0.6895178571428572,1,0.37626262626262624,TP
Punjab,Bathinda,2025-10-21,2,4.890000000000001,+5d,13.0,1,0.5751077237713267,1,0.37626262626262624,TP
Punjab,Bathinda,2025-10-22,17,87.66,+5d,8.0,1,0.8106388888888886,1,0.37626262626262624,TP
Punjab,Bathinda,2025-10-23,3,19.55,+5d,9.0,1,0.7583990800865802,1,0.37626262626262624,TP
Punjab,Bathinda,2025-10-24,4,28.48,+5d,13.0,1,0.7806458333333333,1,0.37626262626262624,TP
Punjab,Bathinda,2025-10-25,7,29.89,+5d,18.0,1,0.8046884920634922,1,0.37626262626262624,TP
Punjab,Bathinda,2025-10-26,13,74.64,+5d,41.0,1,0.921875,1,0.37626262626262624,TP
Punjab,Bathinda,2025-10-27,8,43.22,+5d,26.0,1,0.7921994047619045,1,0.37626262626262624,TP
Punjab,Bathinda,2025-10-28,9,58.940000000000005,+5d,30.0,1,0.8872261904761904,1,0.37626262626262624,TP
Punjab,Bathinda,2025-10-29,13,140.1,+5d,17.0,1,0.894784090909091,1,0.37626262626262624,TP
Punjab,Bathinda,2025-10-30,18,127.21,+5d,27.0,1,0.9433257575757577,1,0.37626262626262624,TP
Punjab,Bathinda,2025-10-31,41,315.65000000000003,+5d,12.0,1,0.9367499999999999,1,0.37626262626262624,TP
Punjab,Bathinda,2025-11-01,26,202.89,+5d,24.0,1,0.7779126984126984,1,0.37626262626262624,TP
Punjab,Bathinda,2025-11-02,30,221.48,+5d,41.0,1,0.7805892857142857,1,0.37626262626262624,TP
Punjab,Bathinda,2025-11-03,17,79.41,+5d,20.0,1,0.7890357142857143,1,0.37626262626262624,TP
Punjab,Bathinda,2025-11-04,27,125.34,+5d,18.0,1,0.8826071428571427,1,0.37626262626262624,TP
Punjab,Bathinda,2025-11-05,12,44.44,+5d,35.0,1,0.7107083333333334,1,0.37626262626262624,TP
Punjab,Bathinda,2025-11-06,24,116.88,+5d,32.0,1,0.5387916666666667,1,0.37626262626262624,TP
Punjab,Bathinda,2025-11-07,41,237.32,+5d,15.0,1,0.7046726190476191,1,0.37626262626262624,TP
Punjab,Bathinda,2025-11-08,20,100.05,+5d,14.0,1,0.7503750000000002,1,0.37626262626262624,TP
Punjab,Bathinda,2025-11-09,18,112.56,+5d,20.0,1,0.7452619047619048,1,0.37626262626262624,TP
Punjab,Bathinda,2025-11-10,35,228.03,+5d,11.0,1,0.8317678571428568,1,0.37626262626262624,TP
Punjab,Bathinda,2025-11-11,32,118.04,+5d,37.0,1,0.81525,1,0.37626262626262624,TP
Punjab,Bathinda,2025-11-12,15,44.18,+5d,13.0,1,0.7343750000000001,1,0.37626262626262624,TP
Punjab,Bathinda,2025-11-13,14,69.72,+5d,6.0,1,0.8016666666666667,1,0.37626262626262624,TP
Punjab,Bathinda,2025-11-14,20,112.79,+5d,6.0,1,0.8765833333333333,1,0.37626262626262624,TP
Punjab,Bathinda,2025-11-15,11,34.54,+5d,7.0,1,0.6854761904761905,1,0.37626262626262624,TP
Punjab,Bathinda,2025-11-16,37,147.55,+5d,8.0,1,0.6429087301587301,1,0.37626262626262624,TP
Punjab,Bathinda,2025-11-17,13,55.79,+5d,7.0,1,0.7090714285714286,1,0.37626262626262624,TP
Punjab,Bathinda,2025-11-18,6,25.15,+5d,1.0,0,0.5744742063492062,1,0.37626262626262624,FP
Punjab,Bathinda,2025-11-19,6,39.8,+5d,1.0,0,0.601111111111111,1,0.37626262626262624,FP
Punjab,Bathinda,2025-11-20,7,21.46,+5d,0.0,0,0.16913095238095235,0,0.37626262626262624,TN
Punjab,Bathinda,2025-11-21,8,30.63,+5d,1.0,0,0.21372619047619046,0,0.37626262626262624,TN
Punjab,Bathinda,2025-11-22,7,37.75,+5d,1.0,0,0.1472321428571429,0,0.37626262626262624,TN
Punjab,Bathinda,2025-11-23,1,1.89,+5d,0.0,0,0.14707633053221283,0,0.37626262626262624,TN
Punjab,Faridkot,2025-10-15,0,0.0,+5d,0.0,0,0.159793986342727,0,0.37626262626262624,TN
Punjab,Faridkot,2025-10-16,1,2.22,+5d,2.0,0,0.48317280193715206,1,0.37626262626262624,FP
Punjab,Faridkot,2025-10-17,1,5.47,+5d,5.0,1,0.5935101675285499,1,0.37626262626262624,TP
Punjab,Faridkot,2025-10-18,0,0.0,+5d,1.0,0,0.31539787588483925,0,0.37626262626262624,TN
Punjab,Faridkot,2025-10-19,1,5.6,+5d,2.0,0,0.5372976190476191,1,0.37626262626262624,FP
Punjab,Faridkot,2025-10-20,0,0.0,+5d,5.0,1,0.4122815145705858,1,0.37626262626262624,TP
Punjab,Faridkot,2025-10-21,2,7.15,+5d,5.0,1,0.7025871473956151,1,0.37626262626262624,TP
Punjab,Faridkot,2025-10-22,5,24.04,+5d,3.0,1,0.8163750000000001,1,0.37626262626262624,TP
Punjab,Faridkot,2025-10-23,1,6.57,+5d,2.0,0,0.6424828192640691,1,0.37626262626262624,FP
Punjab,Faridkot,2025-10-24,2,5.51,+5d,9.0,1,0.538894926152279,1,0.37626262626262624,TP
Punjab,Faridkot,2025-10-25,5,26.76,+5d,5.0,1,0.766843253968254,1,0.37626262626262624,TP
Punjab,Faridkot,2025-10-26,5,17.33,+5d,9.0,1,0.8756726190476194,1,0.37626262626262624,TP
Punjab,Faridkot,2025-10-27,3,11.5,+5d,4.0,1,0.7138514610389609,1,0.37626262626262624,TP
Punjab,Faridkot,2025-10-28,2,8.79,+5d,8.0,1,0.6611190476190477,1,0.37626262626262624,TP
Punjab,Faridkot,2025-10-29,9,88.17,+5d,0.0,0,0.869375,1,0.37626262626262624,FP
Punjab,Faridkot,2025-10-30,5,17.3,+5d,11.0,1,0.7633749999999999,1,0.37626262626262624,TP
Punjab,Faridkot,2025-10-31,9,39.27,+5d,12.0,1,0.8307916666666667,1,0.37626262626262624,TP
Punjab,Faridkot,2025-11-01,4,28.95,+5d,19.0,1,0.4935773809523811,1,0.37626262626262624,TP
Punjab,Faridkot,2025-11-02,8,50.22,+5d,8.0,1,0.49095833333333344,1,0.37626262626262624,TP
Punjab,Faridkot,2025-11-03,0,0.0,+5d,15.0,1,0.4160525210084034,1,0.37626262626262624,TP
Punjab,Faridkot,2025-11-04,11,61.760000000000005,+5d,20.0,1,0.6632916666666664,1,0.37626262626262624,TP
Punjab,Faridkot,2025-11-05,12,48.12,+5d,3.0,1,0.5552738095238096,1,0.37626262626262624,TP
Punjab,Faridkot,2025-11-06,19,138.35,+5d,9.0,1,0.5384583333333333,1,0.37626262626262624,TP
Punjab,Faridkot,2025-11-07,8,23.32,+5d,3.0,1,0.6290476190476191,1,0.37626262626262624,TP
Punjab,Faridkot,2025-11-08,15,90.21,+5d,4.0,1,0.6955694444444442,1,0.37626262626262624,TP
Punjab,Faridkot,2025-11-09,20,190.47,+5d,0.0,0,0.8612916666666667,1,0.37626262626262624,FP
Punjab,Faridkot,2025-11-10,3,10.91,+5d,2.0,0,0.6113333333333333,1,0.37626262626262624,FP
Punjab,Faridkot,2025-11-11,9,65.49,+5d,7.0,1,0.6170486111111111,1,0.37626262626262624,TP
Punjab,Faridkot,2025-11-12,3,11.0,+5d,4.0,1,0.5526835317460318,1,0.37626262626262624,TP
Punjab,Faridkot,2025-11-13,4,12.6,+5d,0.0,0,0.42141765873015863,1,0.37626262626262624,FP
Punjab,Faridkot,2025-11-14,0,0.0,+5d,2.0,0,0.3791120448179272,1,0.37626262626262624,FP
Punjab,Faridkot,2025-11-15,2,6.69,+5d,2.0,0,0.2891775793650795,0,0.37626262626262624,TN
Punjab,Faridkot,2025-11-16,7,34.44,+5d,0.0,0,0.41223611111111125,1,0.37626262626262624,FP
Punjab,Faridkot,2025-11-17,4,30.05,+5d,0.0,0,0.5037867063492064,1,0.37626262626262624,FP
Punjab,Faridkot,2025-11-18,0,0.0,+5d,0.0,0,0.2821636904761905,0,0.37626262626262624,TN
Punjab,Faridkot,2025-11-19,2,17.740000000000002,+5d,0.0,0,0.3635218253968254,0,0.37626262626262624,TN
Punjab,Faridkot,2025-11-20,2,11.43,+5d,0.0,0,0.22420833333333334,0,0.37626262626262624,TN
Punjab,Faridkot,2025-11-21,0,0.0,+5d,0.0,0,0.1750909325889165,0,0.37626262626262624,TN
Punjab,Faridkot,2025-11-22,0,0.0,+5d,0.0,0,0.1428422619047619,0,0.37626262626262624,TN
Punjab,Faridkot,2025-11-23,0,0.0,+5d,0.0,0,0.2168958333333334,0,0.37626262626262624,TN
Punjab,Fatehgarh Sahib,2025-10-15,0,0.0,+5d,1.0,0,0.18571034427626287,0,0.37626262626262624,TN
Punjab,Fatehgarh Sahib,2025-10-16,0,0.0,+5d,6.0,1,0.13462075409493887,0,0.37626262626262624,FN
Punjab,Fatehgarh Sahib,2025-10-17,0,0.0,+5d,2.0,0,0.1749924786788345,0,0.37626262626262624,TN
Punjab,Fatehgarh Sahib,2025-10-18,0,0.0,+5d,0.0,0,0.24279698377535489,0,0.37626262626262624,TN
Punjab,Fatehgarh Sahib,2025-10-19,4,20.89,+5d,0.0,0,0.6374642857142858,1,0.37626262626262624,FP
Punjab,Fatehgarh Sahib,2025-10-20,1,1.79,+5d,0.0,0,0.5666875000000002,1,0.37626262626262624,FP
Punjab,Fatehgarh Sahib,2025-10-21,6,26.86,+5d,14.0,1,0.8490208333333332,1,0.37626262626262624,TP
Punjab,Fatehgarh Sahib,2025-10-22,2,12.03,+5d,3.0,1,0.7726011904761907,1,0.37626262626262624,TP
Punjab,Fatehgarh Sahib,2025-10-23,0,0.0,+5d,4.0,1,0.5921757703081232,1,0.37626262626262624,TP
Punjab,Fatehgarh Sahib,2025-10-24,0,0.0,+5d,3.0,1,0.517022895226216,1,0.37626262626262624,TP
Punjab,Fatehgarh Sahib,2025-10-25,0,0.0,+5d,0.0,0,0.45558504104358577,1,0.37626262626262624,FP
Punjab,Fatehgarh Sahib,2025-10-26,14,44.94,+5d,5.0,1,0.7714315476190472,1,0.37626262626262624,TP
Punjab,Fatehgarh Sahib,2025-10-27,3,49.03,+5d,8.0,1,0.7771590320910972,1,0.37626262626262624,TP
Punjab,Fatehgarh Sahib,2025-10-28,4,19.14,+5d,5.0,1,0.7754166666666664,1,0.37626262626262624,TP
Punjab,Fatehgarh Sahib,2025-10-29,3,33.61,+5d,1.0,0,0.8150208333333337,1,0.37626262626262624,FP
Punjab,Fatehgarh Sahib,2025-10-30,0,0.0,+5d,3.0,1,0.530312675070028,1,0.37626262626262624,TP
Punjab,Fatehgarh Sahib,2025-10-31,5,28.4,+5d,6.0,1,0.6488541666666667,1,0.37626262626262624,TP
Punjab,Fatehgarh Sahib,2025-11-01,8,57.0,+5d,6.0,1,0.7489305555555557,1,0.37626262626262624,TP
Punjab,Fatehgarh Sahib,2025-11-02,5,30.47,+5d,8.0,1,0.5396250000000001,1,0.37626262626262624,TP
Punjab,Fatehgarh Sahib,2025-11-03,1,4.68,+5d,8.0,1,0.4000416666666666,1,0.37626262626262624,TP
Punjab,Fatehgarh Sahib,2025-11-04,3,19.16,+5d,5.0,1,0.5587916666666666,1,0.37626262626262624,TP
Punjab,Fatehgarh Sahib,2025-11-05,6,19.16,+5d,1.0,0,0.4725000000000001,1,0.37626262626262624,FP
Punjab,Fatehgarh Sahib,2025-11-06,6,9.41,+5d,3.0,1,0.440846099978453,1,0.37626262626262624,TP
Punjab,Fatehgarh Sahib,2025-11-07,8,23.52,+5d,1.0,0,0.3267785714285715,0,0.37626262626262624,TN
Punjab,Fatehgarh Sahib,2025-11-08,8,33.71,+5d,0.0,0,0.3283392857142858,0,0.37626262626262624,TN
Punjab,Fatehgarh Sahib,2025-11-09,5,24.72,+5d,2.0,0,0.44338095238095226,1,0.37626262626262624,FP
Punjab,Fatehgarh Sahib,2025-11-10,1,3.45,+5d,3.0,1,0.3364910714285715,0,0.37626262626262624,FN
Punjab,Fatehgarh Sahib,2025-11-11,3,7.37,+5d,4.0,1,0.2808232142857144,0,0.37626262626262624,FN
Punjab,Fatehgarh Sahib,2025-11-12,1,7.2,+5d,1.0,0,0.34225000000000017,0,0.37626262626262624,TN
Punjab,Fatehgarh Sahib,2025-11-13,0,0.0,+5d,1.0,0,0.2800667501616031,0,0.37626262626262624,TN
Punjab,Fatehgarh Sahib,2025-11-14,2,4.34,+5d,6.0,1,0.3275505952380952,0,0.37626262626262624,FN
Punjab,Fatehgarh Sahib,2025-11-15,3,6.069999999999999,+5d,3.0,1,0.37850496031746034,1,0.37626262626262624,TP
Punjab,Fatehgarh Sahib,2025-11-16,4,6.75,+5d,0.0,0,0.3516128205128204,0,0.37626262626262624,TN
Punjab,Fatehgarh Sahib,2025-11-17,1,3.37,+5d,0.0,0,0.2828668010752689,0,0.37626262626262624,TN
Punjab,Fatehgarh Sahib,2025-11-18,1,3.68,+5d,0.0,0,0.23687083333333345,0,0.37626262626262624,TN
Punjab,Fatehgarh Sahib,2025-11-19,6,22.45,+5d,0.0,0,0.40445119047619044,1,0.37626262626262624,FP
Punjab,Fatehgarh Sahib,2025-11-20,3,3.65,+5d,0.0,0,0.18991834554334555,0,0.37626262626262624,TN
Punjab,Fatehgarh Sahib,2025-11-21,0,0.0,+5d,0.0,0,0.1337618850683367,0,0.37626262626262624,TN
Punjab,Fatehgarh Sahib,2025-11-22,0,0.0,+5d,1.0,0,0.16787429914066535,0,0.37626262626262624,TN
Punjab,Fatehgarh Sahib,2025-11-23,0,0.0,+5d,0.0,0,0.14055393217893217,0,0.37626262626262624,TN
Punjab,Fazilka,2025-10-15,0,0.0,+5d,7.0,1,0.44180598758320544,1,0.37626262626262624,TP
Punjab,Fazilka,2025-10-16,2,8.14,+5d,4.0,1,0.5692291666666666,1,0.37626262626262624,TP
Punjab,Fazilka,2025-10-17,3,11.59,+5d,2.0,0,0.6567708333333333,1,0.37626262626262624,FP
Punjab,Fazilka,2025-10-18,0,0.0,+5d,0.0,0,0.4618095766899135,1,0.37626262626262624,FP
Punjab,Fazilka,2025-10-19,4,18.04,+5d,4.0,1,0.6645922619047618,1,0.37626262626262624,TP
Punjab,Fazilka,2025-10-20,7,33.6,+5d,0.0,0,0.8357083333333332,1,0.37626262626262624,FP
Punjab,Fazilka,2025-10-21,4,18.44,+5d,7.0,1,0.8537619047619046,1,0.37626262626262624,TP
Punjab,Fazilka,2025-10-22,2,40.43,+5d,1.0,0,0.7553095238095235,1,0.37626262626262624,FP
Punjab,Fazilka,2025-10-23,0,0.0,+5d,2.0,0,0.47032055322128846,1,0.37626262626262624,FP
Punjab,Fazilka,2025-10-24,4,27.34,+5d,4.0,1,0.7233958333333331,1,0.37626262626262624,TP
Punjab,Fazilka,2025-10-25,0,0.0,+5d,5.0,1,0.5212541113219481,1,0.37626262626262624,TP
Punjab,Fazilka,2025-10-26,7,29.8,+5d,10.0,1,0.769270833333333,1,0.37626262626262624,TP
Punjab,Fazilka,2025-10-27,1,3.99,+5d,12.0,1,0.6074883658008656,1,0.37626262626262624,TP
Punjab,Fazilka,2025-10-28,2,11.98,+5d,13.0,1,0.6014990079365079,1,0.37626262626262624,TP
Punjab,Fazilka,2025-10-29,4,27.86,+5d,13.0,1,0.7294176587301588,1,0.37626262626262624,TP
Punjab,Fazilka,2025-10-30,5,24.56,+5d,16.0,1,0.8282916666666666,1,0.37626262626262624,TP
Punjab,Fazilka,2025-10-31,10,44.28,+5d,18.0,1,0.6465803571428572,1,0.37626262626262624,TP
Punjab,Fazilka,2025-11-01,12,57.93,+5d,25.0,1,0.6707678571428569,1,0.37626262626262624,TP
Punjab,Fazilka,2025-11-02,13,84.34,+5d,20.0,1,0.6266666666666668,1,0.37626262626262624,TP
Punjab,Fazilka,2025-11-03,13,134.76,+5d,24.0,1,0.7508869047619047,1,0.37626262626262624,TP
Punjab,Fazilka,2025-11-04,16,119.84,+5d,46.0,1,0.8554027777777777,1,0.37626262626262624,TP
Punjab,Fazilka,2025-11-05,18,102.75,+5d,17.0,1,0.7291805555555555,1,0.37626262626262624,TP
Punjab,Fazilka,2025-11-06,25,259.03000000000003,+5d,23.0,1,0.586952380952381,1,0.37626262626262624,TP
Punjab,Fazilka,2025-11-07,20,154.25,+5d,14.0,1,0.7402916666666668,1,0.37626262626262624,TP
Punjab,Fazilka,2025-11-08,24,119.77,+5d,19.0,1,0.8073809523809525,1,0.37626262626262624,TP
Punjab,Fazilka,2025-11-09,46,255.47,+5d,29.0,1,0.8845833333333337,1,0.37626262626262624,TP
Punjab,Fazilka,2025-11-10,17,96.81,+5d,18.0,1,0.7810952380952384,1,0.37626262626262624,TP
Punjab,Fazilka,2025-11-11,23,189.2,+5d,29.0,1,0.7896369047619047,1,0.37626262626262624,TP
Punjab,Fazilka,2025-11-12,14,117.91,+5d,7.0,1,0.7746130952380953,1,0.37626262626262624,TP
Punjab,Fazilka,2025-11-13,19,143.35,+5d,3.0,1,0.8472023809523809,1,0.37626262626262624,TP
Punjab,Fazilka,2025-11-14,29,271.5,+5d,10.0,1,0.7826369047619047,1,0.37626262626262624,TP
Punjab,Fazilka,2025-11-15,18,61.9,+5d,1.0,0,0.7458750000000003,1,0.37626262626262624,FP
Punjab,Fazilka,2025-11-16,29,117.8,+5d,10.0,1,0.69825,1,0.37626262626262624,TP
Punjab,Fazilka,2025-11-17,7,33.87,+5d,4.0,1,0.6588809523809525,1,0.37626262626262624,TP
Punjab,Fazilka,2025-11-18,3,15.489999999999998,+5d,3.0,1,0.5639126984126984,1,0.37626262626262624,TP
Punjab,Fazilka,2025-11-19,10,25.72,+5d,0.0,0,0.6007113095238096,1,0.37626262626262624,FP
Punjab,Fazilka,2025-11-20,1,6.82,+5d,5.0,1,0.1573273809523809,0,0.37626262626262624,FN
Punjab,Fazilka,2025-11-21,10,59.63,+5d,1.0,0,0.21733928571428568,0,0.37626262626262624,TN
Punjab,Fazilka,2025-11-22,4,25.17,+5d,4.0,1,0.13864880952380954,0,0.37626262626262624,FN
Punjab,Fazilka,2025-11-23,3,33.96,+5d,2.0,0,0.2196309523809524,0,0.37626262626262624,TN
Punjab,Ferozepur,2025-10-15,3,12.61,+5d,18.0,1,0.769967261904762,1,0.37626262626262624,TP
Punjab,Ferozepur,2025-10-16,9,81.17999999999999,+5d,31.0,1,0.9192321428571428,1,0.37626262626262624,TP
Punjab,Ferozepur,2025-10-17,7,33.97,+5d,18.0,1,0.8472420634920637,1,0.37626262626262624,TP
Punjab,Ferozepur,2025-10-18,10,29.47,+5d,5.0,1,0.8635,1,0.37626262626262624,TP
Punjab,Ferozepur,2025-10-19,7,76.3,+5d,7.0,1,0.8513154761904764,1,0.37626262626262624,TP
Punjab,Ferozepur,2025-10-20,18,144.3,+5d,12.0,1,0.9067380952380951,1,0.37626262626262624,TP
Punjab,Ferozepur,2025-10-21,31,177.18,+5d,25.0,1,0.9735416666666667,1,0.37626262626262624,TP
Punjab,Ferozepur,2025-10-22,18,137.65,+5d,14.0,1,0.9419166666666666,1,0.37626262626262624,TP
Punjab,Ferozepur,2025-10-23,5,19.84,+5d,10.0,1,0.8812083333333333,1,0.37626262626262624,TP
Punjab,Ferozepur,2025-10-24,7,31.76,+5d,27.0,1,0.8779583333333334,1,0.37626262626262624,TP
Punjab,Ferozepur,2025-10-25,12,88.68,+5d,43.0,1,0.8901964285714287,1,0.37626262626262624,TP
Punjab,Ferozepur,2025-10-26,25,167.95,+5d,35.0,1,0.9506964285714283,1,0.37626262626262624,TP
Punjab,Ferozepur,2025-10-27,14,99.84,+5d,33.0,1,0.957404761904762,1,0.37626262626262624,TP
Punjab,Ferozepur,2025-10-28,10,50.78,+5d,47.0,1,0.9174404761904762,1,0.37626262626262624,TP
Punjab,Ferozepur,2025-10-29,27,342.41,+5d,26.0,1,0.9667083333333334,1,0.37626262626262624,TP
Punjab,Ferozepur,2025-10-30,43,284.75,+5d,69.0,1,0.9790416666666666,1,0.37626262626262624,TP
Punjab,Ferozepur,2025-10-31,35,223.29,+5d,5.0,1,0.9466666666666668,1,0.37626262626262624,TP
Punjab,Ferozepur,2025-11-01,33,243.13,+5d,20.0,1,0.8009940476190475,1,0.37626262626262624,TP
Punjab,Ferozepur,2025-11-02,47,320.26,+5d,48.0,1,0.8532142857142858,1,0.37626262626262624,TP
Punjab,Ferozepur,2025-11-03,26,130.48,+5d,46.0,1,0.7819404761904762,1,0.37626262626262624,TP
Punjab,Ferozepur,2025-11-04,69,518.02,+5d,77.0,1,0.9168749999999997,1,0.37626262626262624,TP
Punjab,Ferozepur,2025-11-05,5,39.5,+5d,39.0,1,0.6585644841269841,1,0.37626262626262624,TP
Punjab,Ferozepur,2025-11-06,20,166.86,+5d,23.0,1,0.5854583333333334,1,0.37626262626262624,TP
Punjab,Ferozepur,2025-11-07,48,253.48,+5d,22.0,1,0.7135000000000001,1,0.37626262626262624,TP
Punjab,Ferozepur,2025-11-08,46,301.38,+5d,21.0,1,0.7922202380952382,1,0.37626262626262624,TP
Punjab,Ferozepur,2025-11-09,77,484.15,+5d,12.0,1,0.9029702380952382,1,0.37626262626262624,TP
Punjab,Ferozepur,2025-11-10,39,197.49,+5d,20.0,1,0.8212261904761904,1,0.37626262626262624,TP
Punjab,Ferozepur,2025-11-11,23,143.03,+5d,19.0,1,0.7596041666666666,1,0.37626262626262624,TP
Punjab,Ferozepur,2025-11-12,22,96.13,+5d,2.0,0,0.723279761904762,1,0.37626262626262624,FP
Punjab,Ferozepur,2025-11-13,21,122.98,+5d,4.0,1,0.8990000000000002,1,0.37626262626262624,TP
Punjab,Ferozepur,2025-11-14,12,70.94,+5d,1.0,0,0.7728333333333335,1,0.37626262626262624,FP
Punjab,Ferozepur,2025-11-15,20,267.89,+5d,1.0,0,0.7622916666666668,1,0.37626262626262624,FP
Punjab,Ferozepur,2025-11-16,19,94.6,+5d,1.0,0,0.7602738095238095,1,0.37626262626262624,FP
Punjab,Ferozepur,2025-11-17,2,7.55,+5d,3.0,1,0.6402242063492062,1,0.37626262626262624,TP
Punjab,Ferozepur,2025-11-18,4,10.27,+5d,0.0,0,0.583487044817927,1,0.37626262626262624,FP
Punjab,Ferozepur,2025-11-19,1,4.64,+5d,2.0,0,0.3651884920634921,0,0.37626262626262624,TN
Punjab,Ferozepur,2025-11-20,1,3.39,+5d,1.0,0,0.2490714285714286,0,0.37626262626262624,TN
Punjab,Ferozepur,2025-11-21,1,3.06,+5d,0.0,0,0.26852777777777775,0,0.37626262626262624,TN
Punjab,Ferozepur,2025-11-22,3,9.88,+5d,1.0,0,0.33236309523809526,0,0.37626262626262624,TN
Punjab,Ferozepur,2025-11-23,0,0.0,+5d,0.0,0,0.3190863095238096,0,0.37626262626262624,TN
Punjab,Gurdaspur,2025-10-15,0,0.0,+5d,10.0,1,0.5145972700015038,1,0.37626262626262624,TP
Punjab,Gurdaspur,2025-10-16,1,3.49,+5d,11.0,1,0.5781151244588745,1,0.37626262626262624,TP
Punjab,Gurdaspur,2025-10-17,2,6.96,+5d,18.0,1,0.5883312139249639,1,0.37626262626262624,TP
Punjab,Gurdaspur,2025-10-18,3,11.97,+5d,5.0,1,0.6710654761904761,1,0.37626262626262624,TP
Punjab,Gurdaspur,2025-10-19,4,9.85,+5d,4.0,1,0.7739880952380952,1,0.37626262626262624,TP
Punjab,Gurdaspur,2025-10-20,10,38.04,+5d,7.0,1,0.8868333333333334,1,0.37626262626262624,TP
Punjab,Gurdaspur,2025-10-21,11,53.23,+5d,23.0,1,0.9057083333333332,1,0.37626262626262624,TP
Punjab,Gurdaspur,2025-10-22,18,68.9,+5d,9.0,1,0.9624107142857143,1,0.37626262626262624,TP
Punjab,Gurdaspur,2025-10-23,5,11.48,+5d,5.0,1,0.8486250000000001,1,0.37626262626262624,TP
Punjab,Gurdaspur,2025-10-24,4,15.14,+5d,0.0,0,0.8707916666666666,1,0.37626262626262624,FP
Punjab,Gurdaspur,2025-10-25,7,20.9,+5d,5.0,1,0.8289047619047623,1,0.37626262626262624,TP
Punjab,Gurdaspur,2025-10-26,23,92.27,+5d,10.0,1,0.9490000000000001,1,0.37626262626262624,TP
Punjab,Gurdaspur,2025-10-27,9,22.0,+5d,10.0,1,0.7551726190476189,1,0.37626262626262624,TP
Punjab,Gurdaspur,2025-10-28,5,21.13,+5d,6.0,1,0.7972500000000001,1,0.37626262626262624,TP
Punjab,Gurdaspur,2025-10-29,0,0.0,+5d,3.0,1,0.7160416666666669,1,0.37626262626262624,TP
Punjab,Gurdaspur,2025-10-30,5,31.75,+5d,5.0,1,0.6077291666666667,1,0.37626262626262624,TP
Punjab,Gurdaspur,2025-10-31,10,31.14,+5d,2.0,0,0.6763749999999998,1,0.37626262626262624,FP
Punjab,Gurdaspur,2025-11-01,10,37.7,+5d,6.0,1,0.6754166666666664,1,0.37626262626262624,TP
Punjab,Gurdaspur,2025-11-02,6,26.83,+5d,6.0,1,0.4979255952380953,1,0.37626262626262624,TP
Punjab,Gurdaspur,2025-11-03,3,10.03,+5d,5.0,1,0.45399702380952384,1,0.37626262626262624,TP
Punjab,Gurdaspur,2025-11-04,5,22.94,+5d,4.0,1,0.5478273809523809,1,0.37626262626262624,TP
Punjab,Gurdaspur,2025-11-05,2,4.93,+5d,12.0,1,0.4439434523809524,1,0.37626262626262624,TP
Punjab,Gurdaspur,2025-11-06,6,27.17,+5d,6.0,1,0.40177182539682543,1,0.37626262626262624,TP
Punjab,Gurdaspur,2025-11-07,6,15.24,+5d,2.0,0,0.376279761904762,1,0.37626262626262624,FP
Punjab,Gurdaspur,2025-11-08,5,17.650000000000002,+5d,0.0,0,0.5206250000000001,1,0.37626262626262624,FP
Punjab,Gurdaspur,2025-11-09,4,15.5,+5d,0.0,0,0.4020833333333335,1,0.37626262626262624,FP
Punjab,Gurdaspur,2025-11-10,12,49.24,+5d,0.0,0,0.6785119047619045,1,0.37626262626262624,FP
Punjab,Gurdaspur,2025-11-11,6,18.61,+5d,1.0,0,0.3839702380952381,1,0.37626262626262624,FP
Punjab,Gurdaspur,2025-11-12,2,4.21,+5d,0.0,0,0.35613392857142867,0,0.37626262626262624,TN
Punjab,Gurdaspur,2025-11-13,0,0.0,+5d,0.0,0,0.3381924019607842,0,0.37626262626262624,TN
Punjab,Gurdaspur,2025-11-14,0,0.0,+5d,0.0,0,0.23262946653020186,0,0.37626262626262624,TN
Punjab,Gurdaspur,2025-11-15,0,0.0,+5d,0.0,0,0.23903105590062107,0,0.37626262626262624,TN
Punjab,Gurdaspur,2025-11-16,1,3.47,+5d,0.0,0,0.22,0,0.37626262626262624,TN
Punjab,Gurdaspur,2025-11-17,0,0.0,+5d,1.0,0,0.2309465015660668,0,0.37626262626262624,TN
Punjab,Gurdaspur,2025-11-18,0,0.0,+5d,0.0,0,0.14313690476190474,0,0.37626262626262624,TN
Punjab,Gurdaspur,2025-11-19,0,0.0,+5d,0.0,0,0.08468085230182004,0,0.37626262626262624,TN
Punjab,Gurdaspur,2025-11-20,0,0.0,+5d,0.0,0,0.07904394753991528,0,0.37626262626262624,TN
Punjab,Gurdaspur,2025-11-21,0,0.0,+5d,0.0,0,0.08722702834799607,0,0.37626262626262624,TN
Punjab,Gurdaspur,2025-11-22,1,3.23,+5d,0.0,0,0.0774050586510264,0,0.37626262626262624,TN
Punjab,Gurdaspur,2025-11-23,0,0.0,+5d,0.0,0,0.0785495391705069,0,0.37626262626262624,TN
Punjab,Hoshiarpur,2025-10-15,0,0.0,+5d,0.0,0,0.19441379171656453,0,0.37626262626262624,TN
Punjab,Hoshiarpur,2025-10-16,0,0.0,+5d,1.0,0,0.15410920520040317,0,0.37626262626262624,TN
Punjab,Hoshiarpur,2025-10-17,0,0.0,+5d,1.0,0,0.15379266063385857,0,0.37626262626262624,TN
Punjab,Hoshiarpur,2025-10-18,0,0.0,+5d,0.0,0,0.2553220614346237,0,0.37626262626262624,TN
Punjab,Hoshiarpur,2025-10-19,0,0.0,+5d,3.0,1,0.35856288879327586,0,0.37626262626262624,FN
Punjab,Hoshiarpur,2025-10-20,0,0.0,+5d,1.0,0,0.29825510972593805,0,0.37626262626262624,TN
Punjab,Hoshiarpur,2025-10-21,1,2.05,+5d,3.0,1,0.7192332569391394,1,0.37626262626262624,TP
Punjab,Hoshiarpur,2025-10-22,1,1.95,+5d,1.0,0,0.6855001567060391,1,0.37626262626262624,FP
Punjab,Hoshiarpur,2025-10-23,0,0.0,+5d,1.0,0,0.22741165822516007,0,0.37626262626262624,TN
Punjab,Hoshiarpur,2025-10-24,3,8.99,+5d,2.0,0,0.47596810542398793,1,0.37626262626262624,FP
Punjab,Hoshiarpur,2025-10-25,1,3.5,+5d,1.0,0,0.7759949494949495,1,0.37626262626262624,FP
Punjab,Hoshiarpur,2025-10-26,3,8.4,+5d,7.0,1,0.7400674603174602,1,0.37626262626262624,TP
Punjab,Hoshiarpur,2025-10-27,1,1.99,+5d,11.0,1,0.6220386904761905,1,0.37626262626262624,TP
Punjab,Hoshiarpur,2025-10-28,1,1.76,+5d,2.0,0,0.4769019607843137,1,0.37626262626262624,FP
Punjab,Hoshiarpur,2025-10-29,2,9.41,+5d,0.0,0,0.7036904761904761,1,0.37626262626262624,FP
Punjab,Hoshiarpur,2025-10-30,1,4.77,+5d,3.0,1,0.5240763888888887,1,0.37626262626262624,TP
Punjab,Hoshiarpur,2025-10-31,7,13.48,+5d,1.0,0,0.5998076384399913,1,0.37626262626262624,FP
Punjab,Hoshiarpur,2025-11-01,11,59.01,+5d,0.0,0,0.7997817460317461,1,0.37626262626262624,FP
Punjab,Hoshiarpur,2025-11-02,2,4.35,+5d,0.0,0,0.525300595238095,1,0.37626262626262624,FP
Punjab,Hoshiarpur,2025-11-03,0,0.0,+5d,0.0,0,0.4690151808159161,1,0.37626262626262624,FP
Punjab,Hoshiarpur,2025-11-04,3,9.78,+5d,0.0,0,0.5253067226890755,1,0.37626262626262624,FP
Punjab,Hoshiarpur,2025-11-05,1,0.53,+5d,1.0,0,0.41932617144683937,1,0.37626262626262624,FP
Punjab,Hoshiarpur,2025-11-06,0,0.0,+5d,4.0,1,0.2911600274725274,0,0.37626262626262624,FN
Punjab,Hoshiarpur,2025-11-07,0,0.0,+5d,1.0,0,0.29844642857142856,0,0.37626262626262624,TN
Punjab,Hoshiarpur,2025-11-08,0,0.0,+5d,1.0,0,0.26023115079365083,0,0.37626262626262624,TN
Punjab,Hoshiarpur,2025-11-09,0,0.0,+5d,0.0,0,0.13189339826839827,0,0.37626262626262624,TN
Punjab,Hoshiarpur,2025-11-10,1,3.59,+5d,1.0,0,0.1013744588744589,0,0.37626262626262624,TN
Punjab,Hoshiarpur,2025-11-11,4,13.02,+5d,0.0,0,0.42063095238095227,1,0.37626262626262624,FP
Punjab,Hoshiarpur,2025-11-12,1,2.58,+5d,1.0,0,0.2484464285714285,0,0.37626262626262624,TN
Punjab,Hoshiarpur,2025-11-13,1,4.07,+5d,1.0,0,0.29125,0,0.37626262626262624,TN
Punjab,Hoshiarpur,2025-11-14,0,0.0,+5d,1.0,0,0.2933445514373883,0,0.37626262626262624,TN
Punjab,Hoshiarpur,2025-11-15,1,5.82,+5d,0.0,0,0.21043452380952382,0,0.37626262626262624,TN
Punjab,Hoshiarpur,2025-11-16,0,0.0,+5d,0.0,0,0.1756586538461538,0,0.37626262626262624,TN
Punjab,Hoshiarpur,2025-11-17,1,2.83,+5d,0.0,0,0.10703409090909093,0,0.37626262626262624,TN
Punjab,Hoshiarpur,2025-11-18,1,3.42,+5d,0.0,0,0.23398095238095237,0,0.37626262626262624,TN
Punjab,Hoshiarpur,2025-11-19,1,3.11,+5d,2.0,0,0.15648214285714288,0,0.37626262626262624,TN
Punjab,Hoshiarpur,2025-11-20,0,0.0,+5d,0.0,0,0.1453118686868687,0,0.37626262626262624,TN
Punjab,Hoshiarpur,2025-11-21,0,0.0,+5d,2.0,0,0.05403409090909092,0,0.37626262626262624,TN
Punjab,Hoshiarpur,2025-11-22,0,0.0,+5d,1.0,0,0.07903409090909093,0,0.37626262626262624,TN
Punjab,Hoshiarpur,2025-11-23,0,0.0,+5d,0.0,0,0.0617965367965368,0,0.37626262626262624,TN
Punjab,Jalandhar,2025-10-15,0,0.0,+5d,2.0,0,0.2575032995678156,0,0.37626262626262624,TN
Punjab,Jalandhar,2025-10-16,0,0.0,+5d,3.0,1,0.23673060898843107,0,0.37626262626262624,FN
Punjab,Jalandhar,2025-10-17,4,14.38,+5d,4.0,1,0.5035461176895002,1,0.37626262626262624,TP
Punjab,Jalandhar,2025-10-18,2,9.96,+5d,1.0,0,0.710924107142857,1,0.37626262626262624,FP
Punjab,Jalandhar,2025-10-19,0,0.0,+5d,0.0,0,0.5566537804515748,1,0.37626262626262624,FP
Punjab,Jalandhar,2025-10-20,2,9.15,+5d,8.0,1,0.6306190476190476,1,0.37626262626262624,TP
Punjab,Jalandhar,2025-10-21,3,16.41,+5d,12.0,1,0.8397738095238095,1,0.37626262626262624,TP
Punjab,Jalandhar,2025-10-22,4,15.63,+5d,8.0,1,0.8502619047619049,1,0.37626262626262624,TP
Punjab,Jalandhar,2025-10-23,1,2.67,+5d,6.0,1,0.7271033549783552,1,0.37626262626262624,TP
Punjab,Jalandhar,2025-10-24,0,0.0,+5d,12.0,1,0.6440332045405576,1,0.37626262626262624,TP
Punjab,Jalandhar,2025-10-25,8,94.87,+5d,5.0,1,0.8308124999999997,1,0.37626262626262624,TP
Punjab,Jalandhar,2025-10-26,12,45.35,+5d,13.0,1,0.9437500000000003,1,0.37626262626262624,TP
Punjab,Jalandhar,2025-10-27,8,36.98,+5d,18.0,1,0.8664583333333334,1,0.37626262626262624,TP
Punjab,Jalandhar,2025-10-28,6,29.52,+5d,15.0,1,0.8629821428571429,1,0.37626262626262624,TP
Punjab,Jalandhar,2025-10-29,12,42.22,+5d,5.0,1,0.8934166666666666,1,0.37626262626262624,TP
Punjab,Jalandhar,2025-10-30,5,25.29,+5d,9.0,1,0.7351666666666665,1,0.37626262626262624,TP
Punjab,Jalandhar,2025-10-31,13,70.91,+5d,8.0,1,0.8372738095238097,1,0.37626262626262624,TP
Punjab,Jalandhar,2025-11-01,18,79.67999999999999,+5d,11.0,1,0.7832222222222223,1,0.37626262626262624,TP
Punjab,Jalandhar,2025-11-02,15,97.69,+5d,16.0,1,0.8413234126984126,1,0.37626262626262624,TP
Punjab,Jalandhar,2025-11-03,5,47.65,+5d,5.0,1,0.7700595238095237,1,0.37626262626262624,TP
Punjab,Jalandhar,2025-11-04,9,61.24,+5d,9.0,1,0.7961666666666666,1,0.37626262626262624,TP
Punjab,Jalandhar,2025-11-05,8,5.93,+5d,16.0,1,0.685797619047619,1,0.37626262626262624,TP
Punjab,Jalandhar,2025-11-06,11,34.28,+5d,19.0,1,0.45388095238095216,1,0.37626262626262624,TP
Punjab,Jalandhar,2025-11-07,16,78.03,+5d,10.0,1,0.4089027777777779,1,0.37626262626262624,TP
Punjab,Jalandhar,2025-11-08,5,17.88,+5d,4.0,1,0.498142857142857,1,0.37626262626262624,TP
Punjab,Jalandhar,2025-11-09,9,30.61,+5d,1.0,0,0.5352956349206349,1,0.37626262626262624,FP
Punjab,Jalandhar,2025-11-10,16,64.49,+5d,2.0,0,0.4957797619047621,1,0.37626262626262624,FP
Punjab,Jalandhar,2025-11-11,19,152.87,+5d,4.0,1,0.6230059523809524,1,0.37626262626262624,TP
Punjab,Jalandhar,2025-11-12,10,33.88,+5d,1.0,0,0.6296190476190474,1,0.37626262626262624,FP
Punjab,Jalandhar,2025-11-13,4,17.48,+5d,1.0,0,0.59115873015873,1,0.37626262626262624,FP
Punjab,Jalandhar,2025-11-14,1,1.66,+5d,1.0,0,0.6163828781512606,1,0.37626262626262624,FP
Punjab,Jalandhar,2025-11-15,2,7.02,+5d,0.0,0,0.2736696428571428,0,0.37626262626262624,TN
Punjab,Jalandhar,2025-11-16,4,21.23,+5d,1.0,0,0.3666785714285715,0,0.37626262626262624,TN
Punjab,Jalandhar,2025-11-17,1,1.76,+5d,0.0,0,0.37812797619047617,1,0.37626262626262624,FP
Punjab,Jalandhar,2025-11-18,1,2.9,+5d,0.0,0,0.33499999999999985,0,0.37626262626262624,TN
Punjab,Jalandhar,2025-11-19,1,4.82,+5d,7.0,1,0.23219246031746044,0,0.37626262626262624,FN
Punjab,Jalandhar,2025-11-20,0,0.0,+5d,0.0,0,0.10177083333333334,0,0.37626262626262624,TN
Punjab,Jalandhar,2025-11-21,1,3.67,+5d,1.0,0,0.17333333333333337,0,0.37626262626262624,TN
Punjab,Jalandhar,2025-11-22,0,0.0,+5d,0.0,0,0.09661607142857141,0,0.37626262626262624,TN
Punjab,Jalandhar,2025-11-23,0,0.0,+5d,2.0,0,0.11171703296703292,0,0.37626262626262624,TN
Punjab,Kapurthala,2025-10-15,0,0.0,+5d,0.0,0,0.3477487794726885,0,0.37626262626262624,TN
Punjab,Kapurthala,2025-10-16,2,19.36,+5d,18.0,1,0.6906363954672778,1,0.37626262626262624,TP
Punjab,Kapurthala,2025-10-17,0,0.0,+5d,6.0,1,0.5101155462184876,1,0.37626262626262624,TP
Punjab,Kapurthala,2025-10-18,1,2.11,+5d,5.0,1,0.5745631070976778,1,0.37626262626262624,TP
Punjab,Kapurthala,2025-10-19,0,0.0,+5d,2.0,0,0.564890369305617,1,0.37626262626262624,FP
Punjab,Kapurthala,2025-10-20,0,0.0,+5d,8.0,1,0.45449637055584013,1,0.37626262626262624,TP
Punjab,Kapurthala,2025-10-21,18,162.19,+5d,13.0,1,0.8944880952380952,1,0.37626262626262624,TP
Punjab,Kapurthala,2025-10-22,6,27.200000000000003,+5d,14.0,1,0.9311309523809526,1,0.37626262626262624,TP
Punjab,Kapurthala,2025-10-23,5,18.61,+5d,3.0,1,0.9018571428571428,1,0.37626262626262624,TP
Punjab,Kapurthala,2025-10-24,2,13.5,+5d,18.0,1,0.8094566197691201,1,0.37626262626262624,TP
Punjab,Kapurthala,2025-10-25,8,66.05,+5d,12.0,1,0.9436249999999998,1,0.37626262626262624,TP
Punjab,Kapurthala,2025-10-26,13,79.31,+5d,31.0,1,0.9626666666666668,1,0.37626262626262624,TP
Punjab,Kapurthala,2025-10-27,14,51.09,+5d,35.0,1,0.9415416666666667,1,0.37626262626262624,TP
Punjab,Kapurthala,2025-10-28,3,15.39,+5d,26.0,1,0.7634983766233766,1,0.37626262626262624,TP
Punjab,Kapurthala,2025-10-29,18,131.55,+5d,11.0,1,0.9081041666666669,1,0.37626262626262624,TP
Punjab,Kapurthala,2025-10-30,12,41.96,+5d,11.0,1,0.8863333333333333,1,0.37626262626262624,TP
Punjab,Kapurthala,2025-10-31,31,101.58,+5d,0.0,0,0.9093928571428574,1,0.37626262626262624,FP
Punjab,Kapurthala,2025-11-01,35,154.07,+5d,5.0,1,0.908781746031746,1,0.37626262626262624,TP
Punjab,Kapurthala,2025-11-02,26,154.72,+5d,14.0,1,0.8934543650793652,1,0.37626262626262624,TP
Punjab,Kapurthala,2025-11-03,11,44.88,+5d,10.0,1,0.8354166666666667,1,0.37626262626262624,TP
Punjab,Kapurthala,2025-11-04,11,57.36,+5d,9.0,1,0.8777916666666665,1,0.37626262626262624,TP
Punjab,Kapurthala,2025-11-05,0,0.0,+5d,6.0,1,0.8644523809523809,1,0.37626262626262624,TP
Punjab,Kapurthala,2025-11-06,5,15.38,+5d,8.0,1,0.519595238095238,1,0.37626262626262624,TP
Punjab,Kapurthala,2025-11-07,14,53.81,+5d,2.0,0,0.4605634920634922,1,0.37626262626262624,FP
Punjab,Kapurthala,2025-11-08,10,44.3,+5d,2.0,0,0.5517083333333335,1,0.37626262626262624,FP
Punjab,Kapurthala,2025-11-09,9,34.25,+5d,0.0,0,0.5403789682539683,1,0.37626262626262624,FP
Punjab,Kapurthala,2025-11-10,6,32.980000000000004,+5d,2.0,0,0.45224999999999993,1,0.37626262626262624,FP
Punjab,Kapurthala,2025-11-11,8,22.67,+5d,4.0,1,0.3531964285714286,0,0.37626262626262624,FN
Punjab,Kapurthala,2025-11-12,2,11.84,+5d,0.0,0,0.3719027777777779,0,0.37626262626262624,TN
Punjab,Kapurthala,2025-11-13,2,4.36,+5d,1.0,0,0.29640668767507,0,0.37626262626262624,TN
Punjab,Kapurthala,2025-11-14,0,0.0,+5d,1.0,0,0.330609068627451,0,0.37626262626262624,TN
Punjab,Kapurthala,2025-11-15,2,10.1,+5d,0.0,0,0.3725833333333334,0,0.37626262626262624,TN
Punjab,Kapurthala,2025-11-16,4,17.630000000000003,+5d,1.0,0,0.47885119047619057,1,0.37626262626262624,FP
Punjab,Kapurthala,2025-11-17,0,0.0,+5d,0.0,0,0.2847142857142859,0,0.37626262626262624,TN
Punjab,Kapurthala,2025-11-18,1,3.46,+5d,0.0,0,0.23710714285714288,0,0.37626262626262624,TN
Punjab,Kapurthala,2025-11-19,1,0.67,+5d,0.0,0,0.1940466036414566,0,0.37626262626262624,TN
Punjab,Kapurthala,2025-11-20,0,0.0,+5d,0.0,0,0.12085960410557182,0,0.37626262626262624,TN
Punjab,Kapurthala,2025-11-21,1,1.36,+5d,0.0,0,0.16995430107526882,0,0.37626262626262624,TN
Punjab,Kapurthala,2025-11-22,0,0.0,+5d,1.0,0,0.07272023809523809,0,0.37626262626262624,TN
Punjab,Kapurthala,2025-11-23,0,0.0,+5d,3.0,1,0.14049999999999999,0,0.37626262626262624,FN
Punjab,Ludhiana,2025-10-15,2,4.0200000000000005,+5d,0.0,0,0.37040965821812605,0,0.37626262626262624,TN
Punjab,Ludhiana,2025-10-16,0,0.0,+5d,0.0,0,0.2931692173839233,0,0.37626262626262624,TN
Punjab,Ludhiana,2025-10-17,0,0.0,+5d,1.0,0,0.1331941084366756,0,0.37626262626262624,TN
Punjab,Ludhiana,2025-10-18,0,0.0,+5d,0.0,0,0.40302961526021874,1,0.37626262626262624,FP
Punjab,Ludhiana,2025-10-19,1,1.78,+5d,1.0,0,0.4724375179559003,1,0.37626262626262624,FP
Punjab,Ludhiana,2025-10-20,0,0.0,+5d,6.0,1,0.45306113440652906,1,0.37626262626262624,TP
Punjab,Ludhiana,2025-10-21,0,0.0,+5d,4.0,1,0.31258952935782247,0,0.37626262626262624,FN
Punjab,Ludhiana,2025-10-22,1,2.57,+5d,7.0,1,0.4327627744646246,1,0.37626262626262624,TP
Punjab,Ludhiana,2025-10-23,0,0.0,+5d,8.0,1,0.1841094102938799,0,0.37626262626262624,FN
Punjab,Ludhiana,2025-10-24,1,1.54,+5d,7.0,1,0.3336188350706852,0,0.37626262626262624,FN
Punjab,Ludhiana,2025-10-25,6,21.11,+5d,2.0,0,0.6784880952380952,1,0.37626262626262624,FP
Punjab,Ludhiana,2025-10-26,4,15.24,+5d,21.0,1,0.8211607142857145,1,0.37626262626262624,TP
Punjab,Ludhiana,2025-10-27,7,13.43,+5d,19.0,1,0.6915269607843137,1,0.37626262626262624,TP
Punjab,Ludhiana,2025-10-28,8,36.38,+5d,33.0,1,0.9016190476190477,1,0.37626262626262624,TP
Punjab,Ludhiana,2025-10-29,7,41.97,+5d,13.0,1,0.8508809523809524,1,0.37626262626262624,TP
Punjab,Ludhiana,2025-10-30,2,12.87,+5d,31.0,1,0.6220714285714285,1,0.37626262626262624,TP
Punjab,Ludhiana,2025-10-31,21,66.55,+5d,33.0,1,0.8405,1,0.37626262626262624,TP
Punjab,Ludhiana,2025-11-01,19,87.58,+5d,39.0,1,0.6740972222222221,1,0.37626262626262624,TP
Punjab,Ludhiana,2025-11-02,33,183.02,+5d,50.0,1,0.8602678571428573,1,0.37626262626262624,TP
Punjab,Ludhiana,2025-11-03,13,65.13,+5d,33.0,1,0.8008217893217894,1,0.37626262626262624,TP
Punjab,Ludhiana,2025-11-04,31,162.89,+5d,32.0,1,0.9214166666666667,1,0.37626262626262624,TP
Punjab,Ludhiana,2025-11-05,33,192.2,+5d,34.0,1,0.7359801587301587,1,0.37626262626262624,TP
Punjab,Ludhiana,2025-11-06,39,178.28,+5d,21.0,1,0.5171964285714286,1,0.37626262626262624,TP
Punjab,Ludhiana,2025-11-07,50,245.07,+5d,8.0,1,0.5554226190476189,1,0.37626262626262624,TP
Punjab,Ludhiana,2025-11-08,33,173.89,+5d,21.0,1,0.8801785714285713,1,0.37626262626262624,TP
Punjab,Ludhiana,2025-11-09,32,147.52,+5d,5.0,1,0.7409583333333333,1,0.37626262626262624,TP
Punjab,Ludhiana,2025-11-10,34,117.03,+5d,15.0,1,0.7383333333333334,1,0.37626262626262624,TP
Punjab,Ludhiana,2025-11-11,21,76.25,+5d,13.0,1,0.6564047619047619,1,0.37626262626262624,TP
Punjab,Ludhiana,2025-11-12,8,21.61,+5d,6.0,1,0.6333809523809524,1,0.37626262626262624,TP
Punjab,Ludhiana,2025-11-13,21,102.31,+5d,1.0,0,0.6581527777777778,1,0.37626262626262624,FP
Punjab,Ludhiana,2025-11-14,5,24.01,+5d,0.0,0,0.6551041666666668,1,0.37626262626262624,FP
Punjab,Ludhiana,2025-11-15,15,41.52,+5d,6.0,1,0.5826309523809522,1,0.37626262626262624,TP
Punjab,Ludhiana,2025-11-16,13,48.39,+5d,1.0,0,0.5923333333333334,1,0.37626262626262624,FP
Punjab,Ludhiana,2025-11-17,6,20.63,+5d,1.0,0,0.3945992063492064,1,0.37626262626262624,FP
Punjab,Ludhiana,2025-11-18,1,2.8,+5d,1.0,0,0.4373382352941176,1,0.37626262626262624,FP
Punjab,Ludhiana,2025-11-19,0,0.0,+5d,0.0,0,0.3775227591036415,1,0.37626262626262624,FP
Punjab,Ludhiana,2025-11-20,6,36.79,+5d,3.0,1,0.3150992063492064,0,0.37626262626262624,FN
Punjab,Ludhiana,2025-11-21,1,0.59,+5d,0.0,0,0.30097153209109734,0,0.37626262626262624,TN
Punjab,Ludhiana,2025-11-22,1,2.19,+5d,0.0,0,0.2609773143523144,0,0.37626262626262624,TN
Punjab,Ludhiana,2025-11-23,1,3.43,+5d,3.0,1,0.24419537815126058,0,0.37626262626262624,FN
Punjab,Malerkotla,2025-10-15,0,0.0,+5d,0.0,0,0.17904378029877094,0,0.37626262626262624,TN
Punjab,Malerkotla,2025-10-16,0,0.0,+5d,0.0,0,0.1870522321677831,0,0.37626262626262624,TN
Punjab,Malerkotla,2025-10-17,0,0.0,+5d,0.0,0,0.2376908120285913,0,0.37626262626262624,TN
Punjab,Malerkotla,2025-10-18,0,0.0,+5d,0.0,0,0.3117397709337076,0,0.37626262626262624,TN
Punjab,Malerkotla,2025-10-19,0,0.0,+5d,0.0,0,0.3883665350778964,1,0.37626262626262624,FP
Punjab,Malerkotla,2025-10-20,0,0.0,+5d,0.0,0,0.37763772712114735,1,0.37626262626262624,FP
Punjab,Malerkotla,2025-10-21,0,0.0,+5d,2.0,0,0.40634342836434856,1,0.37626262626262624,FP
Punjab,Malerkotla,2025-10-22,0,0.0,+5d,1.0,0,0.3070710215228241,0,0.37626262626262624,TN
Punjab,Malerkotla,2025-10-23,0,0.0,+5d,1.0,0,0.1820088170465475,0,0.37626262626262624,TN
Punjab,Malerkotla,2025-10-24,0,0.0,+5d,6.0,1,0.29023590801113847,0,0.37626262626262624,FN
Punjab,Malerkotla,2025-10-25,0,0.0,+5d,4.0,1,0.2665537853632549,0,0.37626262626262624,FN
Punjab,Malerkotla,2025-10-26,2,5.55,+5d,11.0,1,0.41329024699209704,1,0.37626262626262624,TP
Punjab,Malerkotla,2025-10-27,1,6.63,+5d,8.0,1,0.47381249999999997,1,0.37626262626262624,TP
Punjab,Malerkotla,2025-10-28,1,4.08,+5d,14.0,1,0.48370926139272913,1,0.37626262626262624,TP
Punjab,Malerkotla,2025-10-29,6,34.94,+5d,7.0,1,0.7928511904761906,1,0.37626262626262624,TP
Punjab,Malerkotla,2025-10-30,4,23.77,+5d,12.0,1,0.8178541666666668,1,0.37626262626262624,TP
Punjab,Malerkotla,2025-10-31,11,36.73,+5d,4.0,1,0.8445416666666667,1,0.37626262626262624,TP
Punjab,Malerkotla,2025-11-01,8,34.84,+5d,6.0,1,0.6529464285714284,1,0.37626262626262624,TP
Punjab,Malerkotla,2025-11-02,14,95.62,+5d,10.0,1,0.6848333333333333,1,0.37626262626262624,TP
Punjab,Malerkotla,2025-11-03,7,24.62,+5d,7.0,1,0.5782480158730158,1,0.37626262626262624,TP
Punjab,Malerkotla,2025-11-04,12,73.54,+5d,6.0,1,0.6915833333333332,1,0.37626262626262624,TP
Punjab,Malerkotla,2025-11-05,4,25.35,+5d,11.0,1,0.6556488095238093,1,0.37626262626262624,TP
Punjab,Malerkotla,2025-11-06,6,14.16,+5d,3.0,1,0.31939880952380956,0,0.37626262626262624,FN
Punjab,Malerkotla,2025-11-07,10,37.27,+5d,6.0,1,0.3185515873015872,0,0.37626262626262624,FN
Punjab,Malerkotla,2025-11-08,7,21.61,+5d,1.0,0,0.2621071428571429,0,0.37626262626262624,TN
Punjab,Malerkotla,2025-11-09,6,21.06,+5d,1.0,0,0.3147361111111111,0,0.37626262626262624,TN
Punjab,Malerkotla,2025-11-10,11,41.59,+5d,1.0,0,0.3734375,0,0.37626262626262624,TN
Punjab,Malerkotla,2025-11-11,3,6.94,+5d,1.0,0,0.28897023809523803,0,0.37626262626262624,TN
Punjab,Malerkotla,2025-11-12,6,40.16,+5d,0.0,0,0.4667023809523808,1,0.37626262626262624,FP
Punjab,Malerkotla,2025-11-13,1,1.8,+5d,0.0,0,0.29875297619047625,0,0.37626262626262624,TN
Punjab,Malerkotla,2025-11-14,1,3.34,+5d,0.0,0,0.3101597222222223,0,0.37626262626262624,TN
Punjab,Malerkotla,2025-11-15,1,8.85,+5d,0.0,0,0.2904226190476191,0,0.37626262626262624,TN
Punjab,Malerkotla,2025-11-16,1,1.52,+5d,0.0,0,0.20468333333333338,0,0.37626262626262624,TN
Punjab,Malerkotla,2025-11-17,0,0.0,+5d,1.0,0,0.26899740537240535,0,0.37626262626262624,TN
Punjab,Malerkotla,2025-11-18,0,0.0,+5d,0.0,0,0.19066666666666665,0,0.37626262626262624,TN
Punjab,Malerkotla,2025-11-19,0,0.0,+5d,0.0,0,0.17875496031746027,0,0.37626262626262624,TN
Punjab,Malerkotla,2025-11-20,0,0.0,+5d,0.0,0,0.09529412791509566,0,0.37626262626262624,TN
Punjab,Malerkotla,2025-11-21,0,0.0,+5d,0.0,0,0.06956775706372481,0,0.37626262626262624,TN
Punjab,Malerkotla,2025-11-22,1,4.83,+5d,0.0,0,0.10700928932178932,0,0.37626262626262624,TN
Punjab,Malerkotla,2025-11-23,0,0.0,+5d,2.0,0,0.06676418563515338,0,0.37626262626262624,TN
Punjab,Mansa,2025-10-15,0,0.0,+5d,5.0,1,0.17450790782382647,0,0.37626262626262624,FN
Punjab,Mansa,2025-10-16,0,0.0,+5d,5.0,1,0.1706523120448027,0,0.37626262626262624,FN
Punjab,Mansa,2025-10-17,0,0.0,+5d,2.0,0,0.4133681296565548,1,0.37626262626262624,FP
Punjab,Mansa,2025-10-18,0,0.0,+5d,6.0,1,0.2242223062799112,0,0.37626262626262624,FN
Punjab,Mansa,2025-10-19,0,0.0,+5d,0.0,0,0.2642147940889024,0,0.37626262626262624,TN
Punjab,Mansa,2025-10-20,5,22.81,+5d,0.0,0,0.6063382352941175,1,0.37626262626262624,FP
Punjab,Mansa,2025-10-21,5,23.85,+5d,1.0,0,0.725125,1,0.37626262626262624,FP
Punjab,Mansa,2025-10-22,2,3.5900000000000003,+5d,2.0,0,0.6185596988795519,1,0.37626262626262624,FP
Punjab,Mansa,2025-10-23,6,58.6,+5d,2.0,0,0.8444999999999999,1,0.37626262626262624,FP
Punjab,Mansa,2025-10-24,0,0.0,+5d,9.0,1,0.585935658940996,1,0.37626262626262624,TP
Punjab,Mansa,2025-10-25,0,0.0,+5d,19.0,1,0.5473253582202112,1,0.37626262626262624,TP
Punjab,Mansa,2025-10-26,1,3.98,+5d,19.0,1,0.5545238095238096,1,0.37626262626262624,TP
Punjab,Mansa,2025-10-27,2,9.69,+5d,22.0,1,0.5662162698412697,1,0.37626262626262624,TP
Punjab,Mansa,2025-10-28,2,14.45,+5d,10.0,1,0.7134166666666667,1,0.37626262626262624,TP
Punjab,Mansa,2025-10-29,9,116.13,+5d,17.0,1,0.8427261904761905,1,0.37626262626262624,TP
Punjab,Mansa,2025-10-30,19,117.26,+5d,31.0,1,0.9183392857142856,1,0.37626262626262624,TP
Punjab,Mansa,2025-10-31,19,106.16,+5d,8.0,1,0.97,1,0.37626262626262624,TP
Punjab,Mansa,2025-11-01,22,190.03,+5d,15.0,1,0.8702916666666668,1,0.37626262626262624,TP
Punjab,Mansa,2025-11-02,10,102.98,+5d,15.0,1,0.8914107142857141,1,0.37626262626262624,TP
Punjab,Mansa,2025-11-03,17,74.22,+5d,22.0,1,0.7857857142857141,1,0.37626262626262624,TP
Punjab,Mansa,2025-11-04,31,273.45,+5d,36.0,1,0.8831190476190476,1,0.37626262626262624,TP
Punjab,Mansa,2025-11-05,8,52.7,+5d,20.0,1,0.639125,1,0.37626262626262624,TP
Punjab,Mansa,2025-11-06,15,77.31,+5d,29.0,1,0.5721964285714286,1,0.37626262626262624,TP
Punjab,Mansa,2025-11-07,15,79.3,+5d,8.0,1,0.6333809523809525,1,0.37626262626262624,TP
Punjab,Mansa,2025-11-08,22,151.06,+5d,12.0,1,0.7350059523809525,1,0.37626262626262624,TP
Punjab,Mansa,2025-11-09,36,283.91,+5d,9.0,1,0.7330476190476193,1,0.37626262626262624,TP
Punjab,Mansa,2025-11-10,20,99.55,+5d,3.0,1,0.7529464285714289,1,0.37626262626262624,TP
Punjab,Mansa,2025-11-11,29,184.88,+5d,7.0,1,0.7154166666666668,1,0.37626262626262624,TP
Punjab,Mansa,2025-11-12,8,31.23,+5d,6.0,1,0.6986488095238096,1,0.37626262626262624,TP
Punjab,Mansa,2025-11-13,12,64.41,+5d,1.0,0,0.7042777777777779,1,0.37626262626262624,FP
Punjab,Mansa,2025-11-14,9,70.73,+5d,4.0,1,0.6950039682539684,1,0.37626262626262624,TP
Punjab,Mansa,2025-11-15,3,8.5,+5d,3.0,1,0.5177896825396825,1,0.37626262626262624,TP
Punjab,Mansa,2025-11-16,7,26.28,+5d,2.0,0,0.4656011904761903,1,0.37626262626262624,FP
Punjab,Mansa,2025-11-17,6,44.58,+5d,2.0,0,0.39286706349206363,1,0.37626262626262624,FP
Punjab,Mansa,2025-11-18,1,2.46,+5d,1.0,0,0.42689880952380954,1,0.37626262626262624,FP
Punjab,Mansa,2025-11-19,4,46.84,+5d,0.0,0,0.32150595238095236,0,0.37626262626262624,TN
Punjab,Mansa,2025-11-20,3,9.329999999999998,+5d,1.0,0,0.2223749999999999,0,0.37626262626262624,TN
Punjab,Mansa,2025-11-21,2,3.75,+5d,1.0,0,0.19877083333333334,0,0.37626262626262624,TN
Punjab,Mansa,2025-11-22,2,5.38,+5d,0.0,0,0.17687003968253973,0,0.37626262626262624,TN
Punjab,Mansa,2025-11-23,1,2.02,+5d,0.0,0,0.2592765567765568,0,0.37626262626262624,TN
Punjab,Moga,2025-10-15,0,0.0,+5d,0.0,0,0.1507119350606757,0,0.37626262626262624,TN
Punjab,Moga,2025-10-16,1,2.06,+5d,2.0,0,0.3537226409869911,0,0.37626262626262624,TN
Punjab,Moga,2025-10-17,0,0.0,+5d,2.0,0,0.27213606459690426,0,0.37626262626262624,TN
Punjab,Moga,2025-10-18,0,0.0,+5d,3.0,1,0.24598916368200932,0,0.37626262626262624,FN
Punjab,Moga,2025-10-19,1,2.61,+5d,1.0,0,0.4167006560275061,1,0.37626262626262624,FP
Punjab,Moga,2025-10-20,0,0.0,+5d,4.0,1,0.3827605646950343,1,0.37626262626262624,TP
Punjab,Moga,2025-10-21,2,1.66,+5d,3.0,1,0.4008707928430414,1,0.37626262626262624,TP
Punjab,Moga,2025-10-22,2,5.529999999999999,+5d,4.0,1,0.6849285714285714,1,0.37626262626262624,TP
Punjab,Moga,2025-10-23,3,10.66,+5d,2.0,0,0.5261050045384722,1,0.37626262626262624,FP
Punjab,Moga,2025-10-24,1,3.21,+5d,5.0,1,0.5901464142475171,1,0.37626262626262624,TP
Punjab,Moga,2025-10-25,4,23.72,+5d,5.0,1,0.8043452380952381,1,0.37626262626262624,TP
Punjab,Moga,2025-10-26,3,20.72,+5d,21.0,1,0.8497142857142856,1,0.37626262626262624,TP
Punjab,Moga,2025-10-27,4,15.97,+5d,16.0,1,0.8096101190476191,1,0.37626262626262624,TP
Punjab,Moga,2025-10-28,2,12.66,+5d,20.0,1,0.7256857864357865,1,0.37626262626262624,TP
Punjab,Moga,2025-10-29,5,13.23,+5d,18.0,1,0.781607142857143,1,0.37626262626262624,TP
Punjab,Moga,2025-10-30,5,15.63,+5d,44.0,1,0.7183602941176471,1,0.37626262626262624,TP
Punjab,Moga,2025-10-31,21,81.03,+5d,35.0,1,0.9274821428571429,1,0.37626262626262624,TP
Punjab,Moga,2025-11-01,16,58.99,+5d,36.0,1,0.5940833333333333,1,0.37626262626262624,TP
Punjab,Moga,2025-11-02,20,72.94,+5d,47.0,1,0.6418035714285715,1,0.37626262626262624,TP
Punjab,Moga,2025-11-03,18,95.04,+5d,42.0,1,0.7755416666666665,1,0.37626262626262624,TP
Punjab,Moga,2025-11-04,44,500.31,+5d,44.0,1,0.8794940476190475,1,0.37626262626262624,TP
Punjab,Moga,2025-11-05,35,215.97,+5d,42.0,1,0.7088511904761906,1,0.37626262626262624,TP
Punjab,Moga,2025-11-06,36,178.56,+5d,43.0,1,0.5316845238095238,1,0.37626262626262624,TP
Punjab,Moga,2025-11-07,47,249.28,+5d,6.0,1,0.6490892857142857,1,0.37626262626262624,TP
Punjab,Moga,2025-11-08,42,260.68,+5d,19.0,1,0.7754166666666669,1,0.37626262626262624,TP
Punjab,Moga,2025-11-09,44,261.92,+5d,5.0,1,0.7878333333333336,1,0.37626262626262624,TP
Punjab,Moga,2025-11-10,42,255.84,+5d,13.0,1,0.7353333333333335,1,0.37626262626262624,TP
Punjab,Moga,2025-11-11,43,211.15,+5d,8.0,1,0.688089285714286,1,0.37626262626262624,TP
Punjab,Moga,2025-11-12,6,35.96,+5d,0.0,0,0.6627559523809523,1,0.37626262626262624,FP
Punjab,Moga,2025-11-13,19,121.15,+5d,1.0,0,0.6823611111111113,1,0.37626262626262624,FP
Punjab,Moga,2025-11-14,5,37.97,+5d,1.0,0,0.7253849206349209,1,0.37626262626262624,FP
Punjab,Moga,2025-11-15,13,134.83,+5d,1.0,0,0.6661130952380953,1,0.37626262626262624,FP
Punjab,Moga,2025-11-16,8,74.97,+5d,3.0,1,0.5901964285714285,1,0.37626262626262624,TP
Punjab,Moga,2025-11-17,0,0.0,+5d,1.0,0,0.6215654761904758,1,0.37626262626262624,FP
Punjab,Moga,2025-11-18,1,2.11,+5d,0.0,0,0.543612044817927,1,0.37626262626262624,FP
Punjab,Moga,2025-11-19,1,3.99,+5d,2.0,0,0.36907738095238096,0,0.37626262626262624,TN
Punjab,Moga,2025-11-20,1,3.84,+5d,1.0,0,0.28225000000000006,0,0.37626262626262624,TN
Punjab,Moga,2025-11-21,3,8.82,+5d,2.0,0,0.27849404761904756,0,0.37626262626262624,TN
Punjab,Moga,2025-11-22,1,2.94,+5d,2.0,0,0.2862424242424243,0,0.37626262626262624,TN
Punjab,Moga,2025-11-23,0,0.0,+5d,2.0,0,0.23660989010989017,0,0.37626262626262624,TN
Punjab,Pathankot,2025-10-15,0,0.0,+5d,0.0,0,0.10573166373079008,0,0.37626262626262624,TN
Punjab,Pathankot,2025-10-16,1,2.9,+5d,0.0,0,0.34562492838044306,0,0.37626262626262624,TN
Punjab,Pathankot,2025-10-17,0,0.0,+5d,0.0,0,0.1786917691580436,0,0.37626262626262624,TN
Punjab,Pathankot,2025-10-18,0,0.0,+5d,0.0,0,0.2903985754337684,0,0.37626262626262624,TN
Punjab,Pathankot,2025-10-19,0,0.0,+5d,0.0,0,0.2753764500067956,0,0.37626262626262624,TN
Punjab,Pathankot,2025-10-20,0,0.0,+5d,0.0,0,0.29241497722434046,0,0.37626262626262624,TN
Punjab,Pathankot,2025-10-21,0,0.0,+5d,0.0,0,0.4099517629894936,1,0.37626262626262624,FP
Punjab,Pathankot,2025-10-22,0,0.0,+5d,0.0,0,0.2728088382511883,0,0.37626262626262624,TN
Punjab,Pathankot,2025-10-23,0,0.0,+5d,0.0,0,0.2082847904692601,0,0.37626262626262624,TN
Punjab,Pathankot,2025-10-24,0,0.0,+5d,0.0,0,0.12935908375731622,0,0.37626262626262624,TN
Punjab,Pathankot,2025-10-25,0,0.0,+5d,0.0,0,0.07511729068962801,0,0.37626262626262624,TN
Punjab,Pathankot,2025-10-26,0,0.0,+5d,0.0,0,0.03380069885852005,0,0.37626262626262624,TN
Punjab,Pathankot,2025-10-27,0,0.0,+5d,0.0,0,0.04777035338699811,0,0.37626262626262624,TN
Punjab,Pathankot,2025-10-28,0,0.0,+5d,1.0,0,0.07277384876364339,0,0.37626262626262624,TN
Punjab,Pathankot,2025-10-29,0,0.0,+5d,0.0,0,0.02832228976761096,0,0.37626262626262624,TN
Punjab,Pathankot,2025-10-30,0,0.0,+5d,2.0,0,0.052544475402575494,0,0.37626262626262624,TN
Punjab,Pathankot,2025-10-31,0,0.0,+5d,0.0,0,0.018545144912803832,0,0.37626262626262624,TN
Punjab,Pathankot,2025-11-01,0,0.0,+5d,0.0,0,0.019892297107014848,0,0.37626262626262624,TN
Punjab,Pathankot,2025-11-02,1,3.28,+5d,0.0,0,0.08205985238670248,0,0.37626262626262624,TN
Punjab,Pathankot,2025-11-03,0,0.0,+5d,1.0,0,0.008454301075268818,0,0.37626262626262624,TN
Punjab,Pathankot,2025-11-04,2,5.140000000000001,+5d,0.0,0,0.0718293010752688,0,0.37626262626262624,TN
Punjab,Pathankot,2025-11-05,0,0.0,+5d,0.0,0,0.05660714285714285,0,0.37626262626262624,TN
Punjab,Pathankot,2025-11-06,0,0.0,+5d,0.0,0,0.010037634408602149,0,0.37626262626262624,TN
Punjab,Pathankot,2025-11-07,0,0.0,+5d,0.0,0,0.05049596774193549,0,0.37626262626262624,TN
Punjab,Pathankot,2025-11-08,1,2.62,+5d,0.0,0,0.04112692012288786,0,0.37626262626262624,TN
Punjab,Pathankot,2025-11-09,0,0.0,+5d,0.0,0,0.0504667469627147,0,0.37626262626262624,TN
Punjab,Pathankot,2025-11-10,0,0.0,+5d,2.0,0,0.017287634408602152,0,0.37626262626262624,TN
Punjab,Pathankot,2025-11-11,0,0.0,+5d,0.0,0,0.0836904761904762,0,0.37626262626262624,TN
Punjab,Pathankot,2025-11-12,0,0.0,+5d,0.0,0,0.0018709677419354836,0,0.37626262626262624,TN
Punjab,Pathankot,2025-11-13,0,0.0,+5d,0.0,0,0.006030058651026393,0,0.37626262626262624,TN
Punjab,Pathankot,2025-11-14,0,0.0,+5d,0.0,0,0.0016133919843597264,0,0.37626262626262624,TN
Punjab,Pathankot,2025-11-15,2,14.14,+5d,0.0,0,0.1873505008063832,0,0.37626262626262624,TN
Punjab,Pathankot,2025-11-16,0,0.0,+5d,0.0,0,0.15090856797640473,0,0.37626262626262624,TN
Punjab,Pathankot,2025-11-17,0,0.0,+5d,0.0,0,0.08622536497868563,0,0.37626262626262624,TN
Punjab,Pathankot,2025-11-18,0,0.0,+5d,0.0,0,0.2026082694845741,0,0.37626262626262624,TN
Punjab,Pathankot,2025-11-19,0,0.0,+5d,0.0,0,0.0016133919843597264,0,0.37626262626262624,TN
Punjab,Pathankot,2025-11-20,0,0.0,+5d,0.0,0,0.10650083787180559,0,0.37626262626262624,TN
Punjab,Pathankot,2025-11-21,0,0.0,+5d,0.0,0,0.0018133919843597262,0,0.37626262626262624,TN
Punjab,Pathankot,2025-11-22,0,0.0,+5d,0.0,0,0.17095238095238094,0,0.37626262626262624,TN
Punjab,Pathankot,2025-11-23,0,0.0,+5d,0.0,0,0.00363720150816925,0,0.37626262626262624,TN
Punjab,Patiala,2025-10-15,3,12.0,+5d,14.0,1,0.5584603174603174,1,0.37626262626262624,TP
Punjab,Patiala,2025-10-16,3,11.35,+5d,18.0,1,0.5820138888888888,1,0.37626262626262624,TP
Punjab,Patiala,2025-10-17,4,7.54,+5d,11.0,1,0.6061354166666668,1,0.37626262626262624,TP
Punjab,Patiala,2025-10-18,2,6.69,+5d,2.0,0,0.6710342261904764,1,0.37626262626262624,FP
Punjab,Patiala,2025-10-19,6,32.99,+5d,1.0,0,0.8269062499999997,1,0.37626262626262624,FP
Punjab,Patiala,2025-10-20,14,55.83,+5d,10.0,1,0.8878988095238097,1,0.37626262626262624,TP
Punjab,Patiala,2025-10-21,18,67.72,+5d,4.0,1,0.9247559523809524,1,0.37626262626262624,TP
Punjab,Patiala,2025-10-22,11,39.35,+5d,11.0,1,0.8959642857142857,1,0.37626262626262624,TP
Punjab,Patiala,2025-10-23,2,7.77,+5d,6.0,1,0.7594268578643577,1,0.37626262626262624,TP
Punjab,Patiala,2025-10-24,1,4.24,+5d,18.0,1,0.6149940476190475,1,0.37626262626262624,TP
Punjab,Patiala,2025-10-25,10,45.56,+5d,13.0,1,0.8473333333333334,1,0.37626262626262624,TP
Punjab,Patiala,2025-10-26,4,12.28,+5d,41.0,1,0.7399255952380951,1,0.37626262626262624,TP
Punjab,Patiala,2025-10-27,11,46.69,+5d,44.0,1,0.8321666666666667,1,0.37626262626262624,TP
Punjab,Patiala,2025-10-28,6,21.41,+5d,27.0,1,0.7364880952380952,1,0.37626262626262624,TP
Punjab,Patiala,2025-10-29,18,70.32,+5d,11.0,1,0.9245416666666667,1,0.37626262626262624,TP
Punjab,Patiala,2025-10-30,13,65.51,+5d,20.0,1,0.8828333333333334,1,0.37626262626262624,TP
Punjab,Patiala,2025-10-31,41,264.78,+5d,10.0,1,0.9389761904761904,1,0.37626262626262624,TP
Punjab,Patiala,2025-11-01,44,278.56,+5d,24.0,1,0.8914523809523807,1,0.37626262626262624,TP
Punjab,Patiala,2025-11-02,27,170.95,+5d,12.0,1,0.8495436507936508,1,0.37626262626262624,TP
Punjab,Patiala,2025-11-03,11,56.78,+5d,21.0,1,0.7683214285714288,1,0.37626262626262624,TP
Punjab,Patiala,2025-11-04,20,118.09,+5d,30.0,1,0.9374166666666666,1,0.37626262626262624,TP
Punjab,Patiala,2025-11-05,10,30.91,+5d,6.0,1,0.696857142857143,1,0.37626262626262624,TP
Punjab,Patiala,2025-11-06,24,97.21,+5d,11.0,1,0.5251547619047617,1,0.37626262626262624,TP
Punjab,Patiala,2025-11-07,12,65.89,+5d,1.0,0,0.5921666666666667,1,0.37626262626262624,FP
Punjab,Patiala,2025-11-08,21,243.72,+5d,3.0,1,0.6904226190476191,1,0.37626262626262624,TP
Punjab,Patiala,2025-11-09,30,182.96,+5d,1.0,0,0.7227499999999999,1,0.37626262626262624,FP
Punjab,Patiala,2025-11-10,6,24.25,+5d,4.0,1,0.6835059523809524,1,0.37626262626262624,TP
Punjab,Patiala,2025-11-11,11,77.24000000000001,+5d,2.0,0,0.6253492063492065,1,0.37626262626262624,FP
Punjab,Patiala,2025-11-12,1,2.2,+5d,0.0,0,0.5959434523809523,1,0.37626262626262624,FP
Punjab,Patiala,2025-11-13,3,15.05,+5d,3.0,1,0.5259742063492062,1,0.37626262626262624,TP
Punjab,Patiala,2025-11-14,1,1.7,+5d,0.0,0,0.5672559523809523,1,0.37626262626262624,FP
Punjab,Patiala,2025-11-15,4,46.42,+5d,0.0,0,0.4697500000000001,1,0.37626262626262624,FP
Punjab,Patiala,2025-11-16,2,1.79,+5d,2.0,0,0.5027172619047618,1,0.37626262626262624,FP
Punjab,Patiala,2025-11-17,0,0.0,+5d,0.0,0,0.24299999999999997,0,0.37626262626262624,TN
Punjab,Patiala,2025-11-18,3,17.46,+5d,0.0,0,0.3794067460317461,1,0.37626262626262624,FP
Punjab,Patiala,2025-11-19,0,0.0,+5d,0.0,0,0.20220122670656354,0,0.37626262626262624,TN
Punjab,Patiala,2025-11-20,0,0.0,+5d,0.0,0,0.16828571428571432,0,0.37626262626262624,TN
Punjab,Patiala,2025-11-21,2,1.69,+5d,0.0,0,0.16795833333333335,0,0.37626262626262624,TN
Punjab,Patiala,2025-11-22,0,0.0,+5d,0.0,0,0.2005416666666667,0,0.37626262626262624,TN
Punjab,Patiala,2025-11-23,0,0.0,+5d,0.0,0,0.16523809523809527,0,0.37626262626262624,TN
Punjab,Rupnagar,2025-10-15,0,0.0,+5d,0.0,0,0.1632381583221813,0,0.37626262626262624,TN
Punjab,Rupnagar,2025-10-16,0,0.0,+5d,1.0,0,0.12767982953650736,0,0.37626262626262624,TN
Punjab,Rupnagar,2025-10-17,0,0.0,+5d,1.0,0,0.1411024485841264,0,0.37626262626262624,TN
Punjab,Rupnagar,2025-10-18,0,0.0,+5d,0.0,0,0.25531805207109426,0,0.37626262626262624,TN
Punjab,Rupnagar,2025-10-19,0,0.0,+5d,0.0,0,0.3546376459397243,0,0.37626262626262624,TN
Punjab,Rupnagar,2025-10-20,0,0.0,+5d,0.0,0,0.26853512679273167,0,0.37626262626262624,TN
Punjab,Rupnagar,2025-10-21,1,4.11,+5d,1.0,0,0.5556615839884342,1,0.37626262626262624,FP
Punjab,Rupnagar,2025-10-22,1,2.34,+5d,0.0,0,0.4514562268455771,1,0.37626262626262624,FP
Punjab,Rupnagar,2025-10-23,0,0.0,+5d,0.0,0,0.1789701843237716,0,0.37626262626262624,TN
Punjab,Rupnagar,2025-10-24,0,0.0,+5d,0.0,0,0.2193303033713906,0,0.37626262626262624,TN
Punjab,Rupnagar,2025-10-25,0,0.0,+5d,0.0,0,0.2937404980944412,0,0.37626262626262624,TN
Punjab,Rupnagar,2025-10-26,1,2.98,+5d,2.0,0,0.3226050420168067,0,0.37626262626262624,TN
Punjab,Rupnagar,2025-10-27,0,0.0,+5d,0.0,0,0.1732652938631885,0,0.37626262626262624,TN
Punjab,Rupnagar,2025-10-28,0,0.0,+5d,2.0,0,0.2144429955890402,0,0.37626262626262624,TN
Punjab,Rupnagar,2025-10-29,0,0.0,+5d,0.0,0,0.18134075469268165,0,0.37626262626262624,TN
Punjab,Rupnagar,2025-10-30,0,0.0,+5d,0.0,0,0.1606330689327013,0,0.37626262626262624,TN
Punjab,Rupnagar,2025-10-31,2,5.83,+5d,0.0,0,0.3277658909717733,0,0.37626262626262624,TN
Punjab,Rupnagar,2025-11-01,0,0.0,+5d,0.0,0,0.14031687675070026,0,0.37626262626262624,TN
Punjab,Rupnagar,2025-11-02,2,4.390000000000001,+5d,0.0,0,0.21497023809523808,0,0.37626262626262624,TN
Punjab,Rupnagar,2025-11-03,0,0.0,+5d,1.0,0,0.13706091872232762,0,0.37626262626262624,TN
Punjab,Rupnagar,2025-11-04,0,0.0,+5d,0.0,0,0.05878763440860215,0,0.37626262626262624,TN
Punjab,Rupnagar,2025-11-05,0,0.0,+5d,0.0,0,0.12096945259042036,0,0.37626262626262624,TN
Punjab,Rupnagar,2025-11-06,0,0.0,+5d,1.0,0,0.03157579967470859,0,0.37626262626262624,TN
Punjab,Rupnagar,2025-11-07,0,0.0,+5d,0.0,0,0.08906006493506496,0,0.37626262626262624,TN
Punjab,Rupnagar,2025-11-08,1,4.05,+5d,0.0,0,0.13192348875033882,0,0.37626262626262624,TN
Punjab,Rupnagar,2025-11-09,0,0.0,+5d,0.0,0,0.07232738095238095,0,0.37626262626262624,TN
Punjab,Rupnagar,2025-11-10,0,0.0,+5d,0.0,0,0.01128763440860215,0,0.37626262626262624,TN
Punjab,Rupnagar,2025-11-11,1,1.61,+5d,0.0,0,0.058495967741935474,0,0.37626262626262624,TN
Punjab,Rupnagar,2025-11-12,0,0.0,+5d,0.0,0,0.022370967741935487,0,0.37626262626262624,TN
Punjab,Rupnagar,2025-11-13,0,0.0,+5d,0.0,0,0.017526270772238513,0,0.37626262626262624,TN
Punjab,Rupnagar,2025-11-14,0,0.0,+5d,0.0,0,0.01653763440860215,0,0.37626262626262624,TN
Punjab,Rupnagar,2025-11-15,0,0.0,+5d,0.0,0,0.027674539170506916,0,0.37626262626262624,TN
Punjab,Rupnagar,2025-11-16,0,0.0,+5d,0.0,0,0.007120967741935484,0,0.37626262626262624,TN
Punjab,Rupnagar,2025-11-17,0,0.0,+5d,0.0,0,0.009787634408602149,0,0.37626262626262624,TN
Punjab,Rupnagar,2025-11-18,0,0.0,+5d,0.0,0,0.01303763440860215,0,0.37626262626262624,TN
Punjab,Rupnagar,2025-11-19,0,0.0,+5d,0.0,0,0.010620967741935484,0,0.37626262626262624,TN
Punjab,Rupnagar,2025-11-20,0,0.0,+5d,0.0,0,0.01234715821812596,0,0.37626262626262624,TN
Punjab,Rupnagar,2025-11-21,0,0.0,+5d,0.0,0,0.009530058651026393,0,0.37626262626262624,TN
Punjab,Rupnagar,2025-11-22,0,0.0,+5d,0.0,0,0.010280058651026394,0,0.37626262626262624,TN
Punjab,Rupnagar,2025-11-23,0,0.0,+5d,1.0,0,0.012378868174835918,0,0.37626262626262624,TN
Punjab,S A S Nagar,2025-10-15,0,0.0,+5d,4.0,1,0.17674827843463428,0,0.37626262626262624,FN
Punjab,S A S Nagar,2025-10-16,1,2.96,+5d,7.0,1,0.3350206173577884,0,0.37626262626262624,FN
Punjab,S A S Nagar,2025-10-17,0,0.0,+5d,5.0,1,0.1823412238346449,0,0.37626262626262624,FN
Punjab,S A S Nagar,2025-10-18,1,3.32,+5d,1.0,0,0.3744680250305252,0,0.37626262626262624,TN
Punjab,S A S Nagar,2025-10-19,2,7.34,+5d,3.0,1,0.5976056547619047,1,0.37626262626262624,TP
Punjab,S A S Nagar,2025-10-20,4,12.04,+5d,5.0,1,0.739871031746032,1,0.37626262626262624,TP
Punjab,S A S Nagar,2025-10-21,7,30.56,+5d,6.0,1,0.8718035714285713,1,0.37626262626262624,TP
Punjab,S A S Nagar,2025-10-22,5,14.5,+5d,2.0,0,0.8739226190476193,1,0.37626262626262624,FP
Punjab,S A S Nagar,2025-10-23,1,2.81,+5d,2.0,0,0.7221014610389612,1,0.37626262626262624,FP
Punjab,S A S Nagar,2025-10-24,3,13.09,+5d,6.0,1,0.6580316820276498,1,0.37626262626262624,TP
Punjab,S A S Nagar,2025-10-25,5,15.55,+5d,1.0,0,0.7881936274509803,1,0.37626262626262624,FP
Punjab,S A S Nagar,2025-10-26,6,17.49,+5d,8.0,1,0.8387857142857145,1,0.37626262626262624,TP
Punjab,S A S Nagar,2025-10-27,2,5.050000000000001,+5d,1.0,0,0.6315597943722941,1,0.37626262626262624,FP
Punjab,S A S Nagar,2025-10-28,2,5.97,+5d,1.0,0,0.5348124999999998,1,0.37626262626262624,FP
Punjab,S A S Nagar,2025-10-29,6,13.11,+5d,2.0,0,0.6193809523809521,1,0.37626262626262624,FP
Punjab,S A S Nagar,2025-10-30,1,4.68,+5d,0.0,0,0.5804315476190475,1,0.37626262626262624,FP
Punjab,S A S Nagar,2025-10-31,8,37.49,+5d,2.0,0,0.6924404761904762,1,0.37626262626262624,FP
Punjab,S A S Nagar,2025-11-01,1,3.44,+5d,0.0,0,0.49332738095238077,1,0.37626262626262624,FP
Punjab,S A S Nagar,2025-11-02,1,6.12,+5d,1.0,0,0.4722973443223443,1,0.37626262626262624,FP
Punjab,S A S Nagar,2025-11-03,2,9.99,+5d,2.0,0,0.41380833333333344,1,0.37626262626262624,FP
Punjab,S A S Nagar,2025-11-04,0,0.0,+5d,0.0,0,0.23567050326334013,0,0.37626262626262624,TN
Punjab,S A S Nagar,2025-11-05,2,4.29,+5d,0.0,0,0.4269772812971342,1,0.37626262626262624,FP
Punjab,S A S Nagar,2025-11-06,0,0.0,+5d,0.0,0,0.25086017192800875,0,0.37626262626262624,TN
Punjab,S A S Nagar,2025-11-07,1,9.43,+5d,1.0,0,0.35960805860805856,0,0.37626262626262624,TN
Punjab,S A S Nagar,2025-11-08,2,7.57,+5d,1.0,0,0.3298440476190476,0,0.37626262626262624,TN
Punjab,S A S Nagar,2025-11-09,0,0.0,+5d,0.0,0,0.13282526516810195,0,0.37626262626262624,TN
Punjab,S A S Nagar,2025-11-10,0,0.0,+5d,0.0,0,0.22740418188192957,0,0.37626262626262624,TN
Punjab,S A S Nagar,2025-11-11,0,0.0,+5d,0.0,0,0.13181144393241165,0,0.37626262626262624,TN
Punjab,S A S Nagar,2025-11-12,1,1.59,+5d,0.0,0,0.1087181899641577,0,0.37626262626262624,TN
Punjab,S A S Nagar,2025-11-13,1,8.49,+5d,0.0,0,0.21883326932923705,0,0.37626262626262624,TN
Punjab,S A S Nagar,2025-11-14,0,0.0,+5d,0.0,0,0.12934960565750042,0,0.37626262626262624,TN
Punjab,S A S Nagar,2025-11-15,0,0.0,+5d,0.0,0,0.14970329670329666,0,0.37626262626262624,TN
Punjab,S A S Nagar,2025-11-16,0,0.0,+5d,0.0,0,0.14341497928594701,0,0.37626262626262624,TN
Punjab,S A S Nagar,2025-11-17,0,0.0,+5d,0.0,0,0.00669672531769306,0,0.37626262626262624,TN
Punjab,S A S Nagar,2025-11-18,0,0.0,+5d,0.0,0,0.016942937438905178,0,0.37626262626262624,TN
Punjab,S A S Nagar,2025-11-19,0,0.0,+5d,1.0,0,0.002204301075268817,0,0.37626262626262624,TN
Punjab,S A S Nagar,2025-11-20,0,0.0,+5d,0.0,0,0.02961742424242424,0,0.37626262626262624,TN
Punjab,S A S Nagar,2025-11-21,0,0.0,+5d,0.0,0,0.007238391984359727,0,0.37626262626262624,TN
Punjab,S A S Nagar,2025-11-22,0,0.0,+5d,1.0,0,0.004030058651026392,0,0.37626262626262624,TN
Punjab,S A S Nagar,2025-11-23,0,0.0,+5d,0.0,0,0.005462201508169251,0,0.37626262626262624,TN
Punjab,Sangrur,2025-10-15,1,3.06,+5d,4.0,1,0.3248620391705069,0,0.37626262626262624,FN
Punjab,Sangrur,2025-10-16,1,2.95,+5d,10.0,1,0.39564973758320543,1,0.37626262626262624,TP
Punjab,Sangrur,2025-10-17,4,43.34,+5d,4.0,1,0.5471001984126984,1,0.37626262626262624,TP
Punjab,Sangrur,2025-10-18,0,0.0,+5d,6.0,1,0.5064247782446314,1,0.37626262626262624,TP
Punjab,Sangrur,2025-10-19,2,8.45,+5d,11.0,1,0.559514880952381,1,0.37626262626262624,TP
Punjab,Sangrur,2025-10-20,4,19.33,+5d,19.0,1,0.7480922619047621,1,0.37626262626262624,TP
Punjab,Sangrur,2025-10-21,10,67.47,+5d,27.0,1,0.835595238095238,1,0.37626262626262624,TP
Punjab,Sangrur,2025-10-22,4,19.44,+5d,21.0,1,0.769940476190476,1,0.37626262626262624,TP
Punjab,Sangrur,2025-10-23,6,55.41,+5d,13.0,1,0.8810238095238094,1,0.37626262626262624,TP
Punjab,Sangrur,2025-10-24,11,77.94,+5d,48.0,1,0.8475624999999998,1,0.37626262626262624,TP
Punjab,Sangrur,2025-10-25,19,200.61,+5d,65.0,1,0.9174880952380953,1,0.37626262626262624,TP
Punjab,Sangrur,2025-10-26,27,227.44,+5d,127.0,1,0.9187916666666667,1,0.37626262626262624,TP
Punjab,Sangrur,2025-10-27,21,116.16,+5d,69.0,1,0.910654761904762,1,0.37626262626262624,TP
Punjab,Sangrur,2025-10-28,13,91.69,+5d,65.0,1,0.9698333333333334,1,0.37626262626262624,TP
Punjab,Sangrur,2025-10-29,48,383.99,+5d,38.0,1,0.9615833333333335,1,0.37626262626262624,TP
Punjab,Sangrur,2025-10-30,65,519.6,+5d,62.0,1,0.9670000000000003,1,0.37626262626262624,TP
Punjab,Sangrur,2025-10-31,127,802.9,+5d,22.0,1,0.9395833333333333,1,0.37626262626262624,TP
Punjab,Sangrur,2025-11-01,69,385.86,+5d,24.0,1,0.8396190476190477,1,0.37626262626262624,TP
Punjab,Sangrur,2025-11-02,65,496.09,+5d,50.0,1,0.8409821428571429,1,0.37626262626262624,TP
Punjab,Sangrur,2025-11-03,38,224.56,+5d,41.0,1,0.7994166666666668,1,0.37626262626262624,TP
Punjab,Sangrur,2025-11-04,62,456.91,+5d,37.0,1,0.8761130952380952,1,0.37626262626262624,TP
Punjab,Sangrur,2025-11-05,22,212.23,+5d,24.0,1,0.5091934523809524,1,0.37626262626262624,TP
Punjab,Sangrur,2025-11-06,24,185.22,+5d,19.0,1,0.5361875,1,0.37626262626262624,TP
Punjab,Sangrur,2025-11-07,50,258.85,+5d,3.0,1,0.6716031746031745,1,0.37626262626262624,TP
Punjab,Sangrur,2025-11-08,41,163.3,+5d,7.0,1,0.7141250000000001,1,0.37626262626262624,TP
Punjab,Sangrur,2025-11-09,37,240.81,+5d,6.0,1,0.7491666666666669,1,0.37626262626262624,TP
Punjab,Sangrur,2025-11-10,24,156.23,+5d,2.0,0,0.7527380952380953,1,0.37626262626262624,FP
Punjab,Sangrur,2025-11-11,19,108.34,+5d,0.0,0,0.6839047619047619,1,0.37626262626262624,FP
Punjab,Sangrur,2025-11-12,3,5.16,+5d,3.0,1,0.7191795634920637,1,0.37626262626262624,TP
Punjab,Sangrur,2025-11-13,7,33.92,+5d,0.0,0,0.6575575396825396,1,0.37626262626262624,FP
Punjab,Sangrur,2025-11-14,6,51.3,+5d,0.0,0,0.6110476190476191,1,0.37626262626262624,FP
Punjab,Sangrur,2025-11-15,2,4.51,+5d,1.0,0,0.5452450396825398,1,0.37626262626262624,FP
Punjab,Sangrur,2025-11-16,0,0.0,+5d,0.0,0,0.6080138305322127,1,0.37626262626262624,FP
Punjab,Sangrur,2025-11-17,3,8.42,+5d,0.0,0,0.43253769841269846,1,0.37626262626262624,FP
Punjab,Sangrur,2025-11-18,0,0.0,+5d,0.0,0,0.45562927018633537,1,0.37626262626262624,FP
Punjab,Sangrur,2025-11-19,0,0.0,+5d,0.0,0,0.21668749999999995,0,0.37626262626262624,TN
Punjab,Sangrur,2025-11-20,1,3.44,+5d,0.0,0,0.23220833333333338,0,0.37626262626262624,TN
Punjab,Sangrur,2025-11-21,0,0.0,+5d,0.0,0,0.22894940476190484,0,0.37626262626262624,TN
Punjab,Sangrur,2025-11-22,0,0.0,+5d,0.0,0,0.1354107142857143,0,0.37626262626262624,TN
Punjab,Sangrur,2025-11-23,0,0.0,+5d,0.0,0,0.16173250360750369,0,0.37626262626262624,TN
Punjab,Shahid Bhagat Singh Nagar,2025-10-15,0,0.0,+5d,0.0,0,0.2723382387831896,0,0.37626262626262624,TN
Punjab,Shahid Bhagat Singh Nagar,2025-10-16,0,0.0,+5d,5.0,1,0.18530644657368478,0,0.37626262626262624,FN
Punjab,Shahid Bhagat Singh Nagar,2025-10-17,1,3.94,+5d,3.0,1,0.3929717129275952,1,0.37626262626262624,TP
Punjab,Shahid Bhagat Singh Nagar,2025-10-18,0,0.0,+5d,0.0,0,0.27031906181791754,0,0.37626262626262624,TN
Punjab,Shahid Bhagat Singh Nagar,2025-10-19,0,0.0,+5d,0.0,0,0.31919606464000133,0,0.37626262626262624,TN
Punjab,Shahid Bhagat Singh Nagar,2025-10-20,0,0.0,+5d,0.0,0,0.2926701514850558,0,0.37626262626262624,TN
Punjab,Shahid Bhagat Singh Nagar,2025-10-21,5,28.2,+5d,1.0,0,0.7542960275019097,1,0.37626262626262624,FP
Punjab,Shahid Bhagat Singh Nagar,2025-10-22,3,9.35,+5d,3.0,1,0.6953750000000002,1,0.37626262626262624,TP
Punjab,Shahid Bhagat Singh Nagar,2025-10-23,0,0.0,+5d,0.0,0,0.5970095094856124,1,0.37626262626262624,FP
Punjab,Shahid Bhagat Singh Nagar,2025-10-24,0,0.0,+5d,1.0,0,0.5728075064483271,1,0.37626262626262624,FP
Punjab,Shahid Bhagat Singh Nagar,2025-10-25,0,0.0,+5d,0.0,0,0.44867135056739504,1,0.37626262626262624,FP
Punjab,Shahid Bhagat Singh Nagar,2025-10-26,1,1.55,+5d,1.0,0,0.4737261904761905,1,0.37626262626262624,FP
Punjab,Shahid Bhagat Singh Nagar,2025-10-27,3,11.89,+5d,6.0,1,0.5679424603174603,1,0.37626262626262624,TP
Punjab,Shahid Bhagat Singh Nagar,2025-10-28,0,0.0,+5d,9.0,1,0.6305925751879697,1,0.37626262626262624,TP
Punjab,Shahid Bhagat Singh Nagar,2025-10-29,1,7.58,+5d,3.0,1,0.6666428571428571,1,0.37626262626262624,TP
Punjab,Shahid Bhagat Singh Nagar,2025-10-30,0,0.0,+5d,3.0,1,0.4419969442322384,1,0.37626262626262624,TP
Punjab,Shahid Bhagat Singh Nagar,2025-10-31,1,2.69,+5d,1.0,0,0.362593984962406,0,0.37626262626262624,TN
Punjab,Shahid Bhagat Singh Nagar,2025-11-01,6,25.75,+5d,4.0,1,0.7144473443223444,1,0.37626262626262624,TP
Punjab,Shahid Bhagat Singh Nagar,2025-11-02,9,46.72,+5d,3.0,1,0.7359404761904763,1,0.37626262626262624,TP
Punjab,Shahid Bhagat Singh Nagar,2025-11-03,3,7.68,+5d,4.0,1,0.5735833333333332,1,0.37626262626262624,TP
Punjab,Shahid Bhagat Singh Nagar,2025-11-04,3,13.45,+5d,0.0,0,0.5984095238095237,1,0.37626262626262624,FP
Punjab,Shahid Bhagat Singh Nagar,2025-11-05,1,0.97,+5d,0.0,0,0.4077412464985995,1,0.37626262626262624,FP
Punjab,Shahid Bhagat Singh Nagar,2025-11-06,4,11.08,+5d,1.0,0,0.5262003328213005,1,0.37626262626262624,FP
Punjab,Shahid Bhagat Singh Nagar,2025-11-07,3,11.85,+5d,3.0,1,0.4164404761904763,1,0.37626262626262624,TP
Punjab,Shahid Bhagat Singh Nagar,2025-11-08,4,15.3,+5d,3.0,1,0.49399496336996335,1,0.37626262626262624,TP
Punjab,Shahid Bhagat Singh Nagar,2025-11-09,0,0.0,+5d,0.0,0,0.34188988095238093,0,0.37626262626262624,TN
Punjab,Shahid Bhagat Singh Nagar,2025-11-10,0,0.0,+5d,2.0,0,0.26443271475256774,0,0.37626262626262624,TN
Punjab,Shahid Bhagat Singh Nagar,2025-11-11,1,3.51,+5d,2.0,0,0.36542613636363647,0,0.37626262626262624,TN
Punjab,Shahid Bhagat Singh Nagar,2025-11-12,3,10.78,+5d,0.0,0,0.29959212158808934,0,0.37626262626262624,TN
Punjab,Shahid Bhagat Singh Nagar,2025-11-13,3,15.14,+5d,0.0,0,0.5283878205128205,1,0.37626262626262624,FP
Punjab,Shahid Bhagat Singh Nagar,2025-11-14,0,0.0,+5d,3.0,1,0.23681398041672813,0,0.37626262626262624,FN
Punjab,Shahid Bhagat Singh Nagar,2025-11-15,2,5.73,+5d,0.0,0,0.28642857142857153,0,0.37626262626262624,TN
Punjab,Shahid Bhagat Singh Nagar,2025-11-16,2,5.65,+5d,0.0,0,0.25678346774193556,0,0.37626262626262624,TN
Punjab,Shahid Bhagat Singh Nagar,2025-11-17,0,0.0,+5d,0.0,0,0.1361168010752688,0,0.37626262626262624,TN
Punjab,Shahid Bhagat Singh Nagar,2025-11-18,0,0.0,+5d,0.0,0,0.14662096774193553,0,0.37626262626262624,TN
Punjab,Shahid Bhagat Singh Nagar,2025-11-19,3,9.82,+5d,0.0,0,0.2862007575757576,0,0.37626262626262624,TN
Punjab,Shahid Bhagat Singh Nagar,2025-11-20,0,0.0,+5d,0.0,0,0.1590208333333333,0,0.37626262626262624,TN
Punjab,Shahid Bhagat Singh Nagar,2025-11-21,0,0.0,+5d,0.0,0,0.09932172531769304,0,0.37626262626262624,TN
Punjab,Shahid Bhagat Singh Nagar,2025-11-22,0,0.0,+5d,0.0,0,0.1618555194805195,0,0.37626262626262624,TN
Punjab,Shahid Bhagat Singh Nagar,2025-11-23,0,0.0,+5d,0.0,0,0.08330790043290044,0,0.37626262626262624,TN
Punjab,Sri Muktsar Sahib,2025-10-15,0,0.0,+5d,0.0,0,0.3657235195360195,0,0.37626262626262624,TN
Punjab,Sri Muktsar Sahib,2025-10-16,1,5.86,+5d,4.0,1,0.46769240196078427,1,0.37626262626262624,TP
Punjab,Sri Muktsar Sahib,2025-10-17,0,0.0,+5d,10.0,1,0.5724093486922434,1,0.37626262626262624,TP
Punjab,Sri Muktsar Sahib,2025-10-18,2,8.21,+5d,1.0,0,0.43861502100840327,1,0.37626262626262624,FP
Punjab,Sri Muktsar Sahib,2025-10-19,2,8.68,+5d,2.0,0,0.6244494047619047,1,0.37626262626262624,FP
Punjab,Sri Muktsar Sahib,2025-10-20,0,0.0,+5d,2.0,0,0.4508044333117864,1,0.37626262626262624,FP
Punjab,Sri Muktsar Sahib,2025-10-21,4,17.89,+5d,13.0,1,0.7171994047619047,1,0.37626262626262624,TP
Punjab,Sri Muktsar Sahib,2025-10-22,10,37.72,+5d,0.0,0,0.8369375000000001,1,0.37626262626262624,FP
Punjab,Sri Muktsar Sahib,2025-10-23,1,3.49,+5d,2.0,0,0.6475300324675325,1,0.37626262626262624,FP
Punjab,Sri Muktsar Sahib,2025-10-24,2,16.65,+5d,7.0,1,0.7170029761904759,1,0.37626262626262624,TP
Punjab,Sri Muktsar Sahib,2025-10-25,2,7.71,+5d,12.0,1,0.6453812229437229,1,0.37626262626262624,TP
Punjab,Sri Muktsar Sahib,2025-10-26,13,86.17,+5d,17.0,1,0.823347222222222,1,0.37626262626262624,TP
Punjab,Sri Muktsar Sahib,2025-10-27,0,0.0,+5d,21.0,1,0.5757678571428569,1,0.37626262626262624,TP
Punjab,Sri Muktsar Sahib,2025-10-28,2,11.65,+5d,41.0,1,0.5790833333333333,1,0.37626262626262624,TP
Punjab,Sri Muktsar Sahib,2025-10-29,7,33.11,+5d,12.0,1,0.7745208333333333,1,0.37626262626262624,TP
Punjab,Sri Muktsar Sahib,2025-10-30,12,70.77,+5d,15.0,1,0.9277499999999997,1,0.37626262626262624,TP
Punjab,Sri Muktsar Sahib,2025-10-31,17,171.26,+5d,29.0,1,0.8663630952380953,1,0.37626262626262624,TP
Punjab,Sri Muktsar Sahib,2025-11-01,21,102.23,+5d,48.0,1,0.828674603174603,1,0.37626262626262624,TP
Punjab,Sri Muktsar Sahib,2025-11-02,41,334.81,+5d,37.0,1,0.8191726190476188,1,0.37626262626262624,TP
Punjab,Sri Muktsar Sahib,2025-11-03,12,70.67999999999999,+5d,25.0,1,0.899875,1,0.37626262626262624,TP
Punjab,Sri Muktsar Sahib,2025-11-04,15,124.78,+5d,28.0,1,0.8968968253968252,1,0.37626262626262624,TP
Punjab,Sri Muktsar Sahib,2025-11-05,29,173.99,+5d,31.0,1,0.7124999999999999,1,0.37626262626262624,TP
Punjab,Sri Muktsar Sahib,2025-11-06,48,331.47,+5d,39.0,1,0.6087619047619047,1,0.37626262626262624,TP
Punjab,Sri Muktsar Sahib,2025-11-07,37,200.69,+5d,14.0,1,0.7237797619047622,1,0.37626262626262624,TP
Punjab,Sri Muktsar Sahib,2025-11-08,25,149.07999999999998,+5d,21.0,1,0.7532619047619049,1,0.37626262626262624,TP
Punjab,Sri Muktsar Sahib,2025-11-09,28,136.62,+5d,20.0,1,0.8525416666666668,1,0.37626262626262624,TP
Punjab,Sri Muktsar Sahib,2025-11-10,31,131.89,+5d,32.0,1,0.766761904761905,1,0.37626262626262624,TP
Punjab,Sri Muktsar Sahib,2025-11-11,39,236.67,+5d,28.0,1,0.8729583333333336,1,0.37626262626262624,TP
Punjab,Sri Muktsar Sahib,2025-11-12,14,71.45,+5d,9.0,1,0.7687916666666668,1,0.37626262626262624,TP
Punjab,Sri Muktsar Sahib,2025-11-13,21,114.28,+5d,10.0,1,0.8442500000000003,1,0.37626262626262624,TP
Punjab,Sri Muktsar Sahib,2025-11-14,20,110.72,+5d,9.0,1,0.8458333333333333,1,0.37626262626262624,TP
Punjab,Sri Muktsar Sahib,2025-11-15,32,161.38,+5d,8.0,1,0.7351130952380954,1,0.37626262626262624,TP
Punjab,Sri Muktsar Sahib,2025-11-16,28,148.9,+5d,4.0,1,0.7200238095238096,1,0.37626262626262624,TP
Punjab,Sri Muktsar Sahib,2025-11-17,9,21.88,+5d,4.0,1,0.7016428571428571,1,0.37626262626262624,TP
Punjab,Sri Muktsar Sahib,2025-11-18,10,38.26,+5d,12.0,1,0.6393749999999998,1,0.37626262626262624,TP
Punjab,Sri Muktsar Sahib,2025-11-19,9,38.03,+5d,0.0,0,0.5666944444444444,1,0.37626262626262624,FP
Punjab,Sri Muktsar Sahib,2025-11-20,8,34.36,+5d,2.0,0,0.17418452380952376,0,0.37626262626262624,TN
Punjab,Sri Muktsar Sahib,2025-11-21,4,16.88,+5d,3.0,1,0.0812797619047619,0,0.37626262626262624,FN
Punjab,Sri Muktsar Sahib,2025-11-22,4,12.72,+5d,7.0,1,0.13945833333333332,0,0.37626262626262624,FN
Punjab,Sri Muktsar Sahib,2025-11-23,12,164.88,+5d,2.0,0,0.253345238095238,0,0.37626262626262624,TN
Punjab,Tarn Taran,2025-10-15,16,63.69,+5d,34.0,1,0.9239742063492064,1,0.37626262626262624,TP
Punjab,Tarn Taran,2025-10-16,28,119.02,+5d,36.0,1,0.9687916666666666,1,0.37626262626262624,TP
Punjab,Tarn Taran,2025-10-17,21,79.39,+5d,35.0,1,0.9773396464646463,1,0.37626262626262624,TP
Punjab,Tarn Taran,2025-10-18,30,124.33,+5d,21.0,1,0.9781174242424241,1,0.37626262626262624,TP
Punjab,Tarn Taran,2025-10-19,45,228.67,+5d,18.0,1,0.9745714285714286,1,0.37626262626262624,TP
Punjab,Tarn Taran,2025-10-20,34,139.39,+5d,45.0,1,0.9250297619047619,1,0.37626262626262624,TP
Punjab,Tarn Taran,2025-10-21,36,129.44,+5d,62.0,1,0.9505595238095238,1,0.37626262626262624,TP
Punjab,Tarn Taran,2025-10-22,35,183.31,+5d,39.0,1,0.9704166666666667,1,0.37626262626262624,TP
Punjab,Tarn Taran,2025-10-23,21,99.69,+5d,22.0,1,0.9728333333333334,1,0.37626262626262624,TP
Punjab,Tarn Taran,2025-10-24,18,109.0,+5d,54.0,1,0.97125,1,0.37626262626262624,TP
Punjab,Tarn Taran,2025-10-25,45,224.23,+5d,48.0,1,0.9756309523809524,1,0.37626262626262624,TP
Punjab,Tarn Taran,2025-10-26,62,283.48,+5d,87.0,1,0.970404761904762,1,0.37626262626262624,TP
Punjab,Tarn Taran,2025-10-27,39,154.78,+5d,71.0,1,0.9567936507936509,1,0.37626262626262624,TP
Punjab,Tarn Taran,2025-10-28,22,130.01,+5d,59.0,1,0.97125,1,0.37626262626262624,TP
Punjab,Tarn Taran,2025-10-29,54,438.06,+5d,33.0,1,0.9954166666666667,1,0.37626262626262624,TP
Punjab,Tarn Taran,2025-10-30,48,232.45,+5d,63.0,1,0.99625,1,0.37626262626262624,TP
Punjab,Tarn Taran,2025-10-31,87,391.43,+5d,5.0,1,0.9695178571428572,1,0.37626262626262624,TP
Punjab,Tarn Taran,2025-11-01,71,330.73,+5d,44.0,1,0.9028650793650793,1,0.37626262626262624,TP
Punjab,Tarn Taran,2025-11-02,59,307.36,+5d,29.0,1,0.8702083333333335,1,0.37626262626262624,TP
Punjab,Tarn Taran,2025-11-03,33,138.16,+5d,31.0,1,0.8627499999999998,1,0.37626262626262624,TP
Punjab,Tarn Taran,2025-11-04,63,392.89,+5d,41.0,1,0.9591666666666666,1,0.37626262626262624,TP
Punjab,Tarn Taran,2025-11-05,5,15.96,+5d,58.0,1,0.6663273809523809,1,0.37626262626262624,TP
Punjab,Tarn Taran,2025-11-06,44,172.83,+5d,48.0,1,0.5499761904761904,1,0.37626262626262624,TP
Punjab,Tarn Taran,2025-11-07,29,157.01,+5d,18.0,1,0.5815416666666666,1,0.37626262626262624,TP
Punjab,Tarn Taran,2025-11-08,31,146.95,+5d,17.0,1,0.9020416666666666,1,0.37626262626262624,TP
Punjab,Tarn Taran,2025-11-09,41,243.63,+5d,23.0,1,0.835125,1,0.37626262626262624,TP
Punjab,Tarn Taran,2025-11-10,58,351.23,+5d,12.0,1,0.9004166666666665,1,0.37626262626262624,TP
Punjab,Tarn Taran,2025-11-11,48,221.82,+5d,12.0,1,0.6674345238095237,1,0.37626262626262624,TP
Punjab,Tarn Taran,2025-11-12,18,70.46000000000001,+5d,5.0,1,0.6359166666666666,1,0.37626262626262624,TP
Punjab,Tarn Taran,2025-11-13,17,79.45,+5d,3.0,1,0.7030833333333334,1,0.37626262626262624,TP
Punjab,Tarn Taran,2025-11-14,23,97.54,+5d,0.0,0,0.7244166666666668,1,0.37626262626262624,FP
Punjab,Tarn Taran,2025-11-15,12,45.89,+5d,3.0,1,0.7372500000000001,1,0.37626262626262624,TP
Punjab,Tarn Taran,2025-11-16,12,50.37,+5d,4.0,1,0.6104107142857141,1,0.37626262626262624,TP
Punjab,Tarn Taran,2025-11-17,5,19.08,+5d,2.0,0,0.5920714285714286,1,0.37626262626262624,FP
Punjab,Tarn Taran,2025-11-18,3,8.22,+5d,0.0,0,0.520767857142857,1,0.37626262626262624,FP
Punjab,Tarn Taran,2025-11-19,0,0.0,+5d,0.0,0,0.3845763305322128,1,0.37626262626262624,FP
Punjab,Tarn Taran,2025-11-20,3,13.18,+5d,0.0,0,0.2515873015873016,0,0.37626262626262624,TN
Punjab,Tarn Taran,2025-11-21,4,29.09,+5d,0.0,0,0.27159163059163055,0,0.37626262626262624,TN
Punjab,Tarn Taran,2025-11-22,2,6.27,+5d,0.0,0,0.23641504329004326,0,0.37626262626262624,TN
Punjab,Tarn Taran,2025-11-23,0,0.0,+5d,0.0,0,0.23751488095238094,0,0.37626262626262624,TN
