state,district,date,fire_count,frp_sum,horizon,target_fire_count,actual_elevated,rf_probability,rf_prediction,threshold,error_type
Haryana,Ambala,2025-10-15,0,0.0,+2d,0.0,0,0.08229274891774892,0,0.3614141414141414,TN
Haryana,Ambala,2025-10-16,2,3.1,+2d,0.0,0,0.2688571428571429,0,0.3614141414141414,TN
Haryana,Ambala,2025-10-17,0,0.0,+2d,1.0,0,0.11565972222222223,0,0.3614141414141414,TN
Haryana,Ambala,2025-10-18,0,0.0,+2d,3.0,1,0.06771460932857991,0,0.3614141414141414,FN
Haryana,Ambala,2025-10-19,1,7.36,+2d,2.0,0,0.19775992063492062,0,0.3614141414141414,TN
Haryana,Ambala,2025-10-20,3,8.36,+2d,1.0,0,0.305625,0,0.3614141414141414,TN
Haryana,Ambala,2025-10-21,2,5.03,+2d,0.0,0,0.4734791666666666,1,0.3614141414141414,FP
Haryana,Ambala,2025-10-22,1,3.08,+2d,0.0,0,0.4848392857142858,1,0.3614141414141414,FP
Haryana,Ambala,2025-10-23,0,0.0,+2d,1.0,0,0.19933333333333333,0,0.3614141414141414,TN
Haryana,Ambala,2025-10-24,0,0.0,+2d,4.0,1,0.07570833333333332,0,0.3614141414141414,FN
Haryana,Ambala,2025-10-25,1,2.44,+2d,2.0,0,0.23729761904761904,0,0.3614141414141414,TN
Haryana,Ambala,2025-10-26,4,14.37,+2d,0.0,0,0.34820833333333323,0,0.3614141414141414,TN
Haryana,Ambala,2025-10-27,2,3.93,+2d,2.0,0,0.4805654761904761,1,0.3614141414141414,FP
Haryana,Ambala,2025-10-28,0,0.0,+2d,0.0,0,0.37593055555555543,1,0.3614141414141414,FP
Haryana,Ambala,2025-10-29,2,5.92,+2d,3.0,1,0.40758333333333335,1,0.3614141414141414,TP
Haryana,Ambala,2025-10-30,0,0.0,+2d,0.0,0,0.20626190476190476,0,0.3614141414141414,TN
Haryana,Ambala,2025-10-31,3,11.989999999999998,+2d,4.0,1,0.4674583333333334,1,0.3614141414141414,TP
Haryana,Ambala,2025-11-01,0,0.0,+2d,0.0,0,0.32919345238095254,0,0.3614141414141414,TN
Haryana,Ambala,2025-11-02,4,11.68,+2d,0.0,0,0.43510714285714286,1,0.3614141414141414,FP
Haryana,Ambala,2025-11-03,0,0.0,+2d,0.0,0,0.35287499999999994,0,0.3614141414141414,TN
Haryana,Ambala,2025-11-04,0,0.0,+2d,0.0,0,0.15889583333333335,0,0.3614141414141414,TN
Haryana,Ambala,2025-11-05,0,0.0,+2d,1.0,0,0.2959613095238095,0,0.3614141414141414,TN
Haryana,Ambala,2025-11-06,0,0.0,+2d,1.0,0,0.018910568989058976,0,0.3614141414141414,TN
Haryana,Ambala,2025-11-07,1,1.65,+2d,0.0,0,0.32033333333333325,0,0.3614141414141414,TN
Haryana,Ambala,2025-11-08,1,2.63,+2d,0.0,0,0.1375416666666667,0,0.3614141414141414,TN
Haryana,Ambala,2025-11-09,0,0.0,+2d,0.0,0,0.2222345238095239,0,0.3614141414141414,TN
Haryana,Ambala,2025-11-10,0,0.0,+2d,0.0,0,0.008739651416122004,0,0.3614141414141414,TN
Haryana,Ambala,2025-11-11,0,0.0,+2d,2.0,0,0.023509920634920637,0,0.3614141414141414,TN
Haryana,Ambala,2025-11-12,0,0.0,+2d,0.0,0,0.031009259259259254,0,0.3614141414141414,TN
Haryana,Ambala,2025-11-13,2,8.79,+2d,0.0,0,0.12256250000000003,0,0.3614141414141414,TN
Haryana,Ambala,2025-11-14,0,0.0,+2d,0.0,0,0.06410714285714285,0,0.3614141414141414,TN
Haryana,Ambala,2025-11-15,0,0.0,+2d,0.0,0,0.03798214285714286,0,0.3614141414141414,TN
Haryana,Ambala,2025-11-16,0,0.0,+2d,0.0,0,0.04038095238095238,0,0.3614141414141414,TN
Haryana,Ambala,2025-11-17,0,0.0,+2d,0.0,0,0.0028964077388367398,0,0.3614141414141414,TN
Haryana,Ambala,2025-11-18,0,0.0,+2d,0.0,0,0.018461309523809522,0,0.3614141414141414,TN
Haryana,Ambala,2025-11-19,0,0.0,+2d,0.0,0,0.00577140773883674,0,0.3614141414141414,TN
Haryana,Ambala,2025-11-20,0,0.0,+2d,0.0,0,0.015113084589828775,0,0.3614141414141414,TN
Haryana,Ambala,2025-11-21,0,0.0,+2d,1.0,0,0.005470668807735201,0,0.3614141414141414,TN
Haryana,Ambala,2025-11-22,0,0.0,+2d,0.0,0,0.005378510723571304,0,0.3614141414141414,TN
Haryana,Ambala,2025-11-23,1,5.52,+2d,0.0,0,0.08332901174168296,0,0.3614141414141414,TN
Haryana,Bhiwani,2025-10-15,0,0.0,+2d,0.0,0,0.045938329303546695,0,0.3614141414141414,TN
Haryana,Bhiwani,2025-10-16,1,1.3,+2d,2.0,0,0.12662698412698414,0,0.3614141414141414,TN
Haryana,Bhiwani,2025-10-17,0,0.0,+2d,0.0,0,0.05177281746031745,0,0.3614141414141414,TN
Haryana,Bhiwani,2025-10-18,2,7.77,+2d,2.0,0,0.08586309523809524,0,0.3614141414141414,TN
Haryana,Bhiwani,2025-10-19,0,0.0,+2d,1.0,0,0.25067261904761906,0,0.3614141414141414,TN
Haryana,Bhiwani,2025-10-20,2,8.27,+2d,6.0,1,0.1416666666666667,0,0.3614141414141414,FN
Haryana,Bhiwani,2025-10-21,1,2.59,+2d,0.0,0,0.2255,0,0.3614141414141414,TN
Haryana,Bhiwani,2025-10-22,6,11.41,+2d,0.0,0,0.24842857142857142,0,0.3614141414141414,TN
Haryana,Bhiwani,2025-10-23,0,0.0,+2d,0.0,0,0.23287500000000005,0,0.3614141414141414,TN
Haryana,Bhiwani,2025-10-24,0,0.0,+2d,1.0,0,0.16814880952380945,0,0.3614141414141414,TN
Haryana,Bhiwani,2025-10-25,0,0.0,+2d,0.0,0,0.19734325396825395,0,0.3614141414141414,TN
Haryana,Bhiwani,2025-10-26,1,2.52,+2d,0.0,0,0.10997619047619046,0,0.3614141414141414,TN
Haryana,Bhiwani,2025-10-27,0,0.0,+2d,0.0,0,0.25527380952380957,0,0.3614141414141414,TN
Haryana,Bhiwani,2025-10-28,0,0.0,+2d,0.0,0,0.029175595238095237,0,0.3614141414141414,TN
Haryana,Bhiwani,2025-10-29,0,0.0,+2d,0.0,0,0.1536144688644689,0,0.3614141414141414,TN
Haryana,Bhiwani,2025-10-30,0,0.0,+2d,0.0,0,0.051634745564892615,0,0.3614141414141414,TN
Haryana,Bhiwani,2025-10-31,0,0.0,+2d,0.0,0,0.02355059523809524,0,0.3614141414141414,TN
Haryana,Bhiwani,2025-11-01,0,0.0,+2d,0.0,0,0.06208951914098973,0,0.3614141414141414,TN
Haryana,Bhiwani,2025-11-02,0,0.0,+2d,0.0,0,0.041366071428571426,0,0.3614141414141414,TN
Haryana,Bhiwani,2025-11-03,0,0.0,+2d,1.0,0,0.06913316993464053,0,0.3614141414141414,TN
Haryana,Bhiwani,2025-11-04,0,0.0,+2d,2.0,0,0.042490137721755375,0,0.3614141414141414,TN
Haryana,Bhiwani,2025-11-05,1,12.65,+2d,4.0,1,0.1978480392156862,0,0.3614141414141414,FN
Haryana,Bhiwani,2025-11-06,2,6.279999999999999,+2d,0.0,0,0.22919047619047622,0,0.3614141414141414,TN
Haryana,Bhiwani,2025-11-07,4,11.12,+2d,0.0,0,0.30829761904761904,0,0.3614141414141414,TN
Haryana,Bhiwani,2025-11-08,0,0.0,+2d,0.0,0,0.2177083333333333,0,0.3614141414141414,TN
Haryana,Bhiwani,2025-11-09,0,0.0,+2d,7.0,1,0.3019484126984126,0,0.3614141414141414,FN
Haryana,Bhiwani,2025-11-10,0,0.0,+2d,0.0,0,0.2057083333333332,0,0.3614141414141414,TN
Haryana,Bhiwani,2025-11-11,7,24.64,+2d,0.0,0,0.21818452380952383,0,0.3614141414141414,TN
Haryana,Bhiwani,2025-11-12,0,0.0,+2d,0.0,0,0.32712202380952377,0,0.3614141414141414,TN
Haryana,Bhiwani,2025-11-13,0,0.0,+2d,1.0,0,0.4038253968253969,1,0.3614141414141414,FP
Haryana,Bhiwani,2025-11-14,0,0.0,+2d,3.0,1,0.42129960317460324,1,0.3614141414141414,TP
Haryana,Bhiwani,2025-11-15,1,2.09,+2d,3.0,1,0.10656845238095236,0,0.3614141414141414,FN
Haryana,Bhiwani,2025-11-16,3,11.48,+2d,0.0,0,0.3947083333333333,1,0.3614141414141414,FP
Haryana,Bhiwani,2025-11-17,3,19.94,+2d,0.0,0,0.34125,0,0.3614141414141414,TN
Haryana,Bhiwani,2025-11-18,0,0.0,+2d,0.0,0,0.23827182539682534,0,0.3614141414141414,TN
Haryana,Bhiwani,2025-11-19,0,0.0,+2d,0.0,0,0.11304166666666667,0,0.3614141414141414,TN
Haryana,Bhiwani,2025-11-20,0,0.0,+2d,3.0,1,0.18252678571428568,0,0.3614141414141414,FN
Haryana,Bhiwani,2025-11-21,0,0.0,+2d,1.0,0,0.09933630952380958,0,0.3614141414141414,TN
Haryana,Bhiwani,2025-11-22,3,16.310000000000002,+2d,0.0,0,0.28904545454545455,0,0.3614141414141414,TN
Haryana,Bhiwani,2025-11-23,1,2.64,+2d,0.0,0,0.33315613553113543,0,0.3614141414141414,TN
Haryana,Charkhi Dadri,2025-10-15,0,0.0,+2d,0.0,0,0.00531060606060606,0,0.3614141414141414,TN
Haryana,Charkhi Dadri,2025-10-16,0,0.0,+2d,0.0,0,0.006107701597918989,0,0.3614141414141414,TN
Haryana,Charkhi Dadri,2025-10-17,0,0.0,+2d,0.0,0,0.04292857142857142,0,0.3614141414141414,TN
Haryana,Charkhi Dadri,2025-10-18,0,0.0,+2d,0.0,0,0.00886365397887137,0,0.3614141414141414,TN
Haryana,Charkhi Dadri,2025-10-19,0,0.0,+2d,0.0,0,0.0060531274575890345,0,0.3614141414141414,TN
Haryana,Charkhi Dadri,2025-10-20,0,0.0,+2d,0.0,0,0.009377542867760259,0,0.3614141414141414,TN
Haryana,Charkhi Dadri,2025-10-21,0,0.0,+2d,0.0,0,0.06007901255820053,0,0.3614141414141414,TN
Haryana,Charkhi Dadri,2025-10-22,0,0.0,+2d,0.0,0,0.02649890530925014,0,0.3614141414141414,TN
Haryana,Charkhi Dadri,2025-10-23,0,0.0,+2d,0.0,0,0.04222226064997805,0,0.3614141414141414,TN
Haryana,Charkhi Dadri,2025-10-24,0,0.0,+2d,0.0,0,0.023371527777777776,0,0.3614141414141414,TN
Haryana,Charkhi Dadri,2025-10-25,0,0.0,+2d,0.0,0,0.0020571965474139387,0,0.3614141414141414,TN
Haryana,Charkhi Dadri,2025-10-26,0,0.0,+2d,0.0,0,0.0018299238201412117,0,0.3614141414141414,TN
Haryana,Charkhi Dadri,2025-10-27,0,0.0,+2d,0.0,0,0.04437796008969721,0,0.3614141414141414,TN
Haryana,Charkhi Dadri,2025-10-28,0,0.0,+2d,0.0,0,0.03544408127501344,0,0.3614141414141414,TN
Haryana,Charkhi Dadri,2025-10-29,0,0.0,+2d,0.0,0,0.030475827306759472,0,0.3614141414141414,TN
Haryana,Charkhi Dadri,2025-10-30,0,0.0,+2d,1.0,0,0.04304154674528966,0,0.3614141414141414,TN
Haryana,Charkhi Dadri,2025-10-31,0,0.0,+2d,0.0,0,0.020855564845782232,0,0.3614141414141414,TN
Haryana,Charkhi Dadri,2025-11-01,1,2.49,+2d,0.0,0,0.027479166666666673,0,0.3614141414141414,TN
Haryana,Charkhi Dadri,2025-11-02,0,0.0,+2d,0.0,0,0.07653373015873015,0,0.3614141414141414,TN
Haryana,Charkhi Dadri,2025-11-03,0,0.0,+2d,0.0,0,0.005,0,0.3614141414141414,TN
Haryana,Charkhi Dadri,2025-11-04,0,0.0,+2d,0.0,0,0.0074591503267973855,0,0.3614141414141414,TN
Haryana,Charkhi Dadri,2025-11-05,0,0.0,+2d,0.0,0,0.008424169859514687,0,0.3614141414141414,TN
Haryana,Charkhi Dadri,2025-11-06,0,0.0,+2d,0.0,0,0.010970568783068783,0,0.3614141414141414,TN
Haryana,Charkhi Dadri,2025-11-07,0,0.0,+2d,0.0,0,0.010299457877947869,0,0.3614141414141414,TN
Haryana,Charkhi Dadri,2025-11-08,0,0.0,+2d,0.0,0,0.02573842592592592,0,0.3614141414141414,TN
Haryana,Charkhi Dadri,2025-11-09,0,0.0,+2d,0.0,0,0.02946808602174725,0,0.3614141414141414,TN
Haryana,Charkhi Dadri,2025-11-10,0,0.0,+2d,0.0,0,0.018226720395036793,0,0.3614141414141414,TN
Haryana,Charkhi Dadri,2025-11-11,0,0.0,+2d,0.0,0,0.00895918010017009,0,0.3614141414141414,TN
Haryana,Charkhi Dadri,2025-11-12,0,0.0,+2d,2.0,0,0.039458268014084405,0,0.3614141414141414,TN
Haryana,Charkhi Dadri,2025-11-13,0,0.0,+2d,0.0,0,0.011383429937091159,0,0.3614141414141414,TN
Haryana,Charkhi Dadri,2025-11-14,2,11.48,+2d,1.0,0,0.13365341650358775,0,0.3614141414141414,TN
Haryana,Charkhi Dadri,2025-11-15,0,0.0,+2d,0.0,0,0.16410119047619048,0,0.3614141414141414,TN
Haryana,Charkhi Dadri,2025-11-16,1,2.21,+2d,0.0,0,0.1929196428571429,0,0.3614141414141414,TN
Haryana,Charkhi Dadri,2025-11-17,0,0.0,+2d,0.0,0,0.1520436507936508,0,0.3614141414141414,TN
Haryana,Charkhi Dadri,2025-11-18,0,0.0,+2d,0.0,0,0.006904761904761903,0,0.3614141414141414,TN
Haryana,Charkhi Dadri,2025-11-19,0,0.0,+2d,0.0,0,0.030958333333333338,0,0.3614141414141414,TN
Haryana,Charkhi Dadri,2025-11-20,0,0.0,+2d,0.0,0,0.004645200063516457,0,0.3614141414141414,TN
Haryana,Charkhi Dadri,2025-11-21,0,0.0,+2d,0.0,0,0.11767399267399269,0,0.3614141414141414,TN
Haryana,Charkhi Dadri,2025-11-22,0,0.0,+2d,0.0,0,0.009841763270424492,0,0.3614141414141414,TN
Haryana,Charkhi Dadri,2025-11-23,0,0.0,+2d,0.0,0,0.04054166666666666,0,0.3614141414141414,TN
Haryana,Faridabad,2025-10-15,3,2.53,+2d,2.0,0,0.21348611111111107,0,0.3614141414141414,TN
Haryana,Faridabad,2025-10-16,0,0.0,+2d,1.0,0,0.09173611111111114,0,0.3614141414141414,TN
Haryana,Faridabad,2025-10-17,2,3.04,+2d,0.0,0,0.14616071428571428,0,0.3614141414141414,TN
Haryana,Faridabad,2025-10-18,1,0.31,+2d,1.0,0,0.21269444444444446,0,0.3614141414141414,TN
Haryana,Faridabad,2025-10-19,0,0.0,+2d,0.0,0,0.026958333333333334,0,0.3614141414141414,TN
Haryana,Faridabad,2025-10-20,1,0.53,+2d,1.0,0,0.20511111111111116,0,0.3614141414141414,TN
Haryana,Faridabad,2025-10-21,0,0.0,+2d,0.0,0,0.08004761904761903,0,0.3614141414141414,TN
Haryana,Faridabad,2025-10-22,1,0.74,+2d,0.0,0,0.3697619047619048,1,0.3614141414141414,FP
Haryana,Faridabad,2025-10-23,0,0.0,+2d,0.0,0,0.017499999999999998,0,0.3614141414141414,TN
Haryana,Faridabad,2025-10-24,0,0.0,+2d,4.0,1,0.018000000000000002,0,0.3614141414141414,FN
Haryana,Faridabad,2025-10-25,0,0.0,+2d,0.0,0,0.02041666666666667,0,0.3614141414141414,TN
Haryana,Faridabad,2025-10-26,4,4.0600000000000005,+2d,0.0,0,0.17312896825396826,0,0.3614141414141414,TN
Haryana,Faridabad,2025-10-27,0,0.0,+2d,0.0,0,0.08270833333333333,0,0.3614141414141414,TN
Haryana,Faridabad,2025-10-28,0,0.0,+2d,0.0,0,0.04594444444444444,0,0.3614141414141414,TN
Haryana,Faridabad,2025-10-29,0,0.0,+2d,1.0,0,0.06154166666666667,0,0.3614141414141414,TN
Haryana,Faridabad,2025-10-30,0,0.0,+2d,5.0,1,0.08079561881985596,0,0.3614141414141414,FN
Haryana,Faridabad,2025-10-31,1,0.79,+2d,2.0,0,0.1734702380952381,0,0.3614141414141414,TN
Haryana,Faridabad,2025-11-01,5,3.69,+2d,3.0,1,0.11734523809523807,0,0.3614141414141414,FN
Haryana,Faridabad,2025-11-02,2,1.52,+2d,0.0,0,0.28309523809523807,0,0.3614141414141414,TN
Haryana,Faridabad,2025-11-03,3,1.28,+2d,8.0,1,0.246236111111111,0,0.3614141414141414,FN
Haryana,Faridabad,2025-11-04,0,0.0,+2d,2.0,0,0.1606825396825397,0,0.3614141414141414,TN
Haryana,Faridabad,2025-11-05,8,4.37,+2d,3.0,1,0.10748511904761907,0,0.3614141414141414,FN
Haryana,Faridabad,2025-11-06,2,0.7,+2d,4.0,1,0.1894702380952381,0,0.3614141414141414,FN
Haryana,Faridabad,2025-11-07,3,6.02,+2d,4.0,1,0.18411111111111103,0,0.3614141414141414,FN
Haryana,Faridabad,2025-11-08,4,2.47,+2d,1.0,0,0.2327916666666666,0,0.3614141414141414,TN
Haryana,Faridabad,2025-11-09,4,1.91,+2d,1.0,0,0.13279166666666667,0,0.3614141414141414,TN
Haryana,Faridabad,2025-11-10,1,0.54,+2d,6.0,1,0.24306388888888888,0,0.3614141414141414,FN
Haryana,Faridabad,2025-11-11,1,1.92,+2d,5.0,1,0.15921825396825398,0,0.3614141414141414,FN
Haryana,Faridabad,2025-11-12,6,5.140000000000001,+2d,1.0,0,0.18508333333333332,0,0.3614141414141414,TN
Haryana,Faridabad,2025-11-13,5,4.54,+2d,5.0,1,0.13029166666666667,0,0.3614141414141414,FN
Haryana,Faridabad,2025-11-14,1,0.65,+2d,2.0,0,0.18966666666666665,0,0.3614141414141414,TN
Haryana,Faridabad,2025-11-15,5,5.64,+2d,6.0,1,0.2725833333333333,0,0.3614141414141414,FN
Haryana,Faridabad,2025-11-16,2,0.6799999999999999,+2d,3.0,1,0.2112916666666666,0,0.3614141414141414,FN
Haryana,Faridabad,2025-11-17,6,5.33,+2d,0.0,0,0.14408333333333334,0,0.3614141414141414,TN
Haryana,Faridabad,2025-11-18,3,1.33,+2d,7.0,1,0.18608333333333335,0,0.3614141414141414,FN
Haryana,Faridabad,2025-11-19,0,0.0,+2d,0.0,0,0.16395833333333332,0,0.3614141414141414,TN
Haryana,Faridabad,2025-11-20,7,18.13,+2d,7.0,1,0.4287886904761904,1,0.3614141414141414,TP
Haryana,Faridabad,2025-11-21,0,0.0,+2d,3.0,1,0.2759861111111111,0,0.3614141414141414,FN
Haryana,Faridabad,2025-11-22,7,3.93,+2d,0.0,0,0.24084523809523817,0,0.3614141414141414,TN
Haryana,Faridabad,2025-11-23,3,1.81,+2d,9.0,1,0.2788015873015873,0,0.3614141414141414,FN
Haryana,Fatehabad,2025-10-15,1,2.28,+2d,0.0,0,0.19188690476190484,0,0.3614141414141414,TN
Haryana,Fatehabad,2025-10-16,0,0.0,+2d,2.0,0,0.1658779761904762,0,0.3614141414141414,TN
Haryana,Fatehabad,2025-10-17,0,0.0,+2d,4.0,1,0.07756944444444444,0,0.3614141414141414,FN
Haryana,Fatehabad,2025-10-18,2,11.56,+2d,10.0,1,0.1626111111111111,0,0.3614141414141414,FN
Haryana,Fatehabad,2025-10-19,4,16.08,+2d,0.0,0,0.5178749999999999,1,0.3614141414141414,FP
Haryana,Fatehabad,2025-10-20,10,49.02,+2d,0.0,0,0.6958333333333332,1,0.3614141414141414,FP
Haryana,Fatehabad,2025-10-21,0,0.0,+2d,0.0,0,0.4300833333333335,1,0.3614141414141414,FP
Haryana,Fatehabad,2025-10-22,0,0.0,+2d,0.0,0,0.4020396825396824,1,0.3614141414141414,FP
Haryana,Fatehabad,2025-10-23,0,0.0,+2d,4.0,1,0.5413730158730158,1,0.3614141414141414,TP
Haryana,Fatehabad,2025-10-24,0,0.0,+2d,6.0,1,0.11921428571428576,0,0.3614141414141414,FN
Haryana,Fatehabad,2025-10-25,4,21.46,+2d,3.0,1,0.4150416666666665,1,0.3614141414141414,TP
Haryana,Fatehabad,2025-10-26,6,43.48,+2d,1.0,0,0.6598095238095241,1,0.3614141414141414,FP
Haryana,Fatehabad,2025-10-27,3,6.8100000000000005,+2d,1.0,0,0.6099166666666666,1,0.3614141414141414,FP
Haryana,Fatehabad,2025-10-28,1,1.11,+2d,5.0,1,0.3970059523809523,1,0.3614141414141414,TP
Haryana,Fatehabad,2025-10-29,1,1.54,+2d,4.0,1,0.6770555555555555,1,0.3614141414141414,TP
Haryana,Fatehabad,2025-10-30,5,25.38,+2d,11.0,1,0.6700833333333334,1,0.3614141414141414,TP
Haryana,Fatehabad,2025-10-31,4,15.740000000000002,+2d,8.0,1,0.6056904761904763,1,0.3614141414141414,TP
Haryana,Fatehabad,2025-11-01,11,42.61,+2d,4.0,1,0.7818154761904763,1,0.3614141414141414,TP
Haryana,Fatehabad,2025-11-02,8,37.09,+2d,8.0,1,0.7641190476190478,1,0.3614141414141414,TP
Haryana,Fatehabad,2025-11-03,4,14.37,+2d,0.0,0,0.5856666666666666,1,0.3614141414141414,FP
Haryana,Fatehabad,2025-11-04,8,89.26,+2d,7.0,1,0.7624494047619048,1,0.3614141414141414,TP
Haryana,Fatehabad,2025-11-05,0,0.0,+2d,15.0,1,0.5433333333333333,1,0.3614141414141414,TP
Haryana,Fatehabad,2025-11-06,7,22.13,+2d,10.0,1,0.543875,1,0.3614141414141414,TP
Haryana,Fatehabad,2025-11-07,15,49.98,+2d,13.0,1,0.7544375000000003,1,0.3614141414141414,TP
Haryana,Fatehabad,2025-11-08,10,51.46,+2d,14.0,1,0.8305833333333336,1,0.3614141414141414,TP
Haryana,Fatehabad,2025-11-09,13,77.01,+2d,15.0,1,0.9000833333333332,1,0.3614141414141414,TP
Haryana,Fatehabad,2025-11-10,14,68.96000000000001,+2d,3.0,1,0.9175833333333334,1,0.3614141414141414,TP
Haryana,Fatehabad,2025-11-11,15,85.03999999999999,+2d,4.0,1,0.9142916666666666,1,0.3614141414141414,TP
Haryana,Fatehabad,2025-11-12,3,10.77,+2d,1.0,0,0.7573750000000001,1,0.3614141414141414,FP
Haryana,Fatehabad,2025-11-13,4,12.82,+2d,8.0,1,0.6165238095238095,1,0.3614141414141414,TP
Haryana,Fatehabad,2025-11-14,1,1.65,+2d,5.0,1,0.6967916666666667,1,0.3614141414141414,TP
Haryana,Fatehabad,2025-11-15,8,22.52,+2d,3.0,1,0.502922619047619,1,0.3614141414141414,TP
Haryana,Fatehabad,2025-11-16,5,12.47,+2d,2.0,0,0.4654642857142858,1,0.3614141414141414,FP
Haryana,Fatehabad,2025-11-17,3,8.370000000000001,+2d,1.0,0,0.3283571428571428,0,0.3614141414141414,TN
Haryana,Fatehabad,2025-11-18,2,9.18,+2d,0.0,0,0.3506805555555556,0,0.3614141414141414,TN
Haryana,Fatehabad,2025-11-19,1,4.06,+2d,0.0,0,0.33587499999999987,0,0.3614141414141414,TN
Haryana,Fatehabad,2025-11-20,0,0.0,+2d,2.0,0,0.18311607142857148,0,0.3614141414141414,TN
Haryana,Fatehabad,2025-11-21,0,0.0,+2d,1.0,0,0.27408730158730166,0,0.3614141414141414,TN
Haryana,Fatehabad,2025-11-22,2,4.6,+2d,2.0,0,0.34697023809523814,0,0.3614141414141414,TN
Haryana,Fatehabad,2025-11-23,1,1.94,+2d,0.0,0,0.28325595238095247,0,0.3614141414141414,TN
Haryana,Gurugram,2025-10-15,0,0.0,+2d,0.0,0,0.05627191558441558,0,0.3614141414141414,TN
Haryana,Gurugram,2025-10-16,0,0.0,+2d,0.0,0,0.013478498217468804,0,0.3614141414141414,TN
Haryana,Gurugram,2025-10-17,0,0.0,+2d,0.0,0,0.0159375,0,0.3614141414141414,TN
Haryana,Gurugram,2025-10-18,0,0.0,+2d,1.0,0,0.04822279664779665,0,0.3614141414141414,TN
Haryana,Gurugram,2025-10-19,0,0.0,+2d,0.0,0,0.029539862914862915,0,0.3614141414141414,TN
Haryana,Gurugram,2025-10-20,1,1.22,+2d,0.0,0,0.10411607142857143,0,0.3614141414141414,TN
Haryana,Gurugram,2025-10-21,0,0.0,+2d,0.0,0,0.061135101010101014,0,0.3614141414141414,TN
Haryana,Gurugram,2025-10-22,0,0.0,+2d,0.0,0,0.0588988095238095,0,0.3614141414141414,TN
Haryana,Gurugram,2025-10-23,0,0.0,+2d,0.0,0,0.03097916666666666,0,0.3614141414141414,TN
Haryana,Gurugram,2025-10-24,0,0.0,+2d,0.0,0,0.03418302392052393,0,0.3614141414141414,TN
Haryana,Gurugram,2025-10-25,0,0.0,+2d,0.0,0,0.014645833333333332,0,0.3614141414141414,TN
Haryana,Gurugram,2025-10-26,0,0.0,+2d,0.0,0,0.0249890873015873,0,0.3614141414141414,TN
Haryana,Gurugram,2025-10-27,0,0.0,+2d,0.0,0,0.023998440655331903,0,0.3614141414141414,TN
Haryana,Gurugram,2025-10-28,0,0.0,+2d,0.0,0,0.05352166661238139,0,0.3614141414141414,TN
Haryana,Gurugram,2025-10-29,0,0.0,+2d,0.0,0,0.07453401398722874,0,0.3614141414141414,TN
Haryana,Gurugram,2025-10-30,0,0.0,+2d,0.0,0,0.10224021423048395,0,0.3614141414141414,TN
Haryana,Gurugram,2025-10-31,0,0.0,+2d,1.0,0,0.07647549206254702,0,0.3614141414141414,TN
Haryana,Gurugram,2025-11-01,0,0.0,+2d,0.0,0,0.023199618437118437,0,0.3614141414141414,TN
Haryana,Gurugram,2025-11-02,1,3.29,+2d,1.0,0,0.12462202380952381,0,0.3614141414141414,TN
Haryana,Gurugram,2025-11-03,0,0.0,+2d,0.0,0,0.08066666666666666,0,0.3614141414141414,TN
Haryana,Gurugram,2025-11-04,1,5.38,+2d,0.0,0,0.026086465141612197,0,0.3614141414141414,TN
Haryana,Gurugram,2025-11-05,0,0.0,+2d,0.0,0,0.14798214285714292,0,0.3614141414141414,TN
Haryana,Gurugram,2025-11-06,0,0.0,+2d,0.0,0,0.0122473544973545,0,0.3614141414141414,TN
Haryana,Gurugram,2025-11-07,0,0.0,+2d,0.0,0,0.03434457671957672,0,0.3614141414141414,TN
Haryana,Gurugram,2025-11-08,0,0.0,+2d,0.0,0,0.04459911280475797,0,0.3614141414141414,TN
Haryana,Gurugram,2025-11-09,0,0.0,+2d,0.0,0,0.04057175925925926,0,0.3614141414141414,TN
Haryana,Gurugram,2025-11-10,0,0.0,+2d,0.0,0,0.03451828443444567,0,0.3614141414141414,TN
Haryana,Gurugram,2025-11-11,0,0.0,+2d,0.0,0,0.01732175925925926,0,0.3614141414141414,TN
Haryana,Gurugram,2025-11-12,0,0.0,+2d,0.0,0,0.06155272772104409,0,0.3614141414141414,TN
Haryana,Gurugram,2025-11-13,0,0.0,+2d,0.0,0,0.029873825604642006,0,0.3614141414141414,TN
Haryana,Gurugram,2025-11-14,0,0.0,+2d,0.0,0,0.020707700063516455,0,0.3614141414141414,TN
Haryana,Gurugram,2025-11-15,0,0.0,+2d,1.0,0,0.01923746196827836,0,0.3614141414141414,TN
Haryana,Gurugram,2025-11-16,0,0.0,+2d,0.0,0,0.018119877102164082,0,0.3614141414141414,TN
Haryana,Gurugram,2025-11-17,1,0.35,+2d,0.0,0,0.0551721569029733,0,0.3614141414141414,TN
Haryana,Gurugram,2025-11-18,0,0.0,+2d,0.0,0,0.04448838325652841,0,0.3614141414141414,TN
Haryana,Gurugram,2025-11-19,0,0.0,+2d,1.0,0,0.010232430875576038,0,0.3614141414141414,TN
Haryana,Gurugram,2025-11-20,0,0.0,+2d,0.0,0,0.015589573732718893,0,0.3614141414141414,TN
Haryana,Gurugram,2025-11-21,1,2.73,+2d,0.0,0,0.08372186888454011,0,0.3614141414141414,TN
Haryana,Gurugram,2025-11-22,0,0.0,+2d,0.0,0,0.05232142857142857,0,0.3614141414141414,TN
Haryana,Gurugram,2025-11-23,0,0.0,+2d,0.0,0,0.012842261904761905,0,0.3614141414141414,TN
Haryana,Hisar,2025-10-15,3,4.12,+2d,1.0,0,0.3268869047619048,0,0.3614141414141414,TN
Haryana,Hisar,2025-10-16,3,8.1,+2d,2.0,0,0.25521428571428567,0,0.3614141414141414,TN
Haryana,Hisar,2025-10-17,1,1.87,+2d,10.0,1,0.19650595238095236,0,0.3614141414141414,FN
Haryana,Hisar,2025-10-18,2,13.93,+2d,13.0,1,0.37918452380952383,1,0.3614141414141414,TP
Haryana,Hisar,2025-10-19,10,32.46,+2d,5.0,1,0.5999523809523811,1,0.3614141414141414,TP
Haryana,Hisar,2025-10-20,13,45.58,+2d,1.0,0,0.7903958333333334,1,0.3614141414141414,FP
Haryana,Hisar,2025-10-21,5,14.52,+2d,0.0,0,0.6673749999999999,1,0.3614141414141414,FP
Haryana,Hisar,2025-10-22,1,1.65,+2d,2.0,0,0.5765833333333333,1,0.3614141414141414,FP
Haryana,Hisar,2025-10-23,0,0.0,+2d,2.0,0,0.4389444444444445,1,0.3614141414141414,FP
Haryana,Hisar,2025-10-24,2,9.28,+2d,15.0,1,0.45427380952380936,1,0.3614141414141414,TP
Haryana,Hisar,2025-10-25,2,2.14,+2d,6.0,1,0.3881071428571428,1,0.3614141414141414,TP
Haryana,Hisar,2025-10-26,15,30.63,+2d,0.0,0,0.5585416666666667,1,0.3614141414141414,FP
Haryana,Hisar,2025-10-27,6,30.36,+2d,1.0,0,0.67275,1,0.3614141414141414,FP
Haryana,Hisar,2025-10-28,0,0.0,+2d,3.0,1,0.41191666666666665,1,0.3614141414141414,TP
Haryana,Hisar,2025-10-29,1,2.46,+2d,5.0,1,0.6390376984126983,1,0.3614141414141414,TP
Haryana,Hisar,2025-10-30,3,17.19,+2d,11.0,1,0.6725019841269841,1,0.3614141414141414,TP
Haryana,Hisar,2025-10-31,5,12.87,+2d,6.0,1,0.471390873015873,1,0.3614141414141414,TP
Haryana,Hisar,2025-11-01,11,27.73,+2d,5.0,1,0.5486547619047618,1,0.3614141414141414,TP
Haryana,Hisar,2025-11-02,6,24.24,+2d,4.0,1,0.5597440476190476,1,0.3614141414141414,TP
Haryana,Hisar,2025-11-03,5,19.47,+2d,5.0,1,0.5338690476190477,1,0.3614141414141414,TP
Haryana,Hisar,2025-11-04,4,13.71,+2d,15.0,1,0.6188511904761905,1,0.3614141414141414,TP
Haryana,Hisar,2025-11-05,5,25.56,+2d,13.0,1,0.6088154761904763,1,0.3614141414141414,TP
Haryana,Hisar,2025-11-06,15,31.7,+2d,16.0,1,0.5757797619047621,1,0.3614141414141414,TP
Haryana,Hisar,2025-11-07,13,41.03,+2d,16.0,1,0.760875,1,0.3614141414141414,TP
Haryana,Hisar,2025-11-08,16,69.92,+2d,12.0,1,0.8632916666666668,1,0.3614141414141414,TP
Haryana,Hisar,2025-11-09,16,83.35,+2d,21.0,1,0.9267916666666665,1,0.3614141414141414,TP
Haryana,Hisar,2025-11-10,12,48.03,+2d,4.0,1,0.9275416666666666,1,0.3614141414141414,TP
Haryana,Hisar,2025-11-11,21,87.96,+2d,6.0,1,0.916,1,0.3614141414141414,TP
Haryana,Hisar,2025-11-12,4,13.57,+2d,8.0,1,0.7741130952380952,1,0.3614141414141414,TP
Haryana,Hisar,2025-11-13,6,31.13,+2d,10.0,1,0.6326369047619048,1,0.3614141414141414,TP
Haryana,Hisar,2025-11-14,8,23.57,+2d,11.0,1,0.6890595238095238,1,0.3614141414141414,TP
Haryana,Hisar,2025-11-15,10,26.08,+2d,7.0,1,0.5803214285714287,1,0.3614141414141414,TP
Haryana,Hisar,2025-11-16,11,41.57,+2d,5.0,1,0.7225833333333332,1,0.3614141414141414,TP
Haryana,Hisar,2025-11-17,7,20.77,+2d,0.0,0,0.6095952380952382,1,0.3614141414141414,FP
Haryana,Hisar,2025-11-18,5,13.92,+2d,6.0,1,0.4843511904761905,1,0.3614141414141414,TP
Haryana,Hisar,2025-11-19,0,0.0,+2d,6.0,1,0.3011666666666667,0,0.3614141414141414,FN
Haryana,Hisar,2025-11-20,6,27.23,+2d,4.0,1,0.49065773809523816,1,0.3614141414141414,TP
Haryana,Hisar,2025-11-21,6,11.72,+2d,2.0,0,0.44949999999999996,1,0.3614141414141414,FP
Haryana,Hisar,2025-11-22,4,10.48,+2d,1.0,0,0.4392916666666665,1,0.3614141414141414,FP
Haryana,Hisar,2025-11-23,2,8.99,+2d,5.0,1,0.24460912698412707,0,0.3614141414141414,FN
Haryana,Jhajjar,2025-10-15,2,6.04,+2d,1.0,0,0.19505357142857147,0,0.3614141414141414,TN
Haryana,Jhajjar,2025-10-16,2,3.12,+2d,0.0,0,0.15767261904761906,0,0.3614141414141414,TN
Haryana,Jhajjar,2025-10-17,1,0.82,+2d,0.0,0,0.1207440476190476,0,0.3614141414141414,TN
Haryana,Jhajjar,2025-10-18,0,0.0,+2d,0.0,0,0.12443749999999998,0,0.3614141414141414,TN
Haryana,Jhajjar,2025-10-19,0,0.0,+2d,0.0,0,0.07458333333333333,0,0.3614141414141414,TN
Haryana,Jhajjar,2025-10-20,0,0.0,+2d,3.0,1,0.08175,0,0.3614141414141414,FN
Haryana,Jhajjar,2025-10-21,0,0.0,+2d,1.0,0,0.05008333333333335,0,0.3614141414141414,TN
Haryana,Jhajjar,2025-10-22,3,6.94,+2d,1.0,0,0.1611696428571429,0,0.3614141414141414,TN
Haryana,Jhajjar,2025-10-23,1,1.15,+2d,2.0,0,0.2475863095238095,0,0.3614141414141414,TN
Haryana,Jhajjar,2025-10-24,1,1.13,+2d,2.0,0,0.15700694444444452,0,0.3614141414141414,TN
Haryana,Jhajjar,2025-10-25,2,4.25,+2d,0.0,0,0.16231250000000003,0,0.3614141414141414,TN
Haryana,Jhajjar,2025-10-26,2,1.12,+2d,0.0,0,0.2141230158730159,0,0.3614141414141414,TN
Haryana,Jhajjar,2025-10-27,0,0.0,+2d,0.0,0,0.0755,0,0.3614141414141414,TN
Haryana,Jhajjar,2025-10-28,0,0.0,+2d,1.0,0,0.030166666666666665,0,0.3614141414141414,TN
Haryana,Jhajjar,2025-10-29,0,0.0,+2d,1.0,0,0.06483333333333334,0,0.3614141414141414,TN
Haryana,Jhajjar,2025-10-30,1,0.91,+2d,1.0,0,0.17672916666666666,0,0.3614141414141414,TN
Haryana,Jhajjar,2025-10-31,1,0.57,+2d,0.0,0,0.12754595588235293,0,0.3614141414141414,TN
Haryana,Jhajjar,2025-11-01,1,0.77,+2d,3.0,1,0.18906547619047617,0,0.3614141414141414,FN
Haryana,Jhajjar,2025-11-02,0,0.0,+2d,4.0,1,0.07441666666666667,0,0.3614141414141414,FN
Haryana,Jhajjar,2025-11-03,3,8.49,+2d,3.0,1,0.110375,0,0.3614141414141414,FN
Haryana,Jhajjar,2025-11-04,4,2.5,+2d,2.0,0,0.2120148809523809,0,0.3614141414141414,TN
Haryana,Jhajjar,2025-11-05,3,6.62,+2d,6.0,1,0.23736011904761903,0,0.3614141414141414,FN
Haryana,Jhajjar,2025-11-06,2,1.1,+2d,5.0,1,0.3014484126984127,0,0.3614141414141414,FN
Haryana,Jhajjar,2025-11-07,6,8.28,+2d,4.0,1,0.29931547619047616,0,0.3614141414141414,FN
Haryana,Jhajjar,2025-11-08,5,6.8,+2d,2.0,0,0.4041607142857144,1,0.3614141414141414,FP
Haryana,Jhajjar,2025-11-09,4,7.279999999999999,+2d,1.0,0,0.3347499999999999,0,0.3614141414141414,TN
Haryana,Jhajjar,2025-11-10,2,1.23,+2d,2.0,0,0.20530952380952378,0,0.3614141414141414,TN
Haryana,Jhajjar,2025-11-11,1,3.82,+2d,3.0,1,0.38610119047619046,1,0.3614141414141414,TP
Haryana,Jhajjar,2025-11-12,2,3.26,+2d,1.0,0,0.3200357142857143,0,0.3614141414141414,TN
Haryana,Jhajjar,2025-11-13,3,6.0600000000000005,+2d,1.0,0,0.24308333333333326,0,0.3614141414141414,TN
Haryana,Jhajjar,2025-11-14,1,0.54,+2d,5.0,1,0.226925,0,0.3614141414141414,FN
Haryana,Jhajjar,2025-11-15,1,4.74,+2d,7.0,1,0.25931944444444444,0,0.3614141414141414,FN
Haryana,Jhajjar,2025-11-16,5,13.74,+2d,6.0,1,0.4034821428571428,1,0.3614141414141414,TP
Haryana,Jhajjar,2025-11-17,7,15.0,+2d,4.0,1,0.3429940476190476,0,0.3614141414141414,FN
Haryana,Jhajjar,2025-11-18,6,14.7,+2d,0.0,0,0.35608333333333336,0,0.3614141414141414,TN
Haryana,Jhajjar,2025-11-19,4,8.95,+2d,3.0,1,0.40808333333333346,1,0.3614141414141414,TP
Haryana,Jhajjar,2025-11-20,0,0.0,+2d,2.0,0,0.20939285714285713,0,0.3614141414141414,TN
Haryana,Jhajjar,2025-11-21,3,8.0,+2d,6.0,1,0.4860565476190476,1,0.3614141414141414,TP
Haryana,Jhajjar,2025-11-22,2,1.39,+2d,2.0,0,0.28954166666666675,0,0.3614141414141414,TN
Haryana,Jhajjar,2025-11-23,6,11.22,+2d,2.0,0,0.31714880952380964,0,0.3614141414141414,TN
Haryana,Jind,2025-10-15,5,15.27,+2d,0.0,0,0.5077410714285713,1,0.3614141414141414,FP
Haryana,Jind,2025-10-16,0,0.0,+2d,0.0,0,0.19335119047619057,0,0.3614141414141414,TN
Haryana,Jind,2025-10-17,0,0.0,+2d,4.0,1,0.3257440476190477,0,0.3614141414141414,FN
Haryana,Jind,2025-10-18,0,0.0,+2d,13.0,1,0.3066488095238095,0,0.3614141414141414,FN
Haryana,Jind,2025-10-19,4,11.75,+2d,5.0,1,0.5055000000000002,1,0.3614141414141414,TP
Haryana,Jind,2025-10-20,13,46.29,+2d,5.0,1,0.6178303571428572,1,0.3614141414141414,TP
Haryana,Jind,2025-10-21,5,15.15,+2d,0.0,0,0.7180416666666666,1,0.3614141414141414,FP
Haryana,Jind,2025-10-22,5,12.64,+2d,0.0,0,0.5889345238095238,1,0.3614141414141414,FP
Haryana,Jind,2025-10-23,0,0.0,+2d,6.0,1,0.5454166666666665,1,0.3614141414141414,TP
Haryana,Jind,2025-10-24,0,0.0,+2d,5.0,1,0.3335,0,0.3614141414141414,FN
Haryana,Jind,2025-10-25,6,44.53,+2d,6.0,1,0.5957142857142856,1,0.3614141414141414,TP
Haryana,Jind,2025-10-26,5,11.43,+2d,0.0,0,0.6397113095238095,1,0.3614141414141414,FP
Haryana,Jind,2025-10-27,6,37.02,+2d,2.0,0,0.6802321428571428,1,0.3614141414141414,FP
Haryana,Jind,2025-10-28,0,0.0,+2d,0.0,0,0.5048194444444445,1,0.3614141414141414,FP
Haryana,Jind,2025-10-29,2,15.7,+2d,1.0,0,0.5816329365079365,1,0.3614141414141414,FP
Haryana,Jind,2025-10-30,0,0.0,+2d,7.0,1,0.5502857142857143,1,0.3614141414141414,TP
Haryana,Jind,2025-10-31,1,8.84,+2d,8.0,1,0.40757738095238105,1,0.3614141414141414,TP
Haryana,Jind,2025-11-01,7,25.89,+2d,4.0,1,0.5400559210526314,1,0.3614141414141414,TP
Haryana,Jind,2025-11-02,8,34.84,+2d,3.0,1,0.7759107142857143,1,0.3614141414141414,TP
Haryana,Jind,2025-11-03,4,43.44,+2d,7.0,1,0.596875,1,0.3614141414141414,TP
Haryana,Jind,2025-11-04,3,11.98,+2d,15.0,1,0.6461964285714284,1,0.3614141414141414,TP
Haryana,Jind,2025-11-05,7,21.12,+2d,15.0,1,0.5751845238095238,1,0.3614141414141414,TP
Haryana,Jind,2025-11-06,15,59.03,+2d,25.0,1,0.7528482142857144,1,0.3614141414141414,TP
Haryana,Jind,2025-11-07,15,46.17,+2d,39.0,1,0.868791666666667,1,0.3614141414141414,TP
Haryana,Jind,2025-11-08,25,135.33,+2d,38.0,1,0.8805000000000001,1,0.3614141414141414,TP
Haryana,Jind,2025-11-09,39,183.54,+2d,28.0,1,0.9091666666666667,1,0.3614141414141414,TP
Haryana,Jind,2025-11-10,38,135.94,+2d,14.0,1,0.9233333333333331,1,0.3614141414141414,TP
Haryana,Jind,2025-11-11,28,146.05,+2d,12.0,1,0.9297083333333334,1,0.3614141414141414,TP
Haryana,Jind,2025-11-12,14,55.67,+2d,2.0,0,0.8630416666666666,1,0.3614141414141414,FP
Haryana,Jind,2025-11-13,12,60.45,+2d,13.0,1,0.8371458333333334,1,0.3614141414141414,TP
Haryana,Jind,2025-11-14,2,9.46,+2d,17.0,1,0.8049166666666666,1,0.3614141414141414,TP
Haryana,Jind,2025-11-15,13,65.2,+2d,6.0,1,0.7241249999999999,1,0.3614141414141414,TP
Haryana,Jind,2025-11-16,17,91.54,+2d,3.0,1,0.8618125000000001,1,0.3614141414141414,TP
Haryana,Jind,2025-11-17,6,23.5,+2d,2.0,0,0.7289583333333334,1,0.3614141414141414,FP
Haryana,Jind,2025-11-18,3,20.93,+2d,6.0,1,0.4645654761904761,1,0.3614141414141414,TP
Haryana,Jind,2025-11-19,2,10.02,+2d,6.0,1,0.5341130952380952,1,0.3614141414141414,TP
Haryana,Jind,2025-11-20,6,9.34,+2d,3.0,1,0.3806071428571428,1,0.3614141414141414,TP
Haryana,Jind,2025-11-21,6,16.43,+2d,2.0,0,0.4831488095238095,1,0.3614141414141414,FP
Haryana,Jind,2025-11-22,3,7.59,+2d,2.0,0,0.3348392857142856,0,0.3614141414141414,TN
Haryana,Jind,2025-11-23,2,6.34,+2d,0.0,0,0.32544642857142864,0,0.3614141414141414,TN
Haryana,Kaithal,2025-10-15,0,0.0,+2d,0.0,0,0.022463383838383845,0,0.3614141414141414,TN
Haryana,Kaithal,2025-10-16,1,4.43,+2d,1.0,0,0.06840277777777778,0,0.3614141414141414,TN
Haryana,Kaithal,2025-10-17,0,0.0,+2d,2.0,0,0.14423611111111115,0,0.3614141414141414,TN
Haryana,Kaithal,2025-10-18,1,2.39,+2d,2.0,0,0.09550000000000003,0,0.3614141414141414,TN
Haryana,Kaithal,2025-10-19,2,17.11,+2d,9.0,1,0.27869047619047627,0,0.3614141414141414,FN
Haryana,Kaithal,2025-10-20,2,8.18,+2d,1.0,0,0.45701785714285714,1,0.3614141414141414,FP
Haryana,Kaithal,2025-10-21,9,38.37,+2d,0.0,0,0.7092797619047617,1,0.3614141414141414,FP
Haryana,Kaithal,2025-10-22,1,7.84,+2d,0.0,0,0.7099761904761902,1,0.3614141414141414,FP
Haryana,Kaithal,2025-10-23,0,0.0,+2d,1.0,0,0.25292857142857145,0,0.3614141414141414,TN
Haryana,Kaithal,2025-10-24,0,0.0,+2d,9.0,1,0.41060416666666655,1,0.3614141414141414,TP
Haryana,Kaithal,2025-10-25,1,4.02,+2d,5.0,1,0.2506934523809524,0,0.3614141414141414,FN
Haryana,Kaithal,2025-10-26,9,23.36,+2d,0.0,0,0.4889523809523811,1,0.3614141414141414,FP
Haryana,Kaithal,2025-10-27,5,13.84,+2d,2.0,0,0.6442529761904763,1,0.3614141414141414,FP
Haryana,Kaithal,2025-10-28,0,0.0,+2d,2.0,0,0.36545833333333333,1,0.3614141414141414,FP
Haryana,Kaithal,2025-10-29,2,10.18,+2d,1.0,0,0.6597123015873017,1,0.3614141414141414,FP
Haryana,Kaithal,2025-10-30,2,4.83,+2d,7.0,1,0.5437916666666667,1,0.3614141414141414,TP
Haryana,Kaithal,2025-10-31,1,3.67,+2d,6.0,1,0.47431250000000014,1,0.3614141414141414,TP
Haryana,Kaithal,2025-11-01,7,31.16,+2d,3.0,1,0.6470335497835498,1,0.3614141414141414,TP
Haryana,Kaithal,2025-11-02,6,42.95,+2d,1.0,0,0.711764880952381,1,0.3614141414141414,FP
Haryana,Kaithal,2025-11-03,3,14.52,+2d,3.0,1,0.4938333333333334,1,0.3614141414141414,TP
Haryana,Kaithal,2025-11-04,1,4.24,+2d,7.0,1,0.6533749999999999,1,0.3614141414141414,TP
Haryana,Kaithal,2025-11-05,3,14.22,+2d,4.0,1,0.7082638888888888,1,0.3614141414141414,TP
Haryana,Kaithal,2025-11-06,7,18.85,+2d,7.0,1,0.5944583333333334,1,0.3614141414141414,TP
Haryana,Kaithal,2025-11-07,4,15.5,+2d,8.0,1,0.4668333333333335,1,0.3614141414141414,TP
Haryana,Kaithal,2025-11-08,7,42.07,+2d,5.0,1,0.5527738095238095,1,0.3614141414141414,TP
Haryana,Kaithal,2025-11-09,8,29.88,+2d,13.0,1,0.6997142857142856,1,0.3614141414141414,TP
Haryana,Kaithal,2025-11-10,5,17.439999999999998,+2d,4.0,1,0.5525833333333334,1,0.3614141414141414,TP
Haryana,Kaithal,2025-11-11,13,45.1,+2d,4.0,1,0.7367440476190477,1,0.3614141414141414,TP
Haryana,Kaithal,2025-11-12,4,7.75,+2d,1.0,0,0.538690476190476,1,0.3614141414141414,FP
Haryana,Kaithal,2025-11-13,4,9.64,+2d,1.0,0,0.5047678571428573,1,0.3614141414141414,FP
Haryana,Kaithal,2025-11-14,1,2.79,+2d,1.0,0,0.5663928571428571,1,0.3614141414141414,FP
Haryana,Kaithal,2025-11-15,1,3.79,+2d,0.0,0,0.27508333333333335,0,0.3614141414141414,TN
Haryana,Kaithal,2025-11-16,1,2.22,+2d,4.0,1,0.3930529448621554,1,0.3614141414141414,TP
Haryana,Kaithal,2025-11-17,0,0.0,+2d,0.0,0,0.14982380952380953,0,0.3614141414141414,TN
Haryana,Kaithal,2025-11-18,4,9.01,+2d,1.0,0,0.3079583333333332,0,0.3614141414141414,TN
Haryana,Kaithal,2025-11-19,0,0.0,+2d,0.0,0,0.14017261904761902,0,0.3614141414141414,TN
Haryana,Kaithal,2025-11-20,1,0.59,+2d,0.0,0,0.19650000000000006,0,0.3614141414141414,TN
Haryana,Kaithal,2025-11-21,0,0.0,+2d,2.0,0,0.2697668650793651,0,0.3614141414141414,TN
Haryana,Kaithal,2025-11-22,0,0.0,+2d,8.0,1,0.06453769841269842,0,0.3614141414141414,FN
Haryana,Kaithal,2025-11-23,2,2.01,+2d,5.0,1,0.15333134920634922,0,0.3614141414141414,FN
Haryana,Karnal,2025-10-15,0,0.0,+2d,0.0,0,0.022196737561954952,0,0.3614141414141414,TN
Haryana,Karnal,2025-10-16,0,0.0,+2d,0.0,0,0.028235377170722,0,0.3614141414141414,TN
Haryana,Karnal,2025-10-17,0,0.0,+2d,3.0,1,0.07263572990416205,0,0.3614141414141414,FN
Haryana,Karnal,2025-10-18,0,0.0,+2d,4.0,1,0.03933572357594097,0,0.3614141414141414,FN
Haryana,Karnal,2025-10-19,3,12.39,+2d,4.0,1,0.20279761904761906,0,0.3614141414141414,FN
Haryana,Karnal,2025-10-20,4,14.71,+2d,2.0,0,0.5393392857142857,1,0.3614141414141414,FP
Haryana,Karnal,2025-10-21,4,12.98,+2d,1.0,0,0.6284166666666666,1,0.3614141414141414,FP
Haryana,Karnal,2025-10-22,2,3.56,+2d,0.0,0,0.5287142857142857,1,0.3614141414141414,FP
Haryana,Karnal,2025-10-23,1,5.09,+2d,1.0,0,0.35358333333333336,0,0.3614141414141414,TN
Haryana,Karnal,2025-10-24,0,0.0,+2d,2.0,0,0.12632142857142856,0,0.3614141414141414,TN
Haryana,Karnal,2025-10-25,1,1.91,+2d,1.0,0,0.340922619047619,0,0.3614141414141414,TN
Haryana,Karnal,2025-10-26,2,4.8,+2d,0.0,0,0.40973809523809535,1,0.3614141414141414,FP
Haryana,Karnal,2025-10-27,1,0.54,+2d,0.0,0,0.37963333333333343,1,0.3614141414141414,FP
Haryana,Karnal,2025-10-28,0,0.0,+2d,0.0,0,0.1716666666666667,0,0.3614141414141414,TN
Haryana,Karnal,2025-10-29,0,0.0,+2d,2.0,0,0.09970238095238095,0,0.3614141414141414,TN
Haryana,Karnal,2025-10-30,0,0.0,+2d,1.0,0,0.04670833333333333,0,0.3614141414141414,TN
Haryana,Karnal,2025-10-31,2,7.67,+2d,1.0,0,0.12789583333333335,0,0.3614141414141414,TN
Haryana,Karnal,2025-11-01,1,4.13,+2d,0.0,0,0.24233333333333332,0,0.3614141414141414,TN
Haryana,Karnal,2025-11-02,1,3.3,+2d,2.0,0,0.25500496031746034,0,0.3614141414141414,TN
Haryana,Karnal,2025-11-03,0,0.0,+2d,3.0,1,0.20980257936507937,0,0.3614141414141414,FN
Haryana,Karnal,2025-11-04,2,8.219999999999999,+2d,9.0,1,0.1475925925925926,0,0.3614141414141414,FN
Haryana,Karnal,2025-11-05,3,7.050000000000001,+2d,6.0,1,0.2886607142857142,0,0.3614141414141414,FN
Haryana,Karnal,2025-11-06,9,21.36,+2d,6.0,1,0.4474880952380952,1,0.3614141414141414,TP
Haryana,Karnal,2025-11-07,6,20.0,+2d,1.0,0,0.5433749999999999,1,0.3614141414141414,FP
Haryana,Karnal,2025-11-08,6,30.8,+2d,2.0,0,0.5961964285714287,1,0.3614141414141414,FP
Haryana,Karnal,2025-11-09,1,5.56,+2d,0.0,0,0.536375,1,0.3614141414141414,FP
Haryana,Karnal,2025-11-10,2,9.34,+2d,1.0,0,0.6183750000000001,1,0.3614141414141414,FP
Haryana,Karnal,2025-11-11,0,0.0,+2d,2.0,0,0.37252083333333347,1,0.3614141414141414,FP
Haryana,Karnal,2025-11-12,1,3.08,+2d,0.0,0,0.35908630952380954,0,0.3614141414141414,TN
Haryana,Karnal,2025-11-13,2,13.18,+2d,0.0,0,0.33377380952380953,0,0.3614141414141414,TN
Haryana,Karnal,2025-11-14,0,0.0,+2d,0.0,0,0.17715476190476187,0,0.3614141414141414,TN
Haryana,Karnal,2025-11-15,0,0.0,+2d,1.0,0,0.25906190476190477,0,0.3614141414141414,TN
Haryana,Karnal,2025-11-16,0,0.0,+2d,0.0,0,0.23655555555555555,0,0.3614141414141414,TN
Haryana,Karnal,2025-11-17,1,1.76,+2d,0.0,0,0.12895970695970693,0,0.3614141414141414,TN
Haryana,Karnal,2025-11-18,0,0.0,+2d,0.0,0,0.19644583333333332,0,0.3614141414141414,TN
Haryana,Karnal,2025-11-19,0,0.0,+2d,0.0,0,0.045468487394957985,0,0.3614141414141414,TN
Haryana,Karnal,2025-11-20,0,0.0,+2d,1.0,0,0.1898809523809524,0,0.3614141414141414,TN
Haryana,Karnal,2025-11-21,0,0.0,+2d,0.0,0,0.04379755372837013,0,0.3614141414141414,TN
Haryana,Karnal,2025-11-22,1,2.4,+2d,0.0,0,0.12386111111111112,0,0.3614141414141414,TN
Haryana,Karnal,2025-11-23,0,0.0,+2d,0.0,0,0.11101587301587301,0,0.3614141414141414,TN
Haryana,Kurukshetra,2025-10-15,2,4.220000000000001,+2d,1.0,0,0.08575000000000003,0,0.3614141414141414,TN
Haryana,Kurukshetra,2025-10-16,2,1.68,+2d,1.0,0,0.3027202380952382,0,0.3614141414141414,TN
Haryana,Kurukshetra,2025-10-17,1,3.6,+2d,3.0,1,0.18194444444444444,0,0.3614141414141414,FN
Haryana,Kurukshetra,2025-10-18,1,2.98,+2d,3.0,1,0.18337499999999998,0,0.3614141414141414,FN
Haryana,Kurukshetra,2025-10-19,3,7.859999999999999,+2d,4.0,1,0.38979563492063507,1,0.3614141414141414,TP
Haryana,Kurukshetra,2025-10-20,3,7.65,+2d,2.0,0,0.413154761904762,1,0.3614141414141414,FP
Haryana,Kurukshetra,2025-10-21,4,27.3,+2d,1.0,0,0.6189583333333332,1,0.3614141414141414,FP
Haryana,Kurukshetra,2025-10-22,2,3.28,+2d,0.0,0,0.5044821428571428,1,0.3614141414141414,FP
Haryana,Kurukshetra,2025-10-23,1,3.28,+2d,4.0,1,0.2827916666666667,0,0.3614141414141414,FN
Haryana,Kurukshetra,2025-10-24,0,0.0,+2d,5.0,1,0.22438095238095243,0,0.3614141414141414,FN
Haryana,Kurukshetra,2025-10-25,4,24.44,+2d,5.0,1,0.43996726190476204,1,0.3614141414141414,TP
Haryana,Kurukshetra,2025-10-26,5,11.87,+2d,0.0,0,0.5358333333333334,1,0.3614141414141414,FP
Haryana,Kurukshetra,2025-10-27,5,17.99,+2d,0.0,0,0.6387976190476191,1,0.3614141414141414,FP
Haryana,Kurukshetra,2025-10-28,0,0.0,+2d,0.0,0,0.3662142857142857,1,0.3614141414141414,FP
Haryana,Kurukshetra,2025-10-29,0,0.0,+2d,1.0,0,0.4543551587301588,1,0.3614141414141414,FP
Haryana,Kurukshetra,2025-10-30,0,0.0,+2d,3.0,1,0.5217361111111111,1,0.3614141414141414,TP
Haryana,Kurukshetra,2025-10-31,1,1.69,+2d,1.0,0,0.2649910714285714,0,0.3614141414141414,TN
Haryana,Kurukshetra,2025-11-01,3,14.97,+2d,0.0,0,0.4861666666666667,1,0.3614141414141414,FP
Haryana,Kurukshetra,2025-11-02,1,2.76,+2d,0.0,0,0.45343452380952376,1,0.3614141414141414,FP
Haryana,Kurukshetra,2025-11-03,0,0.0,+2d,0.0,0,0.2739686507936508,0,0.3614141414141414,TN
Haryana,Kurukshetra,2025-11-04,0,0.0,+2d,0.0,0,0.2510109126984127,0,0.3614141414141414,TN
Haryana,Kurukshetra,2025-11-05,0,0.0,+2d,0.0,0,0.04953131808278866,0,0.3614141414141414,TN
Haryana,Kurukshetra,2025-11-06,0,0.0,+2d,0.0,0,0.22425833333333334,0,0.3614141414141414,TN
Haryana,Kurukshetra,2025-11-07,0,0.0,+2d,3.0,1,0.02135416666666667,0,0.3614141414141414,FN
Haryana,Kurukshetra,2025-11-08,0,0.0,+2d,0.0,0,0.25600970695970704,0,0.3614141414141414,TN
Haryana,Kurukshetra,2025-11-09,3,2.71,+2d,0.0,0,0.1845952380952381,0,0.3614141414141414,TN
Haryana,Kurukshetra,2025-11-10,0,0.0,+2d,0.0,0,0.13279166666666667,0,0.3614141414141414,TN
Haryana,Kurukshetra,2025-11-11,0,0.0,+2d,0.0,0,0.02706845238095238,0,0.3614141414141414,TN
Haryana,Kurukshetra,2025-11-12,0,0.0,+2d,0.0,0,0.02121825396825397,0,0.3614141414141414,TN
Haryana,Kurukshetra,2025-11-13,0,0.0,+2d,0.0,0,0.01725842993709116,0,0.3614141414141414,TN
Haryana,Kurukshetra,2025-11-14,0,0.0,+2d,0.0,0,0.012624999999999999,0,0.3614141414141414,TN
Haryana,Kurukshetra,2025-11-15,0,0.0,+2d,0.0,0,0.031020437326253716,0,0.3614141414141414,TN
Haryana,Kurukshetra,2025-11-16,0,0.0,+2d,7.0,1,0.023188725490196075,0,0.3614141414141414,FN
Haryana,Kurukshetra,2025-11-17,0,0.0,+2d,0.0,0,0.011088372024551025,0,0.3614141414141414,TN
Haryana,Kurukshetra,2025-11-18,7,10.6,+2d,0.0,0,0.147959419640236,0,0.3614141414141414,TN
Haryana,Kurukshetra,2025-11-19,0,0.0,+2d,0.0,0,0.15595833333333334,0,0.3614141414141414,TN
Haryana,Kurukshetra,2025-11-20,0,0.0,+2d,0.0,0,0.10460119047619047,0,0.3614141414141414,TN
Haryana,Kurukshetra,2025-11-21,0,0.0,+2d,1.0,0,0.15586706349206347,0,0.3614141414141414,TN
Haryana,Kurukshetra,2025-11-22,0,0.0,+2d,0.0,0,0.02544132115875016,0,0.3614141414141414,TN
Haryana,Kurukshetra,2025-11-23,1,5.1,+2d,0.0,0,0.15708333333333338,0,0.3614141414141414,TN
Haryana,Mahendragarh,2025-10-15,0,0.0,+2d,0.0,0,0.03445072043969102,0,0.3614141414141414,TN
Haryana,Mahendragarh,2025-10-16,0,0.0,+2d,0.0,0,0.0015016409918583828,0,0.3614141414141414,TN
Haryana,Mahendragarh,2025-10-17,0,0.0,+2d,0.0,0,0.0369563492063492,0,0.3614141414141414,TN
Haryana,Mahendragarh,2025-10-18,0,0.0,+2d,0.0,0,0.00467426003947743,0,0.3614141414141414,TN
Haryana,Mahendragarh,2025-10-19,0,0.0,+2d,0.0,0,0.008773417312661498,0,0.3614141414141414,TN
Haryana,Mahendragarh,2025-10-20,0,0.0,+2d,0.0,0,0.006877542867760256,0,0.3614141414141414,TN
Haryana,Mahendragarh,2025-10-21,0,0.0,+2d,0.0,0,0.04829329827248625,0,0.3614141414141414,TN
Haryana,Mahendragarh,2025-10-22,0,0.0,+2d,0.0,0,0.04078461959496443,0,0.3614141414141414,TN
Haryana,Mahendragarh,2025-10-23,0,0.0,+2d,0.0,0,0.040436546364263755,0,0.3614141414141414,TN
Haryana,Mahendragarh,2025-10-24,0,0.0,+2d,0.0,0,0.005140821256038648,0,0.3614141414141414,TN
Haryana,Mahendragarh,2025-10-25,0,0.0,+2d,0.0,0,0.0005799238201412114,0,0.3614141414141414,TN
Haryana,Mahendragarh,2025-10-26,0,0.0,+2d,0.0,0,0.0055799238201412115,0,0.3614141414141414,TN
Haryana,Mahendragarh,2025-10-27,0,0.0,+2d,0.0,0,0.0351934362801734,0,0.3614141414141414,TN
Haryana,Mahendragarh,2025-10-28,0,0.0,+2d,0.0,0,0.0677777616769988,0,0.3614141414141414,TN
Haryana,Mahendragarh,2025-10-29,0,0.0,+2d,0.0,0,0.03752676961350673,0,0.3614141414141414,TN
Haryana,Mahendragarh,2025-10-30,0,0.0,+2d,2.0,0,0.061573788808781754,0,0.3614141414141414,TN
Haryana,Mahendragarh,2025-10-31,0,0.0,+2d,0.0,0,0.027403798882986864,0,0.3614141414141414,TN
Haryana,Mahendragarh,2025-11-01,2,5.1,+2d,0.0,0,0.035750000000000004,0,0.3614141414141414,TN
Haryana,Mahendragarh,2025-11-02,0,0.0,+2d,0.0,0,0.042569444444444444,0,0.3614141414141414,TN
Haryana,Mahendragarh,2025-11-03,0,0.0,+2d,0.0,0,0.004791666666666666,0,0.3614141414141414,TN
Haryana,Mahendragarh,2025-11-04,0,0.0,+2d,0.0,0,0.024203703703703706,0,0.3614141414141414,TN
Haryana,Mahendragarh,2025-11-05,0,0.0,+2d,0.0,0,0.006546472597034816,0,0.3614141414141414,TN
Haryana,Mahendragarh,2025-11-06,0,0.0,+2d,0.0,0,0.008053902116402117,0,0.3614141414141414,TN
Haryana,Mahendragarh,2025-11-07,0,0.0,+2d,0.0,0,0.018415859994349984,0,0.3614141414141414,TN
Haryana,Mahendragarh,2025-11-08,0,0.0,+2d,0.0,0,0.00894675925925926,0,0.3614141414141414,TN
Haryana,Mahendragarh,2025-11-09,0,0.0,+2d,0.0,0,0.028971362829896617,0,0.3614141414141414,TN
Haryana,Mahendragarh,2025-11-10,0,0.0,+2d,0.0,0,0.025431473209361833,0,0.3614141414141414,TN
Haryana,Mahendragarh,2025-11-11,0,0.0,+2d,0.0,0,0.014291498720159944,0,0.3614141414141414,TN
Haryana,Mahendragarh,2025-11-12,0,0.0,+2d,1.0,0,0.028589328197861984,0,0.3614141414141414,TN
Haryana,Mahendragarh,2025-11-13,0,0.0,+2d,2.0,0,0.011506311174627571,0,0.3614141414141414,TN
Haryana,Mahendragarh,2025-11-14,1,3.35,+2d,1.0,0,0.061013535551206796,0,0.3614141414141414,TN
Haryana,Mahendragarh,2025-11-15,2,8.9,+2d,0.0,0,0.09294047619047617,0,0.3614141414141414,TN
Haryana,Mahendragarh,2025-11-16,1,2.3,+2d,0.0,0,0.22044047619047624,0,0.3614141414141414,TN
Haryana,Mahendragarh,2025-11-17,0,0.0,+2d,0.0,0,0.16146666666666665,0,0.3614141414141414,TN
Haryana,Mahendragarh,2025-11-18,0,0.0,+2d,1.0,0,0.04937499999999999,0,0.3614141414141414,TN
Haryana,Mahendragarh,2025-11-19,0,0.0,+2d,0.0,0,0.0057777777777777775,0,0.3614141414141414,TN
Haryana,Mahendragarh,2025-11-20,1,0.61,+2d,0.0,0,0.019791666666666666,0,0.3614141414141414,TN
Haryana,Mahendragarh,2025-11-21,0,0.0,+2d,0.0,0,0.049666666666666665,0,0.3614141414141414,TN
Haryana,Mahendragarh,2025-11-22,0,0.0,+2d,0.0,0,0.037162087912087916,0,0.3614141414141414,TN
Haryana,Mahendragarh,2025-11-23,0,0.0,+2d,0.0,0,0.02773809523809524,0,0.3614141414141414,TN
Haryana,Nuh,2025-10-15,0,0.0,+2d,0.0,0,0.036277777777777784,0,0.3614141414141414,TN
Haryana,Nuh,2025-10-16,0,0.0,+2d,0.0,0,0.007081439393939393,0,0.3614141414141414,TN
Haryana,Nuh,2025-10-17,0,0.0,+2d,1.0,0,0.013208333333333336,0,0.3614141414141414,TN
Haryana,Nuh,2025-10-18,0,0.0,+2d,1.0,0,0.01861176003947743,0,0.3614141414141414,TN
Haryana,Nuh,2025-10-19,1,5.29,+2d,0.0,0,0.04604586834733893,0,0.3614141414141414,TN
Haryana,Nuh,2025-10-20,1,3.84,+2d,0.0,0,0.16948809523809522,0,0.3614141414141414,TN
Haryana,Nuh,2025-10-21,0,0.0,+2d,0.0,0,0.09275,0,0.3614141414141414,TN
Haryana,Nuh,2025-10-22,0,0.0,+2d,0.0,0,0.09077380952380952,0,0.3614141414141414,TN
Haryana,Nuh,2025-10-23,0,0.0,+2d,0.0,0,0.024486111111111108,0,0.3614141414141414,TN
Haryana,Nuh,2025-10-24,0,0.0,+2d,0.0,0,0.008333333333333333,0,0.3614141414141414,TN
Haryana,Nuh,2025-10-25,0,0.0,+2d,0.0,0,0.0029166666666666664,0,0.3614141414141414,TN
Haryana,Nuh,2025-10-26,0,0.0,+2d,0.0,0,0.016041666666666666,0,0.3614141414141414,TN
Haryana,Nuh,2025-10-27,0,0.0,+2d,0.0,0,0.029252583979328162,0,0.3614141414141414,TN
Haryana,Nuh,2025-10-28,0,0.0,+2d,0.0,0,0.04601355503441687,0,0.3614141414141414,TN
Haryana,Nuh,2025-10-29,0,0.0,+2d,0.0,0,0.04577081723255434,0,0.3614141414141414,TN
Haryana,Nuh,2025-10-30,0,0.0,+2d,0.0,0,0.04715276167699879,0,0.3614141414141414,TN
Haryana,Nuh,2025-10-31,0,0.0,+2d,0.0,0,0.05895831723255436,0,0.3614141414141414,TN
Haryana,Nuh,2025-11-01,0,0.0,+2d,0.0,0,0.00425849524871264,0,0.3614141414141414,TN
Haryana,Nuh,2025-11-02,0,0.0,+2d,0.0,0,0.00904983660130719,0,0.3614141414141414,TN
Haryana,Nuh,2025-11-03,0,0.0,+2d,0.0,0,0.013633169934640525,0,0.3614141414141414,TN
Haryana,Nuh,2025-11-04,0,0.0,+2d,0.0,0,0.06692203676180909,0,0.3614141414141414,TN
Haryana,Nuh,2025-11-05,0,0.0,+2d,0.0,0,0.007443680433897823,0,0.3614141414141414,TN
Haryana,Nuh,2025-11-06,0,0.0,+2d,0.0,0,0.011430791814154366,0,0.3614141414141414,TN
Haryana,Nuh,2025-11-07,0,0.0,+2d,0.0,0,0.02270881934218189,0,0.3614141414141414,TN
Haryana,Nuh,2025-11-08,0,0.0,+2d,0.0,0,0.0386932663658731,0,0.3614141414141414,TN
Haryana,Nuh,2025-11-09,0,0.0,+2d,2.0,0,0.03964022923537562,0,0.3614141414141414,TN
Haryana,Nuh,2025-11-10,0,0.0,+2d,0.0,0,0.009033165386826608,0,0.3614141414141414,TN
Haryana,Nuh,2025-11-11,2,6.26,+2d,0.0,0,0.04399898528665652,0,0.3614141414141414,TN
Haryana,Nuh,2025-11-12,0,0.0,+2d,0.0,0,0.025736111111111112,0,0.3614141414141414,TN
Haryana,Nuh,2025-11-13,0,0.0,+2d,0.0,0,0.0025,0,0.3614141414141414,TN
Haryana,Nuh,2025-11-14,0,0.0,+2d,0.0,0,0.028944444444444443,0,0.3614141414141414,TN
Haryana,Nuh,2025-11-15,0,0.0,+2d,0.0,0,0.0028964077388367398,0,0.3614141414141414,TN
Haryana,Nuh,2025-11-16,0,0.0,+2d,0.0,0,0.009583333333333334,0,0.3614141414141414,TN
Haryana,Nuh,2025-11-17,0,0.0,+2d,0.0,0,0.003337876599942994,0,0.3614141414141414,TN
Haryana,Nuh,2025-11-18,0,0.0,+2d,0.0,0,0.008391472868217054,0,0.3614141414141414,TN
Haryana,Nuh,2025-11-19,0,0.0,+2d,0.0,0,0.0028964077388367398,0,0.3614141414141414,TN
Haryana,Nuh,2025-11-20,0,0.0,+2d,0.0,0,0.0147601268034432,0,0.3614141414141414,TN
Haryana,Nuh,2025-11-21,0,0.0,+2d,0.0,0,0.030899249119036094,0,0.3614141414141414,TN
Haryana,Nuh,2025-11-22,0,0.0,+2d,0.0,0,0.0028964077388367398,0,0.3614141414141414,TN
Haryana,Nuh,2025-11-23,0,0.0,+2d,0.0,0,0.006063074405503407,0,0.3614141414141414,TN
Haryana,Palwal,2025-10-15,0,0.0,+2d,0.0,0,0.01768560606060606,0,0.3614141414141414,TN
Haryana,Palwal,2025-10-16,1,4.47,+2d,1.0,0,0.05286468715393133,0,0.3614141414141414,TN
Haryana,Palwal,2025-10-17,0,0.0,+2d,0.0,0,0.12419444444444441,0,0.3614141414141414,TN
Haryana,Palwal,2025-10-18,1,5.34,+2d,4.0,1,0.07502205882352941,0,0.3614141414141414,FN
Haryana,Palwal,2025-10-19,0,0.0,+2d,1.0,0,0.138875,0,0.3614141414141414,TN
Haryana,Palwal,2025-10-20,4,13.01,+2d,5.0,1,0.24717261904761906,0,0.3614141414141414,FN
Haryana,Palwal,2025-10-21,1,3.63,+2d,0.0,0,0.29842857142857143,0,0.3614141414141414,TN
Haryana,Palwal,2025-10-22,5,14.67,+2d,2.0,0,0.3674107142857143,1,0.3614141414141414,FP
Haryana,Palwal,2025-10-23,0,0.0,+2d,0.0,0,0.23769444444444443,0,0.3614141414141414,TN
Haryana,Palwal,2025-10-24,2,3.73,+2d,3.0,1,0.18180952380952384,0,0.3614141414141414,FN
Haryana,Palwal,2025-10-25,0,0.0,+2d,0.0,0,0.2674166666666667,0,0.3614141414141414,TN
Haryana,Palwal,2025-10-26,3,6.22,+2d,0.0,0,0.11541666666666668,0,0.3614141414141414,TN
Haryana,Palwal,2025-10-27,0,0.0,+2d,0.0,0,0.16362499999999996,0,0.3614141414141414,TN
Haryana,Palwal,2025-10-28,0,0.0,+2d,0.0,0,0.03534325396825397,0,0.3614141414141414,TN
Haryana,Palwal,2025-10-29,0,0.0,+2d,0.0,0,0.12924999999999998,0,0.3614141414141414,TN
Haryana,Palwal,2025-10-30,0,0.0,+2d,2.0,0,0.04444351073762838,0,0.3614141414141414,TN
Haryana,Palwal,2025-10-31,0,0.0,+2d,6.0,1,0.05669444444444445,0,0.3614141414141414,FN
Haryana,Palwal,2025-11-01,2,4.73,+2d,6.0,1,0.1350892857142857,0,0.3614141414141414,FN
Haryana,Palwal,2025-11-02,6,27.17,+2d,0.0,0,0.2729880952380952,0,0.3614141414141414,TN
Haryana,Palwal,2025-11-03,6,38.2,+2d,2.0,0,0.6245505952380952,1,0.3614141414141414,FP
Haryana,Palwal,2025-11-04,0,0.0,+2d,2.0,0,0.3125297619047619,0,0.3614141414141414,TN
Haryana,Palwal,2025-11-05,2,5.569999999999999,+2d,1.0,0,0.6067281746031746,1,0.3614141414141414,FP
Haryana,Palwal,2025-11-06,2,9.58,+2d,0.0,0,0.5981626984126984,1,0.3614141414141414,FP
Haryana,Palwal,2025-11-07,1,4.13,+2d,0.0,0,0.27743154761904765,0,0.3614141414141414,TN
Haryana,Palwal,2025-11-08,0,0.0,+2d,5.0,1,0.2153125,0,0.3614141414141414,FN
Haryana,Palwal,2025-11-09,0,0.0,+2d,1.0,0,0.18333928571428573,0,0.3614141414141414,TN
Haryana,Palwal,2025-11-10,5,21.46,+2d,0.0,0,0.2878541666666666,0,0.3614141414141414,TN
Haryana,Palwal,2025-11-11,1,3.68,+2d,0.0,0,0.3026111111111111,0,0.3614141414141414,TN
Haryana,Palwal,2025-11-12,0,0.0,+2d,2.0,0,0.2751160714285714,0,0.3614141414141414,TN
Haryana,Palwal,2025-11-13,0,0.0,+2d,0.0,0,0.22432875457875456,0,0.3614141414141414,TN
Haryana,Palwal,2025-11-14,2,5.72,+2d,0.0,0,0.09162878787878787,0,0.3614141414141414,TN
Haryana,Palwal,2025-11-15,0,0.0,+2d,0.0,0,0.122125,0,0.3614141414141414,TN
Haryana,Palwal,2025-11-16,0,0.0,+2d,0.0,0,0.03794444444444444,0,0.3614141414141414,TN
Haryana,Palwal,2025-11-17,0,0.0,+2d,0.0,0,0.19376785714285716,0,0.3614141414141414,TN
Haryana,Palwal,2025-11-18,0,0.0,+2d,1.0,0,0.010119047619047618,0,0.3614141414141414,TN
Haryana,Palwal,2025-11-19,0,0.0,+2d,0.0,0,0.005,0,0.3614141414141414,TN
Haryana,Palwal,2025-11-20,1,3.08,+2d,0.0,0,0.26378040063057195,0,0.3614141414141414,TN
Haryana,Palwal,2025-11-21,0,0.0,+2d,0.0,0,0.07336111111111111,0,0.3614141414141414,TN
Haryana,Palwal,2025-11-22,0,0.0,+2d,0.0,0,0.02285714285714286,0,0.3614141414141414,TN
Haryana,Palwal,2025-11-23,0,0.0,+2d,0.0,0,0.01536111111111111,0,0.3614141414141414,TN
Haryana,Panchkula,2025-10-15,0,0.0,+2d,0.0,0,0.042635753913968684,0,0.3614141414141414,TN
Haryana,Panchkula,2025-10-16,0,0.0,+2d,0.0,0,0.07001809056956115,0,0.3614141414141414,TN
Haryana,Panchkula,2025-10-17,0,0.0,+2d,0.0,0,0.037726819370251526,0,0.3614141414141414,TN
Haryana,Panchkula,2025-10-18,0,0.0,+2d,2.0,0,0.08570287725559467,0,0.3614141414141414,TN
Haryana,Panchkula,2025-10-19,0,0.0,+2d,1.0,0,0.0400374815880438,0,0.3614141414141414,TN
Haryana,Panchkula,2025-10-20,2,9.82,+2d,0.0,0,0.18253769841269837,0,0.3614141414141414,TN
Haryana,Panchkula,2025-10-21,1,0.5,+2d,0.0,0,0.42679761904761887,1,0.3614141414141414,FP
Haryana,Panchkula,2025-10-22,0,0.0,+2d,0.0,0,0.20539694211017737,0,0.3614141414141414,TN
Haryana,Panchkula,2025-10-23,0,0.0,+2d,0.0,0,0.04066666666666666,0,0.3614141414141414,TN
Haryana,Panchkula,2025-10-24,0,0.0,+2d,0.0,0,0.047865896358543415,0,0.3614141414141414,TN
Haryana,Panchkula,2025-10-25,0,0.0,+2d,0.0,0,0.07960416666666666,0,0.3614141414141414,TN
Haryana,Panchkula,2025-10-26,0,0.0,+2d,1.0,0,0.03590277777777778,0,0.3614141414141414,TN
Haryana,Panchkula,2025-10-27,0,0.0,+2d,0.0,0,0.10320375457875461,0,0.3614141414141414,TN
Haryana,Panchkula,2025-10-28,1,3.76,+2d,0.0,0,0.12215476190476192,0,0.3614141414141414,TN
Haryana,Panchkula,2025-10-29,0,0.0,+2d,2.0,0,0.10545833333333335,0,0.3614141414141414,TN
Haryana,Panchkula,2025-10-30,0,0.0,+2d,0.0,0,0.053846230158730156,0,0.3614141414141414,TN
Haryana,Panchkula,2025-10-31,2,6.43,+2d,0.0,0,0.16510119047619046,0,0.3614141414141414,TN
Haryana,Panchkula,2025-11-01,0,0.0,+2d,0.0,0,0.08231944444444443,0,0.3614141414141414,TN
Haryana,Panchkula,2025-11-02,0,0.0,+2d,0.0,0,0.045982142857142846,0,0.3614141414141414,TN
Haryana,Panchkula,2025-11-03,0,0.0,+2d,0.0,0,0.0649021164021164,0,0.3614141414141414,TN
Haryana,Panchkula,2025-11-04,0,0.0,+2d,0.0,0,0.01944239879414298,0,0.3614141414141414,TN
Haryana,Panchkula,2025-11-05,0,0.0,+2d,0.0,0,0.018457175925925925,0,0.3614141414141414,TN
Haryana,Panchkula,2025-11-06,0,0.0,+2d,0.0,0,0.0512636934877708,0,0.3614141414141414,TN
Haryana,Panchkula,2025-11-07,0,0.0,+2d,0.0,0,0.01521164021164021,0,0.3614141414141414,TN
Haryana,Panchkula,2025-11-08,0,0.0,+2d,0.0,0,0.006650927282134663,0,0.3614141414141414,TN
Haryana,Panchkula,2025-11-09,0,0.0,+2d,0.0,0,0.040746289841436224,0,0.3614141414141414,TN
Haryana,Panchkula,2025-11-10,0,0.0,+2d,0.0,0,0.024364345396991786,0,0.3614141414141414,TN
Haryana,Panchkula,2025-11-11,0,0.0,+2d,0.0,0,0.016758801728862308,0,0.3614141414141414,TN
Haryana,Panchkula,2025-11-12,0,0.0,+2d,0.0,0,0.040110161531195315,0,0.3614141414141414,TN
Haryana,Panchkula,2025-11-13,0,0.0,+2d,0.0,0,0.012416763270424493,0,0.3614141414141414,TN
Haryana,Panchkula,2025-11-14,0,0.0,+2d,0.0,0,0.004128510723571304,0,0.3614141414141414,TN
Haryana,Panchkula,2025-11-15,0,0.0,+2d,0.0,0,0.012479741072170075,0,0.3614141414141414,TN
Haryana,Panchkula,2025-11-16,0,0.0,+2d,0.0,0,0.011229741072170072,0,0.3614141414141414,TN
Haryana,Panchkula,2025-11-17,0,0.0,+2d,0.0,0,0.0020630744055034063,0,0.3614141414141414,TN
Haryana,Panchkula,2025-11-18,0,0.0,+2d,0.0,0,0.003813074405503408,0,0.3614141414141414,TN
Haryana,Panchkula,2025-11-19,0,0.0,+2d,0.0,0,0.004938074405503407,0,0.3614141414141414,TN
Haryana,Panchkula,2025-11-20,0,0.0,+2d,0.0,0,0.0041060036984327,0,0.3614141414141414,TN
Haryana,Panchkula,2025-11-21,0,0.0,+2d,0.0,0,0.003473788691217693,0,0.3614141414141414,TN
Haryana,Panchkula,2025-11-22,0,0.0,+2d,0.0,0,0.004938074405503407,0,0.3614141414141414,TN
Haryana,Panchkula,2025-11-23,0,0.0,+2d,0.0,0,0.005984485777802171,0,0.3614141414141414,TN
Haryana,Panipat,2025-10-15,1,1.45,+2d,0.0,0,0.15016666666666667,0,0.3614141414141414,TN
Haryana,Panipat,2025-10-16,2,8.879999999999999,+2d,2.0,0,0.15507738095238094,0,0.3614141414141414,TN
Haryana,Panipat,2025-10-17,0,0.0,+2d,4.0,1,0.14927380952380953,0,0.3614141414141414,FN
Haryana,Panipat,2025-10-18,2,2.96,+2d,0.0,0,0.14612797619047618,0,0.3614141414141414,TN
Haryana,Panipat,2025-10-19,4,7.12,+2d,0.0,0,0.3624583333333333,1,0.3614141414141414,FP
Haryana,Panipat,2025-10-20,0,0.0,+2d,3.0,1,0.31815773809523806,0,0.3614141414141414,FN
Haryana,Panipat,2025-10-21,0,0.0,+2d,0.0,0,0.2596785714285715,0,0.3614141414141414,TN
Haryana,Panipat,2025-10-22,3,3.89,+2d,0.0,0,0.2579206349206349,0,0.3614141414141414,TN
Haryana,Panipat,2025-10-23,0,0.0,+2d,0.0,0,0.16742399267399263,0,0.3614141414141414,TN
Haryana,Panipat,2025-10-24,0,0.0,+2d,1.0,0,0.06741071428571428,0,0.3614141414141414,TN
Haryana,Panipat,2025-10-25,0,0.0,+2d,0.0,0,0.1283611111111111,0,0.3614141414141414,TN
Haryana,Panipat,2025-10-26,1,3.35,+2d,0.0,0,0.23813392857142862,0,0.3614141414141414,TN
Haryana,Panipat,2025-10-27,0,0.0,+2d,0.0,0,0.21202083333333335,0,0.3614141414141414,TN
Haryana,Panipat,2025-10-28,0,0.0,+2d,0.0,0,0.029438725490196084,0,0.3614141414141414,TN
Haryana,Panipat,2025-10-29,0,0.0,+2d,0.0,0,0.1389702380952381,0,0.3614141414141414,TN
Haryana,Panipat,2025-10-30,0,0.0,+2d,0.0,0,0.060423277256639096,0,0.3614141414141414,TN
Haryana,Panipat,2025-10-31,0,0.0,+2d,1.0,0,0.05866765873015874,0,0.3614141414141414,TN
Haryana,Panipat,2025-11-01,0,0.0,+2d,0.0,0,0.053737336601307174,0,0.3614141414141414,TN
Haryana,Panipat,2025-11-02,1,2.87,+2d,0.0,0,0.18127362914862913,0,0.3614141414141414,TN
Haryana,Panipat,2025-11-03,0,0.0,+2d,0.0,0,0.08779166666666666,0,0.3614141414141414,TN
Haryana,Panipat,2025-11-04,0,0.0,+2d,2.0,0,0.029445261437908498,0,0.3614141414141414,TN
Haryana,Panipat,2025-11-05,0,0.0,+2d,4.0,1,0.03382380174291938,0,0.3614141414141414,FN
Haryana,Panipat,2025-11-06,2,4.41,+2d,0.0,0,0.11500595238095239,0,0.3614141414141414,TN
Haryana,Panipat,2025-11-07,4,8.63,+2d,6.0,1,0.2664821428571427,0,0.3614141414141414,FN
Haryana,Panipat,2025-11-08,0,0.0,+2d,0.0,0,0.16720833333333343,0,0.3614141414141414,TN
Haryana,Panipat,2025-11-09,6,16.25,+2d,1.0,0,0.44141071428571427,1,0.3614141414141414,FP
Haryana,Panipat,2025-11-10,0,0.0,+2d,2.0,0,0.4298174603174603,1,0.3614141414141414,FP
Haryana,Panipat,2025-11-11,1,2.43,+2d,2.0,0,0.3809940476190477,1,0.3614141414141414,FP
Haryana,Panipat,2025-11-12,2,6.6,+2d,0.0,0,0.5589374999999999,1,0.3614141414141414,FP
Haryana,Panipat,2025-11-13,2,11.62,+2d,0.0,0,0.2788749999999999,0,0.3614141414141414,TN
Haryana,Panipat,2025-11-14,0,0.0,+2d,2.0,0,0.25419880952380963,0,0.3614141414141414,TN
Haryana,Panipat,2025-11-15,0,0.0,+2d,0.0,0,0.18164722222222224,0,0.3614141414141414,TN
Haryana,Panipat,2025-11-16,2,4.29,+2d,2.0,0,0.33312499999999995,0,0.3614141414141414,TN
Haryana,Panipat,2025-11-17,0,0.0,+2d,1.0,0,0.09560416666666667,0,0.3614141414141414,TN
Haryana,Panipat,2025-11-18,2,5.7,+2d,5.0,1,0.24780059523809522,0,0.3614141414141414,FN
Haryana,Panipat,2025-11-19,1,5.3,+2d,0.0,0,0.3026785714285713,0,0.3614141414141414,TN
Haryana,Panipat,2025-11-20,5,9.45,+2d,3.0,1,0.3604940476190477,0,0.3614141414141414,FN
Haryana,Panipat,2025-11-21,0,0.0,+2d,0.0,0,0.25532738095238094,0,0.3614141414141414,TN
Haryana,Panipat,2025-11-22,3,8.56,+2d,1.0,0,0.4074345238095238,1,0.3614141414141414,FP
Haryana,Panipat,2025-11-23,0,0.0,+2d,2.0,0,0.249125,0,0.3614141414141414,TN
Haryana,Rewari,2025-10-15,0,0.0,+2d,0.0,0,0.005401352391569783,0,0.3614141414141414,TN
Haryana,Rewari,2025-10-16,0,0.0,+2d,0.0,0,0.008227272727272727,0,0.3614141414141414,TN
Haryana,Rewari,2025-10-17,0,0.0,+2d,0.0,0,0.051618274358491735,0,0.3614141414141414,TN
Haryana,Rewari,2025-10-18,0,0.0,+2d,0.0,0,0.007641472868217054,0,0.3614141414141414,TN
Haryana,Rewari,2025-10-19,0,0.0,+2d,0.0,0,0.05440815189712248,0,0.3614141414141414,TN
Haryana,Rewari,2025-10-20,0,0.0,+2d,1.0,0,0.019968660083877477,0,0.3614141414141414,TN
Haryana,Rewari,2025-10-21,0,0.0,+2d,0.0,0,0.031966898735330894,0,0.3614141414141414,TN
Haryana,Rewari,2025-10-22,1,2.17,+2d,0.0,0,0.06954662698412696,0,0.3614141414141414,TN
Haryana,Rewari,2025-10-23,0,0.0,+2d,0.0,0,0.0947986111111111,0,0.3614141414141414,TN
Haryana,Rewari,2025-10-24,0,0.0,+2d,0.0,0,0.011408730158730156,0,0.3614141414141414,TN
Haryana,Rewari,2025-10-25,0,0.0,+2d,0.0,0,0.029105392156862742,0,0.3614141414141414,TN
Haryana,Rewari,2025-10-26,0,0.0,+2d,0.0,0,0.010458777605244995,0,0.3614141414141414,TN
Haryana,Rewari,2025-10-27,0,0.0,+2d,0.0,0,0.0377173202614379,0,0.3614141414141414,TN
Haryana,Rewari,2025-10-28,0,0.0,+2d,0.0,0,0.0588918489785861,0,0.3614141414141414,TN
Haryana,Rewari,2025-10-29,0,0.0,+2d,0.0,0,0.015017289861681105,0,0.3614141414141414,TN
Haryana,Rewari,2025-10-30,0,0.0,+2d,0.0,0,0.06659412611036904,0,0.3614141414141414,TN
Haryana,Rewari,2025-10-31,0,0.0,+2d,0.0,0,0.07725384833259125,0,0.3614141414141414,TN
Haryana,Rewari,2025-11-01,0,0.0,+2d,0.0,0,0.009663257153474544,0,0.3614141414141414,TN
Haryana,Rewari,2025-11-02,0,0.0,+2d,0.0,0,0.022012643877861268,0,0.3614141414141414,TN
Haryana,Rewari,2025-11-03,0,0.0,+2d,0.0,0,0.008307196547413936,0,0.3614141414141414,TN
Haryana,Rewari,2025-11-04,0,0.0,+2d,2.0,0,0.052797036761809094,0,0.3614141414141414,TN
Haryana,Rewari,2025-11-05,0,0.0,+2d,0.0,0,0.007772486772486773,0,0.3614141414141414,TN
Haryana,Rewari,2025-11-06,2,1.1800000000000002,+2d,0.0,0,0.04800954061165315,0,0.3614141414141414,TN
Haryana,Rewari,2025-11-07,0,0.0,+2d,0.0,0,0.040630952380952386,0,0.3614141414141414,TN
Haryana,Rewari,2025-11-08,0,0.0,+2d,0.0,0,0.011809854497354498,0,0.3614141414141414,TN
Haryana,Rewari,2025-11-09,0,0.0,+2d,0.0,0,0.02464616402116402,0,0.3614141414141414,TN
Haryana,Rewari,2025-11-10,0,0.0,+2d,0.0,0,0.03824133013111391,0,0.3614141414141414,TN
Haryana,Rewari,2025-11-11,0,0.0,+2d,0.0,0,0.02239616402116402,0,0.3614141414141414,TN
Haryana,Rewari,2025-11-12,0,0.0,+2d,0.0,0,0.049059566293100064,0,0.3614141414141414,TN
Haryana,Rewari,2025-11-13,0,0.0,+2d,0.0,0,0.012482142857142857,0,0.3614141414141414,TN
Haryana,Rewari,2025-11-14,0,0.0,+2d,0.0,0,0.02041900958732598,0,0.3614141414141414,TN
Haryana,Rewari,2025-11-15,0,0.0,+2d,0.0,0,0.015093002261318657,0,0.3614141414141414,TN
Haryana,Rewari,2025-11-16,0,0.0,+2d,0.0,0,0.015622223040539436,0,0.3614141414141414,TN
Haryana,Rewari,2025-11-17,0,0.0,+2d,0.0,0,0.020904365897682298,0,0.3614141414141414,TN
Haryana,Rewari,2025-11-18,0,0.0,+2d,0.0,0,0.008205556373872767,0,0.3614141414141414,TN
Haryana,Rewari,2025-11-19,0,0.0,+2d,0.0,0,0.010990438158754551,0,0.3614141414141414,TN
Haryana,Rewari,2025-11-20,0,0.0,+2d,0.0,0,0.012263327537893932,0,0.3614141414141414,TN
Haryana,Rewari,2025-11-21,0,0.0,+2d,0.0,0,0.026585523628840032,0,0.3614141414141414,TN
Haryana,Rewari,2025-11-22,0,0.0,+2d,0.0,0,0.005870614695181089,0,0.3614141414141414,TN
Haryana,Rewari,2025-11-23,0,0.0,+2d,0.0,0,0.017104976398292792,0,0.3614141414141414,TN
Haryana,Rohtak,2025-10-15,0,0.0,+2d,0.0,0,0.023876082251082252,0,0.3614141414141414,TN
Haryana,Rohtak,2025-10-16,0,0.0,+2d,0.0,0,0.014143939393939396,0,0.3614141414141414,TN
Haryana,Rohtak,2025-10-17,0,0.0,+2d,0.0,0,0.02954166666666667,0,0.3614141414141414,TN
Haryana,Rohtak,2025-10-18,0,0.0,+2d,0.0,0,0.0436875,0,0.3614141414141414,TN
Haryana,Rohtak,2025-10-19,0,0.0,+2d,0.0,0,0.06566477272727274,0,0.3614141414141414,TN
Haryana,Rohtak,2025-10-20,0,0.0,+2d,1.0,0,0.03553699099807112,0,0.3614141414141414,TN
Haryana,Rohtak,2025-10-21,0,0.0,+2d,0.0,0,0.08170311776346258,0,0.3614141414141414,TN
Haryana,Rohtak,2025-10-22,1,1.71,+2d,0.0,0,0.20074999999999998,0,0.3614141414141414,TN
Haryana,Rohtak,2025-10-23,0,0.0,+2d,0.0,0,0.10570238095238098,0,0.3614141414141414,TN
Haryana,Rohtak,2025-10-24,0,0.0,+2d,0.0,0,0.018964285714285715,0,0.3614141414141414,TN
Haryana,Rohtak,2025-10-25,0,0.0,+2d,0.0,0,0.028833333333333332,0,0.3614141414141414,TN
Haryana,Rohtak,2025-10-26,0,0.0,+2d,0.0,0,0.016402777777777777,0,0.3614141414141414,TN
Haryana,Rohtak,2025-10-27,0,0.0,+2d,0.0,0,0.013973039215686276,0,0.3614141414141414,TN
Haryana,Rohtak,2025-10-28,0,0.0,+2d,0.0,0,0.04606312889406104,0,0.3614141414141414,TN
Haryana,Rohtak,2025-10-29,0,0.0,+2d,1.0,0,0.05373809523809523,0,0.3614141414141414,TN
Haryana,Rohtak,2025-10-30,0,0.0,+2d,0.0,0,0.11173674982652221,0,0.3614141414141414,TN
Haryana,Rohtak,2025-10-31,1,3.1,+2d,2.0,0,0.10860845588235295,0,0.3614141414141414,TN
Haryana,Rohtak,2025-11-01,0,0.0,+2d,3.0,1,0.07175,0,0.3614141414141414,FN
Haryana,Rohtak,2025-11-02,2,34.44,+2d,1.0,0,0.12462499999999999,0,0.3614141414141414,TN
Haryana,Rohtak,2025-11-03,3,9.02,+2d,5.0,1,0.45278571428571424,1,0.3614141414141414,TP
Haryana,Rohtak,2025-11-04,1,3.79,+2d,5.0,1,0.3491527777777778,0,0.3614141414141414,FN
Haryana,Rohtak,2025-11-05,5,8.76,+2d,5.0,1,0.5410773809523809,1,0.3614141414141414,TP
Haryana,Rohtak,2025-11-06,5,21.52,+2d,6.0,1,0.6240773809523811,1,0.3614141414141414,TP
Haryana,Rohtak,2025-11-07,5,31.38,+2d,4.0,1,0.5346190476190479,1,0.3614141414141414,TP
Haryana,Rohtak,2025-11-08,6,25.07,+2d,5.0,1,0.585886904761905,1,0.3614141414141414,TP
Haryana,Rohtak,2025-11-09,4,16.03,+2d,12.0,1,0.4897083333333334,1,0.3614141414141414,TP
Haryana,Rohtak,2025-11-10,5,16.18,+2d,6.0,1,0.4590238095238096,1,0.3614141414141414,TP
Haryana,Rohtak,2025-11-11,12,46.3,+2d,10.0,1,0.7562916666666666,1,0.3614141414141414,TP
Haryana,Rohtak,2025-11-12,6,14.11,+2d,4.0,1,0.5533809523809523,1,0.3614141414141414,TP
Haryana,Rohtak,2025-11-13,10,37.13,+2d,6.0,1,0.618577380952381,1,0.3614141414141414,TP
Haryana,Rohtak,2025-11-14,4,18.22,+2d,23.0,1,0.595982142857143,1,0.3614141414141414,TP
Haryana,Rohtak,2025-11-15,6,16.89,+2d,6.0,1,0.4487797619047618,1,0.3614141414141414,TP
Haryana,Rohtak,2025-11-16,23,79.53999999999999,+2d,1.0,0,0.7885565476190476,1,0.3614141414141414,FP
Haryana,Rohtak,2025-11-17,6,12.26,+2d,2.0,0,0.6008601190476192,1,0.3614141414141414,FP
Haryana,Rohtak,2025-11-18,1,3.2,+2d,3.0,1,0.4360952380952382,1,0.3614141414141414,TP
Haryana,Rohtak,2025-11-19,2,5.550000000000001,+2d,5.0,1,0.6448174603174605,1,0.3614141414141414,TP
Haryana,Rohtak,2025-11-20,3,9.87,+2d,9.0,1,0.40677380952380965,1,0.3614141414141414,TP
Haryana,Rohtak,2025-11-21,5,7.93,+2d,7.0,1,0.35475000000000007,0,0.3614141414141414,FN
Haryana,Rohtak,2025-11-22,9,27.74,+2d,2.0,0,0.43379464285714286,1,0.3614141414141414,FP
Haryana,Rohtak,2025-11-23,7,12.76,+2d,3.0,1,0.3489821428571428,0,0.3614141414141414,FN
Haryana,Sirsa,2025-10-15,3,2.92,+2d,8.0,1,0.21355952380952378,0,0.3614141414141414,FN
Haryana,Sirsa,2025-10-16,2,4.93,+2d,0.0,0,0.19258333333333336,0,0.3614141414141414,TN
Haryana,Sirsa,2025-10-17,8,24.57,+2d,1.0,0,0.5299642857142857,1,0.3614141414141414,FP
Haryana,Sirsa,2025-10-18,0,0.0,+2d,0.0,0,0.36425,1,0.3614141414141414,FP
Haryana,Sirsa,2025-10-19,1,4.81,+2d,2.0,0,0.39280952380952394,1,0.3614141414141414,FP
Haryana,Sirsa,2025-10-20,0,0.0,+2d,14.0,1,0.472768849206349,1,0.3614141414141414,TP
Haryana,Sirsa,2025-10-21,2,4.77,+2d,1.0,0,0.3470069444444443,0,0.3614141414141414,TN
Haryana,Sirsa,2025-10-22,14,61.32,+2d,2.0,0,0.6581220238095237,1,0.3614141414141414,FP
Haryana,Sirsa,2025-10-23,1,2.2,+2d,3.0,1,0.5037708333333334,1,0.3614141414141414,TP
Haryana,Sirsa,2025-10-24,2,4.15,+2d,17.0,1,0.45209523809523816,1,0.3614141414141414,TP
Haryana,Sirsa,2025-10-25,3,5.359999999999999,+2d,6.0,1,0.7253472222222221,1,0.3614141414141414,TP
Haryana,Sirsa,2025-10-26,17,62.18,+2d,0.0,0,0.6519970238095241,1,0.3614141414141414,FP
Haryana,Sirsa,2025-10-27,6,6.94,+2d,2.0,0,0.5444136904761906,1,0.3614141414141414,FP
Haryana,Sirsa,2025-10-28,0,0.0,+2d,5.0,1,0.387425,1,0.3614141414141414,TP
Haryana,Sirsa,2025-10-29,2,9.95,+2d,4.0,1,0.6906626984126985,1,0.3614141414141414,TP
Haryana,Sirsa,2025-10-30,5,16.400000000000002,+2d,10.0,1,0.6679583333333334,1,0.3614141414141414,TP
Haryana,Sirsa,2025-10-31,4,10.83,+2d,9.0,1,0.5561517857142857,1,0.3614141414141414,TP
Haryana,Sirsa,2025-11-01,10,24.6,+2d,8.0,1,0.6519404761904762,1,0.3614141414141414,TP
Haryana,Sirsa,2025-11-02,9,18.49,+2d,7.0,1,0.5487440476190478,1,0.3614141414141414,TP
Haryana,Sirsa,2025-11-03,8,35.480000000000004,+2d,7.0,1,0.6755357142857145,1,0.3614141414141414,TP
Haryana,Sirsa,2025-11-04,7,19.47,+2d,5.0,1,0.6475297619047619,1,0.3614141414141414,TP
Haryana,Sirsa,2025-11-05,7,8.85,+2d,4.0,1,0.4043154761904762,1,0.3614141414141414,TP
Haryana,Sirsa,2025-11-06,5,8.040000000000001,+2d,4.0,1,0.37083333333333335,1,0.3614141414141414,TP
Haryana,Sirsa,2025-11-07,4,14.38,+2d,9.0,1,0.5089583333333333,1,0.3614141414141414,TP
Haryana,Sirsa,2025-11-08,4,10.9,+2d,8.0,1,0.253875,0,0.3614141414141414,FN
Haryana,Sirsa,2025-11-09,9,18.64,+2d,5.0,1,0.4780059523809523,1,0.3614141414141414,TP
Haryana,Sirsa,2025-11-10,8,15.43,+2d,4.0,1,0.458297619047619,1,0.3614141414141414,TP
Haryana,Sirsa,2025-11-11,5,15.95,+2d,4.0,1,0.538922619047619,1,0.3614141414141414,TP
Haryana,Sirsa,2025-11-12,4,5.46,+2d,7.0,1,0.4072678571428572,1,0.3614141414141414,TP
Haryana,Sirsa,2025-11-13,4,15.64,+2d,5.0,1,0.5218333333333335,1,0.3614141414141414,TP
Haryana,Sirsa,2025-11-14,7,33.77,+2d,7.0,1,0.5940833333333332,1,0.3614141414141414,TP
Haryana,Sirsa,2025-11-15,5,19.81,+2d,8.0,1,0.5173690476190476,1,0.3614141414141414,TP
Haryana,Sirsa,2025-11-16,7,13.23,+2d,7.0,1,0.2977738095238095,0,0.3614141414141414,FN
Haryana,Sirsa,2025-11-17,8,17.540000000000003,+2d,12.0,1,0.5188690476190476,1,0.3614141414141414,TP
Haryana,Sirsa,2025-11-18,7,16.15,+2d,3.0,1,0.5117916666666666,1,0.3614141414141414,TP
Haryana,Sirsa,2025-11-19,12,27.95,+2d,2.0,0,0.5247380952380952,1,0.3614141414141414,FP
Haryana,Sirsa,2025-11-20,3,11.03,+2d,1.0,0,0.383047619047619,1,0.3614141414141414,FP
Haryana,Sirsa,2025-11-21,2,5.75,+2d,1.0,0,0.29533333333333334,0,0.3614141414141414,TN
Haryana,Sirsa,2025-11-22,1,2.12,+2d,0.0,0,0.3925357142857143,1,0.3614141414141414,FP
Haryana,Sirsa,2025-11-23,1,0.68,+2d,0.0,0,0.27692261904761917,0,0.3614141414141414,TN
Haryana,Sonipat,2025-10-15,1,1.64,+2d,0.0,0,0.22626587301587303,0,0.3614141414141414,TN
Haryana,Sonipat,2025-10-16,0,0.0,+2d,0.0,0,0.1287767857142857,0,0.3614141414141414,TN
Haryana,Sonipat,2025-10-17,0,0.0,+2d,0.0,0,0.022416666666666668,0,0.3614141414141414,TN
Haryana,Sonipat,2025-10-18,0,0.0,+2d,0.0,0,0.036041666666666666,0,0.3614141414141414,TN
Haryana,Sonipat,2025-10-19,0,0.0,+2d,0.0,0,0.10614814107461167,0,0.3614141414141414,TN
Haryana,Sonipat,2025-10-20,0,0.0,+2d,0.0,0,0.03642201426024956,0,0.3614141414141414,TN
Haryana,Sonipat,2025-10-21,0,0.0,+2d,0.0,0,0.056289478154695545,0,0.3614141414141414,TN
Haryana,Sonipat,2025-10-22,0,0.0,+2d,0.0,0,0.07577205882352939,0,0.3614141414141414,TN
Haryana,Sonipat,2025-10-23,0,0.0,+2d,0.0,0,0.02506376262626263,0,0.3614141414141414,TN
Haryana,Sonipat,2025-10-24,0,0.0,+2d,1.0,0,0.03255279816801557,0,0.3614141414141414,TN
Haryana,Sonipat,2025-10-25,0,0.0,+2d,0.0,0,0.024618055555555553,0,0.3614141414141414,TN
Haryana,Sonipat,2025-10-26,1,0.67,+2d,0.0,0,0.2048375350140056,0,0.3614141414141414,TN
Haryana,Sonipat,2025-10-27,0,0.0,+2d,0.0,0,0.042587622549019606,0,0.3614141414141414,TN
Haryana,Sonipat,2025-10-28,0,0.0,+2d,0.0,0,0.02798039215686275,0,0.3614141414141414,TN
Haryana,Sonipat,2025-10-29,0,0.0,+2d,1.0,0,0.040714285714285724,0,0.3614141414141414,TN
Haryana,Sonipat,2025-10-30,0,0.0,+2d,2.0,0,0.0850370824595754,0,0.3614141414141414,TN
Haryana,Sonipat,2025-10-31,1,2.27,+2d,3.0,1,0.08837928921568629,0,0.3614141414141414,FN
Haryana,Sonipat,2025-11-01,2,7.83,+2d,1.0,0,0.16560119047619046,0,0.3614141414141414,TN
Haryana,Sonipat,2025-11-02,3,13.86,+2d,5.0,1,0.3596369047619048,0,0.3614141414141414,FN
Haryana,Sonipat,2025-11-03,1,0.82,+2d,4.0,1,0.263702380952381,0,0.3614141414141414,FN
Haryana,Sonipat,2025-11-04,5,17.57,+2d,7.0,1,0.49786904761904743,1,0.3614141414141414,TP
Haryana,Sonipat,2025-11-05,4,2.64,+2d,6.0,1,0.4319583333333334,1,0.3614141414141414,TP
Haryana,Sonipat,2025-11-06,7,23.87,+2d,2.0,0,0.5320357142857144,1,0.3614141414141414,FP
Haryana,Sonipat,2025-11-07,6,25.61,+2d,12.0,1,0.5814107142857146,1,0.3614141414141414,TP
Haryana,Sonipat,2025-11-08,2,7.57,+2d,1.0,0,0.45413095238095236,1,0.3614141414141414,FP
Haryana,Sonipat,2025-11-09,12,53.510000000000005,+2d,12.0,1,0.7529523809523809,1,0.3614141414141414,TP
Haryana,Sonipat,2025-11-10,1,3.09,+2d,6.0,1,0.5743392857142858,1,0.3614141414141414,TP
Haryana,Sonipat,2025-11-11,12,27.05,+2d,4.0,1,0.6415803571428573,1,0.3614141414141414,TP
Haryana,Sonipat,2025-11-12,6,22.36,+2d,10.0,1,0.6106666666666669,1,0.3614141414141414,TP
Haryana,Sonipat,2025-11-13,4,10.65,+2d,11.0,1,0.40188095238095217,1,0.3614141414141414,TP
Haryana,Sonipat,2025-11-14,10,36.19,+2d,16.0,1,0.6414166666666666,1,0.3614141414141414,TP
Haryana,Sonipat,2025-11-15,11,34.99,+2d,8.0,1,0.708702380952381,1,0.3614141414141414,TP
Haryana,Sonipat,2025-11-16,16,63.61,+2d,2.0,0,0.8069999999999999,1,0.3614141414141414,FP
Haryana,Sonipat,2025-11-17,8,27.08,+2d,4.0,1,0.7198333333333334,1,0.3614141414141414,TP
Haryana,Sonipat,2025-11-18,2,7.31,+2d,2.0,0,0.44237499999999996,1,0.3614141414141414,FP
Haryana,Sonipat,2025-11-19,4,20.27,+2d,0.0,0,0.5421726190476189,1,0.3614141414141414,FP
Haryana,Sonipat,2025-11-20,2,1.2400000000000002,+2d,5.0,1,0.3618333333333334,1,0.3614141414141414,TP
Haryana,Sonipat,2025-11-21,0,0.0,+2d,12.0,1,0.3466964285714285,0,0.3614141414141414,FN
Haryana,Sonipat,2025-11-22,5,14.0,+2d,1.0,0,0.463481516290727,1,0.3614141414141414,FP
Haryana,Sonipat,2025-11-23,12,33.33,+2d,0.0,0,0.47654166666666664,1,0.3614141414141414,FP
Haryana,Yamunanagar,2025-10-15,0,0.0,+2d,0.0,0,0.03807846320346321,0,0.3614141414141414,TN
Haryana,Yamunanagar,2025-10-16,4,15.06,+2d,2.0,0,0.2813273809523809,0,0.3614141414141414,TN
Haryana,Yamunanagar,2025-10-17,0,0.0,+2d,1.0,0,0.2045515873015873,0,0.3614141414141414,TN
Haryana,Yamunanagar,2025-10-18,2,2.39,+2d,2.0,0,0.2024196428571429,0,0.3614141414141414,TN
Haryana,Yamunanagar,2025-10-19,1,3.86,+2d,0.0,0,0.4316041666666667,1,0.3614141414141414,FP
Haryana,Yamunanagar,2025-10-20,2,7.58,+2d,1.0,0,0.22002380952380954,0,0.3614141414141414,TN
Haryana,Yamunanagar,2025-10-21,0,0.0,+2d,0.0,0,0.33348721988795527,0,0.3614141414141414,TN
Haryana,Yamunanagar,2025-10-22,1,1.44,+2d,0.0,0,0.23199999999999993,0,0.3614141414141414,TN
Haryana,Yamunanagar,2025-10-23,0,0.0,+2d,0.0,0,0.22651785714285722,0,0.3614141414141414,TN
Haryana,Yamunanagar,2025-10-24,0,0.0,+2d,0.0,0,0.05043872549019608,0,0.3614141414141414,TN
Haryana,Yamunanagar,2025-10-25,0,0.0,+2d,0.0,0,0.15389583333333332,0,0.3614141414141414,TN
Haryana,Yamunanagar,2025-10-26,0,0.0,+2d,0.0,0,0.09225000000000001,0,0.3614141414141414,TN
Haryana,Yamunanagar,2025-10-27,0,0.0,+2d,1.0,0,0.13295833333333335,0,0.3614141414141414,TN
Haryana,Yamunanagar,2025-10-28,0,0.0,+2d,0.0,0,0.062320073338505505,0,0.3614141414141414,TN
Haryana,Yamunanagar,2025-10-29,1,0.38,+2d,0.0,0,0.15902678571428572,0,0.3614141414141414,TN
Haryana,Yamunanagar,2025-10-30,0,0.0,+2d,1.0,0,0.08969129318394024,0,0.3614141414141414,TN
Haryana,Yamunanagar,2025-10-31,0,0.0,+2d,5.0,1,0.08398511904761906,0,0.3614141414141414,FN
Haryana,Yamunanagar,2025-11-01,1,5.48,+2d,3.0,1,0.13072916666666667,0,0.3614141414141414,FN
Haryana,Yamunanagar,2025-11-02,5,8.93,+2d,0.0,0,0.2792916666666667,0,0.3614141414141414,TN
Haryana,Yamunanagar,2025-11-03,3,9.27,+2d,0.0,0,0.34332738095238097,0,0.3614141414141414,TN
Haryana,Yamunanagar,2025-11-04,0,0.0,+2d,0.0,0,0.2723035714285715,0,0.3614141414141414,TN
Haryana,Yamunanagar,2025-11-05,0,0.0,+2d,0.0,0,0.2900515873015873,0,0.3614141414141414,TN
Haryana,Yamunanagar,2025-11-06,0,0.0,+2d,0.0,0,0.12597222222222226,0,0.3614141414141414,TN
Haryana,Yamunanagar,2025-11-07,0,0.0,+2d,0.0,0,0.07860416666666667,0,0.3614141414141414,TN
Haryana,Yamunanagar,2025-11-08,0,0.0,+2d,0.0,0,0.15902916666666667,0,0.3614141414141414,TN
Haryana,Yamunanagar,2025-11-09,0,0.0,+2d,0.0,0,0.0852632783882784,0,0.3614141414141414,TN
Haryana,Yamunanagar,2025-11-10,0,0.0,+2d,0.0,0,0.04626327838827838,0,0.3614141414141414,TN
Haryana,Yamunanagar,2025-11-11,0,0.0,+2d,0.0,0,0.039514986422632806,0,0.3614141414141414,TN
Haryana,Yamunanagar,2025-11-12,0,0.0,+2d,0.0,0,0.05757953318682018,0,0.3614141414141414,TN
Haryana,Yamunanagar,2025-11-13,0,0.0,+2d,2.0,0,0.025922563026224248,0,0.3614141414141414,TN
Haryana,Yamunanagar,2025-11-14,0,0.0,+2d,0.0,0,0.035735774254673836,0,0.3614141414141414,TN
Haryana,Yamunanagar,2025-11-15,2,4.6,+2d,0.0,0,0.07552825771914373,0,0.3614141414141414,TN
Haryana,Yamunanagar,2025-11-16,0,0.0,+2d,0.0,0,0.08806349206349207,0,0.3614141414141414,TN
Haryana,Yamunanagar,2025-11-17,0,0.0,+2d,0.0,0,0.0509625350140056,0,0.3614141414141414,TN
Haryana,Yamunanagar,2025-11-18,0,0.0,+2d,0.0,0,0.0369265873015873,0,0.3614141414141414,TN
Haryana,Yamunanagar,2025-11-19,0,0.0,+2d,0.0,0,0.02969410758800717,0,0.3614141414141414,TN
Haryana,Yamunanagar,2025-11-20,0,0.0,+2d,0.0,0,0.004791666666666666,0,0.3614141414141414,TN
Haryana,Yamunanagar,2025-11-21,0,0.0,+2d,1.0,0,0.007439337031766032,0,0.3614141414141414,TN
Haryana,Yamunanagar,2025-11-22,0,0.0,+2d,0.0,0,0.023375,0,0.3614141414141414,TN
Haryana,Yamunanagar,2025-11-23,1,1.39,+2d,2.0,0,0.10190440856707982,0,0.3614141414141414,TN
Punjab,Amritsar,2025-10-15,12,35.05,+2d,8.0,1,0.5482619047619047,1,0.3614141414141414,TP
Punjab,Amritsar,2025-10-16,16,68.16,+2d,6.0,1,0.6158511904761905,1,0.3614141414141414,TP
Punjab,Amritsar,2025-10-17,8,32.87,+2d,45.0,1,0.8354166666666667,1,0.3614141414141414,TP
Punjab,Amritsar,2025-10-18,6,21.91,+2d,20.0,1,0.7730416666666667,1,0.3614141414141414,TP
Punjab,Amritsar,2025-10-19,45,240.68,+2d,19.0,1,0.8657916666666665,1,0.3614141414141414,TP
Punjab,Amritsar,2025-10-20,20,92.65,+2d,22.0,1,0.9373750000000001,1,0.3614141414141414,TP
Punjab,Amritsar,2025-10-21,19,88.28,+2d,16.0,1,0.995,1,0.3614141414141414,TP
Punjab,Amritsar,2025-10-22,22,118.74,+2d,1.0,0,0.96525,1,0.3614141414141414,FP
Punjab,Amritsar,2025-10-23,16,66.03,+2d,13.0,1,0.9624166666666667,1,0.3614141414141414,TP
Punjab,Amritsar,2025-10-24,1,2.08,+2d,22.0,1,0.8865595238095239,1,0.3614141414141414,TP
Punjab,Amritsar,2025-10-25,13,47.41,+2d,24.0,1,0.927625,1,0.3614141414141414,TP
Punjab,Amritsar,2025-10-26,22,98.56,+2d,6.0,1,0.9505833333333333,1,0.3614141414141414,TP
Punjab,Amritsar,2025-10-27,24,90.37,+2d,7.0,1,0.9604166666666666,1,0.3614141414141414,TP
Punjab,Amritsar,2025-10-28,6,33.58,+2d,23.0,1,0.8897023809523812,1,0.3614141414141414,TP
Punjab,Amritsar,2025-10-29,7,37.73,+2d,27.0,1,0.8095357142857144,1,0.3614141414141414,TP
Punjab,Amritsar,2025-10-30,23,143.86,+2d,37.0,1,0.9335000000000001,1,0.3614141414141414,TP
Punjab,Amritsar,2025-10-31,27,94.06,+2d,28.0,1,0.9922916666666667,1,0.3614141414141414,TP
Punjab,Amritsar,2025-11-01,37,118.21,+2d,9.0,1,0.95675,1,0.3614141414141414,TP
Punjab,Amritsar,2025-11-02,28,109.47,+2d,26.0,1,0.9795833333333331,1,0.3614141414141414,TP
Punjab,Amritsar,2025-11-03,9,30.4,+2d,29.0,1,0.924375,1,0.3614141414141414,TP
Punjab,Amritsar,2025-11-04,26,112.51,+2d,23.0,1,0.7528958333333332,1,0.3614141414141414,TP
Punjab,Amritsar,2025-11-05,29,131.59,+2d,8.0,1,0.8854166666666667,1,0.3614141414141414,TP
Punjab,Amritsar,2025-11-06,23,109.0,+2d,13.0,1,0.9537916666666666,1,0.3614141414141414,TP
Punjab,Amritsar,2025-11-07,8,31.31,+2d,15.0,1,0.856,1,0.3614141414141414,TP
Punjab,Amritsar,2025-11-08,13,70.85,+2d,9.0,1,0.6800357142857143,1,0.3614141414141414,TP
Punjab,Amritsar,2025-11-09,15,46.38,+2d,7.0,1,0.8484791666666668,1,0.3614141414141414,TP
Punjab,Amritsar,2025-11-10,9,34.5,+2d,4.0,1,0.8713333333333333,1,0.3614141414141414,TP
Punjab,Amritsar,2025-11-11,7,14.15,+2d,2.0,0,0.5582023809523811,1,0.3614141414141414,FP
Punjab,Amritsar,2025-11-12,4,9.57,+2d,2.0,0,0.5637083333333335,1,0.3614141414141414,FP
Punjab,Amritsar,2025-11-13,2,5.67,+2d,2.0,0,0.4555892857142856,1,0.3614141414141414,FP
Punjab,Amritsar,2025-11-14,2,10.12,+2d,6.0,1,0.39848214285714284,1,0.3614141414141414,TP
Punjab,Amritsar,2025-11-15,2,8.0,+2d,0.0,0,0.42045833333333327,1,0.3614141414141414,FP
Punjab,Amritsar,2025-11-16,6,30.14,+2d,0.0,0,0.565594611528822,1,0.3614141414141414,FP
Punjab,Amritsar,2025-11-17,0,0.0,+2d,0.0,0,0.2804444444444444,0,0.3614141414141414,TN
Punjab,Amritsar,2025-11-18,0,0.0,+2d,0.0,0,0.24622916666666664,0,0.3614141414141414,TN
Punjab,Amritsar,2025-11-19,0,0.0,+2d,0.0,0,0.35259523809523813,0,0.3614141414141414,TN
Punjab,Amritsar,2025-11-20,0,0.0,+2d,1.0,0,0.17252686202686207,0,0.3614141414141414,TN
Punjab,Amritsar,2025-11-21,0,0.0,+2d,4.0,1,0.26910208333333324,0,0.3614141414141414,FN
Punjab,Amritsar,2025-11-22,1,3.81,+2d,0.0,0,0.2329236111111111,0,0.3614141414141414,TN
Punjab,Amritsar,2025-11-23,4,13.1,+2d,0.0,0,0.3602261904761905,0,0.3614141414141414,TN
Punjab,Barnala,2025-10-15,0,0.0,+2d,0.0,0,0.027693618881118886,0,0.3614141414141414,TN
Punjab,Barnala,2025-10-16,0,0.0,+2d,0.0,0,0.034815366482054466,0,0.3614141414141414,TN
Punjab,Barnala,2025-10-17,0,0.0,+2d,0.0,0,0.11670962248535778,0,0.3614141414141414,TN
Punjab,Barnala,2025-10-18,0,0.0,+2d,0.0,0,0.03512669727012943,0,0.3614141414141414,TN
Punjab,Barnala,2025-10-19,0,0.0,+2d,0.0,0,0.04719811078023992,0,0.3614141414141414,TN
Punjab,Barnala,2025-10-20,0,0.0,+2d,0.0,0,0.04756473368022557,0,0.3614141414141414,TN
Punjab,Barnala,2025-10-21,0,0.0,+2d,0.0,0,0.06190690539739729,0,0.3614141414141414,TN
Punjab,Barnala,2025-10-22,0,0.0,+2d,0.0,0,0.08339520223128234,0,0.3614141414141414,TN
Punjab,Barnala,2025-10-23,0,0.0,+2d,0.0,0,0.12517243153792346,0,0.3614141414141414,TN
Punjab,Barnala,2025-10-24,0,0.0,+2d,3.0,1,0.1304884241575418,0,0.3614141414141414,FN
Punjab,Barnala,2025-10-25,0,0.0,+2d,2.0,0,0.07167251642036124,0,0.3614141414141414,TN
Punjab,Barnala,2025-10-26,3,7.86,+2d,1.0,0,0.1785416666666667,0,0.3614141414141414,TN
Punjab,Barnala,2025-10-27,2,7.640000000000001,+2d,3.0,1,0.2848273809523809,0,0.3614141414141414,FN
Punjab,Barnala,2025-10-28,1,4.59,+2d,3.0,1,0.44216666666666654,1,0.3614141414141414,TP
Punjab,Barnala,2025-10-29,3,16.8,+2d,6.0,1,0.6354166666666667,1,0.3614141414141414,TP
Punjab,Barnala,2025-10-30,3,18.94,+2d,10.0,1,0.7488333333333334,1,0.3614141414141414,TP
Punjab,Barnala,2025-10-31,6,37.17,+2d,8.0,1,0.8189285714285716,1,0.3614141414141414,TP
Punjab,Barnala,2025-11-01,10,56.52,+2d,6.0,1,0.8962559523809525,1,0.3614141414141414,TP
Punjab,Barnala,2025-11-02,8,45.7,+2d,12.0,1,0.9185773809523807,1,0.3614141414141414,TP
Punjab,Barnala,2025-11-03,6,37.37,+2d,2.0,0,0.8319166666666667,1,0.3614141414141414,FP
Punjab,Barnala,2025-11-04,12,124.62,+2d,1.0,0,0.9088333333333333,1,0.3614141414141414,FP
Punjab,Barnala,2025-11-05,2,10.62,+2d,0.0,0,0.7401071428571429,1,0.3614141414141414,FP
Punjab,Barnala,2025-11-06,1,1.65,+2d,2.0,0,0.4272261904761904,1,0.3614141414141414,FP
Punjab,Barnala,2025-11-07,0,0.0,+2d,4.0,1,0.5758214285714285,1,0.3614141414141414,TP
Punjab,Barnala,2025-11-08,2,4.4,+2d,8.0,1,0.27966008771929823,0,0.3614141414141414,FN
Punjab,Barnala,2025-11-09,4,11.85,+2d,2.0,0,0.44191008771929835,1,0.3614141414141414,FP
Punjab,Barnala,2025-11-10,8,38.44,+2d,2.0,0,0.6275892857142858,1,0.3614141414141414,FP
Punjab,Barnala,2025-11-11,2,5.19,+2d,2.0,0,0.42933333333333346,1,0.3614141414141414,FP
Punjab,Barnala,2025-11-12,2,39.4,+2d,1.0,0,0.5341845238095239,1,0.3614141414141414,FP
Punjab,Barnala,2025-11-13,2,15.18,+2d,5.0,1,0.6094226190476192,1,0.3614141414141414,TP
Punjab,Barnala,2025-11-14,1,3.39,+2d,1.0,0,0.3815277777777778,1,0.3614141414141414,FP
Punjab,Barnala,2025-11-15,5,33.09,+2d,0.0,0,0.5961636904761904,1,0.3614141414141414,FP
Punjab,Barnala,2025-11-16,1,1.66,+2d,0.0,0,0.45208333333333345,1,0.3614141414141414,FP
Punjab,Barnala,2025-11-17,0,0.0,+2d,0.0,0,0.26120178571428565,0,0.3614141414141414,TN
Punjab,Barnala,2025-11-18,0,0.0,+2d,0.0,0,0.3738149801587302,1,0.3614141414141414,FP
Punjab,Barnala,2025-11-19,0,0.0,+2d,0.0,0,0.2254547619047619,0,0.3614141414141414,TN
Punjab,Barnala,2025-11-20,0,0.0,+2d,0.0,0,0.29023601190476184,0,0.3614141414141414,TN
Punjab,Barnala,2025-11-21,0,0.0,+2d,0.0,0,0.03966666666666666,0,0.3614141414141414,TN
Punjab,Barnala,2025-11-22,0,0.0,+2d,0.0,0,0.2395022664835165,0,0.3614141414141414,TN
Punjab,Barnala,2025-11-23,0,0.0,+2d,0.0,0,0.032580666882137475,0,0.3614141414141414,TN
Punjab,Bathinda,2025-10-15,1,1.18,+2d,4.0,1,0.1917222985347985,0,0.3614141414141414,FN
Punjab,Bathinda,2025-10-16,0,0.0,+2d,0.0,0,0.10570514167205342,0,0.3614141414141414,TN
Punjab,Bathinda,2025-10-17,4,63.8,+2d,0.0,0,0.39128777472527465,1,0.3614141414141414,FP
Punjab,Bathinda,2025-10-18,0,0.0,+2d,5.0,1,0.29074801587301585,0,0.3614141414141414,FN
Punjab,Bathinda,2025-10-19,0,0.0,+2d,2.0,0,0.2572933590102708,0,0.3614141414141414,TN
Punjab,Bathinda,2025-10-20,5,17.72,+2d,17.0,1,0.6545833333333334,1,0.3614141414141414,TP
Punjab,Bathinda,2025-10-21,2,4.890000000000001,+2d,3.0,1,0.5315624999999999,1,0.3614141414141414,TP
Punjab,Bathinda,2025-10-22,17,87.66,+2d,4.0,1,0.7312053571428574,1,0.3614141414141414,TP
Punjab,Bathinda,2025-10-23,3,19.55,+2d,7.0,1,0.7321488095238096,1,0.3614141414141414,TP
Punjab,Bathinda,2025-10-24,4,28.48,+2d,13.0,1,0.5954999999999999,1,0.3614141414141414,TP
Punjab,Bathinda,2025-10-25,7,29.89,+2d,8.0,1,0.8302499999999999,1,0.3614141414141414,TP
Punjab,Bathinda,2025-10-26,13,74.64,+2d,9.0,1,0.8277083333333334,1,0.3614141414141414,TP
Punjab,Bathinda,2025-10-27,8,43.22,+2d,13.0,1,0.807738095238095,1,0.3614141414141414,TP
Punjab,Bathinda,2025-10-28,9,58.940000000000005,+2d,18.0,1,0.8742916666666667,1,0.3614141414141414,TP
Punjab,Bathinda,2025-10-29,13,140.1,+2d,41.0,1,0.8746309523809525,1,0.3614141414141414,TP
Punjab,Bathinda,2025-10-30,18,127.21,+2d,26.0,1,0.969375,1,0.3614141414141414,TP
Punjab,Bathinda,2025-10-31,41,315.65000000000003,+2d,30.0,1,0.9737083333333334,1,0.3614141414141414,TP
Punjab,Bathinda,2025-11-01,26,202.89,+2d,17.0,1,0.9388214285714285,1,0.3614141414141414,TP
Punjab,Bathinda,2025-11-02,30,221.48,+2d,27.0,1,0.9478214285714287,1,0.3614141414141414,TP
Punjab,Bathinda,2025-11-03,17,79.41,+2d,12.0,1,0.9346547619047618,1,0.3614141414141414,TP
Punjab,Bathinda,2025-11-04,27,125.34,+2d,24.0,1,0.9872380952380952,1,0.3614141414141414,TP
Punjab,Bathinda,2025-11-05,12,44.44,+2d,41.0,1,0.8523422619047618,1,0.3614141414141414,TP
Punjab,Bathinda,2025-11-06,24,116.88,+2d,20.0,1,0.9294166666666667,1,0.3614141414141414,TP
Punjab,Bathinda,2025-11-07,41,237.32,+2d,18.0,1,0.9454166666666669,1,0.3614141414141414,TP
Punjab,Bathinda,2025-11-08,20,100.05,+2d,35.0,1,0.8229583333333333,1,0.3614141414141414,TP
Punjab,Bathinda,2025-11-09,18,112.56,+2d,32.0,1,0.8832500000000002,1,0.3614141414141414,TP
Punjab,Bathinda,2025-11-10,35,228.03,+2d,15.0,1,0.898416666666667,1,0.3614141414141414,TP
Punjab,Bathinda,2025-11-11,32,118.04,+2d,14.0,1,0.9460416666666669,1,0.3614141414141414,TP
Punjab,Bathinda,2025-11-12,15,44.18,+2d,20.0,1,0.8583958333333332,1,0.3614141414141414,TP
Punjab,Bathinda,2025-11-13,14,69.72,+2d,11.0,1,0.8568095238095238,1,0.3614141414141414,TP
Punjab,Bathinda,2025-11-14,20,112.79,+2d,37.0,1,0.9083928571428569,1,0.3614141414141414,TP
Punjab,Bathinda,2025-11-15,11,34.54,+2d,13.0,1,0.8386875,1,0.3614141414141414,TP
Punjab,Bathinda,2025-11-16,37,147.55,+2d,6.0,1,0.802955357142857,1,0.3614141414141414,TP
Punjab,Bathinda,2025-11-17,13,55.79,+2d,6.0,1,0.8693333333333335,1,0.3614141414141414,TP
Punjab,Bathinda,2025-11-18,6,25.15,+2d,7.0,1,0.6685535714285714,1,0.3614141414141414,TP
Punjab,Bathinda,2025-11-19,6,39.8,+2d,8.0,1,0.5753571428571428,1,0.3614141414141414,TP
Punjab,Bathinda,2025-11-20,7,21.46,+2d,7.0,1,0.5156250000000001,1,0.3614141414141414,TP
Punjab,Bathinda,2025-11-21,8,30.63,+2d,1.0,0,0.4909880952380952,1,0.3614141414141414,FP
Punjab,Bathinda,2025-11-22,7,37.75,+2d,1.0,0,0.4786666666666667,1,0.3614141414141414,FP
Punjab,Bathinda,2025-11-23,1,1.89,+2d,0.0,0,0.2500773809523809,0,0.3614141414141414,TN
Punjab,Faridkot,2025-10-15,0,0.0,+2d,1.0,0,0.055337471419600555,0,0.3614141414141414,TN
Punjab,Faridkot,2025-10-16,1,2.22,+2d,0.0,0,0.21194424284865462,0,0.3614141414141414,TN
Punjab,Faridkot,2025-10-17,1,5.47,+2d,1.0,0,0.27549404761904767,0,0.3614141414141414,TN
Punjab,Faridkot,2025-10-18,0,0.0,+2d,0.0,0,0.221105073847721,0,0.3614141414141414,TN
Punjab,Faridkot,2025-10-19,1,5.6,+2d,2.0,0,0.23061904761904764,0,0.3614141414141414,TN
Punjab,Faridkot,2025-10-20,0,0.0,+2d,5.0,1,0.30559316908581613,0,0.3614141414141414,FN
Punjab,Faridkot,2025-10-21,2,7.15,+2d,1.0,0,0.13858630952380954,0,0.3614141414141414,TN
Punjab,Faridkot,2025-10-22,5,24.04,+2d,2.0,0,0.6591547619047617,1,0.3614141414141414,FP
Punjab,Faridkot,2025-10-23,1,6.57,+2d,5.0,1,0.5930773809523809,1,0.3614141414141414,TP
Punjab,Faridkot,2025-10-24,2,5.51,+2d,5.0,1,0.5104384920634921,1,0.3614141414141414,TP
Punjab,Faridkot,2025-10-25,5,26.76,+2d,3.0,1,0.820529761904762,1,0.3614141414141414,TP
Punjab,Faridkot,2025-10-26,5,17.33,+2d,2.0,0,0.690452380952381,1,0.3614141414141414,FP
Punjab,Faridkot,2025-10-27,3,11.5,+2d,9.0,1,0.5768541666666667,1,0.3614141414141414,TP
Punjab,Faridkot,2025-10-28,2,8.79,+2d,5.0,1,0.6205952380952382,1,0.3614141414141414,TP
Punjab,Faridkot,2025-10-29,9,88.17,+2d,9.0,1,0.8142500000000003,1,0.3614141414141414,TP
Punjab,Faridkot,2025-10-30,5,17.3,+2d,4.0,1,0.9113988095238096,1,0.3614141414141414,TP
Punjab,Faridkot,2025-10-31,9,39.27,+2d,8.0,1,0.8247738095238095,1,0.3614141414141414,TP
Punjab,Faridkot,2025-11-01,4,28.95,+2d,0.0,0,0.7439166666666668,1,0.3614141414141414,FP
Punjab,Faridkot,2025-11-02,8,50.22,+2d,11.0,1,0.7636666666666666,1,0.3614141414141414,TP
Punjab,Faridkot,2025-11-03,0,0.0,+2d,12.0,1,0.5130416666666666,1,0.3614141414141414,TP
Punjab,Faridkot,2025-11-04,11,61.760000000000005,+2d,19.0,1,0.8463690476190474,1,0.3614141414141414,TP
Punjab,Faridkot,2025-11-05,12,48.12,+2d,8.0,1,0.8032113095238094,1,0.3614141414141414,TP
Punjab,Faridkot,2025-11-06,19,138.35,+2d,15.0,1,0.9675833333333332,1,0.3614141414141414,TP
Punjab,Faridkot,2025-11-07,8,23.32,+2d,20.0,1,0.8880000000000001,1,0.3614141414141414,TP
Punjab,Faridkot,2025-11-08,15,90.21,+2d,3.0,1,0.8286666666666668,1,0.3614141414141414,TP
Punjab,Faridkot,2025-11-09,20,190.47,+2d,9.0,1,0.911875,1,0.3614141414141414,TP
Punjab,Faridkot,2025-11-10,3,10.91,+2d,3.0,1,0.7461666666666666,1,0.3614141414141414,TP
Punjab,Faridkot,2025-11-11,9,65.49,+2d,4.0,1,0.7692083333333332,1,0.3614141414141414,TP
Punjab,Faridkot,2025-11-12,3,11.0,+2d,0.0,0,0.7260833333333333,1,0.3614141414141414,FP
Punjab,Faridkot,2025-11-13,4,12.6,+2d,2.0,0,0.4927559523809525,1,0.3614141414141414,FP
Punjab,Faridkot,2025-11-14,0,0.0,+2d,7.0,1,0.48597619047619056,1,0.3614141414141414,TP
Punjab,Faridkot,2025-11-15,2,6.69,+2d,4.0,1,0.2507261904761904,0,0.3614141414141414,FN
Punjab,Faridkot,2025-11-16,7,34.44,+2d,0.0,0,0.6656362781954887,1,0.3614141414141414,FP
Punjab,Faridkot,2025-11-17,4,30.05,+2d,2.0,0,0.6361428571428572,1,0.3614141414141414,FP
Punjab,Faridkot,2025-11-18,0,0.0,+2d,2.0,0,0.30854166666666666,0,0.3614141414141414,TN
Punjab,Faridkot,2025-11-19,2,17.740000000000002,+2d,0.0,0,0.5908948412698413,1,0.3614141414141414,FP
Punjab,Faridkot,2025-11-20,2,11.43,+2d,0.0,0,0.49585714285714283,1,0.3614141414141414,FP
Punjab,Faridkot,2025-11-21,0,0.0,+2d,0.0,0,0.2853863095238095,0,0.3614141414141414,TN
Punjab,Faridkot,2025-11-22,0,0.0,+2d,0.0,0,0.3062172619047619,0,0.3614141414141414,TN
Punjab,Faridkot,2025-11-23,0,0.0,+2d,0.0,0,0.273296130952381,0,0.3614141414141414,TN
Punjab,Fatehgarh Sahib,2025-10-15,0,0.0,+2d,0.0,0,0.13732220516411694,0,0.3614141414141414,TN
Punjab,Fatehgarh Sahib,2025-10-16,0,0.0,+2d,0.0,0,0.07405245408186584,0,0.3614141414141414,TN
Punjab,Fatehgarh Sahib,2025-10-17,0,0.0,+2d,4.0,1,0.06323995408186583,0,0.3614141414141414,FN
Punjab,Fatehgarh Sahib,2025-10-18,0,0.0,+2d,1.0,0,0.13164222222435143,0,0.3614141414141414,TN
Punjab,Fatehgarh Sahib,2025-10-19,4,20.89,+2d,6.0,1,0.3255059523809524,0,0.3614141414141414,FN
Punjab,Fatehgarh Sahib,2025-10-20,1,1.79,+2d,2.0,0,0.45361309523809523,1,0.3614141414141414,FP
Punjab,Fatehgarh Sahib,2025-10-21,6,26.86,+2d,0.0,0,0.5971428571428571,1,0.3614141414141414,FP
Punjab,Fatehgarh Sahib,2025-10-22,2,12.03,+2d,0.0,0,0.764892857142857,1,0.3614141414141414,FP
Punjab,Fatehgarh Sahib,2025-10-23,0,0.0,+2d,0.0,0,0.314968253968254,0,0.3614141414141414,TN
Punjab,Fatehgarh Sahib,2025-10-24,0,0.0,+2d,14.0,1,0.46669940476190463,1,0.3614141414141414,TP
Punjab,Fatehgarh Sahib,2025-10-25,0,0.0,+2d,3.0,1,0.1974166666666666,0,0.3614141414141414,FN
Punjab,Fatehgarh Sahib,2025-10-26,14,44.94,+2d,4.0,1,0.5668720238095238,1,0.3614141414141414,TP
Punjab,Fatehgarh Sahib,2025-10-27,3,49.03,+2d,3.0,1,0.6958452380952383,1,0.3614141414141414,TP
Punjab,Fatehgarh Sahib,2025-10-28,4,19.14,+2d,0.0,0,0.7747916666666669,1,0.3614141414141414,FP
Punjab,Fatehgarh Sahib,2025-10-29,3,33.61,+2d,5.0,1,0.7510694444444446,1,0.3614141414141414,TP
Punjab,Fatehgarh Sahib,2025-10-30,0,0.0,+2d,8.0,1,0.5247142857142856,1,0.3614141414141414,TP
Punjab,Fatehgarh Sahib,2025-10-31,5,28.4,+2d,5.0,1,0.7896845238095238,1,0.3614141414141414,TP
Punjab,Fatehgarh Sahib,2025-11-01,8,57.0,+2d,1.0,0,0.8040833333333333,1,0.3614141414141414,FP
Punjab,Fatehgarh Sahib,2025-11-02,5,30.47,+2d,3.0,1,0.8227380952380954,1,0.3614141414141414,TP
Punjab,Fatehgarh Sahib,2025-11-03,1,4.68,+2d,6.0,1,0.53,1,0.3614141414141414,TP
Punjab,Fatehgarh Sahib,2025-11-04,3,19.16,+2d,6.0,1,0.6317996031746032,1,0.3614141414141414,TP
Punjab,Fatehgarh Sahib,2025-11-05,6,19.16,+2d,8.0,1,0.5047380952380953,1,0.3614141414141414,TP
Punjab,Fatehgarh Sahib,2025-11-06,6,9.41,+2d,8.0,1,0.5146190476190478,1,0.3614141414141414,TP
Punjab,Fatehgarh Sahib,2025-11-07,8,23.52,+2d,5.0,1,0.49576488095238097,1,0.3614141414141414,TP
Punjab,Fatehgarh Sahib,2025-11-08,8,33.71,+2d,1.0,0,0.6180833333333333,1,0.3614141414141414,FP
Punjab,Fatehgarh Sahib,2025-11-09,5,24.72,+2d,3.0,1,0.6241190476190476,1,0.3614141414141414,TP
Punjab,Fatehgarh Sahib,2025-11-10,1,3.45,+2d,1.0,0,0.4598511904761906,1,0.3614141414141414,FP
Punjab,Fatehgarh Sahib,2025-11-11,3,7.37,+2d,0.0,0,0.5380793650793652,1,0.3614141414141414,FP
Punjab,Fatehgarh Sahib,2025-11-12,1,7.2,+2d,2.0,0,0.5046250000000001,1,0.3614141414141414,FP
Punjab,Fatehgarh Sahib,2025-11-13,0,0.0,+2d,3.0,1,0.28317500000000007,0,0.3614141414141414,FN
Punjab,Fatehgarh Sahib,2025-11-14,2,4.34,+2d,4.0,1,0.2872738095238095,0,0.3614141414141414,FN
Punjab,Fatehgarh Sahib,2025-11-15,3,6.069999999999999,+2d,1.0,0,0.39100000000000007,1,0.3614141414141414,FP
Punjab,Fatehgarh Sahib,2025-11-16,4,6.75,+2d,1.0,0,0.38050000000000006,1,0.3614141414141414,FP
Punjab,Fatehgarh Sahib,2025-11-17,1,3.37,+2d,6.0,1,0.20475378787878779,0,0.3614141414141414,FN
Punjab,Fatehgarh Sahib,2025-11-18,1,3.68,+2d,3.0,1,0.25483333333333325,0,0.3614141414141414,FN
Punjab,Fatehgarh Sahib,2025-11-19,6,22.45,+2d,0.0,0,0.3390228937728937,0,0.3614141414141414,TN
Punjab,Fatehgarh Sahib,2025-11-20,3,3.65,+2d,0.0,0,0.3445753968253969,0,0.3614141414141414,TN
Punjab,Fatehgarh Sahib,2025-11-21,0,0.0,+2d,0.0,0,0.15383333333333332,0,0.3614141414141414,TN
Punjab,Fatehgarh Sahib,2025-11-22,0,0.0,+2d,0.0,0,0.24517261904761906,0,0.3614141414141414,TN
Punjab,Fatehgarh Sahib,2025-11-23,0,0.0,+2d,0.0,0,0.10699827256077256,0,0.3614141414141414,TN
Punjab,Fazilka,2025-10-15,0,0.0,+2d,3.0,1,0.30129017857142854,0,0.3614141414141414,FN
Punjab,Fazilka,2025-10-16,2,8.14,+2d,0.0,0,0.16910416666666667,0,0.3614141414141414,TN
Punjab,Fazilka,2025-10-17,3,11.59,+2d,4.0,1,0.47748214285714274,1,0.3614141414141414,TP
Punjab,Fazilka,2025-10-18,0,0.0,+2d,7.0,1,0.39770535714285726,1,0.3614141414141414,TP
Punjab,Fazilka,2025-10-19,4,18.04,+2d,4.0,1,0.5642499999999999,1,0.3614141414141414,TP
Punjab,Fazilka,2025-10-20,7,33.6,+2d,2.0,0,0.6587440476190476,1,0.3614141414141414,FP
Punjab,Fazilka,2025-10-21,4,18.44,+2d,0.0,0,0.7525416666666669,1,0.3614141414141414,FP
Punjab,Fazilka,2025-10-22,2,40.43,+2d,4.0,1,0.6125000000000002,1,0.3614141414141414,TP
Punjab,Fazilka,2025-10-23,0,0.0,+2d,0.0,0,0.44081547619047606,1,0.3614141414141414,FP
Punjab,Fazilka,2025-10-24,4,27.34,+2d,7.0,1,0.6504107142857143,1,0.3614141414141414,TP
Punjab,Fazilka,2025-10-25,0,0.0,+2d,1.0,0,0.5016934523809523,1,0.3614141414141414,FP
Punjab,Fazilka,2025-10-26,7,29.8,+2d,2.0,0,0.6708095238095236,1,0.3614141414141414,FP
Punjab,Fazilka,2025-10-27,1,3.99,+2d,4.0,1,0.5597916666666666,1,0.3614141414141414,TP
Punjab,Fazilka,2025-10-28,2,11.98,+2d,5.0,1,0.4523630952380955,1,0.3614141414141414,TP
Punjab,Fazilka,2025-10-29,4,27.86,+2d,10.0,1,0.6491666666666666,1,0.3614141414141414,TP
Punjab,Fazilka,2025-10-30,5,24.56,+2d,12.0,1,0.8488273809523811,1,0.3614141414141414,TP
Punjab,Fazilka,2025-10-31,10,44.28,+2d,13.0,1,0.7759761904761904,1,0.3614141414141414,TP
Punjab,Fazilka,2025-11-01,12,57.93,+2d,13.0,1,0.8640059523809523,1,0.3614141414141414,TP
Punjab,Fazilka,2025-11-02,13,84.34,+2d,16.0,1,0.9532916666666668,1,0.3614141414141414,TP
Punjab,Fazilka,2025-11-03,13,134.76,+2d,18.0,1,0.9601249999999999,1,0.3614141414141414,TP
Punjab,Fazilka,2025-11-04,16,119.84,+2d,25.0,1,0.9715833333333335,1,0.3614141414141414,TP
Punjab,Fazilka,2025-11-05,18,102.75,+2d,20.0,1,0.8801041666666666,1,0.3614141414141414,TP
Punjab,Fazilka,2025-11-06,25,259.03000000000003,+2d,24.0,1,0.9772916666666669,1,0.3614141414141414,TP
Punjab,Fazilka,2025-11-07,20,154.25,+2d,46.0,1,0.9712500000000002,1,0.3614141414141414,TP
Punjab,Fazilka,2025-11-08,24,119.77,+2d,17.0,1,0.8114464285714286,1,0.3614141414141414,TP
Punjab,Fazilka,2025-11-09,46,255.47,+2d,23.0,1,0.8792738095238096,1,0.3614141414141414,TP
Punjab,Fazilka,2025-11-10,17,96.81,+2d,14.0,1,0.8798154761904762,1,0.3614141414141414,TP
Punjab,Fazilka,2025-11-11,23,189.2,+2d,19.0,1,0.939827380952381,1,0.3614141414141414,TP
Punjab,Fazilka,2025-11-12,14,117.91,+2d,29.0,1,0.871,1,0.3614141414141414,TP
Punjab,Fazilka,2025-11-13,19,143.35,+2d,18.0,1,0.9407440476190476,1,0.3614141414141414,TP
Punjab,Fazilka,2025-11-14,29,271.5,+2d,29.0,1,0.9430833333333334,1,0.3614141414141414,TP
Punjab,Fazilka,2025-11-15,18,61.9,+2d,7.0,1,0.9467083333333334,1,0.3614141414141414,TP
Punjab,Fazilka,2025-11-16,29,117.8,+2d,3.0,1,0.9548750000000001,1,0.3614141414141414,TP
Punjab,Fazilka,2025-11-17,7,33.87,+2d,10.0,1,0.7887916666666668,1,0.3614141414141414,TP
Punjab,Fazilka,2025-11-18,3,15.489999999999998,+2d,1.0,0,0.5802777777777777,1,0.3614141414141414,FP
Punjab,Fazilka,2025-11-19,10,25.72,+2d,10.0,1,0.6561964285714287,1,0.3614141414141414,TP
Punjab,Fazilka,2025-11-20,1,6.82,+2d,4.0,1,0.342375,0,0.3614141414141414,FN
Punjab,Fazilka,2025-11-21,10,59.63,+2d,3.0,1,0.5968333333333334,1,0.3614141414141414,TP
Punjab,Fazilka,2025-11-22,4,25.17,+2d,0.0,0,0.6354583333333335,1,0.3614141414141414,FP
Punjab,Fazilka,2025-11-23,3,33.96,+2d,5.0,1,0.33083333333333337,0,0.3614141414141414,FN
Punjab,Ferozepur,2025-10-15,3,12.61,+2d,7.0,1,0.5448184523809525,1,0.3614141414141414,TP
Punjab,Ferozepur,2025-10-16,9,81.17999999999999,+2d,10.0,1,0.6219821428571428,1,0.3614141414141414,TP
Punjab,Ferozepur,2025-10-17,7,33.97,+2d,7.0,1,0.7295000000000001,1,0.3614141414141414,TP
Punjab,Ferozepur,2025-10-18,10,29.47,+2d,18.0,1,0.7080535714285712,1,0.3614141414141414,TP
Punjab,Ferozepur,2025-10-19,7,76.3,+2d,31.0,1,0.692982142857143,1,0.3614141414141414,TP
Punjab,Ferozepur,2025-10-20,18,144.3,+2d,18.0,1,0.7890416666666666,1,0.3614141414141414,TP
Punjab,Ferozepur,2025-10-21,31,177.18,+2d,5.0,1,0.9365714285714284,1,0.3614141414141414,TP
Punjab,Ferozepur,2025-10-22,18,137.65,+2d,7.0,1,0.9609047619047619,1,0.3614141414141414,TP
Punjab,Ferozepur,2025-10-23,5,19.84,+2d,12.0,1,0.748217261904762,1,0.3614141414141414,TP
Punjab,Ferozepur,2025-10-24,7,31.76,+2d,25.0,1,0.776845238095238,1,0.3614141414141414,TP
Punjab,Ferozepur,2025-10-25,12,88.68,+2d,14.0,1,0.8484880952380953,1,0.3614141414141414,TP
Punjab,Ferozepur,2025-10-26,25,167.95,+2d,10.0,1,0.9783333333333333,1,0.3614141414141414,TP
Punjab,Ferozepur,2025-10-27,14,99.84,+2d,27.0,1,0.9617916666666667,1,0.3614141414141414,TP
Punjab,Ferozepur,2025-10-28,10,50.78,+2d,43.0,1,0.8818333333333331,1,0.3614141414141414,TP
Punjab,Ferozepur,2025-10-29,27,342.41,+2d,35.0,1,0.944047619047619,1,0.3614141414141414,TP
Punjab,Ferozepur,2025-10-30,43,284.75,+2d,33.0,1,0.9833333333333333,1,0.3614141414141414,TP
Punjab,Ferozepur,2025-10-31,35,223.29,+2d,47.0,1,0.991875,1,0.3614141414141414,TP
Punjab,Ferozepur,2025-11-01,33,243.13,+2d,26.0,1,0.9716250000000001,1,0.3614141414141414,TP
Punjab,Ferozepur,2025-11-02,47,320.26,+2d,69.0,1,0.9908333333333332,1,0.3614141414141414,TP
Punjab,Ferozepur,2025-11-03,26,130.48,+2d,5.0,1,0.9461875000000001,1,0.3614141414141414,TP
Punjab,Ferozepur,2025-11-04,69,518.02,+2d,20.0,1,0.8521875,1,0.3614141414141414,TP
Punjab,Ferozepur,2025-11-05,5,39.5,+2d,48.0,1,0.8438630952380953,1,0.3614141414141414,TP
Punjab,Ferozepur,2025-11-06,20,166.86,+2d,46.0,1,0.8953392857142856,1,0.3614141414141414,TP
Punjab,Ferozepur,2025-11-07,48,253.48,+2d,77.0,1,0.9495416666666668,1,0.3614141414141414,TP
Punjab,Ferozepur,2025-11-08,46,301.38,+2d,39.0,1,0.8490833333333333,1,0.3614141414141414,TP
Punjab,Ferozepur,2025-11-09,77,484.15,+2d,23.0,1,0.903375,1,0.3614141414141414,TP
Punjab,Ferozepur,2025-11-10,39,197.49,+2d,22.0,1,0.918541666666667,1,0.3614141414141414,TP
Punjab,Ferozepur,2025-11-11,23,143.03,+2d,21.0,1,0.9053750000000003,1,0.3614141414141414,TP
Punjab,Ferozepur,2025-11-12,22,96.13,+2d,12.0,1,0.9239375000000001,1,0.3614141414141414,TP
Punjab,Ferozepur,2025-11-13,21,122.98,+2d,20.0,1,0.9303333333333335,1,0.3614141414141414,TP
Punjab,Ferozepur,2025-11-14,12,70.94,+2d,19.0,1,0.9015,1,0.3614141414141414,TP
Punjab,Ferozepur,2025-11-15,20,267.89,+2d,2.0,0,0.9075059523809526,1,0.3614141414141414,FP
Punjab,Ferozepur,2025-11-16,19,94.6,+2d,4.0,1,0.9026250000000001,1,0.3614141414141414,TP
Punjab,Ferozepur,2025-11-17,2,7.55,+2d,1.0,0,0.6389345238095239,1,0.3614141414141414,FP
Punjab,Ferozepur,2025-11-18,4,10.27,+2d,1.0,0,0.7028571428571427,1,0.3614141414141414,FP
Punjab,Ferozepur,2025-11-19,1,4.64,+2d,1.0,0,0.571738095238095,1,0.3614141414141414,FP
Punjab,Ferozepur,2025-11-20,1,3.39,+2d,3.0,1,0.41231547619047615,1,0.3614141414141414,TP
Punjab,Ferozepur,2025-11-21,1,3.06,+2d,0.0,0,0.48596961152882207,1,0.3614141414141414,FP
Punjab,Ferozepur,2025-11-22,3,9.88,+2d,2.0,0,0.4774642857142858,1,0.3614141414141414,FP
Punjab,Ferozepur,2025-11-23,0,0.0,+2d,1.0,0,0.36103660714285724,0,0.3614141414141414,TN
Punjab,Gurdaspur,2025-10-15,0,0.0,+2d,2.0,0,0.3254374999999999,0,0.3614141414141414,TN
Punjab,Gurdaspur,2025-10-16,1,3.49,+2d,3.0,1,0.4867380952380951,1,0.3614141414141414,TP
Punjab,Gurdaspur,2025-10-17,2,6.96,+2d,4.0,1,0.5195863095238097,1,0.3614141414141414,TP
Punjab,Gurdaspur,2025-10-18,3,11.97,+2d,10.0,1,0.45136217948717944,1,0.3614141414141414,TP
Punjab,Gurdaspur,2025-10-19,4,9.85,+2d,11.0,1,0.5869702380952383,1,0.3614141414141414,TP
Punjab,Gurdaspur,2025-10-20,10,38.04,+2d,18.0,1,0.7749583333333335,1,0.3614141414141414,TP
Punjab,Gurdaspur,2025-10-21,11,53.23,+2d,5.0,1,0.9007083333333334,1,0.3614141414141414,TP
Punjab,Gurdaspur,2025-10-22,18,68.9,+2d,4.0,1,0.958625,1,0.3614141414141414,TP
Punjab,Gurdaspur,2025-10-23,5,11.48,+2d,7.0,1,0.7552261904761904,1,0.3614141414141414,TP
Punjab,Gurdaspur,2025-10-24,4,15.14,+2d,23.0,1,0.797922619047619,1,0.3614141414141414,TP
Punjab,Gurdaspur,2025-10-25,7,20.9,+2d,9.0,1,0.7749047619047619,1,0.3614141414141414,TP
Punjab,Gurdaspur,2025-10-26,23,92.27,+2d,5.0,1,0.9189196428571429,1,0.3614141414141414,TP
Punjab,Gurdaspur,2025-10-27,9,22.0,+2d,0.0,0,0.8179583333333333,1,0.3614141414141414,FP
Punjab,Gurdaspur,2025-10-28,5,21.13,+2d,5.0,1,0.72625,1,0.3614141414141414,TP
Punjab,Gurdaspur,2025-10-29,0,0.0,+2d,10.0,1,0.7550714285714284,1,0.3614141414141414,TP
Punjab,Gurdaspur,2025-10-30,5,31.75,+2d,10.0,1,0.6774345238095241,1,0.3614141414141414,TP
Punjab,Gurdaspur,2025-10-31,10,31.14,+2d,6.0,1,0.8016190476190478,1,0.3614141414141414,TP
Punjab,Gurdaspur,2025-11-01,10,37.7,+2d,3.0,1,0.8746666666666664,1,0.3614141414141414,TP
Punjab,Gurdaspur,2025-11-02,6,26.83,+2d,5.0,1,0.7236428571428573,1,0.3614141414141414,TP
Punjab,Gurdaspur,2025-11-03,3,10.03,+2d,2.0,0,0.4839464285714285,1,0.3614141414141414,FP
Punjab,Gurdaspur,2025-11-04,5,22.94,+2d,6.0,1,0.5286488095238097,1,0.3614141414141414,TP
Punjab,Gurdaspur,2025-11-05,2,4.93,+2d,6.0,1,0.5928958333333333,1,0.3614141414141414,TP
Punjab,Gurdaspur,2025-11-06,6,27.17,+2d,5.0,1,0.5205386904761905,1,0.3614141414141414,TP
Punjab,Gurdaspur,2025-11-07,6,15.24,+2d,4.0,1,0.4926785714285714,1,0.3614141414141414,TP
Punjab,Gurdaspur,2025-11-08,5,17.650000000000002,+2d,12.0,1,0.39633333333333326,1,0.3614141414141414,TP
Punjab,Gurdaspur,2025-11-09,4,15.5,+2d,6.0,1,0.517077380952381,1,0.3614141414141414,TP
Punjab,Gurdaspur,2025-11-10,12,49.24,+2d,2.0,0,0.7313571428571428,1,0.3614141414141414,FP
Punjab,Gurdaspur,2025-11-11,6,18.61,+2d,0.0,0,0.6838333333333333,1,0.3614141414141414,FP
Punjab,Gurdaspur,2025-11-12,2,4.21,+2d,0.0,0,0.40491666666666665,1,0.3614141414141414,FP
Punjab,Gurdaspur,2025-11-13,0,0.0,+2d,0.0,0,0.39994444444444455,1,0.3614141414141414,FP
Punjab,Gurdaspur,2025-11-14,0,0.0,+2d,1.0,0,0.24479761904761904,0,0.3614141414141414,TN
Punjab,Gurdaspur,2025-11-15,0,0.0,+2d,0.0,0,0.3002687499999999,0,0.3614141414141414,TN
Punjab,Gurdaspur,2025-11-16,1,3.47,+2d,0.0,0,0.34616815476190477,0,0.3614141414141414,TN
Punjab,Gurdaspur,2025-11-17,0,0.0,+2d,0.0,0,0.21782738095238094,0,0.3614141414141414,TN
Punjab,Gurdaspur,2025-11-18,0,0.0,+2d,0.0,0,0.12161515567765566,0,0.3614141414141414,TN
Punjab,Gurdaspur,2025-11-19,0,0.0,+2d,0.0,0,0.05753304783451843,0,0.3614141414141414,TN
Punjab,Gurdaspur,2025-11-20,0,0.0,+2d,1.0,0,0.030441069580484998,0,0.3614141414141414,TN
Punjab,Gurdaspur,2025-11-21,0,0.0,+2d,0.0,0,0.031181623931623926,0,0.3614141414141414,TN
Punjab,Gurdaspur,2025-11-22,1,3.23,+2d,0.0,0,0.10736892770806954,0,0.3614141414141414,TN
Punjab,Gurdaspur,2025-11-23,0,0.0,+2d,0.0,0,0.1470209096459096,0,0.3614141414141414,TN
Punjab,Hoshiarpur,2025-10-15,0,0.0,+2d,0.0,0,0.060598290598290604,0,0.3614141414141414,TN
Punjab,Hoshiarpur,2025-10-16,0,0.0,+2d,0.0,0,0.13928137617385017,0,0.3614141414141414,TN
Punjab,Hoshiarpur,2025-10-17,0,0.0,+2d,0.0,0,0.14018432045179446,0,0.3614141414141414,TN
Punjab,Hoshiarpur,2025-10-18,0,0.0,+2d,0.0,0,0.14480832838830243,0,0.3614141414141414,TN
Punjab,Hoshiarpur,2025-10-19,0,0.0,+2d,1.0,0,0.12750438783651705,0,0.3614141414141414,TN
Punjab,Hoshiarpur,2025-10-20,0,0.0,+2d,1.0,0,0.07901413844213033,0,0.3614141414141414,TN
Punjab,Hoshiarpur,2025-10-21,1,2.05,+2d,0.0,0,0.21318631164587049,0,0.3614141414141414,TN
Punjab,Hoshiarpur,2025-10-22,1,1.95,+2d,3.0,1,0.3299562643239115,0,0.3614141414141414,FN
Punjab,Hoshiarpur,2025-10-23,0,0.0,+2d,1.0,0,0.19690187590187594,0,0.3614141414141414,TN
Punjab,Hoshiarpur,2025-10-24,3,8.99,+2d,3.0,1,0.24850503663003656,0,0.3614141414141414,FN
Punjab,Hoshiarpur,2025-10-25,1,3.5,+2d,1.0,0,0.45499107142857126,1,0.3614141414141414,FP
Punjab,Hoshiarpur,2025-10-26,3,8.4,+2d,1.0,0,0.46701488095238114,1,0.3614141414141414,FP
Punjab,Hoshiarpur,2025-10-27,1,1.99,+2d,2.0,0,0.4211190476190477,1,0.3614141414141414,FP
Punjab,Hoshiarpur,2025-10-28,1,1.76,+2d,1.0,0,0.397655753968254,1,0.3614141414141414,FP
Punjab,Hoshiarpur,2025-10-29,2,9.41,+2d,7.0,1,0.5748720238095238,1,0.3614141414141414,TP
Punjab,Hoshiarpur,2025-10-30,1,4.77,+2d,11.0,1,0.4902559523809525,1,0.3614141414141414,TP
Punjab,Hoshiarpur,2025-10-31,7,13.48,+2d,2.0,0,0.5572380952380954,1,0.3614141414141414,FP
Punjab,Hoshiarpur,2025-11-01,11,59.01,+2d,0.0,0,0.8858333333333333,1,0.3614141414141414,FP
Punjab,Hoshiarpur,2025-11-02,2,4.35,+2d,3.0,1,0.5368928571428573,1,0.3614141414141414,TP
Punjab,Hoshiarpur,2025-11-03,0,0.0,+2d,1.0,0,0.37686904761904777,1,0.3614141414141414,FP
Punjab,Hoshiarpur,2025-11-04,3,9.78,+2d,0.0,0,0.753856150793651,1,0.3614141414141414,FP
Punjab,Hoshiarpur,2025-11-05,1,0.53,+2d,0.0,0,0.27388690476190475,0,0.3614141414141414,TN
Punjab,Hoshiarpur,2025-11-06,0,0.0,+2d,0.0,0,0.4354458333333333,1,0.3614141414141414,FP
Punjab,Hoshiarpur,2025-11-07,0,0.0,+2d,0.0,0,0.3037961309523809,0,0.3614141414141414,TN
Punjab,Hoshiarpur,2025-11-08,0,0.0,+2d,1.0,0,0.35984315476190476,0,0.3614141414141414,TN
Punjab,Hoshiarpur,2025-11-09,0,0.0,+2d,4.0,1,0.17771617063492062,0,0.3614141414141414,FN
Punjab,Hoshiarpur,2025-11-10,1,3.59,+2d,1.0,0,0.109859126984127,0,0.3614141414141414,TN
Punjab,Hoshiarpur,2025-11-11,4,13.02,+2d,1.0,0,0.27267857142857127,0,0.3614141414141414,TN
Punjab,Hoshiarpur,2025-11-12,1,2.58,+2d,0.0,0,0.2974047619047619,0,0.3614141414141414,TN
Punjab,Hoshiarpur,2025-11-13,1,4.07,+2d,1.0,0,0.3432291666666666,0,0.3614141414141414,TN
Punjab,Hoshiarpur,2025-11-14,0,0.0,+2d,0.0,0,0.13456456043956044,0,0.3614141414141414,TN
Punjab,Hoshiarpur,2025-11-15,1,5.82,+2d,1.0,0,0.19338194444444448,0,0.3614141414141414,TN
Punjab,Hoshiarpur,2025-11-16,0,0.0,+2d,1.0,0,0.19883422619047614,0,0.3614141414141414,TN
Punjab,Hoshiarpur,2025-11-17,1,2.83,+2d,1.0,0,0.1277052530802531,0,0.3614141414141414,TN
Punjab,Hoshiarpur,2025-11-18,1,3.42,+2d,0.0,0,0.2434455128205128,0,0.3614141414141414,TN
Punjab,Hoshiarpur,2025-11-19,1,3.11,+2d,0.0,0,0.1499217032967033,0,0.3614141414141414,TN
Punjab,Hoshiarpur,2025-11-20,0,0.0,+2d,0.0,0,0.10277884615384617,0,0.3614141414141414,TN
Punjab,Hoshiarpur,2025-11-21,0,0.0,+2d,0.0,0,0.060437576312576305,0,0.3614141414141414,TN
Punjab,Hoshiarpur,2025-11-22,0,0.0,+2d,2.0,0,0.07438598901098899,0,0.3614141414141414,TN
Punjab,Hoshiarpur,2025-11-23,0,0.0,+2d,0.0,0,0.037266941391941394,0,0.3614141414141414,TN
Punjab,Jalandhar,2025-10-15,0,0.0,+2d,4.0,1,0.1154900303944422,0,0.3614141414141414,FN
Punjab,Jalandhar,2025-10-16,0,0.0,+2d,2.0,0,0.16248829356917593,0,0.3614141414141414,TN
Punjab,Jalandhar,2025-10-17,4,14.38,+2d,0.0,0,0.31964194139194146,0,0.3614141414141414,TN
Punjab,Jalandhar,2025-10-18,2,9.96,+2d,2.0,0,0.5821538461538461,1,0.3614141414141414,FP
Punjab,Jalandhar,2025-10-19,0,0.0,+2d,3.0,1,0.4017321428571429,1,0.3614141414141414,TP
Punjab,Jalandhar,2025-10-20,2,9.15,+2d,4.0,1,0.5368125,1,0.3614141414141414,TP
Punjab,Jalandhar,2025-10-21,3,16.41,+2d,1.0,0,0.6625208333333333,1,0.3614141414141414,FP
Punjab,Jalandhar,2025-10-22,4,15.63,+2d,0.0,0,0.7801011904761905,1,0.3614141414141414,FP
Punjab,Jalandhar,2025-10-23,1,2.67,+2d,8.0,1,0.5636309523809524,1,0.3614141414141414,TP
Punjab,Jalandhar,2025-10-24,0,0.0,+2d,12.0,1,0.4249791666666665,1,0.3614141414141414,TP
Punjab,Jalandhar,2025-10-25,8,94.87,+2d,8.0,1,0.5989345238095239,1,0.3614141414141414,TP
Punjab,Jalandhar,2025-10-26,12,45.35,+2d,6.0,1,0.9120654761904761,1,0.3614141414141414,TP
Punjab,Jalandhar,2025-10-27,8,36.98,+2d,12.0,1,0.8672083333333335,1,0.3614141414141414,TP
Punjab,Jalandhar,2025-10-28,6,29.52,+2d,5.0,1,0.8260892857142856,1,0.3614141414141414,TP
Punjab,Jalandhar,2025-10-29,12,42.22,+2d,13.0,1,0.8573333333333332,1,0.3614141414141414,TP
Punjab,Jalandhar,2025-10-30,5,25.29,+2d,18.0,1,0.8015694444444444,1,0.3614141414141414,TP
Punjab,Jalandhar,2025-10-31,13,70.91,+2d,15.0,1,0.9438333333333331,1,0.3614141414141414,TP
Punjab,Jalandhar,2025-11-01,18,79.67999999999999,+2d,5.0,1,0.9635416666666665,1,0.3614141414141414,TP
Punjab,Jalandhar,2025-11-02,15,97.69,+2d,9.0,1,0.9776250000000001,1,0.3614141414141414,TP
Punjab,Jalandhar,2025-11-03,5,47.65,+2d,8.0,1,0.860486111111111,1,0.3614141414141414,TP
Punjab,Jalandhar,2025-11-04,9,61.24,+2d,11.0,1,0.7763125,1,0.3614141414141414,TP
Punjab,Jalandhar,2025-11-05,8,5.93,+2d,16.0,1,0.8108749999999999,1,0.3614141414141414,TP
Punjab,Jalandhar,2025-11-06,11,34.28,+2d,5.0,1,0.7374226190476192,1,0.3614141414141414,TP
Punjab,Jalandhar,2025-11-07,16,78.03,+2d,9.0,1,0.812625,1,0.3614141414141414,TP
Punjab,Jalandhar,2025-11-08,5,17.88,+2d,16.0,1,0.8075416666666665,1,0.3614141414141414,TP
Punjab,Jalandhar,2025-11-09,9,30.61,+2d,19.0,1,0.6477499999999999,1,0.3614141414141414,TP
Punjab,Jalandhar,2025-11-10,16,64.49,+2d,10.0,1,0.8357916666666665,1,0.3614141414141414,TP
Punjab,Jalandhar,2025-11-11,19,152.87,+2d,4.0,1,0.9552499999999999,1,0.3614141414141414,TP
Punjab,Jalandhar,2025-11-12,10,33.88,+2d,1.0,0,0.850625,1,0.3614141414141414,FP
Punjab,Jalandhar,2025-11-13,4,17.48,+2d,2.0,0,0.6443750000000001,1,0.3614141414141414,FP
Punjab,Jalandhar,2025-11-14,1,1.66,+2d,4.0,1,0.6821031746031744,1,0.3614141414141414,TP
Punjab,Jalandhar,2025-11-15,2,7.02,+2d,1.0,0,0.47691666666666677,1,0.3614141414141414,FP
Punjab,Jalandhar,2025-11-16,4,21.23,+2d,1.0,0,0.5801845238095236,1,0.3614141414141414,FP
Punjab,Jalandhar,2025-11-17,1,1.76,+2d,1.0,0,0.41008333333333336,1,0.3614141414141414,FP
Punjab,Jalandhar,2025-11-18,1,2.9,+2d,0.0,0,0.43381547619047617,1,0.3614141414141414,FP
Punjab,Jalandhar,2025-11-19,1,4.82,+2d,1.0,0,0.29541666666666666,0,0.3614141414141414,TN
Punjab,Jalandhar,2025-11-20,0,0.0,+2d,0.0,0,0.15183035714285714,0,0.3614141414141414,TN
Punjab,Jalandhar,2025-11-21,1,3.67,+2d,0.0,0,0.32734612609612596,0,0.3614141414141414,TN
Punjab,Jalandhar,2025-11-22,0,0.0,+2d,7.0,1,0.1335288461538462,0,0.3614141414141414,FN
Punjab,Jalandhar,2025-11-23,0,0.0,+2d,0.0,0,0.1627103937728938,0,0.3614141414141414,TN
Punjab,Kapurthala,2025-10-15,0,0.0,+2d,0.0,0,0.20351678019692723,0,0.3614141414141414,TN
Punjab,Kapurthala,2025-10-16,2,19.36,+2d,1.0,0,0.25279563492063484,0,0.3614141414141414,TN
Punjab,Kapurthala,2025-10-17,0,0.0,+2d,0.0,0,0.4203324579831936,1,0.3614141414141414,FP
Punjab,Kapurthala,2025-10-18,1,2.11,+2d,0.0,0,0.43871200980392155,1,0.3614141414141414,FP
Punjab,Kapurthala,2025-10-19,0,0.0,+2d,18.0,1,0.39408482142857126,1,0.3614141414141414,TP
Punjab,Kapurthala,2025-10-20,0,0.0,+2d,6.0,1,0.1861459500466853,0,0.3614141414141414,FN
Punjab,Kapurthala,2025-10-21,18,162.19,+2d,5.0,1,0.6290119047619046,1,0.3614141414141414,TP
Punjab,Kapurthala,2025-10-22,6,27.200000000000003,+2d,2.0,0,0.9082738095238095,1,0.3614141414141414,FP
Punjab,Kapurthala,2025-10-23,5,18.61,+2d,8.0,1,0.7571607142857143,1,0.3614141414141414,TP
Punjab,Kapurthala,2025-10-24,2,13.5,+2d,13.0,1,0.8636428571428572,1,0.3614141414141414,TP
Punjab,Kapurthala,2025-10-25,8,66.05,+2d,14.0,1,0.8669583333333334,1,0.3614141414141414,TP
Punjab,Kapurthala,2025-10-26,13,79.31,+2d,3.0,1,0.9678333333333333,1,0.3614141414141414,TP
Punjab,Kapurthala,2025-10-27,14,51.09,+2d,18.0,1,0.9458333333333333,1,0.3614141414141414,TP
Punjab,Kapurthala,2025-10-28,3,15.39,+2d,12.0,1,0.7511646825396828,1,0.3614141414141414,TP
Punjab,Kapurthala,2025-10-29,18,131.55,+2d,31.0,1,0.9377499999999999,1,0.3614141414141414,TP
Punjab,Kapurthala,2025-10-30,12,41.96,+2d,35.0,1,0.9610714285714286,1,0.3614141414141414,TP
Punjab,Kapurthala,2025-10-31,31,101.58,+2d,26.0,1,0.9595833333333335,1,0.3614141414141414,TP
Punjab,Kapurthala,2025-11-01,35,154.07,+2d,11.0,1,0.9876666666666667,1,0.3614141414141414,TP
Punjab,Kapurthala,2025-11-02,26,154.72,+2d,11.0,1,0.9724702380952381,1,0.3614141414141414,TP
Punjab,Kapurthala,2025-11-03,11,44.88,+2d,0.0,0,0.9304166666666667,1,0.3614141414141414,FP
Punjab,Kapurthala,2025-11-04,11,57.36,+2d,5.0,1,0.7689166666666665,1,0.3614141414141414,TP
Punjab,Kapurthala,2025-11-05,0,0.0,+2d,14.0,1,0.9117083333333333,1,0.3614141414141414,TP
Punjab,Kapurthala,2025-11-06,5,15.38,+2d,10.0,1,0.6954523809523809,1,0.3614141414141414,TP
Punjab,Kapurthala,2025-11-07,14,53.81,+2d,9.0,1,0.6972410714285715,1,0.3614141414141414,TP
Punjab,Kapurthala,2025-11-08,10,44.3,+2d,6.0,1,0.7865952380952382,1,0.3614141414141414,TP
Punjab,Kapurthala,2025-11-09,9,34.25,+2d,8.0,1,0.7668869047619049,1,0.3614141414141414,TP
Punjab,Kapurthala,2025-11-10,6,32.980000000000004,+2d,2.0,0,0.7076249999999998,1,0.3614141414141414,FP
Punjab,Kapurthala,2025-11-11,8,22.67,+2d,2.0,0,0.5627440476190477,1,0.3614141414141414,FP
Punjab,Kapurthala,2025-11-12,2,11.84,+2d,0.0,0,0.5292569444444445,1,0.3614141414141414,FP
Punjab,Kapurthala,2025-11-13,2,4.36,+2d,2.0,0,0.36404761904761906,1,0.3614141414141414,FP
Punjab,Kapurthala,2025-11-14,0,0.0,+2d,4.0,1,0.34095833333333336,0,0.3614141414141414,FN
Punjab,Kapurthala,2025-11-15,2,10.1,+2d,0.0,0,0.4400767543859649,1,0.3614141414141414,FP
Punjab,Kapurthala,2025-11-16,4,17.630000000000003,+2d,1.0,0,0.5150767543859648,1,0.3614141414141414,FP
Punjab,Kapurthala,2025-11-17,0,0.0,+2d,1.0,0,0.31702777777777785,0,0.3614141414141414,TN
Punjab,Kapurthala,2025-11-18,1,3.46,+2d,0.0,0,0.299,0,0.3614141414141414,TN
Punjab,Kapurthala,2025-11-19,1,0.67,+2d,1.0,0,0.2666062271062271,0,0.3614141414141414,TN
Punjab,Kapurthala,2025-11-20,0,0.0,+2d,0.0,0,0.13729967948717944,0,0.3614141414141414,TN
Punjab,Kapurthala,2025-11-21,1,1.36,+2d,0.0,0,0.27651942155067155,0,0.3614141414141414,TN
Punjab,Kapurthala,2025-11-22,0,0.0,+2d,0.0,0,0.15836111111111115,0,0.3614141414141414,TN
Punjab,Kapurthala,2025-11-23,0,0.0,+2d,0.0,0,0.14146634615384612,0,0.3614141414141414,TN
Punjab,Ludhiana,2025-10-15,2,4.0200000000000005,+2d,0.0,0,0.17227884615384617,0,0.3614141414141414,TN
Punjab,Ludhiana,2025-10-16,0,0.0,+2d,0.0,0,0.1039782509157509,0,0.3614141414141414,TN
Punjab,Ludhiana,2025-10-17,0,0.0,+2d,1.0,0,0.08059044427794426,0,0.3614141414141414,TN
Punjab,Ludhiana,2025-10-18,0,0.0,+2d,0.0,0,0.10753299478299479,0,0.3614141414141414,TN
Punjab,Ludhiana,2025-10-19,1,1.78,+2d,0.0,0,0.13250503663003665,0,0.3614141414141414,TN
Punjab,Ludhiana,2025-10-20,0,0.0,+2d,1.0,0,0.2490853937728938,0,0.3614141414141414,TN
Punjab,Ludhiana,2025-10-21,0,0.0,+2d,0.0,0,0.06653787021801728,0,0.3614141414141414,TN
Punjab,Ludhiana,2025-10-22,1,2.57,+2d,1.0,0,0.22346527777777778,0,0.3614141414141414,TN
Punjab,Ludhiana,2025-10-23,0,0.0,+2d,6.0,1,0.12550783775048482,0,0.3614141414141414,FN
Punjab,Ludhiana,2025-10-24,1,1.54,+2d,4.0,1,0.1285687621202327,0,0.3614141414141414,FN
Punjab,Ludhiana,2025-10-25,6,21.11,+2d,7.0,1,0.358547619047619,0,0.3614141414141414,FN
Punjab,Ludhiana,2025-10-26,4,15.24,+2d,8.0,1,0.7666428571428573,1,0.3614141414141414,TP
Punjab,Ludhiana,2025-10-27,7,13.43,+2d,7.0,1,0.6139226190476189,1,0.3614141414141414,TP
Punjab,Ludhiana,2025-10-28,8,36.38,+2d,2.0,0,0.8171666666666667,1,0.3614141414141414,FP
Punjab,Ludhiana,2025-10-29,7,41.97,+2d,21.0,1,0.8267083333333332,1,0.3614141414141414,TP
Punjab,Ludhiana,2025-10-30,2,12.87,+2d,19.0,1,0.6755029761904762,1,0.3614141414141414,TP
Punjab,Ludhiana,2025-10-31,21,66.55,+2d,33.0,1,0.9114583333333333,1,0.3614141414141414,TP
Punjab,Ludhiana,2025-11-01,19,87.58,+2d,13.0,1,0.9701041666666668,1,0.3614141414141414,TP
Punjab,Ludhiana,2025-11-02,33,183.02,+2d,31.0,1,0.9741666666666666,1,0.3614141414141414,TP
Punjab,Ludhiana,2025-11-03,13,65.13,+2d,33.0,1,0.9235,1,0.3614141414141414,TP
Punjab,Ludhiana,2025-11-04,31,162.89,+2d,39.0,1,0.8761041666666665,1,0.3614141414141414,TP
Punjab,Ludhiana,2025-11-05,33,192.2,+2d,50.0,1,0.8567291666666667,1,0.3614141414141414,TP
Punjab,Ludhiana,2025-11-06,39,178.28,+2d,33.0,1,0.9680416666666667,1,0.3614141414141414,TP
Punjab,Ludhiana,2025-11-07,50,245.07,+2d,32.0,1,0.9453333333333335,1,0.3614141414141414,TP
Punjab,Ludhiana,2025-11-08,33,173.89,+2d,34.0,1,0.7999999999999998,1,0.3614141414141414,TP
Punjab,Ludhiana,2025-11-09,32,147.52,+2d,21.0,1,0.8445833333333331,1,0.3614141414141414,TP
Punjab,Ludhiana,2025-11-10,34,117.03,+2d,8.0,1,0.8898958333333333,1,0.3614141414141414,TP
Punjab,Ludhiana,2025-11-11,21,76.25,+2d,21.0,1,0.920333333333333,1,0.3614141414141414,TP
Punjab,Ludhiana,2025-11-12,8,21.61,+2d,5.0,1,0.8254166666666666,1,0.3614141414141414,TP
Punjab,Ludhiana,2025-11-13,21,102.31,+2d,15.0,1,0.7658749999999998,1,0.3614141414141414,TP
Punjab,Ludhiana,2025-11-14,5,24.01,+2d,13.0,1,0.7893819444444445,1,0.3614141414141414,TP
Punjab,Ludhiana,2025-11-15,15,41.52,+2d,6.0,1,0.6345535714285715,1,0.3614141414141414,TP
Punjab,Ludhiana,2025-11-16,13,48.39,+2d,1.0,0,0.8024166666666668,1,0.3614141414141414,FP
Punjab,Ludhiana,2025-11-17,6,20.63,+2d,0.0,0,0.68,1,0.3614141414141414,FP
Punjab,Ludhiana,2025-11-18,1,2.8,+2d,6.0,1,0.5595059523809524,1,0.3614141414141414,TP
Punjab,Ludhiana,2025-11-19,0,0.0,+2d,1.0,0,0.37502976190476195,1,0.3614141414141414,FP
Punjab,Ludhiana,2025-11-20,6,36.79,+2d,1.0,0,0.5358154761904761,1,0.3614141414141414,FP
Punjab,Ludhiana,2025-11-21,1,0.59,+2d,1.0,0,0.5075654761904762,1,0.3614141414141414,FP
Punjab,Ludhiana,2025-11-22,1,2.19,+2d,0.0,0,0.472497023809524,1,0.3614141414141414,FP
Punjab,Ludhiana,2025-11-23,1,3.43,+2d,3.0,1,0.4406746031746034,1,0.3614141414141414,TP
Punjab,Malerkotla,2025-10-15,0,0.0,+2d,0.0,0,0.07577298729261644,0,0.3614141414141414,TN
Punjab,Malerkotla,2025-10-16,0,0.0,+2d,0.0,0,0.05739372392313568,0,0.3614141414141414,TN
Punjab,Malerkotla,2025-10-17,0,0.0,+2d,0.0,0,0.1059243777800871,0,0.3614141414141414,TN
Punjab,Malerkotla,2025-10-18,0,0.0,+2d,0.0,0,0.08950016650016651,0,0.3614141414141414,TN
Punjab,Malerkotla,2025-10-19,0,0.0,+2d,0.0,0,0.09645371275670465,0,0.3614141414141414,TN
Punjab,Malerkotla,2025-10-20,0,0.0,+2d,0.0,0,0.10338931881731074,0,0.3614141414141414,TN
Punjab,Malerkotla,2025-10-21,0,0.0,+2d,0.0,0,0.1485080958735878,0,0.3614141414141414,TN
Punjab,Malerkotla,2025-10-22,0,0.0,+2d,0.0,0,0.14042794032652045,0,0.3614141414141414,TN
Punjab,Malerkotla,2025-10-23,0,0.0,+2d,0.0,0,0.14610345747232464,0,0.3614141414141414,TN
Punjab,Malerkotla,2025-10-24,0,0.0,+2d,2.0,0,0.17278471508770699,0,0.3614141414141414,TN
Punjab,Malerkotla,2025-10-25,0,0.0,+2d,1.0,0,0.1602589285714286,0,0.3614141414141414,TN
Punjab,Malerkotla,2025-10-26,2,5.55,+2d,1.0,0,0.15222916666666664,0,0.3614141414141414,TN
Punjab,Malerkotla,2025-10-27,1,6.63,+2d,6.0,1,0.22307440476190468,0,0.3614141414141414,FN
Punjab,Malerkotla,2025-10-28,1,4.08,+2d,4.0,1,0.21498214285714287,0,0.3614141414141414,FN
Punjab,Malerkotla,2025-10-29,6,34.94,+2d,11.0,1,0.7352083333333332,1,0.3614141414141414,TP
Punjab,Malerkotla,2025-10-30,4,23.77,+2d,8.0,1,0.8474940476190477,1,0.3614141414141414,TP
Punjab,Malerkotla,2025-10-31,11,36.73,+2d,14.0,1,0.8258928571428572,1,0.3614141414141414,TP
Punjab,Malerkotla,2025-11-01,8,34.84,+2d,7.0,1,0.8676964285714286,1,0.3614141414141414,TP
Punjab,Malerkotla,2025-11-02,14,95.62,+2d,12.0,1,0.9494940476190475,1,0.3614141414141414,TP
Punjab,Malerkotla,2025-11-03,7,24.62,+2d,4.0,1,0.8477619047619049,1,0.3614141414141414,TP
Punjab,Malerkotla,2025-11-04,12,73.54,+2d,6.0,1,0.9132499999999998,1,0.3614141414141414,TP
Punjab,Malerkotla,2025-11-05,4,25.35,+2d,10.0,1,0.8204583333333332,1,0.3614141414141414,TP
Punjab,Malerkotla,2025-11-06,6,14.16,+2d,7.0,1,0.42775595238095243,1,0.3614141414141414,TP
Punjab,Malerkotla,2025-11-07,10,37.27,+2d,6.0,1,0.710434523809524,1,0.3614141414141414,TP
Punjab,Malerkotla,2025-11-08,7,21.61,+2d,11.0,1,0.6157083333333334,1,0.3614141414141414,TP
Punjab,Malerkotla,2025-11-09,6,21.06,+2d,3.0,1,0.5485892857142859,1,0.3614141414141414,TP
Punjab,Malerkotla,2025-11-10,11,41.59,+2d,6.0,1,0.7546666666666669,1,0.3614141414141414,TP
Punjab,Malerkotla,2025-11-11,3,6.94,+2d,1.0,0,0.40919047619047616,1,0.3614141414141414,FP
Punjab,Malerkotla,2025-11-12,6,40.16,+2d,1.0,0,0.6308482142857144,1,0.3614141414141414,FP
Punjab,Malerkotla,2025-11-13,1,1.8,+2d,1.0,0,0.5218154761904761,1,0.3614141414141414,FP
Punjab,Malerkotla,2025-11-14,1,3.34,+2d,1.0,0,0.34069940476190474,0,0.3614141414141414,TN
Punjab,Malerkotla,2025-11-15,1,8.85,+2d,0.0,0,0.5473333333333334,1,0.3614141414141414,FP
Punjab,Malerkotla,2025-11-16,1,1.52,+2d,0.0,0,0.3555416666666666,0,0.3614141414141414,TN
Punjab,Malerkotla,2025-11-17,0,0.0,+2d,0.0,0,0.23748749999999996,0,0.3614141414141414,TN
Punjab,Malerkotla,2025-11-18,0,0.0,+2d,0.0,0,0.16088343253968254,0,0.3614141414141414,TN
Punjab,Malerkotla,2025-11-19,0,0.0,+2d,0.0,0,0.18087797619047624,0,0.3614141414141414,TN
Punjab,Malerkotla,2025-11-20,0,0.0,+2d,1.0,0,0.11107539682539684,0,0.3614141414141414,TN
Punjab,Malerkotla,2025-11-21,0,0.0,+2d,0.0,0,0.08541079059829058,0,0.3614141414141414,TN
Punjab,Malerkotla,2025-11-22,1,4.83,+2d,0.0,0,0.1527147051914494,0,0.3614141414141414,TN
Punjab,Malerkotla,2025-11-23,0,0.0,+2d,0.0,0,0.10337029637029634,0,0.3614141414141414,TN
Punjab,Mansa,2025-10-15,0,0.0,+2d,0.0,0,0.03234312868504045,0,0.3614141414141414,TN
Punjab,Mansa,2025-10-16,0,0.0,+2d,0.0,0,0.053383012820512825,0,0.3614141414141414,TN
Punjab,Mansa,2025-10-17,0,0.0,+2d,0.0,0,0.17769059290382822,0,0.3614141414141414,TN
Punjab,Mansa,2025-10-18,0,0.0,+2d,5.0,1,0.07054220418683332,0,0.3614141414141414,FN
Punjab,Mansa,2025-10-19,0,0.0,+2d,5.0,1,0.12812233354880412,0,0.3614141414141414,FN
Punjab,Mansa,2025-10-20,5,22.81,+2d,2.0,0,0.21929761904761907,0,0.3614141414141414,TN
Punjab,Mansa,2025-10-21,5,23.85,+2d,6.0,1,0.6638720238095237,1,0.3614141414141414,TP
Punjab,Mansa,2025-10-22,2,3.5900000000000003,+2d,0.0,0,0.5679434523809523,1,0.3614141414141414,FP
Punjab,Mansa,2025-10-23,6,58.6,+2d,0.0,0,0.7665178571428574,1,0.3614141414141414,FP
Punjab,Mansa,2025-10-24,0,0.0,+2d,1.0,0,0.524095238095238,1,0.3614141414141414,FP
Punjab,Mansa,2025-10-25,0,0.0,+2d,2.0,0,0.4432345238095238,1,0.3614141414141414,FP
Punjab,Mansa,2025-10-26,1,3.98,+2d,2.0,0,0.623013888888889,1,0.3614141414141414,FP
Punjab,Mansa,2025-10-27,2,9.69,+2d,9.0,1,0.3307380952380951,0,0.3614141414141414,FN
Punjab,Mansa,2025-10-28,2,14.45,+2d,19.0,1,0.5280595238095238,1,0.3614141414141414,TP
Punjab,Mansa,2025-10-29,9,116.13,+2d,19.0,1,0.7720416666666668,1,0.3614141414141414,TP
Punjab,Mansa,2025-10-30,19,117.26,+2d,22.0,1,0.9379583333333332,1,0.3614141414141414,TP
Punjab,Mansa,2025-10-31,19,106.16,+2d,10.0,1,0.9920833333333333,1,0.3614141414141414,TP
Punjab,Mansa,2025-11-01,22,190.03,+2d,17.0,1,0.9893333333333332,1,0.3614141414141414,TP
Punjab,Mansa,2025-11-02,10,102.98,+2d,31.0,1,0.9759999999999998,1,0.3614141414141414,TP
Punjab,Mansa,2025-11-03,17,74.22,+2d,8.0,1,0.9441666666666667,1,0.3614141414141414,TP
Punjab,Mansa,2025-11-04,31,273.45,+2d,15.0,1,0.9924166666666667,1,0.3614141414141414,TP
Punjab,Mansa,2025-11-05,8,52.7,+2d,15.0,1,0.8332708333333331,1,0.3614141414141414,TP
Punjab,Mansa,2025-11-06,15,77.31,+2d,22.0,1,0.8645059523809523,1,0.3614141414141414,TP
Punjab,Mansa,2025-11-07,15,79.3,+2d,36.0,1,0.8881666666666668,1,0.3614141414141414,TP
Punjab,Mansa,2025-11-08,22,151.06,+2d,20.0,1,0.7975595238095238,1,0.3614141414141414,TP
Punjab,Mansa,2025-11-09,36,283.91,+2d,29.0,1,0.8855416666666668,1,0.3614141414141414,TP
Punjab,Mansa,2025-11-10,20,99.55,+2d,8.0,1,0.8967499999999999,1,0.3614141414141414,TP
Punjab,Mansa,2025-11-11,29,184.88,+2d,12.0,1,0.9042499999999998,1,0.3614141414141414,TP
Punjab,Mansa,2025-11-12,8,31.23,+2d,9.0,1,0.8521249999999999,1,0.3614141414141414,TP
Punjab,Mansa,2025-11-13,12,64.41,+2d,3.0,1,0.7406249999999999,1,0.3614141414141414,TP
Punjab,Mansa,2025-11-14,9,70.73,+2d,7.0,1,0.8381875,1,0.3614141414141414,TP
Punjab,Mansa,2025-11-15,3,8.5,+2d,6.0,1,0.54975,1,0.3614141414141414,TP
Punjab,Mansa,2025-11-16,7,26.28,+2d,1.0,0,0.643690476190476,1,0.3614141414141414,FP
Punjab,Mansa,2025-11-17,6,44.58,+2d,4.0,1,0.5937738095238094,1,0.3614141414141414,TP
Punjab,Mansa,2025-11-18,1,2.46,+2d,3.0,1,0.4529642857142857,1,0.3614141414141414,TP
Punjab,Mansa,2025-11-19,4,46.84,+2d,2.0,0,0.5370238095238095,1,0.3614141414141414,FP
Punjab,Mansa,2025-11-20,3,9.329999999999998,+2d,2.0,0,0.4365892857142857,1,0.3614141414141414,FP
Punjab,Mansa,2025-11-21,2,3.75,+2d,1.0,0,0.31837499999999996,0,0.3614141414141414,TN
Punjab,Mansa,2025-11-22,2,5.38,+2d,0.0,0,0.5277132936507938,1,0.3614141414141414,FP
Punjab,Mansa,2025-11-23,1,2.02,+2d,1.0,0,0.34129761904761907,0,0.3614141414141414,TN
Punjab,Moga,2025-10-15,0,0.0,+2d,0.0,0,0.043224376181505327,0,0.3614141414141414,TN
Punjab,Moga,2025-10-16,1,2.06,+2d,0.0,0,0.17111865320840983,0,0.3614141414141414,TN
Punjab,Moga,2025-10-17,0,0.0,+2d,1.0,0,0.21655870355135057,0,0.3614141414141414,TN
Punjab,Moga,2025-10-18,0,0.0,+2d,0.0,0,0.047322295351707115,0,0.3614141414141414,TN
Punjab,Moga,2025-10-19,1,2.61,+2d,2.0,0,0.14569047619047618,0,0.3614141414141414,TN
Punjab,Moga,2025-10-20,0,0.0,+2d,2.0,0,0.15525009549274255,0,0.3614141414141414,TN
Punjab,Moga,2025-10-21,2,1.66,+2d,3.0,1,0.2587071396740514,0,0.3614141414141414,FN
Punjab,Moga,2025-10-22,2,5.529999999999999,+2d,1.0,0,0.25655862193362194,0,0.3614141414141414,TN
Punjab,Moga,2025-10-23,3,10.66,+2d,4.0,1,0.37933134920634914,1,0.3614141414141414,TP
Punjab,Moga,2025-10-24,1,3.21,+2d,3.0,1,0.45100000000000007,1,0.3614141414141414,TP
Punjab,Moga,2025-10-25,4,23.72,+2d,4.0,1,0.7011249999999998,1,0.3614141414141414,TP
Punjab,Moga,2025-10-26,3,20.72,+2d,2.0,0,0.6610277777777778,1,0.3614141414141414,FP
Punjab,Moga,2025-10-27,4,15.97,+2d,5.0,1,0.6866468253968252,1,0.3614141414141414,TP
Punjab,Moga,2025-10-28,2,12.66,+2d,5.0,1,0.668986111111111,1,0.3614141414141414,TP
Punjab,Moga,2025-10-29,5,13.23,+2d,21.0,1,0.7032142857142856,1,0.3614141414141414,TP
Punjab,Moga,2025-10-30,5,15.63,+2d,16.0,1,0.714690476190476,1,0.3614141414141414,TP
Punjab,Moga,2025-10-31,21,81.03,+2d,20.0,1,0.8939999999999999,1,0.3614141414141414,TP
Punjab,Moga,2025-11-01,16,58.99,+2d,18.0,1,0.9766666666666666,1,0.3614141414141414,TP
Punjab,Moga,2025-11-02,20,72.94,+2d,44.0,1,0.9672916666666665,1,0.3614141414141414,TP
Punjab,Moga,2025-11-03,18,95.04,+2d,35.0,1,0.9622083333333333,1,0.3614141414141414,TP
Punjab,Moga,2025-11-04,44,500.31,+2d,36.0,1,0.8856875,1,0.3614141414141414,TP
Punjab,Moga,2025-11-05,35,215.97,+2d,47.0,1,0.8752708333333332,1,0.3614141414141414,TP
Punjab,Moga,2025-11-06,36,178.56,+2d,42.0,1,0.9932500000000001,1,0.3614141414141414,TP
Punjab,Moga,2025-11-07,47,249.28,+2d,44.0,1,0.9604583333333333,1,0.3614141414141414,TP
Punjab,Moga,2025-11-08,42,260.68,+2d,42.0,1,0.7902857142857144,1,0.3614141414141414,TP
Punjab,Moga,2025-11-09,44,261.92,+2d,43.0,1,0.8791190476190477,1,0.3614141414141414,TP
Punjab,Moga,2025-11-10,42,255.84,+2d,6.0,1,0.9084523809523811,1,0.3614141414141414,TP
Punjab,Moga,2025-11-11,43,211.15,+2d,19.0,1,0.8916249999999999,1,0.3614141414141414,TP
Punjab,Moga,2025-11-12,6,35.96,+2d,5.0,1,0.7864047619047619,1,0.3614141414141414,TP
Punjab,Moga,2025-11-13,19,121.15,+2d,13.0,1,0.8145059523809521,1,0.3614141414141414,TP
Punjab,Moga,2025-11-14,5,37.97,+2d,8.0,1,0.7587867063492064,1,0.3614141414141414,TP
Punjab,Moga,2025-11-15,13,134.83,+2d,0.0,0,0.7891666666666667,1,0.3614141414141414,FP
Punjab,Moga,2025-11-16,8,74.97,+2d,1.0,0,0.8461527777777779,1,0.3614141414141414,FP
Punjab,Moga,2025-11-17,0,0.0,+2d,1.0,0,0.475375,1,0.3614141414141414,FP
Punjab,Moga,2025-11-18,1,2.11,+2d,1.0,0,0.6623154761904759,1,0.3614141414141414,FP
Punjab,Moga,2025-11-19,1,3.99,+2d,3.0,1,0.48607341269841264,1,0.3614141414141414,TP
Punjab,Moga,2025-11-20,1,3.84,+2d,1.0,0,0.5308341948621553,1,0.3614141414141414,FP
Punjab,Moga,2025-11-21,3,8.82,+2d,0.0,0,0.4465946115288223,1,0.3614141414141414,FP
Punjab,Moga,2025-11-22,1,2.94,+2d,2.0,0,0.46358928571428587,1,0.3614141414141414,FP
Punjab,Moga,2025-11-23,0,0.0,+2d,1.0,0,0.29333928571428575,0,0.3614141414141414,TN
Punjab,Pathankot,2025-10-15,0,0.0,+2d,0.0,0,0.037154475047907205,0,0.3614141414141414,TN
Punjab,Pathankot,2025-10-16,1,2.9,+2d,0.0,0,0.13504497354497352,0,0.3614141414141414,TN
Punjab,Pathankot,2025-10-17,0,0.0,+2d,0.0,0,0.16963273491214667,0,0.3614141414141414,TN
Punjab,Pathankot,2025-10-18,0,0.0,+2d,0.0,0,0.07282052315875845,0,0.3614141414141414,TN
Punjab,Pathankot,2025-10-19,0,0.0,+2d,0.0,0,0.03622544421809128,0,0.3614141414141414,TN
Punjab,Pathankot,2025-10-20,0,0.0,+2d,0.0,0,0.057450466003457906,0,0.3614141414141414,TN
Punjab,Pathankot,2025-10-21,0,0.0,+2d,0.0,0,0.13223693340972756,0,0.3614141414141414,TN
Punjab,Pathankot,2025-10-22,0,0.0,+2d,0.0,0,0.17764394491017202,0,0.3614141414141414,TN
Punjab,Pathankot,2025-10-23,0,0.0,+2d,0.0,0,0.09678000771015474,0,0.3614141414141414,TN
Punjab,Pathankot,2025-10-24,0,0.0,+2d,0.0,0,0.04814158738207928,0,0.3614141414141414,TN
Punjab,Pathankot,2025-10-25,0,0.0,+2d,0.0,0,0.017679563492063493,0,0.3614141414141414,TN
Punjab,Pathankot,2025-10-26,0,0.0,+2d,0.0,0,0.023523706896551727,0,0.3614141414141414,TN
Punjab,Pathankot,2025-10-27,0,0.0,+2d,0.0,0,0.021013786261631088,0,0.3614141414141414,TN
Punjab,Pathankot,2025-10-28,0,0.0,+2d,0.0,0,0.030455254515599342,0,0.3614141414141414,TN
Punjab,Pathankot,2025-10-29,0,0.0,+2d,0.0,0,0.021883445151877314,0,0.3614141414141414,TN
Punjab,Pathankot,2025-10-30,0,0.0,+2d,0.0,0,0.022253209617180202,0,0.3614141414141414,TN
Punjab,Pathankot,2025-10-31,0,0.0,+2d,1.0,0,0.008048508483853311,0,0.3614141414141414,TN
Punjab,Pathankot,2025-11-01,0,0.0,+2d,0.0,0,0.008048508483853311,0,0.3614141414141414,TN
Punjab,Pathankot,2025-11-02,1,3.28,+2d,2.0,0,0.09997916666666665,0,0.3614141414141414,TN
Punjab,Pathankot,2025-11-03,0,0.0,+2d,0.0,0,0.07179761904761904,0,0.3614141414141414,TN
Punjab,Pathankot,2025-11-04,2,5.140000000000001,+2d,0.0,0,0.11168137254901961,0,0.3614141414141414,TN
Punjab,Pathankot,2025-11-05,0,0.0,+2d,0.0,0,0.1511666666666667,0,0.3614141414141414,TN
Punjab,Pathankot,2025-11-06,0,0.0,+2d,1.0,0,0.007589285714285714,0,0.3614141414141414,TN
Punjab,Pathankot,2025-11-07,0,0.0,+2d,0.0,0,0.025291666666666667,0,0.3614141414141414,TN
Punjab,Pathankot,2025-11-08,1,2.62,+2d,0.0,0,0.08929166666666667,0,0.3614141414141414,TN
Punjab,Pathankot,2025-11-09,0,0.0,+2d,0.0,0,0.08035416666666667,0,0.3614141414141414,TN
Punjab,Pathankot,2025-11-10,0,0.0,+2d,0.0,0,0.01710714285714286,0,0.3614141414141414,TN
Punjab,Pathankot,2025-11-11,0,0.0,+2d,0.0,0,0.07083333333333335,0,0.3614141414141414,TN
Punjab,Pathankot,2025-11-12,0,0.0,+2d,0.0,0,0.03177279481046604,0,0.3614141414141414,TN
Punjab,Pathankot,2025-11-13,0,0.0,+2d,2.0,0,0.0013333333333333333,0,0.3614141414141414,TN
Punjab,Pathankot,2025-11-14,0,0.0,+2d,0.0,0,0.006946714958498798,0,0.3614141414141414,TN
Punjab,Pathankot,2025-11-15,2,14.14,+2d,0.0,0,0.10100378787878787,0,0.3614141414141414,TN
Punjab,Pathankot,2025-11-16,0,0.0,+2d,0.0,0,0.17320238095238097,0,0.3614141414141414,TN
Punjab,Pathankot,2025-11-17,0,0.0,+2d,0.0,0,0.06526098901098902,0,0.3614141414141414,TN
Punjab,Pathankot,2025-11-18,0,0.0,+2d,0.0,0,0.07948717948717947,0,0.3614141414141414,TN
Punjab,Pathankot,2025-11-19,0,0.0,+2d,0.0,0,0.0054696087313925714,0,0.3614141414141414,TN
Punjab,Pathankot,2025-11-20,0,0.0,+2d,0.0,0,0.039195512820512826,0,0.3614141414141414,TN
Punjab,Pathankot,2025-11-21,0,0.0,+2d,0.0,0,0.006433894445678285,0,0.3614141414141414,TN
Punjab,Pathankot,2025-11-22,0,0.0,+2d,0.0,0,0.10390018315018315,0,0.3614141414141414,TN
Punjab,Pathankot,2025-11-23,0,0.0,+2d,0.0,0,0.005933894445678286,0,0.3614141414141414,TN
Punjab,Patiala,2025-10-15,3,12.0,+2d,4.0,1,0.272824481074481,0,0.3614141414141414,FN
Punjab,Patiala,2025-10-16,3,11.35,+2d,2.0,0,0.4233562271062272,1,0.3614141414141414,FP
Punjab,Patiala,2025-10-17,4,7.54,+2d,6.0,1,0.4760586080586082,1,0.3614141414141414,TP
Punjab,Patiala,2025-10-18,2,6.69,+2d,14.0,1,0.3958978937728938,1,0.3614141414141414,TP
Punjab,Patiala,2025-10-19,6,32.99,+2d,18.0,1,0.7233333333333334,1,0.3614141414141414,TP
Punjab,Patiala,2025-10-20,14,55.83,+2d,11.0,1,0.7386279761904763,1,0.3614141414141414,TP
Punjab,Patiala,2025-10-21,18,67.72,+2d,2.0,0,0.8532916666666666,1,0.3614141414141414,FP
Punjab,Patiala,2025-10-22,11,39.35,+2d,1.0,0,0.8846666666666668,1,0.3614141414141414,FP
Punjab,Patiala,2025-10-23,2,7.77,+2d,10.0,1,0.763125,1,0.3614141414141414,TP
Punjab,Patiala,2025-10-24,1,4.24,+2d,4.0,1,0.7095317460317461,1,0.3614141414141414,TP
Punjab,Patiala,2025-10-25,10,45.56,+2d,11.0,1,0.8671488095238093,1,0.3614141414141414,TP
Punjab,Patiala,2025-10-26,4,12.28,+2d,6.0,1,0.6349404761904762,1,0.3614141414141414,TP
Punjab,Patiala,2025-10-27,11,46.69,+2d,18.0,1,0.7588333333333336,1,0.3614141414141414,TP
Punjab,Patiala,2025-10-28,6,21.41,+2d,13.0,1,0.7349404761904761,1,0.3614141414141414,TP
Punjab,Patiala,2025-10-29,18,70.32,+2d,41.0,1,0.8585833333333333,1,0.3614141414141414,TP
Punjab,Patiala,2025-10-30,13,65.51,+2d,44.0,1,0.9812499999999998,1,0.3614141414141414,TP
Punjab,Patiala,2025-10-31,41,264.78,+2d,27.0,1,0.9891666666666665,1,0.3614141414141414,TP
Punjab,Patiala,2025-11-01,44,278.56,+2d,11.0,1,0.97875,1,0.3614141414141414,TP
Punjab,Patiala,2025-11-02,27,170.95,+2d,20.0,1,0.9825,1,0.3614141414141414,TP
Punjab,Patiala,2025-11-03,11,56.78,+2d,10.0,1,0.9248333333333334,1,0.3614141414141414,TP
Punjab,Patiala,2025-11-04,20,118.09,+2d,24.0,1,0.9597916666666667,1,0.3614141414141414,TP
Punjab,Patiala,2025-11-05,10,30.91,+2d,12.0,1,0.8599583333333333,1,0.3614141414141414,TP
Punjab,Patiala,2025-11-06,24,97.21,+2d,21.0,1,0.7470208333333334,1,0.3614141414141414,TP
Punjab,Patiala,2025-11-07,12,65.89,+2d,30.0,1,0.8764583333333335,1,0.3614141414141414,TP
Punjab,Patiala,2025-11-08,21,243.72,+2d,6.0,1,0.7515833333333333,1,0.3614141414141414,TP
Punjab,Patiala,2025-11-09,30,182.96,+2d,11.0,1,0.8576249999999999,1,0.3614141414141414,TP
Punjab,Patiala,2025-11-10,6,24.25,+2d,1.0,0,0.7851249999999999,1,0.3614141414141414,FP
Punjab,Patiala,2025-11-11,11,77.24000000000001,+2d,3.0,1,0.712857142857143,1,0.3614141414141414,TP
Punjab,Patiala,2025-11-12,1,2.2,+2d,1.0,0,0.7844166666666665,1,0.3614141414141414,FP
Punjab,Patiala,2025-11-13,3,15.05,+2d,4.0,1,0.6161845238095238,1,0.3614141414141414,TP
Punjab,Patiala,2025-11-14,1,1.7,+2d,2.0,0,0.6693392857142855,1,0.3614141414141414,FP
Punjab,Patiala,2025-11-15,4,46.42,+2d,0.0,0,0.5433446115288222,1,0.3614141414141414,FP
Punjab,Patiala,2025-11-16,2,1.79,+2d,3.0,1,0.5885833333333332,1,0.3614141414141414,TP
Punjab,Patiala,2025-11-17,0,0.0,+2d,0.0,0,0.2900148809523809,0,0.3614141414141414,TN
Punjab,Patiala,2025-11-18,3,17.46,+2d,0.0,0,0.4743918650793651,1,0.3614141414141414,FP
Punjab,Patiala,2025-11-19,0,0.0,+2d,2.0,0,0.19250900488400494,0,0.3614141414141414,TN
Punjab,Patiala,2025-11-20,0,0.0,+2d,0.0,0,0.2848333333333333,0,0.3614141414141414,TN
Punjab,Patiala,2025-11-21,2,1.69,+2d,0.0,0,0.27325503663003664,0,0.3614141414141414,TN
Punjab,Patiala,2025-11-22,0,0.0,+2d,0.0,0,0.28466666666666673,0,0.3614141414141414,TN
Punjab,Patiala,2025-11-23,0,0.0,+2d,0.0,0,0.24964293345543342,0,0.3614141414141414,TN
Punjab,Rupnagar,2025-10-15,0,0.0,+2d,0.0,0,0.06372386321408059,0,0.3614141414141414,TN
Punjab,Rupnagar,2025-10-16,0,0.0,+2d,0.0,0,0.09670648206866422,0,0.3614141414141414,TN
Punjab,Rupnagar,2025-10-17,0,0.0,+2d,0.0,0,0.08407033002626217,0,0.3614141414141414,TN
Punjab,Rupnagar,2025-10-18,0,0.0,+2d,0.0,0,0.12409711574054795,0,0.3614141414141414,TN
Punjab,Rupnagar,2025-10-19,0,0.0,+2d,1.0,0,0.06809885036632435,0,0.3614141414141414,TN
Punjab,Rupnagar,2025-10-20,0,0.0,+2d,1.0,0,0.049126349208478366,0,0.3614141414141414,TN
Punjab,Rupnagar,2025-10-21,1,4.11,+2d,0.0,0,0.1926734360410831,0,0.3614141414141414,TN
Punjab,Rupnagar,2025-10-22,1,2.34,+2d,0.0,0,0.28566666666666674,0,0.3614141414141414,TN
Punjab,Rupnagar,2025-10-23,0,0.0,+2d,0.0,0,0.09842368742368741,0,0.3614141414141414,TN
Punjab,Rupnagar,2025-10-24,0,0.0,+2d,1.0,0,0.10822329059829057,0,0.3614141414141414,TN
Punjab,Rupnagar,2025-10-25,0,0.0,+2d,0.0,0,0.10571230158730158,0,0.3614141414141414,TN
Punjab,Rupnagar,2025-10-26,1,2.98,+2d,0.0,0,0.17522619047619045,0,0.3614141414141414,TN
Punjab,Rupnagar,2025-10-27,0,0.0,+2d,0.0,0,0.12641071428571427,0,0.3614141414141414,TN
Punjab,Rupnagar,2025-10-28,0,0.0,+2d,0.0,0,0.12378174603174606,0,0.3614141414141414,TN
Punjab,Rupnagar,2025-10-29,0,0.0,+2d,2.0,0,0.10820238095238097,0,0.3614141414141414,TN
Punjab,Rupnagar,2025-10-30,0,0.0,+2d,0.0,0,0.08237972961779182,0,0.3614141414141414,TN
Punjab,Rupnagar,2025-10-31,2,5.83,+2d,2.0,0,0.17766071428571434,0,0.3614141414141414,TN
Punjab,Rupnagar,2025-11-01,0,0.0,+2d,0.0,0,0.16387797619047625,0,0.3614141414141414,TN
Punjab,Rupnagar,2025-11-02,2,4.390000000000001,+2d,0.0,0,0.1912638888888889,0,0.3614141414141414,TN
Punjab,Rupnagar,2025-11-03,0,0.0,+2d,0.0,0,0.18907936507936512,0,0.3614141414141414,TN
Punjab,Rupnagar,2025-11-04,0,0.0,+2d,0.0,0,0.04392384453781513,0,0.3614141414141414,TN
Punjab,Rupnagar,2025-11-05,0,0.0,+2d,0.0,0,0.08628174603174601,0,0.3614141414141414,TN
Punjab,Rupnagar,2025-11-06,0,0.0,+2d,1.0,0,0.025141762452107277,0,0.3614141414141414,TN
Punjab,Rupnagar,2025-11-07,0,0.0,+2d,0.0,0,0.08682440476190476,0,0.3614141414141414,TN
Punjab,Rupnagar,2025-11-08,1,4.05,+2d,0.0,0,0.08523214285714285,0,0.3614141414141414,TN
Punjab,Rupnagar,2025-11-09,0,0.0,+2d,1.0,0,0.09007142857142857,0,0.3614141414141414,TN
Punjab,Rupnagar,2025-11-10,0,0.0,+2d,0.0,0,0.007488095238095237,0,0.3614141414141414,TN
Punjab,Rupnagar,2025-11-11,1,1.61,+2d,0.0,0,0.149843253968254,0,0.3614141414141414,TN
Punjab,Rupnagar,2025-11-12,0,0.0,+2d,0.0,0,0.12082738095238098,0,0.3614141414141414,TN
Punjab,Rupnagar,2025-11-13,0,0.0,+2d,0.0,0,0.005357142857142857,0,0.3614141414141414,TN
Punjab,Rupnagar,2025-11-14,0,0.0,+2d,0.0,0,0.014155987394957985,0,0.3614141414141414,TN
Punjab,Rupnagar,2025-11-15,0,0.0,+2d,0.0,0,0.02920833333333333,0,0.3614141414141414,TN
Punjab,Rupnagar,2025-11-16,0,0.0,+2d,0.0,0,0.01207265406162465,0,0.3614141414141414,TN
Punjab,Rupnagar,2025-11-17,0,0.0,+2d,0.0,0,0.01591787431589038,0,0.3614141414141414,TN
Punjab,Rupnagar,2025-11-18,0,0.0,+2d,0.0,0,0.011422619047619048,0,0.3614141414141414,TN
Punjab,Rupnagar,2025-11-19,0,0.0,+2d,0.0,0,0.015522361495377555,0,0.3614141414141414,TN
Punjab,Rupnagar,2025-11-20,0,0.0,+2d,0.0,0,0.018009735232751293,0,0.3614141414141414,TN
Punjab,Rupnagar,2025-11-21,0,0.0,+2d,0.0,0,0.01448300158853543,0,0.3614141414141414,TN
Punjab,Rupnagar,2025-11-22,0,0.0,+2d,0.0,0,0.008811258419423838,0,0.3614141414141414,TN
Punjab,Rupnagar,2025-11-23,0,0.0,+2d,0.0,0,0.06527137640816023,0,0.3614141414141414,TN
Punjab,S A S Nagar,2025-10-15,0,0.0,+2d,0.0,0,0.19552260198951377,0,0.3614141414141414,TN
Punjab,S A S Nagar,2025-10-16,1,2.96,+2d,1.0,0,0.1281190476190476,0,0.3614141414141414,TN
Punjab,S A S Nagar,2025-10-17,0,0.0,+2d,2.0,0,0.1497547448466566,0,0.3614141414141414,TN
Punjab,S A S Nagar,2025-10-18,1,3.32,+2d,4.0,1,0.18058936202686207,0,0.3614141414141414,FN
Punjab,S A S Nagar,2025-10-19,2,7.34,+2d,7.0,1,0.43375595238095244,1,0.3614141414141414,TP
Punjab,S A S Nagar,2025-10-20,4,12.04,+2d,5.0,1,0.47131547619047615,1,0.3614141414141414,TP
Punjab,S A S Nagar,2025-10-21,7,30.56,+2d,1.0,0,0.7248988095238096,1,0.3614141414141414,FP
Punjab,S A S Nagar,2025-10-22,5,14.5,+2d,3.0,1,0.8295238095238094,1,0.3614141414141414,TP
Punjab,S A S Nagar,2025-10-23,1,2.81,+2d,5.0,1,0.44802976190476185,1,0.3614141414141414,TP
Punjab,S A S Nagar,2025-10-24,3,13.09,+2d,6.0,1,0.6710555555555554,1,0.3614141414141414,TP
Punjab,S A S Nagar,2025-10-25,5,15.55,+2d,2.0,0,0.7474166666666667,1,0.3614141414141414,FP
Punjab,S A S Nagar,2025-10-26,6,17.49,+2d,2.0,0,0.6350833333333334,1,0.3614141414141414,FP
Punjab,S A S Nagar,2025-10-27,2,5.050000000000001,+2d,6.0,1,0.5159166666666668,1,0.3614141414141414,TP
Punjab,S A S Nagar,2025-10-28,2,5.97,+2d,1.0,0,0.4936369047619049,1,0.3614141414141414,FP
Punjab,S A S Nagar,2025-10-29,6,13.11,+2d,8.0,1,0.608107142857143,1,0.3614141414141414,TP
Punjab,S A S Nagar,2025-10-30,1,4.68,+2d,1.0,0,0.591184523809524,1,0.3614141414141414,FP
Punjab,S A S Nagar,2025-10-31,8,37.49,+2d,1.0,0,0.6711130952380954,1,0.3614141414141414,FP
Punjab,S A S Nagar,2025-11-01,1,3.44,+2d,2.0,0,0.5488333333333335,1,0.3614141414141414,FP
Punjab,S A S Nagar,2025-11-02,1,6.12,+2d,0.0,0,0.39843452380952393,1,0.3614141414141414,FP
Punjab,S A S Nagar,2025-11-03,2,9.99,+2d,2.0,0,0.6472103174603173,1,0.3614141414141414,FP
Punjab,S A S Nagar,2025-11-04,0,0.0,+2d,0.0,0,0.23528214285714286,0,0.3614141414141414,TN
Punjab,S A S Nagar,2025-11-05,2,4.29,+2d,1.0,0,0.4092053571428571,1,0.3614141414141414,FP
Punjab,S A S Nagar,2025-11-06,0,0.0,+2d,2.0,0,0.22250744047619048,0,0.3614141414141414,TN
Punjab,S A S Nagar,2025-11-07,1,9.43,+2d,0.0,0,0.36174107142857154,1,0.3614141414141414,FP
Punjab,S A S Nagar,2025-11-08,2,7.57,+2d,0.0,0,0.33235795454545447,0,0.3614141414141414,TN
Punjab,S A S Nagar,2025-11-09,0,0.0,+2d,0.0,0,0.1703178571428572,0,0.3614141414141414,TN
Punjab,S A S Nagar,2025-11-10,0,0.0,+2d,1.0,0,0.17407440476190478,0,0.3614141414141414,TN
Punjab,S A S Nagar,2025-11-11,0,0.0,+2d,1.0,0,0.06324428104575162,0,0.3614141414141414,TN
Punjab,S A S Nagar,2025-11-12,1,1.59,+2d,0.0,0,0.1437777777777778,0,0.3614141414141414,TN
Punjab,S A S Nagar,2025-11-13,1,8.49,+2d,0.0,0,0.2030684523809524,0,0.3614141414141414,TN
Punjab,S A S Nagar,2025-11-14,0,0.0,+2d,0.0,0,0.13464880952380953,0,0.3614141414141414,TN
Punjab,S A S Nagar,2025-11-15,0,0.0,+2d,0.0,0,0.12801190476190474,0,0.3614141414141414,TN
Punjab,S A S Nagar,2025-11-16,0,0.0,+2d,0.0,0,0.04691666666666666,0,0.3614141414141414,TN
Punjab,S A S Nagar,2025-11-17,0,0.0,+2d,0.0,0,0.03592676767676767,0,0.3614141414141414,TN
Punjab,S A S Nagar,2025-11-18,0,0.0,+2d,0.0,0,0.009583333333333333,0,0.3614141414141414,TN
Punjab,S A S Nagar,2025-11-19,0,0.0,+2d,0.0,0,0.01169467787114846,0,0.3614141414141414,TN
Punjab,S A S Nagar,2025-11-20,0,0.0,+2d,0.0,0,0.032333791208791214,0,0.3614141414141414,TN
Punjab,S A S Nagar,2025-11-21,0,0.0,+2d,0.0,0,0.01250815551457675,0,0.3614141414141414,TN
Punjab,S A S Nagar,2025-11-22,0,0.0,+2d,1.0,0,0.0031788179432333617,0,0.3614141414141414,TN
Punjab,S A S Nagar,2025-11-23,0,0.0,+2d,0.0,0,0.03557494783673168,0,0.3614141414141414,TN
Punjab,Sangrur,2025-10-15,1,3.06,+2d,4.0,1,0.2254871794871795,0,0.3614141414141414,FN
Punjab,Sangrur,2025-10-16,1,2.95,+2d,0.0,0,0.18670146520146522,0,0.3614141414141414,TN
Punjab,Sangrur,2025-10-17,4,43.34,+2d,2.0,0,0.328526862026862,0,0.3614141414141414,TN
Punjab,Sangrur,2025-10-18,0,0.0,+2d,4.0,1,0.2586557539682539,0,0.3614141414141414,FN
Punjab,Sangrur,2025-10-19,2,8.45,+2d,10.0,1,0.4862956349206349,1,0.3614141414141414,TP
Punjab,Sangrur,2025-10-20,4,19.33,+2d,4.0,1,0.6143869047619046,1,0.3614141414141414,TP
Punjab,Sangrur,2025-10-21,10,67.47,+2d,6.0,1,0.7490416666666669,1,0.3614141414141414,TP
Punjab,Sangrur,2025-10-22,4,19.44,+2d,11.0,1,0.7553095238095239,1,0.3614141414141414,TP
Punjab,Sangrur,2025-10-23,6,55.41,+2d,19.0,1,0.739154761904762,1,0.3614141414141414,TP
Punjab,Sangrur,2025-10-24,11,77.94,+2d,27.0,1,0.7184583333333333,1,0.3614141414141414,TP
Punjab,Sangrur,2025-10-25,19,200.61,+2d,21.0,1,0.9127916666666666,1,0.3614141414141414,TP
Punjab,Sangrur,2025-10-26,27,227.44,+2d,13.0,1,0.9197619047619048,1,0.3614141414141414,TP
Punjab,Sangrur,2025-10-27,21,116.16,+2d,48.0,1,0.9107083333333332,1,0.3614141414141414,TP
Punjab,Sangrur,2025-10-28,13,91.69,+2d,65.0,1,0.872375,1,0.3614141414141414,TP
Punjab,Sangrur,2025-10-29,48,383.99,+2d,127.0,1,0.9666666666666666,1,0.3614141414141414,TP
Punjab,Sangrur,2025-10-30,65,519.6,+2d,69.0,1,0.9569166666666666,1,0.3614141414141414,TP
Punjab,Sangrur,2025-10-31,127,802.9,+2d,65.0,1,0.9740000000000001,1,0.3614141414141414,TP
Punjab,Sangrur,2025-11-01,69,385.86,+2d,38.0,1,0.9847499999999999,1,0.3614141414141414,TP
Punjab,Sangrur,2025-11-02,65,496.09,+2d,62.0,1,0.9745714285714286,1,0.3614141414141414,TP
Punjab,Sangrur,2025-11-03,38,224.56,+2d,22.0,1,0.9060714285714287,1,0.3614141414141414,TP
Punjab,Sangrur,2025-11-04,62,456.91,+2d,24.0,1,0.9781666666666667,1,0.3614141414141414,TP
Punjab,Sangrur,2025-11-05,22,212.23,+2d,50.0,1,0.8076874999999998,1,0.3614141414141414,TP
Punjab,Sangrur,2025-11-06,24,185.22,+2d,41.0,1,0.8863749999999999,1,0.3614141414141414,TP
Punjab,Sangrur,2025-11-07,50,258.85,+2d,37.0,1,0.8824464285714285,1,0.3614141414141414,TP
Punjab,Sangrur,2025-11-08,41,163.3,+2d,24.0,1,0.8161666666666667,1,0.3614141414141414,TP
Punjab,Sangrur,2025-11-09,37,240.81,+2d,19.0,1,0.8634166666666667,1,0.3614141414141414,TP
Punjab,Sangrur,2025-11-10,24,156.23,+2d,3.0,1,0.9018750000000003,1,0.3614141414141414,TP
Punjab,Sangrur,2025-11-11,19,108.34,+2d,7.0,1,0.9049999999999998,1,0.3614141414141414,TP
Punjab,Sangrur,2025-11-12,3,5.16,+2d,6.0,1,0.7739166666666665,1,0.3614141414141414,TP
Punjab,Sangrur,2025-11-13,7,33.92,+2d,2.0,0,0.6960654761904762,1,0.3614141414141414,FP
Punjab,Sangrur,2025-11-14,6,51.3,+2d,0.0,0,0.6604583333333334,1,0.3614141414141414,FP
Punjab,Sangrur,2025-11-15,2,4.51,+2d,3.0,1,0.48367261904761905,1,0.3614141414141414,TP
Punjab,Sangrur,2025-11-16,0,0.0,+2d,0.0,0,0.5019642857142858,1,0.3614141414141414,FP
Punjab,Sangrur,2025-11-17,3,8.42,+2d,0.0,0,0.5553621031746031,1,0.3614141414141414,FP
Punjab,Sangrur,2025-11-18,0,0.0,+2d,1.0,0,0.4668467261904762,1,0.3614141414141414,FP
Punjab,Sangrur,2025-11-19,0,0.0,+2d,0.0,0,0.34105555555555567,0,0.3614141414141414,TN
Punjab,Sangrur,2025-11-20,1,3.44,+2d,0.0,0,0.34185714285714286,0,0.3614141414141414,TN
Punjab,Sangrur,2025-11-21,0,0.0,+2d,0.0,0,0.3224940476190477,0,0.3614141414141414,TN
Punjab,Sangrur,2025-11-22,0,0.0,+2d,0.0,0,0.2286597222222223,0,0.3614141414141414,TN
Punjab,Sangrur,2025-11-23,0,0.0,+2d,0.0,0,0.15791376678876679,0,0.3614141414141414,TN
Punjab,Shahid Bhagat Singh Nagar,2025-10-15,0,0.0,+2d,1.0,0,0.11219757326007328,0,0.3614141414141414,TN
Punjab,Shahid Bhagat Singh Nagar,2025-10-16,0,0.0,+2d,0.0,0,0.10214660992602172,0,0.3614141414141414,TN
Punjab,Shahid Bhagat Singh Nagar,2025-10-17,1,3.94,+2d,0.0,0,0.14909432234432235,0,0.3614141414141414,TN
Punjab,Shahid Bhagat Singh Nagar,2025-10-18,0,0.0,+2d,0.0,0,0.21211784008475185,0,0.3614141414141414,TN
Punjab,Shahid Bhagat Singh Nagar,2025-10-19,0,0.0,+2d,5.0,1,0.03078602402499462,0,0.3614141414141414,FN
Punjab,Shahid Bhagat Singh Nagar,2025-10-20,0,0.0,+2d,3.0,1,0.060451263605675376,0,0.3614141414141414,FN
Punjab,Shahid Bhagat Singh Nagar,2025-10-21,5,28.2,+2d,0.0,0,0.27735399159663865,0,0.3614141414141414,TN
Punjab,Shahid Bhagat Singh Nagar,2025-10-22,3,9.35,+2d,0.0,0,0.667934523809524,1,0.3614141414141414,FP
Punjab,Shahid Bhagat Singh Nagar,2025-10-23,0,0.0,+2d,0.0,0,0.3112599206349206,0,0.3614141414141414,TN
Punjab,Shahid Bhagat Singh Nagar,2025-10-24,0,0.0,+2d,1.0,0,0.4185535714285716,1,0.3614141414141414,FP
Punjab,Shahid Bhagat Singh Nagar,2025-10-25,0,0.0,+2d,3.0,1,0.1634226190476191,0,0.3614141414141414,FN
Punjab,Shahid Bhagat Singh Nagar,2025-10-26,1,1.55,+2d,0.0,0,0.46219345238095244,1,0.3614141414141414,FP
Punjab,Shahid Bhagat Singh Nagar,2025-10-27,3,11.89,+2d,1.0,0,0.2979166666666666,0,0.3614141414141414,TN
Punjab,Shahid Bhagat Singh Nagar,2025-10-28,0,0.0,+2d,0.0,0,0.4606165674603174,1,0.3614141414141414,FP
Punjab,Shahid Bhagat Singh Nagar,2025-10-29,1,7.58,+2d,1.0,0,0.4384285714285715,1,0.3614141414141414,FP
Punjab,Shahid Bhagat Singh Nagar,2025-10-30,0,0.0,+2d,6.0,1,0.2593472222222222,0,0.3614141414141414,FN
Punjab,Shahid Bhagat Singh Nagar,2025-10-31,1,2.69,+2d,9.0,1,0.22384226190476192,0,0.3614141414141414,FN
Punjab,Shahid Bhagat Singh Nagar,2025-11-01,6,25.75,+2d,3.0,1,0.6759791666666666,1,0.3614141414141414,TP
Punjab,Shahid Bhagat Singh Nagar,2025-11-02,9,46.72,+2d,3.0,1,0.8475000000000001,1,0.3614141414141414,TP
Punjab,Shahid Bhagat Singh Nagar,2025-11-03,3,7.68,+2d,1.0,0,0.5583452380952382,1,0.3614141414141414,FP
Punjab,Shahid Bhagat Singh Nagar,2025-11-04,3,13.45,+2d,4.0,1,0.7389186507936509,1,0.3614141414141414,TP
Punjab,Shahid Bhagat Singh Nagar,2025-11-05,1,0.97,+2d,3.0,1,0.5978511904761905,1,0.3614141414141414,TP
Punjab,Shahid Bhagat Singh Nagar,2025-11-06,4,11.08,+2d,4.0,1,0.5708750000000001,1,0.3614141414141414,TP
Punjab,Shahid Bhagat Singh Nagar,2025-11-07,3,11.85,+2d,0.0,0,0.48754545454545456,1,0.3614141414141414,FP
Punjab,Shahid Bhagat Singh Nagar,2025-11-08,4,15.3,+2d,0.0,0,0.44475000000000003,1,0.3614141414141414,FP
Punjab,Shahid Bhagat Singh Nagar,2025-11-09,0,0.0,+2d,1.0,0,0.18942063492063493,0,0.3614141414141414,TN
Punjab,Shahid Bhagat Singh Nagar,2025-11-10,0,0.0,+2d,3.0,1,0.3700833333333335,1,0.3614141414141414,TP
Punjab,Shahid Bhagat Singh Nagar,2025-11-11,1,3.51,+2d,3.0,1,0.38062202380952376,1,0.3614141414141414,TP
Punjab,Shahid Bhagat Singh Nagar,2025-11-12,3,10.78,+2d,0.0,0,0.2809770021645021,0,0.3614141414141414,TN
Punjab,Shahid Bhagat Singh Nagar,2025-11-13,3,15.14,+2d,2.0,0,0.44019047619047624,1,0.3614141414141414,FP
Punjab,Shahid Bhagat Singh Nagar,2025-11-14,0,0.0,+2d,2.0,0,0.23915277777777783,0,0.3614141414141414,TN
Punjab,Shahid Bhagat Singh Nagar,2025-11-15,2,5.73,+2d,0.0,0,0.38137202380952395,1,0.3614141414141414,FP
Punjab,Shahid Bhagat Singh Nagar,2025-11-16,2,5.65,+2d,0.0,0,0.43243750000000014,1,0.3614141414141414,FP
Punjab,Shahid Bhagat Singh Nagar,2025-11-17,0,0.0,+2d,3.0,1,0.14659432234432235,0,0.3614141414141414,FN
Punjab,Shahid Bhagat Singh Nagar,2025-11-18,0,0.0,+2d,0.0,0,0.15052083333333335,0,0.3614141414141414,TN
Punjab,Shahid Bhagat Singh Nagar,2025-11-19,3,9.82,+2d,0.0,0,0.2504276556776556,0,0.3614141414141414,TN
Punjab,Shahid Bhagat Singh Nagar,2025-11-20,0,0.0,+2d,0.0,0,0.21145386904761904,0,0.3614141414141414,TN
Punjab,Shahid Bhagat Singh Nagar,2025-11-21,0,0.0,+2d,0.0,0,0.0827580128205128,0,0.3614141414141414,TN
Punjab,Shahid Bhagat Singh Nagar,2025-11-22,0,0.0,+2d,0.0,0,0.07125297619047617,0,0.3614141414141414,TN
Punjab,Shahid Bhagat Singh Nagar,2025-11-23,0,0.0,+2d,0.0,0,0.042011769238513415,0,0.3614141414141414,TN
Punjab,Sri Muktsar Sahib,2025-10-15,0,0.0,+2d,0.0,0,0.2920512955182073,0,0.3614141414141414,TN
Punjab,Sri Muktsar Sahib,2025-10-16,1,5.86,+2d,2.0,0,0.1603412698412698,0,0.3614141414141414,TN
Punjab,Sri Muktsar Sahib,2025-10-17,0,0.0,+2d,2.0,0,0.4069687499999998,1,0.3614141414141414,FP
Punjab,Sri Muktsar Sahib,2025-10-18,2,8.21,+2d,0.0,0,0.1980169413919414,0,0.3614141414141414,TN
Punjab,Sri Muktsar Sahib,2025-10-19,2,8.68,+2d,4.0,1,0.46136309523809516,1,0.3614141414141414,TP
Punjab,Sri Muktsar Sahib,2025-10-20,0,0.0,+2d,10.0,1,0.35190199261522787,0,0.3614141414141414,FN
Punjab,Sri Muktsar Sahib,2025-10-21,4,17.89,+2d,1.0,0,0.5862083333333331,1,0.3614141414141414,FP
Punjab,Sri Muktsar Sahib,2025-10-22,10,37.72,+2d,2.0,0,0.7809940476190478,1,0.3614141414141414,FP
Punjab,Sri Muktsar Sahib,2025-10-23,1,3.49,+2d,2.0,0,0.5254970238095238,1,0.3614141414141414,FP
Punjab,Sri Muktsar Sahib,2025-10-24,2,16.65,+2d,13.0,1,0.7077678571428574,1,0.3614141414141414,TP
Punjab,Sri Muktsar Sahib,2025-10-25,2,7.71,+2d,0.0,0,0.640892857142857,1,0.3614141414141414,FP
Punjab,Sri Muktsar Sahib,2025-10-26,13,86.17,+2d,2.0,0,0.7709880952380953,1,0.3614141414141414,FP
Punjab,Sri Muktsar Sahib,2025-10-27,0,0.0,+2d,7.0,1,0.5652053571428571,1,0.3614141414141414,TP
Punjab,Sri Muktsar Sahib,2025-10-28,2,11.65,+2d,12.0,1,0.4862619047619049,1,0.3614141414141414,TP
Punjab,Sri Muktsar Sahib,2025-10-29,7,33.11,+2d,17.0,1,0.758327380952381,1,0.3614141414141414,TP
Punjab,Sri Muktsar Sahib,2025-10-30,12,70.77,+2d,21.0,1,0.944875,1,0.3614141414141414,TP
Punjab,Sri Muktsar Sahib,2025-10-31,17,171.26,+2d,41.0,1,0.9556249999999998,1,0.3614141414141414,TP
Punjab,Sri Muktsar Sahib,2025-11-01,21,102.23,+2d,12.0,1,0.9471249999999998,1,0.3614141414141414,TP
Punjab,Sri Muktsar Sahib,2025-11-02,41,334.81,+2d,15.0,1,0.9610416666666667,1,0.3614141414141414,TP
Punjab,Sri Muktsar Sahib,2025-11-03,12,70.67999999999999,+2d,29.0,1,0.9359047619047619,1,0.3614141414141414,TP
Punjab,Sri Muktsar Sahib,2025-11-04,15,124.78,+2d,48.0,1,0.9680297619047619,1,0.3614141414141414,TP
Punjab,Sri Muktsar Sahib,2025-11-05,29,173.99,+2d,37.0,1,0.8715624999999999,1,0.3614141414141414,TP
Punjab,Sri Muktsar Sahib,2025-11-06,48,331.47,+2d,25.0,1,0.9691250000000001,1,0.3614141414141414,TP
Punjab,Sri Muktsar Sahib,2025-11-07,37,200.69,+2d,28.0,1,0.9602380952380953,1,0.3614141414141414,TP
Punjab,Sri Muktsar Sahib,2025-11-08,25,149.07999999999998,+2d,31.0,1,0.7666904761904764,1,0.3614141414141414,TP
Punjab,Sri Muktsar Sahib,2025-11-09,28,136.62,+2d,39.0,1,0.8435000000000001,1,0.3614141414141414,TP
Punjab,Sri Muktsar Sahib,2025-11-10,31,131.89,+2d,14.0,1,0.8744880952380953,1,0.3614141414141414,TP
Punjab,Sri Muktsar Sahib,2025-11-11,39,236.67,+2d,21.0,1,0.9175000000000001,1,0.3614141414141414,TP
Punjab,Sri Muktsar Sahib,2025-11-12,14,71.45,+2d,20.0,1,0.8945833333333333,1,0.3614141414141414,TP
Punjab,Sri Muktsar Sahib,2025-11-13,21,114.28,+2d,32.0,1,0.9025595238095236,1,0.3614141414141414,TP
Punjab,Sri Muktsar Sahib,2025-11-14,20,110.72,+2d,28.0,1,0.9369166666666667,1,0.3614141414141414,TP
Punjab,Sri Muktsar Sahib,2025-11-15,32,161.38,+2d,9.0,1,0.9458333333333334,1,0.3614141414141414,TP
Punjab,Sri Muktsar Sahib,2025-11-16,28,148.9,+2d,10.0,1,0.9442916666666668,1,0.3614141414141414,TP
Punjab,Sri Muktsar Sahib,2025-11-17,9,21.88,+2d,9.0,1,0.7760833333333333,1,0.3614141414141414,TP
Punjab,Sri Muktsar Sahib,2025-11-18,10,38.26,+2d,8.0,1,0.677845238095238,1,0.3614141414141414,TP
Punjab,Sri Muktsar Sahib,2025-11-19,9,38.03,+2d,4.0,1,0.7169166666666666,1,0.3614141414141414,TP
Punjab,Sri Muktsar Sahib,2025-11-20,8,34.36,+2d,4.0,1,0.6019345238095237,1,0.3614141414141414,TP
Punjab,Sri Muktsar Sahib,2025-11-21,4,16.88,+2d,12.0,1,0.45367261904761896,1,0.3614141414141414,TP
Punjab,Sri Muktsar Sahib,2025-11-22,4,12.72,+2d,0.0,0,0.42879761904761904,1,0.3614141414141414,FP
Punjab,Sri Muktsar Sahib,2025-11-23,12,164.88,+2d,2.0,0,0.48479761904761903,1,0.3614141414141414,FP
Punjab,Tarn Taran,2025-10-15,16,63.69,+2d,21.0,1,0.5032023809523811,1,0.3614141414141414,TP
Punjab,Tarn Taran,2025-10-16,28,119.02,+2d,30.0,1,0.6546190476190477,1,0.3614141414141414,TP
Punjab,Tarn Taran,2025-10-17,21,79.39,+2d,45.0,1,0.8401369047619046,1,0.3614141414141414,TP
Punjab,Tarn Taran,2025-10-18,30,124.33,+2d,34.0,1,0.9377619047619048,1,0.3614141414141414,TP
Punjab,Tarn Taran,2025-10-19,45,228.67,+2d,36.0,1,0.9233333333333333,1,0.3614141414141414,TP
Punjab,Tarn Taran,2025-10-20,34,139.39,+2d,35.0,1,0.9369583333333334,1,0.3614141414141414,TP
Punjab,Tarn Taran,2025-10-21,36,129.44,+2d,21.0,1,0.9795833333333331,1,0.3614141414141414,TP
Punjab,Tarn Taran,2025-10-22,35,183.31,+2d,18.0,1,0.9779166666666665,1,0.3614141414141414,TP
Punjab,Tarn Taran,2025-10-23,21,99.69,+2d,45.0,1,0.9435833333333332,1,0.3614141414141414,TP
Punjab,Tarn Taran,2025-10-24,18,109.0,+2d,62.0,1,0.9099375,1,0.3614141414141414,TP
Punjab,Tarn Taran,2025-10-25,45,224.23,+2d,39.0,1,0.9575,1,0.3614141414141414,TP
Punjab,Tarn Taran,2025-10-26,62,283.48,+2d,22.0,1,0.9866666666666666,1,0.3614141414141414,TP
Punjab,Tarn Taran,2025-10-27,39,154.78,+2d,54.0,1,0.9444166666666665,1,0.3614141414141414,TP
Punjab,Tarn Taran,2025-10-28,22,130.01,+2d,48.0,1,0.9677083333333333,1,0.3614141414141414,TP
Punjab,Tarn Taran,2025-10-29,54,438.06,+2d,87.0,1,0.9384583333333333,1,0.3614141414141414,TP
Punjab,Tarn Taran,2025-10-30,48,232.45,+2d,71.0,1,0.95325,1,0.3614141414141414,TP
Punjab,Tarn Taran,2025-10-31,87,391.43,+2d,59.0,1,0.9852083333333332,1,0.3614141414141414,TP
Punjab,Tarn Taran,2025-11-01,71,330.73,+2d,33.0,1,0.9857916666666666,1,0.3614141414141414,TP
Punjab,Tarn Taran,2025-11-02,59,307.36,+2d,63.0,1,0.9708333333333333,1,0.3614141414141414,TP
Punjab,Tarn Taran,2025-11-03,33,138.16,+2d,5.0,1,0.9440416666666667,1,0.3614141414141414,TP
Punjab,Tarn Taran,2025-11-04,63,392.89,+2d,44.0,1,0.7866875,1,0.3614141414141414,TP
Punjab,Tarn Taran,2025-11-05,5,15.96,+2d,29.0,1,0.8395714285714285,1,0.3614141414141414,TP
Punjab,Tarn Taran,2025-11-06,44,172.83,+2d,31.0,1,0.8466726190476188,1,0.3614141414141414,TP
Punjab,Tarn Taran,2025-11-07,29,157.01,+2d,41.0,1,0.9495833333333334,1,0.3614141414141414,TP
Punjab,Tarn Taran,2025-11-08,31,146.95,+2d,58.0,1,0.817375,1,0.3614141414141414,TP
Punjab,Tarn Taran,2025-11-09,41,243.63,+2d,48.0,1,0.8862083333333334,1,0.3614141414141414,TP
Punjab,Tarn Taran,2025-11-10,58,351.23,+2d,18.0,1,0.9274166666666668,1,0.3614141414141414,TP
Punjab,Tarn Taran,2025-11-11,48,221.82,+2d,17.0,1,0.8994999999999997,1,0.3614141414141414,TP
Punjab,Tarn Taran,2025-11-12,18,70.46000000000001,+2d,23.0,1,0.9489375,1,0.3614141414141414,TP
Punjab,Tarn Taran,2025-11-13,17,79.45,+2d,12.0,1,0.8881666666666667,1,0.3614141414141414,TP
Punjab,Tarn Taran,2025-11-14,23,97.54,+2d,12.0,1,0.9194166666666667,1,0.3614141414141414,TP
Punjab,Tarn Taran,2025-11-15,12,45.89,+2d,5.0,1,0.8995416666666667,1,0.3614141414141414,TP
Punjab,Tarn Taran,2025-11-16,12,50.37,+2d,3.0,1,0.8369583333333334,1,0.3614141414141414,TP
Punjab,Tarn Taran,2025-11-17,5,19.08,+2d,0.0,0,0.6791527777777779,1,0.3614141414141414,FP
Punjab,Tarn Taran,2025-11-18,3,8.22,+2d,3.0,1,0.47886706349206337,1,0.3614141414141414,TP
Punjab,Tarn Taran,2025-11-19,0,0.0,+2d,4.0,1,0.4537380952380955,1,0.3614141414141414,TP
Punjab,Tarn Taran,2025-11-20,3,13.18,+2d,2.0,0,0.4906815476190477,1,0.3614141414141414,FP
Punjab,Tarn Taran,2025-11-21,4,29.09,+2d,0.0,0,0.480326754385965,1,0.3614141414141414,FP
Punjab,Tarn Taran,2025-11-22,2,6.27,+2d,0.0,0,0.44293452380952386,1,0.3614141414141414,FP
Punjab,Tarn Taran,2025-11-23,0,0.0,+2d,0.0,0,0.2647599206349206,0,0.3614141414141414,TN
