state,district,date,fire_count,frp_sum,horizon,target_fire_count,actual_elevated,rf_probability,rf_prediction,threshold,error_type
Haryana,Ambala,2025-10-15,0,0.0,+3d,0.0,0,0.0794868326118326,0,0.3465656565656566,TN
Haryana,Ambala,2025-10-16,2,3.1,+3d,1.0,0,0.13394367784992783,0,0.3465656565656566,TN
Haryana,Ambala,2025-10-17,0,0.0,+3d,3.0,1,0.062450396825396826,0,0.3465656565656566,FN
Haryana,Ambala,2025-10-18,0,0.0,+3d,2.0,0,0.12144633838383838,0,0.3465656565656566,TN
Haryana,Ambala,2025-10-19,1,7.36,+3d,1.0,0,0.3194166666666667,0,0.3465656565656566,TN
Haryana,Ambala,2025-10-20,3,8.36,+3d,0.0,0,0.2926056547619048,0,0.3465656565656566,TN
Haryana,Ambala,2025-10-21,2,5.03,+3d,0.0,0,0.4332083333333332,1,0.3465656565656566,FP
Haryana,Ambala,2025-10-22,1,3.08,+3d,1.0,0,0.27125,0,0.3465656565656566,TN
Haryana,Ambala,2025-10-23,0,0.0,+3d,4.0,1,0.14158333333333334,0,0.3465656565656566,FN
Haryana,Ambala,2025-10-24,0,0.0,+3d,2.0,0,0.15709775641025642,0,0.3465656565656566,TN
Haryana,Ambala,2025-10-25,1,2.44,+3d,0.0,0,0.31768849206349203,0,0.3465656565656566,TN
Haryana,Ambala,2025-10-26,4,14.37,+3d,2.0,0,0.4769444444444445,1,0.3465656565656566,FP
Haryana,Ambala,2025-10-27,2,3.93,+3d,0.0,0,0.4398333333333333,1,0.3465656565656566,FP
Haryana,Ambala,2025-10-28,0,0.0,+3d,3.0,1,0.14550000000000002,0,0.3465656565656566,FN
Haryana,Ambala,2025-10-29,2,5.92,+3d,0.0,0,0.3543988095238096,1,0.3465656565656566,FP
Haryana,Ambala,2025-10-30,0,0.0,+3d,4.0,1,0.1888598484848485,0,0.3465656565656566,FN
Haryana,Ambala,2025-10-31,3,11.989999999999998,+3d,0.0,0,0.6154138471177945,1,0.3465656565656566,FP
Haryana,Ambala,2025-11-01,0,0.0,+3d,0.0,0,0.3737499999999999,1,0.3465656565656566,FP
Haryana,Ambala,2025-11-02,4,11.68,+3d,0.0,0,0.5014583333333333,1,0.3465656565656566,FP
Haryana,Ambala,2025-11-03,0,0.0,+3d,0.0,0,0.4332083333333333,1,0.3465656565656566,FP
Haryana,Ambala,2025-11-04,0,0.0,+3d,1.0,0,0.12644444444444444,0,0.3465656565656566,TN
Haryana,Ambala,2025-11-05,0,0.0,+3d,1.0,0,0.36665705128205117,1,0.3465656565656566,FP
Haryana,Ambala,2025-11-06,0,0.0,+3d,0.0,0,0.06458951118326117,0,0.3465656565656566,TN
Haryana,Ambala,2025-11-07,1,1.65,+3d,0.0,0,0.2604132326007326,0,0.3465656565656566,TN
Haryana,Ambala,2025-11-08,1,2.63,+3d,0.0,0,0.07407142857142858,0,0.3465656565656566,TN
Haryana,Ambala,2025-11-09,0,0.0,+3d,0.0,0,0.08208333333333333,0,0.3465656565656566,TN
Haryana,Ambala,2025-11-10,0,0.0,+3d,2.0,0,0.03523397435897436,0,0.3465656565656566,TN
Haryana,Ambala,2025-11-11,0,0.0,+3d,0.0,0,0.03281114718614719,0,0.3465656565656566,TN
Haryana,Ambala,2025-11-12,0,0.0,+3d,0.0,0,0.039836309523809524,0,0.3465656565656566,TN
Haryana,Ambala,2025-11-13,2,8.79,+3d,0.0,0,0.11495108695652173,0,0.3465656565656566,TN
Haryana,Ambala,2025-11-14,0,0.0,+3d,0.0,0,0.10425000000000001,0,0.3465656565656566,TN
Haryana,Ambala,2025-11-15,0,0.0,+3d,0.0,0,0.05416666666666667,0,0.3465656565656566,TN
Haryana,Ambala,2025-11-16,0,0.0,+3d,0.0,0,0.06152083333333333,0,0.3465656565656566,TN
Haryana,Ambala,2025-11-17,0,0.0,+3d,0.0,0,0.00362468243111198,0,0.3465656565656566,TN
Haryana,Ambala,2025-11-18,0,0.0,+3d,0.0,0,0.12380374818418297,0,0.3465656565656566,TN
Haryana,Ambala,2025-11-19,0,0.0,+3d,0.0,0,0.0004996824311119797,0,0.3465656565656566,TN
Haryana,Ambala,2025-11-20,0,0.0,+3d,1.0,0,0.00906060606060606,0,0.3465656565656566,TN
Haryana,Ambala,2025-11-21,0,0.0,+3d,0.0,0,0.004683333333333334,0,0.3465656565656566,TN
Haryana,Ambala,2025-11-22,0,0.0,+3d,0.0,0,0.0075,0,0.3465656565656566,TN
Haryana,Ambala,2025-11-23,1,5.52,+3d,1.0,0,0.07295833333333332,0,0.3465656565656566,TN
Haryana,Bhiwani,2025-10-15,0,0.0,+3d,2.0,0,0.017838095238095236,0,0.3465656565656566,TN
Haryana,Bhiwani,2025-10-16,1,1.3,+3d,0.0,0,0.049404761904761896,0,0.3465656565656566,TN
Haryana,Bhiwani,2025-10-17,0,0.0,+3d,2.0,0,0.029182539682539685,0,0.3465656565656566,TN
Haryana,Bhiwani,2025-10-18,2,7.77,+3d,1.0,0,0.205,0,0.3465656565656566,TN
Haryana,Bhiwani,2025-10-19,0,0.0,+3d,6.0,1,0.0883137254901961,0,0.3465656565656566,FN
Haryana,Bhiwani,2025-10-20,2,8.27,+3d,0.0,0,0.25580479691876756,0,0.3465656565656566,TN
Haryana,Bhiwani,2025-10-21,1,2.59,+3d,0.0,0,0.16860470085470092,0,0.3465656565656566,TN
Haryana,Bhiwani,2025-10-22,6,11.41,+3d,0.0,0,0.26603679653679646,0,0.3465656565656566,TN
Haryana,Bhiwani,2025-10-23,0,0.0,+3d,1.0,0,0.3618690476190476,1,0.3465656565656566,FP
Haryana,Bhiwani,2025-10-24,0,0.0,+3d,0.0,0,0.17479190009337064,0,0.3465656565656566,TN
Haryana,Bhiwani,2025-10-25,0,0.0,+3d,0.0,0,0.3548095238095239,1,0.3465656565656566,FP
Haryana,Bhiwani,2025-10-26,1,2.52,+3d,0.0,0,0.06375537988581466,0,0.3465656565656566,TN
Haryana,Bhiwani,2025-10-27,0,0.0,+3d,0.0,0,0.23797916666666666,0,0.3465656565656566,TN
Haryana,Bhiwani,2025-10-28,0,0.0,+3d,0.0,0,0.03611378205128206,0,0.3465656565656566,TN
Haryana,Bhiwani,2025-10-29,0,0.0,+3d,0.0,0,0.11366666666666667,0,0.3465656565656566,TN
Haryana,Bhiwani,2025-10-30,0,0.0,+3d,0.0,0,0.04674933155080214,0,0.3465656565656566,TN
Haryana,Bhiwani,2025-10-31,0,0.0,+3d,0.0,0,0.058270404077309455,0,0.3465656565656566,TN
Haryana,Bhiwani,2025-11-01,0,0.0,+3d,0.0,0,0.08130295603089721,0,0.3465656565656566,TN
Haryana,Bhiwani,2025-11-02,0,0.0,+3d,1.0,0,0.04302786796536797,0,0.3465656565656566,TN
Haryana,Bhiwani,2025-11-03,0,0.0,+3d,2.0,0,0.10520955882352945,0,0.3465656565656566,TN
Haryana,Bhiwani,2025-11-04,0,0.0,+3d,4.0,1,0.08482327843724902,0,0.3465656565656566,FN
Haryana,Bhiwani,2025-11-05,1,12.65,+3d,0.0,0,0.16170848997493736,0,0.3465656565656566,TN
Haryana,Bhiwani,2025-11-06,2,6.279999999999999,+3d,0.0,0,0.15106101190476193,0,0.3465656565656566,TN
Haryana,Bhiwani,2025-11-07,4,11.12,+3d,0.0,0,0.27216666666666667,0,0.3465656565656566,TN
Haryana,Bhiwani,2025-11-08,0,0.0,+3d,7.0,1,0.32268749999999996,0,0.3465656565656566,FN
Haryana,Bhiwani,2025-11-09,0,0.0,+3d,0.0,0,0.15276190476190477,0,0.3465656565656566,TN
Haryana,Bhiwani,2025-11-10,0,0.0,+3d,0.0,0,0.17006799450549448,0,0.3465656565656566,TN
Haryana,Bhiwani,2025-11-11,7,24.64,+3d,0.0,0,0.3656370614035088,1,0.3465656565656566,FP
Haryana,Bhiwani,2025-11-12,0,0.0,+3d,1.0,0,0.5363095238095239,1,0.3465656565656566,FP
Haryana,Bhiwani,2025-11-13,0,0.0,+3d,3.0,1,0.18529166666666672,0,0.3465656565656566,FN
Haryana,Bhiwani,2025-11-14,0,0.0,+3d,3.0,1,0.35653571428571434,1,0.3465656565656566,TP
Haryana,Bhiwani,2025-11-15,1,2.09,+3d,0.0,0,0.0745625,0,0.3465656565656566,TN
Haryana,Bhiwani,2025-11-16,3,11.48,+3d,0.0,0,0.41853571428571423,1,0.3465656565656566,FP
Haryana,Bhiwani,2025-11-17,3,19.94,+3d,0.0,0,0.20591483918128664,0,0.3465656565656566,TN
Haryana,Bhiwani,2025-11-18,0,0.0,+3d,0.0,0,0.34550595238095233,0,0.3465656565656566,TN
Haryana,Bhiwani,2025-11-19,0,0.0,+3d,3.0,1,0.14246428571428577,0,0.3465656565656566,FN
Haryana,Bhiwani,2025-11-20,0,0.0,+3d,1.0,0,0.11408928571428575,0,0.3465656565656566,TN
Haryana,Bhiwani,2025-11-21,0,0.0,+3d,0.0,0,0.1528302045177046,0,0.3465656565656566,TN
Haryana,Bhiwani,2025-11-22,3,16.310000000000002,+3d,0.0,0,0.24292063492063495,0,0.3465656565656566,TN
Haryana,Bhiwani,2025-11-23,1,2.64,+3d,0.0,0,0.20854166666666674,0,0.3465656565656566,TN
Haryana,Charkhi Dadri,2025-10-15,0,0.0,+3d,0.0,0,0.03876521033314511,0,0.3465656565656566,TN
Haryana,Charkhi Dadri,2025-10-16,0,0.0,+3d,0.0,0,0.004594047619047619,0,0.3465656565656566,TN
Haryana,Charkhi Dadri,2025-10-17,0,0.0,+3d,0.0,0,0.047105158730158726,0,0.3465656565656566,TN
Haryana,Charkhi Dadri,2025-10-18,0,0.0,+3d,0.0,0,0.0038440476190476193,0,0.3465656565656566,TN
Haryana,Charkhi Dadri,2025-10-19,0,0.0,+3d,0.0,0,0.007833333333333333,0,0.3465656565656566,TN
Haryana,Charkhi Dadri,2025-10-20,0,0.0,+3d,0.0,0,0.012099439775910364,0,0.3465656565656566,TN
Haryana,Charkhi Dadri,2025-10-21,0,0.0,+3d,0.0,0,0.018061507936507935,0,0.3465656565656566,TN
Haryana,Charkhi Dadri,2025-10-22,0,0.0,+3d,0.0,0,0.029718224789915957,0,0.3465656565656566,TN
Haryana,Charkhi Dadri,2025-10-23,0,0.0,+3d,0.0,0,0.011855952380952382,0,0.3465656565656566,TN
Haryana,Charkhi Dadri,2025-10-24,0,0.0,+3d,0.0,0,0.024647619047619047,0,0.3465656565656566,TN
Haryana,Charkhi Dadri,2025-10-25,0,0.0,+3d,0.0,0,0.0005753968253968254,0,0.3465656565656566,TN
Haryana,Charkhi Dadri,2025-10-26,0,0.0,+3d,0.0,0,0.010700396825396825,0,0.3465656565656566,TN
Haryana,Charkhi Dadri,2025-10-27,0,0.0,+3d,0.0,0,0.023243742368742368,0,0.3465656565656566,TN
Haryana,Charkhi Dadri,2025-10-28,0,0.0,+3d,0.0,0,0.01971596459096459,0,0.3465656565656566,TN
Haryana,Charkhi Dadri,2025-10-29,0,0.0,+3d,1.0,0,0.033774297924297925,0,0.3465656565656566,TN
Haryana,Charkhi Dadri,2025-10-30,0,0.0,+3d,0.0,0,0.00964484126984127,0,0.3465656565656566,TN
Haryana,Charkhi Dadri,2025-10-31,0,0.0,+3d,0.0,0,0.01736706349206349,0,0.3465656565656566,TN
Haryana,Charkhi Dadri,2025-11-01,1,2.49,+3d,0.0,0,0.012164682539682538,0,0.3465656565656566,TN
Haryana,Charkhi Dadri,2025-11-02,0,0.0,+3d,0.0,0,0.054845967553688146,0,0.3465656565656566,TN
Haryana,Charkhi Dadri,2025-11-03,0,0.0,+3d,0.0,0,0.04795225362872421,0,0.3465656565656566,TN
Haryana,Charkhi Dadri,2025-11-04,0,0.0,+3d,0.0,0,0.03107738095238095,0,0.3465656565656566,TN
Haryana,Charkhi Dadri,2025-11-05,0,0.0,+3d,0.0,0,0.03399278499278499,0,0.3465656565656566,TN
Haryana,Charkhi Dadri,2025-11-06,0,0.0,+3d,0.0,0,0.09337788238331714,0,0.3465656565656566,TN
Haryana,Charkhi Dadri,2025-11-07,0,0.0,+3d,0.0,0,0.05454635642135643,0,0.3465656565656566,TN
Haryana,Charkhi Dadri,2025-11-08,0,0.0,+3d,0.0,0,0.04064441808191808,0,0.3465656565656566,TN
Haryana,Charkhi Dadri,2025-11-09,0,0.0,+3d,0.0,0,0.04783281995781996,0,0.3465656565656566,TN
Haryana,Charkhi Dadri,2025-11-10,0,0.0,+3d,0.0,0,0.07685365329115328,0,0.3465656565656566,TN
Haryana,Charkhi Dadri,2025-11-11,0,0.0,+3d,2.0,0,0.045658369408369426,0,0.3465656565656566,TN
Haryana,Charkhi Dadri,2025-11-12,0,0.0,+3d,0.0,0,0.055291153291153305,0,0.3465656565656566,TN
Haryana,Charkhi Dadri,2025-11-13,0,0.0,+3d,1.0,0,0.042973845598845595,0,0.3465656565656566,TN
Haryana,Charkhi Dadri,2025-11-14,2,11.48,+3d,0.0,0,0.09453075396825396,0,0.3465656565656566,TN
Haryana,Charkhi Dadri,2025-11-15,0,0.0,+3d,0.0,0,0.12244230769230766,0,0.3465656565656566,TN
Haryana,Charkhi Dadri,2025-11-16,1,2.21,+3d,0.0,0,0.17243750000000002,0,0.3465656565656566,TN
Haryana,Charkhi Dadri,2025-11-17,0,0.0,+3d,0.0,0,0.0850907738095238,0,0.3465656565656566,TN
Haryana,Charkhi Dadri,2025-11-18,0,0.0,+3d,0.0,0,0.03568301837051837,0,0.3465656565656566,TN
Haryana,Charkhi Dadri,2025-11-19,0,0.0,+3d,0.0,0,0.14193887362637367,0,0.3465656565656566,TN
Haryana,Charkhi Dadri,2025-11-20,0,0.0,+3d,0.0,0,0.011831031637461185,0,0.3465656565656566,TN
Haryana,Charkhi Dadri,2025-11-21,0,0.0,+3d,0.0,0,0.041269230769230766,0,0.3465656565656566,TN
Haryana,Charkhi Dadri,2025-11-22,0,0.0,+3d,0.0,0,0.05148794212893049,0,0.3465656565656566,TN
Haryana,Charkhi Dadri,2025-11-23,0,0.0,+3d,0.0,0,0.04338341519591518,0,0.3465656565656566,TN
Haryana,Faridabad,2025-10-15,3,2.53,+3d,1.0,0,0.14517651098901094,0,0.3465656565656566,TN
Haryana,Faridabad,2025-10-16,0,0.0,+3d,0.0,0,0.07496428571428572,0,0.3465656565656566,TN
Haryana,Faridabad,2025-10-17,2,3.04,+3d,1.0,0,0.12736184648684648,0,0.3465656565656566,TN
Haryana,Faridabad,2025-10-18,1,0.31,+3d,0.0,0,0.20044642857142855,0,0.3465656565656566,TN
Haryana,Faridabad,2025-10-19,0,0.0,+3d,1.0,0,0.07871428571428572,0,0.3465656565656566,TN
Haryana,Faridabad,2025-10-20,1,0.53,+3d,0.0,0,0.16688636363636364,0,0.3465656565656566,TN
Haryana,Faridabad,2025-10-21,0,0.0,+3d,0.0,0,0.09231349206349204,0,0.3465656565656566,TN
Haryana,Faridabad,2025-10-22,1,0.74,+3d,0.0,0,0.18936432072829135,0,0.3465656565656566,TN
Haryana,Faridabad,2025-10-23,0,0.0,+3d,4.0,1,0.041982142857142864,0,0.3465656565656566,FN
Haryana,Faridabad,2025-10-24,0,0.0,+3d,0.0,0,0.03733333333333333,0,0.3465656565656566,TN
Haryana,Faridabad,2025-10-25,0,0.0,+3d,0.0,0,0.0740096153846154,0,0.3465656565656566,TN
Haryana,Faridabad,2025-10-26,4,4.0600000000000005,+3d,0.0,0,0.08944642857142858,0,0.3465656565656566,TN
Haryana,Faridabad,2025-10-27,0,0.0,+3d,0.0,0,0.1195833333333333,0,0.3465656565656566,TN
Haryana,Faridabad,2025-10-28,0,0.0,+3d,1.0,0,0.07189583333333333,0,0.3465656565656566,TN
Haryana,Faridabad,2025-10-29,0,0.0,+3d,5.0,1,0.13379554473304472,0,0.3465656565656566,FN
Haryana,Faridabad,2025-10-30,0,0.0,+3d,2.0,0,0.043944932844932845,0,0.3465656565656566,TN
Haryana,Faridabad,2025-10-31,1,0.79,+3d,3.0,1,0.1954335317460317,0,0.3465656565656566,FN
Haryana,Faridabad,2025-11-01,5,3.69,+3d,0.0,0,0.08352777777777778,0,0.3465656565656566,TN
Haryana,Faridabad,2025-11-02,2,1.52,+3d,8.0,1,0.23419047619047617,0,0.3465656565656566,FN
Haryana,Faridabad,2025-11-03,3,1.28,+3d,2.0,0,0.19194642857142852,0,0.3465656565656566,TN
Haryana,Faridabad,2025-11-04,0,0.0,+3d,3.0,1,0.1615833333333333,0,0.3465656565656566,FN
Haryana,Faridabad,2025-11-05,8,4.37,+3d,4.0,1,0.09083333333333334,0,0.3465656565656566,FN
Haryana,Faridabad,2025-11-06,2,0.7,+3d,4.0,1,0.25385416666666666,0,0.3465656565656566,FN
Haryana,Faridabad,2025-11-07,3,6.02,+3d,1.0,0,0.2107708333333333,0,0.3465656565656566,TN
Haryana,Faridabad,2025-11-08,4,2.47,+3d,1.0,0,0.24464583333333334,0,0.3465656565656566,TN
Haryana,Faridabad,2025-11-09,4,1.91,+3d,6.0,1,0.19316666666666665,0,0.3465656565656566,FN
Haryana,Faridabad,2025-11-10,1,0.54,+3d,5.0,1,0.27486263736263733,0,0.3465656565656566,FN
Haryana,Faridabad,2025-11-11,1,1.92,+3d,1.0,0,0.18849999999999997,0,0.3465656565656566,TN
Haryana,Faridabad,2025-11-12,6,5.140000000000001,+3d,5.0,1,0.258014880952381,0,0.3465656565656566,FN
Haryana,Faridabad,2025-11-13,5,4.54,+3d,2.0,0,0.19849404761904765,0,0.3465656565656566,TN
Haryana,Faridabad,2025-11-14,1,0.65,+3d,6.0,1,0.27140476190476187,0,0.3465656565656566,FN
Haryana,Faridabad,2025-11-15,5,5.64,+3d,3.0,1,0.2950535714285715,0,0.3465656565656566,FN
Haryana,Faridabad,2025-11-16,2,0.6799999999999999,+3d,0.0,0,0.21291071428571431,0,0.3465656565656566,TN
Haryana,Faridabad,2025-11-17,6,5.33,+3d,7.0,1,0.23079166666666673,0,0.3465656565656566,FN
Haryana,Faridabad,2025-11-18,3,1.33,+3d,0.0,0,0.24449404761904764,0,0.3465656565656566,TN
Haryana,Faridabad,2025-11-19,0,0.0,+3d,7.0,1,0.2781755952380954,0,0.3465656565656566,FN
Haryana,Faridabad,2025-11-20,7,18.13,+3d,3.0,1,0.44103289473684204,1,0.3465656565656566,TP
Haryana,Faridabad,2025-11-21,0,0.0,+3d,0.0,0,0.3247440476190478,0,0.3465656565656566,TN
Haryana,Faridabad,2025-11-22,7,3.93,+3d,9.0,1,0.2879315476190476,0,0.3465656565656566,FN
Haryana,Faridabad,2025-11-23,3,1.81,+3d,1.0,0,0.26926190476190476,0,0.3465656565656566,TN
Haryana,Fatehabad,2025-10-15,1,2.28,+3d,2.0,0,0.10760119047619046,0,0.3465656565656566,TN
Haryana,Fatehabad,2025-10-16,0,0.0,+3d,4.0,1,0.11007066993464053,0,0.3465656565656566,FN
Haryana,Fatehabad,2025-10-17,0,0.0,+3d,10.0,1,0.07144642857142856,0,0.3465656565656566,FN
Haryana,Fatehabad,2025-10-18,2,11.56,+3d,0.0,0,0.2837916666666667,0,0.3465656565656566,TN
Haryana,Fatehabad,2025-10-19,4,16.08,+3d,0.0,0,0.40031249999999985,1,0.3465656565656566,FP
Haryana,Fatehabad,2025-10-20,10,49.02,+3d,0.0,0,0.6763571428571429,1,0.3465656565656566,FP
Haryana,Fatehabad,2025-10-21,0,0.0,+3d,0.0,0,0.6591071428571429,1,0.3465656565656566,FP
Haryana,Fatehabad,2025-10-22,0,0.0,+3d,4.0,1,0.595779761904762,1,0.3465656565656566,TP
Haryana,Fatehabad,2025-10-23,0,0.0,+3d,6.0,1,0.6194583333333331,1,0.3465656565656566,TP
Haryana,Fatehabad,2025-10-24,0,0.0,+3d,3.0,1,0.22596604539251597,0,0.3465656565656566,FN
Haryana,Fatehabad,2025-10-25,4,21.46,+3d,1.0,0,0.5358105158730159,1,0.3465656565656566,FP
Haryana,Fatehabad,2025-10-26,6,43.48,+3d,1.0,0,0.643217261904762,1,0.3465656565656566,FP
Haryana,Fatehabad,2025-10-27,3,6.8100000000000005,+3d,5.0,1,0.7255615079365079,1,0.3465656565656566,TP
Haryana,Fatehabad,2025-10-28,1,1.11,+3d,4.0,1,0.6755218253968255,1,0.3465656565656566,TP
Haryana,Fatehabad,2025-10-29,1,1.54,+3d,11.0,1,0.5039642857142858,1,0.3465656565656566,TP
Haryana,Fatehabad,2025-10-30,5,25.38,+3d,8.0,1,0.633375,1,0.3465656565656566,TP
Haryana,Fatehabad,2025-10-31,4,15.740000000000002,+3d,4.0,1,0.5701995614035089,1,0.3465656565656566,TP
Haryana,Fatehabad,2025-11-01,11,42.61,+3d,8.0,1,0.7314166666666669,1,0.3465656565656566,TP
Haryana,Fatehabad,2025-11-02,8,37.09,+3d,0.0,0,0.6554761904761905,1,0.3465656565656566,FP
Haryana,Fatehabad,2025-11-03,4,14.37,+3d,7.0,1,0.5755595238095238,1,0.3465656565656566,TP
Haryana,Fatehabad,2025-11-04,8,89.26,+3d,15.0,1,0.6369136904761903,1,0.3465656565656566,TP
Haryana,Fatehabad,2025-11-05,0,0.0,+3d,10.0,1,0.6515833333333333,1,0.3465656565656566,TP
Haryana,Fatehabad,2025-11-06,7,22.13,+3d,13.0,1,0.5574583333333333,1,0.3465656565656566,TP
Haryana,Fatehabad,2025-11-07,15,49.98,+3d,14.0,1,0.5829791666666666,1,0.3465656565656566,TP
Haryana,Fatehabad,2025-11-08,10,51.46,+3d,15.0,1,0.8147202380952379,1,0.3465656565656566,TP
Haryana,Fatehabad,2025-11-09,13,77.01,+3d,3.0,1,0.9249464285714286,1,0.3465656565656566,TP
Haryana,Fatehabad,2025-11-10,14,68.96000000000001,+3d,4.0,1,0.8537380952380954,1,0.3465656565656566,TP
Haryana,Fatehabad,2025-11-11,15,85.03999999999999,+3d,1.0,0,0.8850267857142861,1,0.3465656565656566,FP
Haryana,Fatehabad,2025-11-12,3,10.77,+3d,8.0,1,0.7188422619047619,1,0.3465656565656566,TP
Haryana,Fatehabad,2025-11-13,4,12.82,+3d,5.0,1,0.5687291666666667,1,0.3465656565656566,TP
Haryana,Fatehabad,2025-11-14,1,1.65,+3d,3.0,1,0.5128333333333335,1,0.3465656565656566,TP
Haryana,Fatehabad,2025-11-15,8,22.52,+3d,2.0,0,0.6060416666666668,1,0.3465656565656566,FP
Haryana,Fatehabad,2025-11-16,5,12.47,+3d,1.0,0,0.48595833333333344,1,0.3465656565656566,FP
Haryana,Fatehabad,2025-11-17,3,8.370000000000001,+3d,0.0,0,0.35713095238095244,1,0.3465656565656566,FP
Haryana,Fatehabad,2025-11-18,2,9.18,+3d,0.0,0,0.2822678571428572,0,0.3465656565656566,TN
Haryana,Fatehabad,2025-11-19,1,4.06,+3d,2.0,0,0.3680892857142857,1,0.3465656565656566,FP
Haryana,Fatehabad,2025-11-20,0,0.0,+3d,1.0,0,0.23932738095238093,0,0.3465656565656566,TN
Haryana,Fatehabad,2025-11-21,0,0.0,+3d,2.0,0,0.23183928571428578,0,0.3465656565656566,TN
Haryana,Fatehabad,2025-11-22,2,4.6,+3d,0.0,0,0.21917694805194807,0,0.3465656565656566,TN
Haryana,Fatehabad,2025-11-23,1,1.94,+3d,2.0,0,0.18573647186147188,0,0.3465656565656566,TN
Haryana,Gurugram,2025-10-15,0,0.0,+3d,0.0,0,0.04683333333333334,0,0.3465656565656566,TN
Haryana,Gurugram,2025-10-16,0,0.0,+3d,0.0,0,0.019362012987012987,0,0.3465656565656566,TN
Haryana,Gurugram,2025-10-17,0,0.0,+3d,1.0,0,0.03381815044858523,0,0.3465656565656566,TN
Haryana,Gurugram,2025-10-18,0,0.0,+3d,0.0,0,0.005838095238095238,0,0.3465656565656566,TN
Haryana,Gurugram,2025-10-19,0,0.0,+3d,0.0,0,0.025717261904761902,0,0.3465656565656566,TN
Haryana,Gurugram,2025-10-20,1,1.22,+3d,0.0,0,0.07340476190476192,0,0.3465656565656566,TN
Haryana,Gurugram,2025-10-21,0,0.0,+3d,0.0,0,0.02797420634920635,0,0.3465656565656566,TN
Haryana,Gurugram,2025-10-22,0,0.0,+3d,0.0,0,0.09336793618962735,0,0.3465656565656566,TN
Haryana,Gurugram,2025-10-23,0,0.0,+3d,0.0,0,0.008482142857142856,0,0.3465656565656566,TN
Haryana,Gurugram,2025-10-24,0,0.0,+3d,0.0,0,0.00185,0,0.3465656565656566,TN
Haryana,Gurugram,2025-10-25,0,0.0,+3d,0.0,0,0.015534420289855072,0,0.3465656565656566,TN
Haryana,Gurugram,2025-10-26,0,0.0,+3d,0.0,0,0.008611111111111111,0,0.3465656565656566,TN
Haryana,Gurugram,2025-10-27,0,0.0,+3d,0.0,0,0.017415369352869352,0,0.3465656565656566,TN
Haryana,Gurugram,2025-10-28,0,0.0,+3d,0.0,0,0.02802380952380952,0,0.3465656565656566,TN
Haryana,Gurugram,2025-10-29,0,0.0,+3d,0.0,0,0.022508424908424907,0,0.3465656565656566,TN
Haryana,Gurugram,2025-10-30,0,0.0,+3d,1.0,0,0.041993055555555554,0,0.3465656565656566,TN
Haryana,Gurugram,2025-10-31,0,0.0,+3d,0.0,0,0.020791666666666667,0,0.3465656565656566,TN
Haryana,Gurugram,2025-11-01,0,0.0,+3d,1.0,0,0.006143939393939393,0,0.3465656565656566,TN
Haryana,Gurugram,2025-11-02,1,3.29,+3d,0.0,0,0.03697429653679654,0,0.3465656565656566,TN
Haryana,Gurugram,2025-11-03,0,0.0,+3d,0.0,0,0.05143614718614719,0,0.3465656565656566,TN
Haryana,Gurugram,2025-11-04,1,5.38,+3d,0.0,0,0.11866666666666666,0,0.3465656565656566,TN
Haryana,Gurugram,2025-11-05,0,0.0,+3d,0.0,0,0.07169791666666668,0,0.3465656565656566,TN
Haryana,Gurugram,2025-11-06,0,0.0,+3d,0.0,0,0.04203273809523809,0,0.3465656565656566,TN
Haryana,Gurugram,2025-11-07,0,0.0,+3d,0.0,0,0.09172474385517862,0,0.3465656565656566,TN
Haryana,Gurugram,2025-11-08,0,0.0,+3d,0.0,0,0.02868362193362193,0,0.3465656565656566,TN
Haryana,Gurugram,2025-11-09,0,0.0,+3d,0.0,0,0.08503442028985506,0,0.3465656565656566,TN
Haryana,Gurugram,2025-11-10,0,0.0,+3d,0.0,0,0.046248494560994564,0,0.3465656565656566,TN
Haryana,Gurugram,2025-11-11,0,0.0,+3d,0.0,0,0.018775641025641027,0,0.3465656565656566,TN
Haryana,Gurugram,2025-11-12,0,0.0,+3d,0.0,0,0.028652777777777777,0,0.3465656565656566,TN
Haryana,Gurugram,2025-11-13,0,0.0,+3d,0.0,0,0.024486111111111108,0,0.3465656565656566,TN
Haryana,Gurugram,2025-11-14,0,0.0,+3d,1.0,0,0.00875,0,0.3465656565656566,TN
Haryana,Gurugram,2025-11-15,0,0.0,+3d,0.0,0,0.01911111111111111,0,0.3465656565656566,TN
Haryana,Gurugram,2025-11-16,0,0.0,+3d,0.0,0,0.03560181485181485,0,0.3465656565656566,TN
Haryana,Gurugram,2025-11-17,1,0.35,+3d,0.0,0,0.062191675895164264,0,0.3465656565656566,TN
Haryana,Gurugram,2025-11-18,0,0.0,+3d,1.0,0,0.028831196581196577,0,0.3465656565656566,TN
Haryana,Gurugram,2025-11-19,0,0.0,+3d,0.0,0,0.004375,0,0.3465656565656566,TN
Haryana,Gurugram,2025-11-20,0,0.0,+3d,0.0,0,0.02736258186258186,0,0.3465656565656566,TN
Haryana,Gurugram,2025-11-21,1,2.73,+3d,0.0,0,0.02690794573643411,0,0.3465656565656566,TN
Haryana,Gurugram,2025-11-22,0,0.0,+3d,0.0,0,0.016149003623188406,0,0.3465656565656566,TN
Haryana,Gurugram,2025-11-23,0,0.0,+3d,0.0,0,0.030133928571428575,0,0.3465656565656566,TN
Haryana,Hisar,2025-10-15,3,4.12,+3d,2.0,0,0.26730952380952394,0,0.3465656565656566,TN
Haryana,Hisar,2025-10-16,3,8.1,+3d,10.0,1,0.24549999999999997,0,0.3465656565656566,FN
Haryana,Hisar,2025-10-17,1,1.87,+3d,13.0,1,0.3918749999999999,1,0.3465656565656566,TP
Haryana,Hisar,2025-10-18,2,13.93,+3d,5.0,1,0.43311706349206347,1,0.3465656565656566,TP
Haryana,Hisar,2025-10-19,10,32.46,+3d,1.0,0,0.5940416666666668,1,0.3465656565656566,FP
Haryana,Hisar,2025-10-20,13,45.58,+3d,0.0,0,0.7293392857142859,1,0.3465656565656566,FP
Haryana,Hisar,2025-10-21,5,14.52,+3d,2.0,0,0.7248869047619049,1,0.3465656565656566,FP
Haryana,Hisar,2025-10-22,1,1.65,+3d,2.0,0,0.5635,1,0.3465656565656566,FP
Haryana,Hisar,2025-10-23,0,0.0,+3d,15.0,1,0.6560119047619049,1,0.3465656565656566,TP
Haryana,Hisar,2025-10-24,2,9.28,+3d,6.0,1,0.441125,1,0.3465656565656566,TP
Haryana,Hisar,2025-10-25,2,2.14,+3d,0.0,0,0.47467559523809544,1,0.3465656565656566,FP
Haryana,Hisar,2025-10-26,15,30.63,+3d,1.0,0,0.5569940476190477,1,0.3465656565656566,FP
Haryana,Hisar,2025-10-27,6,30.36,+3d,3.0,1,0.6358333333333334,1,0.3465656565656566,TP
Haryana,Hisar,2025-10-28,0,0.0,+3d,5.0,1,0.6160982142857144,1,0.3465656565656566,TP
Haryana,Hisar,2025-10-29,1,2.46,+3d,11.0,1,0.6779146825396825,1,0.3465656565656566,TP
Haryana,Hisar,2025-10-30,3,17.19,+3d,6.0,1,0.5157590852130326,1,0.3465656565656566,TP
Haryana,Hisar,2025-10-31,5,12.87,+3d,5.0,1,0.4681578947368422,1,0.3465656565656566,TP
Haryana,Hisar,2025-11-01,11,27.73,+3d,4.0,1,0.48670833333333346,1,0.3465656565656566,TP
Haryana,Hisar,2025-11-02,6,24.24,+3d,5.0,1,0.4964999999999998,1,0.3465656565656566,TP
Haryana,Hisar,2025-11-03,5,19.47,+3d,15.0,1,0.4762083333333333,1,0.3465656565656566,TP
Haryana,Hisar,2025-11-04,4,13.71,+3d,13.0,1,0.42747916666666674,1,0.3465656565656566,TP
Haryana,Hisar,2025-11-05,5,25.56,+3d,16.0,1,0.4780805137844613,1,0.3465656565656566,TP
Haryana,Hisar,2025-11-06,15,31.7,+3d,16.0,1,0.5192261904761905,1,0.3465656565656566,TP
Haryana,Hisar,2025-11-07,13,41.03,+3d,12.0,1,0.6280208333333334,1,0.3465656565656566,TP
Haryana,Hisar,2025-11-08,16,69.92,+3d,21.0,1,0.7843750000000002,1,0.3465656565656566,TP
Haryana,Hisar,2025-11-09,16,83.35,+3d,4.0,1,0.8872559523809526,1,0.3465656565656566,TP
Haryana,Hisar,2025-11-10,12,48.03,+3d,6.0,1,0.810625,1,0.3465656565656566,TP
Haryana,Hisar,2025-11-11,21,87.96,+3d,8.0,1,0.9114136904761908,1,0.3465656565656566,TP
Haryana,Hisar,2025-11-12,4,13.57,+3d,10.0,1,0.6722291666666668,1,0.3465656565656566,TP
Haryana,Hisar,2025-11-13,6,31.13,+3d,11.0,1,0.6386279761904763,1,0.3465656565656566,TP
Haryana,Hisar,2025-11-14,8,23.57,+3d,7.0,1,0.5317321428571429,1,0.3465656565656566,TP
Haryana,Hisar,2025-11-15,10,26.08,+3d,5.0,1,0.5312916666666667,1,0.3465656565656566,TP
Haryana,Hisar,2025-11-16,11,41.57,+3d,0.0,0,0.6523333333333334,1,0.3465656565656566,FP
Haryana,Hisar,2025-11-17,7,20.77,+3d,6.0,1,0.451172619047619,1,0.3465656565656566,TP
Haryana,Hisar,2025-11-18,5,13.92,+3d,6.0,1,0.341875,0,0.3465656565656566,FN
Haryana,Hisar,2025-11-19,0,0.0,+3d,4.0,1,0.3038749999999999,0,0.3465656565656566,FN
Haryana,Hisar,2025-11-20,6,27.23,+3d,2.0,0,0.40802380952380946,1,0.3465656565656566,FP
Haryana,Hisar,2025-11-21,6,11.72,+3d,1.0,0,0.3438869047619047,0,0.3465656565656566,TN
Haryana,Hisar,2025-11-22,4,10.48,+3d,5.0,1,0.32456385281385297,0,0.3465656565656566,FN
Haryana,Hisar,2025-11-23,2,8.99,+3d,2.0,0,0.15649242424242424,0,0.3465656565656566,TN
Haryana,Jhajjar,2025-10-15,2,6.04,+3d,0.0,0,0.22420833333333337,0,0.3465656565656566,TN
Haryana,Jhajjar,2025-10-16,2,3.12,+3d,0.0,0,0.2641339285714286,0,0.3465656565656566,TN
Haryana,Jhajjar,2025-10-17,1,0.82,+3d,0.0,0,0.18151984126984128,0,0.3465656565656566,TN
Haryana,Jhajjar,2025-10-18,0,0.0,+3d,0.0,0,0.24689583333333334,0,0.3465656565656566,TN
Haryana,Jhajjar,2025-10-19,0,0.0,+3d,3.0,1,0.1130652958152958,0,0.3465656565656566,FN
Haryana,Jhajjar,2025-10-20,0,0.0,+3d,1.0,0,0.10221212121212118,0,0.3465656565656566,TN
Haryana,Jhajjar,2025-10-21,0,0.0,+3d,1.0,0,0.054746031746031744,0,0.3465656565656566,TN
Haryana,Jhajjar,2025-10-22,3,6.94,+3d,2.0,0,0.14201388888888888,0,0.3465656565656566,TN
Haryana,Jhajjar,2025-10-23,1,1.15,+3d,2.0,0,0.1424375,0,0.3465656565656566,TN
Haryana,Jhajjar,2025-10-24,1,1.13,+3d,0.0,0,0.08392628205128207,0,0.3465656565656566,TN
Haryana,Jhajjar,2025-10-25,2,4.25,+3d,0.0,0,0.14658333333333334,0,0.3465656565656566,TN
Haryana,Jhajjar,2025-10-26,2,1.12,+3d,0.0,0,0.10749206349206344,0,0.3465656565656566,TN
Haryana,Jhajjar,2025-10-27,0,0.0,+3d,1.0,0,0.15610317460317458,0,0.3465656565656566,TN
Haryana,Jhajjar,2025-10-28,0,0.0,+3d,1.0,0,0.06868650793650795,0,0.3465656565656566,TN
Haryana,Jhajjar,2025-10-29,0,0.0,+3d,1.0,0,0.1392103174603175,0,0.3465656565656566,TN
Haryana,Jhajjar,2025-10-30,1,0.91,+3d,0.0,0,0.13175,0,0.3465656565656566,TN
Haryana,Jhajjar,2025-10-31,1,0.57,+3d,3.0,1,0.06949999999999999,0,0.3465656565656566,FN
Haryana,Jhajjar,2025-11-01,1,0.77,+3d,4.0,1,0.06751190476190476,0,0.3465656565656566,FN
Haryana,Jhajjar,2025-11-02,0,0.0,+3d,3.0,1,0.07074999999999998,0,0.3465656565656566,FN
Haryana,Jhajjar,2025-11-03,3,8.49,+3d,2.0,0,0.11059523809523807,0,0.3465656565656566,TN
Haryana,Jhajjar,2025-11-04,4,2.5,+3d,6.0,1,0.17761111111111105,0,0.3465656565656566,FN
Haryana,Jhajjar,2025-11-05,3,6.62,+3d,5.0,1,0.21565476190476196,0,0.3465656565656566,FN
Haryana,Jhajjar,2025-11-06,2,1.1,+3d,4.0,1,0.30937499999999996,0,0.3465656565656566,FN
Haryana,Jhajjar,2025-11-07,6,8.28,+3d,2.0,0,0.2465119047619047,0,0.3465656565656566,TN
Haryana,Jhajjar,2025-11-08,5,6.8,+3d,1.0,0,0.2914166666666666,0,0.3465656565656566,TN
Haryana,Jhajjar,2025-11-09,4,7.279999999999999,+3d,2.0,0,0.3343055555555556,0,0.3465656565656566,TN
Haryana,Jhajjar,2025-11-10,2,1.23,+3d,3.0,1,0.29154166666666664,0,0.3465656565656566,FN
Haryana,Jhajjar,2025-11-11,1,3.82,+3d,1.0,0,0.3061666666666667,0,0.3465656565656566,TN
Haryana,Jhajjar,2025-11-12,2,3.26,+3d,1.0,0,0.2918333333333333,0,0.3465656565656566,TN
Haryana,Jhajjar,2025-11-13,3,6.0600000000000005,+3d,5.0,1,0.23795238095238083,0,0.3465656565656566,FN
Haryana,Jhajjar,2025-11-14,1,0.54,+3d,7.0,1,0.3267976190476191,0,0.3465656565656566,FN
Haryana,Jhajjar,2025-11-15,1,4.74,+3d,6.0,1,0.29497619047619045,0,0.3465656565656566,FN
Haryana,Jhajjar,2025-11-16,5,13.74,+3d,4.0,1,0.4671162280701755,1,0.3465656565656566,TP
Haryana,Jhajjar,2025-11-17,7,15.0,+3d,0.0,0,0.32919956140350876,0,0.3465656565656566,TN
Haryana,Jhajjar,2025-11-18,6,14.7,+3d,3.0,1,0.28346741854636587,0,0.3465656565656566,FN
Haryana,Jhajjar,2025-11-19,4,8.95,+3d,2.0,0,0.3380416666666666,0,0.3465656565656566,TN
Haryana,Jhajjar,2025-11-20,0,0.0,+3d,6.0,1,0.3155297619047619,0,0.3465656565656566,FN
Haryana,Jhajjar,2025-11-21,3,8.0,+3d,2.0,0,0.38904761904761903,1,0.3465656565656566,FP
Haryana,Jhajjar,2025-11-22,2,1.39,+3d,2.0,0,0.24826190476190477,0,0.3465656565656566,TN
Haryana,Jhajjar,2025-11-23,6,11.22,+3d,4.0,1,0.2578452380952381,0,0.3465656565656566,FN
Haryana,Jind,2025-10-15,5,15.27,+3d,0.0,0,0.382190476190476,1,0.3465656565656566,FP
Haryana,Jind,2025-10-16,0,0.0,+3d,4.0,1,0.3963988095238094,1,0.3465656565656566,TP
Haryana,Jind,2025-10-17,0,0.0,+3d,13.0,1,0.6249464285714285,1,0.3465656565656566,TP
Haryana,Jind,2025-10-18,0,0.0,+3d,5.0,1,0.5442847222222222,1,0.3465656565656566,TP
Haryana,Jind,2025-10-19,4,11.75,+3d,5.0,1,0.5211160714285714,1,0.3465656565656566,TP
Haryana,Jind,2025-10-20,13,46.29,+3d,0.0,0,0.6834107142857145,1,0.3465656565656566,FP
Haryana,Jind,2025-10-21,5,15.15,+3d,0.0,0,0.7228928571428571,1,0.3465656565656566,FP
Haryana,Jind,2025-10-22,5,12.64,+3d,6.0,1,0.6206964285714285,1,0.3465656565656566,TP
Haryana,Jind,2025-10-23,0,0.0,+3d,5.0,1,0.5331607142857142,1,0.3465656565656566,TP
Haryana,Jind,2025-10-24,0,0.0,+3d,6.0,1,0.5464166666666666,1,0.3465656565656566,TP
Haryana,Jind,2025-10-25,6,44.53,+3d,0.0,0,0.6599315476190475,1,0.3465656565656566,FP
Haryana,Jind,2025-10-26,5,11.43,+3d,2.0,0,0.7321924603174602,1,0.3465656565656566,FP
Haryana,Jind,2025-10-27,6,37.02,+3d,0.0,0,0.678498015873016,1,0.3465656565656566,FP
Haryana,Jind,2025-10-28,0,0.0,+3d,1.0,0,0.6749761904761904,1,0.3465656565656566,FP
Haryana,Jind,2025-10-29,2,15.7,+3d,7.0,1,0.6648553153717629,1,0.3465656565656566,TP
Haryana,Jind,2025-10-30,0,0.0,+3d,8.0,1,0.47940773809523834,1,0.3465656565656566,TP
Haryana,Jind,2025-10-31,1,8.84,+3d,4.0,1,0.4852857142857143,1,0.3465656565656566,TP
Haryana,Jind,2025-11-01,7,25.89,+3d,3.0,1,0.6258869047619048,1,0.3465656565656566,TP
Haryana,Jind,2025-11-02,8,34.84,+3d,7.0,1,0.7173245614035088,1,0.3465656565656566,TP
Haryana,Jind,2025-11-03,4,43.44,+3d,15.0,1,0.5620505952380952,1,0.3465656565656566,TP
Haryana,Jind,2025-11-04,3,11.98,+3d,15.0,1,0.5792222222222222,1,0.3465656565656566,TP
Haryana,Jind,2025-11-05,7,21.12,+3d,25.0,1,0.4873988095238097,1,0.3465656565656566,TP
Haryana,Jind,2025-11-06,15,59.03,+3d,39.0,1,0.6820386904761905,1,0.3465656565656566,TP
Haryana,Jind,2025-11-07,15,46.17,+3d,38.0,1,0.7430208333333335,1,0.3465656565656566,TP
Haryana,Jind,2025-11-08,25,135.33,+3d,28.0,1,0.8629285714285716,1,0.3465656565656566,TP
Haryana,Jind,2025-11-09,39,183.54,+3d,14.0,1,0.9178511904761906,1,0.3465656565656566,TP
Haryana,Jind,2025-11-10,38,135.94,+3d,12.0,1,0.8877499999999998,1,0.3465656565656566,TP
Haryana,Jind,2025-11-11,28,146.05,+3d,2.0,0,0.8751875000000001,1,0.3465656565656566,FP
Haryana,Jind,2025-11-12,14,55.67,+3d,13.0,1,0.7835833333333333,1,0.3465656565656566,TP
Haryana,Jind,2025-11-13,12,60.45,+3d,17.0,1,0.7284791666666668,1,0.3465656565656566,TP
Haryana,Jind,2025-11-14,2,9.46,+3d,6.0,1,0.6847500000000001,1,0.3465656565656566,TP
Haryana,Jind,2025-11-15,13,65.2,+3d,3.0,1,0.7898392857142856,1,0.3465656565656566,TP
Haryana,Jind,2025-11-16,17,91.54,+3d,2.0,0,0.7676607142857143,1,0.3465656565656566,FP
Haryana,Jind,2025-11-17,6,23.5,+3d,6.0,1,0.5093710317460316,1,0.3465656565656566,TP
Haryana,Jind,2025-11-18,3,20.93,+3d,6.0,1,0.4903928571428572,1,0.3465656565656566,TP
Haryana,Jind,2025-11-19,2,10.02,+3d,3.0,1,0.3775892857142857,1,0.3465656565656566,TP
Haryana,Jind,2025-11-20,6,9.34,+3d,2.0,0,0.31999999999999995,0,0.3465656565656566,TN
Haryana,Jind,2025-11-21,6,16.43,+3d,2.0,0,0.35564285714285715,1,0.3465656565656566,FP
Haryana,Jind,2025-11-22,3,7.59,+3d,0.0,0,0.23445670995671,0,0.3465656565656566,TN
Haryana,Jind,2025-11-23,2,6.34,+3d,4.0,1,0.22952218614718622,0,0.3465656565656566,FN
Haryana,Kaithal,2025-10-15,0,0.0,+3d,1.0,0,0.06766964285714287,0,0.3465656565656566,TN
Haryana,Kaithal,2025-10-16,1,4.43,+3d,2.0,0,0.20223809523809533,0,0.3465656565656566,TN
Haryana,Kaithal,2025-10-17,0,0.0,+3d,2.0,0,0.04873485644257703,0,0.3465656565656566,TN
Haryana,Kaithal,2025-10-18,1,2.39,+3d,9.0,1,0.1493256302521008,0,0.3465656565656566,FN
Haryana,Kaithal,2025-10-19,2,17.11,+3d,1.0,0,0.34862797619047625,1,0.3465656565656566,FP
Haryana,Kaithal,2025-10-20,2,8.18,+3d,0.0,0,0.524386904761905,1,0.3465656565656566,FP
Haryana,Kaithal,2025-10-21,9,38.37,+3d,0.0,0,0.6713333333333332,1,0.3465656565656566,FP
Haryana,Kaithal,2025-10-22,1,7.84,+3d,1.0,0,0.6549523809523812,1,0.3465656565656566,FP
Haryana,Kaithal,2025-10-23,0,0.0,+3d,9.0,1,0.5332440476190476,1,0.3465656565656566,TP
Haryana,Kaithal,2025-10-24,0,0.0,+3d,5.0,1,0.5658690476190478,1,0.3465656565656566,TP
Haryana,Kaithal,2025-10-25,1,4.02,+3d,0.0,0,0.3422537438052144,0,0.3465656565656566,TN
Haryana,Kaithal,2025-10-26,9,23.36,+3d,2.0,0,0.5331458333333333,1,0.3465656565656566,FP
Haryana,Kaithal,2025-10-27,5,13.84,+3d,2.0,0,0.6612499999999999,1,0.3465656565656566,FP
Haryana,Kaithal,2025-10-28,0,0.0,+3d,1.0,0,0.5711964285714284,1,0.3465656565656566,FP
Haryana,Kaithal,2025-10-29,2,10.18,+3d,7.0,1,0.5949295634920637,1,0.3465656565656566,TP
Haryana,Kaithal,2025-10-30,2,4.83,+3d,6.0,1,0.3832380952380952,1,0.3465656565656566,TP
Haryana,Kaithal,2025-10-31,1,3.67,+3d,3.0,1,0.5796666666666667,1,0.3465656565656566,TP
Haryana,Kaithal,2025-11-01,7,31.16,+3d,1.0,0,0.7100328947368421,1,0.3465656565656566,FP
Haryana,Kaithal,2025-11-02,6,42.95,+3d,3.0,1,0.6136995614035087,1,0.3465656565656566,TP
Haryana,Kaithal,2025-11-03,3,14.52,+3d,7.0,1,0.6200595238095237,1,0.3465656565656566,TP
Haryana,Kaithal,2025-11-04,1,4.24,+3d,4.0,1,0.4807291666666667,1,0.3465656565656566,TP
Haryana,Kaithal,2025-11-05,3,14.22,+3d,7.0,1,0.5301250000000001,1,0.3465656565656566,TP
Haryana,Kaithal,2025-11-06,7,18.85,+3d,8.0,1,0.5045983709273184,1,0.3465656565656566,TP
Haryana,Kaithal,2025-11-07,4,15.5,+3d,5.0,1,0.35833333333333334,1,0.3465656565656566,TP
Haryana,Kaithal,2025-11-08,7,42.07,+3d,13.0,1,0.5038333333333334,1,0.3465656565656566,TP
Haryana,Kaithal,2025-11-09,8,29.88,+3d,4.0,1,0.5549166666666667,1,0.3465656565656566,TP
Haryana,Kaithal,2025-11-10,5,17.439999999999998,+3d,4.0,1,0.5163333333333332,1,0.3465656565656566,TP
Haryana,Kaithal,2025-11-11,13,45.1,+3d,1.0,0,0.6849345238095236,1,0.3465656565656566,FP
Haryana,Kaithal,2025-11-12,4,7.75,+3d,1.0,0,0.5635178571428572,1,0.3465656565656566,FP
Haryana,Kaithal,2025-11-13,4,9.64,+3d,1.0,0,0.46662499999999996,1,0.3465656565656566,FP
Haryana,Kaithal,2025-11-14,1,2.79,+3d,0.0,0,0.3776071428571428,1,0.3465656565656566,FP
Haryana,Kaithal,2025-11-15,1,3.79,+3d,4.0,1,0.344529761904762,0,0.3465656565656566,FN
Haryana,Kaithal,2025-11-16,1,2.22,+3d,0.0,0,0.2895119047619048,0,0.3465656565656566,TN
Haryana,Kaithal,2025-11-17,0,0.0,+3d,1.0,0,0.17822802197802198,0,0.3465656565656566,TN
Haryana,Kaithal,2025-11-18,4,9.01,+3d,0.0,0,0.33271825396825405,0,0.3465656565656566,TN
Haryana,Kaithal,2025-11-19,0,0.0,+3d,0.0,0,0.22585119047619048,0,0.3465656565656566,TN
Haryana,Kaithal,2025-11-20,1,0.59,+3d,2.0,0,0.20887500000000006,0,0.3465656565656566,TN
Haryana,Kaithal,2025-11-21,0,0.0,+3d,8.0,1,0.12516849816849818,0,0.3465656565656566,FN
Haryana,Kaithal,2025-11-22,0,0.0,+3d,5.0,1,0.04899999999999999,0,0.3465656565656566,FN
Haryana,Kaithal,2025-11-23,2,2.01,+3d,0.0,0,0.1385337301587302,0,0.3465656565656566,TN
Haryana,Karnal,2025-10-15,0,0.0,+3d,0.0,0,0.055757673902894496,0,0.3465656565656566,TN
Haryana,Karnal,2025-10-16,0,0.0,+3d,3.0,1,0.016723943744164332,0,0.3465656565656566,FN
Haryana,Karnal,2025-10-17,0,0.0,+3d,4.0,1,0.033395634920634916,0,0.3465656565656566,FN
Haryana,Karnal,2025-10-18,0,0.0,+3d,4.0,1,0.05863197945845004,0,0.3465656565656566,FN
Haryana,Karnal,2025-10-19,3,12.39,+3d,2.0,0,0.35815773809523826,1,0.3465656565656566,FP
Haryana,Karnal,2025-10-20,4,14.71,+3d,1.0,0,0.42828571428571416,1,0.3465656565656566,FP
Haryana,Karnal,2025-10-21,4,12.98,+3d,0.0,0,0.5531527777777778,1,0.3465656565656566,FP
Haryana,Karnal,2025-10-22,2,3.56,+3d,1.0,0,0.5818333333333334,1,0.3465656565656566,FP
Haryana,Karnal,2025-10-23,1,5.09,+3d,2.0,0,0.4334404761904762,1,0.3465656565656566,FP
Haryana,Karnal,2025-10-24,0,0.0,+3d,1.0,0,0.29025,0,0.3465656565656566,TN
Haryana,Karnal,2025-10-25,1,1.91,+3d,0.0,0,0.2836785714285714,0,0.3465656565656566,TN
Haryana,Karnal,2025-10-26,2,4.8,+3d,0.0,0,0.4007291666666667,1,0.3465656565656566,FP
Haryana,Karnal,2025-10-27,1,0.54,+3d,0.0,0,0.26024358974358974,0,0.3465656565656566,TN
Haryana,Karnal,2025-10-28,0,0.0,+3d,2.0,0,0.1897211538461539,0,0.3465656565656566,TN
Haryana,Karnal,2025-10-29,0,0.0,+3d,1.0,0,0.08976686507936506,0,0.3465656565656566,TN
Haryana,Karnal,2025-10-30,0,0.0,+3d,1.0,0,0.04284722222222222,0,0.3465656565656566,TN
Haryana,Karnal,2025-10-31,2,7.67,+3d,0.0,0,0.23484126984126985,0,0.3465656565656566,TN
Haryana,Karnal,2025-11-01,1,4.13,+3d,2.0,0,0.18255952380952378,0,0.3465656565656566,TN
Haryana,Karnal,2025-11-02,1,3.3,+3d,3.0,1,0.1565357142857143,0,0.3465656565656566,FN
Haryana,Karnal,2025-11-03,0,0.0,+3d,9.0,1,0.08338095238095238,0,0.3465656565656566,FN
Haryana,Karnal,2025-11-04,2,8.219999999999999,+3d,6.0,1,0.17712500000000003,0,0.3465656565656566,FN
Haryana,Karnal,2025-11-05,3,7.050000000000001,+3d,6.0,1,0.18906249999999997,0,0.3465656565656566,FN
Haryana,Karnal,2025-11-06,9,21.36,+3d,1.0,0,0.48574122807017545,1,0.3465656565656566,FP
Haryana,Karnal,2025-11-07,6,20.0,+3d,2.0,0,0.44761325187969925,1,0.3465656565656566,FP
Haryana,Karnal,2025-11-08,6,30.8,+3d,0.0,0,0.47766384711779447,1,0.3465656565656566,FP
Haryana,Karnal,2025-11-09,1,5.56,+3d,1.0,0,0.41604761904761917,1,0.3465656565656566,FP
Haryana,Karnal,2025-11-10,2,9.34,+3d,2.0,0,0.4562708333333334,1,0.3465656565656566,FP
Haryana,Karnal,2025-11-11,0,0.0,+3d,0.0,0,0.375375,1,0.3465656565656566,FP
Haryana,Karnal,2025-11-12,1,3.08,+3d,0.0,0,0.33095238095238094,0,0.3465656565656566,TN
Haryana,Karnal,2025-11-13,2,13.18,+3d,0.0,0,0.3763166248955724,1,0.3465656565656566,FP
Haryana,Karnal,2025-11-14,0,0.0,+3d,1.0,0,0.20641071428571425,0,0.3465656565656566,TN
Haryana,Karnal,2025-11-15,0,0.0,+3d,0.0,0,0.2380595238095238,0,0.3465656565656566,TN
Haryana,Karnal,2025-11-16,0,0.0,+3d,0.0,0,0.11967857142857141,0,0.3465656565656566,TN
Haryana,Karnal,2025-11-17,1,1.76,+3d,0.0,0,0.11056944444444446,0,0.3465656565656566,TN
Haryana,Karnal,2025-11-18,0,0.0,+3d,0.0,0,0.13088789682539687,0,0.3465656565656566,TN
Haryana,Karnal,2025-11-19,0,0.0,+3d,1.0,0,0.042608974358974344,0,0.3465656565656566,TN
Haryana,Karnal,2025-11-20,0,0.0,+3d,0.0,0,0.08882623626373626,0,0.3465656565656566,TN
Haryana,Karnal,2025-11-21,0,0.0,+3d,0.0,0,0.05038675213675213,0,0.3465656565656566,TN
Haryana,Karnal,2025-11-22,1,2.4,+3d,0.0,0,0.06569444444444443,0,0.3465656565656566,TN
Haryana,Karnal,2025-11-23,0,0.0,+3d,1.0,0,0.06359657356532358,0,0.3465656565656566,TN
Haryana,Kurukshetra,2025-10-15,2,4.220000000000001,+3d,1.0,0,0.09778878066378068,0,0.3465656565656566,TN
Haryana,Kurukshetra,2025-10-16,2,1.68,+3d,3.0,1,0.18218452380952382,0,0.3465656565656566,FN
Haryana,Kurukshetra,2025-10-17,1,3.6,+3d,3.0,1,0.22451893939393938,0,0.3465656565656566,FN
Haryana,Kurukshetra,2025-10-18,1,2.98,+3d,4.0,1,0.20698809523809522,0,0.3465656565656566,FN
Haryana,Kurukshetra,2025-10-19,3,7.859999999999999,+3d,2.0,0,0.3611726190476191,1,0.3465656565656566,FP
Haryana,Kurukshetra,2025-10-20,3,7.65,+3d,1.0,0,0.39163469618616664,1,0.3465656565656566,FP
Haryana,Kurukshetra,2025-10-21,4,27.3,+3d,0.0,0,0.5937986111111111,1,0.3465656565656566,FP
Haryana,Kurukshetra,2025-10-22,2,3.28,+3d,4.0,1,0.5936904761904763,1,0.3465656565656566,TP
Haryana,Kurukshetra,2025-10-23,1,3.28,+3d,5.0,1,0.43524999999999997,1,0.3465656565656566,TP
Haryana,Kurukshetra,2025-10-24,0,0.0,+3d,5.0,1,0.3308511904761904,0,0.3465656565656566,FN
Haryana,Kurukshetra,2025-10-25,4,24.44,+3d,0.0,0,0.4734236111111112,1,0.3465656565656566,FP
Haryana,Kurukshetra,2025-10-26,5,11.87,+3d,0.0,0,0.5562500000000001,1,0.3465656565656566,FP
Haryana,Kurukshetra,2025-10-27,5,17.99,+3d,0.0,0,0.6072500000000001,1,0.3465656565656566,FP
Haryana,Kurukshetra,2025-10-28,0,0.0,+3d,1.0,0,0.5892589285714287,1,0.3465656565656566,FP
Haryana,Kurukshetra,2025-10-29,0,0.0,+3d,3.0,1,0.5283095238095238,1,0.3465656565656566,TP
Haryana,Kurukshetra,2025-10-30,0,0.0,+3d,1.0,0,0.5159434523809523,1,0.3465656565656566,FP
Haryana,Kurukshetra,2025-10-31,1,1.69,+3d,0.0,0,0.45784000721500717,1,0.3465656565656566,FP
Haryana,Kurukshetra,2025-11-01,3,14.97,+3d,0.0,0,0.5702828947368421,1,0.3465656565656566,FP
Haryana,Kurukshetra,2025-11-02,1,2.76,+3d,0.0,0,0.48467857142857135,1,0.3465656565656566,FP
Haryana,Kurukshetra,2025-11-03,0,0.0,+3d,0.0,0,0.21608333333333338,0,0.3465656565656566,TN
Haryana,Kurukshetra,2025-11-04,0,0.0,+3d,0.0,0,0.19711706349206348,0,0.3465656565656566,TN
Haryana,Kurukshetra,2025-11-05,0,0.0,+3d,0.0,0,0.0641431623931624,0,0.3465656565656566,TN
Haryana,Kurukshetra,2025-11-06,0,0.0,+3d,3.0,1,0.28755456349206343,0,0.3465656565656566,FN
Haryana,Kurukshetra,2025-11-07,0,0.0,+3d,0.0,0,0.06744152707196184,0,0.3465656565656566,TN
Haryana,Kurukshetra,2025-11-08,0,0.0,+3d,0.0,0,0.0699375,0,0.3465656565656566,TN
Haryana,Kurukshetra,2025-11-09,3,2.71,+3d,0.0,0,0.13260515873015874,0,0.3465656565656566,TN
Haryana,Kurukshetra,2025-11-10,0,0.0,+3d,0.0,0,0.07566071428571428,0,0.3465656565656566,TN
Haryana,Kurukshetra,2025-11-11,0,0.0,+3d,0.0,0,0.05410912698412698,0,0.3465656565656566,TN
Haryana,Kurukshetra,2025-11-12,0,0.0,+3d,0.0,0,0.040752976190476194,0,0.3465656565656566,TN
Haryana,Kurukshetra,2025-11-13,0,0.0,+3d,0.0,0,0.01611868686868687,0,0.3465656565656566,TN
Haryana,Kurukshetra,2025-11-14,0,0.0,+3d,0.0,0,0.05895202020202021,0,0.3465656565656566,TN
Haryana,Kurukshetra,2025-11-15,0,0.0,+3d,7.0,1,0.05333639971139971,0,0.3465656565656566,FN
Haryana,Kurukshetra,2025-11-16,0,0.0,+3d,0.0,0,0.015134615384615387,0,0.3465656565656566,TN
Haryana,Kurukshetra,2025-11-17,0,0.0,+3d,0.0,0,0.005708015764445312,0,0.3465656565656566,TN
Haryana,Kurukshetra,2025-11-18,7,10.6,+3d,0.0,0,0.09379647387496223,0,0.3465656565656566,TN
Haryana,Kurukshetra,2025-11-19,0,0.0,+3d,0.0,0,0.2507738095238096,0,0.3465656565656566,TN
Haryana,Kurukshetra,2025-11-20,0,0.0,+3d,1.0,0,0.0832123015873016,0,0.3465656565656566,TN
Haryana,Kurukshetra,2025-11-21,0,0.0,+3d,0.0,0,0.15672321428571423,0,0.3465656565656566,TN
Haryana,Kurukshetra,2025-11-22,0,0.0,+3d,0.0,0,0.008129444335873884,0,0.3465656565656566,TN
Haryana,Kurukshetra,2025-11-23,1,5.1,+3d,1.0,0,0.20363057359307357,0,0.3465656565656566,TN
Haryana,Mahendragarh,2025-10-15,0,0.0,+3d,0.0,0,0.03521717171717172,0,0.3465656565656566,TN
Haryana,Mahendragarh,2025-10-16,0,0.0,+3d,0.0,0,7.142857142857142e-05,0,0.3465656565656566,TN
Haryana,Mahendragarh,2025-10-17,0,0.0,+3d,0.0,0,0.04057411616161616,0,0.3465656565656566,TN
Haryana,Mahendragarh,2025-10-18,0,0.0,+3d,0.0,0,0.0005714285714285715,0,0.3465656565656566,TN
Haryana,Mahendragarh,2025-10-19,0,0.0,+3d,0.0,0,0.024588203463203465,0,0.3465656565656566,TN
Haryana,Mahendragarh,2025-10-20,0,0.0,+3d,0.0,0,0.006988095238095238,0,0.3465656565656566,TN
Haryana,Mahendragarh,2025-10-21,0,0.0,+3d,0.0,0,0.015904761904761908,0,0.3465656565656566,TN
Haryana,Mahendragarh,2025-10-22,0,0.0,+3d,0.0,0,0.030640843837535008,0,0.3465656565656566,TN
Haryana,Mahendragarh,2025-10-23,0,0.0,+3d,0.0,0,0.00885,0,0.3465656565656566,TN
Haryana,Mahendragarh,2025-10-24,0,0.0,+3d,0.0,0,0.004166666666666667,0,0.3465656565656566,TN
Haryana,Mahendragarh,2025-10-25,0,0.0,+3d,0.0,0,0.0,0,0.3465656565656566,TN
Haryana,Mahendragarh,2025-10-26,0,0.0,+3d,0.0,0,0.00625,0,0.3465656565656566,TN
Haryana,Mahendragarh,2025-10-27,0,0.0,+3d,0.0,0,0.02231120268620269,0,0.3465656565656566,TN
Haryana,Mahendragarh,2025-10-28,0,0.0,+3d,0.0,0,0.04405158730158731,0,0.3465656565656566,TN
Haryana,Mahendragarh,2025-10-29,0,0.0,+3d,2.0,0,0.01240842490842491,0,0.3465656565656566,TN
Haryana,Mahendragarh,2025-10-30,0,0.0,+3d,0.0,0,0.03786805555555556,0,0.3465656565656566,TN
Haryana,Mahendragarh,2025-10-31,0,0.0,+3d,0.0,0,0.01225,0,0.3465656565656566,TN
Haryana,Mahendragarh,2025-11-01,2,5.1,+3d,0.0,0,0.019375,0,0.3465656565656566,TN
Haryana,Mahendragarh,2025-11-02,0,0.0,+3d,0.0,0,0.03903739316239316,0,0.3465656565656566,TN
Haryana,Mahendragarh,2025-11-03,0,0.0,+3d,0.0,0,0.022407738095238102,0,0.3465656565656566,TN
Haryana,Mahendragarh,2025-11-04,0,0.0,+3d,0.0,0,0.02295833333333333,0,0.3465656565656566,TN
Haryana,Mahendragarh,2025-11-05,0,0.0,+3d,0.0,0,0.043086038961038964,0,0.3465656565656566,TN
Haryana,Mahendragarh,2025-11-06,0,0.0,+3d,0.0,0,0.06953117353660833,0,0.3465656565656566,TN
Haryana,Mahendragarh,2025-11-07,0,0.0,+3d,0.0,0,0.045008505383505384,0,0.3465656565656566,TN
Haryana,Mahendragarh,2025-11-08,0,0.0,+3d,0.0,0,0.02251190476190476,0,0.3465656565656566,TN
Haryana,Mahendragarh,2025-11-09,0,0.0,+3d,0.0,0,0.006875,0,0.3465656565656566,TN
Haryana,Mahendragarh,2025-11-10,0,0.0,+3d,0.0,0,0.005725,0,0.3465656565656566,TN
Haryana,Mahendragarh,2025-11-11,0,0.0,+3d,1.0,0,0.03014432789432789,0,0.3465656565656566,TN
Haryana,Mahendragarh,2025-11-12,0,0.0,+3d,2.0,0,0.003208333333333333,0,0.3465656565656566,TN
Haryana,Mahendragarh,2025-11-13,0,0.0,+3d,1.0,0,0.005,0,0.3465656565656566,TN
Haryana,Mahendragarh,2025-11-14,1,3.35,+3d,0.0,0,0.03385227272727273,0,0.3465656565656566,TN
Haryana,Mahendragarh,2025-11-15,2,8.9,+3d,0.0,0,0.066875,0,0.3465656565656566,TN
Haryana,Mahendragarh,2025-11-16,1,2.3,+3d,0.0,0,0.12556944444444443,0,0.3465656565656566,TN
Haryana,Mahendragarh,2025-11-17,0,0.0,+3d,1.0,0,0.1304826388888889,0,0.3465656565656566,TN
Haryana,Mahendragarh,2025-11-18,0,0.0,+3d,0.0,0,0.05452564102564101,0,0.3465656565656566,TN
Haryana,Mahendragarh,2025-11-19,0,0.0,+3d,0.0,0,0.02337532938076416,0,0.3465656565656566,TN
Haryana,Mahendragarh,2025-11-20,1,0.61,+3d,0.0,0,0.1347020790200138,0,0.3465656565656566,TN
Haryana,Mahendragarh,2025-11-21,0,0.0,+3d,0.0,0,0.019375,0,0.3465656565656566,TN
Haryana,Mahendragarh,2025-11-22,0,0.0,+3d,0.0,0,0.03152564102564102,0,0.3465656565656566,TN
Haryana,Mahendragarh,2025-11-23,0,0.0,+3d,0.0,0,0.035638736263736266,0,0.3465656565656566,TN
Haryana,Nuh,2025-10-15,0,0.0,+3d,0.0,0,0.0256872329059829,0,0.3465656565656566,TN
Haryana,Nuh,2025-10-16,0,0.0,+3d,1.0,0,0.014672619047619049,0,0.3465656565656566,TN
Haryana,Nuh,2025-10-17,0,0.0,+3d,1.0,0,0.034789911477411485,0,0.3465656565656566,TN
Haryana,Nuh,2025-10-18,0,0.0,+3d,0.0,0,0.003988095238095238,0,0.3465656565656566,TN
Haryana,Nuh,2025-10-19,1,5.29,+3d,0.0,0,0.32920138888888895,0,0.3465656565656566,TN
Haryana,Nuh,2025-10-20,1,3.84,+3d,0.0,0,0.25169701479076473,0,0.3465656565656566,TN
Haryana,Nuh,2025-10-21,0,0.0,+3d,0.0,0,0.07094791666666667,0,0.3465656565656566,TN
Haryana,Nuh,2025-10-22,0,0.0,+3d,0.0,0,0.10761729691876751,0,0.3465656565656566,TN
Haryana,Nuh,2025-10-23,0,0.0,+3d,0.0,0,0.03550320512820513,0,0.3465656565656566,TN
Haryana,Nuh,2025-10-24,0,0.0,+3d,0.0,0,0.03603782938076417,0,0.3465656565656566,TN
Haryana,Nuh,2025-10-25,0,0.0,+3d,0.0,0,0.09057862608406088,0,0.3465656565656566,TN
Haryana,Nuh,2025-10-26,0,0.0,+3d,0.0,0,0.015270833333333334,0,0.3465656565656566,TN
Haryana,Nuh,2025-10-27,0,0.0,+3d,0.0,0,0.04141987179487179,0,0.3465656565656566,TN
Haryana,Nuh,2025-10-28,0,0.0,+3d,0.0,0,0.04335705266955268,0,0.3465656565656566,TN
Haryana,Nuh,2025-10-29,0,0.0,+3d,0.0,0,0.02031120268620269,0,0.3465656565656566,TN
Haryana,Nuh,2025-10-30,0,0.0,+3d,0.0,0,0.03896100427350427,0,0.3465656565656566,TN
Haryana,Nuh,2025-10-31,0,0.0,+3d,0.0,0,0.02420009157509158,0,0.3465656565656566,TN
Haryana,Nuh,2025-11-01,0,0.0,+3d,0.0,0,0.00431060606060606,0,0.3465656565656566,TN
Haryana,Nuh,2025-11-02,0,0.0,+3d,0.0,0,0.041243018419489005,0,0.3465656565656566,TN
Haryana,Nuh,2025-11-03,0,0.0,+3d,0.0,0,0.053887626262626255,0,0.3465656565656566,TN
Haryana,Nuh,2025-11-04,0,0.0,+3d,0.0,0,0.005935606060606061,0,0.3465656565656566,TN
Haryana,Nuh,2025-11-05,0,0.0,+3d,0.0,0,0.01047727272727273,0,0.3465656565656566,TN
Haryana,Nuh,2025-11-06,0,0.0,+3d,0.0,0,0.03306342962592962,0,0.3465656565656566,TN
Haryana,Nuh,2025-11-07,0,0.0,+3d,0.0,0,0.009385010822510823,0,0.3465656565656566,TN
Haryana,Nuh,2025-11-08,0,0.0,+3d,2.0,0,0.03017965367965368,0,0.3465656565656566,TN
Haryana,Nuh,2025-11-09,0,0.0,+3d,0.0,0,0.009458333333333336,0,0.3465656565656566,TN
Haryana,Nuh,2025-11-10,0,0.0,+3d,0.0,0,0.03268599456099456,0,0.3465656565656566,TN
Haryana,Nuh,2025-11-11,2,6.26,+3d,0.0,0,0.044125000000000004,0,0.3465656565656566,TN
Haryana,Nuh,2025-11-12,0,0.0,+3d,0.0,0,0.015777777777777776,0,0.3465656565656566,TN
Haryana,Nuh,2025-11-13,0,0.0,+3d,0.0,0,0.01995833333333333,0,0.3465656565656566,TN
Haryana,Nuh,2025-11-14,0,0.0,+3d,0.0,0,0.023444444444444445,0,0.3465656565656566,TN
Haryana,Nuh,2025-11-15,0,0.0,+3d,0.0,0,0.007791666666666668,0,0.3465656565656566,TN
Haryana,Nuh,2025-11-16,0,0.0,+3d,0.0,0,0.08634556747600225,0,0.3465656565656566,TN
Haryana,Nuh,2025-11-17,0,0.0,+3d,0.0,0,0.007455564784053156,0,0.3465656565656566,TN
Haryana,Nuh,2025-11-18,0,0.0,+3d,0.0,0,0.012333333333333332,0,0.3465656565656566,TN
Haryana,Nuh,2025-11-19,0,0.0,+3d,0.0,0,0.0009996824311119797,0,0.3465656565656566,TN
Haryana,Nuh,2025-11-20,0,0.0,+3d,0.0,0,0.0004996824311119797,0,0.3465656565656566,TN
Haryana,Nuh,2025-11-21,0,0.0,+3d,0.0,0,0.0019996824311119795,0,0.3465656565656566,TN
Haryana,Nuh,2025-11-22,0,0.0,+3d,0.0,0,0.0004996824311119797,0,0.3465656565656566,TN
Haryana,Nuh,2025-11-23,0,0.0,+3d,0.0,0,0.01198323433672271,0,0.3465656565656566,TN
Haryana,Palwal,2025-10-15,0,0.0,+3d,1.0,0,0.02933084886128364,0,0.3465656565656566,TN
Haryana,Palwal,2025-10-16,1,4.47,+3d,0.0,0,0.2124214285714286,0,0.3465656565656566,TN
Haryana,Palwal,2025-10-17,0,0.0,+3d,4.0,1,0.042216689560439564,0,0.3465656565656566,FN
Haryana,Palwal,2025-10-18,1,5.34,+3d,1.0,0,0.31493452380952375,0,0.3465656565656566,TN
Haryana,Palwal,2025-10-19,0,0.0,+3d,5.0,1,0.06043402777777779,0,0.3465656565656566,FN
Haryana,Palwal,2025-10-20,4,13.01,+3d,0.0,0,0.3234414682539682,0,0.3465656565656566,TN
Haryana,Palwal,2025-10-21,1,3.63,+3d,2.0,0,0.3212619047619048,0,0.3465656565656566,TN
Haryana,Palwal,2025-10-22,5,14.67,+3d,0.0,0,0.39015079365079347,1,0.3465656565656566,FP
Haryana,Palwal,2025-10-23,0,0.0,+3d,3.0,1,0.43769642857142865,1,0.3465656565656566,TP
Haryana,Palwal,2025-10-24,2,3.73,+3d,0.0,0,0.1959305555555556,0,0.3465656565656566,TN
Haryana,Palwal,2025-10-25,0,0.0,+3d,0.0,0,0.46391666666666675,1,0.3465656565656566,FP
Haryana,Palwal,2025-10-26,3,6.22,+3d,0.0,0,0.1736753246753247,0,0.3465656565656566,TN
Haryana,Palwal,2025-10-27,0,0.0,+3d,0.0,0,0.3486815476190477,1,0.3465656565656566,FP
Haryana,Palwal,2025-10-28,0,0.0,+3d,0.0,0,0.05427083333333334,0,0.3465656565656566,TN
Haryana,Palwal,2025-10-29,0,0.0,+3d,2.0,0,0.34794940476190483,1,0.3465656565656566,FP
Haryana,Palwal,2025-10-30,0,0.0,+3d,6.0,1,0.05930595376845377,0,0.3465656565656566,FN
Haryana,Palwal,2025-10-31,0,0.0,+3d,6.0,1,0.121375,0,0.3465656565656566,FN
Haryana,Palwal,2025-11-01,2,4.73,+3d,0.0,0,0.061253472222222216,0,0.3465656565656566,TN
Haryana,Palwal,2025-11-02,6,27.17,+3d,2.0,0,0.29984539473684213,0,0.3465656565656566,TN
Haryana,Palwal,2025-11-03,6,38.2,+3d,2.0,0,0.5009971804511278,1,0.3465656565656566,FP
Haryana,Palwal,2025-11-04,0,0.0,+3d,1.0,0,0.4890178571428572,1,0.3465656565656566,FP
Haryana,Palwal,2025-11-05,2,5.569999999999999,+3d,0.0,0,0.5534583333333334,1,0.3465656565656566,FP
Haryana,Palwal,2025-11-06,2,9.58,+3d,0.0,0,0.3225833333333334,0,0.3465656565656566,TN
Haryana,Palwal,2025-11-07,1,4.13,+3d,5.0,1,0.23485119047619046,0,0.3465656565656566,FN
Haryana,Palwal,2025-11-08,0,0.0,+3d,1.0,0,0.27407738095238093,0,0.3465656565656566,TN
Haryana,Palwal,2025-11-09,0,0.0,+3d,0.0,0,0.1694196428571428,0,0.3465656565656566,TN
Haryana,Palwal,2025-11-10,5,21.46,+3d,0.0,0,0.30737813283208015,0,0.3465656565656566,TN
Haryana,Palwal,2025-11-11,1,3.68,+3d,2.0,0,0.2833869047619048,0,0.3465656565656566,TN
Haryana,Palwal,2025-11-12,0,0.0,+3d,0.0,0,0.14395833333333333,0,0.3465656565656566,TN
Haryana,Palwal,2025-11-13,0,0.0,+3d,0.0,0,0.21141964285714285,0,0.3465656565656566,TN
Haryana,Palwal,2025-11-14,2,5.72,+3d,0.0,0,0.10515476190476189,0,0.3465656565656566,TN
Haryana,Palwal,2025-11-15,0,0.0,+3d,0.0,0,0.20019642857142855,0,0.3465656565656566,TN
Haryana,Palwal,2025-11-16,0,0.0,+3d,0.0,0,0.06149999999999999,0,0.3465656565656566,TN
Haryana,Palwal,2025-11-17,0,0.0,+3d,1.0,0,0.15226884920634923,0,0.3465656565656566,TN
Haryana,Palwal,2025-11-18,0,0.0,+3d,0.0,0,0.01633333333333333,0,0.3465656565656566,TN
Haryana,Palwal,2025-11-19,0,0.0,+3d,0.0,0,0.047333333333333324,0,0.3465656565656566,TN
Haryana,Palwal,2025-11-20,1,3.08,+3d,0.0,0,0.0567078373015873,0,0.3465656565656566,TN
Haryana,Palwal,2025-11-21,0,0.0,+3d,0.0,0,0.02728125,0,0.3465656565656566,TN
Haryana,Palwal,2025-11-22,0,0.0,+3d,0.0,0,0.009458333333333334,0,0.3465656565656566,TN
Haryana,Palwal,2025-11-23,0,0.0,+3d,0.0,0,0.017259920634920635,0,0.3465656565656566,TN
Haryana,Panchkula,2025-10-15,0,0.0,+3d,0.0,0,0.08372213203463202,0,0.3465656565656566,TN
Haryana,Panchkula,2025-10-16,0,0.0,+3d,0.0,0,0.11020946067821065,0,0.3465656565656566,TN
Haryana,Panchkula,2025-10-17,0,0.0,+3d,2.0,0,0.02178670634920635,0,0.3465656565656566,TN
Haryana,Panchkula,2025-10-18,0,0.0,+3d,1.0,0,0.04453253968253969,0,0.3465656565656566,TN
Haryana,Panchkula,2025-10-19,0,0.0,+3d,0.0,0,0.03091170634920635,0,0.3465656565656566,TN
Haryana,Panchkula,2025-10-20,2,9.82,+3d,0.0,0,0.3180173611111111,0,0.3465656565656566,TN
Haryana,Panchkula,2025-10-21,1,0.5,+3d,0.0,0,0.37875,1,0.3465656565656566,FP
Haryana,Panchkula,2025-10-22,0,0.0,+3d,0.0,0,0.15936111111111112,0,0.3465656565656566,TN
Haryana,Panchkula,2025-10-23,0,0.0,+3d,0.0,0,0.06491666666666666,0,0.3465656565656566,TN
Haryana,Panchkula,2025-10-24,0,0.0,+3d,0.0,0,0.053935019841269846,0,0.3465656565656566,TN
Haryana,Panchkula,2025-10-25,0,0.0,+3d,1.0,0,0.23418190836940841,0,0.3465656565656566,TN
Haryana,Panchkula,2025-10-26,0,0.0,+3d,0.0,0,0.11742969877344878,0,0.3465656565656566,TN
Haryana,Panchkula,2025-10-27,0,0.0,+3d,0.0,0,0.07291729797979798,0,0.3465656565656566,TN
Haryana,Panchkula,2025-10-28,1,3.76,+3d,2.0,0,0.11807638888888887,0,0.3465656565656566,TN
Haryana,Panchkula,2025-10-29,0,0.0,+3d,0.0,0,0.08559033674658673,0,0.3465656565656566,TN
Haryana,Panchkula,2025-10-30,0,0.0,+3d,0.0,0,0.06660218253968256,0,0.3465656565656566,TN
Haryana,Panchkula,2025-10-31,2,6.43,+3d,0.0,0,0.20641964285714284,0,0.3465656565656566,TN
Haryana,Panchkula,2025-11-01,0,0.0,+3d,0.0,0,0.04131944444444444,0,0.3465656565656566,TN
Haryana,Panchkula,2025-11-02,0,0.0,+3d,0.0,0,0.13783107864357863,0,0.3465656565656566,TN
Haryana,Panchkula,2025-11-03,0,0.0,+3d,0.0,0,0.08682822039072036,0,0.3465656565656566,TN
Haryana,Panchkula,2025-11-04,0,0.0,+3d,0.0,0,0.03691774891774892,0,0.3465656565656566,TN
Haryana,Panchkula,2025-11-05,0,0.0,+3d,0.0,0,0.09035984848484847,0,0.3465656565656566,TN
Haryana,Panchkula,2025-11-06,0,0.0,+3d,0.0,0,0.015992153679653683,0,0.3465656565656566,TN
Haryana,Panchkula,2025-11-07,0,0.0,+3d,0.0,0,0.022783216783216778,0,0.3465656565656566,TN
Haryana,Panchkula,2025-11-08,0,0.0,+3d,0.0,0,0.03386267205017205,0,0.3465656565656566,TN
Haryana,Panchkula,2025-11-09,0,0.0,+3d,0.0,0,0.0020833333333333333,0,0.3465656565656566,TN
Haryana,Panchkula,2025-11-10,0,0.0,+3d,0.0,0,0.002583333333333333,0,0.3465656565656566,TN
Haryana,Panchkula,2025-11-11,0,0.0,+3d,0.0,0,0.011833333333333331,0,0.3465656565656566,TN
Haryana,Panchkula,2025-11-12,0,0.0,+3d,0.0,0,0.0036160714285714286,0,0.3465656565656566,TN
Haryana,Panchkula,2025-11-13,0,0.0,+3d,0.0,0,0.018785353535353533,0,0.3465656565656566,TN
Haryana,Panchkula,2025-11-14,0,0.0,+3d,0.0,0,0.010208333333333335,0,0.3465656565656566,TN
Haryana,Panchkula,2025-11-15,0,0.0,+3d,0.0,0,0.00125,0,0.3465656565656566,TN
Haryana,Panchkula,2025-11-16,0,0.0,+3d,0.0,0,0.011702750196679743,0,0.3465656565656566,TN
Haryana,Panchkula,2025-11-17,0,0.0,+3d,0.0,0,0.00362468243111198,0,0.3465656565656566,TN
Haryana,Panchkula,2025-11-18,0,0.0,+3d,0.0,0,0.0004996824311119797,0,0.3465656565656566,TN
Haryana,Panchkula,2025-11-19,0,0.0,+3d,0.0,0,0.0004996824311119797,0,0.3465656565656566,TN
Haryana,Panchkula,2025-11-20,0,0.0,+3d,0.0,0,0.003148383729813278,0,0.3465656565656566,TN
Haryana,Panchkula,2025-11-21,0,0.0,+3d,0.0,0,0.002076955158384707,0,0.3465656565656566,TN
Haryana,Panchkula,2025-11-22,0,0.0,+3d,0.0,0,0.0046663490977786465,0,0.3465656565656566,TN
Haryana,Panchkula,2025-11-23,0,0.0,+3d,0.0,0,0.005916349097778646,0,0.3465656565656566,TN
Haryana,Panipat,2025-10-15,1,1.45,+3d,2.0,0,0.10550582505729561,0,0.3465656565656566,TN
Haryana,Panipat,2025-10-16,2,8.879999999999999,+3d,4.0,1,0.23198809523809533,0,0.3465656565656566,FN
Haryana,Panipat,2025-10-17,0,0.0,+3d,0.0,0,0.16273214285714285,0,0.3465656565656566,TN
Haryana,Panipat,2025-10-18,2,2.96,+3d,0.0,0,0.22287698412698417,0,0.3465656565656566,TN
Haryana,Panipat,2025-10-19,4,7.12,+3d,3.0,1,0.2221527777777779,0,0.3465656565656566,FN
Haryana,Panipat,2025-10-20,0,0.0,+3d,0.0,0,0.3263312334217507,0,0.3465656565656566,TN
Haryana,Panipat,2025-10-21,0,0.0,+3d,0.0,0,0.2721269841269841,0,0.3465656565656566,TN
Haryana,Panipat,2025-10-22,3,3.89,+3d,0.0,0,0.1695337301587302,0,0.3465656565656566,TN
Haryana,Panipat,2025-10-23,0,0.0,+3d,1.0,0,0.13091025641025644,0,0.3465656565656566,TN
Haryana,Panipat,2025-10-24,0,0.0,+3d,0.0,0,0.1807321428571428,0,0.3465656565656566,TN
Haryana,Panipat,2025-10-25,0,0.0,+3d,0.0,0,0.09875000000000002,0,0.3465656565656566,TN
Haryana,Panipat,2025-10-26,1,3.35,+3d,0.0,0,0.1812619047619048,0,0.3465656565656566,TN
Haryana,Panipat,2025-10-27,0,0.0,+3d,0.0,0,0.11658333333333332,0,0.3465656565656566,TN
Haryana,Panipat,2025-10-28,0,0.0,+3d,0.0,0,0.0871238553113553,0,0.3465656565656566,TN
Haryana,Panipat,2025-10-29,0,0.0,+3d,0.0,0,0.12154761904761906,0,0.3465656565656566,TN
Haryana,Panipat,2025-10-30,0,0.0,+3d,1.0,0,0.0953012987012987,0,0.3465656565656566,TN
Haryana,Panipat,2025-10-31,0,0.0,+3d,0.0,0,0.14506186868686866,0,0.3465656565656566,TN
Haryana,Panipat,2025-11-01,0,0.0,+3d,0.0,0,0.08761530483405483,0,0.3465656565656566,TN
Haryana,Panipat,2025-11-02,1,2.87,+3d,0.0,0,0.1638814484126985,0,0.3465656565656566,TN
Haryana,Panipat,2025-11-03,0,0.0,+3d,2.0,0,0.07930073051948053,0,0.3465656565656566,TN
Haryana,Panipat,2025-11-04,0,0.0,+3d,4.0,1,0.08189448051948052,0,0.3465656565656566,FN
Haryana,Panipat,2025-11-05,0,0.0,+3d,0.0,0,0.08808333333333333,0,0.3465656565656566,TN
Haryana,Panipat,2025-11-06,2,4.41,+3d,6.0,1,0.17925000000000002,0,0.3465656565656566,FN
Haryana,Panipat,2025-11-07,4,8.63,+3d,0.0,0,0.29716666666666675,0,0.3465656565656566,TN
Haryana,Panipat,2025-11-08,0,0.0,+3d,1.0,0,0.28954166666666675,0,0.3465656565656566,TN
Haryana,Panipat,2025-11-09,6,16.25,+3d,2.0,0,0.46261622807017555,1,0.3465656565656566,FP
Haryana,Panipat,2025-11-10,0,0.0,+3d,2.0,0,0.5274226190476192,1,0.3465656565656566,FP
Haryana,Panipat,2025-11-11,1,2.43,+3d,0.0,0,0.33288095238095233,0,0.3465656565656566,TN
Haryana,Panipat,2025-11-12,2,6.6,+3d,0.0,0,0.48104166666666665,1,0.3465656565656566,FP
Haryana,Panipat,2025-11-13,2,11.62,+3d,2.0,0,0.29018750000000004,0,0.3465656565656566,TN
Haryana,Panipat,2025-11-14,0,0.0,+3d,0.0,0,0.35347023809523814,1,0.3465656565656566,FP
Haryana,Panipat,2025-11-15,0,0.0,+3d,2.0,0,0.17201190476190475,0,0.3465656565656566,TN
Haryana,Panipat,2025-11-16,2,4.29,+3d,1.0,0,0.37306547619047614,1,0.3465656565656566,FP
Haryana,Panipat,2025-11-17,0,0.0,+3d,5.0,1,0.09050000000000001,0,0.3465656565656566,FN
Haryana,Panipat,2025-11-18,2,5.7,+3d,0.0,0,0.22883928571428572,0,0.3465656565656566,TN
Haryana,Panipat,2025-11-19,1,5.3,+3d,3.0,1,0.20541666666666672,0,0.3465656565656566,FN
Haryana,Panipat,2025-11-20,5,9.45,+3d,0.0,0,0.24475000000000002,0,0.3465656565656566,TN
Haryana,Panipat,2025-11-21,0,0.0,+3d,1.0,0,0.35978571428571426,1,0.3465656565656566,FP
Haryana,Panipat,2025-11-22,3,8.56,+3d,2.0,0,0.23053769841269842,0,0.3465656565656566,TN
Haryana,Panipat,2025-11-23,0,0.0,+3d,1.0,0,0.2685416666666667,0,0.3465656565656566,TN
Haryana,Rewari,2025-10-15,0,0.0,+3d,0.0,0,0.008696428571428572,0,0.3465656565656566,TN
Haryana,Rewari,2025-10-16,0,0.0,+3d,0.0,0,0.06616282938076416,0,0.3465656565656566,TN
Haryana,Rewari,2025-10-17,0,0.0,+3d,0.0,0,0.021819246031746037,0,0.3465656565656566,TN
Haryana,Rewari,2025-10-18,0,0.0,+3d,0.0,0,0.028967261904761902,0,0.3465656565656566,TN
Haryana,Rewari,2025-10-19,0,0.0,+3d,1.0,0,0.09705357142857142,0,0.3465656565656566,TN
Haryana,Rewari,2025-10-20,0,0.0,+3d,0.0,0,0.01736309523809524,0,0.3465656565656566,TN
Haryana,Rewari,2025-10-21,0,0.0,+3d,0.0,0,0.025017857142857144,0,0.3465656565656566,TN
Haryana,Rewari,2025-10-22,1,2.17,+3d,0.0,0,0.10331040764790765,0,0.3465656565656566,TN
Haryana,Rewari,2025-10-23,0,0.0,+3d,0.0,0,0.032100694444444446,0,0.3465656565656566,TN
Haryana,Rewari,2025-10-24,0,0.0,+3d,0.0,0,0.018291666666666668,0,0.3465656565656566,TN
Haryana,Rewari,2025-10-25,0,0.0,+3d,0.0,0,0.05539772727272726,0,0.3465656565656566,TN
Haryana,Rewari,2025-10-26,0,0.0,+3d,0.0,0,0.0055000000000000005,0,0.3465656565656566,TN
Haryana,Rewari,2025-10-27,0,0.0,+3d,0.0,0,0.08179135447885447,0,0.3465656565656566,TN
Haryana,Rewari,2025-10-28,0,0.0,+3d,0.0,0,0.0425341810966811,0,0.3465656565656566,TN
Haryana,Rewari,2025-10-29,0,0.0,+3d,0.0,0,0.03269977938727939,0,0.3465656565656566,TN
Haryana,Rewari,2025-10-30,0,0.0,+3d,0.0,0,0.04015972222222222,0,0.3465656565656566,TN
Haryana,Rewari,2025-10-31,0,0.0,+3d,0.0,0,0.02004166666666667,0,0.3465656565656566,TN
Haryana,Rewari,2025-11-01,0,0.0,+3d,0.0,0,0.00431060606060606,0,0.3465656565656566,TN
Haryana,Rewari,2025-11-02,0,0.0,+3d,0.0,0,0.008477272727272727,0,0.3465656565656566,TN
Haryana,Rewari,2025-11-03,0,0.0,+3d,2.0,0,0.016218344155844156,0,0.3465656565656566,TN
Haryana,Rewari,2025-11-04,0,0.0,+3d,0.0,0,0.019546717171717173,0,0.3465656565656566,TN
Haryana,Rewari,2025-11-05,0,0.0,+3d,0.0,0,0.009310606060606061,0,0.3465656565656566,TN
Haryana,Rewari,2025-11-06,2,1.1800000000000002,+3d,0.0,0,0.02084334415584416,0,0.3465656565656566,TN
Haryana,Rewari,2025-11-07,0,0.0,+3d,0.0,0,0.023449404761904765,0,0.3465656565656566,TN
Haryana,Rewari,2025-11-08,0,0.0,+3d,0.0,0,0.028416666666666666,0,0.3465656565656566,TN
Haryana,Rewari,2025-11-09,0,0.0,+3d,0.0,0,0.02596428571428572,0,0.3465656565656566,TN
Haryana,Rewari,2025-11-10,0,0.0,+3d,0.0,0,0.007732142857142858,0,0.3465656565656566,TN
Haryana,Rewari,2025-11-11,0,0.0,+3d,0.0,0,0.024891563146997933,0,0.3465656565656566,TN
Haryana,Rewari,2025-11-12,0,0.0,+3d,0.0,0,0.004398809523809524,0,0.3465656565656566,TN
Haryana,Rewari,2025-11-13,0,0.0,+3d,0.0,0,0.016065476190476193,0,0.3465656565656566,TN
Haryana,Rewari,2025-11-14,0,0.0,+3d,0.0,0,0.004398809523809524,0,0.3465656565656566,TN
Haryana,Rewari,2025-11-15,0,0.0,+3d,0.0,0,0.017466117216117218,0,0.3465656565656566,TN
Haryana,Rewari,2025-11-16,0,0.0,+3d,0.0,0,0.05512177357526195,0,0.3465656565656566,TN
Haryana,Rewari,2025-11-17,0,0.0,+3d,0.0,0,0.039439539143027516,0,0.3465656565656566,TN
Haryana,Rewari,2025-11-18,0,0.0,+3d,0.0,0,0.029415729619217994,0,0.3465656565656566,TN
Haryana,Rewari,2025-11-19,0,0.0,+3d,0.0,0,0.004993730050159599,0,0.3465656565656566,TN
Haryana,Rewari,2025-11-20,0,0.0,+3d,0.0,0,0.004166666666666667,0,0.3465656565656566,TN
Haryana,Rewari,2025-11-21,0,0.0,+3d,0.0,0,0.004771507827937377,0,0.3465656565656566,TN
Haryana,Rewari,2025-11-22,0,0.0,+3d,0.0,0,0.002077063383492932,0,0.3465656565656566,TN
Haryana,Rewari,2025-11-23,0,0.0,+3d,0.0,0,0.051735128276116635,0,0.3465656565656566,TN
Haryana,Rohtak,2025-10-15,0,0.0,+3d,0.0,0,0.06327380952380952,0,0.3465656565656566,TN
Haryana,Rohtak,2025-10-16,0,0.0,+3d,0.0,0,0.05982489648033125,0,0.3465656565656566,TN
Haryana,Rohtak,2025-10-17,0,0.0,+3d,0.0,0,0.0682832298136646,0,0.3465656565656566,TN
Haryana,Rohtak,2025-10-18,0,0.0,+3d,0.0,0,0.09204388422035484,0,0.3465656565656566,TN
Haryana,Rohtak,2025-10-19,0,0.0,+3d,1.0,0,0.06790201914098974,0,0.3465656565656566,TN
Haryana,Rohtak,2025-10-20,0,0.0,+3d,0.0,0,0.16508367542419272,0,0.3465656565656566,TN
Haryana,Rohtak,2025-10-21,0,0.0,+3d,0.0,0,0.10562523342670403,0,0.3465656565656566,TN
Haryana,Rohtak,2025-10-22,1,1.71,+3d,0.0,0,0.12782886904761903,0,0.3465656565656566,TN
Haryana,Rohtak,2025-10-23,0,0.0,+3d,0.0,0,0.04729166666666666,0,0.3465656565656566,TN
Haryana,Rohtak,2025-10-24,0,0.0,+3d,0.0,0,0.05278571428571428,0,0.3465656565656566,TN
Haryana,Rohtak,2025-10-25,0,0.0,+3d,0.0,0,0.05059388528138528,0,0.3465656565656566,TN
Haryana,Rohtak,2025-10-26,0,0.0,+3d,0.0,0,0.049892496392496384,0,0.3465656565656566,TN
Haryana,Rohtak,2025-10-27,0,0.0,+3d,0.0,0,0.04602413890457369,0,0.3465656565656566,TN
Haryana,Rohtak,2025-10-28,0,0.0,+3d,1.0,0,0.049550091575091576,0,0.3465656565656566,TN
Haryana,Rohtak,2025-10-29,0,0.0,+3d,0.0,0,0.07980845543345544,0,0.3465656565656566,TN
Haryana,Rohtak,2025-10-30,0,0.0,+3d,2.0,0,0.08328006715506717,0,0.3465656565656566,TN
Haryana,Rohtak,2025-10-31,1,3.1,+3d,3.0,1,0.10293452380952381,0,0.3465656565656566,FN
Haryana,Rohtak,2025-11-01,0,0.0,+3d,1.0,0,0.07412040839062897,0,0.3465656565656566,TN
Haryana,Rohtak,2025-11-02,2,34.44,+3d,5.0,1,0.2266578947368421,0,0.3465656565656566,FN
Haryana,Rohtak,2025-11-03,3,9.02,+3d,5.0,1,0.30787499999999995,0,0.3465656565656566,FN
Haryana,Rohtak,2025-11-04,1,3.79,+3d,5.0,1,0.262,0,0.3465656565656566,FN
Haryana,Rohtak,2025-11-05,5,8.76,+3d,6.0,1,0.38839583333333344,1,0.3465656565656566,TP
Haryana,Rohtak,2025-11-06,5,21.52,+3d,4.0,1,0.550512061403509,1,0.3465656565656566,TP
Haryana,Rohtak,2025-11-07,5,31.38,+3d,5.0,1,0.4079495614035089,1,0.3465656565656566,TP
Haryana,Rohtak,2025-11-08,6,25.07,+3d,12.0,1,0.48632456140350877,1,0.3465656565656566,TP
Haryana,Rohtak,2025-11-09,4,16.03,+3d,6.0,1,0.42416666666666664,1,0.3465656565656566,TP
Haryana,Rohtak,2025-11-10,5,16.18,+3d,10.0,1,0.46725,1,0.3465656565656566,TP
Haryana,Rohtak,2025-11-11,12,46.3,+3d,4.0,1,0.6428035714285713,1,0.3465656565656566,TP
Haryana,Rohtak,2025-11-12,6,14.11,+3d,6.0,1,0.6243749999999999,1,0.3465656565656566,TP
Haryana,Rohtak,2025-11-13,10,37.13,+3d,23.0,1,0.554875,1,0.3465656565656566,TP
Haryana,Rohtak,2025-11-14,4,18.22,+3d,6.0,1,0.37714583333333335,1,0.3465656565656566,TP
Haryana,Rohtak,2025-11-15,6,16.89,+3d,1.0,0,0.3866666666666667,1,0.3465656565656566,FP
Haryana,Rohtak,2025-11-16,23,79.53999999999999,+3d,2.0,0,0.6032857142857142,1,0.3465656565656566,FP
Haryana,Rohtak,2025-11-17,6,12.26,+3d,3.0,1,0.6125000000000002,1,0.3465656565656566,TP
Haryana,Rohtak,2025-11-18,1,3.2,+3d,5.0,1,0.4455297619047618,1,0.3465656565656566,TP
Haryana,Rohtak,2025-11-19,2,5.550000000000001,+3d,9.0,1,0.4634642857142856,1,0.3465656565656566,TP
Haryana,Rohtak,2025-11-20,3,9.87,+3d,7.0,1,0.2893392857142857,0,0.3465656565656566,FN
Haryana,Rohtak,2025-11-21,5,7.93,+3d,2.0,0,0.34745833333333337,1,0.3465656565656566,FP
Haryana,Rohtak,2025-11-22,9,27.74,+3d,3.0,1,0.36199999999999993,1,0.3465656565656566,TP
Haryana,Rohtak,2025-11-23,7,12.76,+3d,6.0,1,0.29233170995671,0,0.3465656565656566,FN
Haryana,Sirsa,2025-10-15,3,2.92,+3d,0.0,0,0.25020535714285713,0,0.3465656565656566,TN
Haryana,Sirsa,2025-10-16,2,4.93,+3d,1.0,0,0.16518055555555555,0,0.3465656565656566,TN
Haryana,Sirsa,2025-10-17,8,24.57,+3d,0.0,0,0.5384255952380953,1,0.3465656565656566,FP
Haryana,Sirsa,2025-10-18,0,0.0,+3d,2.0,0,0.45648809523809514,1,0.3465656565656566,FP
Haryana,Sirsa,2025-10-19,1,4.81,+3d,14.0,1,0.49486011904761923,1,0.3465656565656566,TP
Haryana,Sirsa,2025-10-20,0,0.0,+3d,1.0,0,0.5642083333333334,1,0.3465656565656566,FP
Haryana,Sirsa,2025-10-21,2,4.77,+3d,2.0,0,0.24713095238095242,0,0.3465656565656566,TN
Haryana,Sirsa,2025-10-22,14,61.32,+3d,3.0,1,0.6834285714285716,1,0.3465656565656566,TP
Haryana,Sirsa,2025-10-23,1,2.2,+3d,17.0,1,0.6394464285714286,1,0.3465656565656566,TP
Haryana,Sirsa,2025-10-24,2,4.15,+3d,6.0,1,0.5740744047619049,1,0.3465656565656566,TP
Haryana,Sirsa,2025-10-25,3,5.359999999999999,+3d,0.0,0,0.5473541666666667,1,0.3465656565656566,FP
Haryana,Sirsa,2025-10-26,17,62.18,+3d,2.0,0,0.7055281385281387,1,0.3465656565656566,FP
Haryana,Sirsa,2025-10-27,6,6.94,+3d,5.0,1,0.6201101190476191,1,0.3465656565656566,TP
Haryana,Sirsa,2025-10-28,0,0.0,+3d,4.0,1,0.6831964285714287,1,0.3465656565656566,TP
Haryana,Sirsa,2025-10-29,2,9.95,+3d,10.0,1,0.6418789682539682,1,0.3465656565656566,TP
Haryana,Sirsa,2025-10-30,5,16.400000000000002,+3d,9.0,1,0.6315,1,0.3465656565656566,TP
Haryana,Sirsa,2025-10-31,4,10.83,+3d,8.0,1,0.5994166666666668,1,0.3465656565656566,TP
Haryana,Sirsa,2025-11-01,10,24.6,+3d,7.0,1,0.5948005952380953,1,0.3465656565656566,TP
Haryana,Sirsa,2025-11-02,9,18.49,+3d,7.0,1,0.5258749999999999,1,0.3465656565656566,TP
Haryana,Sirsa,2025-11-03,8,35.480000000000004,+3d,5.0,1,0.515879485645933,1,0.3465656565656566,TP
Haryana,Sirsa,2025-11-04,7,19.47,+3d,4.0,1,0.5730059523809524,1,0.3465656565656566,TP
Haryana,Sirsa,2025-11-05,7,8.85,+3d,4.0,1,0.4754642857142856,1,0.3465656565656566,TP
Haryana,Sirsa,2025-11-06,5,8.040000000000001,+3d,9.0,1,0.27449999999999997,0,0.3465656565656566,FN
Haryana,Sirsa,2025-11-07,4,14.38,+3d,8.0,1,0.30607456140350875,0,0.3465656565656566,FN
Haryana,Sirsa,2025-11-08,4,10.9,+3d,5.0,1,0.22681547619047618,0,0.3465656565656566,FN
Haryana,Sirsa,2025-11-09,9,18.64,+3d,4.0,1,0.4575178571428573,1,0.3465656565656566,TP
Haryana,Sirsa,2025-11-10,8,15.43,+3d,4.0,1,0.43779166666666663,1,0.3465656565656566,TP
Haryana,Sirsa,2025-11-11,5,15.95,+3d,7.0,1,0.36424122807017545,1,0.3465656565656566,TP
Haryana,Sirsa,2025-11-12,4,5.46,+3d,5.0,1,0.43468452380952377,1,0.3465656565656566,TP
Haryana,Sirsa,2025-11-13,4,15.64,+3d,7.0,1,0.4066995614035088,1,0.3465656565656566,TP
Haryana,Sirsa,2025-11-14,7,33.77,+3d,8.0,1,0.49794940476190486,1,0.3465656565656566,TP
Haryana,Sirsa,2025-11-15,5,19.81,+3d,7.0,1,0.4136666666666667,1,0.3465656565656566,TP
Haryana,Sirsa,2025-11-16,7,13.23,+3d,12.0,1,0.47808333333333336,1,0.3465656565656566,TP
Haryana,Sirsa,2025-11-17,8,17.540000000000003,+3d,3.0,1,0.3757708333333333,1,0.3465656565656566,TP
Haryana,Sirsa,2025-11-18,7,16.15,+3d,2.0,0,0.35939583333333347,1,0.3465656565656566,FP
Haryana,Sirsa,2025-11-19,12,27.95,+3d,1.0,0,0.36912202380952386,1,0.3465656565656566,FP
Haryana,Sirsa,2025-11-20,3,11.03,+3d,1.0,0,0.28147321428571437,0,0.3465656565656566,TN
Haryana,Sirsa,2025-11-21,2,5.75,+3d,0.0,0,0.26122916666666673,0,0.3465656565656566,TN
Haryana,Sirsa,2025-11-22,1,2.12,+3d,0.0,0,0.27707575757575753,0,0.3465656565656566,TN
Haryana,Sirsa,2025-11-23,1,0.68,+3d,0.0,0,0.2430654761904762,0,0.3465656565656566,TN
Haryana,Sonipat,2025-10-15,1,1.64,+3d,0.0,0,0.15831845238095235,0,0.3465656565656566,TN
Haryana,Sonipat,2025-10-16,0,0.0,+3d,0.0,0,0.07556349206349207,0,0.3465656565656566,TN
Haryana,Sonipat,2025-10-17,0,0.0,+3d,0.0,0,0.0682959643013991,0,0.3465656565656566,TN
Haryana,Sonipat,2025-10-18,0,0.0,+3d,0.0,0,0.06295734126984126,0,0.3465656565656566,TN
Haryana,Sonipat,2025-10-19,0,0.0,+3d,0.0,0,0.1034961749851456,0,0.3465656565656566,TN
Haryana,Sonipat,2025-10-20,0,0.0,+3d,0.0,0,0.0727202380952381,0,0.3465656565656566,TN
Haryana,Sonipat,2025-10-21,0,0.0,+3d,0.0,0,0.07563267390289449,0,0.3465656565656566,TN
Haryana,Sonipat,2025-10-22,0,0.0,+3d,0.0,0,0.10174346139971141,0,0.3465656565656566,TN
Haryana,Sonipat,2025-10-23,0,0.0,+3d,1.0,0,0.01953452380952381,0,0.3465656565656566,TN
Haryana,Sonipat,2025-10-24,0,0.0,+3d,0.0,0,0.034479960317460326,0,0.3465656565656566,TN
Haryana,Sonipat,2025-10-25,0,0.0,+3d,0.0,0,0.023694317120787713,0,0.3465656565656566,TN
Haryana,Sonipat,2025-10-26,1,0.67,+3d,0.0,0,0.05122619047619047,0,0.3465656565656566,TN
Haryana,Sonipat,2025-10-27,0,0.0,+3d,0.0,0,0.012483766233766234,0,0.3465656565656566,TN
Haryana,Sonipat,2025-10-28,0,0.0,+3d,1.0,0,0.030464972527472524,0,0.3465656565656566,TN
Haryana,Sonipat,2025-10-29,0,0.0,+3d,2.0,0,0.06922205572205574,0,0.3465656565656566,TN
Haryana,Sonipat,2025-10-30,0,0.0,+3d,3.0,1,0.024895634920634922,0,0.3465656565656566,FN
Haryana,Sonipat,2025-10-31,1,2.27,+3d,1.0,0,0.0720109126984127,0,0.3465656565656566,TN
Haryana,Sonipat,2025-11-01,2,7.83,+3d,5.0,1,0.12687500000000002,0,0.3465656565656566,FN
Haryana,Sonipat,2025-11-02,3,13.86,+3d,4.0,1,0.3375833333333334,0,0.3465656565656566,FN
Haryana,Sonipat,2025-11-03,1,0.82,+3d,7.0,1,0.25178869047619035,0,0.3465656565656566,FN
Haryana,Sonipat,2025-11-04,5,17.57,+3d,6.0,1,0.41593749999999985,1,0.3465656565656566,TP
Haryana,Sonipat,2025-11-05,4,2.64,+3d,2.0,0,0.4814880952380953,1,0.3465656565656566,FP
Haryana,Sonipat,2025-11-06,7,23.87,+3d,12.0,1,0.6107291666666668,1,0.3465656565656566,TP
Haryana,Sonipat,2025-11-07,6,25.61,+3d,1.0,0,0.4316458333333334,1,0.3465656565656566,FP
Haryana,Sonipat,2025-11-08,2,7.57,+3d,12.0,1,0.4813333333333336,1,0.3465656565656566,TP
Haryana,Sonipat,2025-11-09,12,53.510000000000005,+3d,6.0,1,0.644235119047619,1,0.3465656565656566,TP
Haryana,Sonipat,2025-11-10,1,3.09,+3d,4.0,1,0.5987738095238092,1,0.3465656565656566,TP
Haryana,Sonipat,2025-11-11,12,27.05,+3d,10.0,1,0.6102083333333334,1,0.3465656565656566,TP
Haryana,Sonipat,2025-11-12,6,22.36,+3d,11.0,1,0.43660714285714286,1,0.3465656565656566,TP
Haryana,Sonipat,2025-11-13,4,10.65,+3d,16.0,1,0.5047916666666667,1,0.3465656565656566,TP
Haryana,Sonipat,2025-11-14,10,36.19,+3d,8.0,1,0.4866874999999999,1,0.3465656565656566,TP
Haryana,Sonipat,2025-11-15,11,34.99,+3d,2.0,0,0.5446279761904761,1,0.3465656565656566,FP
Haryana,Sonipat,2025-11-16,16,63.61,+3d,4.0,1,0.7462261904761904,1,0.3465656565656566,TP
Haryana,Sonipat,2025-11-17,8,27.08,+3d,2.0,0,0.5637291666666666,1,0.3465656565656566,FP
Haryana,Sonipat,2025-11-18,2,7.31,+3d,0.0,0,0.38887499999999986,1,0.3465656565656566,FP
Haryana,Sonipat,2025-11-19,4,20.27,+3d,5.0,1,0.4098333333333333,1,0.3465656565656566,TP
Haryana,Sonipat,2025-11-20,2,1.2400000000000002,+3d,12.0,1,0.2643541666666666,0,0.3465656565656566,FN
Haryana,Sonipat,2025-11-21,0,0.0,+3d,1.0,0,0.3686755952380954,1,0.3465656565656566,FP
Haryana,Sonipat,2025-11-22,5,14.0,+3d,0.0,0,0.3273138528138528,0,0.3465656565656566,TN
Haryana,Sonipat,2025-11-23,12,33.33,+3d,8.0,1,0.34452813852813846,0,0.3465656565656566,FN
Haryana,Yamunanagar,2025-10-15,0,0.0,+3d,2.0,0,0.14129146825396824,0,0.3465656565656566,TN
Haryana,Yamunanagar,2025-10-16,4,15.06,+3d,1.0,0,0.33165575396825386,0,0.3465656565656566,TN
Haryana,Yamunanagar,2025-10-17,0,0.0,+3d,2.0,0,0.2772688492063492,0,0.3465656565656566,TN
Haryana,Yamunanagar,2025-10-18,2,2.39,+3d,0.0,0,0.21125793650793653,0,0.3465656565656566,TN
Haryana,Yamunanagar,2025-10-19,1,3.86,+3d,1.0,0,0.35189583333333346,1,0.3465656565656566,FP
Haryana,Yamunanagar,2025-10-20,2,7.58,+3d,0.0,0,0.2983824404761905,0,0.3465656565656566,TN
Haryana,Yamunanagar,2025-10-21,0,0.0,+3d,0.0,0,0.3375833333333332,0,0.3465656565656566,TN
Haryana,Yamunanagar,2025-10-22,1,1.44,+3d,0.0,0,0.24833703102453103,0,0.3465656565656566,TN
Haryana,Yamunanagar,2025-10-23,0,0.0,+3d,0.0,0,0.28528525641025637,0,0.3465656565656566,TN
Haryana,Yamunanagar,2025-10-24,0,0.0,+3d,0.0,0,0.10816559829059828,0,0.3465656565656566,TN
Haryana,Yamunanagar,2025-10-25,0,0.0,+3d,0.0,0,0.16471527777777775,0,0.3465656565656566,TN
Haryana,Yamunanagar,2025-10-26,0,0.0,+3d,1.0,0,0.10169854797979797,0,0.3465656565656566,TN
Haryana,Yamunanagar,2025-10-27,0,0.0,+3d,0.0,0,0.11199667693417693,0,0.3465656565656566,TN
Haryana,Yamunanagar,2025-10-28,0,0.0,+3d,0.0,0,0.03165277777777777,0,0.3465656565656566,TN
Haryana,Yamunanagar,2025-10-29,1,0.38,+3d,1.0,0,0.08342155067155069,0,0.3465656565656566,TN
Haryana,Yamunanagar,2025-10-30,0,0.0,+3d,5.0,1,0.11853670634920632,0,0.3465656565656566,FN
Haryana,Yamunanagar,2025-10-31,0,0.0,+3d,3.0,1,0.09591256313131312,0,0.3465656565656566,FN
Haryana,Yamunanagar,2025-11-01,1,5.48,+3d,0.0,0,0.22630357142857144,0,0.3465656565656566,TN
Haryana,Yamunanagar,2025-11-02,5,8.93,+3d,0.0,0,0.20650121753246758,0,0.3465656565656566,TN
Haryana,Yamunanagar,2025-11-03,3,9.27,+3d,0.0,0,0.36272222222222217,1,0.3465656565656566,FP
Haryana,Yamunanagar,2025-11-04,0,0.0,+3d,0.0,0,0.28527380952380954,0,0.3465656565656566,TN
Haryana,Yamunanagar,2025-11-05,0,0.0,+3d,0.0,0,0.19045833333333334,0,0.3465656565656566,TN
Haryana,Yamunanagar,2025-11-06,0,0.0,+3d,0.0,0,0.22338052919302925,0,0.3465656565656566,TN
Haryana,Yamunanagar,2025-11-07,0,0.0,+3d,0.0,0,0.25942941086691085,0,0.3465656565656566,TN
Haryana,Yamunanagar,2025-11-08,0,0.0,+3d,0.0,0,0.18529716117216122,0,0.3465656565656566,TN
Haryana,Yamunanagar,2025-11-09,0,0.0,+3d,0.0,0,0.033145833333333326,0,0.3465656565656566,TN
Haryana,Yamunanagar,2025-11-10,0,0.0,+3d,0.0,0,0.02856730769230769,0,0.3465656565656566,TN
Haryana,Yamunanagar,2025-11-11,0,0.0,+3d,0.0,0,0.0034999999999999996,0,0.3465656565656566,TN
Haryana,Yamunanagar,2025-11-12,0,0.0,+3d,2.0,0,0.004875,0,0.3465656565656566,TN
Haryana,Yamunanagar,2025-11-13,0,0.0,+3d,0.0,0,0.03997766122766123,0,0.3465656565656566,TN
Haryana,Yamunanagar,2025-11-14,0,0.0,+3d,0.0,0,0.0022500000000000003,0,0.3465656565656566,TN
Haryana,Yamunanagar,2025-11-15,2,4.6,+3d,0.0,0,0.050791666666666666,0,0.3465656565656566,TN
Haryana,Yamunanagar,2025-11-16,0,0.0,+3d,0.0,0,0.05787072649572649,0,0.3465656565656566,TN
Haryana,Yamunanagar,2025-11-17,0,0.0,+3d,0.0,0,0.05822023809523809,0,0.3465656565656566,TN
Haryana,Yamunanagar,2025-11-18,0,0.0,+3d,0.0,0,0.021900641025641026,0,0.3465656565656566,TN
Haryana,Yamunanagar,2025-11-19,0,0.0,+3d,0.0,0,0.0014996824311119797,0,0.3465656565656566,TN
Haryana,Yamunanagar,2025-11-20,0,0.0,+3d,1.0,0,0.056842483060417844,0,0.3465656565656566,TN
Haryana,Yamunanagar,2025-11-21,0,0.0,+3d,0.0,0,0.020500566269495823,0,0.3465656565656566,TN
Haryana,Yamunanagar,2025-11-22,0,0.0,+3d,2.0,0,0.008416666666666666,0,0.3465656565656566,TN
Haryana,Yamunanagar,2025-11-23,1,1.39,+3d,1.0,0,0.028757945736434108,0,0.3465656565656566,TN
Punjab,Amritsar,2025-10-15,12,35.05,+3d,6.0,1,0.6183869047619048,1,0.3465656565656566,TP
Punjab,Amritsar,2025-10-16,16,68.16,+3d,45.0,1,0.7619791666666665,1,0.3465656565656566,TP
Punjab,Amritsar,2025-10-17,8,32.87,+3d,20.0,1,0.8596666666666667,1,0.3465656565656566,TP
Punjab,Amritsar,2025-10-18,6,21.91,+3d,19.0,1,0.7602916666666667,1,0.3465656565656566,TP
Punjab,Amritsar,2025-10-19,45,240.68,+3d,22.0,1,0.8664583333333334,1,0.3465656565656566,TP
Punjab,Amritsar,2025-10-20,20,92.65,+3d,16.0,1,0.9749583333333334,1,0.3465656565656566,TP
Punjab,Amritsar,2025-10-21,19,88.28,+3d,1.0,0,0.9847916666666666,1,0.3465656565656566,FP
Punjab,Amritsar,2025-10-22,22,118.74,+3d,13.0,1,0.98175,1,0.3465656565656566,TP
Punjab,Amritsar,2025-10-23,16,66.03,+3d,22.0,1,0.9332083333333334,1,0.3465656565656566,TP
Punjab,Amritsar,2025-10-24,1,2.08,+3d,24.0,1,0.8752499999999999,1,0.3465656565656566,TP
Punjab,Amritsar,2025-10-25,13,47.41,+3d,6.0,1,0.9486190476190478,1,0.3465656565656566,TP
Punjab,Amritsar,2025-10-26,22,98.56,+3d,7.0,1,0.966220238095238,1,0.3465656565656566,TP
Punjab,Amritsar,2025-10-27,24,90.37,+3d,23.0,1,0.9620833333333334,1,0.3465656565656566,TP
Punjab,Amritsar,2025-10-28,6,33.58,+3d,27.0,1,0.8539166666666665,1,0.3465656565656566,TP
Punjab,Amritsar,2025-10-29,7,37.73,+3d,37.0,1,0.8674999999999998,1,0.3465656565656566,TP
Punjab,Amritsar,2025-10-30,23,143.86,+3d,28.0,1,0.9722916666666669,1,0.3465656565656566,TP
Punjab,Amritsar,2025-10-31,27,94.06,+3d,9.0,1,0.9767083333333333,1,0.3465656565656566,TP
Punjab,Amritsar,2025-11-01,37,118.21,+3d,26.0,1,0.9311845238095241,1,0.3465656565656566,TP
Punjab,Amritsar,2025-11-02,28,109.47,+3d,29.0,1,0.9429374999999999,1,0.3465656565656566,TP
Punjab,Amritsar,2025-11-03,9,30.4,+3d,23.0,1,0.7402291666666667,1,0.3465656565656566,TP
Punjab,Amritsar,2025-11-04,26,112.51,+3d,8.0,1,0.8534166666666668,1,0.3465656565656566,TP
Punjab,Amritsar,2025-11-05,29,131.59,+3d,13.0,1,0.8627261904761907,1,0.3465656565656566,TP
Punjab,Amritsar,2025-11-06,23,109.0,+3d,15.0,1,0.8755000000000002,1,0.3465656565656566,TP
Punjab,Amritsar,2025-11-07,8,31.31,+3d,9.0,1,0.6244255952380953,1,0.3465656565656566,TP
Punjab,Amritsar,2025-11-08,13,70.85,+3d,7.0,1,0.8130416666666666,1,0.3465656565656566,TP
Punjab,Amritsar,2025-11-09,15,46.38,+3d,4.0,1,0.8118333333333335,1,0.3465656565656566,TP
Punjab,Amritsar,2025-11-10,9,34.5,+3d,2.0,0,0.7192797619047617,1,0.3465656565656566,FP
Punjab,Amritsar,2025-11-11,7,14.15,+3d,2.0,0,0.5385863095238096,1,0.3465656565656566,FP
Punjab,Amritsar,2025-11-12,4,9.57,+3d,2.0,0,0.5132142857142858,1,0.3465656565656566,FP
Punjab,Amritsar,2025-11-13,2,5.67,+3d,6.0,1,0.5161488095238096,1,0.3465656565656566,TP
Punjab,Amritsar,2025-11-14,2,10.12,+3d,0.0,0,0.4108988095238096,1,0.3465656565656566,FP
Punjab,Amritsar,2025-11-15,2,8.0,+3d,0.0,0,0.42763690476190475,1,0.3465656565656566,FP
Punjab,Amritsar,2025-11-16,6,30.14,+3d,0.0,0,0.5130238095238095,1,0.3465656565656566,FP
Punjab,Amritsar,2025-11-17,0,0.0,+3d,0.0,0,0.4576904761904761,1,0.3465656565656566,FP
Punjab,Amritsar,2025-11-18,0,0.0,+3d,0.0,0,0.45117559523809503,1,0.3465656565656566,FP
Punjab,Amritsar,2025-11-19,0,0.0,+3d,1.0,0,0.37686706349206356,1,0.3465656565656566,FP
Punjab,Amritsar,2025-11-20,0,0.0,+3d,4.0,1,0.1788391330891331,0,0.3465656565656566,FN
Punjab,Amritsar,2025-11-21,0,0.0,+3d,0.0,0,0.20381150793650793,0,0.3465656565656566,TN
Punjab,Amritsar,2025-11-22,1,3.81,+3d,0.0,0,0.12930952380952385,0,0.3465656565656566,TN
Punjab,Amritsar,2025-11-23,4,13.1,+3d,0.0,0,0.22730952380952385,0,0.3465656565656566,TN
Punjab,Barnala,2025-10-15,0,0.0,+3d,0.0,0,0.06710159200702678,0,0.3465656565656566,TN
Punjab,Barnala,2025-10-16,0,0.0,+3d,0.0,0,0.014723511904761906,0,0.3465656565656566,TN
Punjab,Barnala,2025-10-17,0,0.0,+3d,0.0,0,0.14228605637657363,0,0.3465656565656566,TN
Punjab,Barnala,2025-10-18,0,0.0,+3d,0.0,0,0.033635336191586186,0,0.3465656565656566,TN
Punjab,Barnala,2025-10-19,0,0.0,+3d,0.0,0,0.04894226986249045,0,0.3465656565656566,TN
Punjab,Barnala,2025-10-20,0,0.0,+3d,0.0,0,0.064710062813004,0,0.3465656565656566,TN
Punjab,Barnala,2025-10-21,0,0.0,+3d,0.0,0,0.07751153330977115,0,0.3465656565656566,TN
Punjab,Barnala,2025-10-22,0,0.0,+3d,0.0,0,0.11031907299231085,0,0.3465656565656566,TN
Punjab,Barnala,2025-10-23,0,0.0,+3d,3.0,1,0.130478299182787,0,0.3465656565656566,FN
Punjab,Barnala,2025-10-24,0,0.0,+3d,2.0,0,0.12205745745267803,0,0.3465656565656566,TN
Punjab,Barnala,2025-10-25,0,0.0,+3d,1.0,0,0.11601785714285714,0,0.3465656565656566,TN
Punjab,Barnala,2025-10-26,3,7.86,+3d,3.0,1,0.34912202380952384,1,0.3465656565656566,TP
Punjab,Barnala,2025-10-27,2,7.640000000000001,+3d,3.0,1,0.4006041666666667,1,0.3465656565656566,TP
Punjab,Barnala,2025-10-28,1,4.59,+3d,6.0,1,0.5557500000000001,1,0.3465656565656566,TP
Punjab,Barnala,2025-10-29,3,16.8,+3d,10.0,1,0.7248632518796991,1,0.3465656565656566,TP
Punjab,Barnala,2025-10-30,3,18.94,+3d,8.0,1,0.6741250000000001,1,0.3465656565656566,TP
Punjab,Barnala,2025-10-31,6,37.17,+3d,6.0,1,0.8469287280701754,1,0.3465656565656566,TP
Punjab,Barnala,2025-11-01,10,56.52,+3d,12.0,1,0.8736995614035087,1,0.3465656565656566,TP
Punjab,Barnala,2025-11-02,8,45.7,+3d,2.0,0,0.9097857142857143,1,0.3465656565656566,FP
Punjab,Barnala,2025-11-03,6,37.37,+3d,1.0,0,0.7529553571428571,1,0.3465656565656566,FP
Punjab,Barnala,2025-11-04,12,124.62,+3d,0.0,0,0.8949702380952382,1,0.3465656565656566,FP
Punjab,Barnala,2025-11-05,2,10.62,+3d,2.0,0,0.6391666666666667,1,0.3465656565656566,FP
Punjab,Barnala,2025-11-06,1,1.65,+3d,4.0,1,0.4794821428571429,1,0.3465656565656566,TP
Punjab,Barnala,2025-11-07,0,0.0,+3d,8.0,1,0.5476666666666666,1,0.3465656565656566,TP
Punjab,Barnala,2025-11-08,2,4.4,+3d,2.0,0,0.2889146825396825,0,0.3465656565656566,TN
Punjab,Barnala,2025-11-09,4,11.85,+3d,2.0,0,0.4778869047619048,1,0.3465656565656566,FP
Punjab,Barnala,2025-11-10,8,38.44,+3d,2.0,0,0.7007442042606518,1,0.3465656565656566,FP
Punjab,Barnala,2025-11-11,2,5.19,+3d,1.0,0,0.4603214285714283,1,0.3465656565656566,FP
Punjab,Barnala,2025-11-12,2,39.4,+3d,5.0,1,0.5327857142857142,1,0.3465656565656566,TP
Punjab,Barnala,2025-11-13,2,15.18,+3d,1.0,0,0.4649821428571429,1,0.3465656565656566,FP
Punjab,Barnala,2025-11-14,1,3.39,+3d,0.0,0,0.5105178571428572,1,0.3465656565656566,FP
Punjab,Barnala,2025-11-15,5,33.09,+3d,0.0,0,0.5297708333333334,1,0.3465656565656566,FP
Punjab,Barnala,2025-11-16,1,1.66,+3d,0.0,0,0.5849583333333334,1,0.3465656565656566,FP
Punjab,Barnala,2025-11-17,0,0.0,+3d,0.0,0,0.3340595238095238,0,0.3465656565656566,TN
Punjab,Barnala,2025-11-18,0,0.0,+3d,0.0,0,0.36462896825396834,1,0.3465656565656566,FP
Punjab,Barnala,2025-11-19,0,0.0,+3d,0.0,0,0.08765178571428571,0,0.3465656565656566,TN
Punjab,Barnala,2025-11-20,0,0.0,+3d,0.0,0,0.1851626984126984,0,0.3465656565656566,TN
Punjab,Barnala,2025-11-21,0,0.0,+3d,0.0,0,0.028250537505972288,0,0.3465656565656566,TN
Punjab,Barnala,2025-11-22,0,0.0,+3d,0.0,0,0.08634821428571428,0,0.3465656565656566,TN
Punjab,Barnala,2025-11-23,0,0.0,+3d,0.0,0,0.03531944444444445,0,0.3465656565656566,TN
Punjab,Bathinda,2025-10-15,1,1.18,+3d,0.0,0,0.2581011904761905,0,0.3465656565656566,TN
Punjab,Bathinda,2025-10-16,0,0.0,+3d,0.0,0,0.1007125350140056,0,0.3465656565656566,TN
Punjab,Bathinda,2025-10-17,4,63.8,+3d,5.0,1,0.5014285714285716,1,0.3465656565656566,TP
Punjab,Bathinda,2025-10-18,0,0.0,+3d,2.0,0,0.32826388888888886,0,0.3465656565656566,TN
Punjab,Bathinda,2025-10-19,0,0.0,+3d,17.0,1,0.3194315476190477,0,0.3465656565656566,FN
Punjab,Bathinda,2025-10-20,5,17.72,+3d,3.0,1,0.5261726190476189,1,0.3465656565656566,TP
Punjab,Bathinda,2025-10-21,2,4.890000000000001,+3d,4.0,1,0.4670595238095237,1,0.3465656565656566,TP
Punjab,Bathinda,2025-10-22,17,87.66,+3d,7.0,1,0.7486964285714285,1,0.3465656565656566,TP
Punjab,Bathinda,2025-10-23,3,19.55,+3d,13.0,1,0.6670565476190476,1,0.3465656565656566,TP
Punjab,Bathinda,2025-10-24,4,28.48,+3d,8.0,1,0.6150535714285714,1,0.3465656565656566,TP
Punjab,Bathinda,2025-10-25,7,29.89,+3d,9.0,1,0.729297619047619,1,0.3465656565656566,TP
Punjab,Bathinda,2025-10-26,13,74.64,+3d,13.0,1,0.8153333333333335,1,0.3465656565656566,TP
Punjab,Bathinda,2025-10-27,8,43.22,+3d,18.0,1,0.784529761904762,1,0.3465656565656566,TP
Punjab,Bathinda,2025-10-28,9,58.940000000000005,+3d,41.0,1,0.8748958333333333,1,0.3465656565656566,TP
Punjab,Bathinda,2025-10-29,13,140.1,+3d,26.0,1,0.9020327380952382,1,0.3465656565656566,TP
Punjab,Bathinda,2025-10-30,18,127.21,+3d,30.0,1,0.9539166666666666,1,0.3465656565656566,TP
Punjab,Bathinda,2025-10-31,41,315.65000000000003,+3d,17.0,1,0.980875,1,0.3465656565656566,TP
Punjab,Bathinda,2025-11-01,26,202.89,+3d,27.0,1,0.969979166666667,1,0.3465656565656566,TP
Punjab,Bathinda,2025-11-02,30,221.48,+3d,12.0,1,0.9763958333333334,1,0.3465656565656566,TP
Punjab,Bathinda,2025-11-03,17,79.41,+3d,24.0,1,0.9335208333333334,1,0.3465656565656566,TP
Punjab,Bathinda,2025-11-04,27,125.34,+3d,41.0,1,0.9730208333333334,1,0.3465656565656566,TP
Punjab,Bathinda,2025-11-05,12,44.44,+3d,20.0,1,0.859791666666667,1,0.3465656565656566,TP
Punjab,Bathinda,2025-11-06,24,116.88,+3d,18.0,1,0.9427499999999999,1,0.3465656565656566,TP
Punjab,Bathinda,2025-11-07,41,237.32,+3d,35.0,1,0.7620000000000001,1,0.3465656565656566,TP
Punjab,Bathinda,2025-11-08,20,100.05,+3d,32.0,1,0.8762499999999999,1,0.3465656565656566,TP
Punjab,Bathinda,2025-11-09,18,112.56,+3d,15.0,1,0.9204166666666665,1,0.3465656565656566,TP
Punjab,Bathinda,2025-11-10,35,228.03,+3d,14.0,1,0.9225416666666666,1,0.3465656565656566,TP
Punjab,Bathinda,2025-11-11,32,118.04,+3d,20.0,1,0.9172916666666666,1,0.3465656565656566,TP
Punjab,Bathinda,2025-11-12,15,44.18,+3d,11.0,1,0.8283333333333333,1,0.3465656565656566,TP
Punjab,Bathinda,2025-11-13,14,69.72,+3d,37.0,1,0.8786805555555556,1,0.3465656565656566,TP
Punjab,Bathinda,2025-11-14,20,112.79,+3d,13.0,1,0.8979404761904763,1,0.3465656565656566,TP
Punjab,Bathinda,2025-11-15,11,34.54,+3d,6.0,1,0.6332916666666666,1,0.3465656565656566,TP
Punjab,Bathinda,2025-11-16,37,147.55,+3d,6.0,1,0.8498124999999999,1,0.3465656565656566,TP
Punjab,Bathinda,2025-11-17,13,55.79,+3d,7.0,1,0.7836666666666666,1,0.3465656565656566,TP
Punjab,Bathinda,2025-11-18,6,25.15,+3d,8.0,1,0.49626785714285715,1,0.3465656565656566,TP
Punjab,Bathinda,2025-11-19,6,39.8,+3d,7.0,1,0.5826041666666666,1,0.3465656565656566,TP
Punjab,Bathinda,2025-11-20,7,21.46,+3d,1.0,0,0.3340416666666667,0,0.3465656565656566,TN
Punjab,Bathinda,2025-11-21,8,30.63,+3d,1.0,0,0.3938333333333333,1,0.3465656565656566,FP
Punjab,Bathinda,2025-11-22,7,37.75,+3d,0.0,0,0.2909745670995671,0,0.3465656565656566,TN
Punjab,Bathinda,2025-11-23,1,1.89,+3d,1.0,0,0.17924837662337662,0,0.3465656565656566,TN
Punjab,Faridkot,2025-10-15,0,0.0,+3d,0.0,0,0.05893231421356421,0,0.3465656565656566,TN
Punjab,Faridkot,2025-10-16,1,2.22,+3d,1.0,0,0.2183555194805195,0,0.3465656565656566,TN
Punjab,Faridkot,2025-10-17,1,5.47,+3d,0.0,0,0.4747472943722944,1,0.3465656565656566,FP
Punjab,Faridkot,2025-10-18,0,0.0,+3d,2.0,0,0.1267619127196333,0,0.3465656565656566,TN
Punjab,Faridkot,2025-10-19,1,5.6,+3d,5.0,1,0.39996158008658006,1,0.3465656565656566,TP
Punjab,Faridkot,2025-10-20,0,0.0,+3d,1.0,0,0.22503499278499273,0,0.3465656565656566,TN
Punjab,Faridkot,2025-10-21,2,7.15,+3d,2.0,0,0.6079632936507935,1,0.3465656565656566,FP
Punjab,Faridkot,2025-10-22,5,24.04,+3d,5.0,1,0.6373482142857143,1,0.3465656565656566,TP
Punjab,Faridkot,2025-10-23,1,6.57,+3d,5.0,1,0.5506607142857142,1,0.3465656565656566,TP
Punjab,Faridkot,2025-10-24,2,5.51,+3d,3.0,1,0.5382083333333334,1,0.3465656565656566,TP
Punjab,Faridkot,2025-10-25,5,26.76,+3d,2.0,0,0.6863541666666666,1,0.3465656565656566,FP
Punjab,Faridkot,2025-10-26,5,17.33,+3d,9.0,1,0.7758482142857143,1,0.3465656565656566,TP
Punjab,Faridkot,2025-10-27,3,11.5,+3d,5.0,1,0.6596130952380953,1,0.3465656565656566,TP
Punjab,Faridkot,2025-10-28,2,8.79,+3d,9.0,1,0.6948630952380952,1,0.3465656565656566,TP
Punjab,Faridkot,2025-10-29,9,88.17,+3d,4.0,1,0.8244287280701754,1,0.3465656565656566,TP
Punjab,Faridkot,2025-10-30,5,17.3,+3d,8.0,1,0.861549603174603,1,0.3465656565656566,TP
Punjab,Faridkot,2025-10-31,9,39.27,+3d,0.0,0,0.8809583333333331,1,0.3465656565656566,FP
Punjab,Faridkot,2025-11-01,4,28.95,+3d,11.0,1,0.5627916666666666,1,0.3465656565656566,TP
Punjab,Faridkot,2025-11-02,8,50.22,+3d,12.0,1,0.7707291666666666,1,0.3465656565656566,TP
Punjab,Faridkot,2025-11-03,0,0.0,+3d,19.0,1,0.5521011904761906,1,0.3465656565656566,TP
Punjab,Faridkot,2025-11-04,11,61.760000000000005,+3d,8.0,1,0.794875,1,0.3465656565656566,TP
Punjab,Faridkot,2025-11-05,12,48.12,+3d,15.0,1,0.840809523809524,1,0.3465656565656566,TP
Punjab,Faridkot,2025-11-06,19,138.35,+3d,20.0,1,0.9346994047619047,1,0.3465656565656566,TP
Punjab,Faridkot,2025-11-07,8,23.32,+3d,3.0,1,0.6223392857142858,1,0.3465656565656566,TP
Punjab,Faridkot,2025-11-08,15,90.21,+3d,9.0,1,0.8151339285714286,1,0.3465656565656566,TP
Punjab,Faridkot,2025-11-09,20,190.47,+3d,3.0,1,0.9270416666666668,1,0.3465656565656566,TP
Punjab,Faridkot,2025-11-10,3,10.91,+3d,4.0,1,0.7598749999999999,1,0.3465656565656566,TP
Punjab,Faridkot,2025-11-11,9,65.49,+3d,0.0,0,0.8267916666666666,1,0.3465656565656566,FP
Punjab,Faridkot,2025-11-12,3,11.0,+3d,2.0,0,0.5706785714285715,1,0.3465656565656566,FP
Punjab,Faridkot,2025-11-13,4,12.6,+3d,7.0,1,0.4567916666666666,1,0.3465656565656566,TP
Punjab,Faridkot,2025-11-14,0,0.0,+3d,4.0,1,0.4332857142857142,1,0.3465656565656566,TP
Punjab,Faridkot,2025-11-15,2,6.69,+3d,0.0,0,0.2846527777777778,0,0.3465656565656566,TN
Punjab,Faridkot,2025-11-16,7,34.44,+3d,2.0,0,0.6625357142857143,1,0.3465656565656566,FP
Punjab,Faridkot,2025-11-17,4,30.05,+3d,2.0,0,0.5359793233082707,1,0.3465656565656566,FP
Punjab,Faridkot,2025-11-18,0,0.0,+3d,0.0,0,0.41840476190476183,1,0.3465656565656566,FP
Punjab,Faridkot,2025-11-19,2,17.740000000000002,+3d,0.0,0,0.4176488095238096,1,0.3465656565656566,FP
Punjab,Faridkot,2025-11-20,2,11.43,+3d,0.0,0,0.34944047619047625,1,0.3465656565656566,FP
Punjab,Faridkot,2025-11-21,0,0.0,+3d,0.0,0,0.3587797619047619,1,0.3465656565656566,FP
Punjab,Faridkot,2025-11-22,0,0.0,+3d,0.0,0,0.3139844877344878,0,0.3465656565656566,TN
Punjab,Faridkot,2025-11-23,0,0.0,+3d,0.0,0,0.21002813852813845,0,0.3465656565656566,TN
Punjab,Fatehgarh Sahib,2025-10-15,0,0.0,+3d,0.0,0,0.0718539411976912,0,0.3465656565656566,TN
Punjab,Fatehgarh Sahib,2025-10-16,0,0.0,+3d,4.0,1,0.06800099206349207,0,0.3465656565656566,FN
Punjab,Fatehgarh Sahib,2025-10-17,0,0.0,+3d,1.0,0,0.055500992063492065,0,0.3465656565656566,TN
Punjab,Fatehgarh Sahib,2025-10-18,0,0.0,+3d,6.0,1,0.09166609015984019,0,0.3465656565656566,FN
Punjab,Fatehgarh Sahib,2025-10-19,4,20.89,+3d,2.0,0,0.5287200854700854,1,0.3465656565656566,FP
Punjab,Fatehgarh Sahib,2025-10-20,1,1.79,+3d,0.0,0,0.44289691558441546,1,0.3465656565656566,FP
Punjab,Fatehgarh Sahib,2025-10-21,6,26.86,+3d,0.0,0,0.6566696428571427,1,0.3465656565656566,FP
Punjab,Fatehgarh Sahib,2025-10-22,2,12.03,+3d,0.0,0,0.617577380952381,1,0.3465656565656566,FP
Punjab,Fatehgarh Sahib,2025-10-23,0,0.0,+3d,14.0,1,0.4193154761904763,1,0.3465656565656566,TP
Punjab,Fatehgarh Sahib,2025-10-24,0,0.0,+3d,3.0,1,0.5565416666666666,1,0.3465656565656566,TP
Punjab,Fatehgarh Sahib,2025-10-25,0,0.0,+3d,4.0,1,0.2320982142857143,0,0.3465656565656566,FN
Punjab,Fatehgarh Sahib,2025-10-26,14,44.94,+3d,3.0,1,0.6692916666666667,1,0.3465656565656566,TP
Punjab,Fatehgarh Sahib,2025-10-27,3,49.03,+3d,0.0,0,0.7063065476190478,1,0.3465656565656566,FP
Punjab,Fatehgarh Sahib,2025-10-28,4,19.14,+3d,5.0,1,0.7800575396825397,1,0.3465656565656566,TP
Punjab,Fatehgarh Sahib,2025-10-29,3,33.61,+3d,8.0,1,0.6776527777777779,1,0.3465656565656566,TP
Punjab,Fatehgarh Sahib,2025-10-30,0,0.0,+3d,5.0,1,0.4903482142857144,1,0.3465656565656566,TP
Punjab,Fatehgarh Sahib,2025-10-31,5,28.4,+3d,1.0,0,0.6915625,1,0.3465656565656566,FP
Punjab,Fatehgarh Sahib,2025-11-01,8,57.0,+3d,3.0,1,0.7844970238095235,1,0.3465656565656566,TP
Punjab,Fatehgarh Sahib,2025-11-02,5,30.47,+3d,6.0,1,0.7178928571428571,1,0.3465656565656566,TP
Punjab,Fatehgarh Sahib,2025-11-03,1,4.68,+3d,6.0,1,0.4786636904761905,1,0.3465656565656566,TP
Punjab,Fatehgarh Sahib,2025-11-04,3,19.16,+3d,8.0,1,0.48029166666666656,1,0.3465656565656566,TP
Punjab,Fatehgarh Sahib,2025-11-05,6,19.16,+3d,8.0,1,0.4989136904761905,1,0.3465656565656566,TP
Punjab,Fatehgarh Sahib,2025-11-06,6,9.41,+3d,5.0,1,0.5650000000000001,1,0.3465656565656566,TP
Punjab,Fatehgarh Sahib,2025-11-07,8,23.52,+3d,1.0,0,0.5284940476190476,1,0.3465656565656566,FP
Punjab,Fatehgarh Sahib,2025-11-08,8,33.71,+3d,3.0,1,0.5591279761904763,1,0.3465656565656566,TP
Punjab,Fatehgarh Sahib,2025-11-09,5,24.72,+3d,1.0,0,0.4405833333333335,1,0.3465656565656566,FP
Punjab,Fatehgarh Sahib,2025-11-10,1,3.45,+3d,0.0,0,0.4894166666666667,1,0.3465656565656566,FP
Punjab,Fatehgarh Sahib,2025-11-11,3,7.37,+3d,2.0,0,0.44225000000000003,1,0.3465656565656566,FP
Punjab,Fatehgarh Sahib,2025-11-12,1,7.2,+3d,3.0,1,0.4501041666666668,1,0.3465656565656566,TP
Punjab,Fatehgarh Sahib,2025-11-13,0,0.0,+3d,4.0,1,0.29459722222222223,0,0.3465656565656566,FN
Punjab,Fatehgarh Sahib,2025-11-14,2,4.34,+3d,1.0,0,0.24321825396825392,0,0.3465656565656566,TN
Punjab,Fatehgarh Sahib,2025-11-15,3,6.069999999999999,+3d,1.0,0,0.3014940476190475,0,0.3465656565656566,TN
Punjab,Fatehgarh Sahib,2025-11-16,4,6.75,+3d,6.0,1,0.3278988095238096,0,0.3465656565656566,FN
Punjab,Fatehgarh Sahib,2025-11-17,1,3.37,+3d,3.0,1,0.28870833333333334,0,0.3465656565656566,FN
Punjab,Fatehgarh Sahib,2025-11-18,1,3.68,+3d,0.0,0,0.2587023809523809,0,0.3465656565656566,TN
Punjab,Fatehgarh Sahib,2025-11-19,6,22.45,+3d,0.0,0,0.3094523809523809,0,0.3465656565656566,TN
Punjab,Fatehgarh Sahib,2025-11-20,3,3.65,+3d,0.0,0,0.3545059523809524,1,0.3465656565656566,FP
Punjab,Fatehgarh Sahib,2025-11-21,0,0.0,+3d,0.0,0,0.29317857142857146,0,0.3465656565656566,TN
Punjab,Fatehgarh Sahib,2025-11-22,0,0.0,+3d,0.0,0,0.32929761904761917,0,0.3465656565656566,TN
Punjab,Fatehgarh Sahib,2025-11-23,0,0.0,+3d,0.0,0,0.17539285714285716,0,0.3465656565656566,TN
Punjab,Fazilka,2025-10-15,0,0.0,+3d,0.0,0,0.30659646358543413,0,0.3465656565656566,TN
Punjab,Fazilka,2025-10-16,2,8.14,+3d,4.0,1,0.5258125,1,0.3465656565656566,TP
Punjab,Fazilka,2025-10-17,3,11.59,+3d,7.0,1,0.5276964285714286,1,0.3465656565656566,TP
Punjab,Fazilka,2025-10-18,0,0.0,+3d,4.0,1,0.38136145320197046,1,0.3465656565656566,TP
Punjab,Fazilka,2025-10-19,4,18.04,+3d,2.0,0,0.5632886904761905,1,0.3465656565656566,FP
Punjab,Fazilka,2025-10-20,7,33.6,+3d,0.0,0,0.6750595238095238,1,0.3465656565656566,FP
Punjab,Fazilka,2025-10-21,4,18.44,+3d,4.0,1,0.7286547619047617,1,0.3465656565656566,TP
Punjab,Fazilka,2025-10-22,2,40.43,+3d,0.0,0,0.6742797619047619,1,0.3465656565656566,FP
Punjab,Fazilka,2025-10-23,0,0.0,+3d,7.0,1,0.5493571428571431,1,0.3465656565656566,TP
Punjab,Fazilka,2025-10-24,4,27.34,+3d,1.0,0,0.6379613095238095,1,0.3465656565656566,FP
Punjab,Fazilka,2025-10-25,0,0.0,+3d,2.0,0,0.5877142857142859,1,0.3465656565656566,FP
Punjab,Fazilka,2025-10-26,7,29.8,+3d,4.0,1,0.7336428571428572,1,0.3465656565656566,TP
Punjab,Fazilka,2025-10-27,1,3.99,+3d,5.0,1,0.52675,1,0.3465656565656566,TP
Punjab,Fazilka,2025-10-28,2,11.98,+3d,10.0,1,0.6224166666666665,1,0.3465656565656566,TP
Punjab,Fazilka,2025-10-29,4,27.86,+3d,12.0,1,0.5852946428571426,1,0.3465656565656566,TP
Punjab,Fazilka,2025-10-30,5,24.56,+3d,13.0,1,0.7347709899749373,1,0.3465656565656566,TP
Punjab,Fazilka,2025-10-31,10,44.28,+3d,13.0,1,0.8244999999999999,1,0.3465656565656566,TP
Punjab,Fazilka,2025-11-01,12,57.93,+3d,16.0,1,0.887684523809524,1,0.3465656565656566,TP
Punjab,Fazilka,2025-11-02,13,84.34,+3d,18.0,1,0.9286369047619049,1,0.3465656565656566,TP
Punjab,Fazilka,2025-11-03,13,134.76,+3d,25.0,1,0.9404702380952381,1,0.3465656565656566,TP
Punjab,Fazilka,2025-11-04,16,119.84,+3d,20.0,1,0.9575119047619048,1,0.3465656565656566,TP
Punjab,Fazilka,2025-11-05,18,102.75,+3d,24.0,1,0.9698750000000002,1,0.3465656565656566,TP
Punjab,Fazilka,2025-11-06,25,259.03000000000003,+3d,46.0,1,0.9563125000000001,1,0.3465656565656566,TP
Punjab,Fazilka,2025-11-07,20,154.25,+3d,17.0,1,0.7746666666666668,1,0.3465656565656566,TP
Punjab,Fazilka,2025-11-08,24,119.77,+3d,23.0,1,0.8387291666666666,1,0.3465656565656566,TP
Punjab,Fazilka,2025-11-09,46,255.47,+3d,14.0,1,0.9433750000000001,1,0.3465656565656566,TP
Punjab,Fazilka,2025-11-10,17,96.81,+3d,19.0,1,0.9163541666666667,1,0.3465656565656566,TP
Punjab,Fazilka,2025-11-11,23,189.2,+3d,29.0,1,0.920375,1,0.3465656565656566,TP
Punjab,Fazilka,2025-11-12,14,117.91,+3d,18.0,1,0.9235714285714285,1,0.3465656565656566,TP
Punjab,Fazilka,2025-11-13,19,143.35,+3d,29.0,1,0.9645833333333332,1,0.3465656565656566,TP
Punjab,Fazilka,2025-11-14,29,271.5,+3d,7.0,1,0.9488333333333333,1,0.3465656565656566,TP
Punjab,Fazilka,2025-11-15,18,61.9,+3d,3.0,1,0.9184583333333335,1,0.3465656565656566,TP
Punjab,Fazilka,2025-11-16,29,117.8,+3d,10.0,1,0.9230654761904761,1,0.3465656565656566,TP
Punjab,Fazilka,2025-11-17,7,33.87,+3d,1.0,0,0.6340863095238095,1,0.3465656565656566,FP
Punjab,Fazilka,2025-11-18,3,15.489999999999998,+3d,10.0,1,0.5045416666666668,1,0.3465656565656566,TP
Punjab,Fazilka,2025-11-19,10,25.72,+3d,4.0,1,0.5967142857142858,1,0.3465656565656566,TP
Punjab,Fazilka,2025-11-20,1,6.82,+3d,3.0,1,0.28821428571428565,0,0.3465656565656566,FN
Punjab,Fazilka,2025-11-21,10,59.63,+3d,0.0,0,0.6146071428571429,1,0.3465656565656566,FP
Punjab,Fazilka,2025-11-22,4,25.17,+3d,5.0,1,0.23601623376623374,0,0.3465656565656566,FN
Punjab,Fazilka,2025-11-23,3,33.96,+3d,1.0,0,0.27921266233766245,0,0.3465656565656566,TN
Punjab,Ferozepur,2025-10-15,3,12.61,+3d,10.0,1,0.5647876984126985,1,0.3465656565656566,TP
Punjab,Ferozepur,2025-10-16,9,81.17999999999999,+3d,7.0,1,0.7157083333333335,1,0.3465656565656566,TP
Punjab,Ferozepur,2025-10-17,7,33.97,+3d,18.0,1,0.7556964285714285,1,0.3465656565656566,TP
Punjab,Ferozepur,2025-10-18,10,29.47,+3d,31.0,1,0.7674940476190476,1,0.3465656565656566,TP
Punjab,Ferozepur,2025-10-19,7,76.3,+3d,18.0,1,0.7338690476190476,1,0.3465656565656566,TP
Punjab,Ferozepur,2025-10-20,18,144.3,+3d,5.0,1,0.8906130952380953,1,0.3465656565656566,TP
Punjab,Ferozepur,2025-10-21,31,177.18,+3d,7.0,1,0.9492500000000001,1,0.3465656565656566,TP
Punjab,Ferozepur,2025-10-22,18,137.65,+3d,12.0,1,0.9372500000000001,1,0.3465656565656566,TP
Punjab,Ferozepur,2025-10-23,5,19.84,+3d,25.0,1,0.7467728174603177,1,0.3465656565656566,TP
Punjab,Ferozepur,2025-10-24,7,31.76,+3d,14.0,1,0.7893482142857144,1,0.3465656565656566,TP
Punjab,Ferozepur,2025-10-25,12,88.68,+3d,10.0,1,0.8762797619047619,1,0.3465656565656566,TP
Punjab,Ferozepur,2025-10-26,25,167.95,+3d,27.0,1,0.9816785714285714,1,0.3465656565656566,TP
Punjab,Ferozepur,2025-10-27,14,99.84,+3d,43.0,1,0.9387083333333334,1,0.3465656565656566,TP
Punjab,Ferozepur,2025-10-28,10,50.78,+3d,35.0,1,0.8333630952380954,1,0.3465656565656566,TP
Punjab,Ferozepur,2025-10-29,27,342.41,+3d,33.0,1,0.9843749999999999,1,0.3465656565656566,TP
Punjab,Ferozepur,2025-10-30,43,284.75,+3d,47.0,1,0.9844702380952381,1,0.3465656565656566,TP
Punjab,Ferozepur,2025-10-31,35,223.29,+3d,26.0,1,0.9943333333333334,1,0.3465656565656566,TP
Punjab,Ferozepur,2025-11-01,33,243.13,+3d,69.0,1,0.9880208333333335,1,0.3465656565656566,TP
Punjab,Ferozepur,2025-11-02,47,320.26,+3d,5.0,1,0.9838541666666667,1,0.3465656565656566,TP
Punjab,Ferozepur,2025-11-03,26,130.48,+3d,20.0,1,0.9717291666666668,1,0.3465656565656566,TP
Punjab,Ferozepur,2025-11-04,69,518.02,+3d,48.0,1,0.9463541666666667,1,0.3465656565656566,TP
Punjab,Ferozepur,2025-11-05,5,39.5,+3d,46.0,1,0.7540416666666665,1,0.3465656565656566,TP
Punjab,Ferozepur,2025-11-06,20,166.86,+3d,77.0,1,0.9198333333333334,1,0.3465656565656566,TP
Punjab,Ferozepur,2025-11-07,48,253.48,+3d,39.0,1,0.7439999999999999,1,0.3465656565656566,TP
Punjab,Ferozepur,2025-11-08,46,301.38,+3d,23.0,1,0.895940476190476,1,0.3465656565656566,TP
Punjab,Ferozepur,2025-11-09,77,484.15,+3d,22.0,1,0.9474166666666666,1,0.3465656565656566,TP
Punjab,Ferozepur,2025-11-10,39,197.49,+3d,21.0,1,0.965,1,0.3465656565656566,TP
Punjab,Ferozepur,2025-11-11,23,143.03,+3d,12.0,1,0.9535416666666666,1,0.3465656565656566,TP
Punjab,Ferozepur,2025-11-12,22,96.13,+3d,20.0,1,0.9186666666666666,1,0.3465656565656566,TP
Punjab,Ferozepur,2025-11-13,21,122.98,+3d,19.0,1,0.9484583333333333,1,0.3465656565656566,TP
Punjab,Ferozepur,2025-11-14,12,70.94,+3d,2.0,0,0.9002083333333334,1,0.3465656565656566,FP
Punjab,Ferozepur,2025-11-15,20,267.89,+3d,4.0,1,0.9125833333333334,1,0.3465656565656566,TP
Punjab,Ferozepur,2025-11-16,19,94.6,+3d,1.0,0,0.9255,1,0.3465656565656566,FP
Punjab,Ferozepur,2025-11-17,2,7.55,+3d,1.0,0,0.563125,1,0.3465656565656566,FP
Punjab,Ferozepur,2025-11-18,4,10.27,+3d,1.0,0,0.6444880952380955,1,0.3465656565656566,FP
Punjab,Ferozepur,2025-11-19,1,4.64,+3d,3.0,1,0.39827976190476194,1,0.3465656565656566,TP
Punjab,Ferozepur,2025-11-20,1,3.39,+3d,0.0,0,0.36730952380952386,1,0.3465656565656566,FP
Punjab,Ferozepur,2025-11-21,1,3.06,+3d,2.0,0,0.4273095238095238,1,0.3465656565656566,FP
Punjab,Ferozepur,2025-11-22,3,9.88,+3d,1.0,0,0.31583170995671,0,0.3465656565656566,TN
Punjab,Ferozepur,2025-11-23,0,0.0,+3d,0.0,0,0.3305608766233766,0,0.3465656565656566,TN
Punjab,Gurdaspur,2025-10-15,0,0.0,+3d,3.0,1,0.3449861111111111,0,0.3465656565656566,FN
Punjab,Gurdaspur,2025-10-16,1,3.49,+3d,4.0,1,0.3855208333333333,1,0.3465656565656566,TP
Punjab,Gurdaspur,2025-10-17,2,6.96,+3d,10.0,1,0.5297152777777778,1,0.3465656565656566,TP
Punjab,Gurdaspur,2025-10-18,3,11.97,+3d,11.0,1,0.44729166666666664,1,0.3465656565656566,TP
Punjab,Gurdaspur,2025-10-19,4,9.85,+3d,18.0,1,0.6900416666666668,1,0.3465656565656566,TP
Punjab,Gurdaspur,2025-10-20,10,38.04,+3d,5.0,1,0.796291666666667,1,0.3465656565656566,TP
Punjab,Gurdaspur,2025-10-21,11,53.23,+3d,4.0,1,0.87625,1,0.3465656565656566,TP
Punjab,Gurdaspur,2025-10-22,18,68.9,+3d,7.0,1,0.9357916666666668,1,0.3465656565656566,TP
Punjab,Gurdaspur,2025-10-23,5,11.48,+3d,23.0,1,0.8278958333333332,1,0.3465656565656566,TP
Punjab,Gurdaspur,2025-10-24,4,15.14,+3d,9.0,1,0.8157916666666665,1,0.3465656565656566,TP
Punjab,Gurdaspur,2025-10-25,7,20.9,+3d,5.0,1,0.6963750000000001,1,0.3465656565656566,TP
Punjab,Gurdaspur,2025-10-26,23,92.27,+3d,0.0,0,0.8806666666666665,1,0.3465656565656566,FP
Punjab,Gurdaspur,2025-10-27,9,22.0,+3d,5.0,1,0.7921121031746032,1,0.3465656565656566,TP
Punjab,Gurdaspur,2025-10-28,5,21.13,+3d,10.0,1,0.7388958333333335,1,0.3465656565656566,TP
Punjab,Gurdaspur,2025-10-29,0,0.0,+3d,10.0,1,0.6996815476190474,1,0.3465656565656566,TP
Punjab,Gurdaspur,2025-10-30,5,31.75,+3d,6.0,1,0.6752559523809524,1,0.3465656565656566,TP
Punjab,Gurdaspur,2025-10-31,10,31.14,+3d,3.0,1,0.7778928571428572,1,0.3465656565656566,TP
Punjab,Gurdaspur,2025-11-01,10,37.7,+3d,5.0,1,0.7724940476190476,1,0.3465656565656566,TP
Punjab,Gurdaspur,2025-11-02,6,26.83,+3d,2.0,0,0.5622886904761905,1,0.3465656565656566,FP
Punjab,Gurdaspur,2025-11-03,3,10.03,+3d,6.0,1,0.389892857142857,1,0.3465656565656566,TP
Punjab,Gurdaspur,2025-11-04,5,22.94,+3d,6.0,1,0.45887202380952397,1,0.3465656565656566,TP
Punjab,Gurdaspur,2025-11-05,2,4.93,+3d,5.0,1,0.5629226190476191,1,0.3465656565656566,TP
Punjab,Gurdaspur,2025-11-06,6,27.17,+3d,4.0,1,0.5232678571428572,1,0.3465656565656566,TP
Punjab,Gurdaspur,2025-11-07,6,15.24,+3d,12.0,1,0.42914880952380957,1,0.3465656565656566,TP
Punjab,Gurdaspur,2025-11-08,5,17.650000000000002,+3d,6.0,1,0.3686666666666666,1,0.3465656565656566,TP
Punjab,Gurdaspur,2025-11-09,4,15.5,+3d,2.0,0,0.34473809523809523,0,0.3465656565656566,TN
Punjab,Gurdaspur,2025-11-10,12,49.24,+3d,0.0,0,0.6516220238095238,1,0.3465656565656566,FP
Punjab,Gurdaspur,2025-11-11,6,18.61,+3d,0.0,0,0.7285416666666668,1,0.3465656565656566,FP
Punjab,Gurdaspur,2025-11-12,2,4.21,+3d,0.0,0,0.5121071428571429,1,0.3465656565656566,FP
Punjab,Gurdaspur,2025-11-13,0,0.0,+3d,1.0,0,0.5120535714285714,1,0.3465656565656566,FP
Punjab,Gurdaspur,2025-11-14,0,0.0,+3d,0.0,0,0.3690128968253969,1,0.3465656565656566,FP
Punjab,Gurdaspur,2025-11-15,0,0.0,+3d,0.0,0,0.3021994047619048,0,0.3465656565656566,TN
Punjab,Gurdaspur,2025-11-16,1,3.47,+3d,0.0,0,0.3172261904761905,0,0.3465656565656566,TN
Punjab,Gurdaspur,2025-11-17,0,0.0,+3d,0.0,0,0.20937202380952383,0,0.3465656565656566,TN
Punjab,Gurdaspur,2025-11-18,0,0.0,+3d,0.0,0,0.10183333333333333,0,0.3465656565656566,TN
Punjab,Gurdaspur,2025-11-19,0,0.0,+3d,1.0,0,0.08398412698412697,0,0.3465656565656566,TN
Punjab,Gurdaspur,2025-11-20,0,0.0,+3d,0.0,0,0.0744217893217893,0,0.3465656565656566,TN
Punjab,Gurdaspur,2025-11-21,0,0.0,+3d,0.0,0,0.07715284992784993,0,0.3465656565656566,TN
Punjab,Gurdaspur,2025-11-22,1,3.23,+3d,0.0,0,0.061815323565323564,0,0.3465656565656566,TN
Punjab,Gurdaspur,2025-11-23,0,0.0,+3d,0.0,0,0.07528754578754579,0,0.3465656565656566,TN
Punjab,Hoshiarpur,2025-10-15,0,0.0,+3d,0.0,0,0.07333444264069262,0,0.3465656565656566,TN
Punjab,Hoshiarpur,2025-10-16,0,0.0,+3d,0.0,0,0.09813059163059164,0,0.3465656565656566,TN
Punjab,Hoshiarpur,2025-10-17,0,0.0,+3d,0.0,0,0.10985380591630595,0,0.3465656565656566,TN
Punjab,Hoshiarpur,2025-10-18,0,0.0,+3d,1.0,0,0.10921972471972477,0,0.3465656565656566,TN
Punjab,Hoshiarpur,2025-10-19,0,0.0,+3d,1.0,0,0.05471434052059051,0,0.3465656565656566,TN
Punjab,Hoshiarpur,2025-10-20,0,0.0,+3d,0.0,0,0.10723381928528992,0,0.3465656565656566,TN
Punjab,Hoshiarpur,2025-10-21,1,2.05,+3d,3.0,1,0.3826855609668111,1,0.3465656565656566,TP
Punjab,Hoshiarpur,2025-10-22,1,1.95,+3d,1.0,0,0.3490511363636362,1,0.3465656565656566,FP
Punjab,Hoshiarpur,2025-10-23,0,0.0,+3d,3.0,1,0.1266065992830699,0,0.3465656565656566,FN
Punjab,Hoshiarpur,2025-10-24,3,8.99,+3d,1.0,0,0.2658589743589744,0,0.3465656565656566,TN
Punjab,Hoshiarpur,2025-10-25,1,3.5,+3d,1.0,0,0.4878065476190476,1,0.3465656565656566,FP
Punjab,Hoshiarpur,2025-10-26,3,8.4,+3d,2.0,0,0.6852083333333333,1,0.3465656565656566,FP
Punjab,Hoshiarpur,2025-10-27,1,1.99,+3d,1.0,0,0.5168928571428573,1,0.3465656565656566,FP
Punjab,Hoshiarpur,2025-10-28,1,1.76,+3d,7.0,1,0.3411607142857143,0,0.3465656565656566,FN
Punjab,Hoshiarpur,2025-10-29,2,9.41,+3d,11.0,1,0.6463749999999999,1,0.3465656565656566,TP
Punjab,Hoshiarpur,2025-10-30,1,4.77,+3d,2.0,0,0.4878621031746033,1,0.3465656565656566,FP
Punjab,Hoshiarpur,2025-10-31,7,13.48,+3d,0.0,0,0.7083662280701755,1,0.3465656565656566,FP
Punjab,Hoshiarpur,2025-11-01,11,59.01,+3d,3.0,1,0.7816162280701754,1,0.3465656565656566,TP
Punjab,Hoshiarpur,2025-11-02,2,4.35,+3d,1.0,0,0.7600595238095238,1,0.3465656565656566,FP
Punjab,Hoshiarpur,2025-11-03,0,0.0,+3d,0.0,0,0.5980357142857143,1,0.3465656565656566,FP
Punjab,Hoshiarpur,2025-11-04,3,9.78,+3d,0.0,0,0.6638611111111113,1,0.3465656565656566,FP
Punjab,Hoshiarpur,2025-11-05,1,0.53,+3d,0.0,0,0.3748095238095239,1,0.3465656565656566,FP
Punjab,Hoshiarpur,2025-11-06,0,0.0,+3d,0.0,0,0.39607936507936514,1,0.3465656565656566,FP
Punjab,Hoshiarpur,2025-11-07,0,0.0,+3d,1.0,0,0.30932305194805193,0,0.3465656565656566,TN
Punjab,Hoshiarpur,2025-11-08,0,0.0,+3d,4.0,1,0.21350757575757573,0,0.3465656565656566,FN
Punjab,Hoshiarpur,2025-11-09,0,0.0,+3d,1.0,0,0.16434623015873015,0,0.3465656565656566,TN
Punjab,Hoshiarpur,2025-11-10,1,3.59,+3d,1.0,0,0.12467727743271224,0,0.3465656565656566,TN
Punjab,Hoshiarpur,2025-11-11,4,13.02,+3d,0.0,0,0.41224122807017544,1,0.3465656565656566,FP
Punjab,Hoshiarpur,2025-11-12,1,2.58,+3d,1.0,0,0.24065476190476187,0,0.3465656565656566,TN
Punjab,Hoshiarpur,2025-11-13,1,4.07,+3d,0.0,0,0.2108650793650794,0,0.3465656565656566,TN
Punjab,Hoshiarpur,2025-11-14,0,0.0,+3d,1.0,0,0.16996726190476188,0,0.3465656565656566,TN
Punjab,Hoshiarpur,2025-11-15,1,5.82,+3d,1.0,0,0.17866071428571428,0,0.3465656565656566,TN
Punjab,Hoshiarpur,2025-11-16,0,0.0,+3d,1.0,0,0.2460763888888889,0,0.3465656565656566,TN
Punjab,Hoshiarpur,2025-11-17,1,2.83,+3d,0.0,0,0.09716666666666665,0,0.3465656565656566,TN
Punjab,Hoshiarpur,2025-11-18,1,3.42,+3d,0.0,0,0.15249404761904764,0,0.3465656565656566,TN
Punjab,Hoshiarpur,2025-11-19,1,3.11,+3d,0.0,0,0.061379734848484836,0,0.3465656565656566,TN
Punjab,Hoshiarpur,2025-11-20,0,0.0,+3d,0.0,0,0.13594606782106783,0,0.3465656565656566,TN
Punjab,Hoshiarpur,2025-11-21,0,0.0,+3d,2.0,0,0.05491035353535354,0,0.3465656565656566,TN
Punjab,Hoshiarpur,2025-11-22,0,0.0,+3d,0.0,0,0.07732702020202022,0,0.3465656565656566,TN
Punjab,Hoshiarpur,2025-11-23,0,0.0,+3d,2.0,0,0.08377849843393319,0,0.3465656565656566,TN
Punjab,Jalandhar,2025-10-15,0,0.0,+3d,2.0,0,0.15489144119769122,0,0.3465656565656566,TN
Punjab,Jalandhar,2025-10-16,0,0.0,+3d,0.0,0,0.23562038177339897,0,0.3465656565656566,TN
Punjab,Jalandhar,2025-10-17,4,14.38,+3d,2.0,0,0.44499107142857147,1,0.3465656565656566,FP
Punjab,Jalandhar,2025-10-18,2,9.96,+3d,3.0,1,0.5306904761904763,1,0.3465656565656566,TP
Punjab,Jalandhar,2025-10-19,0,0.0,+3d,4.0,1,0.40212518946570674,1,0.3465656565656566,TP
Punjab,Jalandhar,2025-10-20,2,9.15,+3d,1.0,0,0.5704761904761906,1,0.3465656565656566,FP
Punjab,Jalandhar,2025-10-21,3,16.41,+3d,0.0,0,0.7295267857142856,1,0.3465656565656566,FP
Punjab,Jalandhar,2025-10-22,4,15.63,+3d,8.0,1,0.7924642857142858,1,0.3465656565656566,TP
Punjab,Jalandhar,2025-10-23,1,2.67,+3d,12.0,1,0.6029166666666668,1,0.3465656565656566,TP
Punjab,Jalandhar,2025-10-24,0,0.0,+3d,8.0,1,0.4926250000000001,1,0.3465656565656566,TP
Punjab,Jalandhar,2025-10-25,8,94.87,+3d,6.0,1,0.7670833333333333,1,0.3465656565656566,TP
Punjab,Jalandhar,2025-10-26,12,45.35,+3d,12.0,1,0.8772916666666667,1,0.3465656565656566,TP
Punjab,Jalandhar,2025-10-27,8,36.98,+3d,5.0,1,0.8579166666666667,1,0.3465656565656566,TP
Punjab,Jalandhar,2025-10-28,6,29.52,+3d,13.0,1,0.7411249999999998,1,0.3465656565656566,TP
Punjab,Jalandhar,2025-10-29,12,42.22,+3d,18.0,1,0.813,1,0.3465656565656566,TP
Punjab,Jalandhar,2025-10-30,5,25.29,+3d,15.0,1,0.669279761904762,1,0.3465656565656566,TP
Punjab,Jalandhar,2025-10-31,13,70.91,+3d,5.0,1,0.9528749999999998,1,0.3465656565656566,TP
Punjab,Jalandhar,2025-11-01,18,79.67999999999999,+3d,9.0,1,0.9365535714285714,1,0.3465656565656566,TP
Punjab,Jalandhar,2025-11-02,15,97.69,+3d,8.0,1,0.9464434523809524,1,0.3465656565656566,TP
Punjab,Jalandhar,2025-11-03,5,47.65,+3d,11.0,1,0.7883839285714287,1,0.3465656565656566,TP
Punjab,Jalandhar,2025-11-04,9,61.24,+3d,16.0,1,0.8681507936507935,1,0.3465656565656566,TP
Punjab,Jalandhar,2025-11-05,8,5.93,+3d,5.0,1,0.7638333333333334,1,0.3465656565656566,TP
Punjab,Jalandhar,2025-11-06,11,34.28,+3d,9.0,1,0.6960178571428571,1,0.3465656565656566,TP
Punjab,Jalandhar,2025-11-07,16,78.03,+3d,16.0,1,0.7565327380952384,1,0.3465656565656566,TP
Punjab,Jalandhar,2025-11-08,5,17.88,+3d,19.0,1,0.5686130952380953,1,0.3465656565656566,TP
Punjab,Jalandhar,2025-11-09,9,30.61,+3d,10.0,1,0.6044583333333334,1,0.3465656565656566,TP
Punjab,Jalandhar,2025-11-10,16,64.49,+3d,4.0,1,0.8047470238095239,1,0.3465656565656566,TP
Punjab,Jalandhar,2025-11-11,19,152.87,+3d,1.0,0,0.9183214285714287,1,0.3465656565656566,FP
Punjab,Jalandhar,2025-11-12,10,33.88,+3d,2.0,0,0.7944166666666668,1,0.3465656565656566,FP
Punjab,Jalandhar,2025-11-13,4,17.48,+3d,4.0,1,0.6122083333333334,1,0.3465656565656566,TP
Punjab,Jalandhar,2025-11-14,1,1.66,+3d,1.0,0,0.6435416666666667,1,0.3465656565656566,FP
Punjab,Jalandhar,2025-11-15,2,7.02,+3d,1.0,0,0.47279166666666667,1,0.3465656565656566,FP
Punjab,Jalandhar,2025-11-16,4,21.23,+3d,1.0,0,0.5194821428571428,1,0.3465656565656566,FP
Punjab,Jalandhar,2025-11-17,1,1.76,+3d,0.0,0,0.4416607142857143,1,0.3465656565656566,FP
Punjab,Jalandhar,2025-11-18,1,2.9,+3d,1.0,0,0.3903214285714286,1,0.3465656565656566,FP
Punjab,Jalandhar,2025-11-19,1,4.82,+3d,0.0,0,0.3026666666666667,0,0.3465656565656566,TN
Punjab,Jalandhar,2025-11-20,0,0.0,+3d,0.0,0,0.12874587912087915,0,0.3465656565656566,TN
Punjab,Jalandhar,2025-11-21,1,3.67,+3d,7.0,1,0.2378571428571429,0,0.3465656565656566,FN
Punjab,Jalandhar,2025-11-22,0,0.0,+3d,0.0,0,0.10833333333333332,0,0.3465656565656566,TN
Punjab,Jalandhar,2025-11-23,0,0.0,+3d,1.0,0,0.08880952380952381,0,0.3465656565656566,TN
Punjab,Kapurthala,2025-10-15,0,0.0,+3d,1.0,0,0.15980059523809526,0,0.3465656565656566,TN
Punjab,Kapurthala,2025-10-16,2,19.36,+3d,0.0,0,0.5461011904761902,1,0.3465656565656566,FP
Punjab,Kapurthala,2025-10-17,0,0.0,+3d,0.0,0,0.48429101669403407,1,0.3465656565656566,FP
Punjab,Kapurthala,2025-10-18,1,2.11,+3d,18.0,1,0.42985665478312535,1,0.3465656565656566,TP
Punjab,Kapurthala,2025-10-19,0,0.0,+3d,6.0,1,0.31158035714285715,0,0.3465656565656566,FN
Punjab,Kapurthala,2025-10-20,0,0.0,+3d,5.0,1,0.2621861285266457,0,0.3465656565656566,FN
Punjab,Kapurthala,2025-10-21,18,162.19,+3d,2.0,0,0.7673750000000001,1,0.3465656565656566,FP
Punjab,Kapurthala,2025-10-22,6,27.200000000000003,+3d,8.0,1,0.8746597222222224,1,0.3465656565656566,TP
Punjab,Kapurthala,2025-10-23,5,18.61,+3d,13.0,1,0.8404166666666666,1,0.3465656565656566,TP
Punjab,Kapurthala,2025-10-24,2,13.5,+3d,14.0,1,0.7614226190476188,1,0.3465656565656566,TP
Punjab,Kapurthala,2025-10-25,8,66.05,+3d,3.0,1,0.7640922619047614,1,0.3465656565656566,TP
Punjab,Kapurthala,2025-10-26,13,79.31,+3d,18.0,1,0.98,1,0.3465656565656566,TP
Punjab,Kapurthala,2025-10-27,14,51.09,+3d,12.0,1,0.9350416666666664,1,0.3465656565656566,TP
Punjab,Kapurthala,2025-10-28,3,15.39,+3d,31.0,1,0.7108333333333334,1,0.3465656565656566,TP
Punjab,Kapurthala,2025-10-29,18,131.55,+3d,35.0,1,0.9258125000000001,1,0.3465656565656566,TP
Punjab,Kapurthala,2025-10-30,12,41.96,+3d,26.0,1,0.9330000000000002,1,0.3465656565656566,TP
Punjab,Kapurthala,2025-10-31,31,101.58,+3d,11.0,1,0.9681041666666667,1,0.3465656565656566,TP
Punjab,Kapurthala,2025-11-01,35,154.07,+3d,11.0,1,0.9812708333333333,1,0.3465656565656566,TP
Punjab,Kapurthala,2025-11-02,26,154.72,+3d,0.0,0,0.9766041666666667,1,0.3465656565656566,FP
Punjab,Kapurthala,2025-11-03,11,44.88,+3d,5.0,1,0.8199375000000002,1,0.3465656565656566,TP
Punjab,Kapurthala,2025-11-04,11,57.36,+3d,14.0,1,0.8477976190476191,1,0.3465656565656566,TP
Punjab,Kapurthala,2025-11-05,0,0.0,+3d,10.0,1,0.8372261904761903,1,0.3465656565656566,TP
Punjab,Kapurthala,2025-11-06,5,15.38,+3d,9.0,1,0.6704166666666665,1,0.3465656565656566,TP
Punjab,Kapurthala,2025-11-07,14,53.81,+3d,6.0,1,0.7370476190476191,1,0.3465656565656566,TP
Punjab,Kapurthala,2025-11-08,10,44.3,+3d,8.0,1,0.7977083333333331,1,0.3465656565656566,TP
Punjab,Kapurthala,2025-11-09,9,34.25,+3d,2.0,0,0.7378928571428571,1,0.3465656565656566,FP
Punjab,Kapurthala,2025-11-10,6,32.980000000000004,+3d,2.0,0,0.5977708333333335,1,0.3465656565656566,FP
Punjab,Kapurthala,2025-11-11,8,22.67,+3d,0.0,0,0.373875,1,0.3465656565656566,FP
Punjab,Kapurthala,2025-11-12,2,11.84,+3d,2.0,0,0.41336904761904786,1,0.3465656565656566,FP
Punjab,Kapurthala,2025-11-13,2,4.36,+3d,4.0,1,0.4800416666666667,1,0.3465656565656566,TP
Punjab,Kapurthala,2025-11-14,0,0.0,+3d,0.0,0,0.43675595238095233,1,0.3465656565656566,FP
Punjab,Kapurthala,2025-11-15,2,10.1,+3d,1.0,0,0.3932500000000001,1,0.3465656565656566,FP
Punjab,Kapurthala,2025-11-16,4,17.630000000000003,+3d,1.0,0,0.43851190476190477,1,0.3465656565656566,FP
Punjab,Kapurthala,2025-11-17,0,0.0,+3d,0.0,0,0.4410595238095238,1,0.3465656565656566,FP
Punjab,Kapurthala,2025-11-18,1,3.46,+3d,1.0,0,0.3322182539682541,0,0.3465656565656566,TN
Punjab,Kapurthala,2025-11-19,1,0.67,+3d,0.0,0,0.18577380952380948,0,0.3465656565656566,TN
Punjab,Kapurthala,2025-11-20,0,0.0,+3d,0.0,0,0.12759126984126984,0,0.3465656565656566,TN
Punjab,Kapurthala,2025-11-21,1,1.36,+3d,0.0,0,0.21612499999999998,0,0.3465656565656566,TN
Punjab,Kapurthala,2025-11-22,0,0.0,+3d,0.0,0,0.07555540293040293,0,0.3465656565656566,TN
Punjab,Kapurthala,2025-11-23,0,0.0,+3d,0.0,0,0.0763422619047619,0,0.3465656565656566,TN
Punjab,Ludhiana,2025-10-15,2,4.0200000000000005,+3d,0.0,0,0.1897770562770563,0,0.3465656565656566,TN
Punjab,Ludhiana,2025-10-16,0,0.0,+3d,1.0,0,0.14554563492063494,0,0.3465656565656566,TN
Punjab,Ludhiana,2025-10-17,0,0.0,+3d,0.0,0,0.09754761904761905,0,0.3465656565656566,TN
Punjab,Ludhiana,2025-10-18,0,0.0,+3d,0.0,0,0.28385019841269854,0,0.3465656565656566,TN
Punjab,Ludhiana,2025-10-19,1,1.78,+3d,1.0,0,0.14355273231670293,0,0.3465656565656566,TN
Punjab,Ludhiana,2025-10-20,0,0.0,+3d,0.0,0,0.14692414529914533,0,0.3465656565656566,TN
Punjab,Ludhiana,2025-10-21,0,0.0,+3d,1.0,0,0.07613172693319754,0,0.3465656565656566,TN
Punjab,Ludhiana,2025-10-22,1,2.57,+3d,6.0,1,0.19447619047619047,0,0.3465656565656566,FN
Punjab,Ludhiana,2025-10-23,0,0.0,+3d,4.0,1,0.05393402777777778,0,0.3465656565656566,FN
Punjab,Ludhiana,2025-10-24,1,1.54,+3d,7.0,1,0.13073722111222114,0,0.3465656565656566,FN
Punjab,Ludhiana,2025-10-25,6,21.11,+3d,8.0,1,0.4948630952380952,1,0.3465656565656566,TP
Punjab,Ludhiana,2025-10-26,4,15.24,+3d,7.0,1,0.633625,1,0.3465656565656566,TP
Punjab,Ludhiana,2025-10-27,7,13.43,+3d,2.0,0,0.6730357142857143,1,0.3465656565656566,FP
Punjab,Ludhiana,2025-10-28,8,36.38,+3d,21.0,1,0.6793541666666668,1,0.3465656565656566,TP
Punjab,Ludhiana,2025-10-29,7,41.97,+3d,19.0,1,0.8328572994987468,1,0.3465656565656566,TP
Punjab,Ludhiana,2025-10-30,2,12.87,+3d,33.0,1,0.6331607142857143,1,0.3465656565656566,TP
Punjab,Ludhiana,2025-10-31,21,66.55,+3d,13.0,1,0.8229146825396824,1,0.3465656565656566,TP
Punjab,Ludhiana,2025-11-01,19,87.58,+3d,31.0,1,0.891029761904762,1,0.3465656565656566,TP
Punjab,Ludhiana,2025-11-02,33,183.02,+3d,33.0,1,0.9593125,1,0.3465656565656566,TP
Punjab,Ludhiana,2025-11-03,13,65.13,+3d,39.0,1,0.865125,1,0.3465656565656566,TP
Punjab,Ludhiana,2025-11-04,31,162.89,+3d,50.0,1,0.9555625000000001,1,0.3465656565656566,TP
Punjab,Ludhiana,2025-11-05,33,192.2,+3d,33.0,1,0.8801666666666668,1,0.3465656565656566,TP
Punjab,Ludhiana,2025-11-06,39,178.28,+3d,32.0,1,0.9031220238095239,1,0.3465656565656566,TP
Punjab,Ludhiana,2025-11-07,50,245.07,+3d,34.0,1,0.6981458333333331,1,0.3465656565656566,TP
Punjab,Ludhiana,2025-11-08,33,173.89,+3d,21.0,1,0.8366666666666667,1,0.3465656565656566,TP
Punjab,Ludhiana,2025-11-09,32,147.52,+3d,8.0,1,0.8796250000000001,1,0.3465656565656566,TP
Punjab,Ludhiana,2025-11-10,34,117.03,+3d,21.0,1,0.8725000000000002,1,0.3465656565656566,TP
Punjab,Ludhiana,2025-11-11,21,76.25,+3d,5.0,1,0.8630416666666667,1,0.3465656565656566,TP
Punjab,Ludhiana,2025-11-12,8,21.61,+3d,15.0,1,0.6523749999999999,1,0.3465656565656566,TP
Punjab,Ludhiana,2025-11-13,21,102.31,+3d,13.0,1,0.7884940476190478,1,0.3465656565656566,TP
Punjab,Ludhiana,2025-11-14,5,24.01,+3d,6.0,1,0.5775972222222222,1,0.3465656565656566,TP
Punjab,Ludhiana,2025-11-15,15,41.52,+3d,1.0,0,0.7010119047619047,1,0.3465656565656566,FP
Punjab,Ludhiana,2025-11-16,13,48.39,+3d,0.0,0,0.638985119047619,1,0.3465656565656566,FP
Punjab,Ludhiana,2025-11-17,6,20.63,+3d,6.0,1,0.4802678571428571,1,0.3465656565656566,TP
Punjab,Ludhiana,2025-11-18,1,2.8,+3d,1.0,0,0.4957857142857144,1,0.3465656565656566,FP
Punjab,Ludhiana,2025-11-19,0,0.0,+3d,1.0,0,0.4724583333333333,1,0.3465656565656566,FP
Punjab,Ludhiana,2025-11-20,6,36.79,+3d,1.0,0,0.49612500000000004,1,0.3465656565656566,FP
Punjab,Ludhiana,2025-11-21,1,0.59,+3d,0.0,0,0.4824345238095238,1,0.3465656565656566,FP
Punjab,Ludhiana,2025-11-22,1,2.19,+3d,3.0,1,0.37608170995671,1,0.3465656565656566,TP
Punjab,Ludhiana,2025-11-23,1,3.43,+3d,0.0,0,0.3016590909090909,0,0.3465656565656566,TN
Punjab,Malerkotla,2025-10-15,0,0.0,+3d,0.0,0,0.07642189754689756,0,0.3465656565656566,TN
Punjab,Malerkotla,2025-10-16,0,0.0,+3d,0.0,0,0.07179507575757574,0,0.3465656565656566,TN
Punjab,Malerkotla,2025-10-17,0,0.0,+3d,0.0,0,0.06762450396825397,0,0.3465656565656566,TN
Punjab,Malerkotla,2025-10-18,0,0.0,+3d,0.0,0,0.07593353174603173,0,0.3465656565656566,TN
Punjab,Malerkotla,2025-10-19,0,0.0,+3d,0.0,0,0.11865140630442352,0,0.3465656565656566,TN
Punjab,Malerkotla,2025-10-20,0,0.0,+3d,0.0,0,0.12929449687398473,0,0.3465656565656566,TN
Punjab,Malerkotla,2025-10-21,0,0.0,+3d,0.0,0,0.25159784283358066,0,0.3465656565656566,TN
Punjab,Malerkotla,2025-10-22,0,0.0,+3d,0.0,0,0.10153335870659655,0,0.3465656565656566,TN
Punjab,Malerkotla,2025-10-23,0,0.0,+3d,2.0,0,0.07376744059692844,0,0.3465656565656566,TN
Punjab,Malerkotla,2025-10-24,0,0.0,+3d,1.0,0,0.11979316271963329,0,0.3465656565656566,TN
Punjab,Malerkotla,2025-10-25,0,0.0,+3d,1.0,0,0.142766369047619,0,0.3465656565656566,TN
Punjab,Malerkotla,2025-10-26,2,5.55,+3d,6.0,1,0.37583955627705634,1,0.3465656565656566,TP
Punjab,Malerkotla,2025-10-27,1,6.63,+3d,4.0,1,0.41687527056277046,1,0.3465656565656566,TP
Punjab,Malerkotla,2025-10-28,1,4.08,+3d,11.0,1,0.4055425824175824,1,0.3465656565656566,TP
Punjab,Malerkotla,2025-10-29,6,34.94,+3d,8.0,1,0.7624598427887901,1,0.3465656565656566,TP
Punjab,Malerkotla,2025-10-30,4,23.77,+3d,14.0,1,0.715952380952381,1,0.3465656565656566,TP
Punjab,Malerkotla,2025-10-31,11,36.73,+3d,7.0,1,0.8941519423558898,1,0.3465656565656566,TP
Punjab,Malerkotla,2025-11-01,8,34.84,+3d,12.0,1,0.7462678571428575,1,0.3465656565656566,TP
Punjab,Malerkotla,2025-11-02,14,95.62,+3d,4.0,1,0.918809523809524,1,0.3465656565656566,TP
Punjab,Malerkotla,2025-11-03,7,24.62,+3d,6.0,1,0.6898531746031747,1,0.3465656565656566,TP
Punjab,Malerkotla,2025-11-04,12,73.54,+3d,10.0,1,0.8544702380952381,1,0.3465656565656566,TP
Punjab,Malerkotla,2025-11-05,4,25.35,+3d,7.0,1,0.7261130952380951,1,0.3465656565656566,TP
Punjab,Malerkotla,2025-11-06,6,14.16,+3d,6.0,1,0.45482738095238107,1,0.3465656565656566,TP
Punjab,Malerkotla,2025-11-07,10,37.27,+3d,11.0,1,0.575875,1,0.3465656565656566,TP
Punjab,Malerkotla,2025-11-08,7,21.61,+3d,3.0,1,0.48308333333333325,1,0.3465656565656566,TP
Punjab,Malerkotla,2025-11-09,6,21.06,+3d,6.0,1,0.45233333333333337,1,0.3465656565656566,TP
Punjab,Malerkotla,2025-11-10,11,41.59,+3d,1.0,0,0.5291458333333333,1,0.3465656565656566,FP
Punjab,Malerkotla,2025-11-11,3,6.94,+3d,1.0,0,0.3925416666666667,1,0.3465656565656566,FP
Punjab,Malerkotla,2025-11-12,6,40.16,+3d,1.0,0,0.49274999999999997,1,0.3465656565656566,FP
Punjab,Malerkotla,2025-11-13,1,1.8,+3d,1.0,0,0.39948214285714295,1,0.3465656565656566,FP
Punjab,Malerkotla,2025-11-14,1,3.34,+3d,0.0,0,0.4726190476190476,1,0.3465656565656566,FP
Punjab,Malerkotla,2025-11-15,1,8.85,+3d,0.0,0,0.4068333333333335,1,0.3465656565656566,FP
Punjab,Malerkotla,2025-11-16,1,1.52,+3d,0.0,0,0.31150000000000005,0,0.3465656565656566,TN
Punjab,Malerkotla,2025-11-17,0,0.0,+3d,0.0,0,0.22728472222222226,0,0.3465656565656566,TN
Punjab,Malerkotla,2025-11-18,0,0.0,+3d,0.0,0,0.13941651404151403,0,0.3465656565656566,TN
Punjab,Malerkotla,2025-11-19,0,0.0,+3d,1.0,0,0.12979052197802196,0,0.3465656565656566,TN
Punjab,Malerkotla,2025-11-20,0,0.0,+3d,0.0,0,0.1494774531024531,0,0.3465656565656566,TN
Punjab,Malerkotla,2025-11-21,0,0.0,+3d,0.0,0,0.09386309523809525,0,0.3465656565656566,TN
Punjab,Malerkotla,2025-11-22,1,4.83,+3d,0.0,0,0.12325000000000001,0,0.3465656565656566,TN
Punjab,Malerkotla,2025-11-23,0,0.0,+3d,0.0,0,0.05374999999999999,0,0.3465656565656566,TN
Punjab,Mansa,2025-10-15,0,0.0,+3d,0.0,0,0.0536206396260744,0,0.3465656565656566,TN
Punjab,Mansa,2025-10-16,0,0.0,+3d,0.0,0,0.05223042929292929,0,0.3465656565656566,TN
Punjab,Mansa,2025-10-17,0,0.0,+3d,5.0,1,0.2539442905035578,0,0.3465656565656566,FN
Punjab,Mansa,2025-10-18,0,0.0,+3d,5.0,1,0.036066125173845755,0,0.3465656565656566,FN
Punjab,Mansa,2025-10-19,0,0.0,+3d,2.0,0,0.13236233660130714,0,0.3465656565656566,TN
Punjab,Mansa,2025-10-20,5,22.81,+3d,6.0,1,0.4756934523809524,1,0.3465656565656566,TP
Punjab,Mansa,2025-10-21,5,23.85,+3d,0.0,0,0.5514791666666666,1,0.3465656565656566,FP
Punjab,Mansa,2025-10-22,2,3.5900000000000003,+3d,0.0,0,0.6922738095238098,1,0.3465656565656566,FP
Punjab,Mansa,2025-10-23,6,58.6,+3d,1.0,0,0.6916875000000001,1,0.3465656565656566,FP
Punjab,Mansa,2025-10-24,0,0.0,+3d,2.0,0,0.6312043650793651,1,0.3465656565656566,FP
Punjab,Mansa,2025-10-25,0,0.0,+3d,2.0,0,0.5597023809523811,1,0.3465656565656566,FP
Punjab,Mansa,2025-10-26,1,3.98,+3d,9.0,1,0.5723214285714284,1,0.3465656565656566,TP
Punjab,Mansa,2025-10-27,2,9.69,+3d,19.0,1,0.5420119047619046,1,0.3465656565656566,TP
Punjab,Mansa,2025-10-28,2,14.45,+3d,19.0,1,0.6114365079365077,1,0.3465656565656566,TP
Punjab,Mansa,2025-10-29,9,116.13,+3d,22.0,1,0.786449561403509,1,0.3465656565656566,TP
Punjab,Mansa,2025-10-30,19,117.26,+3d,10.0,1,0.9659166666666666,1,0.3465656565656566,TP
Punjab,Mansa,2025-10-31,19,106.16,+3d,17.0,1,0.9924166666666667,1,0.3465656565656566,TP
Punjab,Mansa,2025-11-01,22,190.03,+3d,31.0,1,0.9819494047619048,1,0.3465656565656566,TP
Punjab,Mansa,2025-11-02,10,102.98,+3d,8.0,1,0.9596875,1,0.3465656565656566,TP
Punjab,Mansa,2025-11-03,17,74.22,+3d,15.0,1,0.9614375,1,0.3465656565656566,TP
Punjab,Mansa,2025-11-04,31,273.45,+3d,15.0,1,0.9836875,1,0.3465656565656566,TP
Punjab,Mansa,2025-11-05,8,52.7,+3d,22.0,1,0.8434553571428571,1,0.3465656565656566,TP
Punjab,Mansa,2025-11-06,15,77.31,+3d,36.0,1,0.927309523809524,1,0.3465656565656566,TP
Punjab,Mansa,2025-11-07,15,79.3,+3d,20.0,1,0.6887172619047619,1,0.3465656565656566,TP
Punjab,Mansa,2025-11-08,22,151.06,+3d,29.0,1,0.8343958333333336,1,0.3465656565656566,TP
Punjab,Mansa,2025-11-09,36,283.91,+3d,8.0,1,0.9036458333333335,1,0.3465656565656566,TP
Punjab,Mansa,2025-11-10,20,99.55,+3d,12.0,1,0.9147083333333333,1,0.3465656565656566,TP
Punjab,Mansa,2025-11-11,29,184.88,+3d,9.0,1,0.9096666666666667,1,0.3465656565656566,TP
Punjab,Mansa,2025-11-12,8,31.23,+3d,3.0,1,0.7662976190476194,1,0.3465656565656566,TP
Punjab,Mansa,2025-11-13,12,64.41,+3d,7.0,1,0.8119583333333332,1,0.3465656565656566,TP
Punjab,Mansa,2025-11-14,9,70.73,+3d,6.0,1,0.6890625,1,0.3465656565656566,TP
Punjab,Mansa,2025-11-15,3,8.5,+3d,1.0,0,0.5620714285714284,1,0.3465656565656566,FP
Punjab,Mansa,2025-11-16,7,26.28,+3d,4.0,1,0.6010059523809526,1,0.3465656565656566,TP
Punjab,Mansa,2025-11-17,6,44.58,+3d,3.0,1,0.5330863095238096,1,0.3465656565656566,TP
Punjab,Mansa,2025-11-18,1,2.46,+3d,2.0,0,0.486984126984127,1,0.3465656565656566,FP
Punjab,Mansa,2025-11-19,4,46.84,+3d,2.0,0,0.4349494047619046,1,0.3465656565656566,FP
Punjab,Mansa,2025-11-20,3,9.329999999999998,+3d,1.0,0,0.3155416666666667,0,0.3465656565656566,TN
Punjab,Mansa,2025-11-21,2,3.75,+3d,0.0,0,0.3264285714285715,0,0.3465656565656566,TN
Punjab,Mansa,2025-11-22,2,5.38,+3d,1.0,0,0.2858376623376623,0,0.3465656565656566,TN
Punjab,Mansa,2025-11-23,1,2.02,+3d,1.0,0,0.30706980519480515,0,0.3465656565656566,TN
Punjab,Moga,2025-10-15,0,0.0,+3d,0.0,0,0.07536862373737374,0,0.3465656565656566,TN
Punjab,Moga,2025-10-16,1,2.06,+3d,1.0,0,0.16047767857142858,0,0.3465656565656566,TN
Punjab,Moga,2025-10-17,0,0.0,+3d,0.0,0,0.1384497468527641,0,0.3465656565656566,TN
Punjab,Moga,2025-10-18,0,0.0,+3d,2.0,0,0.11701324818971878,0,0.3465656565656566,TN
Punjab,Moga,2025-10-19,1,2.61,+3d,2.0,0,0.22093777056277056,0,0.3465656565656566,TN
Punjab,Moga,2025-10-20,0,0.0,+3d,3.0,1,0.2015239261456934,0,0.3465656565656566,FN
Punjab,Moga,2025-10-21,2,1.66,+3d,1.0,0,0.284360809178744,0,0.3465656565656566,TN
Punjab,Moga,2025-10-22,2,5.529999999999999,+3d,4.0,1,0.47343749999999996,1,0.3465656565656566,TP
Punjab,Moga,2025-10-23,3,10.66,+3d,3.0,1,0.3728511904761904,1,0.3465656565656566,TP
Punjab,Moga,2025-10-24,1,3.21,+3d,4.0,1,0.3988472222222223,1,0.3465656565656566,TP
Punjab,Moga,2025-10-25,4,23.72,+3d,2.0,0,0.6538482142857144,1,0.3465656565656566,FP
Punjab,Moga,2025-10-26,3,20.72,+3d,5.0,1,0.7493363095238097,1,0.3465656565656566,TP
Punjab,Moga,2025-10-27,4,15.97,+3d,5.0,1,0.6771250000000002,1,0.3465656565656566,TP
Punjab,Moga,2025-10-28,2,12.66,+3d,21.0,1,0.6689880952380953,1,0.3465656565656566,TP
Punjab,Moga,2025-10-29,5,13.23,+3d,16.0,1,0.766529918546366,1,0.3465656565656566,TP
Punjab,Moga,2025-10-30,5,15.63,+3d,20.0,1,0.6597412280701755,1,0.3465656565656566,TP
Punjab,Moga,2025-10-31,21,81.03,+3d,18.0,1,0.9056995614035088,1,0.3465656565656566,TP
Punjab,Moga,2025-11-01,16,58.99,+3d,44.0,1,0.9474345238095239,1,0.3465656565656566,TP
Punjab,Moga,2025-11-02,20,72.94,+3d,35.0,1,0.9522083333333334,1,0.3465656565656566,TP
Punjab,Moga,2025-11-03,18,95.04,+3d,36.0,1,0.9315625000000002,1,0.3465656565656566,TP
Punjab,Moga,2025-11-04,44,500.31,+3d,47.0,1,0.9614375,1,0.3465656565656566,TP
Punjab,Moga,2025-11-05,35,215.97,+3d,42.0,1,0.9510833333333335,1,0.3465656565656566,TP
Punjab,Moga,2025-11-06,36,178.56,+3d,44.0,1,0.9158750000000001,1,0.3465656565656566,TP
Punjab,Moga,2025-11-07,47,249.28,+3d,42.0,1,0.7108125,1,0.3465656565656566,TP
Punjab,Moga,2025-11-08,42,260.68,+3d,43.0,1,0.8532083333333333,1,0.3465656565656566,TP
Punjab,Moga,2025-11-09,44,261.92,+3d,6.0,1,0.927625,1,0.3465656565656566,TP
Punjab,Moga,2025-11-10,42,255.84,+3d,19.0,1,0.9266666666666667,1,0.3465656565656566,TP
Punjab,Moga,2025-11-11,43,211.15,+3d,5.0,1,0.9504583333333335,1,0.3465656565656566,TP
Punjab,Moga,2025-11-12,6,35.96,+3d,13.0,1,0.713875,1,0.3465656565656566,TP
Punjab,Moga,2025-11-13,19,121.15,+3d,8.0,1,0.9165833333333333,1,0.3465656565656566,TP
Punjab,Moga,2025-11-14,5,37.97,+3d,0.0,0,0.6461875,1,0.3465656565656566,FP
Punjab,Moga,2025-11-15,13,134.83,+3d,1.0,0,0.8711130952380954,1,0.3465656565656566,FP
Punjab,Moga,2025-11-16,8,74.97,+3d,1.0,0,0.7827916666666666,1,0.3465656565656566,FP
Punjab,Moga,2025-11-17,0,0.0,+3d,1.0,0,0.6461785714285714,1,0.3465656565656566,FP
Punjab,Moga,2025-11-18,1,2.11,+3d,3.0,1,0.6769226190476192,1,0.3465656565656566,TP
Punjab,Moga,2025-11-19,1,3.99,+3d,1.0,0,0.46154761904761904,1,0.3465656565656566,FP
Punjab,Moga,2025-11-20,1,3.84,+3d,0.0,0,0.39672619047619057,1,0.3465656565656566,FP
Punjab,Moga,2025-11-21,3,8.82,+3d,2.0,0,0.3100416666666666,0,0.3465656565656566,TN
Punjab,Moga,2025-11-22,1,2.94,+3d,1.0,0,0.27158170995671,0,0.3465656565656566,TN
Punjab,Moga,2025-11-23,0,0.0,+3d,2.0,0,0.2617007575757577,0,0.3465656565656566,TN
Punjab,Pathankot,2025-10-15,0,0.0,+3d,0.0,0,0.02292509920634921,0,0.3465656565656566,TN
Punjab,Pathankot,2025-10-16,1,2.9,+3d,0.0,0,0.1363705357142857,0,0.3465656565656566,TN
Punjab,Pathankot,2025-10-17,0,0.0,+3d,0.0,0,0.05428125,0,0.3465656565656566,TN
Punjab,Pathankot,2025-10-18,0,0.0,+3d,0.0,0,0.11442906746031746,0,0.3465656565656566,TN
Punjab,Pathankot,2025-10-19,0,0.0,+3d,0.0,0,0.07336790293040293,0,0.3465656565656566,TN
Punjab,Pathankot,2025-10-20,0,0.0,+3d,0.0,0,0.18361763900962685,0,0.3465656565656566,TN
Punjab,Pathankot,2025-10-21,0,0.0,+3d,0.0,0,0.17370606794180576,0,0.3465656565656566,TN
Punjab,Pathankot,2025-10-22,0,0.0,+3d,0.0,0,0.17200732918056702,0,0.3465656565656566,TN
Punjab,Pathankot,2025-10-23,0,0.0,+3d,0.0,0,0.17606448412698417,0,0.3465656565656566,TN
Punjab,Pathankot,2025-10-24,0,0.0,+3d,0.0,0,0.0502859477124183,0,0.3465656565656566,TN
Punjab,Pathankot,2025-10-25,0,0.0,+3d,0.0,0,0.049732638888888896,0,0.3465656565656566,TN
Punjab,Pathankot,2025-10-26,0,0.0,+3d,0.0,0,0.02748809523809524,0,0.3465656565656566,TN
Punjab,Pathankot,2025-10-27,0,0.0,+3d,0.0,0,0.04535714285714287,0,0.3465656565656566,TN
Punjab,Pathankot,2025-10-28,0,0.0,+3d,0.0,0,0.07253819444444447,0,0.3465656565656566,TN
Punjab,Pathankot,2025-10-29,0,0.0,+3d,0.0,0,0.010466117216117217,0,0.3465656565656566,TN
Punjab,Pathankot,2025-10-30,0,0.0,+3d,1.0,0,0.07341121031746033,0,0.3465656565656566,TN
Punjab,Pathankot,2025-10-31,0,0.0,+3d,0.0,0,0.03422619047619047,0,0.3465656565656566,TN
Punjab,Pathankot,2025-11-01,0,0.0,+3d,2.0,0,0.017221320346320346,0,0.3465656565656566,TN
Punjab,Pathankot,2025-11-02,1,3.28,+3d,0.0,0,0.0952217261904762,0,0.3465656565656566,TN
Punjab,Pathankot,2025-11-03,0,0.0,+3d,0.0,0,0.02136458333333334,0,0.3465656565656566,TN
Punjab,Pathankot,2025-11-04,2,5.140000000000001,+3d,0.0,0,0.14419524572649572,0,0.3465656565656566,TN
Punjab,Pathankot,2025-11-05,0,0.0,+3d,1.0,0,0.0902541208791209,0,0.3465656565656566,TN
Punjab,Pathankot,2025-11-06,0,0.0,+3d,0.0,0,0.021660714285714287,0,0.3465656565656566,TN
Punjab,Pathankot,2025-11-07,0,0.0,+3d,0.0,0,0.05277083333333334,0,0.3465656565656566,TN
Punjab,Pathankot,2025-11-08,1,2.62,+3d,0.0,0,0.07622172619047617,0,0.3465656565656566,TN
Punjab,Pathankot,2025-11-09,0,0.0,+3d,0.0,0,0.06764930555555555,0,0.3465656565656566,TN
Punjab,Pathankot,2025-11-10,0,0.0,+3d,0.0,0,0.00865079365079365,0,0.3465656565656566,TN
Punjab,Pathankot,2025-11-11,0,0.0,+3d,0.0,0,0.02864583333333334,0,0.3465656565656566,TN
Punjab,Pathankot,2025-11-12,0,0.0,+3d,2.0,0,0.027233974358974355,0,0.3465656565656566,TN
Punjab,Pathankot,2025-11-13,0,0.0,+3d,0.0,0,0.07061464562008041,0,0.3465656565656566,TN
Punjab,Pathankot,2025-11-14,0,0.0,+3d,0.0,0,0.004666666666666666,0,0.3465656565656566,TN
Punjab,Pathankot,2025-11-15,2,14.14,+3d,0.0,0,0.10961622807017543,0,0.3465656565656566,TN
Punjab,Pathankot,2025-11-16,0,0.0,+3d,0.0,0,0.1592301587301587,0,0.3465656565656566,TN
Punjab,Pathankot,2025-11-17,0,0.0,+3d,0.0,0,0.0930734126984127,0,0.3465656565656566,TN
Punjab,Pathankot,2025-11-18,0,0.0,+3d,0.0,0,0.11207142857142857,0,0.3465656565656566,TN
Punjab,Pathankot,2025-11-19,0,0.0,+3d,0.0,0,0.005774871825051373,0,0.3465656565656566,TN
Punjab,Pathankot,2025-11-20,0,0.0,+3d,0.0,0,0.15252086717630198,0,0.3465656565656566,TN
Punjab,Pathankot,2025-11-21,0,0.0,+3d,0.0,0,0.0006559324311119796,0,0.3465656565656566,TN
Punjab,Pathankot,2025-11-22,0,0.0,+3d,0.0,0,0.04571314102564102,0,0.3465656565656566,TN
Punjab,Pathankot,2025-11-23,0,0.0,+3d,0.0,0,0.0006559324311119796,0,0.3465656565656566,TN
Punjab,Patiala,2025-10-15,3,12.0,+3d,2.0,0,0.3369285714285715,0,0.3465656565656566,TN
Punjab,Patiala,2025-10-16,3,11.35,+3d,6.0,1,0.3318928571428571,0,0.3465656565656566,FN
Punjab,Patiala,2025-10-17,4,7.54,+3d,14.0,1,0.4109742063492062,1,0.3465656565656566,TP
Punjab,Patiala,2025-10-18,2,6.69,+3d,18.0,1,0.4654244505494504,1,0.3465656565656566,TP
Punjab,Patiala,2025-10-19,6,32.99,+3d,11.0,1,0.6864166666666669,1,0.3465656565656566,TP
Punjab,Patiala,2025-10-20,14,55.83,+3d,2.0,0,0.7139464285714286,1,0.3465656565656566,FP
Punjab,Patiala,2025-10-21,18,67.72,+3d,1.0,0,0.8632916666666667,1,0.3465656565656566,FP
Punjab,Patiala,2025-10-22,11,39.35,+3d,10.0,1,0.8844166666666667,1,0.3465656565656566,TP
Punjab,Patiala,2025-10-23,2,7.77,+3d,4.0,1,0.7362559523809523,1,0.3465656565656566,TP
Punjab,Patiala,2025-10-24,1,4.24,+3d,11.0,1,0.6369642857142859,1,0.3465656565656566,TP
Punjab,Patiala,2025-10-25,10,45.56,+3d,6.0,1,0.7387738095238093,1,0.3465656565656566,TP
Punjab,Patiala,2025-10-26,4,12.28,+3d,18.0,1,0.7248511904761905,1,0.3465656565656566,TP
Punjab,Patiala,2025-10-27,11,46.69,+3d,13.0,1,0.7673571428571426,1,0.3465656565656566,TP
Punjab,Patiala,2025-10-28,6,21.41,+3d,41.0,1,0.7072380952380951,1,0.3465656565656566,TP
Punjab,Patiala,2025-10-29,18,70.32,+3d,44.0,1,0.8340416666666663,1,0.3465656565656566,TP
Punjab,Patiala,2025-10-30,13,65.51,+3d,27.0,1,0.9249999999999998,1,0.3465656565656566,TP
Punjab,Patiala,2025-10-31,41,264.78,+3d,11.0,1,0.9852500000000001,1,0.3465656565656566,TP
Punjab,Patiala,2025-11-01,44,278.56,+3d,20.0,1,0.9791458333333333,1,0.3465656565656566,TP
Punjab,Patiala,2025-11-02,27,170.95,+3d,10.0,1,0.9816041666666667,1,0.3465656565656566,TP
Punjab,Patiala,2025-11-03,11,56.78,+3d,24.0,1,0.8238095238095238,1,0.3465656565656566,TP
Punjab,Patiala,2025-11-04,20,118.09,+3d,12.0,1,0.9510208333333334,1,0.3465656565656566,TP
Punjab,Patiala,2025-11-05,10,30.91,+3d,21.0,1,0.7885208333333334,1,0.3465656565656566,TP
Punjab,Patiala,2025-11-06,24,97.21,+3d,30.0,1,0.8683303571428573,1,0.3465656565656566,TP
Punjab,Patiala,2025-11-07,12,65.89,+3d,6.0,1,0.7151666666666666,1,0.3465656565656566,TP
Punjab,Patiala,2025-11-08,21,243.72,+3d,11.0,1,0.7578333333333336,1,0.3465656565656566,TP
Punjab,Patiala,2025-11-09,30,182.96,+3d,1.0,0,0.8368749999999998,1,0.3465656565656566,FP
Punjab,Patiala,2025-11-10,6,24.25,+3d,3.0,1,0.638951388888889,1,0.3465656565656566,TP
Punjab,Patiala,2025-11-11,11,77.24000000000001,+3d,1.0,0,0.7882083333333334,1,0.3465656565656566,FP
Punjab,Patiala,2025-11-12,1,2.2,+3d,4.0,1,0.6517380952380951,1,0.3465656565656566,TP
Punjab,Patiala,2025-11-13,3,15.05,+3d,2.0,0,0.6069583333333335,1,0.3465656565656566,FP
Punjab,Patiala,2025-11-14,1,1.7,+3d,0.0,0,0.6326309523809523,1,0.3465656565656566,FP
Punjab,Patiala,2025-11-15,4,46.42,+3d,3.0,1,0.5216458333333333,1,0.3465656565656566,TP
Punjab,Patiala,2025-11-16,2,1.79,+3d,0.0,0,0.6105853174603174,1,0.3465656565656566,FP
Punjab,Patiala,2025-11-17,0,0.0,+3d,0.0,0,0.3654880952380952,1,0.3465656565656566,FP
Punjab,Patiala,2025-11-18,3,17.46,+3d,2.0,0,0.472625,1,0.3465656565656566,FP
Punjab,Patiala,2025-11-19,0,0.0,+3d,0.0,0,0.2671071428571428,0,0.3465656565656566,TN
Punjab,Patiala,2025-11-20,0,0.0,+3d,0.0,0,0.3059484126984128,0,0.3465656565656566,TN
Punjab,Patiala,2025-11-21,2,1.69,+3d,0.0,0,0.24984920634920638,0,0.3465656565656566,TN
Punjab,Patiala,2025-11-22,0,0.0,+3d,0.0,0,0.14060551948051947,0,0.3465656565656566,TN
Punjab,Patiala,2025-11-23,0,0.0,+3d,0.0,0,0.20219083694083698,0,0.3465656565656566,TN
Punjab,Rupnagar,2025-10-15,0,0.0,+3d,0.0,0,0.026661282467532462,0,0.3465656565656566,TN
Punjab,Rupnagar,2025-10-16,0,0.0,+3d,0.0,0,0.03676140873015873,0,0.3465656565656566,TN
Punjab,Rupnagar,2025-10-17,0,0.0,+3d,0.0,0,0.038761408730158736,0,0.3465656565656566,TN
Punjab,Rupnagar,2025-10-18,0,0.0,+3d,1.0,0,0.08204677197802196,0,0.3465656565656566,TN
Punjab,Rupnagar,2025-10-19,0,0.0,+3d,1.0,0,0.05357746175393235,0,0.3465656565656566,TN
Punjab,Rupnagar,2025-10-20,0,0.0,+3d,0.0,0,0.04442177197802197,0,0.3465656565656566,TN
Punjab,Rupnagar,2025-10-21,1,4.11,+3d,0.0,0,0.31366369047619047,0,0.3465656565656566,TN
Punjab,Rupnagar,2025-10-22,1,2.34,+3d,0.0,0,0.1537435515873016,0,0.3465656565656566,TN
Punjab,Rupnagar,2025-10-23,0,0.0,+3d,1.0,0,0.07377331349206351,0,0.3465656565656566,TN
Punjab,Rupnagar,2025-10-24,0,0.0,+3d,0.0,0,0.06702690365190367,0,0.3465656565656566,TN
Punjab,Rupnagar,2025-10-25,0,0.0,+3d,0.0,0,0.06280242673992674,0,0.3465656565656566,TN
Punjab,Rupnagar,2025-10-26,1,2.98,+3d,0.0,0,0.19005073051948057,0,0.3465656565656566,TN
Punjab,Rupnagar,2025-10-27,0,0.0,+3d,0.0,0,0.09323227813852814,0,0.3465656565656566,TN
Punjab,Rupnagar,2025-10-28,0,0.0,+3d,2.0,0,0.08854414682539682,0,0.3465656565656566,TN
Punjab,Rupnagar,2025-10-29,0,0.0,+3d,0.0,0,0.11574873737373735,0,0.3465656565656566,TN
Punjab,Rupnagar,2025-10-30,0,0.0,+3d,2.0,0,0.10088924025321083,0,0.3465656565656566,TN
Punjab,Rupnagar,2025-10-31,2,5.83,+3d,0.0,0,0.33766021825396836,0,0.3465656565656566,TN
Punjab,Rupnagar,2025-11-01,0,0.0,+3d,0.0,0,0.08049702380952382,0,0.3465656565656566,TN
Punjab,Rupnagar,2025-11-02,2,4.390000000000001,+3d,0.0,0,0.35154166666666664,1,0.3465656565656566,FP
Punjab,Rupnagar,2025-11-03,0,0.0,+3d,0.0,0,0.12172916666666668,0,0.3465656565656566,TN
Punjab,Rupnagar,2025-11-04,0,0.0,+3d,0.0,0,0.06691666666666667,0,0.3465656565656566,TN
Punjab,Rupnagar,2025-11-05,0,0.0,+3d,1.0,0,0.11544078144078142,0,0.3465656565656566,TN
Punjab,Rupnagar,2025-11-06,0,0.0,+3d,0.0,0,0.044833919552669556,0,0.3465656565656566,TN
Punjab,Rupnagar,2025-11-07,0,0.0,+3d,0.0,0,0.08981150793650793,0,0.3465656565656566,TN
Punjab,Rupnagar,2025-11-08,1,4.05,+3d,1.0,0,0.13561309523809525,0,0.3465656565656566,TN
Punjab,Rupnagar,2025-11-09,0,0.0,+3d,0.0,0,0.04375000000000001,0,0.3465656565656566,TN
Punjab,Rupnagar,2025-11-10,0,0.0,+3d,0.0,0,0.028644841269841268,0,0.3465656565656566,TN
Punjab,Rupnagar,2025-11-11,1,1.61,+3d,0.0,0,0.07251289682539683,0,0.3465656565656566,TN
Punjab,Rupnagar,2025-11-12,0,0.0,+3d,0.0,0,0.026391369047619045,0,0.3465656565656566,TN
Punjab,Rupnagar,2025-11-13,0,0.0,+3d,0.0,0,0.03134686147186148,0,0.3465656565656566,TN
Punjab,Rupnagar,2025-11-14,0,0.0,+3d,0.0,0,0.06183516483516483,0,0.3465656565656566,TN
Punjab,Rupnagar,2025-11-15,0,0.0,+3d,0.0,0,0.02602678571428571,0,0.3465656565656566,TN
Punjab,Rupnagar,2025-11-16,0,0.0,+3d,0.0,0,0.02849730477855478,0,0.3465656565656566,TN
Punjab,Rupnagar,2025-11-17,0,0.0,+3d,0.0,0,0.03601689091707047,0,0.3465656565656566,TN
Punjab,Rupnagar,2025-11-18,0,0.0,+3d,0.0,0,0.012589285714285714,0,0.3465656565656566,TN
Punjab,Rupnagar,2025-11-19,0,0.0,+3d,0.0,0,0.028933557583737134,0,0.3465656565656566,TN
Punjab,Rupnagar,2025-11-20,0,0.0,+3d,0.0,0,0.02976689091707047,0,0.3465656565656566,TN
Punjab,Rupnagar,2025-11-21,0,0.0,+3d,0.0,0,0.007620218145397694,0,0.3465656565656566,TN
Punjab,Rupnagar,2025-11-22,0,0.0,+3d,0.0,0,0.011130952380952382,0,0.3465656565656566,TN
Punjab,Rupnagar,2025-11-23,0,0.0,+3d,0.0,0,0.00928688481206436,0,0.3465656565656566,TN
Punjab,S A S Nagar,2025-10-15,0,0.0,+3d,1.0,0,0.1100529852092352,0,0.3465656565656566,TN
Punjab,S A S Nagar,2025-10-16,1,2.96,+3d,2.0,0,0.18816369047619044,0,0.3465656565656566,TN
Punjab,S A S Nagar,2025-10-17,0,0.0,+3d,4.0,1,0.09396676587301586,0,0.3465656565656566,FN
Punjab,S A S Nagar,2025-10-18,1,3.32,+3d,7.0,1,0.26476968864468864,0,0.3465656565656566,FN
Punjab,S A S Nagar,2025-10-19,2,7.34,+3d,5.0,1,0.46826373626373635,1,0.3465656565656566,TP
Punjab,S A S Nagar,2025-10-20,4,12.04,+3d,1.0,0,0.5304146825396825,1,0.3465656565656566,FP
Punjab,S A S Nagar,2025-10-21,7,30.56,+3d,3.0,1,0.7517083333333335,1,0.3465656565656566,TP
Punjab,S A S Nagar,2025-10-22,5,14.5,+3d,5.0,1,0.6883750000000002,1,0.3465656565656566,TP
Punjab,S A S Nagar,2025-10-23,1,2.81,+3d,6.0,1,0.601827380952381,1,0.3465656565656566,TP
Punjab,S A S Nagar,2025-10-24,3,13.09,+3d,2.0,0,0.5927857142857142,1,0.3465656565656566,FP
Punjab,S A S Nagar,2025-10-25,5,15.55,+3d,2.0,0,0.6285833333333334,1,0.3465656565656566,FP
Punjab,S A S Nagar,2025-10-26,6,17.49,+3d,6.0,1,0.6845059523809524,1,0.3465656565656566,TP
Punjab,S A S Nagar,2025-10-27,2,5.050000000000001,+3d,1.0,0,0.639767857142857,1,0.3465656565656566,FP
Punjab,S A S Nagar,2025-10-28,2,5.97,+3d,8.0,1,0.6040694444444442,1,0.3465656565656566,TP
Punjab,S A S Nagar,2025-10-29,6,13.11,+3d,1.0,0,0.5887886904761905,1,0.3465656565656566,FP
Punjab,S A S Nagar,2025-10-30,1,4.68,+3d,1.0,0,0.5615714285714286,1,0.3465656565656566,FP
Punjab,S A S Nagar,2025-10-31,8,37.49,+3d,2.0,0,0.7842888471177943,1,0.3465656565656566,FP
Punjab,S A S Nagar,2025-11-01,1,3.44,+3d,0.0,0,0.5389583333333333,1,0.3465656565656566,FP
Punjab,S A S Nagar,2025-11-02,1,6.12,+3d,2.0,0,0.6043333333333334,1,0.3465656565656566,FP
Punjab,S A S Nagar,2025-11-03,2,9.99,+3d,0.0,0,0.4662500000000002,1,0.3465656565656566,FP
Punjab,S A S Nagar,2025-11-04,0,0.0,+3d,1.0,0,0.30447916666666663,0,0.3465656565656566,TN
Punjab,S A S Nagar,2025-11-05,2,4.29,+3d,2.0,0,0.2921527777777778,0,0.3465656565656566,TN
Punjab,S A S Nagar,2025-11-06,0,0.0,+3d,0.0,0,0.20299404761904763,0,0.3465656565656566,TN
Punjab,S A S Nagar,2025-11-07,1,9.43,+3d,0.0,0,0.3576011904761905,1,0.3465656565656566,FP
Punjab,S A S Nagar,2025-11-08,2,7.57,+3d,0.0,0,0.3483333333333333,1,0.3465656565656566,FP
Punjab,S A S Nagar,2025-11-09,0,0.0,+3d,1.0,0,0.14043154761904764,0,0.3465656565656566,TN
Punjab,S A S Nagar,2025-11-10,0,0.0,+3d,1.0,0,0.16652777777777777,0,0.3465656565656566,TN
Punjab,S A S Nagar,2025-11-11,0,0.0,+3d,0.0,0,0.04132539682539683,0,0.3465656565656566,TN
Punjab,S A S Nagar,2025-11-12,1,1.59,+3d,0.0,0,0.1723244047619048,0,0.3465656565656566,TN
Punjab,S A S Nagar,2025-11-13,1,8.49,+3d,0.0,0,0.21093749999999997,0,0.3465656565656566,TN
Punjab,S A S Nagar,2025-11-14,0,0.0,+3d,0.0,0,0.11745833333333333,0,0.3465656565656566,TN
Punjab,S A S Nagar,2025-11-15,0,0.0,+3d,0.0,0,0.09866666666666665,0,0.3465656565656566,TN
Punjab,S A S Nagar,2025-11-16,0,0.0,+3d,0.0,0,0.05517361111111112,0,0.3465656565656566,TN
Punjab,S A S Nagar,2025-11-17,0,0.0,+3d,0.0,0,0.035319444444444445,0,0.3465656565656566,TN
Punjab,S A S Nagar,2025-11-18,0,0.0,+3d,0.0,0,0.10012553750597228,0,0.3465656565656566,TN
Punjab,S A S Nagar,2025-11-19,0,0.0,+3d,0.0,0,0.023025641025641027,0,0.3465656565656566,TN
Punjab,S A S Nagar,2025-11-20,0,0.0,+3d,0.0,0,0.020291666666666666,0,0.3465656565656566,TN
Punjab,S A S Nagar,2025-11-21,0,0.0,+3d,1.0,0,0.021815277777777774,0,0.3465656565656566,TN
Punjab,S A S Nagar,2025-11-22,0,0.0,+3d,0.0,0,0.021319444444444443,0,0.3465656565656566,TN
Punjab,S A S Nagar,2025-11-23,0,0.0,+3d,0.0,0,0.004822599097778647,0,0.3465656565656566,TN
Punjab,Sangrur,2025-10-15,1,3.06,+3d,0.0,0,0.2229099927849927,0,0.3465656565656566,TN
Punjab,Sangrur,2025-10-16,1,2.95,+3d,2.0,0,0.1872390952593158,0,0.3465656565656566,TN
Punjab,Sangrur,2025-10-17,4,43.34,+3d,4.0,1,0.47083730158730136,1,0.3465656565656566,TP
Punjab,Sangrur,2025-10-18,0,0.0,+3d,10.0,1,0.39263888888888876,1,0.3465656565656566,TP
Punjab,Sangrur,2025-10-19,2,8.45,+3d,4.0,1,0.4730238095238095,1,0.3465656565656566,TP
Punjab,Sangrur,2025-10-20,4,19.33,+3d,6.0,1,0.6368541666666667,1,0.3465656565656566,TP
Punjab,Sangrur,2025-10-21,10,67.47,+3d,11.0,1,0.7225505952380954,1,0.3465656565656566,TP
Punjab,Sangrur,2025-10-22,4,19.44,+3d,19.0,1,0.7390833333333333,1,0.3465656565656566,TP
Punjab,Sangrur,2025-10-23,6,55.41,+3d,27.0,1,0.7409732142857144,1,0.3465656565656566,TP
Punjab,Sangrur,2025-10-24,11,77.94,+3d,21.0,1,0.7347281746031744,1,0.3465656565656566,TP
Punjab,Sangrur,2025-10-25,19,200.61,+3d,13.0,1,0.8952410714285713,1,0.3465656565656566,TP
Punjab,Sangrur,2025-10-26,27,227.44,+3d,48.0,1,0.8875595238095237,1,0.3465656565656566,TP
Punjab,Sangrur,2025-10-27,21,116.16,+3d,65.0,1,0.8712142857142858,1,0.3465656565656566,TP
Punjab,Sangrur,2025-10-28,13,91.69,+3d,127.0,1,0.858202380952381,1,0.3465656565656566,TP
Punjab,Sangrur,2025-10-29,48,383.99,+3d,69.0,1,0.9666547619047619,1,0.3465656565656566,TP
Punjab,Sangrur,2025-10-30,65,519.6,+3d,65.0,1,0.965,1,0.3465656565656566,TP
Punjab,Sangrur,2025-10-31,127,802.9,+3d,38.0,1,0.9927083333333333,1,0.3465656565656566,TP
Punjab,Sangrur,2025-11-01,69,385.86,+3d,62.0,1,0.9917708333333333,1,0.3465656565656566,TP
Punjab,Sangrur,2025-11-02,65,496.09,+3d,22.0,1,0.9936458333333335,1,0.3465656565656566,TP
Punjab,Sangrur,2025-11-03,38,224.56,+3d,24.0,1,0.9567291666666666,1,0.3465656565656566,TP
Punjab,Sangrur,2025-11-04,62,456.91,+3d,50.0,1,0.9792708333333334,1,0.3465656565656566,TP
Punjab,Sangrur,2025-11-05,22,212.23,+3d,41.0,1,0.915633928571429,1,0.3465656565656566,TP
Punjab,Sangrur,2025-11-06,24,185.22,+3d,37.0,1,0.9003928571428571,1,0.3465656565656566,TP
Punjab,Sangrur,2025-11-07,50,258.85,+3d,24.0,1,0.7079583333333332,1,0.3465656565656566,TP
Punjab,Sangrur,2025-11-08,41,163.3,+3d,19.0,1,0.8214166666666667,1,0.3465656565656566,TP
Punjab,Sangrur,2025-11-09,37,240.81,+3d,3.0,1,0.9090833333333334,1,0.3465656565656566,TP
Punjab,Sangrur,2025-11-10,24,156.23,+3d,7.0,1,0.9401666666666667,1,0.3465656565656566,TP
Punjab,Sangrur,2025-11-11,19,108.34,+3d,6.0,1,0.9020119047619047,1,0.3465656565656566,TP
Punjab,Sangrur,2025-11-12,3,5.16,+3d,2.0,0,0.6963749999999999,1,0.3465656565656566,FP
Punjab,Sangrur,2025-11-13,7,33.92,+3d,0.0,0,0.7562321428571428,1,0.3465656565656566,FP
Punjab,Sangrur,2025-11-14,6,51.3,+3d,3.0,1,0.6484315476190478,1,0.3465656565656566,TP
Punjab,Sangrur,2025-11-15,2,4.51,+3d,0.0,0,0.5654007936507938,1,0.3465656565656566,FP
Punjab,Sangrur,2025-11-16,0,0.0,+3d,0.0,0,0.5898333333333334,1,0.3465656565656566,FP
Punjab,Sangrur,2025-11-17,3,8.42,+3d,1.0,0,0.562468253968254,1,0.3465656565656566,FP
Punjab,Sangrur,2025-11-18,0,0.0,+3d,0.0,0,0.44929464285714277,1,0.3465656565656566,FP
Punjab,Sangrur,2025-11-19,0,0.0,+3d,0.0,0,0.37250198412698415,1,0.3465656565656566,FP
Punjab,Sangrur,2025-11-20,1,3.44,+3d,0.0,0,0.2893869047619047,0,0.3465656565656566,TN
Punjab,Sangrur,2025-11-21,0,0.0,+3d,0.0,0,0.2336130952380953,0,0.3465656565656566,TN
Punjab,Sangrur,2025-11-22,0,0.0,+3d,0.0,0,0.21435338272838272,0,0.3465656565656566,TN
Punjab,Sangrur,2025-11-23,0,0.0,+3d,0.0,0,0.13838329725829726,0,0.3465656565656566,TN
Punjab,Shahid Bhagat Singh Nagar,2025-10-15,0,0.0,+3d,0.0,0,0.08403747294372294,0,0.3465656565656566,TN
Punjab,Shahid Bhagat Singh Nagar,2025-10-16,0,0.0,+3d,0.0,0,0.0688407738095238,0,0.3465656565656566,TN
Punjab,Shahid Bhagat Singh Nagar,2025-10-17,1,3.94,+3d,0.0,0,0.2742044552669552,0,0.3465656565656566,TN
Punjab,Shahid Bhagat Singh Nagar,2025-10-18,0,0.0,+3d,5.0,1,0.14696354686979687,0,0.3465656565656566,FN
Punjab,Shahid Bhagat Singh Nagar,2025-10-19,0,0.0,+3d,3.0,1,0.08041651404151402,0,0.3465656565656566,FN
Punjab,Shahid Bhagat Singh Nagar,2025-10-20,0,0.0,+3d,0.0,0,0.055111950549450554,0,0.3465656565656566,TN
Punjab,Shahid Bhagat Singh Nagar,2025-10-21,5,28.2,+3d,0.0,0,0.5894315476190475,1,0.3465656565656566,FP
Punjab,Shahid Bhagat Singh Nagar,2025-10-22,3,9.35,+3d,0.0,0,0.5713690476190475,1,0.3465656565656566,FP
Punjab,Shahid Bhagat Singh Nagar,2025-10-23,0,0.0,+3d,1.0,0,0.43616666666666687,1,0.3465656565656566,FP
Punjab,Shahid Bhagat Singh Nagar,2025-10-24,0,0.0,+3d,3.0,1,0.3607083333333334,1,0.3465656565656566,TP
Punjab,Shahid Bhagat Singh Nagar,2025-10-25,0,0.0,+3d,0.0,0,0.2300297619047619,0,0.3465656565656566,TN
Punjab,Shahid Bhagat Singh Nagar,2025-10-26,1,1.55,+3d,1.0,0,0.44137003968253974,1,0.3465656565656566,FP
Punjab,Shahid Bhagat Singh Nagar,2025-10-27,3,11.89,+3d,0.0,0,0.5536190476190473,1,0.3465656565656566,FP
Punjab,Shahid Bhagat Singh Nagar,2025-10-28,0,0.0,+3d,1.0,0,0.40894047619047635,1,0.3465656565656566,FP
Punjab,Shahid Bhagat Singh Nagar,2025-10-29,1,7.58,+3d,6.0,1,0.6097261904761905,1,0.3465656565656566,TP
Punjab,Shahid Bhagat Singh Nagar,2025-10-30,0,0.0,+3d,9.0,1,0.21134970238095235,0,0.3465656565656566,FN
Punjab,Shahid Bhagat Singh Nagar,2025-10-31,1,2.69,+3d,3.0,1,0.37546081349206356,1,0.3465656565656566,TP
Punjab,Shahid Bhagat Singh Nagar,2025-11-01,6,25.75,+3d,3.0,1,0.7500269423558896,1,0.3465656565656566,TP
Punjab,Shahid Bhagat Singh Nagar,2025-11-02,9,46.72,+3d,1.0,0,0.793824561403509,1,0.3465656565656566,FP
Punjab,Shahid Bhagat Singh Nagar,2025-11-03,3,7.68,+3d,4.0,1,0.7228095238095239,1,0.3465656565656566,TP
Punjab,Shahid Bhagat Singh Nagar,2025-11-04,3,13.45,+3d,3.0,1,0.554327380952381,1,0.3465656565656566,TP
Punjab,Shahid Bhagat Singh Nagar,2025-11-05,1,0.97,+3d,4.0,1,0.5566666666666668,1,0.3465656565656566,TP
Punjab,Shahid Bhagat Singh Nagar,2025-11-06,4,11.08,+3d,0.0,0,0.6250833333333334,1,0.3465656565656566,FP
Punjab,Shahid Bhagat Singh Nagar,2025-11-07,3,11.85,+3d,0.0,0,0.4246697994987469,1,0.3465656565656566,FP
Punjab,Shahid Bhagat Singh Nagar,2025-11-08,4,15.3,+3d,1.0,0,0.482879485645933,1,0.3465656565656566,FP
Punjab,Shahid Bhagat Singh Nagar,2025-11-09,0,0.0,+3d,3.0,1,0.3704940476190475,1,0.3465656565656566,TP
Punjab,Shahid Bhagat Singh Nagar,2025-11-10,0,0.0,+3d,3.0,1,0.34316071428571426,0,0.3465656565656566,FN
Punjab,Shahid Bhagat Singh Nagar,2025-11-11,1,3.51,+3d,0.0,0,0.42014285714285715,1,0.3465656565656566,FP
Punjab,Shahid Bhagat Singh Nagar,2025-11-12,3,10.78,+3d,2.0,0,0.31596428571428564,0,0.3465656565656566,TN
Punjab,Shahid Bhagat Singh Nagar,2025-11-13,3,15.14,+3d,2.0,0,0.5002412280701755,1,0.3465656565656566,FP
Punjab,Shahid Bhagat Singh Nagar,2025-11-14,0,0.0,+3d,0.0,0,0.3452380952380952,0,0.3465656565656566,TN
Punjab,Shahid Bhagat Singh Nagar,2025-11-15,2,5.73,+3d,0.0,0,0.4232440476190477,1,0.3465656565656566,FP
Punjab,Shahid Bhagat Singh Nagar,2025-11-16,2,5.65,+3d,3.0,1,0.31403373015873015,0,0.3465656565656566,FN
Punjab,Shahid Bhagat Singh Nagar,2025-11-17,0,0.0,+3d,0.0,0,0.18181333943833938,0,0.3465656565656566,TN
Punjab,Shahid Bhagat Singh Nagar,2025-11-18,0,0.0,+3d,0.0,0,0.16689484126984122,0,0.3465656565656566,TN
Punjab,Shahid Bhagat Singh Nagar,2025-11-19,3,9.82,+3d,0.0,0,0.24808928571428576,0,0.3465656565656566,TN
Punjab,Shahid Bhagat Singh Nagar,2025-11-20,0,0.0,+3d,0.0,0,0.26071611721611715,0,0.3465656565656566,TN
Punjab,Shahid Bhagat Singh Nagar,2025-11-21,0,0.0,+3d,0.0,0,0.11068055555555559,0,0.3465656565656566,TN
Punjab,Shahid Bhagat Singh Nagar,2025-11-22,0,0.0,+3d,0.0,0,0.13204166666666667,0,0.3465656565656566,TN
Punjab,Shahid Bhagat Singh Nagar,2025-11-23,0,0.0,+3d,0.0,0,0.012773809523809528,0,0.3465656565656566,TN
Punjab,Sri Muktsar Sahib,2025-10-15,0,0.0,+3d,2.0,0,0.2859196959086665,0,0.3465656565656566,TN
Punjab,Sri Muktsar Sahib,2025-10-16,1,5.86,+3d,2.0,0,0.3725377705627706,1,0.3465656565656566,FP
Punjab,Sri Muktsar Sahib,2025-10-17,0,0.0,+3d,0.0,0,0.3032007389162562,0,0.3465656565656566,TN
Punjab,Sri Muktsar Sahib,2025-10-18,2,8.21,+3d,4.0,1,0.3285399159663866,0,0.3465656565656566,FN
Punjab,Sri Muktsar Sahib,2025-10-19,2,8.68,+3d,10.0,1,0.44227801120448157,1,0.3465656565656566,TP
Punjab,Sri Muktsar Sahib,2025-10-20,0,0.0,+3d,1.0,0,0.3616789135194307,1,0.3465656565656566,FP
Punjab,Sri Muktsar Sahib,2025-10-21,4,17.89,+3d,2.0,0,0.5905148809523808,1,0.3465656565656566,FP
Punjab,Sri Muktsar Sahib,2025-10-22,10,37.72,+3d,2.0,0,0.7729166666666666,1,0.3465656565656566,FP
Punjab,Sri Muktsar Sahib,2025-10-23,1,3.49,+3d,13.0,1,0.6064107142857144,1,0.3465656565656566,TP
Punjab,Sri Muktsar Sahib,2025-10-24,2,16.65,+3d,0.0,0,0.6985476190476192,1,0.3465656565656566,FP
Punjab,Sri Muktsar Sahib,2025-10-25,2,7.71,+3d,2.0,0,0.5643333333333334,1,0.3465656565656566,FP
Punjab,Sri Muktsar Sahib,2025-10-26,13,86.17,+3d,7.0,1,0.8461309523809524,1,0.3465656565656566,TP
Punjab,Sri Muktsar Sahib,2025-10-27,0,0.0,+3d,12.0,1,0.6596428571428571,1,0.3465656565656566,TP
Punjab,Sri Muktsar Sahib,2025-10-28,2,11.65,+3d,17.0,1,0.5933898809523811,1,0.3465656565656566,TP
Punjab,Sri Muktsar Sahib,2025-10-29,7,33.11,+3d,21.0,1,0.7534027777777779,1,0.3465656565656566,TP
Punjab,Sri Muktsar Sahib,2025-10-30,12,70.77,+3d,41.0,1,0.9191370614035088,1,0.3465656565656566,TP
Punjab,Sri Muktsar Sahib,2025-10-31,17,171.26,+3d,12.0,1,0.9880000000000001,1,0.3465656565656566,TP
Punjab,Sri Muktsar Sahib,2025-11-01,21,102.23,+3d,15.0,1,0.9600297619047617,1,0.3465656565656566,TP
Punjab,Sri Muktsar Sahib,2025-11-02,41,334.81,+3d,29.0,1,0.9814375,1,0.3465656565656566,TP
Punjab,Sri Muktsar Sahib,2025-11-03,12,70.67999999999999,+3d,48.0,1,0.9288541666666668,1,0.3465656565656566,TP
Punjab,Sri Muktsar Sahib,2025-11-04,15,124.78,+3d,37.0,1,0.9512708333333333,1,0.3465656565656566,TP
Punjab,Sri Muktsar Sahib,2025-11-05,29,173.99,+3d,25.0,1,0.9239345238095238,1,0.3465656565656566,TP
Punjab,Sri Muktsar Sahib,2025-11-06,48,331.47,+3d,28.0,1,0.9592708333333333,1,0.3465656565656566,TP
Punjab,Sri Muktsar Sahib,2025-11-07,37,200.69,+3d,31.0,1,0.7442499999999999,1,0.3465656565656566,TP
Punjab,Sri Muktsar Sahib,2025-11-08,25,149.07999999999998,+3d,39.0,1,0.8152708333333334,1,0.3465656565656566,TP
Punjab,Sri Muktsar Sahib,2025-11-09,28,136.62,+3d,14.0,1,0.9456488095238095,1,0.3465656565656566,TP
Punjab,Sri Muktsar Sahib,2025-11-10,31,131.89,+3d,21.0,1,0.9086874999999999,1,0.3465656565656566,TP
Punjab,Sri Muktsar Sahib,2025-11-11,39,236.67,+3d,20.0,1,0.9080833333333334,1,0.3465656565656566,TP
Punjab,Sri Muktsar Sahib,2025-11-12,14,71.45,+3d,32.0,1,0.904125,1,0.3465656565656566,TP
Punjab,Sri Muktsar Sahib,2025-11-13,21,114.28,+3d,28.0,1,0.9511250000000001,1,0.3465656565656566,TP
Punjab,Sri Muktsar Sahib,2025-11-14,20,110.72,+3d,9.0,1,0.9729583333333334,1,0.3465656565656566,TP
Punjab,Sri Muktsar Sahib,2025-11-15,32,161.38,+3d,10.0,1,0.937625,1,0.3465656565656566,TP
Punjab,Sri Muktsar Sahib,2025-11-16,28,148.9,+3d,9.0,1,0.9299999999999998,1,0.3465656565656566,TP
Punjab,Sri Muktsar Sahib,2025-11-17,9,21.88,+3d,8.0,1,0.611638888888889,1,0.3465656565656566,TP
Punjab,Sri Muktsar Sahib,2025-11-18,10,38.26,+3d,4.0,1,0.682220238095238,1,0.3465656565656566,TP
Punjab,Sri Muktsar Sahib,2025-11-19,9,38.03,+3d,4.0,1,0.4969166666666667,1,0.3465656565656566,TP
Punjab,Sri Muktsar Sahib,2025-11-20,8,34.36,+3d,12.0,1,0.39483928571428584,1,0.3465656565656566,TP
Punjab,Sri Muktsar Sahib,2025-11-21,4,16.88,+3d,0.0,0,0.28529761904761897,0,0.3465656565656566,TN
Punjab,Sri Muktsar Sahib,2025-11-22,4,12.72,+3d,2.0,0,0.16905790043290042,0,0.3465656565656566,TN
Punjab,Sri Muktsar Sahib,2025-11-23,12,164.88,+3d,3.0,1,0.34755790043290036,1,0.3465656565656566,TP
Punjab,Tarn Taran,2025-10-15,16,63.69,+3d,30.0,1,0.7855297619047619,1,0.3465656565656566,TP
Punjab,Tarn Taran,2025-10-16,28,119.02,+3d,45.0,1,0.8891785714285715,1,0.3465656565656566,TP
Punjab,Tarn Taran,2025-10-17,21,79.39,+3d,34.0,1,0.9026249999999999,1,0.3465656565656566,TP
Punjab,Tarn Taran,2025-10-18,30,124.33,+3d,36.0,1,0.9300833333333334,1,0.3465656565656566,TP
Punjab,Tarn Taran,2025-10-19,45,228.67,+3d,35.0,1,0.9849166666666669,1,0.3465656565656566,TP
Punjab,Tarn Taran,2025-10-20,34,139.39,+3d,21.0,1,0.97275,1,0.3465656565656566,TP
Punjab,Tarn Taran,2025-10-21,36,129.44,+3d,18.0,1,0.9673333333333335,1,0.3465656565656566,TP
Punjab,Tarn Taran,2025-10-22,35,183.31,+3d,45.0,1,0.9835416666666668,1,0.3465656565656566,TP
Punjab,Tarn Taran,2025-10-23,21,99.69,+3d,62.0,1,0.9401666666666667,1,0.3465656565656566,TP
Punjab,Tarn Taran,2025-10-24,18,109.0,+3d,39.0,1,0.9017886904761905,1,0.3465656565656566,TP
Punjab,Tarn Taran,2025-10-25,45,224.23,+3d,22.0,1,0.9805952380952381,1,0.3465656565656566,TP
Punjab,Tarn Taran,2025-10-26,62,283.48,+3d,54.0,1,0.99125,1,0.3465656565656566,TP
Punjab,Tarn Taran,2025-10-27,39,154.78,+3d,48.0,1,0.9705416666666667,1,0.3465656565656566,TP
Punjab,Tarn Taran,2025-10-28,22,130.01,+3d,87.0,1,0.9594166666666666,1,0.3465656565656566,TP
Punjab,Tarn Taran,2025-10-29,54,438.06,+3d,71.0,1,0.9798749999999999,1,0.3465656565656566,TP
Punjab,Tarn Taran,2025-10-30,48,232.45,+3d,59.0,1,0.9889166666666666,1,0.3465656565656566,TP
Punjab,Tarn Taran,2025-10-31,87,391.43,+3d,33.0,1,0.9712499999999998,1,0.3465656565656566,TP
Punjab,Tarn Taran,2025-11-01,71,330.73,+3d,63.0,1,0.9983333333333333,1,0.3465656565656566,TP
Punjab,Tarn Taran,2025-11-02,59,307.36,+3d,5.0,1,0.9767708333333333,1,0.3465656565656566,TP
Punjab,Tarn Taran,2025-11-03,33,138.16,+3d,44.0,1,0.9714791666666666,1,0.3465656565656566,TP
Punjab,Tarn Taran,2025-11-04,63,392.89,+3d,29.0,1,0.9063333333333334,1,0.3465656565656566,TP
Punjab,Tarn Taran,2025-11-05,5,15.96,+3d,31.0,1,0.786234126984127,1,0.3465656565656566,TP
Punjab,Tarn Taran,2025-11-06,44,172.83,+3d,41.0,1,0.8528749999999999,1,0.3465656565656566,TP
Punjab,Tarn Taran,2025-11-07,29,157.01,+3d,58.0,1,0.7187083333333334,1,0.3465656565656566,TP
Punjab,Tarn Taran,2025-11-08,31,146.95,+3d,48.0,1,0.8493333333333333,1,0.3465656565656566,TP
Punjab,Tarn Taran,2025-11-09,41,243.63,+3d,18.0,1,0.9354583333333334,1,0.3465656565656566,TP
Punjab,Tarn Taran,2025-11-10,58,351.23,+3d,17.0,1,0.9478750000000001,1,0.3465656565656566,TP
Punjab,Tarn Taran,2025-11-11,48,221.82,+3d,23.0,1,0.919375,1,0.3465656565656566,TP
Punjab,Tarn Taran,2025-11-12,18,70.46000000000001,+3d,12.0,1,0.8344583333333333,1,0.3465656565656566,TP
Punjab,Tarn Taran,2025-11-13,17,79.45,+3d,12.0,1,0.8274166666666666,1,0.3465656565656566,TP
Punjab,Tarn Taran,2025-11-14,23,97.54,+3d,5.0,1,0.7993511904761906,1,0.3465656565656566,TP
Punjab,Tarn Taran,2025-11-15,12,45.89,+3d,3.0,1,0.7592916666666666,1,0.3465656565656566,TP
Punjab,Tarn Taran,2025-11-16,12,50.37,+3d,0.0,0,0.7488392857142858,1,0.3465656565656566,FP
Punjab,Tarn Taran,2025-11-17,5,19.08,+3d,3.0,1,0.519565476190476,1,0.3465656565656566,TP
Punjab,Tarn Taran,2025-11-18,3,8.22,+3d,4.0,1,0.4723750000000001,1,0.3465656565656566,TP
Punjab,Tarn Taran,2025-11-19,0,0.0,+3d,2.0,0,0.4400357142857145,1,0.3465656565656566,FP
Punjab,Tarn Taran,2025-11-20,3,13.18,+3d,0.0,0,0.4472083333333334,1,0.3465656565656566,FP
Punjab,Tarn Taran,2025-11-21,4,29.09,+3d,0.0,0,0.3481666666666667,1,0.3465656565656566,FP
Punjab,Tarn Taran,2025-11-22,2,6.27,+3d,0.0,0,0.35208170995670995,1,0.3465656565656566,FP
Punjab,Tarn Taran,2025-11-23,0,0.0,+3d,0.0,0,0.35128409090909085,1,0.3465656565656566,FP
