state,district,date,fire_count,frp_sum,horizon,target_fire_count,actual_elevated,rf_probability,rf_prediction,threshold,error_type
Haryana,Ambala,2025-10-15,0,0.0,+5d,3.0,1,0.11812146503858457,0,0.2822222222222222,FN
Haryana,Ambala,2025-10-16,2,3.1,+5d,2.0,0,0.2038441558441559,0,0.2822222222222222,TN
Haryana,Ambala,2025-10-17,0,0.0,+5d,1.0,0,0.08434523809523808,0,0.2822222222222222,TN
Haryana,Ambala,2025-10-18,0,0.0,+5d,0.0,0,0.09426190476190474,0,0.2822222222222222,TN
Haryana,Ambala,2025-10-19,1,7.36,+5d,0.0,0,0.3468035714285713,1,0.2822222222222222,FP
Haryana,Ambala,2025-10-20,3,8.36,+5d,1.0,0,0.43905357142857154,1,0.2822222222222222,FP
Haryana,Ambala,2025-10-21,2,5.03,+5d,4.0,1,0.5494315476190477,1,0.2822222222222222,TP
Haryana,Ambala,2025-10-22,1,3.08,+5d,2.0,0,0.4299345238095238,1,0.2822222222222222,FP
Haryana,Ambala,2025-10-23,0,0.0,+5d,0.0,0,0.2826210317460317,1,0.2822222222222222,FP
Haryana,Ambala,2025-10-24,0,0.0,+5d,2.0,0,0.16072222222222218,0,0.2822222222222222,TN
Haryana,Ambala,2025-10-25,1,2.44,+5d,0.0,0,0.2780535714285714,0,0.2822222222222222,TN
Haryana,Ambala,2025-10-26,4,14.37,+5d,3.0,1,0.42418154761904764,1,0.2822222222222222,TP
Haryana,Ambala,2025-10-27,2,3.93,+5d,0.0,0,0.42923611111111115,1,0.2822222222222222,FP
Haryana,Ambala,2025-10-28,0,0.0,+5d,4.0,1,0.2706785714285715,0,0.2822222222222222,FN
Haryana,Ambala,2025-10-29,2,5.92,+5d,0.0,0,0.42284226190476176,1,0.2822222222222222,FP
Haryana,Ambala,2025-10-30,0,0.0,+5d,0.0,0,0.18811607142857145,0,0.2822222222222222,TN
Haryana,Ambala,2025-10-31,3,11.989999999999998,+5d,0.0,0,0.64575,1,0.2822222222222222,FP
Haryana,Ambala,2025-11-01,0,0.0,+5d,0.0,0,0.34053571428571433,1,0.2822222222222222,FP
Haryana,Ambala,2025-11-02,4,11.68,+5d,1.0,0,0.5701071428571428,1,0.2822222222222222,FP
Haryana,Ambala,2025-11-03,0,0.0,+5d,1.0,0,0.41520833333333335,1,0.2822222222222222,FP
Haryana,Ambala,2025-11-04,0,0.0,+5d,0.0,0,0.10104166666666665,0,0.2822222222222222,TN
Haryana,Ambala,2025-11-05,0,0.0,+5d,0.0,0,0.4282599789915967,1,0.2822222222222222,FP
Haryana,Ambala,2025-11-06,0,0.0,+5d,0.0,0,0.04617297979797978,0,0.2822222222222222,TN
Haryana,Ambala,2025-11-07,1,1.65,+5d,0.0,0,0.19600297619047619,0,0.2822222222222222,TN
Haryana,Ambala,2025-11-08,1,2.63,+5d,2.0,0,0.1071527777777778,0,0.2822222222222222,TN
Haryana,Ambala,2025-11-09,0,0.0,+5d,0.0,0,0.16894642857142855,0,0.2822222222222222,TN
Haryana,Ambala,2025-11-10,0,0.0,+5d,0.0,0,0.006346153846153847,0,0.2822222222222222,TN
Haryana,Ambala,2025-11-11,0,0.0,+5d,0.0,0,0.08675992063492063,0,0.2822222222222222,TN
Haryana,Ambala,2025-11-12,0,0.0,+5d,0.0,0,0.0029166666666666664,0,0.2822222222222222,TN
Haryana,Ambala,2025-11-13,2,8.79,+5d,0.0,0,0.044625,0,0.2822222222222222,TN
Haryana,Ambala,2025-11-14,0,0.0,+5d,0.0,0,0.06314583333333333,0,0.2822222222222222,TN
Haryana,Ambala,2025-11-15,0,0.0,+5d,0.0,0,0.02625,0,0.2822222222222222,TN
Haryana,Ambala,2025-11-16,0,0.0,+5d,0.0,0,0.15462499999999998,0,0.2822222222222222,TN
Haryana,Ambala,2025-11-17,0,0.0,+5d,0.0,0,0.0025,0,0.2822222222222222,TN
Haryana,Ambala,2025-11-18,0,0.0,+5d,1.0,0,0.02166666666666667,0,0.2822222222222222,TN
Haryana,Ambala,2025-11-19,0,0.0,+5d,0.0,0,0.0025,0,0.2822222222222222,TN
Haryana,Ambala,2025-11-20,0,0.0,+5d,0.0,0,0.07586111111111113,0,0.2822222222222222,TN
Haryana,Ambala,2025-11-21,0,0.0,+5d,1.0,0,0.0025,0,0.2822222222222222,TN
Haryana,Ambala,2025-11-22,0,0.0,+5d,4.0,1,0.0025,0,0.2822222222222222,FN
Haryana,Ambala,2025-11-23,1,5.52,+5d,1.0,0,0.04516958041958042,0,0.2822222222222222,TN
Haryana,Bhiwani,2025-10-15,0,0.0,+5d,2.0,0,0.0096875,0,0.2822222222222222,TN
Haryana,Bhiwani,2025-10-16,1,1.3,+5d,1.0,0,0.016229166666666666,0,0.2822222222222222,TN
Haryana,Bhiwani,2025-10-17,0,0.0,+5d,6.0,1,0.017666666666666667,0,0.2822222222222222,FN
Haryana,Bhiwani,2025-10-18,2,7.77,+5d,0.0,0,0.14844642857142856,0,0.2822222222222222,TN
Haryana,Bhiwani,2025-10-19,0,0.0,+5d,0.0,0,0.16157043650793645,0,0.2822222222222222,TN
Haryana,Bhiwani,2025-10-20,2,8.27,+5d,0.0,0,0.23400595238095243,0,0.2822222222222222,TN
Haryana,Bhiwani,2025-10-21,1,2.59,+5d,1.0,0,0.34711309523809525,1,0.2822222222222222,FP
Haryana,Bhiwani,2025-10-22,6,11.41,+5d,0.0,0,0.2596607142857143,0,0.2822222222222222,TN
Haryana,Bhiwani,2025-10-23,0,0.0,+5d,0.0,0,0.48590476190476184,1,0.2822222222222222,FP
Haryana,Bhiwani,2025-10-24,0,0.0,+5d,0.0,0,0.17025992063492065,0,0.2822222222222222,TN
Haryana,Bhiwani,2025-10-25,0,0.0,+5d,0.0,0,0.3631309523809525,1,0.2822222222222222,FP
Haryana,Bhiwani,2025-10-26,1,2.52,+5d,0.0,0,0.0650982142857143,0,0.2822222222222222,TN
Haryana,Bhiwani,2025-10-27,0,0.0,+5d,0.0,0,0.24504073295985063,0,0.2822222222222222,TN
Haryana,Bhiwani,2025-10-28,0,0.0,+5d,0.0,0,0.053937500000000006,0,0.2822222222222222,TN
Haryana,Bhiwani,2025-10-29,0,0.0,+5d,0.0,0,0.21059523809523814,0,0.2822222222222222,TN
Haryana,Bhiwani,2025-10-30,0,0.0,+5d,0.0,0,0.02958333333333333,0,0.2822222222222222,TN
Haryana,Bhiwani,2025-10-31,0,0.0,+5d,1.0,0,0.03145833333333333,0,0.2822222222222222,TN
Haryana,Bhiwani,2025-11-01,0,0.0,+5d,2.0,0,0.032875,0,0.2822222222222222,TN
Haryana,Bhiwani,2025-11-02,0,0.0,+5d,4.0,1,0.06241666666666667,0,0.2822222222222222,FN
Haryana,Bhiwani,2025-11-03,0,0.0,+5d,0.0,0,0.02845833333333333,0,0.2822222222222222,TN
Haryana,Bhiwani,2025-11-04,0,0.0,+5d,0.0,0,0.020041666666666666,0,0.2822222222222222,TN
Haryana,Bhiwani,2025-11-05,1,12.65,+5d,0.0,0,0.1303095238095238,0,0.2822222222222222,TN
Haryana,Bhiwani,2025-11-06,2,6.279999999999999,+5d,7.0,1,0.15923214285714285,0,0.2822222222222222,FN
Haryana,Bhiwani,2025-11-07,4,11.12,+5d,0.0,0,0.18875000000000003,0,0.2822222222222222,TN
Haryana,Bhiwani,2025-11-08,0,0.0,+5d,0.0,0,0.27315277777777774,0,0.2822222222222222,TN
Haryana,Bhiwani,2025-11-09,0,0.0,+5d,0.0,0,0.21814980158730155,0,0.2822222222222222,TN
Haryana,Bhiwani,2025-11-10,0,0.0,+5d,1.0,0,0.40145535714285707,1,0.2822222222222222,FP
Haryana,Bhiwani,2025-11-11,7,24.64,+5d,3.0,1,0.4772678571428572,1,0.2822222222222222,TP
Haryana,Bhiwani,2025-11-12,0,0.0,+5d,3.0,1,0.38678869047619036,1,0.2822222222222222,TP
Haryana,Bhiwani,2025-11-13,0,0.0,+5d,0.0,0,0.17373611111111106,0,0.2822222222222222,TN
Haryana,Bhiwani,2025-11-14,0,0.0,+5d,0.0,0,0.34815178571428573,1,0.2822222222222222,FP
Haryana,Bhiwani,2025-11-15,1,2.09,+5d,0.0,0,0.042196428571428565,0,0.2822222222222222,TN
Haryana,Bhiwani,2025-11-16,3,11.48,+5d,0.0,0,0.417986111111111,1,0.2822222222222222,FP
Haryana,Bhiwani,2025-11-17,3,19.94,+5d,3.0,1,0.2808928571428571,0,0.2822222222222222,FN
Haryana,Bhiwani,2025-11-18,0,0.0,+5d,1.0,0,0.32020833333333343,1,0.2822222222222222,FP
Haryana,Bhiwani,2025-11-19,0,0.0,+5d,0.0,0,0.18930753968253972,0,0.2822222222222222,TN
Haryana,Bhiwani,2025-11-20,0,0.0,+5d,0.0,0,0.2780426587301587,0,0.2822222222222222,TN
Haryana,Bhiwani,2025-11-21,0,0.0,+5d,0.0,0,0.05679166666666666,0,0.2822222222222222,TN
Haryana,Bhiwani,2025-11-22,3,16.310000000000002,+5d,0.0,0,0.26154166666666673,0,0.2822222222222222,TN
Haryana,Bhiwani,2025-11-23,1,2.64,+5d,1.0,0,0.25211011904761904,0,0.2822222222222222,TN
Haryana,Charkhi Dadri,2025-10-15,0,0.0,+5d,0.0,0,0.017958333333333337,0,0.2822222222222222,TN
Haryana,Charkhi Dadri,2025-10-16,0,0.0,+5d,0.0,0,0.0053125,0,0.2822222222222222,TN
Haryana,Charkhi Dadri,2025-10-17,0,0.0,+5d,0.0,0,0.09177380952380952,0,0.2822222222222222,TN
Haryana,Charkhi Dadri,2025-10-18,0,0.0,+5d,0.0,0,0.002916666666666667,0,0.2822222222222222,TN
Haryana,Charkhi Dadri,2025-10-19,0,0.0,+5d,0.0,0,0.01562385531135531,0,0.2822222222222222,TN
Haryana,Charkhi Dadri,2025-10-20,0,0.0,+5d,0.0,0,0.011338141025641024,0,0.2822222222222222,TN
Haryana,Charkhi Dadri,2025-10-21,0,0.0,+5d,0.0,0,0.019959894272394273,0,0.2822222222222222,TN
Haryana,Charkhi Dadri,2025-10-22,0,0.0,+5d,0.0,0,0.045188492063492056,0,0.2822222222222222,TN
Haryana,Charkhi Dadri,2025-10-23,0,0.0,+5d,0.0,0,0.0014583333333333332,0,0.2822222222222222,TN
Haryana,Charkhi Dadri,2025-10-24,0,0.0,+5d,0.0,0,0.004583333333333333,0,0.2822222222222222,TN
Haryana,Charkhi Dadri,2025-10-25,0,0.0,+5d,0.0,0,0.0,0,0.2822222222222222,TN
Haryana,Charkhi Dadri,2025-10-26,0,0.0,+5d,0.0,0,0.0065625,0,0.2822222222222222,TN
Haryana,Charkhi Dadri,2025-10-27,0,0.0,+5d,1.0,0,0.009526515151515152,0,0.2822222222222222,TN
Haryana,Charkhi Dadri,2025-10-28,0,0.0,+5d,0.0,0,0.06159943181818182,0,0.2822222222222222,TN
Haryana,Charkhi Dadri,2025-10-29,0,0.0,+5d,0.0,0,0.010568181818181817,0,0.2822222222222222,TN
Haryana,Charkhi Dadri,2025-10-30,0,0.0,+5d,0.0,0,0.03997443181818181,0,0.2822222222222222,TN
Haryana,Charkhi Dadri,2025-10-31,0,0.0,+5d,0.0,0,0.008443181818181818,0,0.2822222222222222,TN
Haryana,Charkhi Dadri,2025-11-01,1,2.49,+5d,0.0,0,0.02713392857142857,0,0.2822222222222222,TN
Haryana,Charkhi Dadri,2025-11-02,0,0.0,+5d,0.0,0,0.015583333333333336,0,0.2822222222222222,TN
Haryana,Charkhi Dadri,2025-11-03,0,0.0,+5d,0.0,0,0.010041666666666666,0,0.2822222222222222,TN
Haryana,Charkhi Dadri,2025-11-04,0,0.0,+5d,0.0,0,0.1326616300366301,0,0.2822222222222222,TN
Haryana,Charkhi Dadri,2025-11-05,0,0.0,+5d,0.0,0,0.008708333333333332,0,0.2822222222222222,TN
Haryana,Charkhi Dadri,2025-11-06,0,0.0,+5d,0.0,0,0.0060416666666666665,0,0.2822222222222222,TN
Haryana,Charkhi Dadri,2025-11-07,0,0.0,+5d,0.0,0,0.007791666666666666,0,0.2822222222222222,TN
Haryana,Charkhi Dadri,2025-11-08,0,0.0,+5d,0.0,0,0.010250000000000002,0,0.2822222222222222,TN
Haryana,Charkhi Dadri,2025-11-09,0,0.0,+5d,2.0,0,0.004166666666666667,0,0.2822222222222222,TN
Haryana,Charkhi Dadri,2025-11-10,0,0.0,+5d,0.0,0,0.00125,0,0.2822222222222222,TN
Haryana,Charkhi Dadri,2025-11-11,0,0.0,+5d,1.0,0,0.0152979797979798,0,0.2822222222222222,TN
Haryana,Charkhi Dadri,2025-11-12,0,0.0,+5d,0.0,0,0.005416666666666666,0,0.2822222222222222,TN
Haryana,Charkhi Dadri,2025-11-13,0,0.0,+5d,0.0,0,0.006958333333333334,0,0.2822222222222222,TN
Haryana,Charkhi Dadri,2025-11-14,2,11.48,+5d,0.0,0,0.0889166666666667,0,0.2822222222222222,TN
Haryana,Charkhi Dadri,2025-11-15,0,0.0,+5d,0.0,0,0.07618749999999999,0,0.2822222222222222,TN
Haryana,Charkhi Dadri,2025-11-16,1,2.21,+5d,0.0,0,0.10372916666666666,0,0.2822222222222222,TN
Haryana,Charkhi Dadri,2025-11-17,0,0.0,+5d,0.0,0,0.2839771062271062,1,0.2822222222222222,FP
Haryana,Charkhi Dadri,2025-11-18,0,0.0,+5d,0.0,0,0.0020833333333333333,0,0.2822222222222222,TN
Haryana,Charkhi Dadri,2025-11-19,0,0.0,+5d,0.0,0,0.09124893162393162,0,0.2822222222222222,TN
Haryana,Charkhi Dadri,2025-11-20,0,0.0,+5d,0.0,0,0.0,0,0.2822222222222222,TN
Haryana,Charkhi Dadri,2025-11-21,0,0.0,+5d,0.0,0,0.18175892857142856,0,0.2822222222222222,TN
Haryana,Charkhi Dadri,2025-11-22,0,0.0,+5d,0.0,0,0.008208333333333335,0,0.2822222222222222,TN
Haryana,Charkhi Dadri,2025-11-23,0,0.0,+5d,0.0,0,0.009065413752913752,0,0.2822222222222222,TN
Haryana,Faridabad,2025-10-15,3,2.53,+5d,1.0,0,0.2225595238095238,0,0.2822222222222222,TN
Haryana,Faridabad,2025-10-16,0,0.0,+5d,0.0,0,0.11536458333333334,0,0.2822222222222222,TN
Haryana,Faridabad,2025-10-17,2,3.04,+5d,1.0,0,0.0775,0,0.2822222222222222,TN
Haryana,Faridabad,2025-10-18,1,0.31,+5d,0.0,0,0.18910119047619048,0,0.2822222222222222,TN
Haryana,Faridabad,2025-10-19,0,0.0,+5d,0.0,0,0.07969230769230769,0,0.2822222222222222,TN
Haryana,Faridabad,2025-10-20,1,0.53,+5d,0.0,0,0.12279166666666665,0,0.2822222222222222,TN
Haryana,Faridabad,2025-10-21,0,0.0,+5d,4.0,1,0.1423411172161172,0,0.2822222222222222,FN
Haryana,Faridabad,2025-10-22,1,0.74,+5d,0.0,0,0.18071527777777782,0,0.2822222222222222,TN
Haryana,Faridabad,2025-10-23,0,0.0,+5d,0.0,0,0.04017948717948718,0,0.2822222222222222,TN
Haryana,Faridabad,2025-10-24,0,0.0,+5d,0.0,0,0.0996458333333333,0,0.2822222222222222,TN
Haryana,Faridabad,2025-10-25,0,0.0,+5d,0.0,0,0.02958166109253066,0,0.2822222222222222,TN
Haryana,Faridabad,2025-10-26,4,4.0600000000000005,+5d,1.0,0,0.04891666666666668,0,0.2822222222222222,TN
Haryana,Faridabad,2025-10-27,0,0.0,+5d,5.0,1,0.08733730158730159,0,0.2822222222222222,FN
Haryana,Faridabad,2025-10-28,0,0.0,+5d,2.0,0,0.07822916666666667,0,0.2822222222222222,TN
Haryana,Faridabad,2025-10-29,0,0.0,+5d,3.0,1,0.13177380952380954,0,0.2822222222222222,FN
Haryana,Faridabad,2025-10-30,0,0.0,+5d,0.0,0,0.049885416666666675,0,0.2822222222222222,TN
Haryana,Faridabad,2025-10-31,1,0.79,+5d,8.0,1,0.09099999999999998,0,0.2822222222222222,FN
Haryana,Faridabad,2025-11-01,5,3.69,+5d,2.0,0,0.06313690476190476,0,0.2822222222222222,TN
Haryana,Faridabad,2025-11-02,2,1.52,+5d,3.0,1,0.21774206349206351,0,0.2822222222222222,FN
Haryana,Faridabad,2025-11-03,3,1.28,+5d,4.0,1,0.06887499999999999,0,0.2822222222222222,FN
Haryana,Faridabad,2025-11-04,0,0.0,+5d,4.0,1,0.17875,0,0.2822222222222222,FN
Haryana,Faridabad,2025-11-05,8,4.37,+5d,1.0,0,0.09169642857142854,0,0.2822222222222222,TN
Haryana,Faridabad,2025-11-06,2,0.7,+5d,1.0,0,0.15025396825396825,0,0.2822222222222222,TN
Haryana,Faridabad,2025-11-07,3,6.02,+5d,6.0,1,0.1712797619047619,0,0.2822222222222222,FN
Haryana,Faridabad,2025-11-08,4,2.47,+5d,5.0,1,0.30843452380952385,1,0.2822222222222222,TP
Haryana,Faridabad,2025-11-09,4,1.91,+5d,1.0,0,0.14998611111111107,0,0.2822222222222222,TN
Haryana,Faridabad,2025-11-10,1,0.54,+5d,5.0,1,0.2620456349206349,0,0.2822222222222222,FN
Haryana,Faridabad,2025-11-11,1,1.92,+5d,2.0,0,0.16670833333333332,0,0.2822222222222222,TN
Haryana,Faridabad,2025-11-12,6,5.140000000000001,+5d,6.0,1,0.31063095238095245,1,0.2822222222222222,TP
Haryana,Faridabad,2025-11-13,5,4.54,+5d,3.0,1,0.19561111111111112,0,0.2822222222222222,FN
Haryana,Faridabad,2025-11-14,1,0.65,+5d,0.0,0,0.2500277777777778,0,0.2822222222222222,TN
Haryana,Faridabad,2025-11-15,5,5.64,+5d,7.0,1,0.2876011904761904,1,0.2822222222222222,TP
Haryana,Faridabad,2025-11-16,2,0.6799999999999999,+5d,0.0,0,0.3165992063492063,1,0.2822222222222222,FP
Haryana,Faridabad,2025-11-17,6,5.33,+5d,7.0,1,0.1555,0,0.2822222222222222,FN
Haryana,Faridabad,2025-11-18,3,1.33,+5d,3.0,1,0.26433134920634926,0,0.2822222222222222,FN
Haryana,Faridabad,2025-11-19,0,0.0,+5d,0.0,0,0.2564642857142858,0,0.2822222222222222,TN
Haryana,Faridabad,2025-11-20,7,18.13,+5d,9.0,1,0.31572023809523814,1,0.2822222222222222,TP
Haryana,Faridabad,2025-11-21,0,0.0,+5d,1.0,0,0.19910119047619046,0,0.2822222222222222,TN
Haryana,Faridabad,2025-11-22,7,3.93,+5d,5.0,1,0.18568452380952385,0,0.2822222222222222,FN
Haryana,Faridabad,2025-11-23,3,1.81,+5d,5.0,1,0.21998809523809523,0,0.2822222222222222,FN
Haryana,Fatehabad,2025-10-15,1,2.28,+5d,10.0,1,0.23533630952380954,0,0.2822222222222222,FN
Haryana,Fatehabad,2025-10-16,0,0.0,+5d,0.0,0,0.08052380952380954,0,0.2822222222222222,TN
Haryana,Fatehabad,2025-10-17,0,0.0,+5d,0.0,0,0.15531944444444443,0,0.2822222222222222,TN
Haryana,Fatehabad,2025-10-18,2,11.56,+5d,0.0,0,0.2634107142857144,0,0.2822222222222222,TN
Haryana,Fatehabad,2025-10-19,4,16.08,+5d,0.0,0,0.45424404761904774,1,0.2822222222222222,FP
Haryana,Fatehabad,2025-10-20,10,49.02,+5d,4.0,1,0.7776904761904764,1,0.2822222222222222,TP
Haryana,Fatehabad,2025-10-21,0,0.0,+5d,6.0,1,0.6253988095238094,1,0.2822222222222222,TP
Haryana,Fatehabad,2025-10-22,0,0.0,+5d,3.0,1,0.4607261904761905,1,0.2822222222222222,TP
Haryana,Fatehabad,2025-10-23,0,0.0,+5d,1.0,0,0.3943392857142856,1,0.2822222222222222,FP
Haryana,Fatehabad,2025-10-24,0,0.0,+5d,1.0,0,0.11729166666666664,0,0.2822222222222222,TN
Haryana,Fatehabad,2025-10-25,4,21.46,+5d,5.0,1,0.5423035714285713,1,0.2822222222222222,TP
Haryana,Fatehabad,2025-10-26,6,43.48,+5d,4.0,1,0.7347648809523808,1,0.2822222222222222,TP
Haryana,Fatehabad,2025-10-27,3,6.8100000000000005,+5d,11.0,1,0.7038125000000001,1,0.2822222222222222,TP
Haryana,Fatehabad,2025-10-28,1,1.11,+5d,8.0,1,0.42663690476190474,1,0.2822222222222222,TP
Haryana,Fatehabad,2025-10-29,1,1.54,+5d,4.0,1,0.4581369047619047,1,0.2822222222222222,TP
Haryana,Fatehabad,2025-10-30,5,25.38,+5d,8.0,1,0.7047708333333332,1,0.2822222222222222,TP
Haryana,Fatehabad,2025-10-31,4,15.740000000000002,+5d,0.0,0,0.6326041666666667,1,0.2822222222222222,FP
Haryana,Fatehabad,2025-11-01,11,42.61,+5d,7.0,1,0.7225833333333332,1,0.2822222222222222,TP
Haryana,Fatehabad,2025-11-02,8,37.09,+5d,15.0,1,0.49425,1,0.2822222222222222,TP
Haryana,Fatehabad,2025-11-03,4,14.37,+5d,10.0,1,0.5333541666666667,1,0.2822222222222222,TP
Haryana,Fatehabad,2025-11-04,8,89.26,+5d,13.0,1,0.7041011904761908,1,0.2822222222222222,TP
Haryana,Fatehabad,2025-11-05,0,0.0,+5d,14.0,1,0.5038700980392158,1,0.2822222222222222,TP
Haryana,Fatehabad,2025-11-06,7,22.13,+5d,15.0,1,0.4068977272727273,1,0.2822222222222222,TP
Haryana,Fatehabad,2025-11-07,15,49.98,+5d,3.0,1,0.583314393939394,1,0.2822222222222222,TP
Haryana,Fatehabad,2025-11-08,10,51.46,+5d,4.0,1,0.6384791666666669,1,0.2822222222222222,TP
Haryana,Fatehabad,2025-11-09,13,77.01,+5d,1.0,0,0.6521209415584417,1,0.2822222222222222,FP
Haryana,Fatehabad,2025-11-10,14,68.96000000000001,+5d,8.0,1,0.7012440476190478,1,0.2822222222222222,TP
Haryana,Fatehabad,2025-11-11,15,85.03999999999999,+5d,5.0,1,0.636376893939394,1,0.2822222222222222,TP
Haryana,Fatehabad,2025-11-12,3,10.77,+5d,3.0,1,0.6049226190476191,1,0.2822222222222222,TP
Haryana,Fatehabad,2025-11-13,4,12.82,+5d,2.0,0,0.4544166666666667,1,0.2822222222222222,FP
Haryana,Fatehabad,2025-11-14,1,1.65,+5d,1.0,0,0.3878928571428571,1,0.2822222222222222,FP
Haryana,Fatehabad,2025-11-15,8,22.52,+5d,0.0,0,0.4003084415584416,1,0.2822222222222222,FP
Haryana,Fatehabad,2025-11-16,5,12.47,+5d,0.0,0,0.38116666666666665,1,0.2822222222222222,FP
Haryana,Fatehabad,2025-11-17,3,8.370000000000001,+5d,2.0,0,0.4748333333333333,1,0.2822222222222222,FP
Haryana,Fatehabad,2025-11-18,2,9.18,+5d,1.0,0,0.2738630952380953,0,0.2822222222222222,TN
Haryana,Fatehabad,2025-11-19,1,4.06,+5d,2.0,0,0.28154166666666663,0,0.2822222222222222,TN
Haryana,Fatehabad,2025-11-20,0,0.0,+5d,0.0,0,0.18808333333333332,0,0.2822222222222222,TN
Haryana,Fatehabad,2025-11-21,0,0.0,+5d,2.0,0,0.20412500000000006,0,0.2822222222222222,TN
Haryana,Fatehabad,2025-11-22,2,4.6,+5d,5.0,1,0.17233333333333334,0,0.2822222222222222,FN
Haryana,Fatehabad,2025-11-23,1,1.94,+5d,1.0,0,0.1655386904761905,0,0.2822222222222222,TN
Haryana,Gurugram,2025-10-15,0,0.0,+5d,1.0,0,0.08716666666666666,0,0.2822222222222222,TN
Haryana,Gurugram,2025-10-16,0,0.0,+5d,0.0,0,0.009583333333333333,0,0.2822222222222222,TN
Haryana,Gurugram,2025-10-17,0,0.0,+5d,0.0,0,0.020471153846153847,0,0.2822222222222222,TN
Haryana,Gurugram,2025-10-18,0,0.0,+5d,0.0,0,0.015389610389610389,0,0.2822222222222222,TN
Haryana,Gurugram,2025-10-19,0,0.0,+5d,0.0,0,0.03994826007326007,0,0.2822222222222222,TN
Haryana,Gurugram,2025-10-20,1,1.22,+5d,0.0,0,0.047057765151515156,0,0.2822222222222222,TN
Haryana,Gurugram,2025-10-21,0,0.0,+5d,0.0,0,0.099900641025641,0,0.2822222222222222,TN
Haryana,Gurugram,2025-10-22,0,0.0,+5d,0.0,0,0.03254861111111111,0,0.2822222222222222,TN
Haryana,Gurugram,2025-10-23,0,0.0,+5d,0.0,0,0.01280448717948718,0,0.2822222222222222,TN
Haryana,Gurugram,2025-10-24,0,0.0,+5d,0.0,0,0.0022916666666666662,0,0.2822222222222222,TN
Haryana,Gurugram,2025-10-25,0,0.0,+5d,0.0,0,0.010208333333333335,0,0.2822222222222222,TN
Haryana,Gurugram,2025-10-26,0,0.0,+5d,0.0,0,0.014166666666666668,0,0.2822222222222222,TN
Haryana,Gurugram,2025-10-27,0,0.0,+5d,0.0,0,0.008458333333333332,0,0.2822222222222222,TN
Haryana,Gurugram,2025-10-28,0,0.0,+5d,1.0,0,0.06686458333333331,0,0.2822222222222222,TN
Haryana,Gurugram,2025-10-29,0,0.0,+5d,0.0,0,0.04495359848484849,0,0.2822222222222222,TN
Haryana,Gurugram,2025-10-30,0,0.0,+5d,1.0,0,0.04407291666666668,0,0.2822222222222222,TN
Haryana,Gurugram,2025-10-31,0,0.0,+5d,0.0,0,0.05126609848484849,0,0.2822222222222222,TN
Haryana,Gurugram,2025-11-01,0,0.0,+5d,0.0,0,0.003125,0,0.2822222222222222,TN
Haryana,Gurugram,2025-11-02,1,3.29,+5d,0.0,0,0.04783333333333333,0,0.2822222222222222,TN
Haryana,Gurugram,2025-11-03,0,0.0,+5d,0.0,0,0.00625,0,0.2822222222222222,TN
Haryana,Gurugram,2025-11-04,1,5.38,+5d,0.0,0,0.03879166666666666,0,0.2822222222222222,TN
Haryana,Gurugram,2025-11-05,0,0.0,+5d,0.0,0,0.04499999999999999,0,0.2822222222222222,TN
Haryana,Gurugram,2025-11-06,0,0.0,+5d,0.0,0,0.004166666666666667,0,0.2822222222222222,TN
Haryana,Gurugram,2025-11-07,0,0.0,+5d,0.0,0,0.12327472527472524,0,0.2822222222222222,TN
Haryana,Gurugram,2025-11-08,0,0.0,+5d,0.0,0,0.001875,0,0.2822222222222222,TN
Haryana,Gurugram,2025-11-09,0,0.0,+5d,0.0,0,0.00875,0,0.2822222222222222,TN
Haryana,Gurugram,2025-11-10,0,0.0,+5d,0.0,0,0.004791666666666666,0,0.2822222222222222,TN
Haryana,Gurugram,2025-11-11,0,0.0,+5d,0.0,0,0.03245833333333333,0,0.2822222222222222,TN
Haryana,Gurugram,2025-11-12,0,0.0,+5d,1.0,0,0.001875,0,0.2822222222222222,TN
Haryana,Gurugram,2025-11-13,0,0.0,+5d,0.0,0,0.001875,0,0.2822222222222222,TN
Haryana,Gurugram,2025-11-14,0,0.0,+5d,0.0,0,0.0,0,0.2822222222222222,TN
Haryana,Gurugram,2025-11-15,0,0.0,+5d,0.0,0,0.001875,0,0.2822222222222222,TN
Haryana,Gurugram,2025-11-16,0,0.0,+5d,1.0,0,0.001875,0,0.2822222222222222,TN
Haryana,Gurugram,2025-11-17,1,0.35,+5d,0.0,0,0.0060416666666666665,0,0.2822222222222222,TN
Haryana,Gurugram,2025-11-18,0,0.0,+5d,0.0,0,0.0029166666666666664,0,0.2822222222222222,TN
Haryana,Gurugram,2025-11-19,0,0.0,+5d,0.0,0,0.0,0,0.2822222222222222,TN
Haryana,Gurugram,2025-11-20,0,0.0,+5d,0.0,0,0.002361111111111111,0,0.2822222222222222,TN
Haryana,Gurugram,2025-11-21,1,2.73,+5d,0.0,0,0.011333333333333332,0,0.2822222222222222,TN
Haryana,Gurugram,2025-11-22,0,0.0,+5d,0.0,0,0.0027500000000000003,0,0.2822222222222222,TN
Haryana,Gurugram,2025-11-23,0,0.0,+5d,0.0,0,0.011815413752913754,0,0.2822222222222222,TN
Haryana,Hisar,2025-10-15,3,4.12,+5d,13.0,1,0.45425297619047605,1,0.2822222222222222,TP
Haryana,Hisar,2025-10-16,3,8.1,+5d,5.0,1,0.40359226190476183,1,0.2822222222222222,TP
Haryana,Hisar,2025-10-17,1,1.87,+5d,1.0,0,0.5096279761904762,1,0.2822222222222222,FP
Haryana,Hisar,2025-10-18,2,13.93,+5d,0.0,0,0.3624642857142857,1,0.2822222222222222,FP
Haryana,Hisar,2025-10-19,10,32.46,+5d,2.0,0,0.7865892857142854,1,0.2822222222222222,FP
Haryana,Hisar,2025-10-20,13,45.58,+5d,2.0,0,0.8420833333333334,1,0.2822222222222222,FP
Haryana,Hisar,2025-10-21,5,14.52,+5d,15.0,1,0.7221904761904764,1,0.2822222222222222,TP
Haryana,Hisar,2025-10-22,1,1.65,+5d,6.0,1,0.5951488095238097,1,0.2822222222222222,TP
Haryana,Hisar,2025-10-23,0,0.0,+5d,0.0,0,0.45376190476190476,1,0.2822222222222222,FP
Haryana,Hisar,2025-10-24,2,9.28,+5d,1.0,0,0.4272827380952379,1,0.2822222222222222,FP
Haryana,Hisar,2025-10-25,2,2.14,+5d,3.0,1,0.47710119047619043,1,0.2822222222222222,TP
Haryana,Hisar,2025-10-26,15,30.63,+5d,5.0,1,0.711282738095238,1,0.2822222222222222,TP
Haryana,Hisar,2025-10-27,6,30.36,+5d,11.0,1,0.6904166666666666,1,0.2822222222222222,TP
Haryana,Hisar,2025-10-28,0,0.0,+5d,6.0,1,0.628970238095238,1,0.2822222222222222,TP
Haryana,Hisar,2025-10-29,1,2.46,+5d,5.0,1,0.45253571428571426,1,0.2822222222222222,TP
Haryana,Hisar,2025-10-30,3,17.19,+5d,4.0,1,0.4999464285714285,1,0.2822222222222222,TP
Haryana,Hisar,2025-10-31,5,12.87,+5d,5.0,1,0.5229821428571428,1,0.2822222222222222,TP
Haryana,Hisar,2025-11-01,11,27.73,+5d,15.0,1,0.6474583333333334,1,0.2822222222222222,TP
Haryana,Hisar,2025-11-02,6,24.24,+5d,13.0,1,0.48583333333333334,1,0.2822222222222222,TP
Haryana,Hisar,2025-11-03,5,19.47,+5d,16.0,1,0.5047708333333332,1,0.2822222222222222,TP
Haryana,Hisar,2025-11-04,4,13.71,+5d,16.0,1,0.5913988095238093,1,0.2822222222222222,TP
Haryana,Hisar,2025-11-05,5,25.56,+5d,12.0,1,0.5912857142857142,1,0.2822222222222222,TP
Haryana,Hisar,2025-11-06,15,31.7,+5d,21.0,1,0.4859393939393938,1,0.2822222222222222,TP
Haryana,Hisar,2025-11-07,13,41.03,+5d,4.0,1,0.5956358225108226,1,0.2822222222222222,TP
Haryana,Hisar,2025-11-08,16,69.92,+5d,6.0,1,0.6223125,1,0.2822222222222222,TP
Haryana,Hisar,2025-11-09,16,83.35,+5d,8.0,1,0.7452767857142856,1,0.2822222222222222,TP
Haryana,Hisar,2025-11-10,12,48.03,+5d,10.0,1,0.7390416666666667,1,0.2822222222222222,TP
Haryana,Hisar,2025-11-11,21,87.96,+5d,11.0,1,0.7562310606060606,1,0.2822222222222222,TP
Haryana,Hisar,2025-11-12,4,13.57,+5d,7.0,1,0.6428630952380954,1,0.2822222222222222,TP
Haryana,Hisar,2025-11-13,6,31.13,+5d,5.0,1,0.5882221320346323,1,0.2822222222222222,TP
Haryana,Hisar,2025-11-14,8,23.57,+5d,0.0,0,0.5414494047619047,1,0.2822222222222222,FP
Haryana,Hisar,2025-11-15,10,26.08,+5d,6.0,1,0.45324999999999993,1,0.2822222222222222,TP
Haryana,Hisar,2025-11-16,11,41.57,+5d,6.0,1,0.4613530844155845,1,0.2822222222222222,TP
Haryana,Hisar,2025-11-17,7,20.77,+5d,4.0,1,0.4541130952380953,1,0.2822222222222222,TP
Haryana,Hisar,2025-11-18,5,13.92,+5d,2.0,0,0.39585119047619044,1,0.2822222222222222,FP
Haryana,Hisar,2025-11-19,0,0.0,+5d,1.0,0,0.28830952380952385,1,0.2822222222222222,FP
Haryana,Hisar,2025-11-20,6,27.23,+5d,5.0,1,0.3823154761904762,1,0.2822222222222222,TP
Haryana,Hisar,2025-11-21,6,11.72,+5d,2.0,0,0.2811666666666666,0,0.2822222222222222,TN
Haryana,Hisar,2025-11-22,4,10.48,+5d,1.0,0,0.24262499999999995,0,0.2822222222222222,TN
Haryana,Hisar,2025-11-23,2,8.99,+5d,3.0,1,0.15462499999999998,0,0.2822222222222222,FN
Haryana,Jhajjar,2025-10-15,2,6.04,+5d,0.0,0,0.2636904761904762,0,0.2822222222222222,TN
Haryana,Jhajjar,2025-10-16,2,3.12,+5d,0.0,0,0.3763214285714287,1,0.2822222222222222,FP
Haryana,Jhajjar,2025-10-17,1,0.82,+5d,3.0,1,0.20187499999999997,0,0.2822222222222222,FN
Haryana,Jhajjar,2025-10-18,0,0.0,+5d,1.0,0,0.320579365079365,1,0.2822222222222222,FP
Haryana,Jhajjar,2025-10-19,0,0.0,+5d,1.0,0,0.14910897435897438,0,0.2822222222222222,TN
Haryana,Jhajjar,2025-10-20,0,0.0,+5d,2.0,0,0.13108516483516483,0,0.2822222222222222,TN
Haryana,Jhajjar,2025-10-21,0,0.0,+5d,2.0,0,0.13260897435897437,0,0.2822222222222222,TN
Haryana,Jhajjar,2025-10-22,3,6.94,+5d,0.0,0,0.13656249999999998,0,0.2822222222222222,TN
Haryana,Jhajjar,2025-10-23,1,1.15,+5d,0.0,0,0.14238988095238095,0,0.2822222222222222,TN
Haryana,Jhajjar,2025-10-24,1,1.13,+5d,0.0,0,0.03879166666666666,0,0.2822222222222222,TN
Haryana,Jhajjar,2025-10-25,2,4.25,+5d,1.0,0,0.14400595238095243,0,0.2822222222222222,TN
Haryana,Jhajjar,2025-10-26,2,1.12,+5d,1.0,0,0.04378571428571429,0,0.2822222222222222,TN
Haryana,Jhajjar,2025-10-27,0,0.0,+5d,1.0,0,0.16704166666666664,0,0.2822222222222222,TN
Haryana,Jhajjar,2025-10-28,0,0.0,+5d,0.0,0,0.0985625,0,0.2822222222222222,TN
Haryana,Jhajjar,2025-10-29,0,0.0,+5d,3.0,1,0.15019047619047618,0,0.2822222222222222,FN
Haryana,Jhajjar,2025-10-30,1,0.91,+5d,4.0,1,0.07825,0,0.2822222222222222,FN
Haryana,Jhajjar,2025-10-31,1,0.57,+5d,3.0,1,0.11410714285714285,0,0.2822222222222222,FN
Haryana,Jhajjar,2025-11-01,1,0.77,+5d,2.0,0,0.16206249999999997,0,0.2822222222222222,TN
Haryana,Jhajjar,2025-11-02,0,0.0,+5d,6.0,1,0.14030448717948713,0,0.2822222222222222,FN
Haryana,Jhajjar,2025-11-03,3,8.49,+5d,5.0,1,0.048054487179487175,0,0.2822222222222222,FN
Haryana,Jhajjar,2025-11-04,4,2.5,+5d,4.0,1,0.08205357142857145,0,0.2822222222222222,FN
Haryana,Jhajjar,2025-11-05,3,6.62,+5d,2.0,0,0.15627777777777777,0,0.2822222222222222,TN
Haryana,Jhajjar,2025-11-06,2,1.1,+5d,1.0,0,0.3092499999999999,1,0.2822222222222222,FP
Haryana,Jhajjar,2025-11-07,6,8.28,+5d,2.0,0,0.25336309523809536,0,0.2822222222222222,TN
Haryana,Jhajjar,2025-11-08,5,6.8,+5d,3.0,1,0.3677916666666665,1,0.2822222222222222,TP
Haryana,Jhajjar,2025-11-09,4,7.279999999999999,+5d,1.0,0,0.2931289682539683,1,0.2822222222222222,FP
Haryana,Jhajjar,2025-11-10,2,1.23,+5d,1.0,0,0.34554761904761905,1,0.2822222222222222,FP
Haryana,Jhajjar,2025-11-11,1,3.82,+5d,5.0,1,0.43670833333333325,1,0.2822222222222222,TP
Haryana,Jhajjar,2025-11-12,2,3.26,+5d,7.0,1,0.32275000000000004,1,0.2822222222222222,TP
Haryana,Jhajjar,2025-11-13,3,6.0600000000000005,+5d,6.0,1,0.2257916666666667,0,0.2822222222222222,FN
Haryana,Jhajjar,2025-11-14,1,0.54,+5d,4.0,1,0.32210119047619046,1,0.2822222222222222,TP
Haryana,Jhajjar,2025-11-15,1,4.74,+5d,0.0,0,0.3362678571428571,1,0.2822222222222222,FP
Haryana,Jhajjar,2025-11-16,5,13.74,+5d,3.0,1,0.4477499999999999,1,0.2822222222222222,TP
Haryana,Jhajjar,2025-11-17,7,15.0,+5d,2.0,0,0.394845238095238,1,0.2822222222222222,FP
Haryana,Jhajjar,2025-11-18,6,14.7,+5d,6.0,1,0.3107083333333333,1,0.2822222222222222,TP
Haryana,Jhajjar,2025-11-19,4,8.95,+5d,2.0,0,0.2880595238095238,1,0.2822222222222222,FP
Haryana,Jhajjar,2025-11-20,0,0.0,+5d,2.0,0,0.14866666666666667,0,0.2822222222222222,TN
Haryana,Jhajjar,2025-11-21,3,8.0,+5d,4.0,1,0.18236904761904754,0,0.2822222222222222,FN
Haryana,Jhajjar,2025-11-22,2,1.39,+5d,6.0,1,0.16016666666666668,0,0.2822222222222222,FN
Haryana,Jhajjar,2025-11-23,6,11.22,+5d,1.0,0,0.2894285714285714,1,0.2822222222222222,FP
Haryana,Jind,2025-10-15,5,15.27,+5d,13.0,1,0.6454107142857146,1,0.2822222222222222,TP
Haryana,Jind,2025-10-16,0,0.0,+5d,5.0,1,0.5168869047619047,1,0.2822222222222222,TP
Haryana,Jind,2025-10-17,0,0.0,+5d,5.0,1,0.49316269841269844,1,0.2822222222222222,TP
Haryana,Jind,2025-10-18,0,0.0,+5d,0.0,0,0.5256686507936508,1,0.2822222222222222,FP
Haryana,Jind,2025-10-19,4,11.75,+5d,0.0,0,0.573845238095238,1,0.2822222222222222,FP
Haryana,Jind,2025-10-20,13,46.29,+5d,6.0,1,0.7889523809523808,1,0.2822222222222222,TP
Haryana,Jind,2025-10-21,5,15.15,+5d,5.0,1,0.7723333333333333,1,0.2822222222222222,TP
Haryana,Jind,2025-10-22,5,12.64,+5d,6.0,1,0.7884047619047618,1,0.2822222222222222,TP
Haryana,Jind,2025-10-23,0,0.0,+5d,0.0,0,0.4663869047619048,1,0.2822222222222222,FP
Haryana,Jind,2025-10-24,0,0.0,+5d,2.0,0,0.47281547619047615,1,0.2822222222222222,FP
Haryana,Jind,2025-10-25,6,44.53,+5d,0.0,0,0.7214613095238096,1,0.2822222222222222,FP
Haryana,Jind,2025-10-26,5,11.43,+5d,1.0,0,0.7294166666666666,1,0.2822222222222222,FP
Haryana,Jind,2025-10-27,6,37.02,+5d,7.0,1,0.8411666666666666,1,0.2822222222222222,TP
Haryana,Jind,2025-10-28,0,0.0,+5d,8.0,1,0.486125,1,0.2822222222222222,TP
Haryana,Jind,2025-10-29,2,15.7,+5d,4.0,1,0.6631666666666667,1,0.2822222222222222,TP
Haryana,Jind,2025-10-30,0,0.0,+5d,3.0,1,0.4461011904761907,1,0.2822222222222222,TP
Haryana,Jind,2025-10-31,1,8.84,+5d,7.0,1,0.4588958333333332,1,0.2822222222222222,TP
Haryana,Jind,2025-11-01,7,25.89,+5d,15.0,1,0.5866488095238095,1,0.2822222222222222,TP
Haryana,Jind,2025-11-02,8,34.84,+5d,15.0,1,0.6865000000000001,1,0.2822222222222222,TP
Haryana,Jind,2025-11-03,4,43.44,+5d,25.0,1,0.4948839285714286,1,0.2822222222222222,TP
Haryana,Jind,2025-11-04,3,11.98,+5d,39.0,1,0.5774761904761906,1,0.2822222222222222,TP
Haryana,Jind,2025-11-05,7,21.12,+5d,38.0,1,0.6050833333333331,1,0.2822222222222222,TP
Haryana,Jind,2025-11-06,15,59.03,+5d,28.0,1,0.5700643939393939,1,0.2822222222222222,TP
Haryana,Jind,2025-11-07,15,46.17,+5d,14.0,1,0.5849572510822512,1,0.2822222222222222,TP
Haryana,Jind,2025-11-08,25,135.33,+5d,12.0,1,0.6329602272727274,1,0.2822222222222222,TP
Haryana,Jind,2025-11-09,39,183.54,+5d,2.0,0,0.8036607142857142,1,0.2822222222222222,FP
Haryana,Jind,2025-11-10,38,135.94,+5d,13.0,1,0.8576904761904766,1,0.2822222222222222,TP
Haryana,Jind,2025-11-11,28,146.05,+5d,17.0,1,0.6558749999999999,1,0.2822222222222222,TP
Haryana,Jind,2025-11-12,14,55.67,+5d,6.0,1,0.6573333333333332,1,0.2822222222222222,TP
Haryana,Jind,2025-11-13,12,60.45,+5d,3.0,1,0.6635416666666667,1,0.2822222222222222,TP
Haryana,Jind,2025-11-14,2,9.46,+5d,2.0,0,0.6688571428571431,1,0.2822222222222222,FP
Haryana,Jind,2025-11-15,13,65.2,+5d,6.0,1,0.5348084415584414,1,0.2822222222222222,TP
Haryana,Jind,2025-11-16,17,91.54,+5d,6.0,1,0.524022727272727,1,0.2822222222222222,TP
Haryana,Jind,2025-11-17,6,23.5,+5d,3.0,1,0.5822251082251082,1,0.2822222222222222,TP
Haryana,Jind,2025-11-18,3,20.93,+5d,2.0,0,0.44075,1,0.2822222222222222,FP
Haryana,Jind,2025-11-19,2,10.02,+5d,2.0,0,0.3877916666666667,1,0.2822222222222222,FP
Haryana,Jind,2025-11-20,6,9.34,+5d,0.0,0,0.23881547619047613,0,0.2822222222222222,TN
Haryana,Jind,2025-11-21,6,16.43,+5d,4.0,1,0.2692083333333334,0,0.2822222222222222,FN
Haryana,Jind,2025-11-22,3,7.59,+5d,1.0,0,0.21079166666666674,0,0.2822222222222222,TN
Haryana,Jind,2025-11-23,2,6.34,+5d,0.0,0,0.21497916666666675,0,0.2822222222222222,TN
Haryana,Kaithal,2025-10-15,0,0.0,+5d,2.0,0,0.06836111111111114,0,0.2822222222222222,TN
Haryana,Kaithal,2025-10-16,1,4.43,+5d,9.0,1,0.1437797619047619,0,0.2822222222222222,FN
Haryana,Kaithal,2025-10-17,0,0.0,+5d,1.0,0,0.09858928571428571,0,0.2822222222222222,TN
Haryana,Kaithal,2025-10-18,1,2.39,+5d,0.0,0,0.19616666666666668,0,0.2822222222222222,TN
Haryana,Kaithal,2025-10-19,2,17.11,+5d,0.0,0,0.4216845238095239,1,0.2822222222222222,FP
Haryana,Kaithal,2025-10-20,2,8.18,+5d,1.0,0,0.6009880952380954,1,0.2822222222222222,FP
Haryana,Kaithal,2025-10-21,9,38.37,+5d,9.0,1,0.7644523809523811,1,0.2822222222222222,TP
Haryana,Kaithal,2025-10-22,1,7.84,+5d,5.0,1,0.5940178571428573,1,0.2822222222222222,TP
Haryana,Kaithal,2025-10-23,0,0.0,+5d,0.0,0,0.5068035714285714,1,0.2822222222222222,FP
Haryana,Kaithal,2025-10-24,0,0.0,+5d,2.0,0,0.36219747899159643,1,0.2822222222222222,FP
Haryana,Kaithal,2025-10-25,1,4.02,+5d,2.0,0,0.45476388888888897,1,0.2822222222222222,FP
Haryana,Kaithal,2025-10-26,9,23.36,+5d,1.0,0,0.6587113095238094,1,0.2822222222222222,FP
Haryana,Kaithal,2025-10-27,5,13.84,+5d,7.0,1,0.678875,1,0.2822222222222222,TP
Haryana,Kaithal,2025-10-28,0,0.0,+5d,6.0,1,0.6523482142857142,1,0.2822222222222222,TP
Haryana,Kaithal,2025-10-29,2,10.18,+5d,3.0,1,0.5915297619047617,1,0.2822222222222222,TP
Haryana,Kaithal,2025-10-30,2,4.83,+5d,1.0,0,0.40229166666666655,1,0.2822222222222222,FP
Haryana,Kaithal,2025-10-31,1,3.67,+5d,3.0,1,0.47095833333333337,1,0.2822222222222222,TP
Haryana,Kaithal,2025-11-01,7,31.16,+5d,7.0,1,0.711035714285714,1,0.2822222222222222,TP
Haryana,Kaithal,2025-11-02,6,42.95,+5d,4.0,1,0.6462708333333333,1,0.2822222222222222,TP
Haryana,Kaithal,2025-11-03,3,14.52,+5d,7.0,1,0.6067440476190477,1,0.2822222222222222,TP
Haryana,Kaithal,2025-11-04,1,4.24,+5d,8.0,1,0.43917857142857153,1,0.2822222222222222,TP
Haryana,Kaithal,2025-11-05,3,14.22,+5d,5.0,1,0.44818452380952367,1,0.2822222222222222,TP
Haryana,Kaithal,2025-11-06,7,18.85,+5d,13.0,1,0.5332619047619048,1,0.2822222222222222,TP
Haryana,Kaithal,2025-11-07,4,15.5,+5d,4.0,1,0.48173809523809524,1,0.2822222222222222,TP
Haryana,Kaithal,2025-11-08,7,42.07,+5d,4.0,1,0.4614583333333332,1,0.2822222222222222,TP
Haryana,Kaithal,2025-11-09,8,29.88,+5d,1.0,0,0.4373411796536795,1,0.2822222222222222,FP
Haryana,Kaithal,2025-11-10,5,17.439999999999998,+5d,1.0,0,0.5076011904761905,1,0.2822222222222222,FP
Haryana,Kaithal,2025-11-11,13,45.1,+5d,1.0,0,0.5546477272727274,1,0.2822222222222222,FP
Haryana,Kaithal,2025-11-12,4,7.75,+5d,0.0,0,0.3584047619047619,1,0.2822222222222222,FP
Haryana,Kaithal,2025-11-13,4,9.64,+5d,4.0,1,0.33162499999999995,1,0.2822222222222222,TP
Haryana,Kaithal,2025-11-14,1,2.79,+5d,0.0,0,0.3493690476190477,1,0.2822222222222222,FP
Haryana,Kaithal,2025-11-15,1,3.79,+5d,1.0,0,0.34651785714285716,1,0.2822222222222222,FP
Haryana,Kaithal,2025-11-16,1,2.22,+5d,0.0,0,0.28953273809523816,1,0.2822222222222222,FP
Haryana,Kaithal,2025-11-17,0,0.0,+5d,0.0,0,0.15724404761904764,0,0.2822222222222222,TN
Haryana,Kaithal,2025-11-18,4,9.01,+5d,2.0,0,0.37120833333333336,1,0.2822222222222222,FP
Haryana,Kaithal,2025-11-19,0,0.0,+5d,8.0,1,0.2627083333333334,0,0.2822222222222222,FN
Haryana,Kaithal,2025-11-20,1,0.59,+5d,5.0,1,0.10645634920634917,0,0.2822222222222222,FN
Haryana,Kaithal,2025-11-21,0,0.0,+5d,0.0,0,0.1899107142857143,0,0.2822222222222222,TN
Haryana,Kaithal,2025-11-22,0,0.0,+5d,0.0,0,0.056875,0,0.2822222222222222,TN
Haryana,Kaithal,2025-11-23,2,2.01,+5d,0.0,0,0.08652374708624708,0,0.2822222222222222,TN
Haryana,Karnal,2025-10-15,0,0.0,+5d,4.0,1,0.0178125,0,0.2822222222222222,FN
Haryana,Karnal,2025-10-16,0,0.0,+5d,4.0,1,0.028849206349206354,0,0.2822222222222222,FN
Haryana,Karnal,2025-10-17,0,0.0,+5d,2.0,0,0.08666341991341993,0,0.2822222222222222,TN
Haryana,Karnal,2025-10-18,0,0.0,+5d,1.0,0,0.06258752705627706,0,0.2822222222222222,TN
Haryana,Karnal,2025-10-19,3,12.39,+5d,0.0,0,0.3718869047619047,1,0.2822222222222222,FP
Haryana,Karnal,2025-10-20,4,14.71,+5d,1.0,0,0.5464583333333335,1,0.2822222222222222,FP
Haryana,Karnal,2025-10-21,4,12.98,+5d,2.0,0,0.5831190476190479,1,0.2822222222222222,FP
Haryana,Karnal,2025-10-22,2,3.56,+5d,1.0,0,0.6201309523809525,1,0.2822222222222222,FP
Haryana,Karnal,2025-10-23,1,5.09,+5d,0.0,0,0.4832083333333335,1,0.2822222222222222,FP
Haryana,Karnal,2025-10-24,0,0.0,+5d,0.0,0,0.45491666666666675,1,0.2822222222222222,FP
Haryana,Karnal,2025-10-25,1,1.91,+5d,0.0,0,0.19666666666666666,0,0.2822222222222222,TN
Haryana,Karnal,2025-10-26,2,4.8,+5d,2.0,0,0.32791666666666663,1,0.2822222222222222,FP
Haryana,Karnal,2025-10-27,1,0.54,+5d,1.0,0,0.2995833333333333,1,0.2822222222222222,FP
Haryana,Karnal,2025-10-28,0,0.0,+5d,1.0,0,0.29452976190476193,1,0.2822222222222222,FP
Haryana,Karnal,2025-10-29,0,0.0,+5d,0.0,0,0.15283333333333332,0,0.2822222222222222,TN
Haryana,Karnal,2025-10-30,0,0.0,+5d,2.0,0,0.10560714285714284,0,0.2822222222222222,TN
Haryana,Karnal,2025-10-31,2,7.67,+5d,3.0,1,0.1469375,0,0.2822222222222222,FN
Haryana,Karnal,2025-11-01,1,4.13,+5d,9.0,1,0.24791666666666667,0,0.2822222222222222,FN
Haryana,Karnal,2025-11-02,1,3.3,+5d,6.0,1,0.2293571428571429,0,0.2822222222222222,FN
Haryana,Karnal,2025-11-03,0,0.0,+5d,6.0,1,0.2635595238095238,0,0.2822222222222222,FN
Haryana,Karnal,2025-11-04,2,8.219999999999999,+5d,1.0,0,0.1239702380952381,0,0.2822222222222222,TN
Haryana,Karnal,2025-11-05,3,7.050000000000001,+5d,2.0,0,0.15204166666666663,0,0.2822222222222222,TN
Haryana,Karnal,2025-11-06,9,21.36,+5d,0.0,0,0.481427489177489,1,0.2822222222222222,FP
Haryana,Karnal,2025-11-07,6,20.0,+5d,1.0,0,0.4807083333333332,1,0.2822222222222222,FP
Haryana,Karnal,2025-11-08,6,30.8,+5d,2.0,0,0.567647727272727,1,0.2822222222222222,FP
Haryana,Karnal,2025-11-09,1,5.56,+5d,0.0,0,0.37335119047619036,1,0.2822222222222222,FP
Haryana,Karnal,2025-11-10,2,9.34,+5d,0.0,0,0.4018333333333334,1,0.2822222222222222,FP
Haryana,Karnal,2025-11-11,0,0.0,+5d,0.0,0,0.28856547619047623,1,0.2822222222222222,FP
Haryana,Karnal,2025-11-12,1,3.08,+5d,1.0,0,0.32804166666666673,1,0.2822222222222222,FP
Haryana,Karnal,2025-11-13,2,13.18,+5d,0.0,0,0.33075000000000004,1,0.2822222222222222,FP
Haryana,Karnal,2025-11-14,0,0.0,+5d,0.0,0,0.2890238095238095,1,0.2822222222222222,FP
Haryana,Karnal,2025-11-15,0,0.0,+5d,0.0,0,0.26066071428571436,0,0.2822222222222222,TN
Haryana,Karnal,2025-11-16,0,0.0,+5d,0.0,0,0.2881794871794872,1,0.2822222222222222,FP
Haryana,Karnal,2025-11-17,1,1.76,+5d,1.0,0,0.1351706349206349,0,0.2822222222222222,TN
Haryana,Karnal,2025-11-18,0,0.0,+5d,0.0,0,0.09973809523809525,0,0.2822222222222222,TN
Haryana,Karnal,2025-11-19,0,0.0,+5d,0.0,0,0.008916666666666666,0,0.2822222222222222,TN
Haryana,Karnal,2025-11-20,0,0.0,+5d,0.0,0,0.13458333333333333,0,0.2822222222222222,TN
Haryana,Karnal,2025-11-21,0,0.0,+5d,1.0,0,0.033791666666666664,0,0.2822222222222222,TN
Haryana,Karnal,2025-11-22,1,2.4,+5d,6.0,1,0.07098809523809524,0,0.2822222222222222,FN
Haryana,Karnal,2025-11-23,0,0.0,+5d,0.0,0,0.00637310606060606,0,0.2822222222222222,TN
Haryana,Kurukshetra,2025-10-15,2,4.220000000000001,+5d,3.0,1,0.1646369047619048,0,0.2822222222222222,FN
Haryana,Kurukshetra,2025-10-16,2,1.68,+5d,4.0,1,0.20138095238095235,0,0.2822222222222222,FN
Haryana,Kurukshetra,2025-10-17,1,3.6,+5d,2.0,0,0.21080357142857142,0,0.2822222222222222,TN
Haryana,Kurukshetra,2025-10-18,1,2.98,+5d,1.0,0,0.21165476190476198,0,0.2822222222222222,TN
Haryana,Kurukshetra,2025-10-19,3,7.859999999999999,+5d,0.0,0,0.3612857142857143,1,0.2822222222222222,FP
Haryana,Kurukshetra,2025-10-20,3,7.65,+5d,4.0,1,0.43518154761904776,1,0.2822222222222222,TP
Haryana,Kurukshetra,2025-10-21,4,27.3,+5d,5.0,1,0.7180684523809522,1,0.2822222222222222,TP
Haryana,Kurukshetra,2025-10-22,2,3.28,+5d,5.0,1,0.6246607142857142,1,0.2822222222222222,TP
Haryana,Kurukshetra,2025-10-23,1,3.28,+5d,0.0,0,0.4472083333333334,1,0.2822222222222222,FP
Haryana,Kurukshetra,2025-10-24,0,0.0,+5d,0.0,0,0.3665059523809522,1,0.2822222222222222,FP
Haryana,Kurukshetra,2025-10-25,4,24.44,+5d,0.0,0,0.4066369047619049,1,0.2822222222222222,FP
Haryana,Kurukshetra,2025-10-26,5,11.87,+5d,1.0,0,0.6752321428571431,1,0.2822222222222222,FP
Haryana,Kurukshetra,2025-10-27,5,17.99,+5d,3.0,1,0.7347232142857143,1,0.2822222222222222,TP
Haryana,Kurukshetra,2025-10-28,0,0.0,+5d,1.0,0,0.5348541666666669,1,0.2822222222222222,FP
Haryana,Kurukshetra,2025-10-29,0,0.0,+5d,0.0,0,0.48572619047619037,1,0.2822222222222222,FP
Haryana,Kurukshetra,2025-10-30,0,0.0,+5d,0.0,0,0.5179166666666667,1,0.2822222222222222,FP
Haryana,Kurukshetra,2025-10-31,1,1.69,+5d,0.0,0,0.2531160714285714,0,0.2822222222222222,TN
Haryana,Kurukshetra,2025-11-01,3,14.97,+5d,0.0,0,0.6525624999999999,1,0.2822222222222222,FP
Haryana,Kurukshetra,2025-11-02,1,2.76,+5d,0.0,0,0.5251845238095237,1,0.2822222222222222,FP
Haryana,Kurukshetra,2025-11-03,0,0.0,+5d,0.0,0,0.31799404761904765,1,0.2822222222222222,FP
Haryana,Kurukshetra,2025-11-04,0,0.0,+5d,3.0,1,0.36413095238095244,1,0.2822222222222222,TP
Haryana,Kurukshetra,2025-11-05,0,0.0,+5d,0.0,0,0.05475000000000001,0,0.2822222222222222,TN
Haryana,Kurukshetra,2025-11-06,0,0.0,+5d,0.0,0,0.15331250000000002,0,0.2822222222222222,TN
Haryana,Kurukshetra,2025-11-07,0,0.0,+5d,0.0,0,0.025430555555555557,0,0.2822222222222222,TN
Haryana,Kurukshetra,2025-11-08,0,0.0,+5d,0.0,0,0.15736011904761907,0,0.2822222222222222,TN
Haryana,Kurukshetra,2025-11-09,3,2.71,+5d,0.0,0,0.1195833333333333,0,0.2822222222222222,TN
Haryana,Kurukshetra,2025-11-10,0,0.0,+5d,0.0,0,0.046559523809523815,0,0.2822222222222222,TN
Haryana,Kurukshetra,2025-11-11,0,0.0,+5d,0.0,0,0.019347222222222224,0,0.2822222222222222,TN
Haryana,Kurukshetra,2025-11-12,0,0.0,+5d,0.0,0,0.07058333333333333,0,0.2822222222222222,TN
Haryana,Kurukshetra,2025-11-13,0,0.0,+5d,7.0,1,0.005541666666666667,0,0.2822222222222222,FN
Haryana,Kurukshetra,2025-11-14,0,0.0,+5d,0.0,0,0.0025,0,0.2822222222222222,TN
Haryana,Kurukshetra,2025-11-15,0,0.0,+5d,0.0,0,0.024874999999999998,0,0.2822222222222222,TN
Haryana,Kurukshetra,2025-11-16,0,0.0,+5d,0.0,0,0.031166666666666672,0,0.2822222222222222,TN
Haryana,Kurukshetra,2025-11-17,0,0.0,+5d,0.0,0,0.0,0,0.2822222222222222,TN
Haryana,Kurukshetra,2025-11-18,7,10.6,+5d,1.0,0,0.10734523809523809,0,0.2822222222222222,TN
Haryana,Kurukshetra,2025-11-19,0,0.0,+5d,0.0,0,0.14246527777777776,0,0.2822222222222222,TN
Haryana,Kurukshetra,2025-11-20,0,0.0,+5d,0.0,0,0.044666666666666674,0,0.2822222222222222,TN
Haryana,Kurukshetra,2025-11-21,0,0.0,+5d,1.0,0,0.1973809523809525,0,0.2822222222222222,TN
Haryana,Kurukshetra,2025-11-22,0,0.0,+5d,0.0,0,0.00375,0,0.2822222222222222,TN
Haryana,Kurukshetra,2025-11-23,1,5.1,+5d,0.0,0,0.10588981851481853,0,0.2822222222222222,TN
Haryana,Mahendragarh,2025-10-15,0,0.0,+5d,0.0,0,0.0469454816017316,0,0.2822222222222222,TN
Haryana,Mahendragarh,2025-10-16,0,0.0,+5d,0.0,0,0.0040625,0,0.2822222222222222,TN
Haryana,Mahendragarh,2025-10-17,0,0.0,+5d,0.0,0,0.017083333333333336,0,0.2822222222222222,TN
Haryana,Mahendragarh,2025-10-18,0,0.0,+5d,0.0,0,0.002916666666666667,0,0.2822222222222222,TN
Haryana,Mahendragarh,2025-10-19,0,0.0,+5d,0.0,0,0.032290521978021985,0,0.2822222222222222,TN
Haryana,Mahendragarh,2025-10-20,0,0.0,+5d,0.0,0,0.015891712454212455,0,0.2822222222222222,TN
Haryana,Mahendragarh,2025-10-21,0,0.0,+5d,0.0,0,0.02740781093906094,0,0.2822222222222222,TN
Haryana,Mahendragarh,2025-10-22,0,0.0,+5d,0.0,0,0.04938147451963241,0,0.2822222222222222,TN
Haryana,Mahendragarh,2025-10-23,0,0.0,+5d,0.0,0,0.0014583333333333332,0,0.2822222222222222,TN
Haryana,Mahendragarh,2025-10-24,0,0.0,+5d,0.0,0,0.003333333333333333,0,0.2822222222222222,TN
Haryana,Mahendragarh,2025-10-25,0,0.0,+5d,0.0,0,0.00125,0,0.2822222222222222,TN
Haryana,Mahendragarh,2025-10-26,0,0.0,+5d,0.0,0,0.010625,0,0.2822222222222222,TN
Haryana,Mahendragarh,2025-10-27,0,0.0,+5d,2.0,0,0.04219791666666667,0,0.2822222222222222,TN
Haryana,Mahendragarh,2025-10-28,0,0.0,+5d,0.0,0,0.04622443181818182,0,0.2822222222222222,TN
Haryana,Mahendragarh,2025-10-29,0,0.0,+5d,0.0,0,0.04718276515151515,0,0.2822222222222222,TN
Haryana,Mahendragarh,2025-10-30,0,0.0,+5d,0.0,0,0.053599431818181824,0,0.2822222222222222,TN
Haryana,Mahendragarh,2025-10-31,0,0.0,+5d,0.0,0,0.02555776515151515,0,0.2822222222222222,TN
Haryana,Mahendragarh,2025-11-01,2,5.1,+5d,0.0,0,0.012291666666666668,0,0.2822222222222222,TN
Haryana,Mahendragarh,2025-11-02,0,0.0,+5d,0.0,0,0.02745833333333333,0,0.2822222222222222,TN
Haryana,Mahendragarh,2025-11-03,0,0.0,+5d,0.0,0,0.0051875,0,0.2822222222222222,TN
Haryana,Mahendragarh,2025-11-04,0,0.0,+5d,0.0,0,0.08304166666666667,0,0.2822222222222222,TN
Haryana,Mahendragarh,2025-11-05,0,0.0,+5d,0.0,0,0.0008333333333333333,0,0.2822222222222222,TN
Haryana,Mahendragarh,2025-11-06,0,0.0,+5d,0.0,0,0.006083333333333333,0,0.2822222222222222,TN
Haryana,Mahendragarh,2025-11-07,0,0.0,+5d,0.0,0,0.0016666666666666666,0,0.2822222222222222,TN
Haryana,Mahendragarh,2025-11-08,0,0.0,+5d,0.0,0,0.09579166666666664,0,0.2822222222222222,TN
Haryana,Mahendragarh,2025-11-09,0,0.0,+5d,1.0,0,0.0022916666666666667,0,0.2822222222222222,TN
Haryana,Mahendragarh,2025-11-10,0,0.0,+5d,2.0,0,0.004166666666666667,0,0.2822222222222222,TN
Haryana,Mahendragarh,2025-11-11,0,0.0,+5d,1.0,0,0.003125,0,0.2822222222222222,TN
Haryana,Mahendragarh,2025-11-12,0,0.0,+5d,0.0,0,0.0029166666666666664,0,0.2822222222222222,TN
Haryana,Mahendragarh,2025-11-13,0,0.0,+5d,0.0,0,0.0046875,0,0.2822222222222222,TN
Haryana,Mahendragarh,2025-11-14,1,3.35,+5d,0.0,0,0.026104166666666664,0,0.2822222222222222,TN
Haryana,Mahendragarh,2025-11-15,2,8.9,+5d,1.0,0,0.06341666666666668,0,0.2822222222222222,TN
Haryana,Mahendragarh,2025-11-16,1,2.3,+5d,0.0,0,0.0813154761904762,0,0.2822222222222222,TN
Haryana,Mahendragarh,2025-11-17,0,0.0,+5d,0.0,0,0.09945726495726498,0,0.2822222222222222,TN
Haryana,Mahendragarh,2025-11-18,0,0.0,+5d,0.0,0,0.14877472527472527,0,0.2822222222222222,TN
Haryana,Mahendragarh,2025-11-19,0,0.0,+5d,0.0,0,0.10148702686202686,0,0.2822222222222222,TN
Haryana,Mahendragarh,2025-11-20,1,0.61,+5d,0.0,0,0.007083333333333333,0,0.2822222222222222,TN
Haryana,Mahendragarh,2025-11-21,0,0.0,+5d,0.0,0,0.02,0,0.2822222222222222,TN
Haryana,Mahendragarh,2025-11-22,0,0.0,+5d,0.0,0,0.12055753968253968,0,0.2822222222222222,TN
Haryana,Mahendragarh,2025-11-23,0,0.0,+5d,0.0,0,0.015718191530691532,0,0.2822222222222222,TN
Haryana,Nuh,2025-10-15,0,0.0,+5d,1.0,0,0.023652173913043476,0,0.2822222222222222,TN
Haryana,Nuh,2025-10-16,0,0.0,+5d,0.0,0,0.012291666666666666,0,0.2822222222222222,TN
Haryana,Nuh,2025-10-17,0,0.0,+5d,0.0,0,0.0641378205128205,0,0.2822222222222222,TN
Haryana,Nuh,2025-10-18,0,0.0,+5d,0.0,0,0.01686309523809524,0,0.2822222222222222,TN
Haryana,Nuh,2025-10-19,1,5.29,+5d,0.0,0,0.17155357142857144,0,0.2822222222222222,TN
Haryana,Nuh,2025-10-20,1,3.84,+5d,0.0,0,0.23510714285714285,0,0.2822222222222222,TN
Haryana,Nuh,2025-10-21,0,0.0,+5d,0.0,0,0.13053754578754576,0,0.2822222222222222,TN
Haryana,Nuh,2025-10-22,0,0.0,+5d,0.0,0,0.16397222222222219,0,0.2822222222222222,TN
Haryana,Nuh,2025-10-23,0,0.0,+5d,0.0,0,0.06291163003663003,0,0.2822222222222222,TN
Haryana,Nuh,2025-10-24,0,0.0,+5d,0.0,0,0.0165,0,0.2822222222222222,TN
Haryana,Nuh,2025-10-25,0,0.0,+5d,0.0,0,0.015693840579710145,0,0.2822222222222222,TN
Haryana,Nuh,2025-10-26,0,0.0,+5d,0.0,0,0.0456904761904762,0,0.2822222222222222,TN
Haryana,Nuh,2025-10-27,0,0.0,+5d,0.0,0,0.05836458333333334,0,0.2822222222222222,TN
Haryana,Nuh,2025-10-28,0,0.0,+5d,0.0,0,0.06857291666666666,0,0.2822222222222222,TN
Haryana,Nuh,2025-10-29,0,0.0,+5d,0.0,0,0.03789109848484848,0,0.2822222222222222,TN
Haryana,Nuh,2025-10-30,0,0.0,+5d,0.0,0,0.04519791666666667,0,0.2822222222222222,TN
Haryana,Nuh,2025-10-31,0,0.0,+5d,0.0,0,0.04793276515151515,0,0.2822222222222222,TN
Haryana,Nuh,2025-11-01,0,0.0,+5d,0.0,0,0.0,0,0.2822222222222222,TN
Haryana,Nuh,2025-11-02,0,0.0,+5d,0.0,0,0.005333333333333333,0,0.2822222222222222,TN
Haryana,Nuh,2025-11-03,0,0.0,+5d,0.0,0,0.013541666666666667,0,0.2822222222222222,TN
Haryana,Nuh,2025-11-04,0,0.0,+5d,0.0,0,0.00125,0,0.2822222222222222,TN
Haryana,Nuh,2025-11-05,0,0.0,+5d,0.0,0,0.00375,0,0.2822222222222222,TN
Haryana,Nuh,2025-11-06,0,0.0,+5d,2.0,0,0.007291666666666666,0,0.2822222222222222,TN
Haryana,Nuh,2025-11-07,0,0.0,+5d,0.0,0,0.0,0,0.2822222222222222,TN
Haryana,Nuh,2025-11-08,0,0.0,+5d,0.0,0,0.0,0,0.2822222222222222,TN
Haryana,Nuh,2025-11-09,0,0.0,+5d,0.0,0,0.0,0,0.2822222222222222,TN
Haryana,Nuh,2025-11-10,0,0.0,+5d,0.0,0,0.00125,0,0.2822222222222222,TN
Haryana,Nuh,2025-11-11,2,6.26,+5d,0.0,0,0.021208333333333336,0,0.2822222222222222,TN
Haryana,Nuh,2025-11-12,0,0.0,+5d,0.0,0,0.012333333333333333,0,0.2822222222222222,TN
Haryana,Nuh,2025-11-13,0,0.0,+5d,0.0,0,0.000625,0,0.2822222222222222,TN
Haryana,Nuh,2025-11-14,0,0.0,+5d,0.0,0,0.0894592490842491,0,0.2822222222222222,TN
Haryana,Nuh,2025-11-15,0,0.0,+5d,0.0,0,0.0029166666666666664,0,0.2822222222222222,TN
Haryana,Nuh,2025-11-16,0,0.0,+5d,0.0,0,0.007333333333333333,0,0.2822222222222222,TN
Haryana,Nuh,2025-11-17,0,0.0,+5d,0.0,0,0.0,0,0.2822222222222222,TN
Haryana,Nuh,2025-11-18,0,0.0,+5d,0.0,0,0.06875,0,0.2822222222222222,TN
Haryana,Nuh,2025-11-19,0,0.0,+5d,0.0,0,0.0,0,0.2822222222222222,TN
Haryana,Nuh,2025-11-20,0,0.0,+5d,0.0,0,0.0,0,0.2822222222222222,TN
Haryana,Nuh,2025-11-21,0,0.0,+5d,0.0,0,0.0042499999999999994,0,0.2822222222222222,TN
Haryana,Nuh,2025-11-22,0,0.0,+5d,0.0,0,0.0,0,0.2822222222222222,TN
Haryana,Nuh,2025-11-23,0,0.0,+5d,0.0,0,0.0004195804195804196,0,0.2822222222222222,TN
Haryana,Palwal,2025-10-15,0,0.0,+5d,4.0,1,0.03717329545454546,0,0.2822222222222222,FN
Haryana,Palwal,2025-10-16,1,4.47,+5d,1.0,0,0.20305152456239417,0,0.2822222222222222,TN
Haryana,Palwal,2025-10-17,0,0.0,+5d,5.0,1,0.05907738095238096,0,0.2822222222222222,FN
Haryana,Palwal,2025-10-18,1,5.34,+5d,0.0,0,0.23290476190476195,0,0.2822222222222222,TN
Haryana,Palwal,2025-10-19,0,0.0,+5d,2.0,0,0.12491666666666668,0,0.2822222222222222,TN
Haryana,Palwal,2025-10-20,4,13.01,+5d,0.0,0,0.28132738095238097,0,0.2822222222222222,TN
Haryana,Palwal,2025-10-21,1,3.63,+5d,3.0,1,0.42993452380952385,1,0.2822222222222222,TP
Haryana,Palwal,2025-10-22,5,14.67,+5d,0.0,0,0.35043452380952383,1,0.2822222222222222,FP
Haryana,Palwal,2025-10-23,0,0.0,+5d,0.0,0,0.5345178571428572,1,0.2822222222222222,FP
Haryana,Palwal,2025-10-24,2,3.73,+5d,0.0,0,0.168029761904762,0,0.2822222222222222,TN
Haryana,Palwal,2025-10-25,0,0.0,+5d,0.0,0,0.45212698412698415,1,0.2822222222222222,FP
Haryana,Palwal,2025-10-26,3,6.22,+5d,0.0,0,0.07195833333333333,0,0.2822222222222222,TN
Haryana,Palwal,2025-10-27,0,0.0,+5d,2.0,0,0.5027480742296918,1,0.2822222222222222,FP
Haryana,Palwal,2025-10-28,0,0.0,+5d,6.0,1,0.08204166666666665,0,0.2822222222222222,FN
Haryana,Palwal,2025-10-29,0,0.0,+5d,6.0,1,0.3682708333333335,1,0.2822222222222222,TP
Haryana,Palwal,2025-10-30,0,0.0,+5d,0.0,0,0.06426041666666667,0,0.2822222222222222,TN
Haryana,Palwal,2025-10-31,0,0.0,+5d,2.0,0,0.13935416666666667,0,0.2822222222222222,TN
Haryana,Palwal,2025-11-01,2,4.73,+5d,2.0,0,0.06625,0,0.2822222222222222,TN
Haryana,Palwal,2025-11-02,6,27.17,+5d,1.0,0,0.2966964285714286,1,0.2822222222222222,FP
Haryana,Palwal,2025-11-03,6,38.2,+5d,0.0,0,0.4794523809523809,1,0.2822222222222222,FP
Haryana,Palwal,2025-11-04,0,0.0,+5d,0.0,0,0.40824107142857147,1,0.2822222222222222,FP
Haryana,Palwal,2025-11-05,2,5.569999999999999,+5d,5.0,1,0.3861547619047619,1,0.2822222222222222,TP
Haryana,Palwal,2025-11-06,2,9.58,+5d,1.0,0,0.4025952380952381,1,0.2822222222222222,FP
Haryana,Palwal,2025-11-07,1,4.13,+5d,0.0,0,0.23999404761904763,0,0.2822222222222222,TN
Haryana,Palwal,2025-11-08,0,0.0,+5d,0.0,0,0.28191666666666665,0,0.2822222222222222,TN
Haryana,Palwal,2025-11-09,0,0.0,+5d,2.0,0,0.3215059523809524,1,0.2822222222222222,FP
Haryana,Palwal,2025-11-10,5,21.46,+5d,0.0,0,0.33968046536796526,1,0.2822222222222222,FP
Haryana,Palwal,2025-11-11,1,3.68,+5d,0.0,0,0.1902261904761904,0,0.2822222222222222,TN
Haryana,Palwal,2025-11-12,0,0.0,+5d,0.0,0,0.137625,0,0.2822222222222222,TN
Haryana,Palwal,2025-11-13,0,0.0,+5d,0.0,0,0.2712777777777777,0,0.2822222222222222,TN
Haryana,Palwal,2025-11-14,2,5.72,+5d,0.0,0,0.08681639194139193,0,0.2822222222222222,TN
Haryana,Palwal,2025-11-15,0,0.0,+5d,1.0,0,0.100875,0,0.2822222222222222,TN
Haryana,Palwal,2025-11-16,0,0.0,+5d,0.0,0,0.055625,0,0.2822222222222222,TN
Haryana,Palwal,2025-11-17,0,0.0,+5d,0.0,0,0.22271428571428575,0,0.2822222222222222,TN
Haryana,Palwal,2025-11-18,0,0.0,+5d,0.0,0,0.0115,0,0.2822222222222222,TN
Haryana,Palwal,2025-11-19,0,0.0,+5d,0.0,0,0.0037499999999999994,0,0.2822222222222222,TN
Haryana,Palwal,2025-11-20,1,3.08,+5d,0.0,0,0.0680922619047619,0,0.2822222222222222,TN
Haryana,Palwal,2025-11-21,0,0.0,+5d,0.0,0,0.09255357142857142,0,0.2822222222222222,TN
Haryana,Palwal,2025-11-22,0,0.0,+5d,1.0,0,0.00525,0,0.2822222222222222,TN
Haryana,Palwal,2025-11-23,0,0.0,+5d,0.0,0,0.07759616772116772,0,0.2822222222222222,TN
Haryana,Panchkula,2025-10-15,0,0.0,+5d,2.0,0,0.11816461980048937,0,0.2822222222222222,TN
Haryana,Panchkula,2025-10-16,0,0.0,+5d,1.0,0,0.10465692640692638,0,0.2822222222222222,TN
Haryana,Panchkula,2025-10-17,0,0.0,+5d,0.0,0,0.05590151515151517,0,0.2822222222222222,TN
Haryana,Panchkula,2025-10-18,0,0.0,+5d,0.0,0,0.08381966991341992,0,0.2822222222222222,TN
Haryana,Panchkula,2025-10-19,0,0.0,+5d,0.0,0,0.1781612329556409,0,0.2822222222222222,TN
Haryana,Panchkula,2025-10-20,2,9.82,+5d,0.0,0,0.41077056277056273,1,0.2822222222222222,FP
Haryana,Panchkula,2025-10-21,1,0.5,+5d,0.0,0,0.43446422735760976,1,0.2822222222222222,FP
Haryana,Panchkula,2025-10-22,0,0.0,+5d,0.0,0,0.26667073306595374,0,0.2822222222222222,TN
Haryana,Panchkula,2025-10-23,0,0.0,+5d,1.0,0,0.20865079365079361,0,0.2822222222222222,TN
Haryana,Panchkula,2025-10-24,0,0.0,+5d,0.0,0,0.03883333333333334,0,0.2822222222222222,TN
Haryana,Panchkula,2025-10-25,0,0.0,+5d,0.0,0,0.17242857142857143,0,0.2822222222222222,TN
Haryana,Panchkula,2025-10-26,0,0.0,+5d,2.0,0,0.11255704365079364,0,0.2822222222222222,TN
Haryana,Panchkula,2025-10-27,0,0.0,+5d,0.0,0,0.27570188492063485,0,0.2822222222222222,TN
Haryana,Panchkula,2025-10-28,1,3.76,+5d,0.0,0,0.1307827380952381,0,0.2822222222222222,TN
Haryana,Panchkula,2025-10-29,0,0.0,+5d,0.0,0,0.1206875,0,0.2822222222222222,TN
Haryana,Panchkula,2025-10-30,0,0.0,+5d,0.0,0,0.06530357142857142,0,0.2822222222222222,TN
Haryana,Panchkula,2025-10-31,2,6.43,+5d,0.0,0,0.2639523809523808,0,0.2822222222222222,TN
Haryana,Panchkula,2025-11-01,0,0.0,+5d,0.0,0,0.07024999999999999,0,0.2822222222222222,TN
Haryana,Panchkula,2025-11-02,0,0.0,+5d,0.0,0,0.09443750000000001,0,0.2822222222222222,TN
Haryana,Panchkula,2025-11-03,0,0.0,+5d,0.0,0,0.14373809523809525,0,0.2822222222222222,TN
Haryana,Panchkula,2025-11-04,0,0.0,+5d,0.0,0,0.019447916666666665,0,0.2822222222222222,TN
Haryana,Panchkula,2025-11-05,0,0.0,+5d,0.0,0,0.020875000000000005,0,0.2822222222222222,TN
Haryana,Panchkula,2025-11-06,0,0.0,+5d,0.0,0,0.019083333333333334,0,0.2822222222222222,TN
Haryana,Panchkula,2025-11-07,0,0.0,+5d,0.0,0,0.10949404761904757,0,0.2822222222222222,TN
Haryana,Panchkula,2025-11-08,0,0.0,+5d,0.0,0,0.0,0,0.2822222222222222,TN
Haryana,Panchkula,2025-11-09,0,0.0,+5d,0.0,0,0.0,0,0.2822222222222222,TN
Haryana,Panchkula,2025-11-10,0,0.0,+5d,0.0,0,0.0,0,0.2822222222222222,TN
Haryana,Panchkula,2025-11-11,0,0.0,+5d,0.0,0,0.0,0,0.2822222222222222,TN
Haryana,Panchkula,2025-11-12,0,0.0,+5d,0.0,0,0.0,0,0.2822222222222222,TN
Haryana,Panchkula,2025-11-13,0,0.0,+5d,0.0,0,0.00125,0,0.2822222222222222,TN
Haryana,Panchkula,2025-11-14,0,0.0,+5d,0.0,0,0.0,0,0.2822222222222222,TN
Haryana,Panchkula,2025-11-15,0,0.0,+5d,0.0,0,0.0,0,0.2822222222222222,TN
Haryana,Panchkula,2025-11-16,0,0.0,+5d,0.0,0,0.0,0,0.2822222222222222,TN
Haryana,Panchkula,2025-11-17,0,0.0,+5d,0.0,0,0.0,0,0.2822222222222222,TN
Haryana,Panchkula,2025-11-18,0,0.0,+5d,0.0,0,0.0,0,0.2822222222222222,TN
Haryana,Panchkula,2025-11-19,0,0.0,+5d,0.0,0,0.0,0,0.2822222222222222,TN
Haryana,Panchkula,2025-11-20,0,0.0,+5d,0.0,0,0.0,0,0.2822222222222222,TN
Haryana,Panchkula,2025-11-21,0,0.0,+5d,0.0,0,0.0,0,0.2822222222222222,TN
Haryana,Panchkula,2025-11-22,0,0.0,+5d,0.0,0,0.0,0,0.2822222222222222,TN
Haryana,Panchkula,2025-11-23,0,0.0,+5d,0.0,0,0.0019820804195804197,0,0.2822222222222222,TN
Haryana,Panipat,2025-10-15,1,1.45,+5d,0.0,0,0.12891369047619047,0,0.2822222222222222,TN
Haryana,Panipat,2025-10-16,2,8.879999999999999,+5d,0.0,0,0.21752976190476184,0,0.2822222222222222,TN
Haryana,Panipat,2025-10-17,0,0.0,+5d,3.0,1,0.26407043650793655,0,0.2822222222222222,FN
Haryana,Panipat,2025-10-18,2,2.96,+5d,0.0,0,0.13692857142857143,0,0.2822222222222222,TN
Haryana,Panipat,2025-10-19,4,7.12,+5d,0.0,0,0.31372718253968257,1,0.2822222222222222,FP
Haryana,Panipat,2025-10-20,0,0.0,+5d,0.0,0,0.3876725606909431,1,0.2822222222222222,FP
Haryana,Panipat,2025-10-21,0,0.0,+5d,1.0,0,0.3846948051948052,1,0.2822222222222222,FP
Haryana,Panipat,2025-10-22,3,3.89,+5d,0.0,0,0.22933432539682536,0,0.2822222222222222,TN
Haryana,Panipat,2025-10-23,0,0.0,+5d,0.0,0,0.22154563492063492,0,0.2822222222222222,TN
Haryana,Panipat,2025-10-24,0,0.0,+5d,0.0,0,0.10080357142857141,0,0.2822222222222222,TN
Haryana,Panipat,2025-10-25,0,0.0,+5d,0.0,0,0.17073305860805857,0,0.2822222222222222,TN
Haryana,Panipat,2025-10-26,1,3.35,+5d,0.0,0,0.22207738095238103,0,0.2822222222222222,TN
Haryana,Panipat,2025-10-27,0,0.0,+5d,0.0,0,0.0905297619047619,0,0.2822222222222222,TN
Haryana,Panipat,2025-10-28,0,0.0,+5d,1.0,0,0.09799107142857143,0,0.2822222222222222,TN
Haryana,Panipat,2025-10-29,0,0.0,+5d,0.0,0,0.19863690476190474,0,0.2822222222222222,TN
Haryana,Panipat,2025-10-30,0,0.0,+5d,0.0,0,0.09514732142857142,0,0.2822222222222222,TN
Haryana,Panipat,2025-10-31,0,0.0,+5d,0.0,0,0.12380357142857143,0,0.2822222222222222,TN
Haryana,Panipat,2025-11-01,0,0.0,+5d,2.0,0,0.12935565476190475,0,0.2822222222222222,TN
Haryana,Panipat,2025-11-02,1,2.87,+5d,4.0,1,0.14576190476190473,0,0.2822222222222222,FN
Haryana,Panipat,2025-11-03,0,0.0,+5d,0.0,0,0.06833333333333333,0,0.2822222222222222,TN
Haryana,Panipat,2025-11-04,0,0.0,+5d,6.0,1,0.0733452380952381,0,0.2822222222222222,FN
Haryana,Panipat,2025-11-05,0,0.0,+5d,0.0,0,0.115234126984127,0,0.2822222222222222,TN
Haryana,Panipat,2025-11-06,2,4.41,+5d,1.0,0,0.21126190476190476,0,0.2822222222222222,TN
Haryana,Panipat,2025-11-07,4,8.63,+5d,2.0,0,0.3410277777777778,1,0.2822222222222222,FP
Haryana,Panipat,2025-11-08,0,0.0,+5d,2.0,0,0.21110019841269842,0,0.2822222222222222,TN
Haryana,Panipat,2025-11-09,6,16.25,+5d,0.0,0,0.47217857142857134,1,0.2822222222222222,FP
Haryana,Panipat,2025-11-10,0,0.0,+5d,0.0,0,0.48644642857142856,1,0.2822222222222222,FP
Haryana,Panipat,2025-11-11,1,2.43,+5d,2.0,0,0.24776190476190468,0,0.2822222222222222,TN
Haryana,Panipat,2025-11-12,2,6.6,+5d,0.0,0,0.5053333333333333,1,0.2822222222222222,FP
Haryana,Panipat,2025-11-13,2,11.62,+5d,2.0,0,0.36902380952380937,1,0.2822222222222222,FP
Haryana,Panipat,2025-11-14,0,0.0,+5d,1.0,0,0.3499166666666666,1,0.2822222222222222,FP
Haryana,Panipat,2025-11-15,0,0.0,+5d,5.0,1,0.2314413919413919,0,0.2822222222222222,FN
Haryana,Panipat,2025-11-16,2,4.29,+5d,0.0,0,0.40980555555555553,1,0.2822222222222222,FP
Haryana,Panipat,2025-11-17,0,0.0,+5d,3.0,1,0.09980555555555552,0,0.2822222222222222,FN
Haryana,Panipat,2025-11-18,2,5.7,+5d,0.0,0,0.18280357142857143,0,0.2822222222222222,TN
Haryana,Panipat,2025-11-19,1,5.3,+5d,1.0,0,0.28524404761904765,1,0.2822222222222222,FP
Haryana,Panipat,2025-11-20,5,9.45,+5d,2.0,0,0.22671130952380955,0,0.2822222222222222,TN
Haryana,Panipat,2025-11-21,0,0.0,+5d,1.0,0,0.19887499999999997,0,0.2822222222222222,TN
Haryana,Panipat,2025-11-22,3,8.56,+5d,0.0,0,0.20738690476190477,0,0.2822222222222222,TN
Haryana,Panipat,2025-11-23,0,0.0,+5d,0.0,0,0.23650000000000002,0,0.2822222222222222,TN
Haryana,Rewari,2025-10-15,0,0.0,+5d,0.0,0,0.03887417066629023,0,0.2822222222222222,TN
Haryana,Rewari,2025-10-16,0,0.0,+5d,0.0,0,0.036642045454545455,0,0.2822222222222222,TN
Haryana,Rewari,2025-10-17,0,0.0,+5d,1.0,0,0.01125,0,0.2822222222222222,TN
Haryana,Rewari,2025-10-18,0,0.0,+5d,0.0,0,0.07242261904761906,0,0.2822222222222222,TN
Haryana,Rewari,2025-10-19,0,0.0,+5d,0.0,0,0.12074290293040292,0,0.2822222222222222,TN
Haryana,Rewari,2025-10-20,0,0.0,+5d,0.0,0,0.025574477605727605,0,0.2822222222222222,TN
Haryana,Rewari,2025-10-21,0,0.0,+5d,0.0,0,0.08590781093906096,0,0.2822222222222222,TN
Haryana,Rewari,2025-10-22,1,2.17,+5d,0.0,0,0.1428452380952381,0,0.2822222222222222,TN
Haryana,Rewari,2025-10-23,0,0.0,+5d,0.0,0,0.005625,0,0.2822222222222222,TN
Haryana,Rewari,2025-10-24,0,0.0,+5d,0.0,0,0.00625,0,0.2822222222222222,TN
Haryana,Rewari,2025-10-25,0,0.0,+5d,0.0,0,0.03833166109253065,0,0.2822222222222222,TN
Haryana,Rewari,2025-10-26,0,0.0,+5d,0.0,0,0.012443181818181819,0,0.2822222222222222,TN
Haryana,Rewari,2025-10-27,0,0.0,+5d,0.0,0,0.047749999999999994,0,0.2822222222222222,TN
Haryana,Rewari,2025-10-28,0,0.0,+5d,0.0,0,0.050182765151515166,0,0.2822222222222222,TN
Haryana,Rewari,2025-10-29,0,0.0,+5d,0.0,0,0.05432291666666668,0,0.2822222222222222,TN
Haryana,Rewari,2025-10-30,0,0.0,+5d,0.0,0,0.04665625,0,0.2822222222222222,TN
Haryana,Rewari,2025-10-31,0,0.0,+5d,0.0,0,0.04939109848484849,0,0.2822222222222222,TN
Haryana,Rewari,2025-11-01,0,0.0,+5d,2.0,0,0.001875,0,0.2822222222222222,TN
Haryana,Rewari,2025-11-02,0,0.0,+5d,0.0,0,0.0026666666666666666,0,0.2822222222222222,TN
Haryana,Rewari,2025-11-03,0,0.0,+5d,0.0,0,0.008854166666666666,0,0.2822222222222222,TN
Haryana,Rewari,2025-11-04,0,0.0,+5d,0.0,0,0.007291666666666666,0,0.2822222222222222,TN
Haryana,Rewari,2025-11-05,0,0.0,+5d,0.0,0,0.005625,0,0.2822222222222222,TN
Haryana,Rewari,2025-11-06,2,1.1800000000000002,+5d,0.0,0,0.0071875,0,0.2822222222222222,TN
Haryana,Rewari,2025-11-07,0,0.0,+5d,0.0,0,0.0121875,0,0.2822222222222222,TN
Haryana,Rewari,2025-11-08,0,0.0,+5d,0.0,0,0.005104166666666667,0,0.2822222222222222,TN
Haryana,Rewari,2025-11-09,0,0.0,+5d,0.0,0,0.012325320512820514,0,0.2822222222222222,TN
Haryana,Rewari,2025-11-10,0,0.0,+5d,0.0,0,0.0003125,0,0.2822222222222222,TN
Haryana,Rewari,2025-11-11,0,0.0,+5d,0.0,0,0.017750000000000002,0,0.2822222222222222,TN
Haryana,Rewari,2025-11-12,0,0.0,+5d,0.0,0,0.0003125,0,0.2822222222222222,TN
Haryana,Rewari,2025-11-13,0,0.0,+5d,0.0,0,0.07168154761904763,0,0.2822222222222222,TN
Haryana,Rewari,2025-11-14,0,0.0,+5d,0.0,0,0.0059375,0,0.2822222222222222,TN
Haryana,Rewari,2025-11-15,0,0.0,+5d,0.0,0,0.013375,0,0.2822222222222222,TN
Haryana,Rewari,2025-11-16,0,0.0,+5d,0.0,0,0.010770833333333334,0,0.2822222222222222,TN
Haryana,Rewari,2025-11-17,0,0.0,+5d,0.0,0,0.014937500000000001,0,0.2822222222222222,TN
Haryana,Rewari,2025-11-18,0,0.0,+5d,0.0,0,0.010770833333333334,0,0.2822222222222222,TN
Haryana,Rewari,2025-11-19,0,0.0,+5d,0.0,0,0.006770833333333333,0,0.2822222222222222,TN
Haryana,Rewari,2025-11-20,0,0.0,+5d,0.0,0,0.0015625,0,0.2822222222222222,TN
Haryana,Rewari,2025-11-21,0,0.0,+5d,0.0,0,0.015020833333333334,0,0.2822222222222222,TN
Haryana,Rewari,2025-11-22,0,0.0,+5d,1.0,0,0.0003125,0,0.2822222222222222,TN
Haryana,Rewari,2025-11-23,0,0.0,+5d,0.0,0,0.012336247086247087,0,0.2822222222222222,TN
Haryana,Rohtak,2025-10-15,0,0.0,+5d,0.0,0,0.0621655982905983,0,0.2822222222222222,TN
Haryana,Rohtak,2025-10-16,0,0.0,+5d,0.0,0,0.05710416666666667,0,0.2822222222222222,TN
Haryana,Rohtak,2025-10-17,0,0.0,+5d,1.0,0,0.059916666666666674,0,0.2822222222222222,TN
Haryana,Rohtak,2025-10-18,0,0.0,+5d,0.0,0,0.06725,0,0.2822222222222222,TN
Haryana,Rohtak,2025-10-19,0,0.0,+5d,0.0,0,0.1453988095238095,0,0.2822222222222222,TN
Haryana,Rohtak,2025-10-20,0,0.0,+5d,0.0,0,0.29200583688112725,1,0.2822222222222222,FP
Haryana,Rohtak,2025-10-21,0,0.0,+5d,0.0,0,0.15041031720472506,0,0.2822222222222222,TN
Haryana,Rohtak,2025-10-22,1,1.71,+5d,0.0,0,0.2468638167388168,0,0.2822222222222222,TN
Haryana,Rohtak,2025-10-23,0,0.0,+5d,0.0,0,0.04560119047619048,0,0.2822222222222222,TN
Haryana,Rohtak,2025-10-24,0,0.0,+5d,0.0,0,0.04762500000000001,0,0.2822222222222222,TN
Haryana,Rohtak,2025-10-25,0,0.0,+5d,0.0,0,0.05272451823538781,0,0.2822222222222222,TN
Haryana,Rohtak,2025-10-26,0,0.0,+5d,1.0,0,0.0658511904761905,0,0.2822222222222222,TN
Haryana,Rohtak,2025-10-27,0,0.0,+5d,0.0,0,0.048559523809523816,0,0.2822222222222222,TN
Haryana,Rohtak,2025-10-28,0,0.0,+5d,2.0,0,0.0836381222943723,0,0.2822222222222222,TN
Haryana,Rohtak,2025-10-29,0,0.0,+5d,3.0,1,0.09192410714285713,0,0.2822222222222222,FN
Haryana,Rohtak,2025-10-30,0,0.0,+5d,1.0,0,0.07509645562770563,0,0.2822222222222222,TN
Haryana,Rohtak,2025-10-31,1,3.1,+5d,5.0,1,0.1279104437229437,0,0.2822222222222222,FN
Haryana,Rohtak,2025-11-01,0,0.0,+5d,5.0,1,0.044958333333333336,0,0.2822222222222222,FN
Haryana,Rohtak,2025-11-02,2,34.44,+5d,5.0,1,0.17925000000000002,0,0.2822222222222222,FN
Haryana,Rohtak,2025-11-03,3,9.02,+5d,6.0,1,0.296922619047619,1,0.2822222222222222,TP
Haryana,Rohtak,2025-11-04,1,3.79,+5d,4.0,1,0.2573452380952381,0,0.2822222222222222,FN
Haryana,Rohtak,2025-11-05,5,8.76,+5d,5.0,1,0.32833333333333337,1,0.2822222222222222,TP
Haryana,Rohtak,2025-11-06,5,21.52,+5d,12.0,1,0.5943143939393939,1,0.2822222222222222,TP
Haryana,Rohtak,2025-11-07,5,31.38,+5d,6.0,1,0.544189393939394,1,0.2822222222222222,TP
Haryana,Rohtak,2025-11-08,6,25.07,+5d,10.0,1,0.5191477272727272,1,0.2822222222222222,TP
Haryana,Rohtak,2025-11-09,4,16.03,+5d,4.0,1,0.4640625,1,0.2822222222222222,TP
Haryana,Rohtak,2025-11-10,5,16.18,+5d,6.0,1,0.5772310606060607,1,0.2822222222222222,TP
Haryana,Rohtak,2025-11-11,12,46.3,+5d,23.0,1,0.598689393939394,1,0.2822222222222222,TP
Haryana,Rohtak,2025-11-12,6,14.11,+5d,6.0,1,0.48480248917748925,1,0.2822222222222222,TP
Haryana,Rohtak,2025-11-13,10,37.13,+5d,1.0,0,0.45339772727272726,1,0.2822222222222222,FP
Haryana,Rohtak,2025-11-14,4,18.22,+5d,2.0,0,0.35538988095238083,1,0.2822222222222222,FP
Haryana,Rohtak,2025-11-15,6,16.89,+5d,3.0,1,0.3868352272727271,1,0.2822222222222222,TP
Haryana,Rohtak,2025-11-16,23,79.53999999999999,+5d,5.0,1,0.4685643939393939,1,0.2822222222222222,TP
Haryana,Rohtak,2025-11-17,6,12.26,+5d,9.0,1,0.3842797619047619,1,0.2822222222222222,TP
Haryana,Rohtak,2025-11-18,1,3.2,+5d,7.0,1,0.27666666666666667,0,0.2822222222222222,FN
Haryana,Rohtak,2025-11-19,2,5.550000000000001,+5d,2.0,0,0.3755952380952381,1,0.2822222222222222,FP
Haryana,Rohtak,2025-11-20,3,9.87,+5d,3.0,1,0.2249702380952381,0,0.2822222222222222,FN
Haryana,Rohtak,2025-11-21,5,7.93,+5d,6.0,1,0.2261666666666667,0,0.2822222222222222,FN
Haryana,Rohtak,2025-11-22,9,27.74,+5d,5.0,1,0.373327380952381,1,0.2822222222222222,TP
Haryana,Rohtak,2025-11-23,7,12.76,+5d,2.0,0,0.29941071428571425,1,0.2822222222222222,FP
Haryana,Sirsa,2025-10-15,3,2.92,+5d,0.0,0,0.3707857142857143,1,0.2822222222222222,FP
Haryana,Sirsa,2025-10-16,2,4.93,+5d,2.0,0,0.21203273809523815,0,0.2822222222222222,TN
Haryana,Sirsa,2025-10-17,8,24.57,+5d,14.0,1,0.6562559523809522,1,0.2822222222222222,TP
Haryana,Sirsa,2025-10-18,0,0.0,+5d,1.0,0,0.5334226190476191,1,0.2822222222222222,FP
Haryana,Sirsa,2025-10-19,1,4.81,+5d,2.0,0,0.4354047619047619,1,0.2822222222222222,FP
Haryana,Sirsa,2025-10-20,0,0.0,+5d,3.0,1,0.4945773809523809,1,0.2822222222222222,TP
Haryana,Sirsa,2025-10-21,2,4.77,+5d,17.0,1,0.2785932539682541,0,0.2822222222222222,FN
Haryana,Sirsa,2025-10-22,14,61.32,+5d,6.0,1,0.7887619047619046,1,0.2822222222222222,TP
Haryana,Sirsa,2025-10-23,1,2.2,+5d,0.0,0,0.5288988095238095,1,0.2822222222222222,FP
Haryana,Sirsa,2025-10-24,2,4.15,+5d,2.0,0,0.508952380952381,1,0.2822222222222222,FP
Haryana,Sirsa,2025-10-25,3,5.359999999999999,+5d,5.0,1,0.39955357142857145,1,0.2822222222222222,TP
Haryana,Sirsa,2025-10-26,17,62.18,+5d,4.0,1,0.7590357142857143,1,0.2822222222222222,TP
Haryana,Sirsa,2025-10-27,6,6.94,+5d,10.0,1,0.5168690476190476,1,0.2822222222222222,TP
Haryana,Sirsa,2025-10-28,0,0.0,+5d,9.0,1,0.5290416666666666,1,0.2822222222222222,TP
Haryana,Sirsa,2025-10-29,2,9.95,+5d,8.0,1,0.5706249999999999,1,0.2822222222222222,TP
Haryana,Sirsa,2025-10-30,5,16.400000000000002,+5d,7.0,1,0.7341666666666669,1,0.2822222222222222,TP
Haryana,Sirsa,2025-10-31,4,10.83,+5d,7.0,1,0.6064265873015873,1,0.2822222222222222,TP
Haryana,Sirsa,2025-11-01,10,24.6,+5d,5.0,1,0.6863333333333336,1,0.2822222222222222,TP
Haryana,Sirsa,2025-11-02,9,18.49,+5d,4.0,1,0.3553125000000001,1,0.2822222222222222,TP
Haryana,Sirsa,2025-11-03,8,35.480000000000004,+5d,4.0,1,0.594309523809524,1,0.2822222222222222,TP
Haryana,Sirsa,2025-11-04,7,19.47,+5d,9.0,1,0.5415000000000001,1,0.2822222222222222,TP
Haryana,Sirsa,2025-11-05,7,8.85,+5d,8.0,1,0.4703700980392156,1,0.2822222222222222,TP
Haryana,Sirsa,2025-11-06,5,8.040000000000001,+5d,5.0,1,0.25304166666666666,0,0.2822222222222222,FN
Haryana,Sirsa,2025-11-07,4,14.38,+5d,4.0,1,0.39345833333333324,1,0.2822222222222222,TP
Haryana,Sirsa,2025-11-08,4,10.9,+5d,4.0,1,0.2834702380952381,1,0.2822222222222222,TP
Haryana,Sirsa,2025-11-09,9,18.64,+5d,7.0,1,0.4265625,1,0.2822222222222222,TP
Haryana,Sirsa,2025-11-10,8,15.43,+5d,5.0,1,0.34199999999999997,1,0.2822222222222222,TP
Haryana,Sirsa,2025-11-11,5,15.95,+5d,7.0,1,0.3548977272727272,1,0.2822222222222222,TP
Haryana,Sirsa,2025-11-12,4,5.46,+5d,8.0,1,0.34808333333333336,1,0.2822222222222222,TP
Haryana,Sirsa,2025-11-13,4,15.64,+5d,7.0,1,0.4612083333333332,1,0.2822222222222222,TP
Haryana,Sirsa,2025-11-14,7,33.77,+5d,12.0,1,0.5471666666666666,1,0.2822222222222222,TP
Haryana,Sirsa,2025-11-15,5,19.81,+5d,3.0,1,0.5230714285714285,1,0.2822222222222222,TP
Haryana,Sirsa,2025-11-16,7,13.23,+5d,2.0,0,0.3968749999999999,1,0.2822222222222222,FP
Haryana,Sirsa,2025-11-17,8,17.540000000000003,+5d,1.0,0,0.42533333333333323,1,0.2822222222222222,FP
Haryana,Sirsa,2025-11-18,7,16.15,+5d,1.0,0,0.41762499999999997,1,0.2822222222222222,FP
Haryana,Sirsa,2025-11-19,12,27.95,+5d,0.0,0,0.43837500000000007,1,0.2822222222222222,FP
Haryana,Sirsa,2025-11-20,3,11.03,+5d,0.0,0,0.15438690476190478,0,0.2822222222222222,TN
Haryana,Sirsa,2025-11-21,2,5.75,+5d,0.0,0,0.11438690476190473,0,0.2822222222222222,TN
Haryana,Sirsa,2025-11-22,1,2.12,+5d,3.0,1,0.11651190476190479,0,0.2822222222222222,FN
Haryana,Sirsa,2025-11-23,1,0.68,+5d,2.0,0,0.1789642857142857,0,0.2822222222222222,TN
Haryana,Sonipat,2025-10-15,1,1.64,+5d,0.0,0,0.12589880952380952,0,0.2822222222222222,TN
Haryana,Sonipat,2025-10-16,0,0.0,+5d,0.0,0,0.09277380952380954,0,0.2822222222222222,TN
Haryana,Sonipat,2025-10-17,0,0.0,+5d,0.0,0,0.03097916666666667,0,0.2822222222222222,TN
Haryana,Sonipat,2025-10-18,0,0.0,+5d,0.0,0,0.03858333333333333,0,0.2822222222222222,TN
Haryana,Sonipat,2025-10-19,0,0.0,+5d,0.0,0,0.07198992673992674,0,0.2822222222222222,TN
Haryana,Sonipat,2025-10-20,0,0.0,+5d,0.0,0,0.17629145507270516,0,0.2822222222222222,TN
Haryana,Sonipat,2025-10-21,0,0.0,+5d,1.0,0,0.08807447760572758,0,0.2822222222222222,TN
Haryana,Sonipat,2025-10-22,0,0.0,+5d,0.0,0,0.1347941468253968,0,0.2822222222222222,TN
Haryana,Sonipat,2025-10-23,0,0.0,+5d,0.0,0,0.0029166666666666664,0,0.2822222222222222,TN
Haryana,Sonipat,2025-10-24,0,0.0,+5d,0.0,0,0.012291666666666668,0,0.2822222222222222,TN
Haryana,Sonipat,2025-10-25,0,0.0,+5d,0.0,0,0.0250740853349549,0,0.2822222222222222,TN
Haryana,Sonipat,2025-10-26,1,0.67,+5d,1.0,0,0.015625,0,0.2822222222222222,TN
Haryana,Sonipat,2025-10-27,0,0.0,+5d,2.0,0,0.019833333333333335,0,0.2822222222222222,TN
Haryana,Sonipat,2025-10-28,0,0.0,+5d,3.0,1,0.0646875,0,0.2822222222222222,FN
Haryana,Sonipat,2025-10-29,0,0.0,+5d,1.0,0,0.060708333333333336,0,0.2822222222222222,TN
Haryana,Sonipat,2025-10-30,0,0.0,+5d,5.0,1,0.03945359848484848,0,0.2822222222222222,FN
Haryana,Sonipat,2025-10-31,1,2.27,+5d,4.0,1,0.10959226190476189,0,0.2822222222222222,FN
Haryana,Sonipat,2025-11-01,2,7.83,+5d,7.0,1,0.09725,0,0.2822222222222222,FN
Haryana,Sonipat,2025-11-02,3,13.86,+5d,6.0,1,0.2908571428571429,1,0.2822222222222222,TP
Haryana,Sonipat,2025-11-03,1,0.82,+5d,2.0,0,0.16212500000000002,0,0.2822222222222222,TN
Haryana,Sonipat,2025-11-04,5,17.57,+5d,12.0,1,0.38639285714285715,1,0.2822222222222222,TP
Haryana,Sonipat,2025-11-05,4,2.64,+5d,1.0,0,0.28676190476190483,1,0.2822222222222222,FP
Haryana,Sonipat,2025-11-06,7,23.87,+5d,12.0,1,0.5653024891774892,1,0.2822222222222222,TP
Haryana,Sonipat,2025-11-07,6,25.61,+5d,6.0,1,0.45617748917748896,1,0.2822222222222222,TP
Haryana,Sonipat,2025-11-08,2,7.57,+5d,4.0,1,0.5244940476190475,1,0.2822222222222222,TP
Haryana,Sonipat,2025-11-09,12,53.510000000000005,+5d,10.0,1,0.5575643939393939,1,0.2822222222222222,TP
Haryana,Sonipat,2025-11-10,1,3.09,+5d,11.0,1,0.3744940476190476,1,0.2822222222222222,TP
Haryana,Sonipat,2025-11-11,12,27.05,+5d,16.0,1,0.49314772727272715,1,0.2822222222222222,TP
Haryana,Sonipat,2025-11-12,6,22.36,+5d,8.0,1,0.45242451298701297,1,0.2822222222222222,TP
Haryana,Sonipat,2025-11-13,4,10.65,+5d,2.0,0,0.4944999999999999,1,0.2822222222222222,FP
Haryana,Sonipat,2025-11-14,10,36.19,+5d,4.0,1,0.451924512987013,1,0.2822222222222222,TP
Haryana,Sonipat,2025-11-15,11,34.99,+5d,2.0,0,0.4984393939393938,1,0.2822222222222222,FP
Haryana,Sonipat,2025-11-16,16,63.61,+5d,0.0,0,0.4807102272727272,1,0.2822222222222222,FP
Haryana,Sonipat,2025-11-17,8,27.08,+5d,5.0,1,0.37251975108225105,1,0.2822222222222222,TP
Haryana,Sonipat,2025-11-18,2,7.31,+5d,12.0,1,0.278,0,0.2822222222222222,FN
Haryana,Sonipat,2025-11-19,4,20.27,+5d,1.0,0,0.38040476190476186,1,0.2822222222222222,FP
Haryana,Sonipat,2025-11-20,2,1.2400000000000002,+5d,0.0,0,0.08483333333333334,0,0.2822222222222222,TN
Haryana,Sonipat,2025-11-21,0,0.0,+5d,8.0,1,0.2423799603174603,0,0.2822222222222222,FN
Haryana,Sonipat,2025-11-22,5,14.0,+5d,4.0,1,0.2855892857142857,1,0.2822222222222222,TP
Haryana,Sonipat,2025-11-23,12,33.33,+5d,0.0,0,0.42572023809523807,1,0.2822222222222222,FP
Haryana,Yamunanagar,2025-10-15,0,0.0,+5d,2.0,0,0.1348310335497835,0,0.2822222222222222,TN
Haryana,Yamunanagar,2025-10-16,4,15.06,+5d,0.0,0,0.3491996753246752,1,0.2822222222222222,FP
Haryana,Yamunanagar,2025-10-17,0,0.0,+5d,1.0,0,0.41057738095238105,1,0.2822222222222222,FP
Haryana,Yamunanagar,2025-10-18,2,2.39,+5d,0.0,0,0.17850000000000005,0,0.2822222222222222,TN
Haryana,Yamunanagar,2025-10-19,1,3.86,+5d,0.0,0,0.3949107142857142,1,0.2822222222222222,FP
Haryana,Yamunanagar,2025-10-20,2,7.58,+5d,0.0,0,0.3347440476190476,1,0.2822222222222222,FP
Haryana,Yamunanagar,2025-10-21,0,0.0,+5d,0.0,0,0.4327208485958486,1,0.2822222222222222,FP
Haryana,Yamunanagar,2025-10-22,1,1.44,+5d,0.0,0,0.20863541666666674,0,0.2822222222222222,TN
Haryana,Yamunanagar,2025-10-23,0,0.0,+5d,0.0,0,0.3658869047619048,1,0.2822222222222222,FP
Haryana,Yamunanagar,2025-10-24,0,0.0,+5d,1.0,0,0.05112499999999999,0,0.2822222222222222,TN
Haryana,Yamunanagar,2025-10-25,0,0.0,+5d,0.0,0,0.1844345238095238,0,0.2822222222222222,TN
Haryana,Yamunanagar,2025-10-26,0,0.0,+5d,0.0,0,0.10953124999999998,0,0.2822222222222222,TN
Haryana,Yamunanagar,2025-10-27,0,0.0,+5d,1.0,0,0.27899999999999997,0,0.2822222222222222,TN
Haryana,Yamunanagar,2025-10-28,0,0.0,+5d,5.0,1,0.06076609848484848,0,0.2822222222222222,FN
Haryana,Yamunanagar,2025-10-29,1,0.38,+5d,3.0,1,0.07477232142857143,0,0.2822222222222222,FN
Haryana,Yamunanagar,2025-10-30,0,0.0,+5d,0.0,0,0.11439583333333335,0,0.2822222222222222,TN
Haryana,Yamunanagar,2025-10-31,0,0.0,+5d,0.0,0,0.09584523809523807,0,0.2822222222222222,TN
Haryana,Yamunanagar,2025-11-01,1,5.48,+5d,0.0,0,0.1630535714285714,0,0.2822222222222222,TN
Haryana,Yamunanagar,2025-11-02,5,8.93,+5d,0.0,0,0.1568452380952381,0,0.2822222222222222,TN
Haryana,Yamunanagar,2025-11-03,3,9.27,+5d,0.0,0,0.3508125,1,0.2822222222222222,FP
Haryana,Yamunanagar,2025-11-04,0,0.0,+5d,0.0,0,0.2873214285714286,1,0.2822222222222222,FP
Haryana,Yamunanagar,2025-11-05,0,0.0,+5d,0.0,0,0.42012797619047626,1,0.2822222222222222,FP
Haryana,Yamunanagar,2025-11-06,0,0.0,+5d,0.0,0,0.2956666666666668,1,0.2822222222222222,FP
Haryana,Yamunanagar,2025-11-07,0,0.0,+5d,0.0,0,0.057374999999999995,0,0.2822222222222222,TN
Haryana,Yamunanagar,2025-11-08,0,0.0,+5d,0.0,0,0.0996547619047619,0,0.2822222222222222,TN
Haryana,Yamunanagar,2025-11-09,0,0.0,+5d,0.0,0,0.11458134920634919,0,0.2822222222222222,TN
Haryana,Yamunanagar,2025-11-10,0,0.0,+5d,2.0,0,0.07331349206349208,0,0.2822222222222222,TN
Haryana,Yamunanagar,2025-11-11,0,0.0,+5d,0.0,0,0.00375,0,0.2822222222222222,TN
Haryana,Yamunanagar,2025-11-12,0,0.0,+5d,0.0,0,0.004583333333333333,0,0.2822222222222222,TN
Haryana,Yamunanagar,2025-11-13,0,0.0,+5d,0.0,0,0.0075,0,0.2822222222222222,TN
Haryana,Yamunanagar,2025-11-14,0,0.0,+5d,0.0,0,0.00375,0,0.2822222222222222,TN
Haryana,Yamunanagar,2025-11-15,2,4.6,+5d,0.0,0,0.025916666666666668,0,0.2822222222222222,TN
Haryana,Yamunanagar,2025-11-16,0,0.0,+5d,0.0,0,0.07569642857142857,0,0.2822222222222222,TN
Haryana,Yamunanagar,2025-11-17,0,0.0,+5d,0.0,0,0.055300595238095225,0,0.2822222222222222,TN
Haryana,Yamunanagar,2025-11-18,0,0.0,+5d,1.0,0,0.05677380952380951,0,0.2822222222222222,TN
Haryana,Yamunanagar,2025-11-19,0,0.0,+5d,0.0,0,0.010083333333333333,0,0.2822222222222222,TN
Haryana,Yamunanagar,2025-11-20,0,0.0,+5d,2.0,0,0.012750000000000001,0,0.2822222222222222,TN
Haryana,Yamunanagar,2025-11-21,0,0.0,+5d,1.0,0,0.0075,0,0.2822222222222222,TN
Haryana,Yamunanagar,2025-11-22,0,0.0,+5d,2.0,0,0.10975595238095238,0,0.2822222222222222,TN
Haryana,Yamunanagar,2025-11-23,1,1.39,+5d,1.0,0,0.013836247086247087,0,0.2822222222222222,TN
Punjab,Amritsar,2025-10-15,12,35.05,+5d,20.0,1,0.8761041666666669,1,0.2822222222222222,TP
Punjab,Amritsar,2025-10-16,16,68.16,+5d,19.0,1,0.9631666666666666,1,0.2822222222222222,TP
Punjab,Amritsar,2025-10-17,8,32.87,+5d,22.0,1,0.8645,1,0.2822222222222222,TP
Punjab,Amritsar,2025-10-18,6,21.91,+5d,16.0,1,0.8695208333333332,1,0.2822222222222222,TP
Punjab,Amritsar,2025-10-19,45,240.68,+5d,1.0,0,0.9406666666666668,1,0.2822222222222222,FP
Punjab,Amritsar,2025-10-20,20,92.65,+5d,13.0,1,0.961125,1,0.2822222222222222,TP
Punjab,Amritsar,2025-10-21,19,88.28,+5d,22.0,1,0.9816666666666667,1,0.2822222222222222,TP
Punjab,Amritsar,2025-10-22,22,118.74,+5d,24.0,1,0.9905833333333334,1,0.2822222222222222,TP
Punjab,Amritsar,2025-10-23,16,66.03,+5d,6.0,1,0.9751666666666665,1,0.2822222222222222,TP
Punjab,Amritsar,2025-10-24,1,2.08,+5d,7.0,1,0.8691785714285715,1,0.2822222222222222,TP
Punjab,Amritsar,2025-10-25,13,47.41,+5d,23.0,1,0.9145416666666667,1,0.2822222222222222,TP
Punjab,Amritsar,2025-10-26,22,98.56,+5d,27.0,1,0.9446249999999999,1,0.2822222222222222,TP
Punjab,Amritsar,2025-10-27,24,90.37,+5d,37.0,1,0.9820833333333334,1,0.2822222222222222,TP
Punjab,Amritsar,2025-10-28,6,33.58,+5d,28.0,1,0.9252916666666665,1,0.2822222222222222,TP
Punjab,Amritsar,2025-10-29,7,37.73,+5d,9.0,1,0.8995833333333334,1,0.2822222222222222,TP
Punjab,Amritsar,2025-10-30,23,143.86,+5d,26.0,1,0.9277083333333335,1,0.2822222222222222,TP
Punjab,Amritsar,2025-10-31,27,94.06,+5d,29.0,1,0.9591666666666667,1,0.2822222222222222,TP
Punjab,Amritsar,2025-11-01,37,118.21,+5d,23.0,1,0.8358214285714286,1,0.2822222222222222,TP
Punjab,Amritsar,2025-11-02,28,109.47,+5d,8.0,1,0.9472916666666665,1,0.2822222222222222,TP
Punjab,Amritsar,2025-11-03,9,30.4,+5d,13.0,1,0.7861874999999998,1,0.2822222222222222,TP
Punjab,Amritsar,2025-11-04,26,112.51,+5d,15.0,1,0.9010416666666669,1,0.2822222222222222,TP
Punjab,Amritsar,2025-11-05,29,131.59,+5d,9.0,1,0.8021904761904763,1,0.2822222222222222,TP
Punjab,Amritsar,2025-11-06,23,109.0,+5d,7.0,1,0.6287727272727271,1,0.2822222222222222,TP
Punjab,Amritsar,2025-11-07,8,31.31,+5d,4.0,1,0.7226428571428575,1,0.2822222222222222,TP
Punjab,Amritsar,2025-11-08,13,70.85,+5d,2.0,0,0.713501893939394,1,0.2822222222222222,FP
Punjab,Amritsar,2025-11-09,15,46.38,+5d,2.0,0,0.684314393939394,1,0.2822222222222222,FP
Punjab,Amritsar,2025-11-10,9,34.5,+5d,2.0,0,0.5658977272727274,1,0.2822222222222222,FP
Punjab,Amritsar,2025-11-11,7,14.15,+5d,6.0,1,0.4928917748917748,1,0.2822222222222222,TP
Punjab,Amritsar,2025-11-12,4,9.57,+5d,0.0,0,0.4617083333333334,1,0.2822222222222222,FP
Punjab,Amritsar,2025-11-13,2,5.67,+5d,0.0,0,0.42300000000000004,1,0.2822222222222222,FP
Punjab,Amritsar,2025-11-14,2,10.12,+5d,0.0,0,0.3117440476190477,1,0.2822222222222222,FP
Punjab,Amritsar,2025-11-15,2,8.0,+5d,0.0,0,0.3570654761904761,1,0.2822222222222222,FP
Punjab,Amritsar,2025-11-16,6,30.14,+5d,0.0,0,0.5051845238095237,1,0.2822222222222222,FP
Punjab,Amritsar,2025-11-17,0,0.0,+5d,1.0,0,0.32277083333333323,1,0.2822222222222222,FP
Punjab,Amritsar,2025-11-18,0,0.0,+5d,4.0,1,0.25086309523809525,0,0.2822222222222222,FN
Punjab,Amritsar,2025-11-19,0,0.0,+5d,0.0,0,0.24908333333333327,0,0.2822222222222222,TN
Punjab,Amritsar,2025-11-20,0,0.0,+5d,0.0,0,0.1193630952380952,0,0.2822222222222222,TN
Punjab,Amritsar,2025-11-21,0,0.0,+5d,0.0,0,0.14720238095238097,0,0.2822222222222222,TN
Punjab,Amritsar,2025-11-22,1,3.81,+5d,0.0,0,0.14694047619047618,0,0.2822222222222222,TN
Punjab,Amritsar,2025-11-23,4,13.1,+5d,0.0,0,0.26968452380952385,0,0.2822222222222222,TN
Punjab,Barnala,2025-10-15,0,0.0,+5d,0.0,0,0.1557223718092252,0,0.2822222222222222,TN
Punjab,Barnala,2025-10-16,0,0.0,+5d,0.0,0,0.13583817267502613,0,0.2822222222222222,TN
Punjab,Barnala,2025-10-17,0,0.0,+5d,0.0,0,0.31194699302134654,1,0.2822222222222222,FP
Punjab,Barnala,2025-10-18,0,0.0,+5d,0.0,0,0.17143638696074043,0,0.2822222222222222,TN
Punjab,Barnala,2025-10-19,0,0.0,+5d,0.0,0,0.26300198108883466,0,0.2822222222222222,TN
Punjab,Barnala,2025-10-20,0,0.0,+5d,0.0,0,0.2956151738901853,1,0.2822222222222222,FP
Punjab,Barnala,2025-10-21,0,0.0,+5d,3.0,1,0.3799493760549795,1,0.2822222222222222,TP
Punjab,Barnala,2025-10-22,0,0.0,+5d,2.0,0,0.3347140633692991,1,0.2822222222222222,FP
Punjab,Barnala,2025-10-23,0,0.0,+5d,1.0,0,0.25915834070144417,0,0.2822222222222222,TN
Punjab,Barnala,2025-10-24,0,0.0,+5d,3.0,1,0.24207149698960045,0,0.2822222222222222,FN
Punjab,Barnala,2025-10-25,0,0.0,+5d,3.0,1,0.19134116664742798,0,0.2822222222222222,FN
Punjab,Barnala,2025-10-26,3,7.86,+5d,6.0,1,0.48260416666666656,1,0.2822222222222222,TP
Punjab,Barnala,2025-10-27,2,7.640000000000001,+5d,10.0,1,0.5033045634920635,1,0.2822222222222222,TP
Punjab,Barnala,2025-10-28,1,4.59,+5d,8.0,1,0.5613681239737275,1,0.2822222222222222,TP
Punjab,Barnala,2025-10-29,3,16.8,+5d,6.0,1,0.7747142857142858,1,0.2822222222222222,TP
Punjab,Barnala,2025-10-30,3,18.94,+5d,12.0,1,0.7346250000000001,1,0.2822222222222222,TP
Punjab,Barnala,2025-10-31,6,37.17,+5d,2.0,0,0.8327797619047617,1,0.2822222222222222,FP
Punjab,Barnala,2025-11-01,10,56.52,+5d,1.0,0,0.7182380952380953,1,0.2822222222222222,FP
Punjab,Barnala,2025-11-02,8,45.7,+5d,0.0,0,0.6037202380952383,1,0.2822222222222222,FP
Punjab,Barnala,2025-11-03,6,37.37,+5d,2.0,0,0.5721130952380953,1,0.2822222222222222,FP
Punjab,Barnala,2025-11-04,12,124.62,+5d,4.0,1,0.7839642857142859,1,0.2822222222222222,TP
Punjab,Barnala,2025-11-05,2,10.62,+5d,8.0,1,0.5790833333333335,1,0.2822222222222222,TP
Punjab,Barnala,2025-11-06,1,1.65,+5d,2.0,0,0.3619821428571428,1,0.2822222222222222,FP
Punjab,Barnala,2025-11-07,0,0.0,+5d,2.0,0,0.447702380952381,1,0.2822222222222222,FP
Punjab,Barnala,2025-11-08,2,4.4,+5d,2.0,0,0.3088888888888889,1,0.2822222222222222,FP
Punjab,Barnala,2025-11-09,4,11.85,+5d,1.0,0,0.4216249999999999,1,0.2822222222222222,FP
Punjab,Barnala,2025-11-10,8,38.44,+5d,5.0,1,0.6226298701298701,1,0.2822222222222222,TP
Punjab,Barnala,2025-11-11,2,5.19,+5d,1.0,0,0.40058333333333324,1,0.2822222222222222,FP
Punjab,Barnala,2025-11-12,2,39.4,+5d,0.0,0,0.4600833333333332,1,0.2822222222222222,FP
Punjab,Barnala,2025-11-13,2,15.18,+5d,0.0,0,0.45628273809523806,1,0.2822222222222222,FP
Punjab,Barnala,2025-11-14,1,3.39,+5d,0.0,0,0.3486249999999999,1,0.2822222222222222,FP
Punjab,Barnala,2025-11-15,5,33.09,+5d,0.0,0,0.4438977272727272,1,0.2822222222222222,FP
Punjab,Barnala,2025-11-16,1,1.66,+5d,0.0,0,0.30660714285714274,1,0.2822222222222222,FP
Punjab,Barnala,2025-11-17,0,0.0,+5d,0.0,0,0.22050297619047624,0,0.2822222222222222,TN
Punjab,Barnala,2025-11-18,0,0.0,+5d,0.0,0,0.2781666666666666,0,0.2822222222222222,TN
Punjab,Barnala,2025-11-19,0,0.0,+5d,0.0,0,0.24091369047619055,0,0.2822222222222222,TN
Punjab,Barnala,2025-11-20,0,0.0,+5d,0.0,0,0.20793452380952382,0,0.2822222222222222,TN
Punjab,Barnala,2025-11-21,0,0.0,+5d,0.0,0,0.029041666666666664,0,0.2822222222222222,TN
Punjab,Barnala,2025-11-22,0,0.0,+5d,0.0,0,0.25416071428571435,0,0.2822222222222222,TN
Punjab,Barnala,2025-11-23,0,0.0,+5d,0.0,0,0.043217199467199464,0,0.2822222222222222,TN
Punjab,Bathinda,2025-10-15,1,1.18,+5d,5.0,1,0.2766577073070608,0,0.2822222222222222,FN
Punjab,Bathinda,2025-10-16,0,0.0,+5d,2.0,0,0.1851725882594417,0,0.2822222222222222,TN
Punjab,Bathinda,2025-10-17,4,63.8,+5d,17.0,1,0.5309722906403942,1,0.2822222222222222,TP
Punjab,Bathinda,2025-10-18,0,0.0,+5d,3.0,1,0.43529967159277505,1,0.2822222222222222,TP
Punjab,Bathinda,2025-10-19,0,0.0,+5d,4.0,1,0.390875496031746,1,0.2822222222222222,TP
Punjab,Bathinda,2025-10-20,5,17.72,+5d,7.0,1,0.5715565476190476,1,0.2822222222222222,TP
Punjab,Bathinda,2025-10-21,2,4.890000000000001,+5d,13.0,1,0.611904761904762,1,0.2822222222222222,TP
Punjab,Bathinda,2025-10-22,17,87.66,+5d,8.0,1,0.8165148809523811,1,0.2822222222222222,TP
Punjab,Bathinda,2025-10-23,3,19.55,+5d,9.0,1,0.6851101190476189,1,0.2822222222222222,TP
Punjab,Bathinda,2025-10-24,4,28.48,+5d,13.0,1,0.763589285714286,1,0.2822222222222222,TP
Punjab,Bathinda,2025-10-25,7,29.89,+5d,18.0,1,0.7465327380952381,1,0.2822222222222222,TP
Punjab,Bathinda,2025-10-26,13,74.64,+5d,41.0,1,0.8602916666666666,1,0.2822222222222222,TP
Punjab,Bathinda,2025-10-27,8,43.22,+5d,26.0,1,0.7611666666666665,1,0.2822222222222222,TP
Punjab,Bathinda,2025-10-28,9,58.940000000000005,+5d,30.0,1,0.8640416666666667,1,0.2822222222222222,TP
Punjab,Bathinda,2025-10-29,13,140.1,+5d,17.0,1,0.8815416666666668,1,0.2822222222222222,TP
Punjab,Bathinda,2025-10-30,18,127.21,+5d,27.0,1,0.9137499999999998,1,0.2822222222222222,TP
Punjab,Bathinda,2025-10-31,41,315.65000000000003,+5d,12.0,1,0.9534166666666667,1,0.2822222222222222,TP
Punjab,Bathinda,2025-11-01,26,202.89,+5d,24.0,1,0.81875,1,0.2822222222222222,TP
Punjab,Bathinda,2025-11-02,30,221.48,+5d,41.0,1,0.765625,1,0.2822222222222222,TP
Punjab,Bathinda,2025-11-03,17,79.41,+5d,20.0,1,0.809875,1,0.2822222222222222,TP
Punjab,Bathinda,2025-11-04,27,125.34,+5d,18.0,1,0.8991607142857144,1,0.2822222222222222,TP
Punjab,Bathinda,2025-11-05,12,44.44,+5d,35.0,1,0.762291666666667,1,0.2822222222222222,TP
Punjab,Bathinda,2025-11-06,24,116.88,+5d,32.0,1,0.5591250000000001,1,0.2822222222222222,TP
Punjab,Bathinda,2025-11-07,41,237.32,+5d,15.0,1,0.7101011904761906,1,0.2822222222222222,TP
Punjab,Bathinda,2025-11-08,20,100.05,+5d,14.0,1,0.7895833333333333,1,0.2822222222222222,TP
Punjab,Bathinda,2025-11-09,18,112.56,+5d,20.0,1,0.7456666666666666,1,0.2822222222222222,TP
Punjab,Bathinda,2025-11-10,35,228.03,+5d,11.0,1,0.8603333333333333,1,0.2822222222222222,TP
Punjab,Bathinda,2025-11-11,32,118.04,+5d,37.0,1,0.8655000000000002,1,0.2822222222222222,TP
Punjab,Bathinda,2025-11-12,15,44.18,+5d,13.0,1,0.7808749999999999,1,0.2822222222222222,TP
Punjab,Bathinda,2025-11-13,14,69.72,+5d,6.0,1,0.7973709415584416,1,0.2822222222222222,TP
Punjab,Bathinda,2025-11-14,20,112.79,+5d,6.0,1,0.8358560606060608,1,0.2822222222222222,TP
Punjab,Bathinda,2025-11-15,11,34.54,+5d,7.0,1,0.6339315476190478,1,0.2822222222222222,TP
Punjab,Bathinda,2025-11-16,37,147.55,+5d,8.0,1,0.683327380952381,1,0.2822222222222222,TP
Punjab,Bathinda,2025-11-17,13,55.79,+5d,7.0,1,0.7064940476190477,1,0.2822222222222222,TP
Punjab,Bathinda,2025-11-18,6,25.15,+5d,1.0,0,0.5294761904761905,1,0.2822222222222222,FP
Punjab,Bathinda,2025-11-19,6,39.8,+5d,1.0,0,0.5484512987012987,1,0.2822222222222222,FP
Punjab,Bathinda,2025-11-20,7,21.46,+5d,0.0,0,0.22001190476190474,0,0.2822222222222222,TN
Punjab,Bathinda,2025-11-21,8,30.63,+5d,1.0,0,0.27639285714285716,0,0.2822222222222222,TN
Punjab,Bathinda,2025-11-22,7,37.75,+5d,1.0,0,0.17799999999999996,0,0.2822222222222222,TN
Punjab,Bathinda,2025-11-23,1,1.89,+5d,0.0,0,0.15707738095238097,0,0.2822222222222222,TN
Punjab,Faridkot,2025-10-15,0,0.0,+5d,0.0,0,0.1430497527616062,0,0.2822222222222222,TN
Punjab,Faridkot,2025-10-16,1,2.22,+5d,2.0,0,0.47394444444444445,1,0.2822222222222222,FP
Punjab,Faridkot,2025-10-17,1,5.47,+5d,5.0,1,0.5215764573070608,1,0.2822222222222222,TP
Punjab,Faridkot,2025-10-18,0,0.0,+5d,1.0,0,0.34017715175150515,1,0.2822222222222222,FP
Punjab,Faridkot,2025-10-19,1,5.6,+5d,2.0,0,0.48874907635467985,1,0.2822222222222222,FP
Punjab,Faridkot,2025-10-20,0,0.0,+5d,5.0,1,0.41823701611100167,1,0.2822222222222222,TP
Punjab,Faridkot,2025-10-21,2,7.15,+5d,5.0,1,0.6635297619047619,1,0.2822222222222222,TP
Punjab,Faridkot,2025-10-22,5,24.04,+5d,3.0,1,0.8129771062271063,1,0.2822222222222222,TP
Punjab,Faridkot,2025-10-23,1,6.57,+5d,2.0,0,0.5953356227106229,1,0.2822222222222222,FP
Punjab,Faridkot,2025-10-24,2,5.51,+5d,9.0,1,0.5198948412698411,1,0.2822222222222222,TP
Punjab,Faridkot,2025-10-25,5,26.76,+5d,5.0,1,0.771339285714286,1,0.2822222222222222,TP
Punjab,Faridkot,2025-10-26,5,17.33,+5d,9.0,1,0.8682083333333332,1,0.2822222222222222,TP
Punjab,Faridkot,2025-10-27,3,11.5,+5d,4.0,1,0.7127976190476191,1,0.2822222222222222,TP
Punjab,Faridkot,2025-10-28,2,8.79,+5d,8.0,1,0.6086041666666666,1,0.2822222222222222,TP
Punjab,Faridkot,2025-10-29,9,88.17,+5d,0.0,0,0.8447083333333333,1,0.2822222222222222,FP
Punjab,Faridkot,2025-10-30,5,17.3,+5d,11.0,1,0.7593333333333334,1,0.2822222222222222,TP
Punjab,Faridkot,2025-10-31,9,39.27,+5d,12.0,1,0.821363095238095,1,0.2822222222222222,TP
Punjab,Faridkot,2025-11-01,4,28.95,+5d,19.0,1,0.4725297619047619,1,0.2822222222222222,TP
Punjab,Faridkot,2025-11-02,8,50.22,+5d,8.0,1,0.48582142857142846,1,0.2822222222222222,TP
Punjab,Faridkot,2025-11-03,0,0.0,+5d,15.0,1,0.3876785714285714,1,0.2822222222222222,TP
Punjab,Faridkot,2025-11-04,11,61.760000000000005,+5d,20.0,1,0.7093928571428569,1,0.2822222222222222,TP
Punjab,Faridkot,2025-11-05,12,48.12,+5d,3.0,1,0.6056488095238097,1,0.2822222222222222,TP
Punjab,Faridkot,2025-11-06,19,138.35,+5d,9.0,1,0.6142916666666667,1,0.2822222222222222,TP
Punjab,Faridkot,2025-11-07,8,23.32,+5d,3.0,1,0.6410405844155845,1,0.2822222222222222,TP
Punjab,Faridkot,2025-11-08,15,90.21,+5d,4.0,1,0.7580357142857143,1,0.2822222222222222,TP
Punjab,Faridkot,2025-11-09,20,190.47,+5d,0.0,0,0.8944940476190476,1,0.2822222222222222,FP
Punjab,Faridkot,2025-11-10,3,10.91,+5d,2.0,0,0.6271250000000002,1,0.2822222222222222,FP
Punjab,Faridkot,2025-11-11,9,65.49,+5d,7.0,1,0.6531607142857143,1,0.2822222222222222,TP
Punjab,Faridkot,2025-11-12,3,11.0,+5d,4.0,1,0.5487142857142859,1,0.2822222222222222,TP
Punjab,Faridkot,2025-11-13,4,12.6,+5d,0.0,0,0.3756696428571428,1,0.2822222222222222,FP
Punjab,Faridkot,2025-11-14,0,0.0,+5d,2.0,0,0.30652380952380953,1,0.2822222222222222,FP
Punjab,Faridkot,2025-11-15,2,6.69,+5d,2.0,0,0.3135595238095238,1,0.2822222222222222,FP
Punjab,Faridkot,2025-11-16,7,34.44,+5d,0.0,0,0.4122251082251082,1,0.2822222222222222,FP
Punjab,Faridkot,2025-11-17,4,30.05,+5d,0.0,0,0.5106726190476192,1,0.2822222222222222,FP
Punjab,Faridkot,2025-11-18,0,0.0,+5d,0.0,0,0.3424583333333333,1,0.2822222222222222,FP
Punjab,Faridkot,2025-11-19,2,17.740000000000002,+5d,0.0,0,0.3269642857142857,1,0.2822222222222222,FP
Punjab,Faridkot,2025-11-20,2,11.43,+5d,0.0,0,0.21472023809523808,0,0.2822222222222222,TN
Punjab,Faridkot,2025-11-21,0,0.0,+5d,0.0,0,0.22466666666666663,0,0.2822222222222222,TN
Punjab,Faridkot,2025-11-22,0,0.0,+5d,0.0,0,0.1830737179487179,0,0.2822222222222222,TN
Punjab,Faridkot,2025-11-23,0,0.0,+5d,0.0,0,0.22519642857142863,0,0.2822222222222222,TN
Punjab,Fatehgarh Sahib,2025-10-15,0,0.0,+5d,1.0,0,0.14219838191023534,0,0.2822222222222222,TN
Punjab,Fatehgarh Sahib,2025-10-16,0,0.0,+5d,6.0,1,0.14440473111658456,0,0.2822222222222222,FN
Punjab,Fatehgarh Sahib,2025-10-17,0,0.0,+5d,2.0,0,0.2052291358784894,0,0.2822222222222222,TN
Punjab,Fatehgarh Sahib,2025-10-18,0,0.0,+5d,0.0,0,0.22200781553216903,0,0.2822222222222222,TN
Punjab,Fatehgarh Sahib,2025-10-19,4,20.89,+5d,0.0,0,0.575962550380654,1,0.2822222222222222,FP
Punjab,Fatehgarh Sahib,2025-10-20,1,1.79,+5d,0.0,0,0.5660538766788767,1,0.2822222222222222,FP
Punjab,Fatehgarh Sahib,2025-10-21,6,26.86,+5d,14.0,1,0.7995318144499182,1,0.2822222222222222,TP
Punjab,Fatehgarh Sahib,2025-10-22,2,12.03,+5d,3.0,1,0.7242440476190475,1,0.2822222222222222,TP
Punjab,Fatehgarh Sahib,2025-10-23,0,0.0,+5d,4.0,1,0.5284722222222222,1,0.2822222222222222,TP
Punjab,Fatehgarh Sahib,2025-10-24,0,0.0,+5d,3.0,1,0.47852287581699343,1,0.2822222222222222,TP
Punjab,Fatehgarh Sahib,2025-10-25,0,0.0,+5d,0.0,0,0.4517421319102354,1,0.2822222222222222,FP
Punjab,Fatehgarh Sahib,2025-10-26,14,44.94,+5d,5.0,1,0.8030089285714284,1,0.2822222222222222,TP
Punjab,Fatehgarh Sahib,2025-10-27,3,49.03,+5d,8.0,1,0.6883095238095239,1,0.2822222222222222,TP
Punjab,Fatehgarh Sahib,2025-10-28,4,19.14,+5d,5.0,1,0.7724315476190479,1,0.2822222222222222,TP
Punjab,Fatehgarh Sahib,2025-10-29,3,33.61,+5d,1.0,0,0.78775,1,0.2822222222222222,FP
Punjab,Fatehgarh Sahib,2025-10-30,0,0.0,+5d,3.0,1,0.500951388888889,1,0.2822222222222222,TP
Punjab,Fatehgarh Sahib,2025-10-31,5,28.4,+5d,6.0,1,0.6857500000000001,1,0.2822222222222222,TP
Punjab,Fatehgarh Sahib,2025-11-01,8,57.0,+5d,6.0,1,0.7891666666666665,1,0.2822222222222222,TP
Punjab,Fatehgarh Sahib,2025-11-02,5,30.47,+5d,8.0,1,0.6130416666666666,1,0.2822222222222222,TP
Punjab,Fatehgarh Sahib,2025-11-03,1,4.68,+5d,8.0,1,0.36877976190476197,1,0.2822222222222222,TP
Punjab,Fatehgarh Sahib,2025-11-04,3,19.16,+5d,5.0,1,0.602315476190476,1,0.2822222222222222,TP
Punjab,Fatehgarh Sahib,2025-11-05,6,19.16,+5d,1.0,0,0.48166666666666663,1,0.2822222222222222,FP
Punjab,Fatehgarh Sahib,2025-11-06,6,9.41,+5d,3.0,1,0.46300000000000013,1,0.2822222222222222,TP
Punjab,Fatehgarh Sahib,2025-11-07,8,23.52,+5d,1.0,0,0.3583024891774892,1,0.2822222222222222,FP
Punjab,Fatehgarh Sahib,2025-11-08,8,33.71,+5d,0.0,0,0.3272727272727272,1,0.2822222222222222,FP
Punjab,Fatehgarh Sahib,2025-11-09,5,24.72,+5d,2.0,0,0.4490048701298702,1,0.2822222222222222,FP
Punjab,Fatehgarh Sahib,2025-11-10,1,3.45,+5d,3.0,1,0.3664345238095237,1,0.2822222222222222,TP
Punjab,Fatehgarh Sahib,2025-11-11,3,7.37,+5d,4.0,1,0.28275,1,0.2822222222222222,TP
Punjab,Fatehgarh Sahib,2025-11-12,1,7.2,+5d,1.0,0,0.27853571428571433,0,0.2822222222222222,TN
Punjab,Fatehgarh Sahib,2025-11-13,0,0.0,+5d,1.0,0,0.2810714285714286,0,0.2822222222222222,TN
Punjab,Fatehgarh Sahib,2025-11-14,2,4.34,+5d,6.0,1,0.3280833333333334,1,0.2822222222222222,TP
Punjab,Fatehgarh Sahib,2025-11-15,3,6.069999999999999,+5d,3.0,1,0.34253571428571417,1,0.2822222222222222,TP
Punjab,Fatehgarh Sahib,2025-11-16,4,6.75,+5d,0.0,0,0.31423214285714285,1,0.2822222222222222,FP
Punjab,Fatehgarh Sahib,2025-11-17,1,3.37,+5d,0.0,0,0.26306547619047616,0,0.2822222222222222,TN
Punjab,Fatehgarh Sahib,2025-11-18,1,3.68,+5d,0.0,0,0.2462321428571429,0,0.2822222222222222,TN
Punjab,Fatehgarh Sahib,2025-11-19,6,22.45,+5d,0.0,0,0.3360654761904762,1,0.2822222222222222,FP
Punjab,Fatehgarh Sahib,2025-11-20,3,3.65,+5d,0.0,0,0.22416666666666665,0,0.2822222222222222,TN
Punjab,Fatehgarh Sahib,2025-11-21,0,0.0,+5d,0.0,0,0.1250416666666667,0,0.2822222222222222,TN
Punjab,Fatehgarh Sahib,2025-11-22,0,0.0,+5d,1.0,0,0.16149038461538465,0,0.2822222222222222,TN
Punjab,Fatehgarh Sahib,2025-11-23,0,0.0,+5d,0.0,0,0.14500595238095237,0,0.2822222222222222,TN
Punjab,Fazilka,2025-10-15,0,0.0,+5d,7.0,1,0.3944419642857142,1,0.2822222222222222,TP
Punjab,Fazilka,2025-10-16,2,8.14,+5d,4.0,1,0.5532440476190474,1,0.2822222222222222,TP
Punjab,Fazilka,2025-10-17,3,11.59,+5d,2.0,0,0.6811130952380953,1,0.2822222222222222,FP
Punjab,Fazilka,2025-10-18,0,0.0,+5d,0.0,0,0.5021451465201463,1,0.2822222222222222,FP
Punjab,Fazilka,2025-10-19,4,18.04,+5d,4.0,1,0.618735119047619,1,0.2822222222222222,TP
Punjab,Fazilka,2025-10-20,7,33.6,+5d,0.0,0,0.8127500000000001,1,0.2822222222222222,FP
Punjab,Fazilka,2025-10-21,4,18.44,+5d,7.0,1,0.8513422619047617,1,0.2822222222222222,TP
Punjab,Fazilka,2025-10-22,2,40.43,+5d,1.0,0,0.8214523809523808,1,0.2822222222222222,FP
Punjab,Fazilka,2025-10-23,0,0.0,+5d,2.0,0,0.4099285714285715,1,0.2822222222222222,FP
Punjab,Fazilka,2025-10-24,4,27.34,+5d,4.0,1,0.697205357142857,1,0.2822222222222222,TP
Punjab,Fazilka,2025-10-25,0,0.0,+5d,5.0,1,0.5020952380952383,1,0.2822222222222222,TP
Punjab,Fazilka,2025-10-26,7,29.8,+5d,10.0,1,0.8006875000000001,1,0.2822222222222222,TP
Punjab,Fazilka,2025-10-27,1,3.99,+5d,12.0,1,0.5817202380952381,1,0.2822222222222222,TP
Punjab,Fazilka,2025-10-28,2,11.98,+5d,13.0,1,0.5324434523809523,1,0.2822222222222222,TP
Punjab,Fazilka,2025-10-29,4,27.86,+5d,13.0,1,0.6831458333333333,1,0.2822222222222222,TP
Punjab,Fazilka,2025-10-30,5,24.56,+5d,16.0,1,0.837875,1,0.2822222222222222,TP
Punjab,Fazilka,2025-10-31,10,44.28,+5d,18.0,1,0.6438214285714284,1,0.2822222222222222,TP
Punjab,Fazilka,2025-11-01,12,57.93,+5d,25.0,1,0.6565833333333334,1,0.2822222222222222,TP
Punjab,Fazilka,2025-11-02,13,84.34,+5d,20.0,1,0.6419702380952381,1,0.2822222222222222,TP
Punjab,Fazilka,2025-11-03,13,134.76,+5d,24.0,1,0.7605059523809524,1,0.2822222222222222,TP
Punjab,Fazilka,2025-11-04,16,119.84,+5d,46.0,1,0.9086607142857145,1,0.2822222222222222,TP
Punjab,Fazilka,2025-11-05,18,102.75,+5d,17.0,1,0.7766666666666666,1,0.2822222222222222,TP
Punjab,Fazilka,2025-11-06,25,259.03000000000003,+5d,23.0,1,0.6576428571428572,1,0.2822222222222222,TP
Punjab,Fazilka,2025-11-07,20,154.25,+5d,14.0,1,0.7748511904761903,1,0.2822222222222222,TP
Punjab,Fazilka,2025-11-08,24,119.77,+5d,19.0,1,0.8243273809523809,1,0.2822222222222222,TP
Punjab,Fazilka,2025-11-09,46,255.47,+5d,29.0,1,0.9279166666666667,1,0.2822222222222222,TP
Punjab,Fazilka,2025-11-10,17,96.81,+5d,18.0,1,0.7904166666666665,1,0.2822222222222222,TP
Punjab,Fazilka,2025-11-11,23,189.2,+5d,29.0,1,0.8400833333333333,1,0.2822222222222222,TP
Punjab,Fazilka,2025-11-12,14,117.91,+5d,7.0,1,0.7973541666666667,1,0.2822222222222222,TP
Punjab,Fazilka,2025-11-13,19,143.35,+5d,3.0,1,0.8579166666666667,1,0.2822222222222222,TP
Punjab,Fazilka,2025-11-14,29,271.5,+5d,10.0,1,0.8008749999999999,1,0.2822222222222222,TP
Punjab,Fazilka,2025-11-15,18,61.9,+5d,1.0,0,0.7605654761904761,1,0.2822222222222222,FP
Punjab,Fazilka,2025-11-16,29,117.8,+5d,10.0,1,0.7156249999999998,1,0.2822222222222222,TP
Punjab,Fazilka,2025-11-17,7,33.87,+5d,4.0,1,0.6931190476190477,1,0.2822222222222222,TP
Punjab,Fazilka,2025-11-18,3,15.489999999999998,+5d,3.0,1,0.4834583333333334,1,0.2822222222222222,TP
Punjab,Fazilka,2025-11-19,10,25.72,+5d,0.0,0,0.5784751082251082,1,0.2822222222222222,FP
Punjab,Fazilka,2025-11-20,1,6.82,+5d,5.0,1,0.14373511904761904,0,0.2822222222222222,FN
Punjab,Fazilka,2025-11-21,10,59.63,+5d,1.0,0,0.2950178571428572,1,0.2822222222222222,FP
Punjab,Fazilka,2025-11-22,4,25.17,+5d,4.0,1,0.14202083333333335,0,0.2822222222222222,FN
Punjab,Fazilka,2025-11-23,3,33.96,+5d,2.0,0,0.2505535714285714,0,0.2822222222222222,TN
Punjab,Ferozepur,2025-10-15,3,12.61,+5d,18.0,1,0.7395684523809524,1,0.2822222222222222,TP
Punjab,Ferozepur,2025-10-16,9,81.17999999999999,+5d,31.0,1,0.9017708333333334,1,0.2822222222222222,TP
Punjab,Ferozepur,2025-10-17,7,33.97,+5d,18.0,1,0.8226934523809526,1,0.2822222222222222,TP
Punjab,Ferozepur,2025-10-18,10,29.47,+5d,5.0,1,0.8468154761904764,1,0.2822222222222222,TP
Punjab,Ferozepur,2025-10-19,7,76.3,+5d,7.0,1,0.8732083333333333,1,0.2822222222222222,TP
Punjab,Ferozepur,2025-10-20,18,144.3,+5d,12.0,1,0.8829583333333335,1,0.2822222222222222,TP
Punjab,Ferozepur,2025-10-21,31,177.18,+5d,25.0,1,0.9643750000000001,1,0.2822222222222222,TP
Punjab,Ferozepur,2025-10-22,18,137.65,+5d,14.0,1,0.9444166666666667,1,0.2822222222222222,TP
Punjab,Ferozepur,2025-10-23,5,19.84,+5d,10.0,1,0.8708839285714285,1,0.2822222222222222,TP
Punjab,Ferozepur,2025-10-24,7,31.76,+5d,27.0,1,0.875922619047619,1,0.2822222222222222,TP
Punjab,Ferozepur,2025-10-25,12,88.68,+5d,43.0,1,0.8750416666666666,1,0.2822222222222222,TP
Punjab,Ferozepur,2025-10-26,25,167.95,+5d,35.0,1,0.9460000000000002,1,0.2822222222222222,TP
Punjab,Ferozepur,2025-10-27,14,99.84,+5d,33.0,1,0.9591666666666668,1,0.2822222222222222,TP
Punjab,Ferozepur,2025-10-28,10,50.78,+5d,47.0,1,0.9116249999999999,1,0.2822222222222222,TP
Punjab,Ferozepur,2025-10-29,27,342.41,+5d,26.0,1,0.9765416666666666,1,0.2822222222222222,TP
Punjab,Ferozepur,2025-10-30,43,284.75,+5d,69.0,1,0.9787083333333332,1,0.2822222222222222,TP
Punjab,Ferozepur,2025-10-31,35,223.29,+5d,5.0,1,0.9694166666666666,1,0.2822222222222222,TP
Punjab,Ferozepur,2025-11-01,33,243.13,+5d,20.0,1,0.8219166666666665,1,0.2822222222222222,TP
Punjab,Ferozepur,2025-11-02,47,320.26,+5d,48.0,1,0.8726666666666667,1,0.2822222222222222,TP
Punjab,Ferozepur,2025-11-03,26,130.48,+5d,46.0,1,0.7833333333333334,1,0.2822222222222222,TP
Punjab,Ferozepur,2025-11-04,69,518.02,+5d,77.0,1,0.9285119047619048,1,0.2822222222222222,TP
Punjab,Ferozepur,2025-11-05,5,39.5,+5d,39.0,1,0.7180416666666669,1,0.2822222222222222,TP
Punjab,Ferozepur,2025-11-06,20,166.86,+5d,23.0,1,0.5900833333333333,1,0.2822222222222222,TP
Punjab,Ferozepur,2025-11-07,48,253.48,+5d,22.0,1,0.7168511904761904,1,0.2822222222222222,TP
Punjab,Ferozepur,2025-11-08,46,301.38,+5d,21.0,1,0.8378333333333332,1,0.2822222222222222,TP
Punjab,Ferozepur,2025-11-09,77,484.15,+5d,12.0,1,0.8960416666666668,1,0.2822222222222222,TP
Punjab,Ferozepur,2025-11-10,39,197.49,+5d,20.0,1,0.8764583333333333,1,0.2822222222222222,TP
Punjab,Ferozepur,2025-11-11,23,143.03,+5d,19.0,1,0.8015416666666667,1,0.2822222222222222,TP
Punjab,Ferozepur,2025-11-12,22,96.13,+5d,2.0,0,0.7242857142857143,1,0.2822222222222222,FP
Punjab,Ferozepur,2025-11-13,21,122.98,+5d,4.0,1,0.853,1,0.2822222222222222,TP
Punjab,Ferozepur,2025-11-14,12,70.94,+5d,1.0,0,0.750376893939394,1,0.2822222222222222,FP
Punjab,Ferozepur,2025-11-15,20,267.89,+5d,1.0,0,0.7556964285714287,1,0.2822222222222222,FP
Punjab,Ferozepur,2025-11-16,19,94.6,+5d,1.0,0,0.7501417748917748,1,0.2822222222222222,FP
Punjab,Ferozepur,2025-11-17,2,7.55,+5d,3.0,1,0.590625,1,0.2822222222222222,TP
Punjab,Ferozepur,2025-11-18,4,10.27,+5d,0.0,0,0.6204107142857144,1,0.2822222222222222,FP
Punjab,Ferozepur,2025-11-19,1,4.64,+5d,2.0,0,0.39875,1,0.2822222222222222,FP
Punjab,Ferozepur,2025-11-20,1,3.39,+5d,1.0,0,0.26179761904761906,0,0.2822222222222222,TN
Punjab,Ferozepur,2025-11-21,1,3.06,+5d,0.0,0,0.26598214285714294,0,0.2822222222222222,TN
Punjab,Ferozepur,2025-11-22,3,9.88,+5d,1.0,0,0.29355654761904765,1,0.2822222222222222,FP
Punjab,Ferozepur,2025-11-23,0,0.0,+5d,0.0,0,0.3149226190476191,1,0.2822222222222222,FP
Punjab,Gurdaspur,2025-10-15,0,0.0,+5d,10.0,1,0.560793956043956,1,0.2822222222222222,TP
Punjab,Gurdaspur,2025-10-16,1,3.49,+5d,11.0,1,0.6031591038272073,1,0.2822222222222222,TP
Punjab,Gurdaspur,2025-10-17,2,6.96,+5d,18.0,1,0.5272380952380953,1,0.2822222222222222,TP
Punjab,Gurdaspur,2025-10-18,3,11.97,+5d,5.0,1,0.527720802545156,1,0.2822222222222222,TP
Punjab,Gurdaspur,2025-10-19,4,9.85,+5d,4.0,1,0.7981428571428572,1,0.2822222222222222,TP
Punjab,Gurdaspur,2025-10-20,10,38.04,+5d,7.0,1,0.8316547619047617,1,0.2822222222222222,TP
Punjab,Gurdaspur,2025-10-21,11,53.23,+5d,23.0,1,0.8943749999999998,1,0.2822222222222222,TP
Punjab,Gurdaspur,2025-10-22,18,68.9,+5d,9.0,1,0.9598333333333333,1,0.2822222222222222,TP
Punjab,Gurdaspur,2025-10-23,5,11.48,+5d,5.0,1,0.819047619047619,1,0.2822222222222222,TP
Punjab,Gurdaspur,2025-10-24,4,15.14,+5d,0.0,0,0.8318958333333335,1,0.2822222222222222,FP
Punjab,Gurdaspur,2025-10-25,7,20.9,+5d,5.0,1,0.8276785714285714,1,0.2822222222222222,TP
Punjab,Gurdaspur,2025-10-26,23,92.27,+5d,10.0,1,0.9545,1,0.2822222222222222,TP
Punjab,Gurdaspur,2025-10-27,9,22.0,+5d,10.0,1,0.7542896825396826,1,0.2822222222222222,TP
Punjab,Gurdaspur,2025-10-28,5,21.13,+5d,6.0,1,0.7946666666666669,1,0.2822222222222222,TP
Punjab,Gurdaspur,2025-10-29,0,0.0,+5d,3.0,1,0.7162589285714286,1,0.2822222222222222,TP
Punjab,Gurdaspur,2025-10-30,5,31.75,+5d,5.0,1,0.64875,1,0.2822222222222222,TP
Punjab,Gurdaspur,2025-10-31,10,31.14,+5d,2.0,0,0.6497380952380951,1,0.2822222222222222,FP
Punjab,Gurdaspur,2025-11-01,10,37.7,+5d,6.0,1,0.6877916666666666,1,0.2822222222222222,TP
Punjab,Gurdaspur,2025-11-02,6,26.83,+5d,6.0,1,0.5275208333333332,1,0.2822222222222222,TP
Punjab,Gurdaspur,2025-11-03,3,10.03,+5d,5.0,1,0.4794166666666666,1,0.2822222222222222,TP
Punjab,Gurdaspur,2025-11-04,5,22.94,+5d,4.0,1,0.5815833333333335,1,0.2822222222222222,TP
Punjab,Gurdaspur,2025-11-05,2,4.93,+5d,12.0,1,0.4686617647058823,1,0.2822222222222222,TP
Punjab,Gurdaspur,2025-11-06,6,27.17,+5d,6.0,1,0.38150487012987006,1,0.2822222222222222,TP
Punjab,Gurdaspur,2025-11-07,6,15.24,+5d,2.0,0,0.3768441558441558,1,0.2822222222222222,FP
Punjab,Gurdaspur,2025-11-08,5,17.650000000000002,+5d,0.0,0,0.5973977272727273,1,0.2822222222222222,FP
Punjab,Gurdaspur,2025-11-09,4,15.5,+5d,0.0,0,0.37104464285714284,1,0.2822222222222222,FP
Punjab,Gurdaspur,2025-11-10,12,49.24,+5d,0.0,0,0.6155286796536797,1,0.2822222222222222,FP
Punjab,Gurdaspur,2025-11-11,6,18.61,+5d,1.0,0,0.38599296536796524,1,0.2822222222222222,FP
Punjab,Gurdaspur,2025-11-12,2,4.21,+5d,0.0,0,0.3826190476190476,1,0.2822222222222222,FP
Punjab,Gurdaspur,2025-11-13,0,0.0,+5d,0.0,0,0.3177023809523809,1,0.2822222222222222,FP
Punjab,Gurdaspur,2025-11-14,0,0.0,+5d,0.0,0,0.2667857142857143,0,0.2822222222222222,TN
Punjab,Gurdaspur,2025-11-15,0,0.0,+5d,0.0,0,0.2514107142857143,0,0.2822222222222222,TN
Punjab,Gurdaspur,2025-11-16,1,3.47,+5d,0.0,0,0.23539583333333333,0,0.2822222222222222,TN
Punjab,Gurdaspur,2025-11-17,0,0.0,+5d,1.0,0,0.23521428571428582,0,0.2822222222222222,TN
Punjab,Gurdaspur,2025-11-18,0,0.0,+5d,0.0,0,0.14927976190476192,0,0.2822222222222222,TN
Punjab,Gurdaspur,2025-11-19,0,0.0,+5d,0.0,0,0.05681043956043956,0,0.2822222222222222,TN
Punjab,Gurdaspur,2025-11-20,0,0.0,+5d,0.0,0,0.07908333333333335,0,0.2822222222222222,TN
Punjab,Gurdaspur,2025-11-21,0,0.0,+5d,0.0,0,0.06805952380952382,0,0.2822222222222222,TN
Punjab,Gurdaspur,2025-11-22,1,3.23,+5d,0.0,0,0.09523809523809522,0,0.2822222222222222,TN
Punjab,Gurdaspur,2025-11-23,0,0.0,+5d,0.0,0,0.06273024891774893,0,0.2822222222222222,TN
Punjab,Hoshiarpur,2025-10-15,0,0.0,+5d,0.0,0,0.13826106228541576,0,0.2822222222222222,TN
Punjab,Hoshiarpur,2025-10-16,0,0.0,+5d,1.0,0,0.17831341618151966,0,0.2822222222222222,TN
Punjab,Hoshiarpur,2025-10-17,0,0.0,+5d,1.0,0,0.18495526227402365,0,0.2822222222222222,TN
Punjab,Hoshiarpur,2025-10-18,0,0.0,+5d,0.0,0,0.24513281553216906,0,0.2822222222222222,TN
Punjab,Hoshiarpur,2025-10-19,0,0.0,+5d,3.0,1,0.3141807779863815,1,0.2822222222222222,TP
Punjab,Hoshiarpur,2025-10-20,0,0.0,+5d,1.0,0,0.2999739539989653,1,0.2822222222222222,FP
Punjab,Hoshiarpur,2025-10-21,1,2.05,+5d,3.0,1,0.6649582456575992,1,0.2822222222222222,TP
Punjab,Hoshiarpur,2025-10-22,1,1.95,+5d,1.0,0,0.6112004652435686,1,0.2822222222222222,FP
Punjab,Hoshiarpur,2025-10-23,0,0.0,+5d,1.0,0,0.1951568144499179,0,0.2822222222222222,TN
Punjab,Hoshiarpur,2025-10-24,3,8.99,+5d,2.0,0,0.34922229064039434,1,0.2822222222222222,FP
Punjab,Hoshiarpur,2025-10-25,1,3.5,+5d,1.0,0,0.7470407430213464,1,0.2822222222222222,FP
Punjab,Hoshiarpur,2025-10-26,3,8.4,+5d,7.0,1,0.6939880952380953,1,0.2822222222222222,TP
Punjab,Hoshiarpur,2025-10-27,1,1.99,+5d,11.0,1,0.5974265873015873,1,0.2822222222222222,TP
Punjab,Hoshiarpur,2025-10-28,1,1.76,+5d,2.0,0,0.40046137794198133,1,0.2822222222222222,FP
Punjab,Hoshiarpur,2025-10-29,2,9.41,+5d,0.0,0,0.6601904761904761,1,0.2822222222222222,FP
Punjab,Hoshiarpur,2025-10-30,1,4.77,+5d,3.0,1,0.5319484811165847,1,0.2822222222222222,TP
Punjab,Hoshiarpur,2025-10-31,7,13.48,+5d,1.0,0,0.6331527777777777,1,0.2822222222222222,FP
Punjab,Hoshiarpur,2025-11-01,11,59.01,+5d,0.0,0,0.7985416666666667,1,0.2822222222222222,FP
Punjab,Hoshiarpur,2025-11-02,2,4.35,+5d,0.0,0,0.5309166666666667,1,0.2822222222222222,FP
Punjab,Hoshiarpur,2025-11-03,0,0.0,+5d,0.0,0,0.4457103174603175,1,0.2822222222222222,FP
Punjab,Hoshiarpur,2025-11-04,3,9.78,+5d,0.0,0,0.5870119047619047,1,0.2822222222222222,FP
Punjab,Hoshiarpur,2025-11-05,1,0.53,+5d,1.0,0,0.37619946311858077,1,0.2822222222222222,FP
Punjab,Hoshiarpur,2025-11-06,0,0.0,+5d,4.0,1,0.32402976190476196,1,0.2822222222222222,TP
Punjab,Hoshiarpur,2025-11-07,0,0.0,+5d,1.0,0,0.3263273809523809,1,0.2822222222222222,FP
Punjab,Hoshiarpur,2025-11-08,0,0.0,+5d,1.0,0,0.3041666666666667,1,0.2822222222222222,FP
Punjab,Hoshiarpur,2025-11-09,0,0.0,+5d,0.0,0,0.12507142857142858,0,0.2822222222222222,TN
Punjab,Hoshiarpur,2025-11-10,1,3.59,+5d,1.0,0,0.1555535714285714,0,0.2822222222222222,TN
Punjab,Hoshiarpur,2025-11-11,4,13.02,+5d,0.0,0,0.46577976190476184,1,0.2822222222222222,FP
Punjab,Hoshiarpur,2025-11-12,1,2.58,+5d,1.0,0,0.2515238095238095,0,0.2822222222222222,TN
Punjab,Hoshiarpur,2025-11-13,1,4.07,+5d,1.0,0,0.23995238095238097,0,0.2822222222222222,TN
Punjab,Hoshiarpur,2025-11-14,0,0.0,+5d,1.0,0,0.3094757326007326,1,0.2822222222222222,FP
Punjab,Hoshiarpur,2025-11-15,1,5.82,+5d,0.0,0,0.2387321428571429,0,0.2822222222222222,TN
Punjab,Hoshiarpur,2025-11-16,0,0.0,+5d,0.0,0,0.18899404761904762,0,0.2822222222222222,TN
Punjab,Hoshiarpur,2025-11-17,1,2.83,+5d,0.0,0,0.10492857142857145,0,0.2822222222222222,TN
Punjab,Hoshiarpur,2025-11-18,1,3.42,+5d,0.0,0,0.24596428571428575,0,0.2822222222222222,TN
Punjab,Hoshiarpur,2025-11-19,1,3.11,+5d,2.0,0,0.14133333333333334,0,0.2822222222222222,TN
Punjab,Hoshiarpur,2025-11-20,0,0.0,+5d,0.0,0,0.1252063492063492,0,0.2822222222222222,TN
Punjab,Hoshiarpur,2025-11-21,0,0.0,+5d,2.0,0,0.06700396825396825,0,0.2822222222222222,TN
Punjab,Hoshiarpur,2025-11-22,0,0.0,+5d,1.0,0,0.09139285714285714,0,0.2822222222222222,TN
Punjab,Hoshiarpur,2025-11-23,0,0.0,+5d,0.0,0,0.052389818514818505,0,0.2822222222222222,TN
Punjab,Jalandhar,2025-10-15,0,0.0,+5d,2.0,0,0.23080561356746704,0,0.2822222222222222,TN
Punjab,Jalandhar,2025-10-16,0,0.0,+5d,3.0,1,0.3265373540492075,1,0.2822222222222222,TP
Punjab,Jalandhar,2025-10-17,4,14.38,+5d,4.0,1,0.4527226964845499,1,0.2822222222222222,TP
Punjab,Jalandhar,2025-10-18,2,9.96,+5d,1.0,0,0.6349308608058609,1,0.2822222222222222,FP
Punjab,Jalandhar,2025-10-19,0,0.0,+5d,0.0,0,0.5819626068376068,1,0.2822222222222222,FP
Punjab,Jalandhar,2025-10-20,2,9.15,+5d,8.0,1,0.5596213369963369,1,0.2822222222222222,TP
Punjab,Jalandhar,2025-10-21,3,16.41,+5d,12.0,1,0.8099487179487178,1,0.2822222222222222,TP
Punjab,Jalandhar,2025-10-22,4,15.63,+5d,8.0,1,0.8309345238095237,1,0.2822222222222222,TP
Punjab,Jalandhar,2025-10-23,1,2.67,+5d,6.0,1,0.7076379551820727,1,0.2822222222222222,TP
Punjab,Jalandhar,2025-10-24,0,0.0,+5d,12.0,1,0.6161488095238095,1,0.2822222222222222,TP
Punjab,Jalandhar,2025-10-25,8,94.87,+5d,5.0,1,0.8242916666666664,1,0.2822222222222222,TP
Punjab,Jalandhar,2025-10-26,12,45.35,+5d,13.0,1,0.8933750000000003,1,0.2822222222222222,TP
Punjab,Jalandhar,2025-10-27,8,36.98,+5d,18.0,1,0.8454255952380954,1,0.2822222222222222,TP
Punjab,Jalandhar,2025-10-28,6,29.52,+5d,15.0,1,0.8507916666666666,1,0.2822222222222222,TP
Punjab,Jalandhar,2025-10-29,12,42.22,+5d,5.0,1,0.9129166666666668,1,0.2822222222222222,TP
Punjab,Jalandhar,2025-10-30,5,25.29,+5d,9.0,1,0.6635833333333332,1,0.2822222222222222,TP
Punjab,Jalandhar,2025-10-31,13,70.91,+5d,8.0,1,0.854375,1,0.2822222222222222,TP
Punjab,Jalandhar,2025-11-01,18,79.67999999999999,+5d,11.0,1,0.8004821428571429,1,0.2822222222222222,TP
Punjab,Jalandhar,2025-11-02,15,97.69,+5d,16.0,1,0.8296666666666667,1,0.2822222222222222,TP
Punjab,Jalandhar,2025-11-03,5,47.65,+5d,5.0,1,0.7081964285714285,1,0.2822222222222222,TP
Punjab,Jalandhar,2025-11-04,9,61.24,+5d,9.0,1,0.788547619047619,1,0.2822222222222222,TP
Punjab,Jalandhar,2025-11-05,8,5.93,+5d,16.0,1,0.6506071428571432,1,0.2822222222222222,TP
Punjab,Jalandhar,2025-11-06,11,34.28,+5d,19.0,1,0.47120725108225125,1,0.2822222222222222,TP
Punjab,Jalandhar,2025-11-07,16,78.03,+5d,10.0,1,0.4069810606060605,1,0.2822222222222222,TP
Punjab,Jalandhar,2025-11-08,5,17.88,+5d,4.0,1,0.5203262987012988,1,0.2822222222222222,TP
Punjab,Jalandhar,2025-11-09,9,30.61,+5d,1.0,0,0.47456439393939404,1,0.2822222222222222,FP
Punjab,Jalandhar,2025-11-10,16,64.49,+5d,2.0,0,0.523439393939394,1,0.2822222222222222,FP
Punjab,Jalandhar,2025-11-11,19,152.87,+5d,4.0,1,0.6511417748917749,1,0.2822222222222222,TP
Punjab,Jalandhar,2025-11-12,10,33.88,+5d,1.0,0,0.5963977272727273,1,0.2822222222222222,FP
Punjab,Jalandhar,2025-11-13,4,17.48,+5d,1.0,0,0.5518869047619048,1,0.2822222222222222,FP
Punjab,Jalandhar,2025-11-14,1,1.66,+5d,1.0,0,0.6046071428571429,1,0.2822222222222222,FP
Punjab,Jalandhar,2025-11-15,2,7.02,+5d,0.0,0,0.30233333333333334,1,0.2822222222222222,FP
Punjab,Jalandhar,2025-11-16,4,21.23,+5d,1.0,0,0.32622023809523804,1,0.2822222222222222,FP
Punjab,Jalandhar,2025-11-17,1,1.76,+5d,0.0,0,0.3913958333333333,1,0.2822222222222222,FP
Punjab,Jalandhar,2025-11-18,1,2.9,+5d,0.0,0,0.3275714285714285,1,0.2822222222222222,FP
Punjab,Jalandhar,2025-11-19,1,4.82,+5d,7.0,1,0.21204166666666668,0,0.2822222222222222,FN
Punjab,Jalandhar,2025-11-20,0,0.0,+5d,0.0,0,0.11504166666666667,0,0.2822222222222222,TN
Punjab,Jalandhar,2025-11-21,1,3.67,+5d,1.0,0,0.19379166666666667,0,0.2822222222222222,TN
Punjab,Jalandhar,2025-11-22,0,0.0,+5d,0.0,0,0.12060714285714287,0,0.2822222222222222,TN
Punjab,Jalandhar,2025-11-23,0,0.0,+5d,2.0,0,0.13761309523809523,0,0.2822222222222222,TN
Punjab,Kapurthala,2025-10-15,0,0.0,+5d,0.0,0,0.3501591038272074,1,0.2822222222222222,FP
Punjab,Kapurthala,2025-10-16,2,19.36,+5d,18.0,1,0.6568392857142858,1,0.2822222222222222,TP
Punjab,Kapurthala,2025-10-17,0,0.0,+5d,6.0,1,0.5598578217759252,1,0.2822222222222222,TP
Punjab,Kapurthala,2025-10-18,1,2.11,+5d,5.0,1,0.5728059292240327,1,0.2822222222222222,TP
Punjab,Kapurthala,2025-10-19,0,0.0,+5d,2.0,0,0.48390376984126987,1,0.2822222222222222,FP
Punjab,Kapurthala,2025-10-20,0,0.0,+5d,8.0,1,0.45706732564820773,1,0.2822222222222222,TP
Punjab,Kapurthala,2025-10-21,18,162.19,+5d,13.0,1,0.8721666666666669,1,0.2822222222222222,TP
Punjab,Kapurthala,2025-10-22,6,27.200000000000003,+5d,14.0,1,0.8873630952380951,1,0.2822222222222222,TP
Punjab,Kapurthala,2025-10-23,5,18.61,+5d,3.0,1,0.8842946428571432,1,0.2822222222222222,TP
Punjab,Kapurthala,2025-10-24,2,13.5,+5d,18.0,1,0.7870625000000002,1,0.2822222222222222,TP
Punjab,Kapurthala,2025-10-25,8,66.05,+5d,12.0,1,0.9268750000000001,1,0.2822222222222222,TP
Punjab,Kapurthala,2025-10-26,13,79.31,+5d,31.0,1,0.9574166666666667,1,0.2822222222222222,TP
Punjab,Kapurthala,2025-10-27,14,51.09,+5d,35.0,1,0.938875,1,0.2822222222222222,TP
Punjab,Kapurthala,2025-10-28,3,15.39,+5d,26.0,1,0.7267083333333335,1,0.2822222222222222,TP
Punjab,Kapurthala,2025-10-29,18,131.55,+5d,11.0,1,0.9194583333333333,1,0.2822222222222222,TP
Punjab,Kapurthala,2025-10-30,12,41.96,+5d,11.0,1,0.8300416666666667,1,0.2822222222222222,TP
Punjab,Kapurthala,2025-10-31,31,101.58,+5d,0.0,0,0.8823630952380952,1,0.2822222222222222,FP
Punjab,Kapurthala,2025-11-01,35,154.07,+5d,5.0,1,0.939375,1,0.2822222222222222,TP
Punjab,Kapurthala,2025-11-02,26,154.72,+5d,14.0,1,0.9267083333333332,1,0.2822222222222222,TP
Punjab,Kapurthala,2025-11-03,11,44.88,+5d,10.0,1,0.784559523809524,1,0.2822222222222222,TP
Punjab,Kapurthala,2025-11-04,11,57.36,+5d,9.0,1,0.8513750000000002,1,0.2822222222222222,TP
Punjab,Kapurthala,2025-11-05,0,0.0,+5d,6.0,1,0.8901785714285715,1,0.2822222222222222,TP
Punjab,Kapurthala,2025-11-06,5,15.38,+5d,8.0,1,0.5434632034632035,1,0.2822222222222222,TP
Punjab,Kapurthala,2025-11-07,14,53.81,+5d,2.0,0,0.48623106060606053,1,0.2822222222222222,FP
Punjab,Kapurthala,2025-11-08,10,44.3,+5d,2.0,0,0.6456060606060606,1,0.2822222222222222,FP
Punjab,Kapurthala,2025-11-09,9,34.25,+5d,0.0,0,0.5217310606060607,1,0.2822222222222222,FP
Punjab,Kapurthala,2025-11-10,6,32.980000000000004,+5d,2.0,0,0.4549036796536797,1,0.2822222222222222,FP
Punjab,Kapurthala,2025-11-11,8,22.67,+5d,4.0,1,0.32592748917748904,1,0.2822222222222222,TP
Punjab,Kapurthala,2025-11-12,2,11.84,+5d,0.0,0,0.35905357142857147,1,0.2822222222222222,FP
Punjab,Kapurthala,2025-11-13,2,4.36,+5d,1.0,0,0.24993749999999998,0,0.2822222222222222,TN
Punjab,Kapurthala,2025-11-14,0,0.0,+5d,1.0,0,0.31905059523809526,1,0.2822222222222222,FP
Punjab,Kapurthala,2025-11-15,2,10.1,+5d,0.0,0,0.3565297619047619,1,0.2822222222222222,FP
Punjab,Kapurthala,2025-11-16,4,17.630000000000003,+5d,1.0,0,0.4775892857142857,1,0.2822222222222222,FP
Punjab,Kapurthala,2025-11-17,0,0.0,+5d,0.0,0,0.39663095238095236,1,0.2822222222222222,FP
Punjab,Kapurthala,2025-11-18,1,3.46,+5d,0.0,0,0.21633333333333332,0,0.2822222222222222,TN
Punjab,Kapurthala,2025-11-19,1,0.67,+5d,0.0,0,0.20111309523809523,0,0.2822222222222222,TN
Punjab,Kapurthala,2025-11-20,0,0.0,+5d,0.0,0,0.1282738095238095,0,0.2822222222222222,TN
Punjab,Kapurthala,2025-11-21,1,1.36,+5d,0.0,0,0.16920833333333338,0,0.2822222222222222,TN
Punjab,Kapurthala,2025-11-22,0,0.0,+5d,1.0,0,0.12071428571428573,0,0.2822222222222222,TN
Punjab,Kapurthala,2025-11-23,0,0.0,+5d,3.0,1,0.14148809523809525,0,0.2822222222222222,FN
Punjab,Ludhiana,2025-10-15,2,4.0200000000000005,+5d,0.0,0,0.24819044540229895,0,0.2822222222222222,TN
Punjab,Ludhiana,2025-10-16,0,0.0,+5d,0.0,0,0.32576430071365414,1,0.2822222222222222,FP
Punjab,Ludhiana,2025-10-17,0,0.0,+5d,1.0,0,0.1572505644499179,0,0.2822222222222222,TN
Punjab,Ludhiana,2025-10-18,0,0.0,+5d,0.0,0,0.35470126652562,1,0.2822222222222222,FP
Punjab,Ludhiana,2025-10-19,1,1.78,+5d,1.0,0,0.3469344028337564,1,0.2822222222222222,FP
Punjab,Ludhiana,2025-10-20,0,0.0,+5d,6.0,1,0.3977678571428572,1,0.2822222222222222,TP
Punjab,Ludhiana,2025-10-21,0,0.0,+5d,4.0,1,0.3223102093641824,1,0.2822222222222222,TP
Punjab,Ludhiana,2025-10-22,1,2.57,+5d,7.0,1,0.36678397266984214,1,0.2822222222222222,TP
Punjab,Ludhiana,2025-10-23,0,0.0,+5d,8.0,1,0.14485125889436234,0,0.2822222222222222,FN
Punjab,Ludhiana,2025-10-24,1,1.54,+5d,7.0,1,0.20724808429118777,0,0.2822222222222222,FN
Punjab,Ludhiana,2025-10-25,6,21.11,+5d,2.0,0,0.5797103858784893,1,0.2822222222222222,FP
Punjab,Ludhiana,2025-10-26,4,15.24,+5d,21.0,1,0.7583749999999999,1,0.2822222222222222,TP
Punjab,Ludhiana,2025-10-27,7,13.43,+5d,19.0,1,0.7227291666666666,1,0.2822222222222222,TP
Punjab,Ludhiana,2025-10-28,8,36.38,+5d,33.0,1,0.8171666666666666,1,0.2822222222222222,TP
Punjab,Ludhiana,2025-10-29,7,41.97,+5d,13.0,1,0.8588125000000002,1,0.2822222222222222,TP
Punjab,Ludhiana,2025-10-30,2,12.87,+5d,31.0,1,0.6008958333333332,1,0.2822222222222222,TP
Punjab,Ludhiana,2025-10-31,21,66.55,+5d,33.0,1,0.8141250000000001,1,0.2822222222222222,TP
Punjab,Ludhiana,2025-11-01,19,87.58,+5d,39.0,1,0.6722083333333333,1,0.2822222222222222,TP
Punjab,Ludhiana,2025-11-02,33,183.02,+5d,50.0,1,0.8362083333333332,1,0.2822222222222222,TP
Punjab,Ludhiana,2025-11-03,13,65.13,+5d,33.0,1,0.7728333333333333,1,0.2822222222222222,TP
Punjab,Ludhiana,2025-11-04,31,162.89,+5d,32.0,1,0.8980000000000001,1,0.2822222222222222,TP
Punjab,Ludhiana,2025-11-05,33,192.2,+5d,34.0,1,0.7736071428571429,1,0.2822222222222222,TP
Punjab,Ludhiana,2025-11-06,39,178.28,+5d,21.0,1,0.5620178571428571,1,0.2822222222222222,TP
Punjab,Ludhiana,2025-11-07,50,245.07,+5d,8.0,1,0.5907261904761905,1,0.2822222222222222,TP
Punjab,Ludhiana,2025-11-08,33,173.89,+5d,21.0,1,0.8430416666666666,1,0.2822222222222222,TP
Punjab,Ludhiana,2025-11-09,32,147.52,+5d,5.0,1,0.7404523809523809,1,0.2822222222222222,TP
Punjab,Ludhiana,2025-11-10,34,117.03,+5d,15.0,1,0.7515357142857142,1,0.2822222222222222,TP
Punjab,Ludhiana,2025-11-11,21,76.25,+5d,13.0,1,0.6609999999999999,1,0.2822222222222222,TP
Punjab,Ludhiana,2025-11-12,8,21.61,+5d,6.0,1,0.616814393939394,1,0.2822222222222222,TP
Punjab,Ludhiana,2025-11-13,21,102.31,+5d,1.0,0,0.6851477272727271,1,0.2822222222222222,FP
Punjab,Ludhiana,2025-11-14,5,24.01,+5d,0.0,0,0.6259512987012986,1,0.2822222222222222,FP
Punjab,Ludhiana,2025-11-15,15,41.52,+5d,6.0,1,0.5453262987012986,1,0.2822222222222222,TP
Punjab,Ludhiana,2025-11-16,13,48.39,+5d,1.0,0,0.55600487012987,1,0.2822222222222222,FP
Punjab,Ludhiana,2025-11-17,6,20.63,+5d,1.0,0,0.46064177489177466,1,0.2822222222222222,FP
Punjab,Ludhiana,2025-11-18,1,2.8,+5d,1.0,0,0.44433333333333336,1,0.2822222222222222,FP
Punjab,Ludhiana,2025-11-19,0,0.0,+5d,0.0,0,0.2777113095238095,0,0.2822222222222222,TN
Punjab,Ludhiana,2025-11-20,6,36.79,+5d,3.0,1,0.3459107142857143,1,0.2822222222222222,TP
Punjab,Ludhiana,2025-11-21,1,0.59,+5d,0.0,0,0.3213333333333333,1,0.2822222222222222,FP
Punjab,Ludhiana,2025-11-22,1,2.19,+5d,0.0,0,0.2685863095238096,0,0.2822222222222222,TN
Punjab,Ludhiana,2025-11-23,1,3.43,+5d,3.0,1,0.2584761904761905,0,0.2822222222222222,FN
Punjab,Malerkotla,2025-10-15,0,0.0,+5d,0.0,0,0.1630080860949395,0,0.2822222222222222,TN
Punjab,Malerkotla,2025-10-16,0,0.0,+5d,0.0,0,0.15936225276160618,0,0.2822222222222222,TN
Punjab,Malerkotla,2025-10-17,0,0.0,+5d,0.0,0,0.2698501035438649,0,0.2822222222222222,TN
Punjab,Malerkotla,2025-10-18,0,0.0,+5d,0.0,0,0.27810324302134654,0,0.2822222222222222,TN
Punjab,Malerkotla,2025-10-19,0,0.0,+5d,0.0,0,0.42939710029711164,1,0.2822222222222222,FP
Punjab,Malerkotla,2025-10-20,0,0.0,+5d,0.0,0,0.40334779196655357,1,0.2822222222222222,FP
Punjab,Malerkotla,2025-10-21,0,0.0,+5d,2.0,0,0.42877202277100834,1,0.2822222222222222,FP
Punjab,Malerkotla,2025-10-22,0,0.0,+5d,1.0,0,0.3101138088444123,1,0.2822222222222222,FP
Punjab,Malerkotla,2025-10-23,0,0.0,+5d,1.0,0,0.18229860321670668,0,0.2822222222222222,TN
Punjab,Malerkotla,2025-10-24,0,0.0,+5d,6.0,1,0.26332003500129636,0,0.2822222222222222,FN
Punjab,Malerkotla,2025-10-25,0,0.0,+5d,4.0,1,0.20231313729374076,0,0.2822222222222222,FN
Punjab,Malerkotla,2025-10-26,2,5.55,+5d,11.0,1,0.4351428571428572,1,0.2822222222222222,TP
Punjab,Malerkotla,2025-10-27,1,6.63,+5d,8.0,1,0.4808085317460317,1,0.2822222222222222,TP
Punjab,Malerkotla,2025-10-28,1,4.08,+5d,14.0,1,0.4457777777777779,1,0.2822222222222222,TP
Punjab,Malerkotla,2025-10-29,6,34.94,+5d,7.0,1,0.8384583333333334,1,0.2822222222222222,TP
Punjab,Malerkotla,2025-10-30,4,23.77,+5d,12.0,1,0.7975833333333334,1,0.2822222222222222,TP
Punjab,Malerkotla,2025-10-31,11,36.73,+5d,4.0,1,0.8387797619047617,1,0.2822222222222222,TP
Punjab,Malerkotla,2025-11-01,8,34.84,+5d,6.0,1,0.6902291666666668,1,0.2822222222222222,TP
Punjab,Malerkotla,2025-11-02,14,95.62,+5d,10.0,1,0.6942916666666668,1,0.2822222222222222,TP
Punjab,Malerkotla,2025-11-03,7,24.62,+5d,7.0,1,0.5887589285714285,1,0.2822222222222222,TP
Punjab,Malerkotla,2025-11-04,12,73.54,+5d,6.0,1,0.719190476190476,1,0.2822222222222222,TP
Punjab,Malerkotla,2025-11-05,4,25.35,+5d,11.0,1,0.6427797619047618,1,0.2822222222222222,TP
Punjab,Malerkotla,2025-11-06,6,14.16,+5d,3.0,1,0.30020526695526695,1,0.2822222222222222,TP
Punjab,Malerkotla,2025-11-07,10,37.27,+5d,6.0,1,0.3453024891774891,1,0.2822222222222222,TP
Punjab,Malerkotla,2025-11-08,7,21.61,+5d,1.0,0,0.2547608225108225,0,0.2822222222222222,TN
Punjab,Malerkotla,2025-11-09,6,21.06,+5d,1.0,0,0.3035227272727273,1,0.2822222222222222,FP
Punjab,Malerkotla,2025-11-10,11,41.59,+5d,1.0,0,0.3752608225108226,1,0.2822222222222222,FP
Punjab,Malerkotla,2025-11-11,3,6.94,+5d,1.0,0,0.26670833333333344,0,0.2822222222222222,TN
Punjab,Malerkotla,2025-11-12,6,40.16,+5d,0.0,0,0.37839772727272725,1,0.2822222222222222,FP
Punjab,Malerkotla,2025-11-13,1,1.8,+5d,0.0,0,0.2599255952380953,0,0.2822222222222222,TN
Punjab,Malerkotla,2025-11-14,1,3.34,+5d,0.0,0,0.31655357142857143,1,0.2822222222222222,FP
Punjab,Malerkotla,2025-11-15,1,8.85,+5d,0.0,0,0.26850000000000007,0,0.2822222222222222,TN
Punjab,Malerkotla,2025-11-16,1,1.52,+5d,0.0,0,0.1944404761904762,0,0.2822222222222222,TN
Punjab,Malerkotla,2025-11-17,0,0.0,+5d,1.0,0,0.2596636904761905,0,0.2822222222222222,TN
Punjab,Malerkotla,2025-11-18,0,0.0,+5d,0.0,0,0.19487499999999996,0,0.2822222222222222,TN
Punjab,Malerkotla,2025-11-19,0,0.0,+5d,0.0,0,0.17445833333333335,0,0.2822222222222222,TN
Punjab,Malerkotla,2025-11-20,0,0.0,+5d,0.0,0,0.08814285714285715,0,0.2822222222222222,TN
Punjab,Malerkotla,2025-11-21,0,0.0,+5d,0.0,0,0.06384478021978024,0,0.2822222222222222,TN
Punjab,Malerkotla,2025-11-22,1,4.83,+5d,0.0,0,0.1479821428571428,0,0.2822222222222222,TN
Punjab,Malerkotla,2025-11-23,0,0.0,+5d,2.0,0,0.07818560606060608,0,0.2822222222222222,TN
Punjab,Mansa,2025-10-15,0,0.0,+5d,5.0,1,0.1535306468675003,0,0.2822222222222222,FN
Punjab,Mansa,2025-10-16,0,0.0,+5d,5.0,1,0.13870362180922524,0,0.2822222222222222,FN
Punjab,Mansa,2025-10-17,0,0.0,+5d,2.0,0,0.4050714969896005,1,0.2822222222222222,FP
Punjab,Mansa,2025-10-18,0,0.0,+5d,6.0,1,0.1784502758496293,0,0.2822222222222222,FN
Punjab,Mansa,2025-10-19,0,0.0,+5d,0.0,0,0.22850009616819975,0,0.2822222222222222,TN
Punjab,Mansa,2025-10-20,5,22.81,+5d,0.0,0,0.5578115763546799,1,0.2822222222222222,FP
Punjab,Mansa,2025-10-21,5,23.85,+5d,1.0,0,0.6390519609700648,1,0.2822222222222222,FP
Punjab,Mansa,2025-10-22,2,3.5900000000000003,+5d,2.0,0,0.6391150793650795,1,0.2822222222222222,FP
Punjab,Mansa,2025-10-23,6,58.6,+5d,2.0,0,0.7862261904761906,1,0.2822222222222222,FP
Punjab,Mansa,2025-10-24,0,0.0,+5d,9.0,1,0.6187916666666666,1,0.2822222222222222,TP
Punjab,Mansa,2025-10-25,0,0.0,+5d,19.0,1,0.4393035714285714,1,0.2822222222222222,TP
Punjab,Mansa,2025-10-26,1,3.98,+5d,19.0,1,0.5354999999999999,1,0.2822222222222222,TP
Punjab,Mansa,2025-10-27,2,9.69,+5d,22.0,1,0.589985119047619,1,0.2822222222222222,TP
Punjab,Mansa,2025-10-28,2,14.45,+5d,10.0,1,0.7045773809523809,1,0.2822222222222222,TP
Punjab,Mansa,2025-10-29,9,116.13,+5d,17.0,1,0.8564166666666666,1,0.2822222222222222,TP
Punjab,Mansa,2025-10-30,19,117.26,+5d,31.0,1,0.9234583333333333,1,0.2822222222222222,TP
Punjab,Mansa,2025-10-31,19,106.16,+5d,8.0,1,0.979375,1,0.2822222222222222,TP
Punjab,Mansa,2025-11-01,22,190.03,+5d,15.0,1,0.8622083333333334,1,0.2822222222222222,TP
Punjab,Mansa,2025-11-02,10,102.98,+5d,15.0,1,0.8944464285714284,1,0.2822222222222222,TP
Punjab,Mansa,2025-11-03,17,74.22,+5d,22.0,1,0.8125,1,0.2822222222222222,TP
Punjab,Mansa,2025-11-04,31,273.45,+5d,36.0,1,0.9096190476190474,1,0.2822222222222222,TP
Punjab,Mansa,2025-11-05,8,52.7,+5d,20.0,1,0.6480714285714284,1,0.2822222222222222,TP
Punjab,Mansa,2025-11-06,15,77.31,+5d,29.0,1,0.5989166666666668,1,0.2822222222222222,TP
Punjab,Mansa,2025-11-07,15,79.3,+5d,8.0,1,0.6719989177489178,1,0.2822222222222222,TP
Punjab,Mansa,2025-11-08,22,151.06,+5d,12.0,1,0.75712987012987,1,0.2822222222222222,TP
Punjab,Mansa,2025-11-09,36,283.91,+5d,9.0,1,0.7505,1,0.2822222222222222,TP
Punjab,Mansa,2025-11-10,20,99.55,+5d,3.0,1,0.7692738095238097,1,0.2822222222222222,TP
Punjab,Mansa,2025-11-11,29,184.88,+5d,7.0,1,0.7160833333333333,1,0.2822222222222222,TP
Punjab,Mansa,2025-11-12,8,31.23,+5d,6.0,1,0.7186298701298699,1,0.2822222222222222,TP
Punjab,Mansa,2025-11-13,12,64.41,+5d,1.0,0,0.6598273809523809,1,0.2822222222222222,FP
Punjab,Mansa,2025-11-14,9,70.73,+5d,4.0,1,0.6836774891774892,1,0.2822222222222222,TP
Punjab,Mansa,2025-11-15,3,8.5,+5d,3.0,1,0.5230357142857143,1,0.2822222222222222,TP
Punjab,Mansa,2025-11-16,7,26.28,+5d,2.0,0,0.47038582251082256,1,0.2822222222222222,FP
Punjab,Mansa,2025-11-17,6,44.58,+5d,2.0,0,0.37748106060606046,1,0.2822222222222222,FP
Punjab,Mansa,2025-11-18,1,2.46,+5d,1.0,0,0.4203333333333334,1,0.2822222222222222,FP
Punjab,Mansa,2025-11-19,4,46.84,+5d,0.0,0,0.3078095238095238,1,0.2822222222222222,FP
Punjab,Mansa,2025-11-20,3,9.329999999999998,+5d,1.0,0,0.20963690476190472,0,0.2822222222222222,TN
Punjab,Mansa,2025-11-21,2,3.75,+5d,1.0,0,0.18995833333333337,0,0.2822222222222222,TN
Punjab,Mansa,2025-11-22,2,5.38,+5d,0.0,0,0.15070238095238098,0,0.2822222222222222,TN
Punjab,Mansa,2025-11-23,1,2.02,+5d,0.0,0,0.21206547619047617,0,0.2822222222222222,TN
Punjab,Moga,2025-10-15,0,0.0,+5d,0.0,0,0.1432997527616062,0,0.2822222222222222,TN
Punjab,Moga,2025-10-16,1,2.06,+5d,2.0,0,0.2962369821988357,1,0.2822222222222222,FP
Punjab,Moga,2025-10-17,0,0.0,+5d,2.0,0,0.3371058376489412,1,0.2822222222222222,FP
Punjab,Moga,2025-10-18,0,0.0,+5d,3.0,1,0.23491365968801323,0,0.2822222222222222,FN
Punjab,Moga,2025-10-19,1,2.61,+5d,1.0,0,0.33738092159277505,1,0.2822222222222222,FP
Punjab,Moga,2025-10-20,0,0.0,+5d,4.0,1,0.39592062416961016,1,0.2822222222222222,TP
Punjab,Moga,2025-10-21,2,1.66,+5d,3.0,1,0.40161459339482924,1,0.2822222222222222,TP
Punjab,Moga,2025-10-22,2,5.529999999999999,+5d,4.0,1,0.6488789603595637,1,0.2822222222222222,TP
Punjab,Moga,2025-10-23,3,10.66,+5d,2.0,0,0.44017467159277507,1,0.2822222222222222,FP
Punjab,Moga,2025-10-24,1,3.21,+5d,5.0,1,0.526970238095238,1,0.2822222222222222,TP
Punjab,Moga,2025-10-25,4,23.72,+5d,5.0,1,0.7925833333333334,1,0.2822222222222222,TP
Punjab,Moga,2025-10-26,3,20.72,+5d,21.0,1,0.8542500000000003,1,0.2822222222222222,TP
Punjab,Moga,2025-10-27,4,15.97,+5d,16.0,1,0.7469156746031748,1,0.2822222222222222,TP
Punjab,Moga,2025-10-28,2,12.66,+5d,20.0,1,0.683875,1,0.2822222222222222,TP
Punjab,Moga,2025-10-29,5,13.23,+5d,18.0,1,0.7757083333333331,1,0.2822222222222222,TP
Punjab,Moga,2025-10-30,5,15.63,+5d,44.0,1,0.7068333333333332,1,0.2822222222222222,TP
Punjab,Moga,2025-10-31,21,81.03,+5d,35.0,1,0.9059583333333333,1,0.2822222222222222,TP
Punjab,Moga,2025-11-01,16,58.99,+5d,36.0,1,0.6330119047619048,1,0.2822222222222222,TP
Punjab,Moga,2025-11-02,20,72.94,+5d,47.0,1,0.6916369047619049,1,0.2822222222222222,TP
Punjab,Moga,2025-11-03,18,95.04,+5d,42.0,1,0.7839999999999999,1,0.2822222222222222,TP
Punjab,Moga,2025-11-04,44,500.31,+5d,44.0,1,0.9165833333333333,1,0.2822222222222222,TP
Punjab,Moga,2025-11-05,35,215.97,+5d,42.0,1,0.7587499999999998,1,0.2822222222222222,TP
Punjab,Moga,2025-11-06,36,178.56,+5d,43.0,1,0.5738095238095238,1,0.2822222222222222,TP
Punjab,Moga,2025-11-07,47,249.28,+5d,6.0,1,0.6773928571428572,1,0.2822222222222222,TP
Punjab,Moga,2025-11-08,42,260.68,+5d,19.0,1,0.7993333333333333,1,0.2822222222222222,TP
Punjab,Moga,2025-11-09,44,261.92,+5d,5.0,1,0.8027083333333332,1,0.2822222222222222,TP
Punjab,Moga,2025-11-10,42,255.84,+5d,13.0,1,0.7459583333333335,1,0.2822222222222222,TP
Punjab,Moga,2025-11-11,43,211.15,+5d,8.0,1,0.6705357142857143,1,0.2822222222222222,TP
Punjab,Moga,2025-11-12,6,35.96,+5d,0.0,0,0.6413333333333333,1,0.2822222222222222,FP
Punjab,Moga,2025-11-13,19,121.15,+5d,1.0,0,0.6623749999999999,1,0.2822222222222222,FP
Punjab,Moga,2025-11-14,5,37.97,+5d,1.0,0,0.6616179653679652,1,0.2822222222222222,FP
Punjab,Moga,2025-11-15,13,134.83,+5d,1.0,0,0.6078749999999999,1,0.2822222222222222,FP
Punjab,Moga,2025-11-16,8,74.97,+5d,3.0,1,0.6020227272727273,1,0.2822222222222222,TP
Punjab,Moga,2025-11-17,0,0.0,+5d,1.0,0,0.5785892857142856,1,0.2822222222222222,FP
Punjab,Moga,2025-11-18,1,2.11,+5d,0.0,0,0.5809047619047618,1,0.2822222222222222,FP
Punjab,Moga,2025-11-19,1,3.99,+5d,2.0,0,0.268077380952381,0,0.2822222222222222,TN
Punjab,Moga,2025-11-20,1,3.84,+5d,1.0,0,0.2659880952380953,0,0.2822222222222222,TN
Punjab,Moga,2025-11-21,3,8.82,+5d,2.0,0,0.2681011904761904,0,0.2822222222222222,TN
Punjab,Moga,2025-11-22,1,2.94,+5d,2.0,0,0.2970386904761905,1,0.2822222222222222,FP
Punjab,Moga,2025-11-23,0,0.0,+5d,2.0,0,0.21386309523809519,0,0.2822222222222222,TN
Punjab,Pathankot,2025-10-15,0,0.0,+5d,0.0,0,0.11122788305522562,0,0.2822222222222222,TN
Punjab,Pathankot,2025-10-16,1,2.9,+5d,0.0,0,0.3092852262773458,1,0.2822222222222222,FP
Punjab,Pathankot,2025-10-17,0,0.0,+5d,0.0,0,0.22146539554273809,0,0.2822222222222222,TN
Punjab,Pathankot,2025-10-18,0,0.0,+5d,0.0,0,0.37301645073754336,1,0.2822222222222222,FP
Punjab,Pathankot,2025-10-19,0,0.0,+5d,0.0,0,0.2892491798140224,1,0.2822222222222222,FP
Punjab,Pathankot,2025-10-20,0,0.0,+5d,0.0,0,0.3310420916891211,1,0.2822222222222222,FP
Punjab,Pathankot,2025-10-21,0,0.0,+5d,0.0,0,0.4107369609645825,1,0.2822222222222222,FP
Punjab,Pathankot,2025-10-22,0,0.0,+5d,0.0,0,0.2917667527466625,1,0.2822222222222222,FP
Punjab,Pathankot,2025-10-23,0,0.0,+5d,0.0,0,0.1917278163735413,0,0.2822222222222222,TN
Punjab,Pathankot,2025-10-24,0,0.0,+5d,0.0,0,0.12991245586545633,0,0.2822222222222222,TN
Punjab,Pathankot,2025-10-25,0,0.0,+5d,0.0,0,0.06171737164634465,0,0.2822222222222222,TN
Punjab,Pathankot,2025-10-26,0,0.0,+5d,0.0,0,0.022518740031897928,0,0.2822222222222222,TN
Punjab,Pathankot,2025-10-27,0,0.0,+5d,0.0,0,0.05464512029414775,0,0.2822222222222222,TN
Punjab,Pathankot,2025-10-28,0,0.0,+5d,1.0,0,0.06675852706478841,0,0.2822222222222222,TN
Punjab,Pathankot,2025-10-29,0,0.0,+5d,0.0,0,0.01997229064039409,0,0.2822222222222222,TN
Punjab,Pathankot,2025-10-30,0,0.0,+5d,2.0,0,0.0402824870864601,0,0.2822222222222222,TN
Punjab,Pathankot,2025-10-31,0,0.0,+5d,0.0,0,0.03099380450467407,0,0.2822222222222222,TN
Punjab,Pathankot,2025-11-01,0,0.0,+5d,0.0,0,0.014103535353535352,0,0.2822222222222222,TN
Punjab,Pathankot,2025-11-02,1,3.28,+5d,0.0,0,0.10794444444444441,0,0.2822222222222222,TN
Punjab,Pathankot,2025-11-03,0,0.0,+5d,1.0,0,0.011944444444444445,0,0.2822222222222222,TN
Punjab,Pathankot,2025-11-04,2,5.140000000000001,+5d,0.0,0,0.10022916666666667,0,0.2822222222222222,TN
Punjab,Pathankot,2025-11-05,0,0.0,+5d,0.0,0,0.07591666666666666,0,0.2822222222222222,TN
Punjab,Pathankot,2025-11-06,0,0.0,+5d,0.0,0,0.008986111111111111,0,0.2822222222222222,TN
Punjab,Pathankot,2025-11-07,0,0.0,+5d,0.0,0,0.09134615384615383,0,0.2822222222222222,TN
Punjab,Pathankot,2025-11-08,1,2.62,+5d,0.0,0,0.06568750000000001,0,0.2822222222222222,TN
Punjab,Pathankot,2025-11-09,0,0.0,+5d,0.0,0,0.03779166666666667,0,0.2822222222222222,TN
Punjab,Pathankot,2025-11-10,0,0.0,+5d,2.0,0,0.006500000000000001,0,0.2822222222222222,TN
Punjab,Pathankot,2025-11-11,0,0.0,+5d,0.0,0,0.10478365384615382,0,0.2822222222222222,TN
Punjab,Pathankot,2025-11-12,0,0.0,+5d,0.0,0,0.0025,0,0.2822222222222222,TN
Punjab,Pathankot,2025-11-13,0,0.0,+5d,0.0,0,0.003333333333333333,0,0.2822222222222222,TN
Punjab,Pathankot,2025-11-14,0,0.0,+5d,0.0,0,0.0,0,0.2822222222222222,TN
Punjab,Pathankot,2025-11-15,2,14.14,+5d,0.0,0,0.15766666666666665,0,0.2822222222222222,TN
Punjab,Pathankot,2025-11-16,0,0.0,+5d,0.0,0,0.1728541666666666,0,0.2822222222222222,TN
Punjab,Pathankot,2025-11-17,0,0.0,+5d,0.0,0,0.08966025641025642,0,0.2822222222222222,TN
Punjab,Pathankot,2025-11-18,0,0.0,+5d,0.0,0,0.233613553113553,0,0.2822222222222222,TN
Punjab,Pathankot,2025-11-19,0,0.0,+5d,0.0,0,0.0,0,0.2822222222222222,TN
Punjab,Pathankot,2025-11-20,0,0.0,+5d,0.0,0,0.10699358974358975,0,0.2822222222222222,TN
Punjab,Pathankot,2025-11-21,0,0.0,+5d,0.0,0,0.0,0,0.2822222222222222,TN
Punjab,Pathankot,2025-11-22,0,0.0,+5d,0.0,0,0.204610119047619,0,0.2822222222222222,TN
Punjab,Pathankot,2025-11-23,0,0.0,+5d,0.0,0,0.0016695804195804196,0,0.2822222222222222,TN
Punjab,Patiala,2025-10-15,3,12.0,+5d,14.0,1,0.44617020730706064,1,0.2822222222222222,TP
Punjab,Patiala,2025-10-16,3,11.35,+5d,18.0,1,0.5493028846153846,1,0.2822222222222222,TP
Punjab,Patiala,2025-10-17,4,7.54,+5d,11.0,1,0.5670178571428572,1,0.2822222222222222,TP
Punjab,Patiala,2025-10-18,2,6.69,+5d,2.0,0,0.6317121108058609,1,0.2822222222222222,FP
Punjab,Patiala,2025-10-19,6,32.99,+5d,1.0,0,0.7418928571428571,1,0.2822222222222222,FP
Punjab,Patiala,2025-10-20,14,55.83,+5d,10.0,1,0.8265297619047618,1,0.2822222222222222,TP
Punjab,Patiala,2025-10-21,18,67.72,+5d,4.0,1,0.8715,1,0.2822222222222222,TP
Punjab,Patiala,2025-10-22,11,39.35,+5d,11.0,1,0.857404761904762,1,0.2822222222222222,TP
Punjab,Patiala,2025-10-23,2,7.77,+5d,6.0,1,0.7127500000000001,1,0.2822222222222222,TP
Punjab,Patiala,2025-10-24,1,4.24,+5d,18.0,1,0.6103452380952381,1,0.2822222222222222,TP
Punjab,Patiala,2025-10-25,10,45.56,+5d,13.0,1,0.8136488095238095,1,0.2822222222222222,TP
Punjab,Patiala,2025-10-26,4,12.28,+5d,41.0,1,0.737235119047619,1,0.2822222222222222,TP
Punjab,Patiala,2025-10-27,11,46.69,+5d,44.0,1,0.8390624999999997,1,0.2822222222222222,TP
Punjab,Patiala,2025-10-28,6,21.41,+5d,27.0,1,0.7366666666666667,1,0.2822222222222222,TP
Punjab,Patiala,2025-10-29,18,70.32,+5d,11.0,1,0.920922619047619,1,0.2822222222222222,TP
Punjab,Patiala,2025-10-30,13,65.51,+5d,20.0,1,0.8509375,1,0.2822222222222222,TP
Punjab,Patiala,2025-10-31,41,264.78,+5d,10.0,1,0.9321250000000001,1,0.2822222222222222,TP
Punjab,Patiala,2025-11-01,44,278.56,+5d,24.0,1,0.8878333333333334,1,0.2822222222222222,TP
Punjab,Patiala,2025-11-02,27,170.95,+5d,12.0,1,0.85375,1,0.2822222222222222,TP
Punjab,Patiala,2025-11-03,11,56.78,+5d,21.0,1,0.7966964285714284,1,0.2822222222222222,TP
Punjab,Patiala,2025-11-04,20,118.09,+5d,30.0,1,0.8591250000000002,1,0.2822222222222222,TP
Punjab,Patiala,2025-11-05,10,30.91,+5d,6.0,1,0.7164166666666668,1,0.2822222222222222,TP
Punjab,Patiala,2025-11-06,24,97.21,+5d,11.0,1,0.5514453463203464,1,0.2822222222222222,TP
Punjab,Patiala,2025-11-07,12,65.89,+5d,1.0,0,0.6168322510822511,1,0.2822222222222222,FP
Punjab,Patiala,2025-11-08,21,243.72,+5d,3.0,1,0.6518084415584415,1,0.2822222222222222,TP
Punjab,Patiala,2025-11-09,30,182.96,+5d,1.0,0,0.7147251082251082,1,0.2822222222222222,FP
Punjab,Patiala,2025-11-10,6,24.25,+5d,4.0,1,0.6686488095238096,1,0.2822222222222222,TP
Punjab,Patiala,2025-11-11,11,77.24000000000001,+5d,2.0,0,0.6212083333333333,1,0.2822222222222222,FP
Punjab,Patiala,2025-11-12,1,2.2,+5d,0.0,0,0.6098869047619049,1,0.2822222222222222,FP
Punjab,Patiala,2025-11-13,3,15.05,+5d,3.0,1,0.49735119047619053,1,0.2822222222222222,TP
Punjab,Patiala,2025-11-14,1,1.7,+5d,0.0,0,0.5399107142857144,1,0.2822222222222222,FP
Punjab,Patiala,2025-11-15,4,46.42,+5d,0.0,0,0.4776160714285714,1,0.2822222222222222,FP
Punjab,Patiala,2025-11-16,2,1.79,+5d,2.0,0,0.43054166666666677,1,0.2822222222222222,FP
Punjab,Patiala,2025-11-17,0,0.0,+5d,0.0,0,0.22345238095238107,0,0.2822222222222222,TN
Punjab,Patiala,2025-11-18,3,17.46,+5d,0.0,0,0.3517142857142857,1,0.2822222222222222,FP
Punjab,Patiala,2025-11-19,0,0.0,+5d,0.0,0,0.25722023809523803,0,0.2822222222222222,TN
Punjab,Patiala,2025-11-20,0,0.0,+5d,0.0,0,0.17542261904761905,0,0.2822222222222222,TN
Punjab,Patiala,2025-11-21,2,1.69,+5d,0.0,0,0.18788095238095237,0,0.2822222222222222,TN
Punjab,Patiala,2025-11-22,0,0.0,+5d,0.0,0,0.19480654761904767,0,0.2822222222222222,TN
Punjab,Patiala,2025-11-23,0,0.0,+5d,0.0,0,0.17369642857142856,0,0.2822222222222222,TN
Punjab,Rupnagar,2025-10-15,0,0.0,+5d,0.0,0,0.16753906553216893,0,0.2822222222222222,TN
Punjab,Rupnagar,2025-10-16,0,0.0,+5d,1.0,0,0.12803067808628152,0,0.2822222222222222,TN
Punjab,Rupnagar,2025-10-17,0,0.0,+5d,1.0,0,0.1700182321988356,0,0.2822222222222222,TN
Punjab,Rupnagar,2025-10-18,0,0.0,+5d,0.0,0,0.22888281553216902,0,0.2822222222222222,TN
Punjab,Rupnagar,2025-10-19,0,0.0,+5d,0.0,0,0.31836979218855355,1,0.2822222222222222,FP
Punjab,Rupnagar,2025-10-20,0,0.0,+5d,0.0,0,0.202335359515963,0,0.2822222222222222,TN
Punjab,Rupnagar,2025-10-21,1,4.11,+5d,1.0,0,0.4827001946807983,1,0.2822222222222222,FP
Punjab,Rupnagar,2025-10-22,1,2.34,+5d,0.0,0,0.38874362000547363,1,0.2822222222222222,FP
Punjab,Rupnagar,2025-10-23,0,0.0,+5d,0.0,0,0.12642268746579088,0,0.2822222222222222,TN
Punjab,Rupnagar,2025-10-24,0,0.0,+5d,0.0,0,0.1662758620689655,0,0.2822222222222222,TN
Punjab,Rupnagar,2025-10-25,0,0.0,+5d,0.0,0,0.2932355756645487,1,0.2822222222222222,FP
Punjab,Rupnagar,2025-10-26,1,2.98,+5d,2.0,0,0.30474999999999997,1,0.2822222222222222,FP
Punjab,Rupnagar,2025-10-27,0,0.0,+5d,0.0,0,0.15676395730706075,0,0.2822222222222222,TN
Punjab,Rupnagar,2025-10-28,0,0.0,+5d,2.0,0,0.2297619731800767,0,0.2822222222222222,TN
Punjab,Rupnagar,2025-10-29,0,0.0,+5d,0.0,0,0.16303280651340996,0,0.2822222222222222,TN
Punjab,Rupnagar,2025-10-30,0,0.0,+5d,0.0,0,0.16949235737921087,0,0.2822222222222222,TN
Punjab,Rupnagar,2025-10-31,2,5.83,+5d,0.0,0,0.38103968253968246,1,0.2822222222222222,FP
Punjab,Rupnagar,2025-11-01,0,0.0,+5d,0.0,0,0.1511111111111111,0,0.2822222222222222,TN
Punjab,Rupnagar,2025-11-02,2,4.390000000000001,+5d,0.0,0,0.348625,1,0.2822222222222222,FP
Punjab,Rupnagar,2025-11-03,0,0.0,+5d,1.0,0,0.13379106280193234,0,0.2822222222222222,TN
Punjab,Rupnagar,2025-11-04,0,0.0,+5d,0.0,0,0.023610507246376814,0,0.2822222222222222,TN
Punjab,Rupnagar,2025-11-05,0,0.0,+5d,0.0,0,0.11773550724637684,0,0.2822222222222222,TN
Punjab,Rupnagar,2025-11-06,0,0.0,+5d,1.0,0,0.014825757575757577,0,0.2822222222222222,TN
Punjab,Rupnagar,2025-11-07,0,0.0,+5d,0.0,0,0.11120833333333331,0,0.2822222222222222,TN
Punjab,Rupnagar,2025-11-08,1,4.05,+5d,0.0,0,0.18266666666666664,0,0.2822222222222222,TN
Punjab,Rupnagar,2025-11-09,0,0.0,+5d,0.0,0,0.09483333333333331,0,0.2822222222222222,TN
Punjab,Rupnagar,2025-11-10,0,0.0,+5d,0.0,0,0.004166666666666667,0,0.2822222222222222,TN
Punjab,Rupnagar,2025-11-11,1,1.61,+5d,0.0,0,0.05560714285714286,0,0.2822222222222222,TN
Punjab,Rupnagar,2025-11-12,0,0.0,+5d,0.0,0,0.015708333333333335,0,0.2822222222222222,TN
Punjab,Rupnagar,2025-11-13,0,0.0,+5d,0.0,0,0.009291666666666665,0,0.2822222222222222,TN
Punjab,Rupnagar,2025-11-14,0,0.0,+5d,0.0,0,0.009387820512820513,0,0.2822222222222222,TN
Punjab,Rupnagar,2025-11-15,0,0.0,+5d,0.0,0,0.027875,0,0.2822222222222222,TN
Punjab,Rupnagar,2025-11-16,0,0.0,+5d,0.0,0,0.007541666666666666,0,0.2822222222222222,TN
Punjab,Rupnagar,2025-11-17,0,0.0,+5d,0.0,0,0.004875,0,0.2822222222222222,TN
Punjab,Rupnagar,2025-11-18,0,0.0,+5d,0.0,0,0.01892261904761905,0,0.2822222222222222,TN
Punjab,Rupnagar,2025-11-19,0,0.0,+5d,0.0,0,0.008,0,0.2822222222222222,TN
Punjab,Rupnagar,2025-11-20,0,0.0,+5d,0.0,0,0.011541666666666667,0,0.2822222222222222,TN
Punjab,Rupnagar,2025-11-21,0,0.0,+5d,0.0,0,0.005708333333333333,0,0.2822222222222222,TN
Punjab,Rupnagar,2025-11-22,0,0.0,+5d,0.0,0,0.006958333333333333,0,0.2822222222222222,TN
Punjab,Rupnagar,2025-11-23,0,0.0,+5d,1.0,0,0.013425532800532798,0,0.2822222222222222,TN
Punjab,S A S Nagar,2025-10-15,0,0.0,+5d,4.0,1,0.17417446455343757,0,0.2822222222222222,FN
Punjab,S A S Nagar,2025-10-16,1,2.96,+5d,7.0,1,0.26514931986117335,0,0.2822222222222222,FN
Punjab,S A S Nagar,2025-10-17,0,0.0,+5d,5.0,1,0.2076041358784893,0,0.2822222222222222,FN
Punjab,S A S Nagar,2025-10-18,1,3.32,+5d,1.0,0,0.33684820387945386,1,0.2822222222222222,FP
Punjab,S A S Nagar,2025-10-19,2,7.34,+5d,3.0,1,0.49769722985347997,1,0.2822222222222222,TP
Punjab,S A S Nagar,2025-10-20,4,12.04,+5d,5.0,1,0.6449265873015873,1,0.2822222222222222,TP
Punjab,S A S Nagar,2025-10-21,7,30.56,+5d,6.0,1,0.8501845238095237,1,0.2822222222222222,TP
Punjab,S A S Nagar,2025-10-22,5,14.5,+5d,2.0,0,0.8561666666666666,1,0.2822222222222222,FP
Punjab,S A S Nagar,2025-10-23,1,2.81,+5d,2.0,0,0.718470238095238,1,0.2822222222222222,FP
Punjab,S A S Nagar,2025-10-24,3,13.09,+5d,6.0,1,0.5855615079365079,1,0.2822222222222222,TP
Punjab,S A S Nagar,2025-10-25,5,15.55,+5d,1.0,0,0.7260833333333333,1,0.2822222222222222,FP
Punjab,S A S Nagar,2025-10-26,6,17.49,+5d,8.0,1,0.8284583333333332,1,0.2822222222222222,TP
Punjab,S A S Nagar,2025-10-27,2,5.050000000000001,+5d,1.0,0,0.6198690476190476,1,0.2822222222222222,FP
Punjab,S A S Nagar,2025-10-28,2,5.97,+5d,1.0,0,0.5276369047619047,1,0.2822222222222222,FP
Punjab,S A S Nagar,2025-10-29,6,13.11,+5d,2.0,0,0.642327380952381,1,0.2822222222222222,FP
Punjab,S A S Nagar,2025-10-30,1,4.68,+5d,0.0,0,0.5195654761904759,1,0.2822222222222222,FP
Punjab,S A S Nagar,2025-10-31,8,37.49,+5d,2.0,0,0.7010416666666666,1,0.2822222222222222,FP
Punjab,S A S Nagar,2025-11-01,1,3.44,+5d,0.0,0,0.4571636904761905,1,0.2822222222222222,FP
Punjab,S A S Nagar,2025-11-02,1,6.12,+5d,1.0,0,0.5047916666666663,1,0.2822222222222222,FP
Punjab,S A S Nagar,2025-11-03,2,9.99,+5d,2.0,0,0.4427321428571428,1,0.2822222222222222,FP
Punjab,S A S Nagar,2025-11-04,0,0.0,+5d,0.0,0,0.2916666666666667,1,0.2822222222222222,FP
Punjab,S A S Nagar,2025-11-05,2,4.29,+5d,0.0,0,0.4210129551820728,1,0.2822222222222222,FP
Punjab,S A S Nagar,2025-11-06,0,0.0,+5d,0.0,0,0.2860416666666666,1,0.2822222222222222,FP
Punjab,S A S Nagar,2025-11-07,1,9.43,+5d,1.0,0,0.3590595238095238,1,0.2822222222222222,FP
Punjab,S A S Nagar,2025-11-08,2,7.57,+5d,1.0,0,0.34410119047619053,1,0.2822222222222222,FP
Punjab,S A S Nagar,2025-11-09,0,0.0,+5d,0.0,0,0.144375,0,0.2822222222222222,TN
Punjab,S A S Nagar,2025-11-10,0,0.0,+5d,0.0,0,0.2615297619047618,0,0.2822222222222222,TN
Punjab,S A S Nagar,2025-11-11,0,0.0,+5d,0.0,0,0.1745833333333333,0,0.2822222222222222,TN
Punjab,S A S Nagar,2025-11-12,1,1.59,+5d,0.0,0,0.11602976190476187,0,0.2822222222222222,TN
Punjab,S A S Nagar,2025-11-13,1,8.49,+5d,0.0,0,0.20326190476190478,0,0.2822222222222222,TN
Punjab,S A S Nagar,2025-11-14,0,0.0,+5d,0.0,0,0.1715059523809524,0,0.2822222222222222,TN
Punjab,S A S Nagar,2025-11-15,0,0.0,+5d,0.0,0,0.16708333333333333,0,0.2822222222222222,TN
Punjab,S A S Nagar,2025-11-16,0,0.0,+5d,0.0,0,0.18173511904761905,0,0.2822222222222222,TN
Punjab,S A S Nagar,2025-11-17,0,0.0,+5d,0.0,0,0.017089285714285713,0,0.2822222222222222,TN
Punjab,S A S Nagar,2025-11-18,0,0.0,+5d,0.0,0,0.026375000000000003,0,0.2822222222222222,TN
Punjab,S A S Nagar,2025-11-19,0,0.0,+5d,1.0,0,0.017208333333333332,0,0.2822222222222222,TN
Punjab,S A S Nagar,2025-11-20,0,0.0,+5d,0.0,0,0.07373809523809523,0,0.2822222222222222,TN
Punjab,S A S Nagar,2025-11-21,0,0.0,+5d,0.0,0,0.005708333333333333,0,0.2822222222222222,TN
Punjab,S A S Nagar,2025-11-22,0,0.0,+5d,1.0,0,0.006958333333333334,0,0.2822222222222222,TN
Punjab,S A S Nagar,2025-11-23,0,0.0,+5d,0.0,0,0.011342199467199467,0,0.2822222222222222,TN
Punjab,Sangrur,2025-10-15,1,3.06,+5d,4.0,1,0.2893638886257421,1,0.2822222222222222,TP
Punjab,Sangrur,2025-10-16,1,2.95,+5d,10.0,1,0.2940217182960717,1,0.2822222222222222,TP
Punjab,Sangrur,2025-10-17,4,43.34,+5d,4.0,1,0.4698452380952379,1,0.2822222222222222,TP
Punjab,Sangrur,2025-10-18,0,0.0,+5d,6.0,1,0.4847380952380952,1,0.2822222222222222,TP
Punjab,Sangrur,2025-10-19,2,8.45,+5d,11.0,1,0.47808928571428566,1,0.2822222222222222,TP
Punjab,Sangrur,2025-10-20,4,19.33,+5d,19.0,1,0.692154761904762,1,0.2822222222222222,TP
Punjab,Sangrur,2025-10-21,10,67.47,+5d,27.0,1,0.8182380952380952,1,0.2822222222222222,TP
Punjab,Sangrur,2025-10-22,4,19.44,+5d,21.0,1,0.7453839285714285,1,0.2822222222222222,TP
Punjab,Sangrur,2025-10-23,6,55.41,+5d,13.0,1,0.8666875000000002,1,0.2822222222222222,TP
Punjab,Sangrur,2025-10-24,11,77.94,+5d,48.0,1,0.8067500000000001,1,0.2822222222222222,TP
Punjab,Sangrur,2025-10-25,19,200.61,+5d,65.0,1,0.8589613095238094,1,0.2822222222222222,TP
Punjab,Sangrur,2025-10-26,27,227.44,+5d,127.0,1,0.8884166666666666,1,0.2822222222222222,TP
Punjab,Sangrur,2025-10-27,21,116.16,+5d,69.0,1,0.9109583333333332,1,0.2822222222222222,TP
Punjab,Sangrur,2025-10-28,13,91.69,+5d,65.0,1,0.9444166666666665,1,0.2822222222222222,TP
Punjab,Sangrur,2025-10-29,48,383.99,+5d,38.0,1,0.964375,1,0.2822222222222222,TP
Punjab,Sangrur,2025-10-30,65,519.6,+5d,62.0,1,0.9668749999999998,1,0.2822222222222222,TP
Punjab,Sangrur,2025-10-31,127,802.9,+5d,22.0,1,0.956,1,0.2822222222222222,TP
Punjab,Sangrur,2025-11-01,69,385.86,+5d,24.0,1,0.8308749999999999,1,0.2822222222222222,TP
Punjab,Sangrur,2025-11-02,65,496.09,+5d,50.0,1,0.8260000000000001,1,0.2822222222222222,TP
Punjab,Sangrur,2025-11-03,38,224.56,+5d,41.0,1,0.80425,1,0.2822222222222222,TP
Punjab,Sangrur,2025-11-04,62,456.91,+5d,37.0,1,0.9019107142857142,1,0.2822222222222222,TP
Punjab,Sangrur,2025-11-05,22,212.23,+5d,24.0,1,0.5707083333333335,1,0.2822222222222222,TP
Punjab,Sangrur,2025-11-06,24,185.22,+5d,19.0,1,0.5494345238095238,1,0.2822222222222222,TP
Punjab,Sangrur,2025-11-07,50,258.85,+5d,3.0,1,0.6599761904761905,1,0.2822222222222222,TP
Punjab,Sangrur,2025-11-08,41,163.3,+5d,7.0,1,0.7265059523809524,1,0.2822222222222222,TP
Punjab,Sangrur,2025-11-09,37,240.81,+5d,6.0,1,0.7371666666666665,1,0.2822222222222222,TP
Punjab,Sangrur,2025-11-10,24,156.23,+5d,2.0,0,0.7625833333333334,1,0.2822222222222222,FP
Punjab,Sangrur,2025-11-11,19,108.34,+5d,0.0,0,0.6633333333333333,1,0.2822222222222222,FP
Punjab,Sangrur,2025-11-12,3,5.16,+5d,3.0,1,0.7070952380952383,1,0.2822222222222222,TP
Punjab,Sangrur,2025-11-13,7,33.92,+5d,0.0,0,0.6954691558441557,1,0.2822222222222222,FP
Punjab,Sangrur,2025-11-14,6,51.3,+5d,0.0,0,0.5893560606060606,1,0.2822222222222222,FP
Punjab,Sangrur,2025-11-15,2,4.51,+5d,1.0,0,0.5196249999999999,1,0.2822222222222222,FP
Punjab,Sangrur,2025-11-16,0,0.0,+5d,0.0,0,0.517797619047619,1,0.2822222222222222,FP
Punjab,Sangrur,2025-11-17,3,8.42,+5d,0.0,0,0.4074136904761905,1,0.2822222222222222,FP
Punjab,Sangrur,2025-11-18,0,0.0,+5d,0.0,0,0.412720238095238,1,0.2822222222222222,FP
Punjab,Sangrur,2025-11-19,0,0.0,+5d,0.0,0,0.22582142857142856,0,0.2822222222222222,TN
Punjab,Sangrur,2025-11-20,1,3.44,+5d,0.0,0,0.24577976190476192,0,0.2822222222222222,TN
Punjab,Sangrur,2025-11-21,0,0.0,+5d,0.0,0,0.20301488095238102,0,0.2822222222222222,TN
Punjab,Sangrur,2025-11-22,0,0.0,+5d,0.0,0,0.14219642857142856,0,0.2822222222222222,TN
Punjab,Sangrur,2025-11-23,0,0.0,+5d,0.0,0,0.16165476190476188,0,0.2822222222222222,TN
Punjab,Shahid Bhagat Singh Nagar,2025-10-15,0,0.0,+5d,0.0,0,0.2439307051425586,0,0.2822222222222222,TN
Punjab,Shahid Bhagat Singh Nagar,2025-10-16,0,0.0,+5d,5.0,1,0.2066991034109569,0,0.2822222222222222,FN
Punjab,Shahid Bhagat Singh Nagar,2025-10-17,1,3.94,+5d,3.0,1,0.30204174783549786,1,0.2822222222222222,TP
Punjab,Shahid Bhagat Singh Nagar,2025-10-18,0,0.0,+5d,0.0,0,0.28639201466636816,1,0.2822222222222222,FP
Punjab,Shahid Bhagat Singh Nagar,2025-10-19,0,0.0,+5d,0.0,0,0.28721211817397163,1,0.2822222222222222,FP
Punjab,Shahid Bhagat Singh Nagar,2025-10-20,0,0.0,+5d,0.0,0,0.2742071578565113,0,0.2822222222222222,TN
Punjab,Shahid Bhagat Singh Nagar,2025-10-21,5,28.2,+5d,1.0,0,0.7688711001642037,1,0.2822222222222222,FP
Punjab,Shahid Bhagat Singh Nagar,2025-10-22,3,9.35,+5d,3.0,1,0.6898198181129218,1,0.2822222222222222,TP
Punjab,Shahid Bhagat Singh Nagar,2025-10-23,0,0.0,+5d,0.0,0,0.5751626984126984,1,0.2822222222222222,FP
Punjab,Shahid Bhagat Singh Nagar,2025-10-24,0,0.0,+5d,1.0,0,0.5343690476190478,1,0.2822222222222222,FP
Punjab,Shahid Bhagat Singh Nagar,2025-10-25,0,0.0,+5d,0.0,0,0.44549610016420366,1,0.2822222222222222,FP
Punjab,Shahid Bhagat Singh Nagar,2025-10-26,1,1.55,+5d,1.0,0,0.4478204365079366,1,0.2822222222222222,FP
Punjab,Shahid Bhagat Singh Nagar,2025-10-27,3,11.89,+5d,6.0,1,0.5245396825396825,1,0.2822222222222222,TP
Punjab,Shahid Bhagat Singh Nagar,2025-10-28,0,0.0,+5d,9.0,1,0.6215654761904761,1,0.2822222222222222,TP
Punjab,Shahid Bhagat Singh Nagar,2025-10-29,1,7.58,+5d,3.0,1,0.6315416666666668,1,0.2822222222222222,TP
Punjab,Shahid Bhagat Singh Nagar,2025-10-30,0,0.0,+5d,3.0,1,0.47509729064039397,1,0.2822222222222222,TP
Punjab,Shahid Bhagat Singh Nagar,2025-10-31,1,2.69,+5d,1.0,0,0.34806845238095235,1,0.2822222222222222,FP
Punjab,Shahid Bhagat Singh Nagar,2025-11-01,6,25.75,+5d,4.0,1,0.7824791666666668,1,0.2822222222222222,TP
Punjab,Shahid Bhagat Singh Nagar,2025-11-02,9,46.72,+5d,3.0,1,0.7818928571428573,1,0.2822222222222222,TP
Punjab,Shahid Bhagat Singh Nagar,2025-11-03,3,7.68,+5d,4.0,1,0.5454940476190476,1,0.2822222222222222,TP
Punjab,Shahid Bhagat Singh Nagar,2025-11-04,3,13.45,+5d,0.0,0,0.6231845238095238,1,0.2822222222222222,FP
Punjab,Shahid Bhagat Singh Nagar,2025-11-05,1,0.97,+5d,0.0,0,0.46214285714285724,1,0.2822222222222222,FP
Punjab,Shahid Bhagat Singh Nagar,2025-11-06,4,11.08,+5d,1.0,0,0.5135000000000002,1,0.2822222222222222,FP
Punjab,Shahid Bhagat Singh Nagar,2025-11-07,3,11.85,+5d,3.0,1,0.43180059523809533,1,0.2822222222222222,TP
Punjab,Shahid Bhagat Singh Nagar,2025-11-08,4,15.3,+5d,3.0,1,0.6301666666666667,1,0.2822222222222222,TP
Punjab,Shahid Bhagat Singh Nagar,2025-11-09,0,0.0,+5d,0.0,0,0.35299107142857145,1,0.2822222222222222,FP
Punjab,Shahid Bhagat Singh Nagar,2025-11-10,0,0.0,+5d,2.0,0,0.29403800366300364,1,0.2822222222222222,FP
Punjab,Shahid Bhagat Singh Nagar,2025-11-11,1,3.51,+5d,2.0,0,0.38296428571428565,1,0.2822222222222222,FP
Punjab,Shahid Bhagat Singh Nagar,2025-11-12,3,10.78,+5d,0.0,0,0.30611309523809527,1,0.2822222222222222,FP
Punjab,Shahid Bhagat Singh Nagar,2025-11-13,3,15.14,+5d,0.0,0,0.5021190476190476,1,0.2822222222222222,FP
Punjab,Shahid Bhagat Singh Nagar,2025-11-14,0,0.0,+5d,3.0,1,0.3222708333333334,1,0.2822222222222222,TP
Punjab,Shahid Bhagat Singh Nagar,2025-11-15,2,5.73,+5d,0.0,0,0.30354166666666665,1,0.2822222222222222,FP
Punjab,Shahid Bhagat Singh Nagar,2025-11-16,2,5.65,+5d,0.0,0,0.26694047619047623,0,0.2822222222222222,TN
Punjab,Shahid Bhagat Singh Nagar,2025-11-17,0,0.0,+5d,0.0,0,0.16085119047619054,0,0.2822222222222222,TN
Punjab,Shahid Bhagat Singh Nagar,2025-11-18,0,0.0,+5d,0.0,0,0.17799404761904772,0,0.2822222222222222,TN
Punjab,Shahid Bhagat Singh Nagar,2025-11-19,3,9.82,+5d,0.0,0,0.2734464285714286,0,0.2822222222222222,TN
Punjab,Shahid Bhagat Singh Nagar,2025-11-20,0,0.0,+5d,0.0,0,0.21631250000000002,0,0.2822222222222222,TN
Punjab,Shahid Bhagat Singh Nagar,2025-11-21,0,0.0,+5d,0.0,0,0.1177202380952381,0,0.2822222222222222,TN
Punjab,Shahid Bhagat Singh Nagar,2025-11-22,0,0.0,+5d,0.0,0,0.15724404761904764,0,0.2822222222222222,TN
Punjab,Shahid Bhagat Singh Nagar,2025-11-23,0,0.0,+5d,0.0,0,0.10458624708624706,0,0.2822222222222222,TN
Punjab,Sri Muktsar Sahib,2025-10-15,0,0.0,+5d,0.0,0,0.3331227002164502,1,0.2822222222222222,FP
Punjab,Sri Muktsar Sahib,2025-10-16,1,5.86,+5d,4.0,1,0.43107142857142855,1,0.2822222222222222,TP
Punjab,Sri Muktsar Sahib,2025-10-17,0,0.0,+5d,10.0,1,0.565779761904762,1,0.2822222222222222,TP
Punjab,Sri Muktsar Sahib,2025-10-18,2,8.21,+5d,1.0,0,0.36217946428571424,1,0.2822222222222222,FP
Punjab,Sri Muktsar Sahib,2025-10-19,2,8.68,+5d,2.0,0,0.552293956043956,1,0.2822222222222222,FP
Punjab,Sri Muktsar Sahib,2025-10-20,0,0.0,+5d,2.0,0,0.5094046272355095,1,0.2822222222222222,FP
Punjab,Sri Muktsar Sahib,2025-10-21,4,17.89,+5d,13.0,1,0.7132062728937728,1,0.2822222222222222,TP
Punjab,Sri Muktsar Sahib,2025-10-22,10,37.72,+5d,0.0,0,0.8385416666666665,1,0.2822222222222222,FP
Punjab,Sri Muktsar Sahib,2025-10-23,1,3.49,+5d,2.0,0,0.5883363095238097,1,0.2822222222222222,FP
Punjab,Sri Muktsar Sahib,2025-10-24,2,16.65,+5d,7.0,1,0.627095238095238,1,0.2822222222222222,TP
Punjab,Sri Muktsar Sahib,2025-10-25,2,7.71,+5d,12.0,1,0.5665595238095239,1,0.2822222222222222,TP
Punjab,Sri Muktsar Sahib,2025-10-26,13,86.17,+5d,17.0,1,0.8395833333333332,1,0.2822222222222222,TP
Punjab,Sri Muktsar Sahib,2025-10-27,0,0.0,+5d,21.0,1,0.6118333333333332,1,0.2822222222222222,TP
Punjab,Sri Muktsar Sahib,2025-10-28,2,11.65,+5d,41.0,1,0.5603809523809522,1,0.2822222222222222,TP
Punjab,Sri Muktsar Sahib,2025-10-29,7,33.11,+5d,12.0,1,0.7212559523809524,1,0.2822222222222222,TP
Punjab,Sri Muktsar Sahib,2025-10-30,12,70.77,+5d,15.0,1,0.932,1,0.2822222222222222,TP
Punjab,Sri Muktsar Sahib,2025-10-31,17,171.26,+5d,29.0,1,0.8967083333333333,1,0.2822222222222222,TP
Punjab,Sri Muktsar Sahib,2025-11-01,21,102.23,+5d,48.0,1,0.8255833333333332,1,0.2822222222222222,TP
Punjab,Sri Muktsar Sahib,2025-11-02,41,334.81,+5d,37.0,1,0.82725,1,0.2822222222222222,TP
Punjab,Sri Muktsar Sahib,2025-11-03,12,70.67999999999999,+5d,25.0,1,0.8761666666666666,1,0.2822222222222222,TP
Punjab,Sri Muktsar Sahib,2025-11-04,15,124.78,+5d,28.0,1,0.8945654761904762,1,0.2822222222222222,TP
Punjab,Sri Muktsar Sahib,2025-11-05,29,173.99,+5d,31.0,1,0.7886190476190477,1,0.2822222222222222,TP
Punjab,Sri Muktsar Sahib,2025-11-06,48,331.47,+5d,39.0,1,0.6356428571428573,1,0.2822222222222222,TP
Punjab,Sri Muktsar Sahib,2025-11-07,37,200.69,+5d,14.0,1,0.7632261904761904,1,0.2822222222222222,TP
Punjab,Sri Muktsar Sahib,2025-11-08,25,149.07999999999998,+5d,21.0,1,0.7838333333333333,1,0.2822222222222222,TP
Punjab,Sri Muktsar Sahib,2025-11-09,28,136.62,+5d,20.0,1,0.8623333333333332,1,0.2822222222222222,TP
Punjab,Sri Muktsar Sahib,2025-11-10,31,131.89,+5d,32.0,1,0.8209166666666665,1,0.2822222222222222,TP
Punjab,Sri Muktsar Sahib,2025-11-11,39,236.67,+5d,28.0,1,0.9040833333333333,1,0.2822222222222222,TP
Punjab,Sri Muktsar Sahib,2025-11-12,14,71.45,+5d,9.0,1,0.793660714285714,1,0.2822222222222222,TP
Punjab,Sri Muktsar Sahib,2025-11-13,21,114.28,+5d,10.0,1,0.8691250000000003,1,0.2822222222222222,TP
Punjab,Sri Muktsar Sahib,2025-11-14,20,110.72,+5d,9.0,1,0.8755357142857143,1,0.2822222222222222,TP
Punjab,Sri Muktsar Sahib,2025-11-15,32,161.38,+5d,8.0,1,0.746452380952381,1,0.2822222222222222,TP
Punjab,Sri Muktsar Sahib,2025-11-16,28,148.9,+5d,4.0,1,0.7667499999999999,1,0.2822222222222222,TP
Punjab,Sri Muktsar Sahib,2025-11-17,9,21.88,+5d,4.0,1,0.7039999999999997,1,0.2822222222222222,TP
Punjab,Sri Muktsar Sahib,2025-11-18,10,38.26,+5d,12.0,1,0.6088571428571431,1,0.2822222222222222,TP
Punjab,Sri Muktsar Sahib,2025-11-19,9,38.03,+5d,0.0,0,0.5694215367965367,1,0.2822222222222222,FP
Punjab,Sri Muktsar Sahib,2025-11-20,8,34.36,+5d,2.0,0,0.2533392857142857,0,0.2822222222222222,TN
Punjab,Sri Muktsar Sahib,2025-11-21,4,16.88,+5d,3.0,1,0.11463988095238097,0,0.2822222222222222,FN
Punjab,Sri Muktsar Sahib,2025-11-22,4,12.72,+5d,7.0,1,0.14776488095238094,0,0.2822222222222222,FN
Punjab,Sri Muktsar Sahib,2025-11-23,12,164.88,+5d,2.0,0,0.30036309523809523,1,0.2822222222222222,FP
Punjab,Tarn Taran,2025-10-15,16,63.69,+5d,34.0,1,0.8514166666666668,1,0.2822222222222222,TP
Punjab,Tarn Taran,2025-10-16,28,119.02,+5d,36.0,1,0.9570000000000002,1,0.2822222222222222,TP
Punjab,Tarn Taran,2025-10-17,21,79.39,+5d,35.0,1,0.9772500000000001,1,0.2822222222222222,TP
Punjab,Tarn Taran,2025-10-18,30,124.33,+5d,21.0,1,0.9723988095238094,1,0.2822222222222222,TP
Punjab,Tarn Taran,2025-10-19,45,228.67,+5d,18.0,1,0.9956666666666668,1,0.2822222222222222,TP
Punjab,Tarn Taran,2025-10-20,34,139.39,+5d,45.0,1,0.9412083333333331,1,0.2822222222222222,TP
Punjab,Tarn Taran,2025-10-21,36,129.44,+5d,62.0,1,0.9684999999999999,1,0.2822222222222222,TP
Punjab,Tarn Taran,2025-10-22,35,183.31,+5d,39.0,1,0.9804166666666667,1,0.2822222222222222,TP
Punjab,Tarn Taran,2025-10-23,21,99.69,+5d,22.0,1,0.9689583333333331,1,0.2822222222222222,TP
Punjab,Tarn Taran,2025-10-24,18,109.0,+5d,54.0,1,0.9711249999999998,1,0.2822222222222222,TP
Punjab,Tarn Taran,2025-10-25,45,224.23,+5d,48.0,1,0.9907916666666666,1,0.2822222222222222,TP
Punjab,Tarn Taran,2025-10-26,62,283.48,+5d,87.0,1,0.9832083333333334,1,0.2822222222222222,TP
Punjab,Tarn Taran,2025-10-27,39,154.78,+5d,71.0,1,0.958875,1,0.2822222222222222,TP
Punjab,Tarn Taran,2025-10-28,22,130.01,+5d,59.0,1,0.9591666666666667,1,0.2822222222222222,TP
Punjab,Tarn Taran,2025-10-29,54,438.06,+5d,33.0,1,0.9925,1,0.2822222222222222,TP
Punjab,Tarn Taran,2025-10-30,48,232.45,+5d,63.0,1,0.9879166666666666,1,0.2822222222222222,TP
Punjab,Tarn Taran,2025-10-31,87,391.43,+5d,5.0,1,0.9832500000000001,1,0.2822222222222222,TP
Punjab,Tarn Taran,2025-11-01,71,330.73,+5d,44.0,1,0.9142916666666667,1,0.2822222222222222,TP
Punjab,Tarn Taran,2025-11-02,59,307.36,+5d,29.0,1,0.8548928571428571,1,0.2822222222222222,TP
Punjab,Tarn Taran,2025-11-03,33,138.16,+5d,31.0,1,0.8646011904761903,1,0.2822222222222222,TP
Punjab,Tarn Taran,2025-11-04,63,392.89,+5d,41.0,1,0.9451666666666665,1,0.2822222222222222,TP
Punjab,Tarn Taran,2025-11-05,5,15.96,+5d,58.0,1,0.7278452380952379,1,0.2822222222222222,TP
Punjab,Tarn Taran,2025-11-06,44,172.83,+5d,48.0,1,0.6045416666666665,1,0.2822222222222222,TP
Punjab,Tarn Taran,2025-11-07,29,157.01,+5d,18.0,1,0.6012261904761905,1,0.2822222222222222,TP
Punjab,Tarn Taran,2025-11-08,31,146.95,+5d,17.0,1,0.8655773809523811,1,0.2822222222222222,TP
Punjab,Tarn Taran,2025-11-09,41,243.63,+5d,23.0,1,0.7790773809523808,1,0.2822222222222222,TP
Punjab,Tarn Taran,2025-11-10,58,351.23,+5d,12.0,1,0.8949940476190477,1,0.2822222222222222,TP
Punjab,Tarn Taran,2025-11-11,48,221.82,+5d,12.0,1,0.6854642857142855,1,0.2822222222222222,TP
Punjab,Tarn Taran,2025-11-12,18,70.46000000000001,+5d,5.0,1,0.6157619047619047,1,0.2822222222222222,TP
Punjab,Tarn Taran,2025-11-13,17,79.45,+5d,3.0,1,0.7076607142857141,1,0.2822222222222222,TP
Punjab,Tarn Taran,2025-11-14,23,97.54,+5d,0.0,0,0.6898143939393938,1,0.2822222222222222,FP
Punjab,Tarn Taran,2025-11-15,12,45.89,+5d,3.0,1,0.6451060606060605,1,0.2822222222222222,TP
Punjab,Tarn Taran,2025-11-16,12,50.37,+5d,4.0,1,0.585564393939394,1,0.2822222222222222,TP
Punjab,Tarn Taran,2025-11-17,5,19.08,+5d,2.0,0,0.6175524891774891,1,0.2822222222222222,FP
Punjab,Tarn Taran,2025-11-18,3,8.22,+5d,0.0,0,0.49970833333333353,1,0.2822222222222222,FP
Punjab,Tarn Taran,2025-11-19,0,0.0,+5d,0.0,0,0.3713214285714285,1,0.2822222222222222,FP
Punjab,Tarn Taran,2025-11-20,3,13.18,+5d,0.0,0,0.2570416666666667,0,0.2822222222222222,TN
Punjab,Tarn Taran,2025-11-21,4,29.09,+5d,0.0,0,0.32910119047619046,1,0.2822222222222222,FP
Punjab,Tarn Taran,2025-11-22,2,6.27,+5d,0.0,0,0.2921666666666667,1,0.2822222222222222,FP
Punjab,Tarn Taran,2025-11-23,0,0.0,+5d,0.0,0,0.21730654761904755,0,0.2822222222222222,TN
